0	0
0.02	1.32497E-11
0.04	9.70995E-11
0.06	3.21863E-10
0.08	7.57483E-10
0.1	1.47349E-09
0.12	2.5389E-09
0.14	4.02218E-09
0.16	5.99119E-09
0.18	8.51314E-09
0.2	1.16545E-08
0.22	1.54807E-08
0.24	2.00545E-08
0.26	2.54293E-08
0.28	3.1635E-08
0.3	3.8663E-08
0.32	4.64741E-08
0.34	5.50319E-08
0.36	6.43132E-08
0.38	7.42866E-08
0.4	8.49189E-08
0.42	9.61815E-08
0.44	1.08038E-07
0.46	1.20454E-07
0.48	1.33399E-07
0.5	1.46837E-07
0.52	1.60733E-07
0.54	1.75046E-07
0.56	1.89736E-07
0.58	2.04764E-07
0.6	2.20092E-07
0.62	2.35677E-07
0.64	2.51463E-07
0.66	2.67376E-07
0.68	2.83319E-07
0.7	2.99181E-07
0.72	3.14859E-07
0.74	3.30269E-07
0.76	3.45335E-07
0.78	3.59981E-07
0.8	3.74139E-07
0.82	3.87753E-07
0.84	4.00778E-07
0.86	4.13164E-07
0.88	4.24874E-07
0.9	4.35873E-07
0.92	4.46129E-07
0.94	4.55619E-07
0.96	4.64322E-07
0.98	4.72222E-07
1	4.79305E-07
1.02	4.85561E-07
1.04	4.90987E-07
1.06	4.95585E-07
1.08	4.9936E-07
1.1	5.02317E-07
1.12	5.04471E-07
1.14	5.05846E-07
1.16	5.0648E-07
1.18	5.06434E-07
1.2	5.05782E-07
1.22	5.04605E-07
1.24	5.02976E-07
1.26	5.00958E-07
1.28	4.98601E-07
1.3	4.95961E-07
1.32	4.93089E-07
1.34	4.90033E-07
1.36	4.8683E-07
1.38	4.83517E-07
1.4	4.80132E-07
1.42	4.76712E-07
1.44	4.7329E-07
1.46	4.69898E-07
1.48	4.66564E-07
1.5	4.63313E-07
1.52	4.60177E-07
1.54	4.57198E-07
1.56	4.54425E-07
1.58	4.51906E-07
1.6	4.49684E-07
1.62	4.47788E-07
1.64	4.4623E-07
1.66	4.4501E-07
1.68	4.44117E-07
1.7	4.43538E-07
1.72	4.43251E-07
1.74	4.43222E-07
1.76	4.43413E-07
1.78	4.4379E-07
1.8	4.44313E-07
1.82	4.44936E-07
1.84	4.45611E-07
1.86	4.46289E-07
1.88	4.46921E-07
1.9	4.47455E-07
1.92	4.47839E-07
1.94	4.48016E-07
1.96	4.47929E-07
1.98	4.4752E-07
2	4.46733E-07
2.02	4.45508E-07
2.04	4.43774E-07
2.06	4.41456E-07
2.08	4.38473E-07
2.1	4.34747E-07
2.12	4.30207E-07
2.14	4.24798E-07
2.16	4.18476E-07
2.18	4.11207E-07
2.2	4.02963E-07
2.22	3.93718E-07
2.24	3.83454E-07
2.26	3.72161E-07
2.28	3.59831E-07
2.3	3.46455E-07
2.32	3.32025E-07
2.34	3.16538E-07
2.36	2.99996E-07
2.38	2.82402E-07
2.4	2.63756E-07
2.42	2.44054E-07
2.44	2.23291E-07
2.46	2.0146E-07
2.48	1.78563E-07
2.5	1.54612E-07
2.52	1.29631E-07
2.54	1.03652E-07
2.56	7.67145E-08
2.58	4.88634E-08
2.6	2.0143E-08
2.62	-9.402E-09
2.64	-3.9725E-08
2.66	-7.07809E-08
2.68	-1.02528E-07
2.7	-1.34929E-07
2.72	-1.67947E-07
2.74	-2.01546E-07
2.76	-2.35695E-07
2.78	-2.70366E-07
2.8	-3.05535E-07
2.82	-3.41178E-07
2.84	-3.77273E-07
2.86	-4.13803E-07
2.88	-4.50754E-07
2.9	-4.88114E-07
2.92	-5.25869E-07
2.94	-5.64008E-07
2.96	-6.02515E-07
2.98	-6.41384E-07
3	-6.80617E-07
3.02	-7.2023E-07
3.04	-7.6025E-07
3.06	-8.00709E-07
3.08	-8.41651E-07
3.1	-8.83118E-07
3.12	-9.25158E-07
3.14	-9.67818E-07
3.16	-1.01115E-06
3.18	-1.0552E-06
3.2	-1.10002E-06
3.22	-1.14566E-06
3.24	-1.19215E-06
3.26	-1.23956E-06
3.28	-1.28792E-06
3.3	-1.33727E-06
3.32	-1.38767E-06
3.34	-1.43913E-06
3.36	-1.4917E-06
3.38	-1.54543E-06
3.4	-1.60036E-06
3.42	-1.65656E-06
3.44	-1.71408E-06
3.46	-1.77298E-06
3.48	-1.8333E-06
3.5	-1.8951E-06
3.52	-1.95842E-06
3.54	-2.0233E-06
3.56	-2.08977E-06
3.58	-2.15786E-06
3.6	-2.22759E-06
3.62	-2.29899E-06
3.64	-2.37205E-06
3.66	-2.44681E-06
3.68	-2.52324E-06
3.7	-2.60138E-06
3.72	-2.6812E-06
3.74	-2.76271E-06
3.76	-2.84591E-06
3.78	-2.93078E-06
3.8	-3.01732E-06
3.82	-3.10552E-06
3.84	-3.19537E-06
3.86	-3.28685E-06
3.88	-3.37996E-06
3.9	-3.47466E-06
3.92	-3.57092E-06
3.94	-3.6687E-06
3.96	-3.76797E-06
3.98	-3.86869E-06
4	-3.97082E-06
4.02	-4.07433E-06
4.04	-4.1792E-06
4.06	-4.2854E-06
4.08	-4.39291E-06
4.1	-4.50171E-06
4.12	-4.6118E-06
4.14	-4.72316E-06
4.16	-4.83579E-06
4.18	-4.94969E-06
4.2	-5.06485E-06
4.22	-5.18128E-06
4.24	-5.29899E-06
4.26	-5.41797E-06
4.28	-5.53824E-06
4.3	-5.65978E-06
4.32	-5.7826E-06
4.34	-5.9067E-06
4.36	-6.03209E-06
4.38	-6.15878E-06
4.4	-6.28679E-06
4.42	-6.41615E-06
4.44	-6.54688E-06
4.46	-6.67901E-06
4.48	-6.81258E-06
4.5	-6.94764E-06
4.52	-7.08421E-06
4.54	-7.22235E-06
4.56	-7.36209E-06
4.58	-7.50348E-06
4.6	-7.64656E-06
4.62	-7.79138E-06
4.64	-7.93797E-06
4.66	-8.08639E-06
4.68	-8.23665E-06
4.7	-8.38882E-06
4.72	-8.54292E-06
4.74	-8.69898E-06
4.76	-8.85705E-06
4.78	-9.01717E-06
4.8	-9.17937E-06
4.82	-9.3437E-06
4.84	-9.51019E-06
4.86	-9.67887E-06
4.88	-9.84978E-06
4.9	-1.00229E-05
4.92	-1.01983E-05
4.94	-1.0376E-05
4.96	-1.0556E-05
4.98	-1.07382E-05
5	-1.09228E-05
5.02	-1.11095E-05
5.04	-1.12986E-05
5.06	-1.14899E-05
5.08	-1.16834E-05
5.1	-1.18792E-05
5.12	-1.20772E-05
5.14	-1.22773E-05
5.16	-1.24797E-05
5.18	-1.26842E-05
5.2	-1.28908E-05
5.22	-1.30997E-05
5.24	-1.33106E-05
5.26	-1.35236E-05
5.28	-1.37388E-05
5.3	-1.3956E-05
5.32	-1.41752E-05
5.34	-1.43964E-05
5.36	-1.46196E-05
5.38	-1.48448E-05
5.4	-1.50718E-05
5.42	-1.53008E-05
5.44	-1.55316E-05
5.46	-1.57642E-05
5.48	-1.59987E-05
5.5	-1.62349E-05
5.52	-1.6473E-05
5.54	-1.67128E-05
5.56	-1.69544E-05
5.58	-1.71978E-05
5.6	-1.74429E-05
5.62	-1.76897E-05
5.64	-1.79383E-05
5.66	-1.81887E-05
5.68	-1.84408E-05
5.7	-1.86946E-05
5.72	-1.89502E-05
5.74	-1.92075E-05
5.76	-1.94665E-05
5.78	-1.97273E-05
5.8	-1.99899E-05
5.82	-2.02543E-05
5.84	-2.05206E-05
5.86	-2.07886E-05
5.88	-2.10586E-05
5.9	-2.13304E-05
5.92	-2.16041E-05
5.94	-2.18798E-05
5.96	-2.21575E-05
5.98	-2.24371E-05
6	-2.27187E-05
6.02	-2.30023E-05
6.04	-2.32879E-05
6.06	-2.35755E-05
6.08	-2.38652E-05
6.1	-2.41568E-05
6.12	-2.44505E-05
6.14	-2.47462E-05
6.16	-2.5044E-05
6.18	-2.53438E-05
6.2	-2.56456E-05
6.22	-2.59495E-05
6.24	-2.62553E-05
6.26	-2.65633E-05
6.28	-2.68732E-05
6.3	-2.71851E-05
6.32	-2.7499E-05
6.34	-2.78149E-05
6.36	-2.81327E-05
6.38	-2.84525E-05
6.4	-2.87741E-05
6.42	-2.90975E-05
6.44	-2.94228E-05
6.46	-2.97498E-05
6.48	-3.00786E-05
6.5	-3.0409E-05
6.52	-3.07411E-05
6.54	-3.10747E-05
6.56	-3.141E-05
6.58	-3.17467E-05
6.6	-3.20849E-05
6.62	-3.24245E-05
6.64	-3.27655E-05
6.66	-3.31078E-05
6.68	-3.34514E-05
6.7	-3.37961E-05
6.72	-3.4142E-05
6.74	-3.4489E-05
6.76	-3.4837E-05
6.78	-3.51859E-05
6.8	-3.55358E-05
6.82	-3.58866E-05
6.84	-3.62382E-05
6.86	-3.65906E-05
6.88	-3.69437E-05
6.9	-3.72975E-05
6.92	-3.7652E-05
6.94	-3.80071E-05
6.96	-3.83628E-05
6.98	-3.8719E-05
7	-3.90758E-05
7.02	-3.9433E-05
7.04	-3.97907E-05
7.06	-4.01488E-05
7.08	-4.05073E-05
7.1	-4.0866E-05
7.12	-4.12251E-05
7.14	-4.15844E-05
7.16	-4.19439E-05
7.18	-4.23036E-05
7.2	-4.26635E-05
7.22	-4.30235E-05
7.24	-4.33835E-05
7.26	-4.37436E-05
7.28	-4.41038E-05
7.3	-4.44639E-05
7.32	-4.4824E-05
7.34	-4.5184E-05
7.36	-4.55438E-05
7.38	-4.59035E-05
7.4	-4.6263E-05
7.42	-4.66222E-05
7.44	-4.69811E-05
7.46	-4.73397E-05
7.48	-4.76978E-05
7.5	-4.80555E-05
7.52	-4.84127E-05
7.54	-4.87693E-05
7.56	-4.91252E-05
7.58	-4.94804E-05
7.6	-4.98349E-05
7.62	-5.01885E-05
7.64	-5.05412E-05
7.66	-5.08929E-05
7.68	-5.12435E-05
7.7	-5.1593E-05
7.72	-5.19413E-05
7.74	-5.22882E-05
7.76	-5.26336E-05
7.78	-5.29776E-05
7.8	-5.33199E-05
7.82	-5.36604E-05
7.84	-5.39991E-05
7.86	-5.43359E-05
7.88	-5.46706E-05
7.9	-5.50032E-05
7.92	-5.53335E-05
7.94	-5.56614E-05
7.96	-5.59868E-05
7.98	-5.63096E-05
8	-5.66298E-05
8.02	-5.69471E-05
8.04	-5.72615E-05
8.06	-5.75729E-05
8.08	-5.78811E-05
8.1	-5.8186E-05
8.12	-5.84875E-05
8.14	-5.87855E-05
8.16	-5.90799E-05
8.18	-5.93705E-05
8.2	-5.96573E-05
8.22	-5.99401E-05
8.24	-6.02187E-05
8.26	-6.04932E-05
8.28	-6.07633E-05
8.3	-6.10289E-05
8.32	-6.129E-05
8.34	-6.15464E-05
8.36	-6.17981E-05
8.38	-6.20448E-05
8.4	-6.22865E-05
8.42	-6.2523E-05
8.44	-6.27543E-05
8.46	-6.29802E-05
8.48	-6.32007E-05
8.5	-6.34155E-05
8.52	-6.36245E-05
8.54	-6.38277E-05
8.56	-6.4025E-05
8.58	-6.42161E-05
8.6	-6.44011E-05
8.62	-6.45797E-05
8.64	-6.47519E-05
8.66	-6.49175E-05
8.68	-6.50764E-05
8.7	-6.52284E-05
8.72	-6.53735E-05
8.74	-6.55115E-05
8.76	-6.56423E-05
8.78	-6.57657E-05
8.8	-6.58815E-05
8.82	-6.59897E-05
8.84	-6.60901E-05
8.86	-6.61824E-05
8.88	-6.62667E-05
8.9	-6.63426E-05
8.92	-6.64101E-05
8.94	-6.64689E-05
8.96	-6.6519E-05
8.98	-6.65601E-05
9	-6.65921E-05
9.02	-6.66148E-05
9.04	-6.6628E-05
9.06	-6.66316E-05
9.08	-6.66253E-05
9.1	-6.66091E-05
9.12	-6.65826E-05
9.14	-6.65457E-05
9.16	-6.64982E-05
9.18	-6.64399E-05
9.2	-6.63706E-05
9.22	-6.62902E-05
9.24	-6.61983E-05
9.26	-6.60949E-05
9.28	-6.59797E-05
9.3	-6.58524E-05
9.32	-6.5713E-05
9.34	-6.55611E-05
9.36	-6.53966E-05
9.38	-6.52193E-05
9.4	-6.50289E-05
9.42	-6.48253E-05
9.44	-6.46082E-05
9.46	-6.43774E-05
9.48	-6.41328E-05
9.5	-6.3874E-05
9.52	-6.36008E-05
9.54	-6.33131E-05
9.56	-6.30107E-05
9.58	-6.26932E-05
9.6	-6.23606E-05
9.62	-6.20125E-05
9.64	-6.16488E-05
9.66	-6.12693E-05
9.68	-6.08737E-05
9.7	-6.04619E-05
9.72	-6.00336E-05
9.74	-5.95886E-05
9.76	-5.91266E-05
9.78	-5.86476E-05
9.8	-5.81512E-05
9.82	-5.76372E-05
9.84	-5.71055E-05
9.86	-5.65557E-05
9.88	-5.59877E-05
9.9	-5.54013E-05
9.92	-5.47961E-05
9.94	-5.41721E-05
9.96	-5.35289E-05
9.98	-5.28663E-05
10	-5.21842E-05
10.02	-5.14822E-05
10.04	-5.07602E-05
10.06	-5.00179E-05
10.08	-4.92551E-05
10.1	-4.84715E-05
10.12	-4.76669E-05
10.14	-4.68411E-05
10.16	-4.59937E-05
10.18	-4.51247E-05
10.2	-4.42336E-05
10.22	-4.33204E-05
10.24	-4.23846E-05
10.26	-4.14261E-05
10.28	-4.04446E-05
10.3	-3.94398E-05
10.32	-3.84116E-05
10.34	-3.73595E-05
10.36	-3.62834E-05
10.38	-3.51831E-05
10.4	-3.40581E-05
10.42	-3.29083E-05
10.44	-3.17334E-05
10.46	-3.05331E-05
10.48	-2.93072E-05
10.5	-2.80553E-05
10.52	-2.67772E-05
10.54	-2.54726E-05
10.56	-2.41413E-05
10.58	-2.27829E-05
10.6	-2.13972E-05
10.62	-1.99838E-05
10.64	-1.85426E-05
10.66	-1.70732E-05
10.68	-1.55754E-05
10.7	-1.40488E-05
10.72	-1.24933E-05
10.74	-1.09084E-05
10.76	-9.29403E-06
10.78	-7.64982E-06
10.8	-5.9755E-06
10.82	-4.27079E-06
10.84	-2.53544E-06
10.86	-7.69149E-07
10.88	1.02834E-06
10.9	2.85731E-06
10.92	4.71802E-06
10.94	6.61076E-06
10.96	8.53577E-06
10.98	1.04933E-05
11	1.24837E-05
11.02	1.45072E-05
11.04	1.6564E-05
11.06	1.86545E-05
11.08	2.07788E-05
11.1	2.29372E-05
11.12	2.513E-05
11.14	2.73575E-05
11.16	2.96198E-05
11.18	3.19173E-05
11.2	3.42503E-05
11.22	3.66188E-05
11.24	3.90233E-05
11.26	4.1464E-05
11.28	4.3941E-05
11.3	4.64548E-05
11.32	4.90054E-05
11.34	5.15932E-05
11.36	5.42184E-05
11.38	5.68812E-05
11.4	5.95818E-05
11.42	6.23207E-05
11.44	6.50978E-05
11.46	6.79136E-05
11.48	7.07682E-05
11.5	7.36619E-05
11.52	7.65948E-05
11.54	7.95674E-05
11.56	8.25797E-05
11.58	8.5632E-05
11.6	8.87246E-05
11.62	9.18577E-05
11.64	9.50315E-05
11.66	9.82462E-05
11.68	0.000101502
11.7	0.000104799
11.72	0.000108138
11.74	0.000111519
11.76	0.000114942
11.78	0.000118407
11.8	0.000121915
11.82	0.000125465
11.84	0.000129058
11.86	0.000132694
11.88	0.000136374
11.9	0.000140097
11.92	0.000143864
11.94	0.000147674
11.96	0.000151529
11.98	0.000155428
12	0.000159371
12.02	0.000163359
12.04	0.000167392
12.06	0.00017147
12.08	0.000175593
12.1	0.000179761
12.12	0.000183974
12.14	0.000188234
12.16	0.000192538
12.18	0.000196889
12.2	0.000201285
12.22	0.000205728
12.24	0.000210217
12.26	0.000214752
12.28	0.000219334
12.3	0.000223962
12.32	0.000228636
12.34	0.000233358
12.36	0.000238126
12.38	0.000242941
12.4	0.000247803
12.42	0.000252712
12.44	0.000257668
12.46	0.00026267
12.48	0.00026772
12.5	0.000272818
12.52	0.000277962
12.54	0.000283153
12.56	0.000288392
12.58	0.000293678
12.6	0.000299011
12.62	0.000304391
12.64	0.000309818
12.66	0.000315293
12.68	0.000320814
12.7	0.000326383
12.72	0.000331998
12.74	0.000337661
12.76	0.00034337
12.78	0.000349126
12.8	0.000354929
12.82	0.000360778
12.84	0.000366674
12.86	0.000372617
12.88	0.000378606
12.9	0.00038464
12.92	0.000390721
12.94	0.000396848
12.96	0.000403021
12.98	0.000409239
13	0.000415503
13.02	0.000421811
13.04	0.000428165
13.06	0.000434564
13.08	0.000441007
13.1	0.000447495
13.12	0.000454027
13.14	0.000460603
13.16	0.000467223
13.18	0.000473886
13.2	0.000480592
13.22	0.000487341
13.24	0.000494132
13.26	0.000500966
13.28	0.000507842
13.3	0.000514759
13.32	0.000521717
13.34	0.000528717
13.36	0.000535757
13.38	0.000542837
13.4	0.000549956
13.42	0.000557115
13.44	0.000564313
13.46	0.000571549
13.48	0.000578823
13.5	0.000586135
13.52	0.000593483
13.54	0.000600868
13.56	0.000608289
13.58	0.000615745
13.6	0.000623236
13.62	0.000630761
13.64	0.00063832
13.66	0.000645911
13.68	0.000653536
13.7	0.000661192
13.72	0.000668879
13.74	0.000676597
13.76	0.000684344
13.78	0.00069212
13.8	0.000699925
13.82	0.000707758
13.84	0.000715617
13.86	0.000723502
13.88	0.000731413
13.9	0.000739348
13.92	0.000747306
13.94	0.000755287
13.96	0.000763291
13.98	0.000771315
14	0.000779359
14.02	0.000787423
14.04	0.000795504
14.06	0.000803603
14.08	0.000811718
14.1	0.000819849
14.12	0.000827993
14.14	0.000836151
14.16	0.000844321
14.18	0.000852502
14.2	0.000860693
14.22	0.000868893
14.24	0.0008771
14.26	0.000885314
14.28	0.000893533
14.3	0.000901756
14.32	0.000909982
14.34	0.00091821
14.36	0.000926438
14.38	0.000934665
14.4	0.00094289
14.42	0.000951111
14.44	0.000959327
14.46	0.000967536
14.48	0.000975738
14.5	0.00098393
14.52	0.000992112
14.54	0.001000281
14.56	0.001008437
14.58	0.001016577
14.6	0.0010247
14.62	0.001032805
14.64	0.00104089
14.66	0.001048953
14.68	0.001056993
14.7	0.001065007
14.72	0.001072995
14.74	0.001080954
14.76	0.001088883
14.78	0.001096779
14.8	0.001104642
14.82	0.001112468
14.84	0.001120257
14.86	0.001128006
14.88	0.001135714
14.9	0.001143378
14.92	0.001150996
14.94	0.001158567
14.96	0.001166088
14.98	0.001173557
15	0.001181623
15.02	0.001191334
15.04	0.001199385
15.06	0.001208522
15.08	0.001215568
15.1	0.001223663
15.12	0.001228955
15.14	0.001234886
15.16	0.001236042
15.18	0.001234667
15.2	0.001213272
15.22	0.001138216
15.24	0.0009634
15.26	0.000755966
15.28	0.000556578
15.3	0.000426256
15.32	0.000412461
15.34	0.000497459
15.36	0.000585144
15.38	0.000608819
15.4	0.00061162
15.42	0.000658195
15.44	0.000821648
15.46	0.001081286
15.48	0.001374041
15.5	0.00163852
15.52	0.001768764
15.54	0.001663378
15.56	0.001293259
15.58	0.00062822
15.6	-0.000282099
15.62	-0.001308417
15.64	-0.002182936
15.66	-0.002882502
15.68	-0.003517887
15.7	-0.004171519
15.72	-0.004835674
15.74	-0.005395973
15.76	-0.005590126
15.78	-0.005339902
15.8	-0.004631305
15.82	-0.003504291
15.84	-0.002025611
15.86	-0.000258203
15.88	0.001722678
15.9	0.003848215
15.92	0.005997272
15.94	0.008113487
15.96	0.010195679
15.98	0.012290628
16	0.014326739
16.02	0.016123311
16.04	0.017487166
16.06	0.018317439
16.08	0.018537892
16.1	0.018159698
16.12	0.017151617
16.14	0.0155225
16.16	0.013248921
16.18	0.010448572
16.2	0.007145838
16.22	0.003361491
16.24	-0.000924879
16.26	-0.005634391
16.28	-0.010664282
16.3	-0.015938371
16.32	-0.021384882
16.34	-0.026835313
16.36	-0.032224634
16.38	-0.037405427
16.4	-0.042220956
16.42	-0.046570002
16.44	-0.050517169
16.46	-0.054072238
16.48	-0.057296499
16.5	-0.060154265
16.52	-0.062547613
16.54	-0.064380151
16.56	-0.065641729
16.58	-0.066378084
16.6	-0.066813033
16.62	-0.067129868
16.64	-0.067493163
16.66	-0.067933455
16.68	-0.06839833
16.7	-0.068798054
16.72	-0.069055108
16.74	-0.069134144
16.76	-0.069169058
16.78	-0.069334198
16.8	-0.069783104
16.82	-0.070607234
16.84	-0.071665809
16.86	-0.07255742
16.88	-0.072970431
16.9	-0.072925112
16.92	-0.07218791
16.94	-0.070579855
16.96	-0.0680382
16.98	-0.064436289
17	-0.05977217
17.02	-0.053943414
17.04	-0.046898744
17.06	-0.038628385
17.08	-0.029154263
17.1	-0.018618384
17.12	-0.007290814
17.14	0.004309546
17.16	0.01568692
17.18	0.026735288
17.2	0.037260681
17.22	0.047198065
17.24	0.056184964
17.26	0.063889464
17.28	0.069864129
17.3	0.073938432
17.32	0.076082139
17.34	0.076250084
17.36	0.074575137
17.38	0.071357634
17.4	0.067247211
17.42	0.062985561
17.44	0.058564055
17.46	0.05405398
17.48	0.049267619
17.5	0.044098751
17.52	0.038258973
17.54	0.031362837
17.56	0.023163065
17.58	0.013810868
17.6	0.003927219
17.62	-0.006201615
17.64	-0.01618855
17.66	-0.025022776
17.68	-0.03231562
17.7	-0.037943499
17.72	-0.041833489
17.74	-0.044106909
17.76	-0.044692355
17.78	-0.043318302
17.8	-0.039419086
17.82	-0.03285629
17.84	-0.023848989
17.86	-0.013135377
17.88	-0.001136047
17.9	0.01178166
17.92	0.025234891
17.94	0.039158022
17.96	0.053714572
17.98	0.068879556
18	0.084584008
18.02	0.100499397
18.04	0.116627058
18.06	0.132830545
18.08	0.149041138
18.1	0.165072477
18.12	0.180925326
18.14	0.196554975
18.16	0.211767623
18.18	0.226034922
18.2	0.239028566
18.22	0.250402785
18.24	0.260268261
18.26	0.268671964
18.28	0.275694771
18.3	0.281130096
18.32	0.284993062
18.34	0.28733439
18.36	0.288455083
18.38	0.288265384
18.4	0.286680026
18.42	0.283615517
18.44	0.279100957
18.46	0.272978831
18.48	0.265365978
18.5	0.256019469
18.52	0.244851702
18.54	0.231733531
18.56	0.217184401
18.58	0.202145681
18.6	0.186939927
18.62	0.171553535
18.64	0.156154316
18.66	0.140929987
18.68	0.126382149
18.7	0.112644974
18.72	0.099604097
18.74	0.087329633
18.76	0.075807096
18.78	0.065209982
18.8	0.055430163
18.82	0.046407169
18.84	0.03836747
18.86	0.031362454
18.88	0.025329447
18.9	0.020357821
18.92	0.016503107
18.94	0.013775131
18.96	0.011936046
18.98	0.01078783
19	0.010301153
19.02	0.010573271
19.04	0.011549238
19.06	0.013097151
19.08	0.014910514
19.1	0.016913618
19.12	0.018291551
19.14	0.018847743
19.16	0.018231473
19.18	0.016173081
19.2	0.012646817
19.22	0.008191855
19.24	0.002844427
19.26	-0.003191336
19.28	-0.009984896
19.3	-0.017356941
19.32	-0.025373121
19.34	-0.034044987
19.36	-0.043561905
19.38	-0.053691491
19.4	-0.064231963
19.42	-0.075098432
19.44	-0.086281976
19.46	-0.097581323
19.48	-0.109092678
19.5	-0.120834731
19.52	-0.132934814
19.54	-0.145169906
19.56	-0.157170361
19.58	-0.168196662
19.6	-0.178077983
19.62	-0.186832345
19.64	-0.194587877
19.66	-0.201315935
19.68	-0.206799833
19.7	-0.210985277
19.72	-0.213972377
19.74	-0.215858334
19.76	-0.216711281
19.78	-0.21676721
19.8	-0.21627842
19.82	-0.215593002
19.84	-0.214935572
19.86	-0.214415928
19.88	-0.213709818
19.9	-0.212196845
19.92	-0.209453968
19.94	-0.205877142
19.96	-0.201614073
19.98	-0.196960259
20	-0.192079539
20.02	-0.187246271
20.04	-0.182634354
20.06	-0.17874211
20.08	-0.174802534
20.1	-0.170560189
20.12	-0.166112434
20.14	-0.161734893
20.16	-0.157286872
20.18	-0.152725756
20.2	-0.14760127
20.22	-0.14204994
20.24	-0.135847878
20.26	-0.128843413
20.28	-0.120904012
20.3	-0.112258732
20.32	-0.103124001
20.34	-0.093267746
20.36	-0.082105305
20.38	-0.069799712
20.4	-0.056624433
20.42	-0.042443574
20.44	-0.027315689
20.46	-0.011442738
20.48	0.004930246
20.5	0.021599409
20.52	0.038750391
20.54	0.056243394
20.56	0.073904475
20.58	0.091320289
20.6	0.108037119
20.62	0.123744044
20.64	0.138183212
20.66	0.151263829
20.68	0.163068716
20.7	0.17377542
20.72	0.183605122
20.74	0.192331762
20.76	0.199591489
20.78	0.205187482
20.8	0.209094961
20.82	0.211457714
20.84	0.212165989
20.86	0.211099404
20.88	0.208274604
20.9	0.203912657
20.92	0.198106069
20.94	0.190916646
20.96	0.18229935
20.98	0.172315317
21	0.161094202
21.02	0.148828592
21.04	0.135917085
21.06	0.123248793
21.08	0.110761604
21.1	0.098420081
21.12	0.086236263
21.14	0.074506273
21.16	0.063337023
21.18	0.052733681
21.2	0.042718645
21.22	0.033431176
21.24	0.024989464
21.26	0.017530746
21.28	0.011069037
21.3	0.005522967
21.32	0.001079522
21.34	-0.001976806
21.36	-0.003784991
21.38	-0.004480077
21.4	-0.004314518
21.42	-0.003618819
21.44	-0.002514008
21.46	-0.001110466
21.48	0.000677451
21.5	0.002845427
21.52	0.005334649
21.54	0.007902423
21.56	0.010010003
21.58	0.011547718
21.6	0.012628151
21.62	0.013358926
21.64	0.013797595
21.66	0.014126821
21.68	0.014578984
21.7	0.015239579
21.72	0.015989226
21.74	0.016702859
21.76	0.017334755
21.78	0.017887105
21.8	0.018578414
21.82	0.019797901
21.84	0.021672239
21.86	0.024344737
21.88	0.027782829
21.9	0.031894661
21.92	0.036603927
21.94	0.041830506
21.96	0.047265433
21.98	0.052729973
22	0.058063001
22.02	0.063013559
22.04	0.067339245
22.06	0.070871891
22.08	0.073402536
22.1	0.075058973
22.12	0.076103164
22.14	0.076775383
22.16	0.07708399
22.18	0.076955147
22.2	0.076350672
22.22	0.075347139
22.24	0.074031576
22.26	0.07246032
22.28	0.07057422
22.3	0.068354775
22.32	0.066157161
22.34	0.063901581
22.36	0.061468526
22.38	0.058815325
22.4	0.056012898
22.42	0.053072688
22.44	0.050079641
22.46	0.047166929
22.48	0.044341911
22.5	0.041232688
22.52	0.037671494
22.54	0.03360694
22.56	0.029112719
22.58	0.02423638
22.6	0.019095177
22.62	0.013754758
22.64	0.008224261
22.66	0.002411694
22.68	-0.003642087
22.7	-0.009956194
22.72	-0.016439135
22.74	-0.022985702
22.76	-0.029356039
22.78	-0.03536564
22.8	-0.04091913
22.82	-0.046072988
22.84	-0.050976257
22.86	-0.055930104
22.88	-0.061064385
22.9	-0.066439006
22.92	-0.072017049
22.94	-0.077865428
22.96	-0.084039559
22.98	-0.090571039
23	-0.097334364
23.02	-0.104275563
23.04	-0.111184708
23.06	-0.117914233
23.08	-0.124199624
23.1	-0.129952368
23.12	-0.134989467
23.14	-0.139292898
23.16	-0.142800484
23.18	-0.145674549
23.2	-0.147952752
23.22	-0.149488556
23.24	-0.150049401
23.26	-0.149655671
23.28	-0.148374825
23.3	-0.146288587
23.32	-0.143407272
23.34	-0.139668405
23.36	-0.13489533
23.38	-0.129022097
23.4	-0.121964431
23.42	-0.113769857
23.44	-0.104310817
23.46	-0.09360113
23.48	-0.081750994
23.5	-0.068998711
23.52	-0.055952445
23.54	-0.042861623
23.56	-0.029762307
23.58	-0.016830001
23.6	-0.004197971
23.62	0.008058153
23.64	0.019943202
23.66	0.03142661
23.68	0.042491087
23.7	0.053015915
23.72	0.063020124
23.74	0.072561339
23.76	0.081816985
23.78	0.090670366
23.8	0.09905715
23.82	0.106712238
23.84	0.113661858
23.86	0.11983547
23.88	0.125328021
23.9	0.13002181
23.92	0.133944461
23.94	0.136869902
23.96	0.138810101
23.98	0.13969425
24	0.13969632
24.02	0.138755238
24.04	0.1373416
24.06	0.135550986
24.08	0.133510174
24.1	0.13108119
24.12	0.128377215
24.14	0.125260797
24.16	0.121810597
24.18	0.118165792
24.2	0.114960166
24.22	0.112190287
24.24	0.109875661
24.26	0.107865794
24.28	0.106318759
24.3	0.105282492
24.32	0.104776386
24.34	0.104726924
24.36	0.105075975
24.38	0.105483448
24.4	0.105677635
24.42	0.105294401
24.44	0.104073673
24.46	0.102054514
24.48	0.099531714
24.5	0.096703138
24.52	0.093939303
24.54	0.091548011
24.56	0.089360228
24.58	0.087331708
24.6	0.08557154
24.62	0.084043771
24.64	0.082622366
24.66	0.081161943
24.68	0.079592947
24.7	0.077681081
24.72	0.075339454
24.74	0.072703439
24.76	0.070150013
24.78	0.067863134
24.8	0.065836973
24.82	0.064239649
24.84	0.063133975
24.86	0.06252262
24.88	0.062169846
24.9	0.061848887
24.92	0.061512704
24.94	0.061057624
24.96	0.060268988
24.98	0.059225269
25	0.058021743
25.02	0.05650262
25.04	0.054458555
25.06	0.051726908
25.08	0.048157424
25.1	0.043990138
25.12	0.039441266
25.14	0.034621889
25.16	0.029553353
25.18	0.024605293
25.2	0.020051362
25.22	0.015686254
25.24	0.011272354
25.26	0.006671065
25.28	0.001762236
25.3	-0.003434852
25.32	-0.008858046
25.34	-0.014315564
25.36	-0.019784136
25.38	-0.025222822
25.4	-0.030672152
25.42	-0.036155276
25.44	-0.041614957
25.46	-0.047044311
25.48	-0.052560065
25.5	-0.058209861
25.52	-0.064063674
25.54	-0.07001596
25.56	-0.075844594
25.58	-0.081239601
25.6	-0.086015682
25.62	-0.090185257
25.64	-0.093720113
25.66	-0.096569165
25.68	-0.098922364
25.7	-0.100841025
25.72	-0.10240085
25.74	-0.103574772
25.76	-0.104359911
25.78	-0.10465958
25.8	-0.104408089
25.82	-0.103426722
25.84	-0.101725473
25.86	-0.099254147
25.88	-0.09600226
25.9	-0.091950623
25.92	-0.087096784
25.94	-0.081340441
25.96	-0.074656085
25.98	-0.066982328
26	-0.058318279
26.02	-0.04878123
26.04	-0.038765104
26.06	-0.028267319
26.08	-0.017225595
26.1	-0.005713543
26.12	0.00611789
26.14	0.017973897
26.16	0.029496233
26.18	0.040400201
26.2	0.050499682
26.22	0.059831639
26.24	0.068460259
26.26	0.076489782
26.28	0.083967307
26.3	0.090899393
26.32	0.097162138
26.34	0.10260595
26.36	0.107011044
26.38	0.110240729
26.4	0.112183624
26.42	0.112949516
26.44	0.112625554
26.46	0.111317361
26.48	0.109027699
26.5	0.105775382
26.52	0.101629118
26.54	0.0966608
26.56	0.09134357
26.58	0.086102502
26.6	0.081027281
26.62	0.076231365
26.64	0.071875941
26.66	0.06812629
26.68	0.065028712
26.7	0.06254878
26.72	0.060662914
26.74	0.059350463
26.76	0.058556369
26.78	0.058304568
26.8	0.058647452
26.82	0.059519729
26.84	0.060700296
26.86	0.062059958
26.88	0.063466656
26.9	0.064794152
26.92	0.065811671
26.94	0.065945944
26.96	0.06490392
26.98	0.062596363
27	0.058920872
27.02	0.05376847
27.04	0.047100491
27.06	0.038908497
27.08	0.029395955
27.1	0.018961394
27.12	0.007907967
27.14	-0.003419374
27.16	-0.014819107
27.18	-0.025859194
27.2	-0.036305643
27.22	-0.045890463
27.24	-0.054537681
27.26	-0.062117886
27.28	-0.068546132
27.3	-0.073686796
27.32	-0.077451494
27.34	-0.079826537
27.36	-0.080857517
27.38	-0.080480975
27.4	-0.078683633
27.42	-0.07538989
27.44	-0.07057289
27.46	-0.064334363
27.48	-0.057001246
27.5	-0.048738188
27.52	-0.039379664
27.54	-0.028797634
27.56	-0.017083719
27.58	-0.004269311
27.6	0.008946874
27.62	0.021756257
27.64	0.034131618
27.66	0.046064457
27.68	0.057530968
27.7	0.068252664
27.72	0.07815837
27.74	0.08723212
27.76	0.095460199
27.78	0.102752161
27.8	0.109084876
27.82	0.114469128
27.84	0.118842937
27.86	0.122156904
27.88	0.124363538
27.9	0.125505038
27.92	0.125676647
27.94	0.1249903
27.96	0.123617152
27.98	0.121657411
28	0.119185403
28.02	0.116197621
28.04	0.112724647
28.06	0.109153355
28.08	0.105698742
28.1	0.102284193
28.12	0.098764337
28.14	0.095129495
28.16	0.091360432
28.18	0.087640865
28.2	0.083904371
28.22	0.080108753
28.24	0.076242867
28.26	0.072245651
28.28	0.06806744
28.3	0.063553855
28.32	0.058670169
28.34	0.053312646
28.36	0.047421797
28.38	0.041000279
28.4	0.034181922
28.42	0.027283521
28.44	0.02037687
28.46	0.013498379
28.48	0.006585818
28.5	-0.00043574
28.52	-0.007615318
28.54	-0.014941537
28.56	-0.022152651
28.58	-0.028949413
28.6	-0.035268694
28.62	-0.041068124
28.64	-0.046368353
28.66	-0.051164835
28.68	-0.055368652
28.7	-0.058760408
28.72	-0.061357992
28.74	-0.063172516
28.76	-0.064187982
28.78	-0.064368634
28.8	-0.063756352
28.82	-0.062408456
28.84	-0.060138867
28.86	-0.057011147
28.88	-0.053411158
28.9	-0.049293807
28.92	-0.044674853
28.94	-0.039710387
28.96	-0.034619088
28.98	-0.029461893
29	-0.024399381
29.02	-0.019555516
29.04	-0.014816572
29.06	-0.010090455
29.08	-0.005211651
29.1	-0.000211032
29.12	0.00480436
29.14	0.009683884
29.16	0.014248455
29.18	0.018379652
29.2	0.021964803
29.22	0.024968448
29.24	0.027302343
29.26	0.028988703
29.28	0.030160243
29.3	0.030844944
29.32	0.031138483
29.34	0.030995625
29.36	0.030273589
29.38	0.028930479
29.4	0.026905622
29.42	0.024100165
29.44	0.020349129
29.46	0.015545668
29.48	0.009701168
29.5	0.002961139
29.52	-0.004367583
29.54	-0.011866552
29.56	-0.019396398
29.58	-0.02694876
29.6	-0.034497404
29.62	-0.041959813
29.64	-0.049216558
29.66	-0.056093731
29.68	-0.062424826
29.7	-0.068137905
29.72	-0.073263707
29.74	-0.077768826
29.76	-0.081597786
29.78	-0.084676932
29.8	-0.086962819
29.82	-0.0883453
29.84	-0.088683368
29.86	-0.087903163
29.88	-0.086090604
29.9	-0.083238706
29.92	-0.079512371
29.94	-0.075004281
29.96	-0.069729984
29.98	-0.063729289
30	-0.057120664
30.02	-0.050367341
30.04	-0.043509047
30.06	-0.036618582
30.08	-0.029923398
30.1	-0.023679988
30.12	-0.018061039
30.14	-0.013098993
30.16	-0.008699139
30.18	-0.004690338
30.2	-0.000978844
30.22	0.002420765
30.24	0.005379155
30.26	0.007722514
30.28	0.009449274
30.3	0.010599784
30.32	0.011355773
30.34	0.011815679
30.36	0.012078055
30.38	0.012234925
30.4	0.012476415
30.42	0.01333963
30.44	0.014927558
30.46	0.017103816
30.48	0.019843197
30.5	0.023191205
30.52	0.02706891
30.54	0.031275676
30.56	0.035603071
30.58	0.039837223
30.6	0.043797779
30.62	0.047466398
30.64	0.050818185
30.66	0.053414999
30.68	0.054981322
30.7	0.055268542
30.72	0.0541615
30.74	0.051707154
30.76	0.048052289
30.78	0.043257801
30.8	0.03739414
30.82	0.03055566
30.84	0.02286183
30.86	0.014448302
30.88	0.005398829
30.9	-0.004216182
30.92	-0.014355197
30.94	-0.024914146
30.96	-0.035424273
30.98	-0.045504448
31	-0.055002999
31.02	-0.06378628
31.04	-0.071566533
31.06	-0.078246991
31.08	-0.083676749
31.1	-0.08774226
31.12	-0.090372485
31.14	-0.091497244
31.16	-0.091079989
31.18	-0.089034206
31.2	-0.085323096
31.22	-0.080060775
31.24	-0.07339593
31.26	-0.065461008
31.28	-0.056375374
31.3	-0.04628445
31.32	-0.035408668
31.34	-0.023937628
31.36	-0.012141492
31.38	-0.000487874
31.4	0.011189987
31.42	0.022808485
31.44	0.034216489
31.46	0.045138028
31.48	0.055411244
31.5	0.06489809
31.52	0.073481612
31.54	0.081051258
31.56	0.087504043
31.58	0.09279799
31.6	0.096923579
31.62	0.099847305
31.64	0.10154087
31.66	0.102010741
31.68	0.101335852
31.7	0.099618944
31.72	0.097020606
31.74	0.093703641
31.76	0.089766905
31.78	0.085187073
31.8	0.079953357
31.82	0.074266945
31.84	0.06888573
31.86	0.06393213
31.88	0.059243311
31.9	0.054909776
31.92	0.051178669
31.94	0.048022198
31.96	0.045441656
31.98	0.043350006
32	0.041633228
32.02	0.040215747
32.04	0.039098154
32.06	0.038213885
32.08	0.037479082
32.1	0.036791777
32.12	0.035910253
32.14	0.034753636
32.16	0.033269479
32.18	0.031355412
32.2	0.028774106
32.22	0.025476432
32.24	0.021517645
32.26	0.01694711
32.28	0.01180381
32.3	0.006144517
32.32	6.36824E-05
32.34	-0.006416751
32.36	-0.013014188
32.38	-0.019372086
32.4	-0.025257297
32.42	-0.030591602
32.44	-0.035335776
32.46	-0.039344506
32.48	-0.042481942
32.5	-0.044614229
32.52	-0.045684862
32.54	-0.045710698
32.56	-0.044633515
32.58	-0.042377854
32.6	-0.038914914
32.62	-0.034329406
32.64	-0.028711667
32.66	-0.022247386
32.68	-0.015090853
32.7	-0.007352427
32.72	0.000896513
32.74	0.009189945
32.76	0.017338888
32.78	0.025308017
32.8	0.033110591
32.82	0.040716081
32.84	0.047995297
32.86	0.054740954
32.88	0.060721107
32.9	0.065748367
32.92	0.069728051
32.94	0.072755084
32.96	0.074943593
32.98	0.076435166
33	0.077216476
33.02	0.077261984
33.04	0.076518337
33.06	0.074935658
33.08	0.072475795
33.1	0.069217278
33.12	0.065178835
33.14	0.060386502
33.16	0.054795159
33.18	0.048544008
33.2	0.041977831
33.22	0.035115521
33.24	0.027984715
33.26	0.020818745
33.28	0.013759256
33.3	0.006949665
33.32	0.000496841
33.34	-0.005550275
33.36	-0.011240658
33.38	-0.016513454
33.4	-0.021308896
33.42	-0.025535433
33.44	-0.029207886
33.46	-0.03232954
33.48	-0.034924637
33.5	-0.036937696
33.52	-0.038405081
33.54	-0.039376472
33.56	-0.03997234
33.58	-0.040209126
33.6	-0.040073659
33.62	-0.039529737
33.64	-0.038586384
33.66	-0.037258648
33.68	-0.035560601
33.7	-0.033561434
33.72	-0.031682936
33.74	-0.029943819
33.76	-0.028346777
33.78	-0.026855166
33.8	-0.025374749
33.82	-0.023793319
33.84	-0.022138426
33.86	-0.020422726
33.88	-0.018651483
33.9	-0.016737603
33.92	-0.014551622
33.94	-0.012019927
33.96	-0.009148558
33.98	-0.006011177
34	-0.0026248
34.02	0.001108407
34.04	0.00517438
34.06	0.009642553
34.08	0.014500868
34.1	0.019512686
34.12	0.024527151
34.14	0.029657605
34.16	0.034875546
34.18	0.040025458
34.2	0.044849899
34.22	0.049321862
34.24	0.053385661
34.26	0.057014095
34.28	0.060086589
34.3	0.062440022
34.32	0.063859076
34.34	0.06439563
34.36	0.06426637
34.38	0.063563193
34.4	0.062310954
34.42	0.060507191
34.44	0.058259934
34.46	0.055670732
34.48	0.052866639
34.5	0.049888087
34.52	0.046658955
34.54	0.043139641
34.56	0.039233678
34.58	0.035204732
34.6	0.031036043
34.62	0.026693198
34.64	0.022172521
34.66	0.01754005
34.68	0.012882354
34.7	0.008320575
34.72	0.003855147
34.74	-0.000505611
34.76	-0.00486428
34.78	-0.009157484
34.8	-0.013209985
34.82	-0.016841326
34.84	-0.020000784
34.86	-0.022672253
34.88	-0.024910159
34.9	-0.026801911
34.92	-0.028375069
34.94	-0.029594666
34.96	-0.030308094
34.98	-0.030346744
35	-0.029589561
35.02	-0.027901383
35.04	-0.025219185
35.06	-0.021534943
35.08	-0.016945412
35.1	-0.0115772
35.12	-0.005572233
35.14	0.00066962
35.16	0.007105742
35.18	0.013708857
35.2	0.020263352
35.22	0.026642113
35.24	0.032618655
35.26	0.038022547
35.28	0.042723811
35.3	0.046696214
35.32	0.050042538
35.34	0.052944052
35.36	0.055525728
35.38	0.057905313
35.4	0.060038369
35.42	0.06183658
35.44	0.063159513
35.46	0.063935574
35.48	0.064130095
35.5	0.06382907
35.52	0.062931747
35.54	0.061443557
35.56	0.059578849
35.58	0.05769625
35.6	0.05572382
35.62	0.05370742
35.64	0.051740898
35.66	0.049938042
35.68	0.048379399
35.7	0.047063436
35.72	0.045675505
35.74	0.044081433
35.76	0.042237886
35.78	0.040142562
35.8	0.037733474
35.82	0.034918712
35.84	0.03168396
35.86	0.028054568
35.88	0.024103439
35.9	0.019938857
35.92	0.015606997
35.94	0.011094152
35.96	0.00643188
35.98	0.001737527
36	-0.002837126
36.02	-0.007281852
36.04	-0.011821284
36.06	-0.016586154
36.08	-0.021761405
36.1	-0.027272964
36.12	-0.032942576
36.14	-0.038687545
36.16	-0.044491664
36.18	-0.050285588
36.2	-0.055953681
36.22	-0.061305681
36.24	-0.066218891
36.26	-0.070552838
36.28	-0.074103689
36.3	-0.076948463
36.32	-0.079078805
36.34	-0.080495012
36.36	-0.081308929
36.38	-0.081589468
36.4	-0.081434953
36.42	-0.080793436
36.44	-0.079591581
36.46	-0.077832934
36.48	-0.075474142
36.5	-0.072416925
36.52	-0.06854555
36.54	-0.063711878
36.56	-0.057779068
36.58	-0.050745657
36.6	-0.04284924
36.62	-0.034665653
36.64	-0.026389595
36.66	-0.018159967
36.68	-0.010197007
36.7	-0.002667788
36.72	0.004270959
36.74	0.010694975
36.76	0.016673352
36.78	0.022320659
36.8	0.027684392
36.82	0.032707537
36.84	0.037218438
36.86	0.041172446
36.88	0.044582017
36.9	0.047514222
36.92	0.049984129
36.94	0.052039615
36.96	0.053749958
36.98	0.055113918
37	0.056055558
37.02	0.056400628
37.04	0.0559388
37.06	0.054603405
37.08	0.052947522
37.1	0.051285252
37.12	0.049697868
37.14	0.048248086
37.16	0.046964196
37.18	0.045794936
37.2	0.044707698
37.22	0.04369074
37.24	0.042741817
37.26	0.041809959
37.28	0.040732105
37.3	0.039306779
37.32	0.037613729
37.34	0.035637397
37.36	0.033287326
37.38	0.030570601
37.4	0.02752617
37.42	0.024218155
37.44	0.020785047
37.46	0.017159986
37.48	0.013339419
37.5	0.009486855
37.52	0.005796715
37.54	0.00229315
37.56	-0.000979399
37.58	-0.003942506
37.6	-0.006539515
37.62	-0.008621226
37.64	-0.010054119
37.66	-0.010845518
37.68	-0.01106853
37.7	-0.010824024
37.72	-0.01015484
37.74	-0.008971869
37.76	-0.007115259
37.78	-0.00441926
37.8	-0.000775651
37.82	0.003813494
37.84	0.009303285
37.86	0.015409975
37.88	0.021848519
37.9	0.02849033
37.92	0.035171662
37.94	0.041746367
37.96	0.048233743
37.98	0.054626815
38	0.060917991
38.02	0.067083645
38.04	0.073076004
38.06	0.078909128
38.08	0.08461764
38.1	0.090228878
38.12	0.095661005
38.14	0.100765426
38.16	0.105379353
38.18	0.109341642
38.2	0.112522809
38.22	0.114806322
38.24	0.116135594
38.26	0.11645968
38.28	0.115771015
38.3	0.114155438
38.32	0.111714341
38.34	0.108430593
38.36	0.104286539
38.38	0.099456682
38.4	0.094105052
38.42	0.088410115
38.44	0.082636009
38.46	0.076951259
38.48	0.07139324
38.5	0.066028209
38.52	0.06089155
38.54	0.056056847
38.56	0.051542331
38.58	0.047410825
38.6	0.043648209
38.62	0.040206325
38.64	0.037055885
38.66	0.034164711
38.68	0.031456783
38.7	0.028916552
38.72	0.026586741
38.74	0.024537332
38.76	0.022801886
38.78	0.021360122
38.8	0.020099564
38.82	0.018617958
38.84	0.016721609
38.86	0.01456003
38.88	0.012293335
38.9	0.010025298
38.92	0.00786149
38.94	0.005959336
38.96	0.00448734
38.98	0.00346876
39	0.002839064
39.02	0.00249323
39.04	0.002342995
39.06	0.002466858
39.08	0.003022994
39.1	0.004111951
39.12	0.005734701
39.14	0.007863871
39.16	0.010474045
39.18	0.013510025
39.2	0.016814279
39.22	0.020244491
39.24	0.02363561
39.26	0.026893242
39.28	0.029983155
39.3	0.032887124
39.32	0.035622371
39.34	0.038187065
39.36	0.040510249
39.38	0.042379101
39.4	0.043661407
39.42	0.044150141
39.44	0.043658803
39.46	0.042122396
39.48	0.039635524
39.5	0.036391663
39.52	0.03267467
39.54	0.028693748
39.56	0.024571012
39.58	0.020248237
39.6	0.015597469
39.62	0.010469222
39.64	0.004855296
39.66	-0.001163977
39.68	-0.00750292
39.7	-0.013975414
39.72	-0.020482703
39.74	-0.02695257
39.76	-0.033529662
39.78	-0.040384462
39.8	-0.047505435
39.82	-0.054735662
39.84	-0.061881589
39.86	-0.068933117
39.88	-0.075971102
39.9	-0.082889436
39.92	-0.089616496
39.94	-0.096090134
39.96	-0.102264698
39.98	-0.108046066
40	-0.113305876
40.02	-0.118091489
40.04	-0.122414013
40.06	-0.126166814
40.08	-0.129283324
40.1	-0.131751078
40.12	-0.133601989
40.14	-0.134810894
40.16	-0.135197733
40.18	-0.134786189
40.2	-0.133643684
40.22	-0.13187134
40.24	-0.129556604
40.26	-0.126748211
40.28	-0.123438728
40.3	-0.119611165
40.32	-0.115233187
40.34	-0.110566234
40.36	-0.10583536
40.38	-0.100953195
40.4	-0.095887464
40.42	-0.090719365
40.44	-0.08556123
40.46	-0.080419273
40.48	-0.075248119
40.5	-0.070051866
40.52	-0.064855786
40.54	-0.059653949
40.56	-0.054507325
40.58	-0.049455333
40.6	-0.044599639
40.62	-0.04005411
40.64	-0.035967971
40.66	-0.032440243
40.68	-0.029470384
40.7	-0.02702003
40.72	-0.025047328
40.74	-0.02358367
40.76	-0.022669295
40.78	-0.022404983
40.8	-0.022847161
40.82	-0.024079357
40.84	-0.026183563
40.86	-0.029208786
40.88	-0.033108356
40.9	-0.037740347
40.92	-0.042750113
40.94	-0.047812084
40.96	-0.052721716
40.98	-0.05729348
41	-0.061563511
41.02	-0.065669121
41.04	-0.069694721
41.06	-0.0736933
41.08	-0.077574988
41.1	-0.081176175
41.12	-0.084265266
41.14	-0.086618859
41.16	-0.088139156
41.18	-0.088900428
41.2	-0.089112535
41.22	-0.088971619
41.24	-0.088601429
41.26	-0.088032433
41.28	-0.087325097
41.3	-0.086958992
41.32	-0.087013036
41.34	-0.087428186
41.36	-0.088014149
41.38	-0.08863869
41.4	-0.089179868
41.42	-0.08943187
41.44	-0.089166076
41.46	-0.08815193
41.48	-0.086224226
41.5	-0.083333356
41.52	-0.079662843
41.54	-0.075387928
41.56	-0.070333786
41.58	-0.064347176
41.6	-0.057548064
41.62	-0.049993401
41.64	-0.041694724
41.66	-0.032664829
41.68	-0.02297473
41.7	-0.012807815
41.72	-0.002415118
41.74	0.008151324
41.76	0.018872693
41.78	0.029734371
41.8	0.040705448
41.82	0.051706453
41.84	0.062529032
41.86	0.072956698
41.88	0.082752469
41.9	0.0916972
41.92	0.099654732
41.94	0.106558166
41.96	0.112410597
41.98	0.117316406
42	0.121448926
42.02	0.124932045
42.04	0.127837606
42.06	0.130246517
42.08	0.132042047
42.1	0.133163276
42.12	0.133637232
42.14	0.133489477
42.16	0.132691628
42.18	0.131144994
42.2	0.128817701
42.22	0.125665404
42.24	0.121699253
42.26	0.117214968
42.28	0.11260702
42.3	0.108039311
42.32	0.103588753
42.34	0.099513395
42.36	0.095885378
42.38	0.092733793
42.4	0.090035281
42.42	0.087747387
42.44	0.085711812
42.46	0.083912955
42.48	0.082334253
42.5	0.08093342
42.52	0.079596255
42.54	0.078389539
42.56	0.077404301
42.58	0.076720649
42.6	0.076433312
42.62	0.076621582
42.64	0.077310597
42.66	0.078460255
42.68	0.080010034
42.7	0.081933371
42.72	0.083787132
42.74	0.085395301
42.76	0.086844087
42.78	0.088137942
42.8	0.089248968
42.82	0.090152905
42.84	0.090847719
42.86	0.091484535
42.88	0.092215086
42.9	0.093253563
42.92	0.094730823
42.94	0.096591154
42.96	0.09886974
42.98	0.101502838
43	0.104363525
43.02	0.107219242
43.04	0.109952881
43.06	0.112698742
43.08	0.115460524
43.1	0.118212627
43.12	0.120935946
43.14	0.123589083
43.16	0.126008627
43.18	0.128004166
43.2	0.129608349
43.22	0.130770494
43.24	0.131299275
43.26	0.131129627
43.28	0.130185134
43.3	0.128358065
43.32	0.125557596
43.34	0.121693414
43.36	0.116687788
43.38	0.110665261
43.4	0.103978219
43.42	0.096829273
43.44	0.089445203
43.46	0.081991164
43.48	0.074554253
43.5	0.067199721
43.52	0.059910186
43.54	0.052694959
43.56	0.045555949
43.58	0.038491788
43.6	0.031450474
43.62	0.024376861
43.64	0.017188988
43.66	0.009856621
43.68	0.002333633
43.7	-0.005343321
43.72	-0.01308784
43.74	-0.020758728
43.76	-0.028274499
43.78	-0.035627261
43.8	-0.042789448
43.82	-0.049447269
43.84	-0.05553453
43.86	-0.060913509
43.88	-0.065501562
43.9	-0.069234441
43.92	-0.072146578
43.94	-0.074341086
43.96	-0.076191279
43.98	-0.077745655
44	-0.079015084
44.02	-0.080007976
44.04	-0.080720203
44.06	-0.081085122
44.08	-0.081034558
44.1	-0.080540481
44.12	-0.079592554
44.14	-0.078237476
44.16	-0.076502688
44.18	-0.074423155
44.2	-0.071808046
44.22	-0.068671714
44.24	-0.065422076
44.26	-0.062076022
44.28	-0.058585673
44.3	-0.054887773
44.32	-0.050936862
44.34	-0.046714753
44.36	-0.042247866
44.38	-0.037551594
44.4	-0.032692788
44.42	-0.027732531
44.44	-0.022783712
44.46	-0.017906925
44.48	-0.013169091
44.5	-0.008624805
44.52	-0.004262826
44.54	-4.80009E-05
44.56	0.004023681
44.58	0.007950676
44.6	0.011719348
44.62	0.015221718
44.64	0.018341302
44.66	0.020984379
44.68	0.023068548
44.7	0.024574022
44.72	0.025462618
44.74	0.025703162
44.76	0.0252765
44.78	0.024110982
44.8	0.022203156
44.82	0.01958167
44.84	0.016321452
44.86	0.012551147
44.88	0.008400514
44.9	0.004199172
44.92	4.82771E-05
44.94	-0.003986932
44.96	-0.007802421
44.98	-0.01133717
45	-0.014606938
45.02	-0.017634344
45.04	-0.020462486
45.06	-0.023133027
45.08	-0.025680297
45.1	-0.028080718
45.12	-0.030371034
45.14	-0.032553475
45.16	-0.034609127
45.18	-0.036487827
45.2	-0.038200909
45.22	-0.039724814
45.24	-0.041059291
45.26	-0.042442011
45.28	-0.043900247
45.3	-0.045269809
45.32	-0.046424384
45.34	-0.047269782
45.36	-0.047684088
45.38	-0.047554474
45.4	-0.046765759
45.42	-0.045310185
45.44	-0.043224341
45.46	-0.040526703
45.48	-0.037210234
45.5	-0.033276854
45.52	-0.028664721
45.54	-0.023390871
45.56	-0.017532772
45.58	-0.011244194
45.6	-0.004785243
45.62	0.001662174
45.64	0.007985035
45.66	0.014085267
45.68	0.019945321
45.7	0.025603167
45.72	0.031115569
45.74	0.036492033
45.76	0.041713293
45.78	0.046732883
45.8	0.051515884
45.82	0.056016417
45.84	0.060195595
45.86	0.064039818
45.88	0.067523251
45.9	0.070631211
45.92	0.073304326
45.94	0.075533793
45.96	0.077291275
45.98	0.078561008
46	0.07931779
46.02	0.079569647
46.04	0.079344265
46.06	0.078708743
46.08	0.077748025
46.1	0.076398803
46.12	0.074551386
46.14	0.07219665
46.16	0.069313839
46.18	0.065930282
46.2	0.062046956
46.22	0.057647566
46.24	0.052871945
46.26	0.047835018
46.28	0.042597473
46.3	0.037206186
46.32	0.031706895
46.34	0.026232377
46.36	0.020877198
46.38	0.015707866
46.4	0.010727894
46.42	0.005874097
46.44	0.001104529
46.46	-0.003561632
46.48	-0.008071804
46.5	-0.012325335
46.52	-0.016240945
46.54	-0.019741519
46.56	-0.022769869
46.58	-0.025282823
46.6	-0.02726576
46.62	-0.02874083
46.64	-0.029754626
46.66	-0.030352331
46.68	-0.030559721
46.7	-0.030393088
46.72	-0.030023396
46.74	-0.029574774
46.76	-0.029091005
46.78	-0.028574329
46.8	-0.027980455
46.82	-0.027278417
46.84	-0.026452023
46.86	-0.025470784
46.88	-0.024312759
46.9	-0.022945218
46.92	-0.021337737
46.94	-0.019510716
46.96	-0.017450737
46.98	-0.015091985
47	-0.012438959
47.02	-0.009556864
47.04	-0.006564599
47.06	-0.003556535
47.08	-0.000567728
47.1	0.002389398
47.12	0.005143654
47.14	0.007644456
47.16	0.009886902
47.18	0.011767399
47.2	0.013196735
47.22	0.014069438
47.24	0.014332174
47.26	0.013932944
47.28	0.012834801
47.3	0.011041063
47.32	0.008567526
47.34	0.005470693
47.36	0.001746091
47.38	-0.002467862
47.4	-0.006882158
47.42	-0.011428826
47.44	-0.015980435
47.46	-0.020466199
47.48	-0.024908423
47.5	-0.029366432
47.52	-0.033907865
47.54	-0.038541108
47.56	-0.043208696
47.58	-0.047833443
47.6	-0.052309379
47.62	-0.056597308
47.64	-0.060630148
47.66	-0.064345062
47.68	-0.067682362
47.7	-0.070684279
47.72	-0.073433464
47.74	-0.075999909
47.76	-0.078384914
47.78	-0.080491622
47.8	-0.082187787
47.82	-0.083385827
47.84	-0.084025998
47.86	-0.084084156
47.88	-0.083557893
47.9	-0.082471046
47.92	-0.080910143
47.94	-0.078853284
47.96	-0.076278361
47.98	-0.073178906
48	-0.069618636
48.02	-0.065744588
48.04	-0.061603012
48.06	-0.057303769
48.08	-0.052875321
48.1	-0.048300629
48.12	-0.043578613
48.14	-0.038719434
48.16	-0.033736764
48.18	-0.02869733
48.2	-0.023655818
48.22	-0.018644188
48.24	-0.013667645
48.26	-0.008733222
48.28	-0.003829555
48.3	0.001080627
48.32	0.00600706
48.34	0.010932731
48.36	0.015794972
48.38	0.020489115
48.4	0.024948388
48.42	0.029166447
48.44	0.033138277
48.46	0.036860089
48.48	0.040311439
48.5	0.043500641
48.52	0.046425553
48.54	0.049057838
48.56	0.051316687
48.58	0.053095309
48.6	0.054313503
48.62	0.054927557
48.64	0.054965592
48.66	0.05447892
48.68	0.053504721
48.7	0.052091968
48.72	0.050315564
48.74	0.048245098
48.76	0.045918537
48.78	0.043331224
48.8	0.040444776
48.82	0.037296731
48.84	0.03412794
48.86	0.030956265
48.88	0.027825789
48.9	0.024769301
48.92	0.021809335
48.94	0.018960346
48.96	0.016302286
48.98	0.013932294
49	0.011930273
49.02	0.010315322
49.04	0.009100962
49.06	0.008257296
49.08	0.007772432
49.1	0.00759357
49.12	0.007649449
49.14	0.007824654
49.16	0.008004159
49.18	0.008189066
49.2	0.008426924
49.22	0.008795076
49.24	0.009308271
49.26	0.009992833
49.28	0.010866019
49.3	0.011900361
49.32	0.01312943
49.34	0.014538794
49.36	0.016100898
49.38	0.01776661
49.4	0.019547436
49.42	0.02144649
49.44	0.023436968
49.46	0.025508478
49.48	0.02765384
49.5	0.029845563
49.52	0.032066398
49.54	0.034332425
49.56	0.036626584
49.58	0.038884901
49.6	0.041075447
49.62	0.043171984
49.64	0.045129157
49.66	0.0469081
49.68	0.048438875
49.7	0.049681078
49.72	0.050622044
49.74	0.051284228
49.76	0.051682183
49.78	0.051827846
49.8	0.051690869
49.82	0.051293627
49.84	0.050745473
49.86	0.050030203
49.88	0.049123496
49.9	0.048004882
49.92	0.046611781
49.94	0.044868339
49.96	0.042731857
49.98	0.040197351
50	0.037325603
50.02	0.034163394
50.04	0.030709555
50.06	0.027021109
50.08	0.023152812
50.1	0.019170932
50.12	0.015156543
50.14	0.011170209
50.16	0.007283195
50.18	0.003577091
50.2	0.000113709
50.22	-0.00307935
50.24	-0.006018782
50.26	-0.008735
50.28	-0.011229274
50.3	-0.013503666
50.32	-0.015545743
50.34	-0.017339913
50.36	-0.018869808
50.38	-0.0201172
50.4	-0.021096285
50.42	-0.021694457
50.44	-0.021802957
50.46	-0.021422367
50.48	-0.020599621
50.5	-0.019523814
50.52	-0.01839886
50.54	-0.017236231
50.56	-0.016053222
50.58	-0.014847014
50.6	-0.013594897
50.62	-0.012237081
50.64	-0.01084491
50.66	-0.009486354
50.68	-0.008178599
50.7	-0.006933574
50.72	-0.005675894
50.74	-0.00434265
50.76	-0.002893395
50.78	-0.001335904
50.8	0.000283813
50.82	0.001967726
50.84	0.003708157
50.86	0.005500632
50.88	0.00731765
50.9	0.009096048
50.92	0.010776458
50.94	0.012371457
50.96	0.013926556
50.98	0.015465873
51	0.016880171
51.02	0.018158788
51.04	0.019317572
51.06	0.02039327
51.08	0.021358091
51.1	0.022176111
51.12	0.022822562
51.14	0.023246832
51.16	0.023379549
51.18	0.023216827
51.2	0.022728399
51.22	0.02186435
51.24	0.020624734
51.26	0.019007198
51.28	0.017130322
51.3	0.01510663
51.32	0.012930008
51.34	0.010589976
51.36	0.008136004
51.38	0.005555149
51.4	0.002838051
51.42	-1.20871E-05
51.44	-0.002968273
51.46	-0.005957119
51.48	-0.008885847
51.5	-0.011694933
51.52	-0.014340734
51.54	-0.016768541
51.56	-0.01893446
51.58	-0.020783423
51.6	-0.022256486
51.62	-0.023304995
51.64	-0.023911075
51.66	-0.024057107
51.68	-0.023787221
51.7	-0.023146103
51.72	-0.022209183
51.74	-0.021029324
51.76	-0.019647474
51.78	-0.018073945
51.8	-0.016277406
51.82	-0.014199474
51.84	-0.011925263
51.86	-0.009496894
51.88	-0.006968094
51.9	-0.004411804
51.92	-0.001873259
51.94	0.000659718
51.96	0.003170601
51.98	0.005653881
52	0.00812203
52.02	0.01057706
52.04	0.013024547
52.06	0.015470477
52.08	0.017896636
52.1	0.020318568
52.12	0.022830564
52.14	0.025540138
52.16	0.028468773
52.18	0.031588035
52.2	0.034778634
52.22	0.03798193
52.24	0.041102424
52.26	0.044075719
52.28	0.046849687
52.3	0.049429217
52.32	0.051835603
52.34	0.054060333
52.36	0.056094861
52.38	0.057902671
52.4	0.059428539
52.42	0.060593602
52.44	0.06134849
52.46	0.061687445
52.48	0.061623392
52.5	0.061203496
52.52	0.060445792
52.54	0.059359844
52.56	0.05791077
52.58	0.056020029
52.6	0.053590031
52.62	0.050547714
52.64	0.046869655
52.66	0.042679531
52.68	0.038171181
52.7	0.033396541
52.72	0.028445547
52.74	0.023410383
52.76	0.018342074
52.78	0.013280064
52.8	0.008262248
52.82	0.003307269
52.84	-0.001618738
52.86	-0.006520357
52.88	-0.01137006
52.9	-0.016156695
52.92	-0.020860209
52.94	-0.025442254
52.96	-0.029869021
52.98	-0.034102526
53	-0.038093113
53.02	-0.041771567
53.04	-0.04509106
53.06	-0.047988865
53.08	-0.050400951
53.1	-0.052292869
53.12	-0.053701761
53.14	-0.054641942
53.16	-0.055156052
53.18	-0.055267927
53.2	-0.055017816
53.22	-0.054447887
53.24	-0.053631452
53.26	-0.052676389
53.28	-0.05163415
53.3	-0.050618481
53.32	-0.049689263
53.34	-0.048825679
53.36	-0.048003244
53.38	-0.047206042
53.4	-0.046404673
53.42	-0.04556807
53.44	-0.044669666
53.46	-0.043684156
53.48	-0.042587748
53.5	-0.041322373
53.52	-0.039873945
53.54	-0.038229452
53.56	-0.036376881
53.58	-0.034308469
53.6	-0.032034118
53.62	-0.029534657
53.64	-0.026874251
53.66	-0.024203704
53.68	-0.021604723
53.7	-0.019165719
53.72	-0.016984606
53.74	-0.015140549
53.76	-0.013691489
53.78	-0.012641137
53.8	-0.011973037
53.82	-0.011682663
53.84	-0.01176904
53.86	-0.012217998
53.88	-0.013056207
53.9	-0.014254469
53.92	-0.015774794
53.94	-0.01757261
53.96	-0.019613365
53.98	-0.021842982
54	-0.024075251
54.02	-0.026148804
54.04	-0.028035398
54.06	-0.029713571
54.08	-0.031163589
54.1	-0.032371944
54.12	-0.033303399
54.14	-0.033936098
54.16	-0.034266176
54.18	-0.034275097
54.2	-0.033929679
54.22	-0.033219048
54.24	-0.03220214
54.26	-0.030947243
54.28	-0.029612572
54.3	-0.028286732
54.32	-0.026945716
54.34	-0.025578315
54.36	-0.024149806
54.38	-0.022591491
54.4	-0.020936297
54.42	-0.019183128
54.44	-0.017347566
54.46	-0.015440042
54.48	-0.013474066
54.5	-0.011471993
54.52	-0.009447563
54.54	-0.007408981
54.56	-0.005358117
54.58	-0.003288997
54.6	-0.001178066
54.62	0.001001514
54.64	0.003245232
54.66	0.005546803
54.68	0.007860363
54.7	0.010115191
54.72	0.012297822
54.74	0.014409874
54.76	0.016488703
54.78	0.018545212
54.8	0.020557797
54.82	0.022501241
54.84	0.024330692
54.86	0.026012853
54.88	0.027527299
54.9	0.028885761
54.92	0.030136571
54.94	0.031321712
54.96	0.032440428
54.98	0.033485098
55	0.034460586
55.02	0.035300865
55.04	0.035923837
55.06	0.036281885
55.08	0.036327947
55.1	0.036061153
55.12	0.035491122
55.14	0.034649122
55.16	0.033533868
55.18	0.032133484
55.2	0.030539117
55.22	0.028807788
55.24	0.026923425
55.26	0.024886897
55.28	0.022707819
55.3	0.020467514
55.32	0.018235759
55.34	0.016058334
55.36	0.013969763
55.38	0.011999996
55.4	0.010181658
55.42	0.008559093
55.44	0.007167135
55.46	0.00599777
55.48	0.005041668
55.5	0.004308157
55.52	0.003815303
55.54	0.003629188
55.56	0.003761552
55.58	0.004219506
55.6	0.004993039
55.62	0.00607696
55.64	0.007428881
55.66	0.00896979
55.68	0.010576187
55.7	0.012160818
55.72	0.013687996
55.74	0.015137675
55.76	0.016495788
55.78	0.017762886
55.8	0.018927247
55.82	0.019986456
55.84	0.020947154
55.86	0.021836912
55.88	0.022706668
55.9	0.023603743
55.92	0.024541861
55.94	0.025509978
55.96	0.026500399
55.98	0.027517007
56	0.028569126
56.02	0.029662655
56.04	0.030858645
56.06	0.032203806
56.08	0.033677836
56.1	0.03526157
56.12	0.036923791
56.14	0.038615948
56.16	0.040220684
56.18	0.041705814
56.2	0.043128016
56.22	0.044524311
56.24	0.045817572
56.26	0.046942979
56.28	0.047834643
56.3	0.048420221
56.32	0.048647058
56.34	0.04852275
56.36	0.048084976
56.38	0.047348845
56.4	0.046312608
56.42	0.044963709
56.44	0.043259767
56.46	0.041264065
56.48	0.038974736
56.5	0.036390931
56.52	0.033497374
56.54	0.030323615
56.56	0.027048576
56.58	0.023719556
56.6	0.020352149
56.62	0.016964974
56.64	0.013550408
56.66	0.010088078
56.68	0.006593897
56.7	0.003100552
56.72	-0.000348906
56.74	-0.003711609
56.76	-0.006928845
56.78	-0.009969131
56.8	-0.012816621
56.82	-0.015456063
56.84	-0.01786972
56.86	-0.020054019
56.88	-0.022020033
56.9	-0.023783961
56.92	-0.02535844
56.94	-0.026742623
56.96	-0.027943457
56.98	-0.028997467
57	-0.02991472
57.02	-0.030710749
57.04	-0.031381579
57.06	-0.031903735
57.08	-0.032243806
57.1	-0.032367504
57.12	-0.032288895
57.14	-0.032177271
57.16	-0.032078567
57.18	-0.032033131
57.2	-0.032073348
57.22	-0.032212604
57.24	-0.032456432
57.26	-0.03279581
57.28	-0.033193735
57.3	-0.033598418
57.32	-0.033970579
57.34	-0.034270205
57.36	-0.034448528
57.38	-0.034472766
57.4	-0.034334773
57.42	-0.034032614
57.44	-0.033584873
57.46	-0.033033189
57.48	-0.03233511
57.5	-0.03147678
57.52	-0.030462493
57.54	-0.029297092
57.56	-0.028006469
57.58	-0.026599099
57.6	-0.025053271
57.62	-0.023347138
57.64	-0.021526167
57.66	-0.019763868
57.68	-0.018076846
57.7	-0.016456311
57.72	-0.014908991
57.74	-0.01343344
57.76	-0.011997607
57.78	-0.010615968
57.8	-0.009349614
57.82	-0.008259989
57.84	-0.007382328
57.86	-0.006740312
57.88	-0.006333994
57.9	-0.006121106
57.92	-0.006042546
57.94	-0.006037185
57.96	-0.006047291
57.98	-0.00606143
58	-0.006101731
58.02	-0.006183837
58.04	-0.006303867
58.06	-0.006440555
58.08	-0.006602619
58.1	-0.006823219
58.12	-0.007051573
58.14	-0.007217914
58.16	-0.007298083
58.18	-0.007277605
58.2	-0.007154951
58.22	-0.006939754
58.24	-0.006637423
58.26	-0.006282827
58.28	-0.00590036
58.3	-0.005470364
58.32	-0.004953112
58.34	-0.00435622
58.36	-0.003692269
58.38	-0.002984596
58.4	-0.002260103
58.42	-0.001542861
58.44	-0.000818895
58.46	-0.000121949
58.48	0.000544269
58.5	0.001183859
58.52	0.001824835
58.54	0.002498604
58.56	0.003218355
58.58	0.003979813
58.6	0.004752688
58.62	0.005507257
58.64	0.006208712
58.66	0.006836973
58.68	0.007318744
58.7	0.007563736
58.72	0.007529839
58.74	0.007255658
58.76	0.006913217
58.78	0.006529147
58.8	0.006132531
58.82	0.005741926
58.84	0.005352773
58.86	0.004975175
58.88	0.004655897
58.9	0.004396536
58.92	0.004209035
58.94	0.004122843
58.96	0.004186612
58.98	0.004427149
59	0.004798918
59.02	0.005270369
59.04	0.005855985
59.06	0.006515781
59.08	0.007208038
59.1	0.007810998
59.12	0.008320244
59.14	0.008729004
59.16	0.009060418
59.18	0.009332263
59.2	0.009542501
59.22	0.009675219
59.24	0.009678926
59.26	0.009506493
59.28	0.009121374
59.3	0.008537079
59.32	0.007828983
59.34	0.007147296
59.36	0.006540727
59.38	0.006048161
59.4	0.005684231
59.42	0.005403068
59.44	0.005134617
59.46	0.004829963
59.48	0.004525728
59.5	0.00425563
59.52	0.004066741
59.54	0.003953342
59.56	0.003896757
59.58	0.003886076
59.6	0.003929042
59.62	0.00401553
59.64	0.004172656
59.66	0.004411878
59.68	0.004713351
59.7	0.00500749
59.72	0.005273122
59.74	0.005470658
59.76	0.005585352
59.78	0.005633512
59.8	0.005644469
59.82	0.005638853
59.84	0.005625463
59.86	0.005629088
59.88	0.005742308
59.9	0.00594846
59.92	0.00624581
59.94	0.006608469
59.96	0.007005629
59.98	0.007398022
60	0.007794698
60.02	0.008234822
60.04	0.008718521
60.06	0.00922359
60.08	0.009710718
60.1	0.01014926
60.12	0.010518973
60.14	0.010816148
60.16	0.011071193
60.18	0.011291712
60.2	0.011491412
60.22	0.011670535
60.24	0.011805172
60.26	0.011872558
60.28	0.011860655
60.3	0.011738578
60.32	0.011483223
60.34	0.011078468
60.36	0.010537261
60.38	0.009884196
60.4	0.009153098
60.42	0.00837514
60.44	0.007575842
60.46	0.006761429
60.48	0.005925381
60.5	0.005068176
60.52	0.004191329
60.54	0.0033083
60.56	0.002458077
60.58	0.001647819
60.6	0.000894038
60.62	0.000204161
60.64	-0.000435086
60.66	-0.001042163
60.68	-0.00163586
60.7	-0.00222133
60.72	-0.002776487
60.74	-0.003291555
60.76	-0.003801036
60.78	-0.00431522
60.8	-0.004847664
60.82	-0.005428907
60.84	-0.006061385
60.86	-0.006728665
60.88	-0.007416018
60.9	-0.008102763
60.92	-0.008761854
60.94	-0.009392697
60.96	-0.010012855
60.98	-0.010642437
61	-0.011304175
61.02	-0.011993004
61.04	-0.01268458
61.06	-0.013348775
61.08	-0.013984258
61.1	-0.014615098
61.12	-0.015254236
61.14	-0.015899126
61.16	-0.01657613
61.18	-0.017282346
61.2	-0.017998033
61.22	-0.018698887
61.24	-0.01934605
61.26	-0.019866337
61.28	-0.020242038
61.3	-0.020468612
61.32	-0.020524826
61.34	-0.020389969
61.36	-0.02005487
61.38	-0.019489525
61.4	-0.018684161
61.42	-0.017705218
61.44	-0.016607033
61.46	-0.015325499
61.48	-0.013879009
61.5	-0.012309642
61.52	-0.010725441
61.54	-0.009203863
61.56	-0.007775558
61.58	-0.006480749
61.6	-0.005349168
61.62	-0.00439239
61.64	-0.003617543
61.66	-0.003028006
61.68	-0.002620687
61.7	-0.002374698
61.72	-0.002284599
61.74	-0.002363339
61.76	-0.002618931
61.78	-0.003052463
61.8	-0.003653412
61.82	-0.004416454
61.84	-0.005308934
61.86	-0.006199823
61.88	-0.007062737
61.9	-0.00786042
61.92	-0.008537682
61.94	-0.009067119
61.96	-0.009438874
61.98	-0.00963568
62	-0.009632711
62.02	-0.009399674
62.04	-0.008912817
62.06	-0.008187399
62.08	-0.007256711
62.1	-0.006153266
62.12	-0.00493013
62.14	-0.003616728
62.16	-0.002246688
62.18	-0.000891764
62.2	0.000415859
62.22	0.00165808
62.24	0.002812505
62.26	0.003883364
62.28	0.004850364
62.3	0.005690382
62.32	0.006402462
62.34	0.006988999
62.36	0.007435965
62.38	0.007708902
62.4	0.007750697
62.42	0.00754978
62.44	0.007058726
62.46	0.006289309
62.48	0.005331164
62.5	0.004334251
62.52	0.003328179
62.54	0.002370554
62.56	0.001476298
62.58	0.000628257
62.6	-0.000220306
62.62	-0.001099788
62.64	-0.00205105
62.66	-0.003065824
62.68	-0.00410108
62.7	-0.005107918
62.72	-0.006041624
62.74	-0.006849806
62.76	-0.007508288
62.78	-0.008007022
62.8	-0.00834783
62.82	-0.008512287
62.84	-0.008645215
62.86	-0.00874124
62.88	-0.008738224
62.9	-0.00858368
62.92	-0.008240264
62.94	-0.007712656
62.96	-0.007065731
62.98	-0.006383362
63	-0.005770213
63.02	-0.005289803
63.04	-0.00495883
63.06	-0.004757419
63.08	-0.004622674
63.1	-0.004459501
63.12	-0.004271704
63.14	-0.004123952
63.16	-0.004048122
63.18	-0.004051368
63.2	-0.004145247
63.22	-0.004311407
63.24	-0.004522895
63.26	-0.004744242
63.28	-0.004821824
63.3	-0.00472312
63.32	-0.004426749
63.34	-0.003891407
63.36	-0.003111087
63.38	-0.002054506
63.4	-0.000683144
63.42	0.000957342
63.44	0.002822949
63.46	0.004925558
63.48	0.007233686
63.5	0.009727676
63.52	0.012361592
63.54	0.015073731
63.56	0.017804806
63.58	0.020543665
63.6	0.023275598
63.62	0.025987767
63.64	0.028647919
63.66	0.031228464
63.68	0.033696186
63.7	0.036028284
63.72	0.038222519
63.74	0.040292917
63.76	0.042225839
63.78	0.043998166
63.8	0.045592571
63.82	0.046960544
63.84	0.048034879
63.86	0.048781819
63.88	0.049146373
63.9	0.049140406
63.92	0.048781765
63.94	0.048113833
63.96	0.047156046
63.98	0.046170159
64	0.045248388
64.02	0.044430121
64.04	0.043731087
64.06	0.043149914
64.08	0.042654965
64.1	0.042219714
64.12	0.041836082
64.14	0.041493449
64.16	0.041185668
64.18	0.040942443
64.2	0.040730528
64.22	0.040517702
64.24	0.040278192
64.26	0.039975624
64.28	0.039572093
64.3	0.0389795
64.32	0.03821165
64.34	0.03734343
64.36	0.036471174
64.38	0.035635322
64.4	0.034867737
64.42	0.034173547
64.44	0.0335425
64.46	0.032967187
64.48	0.032395207
64.5	0.031824827
64.52	0.031273612
64.54	0.030751119
64.56	0.030246619
64.58	0.029780399
64.6	0.029340347
64.62	0.028930094
64.64	0.028529073
64.66	0.028035469
64.68	0.027456682
64.7	0.026841847
64.72	0.026272661
64.74	0.025838685
64.76	0.02551232
64.78	0.025301064
64.8	0.025210186
64.82	0.02523666
64.84	0.025372092
64.86	0.025620903
64.88	0.025983806
64.9	0.026471772
64.92	0.027071549
64.94	0.027782036
64.96	0.028587364
64.98	0.029381334
65	0.030017881
65.02	0.030481925
65.04	0.030734867
65.06	0.030780192
65.08	0.030620758
65.1	0.030239339
65.12	0.02963895
65.14	0.028818211
65.16	0.027765612
65.18	0.026497633
65.2	0.025057139
65.22	0.023503866
65.24	0.021922261
65.26	0.020386935
65.28	0.018943495
65.3	0.017605006
65.32	0.016324321
65.34	0.015108719
65.36	0.013966302
65.38	0.012900723
65.4	0.011942577
65.42	0.011124153
65.44	0.010471574
65.46	0.009980605
65.48	0.009656973
65.5	0.009491266
65.52	0.009462863
65.54	0.009579953
65.56	0.009885676
65.58	0.010380722
65.6	0.011033691
65.62	0.011776427
65.64	0.012526213
65.66	0.013256658
65.68	0.01392053
65.7	0.01444961
65.72	0.014779223
65.74	0.014906005
65.76	0.014822683
65.78	0.014580808
65.8	0.014213294
65.82	0.013742961
65.84	0.013201756
65.86	0.012614009
65.88	0.012009133
65.9	0.011471374
65.92	0.010996253
65.94	0.010621538
65.96	0.010364885
65.98	0.010208095
66	0.010094294
66.02	0.010032832
66.04	0.010010984
66.06	0.010009456
66.08	0.009972106
66.1	0.009858612
66.12	0.009589741
66.14	0.009133971
66.16	0.008493699
66.18	0.007676803
66.2	0.006689122
66.22	0.005575747
66.24	0.004350299
66.26	0.003072483
66.28	0.001759716
66.3	0.000436553
66.32	-0.000916408
66.34	-0.002269567
66.36	-0.003571008
66.38	-0.004800877
66.4	-0.005965271
66.42	-0.007109571
66.44	-0.008259231
66.46	-0.009430592
66.48	-0.010638375
66.5	-0.011874088
66.52	-0.013108175
66.54	-0.014286059
66.56	-0.015421905
66.58	-0.016529972
66.6	-0.017606221
66.62	-0.01860946
66.64	-0.019529835
66.66	-0.020370622
66.68	-0.021125717
66.7	-0.021782755
66.72	-0.022317166
66.74	-0.022714772
66.76	-0.022961688
66.78	-0.023063487
66.8	-0.023071821
66.82	-0.023044637
66.84	-0.022968501
66.86	-0.022786259
66.88	-0.022446486
66.9	-0.021963412
66.92	-0.021407429
66.94	-0.020806854
66.96	-0.020201912
66.98	-0.019624001
67	-0.01913715
67.02	-0.018728982
67.04	-0.018372615
67.06	-0.018050866
67.08	-0.017733516
67.1	-0.01735902
67.12	-0.016890174
67.14	-0.016346818
67.16	-0.015755887
67.18	-0.015136972
67.2	-0.014496978
67.22	-0.013835733
67.24	-0.013135803
67.26	-0.012325846
67.28	-0.011383315
67.3	-0.010388712
67.32	-0.00936439
67.34	-0.008318001
67.36	-0.007256853
67.38	-0.006161467
67.4	-0.005010649
67.42	-0.003801559
67.44	-0.002550127
67.46	-0.001282908
67.48	-3.32894E-06
67.5	0.001273943
67.52	0.002490899
67.54	0.003601846
67.56	0.004555758
67.58	0.005297633
67.6	0.005791032
67.62	0.00600629
67.64	0.005957388
67.66	0.005682129
67.68	0.005256541
67.7	0.004723931
67.72	0.004125222
67.74	0.003477155
67.76	0.002803076
67.78	0.002112234
67.8	0.001416226
67.82	0.000723317
67.84	0.000137456
67.86	-0.000283702
67.88	-0.000510553
67.9	-0.000543605
67.92	-0.000399319
67.94	-8.5348E-05
67.96	0.0003835
67.98	0.000999667
68	0.001771018
68.02	0.002682553
68.04	0.003578316
68.06	0.004342497
68.08	0.004949137
68.1	0.005363319
68.12	0.00559034
68.14	0.005663678
68.16	0.005626316
68.18	0.005488253
68.2	0.005243609
68.22	0.004884
68.24	0.004383483
68.26	0.003782228
68.28	0.003122772
68.3	0.002460562
68.32	0.00184814
68.34	0.001343019
68.36	0.001006868
68.38	0.000785917
68.4	0.000627281
68.42	0.000513726
68.44	0.000435847
68.46	0.000409975
68.48	0.000451143
68.5	0.000587762
68.52	0.000854622
68.54	0.00125949
68.56	0.00180633
68.58	0.002500082
68.6	0.003335187
68.62	0.00424706
68.64	0.005235308
68.66	0.006326205
68.68	0.007500259
68.7	0.008724795
68.72	0.009971158
68.74	0.011227699
68.76	0.012468099
68.78	0.01364996
68.8	0.014749008
68.82	0.015761899
68.84	0.016699413
68.86	0.017571858
68.88	0.018372558
68.9	0.019054268
68.92	0.019591657
68.94	0.019968571
68.96	0.02022147
68.98	0.020343467
69	0.020302644
69.02	0.02004135
69.04	0.019514836
69.06	0.018827265
69.08	0.018053965
69.1	0.017209393
69.12	0.016321657
69.14	0.015411568
69.16	0.014512617
69.18	0.013662397
69.2	0.012890196
69.22	0.012207524
69.24	0.011622818
69.26	0.011130615
69.28	0.010709104
69.3	0.010369257
69.32	0.010137905
69.34	0.010034733
69.36	0.010048699
69.38	0.01017099
69.4	0.010410036
69.42	0.010775983
69.44	0.011231665
69.46	0.011744956
69.48	0.012209065
69.5	0.012613699
69.52	0.012940924
69.54	0.013185607
69.56	0.013339889
69.58	0.013378127
69.6	0.013272516
69.62	0.013014635
69.64	0.012585051
69.66	0.012007938
69.68	0.011318993
69.7	0.010549384
69.72	0.009736171
69.74	0.008923329
69.76	0.008170862
69.78	0.007437866
69.8	0.006742369
69.82	0.006100424
69.84	0.00553252
69.86	0.005074627
69.88	0.004748655
69.9	0.004562262
69.92	0.00451127
69.94	0.004575922
69.96	0.004721623
69.98	0.004943206
70	0.005258763
70.02	0.0056475
70.04	0.006100319
70.06	0.006611943
70.08	0.007077303
70.1	0.007477494
70.12	0.007798414
70.14	0.00803247
70.16	0.008175271
70.18	0.008233511
70.2	0.008212372
70.22	0.008103406
70.24	0.007883357
70.26	0.007549535
70.28	0.007127108
70.3	0.006684984
70.32	0.006199915
70.34	0.005689971
70.36	0.005172846
70.38	0.004628466
70.4	0.004032695
70.42	0.003379604
70.44	0.002651659
70.46	0.001852021
70.48	0.000970909
70.5	2.59037E-05
70.52	-0.000968199
70.54	-0.001998519
70.56	-0.003056209
70.58	-0.00412244
70.6	-0.005140208
70.62	-0.006073826
70.64	-0.006902575
70.66	-0.007596537
70.68	-0.008144717
70.7	-0.00852915
70.72	-0.008736439
70.74	-0.00876748
70.76	-0.008622323
70.78	-0.008309901
70.8	-0.00781371
70.82	-0.007133055
70.84	-0.006298659
70.86	-0.005347371
70.88	-0.004332491
70.9	-0.003250458
70.92	-0.002100243
70.94	-0.000906563
70.96	0.000241192
70.98	0.001342578
71	0.002403467
71.02	0.003412098
71.04	0.004370095
71.06	0.005272329
71.08	0.006112415
71.1	0.006901641
71.12	0.007631909
71.14	0.008297965
71.16	0.008902034
71.18	0.009460514
71.2	0.009993019
71.22	0.01053201
71.24	0.011124399
71.26	0.011780844
71.28	0.012492353
71.3	0.01328206
71.32	0.014144915
71.34	0.015060947
71.36	0.016021293
71.38	0.01703149
71.4	0.018105689
71.42	0.01921059
71.44	0.020328327
71.46	0.021433872
71.48	0.022506599
71.5	0.023539817
71.52	0.024473834
71.54	0.025271952
71.56	0.025937563
71.58	0.026505203
71.6	0.027014396
71.62	0.02747263
71.64	0.027869918
71.66	0.028150222
71.68	0.028295708
71.7	0.02829232
71.72	0.028139134
71.74	0.027842983
71.76	0.027406574
71.78	0.026841179
71.8	0.026216434
71.82	0.025627558
71.84	0.025074604
71.86	0.024539788
71.88	0.024000525
71.9	0.023449075
71.92	0.022900178
71.94	0.022377685
71.96	0.021886358
71.98	0.021423122
72	0.020991747
72.02	0.020572822
72.04	0.020161837
72.06	0.019761253
72.08	0.019381149
72.1	0.019032029
72.12	0.018725989
72.14	0.018510872
72.16	0.018444112
72.18	0.018529421
72.2	0.018760139
72.22	0.019128011
72.24	0.019574691
72.26	0.020022911
72.28	0.020454315
72.3	0.020864213
72.32	0.021245385
72.34	0.021609039
72.36	0.021957536
72.38	0.022291007
72.4	0.022567017
72.42	0.022777328
72.44	0.022938486
72.46	0.023064275
72.48	0.023156949
72.5	0.023223513
72.52	0.023267014
72.54	0.023301267
72.56	0.023319253
72.58	0.023371988
72.6	0.023444157
72.62	0.023523903
72.64	0.023609051
72.66	0.023705323
72.68	0.023852566
72.7	0.024058128
72.72	0.024296291
72.74	0.024535035
72.76	0.0247506
72.78	0.024943261
72.8	0.025107588
72.82	0.02524442
72.84	0.025359255
72.86	0.025504887
72.88	0.025677606
72.9	0.025852554
72.92	0.025994466
72.94	0.02603164
72.96	0.025922442
72.98	0.025678324
73	0.025327461
73.02	0.024897413
73.04	0.024379044
73.06	0.023752274
73.08	0.02301219
73.1	0.022150354
73.12	0.021188831
73.14	0.020196284
73.16	0.019202338
73.18	0.018231357
73.2	0.017307754
73.22	0.016459127
73.24	0.015684971
73.26	0.014988615
73.28	0.014354601
73.3	0.013777476
73.32	0.013260392
73.34	0.01281248
73.36	0.012418504
73.38	0.012052107
73.4	0.01168524
73.42	0.011326066
73.44	0.010993338
73.46	0.010711635
73.48	0.010473004
73.5	0.010270465
73.52	0.01009537
73.54	0.00995437
73.56	0.009818221
73.58	0.009686267
73.6	0.009572374
73.62	0.009475645
73.64	0.009397048
73.66	0.009340119
73.68	0.009299788
73.7	0.009305448
73.72	0.009351453
73.74	0.009413242
73.76	0.009492378
73.78	0.009605037
73.8	0.009756334
73.82	0.0099436
73.84	0.010136965
73.86	0.010306365
73.88	0.010447634
73.9	0.010571797
73.92	0.010673747
73.94	0.010730789
73.96	0.010744748
73.98	0.010760413
74	0.01077229
74.02	0.010778632
74.04	0.01074742
74.06	0.010656968
74.08	0.010517569
74.1	0.010332228
74.12	0.010117838
74.14	0.009872445
74.16	0.009588346
74.18	0.009250244
74.2	0.00882426
74.22	0.008305529
74.24	0.007657343
74.26	0.006912889
74.28	0.006144848
74.3	0.005408245
74.32	0.004699076
74.34	0.004010047
74.36	0.003324036
74.38	0.002631329
74.4	0.001934615
74.42	0.001231751
74.44	0.000540704
74.46	-0.000107673
74.48	-0.000694811
74.5	-0.001206168
74.52	-0.001629841
74.54	-0.001942737
74.56	-0.002148371
74.58	-0.002246547
74.6	-0.002253319
74.62	-0.00217498
74.64	-0.002023247
74.66	-0.001825733
74.68	-0.001618787
74.7	-0.001385914
74.72	-0.001102327
74.74	-0.000737547
74.76	-0.000374717
74.78	-5.45903E-05
74.8	0.000215046
74.82	0.000410425
74.84	0.000537639
74.86	0.000613788
74.88	0.0006576
74.9	0.000691643
74.92	0.000709584
74.94	0.000742913
74.96	0.000818126
74.98	0.000943105
75	0.001113291
75.02	0.001315167
75.04	0.001522488
75.06	0.001731156
75.08	0.001976975
75.1	0.002280716
75.12	0.002655596
75.14	0.003072235
75.16	0.003520205
75.18	0.004008889
75.2	0.004560262
75.22	0.00519168
75.24	0.005886061
75.26	0.006617123
75.28	0.007360737
75.3	0.008113558
75.32	0.008860502
75.34	0.009584436
75.36	0.010239206
75.38	0.010799264
75.4	0.011247984
75.42	0.011581916
75.44	0.011799968
75.46	0.011898061
75.48	0.011889994
75.5	0.011799049
75.52	0.011641305
75.54	0.011413008
75.56	0.01110444
75.58	0.010700981
75.6	0.010194067
75.62	0.009599731
75.64	0.0089289
75.66	0.00823311
75.68	0.007498155
75.7	0.006738803
75.72	0.005971494
75.74	0.005210041
75.76	0.004447577
75.78	0.003704056
75.8	0.003004911
75.82	0.002379283
75.84	0.001848832
75.86	0.001400226
75.88	0.001023466
75.9	0.000708302
75.92	0.000459123
75.94	0.000301886
75.96	0.000282833
75.98	0.000408187
76	0.000660424
76.02	0.00102613
76.04	0.001470385
76.06	0.001962796
76.08	0.002461011
76.1	0.002918054
76.12	0.003311621
76.14	0.003675406
76.16	0.004028623
76.18	0.004384032
76.2	0.004725535
76.22	0.005006258
76.24	0.005180895
76.26	0.005214881
76.28	0.005106009
76.3	0.004882593
76.32	0.004596136
76.34	0.004342646
76.36	0.004181403
76.38	0.00411841
76.4	0.004112152
76.42	0.004124759
76.44	0.004162263
76.46	0.004248432
76.48	0.004426885
76.5	0.004761306
76.52	0.005256911
76.54	0.005900854
76.56	0.006674325
76.58	0.007573241
76.6	0.008589575
76.62	0.009711968
76.64	0.010909572
76.66	0.012124918
76.68	0.013336453
76.7	0.014510267
76.72	0.015624884
76.74	0.016679463
76.76	0.017673659
76.78	0.018565387
76.8	0.019352992
76.82	0.020027806
76.84	0.020583312
76.86	0.020993869
76.88	0.021250745
76.9	0.021354073
76.92	0.02133127
76.94	0.021177512
76.96	0.020882439
76.98	0.020449164
77	0.019888702
77.02	0.019229825
77.04	0.018514288
77.06	0.01775786
77.08	0.016993536
77.1	0.016232878
77.12	0.015501145
77.14	0.014846924
77.16	0.014265511
77.18	0.013755991
77.2	0.013361703
77.22	0.013101521
77.24	0.012986817
77.26	0.012997948
77.28	0.013098854
77.3	0.013259025
77.32	0.013458539
77.34	0.013691364
77.36	0.013969621
77.38	0.014315691
77.4	0.014730067
77.42	0.015208874
77.44	0.015729832
77.46	0.01625557
77.48	0.016725037
77.5	0.017101568
77.52	0.017386678
77.54	0.017578889
77.56	0.017692757
77.58	0.017748787
77.6	0.017753713
77.62	0.017703739
77.64	0.01758635
77.66	0.017391086
77.68	0.017104946
77.7	0.01672198
77.72	0.016253406
77.74	0.015727031
77.76	0.015168956
77.78	0.014615233
77.8	0.014100205
77.82	0.013637296
77.84	0.013231352
77.86	0.012896648
77.88	0.012657465
77.9	0.012571989
77.92	0.012678022
77.94	0.012969996
77.96	0.013439257
77.98	0.014043455
78	0.014752488
78.02	0.015557247
78.04	0.016439374
78.06	0.017361762
78.08	0.018263027
78.1	0.019085544
78.12	0.019776875
78.14	0.020304237
78.16	0.020641785
78.18	0.020787796
78.2	0.020760373
78.22	0.020571055
78.24	0.020228538
78.26	0.019732402
78.28	0.019085847
78.3	0.018297558
78.32	0.017387099
78.34	0.016435937
78.36	0.015500959
78.38	0.014569723
78.4	0.013681095
78.42	0.012841318
78.44	0.01206256
78.46	0.011364863
78.48	0.010767478
78.5	0.010285826
78.52	0.009929087
78.54	0.009675122
78.56	0.009505786
78.58	0.009417923
78.6	0.009402102
78.62	0.009447778
78.64	0.009554869
78.66	0.009751427
78.68	0.010013189
78.7	0.010321269
78.72	0.010651244
78.74	0.010988665
78.76	0.011328212
78.78	0.011662844
78.8	0.011970309
78.82	0.012248391
78.84	0.012496467
78.86	0.012704712
78.88	0.012866476
78.9	0.012980987
78.92	0.013056271
78.94	0.013097253
78.96	0.013104986
78.98	0.013103281
79	0.013101673
79.02	0.013116045
79.04	0.013159247
79.06	0.013205808
79.08	0.013245096
79.1	0.013289438
79.12	0.013346961
79.14	0.013412816
79.16	0.01347378
79.18	0.013513965
79.2	0.013524802
79.22	0.013499193
79.24	0.013419364
79.26	0.013304719
79.28	0.013179292
79.3	0.013062087
79.32	0.012978768
79.34	0.012932485
79.36	0.012895696
79.38	0.012844817
79.4	0.012766082
79.42	0.012643981
79.44	0.012475805
79.46	0.012273308
79.48	0.012098746
79.5	0.011961696
79.52	0.011856339
79.54	0.011753082
79.56	0.011621513
79.58	0.011441745
79.6	0.011171216
79.62	0.010798475
79.64	0.010340824
79.66	0.009819315
79.68	0.009264014
79.7	0.008694494
79.72	0.008106163
79.74	0.007498392
79.76	0.006879242
79.78	0.006272696
79.8	0.005685097
79.82	0.005147782
79.84	0.004665309
79.86	0.004247777
79.88	0.00389921
79.9	0.00361879
79.92	0.003391396
79.94	0.003227071
79.96	0.003152946
79.98	0.003181267
80	0.003305517
80.02	0.003482276
80.04	0.003637249
80.06	0.003773313
80.08	0.003869487
80.1	0.003916491
80.12	0.003918291
80.14	0.00388522
80.16	0.003838109
80.18	0.003799496
80.2	0.003776446
80.22	0.003759587
80.24	0.003730669
80.26	0.003694652
80.28	0.0036819
80.3	0.003712164
80.32	0.003807681
80.34	0.003962442
80.36	0.004182781
80.38	0.004491312
80.4	0.004939767
80.42	0.005491045
80.44	0.006110005
80.46	0.006759808
80.48	0.0074153
80.5	0.00807125
80.52	0.008738922
80.54	0.009426428
80.56	0.010120928
80.58	0.010798674
80.6	0.01143034
80.62	0.011984868
80.64	0.0124136
80.66	0.012706872
80.68	0.012883677
80.7	0.012935041
80.72	0.012865511
80.74	0.012702418
80.76	0.012477449
80.78	0.012224325
80.8	0.011973469
80.82	0.011725822
80.84	0.011446937
80.86	0.011144918
80.88	0.010840652
80.9	0.010585565
80.92	0.010457914
80.94	0.010468336
80.96	0.010618282
80.98	0.010883091
81	0.011226793
81.02	0.011619268
81.04	0.012019182
81.06	0.012403175
81.08	0.012776446
81.1	0.013186376
81.12	0.01361522
81.14	0.014014911
81.16	0.014364871
81.18	0.014672745
81.2	0.014933334
81.22	0.015129723
81.24	0.015245651
81.26	0.015285652
81.28	0.015258366
81.3	0.015168457
81.32	0.01504464
81.34	0.014903888
81.36	0.014758035
81.38	0.01461863
81.4	0.014497886
81.42	0.01437771
81.44	0.014236074
81.46	0.014087516
81.48	0.013942355
81.5	0.013836168
81.52	0.013775641
81.54	0.013749699
81.56	0.013741881
81.58	0.013742101
81.6	0.01374956
81.62	0.013766608
81.64	0.013809742
81.66	0.013890112
81.68	0.013976007
81.7	0.014053842
81.72	0.014128515
81.74	0.014210709
81.76	0.014296239
81.78	0.014404927
81.8	0.014540732
81.82	0.014722266
81.84	0.014970377
81.86	0.01527567
81.88	0.015609232
81.9	0.015941044
81.92	0.016249219
81.94	0.016546024
81.96	0.016822319
81.98	0.017054512
82	0.017239844
82.02	0.017375482
82.04	0.017438939
82.06	0.017398402
82.08	0.017216987
82.1	0.016903359
82.12	0.016490337
82.14	0.015998302
82.16	0.01544467
82.18	0.014860781
82.2	0.014263491
82.22	0.013653352
82.24	0.01302052
82.26	0.012382311
82.28	0.011771112
82.3	0.011216474
82.32	0.010731017
82.34	0.010317839
82.36	0.009982165
82.38	0.009747512
82.4	0.009620522
82.42	0.009604575
82.44	0.00969547
82.46	0.00988059
82.48	0.010151247
82.5	0.010507741
82.52	0.010930355
82.54	0.011398149
82.56	0.011902086
82.58	0.012448429
82.6	0.013008821
82.62	0.013544885
82.64	0.014029179
82.66	0.014440547
82.68	0.014757356
82.7	0.014981221
82.72	0.015119878
82.74	0.015175248
82.76	0.015153313
82.78	0.015058824
82.8	0.014911704
82.82	0.014736677
82.84	0.014561261
82.86	0.014390968
82.88	0.014218556
82.9	0.014035808
82.92	0.013867877
82.94	0.013713561
82.96	0.013554583
82.98	0.013374849
83	0.013174367
83.02	0.012969183
83.04	0.01277086
83.06	0.012584504
83.08	0.012414734
83.1	0.012246546
83.12	0.01208449
83.14	0.011936125
83.16	0.01179031
83.18	0.011643861
83.2	0.011521418
83.22	0.011456784
83.24	0.011471874
83.26	0.011567157
83.28	0.011736841
83.3	0.011948443
83.32	0.01217436
83.34	0.012383371
83.36	0.012548913
83.38	0.012650007
83.4	0.012676727
83.42	0.012637651
83.44	0.012541971
83.46	0.012414374
83.48	0.012244724
83.5	0.012016174
83.52	0.01172143
83.54	0.011340323
83.56	0.010872384
83.58	0.010331736
83.6	0.009720978
83.62	0.009032914
83.64	0.008257654
83.66	0.007427731
83.68	0.006566014
83.7	0.005705948
83.72	0.004848573
83.74	0.004018044
83.76	0.003266018
83.78	0.002624413
83.8	0.00209722
83.82	0.001682276
83.84	0.001377584
83.86	0.001198409
83.88	0.001131171
83.9	0.001178086
83.92	0.001352923
83.94	0.00162047
83.96	0.001966501
83.98	0.00241533
84	0.002954577
84.02	0.003459154
84.04	0.00390674
84.06	0.004298915
84.08	0.004616632
84.1	0.004847229
84.12	0.004979552
84.14	0.004999449
84.16	0.004914262
84.18	0.004737473
84.2	0.004472029
84.22	0.004145235
84.24	0.003788556
84.26	0.003443317
84.28	0.00313528
84.3	0.002886512
84.32	0.002698939
84.34	0.002529849
84.36	0.002398505
84.38	0.002337576
84.4	0.002335857
84.42	0.002379798
84.44	0.002471083
84.46	0.002614788
84.48	0.00281767
84.5	0.003109133
84.52	0.003511599
84.54	0.004034273
84.56	0.004672852
84.58	0.005347762
84.6	0.006015339
84.62	0.00665796
84.64	0.007253472
84.66	0.00781877
84.68	0.008369018
84.7	0.008912312
84.72	0.009446521
84.74	0.009968484
84.76	0.010468615
84.78	0.010933018
84.8	0.011348234
84.82	0.011705366
84.84	0.011991116
84.86	0.012193143
84.88	0.012299532
84.9	0.012334187
84.92	0.012315466
84.94	0.01231634
84.96	0.012337606
84.98	0.012345974
85	0.012348514
85.02	0.012330917
85.04	0.012305383
85.06	0.012288327
85.08	0.012290391
85.1	0.012340311
85.12	0.012437964
85.14	0.012516375
85.16	0.012573418
85.18	0.012615542
85.2	0.01262966
85.22	0.01262095
85.24	0.01263392
85.26	0.012715547
85.28	0.012912141
85.3	0.013211455
85.32	0.013604052
85.34	0.014078942
85.36	0.014599463
85.38	0.015137914
85.4	0.015663228
85.42	0.016120986
85.44	0.016507241
85.46	0.016826314
85.48	0.017043671
85.5	0.017152698
85.52	0.017166729
85.54	0.017099311
85.56	0.01697273
85.58	0.016786571
85.6	0.016536454
85.62	0.016226292
85.64	0.015848485
85.66	0.015409912
85.68	0.014950936
85.7	0.014470852
85.72	0.013993468
85.74	0.013566206
85.76	0.013211787
85.78	0.012927626
85.8	0.012718018
85.82	0.012581402
85.84	0.012508938
85.86	0.012496051
85.88	0.012533909
85.9	0.012627474
85.92	0.012770736
85.94	0.012961712
85.96	0.01320355
85.98	0.013504979
86	0.013840437
86.02	0.014192237
86.04	0.014491574
86.06	0.014735999
86.08	0.01492253
86.1	0.015056244
86.12	0.015144998
86.14	0.015195241
86.16	0.015201493
86.18	0.015164125
86.2	0.015067594
86.22	0.014900201
86.24	0.014647627
86.26	0.014325714
86.28	0.014018399
86.3	0.013779352
86.32	0.013622371
86.34	0.013554027
86.36	0.013586232
86.38	0.013704366
86.4	0.013878721
86.42	0.014074681
86.44	0.014261367
86.46	0.014424584
86.48	0.014575845
86.5	0.014738781
86.52	0.014931749
86.54	0.015153301
86.56	0.015407525
86.58	0.015625298
86.6	0.015752424
86.62	0.015782605
86.64	0.015728846
86.66	0.015609371
86.68	0.015439361
86.7	0.015239939
86.72	0.014997643
86.74	0.014716784
86.76	0.014419214
86.78	0.014114102
86.8	0.01380843
86.82	0.013529015
86.84	0.013299969
86.86	0.013135867
86.88	0.013023346
86.9	0.012948629
86.92	0.012889833
86.94	0.012821151
86.96	0.012715532
86.98	0.012570309
87	0.012393797
87.02	0.012208302
87.04	0.012046604
87.06	0.011899472
87.08	0.011745339
87.1	0.011562443
87.12	0.01132302
87.14	0.010993556
87.16	0.010566181
87.18	0.010080666
87.2	0.009574328
87.22	0.009087206
87.24	0.008627619
87.26	0.008177249
87.28	0.007721382
87.3	0.007267583
87.32	0.006813686
87.34	0.006361484
87.36	0.005924417
87.38	0.005501342
87.4	0.005083331
87.42	0.004691282
87.44	0.004326592
87.46	0.003984068
87.48	0.003672142
87.5	0.003409423
87.52	0.003204771
87.54	0.003046659
87.56	0.002935284
87.58	0.002854684
87.6	0.002807029
87.62	0.00276955
87.64	0.002699726
87.66	0.002613041
87.68	0.002509533
87.7	0.002391861
87.72	0.002280851
87.74	0.002199771
87.76	0.002173042
87.78	0.002220075
87.8	0.002355019
87.82	0.002570114
87.84	0.002844545
87.86	0.003136189
87.88	0.003393115
87.9	0.003594228
87.92	0.003747306
87.94	0.003869453
87.96	0.003965285
87.98	0.004035075
88	0.004078943
88.02	0.004082255
88.04	0.004025673
88.06	0.003889538
88.08	0.003669001
88.1	0.003377455
88.12	0.003032518
88.14	0.002650906
88.16	0.002234883
88.18	0.001783536
88.2	0.001294182
88.22	0.000780084
88.24	0.000263482
88.26	-0.000227203
88.28	-0.000650976
88.3	-0.000982224
88.32	-0.001213312
88.34	-0.001345559
88.36	-0.001398567
88.38	-0.00138922
88.4	-0.001321461
88.42	-0.001212774
88.44	-0.001073371
88.46	-0.000897715
88.48	-0.000672516
88.5	-0.000391332
88.52	-7.46224E-05
88.54	0.000279649
88.56	0.000637355
88.58	0.000920008
88.6	0.001149872
88.62	0.001326379
88.64	0.001466906
88.66	0.001576746
88.68	0.001658935
88.7	0.001724083
88.72	0.001764776
88.74	0.001778949
88.76	0.001789742
88.78	0.001820526
88.8	0.001897566
88.82	0.002039919
88.84	0.002257928
88.86	0.002529016
88.88	0.002856388
88.9	0.003244517
88.92	0.00369676
88.94	0.004191039
88.96	0.004702367
88.98	0.005210859
89	0.005705342
89.02	0.006192739
89.04	0.006676449
89.06	0.007177778
89.08	0.007699413
89.1	0.008246668
89.12	0.008823086
89.14	0.009424747
89.16	0.010029347
89.18	0.010622248
89.2	0.011188725
89.22	0.011730483
89.24	0.012228274
89.26	0.012665369
89.28	0.013022824
89.3	0.013296476
89.32	0.01347472
89.34	0.013553649
89.36	0.013544294
89.38	0.013446306
89.4	0.013259968
89.42	0.012978605
89.44	0.012618165
89.46	0.012204069
89.48	0.011764483
89.5	0.011291031
89.52	0.01076375
89.54	0.010177528
89.56	0.009552206
89.58	0.008909205
89.6	0.008265092
89.62	0.007653973
89.64	0.007085478
89.66	0.006570761
89.68	0.006126026
89.7	0.005766108
89.72	0.005513052
89.74	0.005383962
89.76	0.005374413
89.78	0.005461345
89.8	0.00562145
89.82	0.005839512
89.84	0.00610941
89.86	0.006438752
89.88	0.00682145
89.9	0.007246567
89.92	0.007715137
89.94	0.008229966
89.96	0.008779809
89.98	0.009283558
90	0.009704425
90.02	0.010037609
90.04	0.010259765
90.06	0.01037712
90.08	0.010397059
90.1	0.010323894
90.12	0.010169628
90.14	0.00994618
90.16	0.009679581
90.18	0.009421956
90.2	0.009213283
90.22	0.009042219
90.24	0.008917494
90.26	0.00885732
90.28	0.008860624
90.3	0.008947944
90.32	0.009157251
90.34	0.009489739
90.36	0.009940452
90.38	0.010488259
90.4	0.01111439
90.42	0.011793062
90.44	0.012499589
90.46	0.013232827
90.48	0.014024082
90.5	0.014848695
90.52	0.015692739
90.54	0.016528583
90.56	0.017323323
90.58	0.018037273
90.6	0.018674511
90.62	0.019250361
90.64	0.019766763
90.66	0.020220006
90.68	0.020597716
90.7	0.020898702
90.72	0.021122398
90.74	0.0212461
90.76	0.021257238
90.78	0.02115512
90.8	0.020951319
90.82	0.020665377
90.84	0.02039897
90.86	0.020144451
90.88	0.019921531
90.9	0.0197284
90.92	0.019559346
90.94	0.019417134
90.96	0.019294062
90.98	0.019172035
91	0.019060531
91.02	0.018961677
91.04	0.018884622
91.06	0.018826218
91.08	0.018779875
91.1	0.018741452
91.12	0.018712557
91.14	0.018725588
91.16	0.018781862
91.18	0.018855166
91.2	0.018924769
91.22	0.018977125
91.24	0.019003099
91.26	0.019003193
91.28	0.018983269
91.3	0.018937791
91.32	0.018844105
91.34	0.018684737
91.36	0.018446987
91.38	0.018134781
91.4	0.017763696
91.42	0.017356305
91.44	0.016912667
91.46	0.01643889
91.48	0.015931964
91.5	0.015400382
91.52	0.01485653
91.54	0.014324681
91.56	0.013820119
91.58	0.013350264
91.6	0.01291849
91.62	0.012528021
91.64	0.012178306
91.66	0.011874301
91.68	0.011629167
91.7	0.011460552
91.72	0.011375985
91.74	0.011365998
91.76	0.011455169
91.78	0.011646195
91.8	0.011923715
91.82	0.012277283
91.84	0.01269035
91.86	0.013142532
91.88	0.013596475
91.9	0.014038144
91.92	0.014461397
91.94	0.014853861
91.96	0.015202215
91.98	0.015483913
92	0.015676532
92.02	0.015763967
92.04	0.015735021
92.06	0.01559287
92.08	0.015356055
92.1	0.015050693
92.12	0.014694436
92.14	0.014301017
92.16	0.013867366
92.18	0.013416603
92.2	0.012977794
92.22	0.01258182
92.24	0.012240382
92.26	0.011950148
92.28	0.01171653
92.3	0.011540147
92.32	0.011420755
92.34	0.011356813
92.36	0.011342964
92.38	0.011363487
92.4	0.011407685
92.42	0.01144601
92.44	0.011456806
92.46	0.01142044
92.48	0.011358607
92.5	0.011320422
92.52	0.011313886
92.54	0.011335633
92.56	0.011370669
92.58	0.011406744
92.6	0.011431311
92.62	0.011442689
92.64	0.011453751
92.66	0.011480035
92.68	0.011529171
92.7	0.011594228
92.72	0.011661187
92.74	0.011741549
92.76	0.01183998
92.78	0.011946742
92.8	0.012061943
92.82	0.012199009
92.84	0.012360787
92.86	0.01255806
92.88	0.012798656
92.9	0.013085869
92.92	0.013410788
92.94	0.013742953
92.96	0.014066377
92.98	0.014389163
93	0.014710843
93.02	0.015021661
93.04	0.015307814
93.06	0.015545978
93.08	0.01571655
93.1	0.015826786
93.12	0.015889063
93.14	0.015913825
93.16	0.015900961
93.18	0.015845472
93.2	0.015745417
93.22	0.015602606
93.24	0.01543119
93.26	0.01525043
93.28	0.015087933
93.3	0.014950645
93.32	0.014831606
93.34	0.014743198
93.36	0.01467408
93.38	0.014606682
93.4	0.014510827
93.42	0.014370318
93.44	0.014182402
93.46	0.013951951
93.48	0.013680531
93.5	0.013366594
93.52	0.013008447
93.54	0.012629769
93.56	0.01222719
93.58	0.011810015
93.6	0.011383407
93.62	0.010948158
93.64	0.010497634
93.66	0.010035493
93.68	0.009560875
93.7	0.009087396
93.72	0.008626083
93.74	0.0081868
93.76	0.007789128
93.78	0.00743641
93.8	0.007124901
93.82	0.006855522
93.84	0.006628606
93.86	0.00645139
93.88	0.006324554
93.9	0.006254649
93.92	0.006231322
93.94	0.006251648
93.96	0.006319234
93.98	0.006439629
94	0.00661837
94.02	0.006857627
94.04	0.007141725
94.06	0.007473687
94.08	0.007856773
94.1	0.008299487
94.12	0.008803187
94.14	0.009348004
94.16	0.009945385
94.18	0.010597857
94.2	0.011298211
94.22	0.012044198
94.24	0.01282644
94.26	0.013635272
94.28	0.014463291
94.3	0.015305431
94.32	0.016153467
94.34	0.016989703
94.36	0.017805954
94.38	0.018585289
94.4	0.019320404
94.42	0.019993313
94.44	0.020596286
94.46	0.021121571
94.48	0.02156442
94.5	0.021922626
94.52	0.022183668
94.54	0.022347998
94.56	0.022416036
94.58	0.022396478
94.6	0.022301644
94.62	0.022148602
94.64	0.021951584
94.66	0.021716358
94.68	0.021441176
94.7	0.021124528
94.72	0.020772163
94.74	0.020390849
94.76	0.019990121
94.78	0.019582871
94.8	0.019170832
94.82	0.01875407
94.84	0.018332398
94.86	0.017898506
94.88	0.017442892
94.9	0.016962769
94.92	0.016454977
94.94	0.015912926
94.96	0.015347451
94.98	0.014785161
95	0.014241007
95.02	0.013730016
95.04	0.013273869
95.06	0.012881114
95.08	0.012535141
95.1	0.01222615
95.12	0.011942718
95.14	0.011675896
95.16	0.011416504
95.18	0.01116611
95.2	0.010928962
95.22	0.010710718
95.24	0.010512258
95.26	0.010336129
95.28	0.010175545
95.3	0.010005132
95.32	0.009812724
95.34	0.009600262
95.36	0.009377026
95.38	0.009164863
95.4	0.009001303
95.42	0.008879841
95.44	0.008796433
95.46	0.008744583
95.48	0.008708951
95.5	0.00868682
95.52	0.008691013
95.54	0.00874338
95.56	0.008864582
95.58	0.009057154
95.6	0.009299082
95.62	0.009585556
95.64	0.00989626
95.66	0.010216965
95.68	0.01054876
95.7	0.010883919
95.72	0.011235591
95.74	0.011606826
95.76	0.011992761
95.78	0.012391012
95.8	0.012794466
95.82	0.013186405
95.84	0.013546496
95.86	0.013850776
95.88	0.014079808
95.9	0.014209648
95.92	0.014241509
95.94	0.014183522
95.96	0.014039648
95.98	0.013809206
96	0.013481179
96.02	0.013050022
96.04	0.012528074
96.06	0.011956009
96.08	0.01139173
96.1	0.010851784
96.12	0.010352636
96.14	0.009892877
96.16	0.00946351
96.18	0.009053342
96.2	0.008648646
96.22	0.008236893
96.24	0.007816661
96.26	0.007395266
96.28	0.006994304
96.3	0.006641511
96.32	0.006337144
96.34	0.006082899
96.36	0.005876291
96.38	0.005721764
96.4	0.005604229
96.42	0.005512044
96.44	0.005456611
96.46	0.005460224
96.48	0.005533643
96.5	0.005678822
96.52	0.005888771
96.54	0.006139741
96.56	0.006376193
96.58	0.006578666
96.6	0.006737849
96.62	0.00685881
96.64	0.006957415
96.66	0.007039235
96.68	0.007097361
96.7	0.007129789
96.72	0.007117922
96.74	0.007076059
96.76	0.007010294
96.78	0.006926786
96.8	0.006839081
96.82	0.006770034
96.84	0.006740249
96.86	0.006767133
96.88	0.006864547
96.9	0.007037896
96.92	0.007291705
96.94	0.00762851
96.96	0.008035813
96.98	0.008490128
97	0.008990955
97.02	0.009524682
97.04	0.010093673
97.06	0.010694212
97.08	0.011313911
97.1	0.011926747
97.12	0.012511063
97.14	0.013065336
97.16	0.013572575
97.18	0.014033178
97.2	0.01444216
97.22	0.014787686
97.24	0.015045585
97.26	0.015204985
97.28	0.015253436
97.3	0.015186353
97.32	0.015006912
97.34	0.014713175
97.36	0.014302566
97.38	0.013771351
97.4	0.013116946
97.42	0.012397336
97.44	0.011633479
97.46	0.010835078
97.48	0.010034053
97.5	0.009265348
97.52	0.008549109
97.54	0.007911638
97.56	0.007354137
97.58	0.006877969
97.6	0.006467291
97.62	0.006098916
97.64	0.005752513
97.66	0.00542035
97.68	0.005112686
97.7	0.00485167
97.72	0.004658334
97.74	0.004570427
97.76	0.004592649
97.78	0.00471462
97.8	0.004919809
97.82	0.00511093
97.84	0.005286974
97.86	0.005450955
97.88	0.005608465
97.9	0.005782275
97.92	0.005995608
97.94	0.006259803
97.96	0.006547208
97.98	0.006811739
98	0.007041575
98.02	0.007237103
98.04	0.007413453
98.06	0.007589643
98.08	0.007782574
98.1	0.007997205
98.12	0.008229162
98.14	0.008494597
98.16	0.008803782
98.18	0.009158411
98.2	0.009551916
98.22	0.0099825
98.24	0.010438201
98.26	0.010915255
98.28	0.01141959
98.3	0.011958411
98.32	0.012528979
98.34	0.013129384
98.36	0.013762643
98.38	0.01442489
98.4	0.015116312
98.42	0.015814636
98.44	0.016516451
98.46	0.017208846
98.48	0.017873434
98.5	0.018490401
98.52	0.019042386
98.54	0.019522997
98.56	0.019945353
98.58	0.020333542
98.6	0.020697925
98.62	0.02102559
98.64	0.021287301
98.66	0.02147088
98.68	0.021557047
98.7	0.021542476
98.72	0.021430258
98.74	0.021232415
98.76	0.020960991
98.78	0.020622105
98.8	0.020215468
98.82	0.01975511
98.84	0.019298472
98.86	0.0188347
98.88	0.018393946
98.9	0.017982031
98.92	0.017598333
98.94	0.01724525
98.96	0.016925378
98.98	0.016654489
99	0.016440916
99.02	0.0162679
99.04	0.016118625
99.06	0.015947968
99.08	0.015720225
99.1	0.015463481
99.12	0.015205933
99.14	0.014979194
99.16	0.014786075
99.18	0.014640569
99.2	0.01454853
99.22	0.014483095
99.24	0.014413479
99.26	0.014327616
99.28	0.014210448
99.3	0.014066154
99.32	0.013897834
99.34	0.013719862
99.36	0.01356254
99.38	0.013440431
99.4	0.013354136
99.42	0.0132956
99.44	0.013259045
99.46	0.013232442
99.48	0.013193201
99.5	0.013150559
99.52	0.013143025
99.54	0.013182519
99.56	0.01327014
99.58	0.01340071
99.6	0.013555929
99.62	0.013713183
99.64	0.013856961
99.66	0.013975106
99.68	0.014056099
99.7	0.014105429
99.72	0.014131028
99.74	0.01414404
99.76	0.014138279
99.78	0.014129353
99.8	0.014133343
99.82	0.014146468
99.84	0.014165702
99.86	0.014194652
99.88	0.01424179
99.9	0.0143188
99.92	0.01443405
99.94	0.014584879
99.96	0.014768805
99.98	0.014985074
100	0.015237006
100.02	0.015515217
100.04	0.015806262
100.06	0.01608829
100.08	0.016335077
100.1	0.016527572
100.12	0.016658664
100.14	0.016734724
100.16	0.016767779
100.18	0.016785392
100.2	0.016799965
100.22	0.016814791
100.24	0.016821197
100.26	0.016807565
100.28	0.016765174
100.3	0.016683495
100.32	0.016571006
100.34	0.016444015
100.36	0.016320023
100.38	0.016219255
100.4	0.016145209
100.42	0.016105287
100.44	0.016099235
100.46	0.016115566
100.48	0.016144217
100.5	0.016177525
100.52	0.016208759
100.54	0.016236556
100.56	0.016265178
100.58	0.016286511
100.6	0.01629019
100.62	0.016277822
100.64	0.016252043
100.66	0.016202935
100.68	0.016131561
100.7	0.016042904
100.72	0.01593427
100.74	0.015796039
100.76	0.015624843
100.78	0.015431947
100.8	0.015240799
100.82	0.015076094
100.84	0.014966382
100.86	0.014926222
100.88	0.014955936
100.9	0.015046519
100.92	0.01518878
100.94	0.015373209
100.96	0.015590833
100.98	0.015823055
101	0.01605498
101.02	0.016262627
101.04	0.016434588
101.06	0.016574498
101.08	0.016672017
101.1	0.016713549
101.12	0.016697273
101.14	0.0166182
101.16	0.016461698
101.18	0.016229642
101.2	0.015917319
101.22	0.015515974
101.24	0.015040961
101.26	0.014521209
101.28	0.014004577
101.3	0.013521266
101.32	0.013059124
101.34	0.012605928
101.36	0.012150776
101.38	0.011690663
101.4	0.011230736
101.42	0.010780618
101.44	0.010360147
101.46	0.009989134
101.48	0.009680927
101.5	0.009443913
101.52	0.009269922
101.54	0.009141438
101.56	0.009055533
101.58	0.009020352
101.6	0.009012686
101.62	0.009020899
101.64	0.009038942
101.66	0.009057889
101.68	0.009061775
101.7	0.00905299
101.72	0.009015621
101.74	0.008940734
101.76	0.008827194
101.78	0.008671078
101.8	0.008486426
101.82	0.008296036
101.84	0.008128311
101.86	0.008005161
101.88	0.007931567
101.9	0.007927682
101.92	0.008005439
101.94	0.008172011
101.96	0.008435242
101.98	0.008764532
102	0.009127048
102.02	0.009514204
102.04	0.009914662
102.06	0.010325778
102.08	0.010737698
102.1	0.011146762
102.12	0.011580975
102.14	0.012054915
102.16	0.012571476
102.18	0.013130233
102.2	0.013732913
102.22	0.014361412
102.24	0.015013249
102.26	0.015675497
102.28	0.016344571
102.3	0.017025487
102.32	0.017705175
102.34	0.0183789
102.36	0.019039652
102.38	0.019686011
102.4	0.020317886
102.42	0.020926876
102.44	0.021491577
102.46	0.02198722
102.48	0.022396291
102.5	0.022708331
102.52	0.022915458
102.54	0.023015609
102.56	0.023001016
102.58	0.022858254
102.6	0.022581895
102.62	0.022167376
102.64	0.021613031
102.66	0.020933087
102.68	0.020152866
102.7	0.019296988
102.72	0.018406434
102.74	0.017562952
102.76	0.016750243
102.78	0.015979788
102.8	0.015253045
102.82	0.01456185
102.84	0.013902194
102.86	0.013278789
102.88	0.012704886
102.9	0.012208162
102.92	0.011799288
102.94	0.011489912
102.96	0.011272834
102.98	0.01112392
103	0.011014533
103.02	0.010918291
103.04	0.010817536
103.06	0.010684632
103.08	0.010501368
103.1	0.010291604
103.12	0.010068206
103.14	0.009847037
103.16	0.009628971
103.18	0.009404375
103.2	0.009142079
103.22	0.008824873
103.24	0.008461981
103.26	0.008084026
103.28	0.007734843
103.3	0.007461831
103.32	0.007303796
103.34	0.007244576
103.36	0.007274321
103.38	0.007403471
103.4	0.007621679
103.42	0.007916434
103.44	0.008286291
103.46	0.00873058
103.48	0.009241363
103.5	0.009809395
103.52	0.010425289
103.54	0.011082512
103.56	0.01177356
103.58	0.012480537
103.6	0.013208704
103.62	0.013940273
103.64	0.014652772
103.66	0.015341117
103.68	0.015999776
103.7	0.016616346
103.72	0.017178819
103.74	0.017689897
103.76	0.018146848
103.78	0.018565139
103.8	0.018940358
103.82	0.019269812
103.84	0.019547688
103.86	0.01976186
103.88	0.019894709
103.9	0.019928935
103.92	0.019852876
103.94	0.019673591
103.96	0.019419028
103.98	0.019123254
104	0.018803196
104.02	0.018468258
104.04	0.018106173
104.06	0.017698437
104.08	0.017231922
104.1	0.01671294
104.12	0.016174902
104.14	0.015655163
104.16	0.015190069
104.18	0.014804394
104.2	0.01450314
104.22	0.01428867
104.24	0.014154368
104.26	0.014094223
104.28	0.014108671
104.3	0.014185305
104.32	0.014327388
104.34	0.01454764
104.36	0.014841691
104.38	0.015189033
104.4	0.015574857
104.42	0.015970766
104.44	0.016342598
104.46	0.016645047
104.48	0.016868137
104.5	0.017012151
104.52	0.017065234
104.54	0.017038289
104.56	0.0169429
104.58	0.016786907
104.6	0.016547191
104.62	0.016225418
104.64	0.015848392
104.66	0.015446671
104.68	0.015060083
104.7	0.014712529
104.72	0.014407983
104.74	0.014136243
104.76	0.013902759
104.78	0.013730699
104.8	0.013628207
104.82	0.013588902
104.84	0.01361842
104.86	0.013714074
104.88	0.013855088
104.9	0.014036649
104.92	0.014236604
104.94	0.014425029
104.96	0.014594887
104.98	0.01473714
105	0.014842663
105.02	0.014912554
105.04	0.014942414
105.06	0.014933767
105.08	0.014879472
105.1	0.014775656
105.12	0.014619974
105.14	0.014392984
105.16	0.014078585
105.18	0.013689316
105.2	0.013260686
105.22	0.012841613
105.24	0.012454289
105.26	0.012083376
105.28	0.01173627
105.3	0.011409204
105.32	0.011098637
105.34	0.010802798
105.36	0.010521101
105.38	0.010259561
105.4	0.010033215
105.42	0.009849543
105.44	0.009703566
105.46	0.009578293
105.48	0.009440304
105.5	0.009267238
105.52	0.00906315
105.54	0.008799492
105.56	0.008463765
105.58	0.008085694
105.6	0.007683086
105.62	0.007283474
105.64	0.006900166
105.66	0.006526453
105.68	0.006147526
105.7	0.005761352
105.72	0.00538205
105.74	0.005054791
105.76	0.004820901
105.78	0.004695069
105.8	0.004660249
105.82	0.004683031
105.84	0.004754644
105.86	0.00487864
105.88	0.005064913
105.9	0.005303756
105.92	0.005607642
105.94	0.005998807
105.96	0.006461397
105.98	0.006891478
106	0.007281097
106.02	0.007632062
106.04	0.007944876
106.06	0.008227378
106.08	0.008468102
106.1	0.008661043
106.12	0.008804487
106.14	0.008895011
106.16	0.008959037
106.18	0.009012244
106.2	0.009083322
106.22	0.009195535
106.24	0.009362052
106.26	0.009585063
106.28	0.00986499
106.3	0.010173922
106.32	0.010521725
106.34	0.010900386
106.36	0.011293542
106.38	0.011689393
106.4	0.012081557
106.42	0.012467337
106.44	0.012845209
106.46	0.013217926
106.48	0.013609482
106.5	0.014015279
106.52	0.014414773
106.54	0.014793197
106.56	0.015141631
106.58	0.015461991
106.6	0.01572812
106.62	0.015936158
106.64	0.016079813
106.66	0.016155743
106.68	0.01616535
106.7	0.016126789
106.72	0.016051381
106.74	0.015963385
106.76	0.015858403
106.78	0.015736566
106.8	0.015597345
106.82	0.015422954
106.84	0.01522343
106.86	0.015014017
106.88	0.014800743
106.9	0.014596669
106.92	0.014411289
106.94	0.014222328
106.96	0.014001445
106.98	0.013735885
107	0.013414291
107.02	0.013046207
107.04	0.012658989
107.06	0.012262813
107.08	0.011860584
107.1	0.011455249
107.12	0.011043679
107.14	0.010641082
107.16	0.010256851
107.18	0.009901551
107.2	0.009587979
107.22	0.009317539
107.24	0.009080233
107.26	0.008901862
107.28	0.008782871
107.3	0.008742502
107.32	0.008787673
107.34	0.008910476
107.36	0.009107017
107.38	0.009362707
107.4	0.009661424
107.42	0.00997292
107.44	0.010268596
107.46	0.01051647
107.48	0.010740622
107.5	0.010958569
107.52	0.011176174
107.54	0.011392003
107.56	0.011601939
107.58	0.011808296
107.6	0.012013598
107.62	0.012212897
107.64	0.012401927
107.66	0.012582013
107.68	0.012763152
107.7	0.012964023
107.72	0.013211588
107.74	0.013493699
107.76	0.013793812
107.78	0.014100483
107.8	0.014393815
107.82	0.014667102
107.84	0.014928119
107.86	0.015196676
107.88	0.015472258
107.9	0.015758523
107.92	0.016059675
107.94	0.016372665
107.96	0.01668395
107.98	0.016981688
108	0.017257717
108.02	0.017502846
108.04	0.017711052
108.06	0.017890596
108.08	0.018052487
108.1	0.018210878
108.12	0.018377819
108.14	0.018565641
108.16	0.018772821
108.18	0.018992722
108.2	0.019202943
108.22	0.019394734
108.24	0.019562573
108.26	0.019712443
108.28	0.019871466
108.3	0.02004096
108.32	0.020216165
108.34	0.020386303
108.36	0.020532917
108.38	0.020629431
108.4	0.020661708
108.42	0.020616765
108.44	0.020497655
108.46	0.020305445
108.48	0.02004435
108.5	0.019717953
108.52	0.019332185
108.54	0.018894688
108.56	0.018410303
108.58	0.017877071
108.6	0.017306633
108.62	0.016719308
108.64	0.016148955
108.66	0.015615264
108.68	0.015097985
108.7	0.014604134
108.72	0.014133086
108.74	0.013679735
108.76	0.013247614
108.78	0.012843598
108.8	0.012486945
108.82	0.012191573
108.84	0.011954996
108.86	0.011776876
108.88	0.011648234
108.9	0.011564946
108.92	0.01151812
108.94	0.011493461
108.96	0.011471718
108.98	0.011401758
109	0.011282649
109.02	0.011108679
109.04	0.010871849
109.06	0.010571253
109.08	0.010206219
109.1	0.009787364
109.12	0.009327999
109.14	0.008838896
109.16	0.008340549
109.18	0.007868893
109.2	0.007451579
109.22	0.007099683
109.24	0.006828264
109.26	0.006629097
109.28	0.006478823
109.3	0.006387851
109.32	0.006360621
109.34	0.006409077
109.36	0.006513018
109.38	0.006663355
109.4	0.006853832
109.42	0.007077223
109.44	0.007328456
109.46	0.007607817
109.48	0.007925597
109.5	0.008267442
109.52	0.008635314
109.54	0.009012567
109.56	0.009390234
109.58	0.009774396
109.6	0.010140265
109.62	0.010478648
109.64	0.010794182
109.66	0.011081476
109.68	0.011342285
109.7	0.011577593
109.72	0.011792062
109.74	0.011997022
109.76	0.012206511
109.78	0.01242471
109.8	0.012636296
109.82	0.01282084
109.84	0.012937033
109.86	0.012975378
109.88	0.012944349
109.9	0.012863538
109.92	0.012754065
109.94	0.01262375
109.96	0.012495391
109.98	0.012376031
110	0.012280611
110.02	0.012208297
110.04	0.012115658
110.06	0.012029053
110.08	0.011970865
110.1	0.011961006
110.12	0.012031456
110.14	0.0122066
110.16	0.012445517
110.18	0.012730674
110.2	0.013057391
110.22	0.013428897
110.24	0.013853397
110.26	0.014324842
110.28	0.014833124
110.3	0.015343762
110.32	0.015809164
110.34	0.016201157
110.36	0.01649589
110.38	0.016684901
110.4	0.01678114
110.42	0.016801777
110.44	0.016745454
110.46	0.016618796
110.48	0.016422937
110.5	0.016160854
110.52	0.015827654
110.54	0.015429557
110.56	0.014970797
110.58	0.014461887
110.6	0.013906642
110.62	0.013323405
110.64	0.012751592
110.66	0.012229205
110.68	0.011762001
110.7	0.011348868
110.72	0.010993637
110.74	0.010700844
110.76	0.010478374
110.78	0.010335904
110.8	0.010268562
110.82	0.010267395
110.84	0.010322766
110.86	0.010422572
110.88	0.010558602
110.9	0.010710713
110.92	0.010865999
110.94	0.011001295
110.96	0.011114129
110.98	0.011191178
111	0.011228833
111.02	0.011217415
111.04	0.011149013
111.06	0.011022668
111.08	0.010848948
111.1	0.010648787
111.12	0.01044149
111.14	0.010230806
111.16	0.010025222
111.18	0.009835954
111.2	0.009659716
111.22	0.009509613
111.24	0.009384867
111.26	0.009275991
111.28	0.009176195
111.3	0.009097263
111.32	0.00905394
111.34	0.009056841
111.36	0.00912487
111.38	0.009265853
111.4	0.009478695
111.42	0.009758196
111.44	0.010085132
111.46	0.010443284
111.48	0.010839189
111.5	0.01127341
111.52	0.011743419
111.54	0.012253945
111.56	0.01280825
111.58	0.013399024
111.6	0.014020213
111.62	0.014661402
111.64	0.015320611
111.66	0.015991288
111.68	0.016662952
111.7	0.017328022
111.72	0.01799165
111.74	0.018653452
111.76	0.019303871
111.78	0.019933535
111.8	0.020530415
111.82	0.021073331
111.84	0.021553219
111.86	0.021969711
111.88	0.022322794
111.9	0.022611786
111.92	0.022841838
111.94	0.02301606
111.96	0.02313575
111.98	0.023197348
112	0.023194401
112.02	0.02312648
112.04	0.022998413
112.06	0.022818145
112.08	0.022591871
112.1	0.022328384
112.12	0.022030668
112.14	0.021698718
112.16	0.021342579
112.18	0.020987252
112.2	0.02061302
112.22	0.020212086
112.24	0.019796551
112.26	0.019378493
112.28	0.018966281
112.3	0.018563918
112.32	0.018167648
112.34	0.017773255
112.36	0.017379078
112.38	0.016984847
112.4	0.016595664
112.42	0.016216158
112.44	0.015866658
112.46	0.015574961
112.48	0.015327602
112.5	0.01510926
112.52	0.014897152
112.54	0.014667046
112.56	0.014396844
112.58	0.01407758
112.6	0.013723113
112.62	0.01335364
112.64	0.01299413
112.66	0.01266257
112.68	0.012363761
112.7	0.012098472
112.72	0.011856596
112.74	0.011625114
112.76	0.011388764
112.78	0.011148438
112.8	0.010941543
112.82	0.010769619
112.84	0.010631354
112.86	0.010522694
112.88	0.01044336
112.9	0.010407711
112.92	0.010428398
112.94	0.010501745
112.96	0.010584466
112.98	0.010617404
113	0.010616933
113.02	0.01059581
113.04	0.010577265
113.06	0.010581997
113.08	0.010630164
113.1	0.010726849
113.12	0.010856197
113.14	0.011021302
113.16	0.011232417
113.18	0.011487592
113.2	0.011774023
113.22	0.012083428
113.24	0.012376301
113.26	0.012622244
113.28	0.012826383
113.3	0.012973824
113.32	0.013056607
113.34	0.013076928
113.36	0.013053496
113.38	0.01301507
113.4	0.012972274
113.42	0.012938466
113.44	0.012917756
113.46	0.012915066
113.48	0.012934012
113.5	0.012979208
113.52	0.013021336
113.54	0.013052698
113.56	0.013075305
113.58	0.013090464
113.6	0.013113702
113.62	0.0131516
113.64	0.013190448
113.66	0.013220474
113.68	0.013230956
113.7	0.01323473
113.72	0.013266284
113.74	0.013330609
113.76	0.013425672
113.78	0.013538415
113.8	0.013641105
113.82	0.013722791
113.84	0.013784523
113.86	0.013843105
113.88	0.013897762
113.9	0.013939643
113.92	0.013960006
113.94	0.013953464
113.96	0.013929128
113.98	0.013898666
114	0.013868597
114.02	0.01383903
114.04	0.013805779
114.06	0.01377422
114.08	0.013752371
114.1	0.013755463
114.12	0.013796158
114.14	0.013876128
114.16	0.01397454
114.18	0.014075965
114.2	0.014169294
114.22	0.014241154
114.24	0.014288496
114.26	0.014306331
114.28	0.014290563
114.3	0.014233306
114.32	0.014127342
114.34	0.013977846
114.36	0.013785141
114.38	0.013549425
114.4	0.013281851
114.42	0.012986369
114.44	0.012675313
114.46	0.012378124
114.48	0.012122788
114.5	0.01193246
114.52	0.011801418
114.54	0.011707028
114.56	0.011615028
114.58	0.011485672
114.6	0.01130055
114.62	0.011077621
114.64	0.010843835
114.66	0.010631015
114.68	0.010467906
114.7	0.010366517
114.72	0.010319695
114.74	0.010310324
114.76	0.010314997
114.78	0.010310714
114.8	0.010284525
114.82	0.010238512
114.84	0.010169178
114.86	0.010073836
114.88	0.009967801
114.9	0.009854305
114.92	0.009712866
114.94	0.009523994
114.96	0.009282149
114.98	0.009005827
115	0.008711307
115.02	0.008406722
115.04	0.00808634
115.06	0.007750495
115.08	0.007422747
115.1	0.007114353
115.12	0.00683737
115.14	0.006608536
115.16	0.006445646
115.18	0.006354916
115.2	0.006324883
115.22	0.006344025
115.24	0.006407272
115.26	0.006496286
115.28	0.006591357
115.3	0.00669011
115.32	0.006802632
115.34	0.006945981
115.36	0.007125415
115.38	0.007333938
115.4	0.007563381
115.42	0.007804088
115.44	0.008055635
115.46	0.008317802
115.48	0.008575065
115.5	0.008825342
115.52	0.009065751
115.54	0.009287305
115.56	0.009483543
115.58	0.009653332
115.6	0.009794718
115.62	0.009904354
115.64	0.009977564
115.66	0.010013845
115.68	0.010019532
115.7	0.010015962
115.72	0.010007468
115.74	0.009997906
115.76	0.00999141
115.78	0.009995508
115.8	0.010006899
115.82	0.010024183
115.84	0.010048994
115.86	0.010107734
115.88	0.010226704
115.9	0.01043163
115.92	0.01072889
115.94	0.01111096
115.96	0.011562116
115.98	0.012064444
116	0.012598206
116.02	0.013140237
116.04	0.013678445
116.06	0.014221348
116.08	0.01477818
116.1	0.015347579
116.12	0.015917348
116.14	0.016472526
116.16	0.016987008
116.18	0.017447965
116.2	0.017843884
116.22	0.018171093
116.24	0.018424185
116.26	0.018602418
116.28	0.018703291
116.3	0.018706524
116.32	0.018597132
116.34	0.01837283
116.36	0.018017344
116.38	0.017532588
116.4	0.016930171
116.42	0.016242714
116.44	0.015515979
116.46	0.014760367
116.48	0.013984528
116.5	0.013201832
116.52	0.012419836
116.54	0.011646637
116.56	0.010887347
116.58	0.01015843
116.6	0.009485481
116.62	0.008886714
116.64	0.008376132
116.66	0.007959067
116.68	0.007624946
116.7	0.007360197
116.72	0.007158271
116.74	0.00702709
116.76	0.006967125
116.78	0.006971391
116.8	0.007034251
116.82	0.007149553
116.84	0.007289188
116.86	0.007412423
116.88	0.007508002
116.9	0.007560982
116.92	0.007553288
116.94	0.007490703
116.96	0.007389093
116.98	0.007269906
117	0.007148966
117.02	0.00703984
117.04	0.006954822
117.06	0.006897432
117.08	0.006860513
117.1	0.006843961
117.12	0.006854894
117.14	0.006887998
117.16	0.006944459
117.18	0.007037538
117.2	0.007165008
117.22	0.007318571
117.24	0.007494355
117.26	0.007697156
117.28	0.007947193
117.3	0.008251027
117.32	0.00861408
117.34	0.009030365
117.36	0.009489934
117.38	0.010008825
117.4	0.010574645
117.42	0.011175221
117.44	0.011796271
117.46	0.012430767
117.48	0.013074518
117.5	0.013722825
117.52	0.014371419
117.54	0.01501935
117.56	0.015665166
117.58	0.01630284
117.6	0.016917543
117.62	0.017490091
117.64	0.018008974
117.66	0.018455325
117.68	0.018807332
117.7	0.01906333
117.72	0.0192184
117.74	0.019268628
117.76	0.01921795
117.78	0.019086596
117.8	0.018896211
117.82	0.018645954
117.84	0.018348183
117.86	0.018016686
117.88	0.017655739
117.9	0.017263329
117.92	0.016850811
117.94	0.016432406
117.96	0.016010242
117.98	0.015571503
118	0.015106034
118.02	0.014628498
118.04	0.014172998
118.06	0.013757119
118.08	0.013412156
118.1	0.013130162
118.12	0.012905273
118.14	0.012732652
118.16	0.012598422
118.18	0.012479528
118.2	0.012355605
118.22	0.012217224
118.24	0.01207687
118.26	0.011948926
118.28	0.011832775
118.3	0.011727002
118.32	0.011624573
118.34	0.011500737
118.36	0.011356025
118.38	0.011211034
118.4	0.011070437
118.42	0.010941848
118.44	0.010822863
118.46	0.010717748
118.48	0.010635185
118.5	0.010565035
118.52	0.010492219
118.54	0.010391593
118.56	0.01024134
118.58	0.010061202
118.6	0.009871326
118.62	0.009668201
118.64	0.009452275
118.66	0.009221161
118.68	0.008983227
118.7	0.008737642
118.72	0.008496703
118.74	0.008254724
118.76	0.00799091
118.78	0.007700402
118.8	0.007387738
118.82	0.007070534
118.84	0.006765336
118.86	0.006492799
118.88	0.006277886
118.9	0.006134137
118.92	0.006062758
118.94	0.006046166
118.96	0.006073984
118.98	0.006123723
119	0.006174898
119.02	0.006220637
119.04	0.006250617
119.06	0.00626259
119.08	0.006261452
119.1	0.006259571
119.12	0.00625887
119.14	0.006240146
119.16	0.006194732
119.18	0.006122196
119.2	0.006029124
119.22	0.005919347
119.24	0.005807217
119.26	0.005712714
119.28	0.005662561
119.3	0.005677469
119.32	0.005755441
119.34	0.005888358
119.36	0.006069433
119.38	0.00629155
119.4	0.006539568
119.42	0.006805981
119.44	0.007112231
119.46	0.007471839
119.48	0.00789146
119.5	0.008381082
119.52	0.008957743
119.54	0.009617665
119.56	0.010321864
119.58	0.011029717
119.6	0.011730729
119.62	0.012417518
119.64	0.013093895
119.66	0.013777664
119.68	0.014487402
119.7	0.015243956
119.72	0.016051487
119.74	0.016886359
119.76	0.017717203
119.78	0.018513137
119.8	0.019249316
119.82	0.019908637
119.84	0.020486379
119.86	0.020989806
119.88	0.021426956
119.9	0.02180043
119.92	0.02211541
119.94	0.022380257
119.96	0.022594644
119.98	0.022739947
120	0.022804029
120.02	0.022777941
120.04	0.02266589
120.06	0.022479532
120.08	0.022231575
120.1	0.021977359
120.12	0.021708973
120.14	0.02140441
120.16	0.021047023
120.18	0.020617044
120.2	0.020117135
120.22	0.019559172
120.24	0.018964332
120.26	0.018357664
120.28	0.017762446
120.3	0.017192923
120.32	0.016658673
120.34	0.016155697
120.36	0.015676298
120.38	0.015221953
120.4	0.014807752
120.42	0.014418742
120.44	0.014044589
120.46	0.013682752
120.48	0.013327678
120.5	0.012981646
120.52	0.012651917
120.54	0.012346794
120.56	0.012062701
120.58	0.011776659
120.6	0.01148845
120.62	0.011201726
120.64	0.010906332
120.66	0.010610638
120.68	0.010320453
120.7	0.01005123
120.72	0.009814668
120.74	0.00963517
120.76	0.009525584
120.78	0.009490421
120.8	0.009528082
120.82	0.009637698
120.84	0.009820715
120.86	0.010071218
120.88	0.010391425
120.9	0.010776811
120.92	0.011214172
120.94	0.011697933
120.96	0.012223023
120.98	0.012766986
121	0.013294589
121.02	0.013791587
121.04	0.014250235
121.06	0.014679907
121.08	0.015094187
121.1	0.015505622
121.12	0.015928975
121.14	0.016378948
121.16	0.016857726
121.18	0.017357298
121.2	0.017860651
121.22	0.018340112
121.24	0.018764209
121.26	0.019119076
121.28	0.01940932
121.3	0.0196633
121.32	0.019920169
121.34	0.020206126
121.36	0.020537322
121.38	0.020885128
121.4	0.021221843
121.42	0.021519487
121.44	0.021756584
121.46	0.021919141
121.48	0.022009867
121.5	0.02206975
121.52	0.022115774
121.54	0.022143854
121.56	0.0221427
121.58	0.022064033
121.6	0.021878268
121.62	0.02159418
121.64	0.021244102
121.66	0.020842038
121.68	0.02038002
121.7	0.01984819
121.72	0.019270577
121.74	0.018710182
121.76	0.018191717
121.78	0.017734363
121.8	0.01734511
121.82	0.017005766
121.84	0.016708005
121.86	0.016411083
121.88	0.016107068
121.9	0.015811228
121.92	0.015528957
121.94	0.015263679
121.96	0.015020642
121.98	0.014796291
122	0.014582555
122.02	0.014367332
122.04	0.014144822
122.06	0.013904902
122.08	0.013634093
122.1	0.013332895
122.12	0.012991049
122.14	0.012606213
122.16	0.012184585
122.18	0.011746491
122.2	0.011302747
122.22	0.010854891
122.24	0.010386864
122.26	0.009879904
122.28	0.009340965
122.3	0.008770544
122.32	0.008199967
122.34	0.007658077
122.36	0.007169056
122.38	0.006740779
122.4	0.006362042
122.42	0.006050636
122.44	0.005819587
122.46	0.005670588
122.48	0.005614644
122.5	0.005653047
122.52	0.005783599
122.54	0.005989082
122.56	0.006270663
122.58	0.006621275
122.6	0.007034247
122.62	0.007498104
122.64	0.007926593
122.66	0.008293342
122.68	0.008624436
122.7	0.008910732
122.72	0.009174025
122.74	0.009420733
122.76	0.009651772
122.78	0.009858271
122.8	0.010031764
122.82	0.010171386
122.84	0.010273614
122.86	0.01033173
122.88	0.010357572
122.9	0.010369001
122.92	0.010360334
122.94	0.010319533
122.96	0.010237455
122.98	0.01008414
123	0.00984286
123.02	0.009516024
123.04	0.00912056
123.06	0.008680517
123.08	0.008226936
123.1	0.007790783
123.12	0.007392828
123.14	0.007036644
123.16	0.006714125
123.18	0.00640886
123.2	0.006116231
123.22	0.005860899
123.24	0.00567671
123.26	0.005584038
123.28	0.005588313
123.3	0.005686462
123.32	0.005861374
123.34	0.006088899
123.36	0.006343478
123.38	0.006609876
123.4	0.006881969
123.42	0.007148509
123.44	0.007406999
123.46	0.007660038
123.48	0.0078947
123.5	0.0081065
123.52	0.008311071
123.54	0.008475344
123.56	0.008589511
123.58	0.008671799
123.6	0.008742607
123.62	0.008816876
123.64	0.008900925
123.66	0.00899233
123.68	0.009095217
123.7	0.009192606
123.72	0.009283114
123.74	0.009376569
123.76	0.009490116
123.78	0.009651433
123.8	0.009893624
123.82	0.010221123
123.84	0.010631553
123.86	0.011111609
123.88	0.011651031
123.9	0.012245435
123.92	0.012887546
123.94	0.013576718
123.96	0.014295769
123.98	0.015020146
124	0.015739141
124.02	0.016450204
124.04	0.017151282
124.06	0.017839112
124.08	0.018504939
124.1	0.01914783
124.12	0.019755719
124.14	0.020326851
124.16	0.020851635
124.18	0.021315513
124.2	0.021697307
124.22	0.021980903
124.24	0.022164447
124.26	0.02225922
124.28	0.022272785
124.3	0.02221013
124.32	0.022083546
124.34	0.021917516
124.36	0.021711136
124.38	0.021456433
124.4	0.021139913
124.42	0.020745246
124.44	0.020250042
124.46	0.019651657
124.48	0.01897935
124.5	0.018259003
124.52	0.017506304
124.54	0.016722489
124.56	0.01589704
124.58	0.015023777
124.6	0.014116084
124.62	0.013198428
124.64	0.012259978
124.66	0.011330468
124.68	0.010451838
124.7	0.009656866
124.72	0.008959029
124.74	0.008344767
124.76	0.007794223
124.78	0.007280257
124.8	0.006771136
124.82	0.006249233
124.84	0.005721302
124.86	0.005210582
124.88	0.004742106
124.9	0.004344221
124.92	0.004038852
124.94	0.003824705
124.96	0.003695978
124.98	0.003618487
125	0.003477549
125.02	0.003276479
125.04	0.003032551
125.06	0.002775925
125.08	0.002552328
125.1	0.002395487
125.12	0.002321738
125.14	0.002341183
125.16	0.002452251
125.18	0.002651833
125.2	0.002920787
125.22	0.003250531
125.24	0.003638164
125.26	0.004067052
125.28	0.004536333
125.3	0.005039416
125.32	0.005624651
125.34	0.006311673
125.36	0.007092573
125.38	0.007953363
125.4	0.008873873
125.42	0.009829023
125.44	0.010793649
125.46	0.011725757
125.48	0.012597979
125.5	0.013391691
125.52	0.014111267
125.54	0.014769145
125.56	0.015373167
125.58	0.015938089
125.6	0.016458539
125.62	0.016924776
125.64	0.017323021
125.66	0.017636974
125.68	0.017874039
125.7	0.018037875
125.72	0.01813136
125.74	0.018168377
125.76	0.018167418
125.78	0.018138049
125.8	0.018094853
125.82	0.018014887
125.84	0.017867545
125.86	0.017632485
125.88	0.01729493
125.9	0.016877474
125.92	0.016416893
125.94	0.015915458
125.96	0.01540106
125.98	0.014880897
126	0.014323972
126.02	0.013703055
126.04	0.012998992
126.06	0.012202142
126.08	0.01133138
126.1	0.010455399
126.12	0.009610811
126.14	0.008813955
126.16	0.008077424
126.18	0.007413595
126.2	0.006832579
126.22	0.006329163
126.24	0.005896462
126.26	0.005529947
126.28	0.005234465
126.3	0.005005829
126.32	0.004845535
126.34	0.004748744
126.36	0.004701502
126.38	0.004692381
126.4	0.004707841
126.42	0.004725799
126.44	0.004736445
126.46	0.0047381
126.48	0.004737157
126.5	0.004736573
126.52	0.004748929
126.54	0.00478635
126.56	0.004865566
126.58	0.004950355
126.6	0.005046809
126.62	0.005159015
126.64	0.00528796
126.66	0.005434063
126.68	0.005600717
126.7	0.005806408
126.72	0.006066278
126.74	0.00641392
126.76	0.006839394
126.78	0.007324678
126.8	0.007828286
126.82	0.008345102
126.84	0.00887407
126.86	0.00940356
126.88	0.0099144
126.9	0.010390313
126.92	0.010805421
126.94	0.011145819
126.96	0.011415957
126.98	0.011632911
127	0.01181017
127.02	0.011943661
127.04	0.01202892
127.06	0.012080035
127.08	0.012096225
127.1	0.012063517
127.12	0.011978827
127.14	0.011835497
127.16	0.011641247
127.18	0.011405867
127.2	0.011134839
127.22	0.010872013
127.24	0.010681284
127.26	0.010531526
127.28	0.010431817
127.3	0.010385948
127.32	0.010387419
127.34	0.010433448
127.36	0.01053086
127.38	0.010691849
127.4	0.0109424
127.42	0.011266799
127.44	0.011629465
127.46	0.011974666
127.48	0.012281728
127.5	0.01253478
127.52	0.012739435
127.54	0.012944231
127.56	0.013151712
127.58	0.013389058
127.6	0.01366534
127.62	0.013984069
127.64	0.014334098
127.66	0.014705286
127.68	0.015085291
127.7	0.01546308
127.72	0.015815347
127.74	0.016120079
127.76	0.016395898
127.78	0.016663804
127.8	0.016962429
127.82	0.017312737
127.84	0.017705653
127.86	0.018123877
127.88	0.018522093
127.9	0.018860616
127.92	0.019107349
127.94	0.019243082
127.96	0.019275429
127.98	0.019200768
128	0.019021281
128.02	0.01875534
128.04	0.018398547
128.06	0.017952259
128.08	0.017431726
128.1	0.016847404
128.12	0.016196324
128.14	0.015484555
128.16	0.01477632
128.18	0.014082193
128.2	0.013410152
128.22	0.012762706
128.24	0.012136391
128.26	0.011528836
128.28	0.010935529
128.3	0.010360377
128.32	0.009813358
128.34	0.009308917
128.36	0.008850474
128.38	0.008427387
128.4	0.008035485
128.42	0.007666398
128.44	0.007311465
128.46	0.006984511
128.48	0.006714954
128.5	0.006505268
128.52	0.006341136
128.54	0.006226225
128.56	0.006157927
128.58	0.006135997
128.6	0.006148196
128.62	0.00617414
128.64	0.006181977
128.66	0.006176355
128.68	0.006162867
128.7	0.006143166
128.72	0.006112333
128.74	0.006064486
128.76	0.005986258
128.78	0.00586601
128.8	0.005711614
128.82	0.005532427
128.84	0.005331169
128.86	0.005112122
128.88	0.004871612
128.9	0.004587949
128.92	0.004285907
128.94	0.003999143
128.96	0.003748054
128.98	0.003548177
129	0.003413644
129.02	0.003365078
129.04	0.003415341
129.06	0.003569857
129.08	0.003833416
129.1	0.004209851
129.12	0.004722629
129.14	0.005367598
129.16	0.006127702
129.18	0.006975312
129.2	0.007879955
129.22	0.008807698
129.24	0.009735028
129.26	0.010658655
129.28	0.011575125
129.3	0.012472059
129.32	0.013330136
129.34	0.014129876
129.36	0.014857626
129.38	0.015509203
129.4	0.016073204
129.42	0.016534557
129.44	0.016875377
129.46	0.017086892
129.48	0.017173212
129.5	0.017146588
129.52	0.017030769
129.54	0.016865339
129.56	0.01667858
129.58	0.016496622
129.6	0.016320354
129.62	0.016154362
129.64	0.01600233
129.66	0.015866964
129.68	0.015748886
129.7	0.015652369
129.72	0.01558667
129.74	0.015553906
129.76	0.01555907
129.78	0.015593632
129.8	0.015645753
129.82	0.015710077
129.84	0.015791812
129.86	0.015857785
129.88	0.015897114
129.9	0.015926957
129.92	0.015957996
129.94	0.015979036
129.96	0.015975686
129.98	0.015942406
130	0.015873417
130.02	0.015745015
130.04	0.015571677
130.06	0.015376246
130.08	0.015220826
130.1	0.015178749
130.12	0.015216061
130.14	0.015314553
130.16	0.015430125
130.18	0.015533926
130.2	0.015601003
130.22	0.015617072
130.24	0.015594459
130.26	0.015548044
130.28	0.015488822
130.3	0.015421699
130.32	0.015348444
130.34	0.0152645
130.36	0.015171762
130.38	0.015073561
130.4	0.014952552
130.42	0.014809852
130.44	0.01466759
130.46	0.014539038
130.48	0.014423302
130.5	0.014336937
130.52	0.01428986
130.54	0.014281327
130.56	0.014305508
130.58	0.014376095
130.6	0.014504073
130.62	0.014677463
130.64	0.014890474
130.66	0.015135142
130.68	0.015393751
130.7	0.015671381
130.72	0.015969205
130.74	0.016283106
130.76	0.016599022
130.78	0.016928352
130.8	0.017256564
130.82	0.017575459
130.84	0.017882111
130.86	0.018165657
130.88	0.018394491
130.9	0.018543407
130.92	0.018595712
130.94	0.018541424
130.96	0.018377993
130.98	0.018119295
131	0.017784539
131.02	0.017388098
131.04	0.016941856
131.06	0.016493564
131.08	0.016082833
131.1	0.015717287
131.12	0.015412945
131.14	0.015180321
131.16	0.015030632
131.18	0.014967128
131.2	0.014978338
131.22	0.015047286
131.24	0.015151504
131.26	0.015270675
131.28	0.015401629
131.3	0.01554208
131.32	0.015695133
131.34	0.015830466
131.36	0.015937339
131.38	0.016011246
131.4	0.01603594
131.42	0.016011803
131.44	0.015936987
131.46	0.015796043
131.48	0.015591184
131.5	0.015350567
131.52	0.015140519
131.54	0.014963421
131.56	0.014806393
131.58	0.014650875
131.6	0.014475389
131.62	0.014259508
131.64	0.014008851
131.66	0.013751702
131.68	0.013499974
131.7	0.013245289
131.72	0.013004349
131.74	0.012799973
131.76	0.012641163
131.78	0.012536131
131.8	0.012498122
131.82	0.012506772
131.84	0.012563089
131.86	0.012675412
131.88	0.012846582
131.9	0.013043864
131.92	0.013204084
131.94	0.013297044
131.96	0.013326075
131.98	0.013299468
132	0.013226189
132.02	0.013124224
132.04	0.013019413
132.06	0.012940229
132.08	0.012905293
132.1	0.012915336
132.12	0.012953105
132.14	0.012999842
132.16	0.013050733
132.18	0.013117244
132.2	0.013188372
132.22	0.01324962
132.24	0.013300415
132.26	0.013323143
132.28	0.0132976
132.3	0.013189247
132.32	0.012957418
132.34	0.012563582
132.36	0.012007906
132.38	0.011308142
132.4	0.010490979
132.42	0.009584404
132.44	0.008623548
132.46	0.007633963
132.48	0.00664442
132.5	0.005673453
132.52	0.004751936
132.54	0.003893036
132.56	0.003107872
132.58	0.002383477
132.6	0.001720945
132.62	0.001106545
132.64	0.000537237
132.66	5.65619E-06
132.68	-0.000462265
132.7	-0.000850984
132.72	-0.001148841
132.74	-0.00134737
132.76	-0.00143936
132.78	-0.001436222
132.8	-0.00135036
132.82	-0.001185951
132.84	-0.000943109
132.86	-0.000690371
132.88	-0.000462894
132.9	-0.00025503
132.92	-4.41583E-05
132.94	0.000195689
132.96	0.000472036
132.98	0.00076255
133	0.001046968
133.02	0.001309474
133.04	0.00154681
133.06	0.00176351
133.08	0.00198235
133.1	0.002227621
133.12	0.002516902
133.14	0.002867155
133.16	0.003282869
133.18	0.003732586
133.2	0.004216702
133.22	0.004704438
133.24	0.005195875
133.26	0.005691995
133.28	0.006202323
133.3	0.006743142
133.32	0.007324588
133.34	0.00796944
133.36	0.008683421
133.38	0.00946741
133.4	0.010322318
133.42	0.011210447
133.44	0.012105813
133.46	0.013006926
133.48	0.013926423
133.5	0.014864327
133.52	0.015826435
133.54	0.016812796
133.56	0.017826
133.58	0.018852027
133.6	0.019873601
133.62	0.020865868
133.64	0.021813261
133.66	0.022692664
133.68	0.023483277
133.7	0.024166856
133.72	0.024725581
133.74	0.025141842
133.76	0.025416514
133.78	0.025564568
133.8	0.025609931
133.82	0.025560516
133.84	0.025412801
133.86	0.025170601
133.88	0.024843188
133.9	0.024426288
133.92	0.023909953
133.94	0.023279307
133.96	0.022538456
133.98	0.021725569
134	0.020931188
134.02	0.020167159
134.04	0.019408066
134.06	0.0186604
134.08	0.017915865
134.1	0.017177596
134.12	0.016455863
134.14	0.01576706
134.16	0.015108087
134.18	0.014467495
134.2	0.013831715
134.22	0.013200219
134.24	0.012571019
134.26	0.011939697
134.28	0.011317012
134.3	0.010730532
134.32	0.010193733
134.34	0.009689392
134.36	0.009230154
134.38	0.008820792
134.4	0.008461537
134.42	0.008164638
134.44	0.007943487
134.46	0.007782383
134.48	0.007665661
134.5	0.007586915
134.52	0.007539473
134.54	0.007512817
134.56	0.00750896
134.58	0.007526728
134.6	0.007563873
134.62	0.007619807
134.64	0.007699103
134.66	0.00779844
134.68	0.007918065
134.7	0.008054807
134.72	0.0081867
134.74	0.008267408
134.76	0.008340541
134.78	0.008419652
134.8	0.008517784
134.82	0.008640675
134.84	0.008788191
134.86	0.008966292
134.88	0.009182129
134.9	0.009422874
134.92	0.009684446
134.94	0.009952517
134.96	0.010237035
134.98	0.010529879
135	0.010812484
135.02	0.011078904
135.04	0.011325418
135.06	0.011558308
135.08	0.011762946
135.1	0.011943838
135.12	0.012112962
135.14	0.012285133
135.16	0.012474331
135.18	0.012687616
135.2	0.012936425
135.22	0.013204992
135.24	0.013482286
135.26	0.013759617
135.28	0.014036973
135.3	0.014309482
135.32	0.014568945
135.34	0.014790274
135.36	0.014972465
135.38	0.015118928
135.4	0.015224448
135.42	0.015298028
135.44	0.015359745
135.46	0.015414042
135.48	0.01545472
135.5	0.015470718
135.52	0.015455001
135.54	0.015410371
135.56	0.015333957
135.58	0.015227401
135.6	0.015091679
135.62	0.014932012
135.64	0.014749638
135.66	0.014545513
135.68	0.014327018
135.7	0.014098864
135.72	0.013862665
135.74	0.013615081
135.76	0.013350538
135.78	0.013065104
135.8	0.012762923
135.82	0.012451862
135.84	0.012130498
135.86	0.011807242
135.88	0.011491469
135.9	0.011187171
135.92	0.010898251
135.94	0.01063332
135.96	0.01039344
135.98	0.010178639
136	0.009982419
136.02	0.009790822
136.04	0.0095952
136.06	0.009400581
136.08	0.009212985
136.1	0.009039149
136.12	0.008882111
136.14	0.008748843
136.16	0.008644588
136.18	0.008576518
136.2	0.008544675
136.22	0.008551406
136.24	0.008593476
136.26	0.008666997
136.28	0.008760023
136.3	0.008861718
136.32	0.008968414
136.34	0.009083728
136.36	0.009207705
136.38	0.009338944
136.4	0.009479666
136.42	0.009630938
136.44	0.009790326
136.46	0.009959558
136.48	0.010140064
136.5	0.010330242
136.52	0.010528404
136.54	0.010728168
136.56	0.010928556
136.58	0.011127956
136.6	0.011328147
136.62	0.011533379
136.64	0.01174523
136.66	0.011962075
136.68	0.012180842
136.7	0.012398178
136.72	0.012610984
136.74	0.012818977
136.76	0.01302153
136.78	0.013210391
136.8	0.013377914
136.82	0.01352635
136.84	0.013661192
136.86	0.01378564
136.88	0.013905422
136.9	0.014021213
136.92	0.014130226
136.94	0.014229273
136.96	0.01431675
136.98	0.014390064
137	0.014447401
137.02	0.014486735
137.04	0.014503472
137.06	0.014488265
137.08	0.01444533
137.1	0.014377886
137.12	0.014292532
137.14	0.014196555
137.16	0.014095129
137.18	0.013986816
137.2	0.013868272
137.22	0.013738122
137.24	0.013595853
137.26	0.013440809
137.28	0.013272516
137.3	0.013089188
137.32	0.012890889
137.34	0.012680347
137.36	0.012464461
137.38	0.012249711
137.4	0.012037984
137.42	0.011829995
137.44	0.011626016
137.46	0.011425693
137.48	0.011228346
137.5	0.011035279
137.52	0.010848953
137.54	0.01066995
137.56	0.010498596
137.58	0.010336612
137.6	0.010185558
137.62	0.010050431
137.64	0.009937393
137.66	0.009845682
137.68	0.009771782
137.7	0.009712832
137.72	0.009666198
137.74	0.009629789
137.76	0.009604485
137.78	0.009592655
137.8	0.0095945
137.82	0.009610299
137.84	0.009640622
137.86	0.009687351
137.88	0.009752914
137.9	0.009839318
137.92	0.009944922
137.94	0.010062859
137.96	0.010188565
137.98	0.010319234
138	0.010451235
138.02	0.010583524
138.04	0.010717198
138.06	0.010852232
138.08	0.010989782
138.1	0.011133589
138.12	0.011284808
138.14	0.011445607
138.16	0.011615045
138.18	0.011790069
138.2	0.011966215
138.22	0.012138901
138.24	0.012305564
138.26	0.012464837
138.28	0.012617544
138.3	0.012763902
138.32	0.012903866
138.34	0.013037105
138.36	0.013162957
138.38	0.013281681
138.4	0.013393549
138.42	0.013497544
138.44	0.013590977
138.46	0.013671022
138.48	0.013735435
138.5	0.013784074
138.52	0.013818782
138.54	0.013840991
138.56	0.013852281
138.58	0.013853542
138.6	0.013845047
138.62	0.013826477
138.64	0.013797441
138.66	0.013757568
138.68	0.013704238
138.7	0.013634916
138.72	0.013548682
138.74	0.013445655
138.76	0.013328053
138.78	0.013199299
138.8	0.013063082
138.82	0.012921846
138.84	0.012777627
138.86	0.0126317
138.88	0.012485237
138.9	0.012338686
138.92	0.012190844
138.94	0.012039859
138.96	0.011885137
138.98	0.011727326
139	0.011568255
139.02	0.011411327
139.04	0.01126026
139.06	0.011118289
139.08	0.010986459
139.1	0.010865475
139.12	0.010755586
139.14	0.010655891
139.16	0.010566318
139.18	0.010486319
139.2	0.010415091
139.22	0.010351856
139.24	0.010296302
139.26	0.010249999
139.28	0.010215411
139.3	0.010194071
139.32	0.010186416
139.34	0.010191666
139.36	0.010208947
139.38	0.010237416
139.4	0.010276157
139.42	0.010324222
139.44	0.010380724
139.46	0.010444677
139.48	0.010515669
139.5	0.01059407
139.52	0.010680864
139.54	0.010777049
139.56	0.010882998
139.58	0.010997625
139.6	0.011118613
139.62	0.01124356
139.64	0.011370752
139.66	0.011499315
139.68	0.01162816
139.7	0.011755724
139.72	0.011881798
139.74	0.012006254
139.76	0.012129877
139.78	0.012253582
139.8	0.012377622
139.82	0.012501333
139.84	0.012622685
139.86	0.012739078
139.88	0.012848051
139.9	0.012948042
139.92	0.013038282
139.94	0.013118322
139.96	0.013187934
139.98	0.01324774
140	0.013298624
140.02	0.013341123
140.04	0.013376151
140.06	0.013404039
140.08	0.013424619
140.1	0.013436573
140.12	0.013438027
140.14	0.013427719
140.16	0.013405298
140.18	0.013370948
140.2	0.013325161
140.22	0.013268202
140.24	0.013201139
140.26	0.013125247
140.28	0.013041783
140.3	0.012951989
140.32	0.012856618
140.34	0.01275579
140.36	0.012649501
140.38	0.012538013
140.4	0.012421825
140.42	0.01230229
140.44	0.012181235
140.46	0.012060178
140.48	0.011940394
140.5	0.011823245
140.52	0.011709922
140.54	0.011601163
140.56	0.011496933
140.58	0.01139652
140.6	0.011299419
140.62	0.01120527
140.64	0.011114316
140.66	0.0110273
140.68	0.010945483
140.7	0.01087041
140.72	0.010803332
140.74	0.010745288
140.76	0.010697064
140.78	0.010658848
140.8	0.010630356
140.82	0.010610757
140.84	0.010599061
140.86	0.010594736
140.88	0.010597359
140.9	0.010606933
140.92	0.010624241
140.94	0.010650244
140.96	0.010685627
140.98	0.010730485
141	0.010784965
141.02	0.010848123
141.04	0.010919278
141.06	0.010997369
141.08	0.011081021
141.1	0.011168676
141.12	0.011259194
141.14	0.011351869
141.16	0.011446821
141.18	0.011544216
141.2	0.011644033
141.22	0.011745997
141.24	0.011849498
141.26	0.011953635
141.28	0.012057279
141.3	0.012159454
141.32	0.012259182
141.34	0.012355366
141.36	0.012447117
141.38	0.012534016
141.4	0.012616162
141.42	0.012693768
141.44	0.012766823
141.46	0.012835047
141.48	0.012897787
141.5	0.012953976
141.52	0.013002519
141.54	0.013042326
141.56	0.013072736
141.58	0.013093182
141.6	0.013103696
141.62	0.013104695
141.64	0.013096962
141.66	0.013081405
141.68	0.013058929
141.7	0.013030295
141.72	0.012995766
141.74	0.012955138
141.76	0.012907995
141.78	0.01285411
141.8	0.012793448
141.82	0.012726403
141.84	0.012653508
141.86	0.012575518
141.88	0.012493781
141.9	0.012409334
141.92	0.012323345
141.94	0.012236579
141.96	0.012149424
141.98	0.012062038
142	0.011974209
142.02	0.011885927
142.04	0.011797455
142.06	0.011709191
142.08	0.011621724
142.1	0.011535847
142.12	0.01145269
142.14	0.011373456
142.16	0.011299127
142.18	0.011230366
142.2	0.011167469
142.22	0.011110445
142.24	0.011059139
142.26	0.011013476
142.28	0.010973536
142.3	0.010939614
142.32	0.010912074
142.34	0.010891264
142.36	0.010877507
142.38	0.010871221
142.4	0.010872743
142.42	0.010882094
142.44	0.010898995
142.46	0.010922626
142.48	0.010952256
142.5	0.010987206
142.52	0.011027132
142.54	0.011072043
142.56	0.011122025
142.58	0.011177386
142.6	0.011238119
142.62	0.011304066
142.64	0.01137496
142.66	0.01145031
142.68	0.011529312
142.7	0.011610836
142.72	0.011693509
142.74	0.011776203
142.76	0.0118582
142.78	0.011939012
142.8	0.012018487
142.82	0.012096531
142.84	0.012173037
142.86	0.012247657
142.88	0.012319925
142.9	0.012389348
142.92	0.012455328
142.94	0.01251716
142.96	0.012574024
142.98	0.012625164
143	0.012670151
143.02	0.012708849
143.04	0.012741406
143.06	0.012768147
143.08	0.012789381
143.1	0.012805259
143.12	0.012815698
143.14	0.012820582
143.16	0.012819726
143.18	0.012812963
143.2	0.012800124
143.22	0.012781071
143.24	0.012755821
143.26	0.012724623
143.28	0.01268799
143.3	0.012646579
143.32	0.012600924
143.34	0.012551332
143.36	0.012498136
143.38	0.012441463
143.4	0.012381418
143.42	0.012318093
143.44	0.012251723
143.46	0.012182742
143.48	0.012111651
143.5	0.012039221
143.52	0.011966424
143.54	0.011894225
143.56	0.011823394
143.58	0.011754431
143.6	0.011687628
143.62	0.011623129
143.64	0.011560974
143.66	0.011501208
143.68	0.011443949
143.7	0.011389439
143.72	0.011338049
143.74	0.011290258
143.76	0.011246723
143.78	0.011208104
143.8	0.011174919
143.82	0.011147506
143.84	0.011125943
143.86	0.011110123
143.88	0.011099865
143.9	0.011095014
143.92	0.011095472
143.94	0.011101138
143.96	0.01111199
143.98	0.011128068
144	0.011149495
144.02	0.011176392
144.04	0.011208699
144.06	0.011246245
144.08	0.011288602
144.1	0.011335117
144.12	0.011385108
144.14	0.011437983
144.16	0.011493262
144.18	0.011550501
144.2	0.011609278
144.22	0.011669322
144.24	0.011730428
144.26	0.011792356
144.28	0.011854849
144.3	0.011917518
144.32	0.011979848
144.34	0.012041178
144.36	0.012100845
144.38	0.012158333
144.4	0.012213282
144.42	0.0122655
144.44	0.012314889
144.46	0.012361393
144.48	0.012404949
144.5	0.012445435
144.52	0.012482652
144.54	0.012516298
144.56	0.012545947
144.58	0.012571114
144.6	0.012591342
144.62	0.012606316
144.64	0.012615883
144.66	0.012620081
144.68	0.012619115
144.7	0.01261327
144.72	0.012602833
144.74	0.012588066
144.76	0.012569202
144.78	0.012546402
144.8	0.012519647
144.82	0.012488918
144.84	0.012454249
144.86	0.012415718
144.88	0.012373549
144.9	0.012328115
144.92	0.0122799
144.94	0.012229437
144.96	0.012177212
144.98	0.012123708
145	0.012069351
145.02	0.012014449
145.04	0.011959238
145.06	0.011903908
145.08	0.011848666
145.1	0.01179378
145.12	0.011739615
145.14	0.011686659
145.16	0.011635452
145.18	0.011586515
145.2	0.011540313
145.22	0.011497231
145.24	0.011457554
145.26	0.011421443
145.28	0.011388978
145.3	0.011360206
145.32	0.011335167
145.34	0.011313938
145.36	0.011296686
145.38	0.011283672
145.4	0.011275143
145.42	0.011271257
145.44	0.011272073
145.46	0.011277522
145.48	0.011287419
145.5	0.01130149