0	0
0.02	1.32473E-11
0.04	9.707E-11
0.06	3.2176E-10
0.08	7.57228E-10
0.1	1.47295E-09
0.12	2.53769E-09
0.14	4.01781E-09
0.16	5.9696E-09
0.18	8.42164E-09
0.2	1.13645E-08
0.22	1.47776E-08
0.24	1.86536E-08
0.26	2.29804E-08
0.28	2.77435E-08
0.3	3.29316E-08
0.32	3.853E-08
0.34	4.45256E-08
0.36	5.09036E-08
0.38	5.76505E-08
0.4	6.475E-08
0.42	7.21868E-08
0.44	7.99451E-08
0.46	8.8008E-08
0.48	9.63578E-08
0.5	1.04977E-07
0.52	1.1385E-07
0.54	1.22956E-07
0.56	1.32277E-07
0.58	1.41793E-07
0.6	1.51487E-07
0.62	1.61339E-07
0.64	1.71327E-07
0.66	1.81426E-07
0.68	1.91612E-07
0.7	2.01865E-07
0.72	2.12161E-07
0.74	2.22467E-07
0.76	2.32736E-07
0.78	2.42904E-07
0.8	2.52892E-07
0.82	2.62621E-07
0.84	2.72023E-07
0.86	2.81046E-07
0.88	2.89641E-07
0.9	2.97758E-07
0.92	3.05359E-07
0.94	3.12416E-07
0.96	3.18907E-07
0.98	3.24811E-07
1	3.30111E-07
1.02	3.348E-07
1.04	3.38881E-07
1.06	3.42379E-07
1.08	3.45332E-07
1.1	3.47791E-07
1.12	3.49809E-07
1.14	3.51433E-07
1.16	3.527E-07
1.18	3.53642E-07
1.2	3.54294E-07
1.22	3.54691E-07
1.24	3.54859E-07
1.26	3.54819E-07
1.28	3.54598E-07
1.3	3.54219E-07
1.32	3.53704E-07
1.34	3.53072E-07
1.36	3.52341E-07
1.38	3.51527E-07
1.4	3.50648E-07
1.42	3.49719E-07
1.44	3.48754E-07
1.46	3.47764E-07
1.48	3.46761E-07
1.5	3.45757E-07
1.52	3.44762E-07
1.54	3.43788E-07
1.56	3.42846E-07
1.58	3.41947E-07
1.6	3.41098E-07
1.62	3.4031E-07
1.64	3.39602E-07
1.66	3.39002E-07
1.68	3.38542E-07
1.7	3.38248E-07
1.72	3.38138E-07
1.74	3.38218E-07
1.76	3.38482E-07
1.78	3.38914E-07
1.8	3.39495E-07
1.82	3.40201E-07
1.84	3.40999E-07
1.86	3.41848E-07
1.88	3.42709E-07
1.9	3.43543E-07
1.92	3.44301E-07
1.94	3.44923E-07
1.96	3.45343E-07
1.98	3.4549E-07
2	3.45301E-07
2.02	3.44716E-07
2.04	3.43688E-07
2.06	3.4218E-07
2.08	3.40158E-07
2.1	3.37596E-07
2.12	3.34469E-07
2.14	3.30758E-07
2.16	3.26446E-07
2.18	3.21521E-07
2.2	3.1597E-07
2.22	3.09781E-07
2.24	3.02946E-07
2.26	2.95459E-07
2.28	2.87316E-07
2.3	2.78511E-07
2.32	2.69041E-07
2.34	2.58905E-07
2.36	2.48102E-07
2.38	2.36634E-07
2.4	2.24498E-07
2.42	2.11694E-07
2.44	1.98222E-07
2.46	1.84084E-07
2.48	1.69281E-07
2.5	1.53813E-07
2.52	1.37678E-07
2.54	1.20871E-07
2.56	1.03382E-07
2.58	8.52072E-08
2.6	6.63488E-08
2.62	4.68204E-08
2.64	2.66428E-08
2.66	5.84264E-09
2.68	-1.55506E-08
2.7	-3.7505E-08
2.72	-5.99865E-08
2.74	-8.2962E-08
2.76	-1.06399E-07
2.78	-1.30268E-07
2.8	-1.54539E-07
2.82	-1.79183E-07
2.84	-2.04168E-07
2.86	-2.29463E-07
2.88	-2.55045E-07
2.9	-2.80901E-07
2.92	-3.07032E-07
2.94	-3.33444E-07
2.96	-3.60152E-07
2.98	-3.87176E-07
3	-4.14539E-07
3.02	-4.42267E-07
3.04	-4.70388E-07
3.06	-4.9893E-07
3.08	-5.27922E-07
3.1	-5.57393E-07
3.12	-5.87372E-07
3.14	-6.17889E-07
3.16	-6.48974E-07
3.18	-6.80656E-07
3.2	-7.12964E-07
3.22	-7.45926E-07
3.24	-7.79571E-07
3.26	-8.13927E-07
3.28	-8.49021E-07
3.3	-8.84877E-07
3.32	-9.2152E-07
3.34	-9.58973E-07
3.36	-9.97262E-07
3.38	-1.03641E-06
3.4	-1.07644E-06
3.42	-1.11736E-06
3.44	-1.1592E-06
3.46	-1.20197E-06
3.48	-1.2457E-06
3.5	-1.29041E-06
3.52	-1.33614E-06
3.54	-1.38292E-06
3.56	-1.4308E-06
3.58	-1.4798E-06
3.6	-1.52995E-06
3.62	-1.58129E-06
3.64	-1.63384E-06
3.66	-1.68762E-06
3.68	-1.74265E-06
3.7	-1.79895E-06
3.72	-1.85652E-06
3.74	-1.91537E-06
3.76	-1.97551E-06
3.78	-2.03693E-06
3.8	-2.09963E-06
3.82	-2.16358E-06
3.84	-2.22875E-06
3.86	-2.29513E-06
3.88	-2.36268E-06
3.9	-2.43139E-06
3.92	-2.50123E-06
3.94	-2.57217E-06
3.96	-2.64421E-06
3.98	-2.71732E-06
4	-2.7915E-06
4.02	-2.86673E-06
4.04	-2.94299E-06
4.06	-3.0203E-06
4.08	-3.09863E-06
4.1	-3.17799E-06
4.12	-3.25837E-06
4.14	-3.33978E-06
4.16	-3.42221E-06
4.18	-3.50567E-06
4.2	-3.59017E-06
4.22	-3.6757E-06
4.24	-3.76229E-06
4.26	-3.84994E-06
4.28	-3.93865E-06
4.3	-4.02844E-06
4.32	-4.11932E-06
4.34	-4.2113E-06
4.36	-4.3044E-06
4.38	-4.39862E-06
4.4	-4.49396E-06
4.42	-4.59043E-06
4.44	-4.68803E-06
4.46	-4.78677E-06
4.48	-4.88665E-06
4.5	-4.9877E-06
4.52	-5.08993E-06
4.54	-5.19337E-06
4.56	-5.29803E-06
4.58	-5.40395E-06
4.6	-5.51115E-06
4.62	-5.61966E-06
4.64	-5.72951E-06
4.66	-5.84074E-06
4.68	-5.9534E-06
4.7	-6.06751E-06
4.72	-6.18313E-06
4.74	-6.30029E-06
4.76	-6.41903E-06
4.78	-6.53938E-06
4.8	-6.66137E-06
4.82	-6.78502E-06
4.84	-6.91036E-06
4.86	-7.03739E-06
4.88	-7.16614E-06
4.9	-7.2966E-06
4.92	-7.42879E-06
4.94	-7.56271E-06
4.96	-7.69836E-06
4.98	-7.83574E-06
5	-7.97486E-06
5.02	-8.1157E-06
5.04	-8.25827E-06
5.06	-8.40256E-06
5.08	-8.54857E-06
5.1	-8.69628E-06
5.12	-8.84569E-06
5.14	-8.9968E-06
5.16	-9.1496E-06
5.18	-9.30407E-06
5.2	-9.46022E-06
5.22	-9.61803E-06
5.24	-9.77751E-06
5.26	-9.93863E-06
5.28	-1.01014E-05
5.3	-1.02659E-05
5.32	-1.04319E-05
5.34	-1.05997E-05
5.36	-1.07691E-05
5.38	-1.09401E-05
5.4	-1.11127E-05
5.42	-1.12869E-05
5.44	-1.14627E-05
5.46	-1.16401E-05
5.48	-1.18191E-05
5.5	-1.19996E-05
5.52	-1.21816E-05
5.54	-1.23652E-05
5.56	-1.25502E-05
5.58	-1.27368E-05
5.6	-1.29248E-05
5.62	-1.31142E-05
5.64	-1.33051E-05
5.66	-1.34975E-05
5.68	-1.36914E-05
5.7	-1.38867E-05
5.72	-1.40834E-05
5.74	-1.42817E-05
5.76	-1.44815E-05
5.78	-1.46827E-05
5.8	-1.48856E-05
5.82	-1.509E-05
5.84	-1.52959E-05
5.86	-1.55034E-05
5.88	-1.57126E-05
5.9	-1.59233E-05
5.92	-1.61357E-05
5.94	-1.63498E-05
5.96	-1.65655E-05
5.98	-1.67828E-05
6	-1.70019E-05
6.02	-1.72226E-05
6.04	-1.7445E-05
6.06	-1.76691E-05
6.08	-1.78949E-05
6.1	-1.81224E-05
6.12	-1.83516E-05
6.14	-1.85825E-05
6.16	-1.88151E-05
6.18	-1.90494E-05
6.2	-1.92853E-05
6.22	-1.95229E-05
6.24	-1.97622E-05
6.26	-2.00032E-05
6.28	-2.02458E-05
6.3	-2.049E-05
6.32	-2.0736E-05
6.34	-2.09835E-05
6.36	-2.12327E-05
6.38	-2.14835E-05
6.4	-2.1736E-05
6.42	-2.199E-05
6.44	-2.22457E-05
6.46	-2.25029E-05
6.48	-2.27616E-05
6.5	-2.30219E-05
6.52	-2.32837E-05
6.54	-2.35469E-05
6.56	-2.38116E-05
6.58	-2.40777E-05
6.6	-2.43452E-05
6.62	-2.4614E-05
6.64	-2.48841E-05
6.66	-2.51554E-05
6.68	-2.54279E-05
6.7	-2.57016E-05
6.72	-2.59764E-05
6.74	-2.62523E-05
6.76	-2.65293E-05
6.78	-2.68073E-05
6.8	-2.70863E-05
6.82	-2.73663E-05
6.84	-2.76473E-05
6.86	-2.79291E-05
6.88	-2.82118E-05
6.9	-2.84954E-05
6.92	-2.87799E-05
6.94	-2.90651E-05
6.96	-2.93511E-05
6.98	-2.96379E-05
7	-2.99255E-05
7.02	-3.02137E-05
7.04	-3.05027E-05
7.06	-3.07923E-05
7.08	-3.10826E-05
7.1	-3.13735E-05
7.12	-3.1665E-05
7.14	-3.19571E-05
7.16	-3.22497E-05
7.18	-3.25428E-05
7.2	-3.28364E-05
7.22	-3.31304E-05
7.24	-3.34249E-05
7.26	-3.37197E-05
7.28	-3.40149E-05
7.3	-3.43104E-05
7.32	-3.46062E-05
7.34	-3.49023E-05
7.36	-3.51986E-05
7.38	-3.54951E-05
7.4	-3.57917E-05
7.42	-3.60885E-05
7.44	-3.63855E-05
7.46	-3.66825E-05
7.48	-3.69796E-05
7.5	-3.72767E-05
7.52	-3.75737E-05
7.54	-3.78708E-05
7.56	-3.81677E-05
7.58	-3.84645E-05
7.6	-3.87611E-05
7.62	-3.90574E-05
7.64	-3.93534E-05
7.66	-3.96491E-05
7.68	-3.99444E-05
7.7	-4.02392E-05
7.72	-4.05334E-05
7.74	-4.0827E-05
7.76	-4.11199E-05
7.78	-4.14121E-05
7.8	-4.17034E-05
7.82	-4.19939E-05
7.84	-4.22833E-05
7.86	-4.25717E-05
7.88	-4.2859E-05
7.9	-4.31451E-05
7.92	-4.343E-05
7.94	-4.37134E-05
7.96	-4.39954E-05
7.98	-4.4276E-05
8	-4.45549E-05
8.02	-4.48322E-05
8.04	-4.51077E-05
8.06	-4.53814E-05
8.08	-4.56533E-05
8.1	-4.59231E-05
8.12	-4.61909E-05
8.14	-4.64566E-05
8.16	-4.672E-05
8.18	-4.69812E-05
8.2	-4.72399E-05
8.22	-4.74962E-05
8.24	-4.77499E-05
8.26	-4.80009E-05
8.28	-4.82492E-05
8.3	-4.84947E-05
8.32	-4.87372E-05
8.34	-4.89767E-05
8.36	-4.92131E-05
8.38	-4.94463E-05
8.4	-4.96762E-05
8.42	-4.99027E-05
8.44	-5.01258E-05
8.46	-5.03453E-05
8.48	-5.05611E-05
8.5	-5.07733E-05
8.52	-5.09816E-05
8.54	-5.1186E-05
8.56	-5.13864E-05
8.58	-5.15828E-05
8.6	-5.1775E-05
8.62	-5.19629E-05
8.64	-5.21465E-05
8.66	-5.23257E-05
8.68	-5.25003E-05
8.7	-5.26702E-05
8.72	-5.28354E-05
8.74	-5.29958E-05
8.76	-5.31512E-05
8.78	-5.33016E-05
8.8	-5.34467E-05
8.82	-5.35866E-05
8.84	-5.37211E-05
8.86	-5.385E-05
8.88	-5.39734E-05
8.9	-5.40909E-05
8.92	-5.42026E-05
8.94	-5.43082E-05
8.96	-5.44077E-05
8.98	-5.4501E-05
9	-5.45878E-05
9.02	-5.46681E-05
9.04	-5.47417E-05
9.06	-5.48085E-05
9.08	-5.48684E-05
9.1	-5.49213E-05
9.12	-5.49669E-05
9.14	-5.50052E-05
9.16	-5.50359E-05
9.18	-5.50591E-05
9.2	-5.50745E-05
9.22	-5.50819E-05
9.24	-5.50813E-05
9.26	-5.50725E-05
9.28	-5.50553E-05
9.3	-5.50296E-05
9.32	-5.49951E-05
9.34	-5.49519E-05
9.36	-5.48996E-05
9.38	-5.48381E-05
9.4	-5.47673E-05
9.42	-5.4687E-05
9.44	-5.4597E-05
9.46	-5.44972E-05
9.48	-5.43874E-05
9.5	-5.42674E-05
9.52	-5.41371E-05
9.54	-5.39963E-05
9.56	-5.38449E-05
9.58	-5.36826E-05
9.6	-5.35093E-05
9.62	-5.33249E-05
9.64	-5.31292E-05
9.66	-5.2922E-05
9.68	-5.27031E-05
9.7	-5.24725E-05
9.72	-5.22298E-05
9.74	-5.1975E-05
9.76	-5.17079E-05
9.78	-5.14283E-05
9.8	-5.11361E-05
9.82	-5.0831E-05
9.84	-5.05129E-05
9.86	-5.01817E-05
9.88	-4.98371E-05
9.9	-4.9479E-05
9.92	-4.91072E-05
9.94	-4.87215E-05
9.96	-4.83217E-05
9.98	-4.79077E-05
10	-4.74792E-05
10.02	-4.70361E-05
10.04	-4.65782E-05
10.06	-4.61053E-05
10.08	-4.56172E-05
10.1	-4.51137E-05
10.12	-4.45947E-05
10.14	-4.40599E-05
10.16	-4.35092E-05
10.18	-4.29423E-05
10.2	-4.23591E-05
10.22	-4.17593E-05
10.24	-4.11428E-05
10.26	-4.05095E-05
10.28	-3.98589E-05
10.3	-3.91911E-05
10.32	-3.85057E-05
10.34	-3.78026E-05
10.36	-3.70816E-05
10.38	-3.63424E-05
10.4	-3.55848E-05
10.42	-3.48086E-05
10.44	-3.40137E-05
10.46	-3.31997E-05
10.48	-3.23665E-05
10.5	-3.15138E-05
10.52	-3.06414E-05
10.54	-2.97492E-05
10.56	-2.88368E-05
10.58	-2.79041E-05
10.6	-2.69508E-05
10.62	-2.59767E-05
10.64	-2.49817E-05
10.66	-2.39653E-05
10.68	-2.29276E-05
10.7	-2.18681E-05
10.72	-2.07867E-05
10.74	-1.96832E-05
10.76	-1.85574E-05
10.78	-1.7409E-05
10.8	-1.62378E-05
10.82	-1.50436E-05
10.84	-1.38261E-05
10.86	-1.25852E-05
10.88	-1.13206E-05
10.9	-1.00321E-05
10.92	-8.71955E-06
10.94	-7.38261E-06
10.96	-6.02112E-06
10.98	-4.63484E-06
11	-3.22356E-06
11.02	-1.78706E-06
11.04	-3.25114E-07
11.06	1.1625E-06
11.08	2.676E-06
11.1	4.2156E-06
11.12	5.78153E-06
11.14	7.374E-06
11.16	8.99323E-06
11.18	1.06394E-05
11.2	1.23128E-05
11.22	1.40136E-05
11.24	1.5742E-05
11.26	1.74983E-05
11.28	1.92825E-05
11.3	2.1095E-05
11.32	2.2936E-05
11.34	2.48056E-05
11.36	2.67041E-05
11.38	2.86317E-05
11.4	3.05885E-05
11.42	3.25749E-05
11.44	3.45909E-05
11.46	3.66369E-05
11.48	3.87129E-05
11.5	4.08193E-05
11.52	4.29563E-05
11.54	4.51239E-05
11.56	4.73225E-05
11.58	4.95523E-05
11.6	5.18134E-05
11.62	5.4106E-05
11.64	5.64305E-05
11.66	5.87868E-05
11.68	6.11754E-05
11.7	6.35963E-05
11.72	6.60497E-05
11.74	6.85359E-05
11.76	7.10551E-05
11.78	7.36074E-05
11.8	7.61931E-05
11.82	7.88123E-05
11.84	8.14652E-05
11.86	8.41519E-05
11.88	8.68728E-05
11.9	8.96279E-05
11.92	9.24175E-05
11.94	9.52416E-05
11.96	9.81006E-05
11.98	0.000100994
12	0.000103923
12.02	0.000106888
12.04	0.000109887
12.06	0.000112923
12.08	0.000115994
12.1	0.000119101
12.12	0.000122244
12.14	0.000125424
12.16	0.000128639
12.18	0.000131891
12.2	0.00013518
12.22	0.000138506
12.24	0.000141869
12.26	0.000145268
12.28	0.000148705
12.3	0.000152179
12.32	0.000155691
12.34	0.00015924
12.36	0.000162826
12.38	0.00016645
12.4	0.000170112
12.42	0.000173812
12.44	0.00017755
12.46	0.000181326
12.48	0.00018514
12.5	0.000188992
12.52	0.000192882
12.54	0.000196811
12.56	0.000200778
12.58	0.000204784
12.6	0.000208827
12.62	0.00021291
12.64	0.000217031
12.66	0.00022119
12.68	0.000225388
12.7	0.000229625
12.72	0.0002339
12.74	0.000238214
12.76	0.000242567
12.78	0.000246958
12.8	0.000251387
12.82	0.000255856
12.84	0.000260363
12.86	0.000264908
12.88	0.000269492
12.9	0.000274114
12.92	0.000278775
12.94	0.000283475
12.96	0.000288212
12.98	0.000292988
13	0.000297802
13.02	0.000302654
13.04	0.000307544
13.06	0.000312472
13.08	0.000317437
13.1	0.000322441
13.12	0.000327482
13.14	0.00033256
13.16	0.000337676
13.18	0.000342829
13.2	0.000348018
13.22	0.000353245
13.24	0.000358509
13.26	0.000363808
13.28	0.000369145
13.3	0.000374517
13.32	0.000379925
13.34	0.000385369
13.36	0.000390848
13.38	0.000396363
13.4	0.000401913
13.42	0.000407497
13.44	0.000413116
13.46	0.000418769
13.48	0.000424456
13.5	0.000430177
13.52	0.000435931
13.54	0.000441717
13.56	0.000447537
13.58	0.000453389
13.6	0.000459273
13.62	0.000465188
13.64	0.000471134
13.66	0.000477112
13.68	0.00048312
13.7	0.000489157
13.72	0.000495225
13.74	0.000501321
13.76	0.000507446
13.78	0.000513599
13.8	0.00051978
13.82	0.000525989
13.84	0.000532224
13.86	0.000538485
13.88	0.000544772
13.9	0.000551084
13.92	0.00055742
13.94	0.000563781
13.96	0.000570165
13.98	0.000576572
14	0.000583001
14.02	0.000589451
14.04	0.000595923
14.06	0.000602415
14.08	0.000608926
14.1	0.000615456
14.12	0.000622005
14.14	0.00062857
14.16	0.000635153
14.18	0.000641752
14.2	0.000648366
14.22	0.000654994
14.24	0.000661636
14.26	0.00066829
14.28	0.000674957
14.3	0.000681635
14.32	0.000688323
14.34	0.000695021
14.36	0.000701727
14.38	0.000708441
14.4	0.000715161
14.42	0.000721887
14.44	0.000728618
14.46	0.000735352
14.48	0.00074209
14.5	0.000748829
14.52	0.000755568
14.54	0.000762308
14.56	0.000769046
14.58	0.000775781
14.6	0.000782513
14.62	0.00078924
14.64	0.000795961
14.66	0.000802675
14.68	0.000809381
14.7	0.000816077
14.72	0.000822762
14.74	0.000829435
14.76	0.000836095
14.78	0.000842741
14.8	0.00084937
14.82	0.000855982
14.84	0.000862576
14.86	0.000869149
14.88	0.000875701
14.9	0.000882231
14.92	0.000888736
14.94	0.000895215
14.96	0.000901667
14.98	0.00090809
15	0.000915133
15.02	0.000923844
15.04	0.000930922
15.06	0.000939108
15.08	0.000945233
15.1	0.000952432
15.12	0.000956827
15.14	0.000961557
15.16	0.000960182
15.18	0.000956208
15.2	0.000932902
15.22	0.000856216
15.24	0.00068072
15.26	0.000474826
15.28	0.000279036
15.3	0.000153654
15.32	0.000149631
15.34	0.000256595
15.36	0.000409444
15.38	0.00057302
15.4	0.000795195
15.42	0.001069136
15.44	0.00140727
15.46	0.001703498
15.48	0.001864299
15.5	0.001846125
15.52	0.001656929
15.54	0.001289857
15.56	0.00072593
15.58	-0.000109494
15.6	-0.001145511
15.62	-0.002294302
15.64	-0.003296994
15.66	-0.004003422
15.68	-0.004403429
15.7	-0.00455569
15.72	-0.004507629
15.74	-0.004167642
15.76	-0.003409447
15.78	-0.002208021
15.8	-0.00080418
15.82	0.000706155
15.84	0.002319308
15.86	0.004036091
15.88	0.00578209
15.9	0.007414807
15.92	0.008828106
15.94	0.010035121
15.96	0.011010922
15.98	0.01179019
16	0.012342118
16.02	0.012564145
16.04	0.012326036
16.06	0.011614028
16.08	0.010518776
16.1	0.009070043
16.12	0.00722049
16.14	0.00491604
16.16	0.002232338
16.18	-0.000638463
16.2	-0.003611492
16.22	-0.006636447
16.24	-0.009741387
16.26	-0.012915998
16.28	-0.016196993
16.3	-0.019542805
16.32	-0.02290337
16.34	-0.026134285
16.36	-0.029185143
16.38	-0.032014597
16.4	-0.034521614
16.42	-0.036607525
16.44	-0.038336511
16.46	-0.039735137
16.48	-0.040857749
16.5	-0.041640451
16.52	-0.041966603
16.54	-0.041669062
16.56	-0.04070636
16.58	-0.039305104
16.6	-0.037907029
16.62	-0.036676492
16.64	-0.035736365
16.66	-0.035104981
16.68	-0.034815478
16.7	-0.034880128
16.72	-0.035303059
16.74	-0.036083495
16.76	-0.037230869
16.78	-0.038612812
16.8	-0.039990474
16.82	-0.041355126
16.84	-0.042519237
16.86	-0.043068074
16.88	-0.042710245
16.9	-0.041523883
16.92	-0.039592405
16.94	-0.036939946
16.96	-0.033544048
16.98	-0.029250684
17	-0.023989965
17.02	-0.018018232
17.04	-0.011410727
17.06	-0.004205091
17.08	0.003581152
17.1	0.011771066
17.12	0.020088828
17.14	0.028157571
17.16	0.035619166
17.18	0.042308916
17.2	0.048141746
17.22	0.053004418
17.24	0.056565377
17.26	0.058453731
17.28	0.058159092
17.3	0.055557324
17.32	0.050739231
17.34	0.043762302
17.36	0.034805093
17.38	0.024470861
17.4	0.014029457
17.42	0.004378101
17.44	-0.004323891
17.46	-0.011929939
17.48	-0.018485915
17.5	-0.023887521
17.52	-0.028273406
17.54	-0.031941967
17.56	-0.035116327
17.58	-0.037924643
17.6	-0.040246454
17.62	-0.0419215
17.64	-0.043599697
17.66	-0.044874336
17.68	-0.045453874
17.7	-0.04503122
17.72	-0.043217192
17.74	-0.040164356
17.76	-0.035856131
17.78	-0.030064544
17.8	-0.022240366
17.82	-0.012245395
17.84	-0.000795357
17.86	0.011625991
17.88	0.024645089
17.9	0.037752426
17.92	0.050519545
17.94	0.062793494
17.96	0.074712952
17.98	0.086294564
18	0.097690084
18.02	0.108819686
18.04	0.119664319
18.06	0.129849127
18.08	0.139142064
18.1	0.147416345
18.12	0.155140879
18.14	0.162453898
18.16	0.168996059
18.18	0.17417102
18.2	0.177696317
18.22	0.179359195
18.24	0.17948447
18.26	0.178305428
18.28	0.176129361
18.3	0.173027966
18.32	0.169128844
18.34	0.164360683
18.36	0.158660217
18.38	0.151899108
18.4	0.144482292
18.42	0.136530173
18.44	0.128243965
18.46	0.119603466
18.48	0.11074314
18.5	0.101380871
18.52	0.091438495
18.54	0.080803425
18.56	0.070063441
18.58	0.059762076
18.6	0.049948781
18.62	0.040610717
18.64	0.031855424
18.66	0.023810773
18.68	0.016952307
18.7	0.01140007
18.72	0.007053092
18.74	0.003851332
18.76	0.00176862
18.78	0.000873865
18.8	0.001125636
18.82	0.002454491
18.84	0.005097317
18.86	0.008897598
18.88	0.012833099
18.9	0.016749387
18.92	0.020681701
18.94	0.024608748
18.96	0.028306722
18.98	0.031558214
19	0.034302171
19.02	0.036569217
19.04	0.038375062
19.06	0.039627238
19.08	0.039923084
19.1	0.03916485
19.12	0.037364909
19.14	0.034473642
19.16	0.030178105
19.18	0.024447701
19.2	0.017489237
19.22	0.009794178
19.24	0.001482522
19.26	-0.007087088
19.28	-0.01576372
19.3	-0.024334646
19.32	-0.032846891
19.34	-0.041226835
19.36	-0.049619271
19.38	-0.057891988
19.4	-0.066106121
19.42	-0.074196008
19.44	-0.082511927
19.46	-0.091104623
19.48	-0.099964902
19.5	-0.109099121
19.52	-0.118566727
19.54	-0.127858115
19.56	-0.13651093
19.58	-0.143887509
19.6	-0.149953508
19.62	-0.154705549
19.64	-0.158145434
19.66	-0.160196378
19.68	-0.160716943
19.7	-0.159568567
19.72	-0.156725641
19.74	-0.152168219
19.76	-0.146045867
19.78	-0.138582611
19.8	-0.130041399
19.82	-0.121626918
19.84	-0.113970167
19.86	-0.107337161
19.88	-0.101590474
19.9	-0.096326521
19.92	-0.091201089
19.94	-0.086636799
19.96	-0.082810151
19.98	-0.080025354
20	-0.078384581
20.02	-0.078083459
20.04	-0.078787198
20.06	-0.080081302
20.08	-0.081386725
20.1	-0.082447226
20.12	-0.083240538
20.14	-0.083745064
20.16	-0.08379163
20.18	-0.082960616
20.2	-0.080842469
20.22	-0.077511543
20.24	-0.072799772
20.26	-0.06715848
20.28	-0.060709738
20.3	-0.053711545
20.32	-0.046178694
20.34	-0.038171807
20.36	-0.02942805
20.38	-0.019916417
20.4	-0.009597569
20.42	0.001502439
20.44	0.013361615
20.46	0.025667082
20.48	0.038094275
20.5	0.050310982
20.52	0.062537706
20.54	0.074786044
20.56	0.086814595
20.58	0.098196115
20.6	0.108542389
20.62	0.11756333
20.64	0.125061598
20.66	0.130973458
20.68	0.135403006
20.7	0.138424405
20.72	0.14019297
20.74	0.140566097
20.76	0.139362935
20.78	0.13646221
20.8	0.131809041
20.82	0.125603199
20.84	0.118640039
20.86	0.111084288
20.88	0.103036934
20.9	0.094621408
20.92	0.085930571
20.94	0.076932777
20.96	0.067485883
20.98	0.057685003
21	0.04785029
21.02	0.038313347
21.04	0.029423433
21.06	0.021360466
21.08	0.013963141
21.1	0.007201055
21.12	0.001115664
21.14	-0.004103309
21.16	-0.008399601
21.18	-0.01177849
21.2	-0.014322887
21.22	-0.016004541
21.24	-0.016744259
21.26	-0.016385677
21.28	-0.014906932
21.3	-0.012389137
21.32	-0.009301638
21.34	-0.005766131
21.36	-0.001756867
21.38	0.00261009
21.4	0.007037836
21.42	0.011175952
21.44	0.014818433
21.46	0.017882049
21.48	0.020383024
21.5	0.022353444
21.52	0.023737312
21.54	0.02438111
21.56	0.024188024
21.58	0.023083094
21.6	0.021126959
21.62	0.018787437
21.64	0.016524072
21.66	0.014418384
21.68	0.012622419
21.7	0.011241191
21.72	0.010327374
21.74	0.009835955
21.76	0.009808977
21.78	0.010310456
21.8	0.01142266
21.82	0.013206689
21.84	0.015356117
21.86	0.0178025
21.88	0.020466919
21.9	0.02324474
21.92	0.026089189
21.94	0.028989329
21.96	0.031836082
21.98	0.034559361
22	0.036929137
22.02	0.03883543
22.04	0.040145396
22.06	0.040682143
22.08	0.040368066
22.1	0.039439352
22.12	0.038206529
22.14	0.036949541
22.16	0.035765539
22.18	0.034828324
22.2	0.034183025
22.22	0.033878928
22.24	0.033943346
22.26	0.034410777
22.28	0.035240514
22.3	0.036287665
22.32	0.037082518
22.34	0.037393177
22.36	0.037080662
22.38	0.036144328
22.4	0.034634574
22.42	0.032577054
22.44	0.030065449
22.46	0.027255768
22.48	0.024212225
22.5	0.020915844
22.52	0.017372979
22.54	0.013564736
22.56	0.009670222
22.58	0.005831423
22.6	0.002165318
22.62	-0.001342293
22.64	-0.004758681
22.66	-0.008212646
22.68	-0.011751525
22.7	-0.015405893
22.72	-0.019089604
22.74	-0.022676629
22.76	-0.025968524
22.78	-0.0289078
22.8	-0.031445291
22.82	-0.033786043
22.84	-0.036165176
22.86	-0.038887179
22.88	-0.041974886
22.9	-0.045419553
22.92	-0.049139983
22.94	-0.053242607
22.96	-0.057790916
22.98	-0.062875063
23	-0.068242124
23.02	-0.073678922
23.04	-0.079002055
23.06	-0.084275135
23.08	-0.089222225
23.1	-0.093635397
23.12	-0.097311379
23.14	-0.100291196
23.16	-0.102556473
23.18	-0.104199217
23.2	-0.104996231
23.22	-0.104733937
23.24	-0.103323955
23.26	-0.10077778
23.28	-0.097032305
23.3	-0.092234979
23.32	-0.086930278
23.34	-0.081281221
23.36	-0.075134239
23.38	-0.068450727
23.4	-0.06107121
23.42	-0.053072693
23.44	-0.044448477
23.46	-0.035339124
23.48	-0.025965852
23.5	-0.016647241
23.52	-0.007528351
23.54	0.001158519
23.56	0.009407698
23.58	0.017126694
23.6	0.024179331
23.62	0.03044136
23.64	0.035947483
23.66	0.040587579
23.68	0.044420124
23.7	0.047345531
23.72	0.049447075
23.74	0.050818405
23.76	0.051640464
23.78	0.051878638
23.8	0.05197784
23.82	0.051994753
23.84	0.052030327
23.86	0.052024865
23.88	0.052138109
23.9	0.052198312
23.92	0.052122396
23.94	0.051756048
23.96	0.051268371
23.98	0.050742484
24	0.050313188
24.02	0.049880844
24.04	0.049553499
24.06	0.049147036
24.08	0.048621688
24.1	0.047802004
24.12	0.046762209
24.14	0.045361236
24.16	0.043682496
24.18	0.041851254
24.2	0.040499678
24.22	0.039651959
24.24	0.03939877
24.26	0.039595187
24.28	0.040331495
24.3	0.041697675
24.32	0.043808358
24.34	0.046567688
24.36	0.049993094
24.38	0.053197305
24.4	0.055787052
24.42	0.057365252
24.44	0.05764548
24.46	0.056664403
24.48	0.054820317
24.5	0.052292453
24.52	0.04932688
24.54	0.046085087
24.56	0.042809992
24.58	0.039778942
24.6	0.037331383
24.62	0.035497317
24.64	0.034206803
24.66	0.03328925
24.68	0.032687369
24.7	0.032255501
24.72	0.03175752
24.74	0.030678611
24.76	0.029093316
24.78	0.027177291
24.8	0.024913889
24.82	0.022563044
24.84	0.020399404
24.86	0.018581047
24.88	0.01710456
24.9	0.016055346
24.92	0.015388604
24.94	0.015129333
24.96	0.015297212
24.98	0.015864353
25	0.016604807
25.02	0.017195155
25.04	0.017251708
25.06	0.016582598
25.08	0.014874701
25.1	0.01223798
25.12	0.008925644
25.14	0.005128843
25.16	0.000981732
25.18	-0.003115668
25.2	-0.006930085
25.22	-0.010522976
25.24	-0.013987896
25.26	-0.017503083
25.28	-0.021148945
25.3	-0.024787069
25.32	-0.028278492
25.34	-0.031199739
25.36	-0.033548297
25.38	-0.035346418
25.4	-0.036789411
25.42	-0.038248822
25.44	-0.039739045
25.46	-0.04126492
25.48	-0.042957255
25.5	-0.044939043
25.52	-0.047277405
25.54	-0.049900663
25.56	-0.05281371
25.58	-0.055840125
25.6	-0.058823603
25.62	-0.061675592
25.64	-0.064246336
25.66	-0.066353634
25.68	-0.068002127
25.7	-0.069231721
25.72	-0.07008322
25.74	-0.070506482
25.76	-0.070418926
25.78	-0.069619758
25.8	-0.067901494
25.82	-0.065093206
25.84	-0.061545228
25.86	-0.057585878
25.88	-0.053266209
25.9	-0.048506029
25.92	-0.043248689
25.94	-0.037464073
25.96	-0.031147405
25.98	-0.024308352
26	-0.017087338
26.02	-0.009560385
26.04	-0.001926981
26.06	0.005783618
26.08	0.013499445
26.1	0.021174295
26.12	0.028668732
26.14	0.035765729
26.16	0.042096417
26.18	0.04744298
26.2	0.051633589
26.22	0.054699603
26.24	0.056755474
26.26	0.058005098
26.28	0.058568676
26.3	0.05850567
26.32	0.057682159
26.34	0.056042047
26.36	0.053566991
26.38	0.050739885
26.4	0.047577567
26.42	0.044194758
26.44	0.040678996
26.46	0.037120971
26.48	0.033496508
26.5	0.029835745
26.52	0.026207951
26.54	0.022764869
26.56	0.019605908
26.58	0.016938097
26.6	0.01494337
26.62	0.013740446
26.64	0.013445925
26.66	0.014193723
26.68	0.015932986
26.7	0.018580713
26.72	0.021927874
26.74	0.025613948
26.76	0.029439376
26.78	0.033281835
26.8	0.037016146
26.82	0.040524884
26.84	0.043541695
26.86	0.045827906
26.88	0.047246589
26.9	0.04768019
26.92	0.046986065
26.94	0.045053634
26.96	0.041808823
26.98	0.037242289
27	0.031319644
27.02	0.02430838
27.04	0.016219587
27.06	0.0070571
27.08	-0.002920766
27.1	-0.013289342
27.12	-0.023695958
27.14	-0.033768994
27.16	-0.043311364
27.18	-0.052251143
27.2	-0.060362268
27.22	-0.067345691
27.24	-0.07309495
27.26	-0.077491067
27.28	-0.080392461
27.3	-0.081595118
27.32	-0.080925074
27.34	-0.078215884
27.36	-0.073424662
27.38	-0.066798919
27.4	-0.059278988
27.42	-0.050960611
27.44	-0.041868793
27.46	-0.03207565
27.48	-0.021841685
27.5	-0.011347448
27.52	-0.000737328
27.54	0.009814951
27.56	0.020225049
27.58	0.03036465
27.6	0.039922897
27.62	0.048634093
27.64	0.05637091
27.66	0.06309403
27.68	0.068741894
27.7	0.073221855
27.72	0.076396189
27.74	0.078243502
27.76	0.078832811
27.78	0.078237637
27.8	0.076575494
27.82	0.073924868
27.84	0.070407021
27.86	0.066584571
27.88	0.062608158
27.9	0.058515728
27.92	0.05439276
27.94	0.050371932
27.96	0.046625482
27.98	0.043290381
28	0.040465771
28.02	0.038141932
28.04	0.036284373
28.06	0.034777976
28.08	0.033527395
28.1	0.032504453
28.12	0.031634595
28.14	0.030831129
28.16	0.030039402
28.18	0.029191533
28.2	0.028270309
28.22	0.027306557
28.24	0.026354574
28.26	0.025279759
28.28	0.023991879
28.3	0.02239678
28.32	0.020320984
28.34	0.017695566
28.36	0.014583576
28.38	0.011155105
28.4	0.007629984
28.42	0.00425563
28.44	0.00096739
28.46	-0.002239298
28.48	-0.005413123
28.5	-0.008578275
28.52	-0.01181178
28.54	-0.015064275
28.56	-0.018047481
28.58	-0.020501916
28.6	-0.02239563
28.62	-0.023801204
28.64	-0.024898503
28.66	-0.025966052
28.68	-0.027029921
28.7	-0.027940041
28.72	-0.028702946
28.74	-0.029292924
28.76	-0.029573357
28.78	-0.029393794
28.8	-0.028688148
28.82	-0.027510421
28.84	-0.025854988
28.86	-0.023642377
28.88	-0.021076687
28.9	-0.018242678
28.92	-0.015214692
28.94	-0.012085683
28.96	-0.009019664
28.98	-0.006162563
29	-0.003673776
29.02	-0.00165192
29.04	0.000113672
29.06	0.001807202
29.08	0.003553178
29.1	0.005361657
29.12	0.007179516
29.14	0.008856068
29.16	0.01028128
29.18	0.011559088
29.2	0.01256925
29.22	0.01322506
29.24	0.013469964
29.26	0.01330104
29.28	0.012870215
29.3	0.012149496
29.32	0.011002563
29.34	0.009352044
29.36	0.007381274
29.38	0.005257732
29.4	0.002837303
29.42	6.9128E-05
29.44	-0.003177118
29.46	-0.006973093
29.48	-0.011318268
29.5	-0.016037561
29.52	-0.020963379
29.54	-0.026012145
29.56	-0.031033253
29.58	-0.035983909
29.6	-0.040822089
29.62	-0.045383954
29.64	-0.049485711
29.66	-0.052868141
29.68	-0.055437705
29.7	-0.057140628
29.72	-0.057879981
29.74	-0.057603796
29.76	-0.056511765
29.78	-0.054487624
29.8	-0.051425115
29.82	-0.047648459
29.84	-0.043563615
29.86	-0.039175076
29.88	-0.034618622
29.9	-0.029986449
29.92	-0.025424891
29.94	-0.021094496
29.96	-0.017064635
29.98	-0.013359109
30	-0.010008028
30.02	-0.006969633
30.04	-0.004200034
30.06	-0.001752536
30.08	0.000160657
30.1	0.001369115
30.12	0.001771897
30.14	0.0014053
30.16	0.000437819
30.18	-0.000889934
30.2	-0.002257451
30.22	-0.003606649
30.24	-0.004990438
30.26	-0.006319732
30.28	-0.007591587
30.3	-0.008712246
30.32	-0.00948458
30.34	-0.009795731
30.36	-0.00960038
30.38	-0.009009133
30.4	-0.007906414
30.42	-0.006214532
30.44	-0.003910639
30.46	-0.001009205
30.48	0.002537615
30.5	0.006479498
30.52	0.010793417
30.54	0.015328991
30.56	0.019867317
30.58	0.024157091
30.6	0.028019092
30.62	0.031480571
30.64	0.034389631
30.66	0.036466053
30.68	0.037400916
30.7	0.036938106
30.72	0.03498083
30.74	0.031536767
30.76	0.026621661
30.78	0.020329153
30.8	0.0130697
30.82	0.005173555
30.84	-0.00315203
30.86	-0.011706265
30.88	-0.020342698
30.9	-0.028889741
30.92	-0.037204229
30.94	-0.045060802
30.96	-0.052186261
30.98	-0.058440014
31	-0.063667491
31.02	-0.067725857
31.04	-0.070442512
31.06	-0.071667302
31.08	-0.071270699
31.1	-0.069195785
31.12	-0.065501726
31.14	-0.060363587
31.16	-0.053804437
31.18	-0.046178102
31.2	-0.037761499
31.22	-0.02871692
31.24	-0.019253024
31.26	-0.009610751
31.28	-4.40906E-06
31.3	0.009379883
31.32	0.01836524
31.34	0.026739638
31.36	0.03441964
31.38	0.041435571
31.4	0.047883612
31.42	0.05370294
31.44	0.058748645
31.46	0.062829519
31.48	0.065802206
31.5	0.067539274
31.52	0.067987309
31.54	0.067175526
31.56	0.06509632
31.58	0.061809443
31.6	0.057520347
31.62	0.052616636
31.64	0.047327077
31.66	0.041674069
31.68	0.035772452
31.7	0.029794124
31.72	0.023974975
31.74	0.018521721
31.76	0.013572738
31.78	0.009156102
31.8	0.005265857
31.82	0.00200499
31.84	-0.000486503
31.86	-0.002159211
31.88	-0.00310171
31.9	-0.003248058
31.92	-0.002447304
31.94	-0.000713542
31.96	0.001923302
31.98	0.005026837
32	0.008243668
32.02	0.011409031
32.04	0.014432262
32.06	0.017218731
32.08	0.019614546
32.1	0.02135426
32.12	0.022169371
32.14	0.021905691
32.16	0.020521023
32.18	0.018015148
32.2	0.014567348
32.22	0.010389997
32.24	0.005884988
32.26	0.00131852
32.28	-0.003243805
32.3	-0.007726872
32.32	-0.012078961
32.34	-0.016283384
32.36	-0.020249643
32.38	-0.023886389
32.4	-0.027049743
32.42	-0.029639778
32.44	-0.031586543
32.46	-0.032901314
32.48	-0.033562346
32.5	-0.033522438
32.52	-0.0327554
32.54	-0.031287612
32.56	-0.0290465
32.58	-0.025963271
32.6	-0.02212126
32.62	-0.017636443
32.64	-0.012586999
32.66	-0.007138505
32.68	-0.001435066
32.7	0.004415572
32.72	0.010292418
32.74	0.016089403
32.76	0.021671463
32.78	0.026955272
32.8	0.031860558
32.82	0.036340253
32.84	0.040227096
32.86	0.043245051
32.88	0.045112847
32.9	0.04572321
32.92	0.045088945
32.94	0.04337191
32.96	0.040759441
32.98	0.037492542
33	0.033716705
33.02	0.029578431
33.04	0.025318933
33.06	0.0209915
33.08	0.016675663
33.1	0.012453954
33.12	0.008380549
33.14	0.004502411
33.16	0.000771827
33.18	-0.002861357
33.2	-0.006504455
33.22	-0.010228096
33.24	-0.013996725
33.26	-0.017644486
33.28	-0.021026346
33.3	-0.023948708
33.32	-0.026325571
33.34	-0.028149657
33.36	-0.029488416
33.38	-0.030316199
33.4	-0.030579571
33.42	-0.030232245
33.44	-0.029279368
33.46	-0.027737153
33.48	-0.025601266
33.5	-0.023004716
33.52	-0.020337649
33.54	-0.017680639
33.56	-0.015153413
33.58	-0.012804586
33.6	-0.010644983
33.62	-0.008679741
33.64	-0.006990388
33.66	-0.005678574
33.68	-0.004815644
33.7	-0.004430597
33.72	-0.004578284
33.74	-0.005264748
33.76	-0.006462689
33.78	-0.008039323
33.8	-0.00978736
33.82	-0.011345665
33.84	-0.012617562
33.86	-0.013548826
33.88	-0.014088378
33.9	-0.014047074
33.92	-0.013216465
33.94	-0.011464541
33.96	-0.008867387
33.98	-0.005713161
34	-0.002357373
34.02	0.001086778
34.04	0.004549483
34.06	0.008072969
34.08	0.011582598
34.1	0.014990366
34.12	0.018242379
34.14	0.021372062
34.16	0.024371754
34.18	0.027158057
34.2	0.029621934
34.22	0.031733992
34.24	0.033457509
34.26	0.034951778
34.28	0.036176844
34.3	0.036943838
34.32	0.037040151
34.34	0.036419262
34.36	0.035200866
34.38	0.033522636
34.4	0.031379602
34.42	0.028855745
34.44	0.026179635
34.46	0.023477266
34.48	0.020834374
34.5	0.018375209
34.52	0.016112675
34.54	0.013941175
34.56	0.011779435
34.58	0.009639077
34.6	0.007430017
34.62	0.00507044
34.64	0.002506766
34.66	-0.000238019
34.68	-0.003109139
34.7	-0.006025503
34.72	-0.008967211
34.74	-0.011922916
34.76	-0.014838607
34.78	-0.017565544
34.8	-0.019863812
34.82	-0.02159658
34.84	-0.022684607
34.86	-0.02302243
34.88	-0.022562737
34.9	-0.021347695
34.92	-0.019495666
34.94	-0.017151899
34.96	-0.014416317
34.98	-0.011443629
35	-0.008326714
35.02	-0.00496181
35.04	-0.001361873
35.06	0.002349242
35.08	0.005999902
35.1	0.009461376
35.12	0.012709139
35.14	0.015841889
35.16	0.018925235
35.18	0.021975529
35.2	0.024894066
35.22	0.027514003
35.24	0.029608091
35.26	0.030983305
35.28	0.031483315
35.3	0.031123039
35.32	0.030060792
35.34	0.02861
35.36	0.027060903
35.38	0.025552767
35.4	0.024097339
35.42	0.022894307
35.44	0.02191353
35.46	0.021142526
35.48	0.020584535
35.5	0.02029074
35.52	0.02018123
35.54	0.020043541
35.56	0.019684952
35.58	0.019135832
35.6	0.018425509
35.62	0.017614345
35.64	0.016769351
35.66	0.016020574
35.68	0.015480508
35.7	0.015220325
35.72	0.015132525
35.74	0.015069555
35.76	0.014927783
35.78	0.014609118
35.8	0.014013604
35.82	0.013088227
35.84	0.011771919
35.86	0.009828235
35.88	0.007327202
35.9	0.004506525
35.92	0.001488722
35.94	-0.001693529
35.96	-0.004979328
35.98	-0.0082438
36	-0.011500208
36.02	-0.01479856
36.04	-0.018088942
36.06	-0.021386966
36.08	-0.024826917
36.1	-0.028452753
36.12	-0.032215387
36.14	-0.036092646
36.16	-0.040104082
36.18	-0.04412564
36.2	-0.047938702
36.22	-0.051360559
36.24	-0.054338933
36.26	-0.056809072
36.28	-0.058732614
36.3	-0.060088189
36.32	-0.060721206
36.34	-0.06058723
36.36	-0.059703428
36.38	-0.058088392
36.4	-0.055760576
36.42	-0.052864411
36.44	-0.04970316
36.46	-0.04623528
36.48	-0.042446256
36.5	-0.038287306
36.52	-0.033769586
36.54	-0.02882772
36.56	-0.023415531
36.58	-0.017561852
36.6	-0.011392428
36.62	-0.005077482
36.64	0.00114933
36.66	0.007037623
36.68	0.012389276
36.7	0.017053659
36.72	0.020872047
36.74	0.023807819
36.76	0.025868259
36.78	0.027106996
36.8	0.027537849
36.82	0.027117002
36.84	0.025813733
36.86	0.02365088
36.88	0.021079402
36.9	0.01864727
36.92	0.016465336
36.94	0.014634477
36.96	0.013240626
36.98	0.012304972
37	0.011751795
37.02	0.011457787
37.04	0.011311329
37.06	0.011283091
37.08	0.011414694
37.1	0.011738915
37.12	0.012069343
37.14	0.012399365
37.16	0.012719701
37.18	0.012999413
37.2	0.013286513
37.22	0.013619986
37.24	0.013964964
37.26	0.014238557
37.28	0.014229099
37.3	0.013835717
37.32	0.013100781
37.34	0.012004273
37.36	0.0105131
37.38	0.008621911
37.4	0.006335553
37.42	0.003801419
37.44	0.001184116
37.46	-0.001408137
37.48	-0.003843926
37.5	-0.00607857
37.52	-0.008093204
37.54	-0.009879902
37.56	-0.011433126
37.58	-0.012744022
37.6	-0.013749734
37.62	-0.014286973
37.64	-0.014192895
37.66	-0.013464569
37.68	-0.012274702
37.7	-0.010917137
37.72	-0.009396648
37.74	-0.00759618
37.76	-0.005341788
37.78	-0.002518042
37.8	0.000881308
37.82	0.004735391
37.84	0.008875233
37.86	0.013245873
37.88	0.017751713
37.9	0.022315144
37.92	0.026841259
37.94	0.031261921
37.96	0.035525339
37.98	0.039554011
38	0.043251075
38.02	0.046531097
38.04	0.049336127
38.06	0.051694204
38.08	0.053756462
38.1	0.055667023
38.12	0.057307691
38.14	0.058581353
38.16	0.059420836
38.18	0.059697125
38.2	0.059406436
38.22	0.058612971
38.24	0.057279241
38.26	0.055342085
38.28	0.052743412
38.3	0.049478557
38.32	0.045770336
38.34	0.041772622
38.36	0.037590721
38.38	0.033381421
38.4	0.029336406
38.42	0.025635776
38.44	0.022441552
38.46	0.019802739
38.48	0.01769523
38.5	0.016103467
38.52	0.015057189
38.54	0.014568248
38.56	0.014630003
38.58	0.015232083
38.6	0.016304356
38.62	0.017459611
38.64	0.018399855
38.66	0.01905186
38.68	0.019380772
38.7	0.019360093
38.72	0.018997138
38.74	0.01834152
38.76	0.017432373
38.78	0.01624351
38.8	0.014724545
38.82	0.012941343
38.84	0.010910936
38.86	0.008778242
38.88	0.006714431
38.9	0.004824633
38.92	0.003133959
38.94	0.001669977
38.96	0.000455891
38.98	-0.000499865
39	-0.001195639
39.02	-0.001666359
39.04	-0.00190947
39.06	-0.001770346
39.08	-0.001039052
39.1	0.000193979
39.12	0.001733056
39.14	0.003473964
39.16	0.005350922
39.18	0.007310735
39.2	0.009390527
39.22	0.011601858
39.24	0.013827259
39.26	0.015962955
39.28	0.017981504
39.3	0.019806765
39.32	0.021420758
39.34	0.022741977
39.36	0.023642166
39.38	0.023960244
39.4	0.02363823
39.42	0.022535588
39.44	0.020539855
39.46	0.017646525
39.48	0.014018541
39.5	0.009864851
39.52	0.005631
39.54	0.001590269
39.56	-0.00214609
39.58	-0.005648657
39.6	-0.009012515
39.62	-0.012289846
39.64	-0.015532786
39.66	-0.018774324
39.68	-0.021980358
39.7	-0.025143625
39.72	-0.02824016
39.74	-0.031131221
39.76	-0.0339106
39.78	-0.037114902
39.8	-0.040888146
39.82	-0.045138063
39.84	-0.049677564
39.86	-0.054333608
39.88	-0.058920953
39.9	-0.06327406
39.92	-0.067294695
39.94	-0.070878749
39.96	-0.074006691
39.98	-0.076714673
40	-0.079047616
40.02	-0.080949521
40.04	-0.082294045
40.06	-0.082851299
40.08	-0.082481431
40.1	-0.081201171
40.12	-0.079172454
40.14	-0.076633682
40.16	-0.073959264
40.18	-0.071217934
40.2	-0.06851711
40.22	-0.06594034
40.24	-0.063524898
40.26	-0.061283809
40.28	-0.059202827
40.3	-0.05725554
40.32	-0.055488801
40.34	-0.053876865
40.36	-0.052380745
40.38	-0.050871957
40.4	-0.049250812
40.42	-0.047482873
40.44	-0.045570424
40.46	-0.043526181
40.48	-0.041312242
40.5	-0.038921275
40.52	-0.036349785
40.54	-0.033591396
40.56	-0.030606156
40.58	-0.027408193
40.6	-0.024187622
40.62	-0.021221014
40.64	-0.018790243
40.66	-0.017048607
40.68	-0.015997829
40.7	-0.015572647
40.72	-0.015717536
40.74	-0.016496856
40.76	-0.018017671
40.78	-0.020366592
40.8	-0.023573478
40.82	-0.027374899
40.84	-0.031414651
40.86	-0.035632601
40.88	-0.039960618
40.9	-0.04419606
40.92	-0.047991465
40.94	-0.05107611
40.96	-0.053276243
40.98	-0.054666073
41	-0.055412812
41.02	-0.055675735
41.04	-0.055611351
41.06	-0.055259423
41.08	-0.054586913
41.1	-0.053476693
41.12	-0.052226669
41.14	-0.050928049
41.16	-0.049570806
41.18	-0.048242678
41.2	-0.047089264
41.22	-0.046078571
41.24	-0.04531258
41.26	-0.044896226
41.28	-0.044905005
41.3	-0.045339776
41.32	-0.046173343
41.34	-0.047399288
41.36	-0.049178387
41.38	-0.051379778
41.4	-0.053494812
41.42	-0.055168794
41.44	-0.056127516
41.46	-0.05610087
41.48	-0.054933151
41.5	-0.052523793
41.52	-0.048904182
41.54	-0.044146545
41.56	-0.038406647
41.58	-0.031995012
41.6	-0.025240358
41.62	-0.018304533
41.64	-0.011303654
41.66	-0.004292417
41.68	0.002695709
41.7	0.009622271
41.72	0.016444275
41.74	0.023042334
41.76	0.029328095
41.78	0.035450467
41.8	0.04152441
41.82	0.047406881
41.84	0.052863818
41.86	0.057819748
41.88	0.062215154
41.9	0.065872605
41.92	0.068759814
41.94	0.0707345
41.96	0.071757985
41.98	0.071839064
42	0.071151625
42.02	0.069889372
42.04	0.068205841
42.06	0.066148854
42.08	0.063775144
42.1	0.06146635
42.12	0.059299161
42.14	0.057281177
42.16	0.055392208
42.18	0.053583175
42.2	0.051782963
42.22	0.049900955
42.24	0.047783855
42.26	0.045363078
42.28	0.042790688
42.3	0.0401772
42.32	0.03761214
42.34	0.035290921
42.36	0.033322334
42.38	0.031815372
42.4	0.030874923
42.42	0.030599213
42.44	0.031020729
42.46	0.032118791
42.48	0.033808734
42.5	0.035999015
42.52	0.038426941
42.54	0.04074734
42.56	0.042942677
42.58	0.045028244
42.6	0.04701578
42.62	0.048917819
42.64	0.050700738
42.66	0.052313282
42.68	0.053687458
42.7	0.054777318
42.72	0.055501346
42.74	0.055898137
42.76	0.055971083
42.78	0.055694653
42.8	0.055029237
42.82	0.053954688
42.84	0.052523393
42.86	0.050908032
42.88	0.049545875
42.9	0.048674355
42.92	0.048431936
42.94	0.048873733
42.96	0.050010999
42.98	0.051811541
43	0.054146317
43.02	0.056872104
43.04	0.059690605
43.06	0.062312675
43.08	0.064641811
43.1	0.066627505
43.12	0.068288796
43.14	0.069599778
43.16	0.0705273
43.18	0.071028814
43.2	0.071063092
43.22	0.070623051
43.24	0.069842511
43.26	0.068830576
43.28	0.067442275
43.3	0.065547942
43.32	0.063067502
43.34	0.059912978
43.36	0.056005847
43.38	0.051379812
43.4	0.046157279
43.42	0.040615135
43.44	0.034989223
43.46	0.029452882
43.48	0.024106537
43.5	0.019029454
43.52	0.014281253
43.54	0.009921617
43.56	0.005967734
43.58	0.002402557
43.6	-0.000808405
43.62	-0.003679329
43.64	-0.006283241
43.66	-0.008687115
43.68	-0.010994067
43.7	-0.01335378
43.72	-0.015943139
43.74	-0.018812933
43.76	-0.021876089
43.78	-0.025050901
43.8	-0.028309977
43.82	-0.031606261
43.84	-0.034873749
43.86	-0.038012138
43.88	-0.040913238
43.9	-0.043310974
43.92	-0.045180679
43.94	-0.046459587
43.96	-0.047164236
43.98	-0.047291952
44	-0.046854473
44.02	-0.045853481
44.04	-0.044350479
44.06	-0.042726046
44.08	-0.04106514
44.1	-0.039324676
44.12	-0.037540394
44.14	-0.035789185
44.16	-0.034134911
44.18	-0.032578466
44.2	-0.031118486
44.22	-0.029717252
44.24	-0.028392817
44.26	-0.027127703
44.28	-0.02587471
44.3	-0.024572468
44.32	-0.023178497
44.34	-0.021656995
44.36	-0.01996291
44.38	-0.018032988
44.4	-0.015829141
44.42	-0.013379625
44.44	-0.010782558
44.46	-0.008136498
44.48	-0.005478437
44.5	-0.002848902
44.52	-0.000278463
44.54	0.002199112
44.56	0.004510944
44.58	0.006590824
44.6	0.00834335
44.62	0.00968958
44.64	0.010570969
44.66	0.010962172
44.68	0.010856211
44.7	0.010319347
44.72	0.009408756
44.74	0.00817951
44.76	0.006644111
44.78	0.004893857
44.8	0.002955286
44.82	0.000871641
44.84	-0.001309962
44.86	-0.003505525
44.88	-0.005665196
44.9	-0.007713557
44.92	-0.009602597
44.94	-0.011258697
44.96	-0.012644478
44.98	-0.01376195
45	-0.01463044
45.02	-0.015246727
45.04	-0.015641545
45.06	-0.01589122
45.08	-0.016113347
45.1	-0.016544488
45.12	-0.017276954
45.14	-0.018248719
45.16	-0.019374247
45.18	-0.020601409
45.2	-0.0218904
45.22	-0.023205425
45.24	-0.02453052
45.26	-0.025829389
45.28	-0.02701957
45.3	-0.028080709
45.32	-0.028981414
45.34	-0.029654107
45.36	-0.02990378
45.38	-0.029614529
45.4	-0.028738993
45.42	-0.027255083
45.44	-0.025177652
45.46	-0.022489303
45.48	-0.019361258
45.5	-0.015861497
45.52	-0.012061779
45.54	-0.00804482
45.56	-0.003911103
45.58	0.000238469
45.6	0.004272692
45.62	0.008088998
45.64	0.011587599
45.66	0.01474083
45.68	0.017548931
45.7	0.020071013
45.72	0.022374332
45.74	0.024530867
45.76	0.026558636
45.78	0.028460435
45.8	0.030197894
45.82	0.031701417
45.84	0.033036562
45.86	0.03431486
45.88	0.035572375
45.9	0.036761865
45.92	0.037778059
45.94	0.03857506
45.96	0.039072363
45.98	0.039230627
46	0.039056498
46.02	0.038608471
46.04	0.037881586
46.06	0.036819363
46.08	0.035395544
46.1	0.033732795
46.12	0.031860003
46.14	0.029772739
46.16	0.027499983
46.18	0.02504126
46.2	0.022376071
46.22	0.01950546
46.24	0.016425385
46.26	0.013179603
46.28	0.009839311
46.3	0.006480645
46.32	0.003210688
46.34	0.000178381
46.36	-0.002490166
46.38	-0.004714732
46.4	-0.006496983
46.42	-0.007913009
46.44	-0.009035512
46.46	-0.009903737
46.48	-0.010534907
46.5	-0.010937892
46.52	-0.011104861
46.54	-0.011155481
46.56	-0.011266475
46.58	-0.011377919
46.6	-0.011387553
46.62	-0.01126432
46.64	-0.011113388
46.66	-0.010977859
46.68	-0.010859857
46.7	-0.010829077
46.72	-0.010970532
46.74	-0.011336085
46.76	-0.011920768
46.78	-0.012676001
46.8	-0.013492804
46.82	-0.014176053
46.84	-0.014611921
46.86	-0.014720955
46.88	-0.01442812
46.9	-0.013676192
46.92	-0.012471745
46.94	-0.010813302
46.96	-0.008709913
46.98	-0.006228637
47	-0.00355958
47.02	-0.000902187
47.04	0.001590187
47.06	0.003772162
47.08	0.005529271
47.1	0.006833642
47.12	0.007661482
47.14	0.008017662
47.16	0.007889765
47.18	0.007284977
47.2	0.006219541
47.22	0.004748907
47.24	0.003115886
47.26	0.001365869
47.28	-0.00052445
47.3	-0.002589871
47.32	-0.004821292
47.34	-0.007189669
47.36	-0.009701402
47.38	-0.012352843
47.4	-0.01510736
47.42	-0.017875135
47.44	-0.020580328
47.46	-0.023161996
47.48	-0.02560167
47.5	-0.027925429
47.52	-0.030190031
47.54	-0.032483893
47.56	-0.034818038
47.58	-0.037078542
47.6	-0.039183985
47.62	-0.041061118
47.64	-0.042653757
47.66	-0.043911669
47.68	-0.044893631
47.7	-0.045696447
47.72	-0.04642459
47.74	-0.047106172
47.76	-0.047642614
47.78	-0.047912516
47.8	-0.047825575
47.82	-0.047333135
47.84	-0.046515851
47.86	-0.0455362
47.88	-0.044369102
47.9	-0.043011589
47.92	-0.04149896
47.94	-0.039883271
47.96	-0.038167172
47.98	-0.036313505
48	-0.034300207
48.02	-0.032178031
48.04	-0.029993102
48.06	-0.027781003
48.08	-0.025542888
48.1	-0.023254612
48.12	-0.02089969
48.14	-0.018479205
48.16	-0.016000911
48.18	-0.013512368
48.2	-0.011033356
48.22	-0.008595548
48.24	-0.006220574
48.26	-0.003900069
48.28	-0.001560872
48.3	0.000860695
48.32	0.003363515
48.34	0.005893791
48.36	0.008390511
48.38	0.010793298
48.4	0.013064186
48.42	0.015202583
48.44	0.01722539
48.46	0.019120728
48.48	0.020874468
48.5	0.022469847
48.52	0.023892031
48.54	0.025086719
48.56	0.025956355
48.58	0.026387744
48.6	0.026296455
48.62	0.025668565
48.64	0.024578734
48.66	0.023113761
48.68	0.021316768
48.7	0.019258258
48.72	0.017121567
48.74	0.01501827
48.76	0.013056703
48.78	0.011288063
48.8	0.009715617
48.82	0.008325749
48.84	0.007132656
48.86	0.006139463
48.88	0.005337443
48.9	0.004691703
48.92	0.004166517
48.94	0.003696526
48.96	0.003236843
48.98	0.002843869
49	0.002582346
49.02	0.002477875
49.04	0.002545614
49.06	0.002780779
49.08	0.003162311
49.1	0.003666976
49.12	0.004282643
49.14	0.004936421
49.16	0.005476215
49.18	0.005883567
49.2	0.006164426
49.22	0.006305822
49.24	0.006286564
49.26	0.006140716
49.28	0.005938925
49.3	0.005768056
49.32	0.005724823
49.34	0.005883828
49.36	0.006283944
49.38	0.006938863
49.4	0.007866887
49.42	0.009044622
49.44	0.010391505
49.46	0.011829783
49.48	0.013296373
49.5	0.014746783
49.52	0.01614651
49.54	0.017488231
49.56	0.018745748
49.58	0.019908384
49.6	0.020994693
49.62	0.022032627
49.64	0.023032451
49.66	0.023964128
49.68	0.024782155
49.7	0.025500931
49.72	0.026111983
49.74	0.026640667
49.76	0.027061675
49.78	0.027348137
49.8	0.027451256
49.82	0.027304583
49.84	0.0268748
49.86	0.026181652
49.88	0.025277305
49.9	0.024179014
49.92	0.022822141
49.94	0.021166841
49.96	0.019217384
49.98	0.017000206
50	0.014547099
50.02	0.011894094
50.04	0.009080609
50.06	0.006170854
50.08	0.003247594
50.1	0.000385185
50.12	-0.002325112
50.14	-0.004824011
50.16	-0.007030752
50.18	-0.00886335
50.2	-0.010311768
50.22	-0.01136634
50.24	-0.011995213
50.26	-0.012253476
50.28	-0.012196458
50.3	-0.011900298
50.32	-0.011462031
50.34	-0.011085574
50.36	-0.010862829
50.38	-0.010761498
50.4	-0.010716138
50.42	-0.010661738
50.44	-0.010540564
50.46	-0.010308412
50.48	-0.009914145
50.5	-0.009288788
50.52	-0.008497857
50.54	-0.007595752
50.56	-0.006646761
50.58	-0.005673171
50.6	-0.004724821
50.62	-0.003850936
50.64	-0.003116303
50.66	-0.002571396
50.68	-0.002236078
50.7	-0.002073617
50.72	-0.001994143
50.74	-0.001891221
50.76	-0.001719354
50.78	-0.001482426
50.8	-0.001177728
50.82	-0.00065212
50.84	0.00011946
50.86	0.001107743
50.88	0.002187092
50.9	0.003295529
50.92	0.004450568
50.94	0.005639302
50.96	0.006814149
50.98	0.007880675
51	0.008778382
51.02	0.009544591
51.04	0.010203287
51.06	0.010762694
51.08	0.011177764
51.1	0.011434482
51.12	0.011522198
51.14	0.011443306
51.16	0.011304196
51.18	0.011060228
51.2	0.010611866
51.22	0.009871407
51.24	0.008806739
51.26	0.007441256
51.28	0.00582583
51.3	0.004014191
51.32	0.002089035
51.34	9.06332E-05
51.36	-0.00196172
51.38	-0.004016601
51.4	-0.00603471
51.42	-0.008006625
51.44	-0.00992227
51.46	-0.011729219
51.48	-0.013360329
51.5	-0.014741011
51.52	-0.015852225
51.54	-0.016691935
51.56	-0.017244432
51.58	-0.017489479
51.6	-0.017383886
51.62	-0.016906328
51.64	-0.016077101
51.66	-0.014870458
51.68	-0.013326634
51.7	-0.011672726
51.72	-0.010037371
51.74	-0.008487505
51.76	-0.007101017
51.78	-0.005931073
51.8	-0.004959905
51.82	-0.004110971
51.84	-0.003317314
51.86	-0.002564352
51.88	-0.001853425
51.9	-0.001181157
51.92	-0.000518292
51.94	0.000263943
51.96	0.001204148
51.98	0.002279276
52	0.003474093
52.02	0.004797734
52.04	0.006242888
52.06	0.007766134
52.08	0.009280151
52.1	0.010793277
52.12	0.012333076
52.14	0.013968768
52.16	0.01573363
52.18	0.017632368
52.2	0.019621289
52.22	0.02164772
52.24	0.023648727
52.26	0.025589228
52.28	0.027445969
52.3	0.029215079
52.32	0.030886001
52.34	0.032442647
52.36	0.033843142
52.38	0.035010935
52.4	0.035814306
52.42	0.03615339
52.44	0.036010925
52.46	0.035468499
52.48	0.034567415
52.5	0.033299877
52.52	0.031742889
52.54	0.030001852
52.56	0.028072748
52.58	0.025942981
52.6	0.02359781
52.62	0.021018947
52.64	0.018177073
52.66	0.015076507
52.68	0.011747706
52.7	0.008250322
52.72	0.004651633
52.74	0.001023969
52.76	-0.002564016
52.78	-0.006035677
52.8	-0.009330231
52.82	-0.01239349
52.84	-0.015199697
52.86	-0.017720139
52.88	-0.019937191
52.9	-0.021828429
52.92	-0.023401405
52.94	-0.024676624
52.96	-0.02569258
52.98	-0.026474182
53	-0.0270494
53.02	-0.02743211
53.04	-0.027651201
53.06	-0.027723225
53.08	-0.027666713
53.1	-0.027479634
53.12	-0.027183484
53.14	-0.026798762
53.16	-0.02637721
53.18	-0.02604483
53.2	-0.025796266
53.22	-0.025619437
53.24	-0.025505766
53.26	-0.025436153
53.28	-0.025409647
53.3	-0.025432453
53.32	-0.025499268
53.34	-0.025566015
53.36	-0.025615896
53.38	-0.025625881
53.4	-0.025593908
53.42	-0.025489804
53.44	-0.025282585
53.46	-0.024897698
53.48	-0.024294895
53.5	-0.023476384
53.52	-0.022470945
53.54	-0.021285115
53.56	-0.019937285
53.58	-0.018419918
53.6	-0.016803555
53.62	-0.015162082
53.64	-0.013562353
53.66	-0.012040882
53.68	-0.010650786
53.7	-0.009450442
53.72	-0.008497632
53.74	-0.007851302
53.76	-0.00752316
53.78	-0.007507977
53.8	-0.007801536
53.82	-0.008390795
53.84	-0.009310618
53.86	-0.010512102
53.88	-0.01183079
53.9	-0.01320203
53.92	-0.014572862
53.94	-0.015889082
53.96	-0.017126696
53.98	-0.018247425
54	-0.019211138
54.02	-0.019973317
54.04	-0.020535757
54.06	-0.020919926
54.08	-0.021146277
54.1	-0.021208268
54.12	-0.021095863
54.14	-0.020815953
54.16	-0.020463014
54.18	-0.02001466
54.2	-0.019422798
54.22	-0.018651519
54.24	-0.017731302
54.26	-0.016713937
54.28	-0.01569218
54.3	-0.014729477
54.32	-0.013826029
54.34	-0.012953196
54.36	-0.012125683
54.38	-0.011383596
54.4	-0.010751331
54.42	-0.01019289
54.44	-0.009664042
54.46	-0.009124653
54.48	-0.008571088
54.5	-0.008016628
54.52	-0.007428546
54.54	-0.006786668
54.56	-0.006072636
54.58	-0.005249613
54.6	-0.004302905
54.62	-0.003205859
54.64	-0.001958505
54.66	-0.000586686
54.68	0.000824853
54.7	0.002273071
54.72	0.003777947
54.74	0.005317904
54.76	0.006907731
54.78	0.008531682
54.8	0.01015864
54.82	0.011731217
54.84	0.013164058
54.86	0.014372765
54.88	0.015328384
54.9	0.016050742
54.92	0.016607459
54.94	0.017100372
54.96	0.017574478
54.98	0.018010751
55	0.018351018
55.02	0.018562766
55.04	0.01858703
55.06	0.018492676
55.08	0.018303965
55.1	0.017987091
55.12	0.01746091
55.14	0.016687454
55.16	0.015621571
55.18	0.014299655
55.2	0.012776889
55.22	0.01115861
55.24	0.009513163
55.26	0.007902431
55.28	0.006375867
55.3	0.004992606
55.32	0.003774287
55.34	0.002735393
55.36	0.001887651
55.38	0.001237898
55.4	0.000803558
55.42	0.000609957
55.44	0.000661816
55.46	0.000925015
55.48	0.001337855
55.5	0.001858124
55.52	0.002451294
55.54	0.003140541
55.56	0.003936167
55.58	0.004772543
55.6	0.005656952
55.62	0.006565907
55.64	0.007478285
55.66	0.008376035
55.68	0.009248433
55.7	0.010072954
55.72	0.010775793
55.74	0.011314929
55.76	0.011668395
55.78	0.011839869
55.8	0.011822866
55.82	0.011630415
55.84	0.011314596
55.86	0.010958284
55.88	0.010669539
55.9	0.010593761
55.92	0.010758098
55.94	0.011157024
55.96	0.011802699
55.98	0.012710232
56	0.013854371
56.02	0.015188368
56.04	0.016611455
56.06	0.018106679
56.08	0.019656798
56.1	0.021263996
56.12	0.022842042
56.14	0.024355269
56.16	0.0257597
56.18	0.027003876
56.2	0.028101139
56.22	0.029033399
56.24	0.029787266
56.26	0.030326373
56.28	0.030566289
56.3	0.03043322
56.32	0.029894235
56.34	0.028963969
56.36	0.027699068
56.38	0.026167494
56.4	0.024371082
56.42	0.022361871
56.44	0.020198285
56.46	0.017902022
56.48	0.015519705
56.5	0.013107073
56.52	0.010724853
56.54	0.008426702
56.56	0.006234944
56.58	0.004143412
56.6	0.002145679
56.62	0.000255483
56.64	-0.001520379
56.66	-0.003181834
56.68	-0.004719484
56.7	-0.006132312
56.72	-0.007420644
56.74	-0.008595608
56.76	-0.00965306
56.78	-0.010607992
56.8	-0.01145486
56.82	-0.01219299
56.84	-0.012814324
56.86	-0.01330574
56.88	-0.013662267
56.9	-0.013892006
56.92	-0.014010974
56.94	-0.014047827
56.96	-0.014038306
56.98	-0.014074912
57	-0.014178947
57.02	-0.01437078
57.04	-0.014680538
57.06	-0.015086575
57.08	-0.015526989
57.1	-0.015945354
57.12	-0.016303481
57.14	-0.016602795
57.16	-0.016861299
57.18	-0.017115316
57.2	-0.017402566
57.22	-0.01775333
57.24	-0.018200639
57.26	-0.018757541
57.28	-0.019417388
57.3	-0.020154496
57.32	-0.02090508
57.34	-0.021596926
57.36	-0.022170423
57.38	-0.022573959
57.4	-0.022739437
57.42	-0.022623589
57.44	-0.022191564
57.46	-0.021428286
57.48	-0.02030924
57.5	-0.018843922
57.52	-0.01720913
57.54	-0.015537524
57.56	-0.013896555
57.58	-0.01235785
57.6	-0.01095296
57.62	-0.009708486
57.64	-0.008648823
57.66	-0.007784285
57.68	-0.007116777
57.7	-0.006627057
57.72	-0.006267767
57.74	-0.005987467
57.76	-0.005754473
57.78	-0.005562885
57.8	-0.005432419
57.82	-0.00539274
57.84	-0.00545863
57.86	-0.005642646
57.88	-0.005954558
57.9	-0.006387885
57.92	-0.006928833
57.94	-0.007532293
57.96	-0.008166472
57.98	-0.008723113
58	-0.009182081
58.02	-0.009524376
58.04	-0.009721211
58.06	-0.009754726
58.08	-0.009633622
58.1	-0.009379718
58.12	-0.009034686
58.14	-0.008639744
58.16	-0.00821355
58.18	-0.007757518
58.2	-0.007272542
58.22	-0.006763544
58.24	-0.006233574
58.26	-0.005693645
58.28	-0.005144119
58.3	-0.004565148
58.32	-0.003938389
58.34	-0.00329024
58.36	-0.002666329
58.38	-0.002098016
58.4	-0.001606629
58.42	-0.00122158
58.44	-0.000966197
58.46	-0.000841299
58.48	-0.000833362
58.5	-0.000924652
58.52	-0.001096288
58.54	-0.001324333
58.56	-0.001571967
58.58	-0.001772818
58.6	-0.001813139
58.62	-0.001712311
58.64	-0.001498279
58.66	-0.001223562
58.68	-0.000943901
58.7	-0.000733263
58.72	-0.000657177
58.74	-0.000705118
58.76	-0.000846883
58.78	-0.001051388
58.8	-0.001291754
58.82	-0.00152663
58.84	-0.001639522
58.86	-0.00159832
58.88	-0.00137413
58.9	-0.000958058
58.92	-0.000380109
58.94	0.000332397
58.96	0.00112588
58.98	0.001923059
59	0.002655281
59.02	0.003260406
59.04	0.003697306
59.06	0.003978076
59.08	0.004135035
59.1	0.004158623
59.12	0.004053522
59.14	0.003836374
59.16	0.003564831
59.18	0.003264795
59.2	0.003008956
59.22	0.002833842
59.24	0.002707312
59.26	0.002577999
59.28	0.002407191
59.3	0.002175823
59.32	0.001858626
59.34	0.001437666
59.36	0.000966764
59.38	0.000495909
59.4	7.4056E-05
59.42	-0.000269851
59.44	-0.000494744
59.46	-0.000548225
59.48	-0.000414789
59.5	-0.000105182
59.52	0.00036279
59.54	0.000901819
59.56	0.00142293
59.58	0.00186715
59.6	0.002211416
59.62	0.00242014
59.64	0.00248103
59.66	0.002404043
59.68	0.002209747
59.7	0.001912669
59.72	0.001542398
59.74	0.001149139
59.76	0.000781919
59.78	0.00049851
59.8	0.000332539
59.82	0.000296951
59.84	0.000367542
59.86	0.000532817
59.88	0.000806798
59.9	0.001188902
59.92	0.001647877
59.94	0.002148831
59.96	0.002645391
59.98	0.003106659
60	0.003530118
60.02	0.003915619
60.04	0.00427646
60.06	0.004624563
60.08	0.004963552
60.1	0.005282315
60.12	0.005530621
60.14	0.005710496
60.16	0.005814442
60.18	0.005840839
60.2	0.00578574
60.22	0.005667056
60.24	0.005479896
60.26	0.005208895
60.28	0.004856118
60.3	0.004425803
60.32	0.003904271
60.34	0.003295262
60.36	0.00262013
60.38	0.001920145
60.4	0.001228193
60.42	0.000600448
60.44	7.30184E-05
60.46	-0.000341554
60.48	-0.000635186
60.5	-0.000812967
60.52	-0.000897174
60.54	-0.000913358
60.56	-0.000889193
60.58	-0.000863633
60.6	-0.000889062
60.62	-0.000993654
60.64	-0.001191043
60.66	-0.001500977
60.68	-0.001934109
60.7	-0.002468322
60.72	-0.003063553
60.74	-0.00367492
60.76	-0.004278436
60.78	-0.004852842
60.8	-0.005393864
60.82	-0.005913077
60.84	-0.006412733
60.86	-0.006873682
60.88	-0.007255056
60.9	-0.007565203
60.92	-0.007829619
60.94	-0.008095364
60.96	-0.008405944
60.98	-0.008785234
61	-0.009244144
61.02	-0.009764164
61.04	-0.010317612
61.06	-0.010876203
61.08	-0.011413556
61.1	-0.011908142
61.12	-0.012363939
61.14	-0.012772908
61.16	-0.013146629
61.18	-0.013497156
61.2	-0.013811151
61.22	-0.014036666
61.24	-0.014130094
61.26	-0.014084995
61.28	-0.013938766
61.3	-0.013711531
61.32	-0.013382101
61.34	-0.012921495
61.36	-0.012333275
61.38	-0.01162418
61.4	-0.010874649
61.42	-0.010101047
61.44	-0.009314042
61.46	-0.00850747
61.48	-0.007696619
61.5	-0.006911354
61.52	-0.0061945
61.54	-0.005566352
61.56	-0.005062262
61.58	-0.004680836
61.6	-0.004449385
61.62	-0.004384634
61.64	-0.00449801
61.66	-0.004785102
61.68	-0.005223024
61.7	-0.005779553
61.72	-0.006332072
61.74	-0.00689907
61.76	-0.00747554
61.78	-0.00803633
61.8	-0.008548971
61.82	-0.009009347
61.84	-0.009423547
61.86	-0.009777961
61.88	-0.010059994
61.9	-0.010237184
61.92	-0.010271486
61.94	-0.010140185
61.96	-0.009839282
61.98	-0.009364129
62	-0.008715373
62.02	-0.007887358
62.04	-0.006884543
62.06	-0.005769337
62.08	-0.004611256
62.1	-0.003458957
62.12	-0.002360615
62.14	-0.001351934
62.16	-0.000467516
62.18	0.00026768
62.2	0.000831665
62.22	0.001203971
62.24	0.001365307
62.26	0.001309709
62.28	0.00106754
62.3	0.000685587
62.32	0.000229082
62.34	-0.00023026
62.36	-0.000587316
62.38	-0.000888142
62.4	-0.00117977
62.42	-0.001515266
62.44	-0.00193326
62.46	-0.002438501
62.48	-0.003010687
62.5	-0.003631452
62.52	-0.004260177
62.54	-0.004820845
62.56	-0.005257204
62.58	-0.005536303
62.6	-0.005656524
62.62	-0.005632934
62.64	-0.005514658
62.66	-0.005346356
62.68	-0.005178415
62.7	-0.005127681
62.72	-0.005188736
62.74	-0.005346853
62.76	-0.00558011
62.78	-0.005863742
62.8	-0.006159824
62.82	-0.006446279
62.84	-0.006710273
62.86	-0.006923268
62.88	-0.007046579
62.9	-0.007054337
62.92	-0.006941393
62.94	-0.006698776
62.96	-0.006330222
62.98	-0.005877173
63	-0.005416097
63.02	-0.005051238
63.04	-0.00485886
63.06	-0.004861955
63.08	-0.00503991
63.1	-0.005357734
63.12	-0.00577464
63.14	-0.006228403
63.16	-0.006585535
63.18	-0.006809146
63.2	-0.006861859
63.22	-0.006723666
63.24	-0.006397824
63.26	-0.005907374
63.28	-0.005311204
63.3	-0.004662736
63.32	-0.003984406
63.34	-0.003245518
63.36	-0.002433087
63.38	-0.001509202
63.4	-0.000452789
63.42	0.000751334
63.44	0.002116571
63.46	0.003652753
63.48	0.005353398
63.5	0.007192049
63.52	0.009127654
63.54	0.011109584
63.56	0.013097272
63.58	0.015087002
63.6	0.016977319
63.62	0.018713077
63.64	0.020249401
63.66	0.02151572
63.68	0.022470001
63.7	0.023103367
63.72	0.023424
63.74	0.023466529
63.76	0.023274441
63.78	0.022913538
63.8	0.022453639
63.82	0.022025137
63.84	0.021639817
63.86	0.021299401
63.88	0.020991049
63.9	0.020707237
63.92	0.020418824
63.94	0.020100598
63.96	0.019756747
63.98	0.019439087
64	0.019182865
64.02	0.019030707
64.04	0.018981571
64.06	0.019051291
64.08	0.019255081
64.1	0.019581403
64.12	0.0199894
64.14	0.020436032
64.16	0.020804242
64.18	0.021068459
64.2	0.02120419
64.22	0.02116482
64.24	0.02091441
64.26	0.020452222
64.28	0.019813455
64.3	0.019068268
64.32	0.018313882
64.34	0.017634318
64.36	0.017081136
64.38	0.016665583
64.4	0.016363297
64.42	0.016125147
64.44	0.015948874
64.46	0.015806307
64.48	0.015672038
64.5	0.015519987
64.52	0.015222565
64.54	0.014785056
64.56	0.014230737
64.58	0.013606509
64.6	0.012971159
64.62	0.012382968
64.64	0.011869739
64.66	0.011444872
64.68	0.01113801
64.7	0.010993038
64.72	0.011027752
64.74	0.011219997
64.76	0.011564546
64.78	0.012045405
64.8	0.012672889
64.82	0.013429883
64.84	0.014224128
64.86	0.014959649
64.88	0.015605417
64.9	0.016140668
64.92	0.016551606
64.94	0.016842186
64.96	0.017018462
64.98	0.017081581
65	0.017002391
65.02	0.016784056
65.04	0.016439117
65.06	0.015983385
65.08	0.015419262
65.1	0.014745626
65.12	0.013941151
65.14	0.013027866
65.16	0.012024044
65.18	0.010951826
65.2	0.009844017
65.22	0.008749605
65.24	0.007699885
65.26	0.006741642
65.28	0.005901864
65.3	0.005157631
65.32	0.004495175
65.34	0.003945828
65.36	0.00353358
65.38	0.003287003
65.4	0.003214491
65.42	0.003333427
65.44	0.003643184
65.46	0.004111929
65.48	0.004660762
65.5	0.005281586
65.52	0.005954597
65.54	0.00664599
65.56	0.007315884
65.58	0.007884267
65.6	0.008313186
65.62	0.008577283
65.64	0.00866555
65.66	0.008573622
65.68	0.008302543
65.7	0.007876211
65.72	0.007311157
65.74	0.006636596
65.76	0.005890531
65.78	0.005158268
65.8	0.004499041
65.82	0.00396622
65.84	0.003573537
65.86	0.003322635
65.88	0.003219113
65.9	0.003265439
65.92	0.003444156
65.94	0.003715073
65.96	0.004072016
65.98	0.004455448
66	0.004766088
66.02	0.005010763
66.04	0.005184076
66.06	0.005276931
66.08	0.005262772
66.1	0.005103317
66.12	0.004757198
66.14	0.004214964
66.16	0.003510843
66.18	0.002667832
66.2	0.001685762
66.22	0.000592906
66.24	-0.000544275
66.26	-0.001670723
66.28	-0.002784805
66.3	-0.003916133
66.32	-0.00506953
66.34	-0.006214458
66.36	-0.00730593
66.38	-0.008314529
66.4	-0.009199975
66.42	-0.009944204
66.44	-0.010559586
66.46	-0.011094879
66.48	-0.011587271
66.5	-0.012060099
66.52	-0.01247173
66.54	-0.012793332
66.56	-0.01301104
66.58	-0.01315777
66.6	-0.013298538
66.62	-0.013477108
66.64	-0.013691129
66.66	-0.013949789
66.68	-0.014203772
66.7	-0.014412393
66.72	-0.014539384
66.74	-0.014591777
66.76	-0.014609192
66.78	-0.014620683
66.8	-0.014626307
66.82	-0.014643335
66.84	-0.014630756
66.86	-0.014541387
66.88	-0.01440446
66.9	-0.014215827
66.92	-0.013976484
66.94	-0.013716023
66.96	-0.013455137
66.98	-0.013186248
67	-0.012946606
67.02	-0.012768012
67.04	-0.012669844
67.06	-0.012658715
67.08	-0.012702976
67.1	-0.012774312
67.12	-0.012808707
67.14	-0.0127267
67.16	-0.012518317
67.18	-0.012192348
67.2	-0.011741757
67.22	-0.011149027
67.24	-0.010430924
67.26	-0.009614645
67.28	-0.008728295
67.3	-0.007809763
67.32	-0.006889342
67.34	-0.005979322
67.36	-0.005083131
67.38	-0.004199423
67.4	-0.003345532
67.42	-0.002550747
67.44	-0.001841885
67.46	-0.00120898
67.48	-0.000639422
67.5	-0.000119011
67.52	0.000351452
67.54	0.000738981
67.56	0.000999039
67.58	0.001074776
67.6	0.000926135
67.62	0.000517415
67.64	-0.00015235
67.66	-0.001047371
67.68	-0.002115846
67.7	-0.003272963
67.72	-0.004341362
67.74	-0.005262173
67.76	-0.005970907
67.78	-0.006425721
67.8	-0.00657929
67.82	-0.006421943
67.84	-0.005963103
67.86	-0.005244017
67.88	-0.004320281
67.9	-0.003339245
67.92	-0.002375396
67.94	-0.001467996
67.96	-0.000650338
67.98	5.45115E-05
68	0.000654856
68.02	0.00114206
68.04	0.001508679
68.06	0.001722278
68.08	0.00176888
68.1	0.001648858
68.12	0.001386705
68.14	0.001020766
68.16	0.000579202
68.18	5.50521E-05
68.2	-0.00055402
68.22	-0.001187996
68.24	-0.001841557
68.26	-0.002505391
68.28	-0.003141669
68.3	-0.003697815
68.32	-0.004132371
68.34	-0.004418986
68.36	-0.004545539
68.38	-0.0045292
68.4	-0.004368468
68.42	-0.00406318
68.44	-0.003601657
68.46	-0.002993714
68.48	-0.002294801
68.5	-0.001548777
68.52	-0.000805654
68.54	-7.22001E-05
68.56	0.000640402
68.58	0.001337223
68.6	0.002020396
68.62	0.002690264
68.64	0.003343684
68.66	0.003980766
68.68	0.004573986
68.7	0.005099033
68.72	0.00556317
68.74	0.005958593
68.76	0.006297579
68.78	0.006595705
68.8	0.006860318
68.82	0.007096284
68.84	0.007271647
68.86	0.007352339
68.88	0.007332787
68.9	0.007285106
68.92	0.00723831
68.94	0.00717327
68.96	0.007097857
68.98	0.007023801
69	0.006923241
69.02	0.006759371
69.04	0.006526537
69.06	0.006234852
69.08	0.005891564
69.1	0.005500109
69.12	0.005053925
69.14	0.004558507
69.16	0.00405246
69.18	0.003597633
69.2	0.003241057
69.22	0.00299907
69.24	0.002873396
69.26	0.002873418
69.28	0.002995222
69.3	0.0032295
69.32	0.003551782
69.34	0.003925649
69.36	0.004291368
69.38	0.004628484
69.4	0.004945181
69.42	0.005227345
69.44	0.005452383
69.46	0.005599568
69.48	0.005650308
69.5	0.005592148
69.52	0.005434784
69.54	0.005214441
69.56	0.004946983
69.58	0.00461843
69.6	0.004227759
69.62	0.003789571
69.64	0.003325502
69.66	0.00284122
69.68	0.002341867
69.7	0.001840047
69.72	0.001354497
69.74	0.000914136
69.76	0.000533193
69.78	0.000225726
69.8	-1.74796E-07
69.82	-0.00011498
69.84	-7.26359E-05
69.86	0.000154042
69.88	0.000568245
69.9	0.001126033
69.92	0.001748674
69.94	0.002389019
69.96	0.00298712
69.98	0.003492904
70	0.003884107
70.02	0.004124945
70.04	0.004196459
70.06	0.004102784
70.08	0.003862143
70.1	0.003490243
70.12	0.003009922
70.14	0.002473653
70.16	0.001953264
70.18	0.001494769
70.2	0.001113189
70.22	0.000804855
70.24	0.000559026
70.26	0.000370229
70.28	0.000225795
70.3	0.000101052
70.32	-3.40277E-05
70.34	-0.000209579
70.36	-0.000445686
70.38	-0.000743247
70.4	-0.001090735
70.42	-0.001494069
70.44	-0.001958129
70.46	-0.002467306
70.48	-0.002983104
70.5	-0.003477288
70.52	-0.003960739
70.54	-0.004451527
70.56	-0.004967179
70.58	-0.005507636
70.6	-0.00604189
70.62	-0.006530532
70.64	-0.00695417
70.66	-0.0072816
70.68	-0.00750797
70.7	-0.00763468
70.72	-0.007656345
70.74	-0.007545168
70.76	-0.007268575
70.78	-0.006801026
70.8	-0.0061657
70.82	-0.005390282
70.84	-0.004569277
70.86	-0.003741857
70.88	-0.002932222
70.9	-0.002166337
70.92	-0.001460261
70.94	-0.000821266
70.96	-0.000245864
70.98	0.000251885
71	0.000663271
71.02	0.001010544
71.04	0.001306663
71.06	0.001570644
71.08	0.001828001
71.1	0.002100363
71.12	0.002388124
71.14	0.0026688
71.16	0.002924431
71.18	0.003154684
71.2	0.003358204
71.22	0.00356022
71.24	0.003805152
71.26	0.004122346
71.28	0.004534402
71.3	0.005058078
71.32	0.005703585
71.34	0.006476531
71.36	0.00738275
71.38	0.008416328
71.4	0.0095382
71.42	0.010684878
71.44	0.011809425
71.46	0.012869912
71.48	0.013788129
71.5	0.014536704
71.52	0.01508105
71.54	0.015399816
71.56	0.015510631
71.58	0.015430265
71.6	0.015205599
71.62	0.014860205
71.64	0.014408488
71.66	0.013920414
71.68	0.013487883
71.7	0.013098936
71.72	0.012752847
71.74	0.012446301
71.76	0.01216295
71.78	0.011888475
71.8	0.011627608
71.82	0.011387891
71.84	0.01115766
71.86	0.010929147
71.88	0.010687843
71.9	0.010448933
71.92	0.010239522
71.94	0.010080502
71.96	0.009964345
71.98	0.009881896
72	0.009824873
72.02	0.009804464
72.04	0.009828794
72.06	0.009910588
72.08	0.010032213
72.1	0.010170869
72.12	0.010313021
72.14	0.010484474
72.16	0.010700011
72.18	0.010963417
72.2	0.011269948
72.22	0.011609332
72.24	0.011952113
72.26	0.012266046
72.28	0.012492135
72.3	0.012643899
72.32	0.012705176
72.34	0.012686806
72.36	0.012610525
72.38	0.012497899
72.4	0.01236533
72.42	0.012226875
72.44	0.012112261
72.46	0.012073142
72.48	0.012116665
72.5	0.012235956
72.52	0.012409781
72.54	0.012617353
72.56	0.01284352
72.58	0.013066813
72.6	0.013244508
72.62	0.013336681
72.64	0.013351781
72.66	0.013342032
72.68	0.013337089
72.7	0.013349813
72.72	0.013409435
72.74	0.01353262
72.76	0.013729703
72.78	0.013993831
72.8	0.014298559
72.82	0.014591426
72.84	0.014819989
72.86	0.014953944
72.88	0.014972424
72.9	0.014855204
72.92	0.014586994
72.94	0.014160472
72.96	0.013589769
72.98	0.012927978
73	0.012237174
73.02	0.011575927
73.04	0.010969015
73.06	0.010426005
73.08	0.009951558
73.1	0.009558718
73.12	0.009242357
73.14	0.008976108
73.16	0.008736836
73.18	0.008526493
73.2	0.008314847
73.22	0.008084949
73.24	0.007840626
73.26	0.007597313
73.28	0.007372038
73.3	0.007194393
73.32	0.007086032
73.34	0.007050696
73.36	0.007081983
73.38	0.007153233
73.4	0.007222649
73.42	0.007245342
73.44	0.007209606
73.46	0.007116425
73.48	0.006958995
73.5	0.006732343
73.52	0.006435678
73.54	0.006070745
73.56	0.005657259
73.58	0.005299031
73.6	0.0050192
73.62	0.004814922
73.64	0.004688781
73.66	0.004654905
73.68	0.004700423
73.7	0.004803962
73.72	0.004935329
73.74	0.005067451
73.76	0.005194651
73.78	0.005340083
73.8	0.005509931
73.82	0.005668332
73.84	0.005793181
73.86	0.005881275
73.88	0.005957619
73.9	0.006039187
73.92	0.006114451
73.94	0.006168719
73.96	0.006189998
73.98	0.006161787
74	0.006068679
74.02	0.005905082
74.04	0.005671748
74.06	0.005365384
74.08	0.005005416
74.1	0.004632379
74.12	0.004250604
74.14	0.003862449
74.16	0.00348744
74.18	0.003147041
74.2	0.002815509
74.22	0.002473268
74.24	0.002110512
74.26	0.001745279
74.28	0.001365261
74.3	0.000975138
74.32	0.000588523
74.34	0.000205878
74.36	-0.000177363
74.38	-0.000566592
74.4	-0.00094512
74.42	-0.001276623
74.44	-0.001545144
74.46	-0.001726033
74.48	-0.001838264
74.5	-0.00188169
74.52	-0.001845999
74.54	-0.001731976
74.56	-0.001540378
74.58	-0.001289771
74.6	-0.001004486
74.62	-0.000715614
74.64	-0.000505316
74.66	-0.000384631
74.68	-0.000343429
74.7	-0.00037234
74.72	-0.000441729
74.74	-0.000494986
74.76	-0.00049631
74.78	-0.000450414
74.8	-0.000372147
74.82	-0.000269916
74.84	-0.000143278
74.86	-4.39114E-06
74.88	0.0001282
74.9	0.00021893
74.92	0.000241443
74.94	0.000198874
74.96	0.000112768
74.98	3.05537E-05
75	-2.92627E-05
75.02	-5.75059E-05
75.04	-4.03031E-05
75.06	5.13322E-05
75.08	0.00025798
75.1	0.000593164
75.12	0.001037283
75.14	0.001547876
75.16	0.002077691
75.18	0.002594508
75.2	0.003083917
75.22	0.003556986
75.24	0.003984162
75.26	0.004345066
75.28	0.004634782
75.3	0.004859718
75.32	0.005046234
75.34	0.005207282
75.36	0.005341796
75.38	0.005432267
75.4	0.005461885
75.42	0.005435871
75.44	0.005351468
75.46	0.005213388
75.48	0.005012193
75.5	0.004747506
75.52	0.004429071
75.54	0.004099607
75.56	0.003775991
75.58	0.003454137
75.6	0.003137367
75.62	0.002833743
75.64	0.002548128
75.66	0.002273142
75.68	0.001991871
75.7	0.001695657
75.72	0.001378467
75.74	0.001049201
75.76	0.000718493
75.78	0.000389295
75.8	7.39331E-05
75.82	-0.000190136
75.84	-0.000360112
75.86	-0.000410378
75.88	-0.000372058
75.9	-0.000273184
75.92	-0.000131157
75.94	6.08979E-05
75.96	0.00031235
75.98	0.000608811
76	0.000877667
76.02	0.001096231
76.04	0.001255942
76.06	0.001356522
76.08	0.001404555
76.1	0.001424326
76.12	0.001414022
76.14	0.001384377
76.16	0.001370336
76.18	0.001398565
76.2	0.001461495
76.22	0.00153484
76.24	0.001614507
76.26	0.001667418
76.28	0.001659987
76.3	0.001567352
76.32	0.001381298
76.34	0.001133824
76.36	0.00087467
76.38	0.000675775
76.4	0.000588445
76.42	0.00063674
76.44	0.000841391
76.46	0.001225087
76.48	0.00177473
76.5	0.002448916
76.52	0.003196063
76.54	0.003956942
76.56	0.004706604
76.58	0.005436061
76.6	0.006143679
76.62	0.006824902
76.64	0.007439723
76.66	0.007978114
76.68	0.008448755
76.7	0.008847213
76.72	0.009167437
76.74	0.009420657
76.76	0.009627689
76.78	0.009796972
76.8	0.009917035
76.82	0.009974434
76.84	0.009959206
76.86	0.009858872
76.88	0.009665451
76.9	0.009391752
76.92	0.009062732
76.94	0.008697732
76.96	0.008316772
76.98	0.007934744
77	0.00757991
77.02	0.007303749
77.04	0.007095301
77.06	0.006965126
77.08	0.006894503
77.1	0.006860614
77.12	0.006835977
77.14	0.00680282
77.16	0.006768227
77.18	0.006743336
77.2	0.006743965
77.22	0.006805926
77.24	0.00695758
77.26	0.007197049
77.28	0.007503883
77.3	0.007839353
77.32	0.008162333
77.34	0.008451177
77.36	0.008679338
77.38	0.008832126
77.4	0.008909164
77.42	0.008915749
77.44	0.008862672
77.46	0.008768223
77.48	0.00866184
77.5	0.00856206
77.52	0.008475452
77.54	0.008394867
77.56	0.008319135
77.58	0.008252132
77.6	0.008188644
77.62	0.008118904
77.64	0.008034997
77.66	0.007945853
77.68	0.007850919
77.7	0.007738583
77.72	0.007604955
77.74	0.007433125
77.76	0.007229193
77.78	0.007021908
77.8	0.006853253
77.82	0.006747986
77.84	0.00671345
77.86	0.006769518
77.88	0.006928604
77.9	0.007189319
77.92	0.007557871
77.94	0.008024006
77.96	0.008554508
77.98	0.009104454
78	0.009635803
78.02	0.010121187
78.04	0.010550554
78.06	0.010893981
78.08	0.011113897
78.1	0.0111913
78.12	0.011108216
78.14	0.010863631
78.16	0.010479802
78.18	0.009991688
78.2	0.009431467
78.22	0.008861131
78.24	0.008320702
78.26	0.007812487
78.28	0.007340814
78.3	0.006915266
78.32	0.006545197
78.34	0.006242063
78.36	0.006000513
78.38	0.00580594
78.4	0.005632334
78.42	0.005476534
78.44	0.005350006
78.46	0.005266161
78.48	0.005242199
78.5	0.005276082
78.52	0.005355488
78.54	0.005478168
78.56	0.005643506
78.58	0.005843355
78.6	0.006067055
78.62	0.006297181
78.64	0.006513609
78.66	0.006697474
78.68	0.006829512
78.7	0.006881182
78.72	0.006842966
78.74	0.006709536
78.76	0.006495404
78.78	0.006249434
78.8	0.006011324
78.82	0.005812757
78.84	0.005665724
78.86	0.005586984
78.88	0.005591123
78.9	0.005687775
78.92	0.005879231
78.94	0.006135008
78.96	0.006428185
78.98	0.006725972
79	0.006993111
79.02	0.007205756
79.04	0.007370341
79.06	0.007493643
79.08	0.007590185
79.1	0.007679863
79.12	0.007763357
79.14	0.007845659
79.16	0.007926299
79.18	0.007990532
79.2	0.008008301
79.22	0.007956637
79.24	0.007822237
79.26	0.007595708
79.28	0.007270706
79.3	0.006868124
79.32	0.006432058
79.34	0.006009594
79.36	0.005634358
79.38	0.00533339
79.4	0.005118098
79.42	0.004996069
79.44	0.004979849
79.46	0.005061549
79.48	0.005217986
79.5	0.005419138
79.52	0.005637406
79.54	0.005843654
79.56	0.005988451
79.58	0.006016992
79.6	0.005891839
79.62	0.00559933
79.64	0.005157016
79.66	0.004602498
79.68	0.003987073
79.7	0.003372971
79.72	0.002815901
79.74	0.002357553
79.76	0.001998683
79.78	0.001736781
79.8	0.00156478
79.82	0.001482195
79.84	0.001465675
79.86	0.001491629
79.88	0.001527443
79.9	0.001543175
79.92	0.001542255
79.94	0.001529732
79.96	0.001519179
79.98	0.00153354
80	0.001582272
80.02	0.00166278
80.04	0.001767643
80.06	0.001892991
80.08	0.002024699
80.1	0.002136577
80.12	0.002176189
80.14	0.00212541
80.16	0.002006558
80.18	0.001838693
80.2	0.001633424
80.22	0.001398706
80.24	0.001149737
80.26	0.000916144
80.28	0.000765965
80.3	0.000723285
80.32	0.000794906
80.34	0.000984403
80.36	0.001296271
80.38	0.001734127
80.4	0.002292906
80.42	0.002930459
80.44	0.003590683
80.46	0.004212731
80.48	0.004751651
80.5	0.005195344
80.52	0.005556184
80.54	0.005842408
80.56	0.006055229
80.58	0.006191418
80.6	0.00625063
80.62	0.006240733
80.64	0.006176096
80.66	0.006068457
80.68	0.005924716
80.7	0.005732196
80.72	0.005482722
80.74	0.00518619
80.76	0.004860132
80.78	0.004545661
80.8	0.004309623
80.82	0.004165661
80.84	0.004108481
80.86	0.004146619
80.88	0.004285942
80.9	0.004516777
80.92	0.004821559
80.94	0.005188814
80.96	0.005611661
80.98	0.006083262
81	0.006573684
81.02	0.007035505
81.04	0.007428355
81.06	0.007744466
81.08	0.007990977
81.1	0.008174864
81.12	0.008287888
81.14	0.008332108
81.16	0.008298442
81.18	0.008194069
81.2	0.0080368
81.22	0.007852411
81.24	0.007644969
81.26	0.007413262
81.28	0.007168099
81.3	0.006926526
81.32	0.006713493
81.34	0.00654655
81.36	0.006436894
81.38	0.006407317
81.4	0.006473355
81.42	0.0066306
81.44	0.006849643
81.46	0.007119046
81.48	0.007404895
81.5	0.007692775
81.52	0.007971401
81.54	0.008207851
81.56	0.008363054
81.58	0.008422756
81.6	0.008407705
81.62	0.008331343
81.64	0.008206936
81.66	0.00802847
81.68	0.007807889
81.7	0.007580625
81.72	0.007374228
81.74	0.007202048
81.76	0.007083792
81.78	0.007044563
81.8	0.007090823
81.82	0.007239447
81.84	0.007486262
81.86	0.007798864
81.88	0.008154549
81.9	0.008537739
81.92	0.00893135
81.94	0.009312388
81.96	0.009645788
81.98	0.009919765
82	0.010113824
82.02	0.010202557
82.04	0.010164267
82.06	0.010017113
82.08	0.009757997
82.1	0.009377101
82.12	0.008883721
82.14	0.008313937
82.16	0.00771326
82.18	0.00711398
82.2	0.006535404
82.22	0.006005019
82.24	0.005551371
82.26	0.00519442
82.28	0.004938411
82.3	0.004782783
82.32	0.004707686
82.34	0.004703619
82.36	0.004775887
82.38	0.004935166
82.4	0.005169065
82.42	0.005476672
82.44	0.00584741
82.46	0.006269857
82.48	0.006716014
82.5	0.007163659
82.52	0.007587035
82.54	0.007965128
82.56	0.008264862
82.58	0.008484291
82.6	0.008620491
82.62	0.008672632
82.64	0.008634723
82.66	0.008502203
82.68	0.00829468
82.7	0.008051917
82.72	0.007797963
82.74	0.007545563
82.76	0.007304843
82.78	0.007089962
82.8	0.006928896
82.82	0.006858903
82.84	0.006887215
82.86	0.006991799
82.88	0.007150675
82.9	0.007344844
82.92	0.007540844
82.94	0.007709679
82.96	0.007813382
82.98	0.007823982
83	0.007741646
83.02	0.007570051
83.04	0.007334544
83.06	0.007058957
83.08	0.006786948
83.1	0.006556004
83.12	0.006386889
83.14	0.006289663
83.16	0.006251642
83.18	0.006249219
83.2	0.006254376
83.22	0.006255297
83.24	0.006232649
83.26	0.006181219
83.28	0.006104376
83.3	0.006012689
83.32	0.005934496
83.34	0.0059034
83.36	0.005930357
83.38	0.006012784
83.4	0.006139555
83.42	0.006293736
83.44	0.006466152
83.46	0.006644646
83.48	0.006787567
83.5	0.00683935
83.52	0.006759944
83.54	0.006531911
83.56	0.00614846
83.58	0.00561201
83.6	0.004916922
83.62	0.004083994
83.64	0.003178028
83.66	0.002294086
83.68	0.001485703
83.7	0.000801173
83.72	0.000267808
83.74	-0.000114272
83.76	-0.00034098
83.78	-0.000411644
83.8	-0.000341594
83.82	-0.000147648
83.84	0.000151054
83.86	0.000523087
83.88	0.000891416
83.9	0.001247068
83.92	0.001572651
83.94	0.001863601
83.96	0.002117462
83.98	0.002339845
84	0.002526299
84.02	0.002665461
84.04	0.002748904
84.06	0.002764901
84.08	0.002708538
84.1	0.002588534
84.12	0.00240434
84.14	0.002158384
84.16	0.001852721
84.18	0.001504334
84.2	0.001130433
84.22	0.000743767
84.24	0.000368642
84.26	4.46448E-05
84.28	-0.000194022
84.3	-0.000324992
84.32	-0.000340871
84.34	-0.000243615
84.36	-4.03513E-05
84.38	0.000254358
84.4	0.000616166
84.42	0.001023187
84.44	0.001441155
84.46	0.001813187
84.48	0.002137728
84.5	0.002432443
84.52	0.002716573
84.54	0.003007904
84.56	0.003315828
84.58	0.003636199
84.6	0.003950071
84.62	0.004242617
84.64	0.004492105
84.66	0.004696189
84.68	0.004852899
84.7	0.004956883
84.72	0.004994509
84.74	0.004961624
84.76	0.00486497
84.78	0.004730947
84.8	0.00460221
84.82	0.004526872
84.84	0.004506754
84.86	0.004553634
84.88	0.004684336
84.9	0.00490476
84.92	0.005200387
84.94	0.005552538
84.96	0.005940332
84.98	0.006323509
85	0.006648249
85.02	0.006852344
85.04	0.0069384
85.06	0.006916529
85.08	0.006790593
85.1	0.00657995
85.12	0.006322164
85.14	0.006068599
85.16	0.005867803
85.18	0.005745507
85.2	0.005718358
85.22	0.00580157
85.24	0.006000526
85.26	0.006293446
85.28	0.006657098
85.3	0.007060573
85.32	0.007468167
85.34	0.007873599
85.36	0.008249114
85.38	0.0085867
85.4	0.008866724
85.42	0.009088307
85.44	0.00923138
85.46	0.009299681
85.48	0.00929104
85.5	0.009221235
85.52	0.00910813
85.54	0.008963059
85.56	0.008781423
85.58	0.008567293
85.6	0.00832043
85.62	0.008061366
85.64	0.00779461
85.66	0.007512701
85.68	0.007225679
85.7	0.00694368
85.72	0.006678874
85.74	0.006455623
85.76	0.00630964
85.78	0.006248415
85.8	0.006263531
85.82	0.006346445
85.84	0.006493893
85.86	0.006704247
85.88	0.006968081
85.9	0.007269329
85.92	0.007551669
85.94	0.007813603
85.96	0.008048695
85.98	0.008248766
86	0.008386158
86.02	0.008439887
86.04	0.00840392
86.06	0.008288751
86.08	0.008106625
86.1	0.007878656
86.12	0.007628558
86.14	0.007392997
86.16	0.007216445
86.18	0.007108448
86.2	0.007068354
86.22	0.007074512
86.24	0.007102854
86.26	0.007138487
86.28	0.007175246
86.3	0.007216162
86.32	0.00726488
86.34	0.00734473
86.36	0.007470257
86.38	0.007656766
86.4	0.007910089
86.42	0.008215852
86.44	0.008537113
86.46	0.008820437
86.48	0.009035382
86.5	0.009166605
86.52	0.009209451
86.54	0.009154252
86.56	0.009007051
86.58	0.008772896
86.6	0.008460528
86.62	0.008098384
86.64	0.00771701
86.66	0.007341595
86.68	0.007005714
86.7	0.0067372
86.72	0.006544881
86.74	0.006439868
86.76	0.006418763
86.78	0.006481003
86.8	0.006619052
86.82	0.006804673
86.84	0.006997772
86.86	0.007183834
86.88	0.007351206
86.9	0.00747932
86.92	0.00755209
86.94	0.007566021
86.96	0.007523512
86.98	0.007428969
87	0.007282851
87.02	0.007080163
87.04	0.006831997
87.06	0.006557749
87.08	0.006260421
87.1	0.005943717
87.12	0.005595112
87.14	0.005207391
87.16	0.004807674
87.18	0.004401338
87.2	0.003986286
87.22	0.0035717
87.24	0.003189664
87.26	0.002861179
87.28	0.002591893
87.3	0.002394648
87.32	0.002278081
87.34	0.002248725
87.36	0.002292991
87.38	0.00239188
87.4	0.002503951
87.42	0.002604331
87.44	0.00267174
87.46	0.002694197
87.48	0.00265686
87.5	0.002547359
87.52	0.002343676
87.54	0.002072537
87.56	0.001758072
87.58	0.001435246
87.6	0.00112854
87.62	0.000864738
87.64	0.000667311
87.66	0.000529475
87.68	0.000446547
87.7	0.000411806
87.72	0.000416471
87.74	0.000453902
87.76	0.000527895
87.78	0.000635346
87.8	0.00077633
87.82	0.000946807
87.84	0.001138275
87.86	0.001336235
87.88	0.001528146
87.9	0.001709731
87.92	0.001878124
87.94	0.002019631
87.96	0.002099927
87.98	0.00209864
88	0.001998301
88.02	0.001807985
88.04	0.001529667
88.06	0.001182613
88.08	0.000780138
88.1	0.000342952
88.12	-9.77924E-05
88.14	-0.000513589
88.16	-0.000883944
88.18	-0.001205856
88.2	-0.001475525
88.22	-0.001692789
88.24	-0.00185688
88.26	-0.00196776
88.28	-0.00204305
88.3	-0.002091013
88.32	-0.002103832
88.34	-0.002058447
88.36	-0.001946076
88.38	-0.001759768
88.4	-0.001503628
88.42	-0.001187176
88.44	-0.000843223
88.46	-0.000536854
88.48	-0.000274459
88.5	-6.99316E-05
88.52	6.42256E-05
88.54	0.00011721
88.56	8.13242E-05
88.58	-4.24034E-05
88.6	-0.000235902
88.62	-0.000454241
88.64	-0.0006596
88.66	-0.000835242
88.68	-0.000955382
88.7	-0.001000903
88.72	-0.000963014
88.74	-0.000848982
88.76	-0.000675005
88.78	-0.000446276
88.8	-0.000180386
88.82	0.000109052
88.84	0.000413638
88.86	0.000719397
88.88	0.001041737
88.9	0.001383936
88.92	0.001753044
88.94	0.002138833
88.96	0.002525735
88.98	0.002894549
89	0.003219666
89.02	0.003500093
89.04	0.00372921
89.06	0.003910759
89.08	0.004047552
89.1	0.00414639
89.12	0.004223596
89.14	0.004300406
89.16	0.004383373
89.18	0.004475971
89.2	0.004601924
89.22	0.004774435
89.24	0.004981835
89.26	0.00520946
89.28	0.005419141
89.3	0.005588606
89.32	0.005700981
89.34	0.005764998
89.36	0.005770562
89.38	0.005694995
89.4	0.005524043
89.42	0.005264895
89.44	0.004945425
89.46	0.004594915
89.48	0.004265719
89.5	0.003970908
89.52	0.003715323
89.54	0.003494522
89.56	0.003298999
89.58	0.003117475
89.6	0.002939538
89.62	0.002746241
89.64	0.002522882
89.66	0.002272187
89.68	0.002015049
89.7	0.001775867
89.72	0.001588493
89.74	0.001500038
89.76	0.001546864
89.78	0.001737343
89.8	0.002069844
89.82	0.002511507
89.84	0.003014043
89.86	0.003528517
89.88	0.00399828
89.9	0.004395693
89.92	0.004688734
89.94	0.004864853
89.96	0.004929271
89.98	0.004893709
90	0.004768807
90.02	0.004571353
90.04	0.004337599
90.06	0.004099208
90.08	0.003879585
90.1	0.003687381
90.12	0.003538729
90.14	0.00344524
90.16	0.003405877
90.18	0.003414933
90.2	0.003474037
90.22	0.00356557
90.24	0.003670282
90.26	0.003788743
90.28	0.003931379
90.3	0.00411742
90.32	0.004358998
90.34	0.004665404
90.36	0.005046276
90.38	0.005510985
90.4	0.006049833
90.42	0.006639413
90.44	0.007249708
90.46	0.007836292
90.48	0.008387969
90.5	0.00889119
90.52	0.009311726
90.54	0.009616087
90.56	0.009797986
90.58	0.00985151
90.6	0.009800712
90.62	0.009681602
90.64	0.009506525
90.66	0.009308287
90.68	0.009103539
90.7	0.008928194
90.72	0.008840709
90.74	0.008844578
90.76	0.008937353
90.78	0.009087097
90.8	0.009258822
90.82	0.009428499
90.84	0.009576445
90.86	0.009690503
90.88	0.009762564
90.9	0.009795575
90.92	0.009795866
90.94	0.009778923
90.96	0.009739832
90.98	0.009688037
91	0.009623494
91.02	0.00955862
91.04	0.009514924
91.06	0.009496264
91.08	0.009498798
91.1	0.009511028
91.12	0.009526048
91.14	0.009554401
91.16	0.009588937
91.18	0.009621185
91.2	0.00962323
91.22	0.00958187
91.24	0.009490829
91.26	0.00937911
91.28	0.00926194
91.3	0.009139564
91.32	0.009007349
91.34	0.008863528
91.36	0.008709886
91.38	0.008550876
91.4	0.008378964
91.42	0.00818864
91.44	0.007967169
91.46	0.007702821
91.48	0.007397248
91.5	0.007071486
91.52	0.006744895
91.54	0.006437294
91.56	0.006158553
91.58	0.005919729
91.6	0.005709335
91.62	0.005537513
91.64	0.005404685
91.66	0.005311654
91.68	0.005252785
91.7	0.005239372
91.72	0.005282998
91.74	0.005381278
91.76	0.005523176
91.78	0.005705936
91.8	0.005930391
91.82	0.006199927
91.84	0.006507373
91.86	0.006839533
91.88	0.007161111
91.9	0.007447933
91.92	0.007673672
91.94	0.007824631
91.96	0.00788694
91.98	0.007851671
92	0.007720196
92.02	0.00749734
92.04	0.007192547
92.06	0.006820111
92.08	0.006407078
92.1	0.00600253
92.12	0.005655231
92.14	0.005381807
92.16	0.005188782
92.18	0.005079063
92.2	0.005043397
92.22	0.005073034
92.24	0.005152325
92.26	0.005259414
92.28	0.005359593
92.3	0.005433446
92.32	0.005491651
92.34	0.00552351
92.36	0.005528022
92.38	0.005510244
92.4	0.005476737
92.42	0.005427023
92.44	0.005356484
92.46	0.005265169
92.48	0.005158451
92.5	0.005046148
92.52	0.004934222
92.54	0.004821388
92.56	0.004702535
92.58	0.00458336
92.6	0.004474386
92.62	0.004411024
92.64	0.004400268
92.66	0.004432585
92.68	0.004512409
92.7	0.004639098
92.72	0.004816914
92.74	0.005044172
92.76	0.005321493
92.78	0.005642543
92.8	0.005988206
92.82	0.006321991
92.84	0.006605675
92.86	0.006850058
92.88	0.007061144
92.9	0.007241841
92.92	0.007389446
92.94	0.00749038
92.96	0.007527679
92.98	0.007516154
93	0.007473342
93.02	0.007403673
93.04	0.007303059
93.06	0.007173098
93.08	0.007026752
93.1	0.006880201
93.12	0.006749306
93.14	0.006648646
93.16	0.006586341
93.18	0.006559599
93.2	0.006552561
93.22	0.006568425
93.24	0.006611138
93.26	0.00667002
93.28	0.006731057
93.3	0.006784828
93.32	0.006828009
93.34	0.006869651
93.36	0.006909782
93.38	0.006936549
93.4	0.00692441
93.42	0.006854489
93.44	0.00672594
93.46	0.006541573
93.48	0.006302365
93.5	0.00599998
93.52	0.005634202
93.54	0.00522821
93.56	0.004809813
93.58	0.004403554
93.6	0.004017421
93.62	0.003653963
93.64	0.003316128
93.66	0.003031269
93.68	0.00280429
93.7	0.002632811
93.72	0.002510782
93.74	0.002436843
93.76	0.0024038
93.78	0.002403611
93.8	0.002425385
93.82	0.002461397
93.84	0.002512073
93.86	0.002583998
93.88	0.002673722
93.9	0.002778761
93.92	0.002891793
93.94	0.003008637
93.96	0.003132034
93.98	0.003263525
94	0.003384691
94.02	0.003489123
94.04	0.003582818
94.06	0.003671553
94.08	0.003765139
94.1	0.003881165
94.12	0.004037602
94.14	0.004252727
94.16	0.004531118
94.18	0.004884245
94.2	0.00531609
94.22	0.005812627
94.24	0.006349592
94.26	0.0069076
94.28	0.007461266
94.3	0.008002553
94.32	0.008527861
94.34	0.009034507
94.36	0.009508725
94.38	0.009932613
94.4	0.010290616
94.42	0.010582799
94.44	0.010812605
94.46	0.010978884
94.48	0.011070324
94.5	0.011081535
94.52	0.0110167
94.54	0.010885847
94.56	0.010708706
94.58	0.010497397
94.6	0.010263997
94.62	0.010022904
94.64	0.009794811
94.66	0.009594064
94.68	0.009420573
94.7	0.009271056
94.72	0.009132479
94.74	0.008996968
94.76	0.00885827
94.78	0.008715624
94.8	0.008564464
94.82	0.008403879
94.84	0.008233284
94.86	0.008052721
94.88	0.007853962
94.9	0.007636027
94.92	0.007396322
94.94	0.00713949
94.96	0.006870483
94.98	0.006603812
95	0.00634541
95.02	0.006098032
95.04	0.005864176
95.06	0.005650674
95.08	0.00545808
95.1	0.005288414
95.12	0.005143142
95.14	0.005012392
95.16	0.004867847
95.18	0.004714555
95.2	0.004550982
95.22	0.00437441
95.24	0.004187677
95.26	0.004001726
95.28	0.003827432
95.3	0.003674337
95.32	0.003548724
95.34	0.003460727
95.36	0.003406798
95.38	0.003393348
95.4	0.003420703
95.42	0.003484182
95.44	0.003565702
95.46	0.003646436
95.48	0.003708199
95.5	0.003740338
95.52	0.003741624
95.54	0.003712766
95.56	0.003669525
95.58	0.003639798
95.6	0.003640942
95.62	0.003698769
95.64	0.003817899
95.66	0.003999986
95.68	0.004242716
95.7	0.004535799
95.72	0.004849891
95.74	0.005155348
95.76	0.005413689
95.78	0.005605168
95.8	0.005730793
95.82	0.005783151
95.84	0.00576717
95.86	0.005691039
95.88	0.005558786
95.9	0.005383876
95.92	0.005187273
95.94	0.004992135
95.96	0.004805802
95.98	0.004626214
96	0.004444661
96.02	0.004245846
96.04	0.004024496
96.06	0.003792139
96.08	0.00355153
96.1	0.003299684
96.12	0.003038187
96.14	0.002768506
96.16	0.002505524
96.18	0.002265575
96.2	0.002056239
96.22	0.001879779
96.24	0.001726875
96.26	0.001600515
96.28	0.001500222
96.3	0.001425369
96.32	0.001368385
96.34	0.001322022
96.36	0.001286799
96.38	0.001271357
96.4	0.001269133
96.42	0.001273881
96.44	0.001276715
96.46	0.001282539
96.48	0.001303467
96.5	0.001361117
96.52	0.001478121
96.54	0.001627404
96.56	0.001777312
96.58	0.001900961
96.6	0.001983439
96.62	0.002017813
96.64	0.001992122
96.66	0.001904153
96.68	0.001765932
96.7	0.001598469
96.72	0.001428921
96.74	0.001284774
96.76	0.001182573
96.78	0.001132024
96.8	0.001143905
96.82	0.001227887
96.84	0.001366107
96.86	0.001541642
96.88	0.001754733
96.9	0.001985654
96.92	0.002233042
96.94	0.00249648
96.96	0.002773988
96.98	0.003055622
97	0.003343403
97.02	0.003645576
97.04	0.003981771
97.06	0.00436045
97.08	0.004762241
97.1	0.005149507
97.12	0.005492219
97.14	0.005773056
97.16	0.005978254
97.18	0.00609914
97.2	0.006112028
97.22	0.006009461
97.24	0.005792299
97.26	0.005486735
97.28	0.005129622
97.3	0.004760677
97.32	0.004406324
97.34	0.004079861
97.36	0.00379356
97.38	0.003541974
97.4	0.003303477
97.42	0.003059354
97.44	0.002791357
97.46	0.002499715
97.48	0.002189428
97.5	0.001879462
97.52	0.001584353
97.54	0.001326596
97.56	0.001123143
97.58	0.00098492
97.6	0.000914662
97.62	0.000905831
97.64	0.000932664
97.66	0.000976934
97.68	0.001016112
97.7	0.001028938
97.72	0.001022076
97.74	0.001017329
97.76	0.001008842
97.78	0.001009638
97.8	0.001034416
97.82	0.001082841
97.84	0.001133128
97.86	0.001179552
97.88	0.001231833
97.9	0.00128689
97.92	0.001355973
97.94	0.001447498
97.96	0.001555274
97.98	0.001672676
98	0.00179617
98.02	0.00192449
98.04	0.00205722
98.06	0.002197179
98.08	0.002345898
98.1	0.002507444
98.12	0.002699939
98.14	0.002939772
98.16	0.00324069
98.18	0.003606665
98.2	0.004020131
98.22	0.004448882
98.24	0.004846945
98.26	0.005192546
98.28	0.005469321
98.3	0.005695559
98.32	0.005888755
98.34	0.006065507
98.36	0.00624621
98.38	0.00644114
98.4	0.006666053
98.42	0.006946934
98.44	0.00729696
98.46	0.007711209
98.48	0.008148315
98.5	0.008570459
98.52	0.008939084
98.54	0.009234349
98.56	0.009450281
98.58	0.009584801
98.6	0.009640391
98.62	0.009612283
98.64	0.009500349
98.66	0.009308918
98.68	0.009065531
98.7	0.008799828
98.72	0.008535776
98.74	0.008290434
98.76	0.008089695
98.78	0.007955946
98.8	0.007893897
98.82	0.007883164
98.84	0.007900643
98.86	0.00792864
98.88	0.007950813
98.9	0.007948854
98.92	0.0078969
98.94	0.007783483
98.96	0.007603261
98.98	0.007386094
99	0.007170551
99.02	0.006996951
99.04	0.006865315
99.06	0.006764411
99.08	0.006684555
99.1	0.00661373
99.12	0.00654387
99.14	0.006466703
99.16	0.006372309
99.18	0.006255178
99.2	0.006123376
99.22	0.005979101
99.24	0.005835236
99.26	0.005693131
99.28	0.005547814
99.3	0.005422388
99.32	0.005315457
99.34	0.005221313
99.36	0.005139665
99.38	0.005090625
99.4	0.005094081
99.42	0.005157703
99.44	0.005265923
99.46	0.005391584
99.48	0.005513695
99.5	0.005622926
99.52	0.005712566
99.54	0.005772627
99.56	0.005798683
99.58	0.005795316
99.6	0.005763713
99.62	0.00572069
99.64	0.005663997
99.66	0.005592416
99.68	0.005503575
99.7	0.005394371
99.72	0.005260443
99.74	0.005112467
99.76	0.004975135
99.78	0.004875847
99.8	0.004832075
99.82	0.00485376
99.84	0.004944541
99.86	0.005098196
99.88	0.00529527
99.9	0.005524205
99.92	0.005770647
99.94	0.006021083
99.96	0.006265419
99.98	0.006507358
100	0.006756213
100.02	0.00700406
100.04	0.007232138
100.06	0.007427278
100.08	0.00757409
100.1	0.007657246
100.12	0.007667596
100.14	0.007609753
100.16	0.007489522
100.18	0.007325927
100.2	0.007154541
100.22	0.006998346
100.24	0.006868992
100.26	0.006765648
100.28	0.006697828
100.3	0.0066701
100.32	0.006674736
100.34	0.006710462
100.36	0.006770231
100.38	0.006850904
100.4	0.006949366
100.42	0.007068343
100.44	0.007212253
100.46	0.007363353
100.48	0.007502455
100.5	0.007611584
100.52	0.007671092
100.54	0.007675525
100.56	0.007634633
100.58	0.007550508
100.6	0.007424989
100.62	0.007267107
100.64	0.007082159
100.66	0.006878154
100.68	0.006664362
100.7	0.00644261
100.72	0.006222531
100.74	0.006025023
100.76	0.005876544
100.78	0.005780688
100.8	0.005750126
100.82	0.005801402
100.84	0.005937637
100.86	0.006156393
100.88	0.006440549
100.9	0.006764606
100.92	0.007108446
100.94	0.007452057
100.96	0.00777107
100.98	0.008026794
101	0.00818767
101.02	0.008238222
101.04	0.008180784
101.06	0.008030086
101.08	0.007797159
101.1	0.007500279
101.12	0.00716561
101.14	0.006812381
101.16	0.006458914
101.18	0.00612718
101.2	0.005823496
101.22	0.005544602
101.24	0.005286456
101.26	0.005041426
101.28	0.004805663
101.3	0.004574197
101.32	0.00434666
101.34	0.00412412
101.36	0.003914751
101.38	0.003731602
101.4	0.003586391
101.42	0.003484574
101.44	0.00343029
101.46	0.003428304
101.48	0.003490429
101.5	0.003607521
101.52	0.003753788
101.54	0.003898777
101.56	0.00400762
101.58	0.004055766
101.6	0.004023644
101.62	0.003894868
101.64	0.003658983
101.66	0.003324678
101.68	0.002939581
101.7	0.002565286
101.72	0.002253021
101.74	0.00201782
101.76	0.001865469
101.78	0.001800572
101.8	0.001823188
101.82	0.001934608
101.84	0.002108739
101.86	0.002304927
101.88	0.002498715
101.9	0.002683672
101.92	0.002867724
101.94	0.003060403
101.96	0.003265132
101.98	0.003483241
102	0.003720111
102.02	0.003985482
102.04	0.004274892
102.06	0.004580821
102.08	0.004890499
102.1	0.005185875
102.12	0.005442803
102.14	0.005656731
102.16	0.005840173
102.18	0.006005625
102.2	0.006158383
102.22	0.006304104
102.24	0.006467786
102.26	0.00667862
102.28	0.006950405
102.3	0.007292605
102.32	0.007689937
102.34	0.008130625
102.36	0.008602283
102.38	0.009091295
102.4	0.009578859
102.42	0.010027862
102.44	0.010409613
102.46	0.010696316
102.48	0.010867849
102.5	0.010921477
102.52	0.010855763
102.54	0.01067616
102.56	0.010387952
102.58	0.009995279
102.6	0.009519983
102.62	0.009005833
102.64	0.008456314
102.66	0.00788643
102.68	0.007322071
102.7	0.006787915
102.72	0.006303456
102.74	0.005879775
102.76	0.00552086
102.78	0.005222981
102.8	0.004982813
102.82	0.004800494
102.84	0.004669758
102.86	0.004572563
102.88	0.004497644
102.9	0.004438739
102.92	0.004403921
102.94	0.004407791
102.96	0.004446745
102.98	0.004503032
103	0.004558679
103.02	0.004595611
103.04	0.004601755
103.06	0.004555894
103.08	0.004431816
103.1	0.004216887
103.12	0.003911134
103.14	0.003535837
103.16	0.003125341
103.18	0.002732974
103.2	0.002363204
103.22	0.002030443
103.24	0.001743107
103.26	0.001523593
103.28	0.001378569
103.3	0.00130923
103.32	0.001318514
103.34	0.001405553
103.36	0.001578791
103.38	0.00184316
103.4	0.002196765
103.42	0.002630047
103.44	0.00312865
103.46	0.003654957
103.48	0.004167893
103.5	0.004644845
103.52	0.005068305
103.54	0.005445936
103.56	0.00578494
103.58	0.00608656
103.6	0.006356699
103.62	0.00658825
103.64	0.006782612
103.66	0.00693874
103.68	0.007058089
103.7	0.007148287
103.72	0.007218302
103.74	0.007266978
103.76	0.007296824
103.78	0.007316843
103.8	0.007338327
103.82	0.007366318
103.84	0.007398351
103.86	0.007421127
103.88	0.007433811
103.9	0.007432774
103.92	0.007412931
103.94	0.007365621
103.96	0.007286189
103.98	0.007192553
104	0.007107957
104.02	0.007044882
104.04	0.006973036
104.06	0.006871721
104.08	0.00673665
104.1	0.006569216
104.12	0.006371449
104.14	0.006151923
104.16	0.005918055
104.18	0.005690391
104.2	0.005502219
104.22	0.005387876
104.24	0.005362244
104.26	0.005420847
104.28	0.005547993
104.3	0.005728323
104.32	0.00595091
104.34	0.006198229
104.36	0.006450882
104.38	0.006690102
104.4	0.006897477
104.42	0.007072619
104.44	0.007210245
104.46	0.007290555
104.48	0.007298952
104.5	0.007223199
104.52	0.007075583
104.54	0.006878784
104.56	0.006663701
104.58	0.006447427
104.6	0.006235463
104.62	0.006036776
104.64	0.00587133
104.66	0.005749381
104.68	0.005674706
104.7	0.005638226
104.72	0.005612077
104.74	0.005575809
104.76	0.005553349
104.78	0.005564974
104.8	0.005619137
104.82	0.005705964
104.84	0.005826313
104.86	0.005978398
104.88	0.006154184
104.9	0.006337492
104.92	0.006499196
104.94	0.006604665
104.96	0.00662113
104.98	0.006541937
105	0.006360911
105.02	0.00607702
105.04	0.005704117
105.06	0.005278891
105.08	0.004865118
105.1	0.004495381
105.12	0.004193349
105.14	0.003952189
105.16	0.003773402
105.18	0.003662646
105.2	0.003625574
105.22	0.003651939
105.24	0.003704346
105.26	0.003762471
105.28	0.003805228
105.3	0.003825821
105.32	0.003818903
105.34	0.003778742
105.36	0.003699892
105.38	0.003591583
105.4	0.003470188
105.42	0.003344567
105.44	0.003228131
105.46	0.00311441
105.48	0.002985206
105.5	0.002827225
105.52	0.00262815
105.54	0.002365275
105.56	0.002017441
105.58	0.001571979
105.6	0.001045987
105.62	0.000488995
105.64	-2.01839E-05
105.66	-0.000459496
105.68	-0.000811694
105.7	-0.001052261
105.72	-0.001168619
105.74	-0.001151126
105.76	-0.000990564
105.78	-0.000687249
105.8	-0.000268824
105.82	0.000222472
105.84	0.000724419
105.86	0.00118556
105.88	0.001584518
105.9	0.001906243
105.92	0.002141099
105.94	0.00228774
105.96	0.002349201
105.98	0.002330237
106	0.002240355
106.02	0.002128434
106.04	0.002013909
106.06	0.001915187
106.08	0.001843578
106.1	0.001798061
106.12	0.001764716
106.14	0.001746354
106.16	0.001741821
106.18	0.001761957
106.2	0.001812426
106.22	0.001898633
106.24	0.002026025
106.26	0.002214395
106.28	0.00247539
106.3	0.002805607
106.32	0.003201057
106.34	0.003650258
106.36	0.004131588
106.38	0.004621268
106.4	0.005080389
106.42	0.005462228
106.44	0.005771605
106.46	0.006004739
106.48	0.006162659
106.5	0.00625173
106.52	0.006279326
106.54	0.006241916
106.56	0.006148987
106.58	0.0060219
106.6	0.005878876
106.62	0.005743681
106.64	0.005627185
106.66	0.005541945
106.68	0.005484054
106.7	0.005447494
106.72	0.005436728
106.74	0.005454065
106.76	0.005497314
106.78	0.005574258
106.8	0.005672903
106.82	0.005759873
106.84	0.005821575
106.86	0.00585886
106.88	0.005865688
106.9	0.005838382
106.92	0.005775545
106.94	0.00567514
106.96	0.005530437
106.98	0.005327058
107	0.005054232
107.02	0.004723375
107.04	0.004339036
107.06	0.00391434
107.08	0.003465669
107.1	0.003007896
107.12	0.002559915
107.14	0.002179258
107.16	0.001899074
107.18	0.001729037
107.2	0.001663099
107.22	0.001691796
107.24	0.001800437
107.26	0.001983705
107.28	0.002223722
107.3	0.002499383
107.32	0.002786791
107.34	0.003072705
107.36	0.003340735
107.38	0.003580403
107.4	0.003778313
107.42	0.003925416
107.44	0.004011749
107.46	0.004047468
107.48	0.004056269
107.5	0.00405452
107.52	0.004039813
107.54	0.004012823
107.56	0.003976416
107.58	0.00395475
107.6	0.00397152
107.62	0.004033142
107.64	0.004122181
107.66	0.004220425
107.68	0.00431492
107.7	0.004419085
107.72	0.004553921
107.74	0.004725709
107.76	0.004931003
107.78	0.005168945
107.8	0.005438721
107.82	0.005738199
107.84	0.006056796
107.86	0.006380844
107.88	0.006671027
107.9	0.006935118
107.92	0.007169122
107.94	0.007371152
107.96	0.007529269
107.98	0.007639321
108	0.007698302
108.02	0.007708493
108.04	0.00767942
108.06	0.007627907
108.08	0.007567426
108.1	0.007518177
108.12	0.007501988
108.14	0.007549071
108.16	0.007672727
108.18	0.00787678
108.2	0.008150417
108.22	0.008481803
108.24	0.008838311
108.26	0.009187561
108.28	0.009509914
108.3	0.0097792
108.32	0.00997704
108.34	0.010087509
108.36	0.010107019
108.38	0.010044806
108.4	0.009914437
108.42	0.009734442
108.44	0.009512658
108.46	0.009254049
108.48	0.008967159
108.5	0.008663785
108.52	0.008356571
108.54	0.008050217
108.56	0.00772892
108.58	0.007389045
108.6	0.007029302
108.62	0.006650923
108.64	0.006260413
108.66	0.005883705
108.68	0.005556244
108.7	0.005287079
108.72	0.00508827
108.74	0.004966212
108.76	0.004927635
108.78	0.004967659
108.8	0.005071078
108.82	0.005206264
108.84	0.005335043
108.86	0.005430159
108.88	0.005469493
108.9	0.005438437
108.92	0.00532648
108.94	0.005125906
108.96	0.004842467
108.98	0.004488959
109	0.004100786
109.02	0.003692755
109.04	0.003281668
109.06	0.002891128
109.08	0.002543232
109.1	0.002237659
109.12	0.001981123
109.14	0.001776218
109.16	0.001615323
109.18	0.00149304
109.2	0.001403771
109.22	0.001352625
109.24	0.001344775
109.26	0.001373871
109.28	0.001435065
109.3	0.001536204
109.32	0.001675494
109.34	0.001849264
109.36	0.00204297
109.38	0.002251543
109.4	0.002453412
109.42	0.002633413
109.44	0.002783527
109.46	0.00289579
109.48	0.002953807
109.5	0.002968638
109.52	0.002951183
109.54	0.002927576
109.56	0.002921329
109.58	0.002953499
109.6	0.003032155
109.62	0.003152485
109.64	0.00331204
109.66	0.00349631
109.68	0.003683398
109.7	0.003848919
109.72	0.003995716
109.74	0.004127401
109.76	0.00426557
109.78	0.004425472
109.8	0.004598143
109.82	0.004768845
109.84	0.004917805
109.86	0.005031644
109.88	0.005107821
109.9	0.005128945
109.92	0.00506794
109.94	0.004917738
109.96	0.004699873
109.98	0.004444433
110	0.004203807
110.02	0.004018685
110.04	0.003899688
110.06	0.003849128
110.08	0.003884351
110.1	0.004014058
110.12	0.004237895
110.14	0.004538463
110.16	0.004882164
110.18	0.005244646
110.2	0.00561566
110.22	0.005990688
110.24	0.006354855
110.26	0.006692802
110.28	0.006988427
110.3	0.007235458
110.32	0.007432198
110.34	0.007581199
110.36	0.007685007
110.38	0.007733745
110.4	0.007719906
110.42	0.007641979
110.44	0.007489374
110.46	0.007256256
110.48	0.006938728
110.5	0.006551047
110.52	0.006111557
110.54	0.005657301
110.56	0.005208524
110.58	0.004782242
110.6	0.004401509
110.62	0.004084978
110.64	0.003856911
110.66	0.003731805
110.68	0.003710435
110.7	0.003778007
110.72	0.0039076
110.74	0.004069903
110.76	0.004239359
110.78	0.004396901
110.8	0.004527588
110.82	0.004613527
110.84	0.004652309
110.86	0.004644137
110.88	0.004593535
110.9	0.004502717
110.92	0.00439243
110.94	0.004263592
110.96	0.004125689
110.98	0.003989874
111	0.003856142
111.02	0.003714035
111.04	0.003559726
111.06	0.003403734
111.08	0.003254182
111.1	0.003111545
111.12	0.002980353
111.14	0.002865622
111.16	0.002774771
111.18	0.002728043
111.2	0.002740917
111.22	0.002821698
111.24	0.002959426
111.26	0.00313323
111.28	0.003338694
111.3	0.003563349
111.32	0.003780017
111.34	0.003974433
111.36	0.004140287
111.38	0.004267113
111.4	0.004350472
111.42	0.004401075
111.44	0.00442836
111.46	0.004445567
111.48	0.004471217
111.5	0.004537604
111.52	0.004666182
111.54	0.004865093
111.56	0.005127369
111.58	0.005448948
111.6	0.005831218
111.62	0.006269112
111.64	0.006746992
111.66	0.007248015
111.68	0.00774573
111.7	0.008220873
111.72	0.008675125
111.74	0.009112404
111.76	0.009526955
111.78	0.009915757
111.8	0.01027779
111.82	0.010606153
111.84	0.01089016
111.86	0.011115828
111.88	0.01127075
111.9	0.011343964
111.92	0.011345033
111.94	0.011282847
111.96	0.01116306
111.98	0.010992048
112	0.010782878
112.02	0.010554235
112.04	0.010326501
112.06	0.010117237
112.08	0.009935116
112.1	0.009773982
112.12	0.009631979
112.14	0.009501952
112.16	0.009376884
112.18	0.009247093
112.2	0.009102457
112.22	0.008938211
112.24	0.008761646
112.26	0.00858473
112.28	0.008413627
112.3	0.008247304
112.32	0.00808237
112.34	0.007919729
112.36	0.007771361
112.38	0.007644446
112.4	0.007539698
112.42	0.007439123
112.44	0.007331673
112.46	0.007218718
112.48	0.00709665
112.5	0.006956805
112.52	0.006781056
112.54	0.006547691
112.56	0.0062485
112.58	0.005898551
112.6	0.005529202
112.62	0.005150074
112.64	0.004783138
112.66	0.004462432
112.68	0.004223096
112.7	0.004082455
112.72	0.004043293
112.74	0.00409687
112.76	0.004222164
112.78	0.004384692
112.8	0.004555179
112.82	0.004704983
112.84	0.00480419
112.86	0.004813568
112.88	0.004742015
112.9	0.004607491
112.92	0.004439774
112.94	0.004271142
112.96	0.004119776
112.98	0.003995853
113	0.003910749
113.02	0.003874422
113.04	0.003903874
113.06	0.0039918
113.08	0.004129604
113.1	0.004290965
113.12	0.004445711
113.14	0.004580996
113.16	0.004696112
113.18	0.004785769
113.2	0.004852027
113.22	0.004909335
113.24	0.004961587
113.26	0.005005312
113.28	0.005049731
113.3	0.005092293
113.32	0.005138444
113.34	0.005197139
113.36	0.005274569
113.38	0.005346196
113.4	0.005399266
113.42	0.005425061
113.44	0.005420653
113.46	0.005390153
113.48	0.005350712
113.5	0.005323954
113.52	0.00531392
113.54	0.005315225
113.56	0.005329057
113.58	0.00536082
113.6	0.005424483
113.62	0.005516107
113.64	0.005616445
113.66	0.00570941
113.68	0.005788534
113.7	0.005853818
113.72	0.005913369
113.74	0.005979056
113.76	0.006040052
113.78	0.006096015
113.8	0.006149724
113.82	0.006200648
113.84	0.006250827
113.86	0.006288236
113.88	0.006301361
113.9	0.006286617
113.92	0.006232998
113.94	0.006142328
113.96	0.006037504
113.98	0.005939127
114	0.005878628
114.02	0.00585921
114.04	0.005877011
114.06	0.005926876
114.08	0.006010414
114.1	0.00612938
114.12	0.006278448
114.14	0.006437058
114.16	0.006578334
114.18	0.006672683
114.2	0.00669347
114.22	0.006640685
114.24	0.006524337
114.26	0.006359968
114.28	0.006172126
114.3	0.0059768
114.32	0.005792763
114.34	0.005625304
114.36	0.005479838
114.38	0.005367666
114.4	0.005276766
114.42	0.005188944
114.44	0.005088183
114.46	0.004968829
114.48	0.004834946
114.5	0.004703747
114.52	0.004589328
114.54	0.004501153
114.56	0.004446296
114.58	0.004422164
114.6	0.004418631
114.62	0.004420715
114.64	0.004422308
114.66	0.004417152
114.68	0.004405471
114.7	0.004381525
114.72	0.004338825
114.74	0.004288069
114.76	0.004238292
114.78	0.004185691
114.8	0.004111152
114.82	0.004000515
114.84	0.003844885
114.86	0.003651726
114.88	0.003443977
114.9	0.003232858
114.92	0.003025333
114.94	0.002830905
114.96	0.002655272
114.98	0.002494571
115	0.002345083
115.02	0.002200282
115.04	0.002052459
115.06	0.001901533
115.08	0.00175725
115.1	0.001631708
115.12	0.001531619
115.14	0.001454429
115.16	0.00139278
115.18	0.001353619
115.2	0.001350423
115.22	0.001377516
115.24	0.001432893
115.26	0.001505224
115.28	0.001587079
115.3	0.001683388
115.32	0.001795618
115.34	0.001906519
115.36	0.002001894
115.38	0.002084311
115.4	0.002153234
115.42	0.002210046
115.44	0.002262867
115.46	0.002326455
115.48	0.002413284
115.5	0.002529778
115.52	0.002681597
115.54	0.002858184
115.56	0.003048213
115.58	0.003238579
115.6	0.003401912
115.62	0.00351245
115.64	0.003556938
115.66	0.00353697
115.68	0.003463608
115.7	0.003356813
115.72	0.003240972
115.74	0.003145936
115.76	0.003087397
115.78	0.003073757
115.8	0.003103747
115.82	0.003176438
115.84	0.003291525
115.86	0.003448801
115.88	0.003651341
115.9	0.003894852
115.92	0.004164581
115.94	0.004460101
115.96	0.004781151
115.98	0.005129157
116	0.005503367
116.02	0.005896841
116.04	0.006297186
116.06	0.006695491
116.08	0.007084044
116.1	0.00746044
116.12	0.007805323
116.14	0.008106626
116.16	0.008347252
116.18	0.008524522
116.2	0.008635817
116.22	0.008674804
116.24	0.008639203
116.26	0.008530203
116.28	0.008366998
116.3	0.008169172
116.32	0.007944163
116.34	0.007690352
116.36	0.007394758
116.38	0.007053018
116.4	0.006660443
116.42	0.006208405
116.44	0.005710858
116.46	0.005178382
116.48	0.004633631
116.5	0.004107031
116.52	0.003631139
116.54	0.003223535
116.56	0.002892027
116.58	0.002644291
116.6	0.002477366
116.62	0.002394214
116.64	0.002385573
116.66	0.002434805
116.68	0.002516225
116.7	0.002601043
116.72	0.002668151
116.74	0.002715102
116.76	0.002742155
116.78	0.0027433
116.8	0.00270788
116.82	0.002648273
116.84	0.00256193
116.86	0.00245517
116.88	0.002357936
116.9	0.002264462
116.92	0.002166379
116.94	0.002065544
116.96	0.00196461
116.98	0.00186248
117	0.00176083
117.02	0.001670885
117.04	0.001598319
117.06	0.001556782
117.08	0.001549679
117.1	0.001585408
117.12	0.00166793
117.14	0.001799239
117.16	0.001982355
117.18	0.002210772
117.2	0.002471706
117.22	0.00274603
117.24	0.003012247
117.26	0.003265036
117.28	0.003479532
117.3	0.003657111
117.32	0.003803711
117.34	0.003936369
117.36	0.004081439
117.38	0.004256069
117.4	0.004481749
117.42	0.004769156
117.44	0.005103329
117.46	0.005463485
117.48	0.005832393
117.5	0.006191727
117.52	0.006512315
117.54	0.006788392
117.56	0.007015642
117.58	0.007204087
117.6	0.00736531
117.62	0.007525639
117.64	0.007682185
117.66	0.007840811
117.68	0.008001971
117.7	0.008164203
117.72	0.008316276
117.74	0.008439768
117.76	0.008500982
117.78	0.008484478
117.8	0.008385457
117.82	0.008217696
117.84	0.007986725
117.86	0.007711619
117.88	0.007412703
117.9	0.007104201
117.92	0.006814955
117.94	0.006567401
117.96	0.006364337
117.98	0.006201581
118	0.006067395
118.02	0.005962069
118.04	0.005880133
118.06	0.005816638
118.08	0.005759327
118.1	0.005688858
118.12	0.005604178
118.14	0.005508673
118.16	0.005410155
118.18	0.005310275
118.2	0.005195686
118.22	0.005080876
118.24	0.004983308
118.26	0.004918075
118.28	0.004874094
118.3	0.004839748
118.32	0.004794085
118.34	0.004733774
118.36	0.00466593
118.38	0.0045979
118.4	0.004512911
118.42	0.004391304
118.44	0.004243293
118.46	0.004101251
118.48	0.003993497
118.5	0.00393556
118.52	0.003914409
118.54	0.003906885
118.56	0.003899701
118.58	0.003890416
118.6	0.003866605
118.62	0.003788815
118.64	0.003629022
118.66	0.003400625
118.68	0.003122545
118.7	0.002820245
118.72	0.002503664
118.74	0.002188035
118.76	0.001878665
118.78	0.001593335
118.8	0.001341176
118.82	0.001151309
118.84	0.001020142
118.86	0.000944315
118.88	0.000909473
118.9	0.000907722
118.92	0.000933532
118.94	0.000975909
118.96	0.001022901
118.98	0.001071529
119	0.0011123
119.02	0.001149099
119.04	0.001174623
119.06	0.001182048
119.08	0.001166774
119.1	0.001136146
119.12	0.001098553
119.14	0.001056417
119.16	0.001006678
119.18	0.000938407
119.2	0.000848955
119.22	0.00074382
119.24	0.000636485
119.26	0.000540525
119.28	0.000478209
119.3	0.000489146
119.32	0.000602062
119.34	0.000814856
119.36	0.001099036
119.38	0.001429467
119.4	0.001782711
119.42	0.002140209
119.44	0.002479778
119.46	0.002777984
119.48	0.003046698
119.5	0.003300375
119.52	0.003565864
119.54	0.003859211
119.56	0.004188297
119.58	0.004553517
119.6	0.004937394
119.62	0.005322866
119.64	0.005713223
119.66	0.006111054
119.68	0.006513066
119.7	0.00691855
119.72	0.007324479
119.74	0.007730636
119.76	0.008128491
119.78	0.008511124
119.8	0.008872328
119.82	0.009193576
119.84	0.00947045
119.86	0.009707295
119.88	0.009906794
119.9	0.010068287
119.92	0.010191949
119.94	0.010284974
119.96	0.010361747
119.98	0.010424005
120	0.010458004
120.02	0.010444852
120.04	0.010367061
120.06	0.010210249
120.08	0.009996465
120.1	0.009740809
120.12	0.009456378
120.14	0.009150623
120.16	0.008841118
120.18	0.008551114
120.2	0.008278993
120.22	0.008018102
120.24	0.007751817
120.26	0.007480589
120.28	0.007214127
120.3	0.00696236
120.32	0.006734079
120.34	0.006527912
120.36	0.006346936
120.38	0.006200032
120.4	0.0060971
120.42	0.00602023
120.44	0.005946863
120.46	0.005859925
120.48	0.00574475
120.5	0.005584732
120.52	0.005392345
120.54	0.005187421
120.56	0.004966296
120.58	0.004719482
120.6	0.00445055
120.62	0.004185567
120.64	0.003944893
120.66	0.003743181
120.68	0.003586395
120.7	0.003473166
120.72	0.003413663
120.74	0.00342708
120.76	0.003531138
120.78	0.003715401
120.8	0.003954848
120.82	0.004226853
120.84	0.004520394
120.86	0.004816783
120.88	0.005082259
120.9	0.00531026
120.92	0.005506297
120.94	0.005688398
120.96	0.005876349
120.98	0.006086682
121	0.006321575
121.02	0.006568468
121.04	0.006809207
121.06	0.007029733
121.08	0.007234692
121.1	0.007418793
121.12	0.007581625
121.14	0.007722437
121.16	0.007846152
121.18	0.007967703
121.2	0.008100385
121.22	0.008238295
121.24	0.008367357
121.26	0.008479096
121.28	0.008584646
121.3	0.008698615
121.32	0.008843854
121.34	0.009034934
121.36	0.009284285
121.38	0.009596501
121.4	0.009959529
121.42	0.010334696
121.44	0.010686199
121.46	0.010967972
121.48	0.011141079
121.5	0.011187982
121.52	0.011109575
121.54	0.010914405
121.56	0.010624103
121.58	0.010263959
121.6	0.009861336
121.62	0.009446017
121.64	0.00905689
121.66	0.008711656
121.68	0.008421912
121.7	0.008181796
121.72	0.007980174
121.74	0.007809823
121.76	0.007685009
121.78	0.007611708
121.8	0.007582584
121.82	0.007583008
121.84	0.007594989
121.86	0.007595308
121.88	0.007569659
121.9	0.007521302
121.92	0.007455837
121.94	0.007375636
121.96	0.007291078
121.98	0.007209377
122	0.007114582
122.02	0.006997545
122.04	0.006863266
122.06	0.006705256
122.08	0.006509506
122.1	0.006263017
122.12	0.005939636
122.14	0.005523701
122.16	0.005026178
122.18	0.004483876
122.2	0.003945513
122.22	0.003429849
122.24	0.002946002
122.26	0.002504198
122.28	0.002102884
122.3	0.001749911
122.32	0.001457904
122.34	0.001254095
122.36	0.001148705
122.38	0.001147839
122.4	0.001241197
122.42	0.001410523
122.44	0.001638191
122.46	0.001901535
122.48	0.0021793
122.5	0.002453444
122.52	0.002677891
122.54	0.002826327
122.56	0.00292351
122.58	0.002983402
122.6	0.003026357
122.62	0.003063221
122.64	0.003099351
122.66	0.00312958
122.68	0.003148677
122.7	0.003161554
122.72	0.003172899
122.74	0.003178314
122.76	0.003183635
122.78	0.003197053
122.8	0.003233519
122.82	0.003293201
122.84	0.003358966
122.86	0.003419437
122.88	0.003470367
122.9	0.003513986
122.92	0.003543943
122.94	0.003543598
122.96	0.003496067
122.98	0.003390453
123	0.003232635
123.02	0.003038134
123.04	0.00280161
123.06	0.00250584
123.08	0.002169556
123.1	0.001819842
123.12	0.001490603
123.14	0.001209331
123.16	0.000989171
123.18	0.00083164
123.2	0.000738169
123.22	0.000708968
123.24	0.000738223
123.26	0.000822069
123.28	0.000948491
123.3	0.001103404
123.32	0.001282794
123.34	0.001478741
123.36	0.001687967
123.38	0.001919298
123.4	0.002152099
123.42	0.002364872
123.44	0.002547326
123.46	0.002702789
123.48	0.00282473
123.5	0.002903169
123.52	0.002941576
123.54	0.002941998
123.56	0.002904263
123.58	0.002840789
123.6	0.002762131
123.62	0.002674343
123.64	0.002595588
123.66	0.002544645
123.68	0.0025365
123.7	0.002583155
123.72	0.002694312
123.74	0.00286476
123.76	0.00309506
123.78	0.003385943
123.8	0.003745709
123.82	0.004159667
123.84	0.004596341
123.86	0.005041114
123.88	0.00548512
123.9	0.005929199
123.92	0.006366832
123.94	0.006783292
123.96	0.007170173
123.98	0.007521894
124	0.007830181
124.02	0.008092488
124.04	0.0083194
124.06	0.008513082
124.08	0.008677665
124.1	0.008811555
124.12	0.008925918
124.14	0.009031469
124.16	0.009136846
124.18	0.0092467
124.2	0.009348555
124.22	0.009420201
124.24	0.009466782
124.26	0.0095009
124.28	0.009520781
124.3	0.009514459
124.32	0.009475662
124.34	0.009407437
124.36	0.009317524
124.38	0.009205255
124.4	0.009060595
124.42	0.008858032
124.44	0.00857133
124.46	0.008219813
124.48	0.007821184
124.5	0.007382029
124.52	0.006903883
124.54	0.006399986
124.56	0.005877814
124.58	0.005341368
124.6	0.004798467
124.62	0.004254465
124.64	0.003708262
124.66	0.003166107
124.68	0.002656446
124.7	0.002210044
124.72	0.001839334
124.74	0.001547601
124.76	0.001344331
124.78	0.001206077
124.8	0.001109686
124.82	0.001030643
124.84	0.000954934
124.86	0.000847806
124.88	0.000685737
124.9	0.000495155
124.92	0.000305997
124.94	0.000137524
124.96	1.27319E-05
124.98	-6.6405E-05
125	-0.000105956
125.02	-0.000118474
125.04	-0.000129383
125.06	-0.000160803
125.08	-0.000226
125.1	-0.000314542
125.12	-0.00042045
125.14	-0.000527171
125.16	-0.000584524
125.18	-0.000572728
125.2	-0.000472669
125.22	-0.000263413
125.24	5.40984E-05
125.26	0.000452021
125.28	0.000893743
125.3	0.001367747
125.32	0.001868077
125.34	0.002395838
125.36	0.002942705
125.38	0.003495503
125.4	0.004038882
125.42	0.004551195
125.44	0.005038896
125.46	0.005484915
125.48	0.005870237
125.5	0.006174857
125.52	0.006412449
125.54	0.006600799
125.56	0.006743451
125.58	0.006833784
125.6	0.006870188
125.62	0.006865219
125.64	0.006838397
125.66	0.006800475
125.68	0.006751534
125.7	0.006686229
125.72	0.00660251
125.74	0.006520791
125.76	0.006464398
125.78	0.00645342
125.8	0.006482123
125.82	0.006517694
125.84	0.006548337
125.86	0.006561212
125.88	0.006526227
125.9	0.006429208
125.92	0.006243311
125.94	0.005962001
125.96	0.005591483
125.98	0.005165451
126	0.004728503
126.02	0.00427755
126.04	0.003807954
126.06	0.003334979
126.08	0.002877618
126.1	0.002450909
126.12	0.002046721
126.14	0.001649712
126.16	0.001259176
126.18	0.000892791
126.2	0.000569945
126.22	0.000312012
126.24	0.000143543
126.26	4.76645E-05
126.28	2.39081E-05
126.3	6.80032E-05
126.32	0.000183435
126.34	0.000354399
126.36	0.000554243
126.38	0.000758216
126.4	0.000947353
126.42	0.001104577
126.44	0.001209595
126.46	0.001239382
126.48	0.001200628
126.5	0.001105382
126.52	0.000973514
126.54	0.000827375
126.56	0.00069414
126.58	0.000598883
126.6	0.000550572
126.62	0.00057068
126.64	0.000656796
126.66	0.000800069
126.68	0.000981091
126.7	0.001186037
126.72	0.001405998
126.74	0.001637328
126.76	0.001875022
126.78	0.002114658
126.8	0.002351727
126.82	0.002611759
126.84	0.002919746
126.86	0.003287737
126.88	0.003701511
126.9	0.004121634
126.92	0.004500081
126.94	0.004799372
126.96	0.004997967
126.98	0.005075282
127	0.00501225
127.02	0.004811405
127.04	0.004488752
127.06	0.004077783
127.08	0.003619138
127.1	0.003167356
127.12	0.00278282
127.14	0.002483515
127.16	0.00228495
127.18	0.002203088
127.2	0.002240637
127.22	0.002373328
127.24	0.002570426
127.26	0.002817163
127.28	0.003079235
127.3	0.003327062
127.32	0.003541997
127.34	0.003717317
127.36	0.003851498
127.38	0.003960421
127.4	0.004073827
127.42	0.004223651
127.44	0.004417477
127.46	0.004656521
127.48	0.004927808
127.5	0.005208147
127.52	0.005457562
127.54	0.005650436
127.56	0.005776072
127.58	0.005835683
127.6	0.005840218
127.62	0.005809644
127.64	0.005774745
127.66	0.005793546
127.68	0.005895154
127.7	0.006097951
127.72	0.006392001
127.74	0.006759128
127.76	0.007175717
127.78	0.007632921
127.8	0.008109285
127.82	0.008580686
127.84	0.009012485
127.86	0.00935377
127.88	0.009566831
127.9	0.009641641
127.92	0.009581591
127.94	0.009397675
127.96	0.009095061
127.98	0.008698924
128	0.008221639
128.02	0.007702657
128.04	0.007207349
128.06	0.00673105
128.08	0.006275083
128.1	0.005840507
128.12	0.005430498
128.14	0.005042201
128.16	0.004659332
128.18	0.004279196
128.2	0.003908696
128.22	0.003566449
128.24	0.003261895
128.26	0.003006371
128.28	0.002800686
128.3	0.002640126
128.32	0.002521855
128.34	0.002447001
128.36	0.002415035
128.38	0.0024106
128.4	0.002414342
128.42	0.002415675
128.44	0.00240037
128.46	0.00237166
128.48	0.002330579
128.5	0.002276739
128.52	0.002200911
128.54	0.002103878
128.56	0.001990658
128.58	0.001865034
128.6	0.001741511
128.62	0.001633579
128.64	0.001535388
128.66	0.001432013
128.68	0.00133019
128.7	0.001240029
128.72	0.001151494
128.74	0.00105964
128.76	0.0009549
128.78	0.000826115
128.8	0.000681256
128.82	0.000520816
128.84	0.000342624
128.86	0.00015174
128.88	-4.56314E-05
128.9	-0.000234596
128.92	-0.000395914
128.94	-0.00051256
128.96	-0.00058609
128.98	-0.000622288
129	-0.000600425
129.02	-0.000531315
129.04	-0.000400908
129.06	-0.000193952
129.08	9.62145E-05
129.1	0.000465224
129.12	0.000913492
129.14	0.00143631
129.16	0.002002032
129.18	0.002576953
129.2	0.003138247
129.22	0.003669041
129.24	0.004154039
129.26	0.004582167
129.28	0.004948394
129.3	0.005241258
129.32	0.005459593
129.34	0.005621868
129.36	0.00576089
129.38	0.00590335
129.4	0.00604402
129.42	0.006174841
129.44	0.006286882
129.46	0.006372341
129.48	0.006422962
129.5	0.006434388
129.52	0.00640208
129.54	0.006335495
129.56	0.006256511
129.58	0.006186109
129.6	0.00613567
129.62	0.006115004
129.64	0.006105988
129.66	0.006136646
129.68	0.006223879
129.7	0.006374363
129.72	0.006564833
129.74	0.006767477
129.76	0.006961464
129.78	0.007130988
129.8	0.007264775
129.82	0.007339127
129.84	0.007336358
129.86	0.00725773
129.88	0.007104036
129.9	0.006892888
129.92	0.006640043
129.94	0.006363108
129.96	0.006117218
129.98	0.005951636
130	0.005838038
130.02	0.005778233
130.04	0.005767928
130.06	0.005796428
130.08	0.005858483
130.1	0.005965481
130.12	0.006123563
130.14	0.006314748
130.16	0.006523336
130.18	0.006746344
130.2	0.006962433
130.22	0.007150704
130.24	0.00729722
130.26	0.007381675
130.28	0.007382887
130.3	0.007303999
130.32	0.007159303
130.34	0.006965635
130.36	0.006739571
130.38	0.00650635
130.4	0.006276433
130.42	0.006052473
130.44	0.005840234
130.46	0.005663702
130.48	0.005550014
130.5	0.005509762
130.52	0.005531942
130.54	0.005609098
130.56	0.005730893
130.58	0.00589312
130.6	0.006087584
130.62	0.006304853
130.64	0.006536839
130.66	0.006779779
130.68	0.007033799
130.7	0.007296599
130.72	0.007564166
130.74	0.007827713
130.76	0.008070931
130.78	0.008276765
130.8	0.008426005
130.82	0.008503173
130.84	0.008510338
130.86	0.008442224
130.88	0.008297576
130.9	0.008096334
130.92	0.007856501
130.94	0.007596621
130.96	0.007327391
130.98	0.007057212
131	0.006798278
131.02	0.006567195
131.04	0.006383254
131.06	0.006255479
131.08	0.006193296
131.1	0.006209718
131.12	0.006308506
131.14	0.006483755
131.16	0.006719791
131.18	0.006998925
131.2	0.007289245
131.22	0.007540173
131.24	0.007717671
131.26	0.007812153
131.28	0.007816608
131.3	0.007742766
131.32	0.007608645
131.34	0.007432671
131.36	0.007241968
131.38	0.007058866
131.4	0.00690553
131.42	0.006786334
131.44	0.00669213
131.46	0.006601131
131.48	0.006502828
131.5	0.00639359
131.52	0.006275211
131.54	0.006160913
131.56	0.006039035
131.58	0.005894699
131.6	0.00573694
131.62	0.005592282
131.64	0.005487393
131.66	0.005431836
131.68	0.005418026
131.7	0.005447871
131.72	0.005534629
131.74	0.005683573
131.76	0.005872243
131.78	0.006068994
131.8	0.006226888
131.82	0.006319953
131.84	0.006343355
131.86	0.006299606
131.88	0.006176436
131.9	0.005967178
131.92	0.005708627
131.94	0.005429215
131.96	0.005163508
131.98	0.004931864
132	0.00475495
132.02	0.004635102
132.04	0.004583286
132.06	0.004622964
132.08	0.004773126
132.1	0.005013601
132.12	0.005298484
132.14	0.005589559
132.16	0.005862061
132.18	0.006095739
132.2	0.006265722
132.22	0.00633637
132.24	0.00628499
132.26	0.006112323
132.28	0.005843977
132.3	0.005498716
132.32	0.005079775
132.34	0.004574659
132.36	0.004000935
132.38	0.003377142
132.4	0.002719554
132.42	0.002029485
132.44	0.001304445
132.46	0.000551385
132.48	-0.000199519
132.5	-0.000915231
132.52	-0.001554718
132.54	-0.002086633
132.56	-0.002495921
132.58	-0.002777804
132.6	-0.002938459
132.62	-0.00299758
132.64	-0.002963851
132.66	-0.002853811
132.68	-0.002664463
132.7	-0.002411946
132.72	-0.002120407
132.74	-0.001869429
132.76	-0.001651631
132.78	-0.001478818
132.8	-0.0013544
132.82	-0.001275039
132.84	-0.001240027
132.86	-0.001274984
132.88	-0.001391818
132.9	-0.001550635
132.92	-0.001712884
132.94	-0.001839371
132.96	-0.001900931
132.98	-0.001881885
133	-0.001790034
133.02	-0.001636505
133.04	-0.001435668
133.06	-0.001205307
133.08	-0.000966333
133.1	-0.000744548
133.12	-0.0005383
133.14	-0.000325328
133.16	-9.21377E-05
133.18	0.000171636
133.2	0.00047998
133.22	0.000829301
133.24	0.001209559
133.26	0.001627804
133.28	0.002090585
133.3	0.002577418
133.32	0.003057769
133.34	0.003542927
133.36	0.004040564
133.38	0.004550463
133.4	0.005064988
133.42	0.00556388
133.44	0.006031275
133.46	0.006465916
133.48	0.006874766
133.5	0.007261254
133.52	0.007629357
133.54	0.007990225
133.56	0.008357942
133.58	0.008726297
133.6	0.009101612
133.62	0.009489528
133.64	0.009892661
133.66	0.010299773
133.68	0.010695681
133.7	0.011065965
133.72	0.011364937
133.74	0.011550986
133.76	0.011609607
133.78	0.011544635
133.8	0.011376857
133.82	0.011122253
133.84	0.010789088
133.86	0.01039205
133.88	0.009976029
133.9	0.009595755
133.92	0.00925451
133.94	0.008940767
133.96	0.008653704
133.98	0.008389901
134	0.00814478
134.02	0.007910733
134.04	0.007671656
134.06	0.007407158
134.08	0.007119732
134.1	0.006814328
134.12	0.006512414
134.14	0.006221124
134.16	0.005926033
134.18	0.005606361
134.2	0.005269259
134.22	0.004917818
134.24	0.004563262
134.26	0.004205098
134.28	0.003847944
134.3	0.003496842
134.32	0.003151249
134.34	0.00282022
134.36	0.002513039
134.38	0.002230919
134.4	0.001979203
134.42	0.001773596
134.44	0.001638881
134.46	0.001598498
134.48	0.00163903
134.5	0.001727912
134.52	0.001849834
134.54	0.001996737
134.56	0.002162036
134.58	0.002328015
134.6	0.002468241
134.62	0.002552764
134.64	0.00259439
134.66	0.002605936
134.68	0.002598178
134.7	0.002582309
134.72	0.00257659
134.74	0.00258608
134.76	0.002620554
134.78	0.002687129
134.8	0.00277891
134.82	0.002873418
134.84	0.002967514
134.86	0.00305751
134.88	0.003146047
134.9	0.0032278
134.92	0.003309782
134.94	0.00338495
134.96	0.003448973
134.98	0.003507133
135	0.003570154
135.02	0.003645525
135.04	0.003741075
135.06	0.003858597
135.08	0.004001211
135.1	0.004159866
135.12	0.00432386
135.14	0.004487912
135.16	0.00465093
135.18	0.004817668
135.2	0.004979249
135.22	0.005125277
135.24	0.005259431
135.26	0.00538545
135.28	0.005507488
135.3	0.005632991
135.32	0.005766019
135.34	0.005901301
135.36	0.006032894
135.38	0.006155196
135.4	0.006263235
135.42	0.006353532
135.44	0.006425406
135.46	0.006479443
135.48	0.006513149
135.5	0.006532564
135.52	0.006530157
135.54	0.006506796
135.56	0.006474699
135.58	0.006442862
135.6	0.00640655
135.62	0.006359975
135.64	0.006290733
135.66	0.006195923
135.68	0.006079146
135.7	0.005941844
135.72	0.005770993
135.74	0.005577454
135.76	0.005367419
135.78	0.005146912
135.8	0.00492287
135.82	0.004706188
135.84	0.004498466
135.86	0.004306052
135.88	0.004125458
135.9	0.003947489
135.92	0.003764568
135.94	0.003581799
135.96	0.003400872
135.98	0.003228519
136	0.003068227
136.02	0.002922835
136.04	0.002795627
136.06	0.002697784
136.08	0.002626505
136.1	0.002575039
136.12	0.002539328
136.14	0.00251506
136.16	0.002496096
136.18	0.002481072
136.2	0.002471122
136.22	0.002468548
136.24	0.002475377
136.26	0.00249541
136.28	0.002527296
136.3	0.00256912
136.32	0.002622187
136.34	0.002688775
136.36	0.002767143
136.38	0.002856728
136.4	0.002950798
136.42	0.003041393
136.44	0.003131163
136.46	0.003224091
136.48	0.003322426
136.5	0.003425366
136.52	0.003534446
136.54	0.003647827
136.56	0.003765485
136.58	0.00388854
136.6	0.004016371
136.62	0.004147753
136.64	0.004284065
136.66	0.004416772
136.68	0.004537281
136.7	0.004644534
136.72	0.00474002
136.74	0.004830725
136.76	0.004923542
136.78	0.005019574
136.8	0.005116316
136.82	0.005213606
136.84	0.005311488
136.86	0.005407808
136.88	0.005500925
136.9	0.005586208
136.92	0.005658907
136.94	0.00571706
136.96	0.005764834
136.98	0.005801504
137	0.005830814
137.02	0.005856237
137.04	0.005879226
137.06	0.005896447
137.08	0.005903689
137.1	0.005898626
137.12	0.005880434
137.14	0.005850147
137.16	0.005806131
137.18	0.005743454
137.2	0.005664065
137.22	0.005572052
137.24	0.005471454
137.26	0.005366103
137.28	0.005257811
137.3	0.005144237
137.32	0.005025382
137.34	0.004902028
137.36	0.004773669
137.38	0.004640456
137.4	0.004504314
137.42	0.004364826
137.44	0.004221875
137.46	0.004077143
137.48	0.003934828
137.5	0.003800652
137.52	0.003680184
137.54	0.003574686
137.56	0.003481179
137.58	0.003397786
137.6	0.00332225
137.62	0.003253136
137.64	0.003190548
137.66	0.003134358
137.68	0.00308359
137.7	0.003039408
137.72	0.003003674
137.74	0.002979248
137.76	0.002969054
137.78	0.002973933
137.8	0.00299233
137.82	0.003019871
137.84	0.003053241
137.86	0.00309037
137.88	0.003130217
137.9	0.003174158
137.92	0.003223514
137.94	0.003277971
137.96	0.00333722
137.98	0.003402223
138	0.003474064
138.02	0.003554422
138.04	0.003642456
138.06	0.003734568
138.08	0.003828198
138.1	0.003921354
138.12	0.004012422
138.14	0.004101137
138.16	0.004188429
138.18	0.004274623
138.2	0.004360806
138.22	0.004448692
138.24	0.004537807
138.26	0.004629126
138.28	0.004722975
138.3	0.004818035
138.32	0.004911452
138.34	0.004999826
138.36	0.005080463
138.38	0.005152498
138.4	0.005217483
138.42	0.005276091
138.44	0.005328975
138.46	0.005377498
138.48	0.005422829
138.5	0.0054655
138.52	0.005505028
138.54	0.005539706
138.56	0.00556593
138.58	0.005581367
138.6	0.005583998
138.62	0.005573376
138.64	0.005550484
138.66	0.005517615
138.68	0.005477416
138.7	0.005431053
138.72	0.005379267
138.74	0.005322113
138.76	0.005259712
138.78	0.005192746
138.8	0.005120778
138.82	0.005041977
138.84	0.00495615
138.86	0.004863544
138.88	0.004765649
138.9	0.004664834
138.92	0.004563336
138.94	0.004462586
138.96	0.004363725
138.98	0.004267633
139	0.004174766
139.02	0.004085223
139.04	0.003998774
139.06	0.003914829
139.08	0.003833362
139.1	0.003754598
139.12	0.003679033
139.14	0.003608459
139.16	0.003545585
139.18	0.003492191
139.2	0.003448601
139.22	0.003414658
139.24	0.003390071
139.26	0.003373575
139.28	0.003364366
139.3	0.003361038
139.32	0.003362045
139.34	0.003366228
139.36	0.003373526
139.38	0.003385507
139.4	0.003403969
139.42	0.003430229
139.44	0.003464535
139.46	0.003505946
139.48	0.003553223
139.5	0.003604797
139.52	0.003659026
139.54	0.003715305
139.56	0.003773161
139.58	0.003831866
139.6	0.003891643
139.62	0.003952501
139.64	0.004015269
139.66	0.004081359
139.68	0.00415178
139.7	0.004226229
139.72	0.004303199
139.74	0.00438123
139.76	0.004459301
139.78	0.004536842
139.8	0.004613353
139.82	0.004687954
139.84	0.004759985
139.86	0.004829163
139.88	0.004895537
139.9	0.004959185
139.92	0.005020148
139.94	0.005078317
139.96	0.005132936
139.98	0.005182598
140	0.005225518
140.02	0.005260365
140.04	0.005286709
140.06	0.005304753
140.08	0.005314569
140.1	0.005316507
140.12	0.005311378
140.14	0.005300146
140.16	0.005283912
140.18	0.005263267
140.2	0.005238199
140.22	0.005207911
140.24	0.0051715
140.26	0.005128465
140.28	0.005078768
140.3	0.005022958
140.32	0.004962178
140.34	0.004897635
140.36	0.004830781
140.38	0.004762711
140.4	0.004694173
140.42	0.004625763
140.44	0.004557601
140.46	0.004489267
140.48	0.004420452
140.5	0.004350824
140.52	0.004280389
140.54	0.004209831
140.56	0.004140374
140.58	0.004073108
140.6	0.004008933
140.62	0.003948766
140.64	0.003893575
140.66	0.003843801
140.68	0.003799426
140.7	0.003759934
140.72	0.003724837
140.74	0.003693814
140.76	0.003666697
140.78	0.003643436
140.8	0.003624351
140.82	0.003609931
140.84	0.003600589
140.86	0.003596718
140.88	0.003598393
140.9	0.003605453
140.92	0.003617646
140.94	0.003634456
140.96	0.003654999
140.98	0.003678561
141	0.003704829
141.02	0.003733953
141.04	0.003766633
141.06	0.003803683
141.08	0.003845596
141.1	0.003892358
141.12	0.003944033
141.14	0.003999959
141.16	0.004059416
141.18	0.004121356
141.2	0.004184733
141.22	0.004248522
141.24	0.004311971
141.26	0.004374703
141.28	0.004436936
141.3	0.004499083
141.32	0.004561266
141.34	0.004623309
141.36	0.004684613
141.38	0.004744103
141.4	0.004800629
141.42	0.004853244
141.44	0.004901332
141.46	0.0049441
141.48	0.004981167
141.5	0.00501244
141.52	0.005038279
141.54	0.005059089
141.56	0.00507544
141.58	0.005087627
141.6	0.005095719
141.62	0.005099431
141.64	0.005098371
141.66	0.005092141
141.68	0.005080492
141.7	0.005063442
141.72	0.005041212
141.74	0.005014243
141.76	0.004983062
141.78	0.004948259
141.8	0.004910536
141.82	0.004870566
141.84	0.004828583
141.86	0.004784586
141.88	0.004738486
141.9	0.004690194
141.92	0.004639779
141.94	0.004587513
141.96	0.004533751
141.98	0.004479029
142	0.004424407
142.02	0.004370673
142.04	0.004318505
142.06	0.004268199
142.08	0.004219741
142.1	0.004173014
142.12	0.004127596
142.14	0.004083262
142.16	0.004039962
142.18	0.003997913
142.2	0.003957515
142.22	0.003919353
142.24	0.003884156
142.26	0.00385271
142.28	0.003825608
142.3	0.003803137
142.32	0.003785318
142.34	0.003771683
142.36	0.003761865
142.38	0.003755609
142.4	0.003752954
142.42	0.00375404
142.44	0.003759072
142.46	0.003768365
142.48	0.003782103
142.5	0.003800488
142.52	0.003823695
142.54	0.003851671
142.56	0.003884062
142.58	0.003920242
142.6	0.003959415
142.62	0.004000852
142.64	0.004044058
142.66	0.004088789
142.68	0.004134961
142.7	0.004182548
142.72	0.004231351
142.74	0.004281093
142.76	0.004331502
142.78	0.004382237
142.8	0.004432891
142.82	0.004482883
142.84	0.00453142
142.86	0.004577797
142.88	0.004621619
142.9	0.004662708
142.92	0.004701133
142.94	0.004737035
142.96	0.00477058
142.98	0.004801728
143	0.004830195
143.02	0.004855657
143.04	0.004877706
143.06	0.004895969
143.08	0.004910082
143.1	0.004919763
143.12	0.004924952
143.14	0.00492584
143.16	0.004922857
143.18	0.00491657
143.2	0.004907449
143.22	0.004895739
143.24	0.00488154
143.26	0.004864809
143.28	0.004845436
143.3	0.004823254
143.32	0.004798184
143.34	0.004770247
143.36	0.004739549
143.38	0.004706369
143.4	0.004671143
143.42	0.004634348
143.44	0.00459639
143.46	0.004557535
143.48	0.004518001
143.5	0.004477859
143.52	0.004437109
143.54	0.00439575
143.56	0.004353852
143.58	0.004311593
143.6	0.00426921
143.62	0.004227124
143.64	0.004185922
143.66	0.004146213
143.68	0.004108504
143.7	0.004073151
143.72	0.004040383
143.74	0.004010326
143.76	0.003983045
143.78	0.003958601
143.8	0.003937069
143.82	0.003918517
143.84	0.003903128
143.86	0.003891144
143.88	0.003882888
143.9	0.003878656
143.92	0.003878588
143.94	0.003882666
143.96	0.003890625
143.98	0.003902034
144	0.003916454
144.02	0.00393355
144.04	0.003953093
144.06	0.003974942
144.08	0.003999006
144.1	0.004025255
144.12	0.004053726
144.14	0.004084456
144.16	0.004117345
144.18	0.004152178
144.2	0.004188583
144.22	0.004226037
144.24	0.004263998
144.26	0.004302006
144.28	0.004339723
144.3	0.004376916
144.32	0.004413414
144.34	0.004449141
144.36	0.004484064
144.38	0.004518111
144.4	0.004551201
144.42	0.00458318
144.44	0.004613801
144.46	0.004642714
144.48	0.00466954
144.5	0.004694001
144.52	0.004715907
144.54	0.004735193
144.56	0.004751882
144.58	0.00476605
144.6	0.004777782
144.62	0.004787143
144.64	0.004794173
144.66	0.004798849
144.68	0.004801015
144.7	0.00480047
144.72	0.004797047
144.74	0.004790607
144.76	0.00478113
144.78	0.004768719
144.8	0.004753589
144.82	0.004735996
144.84	0.004716168
144.86	0.004694289
144.88	0.004670499
144.9	0.004644869
144.92	0.004617381
144.94	0.004588052
144.96	0.004556951
144.98	0.004524234
145	0.004490189
145.02	0.00445522
145.04	0.004419787
145.06	0.00438435
145.08	0.004349318
145.1	0.004315052
145.12	0.004281826
145.14	0.004249783
145.16	0.004219004
145.18	0.004189527
145.2	0.004161406
145.22	0.004134743
145.24	0.00410972
145.26	0.00408661
145.28	0.00406571
145.3	0.004047276
145.32	0.004031519
145.34	0.004018578
145.36	0.004008505
145.38	0.004001269
145.4	0.003996767
145.42	0.003994865
145.44	0.003995398
145.46	0.003998232
145.48	0.004003321
145.5	0.004010685