0	0
0.02	1.32484E-11
0.04	9.70747E-11
0.06	3.21703E-10
0.08	7.56454E-10
0.1	1.46579E-09
0.12	2.49409E-09
0.14	3.84725E-09
0.16	5.51216E-09
0.18	7.48659E-09
0.2	9.76458E-09
0.22	1.23402E-08
0.24	1.52074E-08
0.26	1.836E-08
0.28	2.17909E-08
0.3	2.54936E-08
0.32	2.94602E-08
0.34	3.36831E-08
0.36	3.81542E-08
0.38	4.28651E-08
0.4	4.78074E-08
0.42	5.29722E-08
0.44	5.83508E-08
0.46	6.39331E-08
0.48	6.97094E-08
0.5	7.56703E-08
0.52	8.18046E-08
0.54	8.81011E-08
0.56	9.45497E-08
0.58	1.01139E-07
0.6	1.07857E-07
0.62	1.1469E-07
0.64	1.21627E-07
0.66	1.28656E-07
0.68	1.35765E-07
0.7	1.42937E-07
0.72	1.50156E-07
0.74	1.57407E-07
0.76	1.64676E-07
0.78	1.71944E-07
0.8	1.79182E-07
0.82	1.86348E-07
0.84	1.93382E-07
0.86	2.00213E-07
0.88	2.06778E-07
0.9	2.13029E-07
0.92	2.18928E-07
0.94	2.24438E-07
0.96	2.29524E-07
0.98	2.34169E-07
1	2.38377E-07
1.02	2.42166E-07
1.04	2.45565E-07
1.06	2.48614E-07
1.08	2.51349E-07
1.1	2.53795E-07
1.12	2.55976E-07
1.14	2.57916E-07
1.16	2.59638E-07
1.18	2.61163E-07
1.2	2.62506E-07
1.22	2.63683E-07
1.24	2.64712E-07
1.26	2.65608E-07
1.28	2.66383E-07
1.3	2.6705E-07
1.32	2.6762E-07
1.34	2.68103E-07
1.36	2.6851E-07
1.38	2.68853E-07
1.4	2.69137E-07
1.42	2.69372E-07
1.44	2.69566E-07
1.46	2.69727E-07
1.48	2.69863E-07
1.5	2.69979E-07
1.52	2.7008E-07
1.54	2.70174E-07
1.56	2.70263E-07
1.58	2.70353E-07
1.6	2.70451E-07
1.62	2.70562E-07
1.64	2.70692E-07
1.66	2.70842E-07
1.68	2.71025E-07
1.7	2.71257E-07
1.72	2.71563E-07
1.74	2.71971E-07
1.76	2.72499E-07
1.78	2.73159E-07
1.8	2.73944E-07
1.82	2.74843E-07
1.84	2.75836E-07
1.86	2.76898E-07
1.88	2.77992E-07
1.9	2.79067E-07
1.92	2.80067E-07
1.94	2.80933E-07
1.96	2.81618E-07
1.98	2.82079E-07
2	2.82278E-07
2.02	2.82187E-07
2.04	2.8178E-07
2.06	2.81034E-07
2.08	2.79929E-07
2.1	2.7845E-07
2.12	2.76582E-07
2.14	2.74313E-07
2.16	2.7163E-07
2.18	2.68525E-07
2.2	2.6499E-07
2.22	2.61018E-07
2.24	2.56602E-07
2.26	2.51737E-07
2.28	2.46418E-07
2.3	2.4064E-07
2.32	2.34401E-07
2.34	2.27696E-07
2.36	2.20522E-07
2.38	2.12878E-07
2.4	2.04761E-07
2.42	1.96172E-07
2.44	1.8711E-07
2.46	1.77573E-07
2.48	1.67559E-07
2.5	1.57069E-07
2.52	1.461E-07
2.54	1.34652E-07
2.56	1.22724E-07
2.58	1.10308E-07
2.6	9.73953E-08
2.62	8.39745E-08
2.64	7.00403E-08
2.66	5.55978E-08
2.68	4.06606E-08
2.7	2.52484E-08
2.72	9.386E-09
2.74	-6.89894E-09
2.76	-2.35756E-08
2.78	-4.06093E-08
2.8	-5.79637E-08
2.82	-7.56061E-08
2.84	-9.35123E-08
2.86	-1.11669E-07
2.88	-1.30072E-07
2.9	-1.48723E-07
2.92	-1.67627E-07
2.94	-1.86796E-07
2.96	-2.06244E-07
2.98	-2.25986E-07
3	-2.4604E-07
3.02	-2.66422E-07
3.04	-2.87154E-07
3.06	-3.08253E-07
3.08	-3.29741E-07
3.1	-3.51636E-07
3.12	-3.7396E-07
3.14	-3.96732E-07
3.16	-4.19971E-07
3.18	-4.43697E-07
3.2	-4.6793E-07
3.22	-4.92688E-07
3.24	-5.17989E-07
3.26	-5.43852E-07
3.28	-5.70295E-07
3.3	-5.97338E-07
3.32	-6.24997E-07
3.34	-6.5329E-07
3.36	-6.82234E-07
3.38	-7.11844E-07
3.4	-7.42136E-07
3.42	-7.73126E-07
3.44	-8.04829E-07
3.46	-8.37256E-07
3.48	-8.70417E-07
3.5	-9.04324E-07
3.52	-9.38988E-07
3.54	-9.74428E-07
3.56	-1.01067E-06
3.58	-1.04774E-06
3.6	-1.08568E-06
3.62	-1.1245E-06
3.64	-1.16425E-06
3.66	-1.20494E-06
3.68	-1.24661E-06
3.7	-1.28927E-06
3.72	-1.33293E-06
3.74	-1.37761E-06
3.76	-1.42329E-06
3.78	-1.46996E-06
3.8	-1.51762E-06
3.82	-1.56624E-06
3.84	-1.61581E-06
3.86	-1.66632E-06
3.88	-1.71776E-06
3.9	-1.7701E-06
3.92	-1.82334E-06
3.94	-1.87747E-06
3.96	-1.93248E-06
3.98	-1.98835E-06
4	-2.0451E-06
4.02	-2.1027E-06
4.04	-2.16117E-06
4.06	-2.22049E-06
4.08	-2.28066E-06
4.1	-2.3417E-06
4.12	-2.40359E-06
4.14	-2.46635E-06
4.16	-2.52997E-06
4.18	-2.59447E-06
4.2	-2.65983E-06
4.22	-2.72608E-06
4.24	-2.79322E-06
4.26	-2.86125E-06
4.28	-2.93018E-06
4.3	-3.00003E-06
4.32	-3.07079E-06
4.34	-3.14249E-06
4.36	-3.21514E-06
4.38	-3.28874E-06
4.4	-3.3633E-06
4.42	-3.43884E-06
4.44	-3.51536E-06
4.46	-3.59285E-06
4.48	-3.67132E-06
4.5	-3.75078E-06
4.52	-3.83122E-06
4.54	-3.91266E-06
4.56	-3.9951E-06
4.58	-4.07857E-06
4.6	-4.16308E-06
4.62	-4.24866E-06
4.64	-4.33534E-06
4.66	-4.42316E-06
4.68	-4.51216E-06
4.7	-4.60236E-06
4.72	-4.69379E-06
4.74	-4.78649E-06
4.76	-4.88048E-06
4.78	-4.97578E-06
4.8	-5.07242E-06
4.82	-5.1704E-06
4.84	-5.26974E-06
4.86	-5.37046E-06
4.88	-5.47256E-06
4.9	-5.57605E-06
4.92	-5.68094E-06
4.94	-5.78723E-06
4.96	-5.89492E-06
4.98	-6.00401E-06
5	-6.11452E-06
5.02	-6.22643E-06
5.04	-6.33976E-06
5.06	-6.45449E-06
5.08	-6.57064E-06
5.1	-6.68819E-06
5.12	-6.80714E-06
5.14	-6.92751E-06
5.16	-7.04927E-06
5.18	-7.17244E-06
5.2	-7.297E-06
5.22	-7.42297E-06
5.24	-7.55032E-06
5.26	-7.67907E-06
5.28	-7.8092E-06
5.3	-7.94073E-06
5.32	-8.07364E-06
5.34	-8.20796E-06
5.36	-8.34368E-06
5.38	-8.4808E-06
5.4	-8.61932E-06
5.42	-8.75925E-06
5.44	-8.90057E-06
5.46	-9.04328E-06
5.48	-9.18737E-06
5.5	-9.33282E-06
5.52	-9.47961E-06
5.54	-9.62774E-06
5.56	-9.77719E-06
5.58	-9.92795E-06
5.6	-1.008E-05
5.62	-1.02334E-05
5.64	-1.0388E-05
5.66	-1.05439E-05
5.68	-1.07012E-05
5.7	-1.08598E-05
5.72	-1.10196E-05
5.74	-1.11809E-05
5.76	-1.13434E-05
5.78	-1.15074E-05
5.8	-1.16727E-05
5.82	-1.18393E-05
5.84	-1.20074E-05
5.86	-1.21769E-05
5.88	-1.23478E-05
5.9	-1.25201E-05
5.92	-1.26939E-05
5.94	-1.28691E-05
5.96	-1.30458E-05
5.98	-1.3224E-05
6	-1.34036E-05
6.02	-1.35847E-05
6.04	-1.37673E-05
6.06	-1.39514E-05
6.08	-1.4137E-05
6.1	-1.4324E-05
6.12	-1.45126E-05
6.14	-1.47026E-05
6.16	-1.48942E-05
6.18	-1.50872E-05
6.2	-1.52818E-05
6.22	-1.54778E-05
6.24	-1.56753E-05
6.26	-1.58742E-05
6.28	-1.60747E-05
6.3	-1.62765E-05
6.32	-1.64799E-05
6.34	-1.66847E-05
6.36	-1.6891E-05
6.38	-1.70987E-05
6.4	-1.73079E-05
6.42	-1.75185E-05
6.44	-1.77306E-05
6.46	-1.79442E-05
6.48	-1.81591E-05
6.5	-1.83755E-05
6.52	-1.85933E-05
6.54	-1.88124E-05
6.56	-1.90329E-05
6.58	-1.92548E-05
6.6	-1.94779E-05
6.62	-1.97023E-05
6.64	-1.99279E-05
6.66	-2.01547E-05
6.68	-2.03828E-05
6.7	-2.0612E-05
6.72	-2.08423E-05
6.74	-2.10738E-05
6.76	-2.13064E-05
6.78	-2.154E-05
6.8	-2.17747E-05
6.82	-2.20104E-05
6.84	-2.22472E-05
6.86	-2.24849E-05
6.88	-2.27237E-05
6.9	-2.29634E-05
6.92	-2.3204E-05
6.94	-2.34456E-05
6.96	-2.3688E-05
6.98	-2.39314E-05
7	-2.41756E-05
7.02	-2.44207E-05
7.04	-2.46666E-05
7.06	-2.49134E-05
7.08	-2.51609E-05
7.1	-2.54093E-05
7.12	-2.56584E-05
7.14	-2.59083E-05
7.16	-2.61589E-05
7.18	-2.64102E-05
7.2	-2.66621E-05
7.22	-2.69148E-05
7.24	-2.71681E-05
7.26	-2.74219E-05
7.28	-2.76764E-05
7.3	-2.79314E-05
7.32	-2.81869E-05
7.34	-2.8443E-05
7.36	-2.86995E-05
7.38	-2.89564E-05
7.4	-2.92138E-05
7.42	-2.94717E-05
7.44	-2.97299E-05
7.46	-2.99885E-05
7.48	-3.02475E-05
7.5	-3.05068E-05
7.52	-3.07664E-05
7.54	-3.10262E-05
7.56	-3.12863E-05
7.58	-3.15466E-05
7.6	-3.18071E-05
7.62	-3.20677E-05
7.64	-3.23284E-05
7.66	-3.25891E-05
7.68	-3.28498E-05
7.7	-3.31105E-05
7.72	-3.3371E-05
7.74	-3.36315E-05
7.76	-3.38917E-05
7.78	-3.41516E-05
7.8	-3.44113E-05
7.82	-3.46706E-05
7.84	-3.49294E-05
7.86	-3.51878E-05
7.88	-3.54457E-05
7.9	-3.5703E-05
7.92	-3.59597E-05
7.94	-3.62157E-05
7.96	-3.64709E-05
7.98	-3.67253E-05
8	-3.69788E-05
8.02	-3.72314E-05
8.04	-3.7483E-05
8.06	-3.77336E-05
8.08	-3.7983E-05
8.1	-3.82313E-05
8.12	-3.84783E-05
8.14	-3.87241E-05
8.16	-3.89685E-05
8.18	-3.92116E-05
8.2	-3.94531E-05
8.22	-3.96931E-05
8.24	-3.99315E-05
8.26	-4.01682E-05
8.28	-4.04031E-05
8.3	-4.06362E-05
8.32	-4.08674E-05
8.34	-4.10967E-05
8.36	-4.13238E-05
8.38	-4.15489E-05
8.4	-4.17718E-05
8.42	-4.19924E-05
8.44	-4.22107E-05
8.46	-4.24266E-05
8.48	-4.264E-05
8.5	-4.28509E-05
8.52	-4.30592E-05
8.54	-4.32649E-05
8.56	-4.34678E-05
8.58	-4.36679E-05
8.6	-4.38651E-05
8.62	-4.40593E-05
8.64	-4.42506E-05
8.66	-4.44387E-05
8.68	-4.46236E-05
8.7	-4.48053E-05
8.72	-4.49836E-05
8.74	-4.51584E-05
8.76	-4.53298E-05
8.78	-4.54976E-05
8.8	-4.56616E-05
8.82	-4.58219E-05
8.84	-4.59783E-05
8.86	-4.61307E-05
8.88	-4.62791E-05
8.9	-4.64233E-05
8.92	-4.65633E-05
8.94	-4.66989E-05
8.96	-4.683E-05
8.98	-4.69566E-05
9	-4.70785E-05
9.02	-4.71956E-05
9.04	-4.73078E-05
9.06	-4.74151E-05
9.08	-4.75173E-05
9.1	-4.76142E-05
9.12	-4.77059E-05
9.14	-4.77921E-05
9.16	-4.78728E-05
9.18	-4.79479E-05
9.2	-4.80172E-05
9.22	-4.80806E-05
9.24	-4.81381E-05
9.26	-4.81894E-05
9.28	-4.82345E-05
9.3	-4.82732E-05
9.32	-4.83055E-05
9.34	-4.83311E-05
9.36	-4.835E-05
9.38	-4.83621E-05
9.4	-4.83671E-05
9.42	-4.8365E-05
9.44	-4.83556E-05
9.46	-4.83388E-05
9.48	-4.83144E-05
9.5	-4.82824E-05
9.52	-4.82426E-05
9.54	-4.81949E-05
9.56	-4.81391E-05
9.58	-4.80751E-05
9.6	-4.80027E-05
9.62	-4.79219E-05
9.64	-4.78325E-05
9.66	-4.77343E-05
9.68	-4.76273E-05
9.7	-4.75112E-05
9.72	-4.7386E-05
9.74	-4.72515E-05
9.76	-4.71076E-05
9.78	-4.69541E-05
9.8	-4.67909E-05
9.82	-4.66178E-05
9.84	-4.64348E-05
9.86	-4.62416E-05
9.88	-4.60381E-05
9.9	-4.58242E-05
9.92	-4.55997E-05
9.94	-4.53644E-05
9.96	-4.51183E-05
9.98	-4.48612E-05
10	-4.45929E-05
10.02	-4.43132E-05
10.04	-4.4022E-05
10.06	-4.37192E-05
10.08	-4.34045E-05
10.1	-4.30778E-05
10.12	-4.27391E-05
10.14	-4.2388E-05
10.16	-4.20245E-05
10.18	-4.16483E-05
10.2	-4.12594E-05
10.22	-4.08576E-05
10.24	-4.04427E-05
10.26	-4.00145E-05
10.28	-3.95728E-05
10.3	-3.91176E-05
10.32	-3.86486E-05
10.34	-3.81656E-05
10.36	-3.76685E-05
10.38	-3.71572E-05
10.4	-3.66313E-05
10.42	-3.60908E-05
10.44	-3.55355E-05
10.46	-3.49652E-05
10.48	-3.43796E-05
10.5	-3.37787E-05
10.52	-3.31622E-05
10.54	-3.253E-05
10.56	-3.18818E-05
10.58	-3.12175E-05
10.6	-3.05368E-05
10.62	-2.98397E-05
10.64	-2.91259E-05
10.66	-2.83952E-05
10.68	-2.76475E-05
10.7	-2.68825E-05
10.72	-2.61E-05
10.74	-2.52999E-05
10.76	-2.4482E-05
10.78	-2.36461E-05
10.8	-2.2792E-05
10.82	-2.19195E-05
10.84	-2.10284E-05
10.86	-2.01185E-05
10.88	-1.91897E-05
10.9	-1.82418E-05
10.92	-1.72745E-05
10.94	-1.62877E-05
10.96	-1.52811E-05
10.98	-1.42547E-05
11	-1.32081E-05
11.02	-1.21413E-05
11.04	-1.1054E-05
11.06	-9.94596E-06
11.08	-8.81708E-06
11.1	-7.66712E-06
11.12	-6.49591E-06
11.14	-5.30324E-06
11.16	-4.08894E-06
11.18	-2.8528E-06
11.2	-1.59464E-06
11.22	-3.14268E-07
11.24	9.88498E-07
11.26	2.31385E-06
11.28	3.66197E-06
11.3	5.03305E-06
11.32	6.42728E-06
11.34	7.84484E-06
11.36	9.28593E-06
11.38	1.07507E-05
11.4	1.22394E-05
11.42	1.37522E-05
11.44	1.52892E-05
11.46	1.68507E-05
11.48	1.84368E-05
11.5	2.00478E-05
11.52	2.16838E-05
11.54	2.3345E-05
11.56	2.50316E-05
11.58	2.67437E-05
11.6	2.84816E-05
11.62	3.02455E-05
11.64	3.20355E-05
11.66	3.38519E-05
11.68	3.56947E-05
11.7	3.75642E-05
11.72	3.94606E-05
11.74	4.13841E-05
11.76	4.33348E-05
11.78	4.53129E-05
11.8	4.73186E-05
11.82	4.93521E-05
11.84	5.14135E-05
11.86	5.3503E-05
11.88	5.56209E-05
11.9	5.77672E-05
11.92	5.99421E-05
11.94	6.21458E-05
11.96	6.43785E-05
11.98	6.66403E-05
12	6.89314E-05
12.02	7.12519E-05
12.04	7.36021E-05
12.06	7.5982E-05
12.08	7.83918E-05
12.1	8.08318E-05
12.12	8.33019E-05
12.14	8.58025E-05
12.16	8.83336E-05
12.18	9.08954E-05
12.2	9.34879E-05
12.22	9.61115E-05
12.24	9.87661E-05
12.26	0.000101452
12.28	0.000104169
12.3	0.000106918
12.32	0.000109698
12.34	0.00011251
12.36	0.000115354
12.38	0.00011823
12.4	0.000121138
12.42	0.000124078
12.44	0.000127051
12.46	0.000130056
12.48	0.000133093
12.5	0.000136163
12.52	0.000139265
12.54	0.000142401
12.56	0.000145569
12.58	0.00014877
12.6	0.000152004
12.62	0.000155271
12.64	0.000158571
12.66	0.000161905
12.68	0.000165272
12.7	0.000168672
12.72	0.000172105
12.74	0.000175572
12.76	0.000179072
12.78	0.000182606
12.8	0.000186174
12.82	0.000189775
12.84	0.000193409
12.86	0.000197077
12.88	0.000200779
12.9	0.000204515
12.92	0.000208284
12.94	0.000212087
12.96	0.000215923
12.98	0.000219794
13	0.000223697
13.02	0.000227635
13.04	0.000231606
13.06	0.00023561
13.08	0.000239649
13.1	0.00024372
13.12	0.000247825
13.14	0.000251964
13.16	0.000256136
13.18	0.000260341
13.2	0.000264579
13.22	0.00026885
13.24	0.000273155
13.26	0.000277492
13.28	0.000281862
13.3	0.000286265
13.32	0.000290701
13.34	0.000295169
13.36	0.000299669
13.38	0.000304202
13.4	0.000308767
13.42	0.000313363
13.44	0.000317992
13.46	0.000322652
13.48	0.000327343
13.5	0.000332066
13.52	0.00033682
13.54	0.000341605
13.56	0.00034642
13.58	0.000351266
13.6	0.000356142
13.62	0.000361048
13.64	0.000365984
13.66	0.000370949
13.68	0.000375944
13.7	0.000380967
13.72	0.000386019
13.74	0.0003911
13.76	0.000396208
13.78	0.000401344
13.8	0.000406508
13.82	0.000411698
13.84	0.000416915
13.86	0.000422159
13.88	0.000427429
13.9	0.000432724
13.92	0.000438045
13.94	0.00044339
13.96	0.00044876
13.98	0.000454154
14	0.000459571
14.02	0.000465012
14.04	0.000470475
14.06	0.000475961
14.08	0.000481468
14.1	0.000486997
14.12	0.000492546
14.14	0.000498115
14.16	0.000503705
14.18	0.000509313
14.2	0.00051494
14.22	0.000520585
14.24	0.000526248
14.26	0.000531927
14.28	0.000537623
14.3	0.000543334
14.32	0.00054906
14.34	0.000554801
14.36	0.000560556
14.38	0.000566323
14.4	0.000572103
14.42	0.000577895
14.44	0.000583698
14.46	0.000589511
14.48	0.000595333
14.5	0.000601164
14.52	0.000607004
14.54	0.00061285
14.56	0.000618703
14.58	0.000624561
14.6	0.000630424
14.62	0.000636291
14.64	0.000642162
14.66	0.000648034
14.68	0.000653907
14.7	0.000659781
14.72	0.000665654
14.74	0.000671526
14.76	0.000677395
14.78	0.000683261
14.8	0.000689122
14.82	0.000694978
14.84	0.000700827
14.86	0.000706669
14.88	0.000712502
14.9	0.000718326
14.92	0.000724138
14.94	0.000729939
14.96	0.000735726
14.98	0.000741499
15	0.000747908
15.02	0.000756
15.04	0.000762471
15.06	0.000770062
15.08	0.000775495
15.1	0.000781062
15.12	0.000782788
15.14	0.000786568
15.16	0.00078483
15.18	0.000782258
15.2	0.000759249
15.22	0.000684933
15.24	0.000511643
15.26	0.000311618
15.28	0.000127194
15.3	3.98875E-05
15.32	0.000136059
15.34	0.00041813
15.36	0.000727626
15.38	0.000950097
15.4	0.001066191
15.42	0.001107925
15.44	0.001171893
15.46	0.001298961
15.48	0.001472332
15.5	0.001545224
15.52	0.001353836
15.54	0.000843621
15.56	8.97424E-05
15.58	-0.000825516
15.6	-0.00175124
15.62	-0.002541741
15.64	-0.003042561
15.66	-0.003219995
15.68	-0.003127712
15.7	-0.002821461
15.72	-0.002353439
15.74	-0.001806637
15.76	-0.001146148
15.78	-0.000289357
15.8	0.000786967
15.82	0.002056049
15.84	0.003420509
15.86	0.004738598
15.88	0.005870394
15.9	0.00671751
15.92	0.007282359
15.94	0.007682818
15.96	0.007938261
15.98	0.008098291
16	0.008152562
16.02	0.008085848
16.04	0.007696248
16.06	0.00692333
16.08	0.005730766
16.1	0.004254654
16.12	0.002569757
16.14	0.000715836
16.16	-0.001287165
16.18	-0.003302246
16.2	-0.0053096
16.22	-0.007315988
16.24	-0.009339849
16.26	-0.011364048
16.28	-0.013394649
16.3	-0.015468583
16.32	-0.017623637
16.34	-0.019739586
16.36	-0.021772176
16.38	-0.023585719
16.4	-0.025014248
16.42	-0.025956328
16.44	-0.0264606
16.46	-0.026585794
16.48	-0.02643843
16.5	-0.02608857
16.52	-0.02575129
16.54	-0.025251349
16.56	-0.024488695
16.58	-0.02344328
16.6	-0.022301409
16.62	-0.021319429
16.64	-0.020781654
16.66	-0.020828479
16.68	-0.021439426
16.7	-0.022502383
16.72	-0.02367845
16.74	-0.024703207
16.76	-0.025523
16.78	-0.026172273
16.8	-0.026803017
16.82	-0.027520343
16.84	-0.028180486
16.86	-0.028360508
16.88	-0.027727422
16.9	-0.02628781
16.92	-0.024001649
16.94	-0.020884836
16.96	-0.017365651
16.98	-0.013530989
17	-0.009441453
17.02	-0.004976442
17.04	-8.45085E-05
17.06	0.005243594
17.08	0.011007968
17.1	0.017008547
17.12	0.022924389
17.14	0.028369201
17.16	0.032951653
17.18	0.036457559
17.2	0.038803214
17.22	0.040023352
17.24	0.039926223
17.26	0.038127062
17.28	0.034318268
17.3	0.029108136
17.32	0.022654908
17.34	0.015028153
17.36	0.006540252
17.38	-0.002337045
17.4	-0.010743717
17.42	-0.017715231
17.44	-0.023064604
17.46	-0.026669793
17.48	-0.028685042
17.5	-0.029140738
17.52	-0.02830666
17.54	-0.02698776
17.56	-0.026515473
17.58	-0.027177973
17.6	-0.028821234
17.62	-0.031200488
17.64	-0.033671904
17.66	-0.035064815
17.68	-0.034947254
17.7	-0.033174834
17.72	-0.029840334
17.74	-0.02530416
17.76	-0.019866243
17.78	-0.013798498
17.8	-0.006649004
17.82	0.001615567
17.84	0.010862471
17.86	0.020722941
17.88	0.030903807
17.9	0.04102846
17.92	0.050633097
17.94	0.059470022
17.96	0.067421583
17.98	0.074278981
18	0.080397842
18.02	0.08618135
18.04	0.091663503
18.06	0.096634148
18.08	0.101040521
18.1	0.104794728
18.12	0.108072835
18.14	0.11108991
18.16	0.113929591
18.18	0.11614667
18.2	0.117362998
18.22	0.117209389
18.24	0.115881469
18.26	0.11340028
18.28	0.109883905
18.3	0.105816117
18.32	0.10159066
18.34	0.097262487
18.36	0.092837683
18.38	0.088006627
18.4	0.082682205
18.42	0.076850596
18.44	0.070676635
18.46	0.064230286
18.48	0.057677589
18.5	0.05080238
18.52	0.043535458
18.54	0.03578679
18.56	0.028219669
18.58	0.021387861
18.6	0.015314942
18.62	0.009927082
18.64	0.005240372
18.66	0.001315388
18.68	-0.001450051
18.7	-0.002743058
18.72	-0.00253494
18.74	-0.000969134
18.76	0.001652683
18.78	0.004574808
18.8	0.007574964
18.82	0.010494126
18.84	0.013484241
18.86	0.016564521
18.88	0.019551065
18.9	0.022386379
18.92	0.025047917
18.94	0.027487001
18.96	0.029568158
18.98	0.031172372
19	0.032249587
19.02	0.03291636
19.04	0.03322035
19.06	0.032978582
19.08	0.031815959
19.1	0.030044142
19.12	0.027655808
19.14	0.024605354
19.16	0.02059762
19.18	0.015456198
19.2	0.009459936
19.22	0.003098415
19.24	-0.003598409
19.26	-0.010396637
19.28	-0.017183446
19.3	-0.023619277
19.32	-0.029621113
19.34	-0.035351912
19.36	-0.041182373
19.38	-0.047117067
19.4	-0.053162366
19.42	-0.059068228
19.44	-0.064872836
19.46	-0.070599201
19.48	-0.076448182
19.5	-0.082581709
19.52	-0.089198997
19.54	-0.096005262
19.56	-0.102541167
19.58	-0.107932419
19.6	-0.112028558
19.62	-0.114647548
19.64	-0.115698617
19.66	-0.114972799
19.68	-0.112457231
19.7	-0.108148667
19.72	-0.102411154
19.74	-0.096023226
19.76	-0.089225658
19.78	-0.082280645
19.8	-0.075484076
19.82	-0.06937382
19.84	-0.064316627
19.86	-0.060575188
19.88	-0.057993761
19.9	-0.056162543
19.92	-0.05460749
19.94	-0.053524239
19.96	-0.052574343
19.98	-0.051488588
20	-0.050642263
20.02	-0.050767622
20.04	-0.051838503
20.06	-0.053626706
20.08	-0.055294733
20.1	-0.056540027
20.12	-0.057029312
20.14	-0.056757861
20.16	-0.055652602
20.18	-0.053620125
20.2	-0.050950553
20.22	-0.047821025
20.24	-0.044073701
20.26	-0.039715022
20.28	-0.03469634
20.3	-0.029068377
20.32	-0.022865955
20.34	-0.016195879
20.36	-0.008833887
20.38	-0.001179386
20.4	0.006519346
20.42	0.014322629
20.44	0.022151549
20.46	0.029798773
20.48	0.037193517
20.5	0.04440344
20.52	0.051823873
20.54	0.059410785
20.56	0.066933129
20.58	0.073861633
20.6	0.07966112
20.62	0.084100375
20.64	0.086938923
20.66	0.088114232
20.68	0.08783375
20.7	0.086398024
20.72	0.084087472
20.74	0.080888748
20.76	0.077428012
20.78	0.073714742
20.8	0.069773034
20.82	0.065594202
20.84	0.061062812
20.86	0.055989906
20.88	0.050332208
20.9	0.044382874
20.92	0.038343975
20.94	0.032313442
20.96	0.026203713
20.98	0.02002632
21	0.013958465
21.02	0.008306301
21.04	0.003342678
21.06	-0.000816085
21.08	-0.004396405
21.1	-0.007491343
21.12	-0.010044996
21.14	-0.011849816
21.16	-0.012754415
21.18	-0.012766279
21.2	-0.012211419
21.22	-0.011315734
21.24	-0.01012612
21.26	-0.008653147
21.28	-0.00683731
21.3	-0.004628407
21.32	-0.002035201
21.34	0.000972357
21.36	0.004274029
21.38	0.007622397
21.4	0.010730966
21.42	0.013339928
21.44	0.015365038
21.46	0.016767216
21.48	0.017528998
21.5	0.017634797
21.52	0.017052641
21.54	0.015925909
21.56	0.01457573
21.58	0.013015988
21.6	0.011269039
21.62	0.009474075
21.64	0.007833035
21.66	0.006593428
21.68	0.005944058
21.7	0.005908866
21.72	0.006390679
21.74	0.007164669
21.76	0.008087941
21.78	0.008952993
21.8	0.009818205
21.82	0.01079358
21.84	0.011981248
21.86	0.013486155
21.88	0.015221971
21.9	0.017022111
21.92	0.018719827
21.94	0.020230419
21.96	0.021490072
21.98	0.022502871
22	0.023208372
22.02	0.023543511
22.04	0.023406135
22.06	0.022691455
22.08	0.021338771
22.1	0.019588556
22.12	0.017872761
22.14	0.016520035
22.16	0.01568904
22.18	0.015479597
22.2	0.015921857
22.22	0.017004146
22.24	0.018305208
22.26	0.0195838
22.28	0.020750006
22.3	0.021804081
22.32	0.022664851
22.34	0.02312285
22.36	0.022960985
22.38	0.022134042
22.4	0.020695184
22.42	0.018650207
22.44	0.016177753
22.46	0.013613036
22.48	0.011120923
22.5	0.008664825
22.52	0.006185751
22.54	0.003692341
22.56	0.001278717
22.58	-0.001009335
22.6	-0.003135093
22.62	-0.005171699
22.64	-0.007144642
22.66	-0.009112337
22.68	-0.011058105
22.7	-0.012996069
22.72	-0.014920968
22.74	-0.016876952
22.76	-0.018801827
22.78	-0.020644394
22.8	-0.022301209
22.82	-0.023879321
22.84	-0.025557204
22.86	-0.027555635
22.88	-0.029732287
22.9	-0.032087529
22.92	-0.034655156
22.94	-0.037600347
22.96	-0.041176606
22.98	-0.045470618
23	-0.050318556
23.02	-0.055589371
23.04	-0.060925594
23.06	-0.065901602
23.08	-0.070077217
23.1	-0.073291806
23.12	-0.075355453
23.14	-0.076337145
23.16	-0.07612226
23.18	-0.074799897
23.2	-0.07238662
23.22	-0.069495887
23.24	-0.066316309
23.26	-0.062898027
23.28	-0.059266849
23.3	-0.055547487
23.32	-0.05160603
23.34	-0.04737056
23.36	-0.042739176
23.38	-0.037769208
23.4	-0.032458222
23.42	-0.026845154
23.44	-0.020828274
23.46	-0.014422364
23.48	-0.007773332
23.5	-0.001251436
23.52	0.004927885
23.54	0.010454073
23.56	0.01527333
23.58	0.019268609
23.6	0.022383077
23.62	0.024502334
23.64	0.025655545
23.66	0.025943828
23.68	0.025628031
23.7	0.025009896
23.72	0.024534347
23.74	0.024278232
23.76	0.024339072
23.78	0.024546256
23.8	0.024875684
23.82	0.025176615
23.84	0.025389555
23.86	0.02530865
23.88	0.025142156
23.9	0.024936943
23.92	0.02492712
23.94	0.024856941
23.96	0.024774301
23.98	0.024590324
24	0.024455007
24.02	0.024185059
24.04	0.023999624
24.06	0.023809075
24.08	0.023635701
24.1	0.023285346
24.12	0.022726897
24.14	0.021755073
24.16	0.020493963
24.18	0.019107144
24.2	0.018256969
24.22	0.01815762
24.24	0.018874191
24.26	0.020265397
24.28	0.022500748
24.3	0.025159136
24.32	0.02781712
24.34	0.030395366
24.36	0.032837721
24.38	0.03490417
24.4	0.036425438
24.42	0.037114119
24.44	0.03677138
24.46	0.035277567
24.48	0.032971738
24.5	0.029937701
24.52	0.026721539
24.54	0.02389934
24.56	0.021819186
24.58	0.020631772
24.6	0.020345044
24.62	0.020817855
24.64	0.021823515
24.66	0.022840037
24.68	0.023422132
24.7	0.023345724
24.72	0.022398804
24.74	0.020448468
24.76	0.018037266
24.78	0.015556716
24.8	0.013105241
24.82	0.011001968
24.84	0.009291264
24.86	0.007867664
24.88	0.006802519
24.9	0.006403221
24.92	0.006560118
24.94	0.007063703
24.96	0.007721882
24.98	0.00840808
25	0.009009487
25.02	0.00921061
25.04	0.008768652
25.06	0.007582919
25.08	0.005521441
25.1	0.002789877
25.12	-0.000256329
25.14	-0.003385796
25.16	-0.006593496
25.18	-0.00966357
25.2	-0.012421337
25.22	-0.014704576
25.24	-0.016289907
25.26	-0.01746722
25.28	-0.018332445
25.3	-0.019003562
25.32	-0.019942026
25.34	-0.021080571
25.36	-0.022234742
25.38	-0.023399293
25.4	-0.024579051
25.42	-0.025762554
25.44	-0.02699163
25.46	-0.028242141
25.48	-0.029589941
25.5	-0.031080529
25.52	-0.032858587
25.54	-0.034954092
25.56	-0.037320959
25.58	-0.039835258
25.6	-0.042354098
25.62	-0.044789967
25.64	-0.046907998
25.66	-0.048426116
25.68	-0.04924984
25.7	-0.049334542
25.72	-0.048694257
25.74	-0.047361522
25.76	-0.045760847
25.78	-0.044071621
25.8	-0.042197958
25.82	-0.039979792
25.84	-0.037363174
25.86	-0.034342086
25.88	-0.030951116
25.9	-0.027146285
25.92	-0.023010138
25.94	-0.018552642
25.96	-0.013848668
25.98	-0.008932033
26	-0.003845851
26.02	0.00137899
26.04	0.006637625
26.06	0.011929405
26.08	0.017130433
26.1	0.022174178
26.12	0.026846093
26.14	0.030916043
26.16	0.034070814
26.18	0.036170582
26.2	0.037101192
26.22	0.03699583
26.24	0.036037374
26.26	0.034433225
26.28	0.03252827
26.3	0.030867066
26.32	0.029396923
26.34	0.027994871
26.36	0.026448384
26.38	0.024599672
26.4	0.022274939
26.42	0.019583575
26.44	0.016633494
26.46	0.013675971
26.48	0.010818682
26.5	0.008232872
26.52	0.006072922
26.54	0.004459361
26.56	0.003449719
26.58	0.00303015
26.6	0.003194951
26.62	0.003926492
26.64	0.005200689
26.66	0.007028099
26.68	0.009385739
26.7	0.012163391
26.72	0.015190336
26.74	0.018336193
26.76	0.021495296
26.78	0.024517533
26.8	0.027223043
26.82	0.029454259
26.84	0.030983288
26.86	0.031690742
26.88	0.031553488
26.9	0.030552107
26.92	0.028626126
26.94	0.025825802
26.96	0.022356269
26.98	0.018206439
27	0.013296936
27.02	0.007541017
27.04	0.000950334
27.06	-0.006385576
27.08	-0.014202689
27.1	-0.022052902
27.12	-0.029638194
27.14	-0.036626253
27.16	-0.042779567
27.18	-0.047894624
27.2	-0.051777445
27.22	-0.054202754
27.24	-0.055107409
27.26	-0.054536444
27.28	-0.052651526
27.3	-0.050040556
27.32	-0.046930018
27.34	-0.043252917
27.36	-0.038925292
27.38	-0.033885661
27.4	-0.028223199
27.42	-0.021972273
27.44	-0.015236837
27.46	-0.008148586
27.48	-0.001013965
27.5	0.005972068
27.52	0.012733035
27.54	0.019183052
27.56	0.025282458
27.58	0.030998055
27.6	0.036076371
27.62	0.040307619
27.64	0.043615074
27.66	0.046083606
27.68	0.047796312
27.7	0.048696731
27.72	0.048696764
27.74	0.047854398
27.76	0.046378527
27.78	0.044606674
27.8	0.042599291
27.82	0.040362719
27.84	0.037893856
27.86	0.035234036
27.88	0.032438934
27.9	0.029571448
27.92	0.026760533
27.94	0.024154105
27.96	0.021932104
27.98	0.020195329
28	0.018985009
28.02	0.01825213
28.04	0.017914788
28.06	0.01783232
28.08	0.017869752
28.1	0.017733881
28.12	0.017323919
28.14	0.016608168
28.16	0.015662678
28.18	0.014748708
28.2	0.013845836
28.22	0.012919186
28.24	0.012030886
28.26	0.011092559
28.28	0.010115157
28.3	0.008976321
28.32	0.007543522
28.34	0.005662797
28.36	0.003317633
28.38	0.000743092
28.4	-0.00185497
28.42	-0.004271846
28.44	-0.006381304
28.46	-0.008050788
28.48	-0.0091991
28.5	-0.009859267
28.52	-0.010172416
28.54	-0.010356417
28.56	-0.010737982
28.58	-0.01121319
28.6	-0.01176442
28.62	-0.012392028
28.64	-0.013106953
28.66	-0.013808092
28.68	-0.014396345
28.7	-0.014778614
28.72	-0.014970523
28.74	-0.014951777
28.76	-0.014674462
28.78	-0.014005793
28.8	-0.013096352
28.82	-0.012206146
28.84	-0.011371512
28.86	-0.010401779
28.88	-0.009218502
28.9	-0.007803836
28.92	-0.006189999
28.94	-0.004474298
28.96	-0.002809784
28.98	-0.001317376
29	-0.000150513
29.02	0.000597118
29.04	0.001080299
29.06	0.001476206
29.08	0.002040553
29.1	0.002920458
29.12	0.004171971
29.14	0.005585592
29.16	0.006881826
29.18	0.007970886
29.2	0.008784978
29.22	0.009040758
29.24	0.008553515
29.26	0.007368316
29.28	0.00582584
29.3	0.004262215
29.32	0.002839765
29.34	0.001581374
29.36	0.00046361
29.38	-0.000658834
29.4	-0.002076062
29.42	-0.003951178
29.44	-0.006441446
29.46	-0.009689282
29.48	-0.013587131
29.5	-0.017825448
29.52	-0.022054783
29.54	-0.025941891
29.56	-0.029338782
29.58	-0.032309737
29.6	-0.035040069
29.62	-0.037410464
29.64	-0.039235663
29.66	-0.040086202
29.68	-0.039982245
29.7	-0.038926376
29.72	-0.037200255
29.74	-0.034872214
29.76	-0.032240325
29.78	-0.029500022
29.8	-0.026751441
29.82	-0.024003443
29.84	-0.021199073
29.86	-0.01828327
29.88	-0.015303119
29.9	-0.012299283
29.92	-0.009420775
29.94	-0.006741568
29.96	-0.004337943
29.98	-0.002316498
30	-0.000769175
30.02	0.000276171
30.04	0.00091237
30.06	0.001187595
30.08	0.001060896
30.1	0.000593673
30.12	-0.000237259
30.14	-0.001508486
30.16	-0.003048777
30.18	-0.00458916
30.2	-0.005904478
30.22	-0.006910672
30.24	-0.007686576
30.26	-0.008330306
30.28	-0.00890425
30.3	-0.009433099
30.32	-0.009858091
30.34	-0.010000156
30.36	-0.009708128
30.38	-0.008904269
30.4	-0.007451889
30.42	-0.005365747
30.44	-0.002919178
30.46	-0.00025627
30.48	0.002590571
30.5	0.005620241
30.52	0.008816751
30.54	0.012111335
30.56	0.015367818
30.58	0.018341744
30.6	0.020825813
30.62	0.022695983
30.64	0.023855932
30.66	0.024107061
30.68	0.023176692
30.7	0.020835511
30.72	0.017409158
30.74	0.01324403
30.76	0.008466752
30.78	0.003208517
30.8	-0.002422321
30.82	-0.008310597
30.84	-0.014248548
30.86	-0.020003577
30.88	-0.025449443
30.9	-0.030520756
30.92	-0.035165312
30.94	-0.039270335
30.96	-0.042672837
30.98	-0.045281644
31	-0.047012948
31.02	-0.047826393
31.04	-0.047660006
31.06	-0.046359585
31.08	-0.043842179
31.1	-0.040363503
31.12	-0.036147421
31.14	-0.031290396
31.16	-0.025857935
31.18	-0.019906678
31.2	-0.013522202
31.22	-0.006870272
31.24	-0.000151338
31.26	0.006474575
31.28	0.012864167
31.3	0.018864022
31.32	0.024305141
31.34	0.02897557
31.36	0.032803956
31.38	0.0358465
31.4	0.038282442
31.42	0.040184911
31.44	0.04150752
31.46	0.042168371
31.48	0.042148235
31.5	0.041482659
31.52	0.040227306
31.54	0.038304891
31.56	0.035713827
31.58	0.032575011
31.6	0.028986252
31.62	0.025078955
31.64	0.020943521
31.66	0.016624548
31.68	0.012261993
31.7	0.008036811
31.72	0.004162751
31.74	0.000813404
31.76	-0.00196143
31.78	-0.004180394
31.8	-0.005886886
31.82	-0.006979189
31.84	-0.007349878
31.86	-0.007008504
31.88	-0.006192241
31.9	-0.005069375
31.92	-0.003536942
31.94	-0.001723833
31.96	0.000332134
31.98	0.002538289
32	0.004845911
32.02	0.007125079
32.04	0.009253281
32.06	0.011049962
32.08	0.012352381
32.1	0.012930532
32.12	0.012653714
32.14	0.011472099
32.16	0.00946179
32.18	0.006840646
32.2	0.003905051
32.22	0.000837944
32.24	-0.002198376
32.26	-0.005080195
32.28	-0.007711632
32.3	-0.010080612
32.32	-0.012177474
32.34	-0.014082957
32.36	-0.015814063
32.38	-0.017339634
32.4	-0.018570454
32.42	-0.019466086
32.44	-0.019926871
32.46	-0.019944912
32.48	-0.019468633
32.5	-0.018414884
32.52	-0.016820986
32.54	-0.0149954
32.56	-0.012968308
32.58	-0.01070847
32.6	-0.008147059
32.62	-0.005262926
32.64	-0.002089308
32.66	0.001286381
32.68	0.004814807
32.7	0.008384794
32.72	0.01186644
32.74	0.015096598
32.76	0.017927009
32.78	0.020325501
32.8	0.022355073
32.82	0.024092884
32.84	0.025518177
32.86	0.026424264
32.88	0.026599514
32.9	0.025926497
32.92	0.024457056
32.94	0.022315833
32.96	0.019629318
32.98	0.016835343
33	0.014040551
33.02	0.011304349
33.04	0.008671035
33.06	0.006140081
33.08	0.0036456
33.1	0.001184043
33.12	-0.001302306
33.14	-0.003797273
33.16	-0.006282721
33.18	-0.008770595
33.2	-0.011290559
33.22	-0.013841687
33.24	-0.016378361
33.26	-0.018771792
33.28	-0.020901593
33.3	-0.02260074
33.32	-0.023776997
33.34	-0.024391815
33.36	-0.024468806
33.38	-0.02391199
33.4	-0.022644826
33.42	-0.020952835
33.44	-0.019094492
33.46	-0.017114856
33.48	-0.015036808
33.5	-0.012871868
33.52	-0.010730578
33.54	-0.008704197
33.56	-0.006905636
33.58	-0.005358141
33.6	-0.00406426
33.62	-0.00301728
33.64	-0.002326924
33.66	-0.002065112
33.68	-0.002225187
33.7	-0.002731975
33.72	-0.003508138
33.74	-0.004546855
33.76	-0.005725098
33.78	-0.00693661
33.8	-0.008096831
33.82	-0.009054994
33.84	-0.009741152
33.86	-0.010125735
33.88	-0.01015051
33.9	-0.009697188
33.92	-0.008709125
33.94	-0.007222349
33.96	-0.005277854
33.98	-0.002976611
34	-0.000547235
34.02	0.001827602
34.04	0.004040688
34.06	0.006129416
34.08	0.008040132
34.1	0.009771881
34.12	0.011316934
34.14	0.012741218
34.16	0.014224165
34.18	0.015725693
34.2	0.017116401
34.22	0.018332676
34.24	0.019333504
34.26	0.020141713
34.28	0.020653772
34.3	0.020701479
34.32	0.020058456
34.34	0.018839172
34.36	0.017372469
34.38	0.015841605
34.4	0.014292532
34.42	0.012790444
34.44	0.011426572
34.46	0.010281129
34.48	0.009300413
34.5	0.008416705
34.52	0.007521419
34.54	0.006525723
34.56	0.005349356
34.58	0.004012337
34.6	0.00242453
34.62	0.000481485
34.64	-0.001864573
34.66	-0.004443923
34.68	-0.007022732
34.7	-0.009411813
34.72	-0.011594722
34.74	-0.01358246
34.76	-0.015357736
34.78	-0.016771354
34.8	-0.017599929
34.82	-0.017755156
34.84	-0.017273566
34.86	-0.016192696
34.88	-0.014547068
34.9	-0.012426613
34.92	-0.010161399
34.94	-0.007907896
34.96	-0.005740974
34.98	-0.003630355
35	-0.001530615
35.02	0.000688434
35.04	0.00309928
35.06	0.005660762
35.08	0.008245312
35.1	0.010731919
35.12	0.013005767
35.14	0.015029313
35.16	0.016764164
35.18	0.018146528
35.2	0.019096804
35.22	0.019598691
35.24	0.019612081
35.26	0.019151461
35.28	0.01820574
35.3	0.016752124
35.32	0.014869905
35.34	0.01301004
35.36	0.011448804
35.38	0.010323025
35.4	0.009679815
35.42	0.009486067
35.44	0.00964845
35.46	0.010013939
35.48	0.010235482
35.5	0.010308356
35.52	0.010193083
35.54	0.009931592
35.56	0.009587704
35.58	0.009192279
35.6	0.008679438
35.62	0.008084543
35.64	0.007488333
35.66	0.006981865
35.68	0.006667364
35.7	0.006634443
35.72	0.006819043
35.74	0.007127953
35.76	0.007471498
35.78	0.007530699
35.8	0.007085307
35.82	0.006094066
35.84	0.00467276
35.86	0.002938725
35.88	0.001002094
35.9	-0.001040653
35.92	-0.0031867
35.94	-0.005385822
35.96	-0.007446221
35.98	-0.009294915
36	-0.010949519
36.02	-0.012498595
36.04	-0.014095841
36.06	-0.015897269
36.08	-0.018025178
36.1	-0.020506085
36.12	-0.023249283
36.14	-0.026218005
36.16	-0.029370158
36.18	-0.032566592
36.2	-0.035609523
36.22	-0.038240764
36.24	-0.040321204
36.26	-0.04172774
36.28	-0.042405689
36.3	-0.042298652
36.32	-0.041386444
36.34	-0.039856394
36.36	-0.038145297
36.38	-0.036326035
36.4	-0.034432784
36.42	-0.032412359
36.44	-0.030235109
36.46	-0.027858886
36.48	-0.025239038
36.5	-0.022276974
36.52	-0.018897942
36.54	-0.015017041
36.56	-0.010699757
36.58	-0.006089108
36.6	-0.001382347
36.62	0.003212495
36.64	0.007513745
36.66	0.011335621
36.68	0.014470503
36.7	0.01670662
36.72	0.017869218
36.74	0.017972721
36.76	0.017111097
36.78	0.015509444
36.8	0.013719111
36.82	0.011984321
36.84	0.010289414
36.86	0.008613245
36.88	0.007000305
36.9	0.005563863
36.92	0.004319455
36.94	0.003308153
36.96	0.002641472
36.98	0.002413455
37	0.002613493
37.02	0.003112356
37.04	0.003627467
37.06	0.003907594
37.08	0.003923954
37.1	0.003771692
37.12	0.003624965
37.14	0.003683166
37.16	0.004049069
37.18	0.004653042
37.2	0.005339076
37.22	0.005899674
37.24	0.006264797
37.26	0.006391206
37.28	0.006212056
37.3	0.005711156
37.32	0.005009436
37.34	0.004127219
37.36	0.003001928
37.38	0.001574564
37.4	-0.000117834
37.42	-0.001932506
37.44	-0.003747633
37.46	-0.005474019
37.48	-0.00704858
37.5	-0.008403667
37.52	-0.009420235
37.54	-0.009975124
37.56	-0.010098569
37.58	-0.009894074
37.6	-0.009503441
37.62	-0.008997797
37.64	-0.008298469
37.66	-0.007365859
37.68	-0.006249534
37.7	-0.005056842
37.72	-0.003848207
37.74	-0.002634273
37.76	-0.001317447
37.78	0.000293371
37.8	0.002331649
37.82	0.004831166
37.84	0.007748784
37.86	0.011011769
37.88	0.014442553
37.9	0.017794021
37.92	0.020799885
37.94	0.023345427
37.96	0.025451671
37.98	0.027204206
38	0.028729074
38.02	0.030102224
38.04	0.031318445
38.06	0.032358577
38.08	0.033246695
38.1	0.034147373
38.12	0.034988857
38.14	0.035654646
38.16	0.035975651
38.18	0.035853462
38.2	0.03523972
38.22	0.034097949
38.24	0.032408241
38.26	0.03033596
38.28	0.02793364
38.3	0.025257492
38.32	0.022392754
38.34	0.019418474
38.36	0.016440529
38.38	0.013598404
38.4	0.011079564
38.42	0.009045225
38.44	0.007613162
38.46	0.006810718
38.48	0.006623914
38.5	0.007004974
38.52	0.007894261
38.54	0.008975636
38.56	0.010030674
38.58	0.011034414
38.6	0.011972307
38.62	0.01279419
38.64	0.013415485
38.66	0.013750753
38.68	0.013733765
38.7	0.013325863
38.72	0.012578098
38.74	0.011607552
38.76	0.010596207
38.78	0.00957725
38.8	0.008517449
38.82	0.007325372
38.84	0.005950409
38.86	0.004462135
38.88	0.003002131
38.9	0.001715719
38.92	0.000690584
38.94	1.38472E-05
38.96	-0.000282034
38.98	-0.00019658
39	0.000221722
39.02	0.000701387
39.04	0.000961336
39.06	0.001096941
39.08	0.001315476
39.1	0.001808804
39.12	0.002656364
39.14	0.003869809
39.16	0.005330012
39.18	0.006832853
39.2	0.008270988
39.22	0.009518649
39.24	0.010538755
39.26	0.011348382
39.28	0.012035454
39.3	0.012678384
39.32	0.013311204
39.34	0.013839175
39.36	0.014136219
39.38	0.014069369
39.4	0.013509541
39.42	0.012289316
39.44	0.010258551
39.46	0.007525875
39.48	0.004386178
39.5	0.001116794
39.52	-0.00197916
39.54	-0.004645032
39.56	-0.006767527
39.58	-0.008441364
39.6	-0.00991348
39.62	-0.011443914
39.64	-0.012971407
39.66	-0.014594911
39.68	-0.016564328
39.7	-0.018745755
39.72	-0.021047939
39.74	-0.023436733
39.76	-0.026045006
39.78	-0.028970882
39.8	-0.032148823
39.82	-0.035351614
39.84	-0.038397129
39.86	-0.041217988
39.88	-0.043872191
39.9	-0.046405721
39.92	-0.048843279
39.94	-0.050978747
39.96	-0.05253204
39.98	-0.053425974
40	-0.053683338
40.02	-0.053306995
40.04	-0.052383749
40.06	-0.051121787
40.08	-0.049609543
40.1	-0.047880339
40.12	-0.046041682
40.14	-0.044158585
40.16	-0.042305568
40.18	-0.040544093
40.2	-0.038957164
40.22	-0.037597058
40.24	-0.036492966
40.26	-0.035568364
40.28	-0.034816684
40.3	-0.034206991
40.32	-0.033748989
40.34	-0.03340349
40.36	-0.033030861
40.38	-0.032471887
40.4	-0.031638356
40.42	-0.030561269
40.44	-0.029313698
40.46	-0.02794189
40.48	-0.026372503
40.5	-0.024610293
40.52	-0.022703031
40.54	-0.020743334
40.56	-0.018759665
40.58	-0.016783306
40.6	-0.014878361
40.62	-0.01318092
40.64	-0.011918567
40.66	-0.011284202
40.68	-0.011359681
40.7	-0.012161594
40.72	-0.01367266
40.74	-0.015759817
40.76	-0.018043546
40.78	-0.020462254
40.8	-0.023010184
40.82	-0.025690934
40.84	-0.028521672
40.86	-0.031506538
40.88	-0.034557798
40.9	-0.037451915
40.92	-0.039843081
40.94	-0.041440172
40.96	-0.042067622
40.98	-0.041751665
41	-0.040630926
41.02	-0.038895044
41.04	-0.037171723
41.06	-0.035886405
41.08	-0.035094751
41.1	-0.034643053
41.12	-0.034305102
41.14	-0.033774355
41.16	-0.032777156
41.18	-0.031445723
41.2	-0.03010167
41.22	-0.029025038
41.24	-0.028428342
41.26	-0.028351105
41.28	-0.029024599
41.3	-0.030399968
41.32	-0.032237318
41.34	-0.034114004
41.36	-0.035922327
41.38	-0.037568584
41.4	-0.038916435
41.42	-0.039777723
41.44	-0.039905189
41.46	-0.039031506
41.48	-0.037065192
41.5	-0.033940128
41.52	-0.029949421
41.54	-0.02538236
41.56	-0.020490497
41.58	-0.015518247
41.6	-0.010668483
41.62	-0.005987703
41.64	-0.001487472
41.66	0.002754052
41.68	0.006745864
41.7	0.010665463
41.72	0.014316086
41.74	0.017671496
41.76	0.020845121
41.78	0.023939193
41.8	0.027068116
41.82	0.030236777
41.84	0.033315464
41.86	0.036137802
41.88	0.038529786
41.9	0.040345699
41.92	0.041480015
41.94	0.041850796
41.96	0.041392776
41.98	0.040109684
42	0.038135836
42.02	0.036120528
42.04	0.034385199
42.06	0.033009531
42.08	0.031997843
42.1	0.03129178
42.12	0.030817927
42.14	0.030418626
42.16	0.029852726
42.18	0.028908944
42.2	0.027537092
42.22	0.025788127
42.24	0.023747303
42.26	0.021543216
42.28	0.019278743
42.3	0.017107255
42.32	0.01520218
42.34	0.013792749
42.36	0.013026446
42.38	0.012976268
42.4	0.013634757
42.42	0.014986659
42.44	0.0168568
42.46	0.018908387
42.48	0.020988425
42.5	0.02298203
42.52	0.024752948
42.54	0.026269856
42.56	0.02757895
42.58	0.028753071
42.6	0.029858596
42.62	0.030973036
42.64	0.03210852
42.66	0.033260044
42.68	0.034337949
42.7	0.035208271
42.72	0.035718844
42.74	0.035833165
42.76	0.035543178
42.78	0.034843629
42.8	0.033860351
42.82	0.032785662
42.84	0.031702586
42.86	0.030700923
42.88	0.029916395
42.9	0.02951484
42.92	0.029628839
42.94	0.030320455
42.96	0.031629371
42.98	0.033409273
43	0.035375034
43.02	0.037339281
43.04	0.039113066
43.06	0.04051938
43.08	0.041493471
43.1	0.042058309
43.12	0.042287176
43.14	0.042245201
43.16	0.042022545
43.18	0.041800542
43.2	0.041564208
43.22	0.041227756
43.24	0.040709665
43.26	0.039938146
43.28	0.0388499
43.3	0.037412573
43.32	0.035572603
43.34	0.033241411
43.36	0.030350036
43.38	0.026937778
43.4	0.023139942
43.42	0.019179786
43.44	0.015288762
43.46	0.011666803
43.48	0.008454522
43.5	0.005746954
43.52	0.003567349
43.54	0.001908357
43.56	0.000737579
43.58	-6.60838E-05
43.6	-0.000755984
43.62	-0.001557254
43.64	-0.002652414
43.66	-0.004119848
43.68	-0.006020773
43.7	-0.008324418
43.72	-0.010946497
43.74	-0.013757866
43.76	-0.016658795
43.78	-0.019510852
43.8	-0.022231474
43.82	-0.024703252
43.84	-0.026774993
43.86	-0.028335912
43.88	-0.029302812
43.9	-0.029644994
43.92	-0.029433163
43.94	-0.028782615
43.96	-0.027781743
43.98	-0.026731955
44	-0.025766062
44.02	-0.024883658
44.04	-0.024056848
44.06	-0.023254426
44.08	-0.022416883
44.1	-0.021477323
44.12	-0.020462294
44.14	-0.019464738
44.16	-0.018570338
44.18	-0.017784033
44.2	-0.017124878
44.22	-0.016593922
44.24	-0.016176956
44.26	-0.015769826
44.28	-0.015279814
44.3	-0.014601316
44.32	-0.013700846
44.34	-0.012595063
44.36	-0.011305278
44.38	-0.009825067
44.4	-0.008168857
44.42	-0.006394665
44.44	-0.004614188
44.46	-0.002952441
44.48	-0.001455518
44.5	-0.000145562
44.52	0.000961815
44.54	0.001879314
44.56	0.002614456
44.58	0.003161968
44.6	0.003519525
44.62	0.003686508
44.64	0.003657223
44.66	0.003423582
44.68	0.002937691
44.7	0.002201872
44.72	0.001359015
44.74	0.000444635
44.76	-0.000566516
44.78	-0.001681026
44.8	-0.002890158
44.82	-0.004166693
44.84	-0.005469486
44.86	-0.006733338
44.88	-0.007871456
44.9	-0.00878875
44.92	-0.009442912
44.94	-0.009789962
44.96	-0.009860396
44.98	-0.009724978
45	-0.009501119
45.02	-0.009324236
45.04	-0.009316495
45.06	-0.009527795
45.08	-0.009962627
45.1	-0.010581081
45.12	-0.011383973
45.14	-0.012324011
45.16	-0.013374432
45.18	-0.014531117
45.2	-0.015756516
45.22	-0.016916429
45.24	-0.017972887
45.26	-0.018887914
45.28	-0.019621949
45.3	-0.020147354
45.32	-0.020438711
45.34	-0.020432866
45.36	-0.020027927
45.38	-0.019149091
45.4	-0.01781556
45.42	-0.01611609
45.44	-0.014137967
45.46	-0.011963341
45.48	-0.009651708
45.5	-0.007245059
45.52	-0.004757153
45.54	-0.002247689
45.56	0.000223699
45.58	0.002602153
45.6	0.004789508
45.62	0.006702723
45.64	0.008279738
45.66	0.009541859
45.68	0.010581054
45.7	0.011400689
45.72	0.012113142
45.74	0.012793714
45.76	0.013564981
45.78	0.014534125
45.8	0.015693709
45.82	0.017013354
45.84	0.018407454
45.86	0.019778163
45.88	0.021070929
45.9	0.022166703
45.92	0.022976628
45.94	0.023466714
45.96	0.023584264
45.98	0.023330397
46	0.022727995
46.02	0.021871351
46.04	0.020957645
46.06	0.020000139
46.08	0.01897984
46.1	0.017871601
46.12	0.016613378
46.14	0.015147266
46.16	0.013458589
46.18	0.011572661
46.2	0.009537552
46.22	0.00741136
46.24	0.005258706
46.26	0.003142523
46.28	0.00108436
46.3	-0.000845697
46.32	-0.002608215
46.34	-0.004100535
46.36	-0.005218311
46.38	-0.005900446
46.4	-0.006183355
46.42	-0.006174192
46.44	-0.005978381
46.46	-0.005760381
46.48	-0.00574701
46.5	-0.005913933
46.52	-0.006164458
46.54	-0.006353135
46.56	-0.006382289
46.58	-0.006246217
46.6	-0.005979119
46.62	-0.005670046
46.64	-0.005443034
46.66	-0.005386274
46.68	-0.005528675
46.7	-0.005866937
46.72	-0.006393057
46.74	-0.007063425
46.76	-0.007795107
46.78	-0.008564716
46.8	-0.009300627
46.82	-0.009891736
46.84	-0.010234658
46.86	-0.010294748
46.88	-0.01001039
46.9	-0.009286967
46.92	-0.008072033
46.94	-0.006500446
46.96	-0.004717789
46.98	-0.002838267
47	-0.000973724
47.02	0.000761097
47.04	0.002232416
47.06	0.003313804
47.08	0.003931167
47.1	0.004074447
47.12	0.003788756
47.14	0.003139652
47.16	0.002245064
47.18	0.001277179
47.2	0.000243303
47.22	-0.000862739
47.24	-0.002052486
47.26	-0.00336175
47.28	-0.004794646
47.3	-0.006322538
47.32	-0.007894271
47.34	-0.009457654
47.36	-0.011040985
47.38	-0.012665362
47.4	-0.014274808
47.42	-0.015820445
47.44	-0.017296628
47.46	-0.018723473
47.48	-0.020097986
47.5	-0.021420075
47.52	-0.022718994
47.54	-0.023985
47.56	-0.025198531
47.58	-0.026369563
47.6	-0.027517874
47.62	-0.02864068
47.64	-0.029689979
47.66	-0.030568927
47.68	-0.031199966
47.7	-0.031577713
47.72	-0.03172404
47.74	-0.031690562
47.76	-0.031464363
47.78	-0.031164335
47.8	-0.030748475
47.82	-0.030190602
47.84	-0.029487993
47.86	-0.028676367
47.88	-0.02776955
47.9	-0.026794133
47.92	-0.025769705
47.94	-0.024697594
47.96	-0.023570936
47.98	-0.022388033
48	-0.021161826
48.02	-0.019917423
48.04	-0.018672554
48.06	-0.017444884
48.08	-0.016236559
48.1	-0.015047666
48.12	-0.013845356
48.14	-0.012618015
48.16	-0.011338441
48.18	-0.009991073
48.2	-0.008553484
48.22	-0.007043904
48.24	-0.005500611
48.26	-0.003972366
48.28	-0.002459838
48.3	-0.000921615
48.32	0.000638876
48.34	0.002196904
48.36	0.003712566
48.38	0.005173019
48.4	0.006564445
48.42	0.007889972
48.44	0.009132878
48.46	0.010243109
48.48	0.011160118
48.5	0.011866146
48.52	0.012373719
48.54	0.012697441
48.56	0.012804598
48.58	0.012630334
48.6	0.012087803
48.62	0.011149802
48.64	0.009953584
48.66	0.008648607
48.68	0.007295458
48.7	0.005954232
48.72	0.004721881
48.74	0.003683087
48.76	0.002865456
48.78	0.002246539
48.8	0.001783308
48.82	0.001432372
48.84	0.001171598
48.86	0.000950003
48.88	0.000687305
48.9	0.000391634
48.92	8.49682E-05
48.94	-0.000215483
48.96	-0.000470382
48.98	-0.000629989
49	-0.000665393
49.02	-0.000545985
49.04	-0.000241053
49.06	0.000255265
49.08	0.000843562
49.1	0.001431973
49.12	0.001966242
49.14	0.002386697
49.16	0.00264911
49.18	0.002740983
49.2	0.002679673
49.22	0.002490009
49.24	0.002207998
49.26	0.001923306
49.28	0.001722016
49.3	0.001661758
49.32	0.001793188
49.34	0.002123422
49.36	0.002624091
49.38	0.003239733
49.4	0.003925764
49.42	0.004680646
49.44	0.00547616
49.46	0.006294946
49.48	0.007090126
49.5	0.007826754
49.52	0.008485312
49.54	0.009081046
49.56	0.009628302
49.58	0.010152432
49.6	0.010693908
49.62	0.011294553
49.64	0.011964615
49.66	0.012671495
49.68	0.013346533
49.7	0.013963329
49.72	0.014492368
49.74	0.014908063
49.76	0.015188569
49.78	0.015358702
49.8	0.015402797
49.82	0.015327548
49.84	0.015115453
49.86	0.014720672
49.88	0.0141133
49.9	0.013271027
49.92	0.012194361
49.94	0.010886756
49.96	0.009348042
49.98	0.007603148
50	0.00567285
50.02	0.003597528
50.04	0.00145765
50.06	-0.000667139
50.08	-0.00265985
50.1	-0.004450405
50.12	-0.006005481
50.14	-0.00727202
50.16	-0.00819467
50.18	-0.008730155
50.2	-0.008875612
50.22	-0.008693595
50.24	-0.008272183
50.26	-0.007732495
50.28	-0.007262437
50.3	-0.006916606
50.32	-0.006737814
50.34	-0.006740002
50.36	-0.006881031
50.38	-0.007078948
50.4	-0.007245028
50.42	-0.007290805
50.44	-0.007138691
50.46	-0.00679754
50.48	-0.006315881
50.5	-0.005753089
50.52	-0.005155421
50.54	-0.004538962
50.56	-0.003938823
50.58	-0.003390911
50.6	-0.002889559
50.62	-0.002461956
50.64	-0.002157185
50.66	-0.002027294
50.68	-0.002092758
50.7	-0.002303374
50.72	-0.002545772
50.74	-0.002681605
50.76	-0.002568147
50.78	-0.00221889
50.8	-0.001680814
50.82	-0.001037222
50.84	-0.000382116
50.86	0.000283145
50.88	0.00099945
50.9	0.001745633
50.92	0.002475188
50.94	0.003171248
50.96	0.003772526
50.98	0.00422046
51	0.004480816
51.02	0.004596528
51.04	0.004630162
51.06	0.004642272
51.08	0.004690785
51.1	0.004862351
51.12	0.005099399
51.14	0.005283823
51.16	0.005306326
51.18	0.00514224
51.2	0.004743086
51.22	0.004089089
51.24	0.003191056
51.26	0.002106393
51.28	0.000872619
51.3	-0.000449954
51.32	-0.001796523
51.34	-0.003120971
51.36	-0.004397951
51.38	-0.005607469
51.4	-0.006764717
51.42	-0.007907057
51.44	-0.00905502
51.46	-0.010153688
51.48	-0.011118058
51.5	-0.011906212
51.52	-0.012491166
51.54	-0.012865352
51.56	-0.013019443
51.58	-0.012823814
51.6	-0.012238833
51.62	-0.011391828
51.64	-0.01038993
51.66	-0.009255835
51.68	-0.008027879
51.7	-0.006780765
51.72	-0.005633817
51.74	-0.004665085
51.76	-0.003932616
51.78	-0.003452592
51.8	-0.003174627
51.82	-0.003009881
51.84	-0.002867754
51.86	-0.002660821
51.88	-0.002293798
51.9	-0.001786139
51.92	-0.001233784
51.94	-0.000630879
51.96	3.07649E-05
51.98	0.000737548
52	0.001457683
52.02	0.00224285
52.04	0.003119435
52.06	0.004086291
52.08	0.005097759
52.1	0.006137656
52.12	0.007212918
52.14	0.008348166
52.16	0.009556121
52.18	0.010834528
52.2	0.012158101
52.22	0.013517859
52.24	0.014888614
52.26	0.016231512
52.28	0.017486627
52.3	0.018579849
52.32	0.019460502
52.34	0.020127033
52.36	0.020648712
52.38	0.021015585
52.4	0.021137756
52.42	0.02100429
52.44	0.020586553
52.46	0.019925633
52.48	0.019143485
52.5	0.018260241
52.52	0.017285716
52.54	0.016226978
52.56	0.01506163
52.58	0.013738056
52.6	0.012191639
52.62	0.010376641
52.64	0.008271781
52.66	0.005909487
52.68	0.003368071
52.7	0.000738343
52.72	-0.001898202
52.74	-0.004446427
52.76	-0.006815525
52.78	-0.008922027
52.8	-0.010718307
52.82	-0.012191837
52.84	-0.013389139
52.86	-0.014350178
52.88	-0.015104867
52.9	-0.015698392
52.92	-0.016175916
52.94	-0.016564316
52.96	-0.016900713
52.98	-0.017192395
53	-0.017408323
53.02	-0.017503584
53.04	-0.017470182
53.06	-0.017303518
53.08	-0.017031975
53.1	-0.016696712
53.12	-0.016403294
53.14	-0.016154745
53.16	-0.015966547
53.18	-0.015839705
53.2	-0.015790154
53.22	-0.015793906
53.24	-0.015844201
53.26	-0.015938521
53.28	-0.016097285
53.3	-0.016332507
53.32	-0.016636557
53.34	-0.016949394
53.36	-0.017236785
53.38	-0.017438318
53.4	-0.017500798
53.42	-0.017392293
53.44	-0.017117123
53.46	-0.016669214
53.48	-0.016057025
53.5	-0.015298116
53.52	-0.014430477
53.54	-0.013496322
53.56	-0.012517118
53.58	-0.011506413
53.6	-0.010508924
53.62	-0.009559596
53.64	-0.008685293
53.66	-0.007916229
53.68	-0.007295069
53.7	-0.006883833
53.72	-0.006752453
53.74	-0.006913226
53.76	-0.007350943
53.78	-0.008014205
53.8	-0.00879613
53.82	-0.009573362
53.84	-0.01030289
53.86	-0.010961624
53.88	-0.011559949
53.9	-0.012130813
53.92	-0.012700052
53.94	-0.013239
53.96	-0.013726781
53.98	-0.014129771
54	-0.014402207
54.02	-0.014535825
54.04	-0.014570784
54.06	-0.01456086
54.08	-0.014558858
54.1	-0.014571892
54.12	-0.014580781
54.14	-0.014505431
54.16	-0.014308642
54.18	-0.013950226
54.2	-0.013422247
54.22	-0.012771435
54.24	-0.012088889
54.26	-0.011428978
54.28	-0.010829853
54.3	-0.010301881
54.32	-0.009848166
54.34	-0.009452162
54.36	-0.009107991
54.38	-0.008799989
54.4	-0.008491971
54.42	-0.008164074
54.44	-0.007818148
54.46	-0.007463561
54.48	-0.007097645
54.5	-0.006715058
54.52	-0.006320593
54.54	-0.005917145
54.56	-0.005511179
54.58	-0.005073921
54.6	-0.004567372
54.62	-0.00393038
54.64	-0.003146502
54.66	-0.002222305
54.68	-0.001209506
54.7	-0.000172358
54.72	0.00085255
54.74	0.001862022
54.76	0.002826813
54.78	0.003726682
54.8	0.004594378
54.82	0.005423726
54.84	0.006215358
54.86	0.006961912
54.88	0.007624206
54.9	0.008159352
54.92	0.008553274
54.94	0.008834061
54.96	0.00904747
54.98	0.009244941
55	0.009477984
55.02	0.009734536
55.04	0.009937222
55.06	0.009988443
55.08	0.009844006
55.1	0.009459928
55.12	0.008831518
55.14	0.008009498
55.16	0.007070457
55.18	0.006051609
55.2	0.004971852
55.22	0.003872205
55.24	0.002804762
55.26	0.001813723
55.28	0.000959683
55.3	0.000291678
55.32	-0.000196058
55.34	-0.000516974
55.36	-0.000700046
55.38	-0.000773335
55.4	-0.000753709
55.42	-0.000637477
55.44	-0.00042712
55.46	-0.000118173
55.48	0.000273798
55.5	0.000735338
55.52	0.001170521
55.54	0.001606149
55.56	0.002069881
55.58	0.002596979
55.6	0.003195423
55.62	0.003868388
55.64	0.004585496
55.66	0.0052766
55.68	0.005874549
55.7	0.006328768
55.72	0.006608149
55.74	0.006703182
55.76	0.006643983
55.78	0.006447445
55.8	0.006119623
55.82	0.005716224
55.84	0.005319622
55.86	0.00499571
55.88	0.004829071
55.9	0.004897302
55.92	0.005240735
55.94	0.005823678
55.96	0.006593771
55.98	0.007455592
56	0.008377283
56.02	0.009354766
56.04	0.010400177
56.06	0.011490679
56.08	0.01259038
56.1	0.013659186
56.12	0.014653465
56.14	0.01554906
56.16	0.016377988
56.18	0.017126344
56.2	0.017786361
56.22	0.018312647
56.24	0.018698076
56.26	0.018911818
56.28	0.018897249
56.3	0.018631886
56.32	0.018076627
56.34	0.017206253
56.36	0.016064271
56.38	0.014747504
56.4	0.013305386
56.42	0.011778958
56.44	0.01019412
56.46	0.008565236
56.48	0.006924632
56.5	0.005306756
56.52	0.003744776
56.54	0.002285945
56.56	0.000945107
56.58	-0.0002631
56.6	-0.001339566
56.62	-0.002302299
56.64	-0.003196922
56.66	-0.00407316
56.68	-0.00496556
56.7	-0.00586073
56.72	-0.006714627
56.74	-0.00748188
56.76	-0.008123404
56.78	-0.008607983
56.8	-0.00893305
56.82	-0.009104157
56.84	-0.009133576
56.86	-0.009041603
56.88	-0.008873255
56.9	-0.008727937
56.92	-0.00862603
56.94	-0.008577841
56.96	-0.008603528
56.98	-0.008732048
57	-0.00894566
57.02	-0.00921138
57.04	-0.009523514
57.06	-0.009877452
57.08	-0.010244478
57.1	-0.010602623
57.12	-0.01093392
57.14	-0.011237394
57.16	-0.011501084
57.18	-0.011746291
57.2	-0.012023328
57.22	-0.012385316
57.24	-0.01289292
57.26	-0.013543266
57.28	-0.014286563
57.3	-0.015060096
57.32	-0.01579966
57.34	-0.016438829
57.36	-0.01692648
57.38	-0.017201326
57.4	-0.017151007
57.42	-0.016750925
57.44	-0.01603138
57.46	-0.015149224
57.48	-0.014123104
57.5	-0.012993662
57.52	-0.011821906
57.54	-0.010681832
57.56	-0.009620472
57.58	-0.008669056
57.6	-0.007840162
57.62	-0.007156924
57.64	-0.006615991
57.66	-0.006219453
57.68	-0.00593774
57.7	-0.005732833
57.72	-0.005582351
57.74	-0.005464786
57.76	-0.005359874
57.78	-0.005266013
57.8	-0.00519792
57.82	-0.005191524
57.84	-0.00530552
57.86	-0.00557927
57.88	-0.006030159
57.9	-0.006607736
57.92	-0.007194045
57.94	-0.007734678
57.96	-0.008171998
57.98	-0.008474815
58	-0.008639589
58.02	-0.008689808
58.04	-0.008657572
58.06	-0.008571219
58.08	-0.008451776
58.1	-0.008298105
58.12	-0.008090804
58.14	-0.007836206
58.16	-0.007536616
58.18	-0.007192026
58.2	-0.006800053
58.22	-0.006376813
58.24	-0.005929908
58.26	-0.005451447
58.28	-0.004940293
58.3	-0.004404775
58.32	-0.003848127
58.34	-0.003284866
58.36	-0.002743844
58.38	-0.002259347
58.4	-0.00185712
58.42	-0.001581092
58.44	-0.001461258
58.46	-0.001539371
58.48	-0.001802104
58.5	-0.002198039
58.52	-0.002640495
58.54	-0.002993142
58.56	-0.003208494
58.58	-0.003272415
58.6	-0.003190983
58.62	-0.003010017
58.64	-0.002787035
58.66	-0.002605453
58.68	-0.002526386
58.7	-0.002569762
58.72	-0.002740832
58.74	-0.002996127
58.76	-0.003264757
58.78	-0.003471553
58.8	-0.003567524
58.82	-0.003513609
58.84	-0.003281858
58.86	-0.00288793
58.88	-0.00237055
58.9	-0.001784136
58.92	-0.001156584
58.94	-0.000515778
58.96	0.000105951
58.98	0.000662496
59	0.001145716
59.02	0.001542904
59.04	0.001811663
59.06	0.001900999
59.08	0.00178183
59.1	0.001468858
59.12	0.001049529
59.14	0.000683302
59.16	0.000431408
59.18	0.000301466
59.2	0.000273015
59.22	0.000313072
59.24	0.000356996
59.26	0.000312107
59.28	0.0001269
59.3	-0.00017015
59.32	-0.000536866
59.34	-0.000917848
59.36	-0.001259908
59.38	-0.001527622
59.4	-0.001681142
59.42	-0.001717458
59.44	-0.0016482
59.46	-0.001495189
59.48	-0.001280933
59.5	-0.000995052
59.52	-0.000655156
59.54	-0.00028993
59.56	6.12121E-05
59.58	0.000360676
59.6	0.000561781
59.62	0.000617556
59.64	0.00054204
59.66	0.00037815
59.68	0.000177812
59.7	-3.8915E-05
59.72	-0.000270928
59.74	-0.000510852
59.76	-0.000750552
59.78	-0.000978911
59.8	-0.001167523
59.82	-0.001261792
59.84	-0.001210425
59.86	-0.001019107
59.88	-0.000703287
59.9	-0.000318157
59.92	8.40996E-05
59.94	0.000468854
59.96	0.000815145
59.98	0.001114771
60	0.001376202
60.02	0.001616863
60.04	0.001840425
60.06	0.002046387
60.08	0.002238932
60.1	0.002415569
60.12	0.002570197
60.14	0.002697209
60.16	0.002790377
60.18	0.00282358
60.2	0.002790402
60.22	0.002702054
60.24	0.00255861
60.26	0.002351657
60.28	0.002074525
60.3	0.00170617
60.32	0.00121638
60.34	0.000615716
60.36	-3.32607E-05
60.38	-0.000658106
60.4	-0.001182976
60.42	-0.001556217
60.44	-0.001766327
60.46	-0.001836797
60.48	-0.001799997
60.5	-0.001689617
60.52	-0.001551418
60.54	-0.001428336
60.56	-0.001333431
60.58	-0.001287775
60.6	-0.00131153
60.62	-0.001416052
60.64	-0.001615824
60.66	-0.001916318
60.68	-0.002319001
60.7	-0.002800545
60.72	-0.003297838
60.74	-0.003769211
60.76	-0.00419127
60.78	-0.004554246
60.8	-0.004848511
60.82	-0.005081261
60.84	-0.00528143
60.86	-0.005487032
60.88	-0.005718256
60.9	-0.005971118
60.92	-0.006238827
60.94	-0.006495242
60.96	-0.006743252
60.98	-0.007023171
61	-0.007354848
61.02	-0.007755906
61.04	-0.008218823
61.06	-0.008702478
61.08	-0.009158964
61.1	-0.009542489
61.12	-0.009828762
61.14	-0.01001032
61.16	-0.010125755
61.18	-0.010207925
61.2	-0.010282699
61.22	-0.01035063
61.24	-0.010385595
61.26	-0.010354702
61.28	-0.010216218
61.3	-0.009926885
61.32	-0.00949419
61.34	-0.008991037
61.36	-0.008481123
61.38	-0.00797327
61.4	-0.007493112
61.42	-0.007053794
61.44	-0.006655588
61.46	-0.006267296
61.48	-0.005854388
61.5	-0.005434631
61.52	-0.005047787
61.54	-0.004736118
61.56	-0.004539444
61.58	-0.004493389
61.6	-0.004607779
61.62	-0.004877851
61.64	-0.005262798
61.66	-0.005638378
61.68	-0.006011938
61.7	-0.00637364
61.72	-0.006721382
61.74	-0.007063359
61.76	-0.007415711
61.78	-0.007770714
61.8	-0.008106059
61.82	-0.008403736
61.84	-0.008642071
61.86	-0.008793957
61.88	-0.008860816
61.9	-0.008837702
61.92	-0.008711373
61.94	-0.008467226
61.96	-0.008102014
61.98	-0.007600986
62	-0.006978104
62.02	-0.006243474
62.04	-0.005404376
62.06	-0.004506657
62.08	-0.003622645
62.1	-0.002810133
62.12	-0.002101948
62.14	-0.001490562
62.16	-0.001034535
62.18	-0.000758138
62.2	-0.000662977
62.22	-0.000732415
62.24	-0.000933088
62.26	-0.001225687
62.28	-0.001593063
62.3	-0.001935803
62.32	-0.002235648
62.34	-0.002469155
62.36	-0.002656712
62.38	-0.002826814
62.4	-0.003027815
62.42	-0.003300623
62.44	-0.003701385
62.46	-0.004220004
62.48	-0.004796684
62.5	-0.005340161
62.52	-0.005771441
62.54	-0.006007059
62.56	-0.00602241
62.58	-0.005837207
62.6	-0.005523681
62.62	-0.005189373
62.64	-0.004958416
62.66	-0.004842642
62.68	-0.004838104
62.7	-0.004916041
62.72	-0.005048318
62.74	-0.005174061
62.76	-0.005277417
62.78	-0.005370253
62.8	-0.005495791
62.82	-0.005669054
62.84	-0.005886181
62.86	-0.006093512
62.88	-0.006226863
62.9	-0.006221537
62.92	-0.00604808
62.94	-0.005737658
62.96	-0.005382989
62.98	-0.005099348
63	-0.004964645
63.02	-0.005013713
63.04	-0.005246844
63.06	-0.005611942
63.08	-0.006033561
63.1	-0.006402316
63.12	-0.006667925
63.14	-0.006795763
63.16	-0.006782702
63.18	-0.006648707
63.2	-0.006421961
63.22	-0.006128609
63.24	-0.005786614
63.26	-0.005409158
63.28	-0.004980747
63.3	-0.004489206
63.32	-0.003945011
63.34	-0.003362661
63.36	-0.002749219
63.38	-0.002071638
63.4	-0.001292462
63.42	-0.000376439
63.44	0.000707609
63.46	0.00194576
63.48	0.003310732
63.5	0.004794423
63.52	0.006302763
63.54	0.007794618
63.56	0.009196806
63.58	0.010423418
63.6	0.011438402
63.62	0.012225821
63.64	0.012775979
63.66	0.013090673
63.68	0.01318497
63.7	0.013085363
63.72	0.012829585
63.74	0.012527152
63.76	0.012222977
63.78	0.011937693
63.8	0.011671884
63.82	0.011442288
63.84	0.011238504
63.86	0.011054579
63.88	0.010870556
63.9	0.010678752
63.92	0.010480259
63.94	0.010290329
63.96	0.010145389
63.98	0.010074388
64	0.010104279
64.02	0.010259778
64.04	0.01053986
64.06	0.010922422
64.08	0.011359961
64.1	0.011767784
64.12	0.012116668
64.14	0.012392949
64.16	0.012574176
64.18	0.01262933
64.2	0.01255503
64.22	0.012354976
64.24	0.012033548
64.26	0.01160156
64.28	0.011082317
64.3	0.01053936
64.32	0.010041828
64.34	0.00965175
64.36	0.009405896
64.38	0.009355786
64.4	0.009501933
64.42	0.009767508
64.44	0.010036452
64.46	0.010144412
64.48	0.010050492
64.5	0.009752598
64.52	0.009286284
64.54	0.008721254
64.56	0.008128667
64.58	0.007536163
64.6	0.006963294
64.62	0.0064519
64.64	0.006045085
64.66	0.005772502
64.68	0.005651917
64.7	0.005712142
64.72	0.005973899
64.74	0.006426717
64.76	0.007041835
64.78	0.007729932
64.8	0.008405316
64.82	0.009029777
64.84	0.00956779
64.86	0.009995032
64.88	0.010317958
64.9	0.010541846
64.92	0.010679696
64.94	0.010739468
64.96	0.010724902
64.98	0.010640515
65	0.01045868
65.02	0.01017994
65.04	0.009816678
65.06	0.009361999
65.08	0.008844998
65.1	0.008287168
65.12	0.007694161
65.14	0.007064647
65.16	0.006389391
65.18	0.005657222
65.2	0.004894196
65.22	0.004153918
65.24	0.003463101
65.26	0.002850229
65.28	0.002378839
65.3	0.002070866
65.32	0.001911534
65.34	0.001870553
65.36	0.001908687
65.38	0.001989361
65.4	0.002087715
65.42	0.002223806
65.44	0.002439188
65.46	0.00278329
65.48	0.003268845
65.5	0.003865516
65.52	0.004472231
65.54	0.005009834
65.56	0.005424121
65.58	0.005681417
65.6	0.005775713
65.62	0.005732606
65.64	0.005576526
65.66	0.00532496
65.68	0.004984582
65.7	0.004546416
65.72	0.004019027
65.74	0.00340971
65.76	0.002760338
65.78	0.002145301
65.8	0.001640987
65.82	0.001322975
65.84	0.001206558
65.86	0.001248637
65.88	0.001402286
65.9	0.001670221
65.92	0.001972988
65.94	0.002248309
65.96	0.002498547
65.98	0.002730867
66	0.002920821
66.02	0.003048526
66.04	0.003100943
66.06	0.003065159
66.08	0.002916859
66.1	0.002640635
66.12	0.002232621
66.14	0.001724913
66.16	0.001154465
66.18	0.000539644
66.2	-0.000137626
66.22	-0.000831097
66.24	-0.001556953
66.26	-0.002296533
66.28	-0.003046811
66.3	-0.003801435
66.32	-0.004537068
66.34	-0.005233502
66.36	-0.005869841
66.38	-0.006453311
66.4	-0.007005403
66.42	-0.007535026
66.44	-0.008022373
66.46	-0.008461506
66.48	-0.00884978
66.5	-0.009175934
66.52	-0.009432663
66.54	-0.009612517
66.56	-0.009734906
66.58	-0.00980406
66.6	-0.009823385
66.62	-0.009804235
66.64	-0.009765859
66.66	-0.009743701
66.68	-0.009758893
66.7	-0.00979975
66.72	-0.009832521
66.74	-0.009837503
66.76	-0.009800489
66.78	-0.009717391
66.8	-0.009658293
66.82	-0.009677615
66.84	-0.00977477
66.86	-0.009906796
66.88	-0.009996271
66.9	-0.009981478
66.92	-0.009814864
66.94	-0.009575538
66.96	-0.009346304
66.98	-0.009195302
67	-0.009160899
67.02	-0.009236676
67.04	-0.009375657
67.06	-0.009516932
67.08	-0.009595287
67.1	-0.009587246
67.12	-0.009503068
67.14	-0.009350586
67.16	-0.009139577
67.18	-0.00887784
67.2	-0.008552593
67.22	-0.008136149
67.24	-0.007618949
67.26	-0.007028456
67.28	-0.006394749
67.3	-0.005756704
67.32	-0.005146029
67.34	-0.00458919
67.36	-0.004081813
67.38	-0.003604447
67.4	-0.00313093
67.42	-0.002646199
67.44	-0.002156055
67.46	-0.001672844
67.48	-0.00121477
67.5	-0.000817362
67.52	-0.00051107
67.54	-0.00034275
67.56	-0.000349072
67.58	-0.000559231
67.6	-0.000991222
67.62	-0.001652724
67.64	-0.002492882
67.66	-0.003391891
67.68	-0.00427811
67.7	-0.005072673
67.72	-0.005706377
67.74	-0.006132236
67.76	-0.006319512
67.78	-0.00626142
67.8	-0.00595762
67.82	-0.005449977
67.84	-0.004836077
67.86	-0.004168784
67.88	-0.003479016
67.9	-0.002810198
67.92	-0.002197584
67.94	-0.001658971
67.96	-0.00120961
67.98	-0.000845909
68	-0.000555012
68.02	-0.000335887
68.04	-0.000202834
68.06	-0.000172491
68.08	-0.000244502
68.1	-0.000414316
68.12	-0.000675043
68.14	-0.001005215
68.16	-0.001356816
68.18	-0.001711324
68.2	-0.002077479
68.22	-0.002464817
68.24	-0.002885541
68.26	-0.00333317
68.28	-0.00376623
68.3	-0.00414849
68.32	-0.004441032
68.34	-0.0046043
68.36	-0.004604729
68.38	-0.004445841
68.4	-0.004172375
68.42	-0.003826202
68.44	-0.00345698
68.46	-0.003062081
68.48	-0.002627792
68.5	-0.002130649
68.52	-0.001556262
68.54	-0.000919224
68.56	-0.0002568
68.58	0.000359856
68.6	0.000913292
68.62	0.001416631
68.64	0.001911956
68.66	0.002408394
68.68	0.00285046
68.7	0.003207098
68.72	0.003465334
68.74	0.003633304
68.76	0.003698663
68.78	0.00364543
68.8	0.003484726
68.82	0.003317653
68.84	0.003197143
68.86	0.003122148
68.88	0.003074055
68.9	0.003035226
68.92	0.002993524
68.94	0.002938915
68.96	0.002885933
68.98	0.00286028
69	0.002843291
69.02	0.002803635
69.04	0.002713503
69.06	0.002542757
69.08	0.002288063
69.1	0.001987381
69.12	0.001691549
69.14	0.001426819
69.16	0.001211695
69.18	0.001069518
69.2	0.001004582
69.22	0.001015996
69.24	0.001095475
69.26	0.001232985
69.28	0.001414849
69.3	0.001620353
69.32	0.001841117
69.34	0.002083314
69.36	0.002320898
69.38	0.002538059
69.4	0.002717923
69.42	0.002852528
69.44	0.002929227
69.46	0.002952027
69.48	0.00291666
69.5	0.00281919
69.52	0.002660136
69.54	0.002444408
69.56	0.002172563
69.58	0.001861468
69.6	0.00152478
69.62	0.001180067
69.64	0.000810671
69.66	0.000427421
69.68	5.23126E-05
69.7	-0.000296975
69.72	-0.000594948
69.74	-0.000823418
69.76	-0.000954809
69.78	-0.000985127
69.8	-0.000914339
69.82	-0.000751924
69.84	-0.000513844
69.86	-0.000201651
69.88	0.000193741
69.9	0.000647096
69.92	0.001112038
69.94	0.001576148
69.96	0.001992955
69.98	0.002298698
70	0.002454254
70.02	0.002460278
70.04	0.002329249
70.06	0.002089097
70.08	0.001771419
70.1	0.001402242
70.12	0.001007817
70.14	0.00060334
70.16	0.000214957
70.18	-0.000129615
70.2	-0.000401128
70.22	-0.000595613
70.24	-0.000733815
70.26	-0.000832795
70.28	-0.000923677
70.3	-0.001032913
70.32	-0.001179192
70.34	-0.001367132
70.36	-0.001584319
70.38	-0.001811316
70.4	-0.002045472
70.42	-0.002298308
70.44	-0.002584686
70.46	-0.002897076
70.48	-0.003235999
70.5	-0.003585827
70.52	-0.003921773
70.54	-0.004223987
70.56	-0.004488551
70.58	-0.004717017
70.6	-0.004923524
70.62	-0.005127617
70.64	-0.005330379
70.66	-0.005503126
70.68	-0.00559203
70.7	-0.005562581
70.72	-0.005411256
70.74	-0.005144386
70.76	-0.004785979
70.78	-0.00440289
70.8	-0.004011995
70.82	-0.003601401
70.84	-0.003164893
70.86	-0.002720947
70.88	-0.002283594
70.9	-0.001866022
70.92	-0.00150852
70.94	-0.001208681
70.96	-0.000947467
70.98	-0.000712454
71	-0.000483133
71.02	-0.000245713
71.04	-2.28291E-06
71.06	0.000221062
71.08	0.000413082
71.1	0.000589517
71.12	0.000740851
71.14	0.000867451
71.16	0.000982675
71.18	0.001084913
71.2	0.001179096
71.22	0.001276088
71.24	0.001405969
71.26	0.001610274
71.28	0.00193003
71.3	0.002394561
71.32	0.002997464
71.34	0.003709959
71.36	0.004496305
71.38	0.005326371
71.4	0.006151725
71.42	0.006945183
71.44	0.007681919
71.46	0.008344429
71.48	0.008890715
71.5	0.009262371
71.52	0.009420038
71.54	0.009376289
71.56	0.009147836
71.58	0.008791994
71.6	0.008415418
71.62	0.008115202
71.64	0.007881363
71.66	0.007701707
71.68	0.007545338
71.7	0.007374008
71.72	0.007178424
71.74	0.00697806
71.76	0.006779967
71.78	0.006606051
71.8	0.006460233
71.82	0.006344975
71.84	0.006233711
71.86	0.006102903
71.88	0.00594833
71.9	0.005785368
71.92	0.005649002
71.94	0.005571065
71.96	0.005568493
71.98	0.005638957
72	0.005752482
72.02	0.005872145
72.04	0.00595613
72.06	0.006006173
72.08	0.006053467
72.1	0.006135106
72.12	0.006281928
72.14	0.006500371
72.16	0.006775137
72.18	0.007083947
72.2	0.00739382
72.22	0.007680457
72.24	0.007915828
72.26	0.008094081
72.28	0.008188448
72.3	0.008177072
72.32	0.008057949
72.34	0.007862326
72.36	0.007649263
72.38	0.007460616
72.4	0.007336087
72.42	0.007288229
72.44	0.007323255
72.46	0.007433603
72.48	0.007586283
72.5	0.007765339
72.52	0.007961823
72.54	0.008166649
72.56	0.008343709
72.58	0.008465279
72.6	0.0085157
72.62	0.00848867
72.64	0.008403098
72.66	0.008306475
72.68	0.008256776
72.7	0.008311534
72.72	0.008488927
72.74	0.008753971
72.76	0.009040245
72.78	0.009315417
72.8	0.009539395
72.82	0.009702489
72.84	0.009782807
72.86	0.009785254
72.88	0.009694134
72.9	0.009504289
72.92	0.009202147
72.94	0.00878856
72.96	0.008286631
72.98	0.00773056
73	0.007170927
73.02	0.006677413
73.04	0.006297882
73.06	0.006041438
73.08	0.005858971
73.1	0.005740311
73.12	0.005650543
73.14	0.005543302
73.16	0.005410781
73.18	0.005265814
73.2	0.005130601
73.22	0.005033435
73.24	0.004984715
73.26	0.004970155
73.28	0.004969536
73.3	0.004975124
73.32	0.004989003
73.34	0.005009273
73.36	0.005037907
73.38	0.005077562
73.4	0.005112317
73.42	0.005119633
73.44	0.005082822
73.46	0.004975958
73.48	0.00478175
73.5	0.004521164
73.52	0.00423214
73.54	0.003955464
73.56	0.003692402
73.58	0.003457678
73.6	0.003258718
73.62	0.003103167
73.64	0.003019356
73.66	0.003009559
73.68	0.003051242
73.7	0.003128435
73.72	0.003225604
73.74	0.003317872
73.76	0.003380473
73.78	0.003429885
73.8	0.003481473
73.82	0.003555665
73.84	0.003663389
73.86	0.003785643
73.88	0.003884911
73.9	0.003956903
73.92	0.003990049
73.94	0.003992071
73.96	0.003969571
73.98	0.00393464
74	0.003865249
74.02	0.003740158
74.04	0.003537766
74.06	0.003250177
74.08	0.002889434
74.1	0.002510876
74.12	0.002174089
74.14	0.001890281
74.16	0.001651243
74.18	0.001425069
74.2	0.001189592
74.22	0.000920742
74.24	0.00060516
74.26	0.000274257
74.28	-4.73482E-05
74.3	-0.000335309
74.32	-0.000582785
74.34	-0.000794809
74.36	-0.000975337
74.38	-0.00112666
74.4	-0.00127
74.42	-0.001416547
74.44	-0.001550534
74.46	-0.00164518
74.48	-0.001680583
74.5	-0.001631234
74.52	-0.001491435
74.54	-0.00128137
74.56	-0.001035414
74.58	-0.000808445
74.6	-0.000653825
74.62	-0.000563991
74.64	-0.000547175
74.66	-0.000595439
74.68	-0.000692419
74.7	-0.000801201
74.72	-0.000894103
74.74	-0.000939605
74.76	-0.000925241
74.78	-0.000854451
74.8	-0.000750237
74.82	-0.000645171
74.84	-0.000573642
74.86	-0.000539808
74.88	-0.000534121
74.9	-0.000544348
74.92	-0.000569215
74.94	-0.000608886
74.96	-0.000665702
74.98	-0.000725024
75	-0.000768256
75.02	-0.00077292
75.04	-0.000711271
75.06	-0.000570863
75.08	-0.000358342
75.1	-8.59597E-05
75.12	0.000228365
75.14	0.000571919
75.16	0.000904578
75.18	0.001214127
75.2	0.001495678
75.22	0.001754312
75.24	0.001981807
75.26	0.002168684
75.28	0.002335108
75.3	0.00247544
75.32	0.002579574
75.34	0.002631497
75.36	0.002629451
75.38	0.002578183
75.4	0.002484943
75.42	0.002356587
75.44	0.002190266
75.46	0.001993732
75.48	0.001785996
75.5	0.001583123
75.52	0.001387251
75.54	0.001207217
75.56	0.00103566
75.58	0.000875106
75.6	0.000724936
75.62	0.000577676
75.64	0.000421946
75.66	0.00024566
75.68	4.01219E-05
75.7	-0.000188557
75.72	-0.000432176
75.74	-0.000673924
75.76	-0.000895742
75.78	-0.001069918
75.8	-0.001183206
75.82	-0.001224528
75.84	-0.001188844
75.86	-0.001089541
75.88	-0.000950816
75.9	-0.000786112
75.92	-0.000614043
75.94	-0.000454654
75.96	-0.000310373
75.98	-0.000172018
76	-3.74447E-05
76.02	7.76399E-05
76.04	0.000152169
76.06	0.000153704
76.08	6.69227E-05
76.1	-8.26496E-05
76.12	-0.000250587
76.14	-0.00038148
76.16	-0.000421031
76.18	-0.000346653
76.2	-0.000202412
76.22	-5.38671E-05
76.24	3.31934E-05
76.26	1.14064E-05
76.28	-0.000121879
76.3	-0.00033071
76.32	-0.000551668
76.34	-0.000729403
76.36	-0.000845265
76.38	-0.000876568
76.4	-0.000795713
76.42	-0.000600412
76.44	-0.000302766
76.46	9.00444E-05
76.48	0.000559277
76.5	0.001074702
76.52	0.001611286
76.54	0.002155624
76.56	0.002675472
76.58	0.003148714
76.6	0.003570918
76.62	0.003950808
76.64	0.00427248
76.66	0.004532436
76.68	0.004744522
76.7	0.004907321
76.72	0.005020028
76.74	0.005081845
76.76	0.005096776
76.78	0.005073226
76.8	0.005014691
76.82	0.004926639
76.84	0.004815008
76.86	0.004674834
76.88	0.004491071
76.9	0.004267285
76.92	0.00401759
76.94	0.003755653
76.96	0.003535061
76.98	0.003356504
77	0.003231566
77.02	0.003166192
77.04	0.003157509
77.06	0.003179565
77.08	0.003217407
77.1	0.003268402
77.12	0.003327461
77.14	0.003381381
77.16	0.003427867
77.18	0.003485284
77.2	0.003568132
77.22	0.003697963
77.24	0.003883907
77.26	0.004117834
77.28	0.004384428
77.3	0.004643493
77.32	0.004847506
77.34	0.004969933
77.36	0.005011653
77.38	0.004993397
77.4	0.004946224
77.42	0.004903836
77.44	0.004869568
77.46	0.004834768
77.48	0.004773138
77.5	0.004658041
77.52	0.004492752
77.54	0.004309825
77.56	0.004152229
77.58	0.004053015
77.6	0.004013889
77.62	0.004017304
77.64	0.004018264
77.66	0.003992855
77.68	0.003927359
77.7	0.003829095
77.72	0.00372612
77.74	0.003646382
77.76	0.003594127
77.78	0.003572296
77.8	0.003581344
77.82	0.003625942
77.84	0.003706668
77.86	0.003845446
77.88	0.004063377
77.9	0.004365011
77.92	0.004737534
77.94	0.005153909
77.96	0.005569848
77.98	0.005942171
78	0.006249319
78.02	0.006479162
78.04	0.006615578
78.06	0.006647719
78.08	0.006570272
78.1	0.006393891
78.12	0.00612506
78.14	0.005755556
78.16	0.005333671
78.18	0.004889274
78.2	0.004448412
78.22	0.004049314
78.24	0.00372562
78.26	0.003487243
78.28	0.003319529
78.3	0.003201112
78.32	0.003104252
78.34	0.003005717
78.36	0.002909899
78.38	0.002819305
78.4	0.002750017
78.42	0.002709461
78.44	0.002697965
78.46	0.002709349
78.48	0.002746992
78.5	0.002820629
78.52	0.002937893
78.54	0.00309837
78.56	0.003294527
78.58	0.003508248
78.6	0.003716707
78.62	0.003903801
78.64	0.004040783
78.66	0.004114448
78.68	0.004112887
78.7	0.00403288
78.72	0.003881733
78.74	0.003677894
78.76	0.00343149
78.78	0.003170932
78.8	0.002923555
78.82	0.00271926
78.84	0.002596091
78.86	0.002578779
78.88	0.002646996
78.9	0.002785429
78.92	0.002974112
78.94	0.003186762
78.96	0.003394614
78.98	0.003598411
79	0.003784115
79.02	0.003950449
79.04	0.004087457
79.06	0.004180772
79.08	0.004244362
79.1	0.004306687
79.12	0.004400283
79.14	0.004522488
79.16	0.004653708
79.18	0.004754261
79.2	0.00478239
79.22	0.004709693
79.24	0.004527241
79.26	0.004243936
79.28	0.00389287
79.3	0.003527742
79.32	0.003188503
79.34	0.002894984
79.36	0.002655581
79.38	0.002476856
79.4	0.00235631
79.42	0.002285084
79.44	0.00227877
79.46	0.0023413
79.48	0.002473048
79.5	0.002658301
79.52	0.002859567
79.54	0.003024089
79.56	0.003106954
79.58	0.003075401
79.6	0.002910016
79.62	0.002610005
79.64	0.002203418
79.66	0.001748453
79.68	0.001312438
79.7	0.00093351
79.72	0.000641559
79.74	0.000456025
79.76	0.000380765
79.78	0.000389046
79.8	0.000438256
79.82	0.000494307
79.84	0.000531416
79.86	0.00053851
79.88	0.000511306
79.9	0.000448419
79.92	0.000368718
79.94	0.000289949
79.96	0.000229773
79.98	0.000219335
80	0.000242309
80.02	0.000301425
80.04	0.000394738
80.06	0.000501045
80.08	0.000594024
80.1	0.000652016
80.12	0.00064913
80.14	0.00057857
80.16	0.000451635
80.18	0.000280436
80.2	7.85974E-05
80.22	-9.82831E-05
80.24	-0.000246769
80.26	-0.000368816
80.28	-0.000451734
80.3	-0.00047285
80.32	-0.000411144
80.34	-0.00024317
80.36	3.7138E-05
80.38	0.000418897
80.4	0.000874755
80.42	0.001358055
80.44	0.001809878
80.46	0.002189704
80.48	0.002474151
80.5	0.002658191
80.52	0.002760975
80.54	0.002811218
80.56	0.002853037
80.58	0.002902698
80.6	0.002951642
80.62	0.002966738
80.64	0.002913407
80.66	0.002776562
80.68	0.002561052
80.7	0.002291084
80.72	0.002006524
80.74	0.001774199
80.76	0.001614144
80.78	0.001515216
80.8	0.001469847
80.82	0.001462467
80.84	0.001485833
80.86	0.001551271
80.88	0.001685873
80.9	0.00189297
80.92	0.002174248
80.94	0.002521713
80.96	0.00290546
80.98	0.003298945
81	0.003669274
81.02	0.003988086
81.04	0.004238482
81.06	0.004409072
81.08	0.004493248
81.1	0.004497165
81.12	0.004453563
81.14	0.004395154
81.16	0.004339426
81.18	0.004278983
81.2	0.004195652
81.22	0.004074581
81.24	0.003897151
81.26	0.003677351
81.28	0.003442486
81.3	0.003235363
81.32	0.00307641
81.34	0.002986882
81.36	0.002965756
81.38	0.003013776
81.4	0.003130439
81.42	0.00329967
81.44	0.003506451
81.46	0.003754974
81.48	0.004027401
81.5	0.004297315
81.52	0.004534227
81.54	0.004720356
81.56	0.004831134
81.58	0.004874851
81.6	0.004842427
81.62	0.004738555
81.64	0.004597592
81.66	0.004442891
81.68	0.004283261
81.7	0.004128444
81.72	0.003980128
81.74	0.003848534
81.76	0.003755554
81.78	0.003720682
81.8	0.003750036
81.82	0.003864011
81.84	0.004073673
81.86	0.004346679
81.88	0.004642632
81.9	0.00491677
81.92	0.005148435
81.94	0.005335888
81.96	0.005482835
81.98	0.005599796
82	0.005685169
82.02	0.005728149
82.04	0.005702687
82.06	0.005586922
82.08	0.005379046
82.1	0.005078964
82.12	0.004723027
82.14	0.0043421
82.16	0.003960076
82.18	0.003599835
82.2	0.00327344
82.22	0.002991513
82.24	0.002751912
82.26	0.002551231
82.28	0.002396789
82.3	0.002305522
82.32	0.002288964
82.34	0.002335603
82.36	0.002451569
82.38	0.002630683
82.4	0.002861923
82.42	0.003144488
82.44	0.003469652
82.46	0.003820854
82.48	0.004173461
82.5	0.004500987
82.52	0.004772379
82.54	0.004972514
82.56	0.005094398
82.58	0.005144002
82.6	0.005129773
82.62	0.005061734
82.64	0.004939705
82.66	0.004763287
82.68	0.004543768
82.7	0.004308198
82.72	0.004064531
82.74	0.003842432
82.76	0.003679844
82.78	0.00359755
82.8	0.003584845
82.82	0.003634759
82.84	0.003740493
82.86	0.00388581
82.88	0.004058859
82.9	0.004237404
82.92	0.004387071
82.94	0.004486383
82.96	0.004512385
82.98	0.004447454
83	0.004298969
83.02	0.004108821
83.04	0.00392075
83.06	0.003766203
83.08	0.003664108
83.1	0.003628201
83.12	0.00364333
83.14	0.003685965
83.16	0.003724899
83.18	0.00373113
83.2	0.003690354
83.22	0.003602272
83.24	0.00347746
83.26	0.003337072
83.28	0.003206864
83.3	0.003091655
83.32	0.002997453
83.34	0.002943413
83.36	0.002930531
83.38	0.002970894
83.4	0.003065799
83.42	0.003210222
83.44	0.00339039
83.46	0.003584394
83.48	0.003745657
83.5	0.003827664
83.52	0.003792132
83.54	0.003606126
83.56	0.00325528
83.58	0.00276129
83.6	0.002166641
83.62	0.001518346
83.64	0.000852605
83.66	0.000212576
83.68	-0.000347679
83.7	-0.000770563
83.72	-0.001027245
83.74	-0.001123277
83.76	-0.001062017
83.78	-0.000862621
83.8	-0.000573342
83.82	-0.00026634
83.84	2.35867E-05
83.86	0.000287361
83.88	0.000517196
83.9	0.000710583
83.92	0.000863017
83.94	0.000962993
83.96	0.001021551
83.98	0.001046886
84	0.001045793
84.02	0.001029818
84.04	0.001016266
84.06	0.000999313
84.08	0.000954915
84.1	0.000859291
84.12	0.000701623
84.14	0.000485519
84.16	0.000221791
84.18	-6.74806E-05
84.2	-0.000354811
84.22	-0.000625182
84.24	-0.000859911
84.26	-0.001044153
84.28	-0.001166378
84.3	-0.001199924
84.32	-0.001125861
84.34	-0.000956677
84.36	-0.000712698
84.38	-0.000425946
84.4	-0.000140381
84.42	0.000115004
84.44	0.000330063
84.46	0.000517468
84.48	0.00069706
84.5	0.00089649
84.52	0.00112099
84.54	0.001388415
84.56	0.001690668
84.58	0.001995829
84.6	0.002260469
84.62	0.002452674
84.64	0.00254927
84.66	0.002546573
84.68	0.002456229
84.7	0.002304646
84.72	0.002126532
84.74	0.00196397
84.76	0.001834972
84.78	0.001725249
84.8	0.001644388
84.82	0.001598513
84.84	0.001598265
84.86	0.001663925
84.88	0.001821354
84.9	0.002084773
84.92	0.002432622
84.94	0.002832128
84.96	0.003210724
84.98	0.003520702
85	0.003732576
85.02	0.003837805
85.04	0.003836525
85.06	0.003729958
85.08	0.003552602
85.1	0.003362711
85.12	0.003188971
85.14	0.003050119
85.16	0.002959682
85.18	0.002931125
85.2	0.002962433
85.22	0.003054829
85.24	0.003213116
85.26	0.003432095
85.28	0.0037293
85.3	0.00407681
85.32	0.004423933
85.34	0.004737155
85.36	0.004989565
85.38	0.005163378
85.4	0.005250001
85.42	0.00526084
85.44	0.005217038
85.46	0.005135121
85.48	0.005024369
85.5	0.004903177
85.52	0.004779593
85.54	0.004673877
85.56	0.00458778
85.58	0.004522285
85.6	0.004465456
85.62	0.004394594
85.64	0.004301764
85.66	0.004164959
85.68	0.003981756
85.7	0.003773654
85.72	0.003561066
85.74	0.003382715
85.76	0.003273615
85.78	0.003253437
85.8	0.003313154
85.82	0.003461989
85.84	0.003682205
85.86	0.003924539
85.88	0.004166033
85.9	0.004392839
85.92	0.004599362
85.94	0.004785725
85.96	0.004934107
85.98	0.005024145
86	0.005043236
86.02	0.004988902
86.04	0.004858346
86.06	0.004656088
86.08	0.004415069
86.1	0.004183574
86.12	0.00398724
86.14	0.003851704
86.16	0.003795138
86.18	0.003809737
86.2	0.003868425
86.22	0.003944137
86.24	0.003996759
86.26	0.004012606
86.28	0.004006525
86.3	0.004013724
86.32	0.004070453
86.34	0.004207566
86.36	0.004428505
86.38	0.004704433
86.4	0.004990239
86.42	0.005244448
86.44	0.005434687
86.46	0.005550449
86.48	0.005596353
86.5	0.005592715
86.52	0.005541934
86.54	0.005448834
86.56	0.00530895
86.58	0.005111987
86.6	0.004852131
86.62	0.004545424
86.64	0.004225379
86.66	0.00393009
86.68	0.00369432
86.7	0.00353551
86.72	0.003457435
86.74	0.003462491
86.76	0.003528614
86.78	0.003628358
86.8	0.003753221
86.82	0.00389745
86.84	0.004061662
86.86	0.004251415
86.88	0.004447508
86.9	0.004606209
86.92	0.00469395
86.94	0.004696794
86.96	0.004601192
86.98	0.004429195
87	0.004225674
87.02	0.004031425
87.04	0.003866843
87.06	0.003724691
87.08	0.003569902
87.1	0.003382573
87.12	0.003145957
87.14	0.002848742
87.16	0.00249209
87.18	0.00210468
87.2	0.001716266
87.22	0.001371369
87.24	0.001085925
87.26	0.000872522
87.28	0.000738326
87.3	0.00068332
87.32	0.000697184
87.34	0.000761862
87.36	0.000866451
87.38	0.000993893
87.4	0.001126443
87.42	0.001238897
87.44	0.001306826
87.46	0.001295307
87.48	0.001212729
87.5	0.001064713
87.52	0.000857752
87.54	0.000612121
87.56	0.000358281
87.58	0.000118266
87.6	-8.8678E-05
87.62	-0.000255116
87.64	-0.000380177
87.66	-0.000480977
87.68	-0.000566947
87.7	-0.000627625
87.72	-0.000671965
87.74	-0.000692088
87.76	-0.000668007
87.78	-0.000588049
87.8	-0.000449485
87.82	-0.000262546
87.84	-5.39862E-05
87.86	0.000142404
87.88	0.000296652
87.9	0.000381634
87.92	0.000393943
87.94	0.000352179
87.96	0.000281629
87.98	0.000193025
88	8.40452E-05
88.02	-5.84061E-05
88.04	-0.000250984
88.06	-0.000506742
88.08	-0.000807618
88.1	-0.001120735
88.12	-0.00141339
88.14	-0.001662738
88.16	-0.001873612
88.18	-0.002055507
88.2	-0.002222256
88.22	-0.002386952
88.24	-0.002547588
88.26	-0.002678612
88.28	-0.002739734
88.3	-0.002713953
88.32	-0.002601346
88.34	-0.002423069
88.36	-0.00220808
88.38	-0.001982232
88.4	-0.001773289
88.42	-0.001575863
88.44	-0.001395152
88.46	-0.001238847
88.48	-0.00111668
88.5	-0.001045847
88.52	-0.00104528
88.54	-0.001116473
88.56	-0.001243332
88.58	-0.001402469
88.6	-0.001578607
88.62	-0.001752811
88.64	-0.001907894
88.66	-0.002025868
88.68	-0.002084233
88.7	-0.002081224
88.72	-0.002019083
88.74	-0.001903813
88.76	-0.001749443
88.78	-0.001569418
88.8	-0.001381387
88.82	-0.001191604
88.84	-0.000989905
88.86	-0.000766735
88.88	-0.000514677
88.9	-0.000234614
88.92	6.2118E-05
88.94	0.000358803
88.96	0.000622418
88.98	0.000844935
89	0.001028004
89.02	0.001175467
89.04	0.001279666
89.06	0.00133793
89.08	0.001372645
89.1	0.00139442
89.12	0.001420418
89.14	0.001462113
89.16	0.001515632
89.18	0.001584074
89.2	0.001664859
89.22	0.001756231
89.24	0.001845583
89.26	0.001938538
89.28	0.002035004
89.3	0.002107012
89.32	0.002131384
89.34	0.002094766
89.36	0.001999139
89.38	0.001858333
89.4	0.001696118
89.42	0.001530603
89.44	0.001374322
89.46	0.001241912
89.48	0.001138721
89.5	0.001059462
89.52	0.000982386
89.54	0.000919891
89.56	0.000848397
89.58	0.000742112
89.6	0.000590774
89.62	0.000397303
89.64	0.000175894
89.66	-3.94931E-05
89.68	-0.000208404
89.7	-0.000308449
89.72	-0.000317965
89.74	-0.00021209
89.76	-1.79843E-05
89.78	0.000248156
89.8	0.000563122
89.82	0.000907251
89.84	0.001245453
89.86	0.001540219
89.88	0.001767675
89.9	0.001903949
89.92	0.001943227
89.94	0.001903096
89.96	0.001809734
89.98	0.00168852
90	0.001553311
90.02	0.001411243
90.04	0.001259958
90.06	0.001104689
90.08	0.000958127
90.1	0.000840733
90.12	0.000778374
90.14	0.000774805
90.16	0.00082463
90.18	0.000918925
90.2	0.001039147
90.22	0.001163743
90.24	0.001264545
90.26	0.001358593
90.28	0.001466253
90.3	0.001608489
90.32	0.001808719
90.34	0.002074624
90.36	0.002410006
90.38	0.002795475
90.4	0.003199226
90.42	0.003614171
90.44	0.004037132
90.46	0.004440572
90.48	0.004794065
90.5	0.005073517
90.52	0.005262914
90.54	0.00534566
90.56	0.005327159
90.58	0.005212017
90.6	0.005020283
90.62	0.004780373
90.64	0.004528461
90.66	0.004314945
90.68	0.004171453
90.7	0.004115333
90.72	0.004133928
90.74	0.004215941
90.76	0.004345972
90.78	0.004500267
90.8	0.004663224
90.82	0.00482405
90.84	0.00497412
90.86	0.005098063
90.88	0.005191525
90.9	0.005256655
90.92	0.0053049
90.94	0.005339357
90.96	0.005357788
90.98	0.005360115
91	0.00534356
91.02	0.005304309
91.04	0.0052601
91.06	0.005224841
91.08	0.005219077
91.1	0.005244664
91.12	0.005286963
91.14	0.005327606
91.16	0.005352251
91.18	0.005351919
91.2	0.005323783
91.22	0.00526424
91.24	0.005186787
91.26	0.005086842
91.28	0.004969248
91.3	0.004834808
91.32	0.00470913
91.34	0.00458951
91.36	0.004471258
91.38	0.004363064
91.4	0.004259257
91.42	0.004151328
91.44	0.004031088
91.46	0.003893617
91.48	0.003742152
91.5	0.003576406
91.52	0.003401084
91.54	0.003213078
91.56	0.003039526
91.58	0.002898153
91.6	0.002794438
91.62	0.002720792
91.64	0.002671259
91.66	0.002638889
91.68	0.002613846
91.7	0.00260427
91.72	0.002627653
91.74	0.002699331
91.76	0.002827862
91.78	0.003012586
91.8	0.003231428
91.82	0.003457085
91.84	0.003665384
91.86	0.003841121
91.88	0.003982295
91.9	0.004089873
91.92	0.004161376
91.94	0.004180489
91.96	0.004136233
91.98	0.004019946
92	0.003838177
92.02	0.003604025
92.04	0.003340578
92.06	0.003076301
92.08	0.002826062
92.1	0.00260515
92.12	0.002429749
92.14	0.002310214
92.16	0.002257906
92.18	0.002278195
92.2	0.002354781
92.22	0.002450015
92.24	0.002538587
92.26	0.002607142
92.28	0.002650667
92.3	0.002676853
92.32	0.002699402
92.34	0.002721656
92.36	0.002732043
92.38	0.002732122
92.4	0.002706406
92.42	0.002647886
92.44	0.002558735
92.46	0.002455397
92.48	0.002354123
92.5	0.002261935
92.52	0.002184111
92.54	0.002119545
92.56	0.002064535
92.58	0.00200476
92.6	0.001926505
92.62	0.001844832
92.64	0.001776491
92.66	0.001748014
92.68	0.001785685
92.7	0.001895448
92.72	0.002062071
92.74	0.002272174
92.76	0.002510298
92.78	0.002765394
92.8	0.003033416
92.82	0.003307893
92.84	0.003574034
92.86	0.003819413
92.88	0.004015492
92.9	0.004130533
92.92	0.00418387
92.94	0.004187008
92.96	0.004147533
92.98	0.004069492
93	0.003960798
93.02	0.003825353
93.04	0.003664771
93.06	0.003493281
93.08	0.00332687
93.1	0.003192652
93.12	0.003100953
93.14	0.003059774
93.16	0.003064982
93.18	0.003101511
93.2	0.003150047
93.22	0.003200075
93.24	0.003251496
93.26	0.003302069
93.28	0.003356072
93.3	0.00341898
93.32	0.003483117
93.34	0.003543774
93.36	0.003588301
93.38	0.003606824
93.4	0.003586172
93.42	0.003519229
93.44	0.003401269
93.46	0.003231174
93.48	0.003019491
93.5	0.002772964
93.52	0.002502859
93.54	0.002223723
93.56	0.001946359
93.58	0.00168311
93.6	0.001445141
93.62	0.001242494
93.64	0.001072307
93.66	0.00092314
93.68	0.000784532
93.7	0.000653087
93.72	0.00055181
93.74	0.000498179
93.76	0.000489367
93.78	0.000524436
93.8	0.000592464
93.82	0.000679748
93.84	0.000770609
93.86	0.000860254
93.88	0.000947642
93.9	0.001042759
93.92	0.001145949
93.94	0.001239593
93.96	0.001321274
93.98	0.001389443
94	0.001438531
94.02	0.001466658
94.04	0.001483045
94.06	0.001502507
94.08	0.00153847
94.1	0.001609207
94.12	0.001721169
94.14	0.001873748
94.16	0.002063962
94.18	0.002295974
94.2	0.002572486
94.22	0.0028895
94.24	0.003235221
94.26	0.003596041
94.28	0.003947332
94.3	0.004274016
94.32	0.004570064
94.34	0.004837269
94.36	0.005080598
94.38	0.005302117
94.4	0.005499202
94.42	0.005662397
94.44	0.00578203
94.46	0.005846973
94.48	0.005857027
94.5	0.005824473
94.52	0.005757844
94.54	0.005664206
94.56	0.005545051
94.58	0.00541109
94.6	0.005270327
94.62	0.005133792
94.64	0.00501376
94.66	0.004911858
94.68	0.004832454
94.7	0.00477481
94.72	0.004726209
94.74	0.004670377
94.76	0.004597525
94.78	0.004512292
94.8	0.004416487
94.82	0.004315744
94.84	0.004208697
94.86	0.004109688
94.88	0.004013561
94.9	0.003908887
94.92	0.003788552
94.94	0.003641205
94.96	0.003475042
94.98	0.003310732
95	0.003165068
95.02	0.003054602
95.04	0.002977299
95.06	0.002932586
95.08	0.002890573
95.1	0.002822061
95.12	0.002716747
95.14	0.002572582
95.16	0.00239807
95.18	0.002209839
95.2	0.002022302
95.22	0.001840754
95.24	0.001670808
95.26	0.001528164
95.28	0.001411444
95.3	0.001324256
95.32	0.001275681
95.34	0.001272346
95.36	0.001316356
95.38	0.001396971
95.4	0.001501326
95.42	0.001608278
95.44	0.001699379
95.46	0.001760418
95.48	0.001773015
95.5	0.001735061
95.52	0.001652154
95.54	0.001544857
95.56	0.001441474
95.58	0.001374661
95.6	0.001375275
95.62	0.001457146
95.64	0.001613433
95.66	0.001813975
95.68	0.002024606
95.7	0.002219035
95.72	0.002381848
95.74	0.002519956
95.76	0.002631953
95.78	0.002705814
95.8	0.002728005
95.82	0.002691155
95.84	0.002590269
95.86	0.00243955
95.88	0.002256314
95.9	0.002068046
95.92	0.001903399
95.94	0.001777432
95.96	0.001685701
95.98	0.001615288
96	0.001545831
96.02	0.001452314
96.04	0.001319701
96.06	0.001160195
96.08	0.000989008
96.1	0.000832583
96.12	0.000706155
96.14	0.000606151
96.16	0.000515743
96.18	0.00041392
96.2	0.000282479
96.22	0.000125151
96.24	-3.72579E-05
96.26	-0.000172071
96.28	-0.00026183
96.3	-0.000299761
96.32	-0.000290255
96.34	-0.000252994
96.36	-0.000216542
96.38	-0.000196023
96.4	-0.000192538
96.42	-0.000190804
96.44	-0.000176924
96.46	-0.000143446
96.48	-9.07009E-05
96.5	-2.39909E-05
96.52	4.31671E-05
96.54	9.60515E-05
96.56	0.000118165
96.58	0.000120501
96.6	8.39458E-05
96.62	1.15508E-05
96.64	-9.48077E-05
96.66	-0.000218512
96.68	-0.000337927
96.7	-0.000441794
96.72	-0.000516311
96.74	-0.000546695
96.76	-0.000535934
96.78	-0.00049954
96.8	-0.000457857
96.82	-0.000389438
96.84	-0.000291292
96.86	-0.000159632
96.88	-5.61301E-06
96.9	0.000154526
96.92	0.000320116
96.94	0.000488977
96.96	0.000659092
96.98	0.000842383
97	0.0010501
97.02	0.001284438
97.04	0.001535629
97.06	0.001803265
97.08	0.002069432
97.1	0.002312732
97.12	0.00251399
97.14	0.002648256
97.16	0.00270081
97.18	0.002667213
97.2	0.002554894
97.22	0.002381362
97.24	0.002166448
97.26	0.001926451
97.28	0.001662472
97.3	0.00139063
97.32	0.00113047
97.34	0.000909963
97.36	0.000740193
97.38	0.000609586
97.4	0.000501059
97.42	0.000388871
97.44	0.00024733
97.46	6.33134E-05
97.48	-0.000138997
97.5	-0.000325048
97.52	-0.000463513
97.54	-0.000527508
97.56	-0.000520233
97.58	-0.000463472
97.6	-0.000388515
97.62	-0.000340955
97.64	-0.000346942
97.66	-0.000401536
97.68	-0.000472687
97.7	-0.000540284
97.72	-0.000585782
97.74	-0.00059368
97.76	-0.000563038
97.78	-0.000507627
97.8	-0.000444464
97.82	-0.000397777
97.84	-0.000372898
97.86	-0.000367001
97.88	-0.00037656
97.9	-0.000400308
97.92	-0.000417661
97.94	-0.000401007
97.96	-0.000361298
97.98	-0.000298074
98	-0.000218876
98.02	-0.000136158
98.04	-5.34821E-05
98.06	3.16994E-05
98.08	0.00014069
98.1	0.00029722
98.12	0.000520563
98.14	0.000799848
98.16	0.001100315
98.18	0.001410699
98.2	0.001703871
98.22	0.001967173
98.24	0.002191008
98.26	0.002367883
98.28	0.002498145
98.3	0.002575629
98.32	0.0026169
98.34	0.002648355
98.36	0.002714311
98.38	0.002848143
98.4	0.003051209
98.42	0.003314754
98.44	0.003616369
98.46	0.003928186
98.48	0.004219546
98.5	0.004463987
98.52	0.004645566
98.54	0.00475532
98.56	0.004791207
98.58	0.004760911
98.6	0.004674518
98.62	0.004550958
98.64	0.004406672
98.66	0.004253197
98.68	0.004095783
98.7	0.00394504
98.72	0.003811274
98.74	0.003714259
98.76	0.003675212
98.78	0.003698573
98.8	0.00376307
98.82	0.003861537
98.84	0.003969571
98.86	0.004051004
98.88	0.004076663
98.9	0.004039932
98.92	0.003958123
98.94	0.003850886
98.96	0.00373305
98.98	0.003619817
99	0.003525252
99.02	0.003457016
99.04	0.003398608
99.06	0.00334112
99.08	0.00329086
99.1	0.003238948
99.12	0.003173658
99.14	0.00308809
99.16	0.002992863
99.18	0.002911634
99.2	0.002846271
99.22	0.002783027
99.24	0.002713251
99.26	0.002627421
99.28	0.002512314
99.3	0.002363383
99.32	0.002207364
99.34	0.002079979
99.36	0.002024411
99.38	0.00204642
99.4	0.002129443
99.42	0.002254836
99.44	0.002403713
99.46	0.002549185
99.48	0.002667983
99.5	0.002746358
99.52	0.002788701
99.54	0.002802448
99.56	0.002800394
99.58	0.002782886
99.6	0.002743759
99.62	0.002679495
99.64	0.002586249
99.66	0.002460666
99.68	0.002315908
99.7	0.002164423
99.72	0.00202571
99.74	0.001914428
99.76	0.001841306
99.78	0.001810447
99.8	0.00182357
99.82	0.001888605
99.84	0.002005884
99.86	0.002165323
99.88	0.002349863
99.9	0.002539814
99.92	0.002720118
99.94	0.002882875
99.96	0.003033399
99.98	0.003181171
100	0.003339774
100.02	0.003510233
100.04	0.003680766
100.06	0.003828791
100.08	0.003931842
100.1	0.003967239
100.12	0.003926251
100.14	0.003826647
100.16	0.003692199
100.18	0.003551881
100.2	0.003427597
100.22	0.003336553
100.24	0.003282743
100.26	0.00325631
100.28	0.003244657
100.3	0.003235642
100.32	0.003229167
100.34	0.003237776
100.36	0.003277099
100.38	0.003351721
100.4	0.003458145
100.42	0.003590601
100.44	0.003739273
100.46	0.003884965
100.48	0.004013839
100.5	0.004116025
100.52	0.004179191
100.54	0.004188126
100.56	0.0041401
100.58	0.004031535
100.6	0.003875066
100.62	0.003695794
100.64	0.003505221
100.66	0.00331573
100.68	0.003137468
100.7	0.002976751
100.72	0.002837156
100.74	0.002723699
100.76	0.002645454
100.78	0.002605275
100.8	0.002622114
100.82	0.002715169
100.84	0.00287705
100.86	0.003109878
100.88	0.003397253
100.9	0.003712116
100.92	0.004014422
100.94	0.004271957
100.96	0.004462745
100.98	0.004573231
101	0.004598062
101.02	0.004532446
101.04	0.004381487
101.06	0.004172739
101.08	0.003930163
101.1	0.003679375
101.12	0.003443319
101.14	0.003234273
101.16	0.003048214
101.18	0.002873991
101.2	0.002696149
101.22	0.00250155
101.24	0.002289999
101.26	0.002077103
101.28	0.001881576
101.3	0.001717966
101.32	0.001584235
101.34	0.001475556
101.36	0.00138274
101.38	0.00130246
101.4	0.001239444
101.42	0.00120949
101.44	0.001225147
101.46	0.001292471
101.48	0.001415112
101.5	0.001573176
101.52	0.001730834
101.54	0.001852344
101.56	0.001904831
101.58	0.001864022
101.6	0.001724615
101.62	0.001503071
101.64	0.001224741
101.66	0.000914228
101.68	0.000604709
101.7	0.000325475
101.72	9.87084E-05
101.74	-5.97492E-05
101.76	-0.000128061
101.78	-0.000102899
101.8	-1.39058E-05
101.82	0.000114706
101.84	0.000264526
101.86	0.000420089
101.88	0.000573109
101.9	0.000718025
101.92	0.000858003
101.94	0.00100413
101.96	0.001165345
101.98	0.001338308
102	0.001522046
102.02	0.001710241
102.04	0.001897405
102.06	0.002079666
102.08	0.00225142
102.1	0.002408149
102.12	0.002546751
102.14	0.002669218
102.16	0.002781606
102.18	0.002885952
102.2	0.002995242
102.22	0.003118759
102.24	0.003259236
102.26	0.003411031
102.28	0.003572113
102.3	0.003757877
102.32	0.003979412
102.34	0.004233633
102.36	0.004514124
102.38	0.00481311
102.4	0.005109936
102.42	0.005375909
102.44	0.005589144
102.46	0.00572791
102.48	0.005783389
102.5	0.005755276
102.52	0.005645917
102.54	0.005468302
102.56	0.005243135
102.58	0.004967385
102.6	0.004645026
102.62	0.004283893
102.64	0.003893109
102.66	0.003487699
102.68	0.003097076
102.7	0.002752128
102.72	0.00247968
102.74	0.002292729
102.76	0.00218775
102.78	0.002141309
102.8	0.002122977
102.82	0.002105619
102.84	0.002066927
102.86	0.002001531
102.88	0.001928992
102.9	0.001875512
102.92	0.001860187
102.94	0.001888016
102.96	0.00195234
102.98	0.00203336
103	0.002102664
103.02	0.002131801
103.04	0.00208894
103.06	0.00196385
103.08	0.001768609
103.1	0.001525668
103.12	0.001262105
103.14	0.000995639
103.16	0.000741231
103.18	0.000501938
103.2	0.000278498
103.22	6.615E-05
103.24	-0.00011356
103.26	-0.000250567
103.28	-0.000330806
103.3	-0.000345427
103.32	-0.000278868
103.34	-0.000133337
103.36	8.61591E-05
103.38	0.000364809
103.4	0.000674896
103.42	0.001000018
103.44	0.001316386
103.46	0.001618033
103.48	0.001907098
103.5	0.002184654
103.52	0.002438335
103.54	0.002657426
103.56	0.002841069
103.58	0.002998219
103.6	0.003135159
103.62	0.00326315
103.64	0.00338325
103.66	0.003483668
103.68	0.003545605
103.7	0.003558213
103.72	0.003515693
103.74	0.003433688
103.76	0.003340481
103.78	0.003273614
103.8	0.003248141
103.82	0.003259466
103.84	0.003291305
103.86	0.003318527
103.88	0.003320893
103.9	0.003292833
103.92	0.003243744
103.94	0.003191878
103.96	0.00315862
103.98	0.003158936
104	0.003187819
104.02	0.003230234
104.04	0.003266185
104.06	0.00327431
104.08	0.003238055
104.1	0.003129936
104.12	0.002974575
104.14	0.002808372
104.16	0.002665265
104.18	0.002567233
104.2	0.002524851
104.22	0.002541068
104.24	0.002608429
104.26	0.002709899
104.28	0.002823526
104.3	0.002945137
104.32	0.003082272
104.34	0.003216925
104.36	0.003344719
104.38	0.003462912
104.4	0.003554381
104.42	0.003601036
104.44	0.003589976
104.46	0.003539094
104.48	0.003454793
104.5	0.003348006
104.52	0.003221109
104.54	0.003089218
104.56	0.002963629
104.58	0.002861772
104.6	0.002779622
104.62	0.002719227
104.64	0.002682146
104.66	0.002663843
104.68	0.002646319
104.7	0.002638833
104.72	0.002645313
104.74	0.002669539
104.76	0.002703149
104.78	0.002743351
104.8	0.002786807
104.82	0.002851672
104.84	0.002941845
104.86	0.003061546
104.88	0.003200756
104.9	0.003341453
104.92	0.003451905
104.94	0.003489305
104.96	0.003427198
104.98	0.003263276
105	0.003012715
105.02	0.002694963
105.04	0.002343902
105.06	0.002007312
105.08	0.00170722
105.1	0.001455052
105.12	0.001253774
105.14	0.001121032
105.16	0.001050916
105.18	0.001020328
105.2	0.001027348
105.22	0.001071324
105.24	0.001147988
105.26	0.001242734
105.28	0.001335084
105.3	0.001401159
105.32	0.001425667
105.34	0.00139601
105.36	0.001312505
105.38	0.001211712
105.4	0.001122075
105.42	0.001058875
105.44	0.00101813
105.46	0.00098012
105.48	0.000910961
105.5	0.000779777
105.52	0.000562159
105.54	0.00025335
105.56	-0.000127815
105.58	-0.000549546
105.6	-0.000983679
105.62	-0.001397506
105.64	-0.001765736
105.66	-0.002071162
105.68	-0.002287544
105.7	-0.002367594
105.72	-0.00231463
105.74	-0.002140358
105.76	-0.001865321
105.78	-0.001525195
105.8	-0.001155693
105.82	-0.000782152
105.84	-0.000434253
105.86	-0.000132525
105.88	9.995E-05
105.9	0.000248255
105.92	0.000294584
105.94	0.000264318
105.96	0.000190616
105.98	9.57466E-05
106	-7.06487E-06
106.02	-9.44937E-05
106.04	-0.000164103
106.06	-0.000221804
106.08	-0.000272551
106.1	-0.000317623
106.12	-0.000356018
106.14	-0.00038696
106.16	-0.000405931
106.18	-0.000412049
106.2	-0.000397654
106.22	-0.000348822
106.24	-0.000253479
106.26	-9.55036E-05
106.28	0.000128412
106.3	0.000415615
106.32	0.000756412
106.34	0.001126767
106.36	0.00149267
106.38	0.00182897
106.4	0.00211327
106.42	0.002334998
106.44	0.002493162
106.46	0.002591713
106.48	0.002627631
106.5	0.002614398
106.52	0.002585453
106.54	0.002540814
106.56	0.00247595
106.58	0.002391229
106.6	0.002284814
106.62	0.002156141
106.64	0.002020037
106.66	0.001898191
106.68	0.001812258
106.7	0.001779315
106.72	0.001807439
106.74	0.001877936
106.76	0.001964378
106.78	0.002051809
106.8	0.002140653
106.82	0.002228511
106.84	0.002316811
106.86	0.002404558
106.88	0.00247212
106.9	0.002504544
106.92	0.002488172
106.94	0.002430415
106.96	0.002321083
106.98	0.002151447
107	0.001925439
107.02	0.001649127
107.04	0.001327545
107.06	0.000975196
107.08	0.000631367
107.1	0.000330677
107.12	8.7133E-05
107.14	-8.24591E-05
107.16	-0.000181571
107.18	-0.000209956
107.2	-0.000182525
107.22	-0.000101302
107.24	2.06697E-05
107.26	0.000168981
107.28	0.000339176
107.3	0.000519594
107.32	0.000700454
107.34	0.000872237
107.36	0.001030444
107.38	0.001169258
107.4	0.001282283
107.42	0.001361395
107.44	0.001389491
107.46	0.001367885
107.48	0.001313008
107.5	0.001244697
107.52	0.00119007
107.54	0.001166262
107.56	0.001183434
107.58	0.001222126
107.6	0.001267323
107.62	0.001300006
107.64	0.001318873
107.66	0.001338307
107.68	0.001367957
107.7	0.001415651
107.72	0.00149376
107.74	0.001607446
107.76	0.001755224
107.78	0.001930493
107.8	0.002128798
107.82	0.002336252
107.84	0.002549945
107.86	0.002765108
107.88	0.002974685
107.9	0.00317579
107.92	0.003364774
107.94	0.003516472
107.96	0.003627992
107.98	0.003691782
108	0.003699965
108.02	0.003649567
108.04	0.003550885
108.06	0.003432185
108.08	0.003328294
108.1	0.003270078
108.12	0.003283099
108.14	0.003382619
108.16	0.003573799
108.18	0.003827428
108.2	0.004110945
108.22	0.004394359
108.24	0.004651856
108.26	0.004870753
108.28	0.005040385
108.3	0.005154882
108.32	0.005220315
108.34	0.005243486
108.36	0.005222497
108.38	0.005154381
108.4	0.005041009
108.42	0.004900488
108.44	0.004745607
108.46	0.004586637
108.48	0.004440712
108.5	0.004297403
108.52	0.004140343
108.54	0.003948988
108.56	0.00371996
108.58	0.003452566
108.6	0.003154848
108.62	0.002853184
108.64	0.002564775
108.66	0.002317413
108.68	0.002133348
108.7	0.002018026
108.72	0.001972259
108.74	0.001990497
108.76	0.002063274
108.78	0.002166218
108.8	0.002283116
108.82	0.002402997
108.84	0.002510594
108.86	0.00258796
108.88	0.002604092
108.9	0.002543981
108.92	0.002398985
108.94	0.002171151
108.96	0.001874278
108.98	0.001528912
109	0.001166086
109.02	0.000815838
109.04	0.000486561
109.06	0.000202029
109.08	-2.84311E-05
109.1	-0.000202088
109.12	-0.000323141
109.14	-0.000401168
109.16	-0.000443503
109.18	-0.000457559
109.2	-0.000447973
109.22	-0.000420618
109.24	-0.000376136
109.26	-0.000317366
109.28	-0.00024752
109.3	-0.000160007
109.32	-5.41367E-05
109.34	5.87394E-05
109.36	0.000170685
109.38	0.00027911
109.4	0.000374494
109.42	0.00045011
109.44	0.000509729
109.46	0.000550558
109.48	0.000566586
109.5	0.000556325
109.52	0.000532882
109.54	0.000506949
109.56	0.000495855
109.58	0.00050619
109.6	0.000534734
109.62	0.000577995
109.64	0.000628096
109.66	0.000681987
109.68	0.000733331
109.7	0.000787434
109.72	0.000860798
109.74	0.000956867
109.76	0.001087146
109.78	0.001259075
109.8	0.001457647
109.82	0.001658951
109.84	0.001821471
109.86	0.001900638
109.88	0.001887846
109.9	0.001798328
109.92	0.001656577
109.94	0.001495408
109.96	0.001339873
109.98	0.00119711
110	0.00106917
110.02	0.000977438
110.04	0.000934397
110.06	0.00096096
110.08	0.001062234
110.1	0.001236194
110.12	0.001464313
110.14	0.001724315
110.16	0.001987014
110.18	0.002228641
110.2	0.002440373
110.22	0.002619644
110.24	0.002778504
110.26	0.002932636
110.28	0.003091276
110.3	0.00325416
110.32	0.003398437
110.34	0.003499516
110.36	0.003539308
110.38	0.003519713
110.4	0.0034433
110.42	0.003322068
110.44	0.003168751
110.46	0.002982184
110.48	0.002765497
110.5	0.002513881
110.52	0.002227304
110.54	0.001919525
110.56	0.001605138
110.58	0.001314464
110.6	0.001077602
110.62	0.000916391
110.64	0.000838977
110.66	0.000846186
110.68	0.000928148
110.7	0.001054836
110.72	0.001211436
110.74	0.001383075
110.76	0.001550681
110.78	0.00169638
110.8	0.001790698
110.82	0.001822332
110.84	0.001791366
110.86	0.001713373
110.88	0.001607246
110.9	0.001481715
110.92	0.001349989
110.94	0.001213404
110.96	0.001071543
110.98	0.000939966
111	0.000816242
111.02	0.000707474
111.04	0.000602827
111.06	0.000494263
111.08	0.000378025
111.1	0.000259968
111.12	0.000160968
111.14	9.00114E-05
111.16	6.17291E-05
111.18	8.6833E-05
111.2	0.000164016
111.22	0.000292951
111.24	0.000458829
111.26	0.000643316
111.28	0.000828924
111.3	0.001000605
111.32	0.001148559
111.34	0.001272763
111.36	0.001383659
111.38	0.001470519
111.4	0.001531545
111.42	0.001564067
111.44	0.001570783
111.46	0.001557953
111.48	0.001542429
111.5	0.001546208
111.52	0.001591868
111.54	0.001692858
111.56	0.001854674
111.58	0.002073572
111.6	0.002344024
111.62	0.00263506
111.64	0.002931291
111.66	0.003227652
111.68	0.003527014
111.7	0.003827369
111.72	0.00413055
111.74	0.004433694
111.76	0.004725678
111.78	0.004992397
111.8	0.005227901
111.82	0.005421837
111.84	0.005571713
111.86	0.005676851
111.88	0.005738612
111.9	0.005752727
111.92	0.00572585
111.94	0.005664623
111.96	0.005572565
111.98	0.005458543
112	0.005333187
112.02	0.005201574
112.04	0.005072003
112.06	0.004954954
112.08	0.004858338
112.1	0.004783986
112.12	0.004727041
112.14	0.004677247
112.16	0.004623045
112.18	0.004554246
112.2	0.004464536
112.22	0.004354174
112.24	0.004238629
112.26	0.004136582
112.28	0.004058236
112.3	0.004004956
112.32	0.003971365
112.34	0.003947343
112.36	0.003919682
112.38	0.003881766
112.4	0.003833921
112.42	0.003782159
112.44	0.003734764
112.46	0.003689418
112.48	0.003628195
112.5	0.003528485
112.52	0.003373316
112.54	0.003152459
112.56	0.002865158
112.58	0.002533046
112.6	0.002193628
112.62	0.001880647
112.64	0.001623792
112.66	0.001459939
112.68	0.001407594
112.7	0.00146032
112.72	0.001597532
112.74	0.001783277
112.76	0.001976964
112.78	0.002137369
112.8	0.002238523
112.82	0.002268987
112.84	0.002233112
112.86	0.002138274
112.88	0.002003174
112.9	0.001848613
112.92	0.00169707
112.94	0.001562945
112.96	0.001458043
112.98	0.001392208
113	0.00137613
113.02	0.001416747
113.04	0.001503752
113.06	0.001612986
113.08	0.001726893
113.1	0.001839711
113.12	0.001932708
113.14	0.001994948
113.16	0.00202441
113.18	0.002024476
113.2	0.002000084
113.22	0.001971921
113.24	0.00195227
113.26	0.001952089
113.28	0.001977999
113.3	0.002020806
113.32	0.002070654
113.34	0.002120982
113.36	0.002172872
113.38	0.002231152
113.4	0.002302342
113.42	0.002386201
113.44	0.00245183
113.46	0.002484623
113.48	0.002478877
113.5	0.002440048
113.52	0.00238163
113.54	0.002329699
113.56	0.002303401
113.58	0.002309048
113.6	0.002339299
113.62	0.002387204
113.64	0.002447914
113.66	0.00252632
113.68	0.002626425
113.7	0.002728176
113.72	0.002827637
113.74	0.002926587
113.76	0.003016345
113.78	0.003085906
113.8	0.003132677
113.82	0.003150107
113.84	0.003134404
113.86	0.003082549
113.88	0.002999964
113.9	0.002908907
113.92	0.002816613
113.94	0.002741663
113.96	0.002694158
113.98	0.002675706
114	0.002688149
114.02	0.002735259
114.04	0.002815195
114.06	0.002926139
114.08	0.003055159
114.1	0.003184271
114.12	0.003290737
114.14	0.003361607
114.16	0.003396078
114.18	0.003387436
114.2	0.003323682
114.22	0.003210085
114.24	0.003060145
114.26	0.00288569
114.28	0.002711708
114.3	0.002566325
114.32	0.002476004
114.34	0.002441345
114.36	0.002435755
114.38	0.002432758
114.4	0.002397145
114.42	0.002317479
114.44	0.002202876
114.46	0.002072849
114.48	0.001952741
114.5	0.001861976
114.52	0.001809482
114.54	0.001792449
114.56	0.00179381
114.58	0.001795701
114.6	0.001776883
114.62	0.001744057
114.64	0.001712607
114.66	0.001700585
114.68	0.001719509
114.7	0.001768543
114.72	0.001827511
114.74	0.001870764
114.76	0.001871243
114.78	0.001808789
114.8	0.001680528
114.82	0.001502011
114.84	0.001293736
114.86	0.001070695
114.88	0.000848482
114.9	0.000639092
114.92	0.000455138
114.94	0.000309002
114.96	0.000202383
114.98	0.000139162
115	0.000110771
115.02	9.17195E-05
115.04	5.67237E-05
115.06	-3.97058E-06
115.08	-8.75427E-05
115.1	-0.000191104
115.12	-0.000296983
115.14	-0.000384837
115.16	-0.000443942
115.18	-0.000461941
115.2	-0.000447199
115.22	-0.000414181
115.24	-0.000366692
115.26	-0.000301666
115.28	-0.00023571
115.3	-0.00018026
115.32	-0.000130685
115.34	-8.53073E-05
115.36	-4.6427E-05
115.38	-1.41254E-05
115.4	7.91305E-06
115.42	2.75474E-05
115.44	5.6648E-05
115.46	0.000101286
115.48	0.000153753
115.5	0.000217882
115.52	0.000306092
115.54	0.000421067
115.56	0.000545392
115.58	0.000665108
115.6	0.000760279
115.62	0.00081594
115.64	0.000822291
115.66	0.000780857
115.68	0.000708162
115.7	0.000628531
115.72	0.000563052
115.74	0.000530668
115.76	0.000534525
115.78	0.000576027
115.8	0.00064374
115.82	0.000728084
115.84	0.000818688
115.86	0.000915559
115.88	0.001036462
115.9	0.001196334
115.92	0.001396832
115.94	0.001642365
115.96	0.001920421
115.98	0.002206895
116	0.002476941
116.02	0.00272504
116.04	0.002958299
116.06	0.003184983
116.08	0.00341657
116.1	0.003650525
116.12	0.003872707
116.14	0.004065134
116.16	0.00420787
116.18	0.004287211
116.2	0.004297985
116.22	0.004251648
116.24	0.004170356
116.26	0.00406762
116.28	0.003954289
116.3	0.003826018
116.32	0.003670016
116.34	0.003473777
116.36	0.003228909
116.38	0.00294106
116.4	0.002622302
116.42	0.002291623
116.44	0.001974819
116.46	0.00168318
116.48	0.001403586
116.5	0.001151373
116.52	0.000930882
116.54	0.000746294
116.56	0.000601549
116.58	0.000508233
116.6	0.000471546
116.62	0.000486402
116.64	0.000535951
116.66	0.000604534
116.68	0.000675772
116.7	0.000738467
116.72	0.000770599
116.74	0.000767448
116.76	0.000730983
116.78	0.000668027
116.8	0.000594146
116.82	0.000523704
116.84	0.000455114
116.86	0.000384599
116.88	0.000301899
116.9	0.000198776
116.92	6.4978E-05
116.94	-7.39478E-05
116.96	-0.000195254
116.98	-0.000297655
117	-0.00036504
117.02	-0.000390644
117.04	-0.000379192
117.06	-0.000339009
117.08	-0.000281425
117.1	-0.000207211
117.12	-0.000112958
117.14	7.67327E-06
117.16	0.000146627
117.18	0.000293736
117.2	0.000456388
117.22	0.000619157
117.24	0.000774071
117.26	0.000913558
117.28	0.001039497
117.3	0.001167708
117.32	0.001295903
117.34	0.001429818
117.36	0.001581986
117.38	0.001754562
117.4	0.001945279
117.42	0.002150701
117.44	0.002345016
117.46	0.002516764
117.48	0.002668049
117.5	0.002789605
117.52	0.002877822
117.54	0.002952897
117.56	0.003028901
117.58	0.003113551
117.6	0.003214434
117.62	0.003334137
117.64	0.003466657
117.66	0.003607729
117.68	0.003743822
117.7	0.003859531
117.72	0.003945798
117.74	0.003997218
117.76	0.004009566
117.78	0.003975914
117.8	0.003887435
117.82	0.003755399
117.84	0.003591685
117.86	0.003415398
117.88	0.003252563
117.9	0.003118504
117.92	0.003020922
117.94	0.002956826
117.96	0.002905571
117.98	0.002853561
118	0.002784726
118.02	0.002703935
118.04	0.002621043
118.06	0.002548601
118.08	0.002486732
118.1	0.002437568
118.12	0.002405698
118.14	0.002381495
118.16	0.002347985
118.18	0.002303968
118.2	0.00224345
118.22	0.002171387
118.24	0.002097007
118.26	0.00203159
118.28	0.001985902
118.3	0.001955863
118.32	0.001926621
118.34	0.001877486
118.36	0.001801904
118.38	0.001708226
118.4	0.001610646
118.42	0.001519748
118.44	0.00145227
118.46	0.001417674
118.48	0.001410355
118.5	0.001414392
118.52	0.001418828
118.54	0.001415696
118.56	0.001393792
118.58	0.001341636
118.6	0.001251708
118.62	0.001124303
118.64	0.000966768
118.66	0.000782667
118.68	0.000570447
118.7	0.000342694
118.72	0.000130752
118.74	-4.89023E-05
118.76	-0.000201995
118.78	-0.000339192
118.8	-0.000464924
118.82	-0.000580614
118.84	-0.000687636
118.86	-0.000777954
118.88	-0.000831806
118.9	-0.000833373
118.92	-0.000789271
118.94	-0.000729718
118.96	-0.000676556
118.98	-0.000642764
119	-0.000641734
119.02	-0.000676671
119.04	-0.000735497
119.06	-0.000794974
119.08	-0.000835898
119.1	-0.000856578
119.12	-0.000868461
119.14	-0.000886939
119.16	-0.000918519
119.18	-0.000965823
119.2	-0.001028825
119.22	-0.001098967
119.24	-0.00115946
119.26	-0.001190898
119.28	-0.001184975
119.3	-0.0011307
119.32	-0.00101032
119.34	-0.000824716
119.36	-0.000592243
119.38	-0.000337743
119.4	-9.60598E-05
119.42	0.000105315
119.44	0.000266457
119.46	0.000406441
119.48	0.000551223
119.5	0.000724295
119.52	0.000942197
119.54	0.001205081
119.56	0.001487486
119.58	0.00177114
119.6	0.002031699
119.62	0.002255519
119.64	0.002447102
119.66	0.002618321
119.68	0.002791753
119.7	0.002991605
119.72	0.003234408
119.74	0.003510696
119.76	0.003787876
119.78	0.00403877
119.8	0.00424504
119.82	0.004397356
119.84	0.004504796
119.86	0.004589989
119.88	0.004678173
119.9	0.004781901
119.92	0.004897583
119.94	0.005009486
119.96	0.005100856
119.98	0.005158329
120	0.005170069
120.02	0.005131322
120.04	0.005049595
120.06	0.004938065
120.08	0.004810691
120.1	0.004673566
120.12	0.004518733
120.14	0.004356356
120.16	0.004188166
120.18	0.004005022
120.2	0.00380532
120.22	0.00360058
120.24	0.003404385
120.26	0.003222078
120.28	0.003062001
120.3	0.002931106
120.32	0.002848104
120.34	0.002815223
120.36	0.002806106
120.38	0.002800631
120.4	0.002789972
120.42	0.002759969
120.44	0.002701311
120.46	0.002611945
120.48	0.002493878
120.5	0.002346952
120.52	0.002175684
120.54	0.001990276
120.56	0.001797121
120.58	0.001603418
120.6	0.001434357
120.62	0.001297424
120.64	0.0011907
120.66	0.001109232
120.68	0.001062028
120.7	0.001056954
120.72	0.001096072
120.74	0.001180562
120.76	0.001309938
120.78	0.001476666
120.8	0.00166104
120.82	0.001842106
120.84	0.002009656
120.86	0.00215031
120.88	0.002266868
120.9	0.00236817
120.92	0.002463724
120.94	0.002566534
120.96	0.002691236
120.98	0.002848498
121	0.003026745
121.02	0.003207519
121.04	0.003366211
121.06	0.003492185
121.08	0.0035841
121.1	0.003649362
121.12	0.003708734
121.14	0.003789223
121.16	0.003896945
121.18	0.004022367
121.2	0.004138864
121.22	0.004220806
121.24	0.004254686
121.26	0.004251778
121.28	0.004237466
121.3	0.004254279
121.32	0.004351295
121.34	0.004552317
121.36	0.00484367
121.38	0.005187955
121.4	0.005538178
121.42	0.005851584
121.44	0.006102037
121.46	0.006266201
121.48	0.006321019
121.5	0.006266835
121.52	0.006121814
121.54	0.005900754
121.56	0.00563387
121.58	0.005353518
121.6	0.00508461
121.62	0.004834711
121.64	0.004611625
121.66	0.004419274
121.68	0.00425958
121.7	0.004136985
121.72	0.00405303
121.74	0.004010721
121.76	0.004012006
121.78	0.004042503
121.8	0.004081197
121.82	0.004117109
121.84	0.004147949
121.86	0.004158163
121.88	0.004134574
121.9	0.004084192
121.92	0.004012245
121.94	0.003924301
121.96	0.00383704
121.98	0.003777016
122	0.003751593
122.02	0.003744977
122.04	0.003732548
122.06	0.003667809
122.08	0.003523717
122.1	0.003302221
122.12	0.003003536
122.14	0.002639113
122.16	0.002233597
122.18	0.001806724
122.2	0.001372893
122.22	0.000943288
122.24	0.000541933
122.26	0.000207061
122.28	-5.5563E-05
122.3	-0.000243701
122.32	-0.000356891
122.34	-0.000399406
122.36	-0.000367484
122.38	-0.000259767
122.4	-8.43735E-05
122.42	0.000141741
122.44	0.000396156
122.46	0.000634847
122.48	0.000812415
122.5	0.000941795
122.52	0.001023672
122.54	0.001060949
122.56	0.001070602
122.58	0.001070508
122.6	0.001068339
122.62	0.001054211
122.64	0.001025733
122.66	0.000982084
122.68	0.000930221
122.7	0.000880848
122.72	0.00084759
122.74	0.000839627
122.76	0.000859049
122.78	0.000891004
122.8	0.000923956
122.82	0.000956584
122.84	0.000985113
122.86	0.001001074
122.88	0.001006656
122.9	0.001003651
122.92	0.001005728
122.94	0.001008052
122.96	0.000996804
122.98	0.000944314
123	0.000828764
123.02	0.000644479
123.04	0.000407838
123.06	0.000162477
123.08	-4.59665E-05
123.1	-0.000203674
123.12	-0.000321431
123.14	-0.000396263
123.16	-0.000446776
123.18	-0.000489681
123.2	-0.00052977
123.22	-0.000567749
123.24	-0.000592593
123.26	-0.000583805
123.28	-0.000533174
123.3	-0.000445521
123.32	-0.000315075
123.34	-0.000171432
123.36	-3.30936E-05
123.38	8.86668E-05
123.4	0.00020071
123.42	0.000311561
123.44	0.00042411
123.46	0.000535843
123.48	0.000629413
123.5	0.000687974
123.52	0.000702306
123.54	0.000668353
123.56	0.000590546
123.58	0.000491575
123.6	0.000402466
123.62	0.00033089
123.64	0.000286887
123.66	0.000272743
123.68	0.000290452
123.7	0.000345993
123.72	0.000443523
123.74	0.000580421
123.76	0.000763189
123.78	0.000993504
123.8	0.001267459
123.82	0.001578911
123.84	0.001923225
123.86	0.00228127
123.88	0.002632032
123.9	0.002947769
123.92	0.003229097
123.94	0.003466413
123.96	0.003664291
123.98	0.003825231
124	0.003951399
124.02	0.004043944
124.04	0.004114702
124.06	0.004168219
124.08	0.004205421
124.1	0.004238464
124.12	0.004289305
124.14	0.004363977
124.16	0.004456437
124.18	0.004552092
124.2	0.004638149
124.22	0.004693228
124.24	0.004706901
124.26	0.004680029
124.28	0.004623679
124.3	0.004558304
124.32	0.004508363
124.34	0.004488146
124.36	0.004481126
124.38	0.004463202
124.4	0.004414838
124.42	0.004317793
124.44	0.004159272
124.46	0.003926966
124.48	0.003650342
124.5	0.003341723
124.52	0.003025118
124.54	0.002707681
124.56	0.002389761
124.58	0.002059191
124.6	0.001705676
124.62	0.001336518
124.64	0.000962854
124.66	0.000608414
124.68	0.000317508
124.7	0.00011449
124.72	3.34789E-06
124.74	-3.24805E-05
124.76	-2.23821E-05
124.78	-1.61751E-05
124.8	-6.40987E-05
124.82	-0.000193922
124.84	-0.000388423
124.86	-0.000623217
124.88	-0.0008491
124.9	-0.001027483
124.92	-0.001136697
124.94	-0.001176094
124.96	-0.001153092
124.98	-0.001100497
125	-0.001057254
125.02	-0.001047983
125.04	-0.00108595
125.06	-0.001176156
125.08	-0.001309669
125.1	-0.001446798
125.12	-0.001561472
125.14	-0.001629886
125.16	-0.001625193
125.18	-0.001546459
125.2	-0.001396029
125.22	-0.00117693
125.24	-0.00091066
125.26	-0.000631601
125.28	-0.000350445
125.3	-5.95228E-05
125.32	0.000240346
125.34	0.000548654
125.36	0.000871808
125.38	0.001215015
125.4	0.001575861
125.42	0.001935395
125.44	0.002262211
125.46	0.002535403
125.48	0.002726989
125.5	0.002832687
125.52	0.002870778
125.54	0.002865714
125.56	0.002845677
125.58	0.002837677
125.6	0.0028428
125.62	0.002850495
125.64	0.002843876
125.66	0.002807651
125.68	0.002747016
125.7	0.002678115
125.72	0.002627154
125.74	0.002607949
125.76	0.002628455
125.78	0.0026886
125.8	0.002767852
125.82	0.002833032
125.84	0.002853461
125.86	0.002813443
125.88	0.002706057
125.9	0.002536966
125.92	0.002329842
125.94	0.002110827
125.96	0.001895841
125.98	0.001686037
126	0.001479529
126.02	0.001259372
126.04	0.001014339
126.06	0.000741688
126.08	0.000444531
126.1	0.000135682
126.12	-0.000166201
126.14	-0.000441961
126.16	-0.000665801
126.18	-0.000833237
126.2	-0.000958623
126.22	-0.001052463
126.24	-0.00111983
126.26	-0.001159998
126.28	-0.001165916
126.3	-0.001124009
126.32	-0.001029559
126.34	-0.000900116
126.36	-0.000751994
126.38	-0.000615782
126.4	-0.000519863
126.42	-0.000478472
126.44	-0.000503539
126.46	-0.00058266
126.48	-0.000691898
126.5	-0.000798622
126.52	-0.000886054
126.54	-0.000942379
126.56	-0.000952058
126.58	-0.000924863
126.6	-0.000872528
126.62	-0.000798384
126.64	-0.000710413
126.66	-0.000624724
126.68	-0.000554841
126.7	-0.000496915
126.72	-0.00044181
126.74	-0.000379475
126.76	-0.000291834
126.78	-0.000160914
126.8	2.34106E-05
126.82	0.000267435
126.84	0.000557822
126.86	0.000873168
126.88	0.001192344
126.9	0.001493909
126.92	0.001744041
126.94	0.001900442
126.96	0.001943049
126.98	0.001860533
127	0.001664549
127.02	0.00138746
127.04	0.001066742
127.06	0.000753451
127.08	0.000465932
127.1	0.000215808
127.12	1.10687E-05
127.14	-0.000136027
127.16	-0.000216936
127.18	-0.000220631
127.2	-0.000136193
127.22	1.75116E-05
127.24	0.000211255
127.26	0.000421024
127.28	0.000609368
127.3	0.000752568
127.32	0.000853655
127.34	0.000931328
127.36	0.001008929
127.38	0.00111164
127.4	0.00125737
127.42	0.001447172
127.44	0.001661082
127.46	0.001876979
127.48	0.002076547
127.5	0.002237337
127.52	0.002332586
127.54	0.002363212
127.56	0.002340786
127.58	0.002287944
127.6	0.002236133
127.62	0.002222267
127.64	0.002270051
127.66	0.002384997
127.68	0.002553774
127.7	0.002760026
127.72	0.003005875
127.74	0.003274183
127.76	0.003552416
127.78	0.003841826
127.8	0.00412969
127.82	0.004404001
127.84	0.004660064
127.86	0.004871781
127.88	0.005011998
127.9	0.005050381
127.92	0.004963267
127.94	0.004740383
127.96	0.004417021
127.98	0.004053951
128	0.003677629
128.02	0.003312867
128.04	0.002975321
128.06	0.002669184
128.08	0.0023857
128.1	0.002112778
128.12	0.001853595
128.14	0.0016157
128.16	0.001397627
128.18	0.001192797
128.2	0.001001915
128.22	0.000822374
128.24	0.000646176
128.26	0.000476223
128.28	0.000327673
128.3	0.000219635
128.32	0.000159922
128.34	0.000151717
128.36	0.000186973
128.38	0.000243074
128.4	0.000301175
128.42	0.000344055
128.44	0.000358605
128.46	0.000349287
128.48	0.000326156
128.5	0.000298174
128.52	0.000257844
128.54	0.000205482
128.56	0.000136471
128.58	4.59271E-05
128.6	-6.39983E-05
128.62	-0.000187802
128.64	-0.000320418
128.66	-0.000452908
128.68	-0.000574236
128.7	-0.000673758
128.72	-0.000781008
128.74	-0.000883631
128.76	-0.000983611
128.78	-0.001088993
128.8	-0.001195571
128.82	-0.001305279
128.84	-0.00141752
128.86	-0.001531155
128.88	-0.001648078
128.9	-0.001766823
128.92	-0.001882291
128.94	-0.00195582
128.96	-0.001988959
128.98	-0.00197372
129	-0.001907698
129.02	-0.001790118
129.04	-0.001621779
129.06	-0.001409164
129.08	-0.00115944
129.1	-0.00086962
129.12	-0.000533536
129.14	-0.000160131
129.16	0.000220051
129.18	0.000577906
129.2	0.000889958
129.22	0.001142096
129.24	0.001325649
129.26	0.00144756
129.28	0.001530692
129.3	0.001601864
129.32	0.001677954
129.34	0.001757312
129.36	0.001843672
129.38	0.001939778
129.4	0.002038218
129.42	0.002133497
129.44	0.002214722
129.46	0.00226998
129.48	0.002288078
129.5	0.002265965
129.52	0.002213445
129.54	0.002150614
129.56	0.002105262
129.58	0.002098836
129.6	0.00214048
129.62	0.00223404
129.64	0.002374503
129.66	0.002544864
129.68	0.002725093
129.7	0.002875386
129.72	0.003013021
129.74	0.0031492
129.76	0.003276058
129.78	0.003378133
129.8	0.003437085
129.82	0.003427775
129.84	0.003340421
129.86	0.003186194
129.88	0.002990017
129.9	0.002790254
129.92	0.002654987
129.94	0.00255589
129.96	0.002483032
129.98	0.00241543
130	0.002343473
130.02	0.002276585
130.04	0.002225067
130.06	0.00220646
130.08	0.002240836
130.1	0.002341957
130.12	0.002508727
130.14	0.002716862
130.16	0.002941822
130.18	0.003160038
130.2	0.003333467
130.22	0.003433825
130.24	0.003468148
130.26	0.003454012
130.28	0.003408572
130.3	0.003338833
130.32	0.003249177
130.34	0.003141584
130.36	0.003020873
130.38	0.002885608
130.4	0.002748316
130.42	0.002624728
130.44	0.002514006
130.46	0.002418368
130.48	0.002340308
130.5	0.002287015
130.52	0.002262032
130.54	0.002282687
130.56	0.002358037
130.58	0.002473865
130.6	0.002622005
130.62	0.002802452
130.64	0.003005947
130.66	0.003220437
130.68	0.003436633
130.7	0.00365479
130.72	0.003863222
130.74	0.004049451
130.76	0.004188001
130.78	0.004275589
130.8	0.0043075
130.82	0.004292504
130.84	0.004234704
130.86	0.004135261
130.88	0.003994244
130.9	0.003811512
130.92	0.003596485
130.94	0.003359717
130.96	0.003130455
130.98	0.002930411
131	0.002772475
131.02	0.002662782
131.04	0.002607662
131.06	0.002620816
131.08	0.002710033
131.1	0.002865503
131.12	0.003073909
131.14	0.003311377
131.16	0.003554769
131.18	0.003780559
131.2	0.003970624
131.22	0.004093273
131.24	0.004134753
131.26	0.004086756
131.28	0.003959419
131.3	0.003783242
131.32	0.003611677
131.34	0.003473102
131.36	0.003378717
131.38	0.003318049
131.4	0.003285708
131.42	0.003267433
131.44	0.003243212
131.46	0.003189698
131.48	0.00310314
131.5	0.002984979
131.52	0.002846625
131.54	0.002710639
131.56	0.002593305
131.58	0.002486422
131.6	0.002393444
131.62	0.002311449
131.64	0.002260019
131.66	0.002259755
131.68	0.00232168
131.7	0.002445241
131.72	0.002620371
131.74	0.002816774
131.76	0.003006336
131.78	0.003169735
131.8	0.003281328
131.82	0.003316785
131.84	0.003270851
131.86	0.003156228
131.88	0.002989982
131.9	0.002781077
131.92	0.002537189
131.94	0.002263503
131.96	0.001979048
131.98	0.001735599
132	0.00156885
132.02	0.001505469
132.04	0.001555604
132.06	0.00171327
132.08	0.001962652
132.1	0.002261426
132.12	0.002562832
132.14	0.002825704
132.16	0.003012443
132.18	0.003093813
132.2	0.003064254
132.22	0.002949502
132.24	0.002780778
132.26	0.002571712
132.28	0.002328033
132.3	0.00205063
132.32	0.001742078
132.34	0.001394602
132.36	0.001009884
132.38	0.000590757
132.4	0.000138557
132.42	-0.000333379
132.44	-0.000819523
132.46	-0.001309809
132.48	-0.001787738
132.5	-0.002233036
132.52	-0.002626138
132.54	-0.002949617
132.56	-0.003179086
132.58	-0.003301559
132.6	-0.00331166
132.62	-0.003233626
132.64	-0.003096278
132.66	-0.002929717
132.68	-0.002781325
132.7	-0.002639784
132.72	-0.002484185
132.74	-0.002306526
132.76	-0.002110461
132.78	-0.001924432
132.8	-0.001801495
132.82	-0.001772151
132.84	-0.001827297
132.86	-0.001956963
132.88	-0.002140444
132.9	-0.002340353
132.92	-0.002521408
132.94	-0.002658484
132.96	-0.002725188
132.98	-0.00271414
133	-0.002629075
133.02	-0.002492581
133.04	-0.002332968
133.06	-0.002173768
133.08	-0.002024056
133.1	-0.001885855
133.12	-0.001757022
133.14	-0.001614
133.16	-0.00144092
133.18	-0.001238277
133.2	-0.001002609
133.22	-0.000746886
133.24	-0.000479236
133.26	-0.000200924
133.28	9.36055E-05
133.3	0.000410574
133.32	0.000756956
133.34	0.001140171
133.36	0.001556341
133.38	0.001969417
133.4	0.002365585
133.42	0.002723099
133.44	0.003030412
133.46	0.003288306
133.48	0.003498642
133.5	0.003671146
133.52	0.003828471
133.54	0.003992903
133.56	0.004185743
133.58	0.004409007
133.6	0.004657187
133.62	0.004931564
133.64	0.005215161
133.66	0.005474462
133.68	0.005694347
133.7	0.005861181
133.72	0.00596608
133.74	0.005995295
133.76	0.005943248
133.78	0.005815985
133.8	0.005629112
133.82	0.005398824
133.84	0.005165009
133.86	0.004943906
133.88	0.004751668
133.9	0.004596938
133.92	0.004463579
133.94	0.00432617
133.96	0.004179903
133.98	0.004031968
134	0.003889834
134.02	0.003764338
134.04	0.003645748
134.06	0.003525866
134.08	0.003390815
134.1	0.003228574
134.12	0.003039437
134.14	0.002840845
134.16	0.002648332
134.18	0.002467242
134.2	0.002294001
134.22	0.002116411
134.24	0.001921372
134.26	0.001698441
134.28	0.001455803
134.3	0.001199329
134.32	0.000948308
134.34	0.00072102
134.36	0.000529613
134.38	0.000375224
134.4	0.000254886
134.42	0.000172667
134.44	0.000137969
134.46	0.000146243
134.48	0.000190958
134.5	0.000263109
134.52	0.000359994
134.54	0.000465105
134.56	0.000543441
134.58	0.000584753
134.6	0.000595582
134.62	0.000589197
134.64	0.000581357
134.66	0.00058187
134.68	0.000600352
134.7	0.000639315
134.72	0.000695868
134.74	0.000749497
134.76	0.000791749
134.78	0.00084063
134.8	0.000897598
134.82	0.000955006
134.84	0.001007398
134.86	0.001054629
134.88	0.001081591
134.9	0.001080284
134.92	0.001065774
134.94	0.001058653
134.96	0.001069169
134.98	0.001097606
135	0.001142831
135.02	0.001204269
135.04	0.001277843
135.06	0.001361913
135.08	0.001453253
135.1	0.001560033
135.12	0.001682516
135.14	0.001816145
135.16	0.001948385
135.18	0.002072063
135.2	0.002187451
135.22	0.002290458
135.24	0.002389421
135.26	0.002480076
135.28	0.002560073
135.3	0.002634229
135.32	0.002698236
135.34	0.002755115
135.36	0.002808584
135.38	0.002866745
135.4	0.002930592
135.42	0.002997044
135.44	0.003067375
135.46	0.003135414
135.48	0.003198508
135.5	0.003256052
135.52	0.003299741
135.54	0.003324355
135.56	0.003329829
135.58	0.003306219
135.6	0.003250852
135.62	0.003176919
135.64	0.003100179
135.66	0.003017126
135.68	0.00292812
135.7	0.002829459
135.72	0.00272557
135.74	0.002620097
135.76	0.002513589
135.78	0.002392257
135.8	0.002269528
135.82	0.002144567
135.84	0.002011553
135.86	0.001864551
135.88	0.001712722
135.9	0.001561544
135.92	0.001415168
135.94	0.001273159
135.96	0.001137364
135.98	0.001012026
136	0.000907679
136.02	0.000818343
136.04	0.000745304
136.06	0.000690035
136.08	0.000651672
136.1	0.000622568
136.12	0.000603064
136.14	0.000594006
136.16	0.000591185
136.18	0.000592414
136.2	0.00059511
136.22	0.000599189
136.24	0.000605826
136.26	0.00061418
136.28	0.000623641
136.3	0.000635989
136.32	0.000655874
136.34	0.000679348
136.36	0.000703041
136.38	0.00073569
136.4	0.000783138
136.42	0.000845647
136.44	0.000921777
136.46	0.001007077
136.48	0.001093581
136.5	0.001178795
136.52	0.001262287
136.54	0.001342335
136.56	0.001419154
136.58	0.001495535
136.6	0.001567346
136.62	0.001632095
136.64	0.001695001
136.66	0.001758336
136.68	0.00182372
136.7	0.001896881
136.72	0.00197457
136.74	0.002050997
136.76	0.002123581
136.78	0.002193338
136.8	0.002262018
136.82	0.002330953
136.84	0.002398444
136.86	0.002461067
136.88	0.00251669
136.9	0.00256625
136.92	0.002608583
136.94	0.002646111
136.96	0.002680449
136.98	0.002712017
137	0.002740138
137.02	0.002765156
137.04	0.002784861
137.06	0.002799048
137.08	0.002808077
137.1	0.002810888
137.12	0.002805223
137.14	0.002789973
137.16	0.002765928
137.18	0.002734144
137.2	0.002696464
137.22	0.002651512
137.24	0.002592441
137.26	0.002521247
137.28	0.002440634
137.3	0.002352736
137.32	0.002260486
137.34	0.002167542
137.36	0.00207498
137.38	0.001982542
137.4	0.001891355
137.42	0.001801094
137.44	0.001712837
137.46	0.001629964
137.48	0.001550044
137.5	0.001470215
137.52	0.001390123
137.54	0.001311994
137.56	0.001237482
137.58	0.001168407
137.6	0.001107434
137.62	0.001053309
137.64	0.001006236
137.66	0.000966196
137.68	0.000934113
137.7	0.000911421
137.72	0.000898056
137.74	0.000892764
137.76	0.000892976
137.78	0.000897147
137.8	0.000905281
137.82	0.000917032
137.84	0.000932641
137.86	0.00095228
137.88	0.000975068
137.9	0.001000485
137.92	0.001028732
137.94	0.001060777
137.96	0.001098557
137.98	0.001142116
138	0.001189805
138.02	0.001240005
138.04	0.001291983
138.06	0.001346081
138.08	0.001403643
138.1	0.001465205
138.12	0.001528879
138.14	0.001593927
138.16	0.001658975
138.18	0.001721689
138.2	0.001781236
138.22	0.001838123
138.24	0.001892544
138.26	0.001944903
138.28	0.001996614
138.3	0.002047411
138.32	0.002098755
138.34	0.00215207
138.36	0.002206822
138.38	0.002261591
138.4	0.00231505
138.42	0.002366171
138.44	0.002413921
138.46	0.002457947
138.48	0.002497423
138.5	0.002530318
138.52	0.002556082
138.54	0.002574267
138.56	0.002585215
138.58	0.002589726
138.6	0.002588786
138.62	0.002582908
138.64	0.002572224
138.66	0.002556853
138.68	0.002536727
138.7	0.002511838
138.72	0.002482745
138.74	0.002449672
138.76	0.002411547
138.78	0.002367802
138.8	0.002318233
138.82	0.002263606
138.84	0.002205723
138.86	0.00214558
138.88	0.002083019
138.9	0.002018618
138.92	0.001952677
138.94	0.001885532
138.96	0.001817891
138.98	0.001750988
139	0.001685611
139.02	0.001622544
139.04	0.001562323
139.06	0.001505406
139.08	0.001452213
139.1	0.001403043
139.12	0.001357164
139.14	0.001314306
139.16	0.001274395
139.18	0.00123746
139.2	0.001204207
139.22	0.001175905
139.24	0.001153503
139.26	0.001136706
139.28	0.00112517
139.3	0.001119152
139.32	0.001118674
139.34	0.001124119
139.36	0.001134924
139.38	0.001150126
139.4	0.001168631
139.42	0.001189339
139.44	0.001211732
139.46	0.001235456
139.48	0.001261123
139.5	0.001288805
139.52	0.001317737
139.54	0.001348402
139.56	0.00138101
139.58	0.001416019
139.6	0.001454041
139.62	0.001495439
139.64	0.00153995
139.66	0.001586563
139.68	0.001634058
139.7	0.00168168
139.72	0.001729722
139.74	0.001778729
139.76	0.00182839
139.78	0.001878058
139.8	0.001927475
139.82	0.001976662
139.84	0.002025436
139.86	0.002073507
139.88	0.002120445
139.9	0.002165821
139.92	0.002209069
139.94	0.002249537
139.96	0.002286816
139.98	0.002320888
140	0.002351826
140.02	0.002378968
140.04	0.002401256
140.06	0.002417813
140.08	0.002428313
140.1	0.002432785
140.12	0.002431543
140.14	0.002424783
140.16	0.002412876
140.18	0.002396339
140.2	0.002375651
140.22	0.002351598
140.24	0.002324918
140.26	0.002296218
140.28	0.002265642
140.3	0.002233143
140.32	0.002198739
140.34	0.00216231
140.36	0.002123786
140.38	0.00208313
140.4	0.002040086
140.42	0.001994948
140.44	0.001947734
140.46	0.001898823
140.48	0.001848946
140.5	0.001799077
140.52	0.001750018
140.54	0.001702374
140.56	0.00165661
140.58	0.001613037
140.6	0.001571946
140.62	0.001533613
140.64	0.00149789
140.66	0.001464687
140.68	0.001434085
140.7	0.001406373
140.72	0.001381669
140.74	0.001360094
140.76	0.001341586
140.78	0.001326025
140.8	0.001313484
140.82	0.001303901
140.84	0.001297183
140.86	0.001293455
140.88	0.001292922
140.9	0.001295551
140.92	0.001301146
140.94	0.00130965
140.96	0.00132108
140.98	0.00133543
141	0.00135252
141.02	0.001371903
141.04	0.001393375
141.06	0.001416804
141.08	0.001442223
141.1	0.001469884
141.12	0.001500112
141.14	0.00153305
141.16	0.001568474
141.18	0.001606442
141.2	0.001646616
141.22	0.001688883
141.24	0.001732958
141.26	0.001778316
141.28	0.001824285
141.3	0.001870081
141.32	0.001914778
141.34	0.001957799
141.36	0.001998714
141.38	0.0020374
141.4	0.002073492
141.42	0.002106863
141.44	0.002137348
141.46	0.002164941
141.48	0.002189757
141.5	0.002212006
141.52	0.002231614
141.54	0.00224837
141.56	0.002261935
141.58	0.00227208
141.6	0.002278642
141.62	0.002281654
141.64	0.002281177
141.66	0.002277325
141.68	0.002270223
141.7	0.002259934
141.72	0.002246475
141.74	0.002230026
141.76	0.002210866
141.78	0.002189186
141.8	0.002165172
141.82	0.002139114
141.84	0.002111255
141.86	0.002081896
141.88	0.002051374
141.9	0.002019823
141.92	0.001987356
141.94	0.001954087
141.96	0.00192018
141.98	0.001885779
142	0.001851095
142.02	0.001816233
142.04	0.001781359
142.06	0.001747
142.08	0.001713431
142.1	0.001680945
142.12	0.001649725
142.14	0.001619899
142.16	0.001591639
142.18	0.00156482
142.2	0.001539517
142.22	0.001515798
142.24	0.001493698
142.26	0.00147327
142.28	0.001454316
142.3	0.001437005
142.32	0.001421617
142.34	0.001408561
142.36	0.001398164
142.38	0.001390683
142.4	0.001386442
142.42	0.001385539
142.44	0.00138805
142.46	0.001394046
142.48	0.001403518
142.5	0.001416294
142.52	0.001431969
142.54	0.001450111
142.56	0.001470446
142.58	0.001492901
142.6	0.001517344
142.62	0.001543659
142.64	0.00157169
142.66	0.001601133
142.68	0.001631629
142.7	0.001662918
142.72	0.001694903
142.74	0.001727532
142.76	0.001760701
142.78	0.0017941
142.8	0.00182737
142.82	0.00186025
142.84	0.001892503
142.86	0.001923902
142.88	0.001954193
142.9	0.001983026
142.92	0.002010104
142.94	0.002035166
142.96	0.002058048
142.98	0.002078725
143	0.002097229
143.02	0.002113618
143.04	0.002127829
143.06	0.002139768
143.08	0.002149421
143.1	0.002156766
143.12	0.002161851
143.14	0.002164644
143.16	0.002165027
143.18	0.002162937
143.2	0.002158315
143.22	0.002151232
143.24	0.002141792
143.26	0.002130179
143.28	0.002116612
143.3	0.002101283
143.32	0.002084451
143.34	0.00206635
143.36	0.002047183
143.38	0.00202708
143.4	0.002006072
143.42	0.001984114
143.44	0.001961136
143.46	0.001937119
143.48	0.001912076
143.5	0.001886062
143.52	0.001859152
143.54	0.001831528
143.56	0.001803376
143.58	0.001774923
143.6	0.00174641
143.62	0.001718093
143.64	0.001690255
143.66	0.001663132
143.68	0.001637002
143.7	0.001612208
143.72	0.001589085
143.74	0.00156788
143.76	0.001548685
143.78	0.001531582
143.8	0.001516658
143.82	0.00150398
143.84	0.001493603
143.86	0.001485544
143.88	0.001479833
143.9	0.001476468
143.92	0.001475378
143.94	0.001476577
143.96	0.001480135
143.98	0.001486091
144	0.001494412
144.02	0.001504961
144.04	0.001517573
144.06	0.001532072
144.08	0.001548294
144.1	0.001566072
144.12	0.001585217
144.14	0.001605531
144.16	0.001626768
144.18	0.001648751
144.2	0.001671394
144.22	0.001694616
144.24	0.001718402
144.26	0.001742683
144.28	0.001767339
144.3	0.001792208
144.32	0.001817096
144.34	0.001841796
144.36	0.001866063
144.38	0.001889636
144.4	0.001912272
144.42	0.001933758
144.44	0.001953945
144.46	0.001972751
144.48	0.001990143
144.5	0.002006095
144.52	0.002020572
144.54	0.002033534
144.56	0.002044963
144.58	0.00205488
144.6	0.002063325
144.62	0.002070297
144.64	0.00207576
144.66	0.002079684
144.68	0.002082001
144.7	0.00208265
144.72	0.00208157
144.74	0.002078685
144.76	0.002073942
144.78	0.002067293
144.8	0.002058709
144.82	0.002048219
144.84	0.002035897
144.86	0.002021859
144.88	0.002006242
144.9	0.001989187
144.92	0.001970845
144.94	0.001951391
144.96	0.001931002
144.98	0.0019098
145	0.001887925
145.02	0.001865517
145.04	0.001842708
145.06	0.001819647
145.08	0.00179649
145.1	0.001773412
145.12	0.001750607
145.14	0.001728268
145.16	0.001706634
145.18	0.001685956
145.2	0.001666467
145.22	0.001648347
145.24	0.001631699
145.26	0.001616594
145.28	0.001603058
145.3	0.001591085
145.32	0.001580678
145.34	0.001571848
145.36	0.001564606
145.38	0.001558947
145.4	0.00155488
145.42	0.001552451
145.44	0.001551703
145.46	0.001552663
145.48	0.001555339
145.5	0.001559703