0	0
0.02	1.3252E-11
0.04	9.70844E-11
0.06	3.21691E-10
0.08	7.56057E-10
0.1	1.46226E-09
0.12	2.47711E-09
0.14	3.79896E-09
0.16	5.41718E-09
0.18	7.33067E-09
0.2	9.5326E-09
0.22	1.20187E-08
0.24	1.47823E-08
0.26	1.78185E-08
0.28	2.11203E-08
0.3	2.46816E-08
0.32	2.84954E-08
0.34	3.25542E-08
0.36	3.68505E-08
0.38	4.13766E-08
0.4	4.61244E-08
0.42	5.10856E-08
0.44	5.62521E-08
0.46	6.16144E-08
0.48	6.71633E-08
0.5	7.289E-08
0.52	7.87841E-08
0.54	8.48351E-08
0.56	9.10328E-08
0.58	9.73671E-08
0.6	1.03826E-07
0.62	1.10398E-07
0.64	1.1707E-07
0.66	1.23833E-07
0.68	1.30675E-07
0.7	1.3758E-07
0.72	1.44534E-07
0.74	1.5152E-07
0.76	1.58526E-07
0.78	1.65535E-07
0.8	1.72522E-07
0.82	1.79448E-07
0.84	1.86258E-07
0.86	1.92883E-07
0.88	1.9926E-07
0.9	2.05338E-07
0.92	2.11078E-07
0.94	2.16443E-07
0.96	2.214E-07
0.98	2.25932E-07
1	2.30045E-07
1.02	2.33759E-07
1.04	2.37106E-07
1.06	2.40124E-07
1.08	2.42845E-07
1.1	2.45291E-07
1.12	2.47485E-07
1.14	2.49451E-07
1.16	2.51212E-07
1.18	2.52784E-07
1.2	2.54181E-07
1.22	2.55421E-07
1.24	2.56521E-07
1.26	2.57493E-07
1.28	2.58348E-07
1.3	2.59099E-07
1.32	2.59757E-07
1.34	2.60332E-07
1.36	2.60833E-07
1.38	2.6127E-07
1.4	2.6165E-07
1.42	2.61982E-07
1.44	2.62273E-07
1.46	2.6253E-07
1.48	2.62762E-07
1.5	2.62972E-07
1.52	2.63167E-07
1.54	2.63353E-07
1.56	2.63532E-07
1.58	2.63709E-07
1.6	2.63891E-07
1.62	2.64084E-07
1.64	2.64291E-07
1.66	2.64516E-07
1.68	2.64767E-07
1.7	2.6506E-07
1.72	2.65419E-07
1.74	2.65869E-07
1.76	2.66433E-07
1.78	2.67121E-07
1.8	2.67932E-07
1.82	2.68855E-07
1.84	2.69872E-07
1.86	2.70957E-07
1.88	2.72073E-07
1.9	2.7317E-07
1.92	2.74191E-07
1.94	2.7508E-07
1.96	2.75791E-07
1.98	2.76286E-07
2	2.7653E-07
2.02	2.76494E-07
2.04	2.76154E-07
2.06	2.75488E-07
2.08	2.74479E-07
2.1	2.7311E-07
2.12	2.71369E-07
2.14	2.69243E-07
2.16	2.66718E-07
2.18	2.63789E-07
2.2	2.60448E-07
2.22	2.56687E-07
2.24	2.52498E-07
2.26	2.47879E-07
2.28	2.42823E-07
2.3	2.37326E-07
2.32	2.31385E-07
2.34	2.24996E-07
2.36	2.18156E-07
2.38	2.10862E-07
2.4	2.03113E-07
2.42	1.94908E-07
2.44	1.86247E-07
2.46	1.77126E-07
2.48	1.67547E-07
2.5	1.57507E-07
2.52	1.47005E-07
2.54	1.3604E-07
2.56	1.2461E-07
2.58	1.1271E-07
2.6	1.0033E-07
2.62	8.74587E-08
2.64	7.40896E-08
2.66	6.02252E-08
2.68	4.58771E-08
2.7	3.10633E-08
2.72	1.58074E-08
2.74	1.36682E-10
2.76	-1.59178E-08
2.78	-3.23212E-08
2.8	-4.90374E-08
2.82	-6.60349E-08
2.84	-8.32912E-08
2.86	-1.00795E-07
2.88	-1.18542E-07
2.9	-1.36536E-07
2.92	-1.54781E-07
2.94	-1.73289E-07
2.96	-1.92073E-07
2.98	-2.1115E-07
3	-2.30534E-07
3.02	-2.50243E-07
3.04	-2.70295E-07
3.06	-2.90709E-07
3.08	-3.11505E-07
3.1	-3.32701E-07
3.12	-3.54318E-07
3.14	-3.76373E-07
3.16	-3.98886E-07
3.18	-4.21875E-07
3.2	-4.45359E-07
3.22	-4.69355E-07
3.24	-4.93882E-07
3.26	-5.18956E-07
3.28	-5.44597E-07
3.3	-5.70821E-07
3.32	-5.97646E-07
3.34	-6.25088E-07
3.36	-6.53165E-07
3.38	-6.8189E-07
3.4	-7.11279E-07
3.42	-7.41348E-07
3.44	-7.72109E-07
3.46	-8.03576E-07
3.48	-8.35759E-07
3.5	-8.68667E-07
3.52	-9.02311E-07
3.54	-9.36709E-07
3.56	-9.71883E-07
3.58	-1.00786E-06
3.6	-1.04468E-06
3.62	-1.08236E-06
3.64	-1.12093E-06
3.66	-1.16043E-06
3.68	-1.20087E-06
3.7	-1.24228E-06
3.72	-1.28467E-06
3.74	-1.32804E-06
3.76	-1.37239E-06
3.78	-1.41771E-06
3.8	-1.46399E-06
3.82	-1.5112E-06
3.84	-1.55934E-06
3.86	-1.6084E-06
3.88	-1.65835E-06
3.9	-1.70919E-06
3.92	-1.76091E-06
3.94	-1.8135E-06
3.96	-1.86695E-06
3.98	-1.92125E-06
4	-1.9764E-06
4.02	-2.03239E-06
4.04	-2.08923E-06
4.06	-2.1469E-06
4.08	-2.20542E-06
4.1	-2.26478E-06
4.12	-2.32498E-06
4.14	-2.38603E-06
4.16	-2.44793E-06
4.18	-2.51068E-06
4.2	-2.5743E-06
4.22	-2.63877E-06
4.24	-2.70413E-06
4.26	-2.77036E-06
4.28	-2.83747E-06
4.3	-2.90549E-06
4.32	-2.97441E-06
4.34	-3.04425E-06
4.36	-3.11501E-06
4.38	-3.18671E-06
4.4	-3.25937E-06
4.42	-3.33298E-06
4.44	-3.40755E-06
4.46	-3.48308E-06
4.48	-3.55958E-06
4.5	-3.63704E-06
4.52	-3.71548E-06
4.54	-3.79489E-06
4.56	-3.87528E-06
4.58	-3.95668E-06
4.6	-4.03911E-06
4.62	-4.12258E-06
4.64	-4.20713E-06
4.66	-4.2928E-06
4.68	-4.37962E-06
4.7	-4.46763E-06
4.72	-4.55684E-06
4.74	-4.64729E-06
4.76	-4.739E-06
4.78	-4.832E-06
4.8	-4.92631E-06
4.82	-5.02193E-06
4.84	-5.11888E-06
4.86	-5.21717E-06
4.88	-5.31682E-06
4.9	-5.41783E-06
4.92	-5.52021E-06
4.94	-5.62396E-06
4.96	-5.72908E-06
4.98	-5.83558E-06
5	-5.94346E-06
5.02	-6.05272E-06
5.04	-6.16336E-06
5.06	-6.27538E-06
5.08	-6.38878E-06
5.1	-6.50357E-06
5.12	-6.61973E-06
5.14	-6.73727E-06
5.16	-6.85619E-06
5.18	-6.97649E-06
5.2	-7.09816E-06
5.22	-7.2212E-06
5.24	-7.34561E-06
5.26	-7.47139E-06
5.28	-7.59854E-06
5.3	-7.72705E-06
5.32	-7.85693E-06
5.34	-7.98818E-06
5.36	-8.12082E-06
5.38	-8.25483E-06
5.4	-8.39023E-06
5.42	-8.52701E-06
5.44	-8.66517E-06
5.46	-8.8047E-06
5.48	-8.94558E-06
5.5	-9.08781E-06
5.52	-9.23137E-06
5.54	-9.37625E-06
5.56	-9.52243E-06
5.58	-9.6699E-06
5.6	-9.81865E-06
5.62	-9.96869E-06
5.64	-1.012E-05
5.66	-1.02726E-05
5.68	-1.04265E-05
5.7	-1.05817E-05
5.72	-1.07382E-05
5.74	-1.0896E-05
5.76	-1.10552E-05
5.78	-1.12157E-05
5.8	-1.13775E-05
5.82	-1.15407E-05
5.84	-1.17053E-05
5.86	-1.18713E-05
5.88	-1.20387E-05
5.9	-1.22075E-05
5.92	-1.23777E-05
5.94	-1.25494E-05
5.96	-1.27225E-05
5.98	-1.28971E-05
6	-1.30731E-05
6.02	-1.32505E-05
6.04	-1.34295E-05
6.06	-1.36099E-05
6.08	-1.37917E-05
6.1	-1.39751E-05
6.12	-1.41599E-05
6.14	-1.43462E-05
6.16	-1.4534E-05
6.18	-1.47233E-05
6.2	-1.4914E-05
6.22	-1.51062E-05
6.24	-1.52998E-05
6.26	-1.54949E-05
6.28	-1.56915E-05
6.3	-1.58895E-05
6.32	-1.6089E-05
6.34	-1.62898E-05
6.36	-1.64922E-05
6.38	-1.6696E-05
6.4	-1.69012E-05
6.42	-1.71078E-05
6.44	-1.7316E-05
6.46	-1.75255E-05
6.48	-1.77364E-05
6.5	-1.79488E-05
6.52	-1.81626E-05
6.54	-1.83777E-05
6.56	-1.85941E-05
6.58	-1.88119E-05
6.6	-1.90309E-05
6.62	-1.92512E-05
6.64	-1.94728E-05
6.66	-1.96956E-05
6.68	-1.99195E-05
6.7	-2.01446E-05
6.72	-2.03709E-05
6.74	-2.05983E-05
6.76	-2.08268E-05
6.78	-2.10564E-05
6.8	-2.1287E-05
6.82	-2.15187E-05
6.84	-2.17514E-05
6.86	-2.19851E-05
6.88	-2.22198E-05
6.9	-2.24555E-05
6.92	-2.26921E-05
6.94	-2.29297E-05
6.96	-2.31681E-05
6.98	-2.34075E-05
7	-2.36478E-05
7.02	-2.38889E-05
7.04	-2.41309E-05
7.06	-2.43737E-05
7.08	-2.46173E-05
7.1	-2.48618E-05
7.12	-2.5107E-05
7.14	-2.5353E-05
7.16	-2.55997E-05
7.18	-2.58472E-05
7.2	-2.60954E-05
7.22	-2.63442E-05
7.24	-2.65937E-05
7.26	-2.68438E-05
7.28	-2.70946E-05
7.3	-2.73458E-05
7.32	-2.75977E-05
7.34	-2.785E-05
7.36	-2.81029E-05
7.38	-2.83562E-05
7.4	-2.86101E-05
7.42	-2.88643E-05
7.44	-2.9119E-05
7.46	-2.93741E-05
7.48	-2.96296E-05
7.5	-2.98854E-05
7.52	-3.01416E-05
7.54	-3.0398E-05
7.56	-3.06547E-05
7.58	-3.09117E-05
7.6	-3.11689E-05
7.62	-3.14262E-05
7.64	-3.16836E-05
7.66	-3.19412E-05
7.68	-3.21987E-05
7.7	-3.24563E-05
7.72	-3.27137E-05
7.74	-3.29711E-05
7.76	-3.32283E-05
7.78	-3.34853E-05
7.8	-3.37421E-05
7.82	-3.39985E-05
7.84	-3.42546E-05
7.86	-3.45103E-05
7.88	-3.47655E-05
7.9	-3.50202E-05
7.92	-3.52743E-05
7.94	-3.55277E-05
7.96	-3.57805E-05
7.98	-3.60325E-05
8	-3.62837E-05
8.02	-3.6534E-05
8.04	-3.67835E-05
8.06	-3.70319E-05
8.08	-3.72793E-05
8.1	-3.75256E-05
8.12	-3.77708E-05
8.14	-3.80148E-05
8.16	-3.82575E-05
8.18	-3.84988E-05
8.2	-3.87388E-05
8.22	-3.89773E-05
8.24	-3.92143E-05
8.26	-3.94497E-05
8.28	-3.96834E-05
8.3	-3.99154E-05
8.32	-4.01456E-05
8.34	-4.03739E-05
8.36	-4.06002E-05
8.38	-4.08246E-05
8.4	-4.10468E-05
8.42	-4.12669E-05
8.44	-4.14848E-05
8.46	-4.17004E-05
8.48	-4.19136E-05
8.5	-4.21244E-05
8.52	-4.23327E-05
8.54	-4.25385E-05
8.56	-4.27416E-05
8.58	-4.29421E-05
8.6	-4.31398E-05
8.62	-4.33346E-05
8.64	-4.35265E-05
8.66	-4.37155E-05
8.68	-4.39014E-05
8.7	-4.40841E-05
8.72	-4.42637E-05
8.74	-4.44399E-05
8.76	-4.46127E-05
8.78	-4.47821E-05
8.8	-4.49479E-05
8.82	-4.51101E-05
8.84	-4.52685E-05
8.86	-4.54231E-05
8.88	-4.55738E-05
8.9	-4.57205E-05
8.92	-4.58631E-05
8.94	-4.60014E-05
8.96	-4.61355E-05
8.98	-4.62651E-05
9	-4.63903E-05
9.02	-4.65108E-05
9.04	-4.66266E-05
9.06	-4.67376E-05
9.08	-4.68437E-05
9.1	-4.69447E-05
9.12	-4.70406E-05
9.14	-4.71313E-05
9.16	-4.72166E-05
9.18	-4.72964E-05
9.2	-4.73707E-05
9.22	-4.74393E-05
9.24	-4.75021E-05
9.26	-4.7559E-05
9.28	-4.76099E-05
9.3	-4.76545E-05
9.32	-4.76929E-05
9.34	-4.77249E-05
9.36	-4.77504E-05
9.38	-4.77692E-05
9.4	-4.77812E-05
9.42	-4.77863E-05
9.44	-4.77843E-05
9.46	-4.77752E-05
9.48	-4.77587E-05
9.5	-4.77348E-05
9.52	-4.77033E-05
9.54	-4.76642E-05
9.56	-4.76172E-05
9.58	-4.75622E-05
9.6	-4.74991E-05
9.62	-4.74279E-05
9.64	-4.73482E-05
9.66	-4.72601E-05
9.68	-4.71633E-05
9.7	-4.70578E-05
9.72	-4.69434E-05
9.74	-4.682E-05
9.76	-4.66874E-05
9.78	-4.65455E-05
9.8	-4.63942E-05
9.82	-4.62332E-05
9.84	-4.60626E-05
9.86	-4.58821E-05
9.88	-4.56916E-05
9.9	-4.54909E-05
9.92	-4.528E-05
9.94	-4.50586E-05
9.96	-4.48266E-05
9.98	-4.45839E-05
10	-4.43303E-05
10.02	-4.40657E-05
10.04	-4.37898E-05
10.06	-4.35026E-05
10.08	-4.32039E-05
10.1	-4.28935E-05
10.12	-4.25713E-05
10.14	-4.22371E-05
10.16	-4.18908E-05
10.18	-4.15322E-05
10.2	-4.11612E-05
10.22	-4.07776E-05
10.24	-4.03811E-05
10.26	-3.99718E-05
10.28	-3.95494E-05
10.3	-3.91137E-05
10.32	-3.86646E-05
10.34	-3.82019E-05
10.36	-3.77254E-05
10.38	-3.7235E-05
10.4	-3.67304E-05
10.42	-3.62116E-05
10.44	-3.56783E-05
10.46	-3.51304E-05
10.48	-3.45676E-05
10.5	-3.39898E-05
10.52	-3.33968E-05
10.54	-3.27885E-05
10.56	-3.21646E-05
10.58	-3.15249E-05
10.6	-3.08694E-05
10.62	-3.01977E-05
10.64	-2.95098E-05
10.66	-2.88053E-05
10.68	-2.80842E-05
10.7	-2.73463E-05
10.72	-2.65913E-05
10.74	-2.58191E-05
10.76	-2.50295E-05
10.78	-2.42223E-05
10.8	-2.33973E-05
10.82	-2.25544E-05
10.84	-2.16933E-05
10.86	-2.08139E-05
10.88	-1.99159E-05
10.9	-1.89992E-05
10.92	-1.80637E-05
10.94	-1.7109E-05
10.96	-1.61351E-05
10.98	-1.51417E-05
11	-1.41287E-05
11.02	-1.30958E-05
11.04	-1.20429E-05
11.06	-1.09698E-05
11.08	-9.87624E-06
11.1	-8.76208E-06
11.12	-7.62713E-06
11.14	-6.4712E-06
11.16	-5.29409E-06
11.18	-4.09562E-06
11.2	-2.87561E-06
11.22	-1.63386E-06
11.24	-3.702E-07
11.26	9.15568E-07
11.28	2.22363E-06
11.3	3.55416E-06
11.32	4.90735E-06
11.34	6.28338E-06
11.36	7.68245E-06
11.38	9.10473E-06
11.4	1.05504E-05
11.42	1.20197E-05
11.44	1.35127E-05
11.46	1.50297E-05
11.48	1.65708E-05
11.5	1.81363E-05
11.52	1.97263E-05
11.54	2.13409E-05
11.56	2.29805E-05
11.58	2.46451E-05
11.6	2.6335E-05
11.62	2.80503E-05
11.64	2.97912E-05
11.66	3.1558E-05
11.68	3.33507E-05
11.7	3.51696E-05
11.72	3.70148E-05
11.74	3.88866E-05
11.76	4.07851E-05
11.78	4.27104E-05
11.8	4.46629E-05
11.82	4.66426E-05
11.84	4.86497E-05
11.86	5.06844E-05
11.88	5.27468E-05
11.9	5.48372E-05
11.92	5.69557E-05
11.94	5.91024E-05
11.96	6.12776E-05
11.98	6.34813E-05
12	6.57139E-05
12.02	6.79753E-05
12.04	7.02658E-05
12.06	7.25855E-05
12.08	7.49346E-05
12.1	7.73133E-05
12.12	7.97217E-05
12.14	8.21599E-05
12.16	8.46282E-05
12.18	8.71265E-05
12.2	8.96552E-05
12.22	9.22143E-05
12.24	9.48039E-05
12.26	9.74243E-05
12.28	0.000100075
12.3	0.000102758
12.32	0.000105471
12.34	0.000108215
12.36	0.000110991
12.38	0.000113798
12.4	0.000116637
12.42	0.000119507
12.44	0.000122409
12.46	0.000125344
12.48	0.00012831
12.5	0.000131308
12.52	0.000134338
12.54	0.0001374
12.56	0.000140495
12.58	0.000143622
12.6	0.000146782
12.62	0.000149974
12.64	0.000153199
12.66	0.000156457
12.68	0.000159748
12.7	0.000163071
12.72	0.000166427
12.74	0.000169816
12.76	0.000173238
12.78	0.000176693
12.8	0.000180182
12.82	0.000183703
12.84	0.000187258
12.86	0.000190845
12.88	0.000194466
12.9	0.00019812
12.92	0.000201808
12.94	0.000205528
12.96	0.000209282
12.98	0.000213069
13	0.000216889
13.02	0.000220743
13.04	0.00022463
13.06	0.00022855
13.08	0.000232503
13.1	0.000236489
13.12	0.000240508
13.14	0.00024456
13.16	0.000248645
13.18	0.000252763
13.2	0.000256914
13.22	0.000261098
13.24	0.000265314
13.26	0.000269563
13.28	0.000273845
13.3	0.000278159
13.32	0.000282505
13.34	0.000286884
13.36	0.000291294
13.38	0.000295737
13.4	0.000300211
13.42	0.000304718
13.44	0.000309255
13.46	0.000313824
13.48	0.000318425
13.5	0.000323056
13.52	0.000327718
13.54	0.000332411
13.56	0.000337134
13.58	0.000341888
13.6	0.000346671
13.62	0.000351485
13.64	0.000356328
13.66	0.0003612
13.68	0.000366102
13.7	0.000371032
13.72	0.000375991
13.74	0.000380978
13.76	0.000385993
13.78	0.000391036
13.8	0.000396106
13.82	0.000401204
13.84	0.000406328
13.86	0.000411478
13.88	0.000416654
13.9	0.000421857
13.92	0.000427084
13.94	0.000432336
13.96	0.000437613
13.98	0.000442914
14	0.000448239
14.02	0.000453587
14.04	0.000458958
14.06	0.000464351
14.08	0.000469766
14.1	0.000475203
14.12	0.000480661
14.14	0.000486139
14.16	0.000491637
14.18	0.000497155
14.2	0.000502691
14.22	0.000508246
14.24	0.000513819
14.26	0.000519409
14.28	0.000525016
14.3	0.000530638
14.32	0.000536277
14.34	0.00054193
14.36	0.000547597
14.38	0.000553278
14.4	0.000558972
14.42	0.000564678
14.44	0.000570396
14.46	0.000576124
14.48	0.000581863
14.5	0.000587611
14.52	0.000593368
14.54	0.000599132
14.56	0.000604904
14.58	0.000610682
14.6	0.000616466
14.62	0.000622254
14.64	0.000628046
14.66	0.000633841
14.68	0.000639639
14.7	0.000645437
14.72	0.000651236
14.74	0.000657035
14.76	0.000662831
14.78	0.000668626
14.8	0.000674417
14.82	0.000680203
14.84	0.000685985
14.86	0.000691759
14.88	0.000697527
14.9	0.000703285
14.92	0.000709035
14.94	0.000714773
14.96	0.0007205
14.98	0.000726214
15	0.000732565
15.02	0.000740599
15.04	0.000747015
15.06	0.000754548
15.08	0.000759834
15.1	0.000764966
15.12	0.000766957
15.14	0.000770419
15.16	0.000769137
15.18	0.00076623
15.2	0.000743855
15.22	0.000669232
15.24	0.000497077
15.26	0.000297363
15.28	0.000117137
15.3	4.03565E-05
15.32	0.000157779
15.34	0.00045091
15.36	0.000758643
15.38	0.000965608
15.4	0.001056174
15.42	0.00107333
15.44	0.001127368
15.46	0.00127268
15.48	0.001452512
15.5	0.001518823
15.52	0.001306971
15.54	0.00077876
15.56	2.18501E-05
15.58	-0.000868743
15.6	-0.00175569
15.62	-0.002493752
15.64	-0.002950091
15.66	-0.003092411
15.68	-0.002955487
15.7	-0.002614446
15.72	-0.002145429
15.74	-0.001636087
15.76	-0.001011639
15.78	-0.000177177
15.8	0.000887766
15.82	0.002136776
15.84	0.003452269
15.86	0.004702142
15.88	0.005758283
15.9	0.006534432
15.92	0.007040366
15.94	0.007389917
15.96	0.007594109
15.98	0.007714729
16	0.00777996
16.02	0.007711549
16.04	0.007316061
16.06	0.006534053
16.08	0.005344362
16.1	0.003899452
16.12	0.002265515
16.14	0.000481553
16.16	-0.001444855
16.18	-0.003374283
16.2	-0.005299587
16.22	-0.007215079
16.24	-0.009133345
16.26	-0.011044003
16.28	-0.012966332
16.3	-0.014958198
16.32	-0.017030782
16.34	-0.019063588
16.36	-0.021011889
16.38	-0.022721244
16.4	-0.024042085
16.42	-0.024867826
16.44	-0.025259688
16.46	-0.025285707
16.48	-0.02504246
16.5	-0.024708007
16.52	-0.024408924
16.54	-0.023937002
16.56	-0.023201062
16.58	-0.022164648
16.6	-0.021044594
16.62	-0.020111437
16.64	-0.019652632
16.66	-0.019791144
16.68	-0.020497902
16.7	-0.021621804
16.72	-0.022753224
16.74	-0.023708619
16.76	-0.024457845
16.78	-0.025046514
16.8	-0.025633595
16.82	-0.026317818
16.84	-0.026957213
16.86	-0.02712692
16.88	-0.026481428
16.9	-0.025002192
16.92	-0.022651789
16.94	-0.019557142
16.96	-0.016139555
16.98	-0.012445495
17	-0.008512884
17.02	-0.004207699
17.04	0.000510135
17.06	0.005657382
17.08	0.011233527
17.1	0.017025595
17.12	0.022693733
17.14	0.027880594
17.16	0.032169251
17.18	0.035350228
17.2	0.037369758
17.22	0.038315842
17.24	0.037924502
17.26	0.035813487
17.28	0.031964005
17.3	0.026812388
17.32	0.020430596
17.34	0.01292481
17.36	0.004617016
17.38	-0.00402188
17.4	-0.012125805
17.42	-0.018714367
17.44	-0.023630236
17.46	-0.026771335
17.48	-0.028302553
17.5	-0.028271325
17.52	-0.026986309
17.54	-0.025677638
17.56	-0.025312045
17.58	-0.026096364
17.6	-0.027847479
17.62	-0.030313354
17.64	-0.032704737
17.66	-0.033976641
17.68	-0.033725261
17.7	-0.031806494
17.72	-0.028365144
17.74	-0.023713946
17.76	-0.018415055
17.78	-0.012529802
17.8	-0.005593291
17.82	0.002424831
17.84	0.011393918
17.86	0.020976826
17.88	0.030889045
17.9	0.040720736
17.92	0.049986793
17.94	0.058378976
17.96	0.065760168
17.98	0.072035824
18	0.077738244
18.02	0.083103658
18.04	0.088121663
18.06	0.092619809
18.08	0.096628166
18.1	0.100075059
18.12	0.103175943
18.14	0.106126334
18.16	0.108932814
18.18	0.111060999
18.2	0.112102645
18.22	0.111756828
18.24	0.110186796
18.26	0.107437042
18.28	0.103825184
18.3	0.099914006
18.32	0.095868162
18.34	0.09177529
18.36	0.087583892
18.38	0.082974916
18.4	0.07784195
18.42	0.072183299
18.44	0.066213029
18.46	0.059994318
18.48	0.053661293
18.5	0.047031011
18.52	0.040021753
18.54	0.032606509
18.56	0.025443927
18.58	0.019004917
18.6	0.013297117
18.62	0.008248926
18.64	0.003896937
18.66	0.00028066
18.68	-0.002143848
18.7	-0.003002985
18.72	-0.002352587
18.74	-0.000395037
18.76	0.002225451
18.78	0.005062083
18.8	0.007959849
18.82	0.0107616
18.84	0.013639574
18.86	0.016618388
18.88	0.019514632
18.9	0.022240868
18.92	0.024763277
18.94	0.027064318
18.96	0.029029075
18.98	0.030480519
19	0.031398345
19.02	0.031936054
19.04	0.032121704
19.06	0.03176605
19.08	0.030601375
19.1	0.028853384
19.12	0.026486193
19.14	0.023463113
19.16	0.019522753
19.18	0.014511597
19.2	0.008667776
19.22	0.002454245
19.24	-0.004068918
19.26	-0.010668185
19.28	-0.017205058
19.3	-0.023301898
19.32	-0.028961505
19.34	-0.034462487
19.36	-0.040112045
19.38	-0.04577149
19.4	-0.051424862
19.42	-0.056938856
19.44	-0.062464052
19.46	-0.067946852
19.48	-0.07358475
19.5	-0.079592923
19.52	-0.086118051
19.54	-0.092804267
19.56	-0.099110698
19.58	-0.104283026
19.6	-0.108074577
19.62	-0.110408359
19.64	-0.111103631
19.66	-0.110066391
19.68	-0.107249717
19.7	-0.102632971
19.72	-0.097007712
19.74	-0.090797885
19.76	-0.084178942
19.78	-0.077492161
19.8	-0.070996457
19.82	-0.065227082
19.84	-0.060536924
19.86	-0.057146781
19.88	-0.05493924
19.9	-0.053443024
19.92	-0.052182632
19.94	-0.051325101
19.96	-0.050288584
19.98	-0.049143211
20	-0.048352746
20.02	-0.048545841
20.04	-0.049613588
20.06	-0.051403928
20.08	-0.053084393
20.1	-0.054263256
20.12	-0.054629574
20.14	-0.054217816
20.16	-0.05296814
20.18	-0.050944541
20.2	-0.048359859
20.22	-0.045351983
20.24	-0.041722531
20.26	-0.037457478
20.28	-0.032517777
20.3	-0.026957061
20.32	-0.020845315
20.34	-0.014277728
20.36	-0.007165086
20.38	3.41006E-05
20.4	0.007359028
20.42	0.014777107
20.44	0.022174802
20.46	0.029406649
20.48	0.036400148
20.5	0.043213173
20.52	0.050315414
20.54	0.057532523
20.56	0.064635759
20.58	0.071083055
20.6	0.076460452
20.62	0.080476039
20.64	0.082912619
20.66	0.083744193
20.68	0.083184831
20.7	0.081518928
20.72	0.078930018
20.74	0.07575308
20.76	0.072442143
20.78	0.0689102
20.8	0.065166893
20.82	0.061198047
20.84	0.05684888
20.86	0.051923385
20.88	0.046471576
20.9	0.040786921
20.92	0.035046663
20.94	0.029331645
20.96	0.023564043
20.98	0.017741976
21	0.012026209
21.02	0.006752493
21.04	0.00215828
21.06	-0.001710392
21.08	-0.005031877
21.1	-0.007863515
21.12	-0.010149758
21.14	-0.011662905
21.16	-0.012292111
21.18	-0.012121553
21.2	-0.011522759
21.22	-0.010627036
21.24	-0.009478718
21.26	-0.008050204
21.28	-0.006290966
21.3	-0.004132943
21.32	-0.001601429
21.34	0.001314224
21.36	0.004508057
21.38	0.0077318
21.4	0.010713093
21.42	0.013183323
21.44	0.015050958
21.46	0.016268786
21.48	0.016815653
21.5	0.016741368
21.52	0.016038812
21.54	0.014952499
21.56	0.013664044
21.58	0.012152227
21.6	0.01043855
21.62	0.008694023
21.64	0.007144908
21.66	0.006014786
21.68	0.005476092
21.7	0.005541797
21.72	0.006129222
21.74	0.0069906
21.76	0.007896745
21.78	0.008707808
21.8	0.009501102
21.82	0.010404186
21.84	0.011545416
21.86	0.013015852
21.88	0.01469056
21.9	0.016398134
21.92	0.017984344
21.94	0.019363279
21.96	0.020475272
21.98	0.021343096
22	0.021918675
22.02	0.022147882
22.04	0.021940552
22.06	0.021177016
22.08	0.019814434
22.1	0.018110301
22.12	0.016438074
22.14	0.01515184
22.16	0.014402287
22.18	0.014290382
22.2	0.014838057
22.22	0.0159613
22.24	0.017205998
22.26	0.018449091
22.28	0.019593213
22.3	0.020635837
22.32	0.021484774
22.34	0.021932288
22.36	0.021769503
22.38	0.020950849
22.4	0.019521013
22.42	0.017502095
22.44	0.015110602
22.46	0.012636561
22.48	0.010247006
22.5	0.007898799
22.52	0.00553251
22.54	0.003155969
22.56	0.000865275
22.58	-0.001323895
22.6	-0.003372423
22.62	-0.005310925
22.64	-0.007141109
22.66	-0.00894848
22.68	-0.010730351
22.7	-0.012523386
22.72	-0.014347137
22.74	-0.016250038
22.76	-0.018141149
22.78	-0.019929792
22.8	-0.021526533
22.82	-0.02305117
22.84	-0.024658222
22.86	-0.026499539
22.88	-0.028486335
22.9	-0.030731495
22.92	-0.03318472
22.94	-0.036107516
22.96	-0.039662466
22.98	-0.043960199
23	-0.048810087
23.02	-0.054067122
23.04	-0.059267839
23.06	-0.063986735
23.08	-0.067919147
23.1	-0.070933113
23.12	-0.072800031
23.14	-0.073538095
23.16	-0.07302473
23.18	-0.0713634
23.2	-0.068814854
23.22	-0.066053538
23.24	-0.062983273
23.26	-0.059686898
23.28	-0.056202267
23.3	-0.052621033
23.32	-0.048790674
23.34	-0.044685244
23.36	-0.0402167
23.38	-0.035455948
23.4	-0.030361213
23.42	-0.024971022
23.44	-0.019195961
23.46	-0.013007956
23.48	-0.006611724
23.5	-0.000369081
23.52	0.005497825
23.54	0.010673043
23.56	0.015143068
23.58	0.018758901
23.6	0.021505951
23.62	0.023242366
23.64	0.024042632
23.66	0.024064428
23.68	0.023594964
23.7	0.023023372
23.72	0.022597372
23.74	0.022350973
23.76	0.022440945
23.78	0.02267252
23.8	0.023036081
23.82	0.023346722
23.84	0.023522363
23.86	0.023395345
23.88	0.023221576
23.9	0.023033459
23.92	0.023065737
23.94	0.023010171
23.96	0.022951518
23.98	0.022769929
24	0.022636971
24.02	0.022378753
24.04	0.022235139
24.06	0.02207165
24.08	0.02193084
24.1	0.021586338
24.12	0.021046713
24.14	0.020084373
24.16	0.018856618
24.18	0.017504784
24.2	0.01671278
24.22	0.016717581
24.24	0.01753593
24.26	0.019078919
24.28	0.021433515
24.3	0.023993704
24.32	0.026556565
24.34	0.029026792
24.36	0.0313488
24.38	0.033316706
24.4	0.034761232
24.42	0.035418315
24.44	0.035010897
24.46	0.033467904
24.48	0.031124468
24.5	0.028065556
24.52	0.024982263
24.54	0.02232209
24.56	0.020432682
24.58	0.019467786
24.6	0.019363189
24.62	0.019986908
24.64	0.021126719
24.66	0.022096112
24.68	0.02261792
24.7	0.022487698
24.72	0.021487048
24.74	0.019500117
24.76	0.017118173
24.78	0.014666511
24.8	0.012271738
24.82	0.010238438
24.84	0.008548346
24.86	0.007171878
24.88	0.006281975
24.9	0.006006082
24.92	0.006183597
24.94	0.006709832
24.96	0.007342077
24.98	0.008023159
25	0.008583797
25.02	0.00871956
25.04	0.008228334
25.06	0.007007683
25.08	0.004920346
25.1	0.002226153
25.12	-0.000747011
25.14	-0.003795584
25.16	-0.006936414
25.18	-0.009926849
25.2	-0.012589162
25.22	-0.0145703
25.24	-0.015853971
25.26	-0.016735521
25.28	-0.017423592
25.3	-0.018025679
25.32	-0.018982003
25.34	-0.020091051
25.36	-0.02120861
25.38	-0.022349278
25.4	-0.023477831
25.42	-0.024600302
25.44	-0.025766378
25.46	-0.026977223
25.48	-0.028278061
25.5	-0.029730113
25.52	-0.031498888
25.54	-0.033578721
25.56	-0.035936426
25.58	-0.038398811
25.6	-0.040856766
25.62	-0.043215662
25.64	-0.045248039
25.66	-0.04661542
25.68	-0.047269842
25.7	-0.047177474
25.72	-0.046379285
25.74	-0.044966345
25.76	-0.043466972
25.78	-0.041861497
25.8	-0.040066097
25.82	-0.037921564
25.84	-0.035378567
25.86	-0.032440678
25.88	-0.029134274
25.9	-0.025448148
25.92	-0.021451539
25.94	-0.017163964
25.96	-0.012659325
25.98	-0.007942656
26	-0.003075767
26.02	0.001933676
26.04	0.006970132
26.06	0.012019181
26.08	0.016983565
26.1	0.021765164
26.12	0.026172861
26.14	0.029984055
26.16	0.032872596
26.18	0.03471613
26.2	0.035392233
26.22	0.035054597
26.24	0.03388301
26.26	0.032093976
26.28	0.030262619
26.3	0.028722959
26.32	0.02738031
26.34	0.026089499
26.36	0.024628777
26.38	0.022814976
26.4	0.02051886
26.42	0.017852881
26.44	0.014958022
26.46	0.012083564
26.48	0.009342911
26.5	0.006926008
26.52	0.004964757
26.54	0.003572896
26.56	0.002750157
26.58	0.00247235
26.6	0.002738921
26.62	0.003540965
26.64	0.004812743
26.66	0.006614641
26.68	0.008928986
26.7	0.011654857
26.72	0.014618779
26.74	0.017690732
26.76	0.020745262
26.78	0.023634258
26.8	0.026200888
26.82	0.028288778
26.84	0.029681183
26.86	0.030277462
26.88	0.030026567
26.9	0.028923485
26.92	0.026921402
26.94	0.024173966
26.96	0.020789405
26.98	0.016749643
27	0.01197728
27.02	0.006383326
27.04	-2.98424E-05
27.06	-0.007164723
27.08	-0.01473384
27.1	-0.022310647
27.12	-0.029595297
27.14	-0.036241494
27.16	-0.041998366
27.18	-0.046657312
27.2	-0.050066077
27.22	-0.052005017
27.24	-0.052439364
27.26	-0.051479381
27.28	-0.049457569
27.3	-0.046935484
27.32	-0.043932158
27.34	-0.040385693
27.36	-0.036210239
27.38	-0.031346173
27.4	-0.025872393
27.42	-0.019847385
27.44	-0.013363618
27.46	-0.006558958
27.48	0.000261042
27.5	0.006891932
27.52	0.013248545
27.54	0.0192725
27.56	0.024954558
27.58	0.030244094
27.6	0.034910857
27.62	0.038756547
27.64	0.041724073
27.66	0.043931243
27.68	0.045417905
27.7	0.046113573
27.72	0.04594763
27.74	0.044966709
27.76	0.043507451
27.78	0.041795976
27.8	0.039869342
27.82	0.037744236
27.84	0.035411821
27.86	0.032875663
27.88	0.030216046
27.9	0.027486139
27.92	0.02480722
27.94	0.022328137
27.96	0.020246869
27.98	0.018671158
28	0.017608772
28.02	0.017004689
28.04	0.016784882
28.06	0.016797602
28.08	0.016862168
28.1	0.016687206
28.12	0.016255128
28.14	0.015532896
28.16	0.014606497
28.18	0.013711034
28.2	0.012817878
28.22	0.011901568
28.24	0.011007098
28.26	0.010083754
28.28	0.00914488
28.3	0.008106352
28.32	0.006754129
28.34	0.004891493
28.36	0.00258442
28.38	4.15379E-05
28.4	-0.002519847
28.42	-0.004854833
28.44	-0.006839527
28.46	-0.00829371
28.48	-0.009175155
28.5	-0.0095609
28.52	-0.009627782
28.54	-0.009755706
28.56	-0.01014507
28.58	-0.010601856
28.6	-0.01113066
28.62	-0.011722277
28.64	-0.012373416
28.66	-0.012989971
28.68	-0.013562886
28.7	-0.013940138
28.72	-0.014117174
28.74	-0.014075249
28.76	-0.013718837
28.78	-0.012969407
28.8	-0.012088599
28.82	-0.011225922
28.84	-0.010440524
28.86	-0.009578537
28.88	-0.008507297
28.9	-0.007214347
28.92	-0.005715451
28.94	-0.004103541
28.96	-0.002537487
28.98	-0.001150027
29	-9.40806E-05
29.02	0.000528709
29.04	0.000894597
29.06	0.00122405
29.08	0.001784359
29.1	0.002670678
29.12	0.003946717
29.14	0.005333878
29.16	0.006616266
29.18	0.007696438
29.2	0.008436224
29.22	0.008543766
29.24	0.007927711
29.26	0.006652153
29.28	0.005144996
29.3	0.003637376
29.32	0.002284142
29.34	0.001120876
29.36	9.97238E-05
29.38	-0.000946913
29.4	-0.002309179
29.42	-0.004121188
29.44	-0.006589001
29.46	-0.00981228
29.48	-0.013652438
29.5	-0.017790297
29.52	-0.021877382
29.54	-0.025596282
29.56	-0.028814665
29.58	-0.031650513
29.6	-0.034240636
29.62	-0.036407174
29.64	-0.037943113
29.66	-0.038502502
29.68	-0.038153349
29.7	-0.037022715
29.72	-0.035228823
29.74	-0.03291417
29.76	-0.030351708
29.78	-0.027687813
29.8	-0.025046131
29.82	-0.022425142
29.84	-0.019749372
29.86	-0.016981613
29.88	-0.014156107
29.9	-0.011289057
29.92	-0.008530846
29.94	-0.005966579
29.96	-0.003697513
29.98	-0.001841402
30	-0.000484908
30.02	0.000387395
30.04	0.000865778
30.06	0.001011955
30.08	0.00082451
30.1	0.000362155
30.12	-0.000468962
30.14	-0.00174848
30.16	-0.003272782
30.18	-0.004769098
30.2	-0.006031629
30.22	-0.006968202
30.24	-0.007660097
30.26	-0.008231107
30.28	-0.008769817
30.3	-0.009310092
30.32	-0.009751802
30.34	-0.009885005
30.36	-0.009570956
30.38	-0.008726564
30.4	-0.007210777
30.42	-0.00515443
30.44	-0.00276426
30.46	-0.000177199
30.48	0.002579641
30.5	0.005500582
30.52	0.008570726
30.54	0.011757449
30.56	0.014875503
30.58	0.017696653
30.6	0.02001911
30.62	0.02171043
30.64	0.022682957
30.66	0.02273056
30.68	0.021593498
30.7	0.019128332
30.72	0.015785668
30.74	0.011704254
30.76	0.007047609
30.78	0.001958158
30.8	-0.003461258
30.82	-0.009085909
30.84	-0.014712056
30.86	-0.020150396
30.88	-0.025281632
30.9	-0.030047298
30.92	-0.034389884
30.94	-0.03818219
30.96	-0.041283756
30.98	-0.043583923
31	-0.045033061
31.02	-0.045643768
31.04	-0.045302212
31.06	-0.043841916
31.08	-0.041258877
31.1	-0.037864434
31.12	-0.033746309
31.14	-0.029025948
31.16	-0.023768765
31.18	-0.018029633
31.2	-0.011892356
31.22	-0.005522659
31.24	0.000893648
31.26	0.00720895
31.28	0.013277055
31.3	0.018935101
31.32	0.024012691
31.34	0.02832892
31.36	0.031809477
31.38	0.034508926
31.4	0.036646345
31.42	0.038286687
31.44	0.039385098
31.46	0.039889246
31.48	0.039786465
31.5	0.039115649
31.52	0.037856438
31.54	0.035934277
31.56	0.033404247
31.58	0.030349826
31.6	0.026875886
31.62	0.023097699
31.64	0.019109336
31.66	0.014952829
31.68	0.010772574
31.7	0.006746246
31.72	0.003084139
31.74	-5.18469E-05
31.76	-0.002629628
31.78	-0.004654912
31.8	-0.006170262
31.82	-0.007084731
31.84	-0.007302903
31.86	-0.006853162
31.88	-0.006029194
31.9	-0.004908042
31.92	-0.003420125
31.94	-0.00168275
31.96	0.000289351
31.98	0.002432744
32	0.00467138
32.02	0.006833006
32.04	0.008818821
32.06	0.010480132
32.08	0.011640694
32.1	0.012105489
32.12	0.011759469
32.14	0.010543277
32.16	0.008527837
32.18	0.005972968
32.2	0.003144484
32.22	0.000217083
32.24	-0.002639007
32.26	-0.005323696
32.28	-0.007757433
32.3	-0.009927139
32.32	-0.011848938
32.34	-0.013595782
32.36	-0.015181113
32.38	-0.016592663
32.4	-0.017741666
32.42	-0.018550448
32.44	-0.018933178
32.46	-0.018895636
32.48	-0.018342409
32.5	-0.017205241
32.52	-0.01562292
32.54	-0.013844048
32.56	-0.011874919
32.58	-0.009699516
32.6	-0.007254051
32.62	-0.004505103
32.64	-0.001493592
32.66	0.001720683
32.68	0.005064485
32.7	0.00843828
32.72	0.011687258
32.74	0.014664007
32.76	0.017243522
32.78	0.019404071
32.8	0.021227564
32.82	0.022786281
32.84	0.024048311
32.86	0.024839602
32.88	0.024936759
32.9	0.024239548
32.92	0.022762854
32.94	0.020627029
32.96	0.018022084
32.98	0.015348627
33	0.012705413
33.02	0.010144522
33.04	0.007695748
33.06	0.005336687
33.08	0.002997326
33.1	0.000658501
33.12	-0.001736969
33.14	-0.004136017
33.16	-0.006527066
33.18	-0.008902874
33.2	-0.011301457
33.22	-0.01372878
33.24	-0.016143776
33.26	-0.018432978
33.28	-0.020466502
33.3	-0.022077113
33.32	-0.023152072
33.34	-0.023674183
33.36	-0.023648349
33.38	-0.022968657
33.4	-0.021638461
33.42	-0.020011038
33.44	-0.018198228
33.46	-0.01625804
33.48	-0.014229543
33.5	-0.012126901
33.52	-0.010060898
33.54	-0.008123455
33.56	-0.006409528
33.58	-0.004940553
33.6	-0.003719048
33.62	-0.002752302
33.64	-0.00214979
33.66	-0.001958314
33.68	-0.002178481
33.7	-0.002718358
33.72	-0.003516078
33.74	-0.00454221
33.76	-0.005679002
33.78	-0.006833223
33.8	-0.007931034
33.82	-0.008819726
33.84	-0.009435573
33.86	-0.009746836
33.88	-0.009708276
33.9	-0.009224846
33.92	-0.00827881
33.94	-0.006842515
33.96	-0.004960193
33.98	-0.002730943
34	-0.000405887
34.02	0.001830139
34.04	0.003883192
34.06	0.00580454
34.08	0.007571947
34.1	0.009197531
34.12	0.010596798
34.14	0.011930904
34.16	0.013368113
34.18	0.014835474
34.2	0.01617096
34.22	0.017308954
34.24	0.018256039
34.26	0.018997815
34.28	0.019433715
34.3	0.019369824
34.32	0.018630838
34.34	0.017416929
34.36	0.015976983
34.38	0.014504014
34.4	0.013045805
34.42	0.011678827
34.44	0.010456381
34.46	0.009441772
34.48	0.008571356
34.5	0.007767942
34.52	0.00695426
34.54	0.006041147
34.56	0.004932331
34.58	0.003641291
34.6	0.002082052
34.62	0.000170332
34.64	-0.002136769
34.66	-0.004653177
34.68	-0.00714575
34.7	-0.009443325
34.72	-0.011548199
34.74	-0.013431391
34.76	-0.015068101
34.78	-0.016333489
34.8	-0.017030155
34.82	-0.017089786
34.84	-0.016547031
34.86	-0.015427939
34.88	-0.013747582
34.9	-0.011668244
34.92	-0.009474201
34.94	-0.007295861
34.96	-0.00521908
34.98	-0.003209209
35	-0.001211484
35.02	0.000910795
35.04	0.003230672
35.06	0.005704389
35.08	0.008213302
35.1	0.010616941
35.12	0.012784859
35.14	0.014684865
35.16	0.016264942
35.18	0.017476695
35.2	0.018271047
35.22	0.018655908
35.24	0.018605534
35.26	0.018118065
35.28	0.01713807
35.3	0.015626209
35.32	0.013738338
35.34	0.011926979
35.36	0.010429516
35.38	0.009390291
35.4	0.008848061
35.42	0.008754693
35.44	0.009002945
35.46	0.009379971
35.48	0.009572118
35.5	0.009621357
35.52	0.009493637
35.54	0.009241654
35.56	0.008916858
35.58	0.008538692
35.6	0.008045038
35.62	0.007484291
35.64	0.006910753
35.66	0.006428525
35.68	0.00614217
35.7	0.006142519
35.72	0.00634913
35.74	0.006684365
35.76	0.00702673
35.78	0.007051483
35.8	0.006568824
35.82	0.005561652
35.84	0.004172066
35.86	0.002497355
35.88	0.000628119
35.9	-0.001351207
35.92	-0.003433611
35.94	-0.005498031
35.96	-0.007399739
35.98	-0.009097722
36	-0.010614564
36.02	-0.012040673
36.04	-0.013534892
36.06	-0.015259149
36.08	-0.017314553
36.1	-0.019723956
36.12	-0.022419043
36.14	-0.025343597
36.16	-0.028427489
36.18	-0.03153632
36.2	-0.034436476
36.22	-0.036897956
36.24	-0.038765956
36.26	-0.03996385
36.28	-0.040461187
36.3	-0.040242975
36.32	-0.039256217
36.34	-0.037777001
36.36	-0.036142538
36.38	-0.034414114
36.4	-0.032616726
36.42	-0.030699731
36.44	-0.028625495
36.46	-0.026357244
36.48	-0.023832222
36.5	-0.020956803
36.52	-0.017663346
36.54	-0.01388562
36.56	-0.0097133
36.58	-0.005277926
36.6	-0.000753238
36.62	0.003657412
36.64	0.007751552
36.66	0.011347954
36.68	0.014242703
36.7	0.016217705
36.72	0.0171245
36.74	0.016993906
36.76	0.015942373
36.78	0.014265756
36.8	0.012550575
36.82	0.010897714
36.84	0.009290855
36.86	0.007708801
36.88	0.006187857
36.9	0.0048153
36.92	0.003622311
36.94	0.002679315
36.96	0.002099335
36.98	0.001963487
37	0.002249253
37.02	0.002796873
37.04	0.003273959
37.06	0.003500633
37.08	0.0034667
37.1	0.003275839
37.12	0.003113877
37.14	0.003195967
37.16	0.003594227
37.18	0.004228092
37.2	0.004902282
37.22	0.00543366
37.24	0.005766432
37.26	0.005870987
37.28	0.005673039
37.3	0.00517924
37.32	0.004505371
37.34	0.003657275
37.36	0.002574421
37.38	0.001198442
37.4	-0.000430575
37.42	-0.00219301
37.44	-0.003955917
37.46	-0.005624663
37.48	-0.007113508
37.5	-0.008367689
37.52	-0.00923665
37.54	-0.009637424
37.56	-0.009653692
37.58	-0.009392661
37.6	-0.009006085
37.62	-0.008517672
37.64	-0.007838608
37.66	-0.006925516
37.68	-0.005824322
37.7	-0.004635987
37.72	-0.003457777
37.74	-0.0023029
37.76	-0.001069342
37.78	0.000440684
37.8	0.002383367
37.82	0.004793671
37.84	0.007626378
37.86	0.010782885
37.88	0.014074477
37.9	0.017258243
37.92	0.020078325
37.94	0.022425076
37.96	0.024349052
37.98	0.025945925
38	0.027354504
38.02	0.028623239
38.04	0.029740547
38.06	0.030666065
38.08	0.031516634
38.1	0.032405077
38.12	0.033234982
38.14	0.03385065
38.16	0.034124823
38.18	0.033958853
38.2	0.033324016
38.22	0.032176539
38.24	0.030505585
38.26	0.028488501
38.28	0.026160201
38.3	0.023564491
38.32	0.02079388
38.34	0.017932872
38.36	0.015084533
38.38	0.012389733
38.4	0.010018705
38.42	0.008141956
38.44	0.006870901
38.46	0.006226021
38.48	0.006188754
38.5	0.006698003
38.52	0.007645717
38.54	0.008673172
38.56	0.0096936
38.58	0.010661722
38.6	0.011570027
38.62	0.012361752
38.64	0.012947968
38.66	0.013248584
38.68	0.013201229
38.7	0.012767561
38.72	0.012004043
38.74	0.011050499
38.76	0.010072726
38.78	0.009106691
38.8	0.008101686
38.82	0.006955915
38.84	0.005624571
38.86	0.004180313
38.88	0.002765835
38.9	0.001533757
38.92	0.00058837
38.94	6.24986E-07
38.96	-0.000188975
38.98	1.33138E-05
39	0.000539701
39.02	0.000990735
39.04	0.001204535
39.06	0.001295689
39.08	0.001471668
39.1	0.001934354
39.12	0.002776212
39.14	0.003969877
39.16	0.005371759
39.18	0.00679753
39.2	0.008136403
39.22	0.009268216
39.24	0.010180681
39.26	0.010909229
39.28	0.01152701
39.3	0.012122433
39.32	0.01271369
39.34	0.01320617
39.36	0.013473065
39.38	0.01337462
39.4	0.012774695
39.42	0.011509215
39.44	0.009467418
39.46	0.006806062
39.48	0.0037613
39.5	0.000615307
39.52	-0.002328847
39.54	-0.004825209
39.56	-0.006756485
39.58	-0.008263982
39.6	-0.009626448
39.62	-0.01103956
39.64	-0.012320625
39.66	-0.013933824
39.68	-0.015897193
39.7	-0.018071144
39.72	-0.020366727
39.74	-0.022727854
39.76	-0.02527153
39.78	-0.028075291
39.8	-0.031082306
39.82	-0.034114065
39.84	-0.037008429
39.86	-0.039725298
39.88	-0.042306095
39.9	-0.044790925
39.92	-0.047115017
39.94	-0.049041371
39.96	-0.050344631
39.98	-0.051022186
40	-0.05109481
40.02	-0.050593364
40.04	-0.049647584
40.06	-0.048414538
40.08	-0.046937152
40.1	-0.045263966
40.12	-0.043497527
40.14	-0.041696207
40.16	-0.03994106
40.18	-0.038290477
40.2	-0.036808691
40.22	-0.035556958
40.24	-0.034542519
40.26	-0.033705427
40.28	-0.03304229
40.3	-0.032516508
40.32	-0.032133438
40.34	-0.031835028
40.36	-0.031506927
40.38	-0.030992638
40.4	-0.030216668
40.42	-0.029192454
40.44	-0.027984692
40.46	-0.026637673
40.48	-0.025103971
40.5	-0.023394562
40.52	-0.021591331
40.54	-0.019765932
40.56	-0.017911821
40.58	-0.016036878
40.6	-0.014213264
40.62	-0.012602444
40.64	-0.011437382
40.66	-0.010909801
40.68	-0.011102137
40.7	-0.01201672
40.72	-0.013629176
40.74	-0.015671553
40.76	-0.017879605
40.78	-0.020212409
40.8	-0.02266333
40.82	-0.025239918
40.84	-0.027967407
40.86	-0.030824398
40.88	-0.033738165
40.9	-0.036488521
40.92	-0.038732972
40.94	-0.040183138
40.96	-0.040657589
40.98	-0.040191367
41	-0.038940011
41.02	-0.037137631
41.04	-0.035508827
41.06	-0.034315418
41.08	-0.033621567
41.1	-0.033260676
41.12	-0.032976477
41.14	-0.032441548
41.16	-0.031411302
41.18	-0.030068391
41.2	-0.028727156
41.22	-0.027679063
41.24	-0.027116121
41.26	-0.027126162
41.28	-0.027922409
41.3	-0.029400385
41.32	-0.031192447
41.34	-0.033002339
41.36	-0.034731991
41.38	-0.036291218
41.4	-0.037564139
41.42	-0.038360482
41.44	-0.038411484
41.46	-0.037473151
41.48	-0.035452293
41.5	-0.032312991
41.52	-0.028390687
41.54	-0.023925668
41.56	-0.019178704
41.58	-0.014385382
41.6	-0.009736006
41.62	-0.005263059
41.64	-0.001026651
41.66	0.002901191
41.68	0.006651862
41.7	0.010297832
41.72	0.013611554
41.74	0.016735293
41.76	0.019698682
41.78	0.022627209
41.8	0.025605152
41.82	0.028611837
41.84	0.031526192
41.86	0.034183973
41.88	0.036425372
41.9	0.038092943
41.92	0.039092054
41.94	0.039321536
41.96	0.038722773
41.98	0.03729704
42	0.035304606
42.02	0.033386161
42.04	0.0317638
42.06	0.03053159
42.08	0.029677342
42.1	0.029115616
42.12	0.028758516
42.14	0.028432787
42.16	0.027881267
42.18	0.026953
42.2	0.025609227
42.22	0.023896878
42.24	0.021886582
42.26	0.019718933
42.28	0.017518315
42.3	0.015438353
42.32	0.013651182
42.34	0.012373028
42.36	0.011727383
42.38	0.011797969
42.4	0.01257048
42.42	0.014004924
42.44	0.015849217
42.46	0.01785509
42.48	0.019872638
42.5	0.02178942
42.52	0.0234756
42.54	0.024910808
42.56	0.026133582
42.58	0.027223606
42.6	0.028254819
42.62	0.029313112
42.64	0.030422135
42.66	0.031572478
42.68	0.032633955
42.7	0.033479024
42.72	0.033948015
42.74	0.034009457
42.76	0.033652464
42.78	0.032912025
42.8	0.031970562
42.82	0.030955332
42.84	0.029933963
42.86	0.029003783
42.88	0.028287913
42.9	0.027953616
42.92	0.028127026
42.94	0.028856112
42.96	0.03017658
42.98	0.031883549
43	0.033757629
43.02	0.035614334
43.04	0.037270059
43.06	0.03855874
43.08	0.039412907
43.1	0.039863571
43.12	0.040006601
43.14	0.039905735
43.16	0.03969374
43.18	0.039495347
43.2	0.039277903
43.22	0.038951205
43.24	0.038440706
43.26	0.037688346
43.28	0.036634073
43.3	0.035236973
43.32	0.033447769
43.34	0.031191448
43.36	0.028398268
43.38	0.025102292
43.4	0.021439445
43.42	0.017637592
43.44	0.013935008
43.46	0.010520399
43.48	0.007539356
43.5	0.005060329
43.52	0.003119827
43.54	0.001707979
43.56	0.000772863
43.58	0.000127266
43.6	-0.000476906
43.62	-0.001254384
43.64	-0.002347055
43.66	-0.003822736
43.68	-0.005724101
43.7	-0.008029946
43.72	-0.010647236
43.74	-0.013442844
43.76	-0.016267029
43.78	-0.019006017
43.8	-0.021587052
43.82	-0.023886931
43.84	-0.025784747
43.86	-0.027159721
43.88	-0.027957301
43.9	-0.028149739
43.92	-0.027847133
43.94	-0.027114293
43.96	-0.02611248
43.98	-0.025104773
44	-0.02419208
44.02	-0.023368976
44.04	-0.022599065
44.06	-0.021843855
44.08	-0.021059906
44.1	-0.020184726
44.12	-0.019227195
44.14	-0.018283717
44.16	-0.017454278
44.18	-0.016742615
44.2	-0.016156287
44.22	-0.015703346
44.24	-0.015348364
44.26	-0.014977706
44.28	-0.014499173
44.3	-0.013830965
44.32	-0.012935692
44.34	-0.011849087
44.36	-0.010607201
44.38	-0.009184693
44.4	-0.007608807
44.42	-0.005916925
44.44	-0.004224489
44.46	-0.002656236
44.48	-0.001262406
44.5	-5.7539E-05
44.52	0.00094161
44.54	0.001754676
44.56	0.002387172
44.58	0.002843704
44.6	0.003129456
44.62	0.003247098
44.64	0.003188173
44.66	0.002925494
44.68	0.002401085
44.7	0.001677002
44.72	0.000870095
44.74	3.84486E-06
44.76	-0.00094759
44.78	-0.001996436
44.8	-0.003145707
44.82	-0.004367019
44.84	-0.005609443
44.86	-0.006808192
44.88	-0.007862997
44.9	-0.008683295
44.92	-0.009237043
44.94	-0.009485271
44.96	-0.009468693
44.98	-0.009267933
45	-0.009021544
45.02	-0.008861035
45.04	-0.008871045
45.06	-0.009097271
45.08	-0.009543185
45.1	-0.010164967
45.12	-0.010953514
45.14	-0.011873069
45.16	-0.012898413
45.18	-0.01404597
45.2	-0.015232553
45.22	-0.016360425
45.24	-0.017369919
45.26	-0.018225825
45.28	-0.018895777
45.3	-0.019362791
45.32	-0.019608291
45.34	-0.019561524
45.36	-0.019127407
45.38	-0.018237493
45.4	-0.01691984
45.42	-0.015242945
45.44	-0.013309691
45.46	-0.011203015
45.48	-0.008981509
45.5	-0.006681414
45.52	-0.004318429
45.54	-0.00193909
45.56	0.000390096
45.58	0.002620322
45.6	0.004653748
45.62	0.006406267
45.64	0.007836258
45.66	0.008984801
45.68	0.009907021
45.7	0.010579998
45.72	0.011185387
45.74	0.011799287
45.76	0.012561673
45.78	0.013525767
45.8	0.014669845
45.82	0.015974135
45.84	0.017368706
45.86	0.018732159
45.88	0.019981359
45.9	0.02102171
45.92	0.021779484
45.94	0.022210955
45.96	0.022274767
45.98	0.02198337
46	0.021346952
46.02	0.020511892
46.04	0.019635719
46.06	0.018726704
46.08	0.017763227
46.1	0.016714483
46.12	0.015511222
46.14	0.014092996
46.16	0.012453352
46.18	0.010625666
46.2	0.008654718
46.22	0.006598791
46.24	0.004546741
46.26	0.002544921
46.28	0.000610394
46.3	-0.001199853
46.32	-0.002829365
46.34	-0.004199402
46.36	-0.005198656
46.38	-0.005766474
46.4	-0.005946519
46.42	-0.00584291
46.44	-0.005576102
46.46	-0.00537808
46.48	-0.005401076
46.5	-0.005598843
46.52	-0.005861053
46.54	-0.006030526
46.56	-0.00603508
46.58	-0.005880947
46.6	-0.005604533
46.62	-0.005292372
46.64	-0.005074045
46.66	-0.005041609
46.68	-0.005207897
46.7	-0.005566614
46.72	-0.006107491
46.74	-0.006771534
46.76	-0.007489743
46.78	-0.008238809
46.8	-0.008958277
46.82	-0.009534113
46.84	-0.009872022
46.86	-0.009929311
46.88	-0.009636292
46.9	-0.008900583
46.92	-0.007685452
46.94	-0.006167407
46.96	-0.004454857
46.98	-0.002654586
47	-0.000875403
47.02	0.000767505
47.04	0.002137561
47.06	0.003114848
47.08	0.003639309
47.1	0.003704996
47.12	0.003357606
47.14	0.002672891
47.16	0.001813663
47.18	0.000881357
47.2	-0.000111568
47.22	-0.001173682
47.24	-0.002323151
47.26	-0.003588246
47.28	-0.004975227
47.3	-0.006452084
47.32	-0.007969675
47.34	-0.009470735
47.36	-0.01097549
47.38	-0.012503547
47.4	-0.014011411
47.42	-0.015466032
47.44	-0.016871925
47.46	-0.018217493
47.48	-0.019490032
47.5	-0.020710966
47.52	-0.021895535
47.54	-0.023057471
47.56	-0.024185822
47.58	-0.025295511
47.6	-0.026428264
47.62	-0.027545374
47.64	-0.028564735
47.66	-0.029383999
47.68	-0.029947778
47.7	-0.030254213
47.72	-0.030354311
47.74	-0.030293331
47.76	-0.030079498
47.78	-0.029797278
47.8	-0.029387813
47.82	-0.028829282
47.84	-0.028132109
47.86	-0.027344178
47.88	-0.026478038
47.9	-0.025550047
47.92	-0.024577255
47.94	-0.023560628
47.96	-0.022492706
47.98	-0.021367429
48	-0.020196665
48.02	-0.01900484
48.04	-0.017826237
48.06	-0.016677447
48.08	-0.015549477
48.1	-0.014446519
48.12	-0.013341877
48.14	-0.012218851
48.16	-0.011031055
48.18	-0.009753668
48.2	-0.008372465
48.22	-0.006923624
48.24	-0.005447538
48.26	-0.003993647
48.28	-0.002557928
48.3	-0.001102287
48.32	0.000381527
48.34	0.00186253
48.36	0.00330375
48.38	0.004693664
48.4	0.006020949
48.42	0.00727454
48.44	0.008435254
48.46	0.009455708
48.48	0.010297768
48.5	0.010945949
48.52	0.011412072
48.54	0.011707465
48.56	0.011793991
48.58	0.011592532
48.6	0.011018598
48.62	0.010056533
48.64	0.008886837
48.66	0.007618058
48.68	0.00632505
48.7	0.005065494
48.72	0.003923472
48.74	0.002981454
48.76	0.002260053
48.78	0.001727549
48.8	0.001338755
48.82	0.001049554
48.84	0.000831332
48.86	0.000615899
48.88	0.000357622
48.9	7.5255E-05
48.92	-0.000209216
48.94	-0.000486077
48.96	-0.000717882
48.98	-0.000859924
49	-0.000881018
49.02	-0.00074032
49.04	-0.000418426
49.06	8.94814E-05
49.08	0.00065423
49.1	0.001218956
49.12	0.001731797
49.14	0.002128729
49.16	0.002365953
49.18	0.002433127
49.2	0.002351707
49.22	0.002149917
49.24	0.001867649
49.26	0.001589671
49.28	0.001399369
49.3	0.001352609
49.32	0.001502066
49.34	0.001848579
49.36	0.002354146
49.38	0.002956976
49.4	0.00361034
49.42	0.004318044
49.44	0.005067639
49.46	0.005838619
49.48	0.006579423
49.5	0.007259291
49.52	0.007858361
49.54	0.008399303
49.56	0.008902125
49.58	0.009390724
49.6	0.009907586
49.62	0.010491409
49.64	0.011144998
49.66	0.01182533
49.68	0.012475582
49.7	0.01306911
49.72	0.013572122
49.74	0.013965559
49.76	0.014225966
49.78	0.01438364
49.8	0.014428822
49.82	0.014369281
49.84	0.014182099
49.86	0.013802848
49.88	0.013215944
49.9	0.012401595
49.92	0.011367666
49.94	0.010104713
49.96	0.00861993
49.98	0.006934666
50	0.005061481
50.02	0.00305284
50.04	0.000987845
50.06	-0.001047515
50.08	-0.002939568
50.1	-0.004628786
50.12	-0.006072095
50.14	-0.007220222
50.16	-0.008033437
50.18	-0.008469658
50.2	-0.00853951
50.22	-0.008303698
50.24	-0.007844695
50.26	-0.007324009
50.28	-0.006879274
50.3	-0.006566717
50.32	-0.006422229
50.34	-0.006452181
50.36	-0.006607725
50.38	-0.006810805
50.4	-0.00697659
50.42	-0.007009045
50.44	-0.006843548
50.46	-0.00649815
50.48	-0.006022982
50.5	-0.005481645
50.52	-0.00491091
50.54	-0.004326723
50.56	-0.003764881
50.58	-0.00324982
50.6	-0.002787973
50.62	-0.002398232
50.64	-0.002128782
50.66	-0.00202171
50.68	-0.00210323
50.7	-0.002332127
50.72	-0.002591671
50.74	-0.002712305
50.76	-0.002580689
50.78	-0.002208675
50.8	-0.001660378
50.82	-0.001040925
50.84	-0.000418893
50.86	0.000220185
50.88	0.000906489
50.9	0.001605816
50.92	0.002302409
50.94	0.002960111
50.96	0.003513552
50.98	0.003913663
51	0.004127646
51.02	0.004200315
51.04	0.004196727
51.06	0.004180819
51.08	0.004240712
51.1	0.004422416
51.12	0.004660246
51.14	0.004847677
51.16	0.004873145
51.18	0.004710243
51.2	0.004318702
51.22	0.003680021
51.24	0.002805336
51.26	0.001752372
51.28	0.000558259
51.3	-0.000710171
51.32	-0.001991164
51.34	-0.003241685
51.36	-0.004437155
51.38	-0.005570573
51.4	-0.006660863
51.42	-0.007742844
51.44	-0.008836094
51.46	-0.009887787
51.48	-0.010812102
51.5	-0.011556935
51.52	-0.012096127
51.54	-0.012438522
51.56	-0.012536437
51.58	-0.012291375
51.6	-0.011684035
51.62	-0.010869093
51.64	-0.009896913
51.66	-0.008796068
51.68	-0.007610947
51.7	-0.006417891
51.72	-0.00533297
51.74	-0.004426278
51.76	-0.003754097
51.78	-0.003330474
51.8	-0.003104361
51.82	-0.002986683
51.84	-0.002870114
51.86	-0.002660853
51.88	-0.002281118
51.9	-0.001781612
51.92	-0.001252214
51.94	-0.000670001
51.96	-3.82008E-05
51.98	0.00061845
52	0.001295311
52.02	0.002040162
52.04	0.002880486
52.06	0.003806257
52.08	0.004773299
52.1	0.005768601
52.12	0.006794046
52.14	0.007876064
52.16	0.009026864
52.18	0.010252982
52.2	0.011528384
52.22	0.012847093
52.24	0.014170978
52.26	0.015460622
52.28	0.016646398
52.3	0.017657779
52.32	0.018453269
52.34	0.01905821
52.36	0.019541427
52.38	0.019841831
52.4	0.019922156
52.42	0.019760084
52.44	0.019324116
52.46	0.018669078
52.48	0.017920502
52.5	0.017085574
52.52	0.016176507
52.54	0.015192123
52.56	0.014099623
52.58	0.012844871
52.6	0.01136078
52.62	0.00960081
52.64	0.00755806
52.66	0.00527065
52.68	0.002814212
52.7	0.000278093
52.72	-0.002245545
52.74	-0.004662538
52.76	-0.006886847
52.78	-0.008847749
52.8	-0.010507424
52.82	-0.011856713
52.84	-0.012945812
52.86	-0.013816279
52.88	-0.014498726
52.9	-0.015031856
52.92	-0.015463628
52.94	-0.015817134
52.96	-0.016127507
52.98	-0.016399563
53	-0.016596803
53.02	-0.01667498
53.04	-0.016624674
53.06	-0.016449777
53.08	-0.016175247
53.1	-0.015863507
53.12	-0.015586636
53.14	-0.015357476
53.16	-0.01519027
53.18	-0.015078333
53.2	-0.015043824
53.22	-0.015058111
53.24	-0.015117031
53.26	-0.01521178
53.28	-0.015370639
53.3	-0.015604919
53.32	-0.015919804
53.34	-0.016247809
53.36	-0.016547453
53.38	-0.016747431
53.4	-0.016804501
53.42	-0.01669087
53.44	-0.016417084
53.46	-0.015976826
53.48	-0.015376659
53.5	-0.014633701
53.52	-0.013790163
53.54	-0.012890501
53.56	-0.011958367
53.58	-0.011000263
53.6	-0.010061951
53.62	-0.009169166
53.64	-0.008351726
53.66	-0.007640602
53.68	-0.007078208
53.7	-0.006727148
53.72	-0.006645728
53.74	-0.006849358
53.76	-0.007320274
53.78	-0.0080028
53.8	-0.008765691
53.82	-0.009518519
53.84	-0.010216686
53.86	-0.010837797
53.88	-0.011396216
53.9	-0.011913308
53.92	-0.012426279
53.94	-0.01290716
53.96	-0.013338894
53.98	-0.013688095
54	-0.013914046
54.02	-0.014015563
54.04	-0.014029777
54.06	-0.014015622
54.08	-0.014015298
54.1	-0.014048194
54.12	-0.014066503
54.14	-0.013992538
54.16	-0.013798834
54.18	-0.013444613
54.2	-0.01292817
54.22	-0.012301631
54.24	-0.011649629
54.26	-0.01102468
54.28	-0.010466101
54.3	-0.009980338
54.32	-0.009573837
54.34	-0.009214456
54.36	-0.008892814
54.38	-0.008594592
54.4	-0.008298789
54.42	-0.007991864
54.44	-0.007666031
54.46	-0.007330698
54.48	-0.006979394
54.5	-0.006609718
54.52	-0.006227874
54.54	-0.005835841
54.56	-0.005441626
54.58	-0.005029587
54.6	-0.004556394
54.62	-0.003951366
54.64	-0.003199622
54.66	-0.002315971
54.68	-0.001349488
54.7	-0.000364792
54.72	0.000607086
54.74	0.001557874
54.76	0.002463395
54.78	0.003306436
54.8	0.004111773
54.82	0.004902231
54.84	0.005667047
54.86	0.006388151
54.88	0.007009796
54.9	0.007497381
54.92	0.007848456
54.94	0.008101203
54.96	0.008302498
54.98	0.008509206
55	0.008762309
55.02	0.0090365
55.04	0.009244812
55.06	0.009295769
55.08	0.009136338
55.1	0.008745406
55.12	0.008116208
55.14	0.007315998
55.16	0.006410057
55.18	0.0054336
55.2	0.00439841
55.22	0.003349113
55.24	0.002338112
55.26	0.001409325
55.28	0.000617773
55.3	1.03585E-05
55.32	-0.000421443
55.34	-0.00069091
55.36	-0.000831778
55.38	-0.000880424
55.4	-0.000850888
55.42	-0.000737248
55.44	-0.000532343
55.46	-0.000227783
55.48	0.000162667
55.5	0.000607895
55.52	0.001019928
55.54	0.001430349
55.56	0.001868469
55.58	0.002372055
55.6	0.002949837
55.62	0.00360449
55.64	0.004297169
55.66	0.004957155
55.68	0.005523023
55.7	0.005946781
55.72	0.006194875
55.74	0.00625896
55.76	0.006173862
55.78	0.005965665
55.8	0.005634056
55.82	0.005247352
55.84	0.004864811
55.86	0.004552795
55.88	0.004400027
55.9	0.004487384
55.92	0.00484776
55.94	0.005440454
55.96	0.006195252
55.98	0.007025235
56	0.007908909
56.02	0.008845115
56.04	0.009852528
56.06	0.010905704
56.08	0.011964524
56.1	0.012982093
56.12	0.01392198
56.14	0.014770411
56.16	0.015560984
56.18	0.016255922
56.2	0.016853922
56.22	0.017326247
56.24	0.017677571
56.26	0.017874015
56.28	0.017862751
56.3	0.017609542
56.32	0.017068047
56.34	0.016212776
56.36	0.015116061
56.38	0.013843592
56.4	0.012452456
56.42	0.010982255
56.44	0.009459407
56.46	0.007900491
56.48	0.006331614
56.5	0.004790258
56.52	0.003308099
56.54	0.001933547
56.56	0.000685007
56.58	-0.000437213
56.6	-0.001439127
56.62	-0.002334543
56.64	-0.003177003
56.66	-0.004008273
56.68	-0.004864233
56.7	-0.005728329
56.72	-0.00655372
56.74	-0.007286644
56.76	-0.007893205
56.78	-0.00833322
56.8	-0.008605506
56.82	-0.00872737
56.84	-0.008718577
56.86	-0.008601671
56.88	-0.008432335
56.9	-0.008297173
56.92	-0.008198468
56.94	-0.008154343
56.96	-0.008186709
56.98	-0.008323035
57	-0.008535853
57.02	-0.008799154
57.04	-0.009104036
57.06	-0.009451933
57.08	-0.00981066
57.1	-0.010158356
57.12	-0.010478863
57.14	-0.010772335
57.16	-0.011030648
57.18	-0.011276769
57.2	-0.011554086
57.22	-0.011921831
57.24	-0.012438955
57.26	-0.013093803
57.28	-0.013833582
57.3	-0.014604114
57.32	-0.015333699
57.34	-0.015965012
57.36	-0.016441409
57.38	-0.016653852
57.4	-0.016543599
57.42	-0.016097281
57.44	-0.015388259
57.46	-0.01453308
57.48	-0.013549032
57.5	-0.012469501
57.52	-0.011352236
57.54	-0.010268373
57.56	-0.009269325
57.58	-0.008381419
57.6	-0.007613017
57.62	-0.006983811
57.64	-0.006479867
57.66	-0.006104918
57.68	-0.005838906
57.7	-0.005643956
57.72	-0.005505592
57.74	-0.005395784
57.76	-0.00529342
57.78	-0.005197971
57.8	-0.005127849
57.82	-0.005127411
57.84	-0.005248962
57.86	-0.005537199
57.88	-0.006001598
57.9	-0.006564133
57.92	-0.007136741
57.94	-0.007653382
57.96	-0.008060901
57.98	-0.008334667
58	-0.008477039
58.02	-0.008510072
58.04	-0.008470931
58.06	-0.008389263
58.08	-0.00827777
58.1	-0.008134065
58.12	-0.007938263
58.14	-0.007697317
58.16	-0.007412651
58.18	-0.007083665
58.2	-0.006710006
58.22	-0.006301175
58.24	-0.005862562
58.26	-0.005392754
58.28	-0.004892127
58.3	-0.00436712
58.32	-0.003819477
58.34	-0.003264499
58.36	-0.002736275
58.38	-0.002265667
58.4	-0.001875222
58.42	-0.001612839
58.44	-0.001520626
58.46	-0.001623681
58.48	-0.001896763
58.5	-0.002295551
58.52	-0.002720419
58.54	-0.003057034
58.56	-0.003256621
58.58	-0.00330723
58.6	-0.003214351
58.62	-0.003033391
58.64	-0.002820742
58.66	-0.002659443
58.68	-0.002601505
58.7	-0.002662743
58.72	-0.002843703
58.74	-0.003102171
58.76	-0.003366951
58.78	-0.003555753
58.8	-0.003632276
58.82	-0.003556134
58.84	-0.003308531
58.86	-0.002904891
58.88	-0.002383337
58.9	-0.001806002
58.92	-0.001188813
58.94	-0.000564768
58.96	3.42824E-05
58.98	0.000570578
59	0.001043221
59.02	0.001424106
59.04	0.00166845
59.06	0.001716471
59.08	0.001562665
59.1	0.001222589
59.12	0.000816381
59.14	0.000462737
59.16	0.000230467
59.18	0.000125071
59.2	0.00011722
59.22	0.000172115
59.24	0.000216582
59.26	0.00016284
59.28	-3.41372E-05
59.3	-0.000336725
59.32	-0.000698984
59.34	-0.001061004
59.36	-0.001385471
59.38	-0.001624956
59.4	-0.001748318
59.42	-0.001763482
59.44	-0.00168078
59.46	-0.001523686
59.48	-0.001312225
59.5	-0.001036248
59.52	-0.000709118
59.54	-0.000360704
59.56	-3.13658E-05
59.58	0.000240823
59.6	0.000423613
59.62	0.000467523
59.64	0.000387046
59.66	0.000228366
59.68	4.27207E-05
59.7	-0.000158419
59.72	-0.000372216
59.74	-0.000599357
59.76	-0.000832642
59.78	-0.001059965
59.8	-0.00124148
59.82	-0.001324537
59.84	-0.001268312
59.86	-0.001079627
59.88	-0.000777361
59.9	-0.000408767
59.92	-2.04103E-05
59.94	0.000351427
59.96	0.000683868
59.98	0.000970045
60	0.001219241
60.02	0.001452266
60.04	0.001665748
60.06	0.001863196
60.08	0.002046887
60.1	0.00221348
60.12	0.002358329
60.14	0.002478306
60.16	0.002566773
60.18	0.002602224
60.2	0.002571443
60.22	0.002489324
60.24	0.002354739
60.26	0.002157506
60.28	0.001887898
60.3	0.001528125
60.32	0.001045333
60.34	0.000452568
60.36	-0.000185247
60.38	-0.00079292
60.4	-0.00129291
60.42	-0.001635723
60.44	-0.001815143
60.46	-0.001858791
60.48	-0.001801606
60.5	-0.001686317
60.52	-0.001553853
60.54	-0.001437729
60.56	-0.001345533
60.58	-0.001297137
60.6	-0.00132152
60.62	-0.001424641
60.64	-0.001621794
60.66	-0.001917128
60.68	-0.002314026
60.7	-0.002782037
60.72	-0.003260607
60.74	-0.003712688
60.76	-0.004113399
60.78	-0.004451513
60.8	-0.004714386
60.82	-0.004922156
60.84	-0.005111224
60.86	-0.005311629
60.88	-0.005541292
60.9	-0.005791792
60.92	-0.006050874
60.94	-0.006298352
60.96	-0.00653674
60.98	-0.006806899
61	-0.007129328
61.02	-0.007523834
61.04	-0.007981721
61.06	-0.00845693
61.08	-0.008898413
61.1	-0.009261175
61.12	-0.009517727
61.14	-0.009667811
61.16	-0.009759544
61.18	-0.009829992
61.2	-0.009910044
61.22	-0.009991757
61.24	-0.010034051
61.26	-0.009999774
61.28	-0.009849779
61.3	-0.009552448
61.32	-0.009117121
61.34	-0.00863404
61.36	-0.008143599
61.38	-0.007660259
61.4	-0.007209059
61.42	-0.006796996
61.44	-0.00643092
61.46	-0.006068579
61.48	-0.005681232
61.5	-0.005281784
61.52	-0.004919571
61.54	-0.00463539
61.56	-0.004468825
61.58	-0.004452188
61.6	-0.004591475
61.62	-0.004873423
61.64	-0.005247332
61.66	-0.005610261
61.68	-0.005966414
61.7	-0.006308497
61.72	-0.006636126
61.74	-0.006958479
61.76	-0.007295058
61.78	-0.007636539
61.8	-0.007959431
61.82	-0.008241817
61.84	-0.008462311
61.86	-0.008597238
61.88	-0.008649944
61.9	-0.008616579
61.92	-0.008487532
61.94	-0.00824444
61.96	-0.007882983
61.98	-0.007387684
62	-0.006784538
62.02	-0.006069869
62.04	-0.005253963
62.06	-0.004382124
62.08	-0.003528818
62.1	-0.002752847
62.12	-0.002080984
62.14	-0.001510085
62.16	-0.00110598
62.18	-0.000872088
62.2	-0.000805137
62.22	-0.000891146
62.24	-0.001098395
62.26	-0.001396758
62.28	-0.001751204
62.3	-0.002072838
62.32	-0.002351849
62.34	-0.002564442
62.36	-0.002733539
62.38	-0.002891298
62.4	-0.003087331
62.42	-0.003361312
62.44	-0.003768832
62.46	-0.004289785
62.48	-0.004859637
62.5	-0.005383727
62.52	-0.005783363
62.54	-0.00597873
62.56	-0.005952982
62.58	-0.005733576
62.6	-0.005401597
62.62	-0.005085537
62.64	-0.004874504
62.66	-0.004782059
62.68	-0.004794536
62.7	-0.004875119
62.72	-0.005000506
62.74	-0.005113067
62.76	-0.005199024
62.78	-0.005278921
62.8	-0.005394437
62.82	-0.005561288
62.84	-0.005777573
62.86	-0.005985776
62.88	-0.006116015
62.9	-0.006096165
62.92	-0.005902777
62.94	-0.005588748
62.96	-0.005247556
62.98	-0.004989501
63	-0.004892765
63.02	-0.004977404
63.04	-0.005238663
63.06	-0.005621199
63.08	-0.006037748
63.1	-0.006385807
63.12	-0.006623948
63.14	-0.006722736
63.16	-0.006685882
63.18	-0.006534041
63.2	-0.006297312
63.22	-0.006007236
63.24	-0.005680034
63.26	-0.00531762
63.28	-0.004909185
63.3	-0.004437278
63.32	-0.00391264
63.34	-0.003347137
63.36	-0.002753217
63.38	-0.00209483
63.4	-0.001341819
63.42	-0.000451241
63.44	0.000600798
63.46	0.00180485
63.48	0.003140562
63.5	0.004589932
63.52	0.00604492
63.54	0.007481826
63.56	0.008809897
63.58	0.009949101
63.6	0.010874726
63.62	0.011583432
63.64	0.012058843
63.66	0.012308748
63.68	0.012355714
63.7	0.012227524
63.72	0.011963711
63.74	0.01168148
63.76	0.011398763
63.78	0.011139012
63.8	0.010897115
63.82	0.010684607
63.84	0.010493612
63.86	0.010320787
63.88	0.010140712
63.9	0.009954319
63.92	0.009763092
63.94	0.009583736
63.96	0.009447688
63.98	0.009393533
64	0.009449217
64.02	0.009631346
64.04	0.009930346
64.06	0.010324723
64.08	0.01075386
64.1	0.011149736
64.12	0.01148271
64.14	0.011740836
64.16	0.011903916
64.18	0.011945632
64.2	0.011862277
64.22	0.011660881
64.24	0.011340853
64.26	0.010915753
64.28	0.010416524
64.3	0.009899184
64.32	0.00943267
64.34	0.009074382
64.36	0.008866174
64.38	0.00884954
64.4	0.00902526
64.42	0.009305755
64.44	0.009564713
64.46	0.009661038
64.48	0.009556587
64.5	0.009256143
64.52	0.008797766
64.54	0.008248078
64.56	0.007668464
64.58	0.007086656
64.6	0.006521456
64.62	0.00601968
64.64	0.005625457
64.66	0.005363371
64.68	0.005257143
64.7	0.005328941
64.72	0.005601021
64.74	0.006059547
64.76	0.006673397
64.78	0.007338642
64.8	0.007997144
64.82	0.008598188
64.84	0.00910932
64.86	0.009510291
64.88	0.009807702
64.9	0.010011349
64.92	0.010130896
64.94	0.010177434
64.96	0.010155938
64.98	0.01006936
65	0.00989012
65.02	0.009615982
65.04	0.009259178
65.06	0.008815192
65.08	0.008312452
65.1	0.007771412
65.12	0.007197228
65.14	0.006592
65.16	0.005944801
65.18	0.005248883
65.2	0.004522005
65.22	0.003815162
65.24	0.003155124
65.26	0.002579827
65.28	0.002155376
65.3	0.001890883
65.32	0.001767802
65.34	0.001749222
65.36	0.001797944
65.38	0.001876972
65.4	0.001968254
65.42	0.002096108
65.44	0.002308227
65.46	0.002641693
65.48	0.003119049
65.5	0.003701933
65.52	0.004283319
65.54	0.004798854
65.56	0.005184076
65.58	0.00541319
65.6	0.005482095
65.62	0.005421818
65.64	0.005259501
65.66	0.005012338
65.68	0.004679459
65.7	0.004255346
65.72	0.00374003
65.74	0.003146871
65.76	0.002514085
65.78	0.001915878
65.8	0.001433617
65.82	0.001140344
65.84	0.001046186
65.86	0.001098717
65.88	0.001272937
65.9	0.001552409
65.92	0.001835677
65.94	0.002096995
65.96	0.002330711
65.98	0.002548874
66	0.00273047
66.02	0.002851028
66.04	0.002892557
66.06	0.002850834
66.08	0.002696987
66.1	0.002421039
66.12	0.002014502
66.14	0.001510373
66.16	0.000949989
66.18	0.000361517
66.2	-0.000275766
66.22	-0.000927463
66.24	-0.001620113
66.26	-0.00233014
66.28	-0.003043853
66.3	-0.003755362
66.32	-0.004449733
66.34	-0.005102037
66.36	-0.005701728
66.38	-0.006256013
66.4	-0.006793352
66.42	-0.007308202
66.44	-0.007778026
66.46	-0.008192618
66.48	-0.008560509
66.5	-0.008886871
66.52	-0.00914136
66.54	-0.009327389
66.56	-0.009451477
66.58	-0.009514943
66.6	-0.009519813
66.62	-0.00948455
66.64	-0.009436729
66.66	-0.009416669
66.68	-0.009428377
66.7	-0.009463787
66.72	-0.009492435
66.74	-0.009489915
66.76	-0.00943023
66.78	-0.009336176
66.8	-0.009290084
66.82	-0.009321892
66.84	-0.00942825
66.86	-0.009569263
66.88	-0.009663053
66.9	-0.009648266
66.92	-0.009484647
66.94	-0.009250059
66.96	-0.009032496
66.98	-0.008906572
67	-0.008895058
67.02	-0.008992271
67.04	-0.009139192
67.06	-0.009273985
67.08	-0.009337706
67.1	-0.009319892
67.12	-0.009233607
67.14	-0.00907898
67.16	-0.008871669
67.18	-0.008621336
67.2	-0.008312256
67.22	-0.007913714
67.24	-0.007418193
67.26	-0.006848483
67.28	-0.006237343
67.3	-0.005625659
67.32	-0.005051699
67.34	-0.004535969
67.36	-0.004067537
67.38	-0.003621481
67.4	-0.003172083
67.42	-0.002701202
67.44	-0.00222518
67.46	-0.001756643
67.48	-0.00131745
67.5	-0.00093449
67.52	-0.000646788
67.54	-0.000497889
67.56	-0.000516452
67.58	-0.000737135
67.6	-0.001182305
67.62	-0.001855405
67.64	-0.002676519
67.66	-0.003555951
67.68	-0.004410771
67.7	-0.005165276
67.72	-0.005752101
67.74	-0.006125246
67.76	-0.006265006
67.78	-0.006172012
67.8	-0.005851847
67.82	-0.005347496
67.84	-0.004758856
67.86	-0.00411611
67.88	-0.003456833
67.9	-0.002822314
67.92	-0.002243028
67.94	-0.001740575
67.96	-0.001323029
67.98	-0.000985554
68	-0.000717145
68.02	-0.000516897
68.04	-0.000393842
68.06	-0.000368625
68.08	-0.000443144
68.1	-0.000617939
68.12	-0.00088107
68.14	-0.001204728
68.16	-0.001533355
68.18	-0.001862423
68.2	-0.00220297
68.22	-0.002571165
68.24	-0.002976988
68.26	-0.003410025
68.28	-0.003827088
68.3	-0.004188209
68.32	-0.004456696
68.34	-0.004598273
68.36	-0.004584836
68.38	-0.004421495
68.4	-0.004152403
68.42	-0.003824486
68.44	-0.003475552
68.46	-0.003103379
68.48	-0.002688049
68.5	-0.002208118
68.52	-0.00165089
68.54	-0.001033014
68.56	-0.000394642
68.58	0.000203072
68.6	0.000734871
68.62	0.001225409
68.64	0.001716631
68.66	0.002203001
68.68	0.002637382
68.7	0.002982293
68.72	0.00322339
68.74	0.003367805
68.76	0.003398744
68.78	0.003311256
68.8	0.003128042
68.82	0.002971157
68.84	0.002857294
68.86	0.0027856
68.88	0.002738852
68.9	0.002700236
68.92	0.002655728
68.94	0.00259711
68.96	0.002544457
68.98	0.002524821
69	0.002521761
69.02	0.002494093
69.04	0.002409062
69.06	0.002238785
69.08	0.001986114
69.1	0.001694971
69.12	0.001414948
69.14	0.001175588
69.16	0.000988573
69.18	0.000871728
69.2	0.00082686
69.22	0.00085299
69.24	0.000938436
69.26	0.00107528
69.28	0.001251497
69.3	0.001446298
69.32	0.001653473
69.34	0.00188416
69.36	0.002111734
69.38	0.002317726
69.4	0.002486342
69.42	0.00260845
69.44	0.002673759
69.46	0.002690437
69.48	0.002653918
69.5	0.002556937
69.52	0.002399498
69.54	0.002185405
69.56	0.001925208
69.58	0.001626596
69.6	0.001299911
69.62	0.000964688
69.64	0.000603456
69.66	0.000229569
69.68	-0.000135531
69.7	-0.000470668
69.72	-0.00075282
69.74	-0.000960275
69.76	-0.001070641
69.78	-0.001079163
69.8	-0.000989351
69.82	-0.000817055
69.84	-0.000578082
69.86	-0.000268907
69.88	0.000116604
69.9	0.000551427
69.92	0.000996012
69.94	0.001436915
69.96	0.001828071
69.98	0.002112326
70	0.002248461
70.02	0.002241182
70.04	0.002102788
70.06	0.001863111
70.08	0.001552773
70.1	0.001200716
70.12	0.000821346
70.14	0.000430805
70.16	5.54246E-05
70.18	-0.000276065
70.2	-0.000528242
70.22	-0.000706521
70.24	-0.000833796
70.26	-0.000932203
70.28	-0.001027644
70.3	-0.001143653
70.32	-0.001291151
70.34	-0.001475508
70.36	-0.001685221
70.38	-0.001903759
70.4	-0.00212739
70.42	-0.002363495
70.44	-0.002628434
70.46	-0.002922788
70.48	-0.00324796
70.5	-0.003583312
70.52	-0.003902278
70.54	-0.00418837
70.56	-0.004433457
70.58	-0.004639121
70.6	-0.004827221
70.62	-0.00501998
70.64	-0.005210711
70.66	-0.005368143
70.68	-0.00544038
70.7	-0.005398118
70.72	-0.00523765
70.74	-0.004968788
70.76	-0.004619957
70.78	-0.004257609
70.8	-0.003884598
70.82	-0.003498125
70.84	-0.003093911
70.86	-0.00268097
70.88	-0.002280401
70.9	-0.001895237
70.92	-0.001566972
70.94	-0.001292513
70.96	-0.001050387
70.98	-0.000827955
71	-0.000604922
71.02	-0.000371003
71.04	-0.000132633
71.06	8.29485E-05
71.08	0.000264913
71.1	0.00043081
71.12	0.000570083
71.14	0.000690944
71.16	0.000800958
71.18	0.000895566
71.2	0.000980723
71.22	0.001067634
71.24	0.001190376
71.26	0.001388793
71.28	0.001707457
71.3	0.002171274
71.32	0.002766217
71.34	0.003464464
71.36	0.004232373
71.38	0.00503143
71.4	0.005816419
71.42	0.006568737
71.44	0.007260516
71.46	0.007882079
71.48	0.008386141
71.5	0.008729659
71.52	0.008861676
71.54	0.008796907
71.56	0.008557518
71.58	0.008199352
71.6	0.007852892
71.62	0.007575129
71.64	0.007365811
71.66	0.007206769
71.68	0.007062932
71.7	0.006900984
71.72	0.006714492
71.74	0.006523569
71.76	0.006335017
71.78	0.006177208
71.8	0.006042906
71.82	0.005936162
71.84	0.005831723
71.86	0.005706205
71.88	0.0055539
71.9	0.00539649
71.92	0.005267319
71.94	0.005201581
71.96	0.005215736
71.98	0.005301668
72	0.005423248
72.02	0.005537993
72.04	0.005610287
72.06	0.005650477
72.08	0.005691863
72.1	0.005774954
72.12	0.005926172
72.14	0.006150493
72.16	0.006427354
72.18	0.006732234
72.2	0.007028523
72.22	0.007299101
72.24	0.007520461
72.26	0.00768729
72.28	0.007773762
72.3	0.007758611
72.32	0.007635331
72.34	0.007435022
72.36	0.007215402
72.38	0.007031107
72.4	0.006915963
72.42	0.006877473
72.44	0.006922795
72.46	0.007037831
72.48	0.00719572
72.5	0.007380084
72.52	0.00757561
72.54	0.007770484
72.56	0.007932193
72.58	0.008043847
72.6	0.008088454
72.62	0.008056866
72.64	0.007965774
72.66	0.007867334
72.68	0.007822778
72.7	0.00788802
72.72	0.008074681
72.74	0.008345887
72.76	0.008627889
72.78	0.008890139
72.8	0.009099915
72.82	0.009251953
72.84	0.00932256
72.86	0.009318647
72.88	0.009224956
72.9	0.009034328
72.92	0.008733458
72.94	0.008330029
72.96	0.007843547
72.98	0.007304411
73	0.006766406
73.02	0.006297683
73.04	0.005943393
73.06	0.005711874
73.08	0.00555176
73.1	0.005452661
73.12	0.00536956
73.14	0.005261564
73.16	0.005129503
73.18	0.004987797
73.2	0.004861031
73.22	0.004776174
73.24	0.004742271
73.26	0.004741594
73.28	0.004752169
73.3	0.00477006
73.32	0.004790438
73.34	0.004811257
73.36	0.004838463
73.38	0.004873666
73.4	0.004902933
73.42	0.004903374
73.44	0.004858865
73.46	0.004745776
73.48	0.00455132
73.5	0.004298961
73.52	0.004025938
73.54	0.003763272
73.56	0.003513293
73.58	0.003290701
73.6	0.003101789
73.62	0.002952455
73.64	0.002865425
73.66	0.002854343
73.68	0.002894541
73.7	0.002970785
73.72	0.003065802
73.74	0.003152439
73.76	0.003203694
73.78	0.003242873
73.8	0.00329032
73.82	0.003366069
73.84	0.003473209
73.86	0.003589882
73.88	0.003687453
73.9	0.003756611
73.92	0.003785995
73.94	0.003784807
73.96	0.003762334
73.98	0.003728346
74	0.003658157
74.02	0.003537995
74.04	0.003338048
74.06	0.003053887
74.08	0.002696296
74.1	0.002332143
74.12	0.00201346
74.14	0.001740717
74.16	0.001507906
74.18	0.001293119
74.2	0.001062529
74.22	0.000794519
74.24	0.000480753
74.26	0.000155708
74.28	-0.000156268
74.3	-0.000432781
74.32	-0.000664452
74.34	-0.000855001
74.36	-0.001013272
74.38	-0.001150359
74.4	-0.001290333
74.42	-0.001432203
74.44	-0.001558356
74.46	-0.00164296
74.48	-0.00166471
74.5	-0.001602787
74.52	-0.001457473
74.54	-0.00124994
74.56	-0.001010908
74.58	-0.000806966
74.6	-0.00066745
74.62	-0.000593367
74.64	-0.000588901
74.66	-0.000644742
74.68	-0.000744225
74.7	-0.000850668
74.72	-0.0009414
74.74	-0.000984408
74.76	-0.000965083
74.78	-0.000890215
74.8	-0.000787636
74.82	-0.000689881
74.84	-0.000630186
74.86	-0.00060906
74.88	-0.000612759
74.9	-0.000625176
74.92	-0.000647808
74.94	-0.000686085
74.96	-0.000741711
74.98	-0.000799502
75	-0.000840327
75.02	-0.000839418
75.04	-0.000773621
75.06	-0.000631096
75.08	-0.000422306
75.1	-0.000157507
75.12	0.000142783
75.14	0.000466032
75.16	0.000775323
75.18	0.001059887
75.2	0.001315952
75.22	0.001552494
75.24	0.001769007
75.26	0.001954301
75.28	0.002114798
75.3	0.00225166
75.32	0.002347663
75.34	0.00239108
75.36	0.002380178
75.38	0.002322554
75.4	0.002222504
75.42	0.002089256
75.44	0.001922473
75.46	0.001731955
75.48	0.001533883
75.5	0.00133845
75.52	0.001149935
75.54	0.000979431
75.56	0.000825988
75.58	0.000680585
75.6	0.0005425
75.62	0.000404837
75.64	0.00025632
75.66	8.64346E-05
75.68	-0.000113121
75.7	-0.000337028
75.72	-0.000577046
75.74	-0.000813418
75.76	-0.00102276
75.78	-0.00117586
75.8	-0.001272598
75.82	-0.00130049
75.84	-0.001254844
75.86	-0.001148973
75.88	-0.001006988
75.9	-0.000845367
75.92	-0.000685505
75.94	-0.000539933
75.96	-0.00040469
75.98	-0.000270856
76	-0.00013956
76.02	-3.02541E-05
76.04	3.35664E-05
76.06	2.31716E-05
76.08	-7.45092E-05
76.1	-0.000228201
76.12	-0.000395664
76.14	-0.000524258
76.16	-0.000559595
76.18	-0.00047475
76.2	-0.000327347
76.22	-0.000184232
76.24	-0.000111565
76.26	-0.00014763
76.28	-0.000290077
76.3	-0.000498304
76.32	-0.000707104
76.34	-0.00087026
76.36	-0.000974908
76.38	-0.0009932
76.4	-0.000902633
76.42	-0.000704414
76.44	-0.000407659
76.46	-2.07682E-05
76.48	0.00043597
76.5	0.000931917
76.52	0.001445031
76.54	0.001961081
76.56	0.00244894
76.58	0.002896789
76.6	0.003300706
76.62	0.003657977
76.64	0.003960541
76.66	0.004206222
76.68	0.004402066
76.7	0.004547301
76.72	0.004643933
76.74	0.004689806
76.76	0.004695283
76.78	0.004667913
76.8	0.004610003
76.82	0.004523315
76.84	0.004410356
76.86	0.004267445
76.88	0.004084158
76.9	0.003860759
76.92	0.003614029
76.94	0.003369681
76.96	0.003168446
76.98	0.003010228
77	0.0029042
77.02	0.002851639
77.04	0.002849501
77.06	0.002873663
77.08	0.002911653
77.1	0.002962355
77.12	0.003019997
77.14	0.003077367
77.16	0.003129898
77.18	0.003193836
77.2	0.003282053
77.22	0.003414659
77.24	0.003601934
77.26	0.003835966
77.28	0.004094228
77.3	0.004338243
77.32	0.004523335
77.34	0.004627272
77.36	0.004656587
77.38	0.0046324
77.4	0.004586179
77.42	0.00454843
77.44	0.004521822
77.46	0.004494387
77.48	0.004434486
77.5	0.004317671
77.52	0.004150008
77.54	0.003963653
77.56	0.003805459
77.58	0.003711585
77.6	0.00367912
77.62	0.00368582
77.64	0.003688508
77.66	0.003662165
77.68	0.003595097
77.7	0.003498669
77.72	0.003402682
77.74	0.003333379
77.76	0.003290556
77.78	0.003278781
77.8	0.003299748
77.82	0.003351006
77.84	0.003439229
77.86	0.0035816
77.88	0.00379866
77.9	0.004096435
77.92	0.004460459
77.94	0.00486631
77.96	0.005267526
77.98	0.005620519
78	0.005906198
78.02	0.006114654
78.04	0.006234248
78.06	0.006250648
78.08	0.006161051
78.1	0.005972307
78.12	0.005696646
78.14	0.005327217
78.16	0.004919617
78.18	0.004490582
78.2	0.004068397
78.22	0.003690309
78.24	0.003387374
78.26	0.00317105
78.28	0.003023849
78.3	0.002921695
78.32	0.002834493
78.34	0.002744244
78.36	0.002657039
78.38	0.002575319
78.4	0.002515161
78.42	0.0024817
78.44	0.002473719
78.46	0.002486794
78.48	0.00252568
78.5	0.002600482
78.52	0.002718656
78.54	0.002879383
78.56	0.00307407
78.58	0.003284246
78.6	0.003485157
78.62	0.003661866
78.64	0.003789708
78.66	0.003853987
78.68	0.00384558
78.7	0.003761245
78.72	0.003605673
78.74	0.003398842
78.76	0.003155224
78.78	0.002901402
78.8	0.00266598
78.82	0.002475097
78.84	0.002361818
78.86	0.002348901
78.88	0.002413916
78.9	0.002550447
78.92	0.00273157
78.94	0.002931429
78.96	0.003127899
78.98	0.003321581
79	0.003497814
79.02	0.003657125
79.04	0.00378708
79.06	0.003872075
79.08	0.003935814
79.1	0.00399951
79.12	0.004095577
79.14	0.004222663
79.16	0.004355814
79.18	0.004454142
79.2	0.004474298
79.22	0.004389986
79.24	0.004202959
79.26	0.003926126
79.28	0.003590066
79.3	0.003241102
79.32	0.002915318
79.34	0.002638316
79.36	0.002414731
79.38	0.002247122
79.4	0.002134208
79.42	0.00206337
79.44	0.002052836
79.46	0.002114977
79.48	0.002245536
79.5	0.002426868
79.52	0.002619087
79.54	0.00277087
79.56	0.002841629
79.58	0.002800382
79.6	0.002630111
79.62	0.002337051
79.64	0.001943998
79.66	0.001509236
79.68	0.001098126
79.7	0.000743838
79.72	0.000475321
79.74	0.0003185
79.76	0.000263428
79.78	0.00028365
79.8	0.000337468
79.82	0.000386206
79.84	0.000413438
79.86	0.000413964
79.88	0.000381291
79.9	0.000317371
79.92	0.000239396
79.94	0.000164131
79.96	0.00010614
79.98	9.26095E-05
80	0.000115106
80.02	0.000172015
80.04	0.000258597
80.06	0.000355665
80.08	0.000444385
80.1	0.000499919
80.12	0.000495393
80.14	0.000422679
80.16	0.000294596
80.18	0.00012307
80.2	-6.89481E-05
80.22	-0.000236571
80.24	-0.000373867
80.26	-0.000485129
80.28	-0.000562097
80.3	-0.000581826
80.32	-0.000520993
80.34	-0.000357034
80.36	-8.51076E-05
80.38	0.000286299
80.4	0.00072789
80.42	0.001191555
80.44	0.001620347
80.46	0.001974
80.48	0.002231743
80.5	0.002388706
80.52	0.002474412
80.54	0.002517632
80.56	0.00256104
80.58	0.002616808
80.6	0.002671822
80.62	0.002685757
80.64	0.002625282
80.66	0.002479597
80.68	0.002257817
80.7	0.001990699
80.72	0.001719044
80.74	0.00150531
80.76	0.001359916
80.78	0.001274367
80.8	0.001238712
80.82	0.001239026
80.84	0.00126479
80.86	0.001326967
80.88	0.001456297
80.9	0.001661738
80.92	0.001939245
80.94	0.002277833
80.96	0.002647518
80.98	0.003027166
81	0.003382139
81.02	0.003689391
81.04	0.003928088
81.06	0.004086064
81.08	0.004158234
81.1	0.004153176
81.12	0.00410533
81.14	0.004046526
81.16	0.003992574
81.18	0.003937069
81.2	0.003858683
81.22	0.003742816
81.24	0.003571241
81.26	0.003356101
81.28	0.003123291
81.3	0.002922415
81.32	0.002774482
81.34	0.002696729
81.36	0.002681147
81.38	0.002729624
81.4	0.002843655
81.42	0.003010299
81.44	0.003213649
81.46	0.003455571
81.48	0.003719416
81.5	0.003977399
81.52	0.004205525
81.54	0.004390364
81.56	0.004496971
81.58	0.004535035
81.6	0.004497582
81.62	0.004398559
81.64	0.004265918
81.66	0.004120493
81.68	0.003967731
81.7	0.003819028
81.72	0.003675644
81.74	0.003549751
81.76	0.003462971
81.78	0.003429442
81.8	0.003460295
81.82	0.00357371
81.84	0.003778005
81.86	0.00404339
81.88	0.004325736
81.9	0.00458385
81.92	0.004799625
81.94	0.004973068
81.96	0.005108992
81.98	0.005219752
82	0.005303892
82.02	0.005344749
82.04	0.005314097
82.06	0.005197206
82.08	0.004993643
82.1	0.00470512
82.12	0.004364951
82.14	0.00400575
82.16	0.003648637
82.18	0.003312741
82.2	0.003010126
82.22	0.002748786
82.24	0.002521471
82.26	0.002331183
82.28	0.002184575
82.3	0.002099453
82.32	0.002085334
82.34	0.002134108
82.36	0.002247602
82.38	0.002422208
82.4	0.002647854
82.42	0.002923452
82.44	0.003238941
82.46	0.003579965
82.48	0.003920943
82.5	0.004230815
82.52	0.004484827
82.54	0.004670992
82.56	0.004779146
82.58	0.004817349
82.6	0.00479744
82.62	0.00473016
82.64	0.004609247
82.66	0.004435844
82.68	0.00421832
82.7	0.003984753
82.72	0.00374896
82.74	0.003539778
82.76	0.003389653
82.78	0.003316014
82.8	0.003311694
82.82	0.003368016
82.84	0.003476295
82.86	0.00362109
82.88	0.003789419
82.9	0.003958291
82.92	0.004099633
82.94	0.004192293
82.96	0.00420984
82.98	0.004137377
83	0.003985501
83.02	0.003799478
83.04	0.003621478
83.06	0.003484216
83.08	0.00340065
83.1	0.003379281
83.12	0.003404428
83.14	0.003451106
83.16	0.003488778
83.18	0.003490904
83.2	0.003442928
83.22	0.003348277
83.24	0.003220079
83.26	0.003082163
83.28	0.002957542
83.3	0.002848297
83.32	0.002756381
83.34	0.002701169
83.36	0.002684674
83.38	0.00272131
83.4	0.002812987
83.42	0.002952811
83.44	0.003126688
83.46	0.003315257
83.48	0.00347291
83.5	0.003553135
83.52	0.00351594
83.54	0.003329892
83.56	0.00298378
83.58	0.002502075
83.6	0.001929554
83.62	0.001308709
83.64	0.00067159
83.66	5.86502E-05
83.68	-0.00046921
83.7	-0.000861536
83.72	-0.00109284
83.74	-0.001166225
83.76	-0.001091008
83.78	-0.000890803
83.8	-0.000610844
83.82	-0.000314945
83.84	-3.57923E-05
83.86	0.000217034
83.88	0.0004375
83.9	0.000622197
83.92	0.000763726
83.94	0.000849057
83.96	0.000894014
83.98	0.000905016
84	0.000891972
84.02	0.000872126
84.04	0.000858153
84.06	0.000839968
84.08	0.000796774
84.1	0.00070302
84.12	0.000546245
84.14	0.000334082
84.16	7.78137E-05
84.18	-0.000200943
84.2	-0.00047404
84.22	-0.000727693
84.24	-0.000950168
84.26	-0.001125155
84.28	-0.001240446
84.3	-0.00126683
84.32	-0.001189313
84.34	-0.001017893
84.36	-0.000775122
84.38	-0.000495472
84.4	-0.000226052
84.42	1.2124E-05
84.44	0.000207782
84.46	0.000375932
84.48	0.000541417
84.5	0.000733543
84.52	0.000959171
84.54	0.001225219
84.56	0.001526147
84.58	0.001826883
84.6	0.002081273
84.62	0.002259573
84.64	0.002337481
84.66	0.002317367
84.68	0.002212089
84.7	0.002054117
84.72	0.001878166
84.74	0.001722908
84.76	0.001595726
84.78	0.001489409
84.8	0.001410531
84.82	0.00136764
84.84	0.00136943
84.86	0.001437714
84.88	0.001596122
84.9	0.001859586
84.92	0.002203989
84.94	0.002595254
84.96	0.002955088
84.98	0.003247638
85	0.003445517
85.02	0.003532666
85.04	0.003518912
85.06	0.003412413
85.08	0.003245891
85.1	0.003066905
85.12	0.002905092
85.14	0.002779941
85.16	0.002699692
85.18	0.002676287
85.2	0.002709236
85.22	0.002799966
85.24	0.00295004
85.26	0.0031639
85.28	0.00345474
85.3	0.003787819
85.32	0.004120398
85.34	0.004419658
85.36	0.004659937
85.38	0.004825096
85.4	0.00490112
85.42	0.004903975
85.44	0.004853548
85.46	0.004768975
85.48	0.004659789
85.5	0.004540499
85.52	0.004418367
85.54	0.004316608
85.56	0.004237403
85.58	0.004178986
85.6	0.004135889
85.62	0.004079159
85.64	0.003993476
85.66	0.003867501
85.68	0.003693429
85.7	0.0034945
85.72	0.003290138
85.74	0.003116305
85.76	0.0030123
85.78	0.002998161
85.8	0.003061649
85.82	0.00321432
85.84	0.003425633
85.86	0.003660087
85.88	0.003894997
85.9	0.00411545
85.92	0.004314064
85.94	0.004493276
85.96	0.004633321
85.98	0.004718261
86	0.00473307
86.02	0.004671094
86.04	0.00453187
86.06	0.004327044
86.08	0.004090752
86.1	0.003869139
86.12	0.003686362
86.14	0.003564935
86.16	0.003517347
86.18	0.003539135
86.2	0.003600841
86.22	0.003674006
86.24	0.003719439
86.26	0.003729058
86.28	0.003720063
86.3	0.003728054
86.32	0.003790087
86.34	0.003935125
86.36	0.004161213
86.38	0.004437431
86.4	0.00471647
86.42	0.004958565
86.44	0.005132412
86.46	0.005231116
86.48	0.005264662
86.5	0.005255094
86.52	0.005204811
86.54	0.005114516
86.56	0.004981385
86.58	0.004791135
86.6	0.004538427
86.62	0.004238021
86.64	0.003927704
86.66	0.003646341
86.68	0.003426256
86.7	0.003283482
86.72	0.003219278
86.74	0.003227159
86.76	0.003290409
86.78	0.003384001
86.8	0.003502762
86.82	0.003641203
86.84	0.003799841
86.86	0.003984919
86.88	0.004178639
86.9	0.004340176
86.92	0.004426431
86.94	0.004425223
86.96	0.004322476
86.98	0.004149832
87	0.003948439
87.02	0.003764536
87.04	0.003612306
87.06	0.003481656
87.08	0.003336444
87.1	0.003158004
87.12	0.00293033
87.14	0.00263984
87.16	0.002293241
87.18	0.001919089
87.2	0.001542559
87.22	0.001204631
87.24	0.000931615
87.26	0.000729834
87.28	0.000605816
87.3	0.000558637
87.32	0.000578514
87.34	0.000647748
87.36	0.000753013
87.38	0.000878766
87.4	0.001007436
87.42	0.001114401
87.44	0.001172283
87.46	0.001156243
87.48	0.001072374
87.5	0.00092666
87.52	0.000724751
87.54	0.000487531
87.56	0.00024382
87.58	1.44753E-05
87.6	-0.000182465
87.62	-0.000339268
87.64	-0.000454938
87.66	-0.000549516
87.68	-0.000634722
87.7	-0.000703744
87.72	-0.000755353
87.74	-0.000782165
87.76	-0.000760253
87.78	-0.000680602
87.8	-0.000540676
87.82	-0.00035363
87.84	-0.000147802
87.86	4.20674E-05
87.88	0.00018659
87.9	0.000253849
87.92	0.000256125
87.94	0.000210628
87.96	0.000136303
87.98	4.69999E-05
88	-6.37732E-05
88.02	-0.000207071
88.04	-0.000396219
88.06	-0.000641169
88.08	-0.000928184
88.1	-0.001223712
88.12	-0.001498098
88.14	-0.001728938
88.16	-0.00192348
88.18	-0.002093305
88.2	-0.002257055
88.22	-0.002424476
88.24	-0.002587401
88.26	-0.002715206
88.28	-0.002770013
88.3	-0.002737753
88.32	-0.002618721
88.34	-0.002435085
88.36	-0.002218583
88.38	-0.002000749
88.4	-0.001803716
88.42	-0.001618695
88.44	-0.0014495
88.46	-0.001302998
88.48	-0.001193454
88.5	-0.001133803
88.52	-0.001143431
88.54	-0.001221569
88.56	-0.001348806
88.58	-0.00150369
88.6	-0.001673934
88.62	-0.001839876
88.64	-0.00198609
88.66	-0.002096501
88.68	-0.002152507
88.7	-0.002147507
88.72	-0.00208525
88.74	-0.001973524
88.76	-0.001825265
88.78	-0.001653593
88.8	-0.001474294
88.82	-0.001294048
88.84	-0.001101987
88.86	-0.000887021
88.88	-0.000644645
88.9	-0.000370299
88.92	-7.82254E-05
88.94	0.0002093
88.96	0.000462251
88.98	0.000670355
89	0.000838062
89.02	0.000967067
89.04	0.001062139
89.06	0.00111828
89.08	0.001151779
89.1	0.001172626
89.12	0.001197291
89.14	0.001237
89.16	0.001288124
89.18	0.001355301
89.2	0.001429978
89.22	0.001514409
89.24	0.001596361
89.26	0.001683015
89.28	0.001771454
89.3	0.001832971
89.32	0.001845324
89.34	0.001797867
89.36	0.001695878
89.38	0.001558644
89.4	0.001404696
89.42	0.001250366
89.44	0.001109503
89.46	0.000991848
89.48	0.000901709
89.5	0.000838996
89.52	0.000780594
89.54	0.000725922
89.56	0.000656876
89.58	0.000550519
89.6	0.000398901
89.62	0.000205308
89.64	-1.27717E-05
89.66	-0.000219691
89.68	-0.000378136
89.7	-0.00046445
89.72	-0.000453978
89.74	-0.000336424
89.76	-0.000137983
89.78	0.000126731
89.8	0.000432704
89.82	0.000758229
89.84	0.001075327
89.86	0.00134934
89.88	0.001555523
89.9	0.001672047
89.92	0.001695793
89.94	0.001644012
89.96	0.001546289
89.98	0.00142897
90	0.001303229
90.02	0.001169675
90.04	0.001026463
90.06	0.000879691
90.08	0.000739556
90.1	0.000629027
90.12	0.000572995
90.14	0.000576215
90.16	0.000631136
90.18	0.000726545
90.2	0.000845267
90.22	0.00096561
90.24	0.001063976
90.26	0.001150525
90.28	0.001253062
90.3	0.001394272
90.32	0.001594445
90.34	0.001860409
90.36	0.002189345
90.38	0.002561553
90.4	0.002947009
90.42	0.003343844
90.44	0.003745676
90.46	0.004129611
90.48	0.004464308
90.5	0.004721436
90.52	0.004892454
90.54	0.00495884
90.56	0.004928223
90.58	0.00480666
90.6	0.004615394
90.62	0.004381714
90.64	0.004143009
90.66	0.003940288
90.68	0.003806501
90.7	0.003758481
90.72	0.003779513
90.74	0.003863023
90.76	0.00399287
90.78	0.004142031
90.8	0.004300065
90.82	0.004457304
90.84	0.004602055
90.86	0.004724144
90.88	0.004815983
90.9	0.004880996
90.92	0.004934311
90.94	0.004974658
90.96	0.005000538
90.98	0.005007226
91	0.004991601
91.02	0.004952523
91.04	0.00490631
91.06	0.004871943
91.08	0.004869203
91.1	0.004898602
91.12	0.004942954
91.14	0.004983807
91.16	0.005006075
91.18	0.00500024
91.2	0.004966826
91.22	0.004906921
91.24	0.00483284
91.26	0.004739279
91.28	0.00462889
91.3	0.00450208
91.32	0.004374792
91.34	0.004255985
91.36	0.004141172
91.38	0.004034579
91.4	0.003932694
91.42	0.0038313
91.44	0.003722989
91.46	0.003599181
91.48	0.003458218
91.5	0.003302321
91.52	0.003133465
91.54	0.002953675
91.56	0.002791727
91.58	0.002661339
91.6	0.002565352
91.62	0.002496055
91.64	0.002448975
91.66	0.002418663
91.68	0.002393188
91.7	0.00238336
91.72	0.002406221
91.74	0.002479255
91.76	0.002608447
91.78	0.002791411
91.8	0.003003202
91.82	0.003219754
91.84	0.003416668
91.86	0.003580936
91.88	0.003711265
91.9	0.003808001
91.92	0.003869296
91.94	0.003880536
91.96	0.003830495
91.98	0.003711244
92	0.003528792
92.02	0.00329928
92.04	0.003046556
92.06	0.002796681
92.08	0.002562997
92.1	0.002357909
92.12	0.002196758
92.14	0.002089544
92.16	0.00204668
92.18	0.002073578
92.2	0.002151567
92.22	0.002244967
92.24	0.002330181
92.26	0.002392319
92.28	0.002427082
92.3	0.002448183
92.32	0.002469603
92.34	0.002495984
92.36	0.002510358
92.38	0.002509963
92.4	0.002484467
92.42	0.002424651
92.44	0.002334861
92.46	0.002231728
92.48	0.002132043
92.5	0.002044317
92.52	0.001973033
92.54	0.001915819
92.56	0.001865614
92.58	0.001805945
92.6	0.001727948
92.62	0.001646541
92.64	0.001580001
92.66	0.0015539
92.68	0.001588153
92.7	0.001696024
92.72	0.001857673
92.74	0.002060029
92.76	0.002286588
92.78	0.002531401
92.8	0.002791632
92.82	0.003058804
92.84	0.003318861
92.86	0.003557055
92.88	0.003746112
92.9	0.003855618
92.92	0.003905544
92.94	0.003906126
92.96	0.003864668
92.98	0.003785358
93	0.003675096
93.02	0.003539068
93.04	0.003377771
93.06	0.003206968
93.08	0.00304373
93.1	0.002916577
93.12	0.002830589
93.14	0.002796108
93.16	0.002805667
93.18	0.00284417
93.2	0.00289198
93.22	0.002938788
93.24	0.002986207
93.26	0.003036095
93.28	0.003090797
93.3	0.003155506
93.32	0.003221436
93.34	0.003280369
93.36	0.003321379
93.38	0.003337003
93.4	0.003315623
93.42	0.003249259
93.44	0.003131518
93.46	0.002966056
93.48	0.002761327
93.5	0.002524472
93.52	0.00226629
93.54	0.001998457
93.56	0.001732898
93.58	0.001483178
93.6	0.0012596
93.62	0.001071245
93.64	0.000912586
93.66	0.000772446
93.68	0.000639916
93.7	0.000512513
93.72	0.000408562
93.74	0.00035615
93.76	0.000347598
93.78	0.000386107
93.8	0.00045493
93.82	0.000540532
93.84	0.00062813
93.86	0.00071511
93.88	0.00080224
93.9	0.000897635
93.92	0.000998624
93.94	0.001088054
93.96	0.001166188
93.98	0.001228087
94	0.001271282
94.02	0.001293675
94.04	0.001305504
94.06	0.001322686
94.08	0.001358177
94.1	0.001428713
94.12	0.00153924
94.14	0.001689149
94.16	0.001872211
94.18	0.002091867
94.2	0.002350722
94.22	0.002652846
94.24	0.002981015
94.26	0.003324759
94.28	0.003658035
94.3	0.003965372
94.32	0.004240181
94.34	0.004489516
94.36	0.004717603
94.38	0.004926993
94.4	0.005113824
94.42	0.005267206
94.44	0.005377265
94.46	0.005434744
94.48	0.005440147
94.5	0.005406377
94.52	0.005342466
94.54	0.005255104
94.56	0.005146256
94.58	0.005022335
94.6	0.004891677
94.62	0.004763883
94.64	0.004651616
94.66	0.004556488
94.68	0.004485202
94.7	0.004433722
94.72	0.004388706
94.74	0.004335967
94.76	0.00426555
94.78	0.004183584
94.8	0.004090767
94.82	0.003997398
94.84	0.003900528
94.86	0.003810539
94.88	0.003720882
94.9	0.003623114
94.92	0.003508254
94.94	0.003367443
94.96	0.00320952
94.98	0.003055482
95	0.002921929
95.02	0.002824845
95.04	0.002762476
95.06	0.002730292
95.08	0.002692428
95.1	0.002626855
95.12	0.002520893
95.14	0.00237723
95.16	0.002204739
95.18	0.002020639
95.2	0.001838661
95.22	0.001663381
95.24	0.001496489
95.26	0.001356478
95.28	0.001244201
95.3	0.001162376
95.32	0.001119982
95.34	0.00112341
95.36	0.001173433
95.38	0.001258561
95.4	0.001363825
95.42	0.001469743
95.44	0.001556062
95.46	0.001609593
95.48	0.001614027
95.5	0.001572061
95.52	0.001487672
95.54	0.001381614
95.56	0.001280309
95.58	0.001215893
95.6	0.001220257
95.62	0.001304294
95.64	0.001461436
95.66	0.001659342
95.68	0.001860018
95.7	0.002039863
95.72	0.002186468
95.74	0.002309882
95.76	0.002411832
95.78	0.002482046
95.8	0.002500465
95.82	0.002460525
95.84	0.002355966
95.86	0.002203017
95.88	0.002022319
95.9	0.001837237
95.92	0.001679733
95.94	0.001561103
95.96	0.001477483
95.98	0.001415537
96	0.001353059
96.02	0.001261987
96.04	0.001129824
96.06	0.000971458
96.08	0.000807002
96.1	0.000664881
96.12	0.000553236
96.14	0.000467343
96.16	0.000386068
96.18	0.000288662
96.2	0.000158312
96.22	1.95437E-06
96.24	-0.000158862
96.26	-0.000290823
96.28	-0.000375668
96.3	-0.00040679
96.32	-0.000393569
96.34	-0.00035661
96.36	-0.000324002
96.38	-0.000306699
96.4	-0.00030431
96.42	-0.000300828
96.44	-0.000283192
96.46	-0.000244815
96.48	-0.000190406
96.5	-0.000124659
96.52	-6.20583E-05
96.54	-1.65314E-05
96.56	-4.79533E-06
96.58	-1.63352E-05
96.6	-6.05961E-05
96.62	-0.000136165
96.64	-0.000245885
96.66	-0.000368023
96.68	-0.000481997
96.7	-0.000579163
96.72	-0.00064548
96.74	-0.000666711
96.76	-0.000647815
96.78	-0.000607814
96.8	-0.000566541
96.82	-0.00050136
96.84	-0.000409734
96.86	-0.000286991
96.88	-0.00013889
96.9	1.85655E-05
96.92	0.000175786
96.94	0.000334252
96.96	0.000494085
96.98	0.000668576
97	0.000870358
97.02	0.001100665
97.04	0.00134443
97.06	0.001600634
97.08	0.001854167
97.1	0.002085431
97.12	0.002273106
97.14	0.002393148
97.16	0.002431682
97.18	0.002388667
97.2	0.002274121
97.22	0.002104535
97.24	0.001898494
97.26	0.001666844
97.28	0.001412
97.3	0.001151233
97.32	0.000903255
97.34	0.000693378
97.36	0.00053322
97.38	0.000410141
97.4	0.000307931
97.42	0.000199443
97.44	6.0957E-05
97.46	-0.000118301
97.48	-0.000313606
97.5	-0.000486676
97.52	-0.000605793
97.54	-0.000648718
97.56	-0.00062648
97.58	-0.000560784
97.6	-0.0004879
97.62	-0.000447062
97.64	-0.000463668
97.66	-0.00052595
97.68	-0.000604398
97.7	-0.00067351
97.72	-0.000715446
97.74	-0.000715738
97.76	-0.000680341
97.78	-0.000624915
97.8	-0.000566743
97.82	-0.000524617
97.84	-0.000503224
97.86	-0.000499808
97.88	-0.000510882
97.9	-0.00053596
97.92	-0.000557371
97.94	-0.000546815
97.96	-0.000509532
97.98	-0.000453182
98	-0.000383427
98.02	-0.000308844
98.04	-0.00023203
98.06	-0.000150775
98.08	-4.35259E-05
98.1	0.000112944
98.12	0.000335911
98.14	0.000612493
98.16	0.000910686
98.18	0.001212101
98.2	0.001487868
98.22	0.001731747
98.24	0.001934102
98.26	0.002091909
98.28	0.002209876
98.3	0.002282643
98.32	0.002318371
98.34	0.002349673
98.36	0.002416159
98.38	0.002549999
98.4	0.00274806
98.42	0.003003973
98.44	0.00329223
98.46	0.003588623
98.48	0.003863222
98.5	0.004091418
98.52	0.004258318
98.54	0.004352589
98.56	0.004376462
98.58	0.004336075
98.6	0.004248214
98.62	0.004129754
98.64	0.003992987
98.66	0.003846286
98.68	0.003696784
98.7	0.003555207
98.72	0.003432882
98.74	0.003348089
98.76	0.003320822
98.78	0.003357925
98.8	0.003433503
98.82	0.003536944
98.84	0.003643857
98.86	0.003719804
98.88	0.003737699
98.9	0.003694628
98.92	0.003611068
98.94	0.003508832
98.96	0.003403275
98.98	0.00330272
99	0.003222297
99.02	0.003167649
99.04	0.003114352
99.06	0.003057016
99.08	0.003001414
99.1	0.002946572
99.12	0.002880084
99.14	0.002797486
99.16	0.002707642
99.18	0.0026337
99.2	0.002574972
99.22	0.002519238
99.24	0.00245667
99.26	0.00237419
99.28	0.002260316
99.3	0.002108931
99.32	0.001954716
99.34	0.001831254
99.36	0.001779563
99.38	0.001808372
99.4	0.001897716
99.42	0.002025453
99.44	0.002170833
99.46	0.002309381
99.48	0.00241892
99.5	0.002492276
99.52	0.002530532
99.54	0.002544515
99.56	0.002542803
99.58	0.002526201
99.6	0.002491907
99.62	0.002430719
99.64	0.002335651
99.66	0.00220492
99.68	0.002053993
99.7	0.001901652
99.72	0.001769302
99.74	0.001666297
99.76	0.001601648
99.78	0.00157906
99.8	0.001598291
99.82	0.001665223
99.84	0.001780965
99.86	0.001935554
99.88	0.002110684
99.9	0.002289306
99.92	0.002460486
99.94	0.002617273
99.96	0.00275981
99.98	0.002901704
100	0.003054977
100.02	0.003219866
100.04	0.003382108
100.06	0.003521331
100.08	0.003615775
100.1	0.003642221
100.12	0.00359601
100.14	0.003498196
100.16	0.003372518
100.18	0.003242969
100.2	0.003130694
100.22	0.003049153
100.24	0.002999523
100.26	0.002973295
100.28	0.002961458
100.3	0.002951569
100.32	0.002944691
100.34	0.002952764
100.36	0.002992993
100.38	0.003069394
100.4	0.003175679
100.42	0.003305691
100.44	0.003447072
100.46	0.003584502
100.48	0.003707042
100.5	0.003807007
100.52	0.003872177
100.54	0.003883554
100.56	0.0038361
100.58	0.003728602
100.6	0.003574424
100.62	0.003397482
100.64	0.003211879
100.66	0.003026995
100.68	0.00285461
100.7	0.002701292
100.72	0.002568815
100.74	0.002464704
100.76	0.002395428
100.78	0.002362764
100.8	0.00238298
100.82	0.002475235
100.84	0.002634744
100.86	0.002863817
100.88	0.003143516
100.9	0.003448011
100.92	0.003736446
100.94	0.003981573
100.96	0.004160105
100.98	0.004261308
101	0.004276801
101.02	0.004199594
101.04	0.004046085
101.06	0.003837814
101.08	0.003603792
101.1	0.00336598
101.12	0.003144555
101.14	0.00295011
101.16	0.002777455
101.18	0.00261339
101.2	0.002443468
101.22	0.002254307
101.24	0.002047325
101.26	0.001839443
101.28	0.001649404
101.3	0.001492119
101.32	0.00136735
101.34	0.001266965
101.36	0.001180755
101.38	0.001104723
101.4	0.00104698
101.42	0.001023264
101.44	0.001044131
101.46	0.001115471
101.48	0.001238521
101.5	0.001393058
101.52	0.001546223
101.54	0.001661565
101.56	0.001706645
101.58	0.001656759
101.6	0.001511525
101.62	0.001289458
101.64	0.00101646
101.66	0.000715918
101.68	0.000418821
101.7	0.000153261
101.72	-5.93023E-05
101.74	-0.000206147
101.76	-0.000269183
101.78	-0.000243256
101.8	-0.000158944
101.82	-3.54839E-05
101.84	0.000108165
101.86	0.000257522
101.88	0.000404133
101.9	0.000545292
101.92	0.00068102
101.94	0.000823829
101.96	0.000980763
101.98	0.001147523
102	0.001326511
102.02	0.001507626
102.04	0.0016861
102.06	0.001857857
102.08	0.002016582
102.1	0.002162594
102.12	0.002292322
102.14	0.002405499
102.16	0.002511305
102.18	0.00261376
102.2	0.002722078
102.22	0.002846772
102.24	0.002986495
102.26	0.003134915
102.28	0.003288133
102.3	0.003460277
102.32	0.003668549
102.34	0.003909073
102.36	0.004175414
102.38	0.004461169
102.4	0.004744058
102.42	0.004997515
102.44	0.005198864
102.46	0.005327353
102.48	0.005375747
102.5	0.005342073
102.52	0.005232483
102.54	0.005063259
102.56	0.004850765
102.58	0.00458993
102.6	0.00428154
102.62	0.003934514
102.64	0.003558349
102.66	0.003167956
102.68	0.002794485
102.7	0.002469134
102.72	0.002217331
102.74	0.002051281
102.76	0.001963894
102.78	0.001932207
102.8	0.001922187
102.82	0.001905467
102.84	0.001866084
102.86	0.001800972
102.88	0.001730196
102.9	0.001680102
102.92	0.001670558
102.94	0.001703004
102.96	0.001770912
102.98	0.001850594
103	0.001913134
103.02	0.001932919
103.04	0.001880669
103.06	0.001750763
103.08	0.001556867
103.1	0.001319653
103.12	0.001066152
103.14	0.000815334
103.16	0.000576515
103.18	0.000355739
103.2	0.000149263
103.22	-5.04102E-05
103.24	-0.000228504
103.26	-0.000358252
103.28	-0.000435827
103.3	-0.000442942
103.32	-0.000371824
103.34	-0.000225679
103.36	-8.28613E-06
103.38	0.000263126
103.4	0.000562977
103.42	0.000873675
103.44	0.001169504
103.46	0.00144829
103.48	0.001718069
103.5	0.001976112
103.52	0.002216453
103.54	0.002424108
103.56	0.002596342
103.58	0.002745532
103.6	0.002875399
103.62	0.002999343
103.64	0.00311376
103.66	0.003206707
103.68	0.003261727
103.7	0.00326815
103.72	0.0032226
103.74	0.003140326
103.76	0.003047387
103.78	0.002978178
103.8	0.00295328
103.82	0.002964821
103.84	0.002996898
103.86	0.00302047
103.88	0.00301633
103.9	0.002983987
103.92	0.002934542
103.94	0.002887275
103.96	0.002862397
103.98	0.002869683
104	0.002903299
104.02	0.002951486
104.04	0.002990822
104.06	0.002999574
104.08	0.002963015
104.1	0.00285905
104.12	0.002709216
104.14	0.002552934
104.16	0.002424989
104.18	0.002341172
104.2	0.002309722
104.22	0.002332021
104.24	0.00240085
104.26	0.002499562
104.28	0.002607443
104.3	0.002725221
104.32	0.002852746
104.34	0.002977768
104.36	0.003096888
104.38	0.003206578
104.4	0.003289561
104.42	0.003327955
104.44	0.003309176
104.46	0.003247109
104.48	0.003159302
104.5	0.003054472
104.52	0.002933481
104.54	0.002808434
104.56	0.002693509
104.58	0.002602309
104.6	0.002532363
104.62	0.002482622
104.64	0.002453259
104.66	0.002435858
104.68	0.002418224
104.7	0.002412993
104.72	0.002422474
104.74	0.002447811
104.76	0.002482434
104.78	0.002525386
104.8	0.002570824
104.82	0.002635723
104.84	0.002723161
104.86	0.002837104
104.88	0.002968311
104.9	0.003099942
104.92	0.00320391
104.94	0.003236943
104.96	0.003168289
104.98	0.003000277
105	0.002750761
105.02	0.002439571
105.04	0.002101542
105.06	0.00177967
105.08	0.001494086
105.1	0.001256586
105.12	0.001068221
105.14	0.000941594
105.16	0.000875363
105.18	0.000842984
105.2	0.000848808
105.22	0.000892372
105.24	0.000970434
105.26	0.001066624
105.28	0.001158693
105.3	0.001222961
105.32	0.001245416
105.34	0.001214016
105.36	0.00113062
105.38	0.00103377
105.4	0.000949957
105.42	0.000895802
105.44	0.000863388
105.46	0.000830049
105.48	0.000761191
105.5	0.000626181
105.52	0.000404369
105.54	9.69548E-05
105.56	-0.000277966
105.58	-0.00068924
105.6	-0.001110109
105.62	-0.001509964
105.64	-0.001863855
105.66	-0.002149081
105.68	-0.002343853
105.7	-0.002413205
105.72	-0.00234721
105.74	-0.002171009
105.76	-0.001899356
105.78	-0.001571435
105.8	-0.001215827
105.82	-0.000859406
105.84	-0.000528947
105.86	-0.00024514
105.88	-2.96212E-05
105.9	0.000104718
105.92	0.000135485
105.94	0.000100383
105.96	2.2489E-05
105.98	-7.17117E-05
106	-0.000169692
106.02	-0.000250603
106.04	-0.000315557
106.06	-0.000367719
106.08	-0.000416133
106.1	-0.000460872
106.12	-0.000501291
106.14	-0.000535575
106.16	-0.00055798
106.18	-0.000564674
106.2	-0.00054964
106.22	-0.000499678
106.24	-0.000406077
106.26	-0.000252673
106.28	-3.48022E-05
106.3	0.000245064
106.32	0.000573028
106.34	0.000929733
106.36	0.001282373
106.38	0.001601165
106.4	0.001867819
106.42	0.00207134
106.44	0.002212353
106.46	0.002299065
106.48	0.00233337
106.5	0.002319917
106.52	0.002295388
106.54	0.00225487
106.56	0.00219217
106.58	0.00211191
106.6	0.002009246
106.62	0.001881433
106.64	0.001748185
106.66	0.001630273
106.68	0.001545337
106.7	0.001518205
106.72	0.001552073
106.74	0.001619167
106.76	0.001702177
106.78	0.001784827
106.8	0.001867129
106.82	0.001951455
106.84	0.002039277
106.86	0.002129273
106.88	0.002202489
106.9	0.00223954
106.92	0.002223936
106.94	0.002166018
106.96	0.002056359
106.98	0.001891945
107	0.001674893
107.02	0.001407643
107.04	0.001095483
107.06	0.000756386
107.08	0.00042929
107.1	0.000144612
107.12	-8.2367E-05
107.14	-0.000236062
107.16	-0.00032345
107.18	-0.000339907
107.2	-0.000305694
107.22	-0.000226151
107.24	-0.000112034
107.26	2.61728E-05
107.28	0.000184549
107.3	0.000355139
107.32	0.000527074
107.34	0.000691939
107.36	0.000841649
107.38	0.000971236
107.4	0.001076013
107.42	0.001147749
107.44	0.00117067
107.46	0.001146121
107.48	0.001089639
107.5	0.001024178
107.52	0.000974367
107.54	0.000955538
107.56	0.000974541
107.58	0.001013146
107.6	0.001055134
107.62	0.001084348
107.64	0.001100991
107.66	0.001117635
107.68	0.001142735
107.7	0.001186293
107.72	0.001260467
107.74	0.001371109
107.76	0.001513417
107.78	0.001683045
107.8	0.001873703
107.82	0.002071123
107.84	0.002273431
107.86	0.002476528
107.88	0.002673895
107.9	0.002865134
107.92	0.003048242
107.94	0.003200277
107.96	0.003307871
107.98	0.003369884
108	0.003374898
108.02	0.003322052
108.04	0.003220057
108.06	0.003100384
108.08	0.002997892
108.1	0.002944542
108.12	0.002964136
108.14	0.003072192
108.16	0.003267151
108.18	0.003515719
108.2	0.003790152
108.22	0.004059781
108.24	0.004302621
108.26	0.004507181
108.28	0.004663379
108.3	0.004768498
108.32	0.00482866
108.34	0.004849991
108.36	0.00482835
108.38	0.004761917
108.4	0.004653152
108.42	0.004517114
108.44	0.004369792
108.46	0.004223269
108.48	0.004087075
108.5	0.003954346
108.52	0.003808734
108.54	0.003627031
108.56	0.003403738
108.58	0.003141347
108.6	0.002852477
108.62	0.002560656
108.64	0.002283192
108.66	0.002048851
108.68	0.001878133
108.7	0.001775349
108.72	0.001739449
108.74	0.0017649
108.76	0.001839002
108.78	0.001938909
108.8	0.002051136
108.82	0.00216555
108.84	0.002268891
108.86	0.002342343
108.88	0.002356842
108.9	0.00229498
108.92	0.002150668
108.94	0.001925261
108.96	0.001632798
108.98	0.001295711
109	0.00094507
109.02	0.000606185
109.04	0.000288414
109.06	1.13061E-05
109.08	-0.000208234
109.1	-0.000373679
109.12	-0.000488015
109.14	-0.000559706
109.16	-0.000595619
109.18	-0.000605729
109.2	-0.000593232
109.22	-0.000562424
109.24	-0.000516707
109.26	-0.000457058
109.28	-0.000389745
109.3	-0.000304324
109.32	-0.000202546
109.34	-9.41814E-05
109.36	1.24667E-05
109.38	0.000113901
109.4	0.000199806
109.42	0.000265866
109.44	0.000317472
109.46	0.000354289
109.48	0.000369966
109.5	0.000360721
109.52	0.000337677
109.54	0.00031365
109.56	0.000304983
109.58	0.000318286
109.6	0.000348029
109.62	0.00038682
109.64	0.000426229
109.66	0.000465266
109.68	0.000504136
109.7	0.000549386
109.72	0.000618472
109.74	0.00071477
109.76	0.000846658
109.78	0.001019263
109.8	0.001220129
109.82	0.001419224
109.84	0.001572655
109.86	0.001638782
109.88	0.001614807
109.9	0.001518936
109.92	0.001379102
109.94	0.001226976
109.96	0.001085135
109.98	0.000953295
110	0.000834286
110.02	0.000749604
110.04	0.000711503
110.06	0.000742376
110.08	0.000847437
110.1	0.001022412
110.12	0.001246385
110.14	0.001497261
110.16	0.001747472
110.18	0.001973522
110.2	0.002169184
110.22	0.002333831
110.24	0.0024817
110.26	0.002626726
110.28	0.002779182
110.3	0.002935784
110.32	0.003074565
110.34	0.003170209
110.36	0.003204875
110.38	0.003182291
110.4	0.003104553
110.42	0.002986414
110.44	0.002838052
110.46	0.002657726
110.48	0.002445982
110.5	0.002203289
110.52	0.001928261
110.54	0.001637549
110.56	0.001342332
110.58	0.001071184
110.6	0.000848807
110.62	0.000699472
110.64	0.000630799
110.66	0.000643243
110.68	0.000726767
110.7	0.000851699
110.72	0.001005802
110.74	0.001170054
110.76	0.001331021
110.78	0.001470659
110.8	0.001562148
110.82	0.001588937
110.84	0.001555144
110.86	0.001474582
110.88	0.001368106
110.9	0.001247025
110.92	0.001120796
110.94	0.000988755
110.96	0.000847557
110.98	0.000713182
111	0.00059242
111.02	0.000488982
111.04	0.000390422
111.06	0.000287814
111.08	0.0001752
111.1	5.94702E-05
111.12	-3.7356E-05
111.14	-0.000102992
111.16	-0.000124458
111.18	-9.72859E-05
111.2	-1.91352E-05
111.22	0.000111582
111.24	0.000277605
111.26	0.000458836
111.28	0.000636692
111.3	0.000796675
111.32	0.000931346
111.34	0.001045906
111.36	0.001153616
111.38	0.00124264
111.4	0.001303629
111.42	0.001335522
111.44	0.001340716
111.46	0.001326466
111.48	0.001309316
111.5	0.001311199
111.52	0.001355797
111.54	0.001453963
111.56	0.001608715
111.58	0.001818169
111.6	0.00207424
111.62	0.00234733
111.64	0.002624882
111.66	0.002902894
111.68	0.003185501
111.7	0.003472082
111.72	0.003763248
111.74	0.004055365
111.76	0.004336799
111.78	0.004592262
111.8	0.004815515
111.82	0.004998068
111.84	0.005137001
111.86	0.00523374
111.88	0.005289691
111.9	0.00530099
111.92	0.005274471
111.94	0.005216177
111.96	0.005130784
111.98	0.005024864
112	0.004908836
112.02	0.004785968
112.04	0.004665268
112.06	0.004555901
112.08	0.004466812
112.1	0.00439982
112.12	0.004348534
112.14	0.004302293
112.16	0.00425046
112.18	0.004183062
112.2	0.004095623
112.22	0.003990855
112.24	0.003882901
112.26	0.003788965
112.28	0.003719921
112.3	0.003676374
112.32	0.00365116
112.34	0.003631929
112.36	0.003606435
112.38	0.003571076
112.4	0.003528162
112.42	0.003483671
112.44	0.003444194
112.46	0.003403506
112.48	0.003345458
112.5	0.003246923
112.52	0.003093067
112.54	0.002873771
112.56	0.002589578
112.58	0.002264851
112.6	0.00193886
112.62	0.001643798
112.64	0.001404591
112.66	0.001256727
112.68	0.001218175
112.7	0.001278729
112.72	0.001420391
112.74	0.00160645
112.76	0.00179493
112.78	0.001945095
112.8	0.002033853
112.82	0.002051489
112.84	0.002006158
112.86	0.001908415
112.88	0.001773437
112.9	0.001621458
112.92	0.001475993
112.94	0.001351586
112.96	0.001259325
112.98	0.00120374
113	0.001192238
113.02	0.001233262
113.04	0.001317151
113.06	0.001424132
113.08	0.001538215
113.1	0.001645695
113.12	0.001729272
113.14	0.001778057
113.16	0.001798042
113.18	0.001792663
113.2	0.001766706
113.22	0.001736923
113.24	0.001714562
113.26	0.001711101
113.28	0.001734828
113.3	0.001780353
113.32	0.001828676
113.34	0.001873365
113.36	0.001919179
113.38	0.00197324
113.4	0.002043353
113.42	0.002132142
113.44	0.002207137
113.46	0.002241186
113.48	0.002236141
113.5	0.002194337
113.52	0.002137046
113.54	0.002088546
113.56	0.002062817
113.58	0.002067838
113.6	0.002091849
113.62	0.002130912
113.64	0.002181595
113.66	0.002256602
113.68	0.002355702
113.7	0.002460527
113.72	0.002562867
113.74	0.002666093
113.76	0.002758457
113.78	0.002828588
113.8	0.002871532
113.82	0.002883635
113.84	0.002860857
113.86	0.002803173
113.88	0.002715673
113.9	0.002619457
113.92	0.002528144
113.94	0.002456565
113.96	0.002412955
113.98	0.002404351
114	0.002427165
114.02	0.002482129
114.04	0.002566381
114.06	0.002676073
114.08	0.002801741
114.1	0.002926829
114.12	0.003026501
114.14	0.003089402
114.16	0.003115063
114.18	0.003096002
114.2	0.003025683
114.22	0.002909948
114.24	0.002758952
114.26	0.002588686
114.28	0.00242126
114.3	0.0022882
114.32	0.002211976
114.34	0.002189791
114.36	0.002190653
114.38	0.002188437
114.4	0.002149876
114.42	0.002066414
114.44	0.001950269
114.46	0.001822757
114.48	0.001709831
114.5	0.00162859
114.52	0.001586567
114.54	0.00157398
114.56	0.00157508
114.58	0.001572467
114.6	0.001548795
114.62	0.001512561
114.64	0.001478535
114.66	0.00146754
114.68	0.001491628
114.7	0.001547958
114.72	0.001612268
114.74	0.001658166
114.76	0.001657408
114.78	0.001591621
114.8	0.001460854
114.82	0.001283181
114.84	0.001077305
114.86	0.000857787
114.88	0.000638799
114.9	0.000434637
114.92	0.000255195
114.94	0.000113208
114.96	1.07675E-05
114.98	-4.72865E-05
115	-7.04248E-05
115.02	-8.23086E-05
115.04	-0.000109403
115.06	-0.000166227
115.08	-0.00024773
115.1	-0.000347938
115.12	-0.000449554
115.14	-0.000534918
115.16	-0.000592475
115.18	-0.000612116
115.2	-0.000600099
115.22	-0.000568305
115.24	-0.000521164
115.26	-0.000457021
115.28	-0.000392815
115.3	-0.000340033
115.32	-0.000293824
115.34	-0.000254428
115.36	-0.000222657
115.38	-0.000195906
115.4	-0.000177144
115.42	-0.000159433
115.44	-0.000129626
115.46	-8.40124E-05
115.48	-3.08659E-05
115.5	3.33893E-05
115.52	0.000114388
115.54	0.000219559
115.56	0.000332706
115.58	0.000444672
115.6	0.000535825
115.62	0.000588059
115.64	0.000589574
115.66	0.000546256
115.68	0.000475447
115.7	0.000401737
115.72	0.000345211
115.74	0.000320251
115.76	0.000328113
115.78	0.000370965
115.8	0.000438261
115.82	0.000519884
115.84	0.000605128
115.86	0.000695634
115.88	0.000809595
115.9	0.000964612
115.92	0.00116115
115.94	0.001403302
115.96	0.001673383
115.98	0.001948126
116	0.002204353
116.02	0.002440155
116.04	0.002661888
116.06	0.002879482
116.08	0.003100956
116.1	0.003324756
116.12	0.00353806
116.14	0.00371994
116.16	0.003852856
116.18	0.003923034
116.2	0.003927897
116.22	0.003880903
116.24	0.003802667
116.26	0.003705705
116.28	0.003599319
116.3	0.003478318
116.32	0.003328168
116.34	0.003136216
116.36	0.002895543
116.38	0.002611717
116.4	0.002300063
116.42	0.00198168
116.44	0.001682638
116.46	0.001412238
116.48	0.001157061
116.5	0.00092764
116.52	0.000725966
116.54	0.000556927
116.56	0.000425627
116.58	0.000341399
116.6	0.000309119
116.62	0.000325371
116.64	0.000374281
116.66	0.000441325
116.68	0.000509645
116.7	0.000567881
116.72	0.000592573
116.74	0.000584174
116.76	0.000544958
116.78	0.000482824
116.8	0.000409972
116.82	0.000341745
116.84	0.000277242
116.86	0.000210739
116.88	0.000130908
116.9	2.99865E-05
116.92	-0.000103132
116.94	-0.000248411
116.96	-0.00036851
116.98	-0.000467226
117	-0.000528475
117.02	-0.00054877
117.04	-0.000533359
117.06	-0.000489275
117.08	-0.000428665
117.1	-0.00035285
117.12	-0.000259337
117.14	-0.000141932
117.16	-1.32767E-05
117.18	0.000129058
117.2	0.000283147
117.22	0.000434164
117.24	0.000575799
117.26	0.00070394
117.28	0.000820126
117.3	0.000942399
117.32	0.001072287
117.34	0.00120743
117.36	0.001361756
117.38	0.001534482
117.4	0.001722353
117.42	0.001920723
117.44	0.002101826
117.46	0.002255218
117.48	0.002386162
117.5	0.002486591
117.52	0.002559514
117.54	0.002626791
117.56	0.002696342
117.58	0.002779467
117.6	0.002879194
117.62	0.002997428
117.64	0.003126805
117.66	0.003264433
117.68	0.003391732
117.7	0.00349985
117.72	0.00357968
117.74	0.003627808
117.76	0.003636759
117.78	0.003601516
117.8	0.003514409
117.82	0.003386713
117.84	0.003230312
117.86	0.003064344
117.88	0.002916398
117.9	0.002799274
117.92	0.002714724
117.94	0.002661761
117.96	0.002619593
117.98	0.002571494
118	0.002504081
118.02	0.002422968
118.04	0.002339583
118.06	0.002269106
118.08	0.002210225
118.1	0.002167678
118.12	0.002137416
118.14	0.002111812
118.16	0.002079666
118.18	0.002039968
118.2	0.00198553
118.22	0.001919855
118.24	0.00185065
118.26	0.001787708
118.28	0.001741672
118.3	0.001713318
118.32	0.001682643
118.34	0.001629358
118.36	0.001549841
118.38	0.001456662
118.4	0.001363976
118.42	0.001282459
118.44	0.001223159
118.46	0.00119436
118.48	0.001189413
118.5	0.001195506
118.52	0.001203607
118.54	0.001201242
118.56	0.001176013
118.58	0.001118757
118.6	0.001023788
118.62	0.000895842
118.64	0.000739783
118.66	0.000558953
118.68	0.000355213
118.7	0.000139421
118.72	-6.00765E-05
118.74	-0.000226394
118.76	-0.000367528
118.78	-0.000495541
118.8	-0.000617194
118.82	-0.000730419
118.84	-0.000836934
118.86	-0.000924419
118.88	-0.000977473
118.9	-0.000976025
118.92	-0.000933956
118.94	-0.000877379
118.96	-0.000827812
118.98	-0.000799213
119	-0.000801985
119.02	-0.000838863
119.04	-0.000897817
119.06	-0.000956758
119.08	-0.000996789
119.1	-0.001017529
119.12	-0.001030137
119.14	-0.001050105
119.16	-0.001081648
119.18	-0.001127903
119.2	-0.001190872
119.22	-0.001257274
119.24	-0.00131092
119.26	-0.001336338
119.28	-0.001326343
119.3	-0.001269813
119.32	-0.001149543
119.34	-0.000967372
119.36	-0.000741787
119.38	-0.000498868
119.4	-0.00027628
119.42	-9.23492E-05
119.44	5.41373E-05
119.46	0.000183344
119.48	0.000322433
119.5	0.000495967
119.52	0.000713996
119.54	0.000971544
119.56	0.00124545
119.58	0.001515878
119.6	0.00176188
119.62	0.001968469
119.64	0.00214306
119.66	0.002300184
119.68	0.002462956
119.7	0.002653724
119.72	0.002887646
119.74	0.00315215
119.76	0.003415094
119.78	0.003650667
119.8	0.003838452
119.82	0.003974432
119.84	0.004069501
119.86	0.004148325
119.88	0.004236177
119.9	0.004342611
119.92	0.004459644
119.94	0.004569947
119.96	0.00465669
119.98	0.004707773
120	0.004714709
120.02	0.004673462
120.04	0.004593675
120.06	0.00448824
120.08	0.004369312
120.1	0.004245058
120.12	0.004108572
120.14	0.00395802
120.16	0.003797901
120.18	0.003622531
120.2	0.003428753
120.22	0.003229799
120.24	0.003040127
120.26	0.002866369
120.28	0.002713976
120.3	0.002592617
120.32	0.002524993
120.34	0.002503318
120.36	0.002503277
120.38	0.002504801
120.4	0.002498775
120.42	0.002468646
120.44	0.002408369
120.46	0.002318496
120.48	0.002202409
120.5	0.002058003
120.52	0.001892151
120.54	0.00171444
120.56	0.001530766
120.58	0.001347374
120.6	0.001184859
120.62	0.001054721
120.64	0.000954762
120.66	0.000883268
120.68	0.000846324
120.7	0.000848925
120.72	0.000891946
120.74	0.000976735
120.76	0.001105872
120.78	0.001269437
120.8	0.001445145
120.82	0.001612274
120.84	0.001764695
120.86	0.001890899
120.88	0.001996147
120.9	0.002087656
120.92	0.002176219
120.94	0.002275179
120.96	0.00239709
120.98	0.002551644
121	0.002726436
121.02	0.002899237
121.04	0.003044171
121.06	0.00315397
121.08	0.003231172
121.1	0.003289429
121.12	0.003347684
121.14	0.003428901
121.16	0.003539516
121.18	0.003663588
121.2	0.003776216
121.22	0.003849778
121.24	0.003872963
121.26	0.003857342
121.28	0.003835192
121.3	0.003851026
121.32	0.003952881
121.34	0.00415779
121.36	0.004450032
121.38	0.004788236
121.4	0.005124343
121.42	0.005419606
121.44	0.005649916
121.46	0.005793111
121.48	0.005833463
121.5	0.005772311
121.52	0.00563
121.54	0.005419378
121.56	0.005166932
121.58	0.00490052
121.6	0.00464765
121.62	0.004411351
121.64	0.004200141
121.66	0.004017913
121.68	0.00387
121.7	0.003758623
121.72	0.003681733
121.74	0.003645198
121.76	0.003651262
121.78	0.003685763
121.8	0.003728245
121.82	0.00376703
121.84	0.003796941
121.86	0.003802876
121.88	0.00377725
121.9	0.003726873
121.92	0.00365682
121.94	0.003572305
121.96	0.003489738
121.98	0.003433954
122	0.003413586
122.02	0.003411651
122.04	0.003402023
122.06	0.003340261
122.08	0.003198781
122.1	0.002980205
122.12	0.002688353
122.14	0.002335494
122.16	0.001944407
122.18	0.001532356
122.2	0.00111228
122.22	0.000696241
122.24	0.000304607
122.26	-2.01789E-05
122.28	-0.000272007
122.3	-0.000449612
122.32	-0.000555525
122.34	-0.000591828
122.36	-0.000555212
122.38	-0.000444113
122.4	-0.000266663
122.42	-4.00101E-05
122.44	0.000209768
122.46	0.000427827
122.48	0.000590708
122.5	0.000707191
122.52	0.000782428
122.54	0.000815905
122.56	0.000823746
122.58	0.000822336
122.6	0.000820198
122.62	0.000805782
122.64	0.000775279
122.66	0.00072593
122.68	0.000666022
122.7	0.000611098
122.72	0.000578401
122.74	0.000574725
122.76	0.00059849
122.78	0.000631275
122.8	0.000662975
122.82	0.00069094
122.84	0.000714348
122.86	0.000724871
122.88	0.000727167
122.9	0.000721344
122.92	0.000722615
122.94	0.00072683
122.96	0.000718381
122.98	0.000668533
123	0.000554067
123.02	0.000369369
123.04	0.000137231
123.06	-9.98994E-05
123.08	-0.000297492
123.1	-0.000435075
123.12	-0.000536531
123.14	-0.000596224
123.16	-0.000637805
123.18	-0.000675933
123.2	-0.000715456
123.22	-0.00075602
123.24	-0.000783788
123.26	-0.000780472
123.28	-0.000736774
123.3	-0.000651861
123.32	-0.000523749
123.34	-0.000388835
123.36	-0.000260645
123.38	-0.000147837
123.4	-4.57406E-05
123.42	5.65892E-05
123.44	0.000163262
123.46	0.000270247
123.48	0.000360206
123.5	0.000416058
123.52	0.000428422
123.54	0.000393345
123.56	0.00031523
123.58	0.000216747
123.6	0.000129981
123.62	6.30138E-05
123.64	2.36448E-05
123.66	1.36469E-05
123.68	3.32461E-05
123.7	8.59042E-05
123.72	0.00018086
123.74	0.000314171
123.76	0.00049211
123.78	0.000712918
123.8	0.000974049
123.82	0.001273675
123.84	0.001605551
123.86	0.001949287
123.88	0.002288317
123.9	0.002592826
123.92	0.002860492
123.94	0.003084421
123.96	0.003271479
123.98	0.003420859
124	0.003536712
124.02	0.003620088
124.04	0.003682915
124.06	0.003730583
124.08	0.003763494
124.1	0.003795508
124.12	0.003846151
124.14	0.003916984
124.16	0.004006839
124.18	0.004101957
124.2	0.004186919
124.22	0.004238676
124.24	0.004247592
124.26	0.004216474
124.28	0.004159541
124.3	0.004096485
124.32	0.004051356
124.34	0.004035109
124.36	0.004029543
124.38	0.004014807
124.4	0.003970963
124.42	0.003877135
124.44	0.003722116
124.46	0.003501508
124.48	0.00324079
124.5	0.002951493
124.52	0.002655595
124.54	0.002355793
124.56	0.002051977
124.58	0.001731933
124.6	0.001389793
124.62	0.001034733
124.64	0.000675945
124.66	0.000340316
124.68	7.09389E-05
124.7	-0.00011118
124.72	-0.00019914
124.74	-0.000217906
124.76	-0.000197384
124.78	-0.000190845
124.8	-0.000246241
124.82	-0.000388858
124.84	-0.000592555
124.86	-0.000829227
124.88	-0.001052421
124.9	-0.001224359
124.92	-0.001321963
124.94	-0.0013484
124.96	-0.001315742
124.98	-0.001259164
125	-0.001216049
125.02	-0.001210599
125.04	-0.001252823
125.06	-0.001350927
125.08	-0.001486269
125.1	-0.001622678
125.12	-0.001732487
125.14	-0.001793453
125.16	-0.001782405
125.18	-0.0016966
125.2	-0.001545079
125.22	-0.001329639
125.24	-0.001072131
125.26	-0.000807722
125.28	-0.000545022
125.3	-0.000274776
125.32	6.2687E-06
125.34	0.000300943
125.36	0.000613175
125.38	0.000942944
125.4	0.001288864
125.42	0.001624688
125.44	0.001930193
125.46	0.002186124
125.48	0.002368162
125.5	0.002460144
125.52	0.002485622
125.54	0.002472986
125.56	0.002453385
125.58	0.002447696
125.6	0.002454553
125.62	0.00246108
125.64	0.002449729
125.66	0.002408102
125.68	0.002345781
125.7	0.002284402
125.72	0.002241789
125.74	0.002228342
125.76	0.00225698
125.78	0.002323227
125.8	0.002403689
125.82	0.002467127
125.84	0.002480441
125.86	0.002429152
125.88	0.002311114
125.9	0.002137441
125.92	0.00193679
125.94	0.001733073
125.96	0.001532288
125.98	0.001340474
126	0.00115159
126.02	0.000948471
126.04	0.000719054
126.06	0.000458643
126.08	0.000170748
126.1	-0.00012682
126.12	-0.000416064
126.14	-0.000678533
126.16	-0.000885844
126.18	-0.001042173
126.2	-0.001156977
126.22	-0.001241071
126.24	-0.001299215
126.26	-0.001333162
126.28	-0.001337598
126.3	-0.001301652
126.32	-0.001213601
126.34	-0.001088644
126.36	-0.000947206
126.38	-0.00082179
126.4	-0.00073681
126.42	-0.000705787
126.44	-0.000738241
126.46	-0.000820487
126.48	-0.000929731
126.5	-0.001035728
126.52	-0.00111965
126.54	-0.001167106
126.56	-0.001163501
126.58	-0.00112285
126.6	-0.001062041
126.62	-0.000987454
126.64	-0.000905158
126.66	-0.00082587
126.68	-0.000765951
126.7	-0.000721768
126.72	-0.000681876
126.74	-0.000631497
126.76	-0.000551501
126.78	-0.000424497
126.8	-0.00024132
126.82	-7.74632E-07
126.84	0.000283701
126.86	0.000591283
126.88	0.000900442
126.9	0.001190609
126.92	0.001421473
126.94	0.001558647
126.96	0.001583127
126.98	0.001491042
127	0.001292782
127.02	0.001020765
127.04	0.000713821
127.06	0.000419194
127.08	0.00015058
127.1	-8.14982E-05
127.12	-0.000270145
127.14	-0.000407081
127.16	-0.000482464
127.18	-0.000481725
127.2	-0.000393233
127.22	-0.000240381
127.24	-5.37572E-05
127.26	0.000143225
127.28	0.000317843
127.3	0.000448489
127.32	0.000541006
127.34	0.000614118
127.36	0.000690375
127.38	0.000794725
127.4	0.000943918
127.42	0.001137763
127.44	0.001351283
127.46	0.001559545
127.48	0.001745104
127.5	0.001893021
127.52	0.001976407
127.54	0.001998417
127.56	0.001967764
127.58	0.001910063
127.6	0.001859172
127.62	0.001851436
127.64	0.00190775
127.66	0.002032035
127.68	0.002204868
127.7	0.002407977
127.72	0.002643164
127.74	0.002900004
127.76	0.00316077
127.78	0.003432271
127.8	0.003699293
127.82	0.003955447
127.84	0.004194613
127.86	0.00439338
127.88	0.004521997
127.9	0.004553765
127.92	0.004462928
127.94	0.004242046
127.96	0.003932781
127.98	0.003586352
128	0.003228077
128.02	0.002882373
128.04	0.002559381
128.06	0.002267148
128.08	0.001995037
128.1	0.00173275
128.12	0.001486107
128.14	0.00126212
128.16	0.001056429
128.18	0.000865322
128.2	0.000687426
128.22	0.000518634
128.24	0.000351301
128.26	0.0001888
128.28	4.56458E-05
128.3	-5.8064E-05
128.32	-0.000114643
128.34	-0.000119729
128.36	-8.32081E-05
128.38	-2.68322E-05
128.4	3.07836E-05
128.42	7.17311E-05
128.44	8.49748E-05
128.46	7.64557E-05
128.48	5.59215E-05
128.5	3.12665E-05
128.52	-4.47263E-06
128.54	-5.22668E-05
128.56	-0.000119937
128.58	-0.000209982
128.6	-0.000319927
128.62	-0.000440761
128.64	-0.000568895
128.66	-0.000696504
128.68	-0.000819007
128.7	-0.000919323
128.72	-0.001028524
128.74	-0.001130335
128.76	-0.001232009
128.78	-0.001335336
128.8	-0.00143795
128.82	-0.001540729
128.84	-0.001645025
128.86	-0.00175045
128.88	-0.001861209
128.9	-0.00197922
128.92	-0.002089835
128.94	-0.002160123
128.96	-0.002187896
128.98	-0.002168519
129	-0.002099173
129.02	-0.00198342
129.04	-0.001820615
129.06	-0.001613565
129.08	-0.001366842
129.1	-0.001082234
129.12	-0.000757826
129.14	-0.000401964
129.16	-4.04347E-05
129.18	0.000295685
129.2	0.000584045
129.22	0.000812221
129.24	0.00097147
129.26	0.001074447
129.28	0.001146204
129.3	0.001213293
129.32	0.00128442
129.34	0.001357357
129.36	0.001438864
129.38	0.001531189
129.4	0.001626012
129.42	0.001719441
129.44	0.001800017
129.46	0.001850764
129.48	0.001862151
129.5	0.001836656
129.52	0.001782054
129.54	0.001721213
129.56	0.001682626
129.58	0.001684972
129.6	0.001735489
129.62	0.001837874
129.64	0.001982769
129.66	0.002151137
129.68	0.002326084
129.7	0.002479718
129.72	0.002611506
129.74	0.002741968
129.76	0.002861534
129.78	0.002957641
129.8	0.003008264
129.82	0.002990551
129.84	0.002895368
129.86	0.002735238
129.88	0.002539311
129.9	0.002356716
129.92	0.002238537
129.94	0.00215356
129.96	0.002093524
129.98	0.002034353
130	0.001963541
130.02	0.001890619
130.04	0.001836323
130.06	0.001815949
130.08	0.001848821
130.1	0.001950379
130.12	0.002117594
130.14	0.002323543
130.16	0.00254262
130.18	0.002752206
130.2	0.002917153
130.22	0.003005966
130.24	0.003034265
130.26	0.00301655
130.28	0.002969794
130.3	0.002902248
130.32	0.002819478
130.34	0.002721701
130.36	0.002608601
130.38	0.002481436
130.4	0.002357144
130.42	0.002244099
130.44	0.002140297
130.46	0.002050798
130.48	0.001975728
130.5	0.001923952
130.52	0.001900505
130.54	0.00191822
130.56	0.001985883
130.58	0.002093723
130.6	0.002235189
130.62	0.002408751
130.64	0.002605357
130.66	0.002817165
130.68	0.003029927
130.7	0.003244152
130.72	0.003445031
130.74	0.003619876
130.76	0.003747249
130.78	0.003825059
130.8	0.003847892
130.82	0.003826677
130.84	0.00376765
130.86	0.003674099
130.88	0.003539968
130.9	0.003363642
130.92	0.003153223
130.94	0.00292123
130.96	0.002698485
130.98	0.002510035
131	0.00236276
131.02	0.002262757
131.04	0.002216176
131.06	0.002236498
131.08	0.002331534
131.1	0.002492175
131.12	0.002704649
131.14	0.00294052
131.16	0.003175371
131.18	0.003391881
131.2	0.003569349
131.22	0.003679471
131.24	0.003710261
131.26	0.003653217
131.28	0.003521423
131.3	0.003346234
131.32	0.003181925
131.34	0.003054731
131.36	0.002971527
131.38	0.002919593
131.4	0.002892353
131.42	0.002875739
131.44	0.00285351
131.46	0.002803516
131.48	0.002721565
131.5	0.002605258
131.52	0.002466278
131.54	0.002330972
131.56	0.002219258
131.58	0.002119022
131.6	0.00203052
131.62	0.001949142
131.64	0.001900869
131.66	0.001907039
131.68	0.001978533
131.7	0.00210819
131.72	0.002282687
131.74	0.002471014
131.76	0.002652316
131.78	0.002808756
131.8	0.002913766
131.82	0.002944275
131.84	0.002892471
131.86	0.00277704
131.88	0.00261533
131.9	0.002413972
131.92	0.002179
131.94	0.00191443
131.96	0.001635028
131.98	0.001393592
132	0.001232869
132.02	0.00117713
132.04	0.00123239
132.06	0.001391951
132.08	0.001640215
132.1	0.001936821
132.12	0.002231989
132.14	0.002486575
132.16	0.002660192
132.18	0.002724455
132.2	0.002681445
132.22	0.00255908
132.24	0.002389602
132.26	0.002184444
132.28	0.001949926
132.3	0.001684308
132.32	0.001387903
132.34	0.001053032
132.36	0.000683173
132.38	0.000280668
132.4	-0.000148578
132.42	-0.000600558
132.44	-0.001063082
132.46	-0.001528765
132.48	-0.001981668
132.5	-0.002403471
132.52	-0.002776209
132.54	-0.003080848
132.56	-0.003294525
132.58	-0.003403338
132.6	-0.003402761
132.62	-0.003321906
132.64	-0.003187178
132.66	-0.003033888
132.68	-0.002899715
132.7	-0.002769799
132.72	-0.002621374
132.74	-0.002448057
132.76	-0.002252564
132.78	-0.002069417
132.8	-0.001956654
132.82	-0.001933673
132.84	-0.00199601
132.86	-0.002128284
132.88	-0.00230884
132.9	-0.002502432
132.92	-0.002676596
132.94	-0.002808134
132.96	-0.002874289
132.98	-0.00286366
133	-0.002780105
133.02	-0.002650683
133.04	-0.002502727
133.06	-0.002353877
133.08	-0.002212708
133.1	-0.002081995
133.12	-0.001956974
133.14	-0.001816041
133.16	-0.001647046
133.18	-0.001450601
133.2	-0.001221927
133.22	-0.000974295
133.24	-0.000721369
133.26	-0.000461866
133.28	-0.000185619
133.3	0.000114354
133.32	0.000446404
133.34	0.000815851
133.36	0.001220691
133.38	0.00162456
133.4	0.002005224
133.42	0.002345924
133.44	0.002635931
133.46	0.002876027
133.48	0.003067903
133.5	0.003224252
133.52	0.003368775
133.54	0.003525667
133.56	0.003709947
133.58	0.003924671
133.6	0.004163044
133.62	0.00442758
133.64	0.00469476
133.66	0.004937665
133.68	0.005136858
133.7	0.005283146
133.72	0.005370954
133.74	0.005387098
133.76	0.005325669
133.78	0.005196585
133.8	0.005014042
133.82	0.004797225
133.84	0.00457869
133.86	0.004375218
133.88	0.004202036
133.9	0.00406315
133.92	0.003942714
133.94	0.00381457
133.96	0.003675872
133.98	0.003533719
134	0.003399347
134.02	0.003280229
134.04	0.003173281
134.06	0.003064229
134.08	0.002937698
134.1	0.002781382
134.12	0.002599735
134.14	0.002411143
134.16	0.002229228
134.18	0.002058889
134.2	0.00189648
134.22	0.001727504
134.24	0.001539731
134.26	0.001325313
134.28	0.001092415
134.3	0.000846584
134.32	0.000607572
134.34	0.000389654
134.36	0.000206047
134.38	5.93004E-05
134.4	-5.41263E-05
134.42	-0.000131503
134.44	-0.000162847
134.46	-0.000149955
134.48	-0.000100591
134.5	-2.64908E-05
134.52	6.3743E-05
134.54	0.000155877
134.56	0.000224041
134.58	0.000254768
134.6	0.000257207
134.62	0.000245802
134.64	0.000236329
134.66	0.000238171
134.68	0.000262505
134.7	0.000306737
134.72	0.000367349
134.74	0.000420055
134.76	0.000459256
134.78	0.000506819
134.8	0.000561674
134.82	0.000615421
134.84	0.000664069
134.86	0.000705794
134.88	0.000728063
134.9	0.000722219
134.92	0.000702622
134.94	0.000690197
134.96	0.000698797
134.98	0.00072442
135	0.000769944
135.02	0.00082995
135.04	0.000900627
135.06	0.000980618
135.08	0.001068758
135.1	0.001171726
135.12	0.001289223
135.14	0.001415462
135.16	0.00153995
135.18	0.001659402
135.2	0.001771096
135.22	0.001872512
135.24	0.001967333
135.26	0.002055745
135.28	0.002132507
135.3	0.002202798
135.32	0.00226179
135.34	0.002312669
135.36	0.00235904
135.38	0.002410516
135.4	0.002470868
135.42	0.0025355
135.44	0.002605108
135.46	0.002671988
135.48	0.00273679
135.5	0.002795705
135.52	0.002843026
135.54	0.002870406
135.56	0.002877971
135.58	0.002856095
135.6	0.002801423
135.62	0.002727254
135.64	0.002649082
135.66	0.002566738
135.68	0.002479851
135.7	0.002385899
135.72	0.002287348
135.74	0.002189166
135.76	0.002091984
135.78	0.00198281
135.8	0.001870089
135.82	0.001753106
135.84	0.001624845
135.86	0.001481292
135.88	0.001333167
135.9	0.001185514
135.92	0.001043242
135.94	0.000905226
135.96	0.000774077
135.98	0.000655775
136	0.000558871
136.02	0.000474735
136.04	0.000405865
136.06	0.000353664
136.08	0.000317126
136.1	0.000288901
136.12	0.000268898
136.14	0.000259681
136.16	0.000257303
136.18	0.000259692
136.2	0.000263801
136.22	0.000269053
136.24	0.000276255
136.26	0.000283738
136.28	0.000291211
136.3	0.00030113
136.32	0.000317634
136.34	0.000337445
136.36	0.000358162
136.38	0.00038681
136.4	0.000430408
136.42	0.000489486
136.44	0.00056244
136.46	0.000645849
136.48	0.000731178
136.5	0.000814405
136.52	0.000894841
136.54	0.000971749
136.56	0.001045565
136.58	0.001118357
136.6	0.001184539
136.62	0.001243394
136.64	0.001299756
136.66	0.001357546
136.68	0.001418607
136.7	0.001488563
136.72	0.001563882
136.74	0.00163869
136.76	0.001710503
136.78	0.001778854
136.8	0.001845015
136.82	0.001910756
136.84	0.001974728
136.86	0.002033058
136.88	0.002084951
136.9	0.002130809
136.92	0.002170213
136.94	0.002206514
136.96	0.002240925
136.98	0.002273306
137	0.002301397
137.02	0.0023253
137.04	0.002344217
137.06	0.002357688
137.08	0.00236612
137.1	0.002368865
137.12	0.002364045
137.14	0.002350125
137.16	0.002328274
137.18	0.002299247
137.2	0.002264647
137.22	0.002223241
137.24	0.002168565
137.26	0.002101088
137.28	0.002023803
137.3	0.001938901
137.32	0.001849543
137.34	0.001759729
137.36	0.001670768
137.38	0.001581895
137.4	0.001494634
137.42	0.001408575
137.44	0.001325682
137.46	0.001248857
137.48	0.001174444
137.5	0.001099809
137.52	0.001023865
137.54	0.000948428
137.56	0.000875701
137.58	0.000808212
137.6	0.000748041
137.62	0.000695121
137.64	0.000649408
137.66	0.000611
137.68	0.000580892
137.7	0.000560444
137.72	0.000549284
137.74	0.000545554
137.76	0.000546142
137.78	0.000549791
137.8	0.000556483
137.82	0.000566204
137.84	0.000579927
137.86	0.000597869
137.88	0.000619179
137.9	0.000643232
137.92	0.000670194
137.94	0.000700856
137.96	0.000736765
137.98	0.000778157
138	0.000823402
138.02	0.000870684
138.04	0.000919459
138.06	0.000970041
138.08	0.001024038
138.1	0.001082499
138.12	0.001143634
138.14	0.001206182
138.16	0.001268791
138.18	0.001329051
138.2	0.001386338
138.22	0.001440986
138.24	0.001493036
138.26	0.001542318
138.28	0.00159028
138.3	0.001637049
138.32	0.001684475
138.34	0.00173447
138.36	0.001786361
138.38	0.001839217
138.4	0.00189159
138.42	0.001942105
138.44	0.001989436
138.46	0.002033002
138.48	0.002071539
138.5	0.002103219
138.52	0.002127458
138.54	0.002143828
138.56	0.002153188
138.58	0.002156668
138.6	0.002155546
138.62	0.002150425
138.64	0.002141187
138.66	0.002127646
138.68	0.002109559
138.7	0.002086769
138.72	0.002059616
138.74	0.002028338
138.76	0.001992019
138.78	0.001950155
138.8	0.001902733
138.82	0.001850495
138.84	0.001795267
138.86	0.001738281
138.88	0.001679242
138.9	0.001618388
138.92	0.001555953
138.94	0.001491985
138.96	0.001427292
138.98	0.001363273
139	0.001300658
139.02	0.001240181
139.04	0.001182311
139.06	0.001127476
139.08	0.00107666
139.1	0.001030185
139.12	0.000987032
139.14	0.000946864
139.16	0.000909247
139.18	0.000874134
139.2	0.00084213
139.22	0.000814436
139.24	0.00079206
139.26	0.000775088
139.28	0.000763003
139.3	0.000756553
139.32	0.00075592
139.34	0.000761409
139.36	0.000772393
139.38	0.000787789
139.4	0.000806283
139.42	0.000826462
139.44	0.000847648
139.46	0.000869579
139.48	0.000893158
139.5	0.000918504
139.52	0.000945145
139.54	0.000973589
139.56	0.001004126
139.58	0.001037298
139.6	0.001073639
139.62	0.001113401
139.64	0.001156167
139.66	0.001200826
139.68	0.001246163
139.7	0.001291329
139.72	0.00133671
139.74	0.001382958
139.76	0.001429938
139.78	0.0014771
139.8	0.001524137
139.82	0.001570935
139.84	0.001617493
139.86	0.001663557
139.88	0.001708752
139.9	0.00175253
139.92	0.001794111
139.94	0.001832762
139.96	0.001868245
139.98	0.001900721
140	0.001930327
140.02	0.001956444
140.04	0.001978039
140.06	0.001994327
140.08	0.00200495
140.1	0.002009873
140.12	0.002009249
140.14	0.002003198
140.16	0.00199185
140.18	0.001975815
140.2	0.001955611
140.22	0.001932136
140.24	0.00190634
140.26	0.001878921
140.28	0.001850101
140.3	0.001819771
140.32	0.001787796
140.34	0.001753959
140.36	0.001718071
140.38	0.001679859
140.4	0.001639098
140.42	0.001595985
140.44	0.001550631
140.46	0.001503537
140.48	0.001455502
140.5	0.001407624
140.52	0.001360717
140.54	0.001315327
140.56	0.001271909
140.58	0.001230654
140.6	0.001191703
140.62	0.001155303
140.64	0.001121292
140.66	0.001089608
140.68	0.001060246
140.7	0.001033486
140.72	0.001009588
140.74	0.000988775
140.76	0.000971033
140.78	0.000956209
140.8	0.000944308
140.82	0.00093518
140.84	0.000928747
140.86	0.000925114
140.88	0.000924428
140.9	0.000926617
140.92	0.000931504
140.94	0.000939132
140.96	0.000949634
140.98	0.000963077
141	0.00097931
141.02	0.000997858
141.04	0.001018406
141.06	0.001040813
141.08	0.001064945
141.1	0.001091024
141.12	0.001119343
141.14	0.00115016
141.16	0.001183318
141.18	0.001218958
141.2	0.001256936
141.22	0.001297165
141.24	0.001339397
141.26	0.00138306
141.28	0.001427452
141.3	0.00147165
141.32	0.001514663
141.34	0.001555784
141.36	0.001594731
141.38	0.001631381
141.4	0.001665472
141.42	0.001697036
141.44	0.001725931
141.46	0.001752227
141.48	0.001776002
141.5	0.001797476
141.52	0.001816579
141.54	0.001833011
141.56	0.001846289
141.58	0.001856194
141.6	0.001862556
141.62	0.001865456
141.64	0.001865023
141.66	0.001861394
141.68	0.0018547
141.7	0.001845008
141.72	0.001832385
141.74	0.001816995
141.76	0.001799074
141.78	0.001778706
141.8	0.001756021
141.82	0.001731283
141.84	0.001704737
141.86	0.001676702
141.88	0.00164755
141.9	0.001617474
141.92	0.001586603
141.94	0.001555086
141.96	0.001523032
141.98	0.00149055
142	0.001457757
142.02	0.001424745
142.04	0.001391549
142.06	0.001358661
142.08	0.001326408
142.1	0.00129514
142.12	0.00126516
142.14	0.001236582
142.16	0.001209649
142.18	0.001184231
142.2	0.001160343
142.22	0.001137969
142.24	0.001117134
142.26	0.001097741
142.28	0.001079557
142.3	0.001062756
142.32	0.001047616
142.34	0.001034662
142.36	0.001024251
142.38	0.001016723
142.4	0.001012436
142.42	0.001011452
142.44	0.0010138
142.46	0.001019542
142.48	0.001028611
142.5	0.001040808
142.52	0.001055713
142.54	0.001072874
142.56	0.001092037
142.58	0.001113166
142.6	0.001136203
142.62	0.001161081
142.64	0.001187683
142.66	0.001215695
142.68	0.001244766
142.7	0.001274602
142.72	0.001305087
142.74	0.00133617
142.76	0.001367733
142.78	0.001399477
142.8	0.001431064
142.82	0.001462286
142.84	0.001492951
142.86	0.001522892
142.88	0.001551891
142.9	0.001579612
142.92	0.001605674
142.94	0.001629775
142.96	0.001651715
142.98	0.001671469
143	0.001689081
143.02	0.00170461
143.04	0.001718059
143.06	0.001729372
143.08	0.001738581
143.1	0.001745714
143.12	0.001750824
143.14	0.001753825
143.16	0.001754557
143.18	0.001752884
143.2	0.001748705
143.22	0.001742065
143.24	0.001733061
143.26	0.001721929
143.28	0.001708912
143.3	0.001694233
143.32	0.00167818
143.34	0.001661009
143.36	0.001642919
143.38	0.001624019
143.4	0.0016043
143.42	0.001583673
143.44	0.001562022
143.46	0.001539298
143.48	0.001515521
143.5	0.001490765
143.52	0.001465108
143.54	0.001438726
143.56	0.001411843
143.58	0.001384689
143.6	0.001357507
143.62	0.001330533
143.64	0.001304019
143.66	0.001278165
143.68	0.001253194
143.7	0.001229426
143.72	0.001207214
143.74	0.001186818
143.76	0.001168346
143.78	0.001151902
143.8	0.001137576
143.82	0.001125446
143.84	0.001115547
143.86	0.001107884
143.88	0.001102444
143.9	0.001099182
143.92	0.001098004
143.94	0.001098924
143.96	0.001102053
143.98	0.001107467
144	0.001115172
144.02	0.001125068
144.04	0.001137009
144.06	0.001150821
144.08	0.001166324
144.1	0.001183322
144.12	0.001201605
144.14	0.001220952
144.16	0.001241102
144.18	0.00126188
144.2	0.00128324
144.22	0.001305146
144.24	0.001327623
144.26	0.001350639
144.28	0.001374094
144.3	0.001397827
144.32	0.001421633
144.34	0.001445293
144.36	0.001468561
144.38	0.001491155
144.4	0.001512799
144.42	0.001533296
144.44	0.001552508
144.46	0.001570371
144.48	0.001586891
144.5	0.001602069
144.52	0.001615887
144.54	0.001628305
144.56	0.001639293
144.58	0.001648867
144.6	0.00165705
144.62	0.001663814
144.64	0.001669125
144.66	0.001672948
144.68	0.001675223
144.7	0.001675915
144.72	0.00167499
144.74	0.001672395
144.76	0.001668065
144.78	0.001661938
144.8	0.001653965
144.82	0.001644149
144.84	0.001632541
144.86	0.001619238
144.88	0.001604379
144.9	0.00158811
144.92	0.0015706
144.94	0.001552043
144.96	0.00153264
144.98	0.001512517
145	0.00149179
145.02	0.001470576
145.04	0.001448969
145.06	0.001427084
145.08	0.001405049
145.1	0.001383024
145.12	0.001361203
145.14	0.001339786
145.16	0.001319013
145.18	0.001299165
145.2	0.001280495
145.22	0.001263174
145.24	0.001247308
145.26	0.001232944
145.28	0.001220084
145.3	0.001208703
145.32	0.001198778
145.34	0.001190313
145.36	0.001183317
145.38	0.001177783
145.4	0.00117374
145.42	0.001171255
145.44	0.001170389
145.46	0.001171183
145.48	0.001173647
145.5	0.001177751