0	0
0.02	1.32458E-11
0.04	9.70405E-11
0.06	3.21345E-10
0.08	7.52594E-10
0.1	1.43958E-09
0.12	2.39266E-09
0.14	3.60134E-09
0.16	5.06504E-09
0.18	6.77924E-09
0.2	8.74062E-09
0.22	1.09448E-08
0.24	1.33877E-08
0.26	1.60644E-08
0.28	1.89706E-08
0.3	2.21007E-08
0.32	2.54494E-08
0.34	2.90111E-08
0.36	3.27792E-08
0.38	3.67478E-08
0.4	4.09103E-08
0.42	4.52599E-08
0.44	4.97897E-08
0.46	5.44929E-08
0.48	5.93614E-08
0.5	6.43878E-08
0.52	6.95643E-08
0.54	7.48821E-08
0.56	8.03319E-08
0.58	8.59054E-08
0.6	9.15937E-08
0.62	9.73861E-08
0.64	1.03272E-07
0.66	1.09243E-07
0.68	1.1529E-07
0.7	1.21401E-07
0.72	1.27564E-07
0.74	1.33764E-07
0.76	1.39988E-07
0.78	1.46225E-07
0.8	1.52458E-07
0.82	1.58661E-07
0.84	1.64788E-07
0.86	1.70785E-07
0.88	1.76589E-07
0.9	1.82141E-07
0.92	1.87396E-07
0.94	1.92322E-07
0.96	1.96889E-07
0.98	2.01084E-07
1	2.04916E-07
1.02	2.08415E-07
1.04	2.11614E-07
1.06	2.1454E-07
1.08	2.17217E-07
1.1	2.19662E-07
1.12	2.21894E-07
1.14	2.23938E-07
1.16	2.25808E-07
1.18	2.27514E-07
1.2	2.29071E-07
1.22	2.30495E-07
1.24	2.31797E-07
1.26	2.32988E-07
1.28	2.34078E-07
1.3	2.35076E-07
1.32	2.35991E-07
1.34	2.36832E-07
1.36	2.37607E-07
1.38	2.3832E-07
1.4	2.38982E-07
1.42	2.39597E-07
1.44	2.40173E-07
1.46	2.40715E-07
1.48	2.41228E-07
1.5	2.41718E-07
1.52	2.42191E-07
1.54	2.42649E-07
1.56	2.43095E-07
1.58	2.43534E-07
1.6	2.43969E-07
1.62	2.44405E-07
1.64	2.44847E-07
1.66	2.45298E-07
1.68	2.45763E-07
1.7	2.4625E-07
1.72	2.46777E-07
1.74	2.4737E-07
1.76	2.4805E-07
1.78	2.48836E-07
1.8	2.49732E-07
1.82	2.50735E-07
1.84	2.5183E-07
1.86	2.52988E-07
1.88	2.54171E-07
1.9	2.55332E-07
1.92	2.56418E-07
1.94	2.5738E-07
1.96	2.58179E-07
1.98	2.58785E-07
2	2.59171E-07
2.02	2.59312E-07
2.04	2.59186E-07
2.06	2.58774E-07
2.08	2.58063E-07
2.1	2.57041E-07
2.12	2.55692E-07
2.14	2.54005E-07
2.16	2.5197E-07
2.18	2.49581E-07
2.2	2.46833E-07
2.22	2.43715E-07
2.24	2.40222E-07
2.26	2.36351E-07
2.28	2.32096E-07
2.3	2.27453E-07
2.32	2.22418E-07
2.34	2.16986E-07
2.36	2.11154E-07
2.38	2.0492E-07
2.4	1.98283E-07
2.42	1.91239E-07
2.44	1.83787E-07
2.46	1.75927E-07
2.48	1.67658E-07
2.5	1.58977E-07
2.52	1.49881E-07
2.54	1.4037E-07
2.56	1.30441E-07
2.58	1.20092E-07
2.6	1.09313E-07
2.62	9.80952E-08
2.64	8.64278E-08
2.66	7.4307E-08
2.68	6.17374E-08
2.7	4.87323E-08
2.72	3.53113E-08
2.74	2.15004E-08
2.76	7.33154E-09
2.78	-7.16077E-09
2.8	-2.19429E-08
2.82	-3.69881E-08
2.84	-5.22793E-08
2.86	-6.78085E-08
2.88	-8.35748E-08
2.9	-9.95817E-08
2.92	-1.15836E-07
2.94	-1.32346E-07
2.96	-1.49124E-07
2.98	-1.66184E-07
3	-1.83542E-07
3.02	-2.0121E-07
3.04	-2.19204E-07
3.06	-2.37542E-07
3.08	-2.5624E-07
3.1	-2.75315E-07
3.12	-2.94785E-07
3.14	-3.14665E-07
3.16	-3.34971E-07
3.18	-3.5572E-07
3.2	-3.7693E-07
3.22	-3.98614E-07
3.24	-4.20787E-07
3.26	-4.43465E-07
3.28	-4.66666E-07
3.3	-4.90405E-07
3.32	-5.14696E-07
3.34	-5.39554E-07
3.36	-5.64995E-07
3.38	-5.91032E-07
3.4	-6.17679E-07
3.42	-6.44949E-07
3.44	-6.72854E-07
3.46	-7.01406E-07
3.48	-7.30616E-07
3.5	-7.60492E-07
3.52	-7.91042E-07
3.54	-8.22279E-07
3.56	-8.54222E-07
3.58	-8.86893E-07
3.6	-9.2032E-07
3.62	-9.54533E-07
3.64	-9.89561E-07
3.66	-1.02543E-06
3.68	-1.06218E-06
3.7	-1.09981E-06
3.72	-1.13834E-06
3.74	-1.17777E-06
3.76	-1.21809E-06
3.78	-1.25931E-06
3.8	-1.30139E-06
3.82	-1.34435E-06
3.84	-1.38815E-06
3.86	-1.4328E-06
3.88	-1.47828E-06
3.9	-1.52458E-06
3.92	-1.5717E-06
3.94	-1.61963E-06
3.96	-1.66836E-06
3.98	-1.71789E-06
4	-1.76822E-06
4.02	-1.81933E-06
4.04	-1.87124E-06
4.06	-1.92394E-06
4.08	-1.97743E-06
4.1	-2.03171E-06
4.12	-2.08679E-06
4.14	-2.14267E-06
4.16	-2.19936E-06
4.18	-2.25685E-06
4.2	-2.31516E-06
4.22	-2.37429E-06
4.24	-2.43424E-06
4.26	-2.49502E-06
4.28	-2.55664E-06
4.3	-2.61911E-06
4.32	-2.68244E-06
4.34	-2.74664E-06
4.36	-2.81171E-06
4.38	-2.87767E-06
4.4	-2.94452E-06
4.42	-3.01229E-06
4.44	-3.08097E-06
4.46	-3.15056E-06
4.48	-3.22107E-06
4.5	-3.2925E-06
4.52	-3.36484E-06
4.54	-3.4381E-06
4.56	-3.51229E-06
4.58	-3.58743E-06
4.6	-3.66353E-06
4.62	-3.74062E-06
4.64	-3.81872E-06
4.66	-3.89788E-06
4.68	-3.97811E-06
4.7	-4.05946E-06
4.72	-4.14194E-06
4.74	-4.22558E-06
4.76	-4.3104E-06
4.78	-4.39642E-06
4.8	-4.48365E-06
4.82	-4.57212E-06
4.84	-4.66183E-06
4.86	-4.75279E-06
4.88	-4.84502E-06
4.9	-4.93851E-06
4.92	-5.03329E-06
4.94	-5.12934E-06
4.96	-5.22669E-06
4.98	-5.32532E-06
5	-5.42524E-06
5.02	-5.52646E-06
5.04	-5.62897E-06
5.06	-5.73278E-06
5.08	-5.83789E-06
5.1	-5.9443E-06
5.12	-6.05201E-06
5.14	-6.16102E-06
5.16	-6.27133E-06
5.18	-6.38294E-06
5.2	-6.49584E-06
5.22	-6.61005E-06
5.24	-6.72555E-06
5.26	-6.84235E-06
5.28	-6.96044E-06
5.3	-7.07984E-06
5.32	-7.20053E-06
5.34	-7.32252E-06
5.36	-7.44583E-06
5.38	-7.57045E-06
5.4	-7.69639E-06
5.42	-7.82365E-06
5.44	-7.95223E-06
5.46	-8.08212E-06
5.48	-8.21332E-06
5.5	-8.3458E-06
5.52	-8.47957E-06
5.54	-8.61459E-06
5.56	-8.75087E-06
5.58	-8.88839E-06
5.6	-9.02715E-06
5.62	-9.16715E-06
5.64	-9.30839E-06
5.66	-9.45087E-06
5.68	-9.5946E-06
5.7	-9.73958E-06
5.72	-9.88583E-06
5.74	-1.00334E-05
5.76	-1.01822E-05
5.78	-1.03323E-05
5.8	-1.04837E-05
5.82	-1.06364E-05
5.84	-1.07905E-05
5.86	-1.09459E-05
5.88	-1.11027E-05
5.9	-1.12608E-05
5.92	-1.14203E-05
5.94	-1.15811E-05
5.96	-1.17434E-05
5.98	-1.1907E-05
6	-1.20721E-05
6.02	-1.22385E-05
6.04	-1.24063E-05
6.06	-1.25756E-05
6.08	-1.27463E-05
6.1	-1.29184E-05
6.12	-1.30919E-05
6.14	-1.32669E-05
6.16	-1.34432E-05
6.18	-1.3621E-05
6.2	-1.38002E-05
6.22	-1.39809E-05
6.24	-1.41629E-05
6.26	-1.43464E-05
6.28	-1.45312E-05
6.3	-1.47174E-05
6.32	-1.49051E-05
6.34	-1.50941E-05
6.36	-1.52845E-05
6.38	-1.54764E-05
6.4	-1.56696E-05
6.42	-1.58642E-05
6.44	-1.60603E-05
6.46	-1.62577E-05
6.48	-1.64565E-05
6.5	-1.66567E-05
6.52	-1.68582E-05
6.54	-1.70611E-05
6.56	-1.72653E-05
6.58	-1.74707E-05
6.6	-1.76775E-05
6.62	-1.78855E-05
6.64	-1.80947E-05
6.66	-1.83051E-05
6.68	-1.85168E-05
6.7	-1.87296E-05
6.72	-1.89435E-05
6.74	-1.91586E-05
6.76	-1.93748E-05
6.78	-1.9592E-05
6.8	-1.98104E-05
6.82	-2.00298E-05
6.84	-2.02502E-05
6.86	-2.04717E-05
6.88	-2.06942E-05
6.9	-2.09177E-05
6.92	-2.11422E-05
6.94	-2.13676E-05
6.96	-2.1594E-05
6.98	-2.18213E-05
7	-2.20496E-05
7.02	-2.22787E-05
7.04	-2.25088E-05
7.06	-2.27397E-05
7.08	-2.29715E-05
7.1	-2.32041E-05
7.12	-2.34375E-05
7.14	-2.36718E-05
7.16	-2.39069E-05
7.18	-2.41428E-05
7.2	-2.43794E-05
7.22	-2.46167E-05
7.24	-2.48548E-05
7.26	-2.50935E-05
7.28	-2.53329E-05
7.3	-2.5573E-05
7.32	-2.58136E-05
7.34	-2.60549E-05
7.36	-2.62967E-05
7.38	-2.65391E-05
7.4	-2.6782E-05
7.42	-2.70255E-05
7.44	-2.72694E-05
7.46	-2.75139E-05
7.48	-2.77588E-05
7.5	-2.80041E-05
7.52	-2.82499E-05
7.54	-2.84961E-05
7.56	-2.87426E-05
7.58	-2.89895E-05
7.6	-2.92366E-05
7.62	-2.94841E-05
7.64	-2.97317E-05
7.66	-2.99796E-05
7.68	-3.02276E-05
7.7	-3.04757E-05
7.72	-3.07238E-05
7.74	-3.0972E-05
7.76	-3.12202E-05
7.78	-3.14683E-05
7.8	-3.17163E-05
7.82	-3.19641E-05
7.84	-3.22118E-05
7.86	-3.24591E-05
7.88	-3.27062E-05
7.9	-3.29529E-05
7.92	-3.31993E-05
7.94	-3.34452E-05
7.96	-3.36905E-05
7.98	-3.39353E-05
8	-3.41795E-05
8.02	-3.44231E-05
8.04	-3.46659E-05
8.06	-3.4908E-05
8.08	-3.51493E-05
8.1	-3.53896E-05
8.12	-3.56291E-05
8.14	-3.58676E-05
8.16	-3.61051E-05
8.18	-3.63415E-05
8.2	-3.65767E-05
8.22	-3.68108E-05
8.24	-3.70436E-05
8.26	-3.7275E-05
8.28	-3.75051E-05
8.3	-3.77337E-05
8.32	-3.79608E-05
8.34	-3.81863E-05
8.36	-3.84101E-05
8.38	-3.86322E-05
8.4	-3.88526E-05
8.42	-3.90711E-05
8.44	-3.92877E-05
8.46	-3.95023E-05
8.48	-3.97149E-05
8.5	-3.99255E-05
8.52	-4.01339E-05
8.54	-4.034E-05
8.56	-4.05439E-05
8.58	-4.07455E-05
8.6	-4.09446E-05
8.62	-4.11413E-05
8.64	-4.13354E-05
8.66	-4.15269E-05
8.68	-4.17157E-05
8.7	-4.19018E-05
8.72	-4.2085E-05
8.74	-4.22653E-05
8.76	-4.24427E-05
8.78	-4.2617E-05
8.8	-4.27881E-05
8.82	-4.2956E-05
8.84	-4.31206E-05
8.86	-4.32818E-05
8.88	-4.34395E-05
8.9	-4.35937E-05
8.92	-4.37442E-05
8.94	-4.3891E-05
8.96	-4.40339E-05
8.98	-4.41729E-05
9	-4.43079E-05
9.02	-4.44388E-05
9.04	-4.45654E-05
9.06	-4.46877E-05
9.08	-4.48056E-05
9.1	-4.4919E-05
9.12	-4.50278E-05
9.14	-4.51319E-05
9.16	-4.52312E-05
9.18	-4.53256E-05
9.2	-4.54149E-05
9.22	-4.54992E-05
9.24	-4.55782E-05
9.26	-4.5652E-05
9.28	-4.57202E-05
9.3	-4.57829E-05
9.32	-4.584E-05
9.34	-4.58912E-05
9.36	-4.59366E-05
9.38	-4.59759E-05
9.4	-4.60091E-05
9.42	-4.6036E-05
9.44	-4.60565E-05
9.46	-4.60706E-05
9.48	-4.6078E-05
9.5	-4.60786E-05
9.52	-4.60724E-05
9.54	-4.60592E-05
9.56	-4.60389E-05
9.58	-4.60114E-05
9.6	-4.59765E-05
9.62	-4.59341E-05
9.64	-4.58841E-05
9.66	-4.58264E-05
9.68	-4.57608E-05
9.7	-4.56873E-05
9.72	-4.56056E-05
9.74	-4.55157E-05
9.76	-4.54175E-05
9.78	-4.53107E-05
9.8	-4.51953E-05
9.82	-4.50712E-05
9.84	-4.49382E-05
9.86	-4.47962E-05
9.88	-4.4645E-05
9.9	-4.44845E-05
9.92	-4.43146E-05
9.94	-4.41352E-05
9.96	-4.3946E-05
9.98	-4.3747E-05
10	-4.35381E-05
10.02	-4.33189E-05
10.04	-4.30895E-05
10.06	-4.28497E-05
10.08	-4.25993E-05
10.1	-4.23382E-05
10.12	-4.20662E-05
10.14	-4.17832E-05
10.16	-4.14891E-05
10.18	-4.11836E-05
10.2	-4.08667E-05
10.22	-4.05382E-05
10.24	-4.01979E-05
10.26	-3.98457E-05
10.28	-3.94815E-05
10.3	-3.9105E-05
10.32	-3.87162E-05
10.34	-3.83148E-05
10.36	-3.79007E-05
10.38	-3.74737E-05
10.4	-3.70337E-05
10.42	-3.65805E-05
10.44	-3.61139E-05
10.46	-3.56338E-05
10.48	-3.514E-05
10.5	-3.46324E-05
10.52	-3.41106E-05
10.54	-3.35747E-05
10.56	-3.30244E-05
10.58	-3.24595E-05
10.6	-3.18798E-05
10.62	-3.12853E-05
10.64	-3.06756E-05
10.66	-3.00507E-05
10.68	-2.94104E-05
10.7	-2.87544E-05
10.72	-2.80826E-05
10.74	-2.73949E-05
10.76	-2.6691E-05
10.78	-2.59708E-05
10.8	-2.52341E-05
10.82	-2.44807E-05
10.84	-2.37104E-05
10.86	-2.29232E-05
10.88	-2.21187E-05
10.9	-2.12968E-05
10.92	-2.04573E-05
10.94	-1.96001E-05
10.96	-1.8725E-05
10.98	-1.78317E-05
11	-1.69202E-05
11.02	-1.59902E-05
11.04	-1.50415E-05
11.06	-1.4074E-05
11.08	-1.30875E-05
11.1	-1.20817E-05
11.12	-1.10566E-05
11.14	-1.00119E-05
11.16	-8.94746E-06
11.18	-7.86309E-06
11.2	-6.7586E-06
11.22	-5.63383E-06
11.24	-4.48858E-06
11.26	-3.32269E-06
11.28	-2.13597E-06
11.3	-9.28241E-07
11.32	3.00671E-07
11.34	1.55095E-06
11.36	2.82277E-06
11.38	4.11631E-06
11.4	5.43175E-06
11.42	6.76928E-06
11.44	8.12907E-06
11.46	9.5113E-06
11.48	1.09161E-05
11.5	1.23438E-05
11.52	1.37944E-05
11.54	1.52682E-05
11.56	1.67654E-05
11.58	1.8286E-05
11.6	1.98304E-05
11.62	2.13986E-05
11.64	2.29909E-05
11.66	2.46075E-05
11.68	2.62484E-05
11.7	2.79139E-05
11.72	2.96043E-05
11.74	3.13195E-05
11.76	3.30599E-05
11.78	3.48256E-05
11.8	3.66167E-05
11.82	3.84335E-05
11.84	4.02762E-05
11.86	4.21448E-05
11.88	4.40395E-05
11.9	4.59606E-05
11.92	4.79082E-05
11.94	4.98824E-05
11.96	5.18834E-05
11.98	5.39114E-05
12	5.59665E-05
12.02	5.80489E-05
12.04	6.01588E-05
12.06	6.22963E-05
12.08	6.44616E-05
12.1	6.66548E-05
12.12	6.88761E-05
12.14	7.11256E-05
12.16	7.34035E-05
12.18	7.57099E-05
12.2	7.80449E-05
12.22	8.04088E-05
12.24	8.28017E-05
12.26	8.52236E-05
12.28	8.76748E-05
12.3	9.01553E-05
12.32	9.26652E-05
12.34	9.52048E-05
12.36	9.77742E-05
12.38	0.000100373
12.4	0.000103003
12.42	0.000105662
12.44	0.000108351
12.46	0.000111071
12.48	0.000113821
12.5	0.000116602
12.52	0.000119413
12.54	0.000122255
12.56	0.000125128
12.58	0.000128031
12.6	0.000130966
12.62	0.000133932
12.64	0.000136929
12.66	0.000139957
12.68	0.000143016
12.7	0.000146107
12.72	0.000149229
12.74	0.000152383
12.76	0.000155569
12.78	0.000158785
12.8	0.000162034
12.82	0.000165314
12.84	0.000168627
12.86	0.000171971
12.88	0.000175346
12.9	0.000178754
12.92	0.000182194
12.94	0.000185665
12.96	0.000189169
12.98	0.000192704
13	0.000196272
13.02	0.000199871
13.04	0.000203503
13.06	0.000207166
13.08	0.000210861
13.1	0.000214589
13.12	0.000218348
13.14	0.000222139
13.16	0.000225962
13.18	0.000229817
13.2	0.000233703
13.22	0.000237622
13.24	0.000241572
13.26	0.000245553
13.28	0.000249567
13.3	0.000253611
13.32	0.000257688
13.34	0.000261795
13.36	0.000265934
13.38	0.000270104
13.4	0.000274305
13.42	0.000278536
13.44	0.000282799
13.46	0.000287092
13.48	0.000291416
13.5	0.00029577
13.52	0.000300155
13.54	0.00030457
13.56	0.000309014
13.58	0.000313488
13.6	0.000317992
13.62	0.000322526
13.64	0.000327088
13.66	0.000331679
13.68	0.0003363
13.7	0.000340948
13.72	0.000345625
13.74	0.00035033
13.76	0.000355063
13.78	0.000359824
13.8	0.000364612
13.82	0.000369426
13.84	0.000374268
13.86	0.000379136
13.88	0.00038403
13.9	0.00038895
13.92	0.000393896
13.94	0.000398866
13.96	0.000403862
13.98	0.000408882
14	0.000413926
14.02	0.000418994
14.04	0.000424085
14.06	0.000429199
14.08	0.000434336
14.1	0.000439494
14.12	0.000444675
14.14	0.000449877
14.16	0.000455099
14.18	0.000460342
14.2	0.000465605
14.22	0.000470887
14.24	0.000476189
14.26	0.000481508
14.28	0.000486846
14.3	0.0004922
14.32	0.000497572
14.34	0.00050296
14.36	0.000508363
14.38	0.000513782
14.4	0.000519215
14.42	0.000524662
14.44	0.000530123
14.46	0.000535596
14.48	0.000541081
14.5	0.000546577
14.52	0.000552085
14.54	0.000557602
14.56	0.000563128
14.58	0.000568663
14.6	0.000574206
14.62	0.000579756
14.64	0.000585313
14.66	0.000590875
14.68	0.000596442
14.7	0.000602013
14.72	0.000607587
14.74	0.000613163
14.76	0.000618741
14.78	0.00062432
14.8	0.000629898
14.82	0.000635476
14.84	0.000641051
14.86	0.000646623
14.88	0.000652192
14.9	0.000657756
14.92	0.000663313
14.94	0.000668864
14.96	0.000674408
14.98	0.000679942
15	0.000686117
15.02	0.00069398
15.04	0.000700226
15.06	0.000707535
15.08	0.000711993
15.1	0.000716256
15.12	0.000719208
15.14	0.00072185
15.16	0.000721648
15.18	0.000718191
15.2	0.000697275
15.22	0.000622739
15.24	0.000453482
15.26	0.000257712
15.28	9.67664E-05
15.3	6.48742E-05
15.32	0.000242371
15.34	0.000544314
15.36	0.000834461
15.38	0.000978768
15.4	0.000989415
15.42	0.000949931
15.44	0.001014385
15.46	0.001208746
15.48	0.001389218
15.5	0.001414252
15.52	0.001145121
15.54	0.000574422
15.56	-0.000148779
15.58	-0.000950469
15.6	-0.00169898
15.62	-0.002283662
15.64	-0.002626969
15.66	-0.002651439
15.68	-0.002391846
15.7	-0.001978467
15.72	-0.001589343
15.74	-0.001194136
15.76	-0.000652197
15.78	0.000135079
15.8	0.001159008
15.82	0.002310041
15.84	0.003449433
15.86	0.004478776
15.88	0.005315083
15.9	0.005898857
15.92	0.006244815
15.94	0.006442045
15.96	0.006523062
15.98	0.00659161
16	0.006691803
16.02	0.006609142
16.04	0.006199151
16.06	0.005395191
16.08	0.004254207
16.1	0.002932253
16.12	0.001479903
16.14	-8.01226E-05
16.16	-0.001760423
16.18	-0.003446641
16.2	-0.005127994
16.22	-0.006748464
16.24	-0.008344374
16.26	-0.009912305
16.28	-0.011573336
16.3	-0.013318212
16.32	-0.015141874
16.34	-0.016926929
16.36	-0.018587504
16.38	-0.019985851
16.4	-0.020968441
16.42	-0.021449634
16.44	-0.021536613
16.46	-0.02128042
16.48	-0.020937916
16.5	-0.020737197
16.52	-0.020540594
16.54	-0.020149476
16.56	-0.019446348
16.58	-0.018445535
16.6	-0.017422325
16.62	-0.016680178
16.64	-0.016484554
16.66	-0.016905747
16.68	-0.017849071
16.7	-0.018950661
16.72	-0.019923912
16.74	-0.020677362
16.76	-0.021229288
16.78	-0.021660154
16.8	-0.022142063
16.82	-0.022761304
16.84	-0.023354522
16.86	-0.023483614
16.88	-0.022770326
16.9	-0.021136751
16.92	-0.018663537
16.94	-0.015806214
16.96	-0.01276937
16.98	-0.009535429
17	-0.00606977
17.02	-0.002282414
17.04	0.001896719
17.06	0.006496564
17.08	0.011486125
17.1	0.016588191
17.12	0.021513917
17.14	0.025866787
17.16	0.029227956
17.18	0.031451953
17.2	0.032626275
17.22	0.032708803
17.24	0.031413807
17.26	0.028886293
17.28	0.025221714
17.3	0.020323458
17.32	0.014251202
17.34	0.007198996
17.36	-0.000489573
17.38	-0.00826148
17.4	-0.015257822
17.42	-0.020587676
17.44	-0.024157709
17.46	-0.025882893
17.48	-0.025950261
17.5	-0.024536977
17.52	-0.022840687
17.54	-0.021872627
17.56	-0.021911662
17.58	-0.023003907
17.6	-0.025041676
17.62	-0.027463276
17.64	-0.029583919
17.66	-0.030451698
17.68	-0.029764795
17.7	-0.027464143
17.72	-0.023694998
17.74	-0.019177149
17.76	-0.0143539
17.78	-0.009082964
17.8	-0.002862507
17.82	0.004343175
17.84	0.012446617
17.86	0.021218944
17.88	0.030304964
17.9	0.039144705
17.92	0.047136833
17.94	0.053888597
17.96	0.059527402
17.98	0.064406774
18	0.06883383
18.02	0.072790886
18.04	0.076435261
18.06	0.07972821
18.08	0.082804756
18.1	0.08570571
18.12	0.088635515
18.14	0.09151585
18.16	0.094088662
18.18	0.095773015
18.2	0.096215658
18.22	0.095105079
18.24	0.092751951
18.26	0.089508219
18.28	0.086159098
18.3	0.082736212
18.32	0.079378456
18.34	0.07600246
18.36	0.072499743
18.38	0.068558076
18.4	0.06399729
18.42	0.058911259
18.44	0.053610539
18.46	0.048035051
18.48	0.042413437
18.5	0.036542157
18.52	0.030483877
18.54	0.024189099
18.56	0.018166477
18.58	0.012845868
18.6	0.008162482
18.62	0.004121235
18.64	0.000720983
18.66	-0.001839545
18.68	-0.002960766
18.7	-0.002524432
18.72	-0.000884567
18.74	0.001268631
18.76	0.003640658
18.78	0.006147649
18.8	0.008718434
18.82	0.0112194
18.84	0.013765436
18.86	0.016384468
18.88	0.018925814
18.9	0.021277601
18.92	0.023415837
18.94	0.02538349
18.96	0.02694229
18.98	0.027933708
19	0.028472238
19.02	0.028676357
19.04	0.028511491
19.06	0.027946528
19.08	0.026847329
19.1	0.025195539
19.12	0.022944547
19.14	0.020048944
19.16	0.016374425
19.18	0.011822517
19.2	0.006437221
19.22	0.000706076
19.24	-0.005256885
19.26	-0.011163901
19.28	-0.016773357
19.3	-0.021768826
19.32	-0.026599763
19.34	-0.031432024
19.36	-0.036227218
19.38	-0.040726388
19.4	-0.045219992
19.42	-0.049815656
19.44	-0.05456911
19.46	-0.0594902
19.48	-0.064761599
19.5	-0.070415176
19.52	-0.076444168
19.54	-0.082505937
19.56	-0.088096136
19.58	-0.092431926
19.6	-0.095291534
19.62	-0.096610912
19.64	-0.096411766
19.66	-0.094523759
19.68	-0.090853974
19.7	-0.086258513
19.72	-0.0810833
19.74	-0.075423536
19.76	-0.069491209
19.78	-0.063627991
19.8	-0.058128349
19.82	-0.053447677
19.84	-0.049885957
19.86	-0.047638745
19.88	-0.046503117
19.9	-0.045987281
19.92	-0.045488297
19.94	-0.044615349
19.96	-0.04330471
19.98	-0.042175221
20	-0.04167891
20.02	-0.04197261
20.04	-0.04302138
20.06	-0.044826334
20.08	-0.046468707
20.1	-0.047324099
20.12	-0.04728621
20.14	-0.046441078
20.16	-0.044852819
20.18	-0.043100298
20.2	-0.040834376
20.22	-0.038154339
20.24	-0.034841848
20.26	-0.030855302
20.28	-0.026101047
20.3	-0.020732356
20.32	-0.014876654
20.34	-0.008981179
20.36	-0.003065789
20.38	0.00298926
20.4	0.009141172
20.42	0.015308487
20.44	0.021510576
20.46	0.027561859
20.48	0.033484947
20.5	0.039342807
20.52	0.045374934
20.54	0.051345957
20.56	0.057065422
20.58	0.062173326
20.6	0.066273597
20.62	0.069112443
20.64	0.070543695
20.66	0.070584352
20.68	0.069319748
20.7	0.066796131
20.72	0.063917078
20.74	0.061169622
20.76	0.058405312
20.78	0.055495341
20.8	0.052347056
20.82	0.048887793
20.84	0.04494458
20.86	0.040497334
20.88	0.035745542
20.9	0.030941889
20.92	0.026169678
20.94	0.021427039
20.96	0.016622602
20.98	0.011828217
21	0.007230019
21.02	0.003056705
21.04	-0.000565904
21.06	-0.0036175
21.08	-0.006188594
21.1	-0.008247991
21.12	-0.009666887
21.14	-0.010301189
21.16	-0.010320176
21.18	-0.009974572
21.2	-0.009395285
21.22	-0.008575595
21.24	-0.007558097
21.26	-0.006262718
21.28	-0.004628526
21.3	-0.002669332
21.32	-0.000400413
21.34	0.002224801
21.36	0.005046423
21.38	0.007865274
21.4	0.01044588
21.42	0.012517102
21.44	0.013887345
21.46	0.014490987
21.48	0.014442488
21.5	0.013910815
21.52	0.013170644
21.54	0.01225776
21.56	0.011137185
21.58	0.00974644
21.6	0.008155322
21.62	0.006608226
21.64	0.005362517
21.66	0.004548324
21.68	0.004318138
21.7	0.004696052
21.72	0.005516386
21.74	0.006460624
21.76	0.007251389
21.78	0.007890586
21.8	0.008491739
21.82	0.009239033
21.84	0.010275743
21.86	0.01161757
21.88	0.013097415
21.9	0.014526321
21.92	0.015768214
21.94	0.016760354
21.96	0.01746715
21.98	0.017957578
22	0.018210383
22.02	0.018194222
22.04	0.017817686
22.06	0.016977127
22.08	0.015645154
22.1	0.014084396
22.12	0.012602274
22.14	0.011551507
22.16	0.011109077
22.18	0.011321747
22.2	0.012094405
22.22	0.013104314
22.24	0.014181301
22.26	0.015289211
22.28	0.016367365
22.3	0.017367044
22.32	0.01815567
22.34	0.018551602
22.36	0.018383873
22.38	0.017593823
22.4	0.016202068
22.42	0.014332092
22.44	0.012231029
22.46	0.010086503
22.48	0.008023238
22.5	0.006007648
22.52	0.003994051
22.54	0.00196218
22.56	-3.4546E-05
22.58	-0.001981421
22.6	-0.003773966
22.62	-0.005353345
22.64	-0.006743486
22.66	-0.008064859
22.68	-0.00942216
22.7	-0.010903821
22.72	-0.012526953
22.74	-0.014309598
22.76	-0.016025953
22.78	-0.017630469
22.8	-0.019069189
22.82	-0.020387911
22.84	-0.021567262
22.86	-0.022908997
22.88	-0.024507774
22.9	-0.026466234
22.92	-0.028819973
22.94	-0.031690625
22.96	-0.035191111
22.98	-0.039414497
23	-0.044145045
23.02	-0.04899612
23.04	-0.053478191
23.06	-0.057488064
23.08	-0.060747937
23.1	-0.063103289
23.12	-0.06429158
23.14	-0.064197462
23.16	-0.062743974
23.18	-0.060470676
23.2	-0.05813003
23.22	-0.055747974
23.24	-0.053090588
23.26	-0.050215207
23.28	-0.047156486
23.3	-0.043937914
23.32	-0.040486741
23.34	-0.036818891
23.36	-0.032932046
23.38	-0.028819248
23.4	-0.024398503
23.42	-0.019682291
23.44	-0.014502921
23.46	-0.009017892
23.48	-0.003433267
23.5	0.001847569
23.52	0.006663332
23.54	0.010828754
23.56	0.014242596
23.58	0.016781758
23.6	0.01837048
23.62	0.019010285
23.64	0.018979538
23.66	0.018522263
23.68	0.018079238
23.7	0.017659482
23.72	0.017332789
23.74	0.017138835
23.76	0.017298343
23.78	0.017621468
23.8	0.018078942
23.82	0.018353061
23.84	0.018370948
23.86	0.018172967
23.88	0.017976849
23.9	0.01790392
23.92	0.017995794
23.94	0.01802027
23.96	0.017979619
23.98	0.017824414
24	0.01765607
24.02	0.017497608
24.04	0.017456351
24.06	0.017388668
24.08	0.017308673
24.1	0.017004862
24.12	0.016454809
24.14	0.015550528
24.16	0.014407827
24.18	0.013176023
24.2	0.012654298
24.22	0.012929209
24.24	0.014120049
24.26	0.016068373
24.28	0.018395014
24.3	0.020666151
24.32	0.022906032
24.34	0.025021255
24.36	0.027044029
24.38	0.028746863
24.4	0.030040562
24.42	0.03053293
24.44	0.029941447
24.46	0.028253766
24.48	0.02577227
24.5	0.022927093
24.52	0.020296494
24.54	0.018196665
24.56	0.01694913
24.58	0.016563058
24.6	0.016929368
24.62	0.017960768
24.64	0.019102566
24.66	0.019906626
24.68	0.020261232
24.7	0.019978562
24.72	0.018835137
24.74	0.01688054
24.76	0.014611976
24.78	0.012323712
24.8	0.010158634
24.82	0.008286918
24.84	0.006746652
24.86	0.00579736
24.88	0.005336004
24.9	0.00521523
24.92	0.005509415
24.94	0.006006206
24.96	0.006591438
24.98	0.007226501
25	0.007618663
25.02	0.007586977
25.04	0.006971851
25.06	0.00565913
25.08	0.003571073
25.1	0.001022027
25.12	-0.00172533
25.14	-0.004592599
25.16	-0.00750381
25.18	-0.010241916
25.2	-0.012190356
25.22	-0.013306203
25.24	-0.013774972
25.26	-0.014005771
25.28	-0.014337079
25.3	-0.015003812
25.32	-0.015977963
25.34	-0.016983089
25.36	-0.01801781
25.38	-0.018986961
25.4	-0.019924984
25.42	-0.020893615
25.44	-0.021893862
25.46	-0.022912313
25.48	-0.024065764
25.5	-0.025463197
25.52	-0.02719379
25.54	-0.029238843
25.56	-0.031490829
25.58	-0.033813279
25.6	-0.036101633
25.62	-0.038194827
25.64	-0.03981317
25.66	-0.040687461
25.68	-0.040766511
25.7	-0.040146354
25.72	-0.039001611
25.74	-0.037761118
25.76	-0.036536734
25.78	-0.035202401
25.8	-0.03364482
25.82	-0.031699724
25.84	-0.029395192
25.86	-0.026699061
25.88	-0.023694488
25.9	-0.02040486
25.92	-0.016898659
25.94	-0.013181643
25.96	-0.009268955
25.98	-0.005176536
26	-0.000955991
26.02	0.003393439
26.04	0.007733406
26.06	0.012065015
26.08	0.016248725
26.1	0.020222315
26.12	0.023835469
26.14	0.026874426
26.16	0.029038048
26.18	0.030170529
26.2	0.030175326
26.22	0.02918718
26.24	0.027439822
26.26	0.025643623
26.28	0.024126442
26.3	0.022970236
26.32	0.021980123
26.34	0.021004615
26.36	0.019750866
26.38	0.01802234
26.4	0.015780747
26.42	0.013206854
26.44	0.010533375
26.46	0.007965446
26.48	0.005677147
26.5	0.003817161
26.52	0.00248622
26.54	0.0016895
26.56	0.001314189
26.58	0.001364338
26.6	0.001848142
26.62	0.002713383
26.64	0.003940235
26.66	0.005635259
26.68	0.007793524
26.7	0.010330057
26.72	0.013068265
26.74	0.015861991
26.76	0.018548596
26.78	0.021002038
26.8	0.023118778
26.82	0.024771359
26.84	0.025801129
26.86	0.026080165
26.88	0.025557059
26.9	0.024199897
26.92	0.022155843
26.94	0.019626831
26.96	0.016530561
26.98	0.012843806
27	0.008506628
27.02	0.003446836
27.04	-0.002357985
27.06	-0.008806715
27.08	-0.015581667
27.1	-0.022305741
27.12	-0.028640813
27.14	-0.034152737
27.16	-0.038595392
27.18	-0.041854573
27.2	-0.043819275
27.22	-0.044362543
27.24	-0.043623788
27.26	-0.042053149
27.28	-0.04012913
27.3	-0.037882779
27.32	-0.03527038
27.34	-0.032136277
27.36	-0.028433041
27.38	-0.024106151
27.4	-0.019230997
27.42	-0.013883498
27.44	-0.00818573
27.46	-0.002298162
27.48	0.003471388
27.5	0.009001596
27.52	0.014200545
27.54	0.0190256
27.56	0.023459598
27.58	0.027471195
27.6	0.030935355
27.62	0.033745484
27.64	0.035904853
27.66	0.037429825
27.68	0.038283053
27.7	0.038430136
27.72	0.037810236
27.74	0.036735245
27.76	0.035455257
27.78	0.033951158
27.8	0.03227425
27.82	0.030469197
27.84	0.028501563
27.86	0.026364861
27.88	0.02412174
27.9	0.021844476
27.92	0.019595869
27.94	0.017544421
27.96	0.015887678
27.98	0.014733921
28	0.014081628
28.02	0.013837463
28.04	0.013931788
28.06	0.014140232
28.08	0.014130829
28.1	0.01386989
28.12	0.013375129
28.14	0.012671875
28.16	0.011809432
28.18	0.010958919
28.2	0.010107943
28.22	0.009222196
28.24	0.008333963
28.26	0.007559482
28.28	0.006875896
28.3	0.00602688
28.32	0.004730435
28.34	0.002962314
28.36	0.00079102
28.38	-0.001616775
28.4	-0.003999273
28.42	-0.006049638
28.44	-0.007524132
28.46	-0.008281944
28.48	-0.00841662
28.5	-0.008090863
28.52	-0.007844636
28.54	-0.008021437
28.56	-0.008429701
28.58	-0.008833595
28.6	-0.009235263
28.62	-0.009627316
28.64	-0.010052512
28.66	-0.010593118
28.68	-0.011130934
28.7	-0.011449156
28.72	-0.011562544
28.74	-0.01133704
28.76	-0.01073882
28.78	-0.009999612
28.8	-0.009207726
28.82	-0.008438286
28.84	-0.007765944
28.86	-0.007146052
28.88	-0.006413831
28.9	-0.005461013
28.92	-0.004278829
28.94	-0.00296119
28.96	-0.001712097
28.98	-0.000634149
29	0.00011196
29.02	0.00039236
29.04	0.00047188
29.06	0.000690258
29.08	0.00124894
29.1	0.002234462
29.12	0.003496186
29.14	0.004811784
29.16	0.006053486
29.18	0.006994897
29.2	0.007345158
29.22	0.00707111
29.24	0.006134871
29.26	0.004813103
29.28	0.003471129
29.3	0.002160317
29.32	0.001031333
29.34	0.000169236
29.36	-0.000578504
29.38	-0.001456036
29.4	-0.002660329
29.42	-0.00435754
29.44	-0.00675126
29.46	-0.009849591
29.48	-0.013452016
29.5	-0.017211984
29.52	-0.020785815
29.54	-0.023970433
29.56	-0.02675167
29.58	-0.029220786
29.6	-0.031268234
29.62	-0.032570382
29.64	-0.033206775
29.66	-0.033160615
29.68	-0.032481287
29.7	-0.03118888
29.72	-0.02933732
29.74	-0.027155323
29.76	-0.024813912
29.78	-0.022436239
29.8	-0.020162377
29.82	-0.01792644
29.84	-0.015677508
29.86	-0.01333239
29.88	-0.010924461
29.9	-0.008458806
29.92	-0.006053438
29.94	-0.003873541
29.96	-0.002053282
29.98	-0.000702016
30	0.00011919
30.02	0.000506225
30.04	0.000612032
30.06	0.000555835
30.08	0.000346742
30.1	-9.93739E-05
30.12	-0.000967648
30.14	-0.002242879
30.16	-0.003668895
30.18	-0.004990399
30.2	-0.00604145
30.22	-0.006753232
30.24	-0.007204628
30.26	-0.007594704
30.28	-0.008086456
30.3	-0.00868791
30.32	-0.009150683
30.34	-0.00925245
30.36	-0.008852131
30.38	-0.007840248
30.4	-0.006254368
30.42	-0.004344423
30.44	-0.002164129
30.46	0.000174748
30.48	0.002631644
30.5	0.005188704
30.52	0.007900793
30.54	0.010713149
30.56	0.013405935
30.58	0.015766563
30.6	0.017575574
30.62	0.018723305
30.64	0.019120131
30.66	0.018544914
30.68	0.016917516
30.7	0.014529379
30.72	0.011389458
30.74	0.007603792
30.76	0.003362394
30.78	-0.001158512
30.8	-0.005851138
30.82	-0.010621839
30.84	-0.015307342
30.86	-0.019774573
30.88	-0.023977722
30.9	-0.027845258
30.92	-0.031309136
30.94	-0.034232777
30.96	-0.036447271
30.98	-0.037932974
31	-0.038733124
31.02	-0.038794209
31.04	-0.037957176
31.06	-0.036170853
31.08	-0.033688916
31.1	-0.030536276
31.12	-0.026788997
31.14	-0.022534632
31.16	-0.01785113
31.18	-0.012808556
31.2	-0.007466906
31.22	-0.001974347
31.24	0.003515206
31.26	0.008874921
31.28	0.013956647
31.3	0.018573019
31.32	0.02256207
31.34	0.025783721
31.36	0.028246657
31.38	0.030071318
31.4	0.031436556
31.42	0.032411394
31.44	0.033016668
31.46	0.033236956
31.48	0.033082395
31.5	0.032419964
31.52	0.031151562
31.54	0.029297591
31.56	0.026968354
31.58	0.024198389
31.6	0.021094226
31.62	0.017756131
31.64	0.014246547
31.66	0.010635619
31.68	0.007058423
31.7	0.003658383
31.72	0.000611733
31.74	-0.001929091
31.76	-0.003901489
31.78	-0.005343964
31.8	-0.006298838
31.82	-0.006739111
31.84	-0.006600111
31.86	-0.006019775
31.88	-0.005225491
31.9	-0.004171401
31.92	-0.002856952
31.94	-0.00135156
31.96	0.000398553
31.98	0.002360604
32	0.004326987
32.02	0.006106551
32.04	0.007656156
32.06	0.00888025
32.08	0.00964187
32.1	0.009814923
32.12	0.009294195
32.14	0.008013067
32.16	0.006086919
32.18	0.003769208
32.2	0.001287893
32.22	-0.001186698
32.24	-0.003490045
32.26	-0.005577763
32.28	-0.00741825
32.3	-0.009009687
32.32	-0.010438618
32.34	-0.011792584
32.36	-0.01305703
32.38	-0.014204373
32.4	-0.01509815
32.42	-0.015667966
32.44	-0.015860646
32.46	-0.015630496
32.48	-0.014860943
32.5	-0.013648992
32.52	-0.012194683
32.54	-0.010578619
32.56	-0.008802985
32.58	-0.006880809
32.6	-0.004766749
32.62	-0.002415861
32.64	0.000166198
32.66	0.002897134
32.68	0.005692694
32.7	0.008424227
32.72	0.010969815
32.74	0.013198993
32.76	0.015074637
32.78	0.016617574
32.8	0.01790674
32.82	0.018999412
32.84	0.019877233
32.86	0.0203793
32.88	0.020316927
32.9	0.019561177
32.92	0.018073781
32.94	0.015950022
32.96	0.013653878
32.98	0.011400244
33	0.009251386
33.02	0.007248949
33.04	0.005336546
33.06	0.003452073
33.08	0.00150601
33.1	-0.000532308
33.12	-0.002619241
33.14	-0.004717534
33.16	-0.006796873
33.18	-0.008830972
33.2	-0.010863139
33.22	-0.01292494
33.24	-0.015015134
33.26	-0.016997077
33.28	-0.018741734
33.3	-0.020055175
33.32	-0.02086106
33.34	-0.021087958
33.36	-0.020713856
33.38	-0.019752875
33.4	-0.018522121
33.42	-0.017069547
33.44	-0.015416169
33.46	-0.013617831
33.48	-0.011776643
33.5	-0.009902124
33.52	-0.008086149
33.54	-0.006419847
33.56	-0.004972666
33.58	-0.00374984
33.6	-0.002762507
33.62	-0.002058678
33.64	-0.001677187
33.66	-0.001656113
33.68	-0.001974789
33.7	-0.002572775
33.72	-0.003419759
33.74	-0.004351365
33.76	-0.005353133
33.78	-0.006347403
33.8	-0.007252381
33.82	-0.007930448
33.84	-0.008324456
33.86	-0.008405057
33.88	-0.008210393
33.9	-0.007729104
33.92	-0.006904371
33.94	-0.005607728
33.96	-0.003894709
33.98	-0.001912403
34	5.87768E-05
34.02	0.001842801
34.04	0.00340563
34.06	0.004855353
34.08	0.006231823
34.1	0.007439632
34.12	0.008545697
34.14	0.009725004
34.16	0.011040647
34.18	0.012384831
34.2	0.013524422
34.22	0.014476076
34.24	0.015227501
34.26	0.015763614
34.28	0.015903638
34.3	0.015542377
34.32	0.014706506
34.34	0.013550494
34.36	0.012221117
34.38	0.010924814
34.4	0.009776512
34.42	0.008808288
34.44	0.00799104
34.46	0.00730676
34.48	0.006682203
34.5	0.006103858
34.52	0.005517432
34.54	0.004816933
34.56	0.003883788
34.58	0.002698569
34.6	0.001231902
34.62	-0.000580883
34.64	-0.002680842
34.66	-0.004925054
34.68	-0.007129032
34.7	-0.009182288
34.72	-0.011011376
34.74	-0.012529016
34.76	-0.013737673
34.78	-0.01458545
34.8	-0.014981096
34.82	-0.014859475
34.84	-0.014205798
34.86	-0.012989488
34.88	-0.011280394
34.9	-0.009388655
34.92	-0.007447805
34.94	-0.005543171
34.96	-0.003763866
34.98	-0.002073707
35	-0.000378858
35.02	0.001472251
35.04	0.003542886
35.06	0.00578277
35.08	0.008058676
35.1	0.010166328
35.12	0.011970135
35.14	0.013423102
35.16	0.014514614
35.18	0.015275464
35.2	0.015727988
35.22	0.015922057
35.24	0.015778889
35.26	0.015216944
35.28	0.014114146
35.3	0.012498868
35.32	0.010720567
35.34	0.009080806
35.36	0.007813507
35.38	0.007066374
35.4	0.006833345
35.42	0.007026545
35.44	0.007427417
35.46	0.00771011
35.48	0.0078247
35.5	0.007814342
35.52	0.007674384
35.54	0.007458195
35.56	0.007200755
35.58	0.006857036
35.6	0.006442156
35.62	0.005970504
35.64	0.005468522
35.66	0.005056728
35.68	0.00485259
35.7	0.004942791
35.72	0.005260579
35.74	0.005673588
35.76	0.005904482
35.78	0.005785547
35.8	0.005218984
35.82	0.004235896
35.84	0.00296099
35.86	0.001467423
35.88	-0.000217098
35.9	-0.002043158
35.92	-0.003823037
35.94	-0.005436961
35.96	-0.006893696
35.98	-0.00817149
36	-0.009330765
36.02	-0.010451235
36.04	-0.011686444
36.06	-0.013170551
36.08	-0.015013327
36.1	-0.017267192
36.12	-0.019823493
36.14	-0.022566179
36.16	-0.025408252
36.18	-0.028147492
36.2	-0.030567428
36.22	-0.032454231
36.24	-0.033710075
36.26	-0.034308641
36.28	-0.034293418
36.3	-0.033713317
36.32	-0.032702857
36.34	-0.031474312
36.36	-0.030111754
36.38	-0.028665581
36.4	-0.027171618
36.42	-0.025579065
36.44	-0.023837911
36.46	-0.021862741
36.48	-0.019596685
36.5	-0.016966263
36.52	-0.013951436
36.54	-0.010571618
36.56	-0.006890434
36.58	-0.003008977
36.6	0.000941262
36.62	0.004760797
36.64	0.008202807
36.66	0.011079747
36.68	0.013189064
36.7	0.014388256
36.72	0.014576486
36.74	0.013847916
36.76	0.012446388
36.78	0.010900509
36.8	0.009411335
36.82	0.008033463
36.84	0.006712192
36.86	0.005414844
36.88	0.004141549
36.9	0.00294228
36.92	0.001914669
36.94	0.001193705
36.96	0.00089786
36.98	0.001031117
37	0.001507566
37.02	0.002062181
37.04	0.002414971
37.06	0.002480922
37.08	0.002298694
37.1	0.002015677
37.12	0.001883883
37.14	0.002053727
37.16	0.002541179
37.18	0.003204221
37.2	0.003802863
37.22	0.004231019
37.24	0.004474041
37.26	0.004481512
37.28	0.004259636
37.3	0.003819268
37.32	0.003222476
37.34	0.002483351
37.36	0.001537547
37.38	0.000339351
37.4	-0.001110788
37.42	-0.002716481
37.44	-0.004323331
37.46	-0.005796419
37.48	-0.007027933
37.5	-0.007887004
37.52	-0.008304752
37.54	-0.008336955
37.56	-0.00812683
37.58	-0.007809441
37.6	-0.007481711
37.62	-0.007063478
37.64	-0.00645122
37.66	-0.005594954
37.68	-0.004538515
37.7	-0.003403935
37.72	-0.002350586
37.74	-0.001386205
37.76	-0.000382019
37.78	0.000876979
37.8	0.00257288
37.82	0.004750303
37.84	0.007292648
37.86	0.010082907
37.88	0.012894474
37.9	0.015508361
37.92	0.017738141
37.94	0.019533476
37.96	0.020983515
37.98	0.022220371
38	0.023335852
38.02	0.024308716
38.04	0.025082961
38.06	0.025820891
38.08	0.026602117
38.1	0.027441363
38.12	0.028175235
38.14	0.028648731
38.16	0.028788902
38.18	0.028550141
38.2	0.027869685
38.22	0.026681612
38.24	0.025153123
38.26	0.023319014
38.28	0.021230488
38.3	0.018917592
38.32	0.016471608
38.34	0.013968565
38.36	0.011527929
38.38	0.009281722
38.4	0.007374517
38.42	0.005960708
38.44	0.005157893
38.46	0.004961101
38.48	0.005325517
38.5	0.006106414
38.52	0.006979867
38.54	0.007858984
38.56	0.008749973
38.58	0.009623764
38.6	0.010436998
38.62	0.011120149
38.64	0.011607804
38.66	0.01180555
38.68	0.011660612
38.7	0.011163828
38.72	0.010398015
38.74	0.009537266
38.76	0.008687402
38.78	0.007883876
38.8	0.007041323
38.82	0.006029219
38.84	0.004808814
38.86	0.003486578
38.88	0.002229276
38.9	0.001190603
38.92	0.000483823
38.94	0.000194404
38.96	0.000341919
38.98	0.000876127
39	0.001422098
39.02	0.001771461
39.04	0.001873289
39.06	0.001856085
39.08	0.001932248
39.1	0.0023424
39.12	0.003193082
39.14	0.004305335
39.16	0.005507898
39.18	0.006677717
39.2	0.007675646
39.22	0.008481395
39.24	0.00912191
39.26	0.009645293
39.28	0.010125006
39.3	0.010600147
39.32	0.011079277
39.34	0.011478901
39.36	0.011671621
39.38	0.011474647
39.4	0.010744909
39.42	0.009357327
39.44	0.007401489
39.46	0.004964839
39.48	0.002234871
39.5	-0.000516739
39.52	-0.002967857
39.54	-0.004907624
39.56	-0.006313258
39.58	-0.007435031
39.6	-0.008411759
39.62	-0.00918938
39.64	-0.010307881
39.66	-0.011886745
39.68	-0.013784251
39.7	-0.015898256
39.72	-0.01810514
39.74	-0.020277907
39.76	-0.022475895
39.78	-0.024803182
39.8	-0.027281537
39.82	-0.029838274
39.84	-0.032404501
39.86	-0.034920276
39.88	-0.037349234
39.9	-0.039578329
39.92	-0.04136418
39.94	-0.042559636
39.96	-0.043200564
39.98	-0.04331259
40	-0.04300496
40.02	-0.042366328
40.04	-0.041487923
40.06	-0.040357476
40.08	-0.039015543
40.1	-0.037519634
40.12	-0.035984418
40.14	-0.034459109
40.16	-0.033009483
40.18	-0.031678155
40.2	-0.030519914
40.22	-0.029560677
40.24	-0.028797739
40.26	-0.028217501
40.28	-0.027787983
40.3	-0.027467932
40.32	-0.027243502
40.34	-0.027056699
40.36	-0.026821627
40.38	-0.02644311
40.4	-0.025819314
40.42	-0.024938876
40.44	-0.023834168
40.46	-0.0225555
40.48	-0.021154283
40.5	-0.019698623
40.52	-0.018241649
40.54	-0.016796242
40.56	-0.015270079
40.58	-0.013647548
40.6	-0.012069097
40.62	-0.010751341
40.64	-0.009901448
40.66	-0.009704546
40.68	-0.010233932
40.7	-0.011487555
40.72	-0.013151063
40.74	-0.014951998
40.76	-0.016882917
40.78	-0.018951149
40.8	-0.021119974
40.82	-0.023406588
40.84	-0.025808473
40.86	-0.028283403
40.88	-0.030759063
40.9	-0.033056799
40.92	-0.034848749
40.94	-0.035850718
40.96	-0.035871158
40.98	-0.034966326
41	-0.033362811
41.02	-0.031729921
41.04	-0.030429154
41.06	-0.029588794
41.08	-0.029189007
41.1	-0.029039359
41.12	-0.028846441
41.14	-0.028206513
41.16	-0.027098157
41.18	-0.025757944
41.2	-0.024468799
41.22	-0.023516687
41.24	-0.023131408
41.26	-0.023517808
41.28	-0.024655772
41.3	-0.026172954
41.32	-0.02776559
41.34	-0.029348279
41.36	-0.030845171
41.38	-0.032142953
41.4	-0.03319071
41.42	-0.033779093
41.44	-0.03362408
41.46	-0.032512639
41.48	-0.03037587
41.5	-0.027358443
41.52	-0.023679141
41.54	-0.019582266
41.56	-0.01533647
41.58	-0.011136721
41.6	-0.007076395
41.62	-0.003292305
41.64	6.59537E-05
41.66	0.003202906
41.68	0.006159197
41.7	0.008861918
41.72	0.011433047
41.74	0.013907454
41.76	0.016362917
41.78	0.018859132
41.8	0.021394733
41.82	0.023913391
41.84	0.026323337
41.86	0.028511638
41.88	0.030344246
41.9	0.031646277
41.92	0.032260368
41.94	0.03204468
41.96	0.030953778
41.98	0.029218532
42	0.027435889
42.02	0.025844619
42.04	0.024614647
42.06	0.023810861
42.08	0.023403522
42.1	0.023236378
42.12	0.023131293
42.14	0.022895047
42.16	0.022369033
42.18	0.021489677
42.2	0.020255195
42.22	0.018684623
42.24	0.01682784
42.26	0.014808931
42.28	0.012836085
42.3	0.011074446
42.32	0.009674729
42.34	0.008794817
42.36	0.008521401
42.38	0.008902378
42.4	0.009924878
42.42	0.011413015
42.44	0.013116646
42.46	0.014943478
42.48	0.016747775
42.5	0.018413943
42.52	0.019828785
42.54	0.02100334
42.56	0.021977521
42.58	0.022837717
42.6	0.023676109
42.62	0.024606414
42.64	0.025678369
42.66	0.026780856
42.68	0.02775039
42.7	0.028470454
42.72	0.028812056
42.74	0.028699092
42.76	0.028176029
42.78	0.027445683
42.8	0.026649524
42.82	0.02581135
42.84	0.024973363
42.86	0.024243594
42.88	0.02373605
42.9	0.023612924
42.92	0.023962903
42.94	0.024822007
42.96	0.026082044
42.98	0.027559893
43	0.029132965
43.02	0.030653567
43.04	0.031937078
43.06	0.032858701
43.08	0.033381905
43.1	0.033554106
43.12	0.033489758
43.14	0.033324775
43.16	0.033193472
43.18	0.033074562
43.2	0.032889835
43.22	0.032581704
43.24	0.032101266
43.26	0.031411856
43.28	0.030463889
43.3	0.029199419
43.32	0.027574039
43.34	0.025545177
43.36	0.02306158
43.38	0.02013464
43.4	0.016895314
43.42	0.013587536
43.44	0.010467021
43.46	0.007729936
43.48	0.005461431
43.5	0.003696354
43.52	0.002453245
43.54	0.001727909
43.56	0.001288491
43.58	0.000923264
43.6	0.000428843
43.62	-0.000311034
43.64	-0.001392871
43.66	-0.002867211
43.68	-0.004776358
43.7	-0.007046702
43.72	-0.00957412
43.74	-0.01216773
43.76	-0.014693088
43.78	-0.017044539
43.8	-0.019137183
43.82	-0.020896416
43.84	-0.022249887
43.86	-0.023134734
43.88	-0.023509131
43.9	-0.023398252
43.92	-0.022854474
43.94	-0.022009919
43.96	-0.021117432
43.98	-0.020280661
44	-0.01954257
44.02	-0.018883886
44.04	-0.018268167
44.06	-0.017641494
44.08	-0.016989846
44.1	-0.016273364
44.12	-0.015497171
44.14	-0.014734808
44.16	-0.014091888
44.18	-0.013598426
44.2	-0.013245097
44.22	-0.01299837
44.24	-0.012772321
44.26	-0.01246303
44.28	-0.011997365
44.3	-0.011352032
44.32	-0.010513206
44.34	-0.009514908
44.36	-0.008389442
44.38	-0.007149532
44.4	-0.005808181
44.42	-0.004395052
44.44	-0.003004759
44.46	-0.001719941
44.48	-0.000607782
44.5	0.000289469
44.52	0.000989874
44.54	0.001523097
44.56	0.001914016
44.58	0.002178853
44.6	0.002314416
44.62	0.00232769
44.64	0.002172172
44.66	0.001793668
44.68	0.001205619
44.7	0.000560559
44.72	-0.000121001
44.74	-0.000839121
44.76	-0.001614007
44.78	-0.002479466
44.8	-0.00346259
44.82	-0.004522515
44.84	-0.005600701
44.86	-0.00658497
44.88	-0.007400114
44.9	-0.007950098
44.92	-0.008230895
44.94	-0.00822939
44.96	-0.008004717
44.98	-0.007692073
45	-0.007448416
45.02	-0.007341448
45.04	-0.007414542
45.06	-0.007673372
45.08	-0.008124577
45.1	-0.00873517
45.12	-0.009477193
45.14	-0.010324373
45.16	-0.011288531
45.18	-0.012307281
45.2	-0.013356275
45.22	-0.014360702
45.24	-0.015227108
45.26	-0.015912426
45.28	-0.016416038
45.3	-0.016734905
45.32	-0.016847784
45.34	-0.016700436
45.36	-0.016218589
45.38	-0.015331331
45.4	-0.014076551
45.42	-0.012509024
45.44	-0.010747276
45.46	-0.008872217
45.48	-0.006933631
45.5	-0.00495648
45.52	-0.002961086
45.54	-0.000979818
45.56	0.000939917
45.58	0.002733952
45.6	0.004320408
45.62	0.005638698
45.64	0.006697823
45.66	0.007491278
45.68	0.008005346
45.7	0.008362025
45.72	0.008714765
45.74	0.009266317
45.76	0.010027404
45.78	0.010963186
45.8	0.012069822
45.82	0.013306512
45.84	0.014610545
45.86	0.015863098
45.88	0.016944622
45.9	0.017811492
45.92	0.018403238
45.94	0.018688148
45.96	0.018622474
45.98	0.018220331
46	0.01757599
46.02	0.016843649
46.04	0.016081751
46.06	0.015324527
46.08	0.014535802
46.1	0.01366984
46.12	0.01261443
46.14	0.011341217
46.16	0.009859215
46.18	0.008216896
46.2	0.006458137
46.22	0.004663693
46.24	0.002910568
46.26	0.00124489
46.28	-0.000336458
46.3	-0.001789087
46.32	-0.003058722
46.34	-0.004056727
46.36	-0.004721302
46.38	-0.004992791
46.4	-0.004894906
46.42	-0.004559354
46.44	-0.004244342
46.46	-0.004157055
46.48	-0.00428528
46.5	-0.004537868
46.52	-0.004781018
46.54	-0.004892009
46.56	-0.004838626
46.58	-0.004638279
46.6	-0.004349013
46.62	-0.004053514
46.64	-0.003875214
46.66	-0.003906316
46.68	-0.004137148
46.7	-0.004542364
46.72	-0.005082031
46.74	-0.005703821
46.76	-0.006377917
46.78	-0.007069312
46.8	-0.007728965
46.82	-0.008251311
46.84	-0.008578404
46.86	-0.008624747
46.88	-0.008277306
46.9	-0.007476398
46.92	-0.006351409
46.94	-0.005000396
46.96	-0.003509039
46.98	-0.001959753
47	-0.000443481
47.02	0.000906323
47.04	0.001969036
47.06	0.002655155
47.08	0.00292106
47.1	0.002789636
47.12	0.002307399
47.14	0.001624415
47.16	0.000883187
47.18	7.87457E-05
47.2	-0.00078773
47.22	-0.001722698
47.24	-0.002744258
47.26	-0.003876218
47.28	-0.005113572
47.3	-0.006427491
47.32	-0.007767303
47.34	-0.009082854
47.36	-0.01035979
47.38	-0.011596892
47.4	-0.012832129
47.42	-0.014067416
47.44	-0.015253135
47.46	-0.016327458
47.48	-0.01729305
47.5	-0.018191424
47.52	-0.019067785
47.54	-0.019960102
47.56	-0.020896932
47.58	-0.021903624
47.6	-0.022974664
47.62	-0.024021771
47.64	-0.024904889
47.66	-0.025536641
47.68	-0.025883761
47.7	-0.02602192
47.72	-0.026013201
47.74	-0.025898853
47.76	-0.025770362
47.78	-0.025541274
47.8	-0.025152286
47.82	-0.024600484
47.84	-0.023943195
47.86	-0.023231908
47.88	-0.022491811
47.9	-0.021720547
47.92	-0.020905807
47.94	-0.02006042
47.96	-0.019166445
47.98	-0.018223103
48	-0.017215288
48.02	-0.016180239
48.04	-0.015173205
48.06	-0.014241472
48.08	-0.01337109
48.1	-0.012526927
48.12	-0.011700617
48.14	-0.010843242
48.16	-0.009886656
48.18	-0.00879206
48.2	-0.007592951
48.22	-0.006345723
48.24	-0.00509292
48.26	-0.00386067
48.28	-0.00264477
48.3	-0.001418039
48.32	-0.000174031
48.34	0.001083563
48.36	0.002326577
48.38	0.003526708
48.4	0.004648213
48.42	0.005662005
48.44	0.006554621
48.46	0.00732625
48.48	0.007965294
48.5	0.008478116
48.52	0.008862468
48.54	0.009097062
48.56	0.009116825
48.58	0.008832038
48.6	0.008184364
48.62	0.007258462
48.64	0.006170241
48.66	0.005025682
48.68	0.003919352
48.7	0.002911672
48.72	0.002046531
48.74	0.001369518
48.76	0.000899143
48.78	0.000604873
48.8	0.000417994
48.82	0.000277497
48.84	0.000120664
48.86	-0.000100671
48.88	-0.000335332
48.9	-0.000566215
48.92	-0.000781763
48.94	-0.000993828
48.96	-0.001177594
48.98	-0.001278345
49	-0.001235485
49.02	-0.001032108
49.04	-0.000658653
49.06	-0.000197085
49.08	0.000303459
49.1	0.000795944
49.12	0.001239289
49.14	0.001563243
49.16	0.001723598
49.18	0.001726172
49.2	0.00160231
49.22	0.001384621
49.24	0.001123699
49.26	0.000876892
49.28	0.000717069
49.3	0.000715362
49.32	0.000912318
49.34	0.001293528
49.36	0.001793221
49.38	0.002337866
49.4	0.002896704
49.42	0.003478253
49.44	0.004093828
49.46	0.004713894
49.48	0.005297906
49.5	0.005815691
49.52	0.006254023
49.54	0.006654844
49.56	0.00704355
49.58	0.007444303
49.6	0.007897218
49.62	0.008431198
49.64	0.009022528
49.66	0.009627491
49.68	0.01020684
49.7	0.010719155
49.72	0.011122613
49.74	0.011421616
49.76	0.011642839
49.78	0.011788355
49.8	0.011853322
49.82	0.011834952
49.84	0.011692232
49.86	0.011362496
49.88	0.010834814
49.9	0.010127212
49.92	0.009224962
49.94	0.008113356
49.96	0.006800214
49.98	0.0052967
50	0.003620532
50.02	0.001834749
50.04	1.09253E-05
50.06	-0.001730291
50.08	-0.003321547
50.1	-0.00470576
50.12	-0.005816606
50.14	-0.006632632
50.16	-0.007138673
50.18	-0.007330103
50.2	-0.007229103
50.22	-0.006879555
50.24	-0.006395486
50.26	-0.005949602
50.28	-0.005599817
50.3	-0.005388617
50.32	-0.005337096
50.34	-0.005432127
50.36	-0.005613113
50.38	-0.005820811
50.4	-0.005965103
50.42	-0.005945331
50.44	-0.005747388
50.46	-0.005407213
50.48	-0.004973979
50.5	-0.00450181
50.52	-0.004010209
50.54	-0.003527281
50.56	-0.003080149
50.58	-0.00266914
50.6	-0.002310024
50.62	-0.002022123
50.64	-0.001840642
50.66	-0.001803673
50.68	-0.001935829
50.7	-0.002200936
50.72	-0.002464688
50.74	-0.00252288
50.76	-0.002329193
50.78	-0.001907896
50.8	-0.001377817
50.82	-0.000845175
50.84	-0.000318714
50.86	0.000252094
50.88	0.000827056
50.9	0.001409573
50.92	0.001990076
50.94	0.002527878
50.96	0.002956788
50.98	0.003225667
51	0.003319732
51.02	0.003279479
51.04	0.003185771
51.06	0.003143728
51.08	0.003247775
51.1	0.003452205
51.12	0.003674498
51.14	0.003842612
51.16	0.003876565
51.18	0.003722754
51.2	0.003362642
51.22	0.002778005
51.24	0.00198546
51.26	0.001027805
51.28	-3.26585E-05
51.3	-0.00113015
51.32	-0.002207472
51.34	-0.003231157
51.36	-0.004189354
51.38	-0.005104002
51.4	-0.006012325
51.42	-0.006931053
51.44	-0.007870074
51.46	-0.008776724
51.48	-0.009579356
51.5	-0.010206789
51.52	-0.010650985
51.54	-0.010844535
51.56	-0.010746059
51.58	-0.01037776
51.6	-0.009819144
51.62	-0.009096184
51.64	-0.008223301
51.66	-0.007230035
51.68	-0.006191171
51.7	-0.005176013
51.72	-0.004278066
51.74	-0.003557652
51.76	-0.003065201
51.78	-0.002799898
51.8	-0.002718511
51.82	-0.002704178
51.84	-0.002625338
51.86	-0.0023707
51.88	-0.001973763
51.9	-0.001530531
51.92	-0.001061673
51.94	-0.000547282
51.96	-3.00657E-05
51.98	0.000487939
52	0.001046108
52.02	0.001689153
52.04	0.002421435
52.06	0.003220978
52.08	0.004056293
52.1	0.004912236
52.12	0.005781435
52.14	0.006683728
52.16	0.007665823
52.18	0.008745269
52.2	0.00990165
52.22	0.011101214
52.24	0.012278096
52.26	0.013370751
52.28	0.014316586
52.3	0.015077402
52.32	0.015677981
52.34	0.016150856
52.36	0.01645748
52.38	0.016618949
52.4	0.016602105
52.42	0.016369059
52.44	0.015909265
52.46	0.015321192
52.48	0.014659959
52.5	0.013972053
52.52	0.013267408
52.54	0.012500512
52.56	0.011610539
52.58	0.010547874
52.6	0.00924259
52.62	0.007659088
52.64	0.005812062
52.66	0.00376428
52.68	0.001576859
52.7	-0.000647593
52.72	-0.002808116
52.74	-0.0048046
52.76	-0.006586747
52.78	-0.008121282
52.8	-0.009395034
52.82	-0.010416361
52.84	-0.011223084
52.86	-0.011858883
52.88	-0.012370439
52.9	-0.012777019
52.92	-0.013110828
52.94	-0.013390256
52.96	-0.013636
52.98	-0.013834667
53	-0.01396865
53.02	-0.013999736
53.04	-0.013918074
53.06	-0.013730821
53.08	-0.013485542
53.1	-0.013246445
53.12	-0.013027011
53.14	-0.012851597
53.16	-0.012737102
53.18	-0.012677032
53.2	-0.01267723
53.22	-0.012722805
53.24	-0.012793237
53.26	-0.012888992
53.28	-0.013040796
53.3	-0.013275106
53.32	-0.013599463
53.34	-0.013960651
53.36	-0.014268175
53.38	-0.014458907
53.4	-0.014500144
53.42	-0.014384951
53.44	-0.014123106
53.46	-0.013711937
53.48	-0.013154073
53.5	-0.012475789
53.52	-0.011723827
53.54	-0.010939128
53.56	-0.010147799
53.58	-0.009352049
53.6	-0.008578769
53.62	-0.007852338
53.64	-0.007199072
53.66	-0.00665392
53.68	-0.006268583
53.7	-0.00607666
53.72	-0.006115684
53.74	-0.00641562
53.76	-0.006954788
53.78	-0.00762618
53.8	-0.008321968
53.82	-0.008981803
53.84	-0.009578918
53.86	-0.010097137
53.88	-0.01055525
53.9	-0.01095198
53.92	-0.01130398
53.94	-0.011621372
53.96	-0.011897406
53.98	-0.012099371
54	-0.012209739
54.02	-0.012234137
54.04	-0.012222435
54.06	-0.012204622
54.08	-0.012237837
54.1	-0.012308831
54.12	-0.012341009
54.14	-0.012272073
54.16	-0.012075768
54.18	-0.01173692
54.2	-0.011277279
54.22	-0.010736424
54.24	-0.010177385
54.26	-0.009652408
54.28	-0.00921389
54.3	-0.008862572
54.32	-0.008583117
54.34	-0.008319381
54.36	-0.008047677
54.38	-0.00776797
54.4	-0.007513078
54.42	-0.007263881
54.44	-0.007008856
54.46	-0.006720034
54.48	-0.006406928
54.5	-0.006078191
54.52	-0.005738818
54.54	-0.005390144
54.56	-0.005036829
54.58	-0.004680764
54.6	-0.004283209
54.62	-0.00376863
54.64	-0.003116921
54.66	-0.002356846
54.68	-0.001540489
54.7	-0.000711137
54.72	9.1193E-05
54.74	0.000840647
54.76	0.001554533
54.78	0.002252896
54.8	0.002940495
54.82	0.003636661
54.84	0.004327678
54.86	0.004939714
54.88	0.005417967
54.9	0.005751188
54.92	0.005972451
54.94	0.006149846
54.96	0.006347409
54.98	0.006601874
55	0.006916891
55.02	0.007228496
55.04	0.007437239
55.06	0.007474426
55.08	0.007276655
55.1	0.006866839
55.12	0.006264499
55.14	0.00554806
55.16	0.004761418
55.18	0.003907899
55.2	0.003015415
55.22	0.002127778
55.24	0.001279482
55.26	0.000539942
55.28	-6.13754E-05
55.3	-0.000499954
55.32	-0.000777175
55.34	-0.000911453
55.36	-0.000961746
55.38	-0.000962452
55.4	-0.000924283
55.42	-0.000822327
55.44	-0.00063
55.46	-0.000333846
55.48	4.43612E-05
55.5	0.000413451
55.52	0.000758357
55.54	0.001097665
55.56	0.001469768
55.58	0.001909782
55.6	0.002429964
55.62	0.003021316
55.64	0.003626203
55.66	0.004184645
55.68	0.004650556
55.7	0.00498539
55.72	0.005148389
55.74	0.005144956
55.76	0.005006109
55.78	0.004769997
55.8	0.004460876
55.82	0.004122694
55.84	0.003789117
55.86	0.003522063
55.88	0.003421908
55.9	0.003567611
55.92	0.003966622
55.94	0.00456056
55.96	0.005239007
55.98	0.005967793
56	0.006731267
56.02	0.007552354
56.04	0.008438219
56.06	0.009373864
56.08	0.010298427
56.1	0.011167515
56.12	0.01196237
56.14	0.012696532
56.16	0.013339154
56.18	0.013868991
56.2	0.014290271
56.22	0.01463318
56.24	0.014890049
56.26	0.015049058
56.28	0.015054048
56.3	0.014834916
56.32	0.014332475
56.34	0.013565619
56.36	0.012608656
56.38	0.011495901
56.4	0.010276562
56.42	0.008990773
56.44	0.007658888
56.46	0.006310094
56.48	0.004959945
56.5	0.00365034
56.52	0.002417363
56.54	0.00130475
56.56	0.00032333
56.58	-0.000546461
56.6	-0.00132828
56.62	-0.002053731
56.64	-0.002760854
56.66	-0.003492031
56.68	-0.004247979
56.7	-0.005008202
56.72	-0.005729717
56.74	-0.006356408
56.76	-0.00683971
56.78	-0.007146993
56.8	-0.007287188
56.82	-0.007289904
56.84	-0.00719147
56.86	-0.007039253
56.88	-0.006903634
56.9	-0.006791136
56.92	-0.006703074
56.94	-0.006676753
56.96	-0.006738525
56.98	-0.006881111
57	-0.007084066
57.02	-0.007330017
57.04	-0.007616932
57.06	-0.007940706
57.08	-0.008274781
57.1	-0.0085888
57.12	-0.008868263
57.14	-0.0091084
57.16	-0.009335066
57.18	-0.009577434
57.2	-0.009864677
57.22	-0.010262343
57.24	-0.010797774
57.26	-0.011450492
57.28	-0.012181261
57.3	-0.012934916
57.32	-0.013635725
57.34	-0.014213698
57.36	-0.014544076
57.38	-0.014582832
57.4	-0.014311094
57.42	-0.013797641
57.44	-0.013162708
57.46	-0.012410245
57.48	-0.011560293
57.5	-0.010629103
57.52	-0.009679792
57.54	-0.008772066
57.56	-0.007962474
57.58	-0.007267087
57.6	-0.006685444
57.62	-0.006197489
57.64	-0.005799037
57.66	-0.005480988
57.68	-0.005245593
57.7	-0.005081236
57.72	-0.004971491
57.74	-0.004877469
57.76	-0.004773424
57.78	-0.004668028
57.8	-0.00460498
57.82	-0.004629118
57.84	-0.004784473
57.86	-0.005108031
57.88	-0.005575144
57.9	-0.006088089
57.92	-0.006599771
57.94	-0.007039669
57.96	-0.007354762
57.98	-0.007540917
58	-0.007623681
58.02	-0.007626972
58.04	-0.007583775
58.06	-0.007519023
58.08	-0.00743048
58.1	-0.007306813
58.12	-0.00714512
58.14	-0.006947216
58.16	-0.006708869
58.18	-0.006429216
58.2	-0.006116391
58.22	-0.005755084
58.24	-0.00534321
58.26	-0.004905293
58.28	-0.004443738
58.3	-0.003954759
58.32	-0.003434445
58.34	-0.002911412
58.36	-0.002420356
58.38	-0.001998627
58.4	-0.001675424
58.42	-0.001486366
58.44	-0.001473707
58.46	-0.001628355
58.48	-0.001917308
58.5	-0.002290326
58.52	-0.002641383
58.54	-0.00292111
58.56	-0.003079119
58.58	-0.003087018
58.6	-0.002975863
58.62	-0.002800762
58.64	-0.002632457
58.66	-0.002529167
58.68	-0.002528123
58.7	-0.002634621
58.72	-0.002834407
58.74	-0.003089133
58.76	-0.003321198
58.78	-0.003465804
58.8	-0.003481231
58.82	-0.003349359
58.84	-0.003072761
58.86	-0.002662284
58.88	-0.002160531
58.9	-0.001607374
58.92	-0.00103503
58.94	-0.00046775
58.96	5.9513E-05
58.98	0.000557397
59	0.000994311
59.02	0.001316245
59.04	0.001451028
59.06	0.00139213
59.08	0.001145758
59.1	0.000785986
59.12	0.000433578
59.14	0.000139404
59.16	-3.41594E-05
59.18	-7.33057E-05
59.2	-2.21153E-05
59.22	5.98497E-05
59.24	8.90908E-05
59.26	-8.83818E-07
59.28	-0.000215937
59.3	-0.000527738
59.32	-0.000861231
59.34	-0.00117194
59.36	-0.001426539
59.38	-0.001578735
59.4	-0.001624826
59.42	-0.001588422
59.44	-0.001483771
59.46	-0.001328959
59.48	-0.001122025
59.5	-0.000878953
59.52	-0.000591263
59.54	-0.000291876
59.56	-3.46342E-05
59.58	0.000158148
59.6	0.000275862
59.62	0.00028903
59.64	0.000208859
59.66	7.92613E-05
59.68	-6.48443E-05
59.7	-0.00021215
59.72	-0.000377434
59.74	-0.000570246
59.76	-0.000790107
59.78	-0.001006918
59.8	-0.001153129
59.82	-0.00119226
59.84	-0.001126873
59.86	-0.000952628
59.88	-0.000698306
59.9	-0.000385185
59.92	-4.77435E-05
59.94	0.00028089
59.96	0.000571956
59.98	0.000820782
60	0.001042751
60.02	0.001244556
60.04	0.001427541
60.06	0.001600777
60.08	0.001757786
60.1	0.001898617
60.12	0.002017283
60.14	0.002114153
60.16	0.002183807
60.18	0.002220503
60.2	0.002204562
60.22	0.002142026
60.24	0.002036172
60.26	0.001870083
60.28	0.001628441
60.3	0.001290661
60.32	0.000835809
60.34	0.000283628
60.36	-0.000308306
60.38	-0.000847366
60.4	-0.001263943
60.42	-0.001515775
60.44	-0.001609949
60.46	-0.001585091
60.48	-0.00149105
60.5	-0.001377593
60.52	-0.001269044
60.54	-0.001173268
60.56	-0.001094847
60.58	-0.001049771
60.6	-0.001068872
60.62	-0.001167841
60.64	-0.001348449
60.66	-0.001627865
60.68	-0.001998923
60.7	-0.002413487
60.72	-0.002834762
60.74	-0.003226549
60.76	-0.003559935
60.78	-0.00380744
60.8	-0.003985656
60.82	-0.00414097
60.84	-0.004308662
60.86	-0.004501882
60.88	-0.004725631
60.9	-0.004961912
60.92	-0.005183439
60.94	-0.005390511
60.96	-0.005608551
60.98	-0.005847919
61	-0.00615251
61.02	-0.006532005
61.04	-0.0069649
61.06	-0.007400726
61.08	-0.007787916
61.1	-0.008069044
61.12	-0.008233639
61.14	-0.008304951
61.16	-0.008342813
61.18	-0.008404151
61.2	-0.008514612
61.22	-0.008635896
61.24	-0.008700012
61.26	-0.008650159
61.28	-0.008464754
61.3	-0.008142786
61.32	-0.007738456
61.34	-0.007313483
61.36	-0.006889138
61.38	-0.006484386
61.4	-0.006120785
61.42	-0.005799772
61.44	-0.005510627
61.46	-0.005212697
61.48	-0.004894263
61.5	-0.004561925
61.52	-0.004270209
61.54	-0.00406807
61.56	-0.003992755
61.58	-0.004053107
61.6	-0.004253494
61.62	-0.004548132
61.64	-0.004860282
61.66	-0.005186341
61.68	-0.005493569
61.7	-0.005776562
61.72	-0.006041765
61.74	-0.006313297
61.76	-0.006605648
61.78	-0.006908236
61.8	-0.007193285
61.82	-0.00742696
61.84	-0.007591896
61.86	-0.0076836
61.88	-0.007705442
61.9	-0.00765518
61.92	-0.007519476
61.94	-0.007285134
61.96	-0.006939024
61.98	-0.006487096
62	-0.005940607
62.02	-0.005292963
62.04	-0.004553901
62.06	-0.003773105
62.08	-0.003020647
62.1	-0.002352235
62.12	-0.001788664
62.14	-0.001373201
62.16	-0.001108701
62.18	-0.000981174
62.2	-0.00097598
62.22	-0.001085978
62.24	-0.001308866
62.26	-0.001607691
62.28	-0.00189555
62.3	-0.002160781
62.32	-0.002381458
62.34	-0.002538396
62.36	-0.002655306
62.38	-0.002773339
62.4	-0.002951278
62.42	-0.003242452
62.44	-0.003663861
62.46	-0.004180636
62.48	-0.004714511
62.5	-0.005168277
62.52	-0.005462742
62.54	-0.0055438
62.56	-0.005407441
62.58	-0.005112763
62.6	-0.004779821
62.62	-0.004522006
62.64	-0.004377523
62.66	-0.004350203
62.68	-0.004404207
62.7	-0.004493366
62.72	-0.004582162
62.74	-0.004651963
62.76	-0.00469534
62.78	-0.004744129
62.8	-0.004837138
62.82	-0.00499288
62.84	-0.005201061
62.86	-0.005404121
62.88	-0.005511732
62.9	-0.005447989
62.92	-0.005223929
62.94	-0.004914937
62.96	-0.004625524
62.98	-0.004446237
63	-0.004445673
63.02	-0.00462681
63.04	-0.004951763
63.06	-0.005357476
63.08	-0.005734374
63.1	-0.006015286
63.12	-0.006172424
63.14	-0.006196091
63.16	-0.006103562
63.18	-0.005917014
63.2	-0.005672934
63.22	-0.005402672
63.24	-0.005116799
63.26	-0.004800916
63.28	-0.004448044
63.3	-0.004040362
63.32	-0.003581884
63.34	-0.003079129
63.36	-0.002540197
63.38	-0.001946834
63.4	-0.001261852
63.42	-0.000450033
63.44	0.000501818
63.46	0.001600733
63.48	0.002840474
63.5	0.004131114
63.52	0.005436574
63.54	0.006673333
63.56	0.007748802
63.58	0.008638322
63.6	0.009323686
63.62	0.009804481
63.64	0.01008215
63.66	0.010178161
63.68	0.010115113
63.7	0.009930379
63.72	0.009710456
63.74	0.00947996
63.76	0.009256699
63.78	0.009065134
63.8	0.008894419
63.82	0.008736622
63.84	0.008584555
63.86	0.008433391
63.88	0.0082721
63.9	0.008102718
63.92	0.007937618
63.94	0.007789516
63.96	0.007682904
63.98	0.007673683
64	0.007794759
64.02	0.008044715
64.04	0.008387461
64.06	0.008788581
64.08	0.009177808
64.1	0.009527924
64.12	0.009817485
64.14	0.010023685
64.16	0.010131268
64.18	0.010141261
64.2	0.010045683
64.22	0.00984689
64.24	0.009542554
64.26	0.009146872
64.28	0.008708673
64.3	0.008274552
64.32	0.007903125
64.34	0.007647726
64.36	0.007554711
64.38	0.007642181
64.4	0.007870096
64.42	0.008158043
64.44	0.008356812
64.46	0.008412733
64.48	0.008287666
64.5	0.007994025
64.52	0.007576301
64.54	0.007093825
64.56	0.006572239
64.58	0.006033104
64.6	0.005515321
64.62	0.005065981
64.64	0.004718384
64.66	0.004507294
64.68	0.004457677
64.7	0.004584336
64.72	0.004887446
64.74	0.005365236
64.76	0.005930024
64.78	0.006524717
64.8	0.00711279
64.82	0.007641968
64.84	0.008072169
64.86	0.008404101
64.88	0.008631119
64.9	0.008779917
64.92	0.008850916
64.94	0.008868154
64.96	0.008833675
64.98	0.008743556
65	0.008578668
65.02	0.008332895
65.04	0.007991139
65.06	0.007589882
65.08	0.007142609
65.1	0.006656604
65.12	0.006146239
65.14	0.005613143
65.16	0.005044789
65.18	0.004452296
65.2	0.003845016
65.22	0.003239887
65.24	0.002676625
65.26	0.002242674
65.28	0.001953386
65.3	0.001805285
65.32	0.001769188
65.34	0.00179762
65.36	0.001849772
65.38	0.001905972
65.4	0.001974202
65.42	0.00208928
65.44	0.002291853
65.46	0.002610476
65.48	0.003051756
65.5	0.003556664
65.52	0.004059414
65.54	0.004496856
65.56	0.004798023
65.58	0.00494494
65.6	0.00495869
65.62	0.004865541
65.64	0.004696228
65.66	0.004467826
65.68	0.004161778
65.7	0.003779571
65.72	0.003311619
65.74	0.00277633
65.76	0.002201955
65.78	0.001663939
65.8	0.001256522
65.82	0.001036088
65.84	0.000983078
65.86	0.001074493
65.88	0.001299637
65.9	0.00156621
65.92	0.001798951
65.94	0.002015084
65.96	0.002205615
65.98	0.002380415
66	0.002530421
66.02	0.002627917
66.04	0.002647911
66.06	0.002586681
66.08	0.002431139
66.1	0.002158419
66.12	0.001762684
66.14	0.001280092
66.16	0.000762336
66.18	0.000248745
66.2	-0.000259603
66.22	-0.000805731
66.24	-0.001399179
66.26	-0.00201131
66.28	-0.002602385
66.3	-0.003173503
66.32	-0.003729875
66.34	-0.004270878
66.36	-0.0047808
66.38	-0.005276806
66.4	-0.005758271
66.42	-0.006201411
66.44	-0.006590314
66.46	-0.006933049
66.48	-0.007267207
66.5	-0.007586107
66.52	-0.007852663
66.54	-0.008048712
66.56	-0.008165867
66.58	-0.008202157
66.6	-0.008165731
66.62	-0.008101202
66.64	-0.008059974
66.66	-0.008056604
66.68	-0.00807402
66.7	-0.008091396
66.72	-0.00809523
66.74	-0.008043822
66.76	-0.007939538
66.78	-0.007863689
66.8	-0.007844358
66.82	-0.007907389
66.84	-0.008042457
66.86	-0.008195813
66.88	-0.008288537
66.9	-0.008256097
66.92	-0.008113019
66.94	-0.007906105
66.96	-0.007742637
66.98	-0.007689679
67	-0.007743774
67.02	-0.007878972
67.04	-0.008033549
67.06	-0.008137698
67.08	-0.008163588
67.1	-0.00812641
67.12	-0.008032541
67.14	-0.007883059
67.16	-0.0076942
67.18	-0.00748186
67.2	-0.007219204
67.22	-0.006876601
67.24	-0.006445623
67.26	-0.00594109
67.28	-0.005399765
67.3	-0.004879489
67.32	-0.004419583
67.34	-0.004023058
67.36	-0.00365895
67.38	-0.003298015
67.4	-0.002909119
67.42	-0.002483629
67.44	-0.002048121
67.46	-0.001635381
67.48	-0.001256764
67.5	-0.000933161
67.52	-0.000697752
67.54	-0.000594596
67.56	-0.000645821
67.58	-0.000891962
67.6	-0.001361387
67.62	-0.002023411
67.64	-0.002779723
67.66	-0.003579094
67.68	-0.004335364
67.7	-0.004963833
67.72	-0.005403888
67.74	-0.005633308
67.76	-0.005647105
67.78	-0.005470437
67.8	-0.005124648
67.82	-0.004674737
67.84	-0.004155294
67.86	-0.003596323
67.88	-0.003036295
67.9	-0.002505127
67.92	-0.002027314
67.94	-0.001626697
67.96	-0.001298438
67.98	-0.001038183
68	-0.000831421
68.02	-0.000678894
68.04	-0.000580784
68.06	-0.000562327
68.08	-0.000644956
68.1	-0.000833438
68.12	-0.001097379
68.14	-0.001380109
68.16	-0.00164655
68.18	-0.001900606
68.2	-0.002169664
68.22	-0.002483888
68.24	-0.002845992
68.26	-0.003230079
68.28	-0.00359757
68.3	-0.003897327
68.32	-0.004092526
68.34	-0.0041634
68.36	-0.004107101
68.38	-0.003942973
68.4	-0.00370759
68.42	-0.003443058
68.44	-0.003159559
68.46	-0.002849114
68.48	-0.002485359
68.5	-0.00205204
68.52	-0.001547539
68.54	-0.001001101
68.56	-0.000452272
68.58	6.91744E-05
68.6	0.000542778
68.62	0.001006736
68.64	0.001481122
68.66	0.001934456
68.68	0.002342295
68.7	0.002659469
68.72	0.002856472
68.74	0.002917077
68.76	0.002848993
68.78	0.002679278
68.8	0.002511889
68.82	0.002375895
68.84	0.002280185
68.86	0.002217204
68.88	0.002175265
68.9	0.002137603
68.92	0.002082572
68.94	0.002014189
68.96	0.00196788
68.98	0.001965523
69	0.001997067
69.02	0.002000486
69.04	0.001923486
69.06	0.001752408
69.08	0.001512383
69.1	0.001256798
69.12	0.001027611
69.14	0.00085658
69.16	0.000748226
69.18	0.000695757
69.2	0.000708062
69.22	0.000769577
69.24	0.000864314
69.26	0.000992172
69.28	0.001139142
69.3	0.001300205
69.32	0.001476963
69.34	0.001667562
69.36	0.001865571
69.38	0.002036071
69.4	0.002170171
69.42	0.002258528
69.44	0.002300133
69.46	0.002302846
69.48	0.002262287
69.5	0.002168167
69.52	0.002015724
69.54	0.001816802
69.56	0.001593128
69.58	0.001338865
69.6	0.001048844
69.62	0.000735201
69.64	0.000402954
69.66	6.13166E-05
69.68	-0.000271438
69.7	-0.000566436
69.72	-0.000798472
69.74	-0.000942667
69.76	-0.000992621
69.78	-0.000944089
69.8	-0.00081787
69.82	-0.000635292
69.84	-0.000401357
69.86	-0.000105728
69.88	0.000245582
69.9	0.000622246
69.92	0.001008995
69.94	0.001373479
69.96	0.001680166
69.98	0.001894971
70	0.00198617
70.02	0.001946575
70.04	0.001799494
70.06	0.001572224
70.08	0.001297049
70.1	0.000996311
70.12	0.000662523
70.14	0.000314277
70.16	-1.90091E-05
70.18	-0.000294825
70.2	-0.00049295
70.22	-0.00062603
70.24	-0.000724188
70.26	-0.000824315
70.28	-0.000938389
70.3	-0.001067863
70.32	-0.001219715
70.34	-0.001389414
70.36	-0.001573654
70.38	-0.001763615
70.4	-0.00195209
70.42	-0.002139507
70.44	-0.00234808
70.46	-0.00260184
70.48	-0.00289063
70.5	-0.003178921
70.52	-0.0034439
70.54	-0.003673204
70.56	-0.003863105
70.58	-0.004021917
70.6	-0.004180835
70.62	-0.004341572
70.64	-0.004492758
70.66	-0.004590841
70.68	-0.004617159
70.7	-0.0045464
70.72	-0.004372906
70.74	-0.004110729
70.76	-0.0038143
70.78	-0.00350501
70.8	-0.003187386
70.82	-0.002866035
70.84	-0.002548595
70.86	-0.002229447
70.88	-0.001925631
70.9	-0.00165058
70.92	-0.001404242
70.94	-0.001192688
70.96	-0.000999515
70.98	-0.000804094
71	-0.000597379
71.02	-0.000375903
71.04	-0.00016543
71.06	2.01169E-05
71.08	0.00017935
71.1	0.000309186
71.12	0.000422079
71.14	0.00053047
71.16	0.00062483
71.18	0.00069862
71.2	0.000754338
71.22	0.000816581
71.24	0.000921855
71.26	0.001111919
71.28	0.001425233
71.3	0.00187758
71.32	0.002440548
71.34	0.003085222
71.36	0.003778953
71.38	0.004473905
71.4	0.005138889
71.42	0.005759334
71.44	0.006331428
71.46	0.006820638
71.48	0.007207108
71.5	0.007454681
71.52	0.007526708
71.54	0.007413123
71.56	0.007157626
71.58	0.006843251
71.6	0.00657572
71.62	0.00637215
71.64	0.006232709
71.66	0.006125596
71.68	0.006006832
71.7	0.005867385
71.72	0.005712045
71.74	0.005548845
71.76	0.005401671
71.78	0.005282446
71.8	0.005184375
71.82	0.005097671
71.84	0.005011005
71.86	0.004899159
71.88	0.004754955
71.9	0.004611847
71.92	0.004508996
71.94	0.004485405
71.96	0.004548083
71.98	0.004667998
72	0.004792649
72.02	0.004879009
72.04	0.004919569
72.06	0.004940064
72.08	0.004974042
72.1	0.005062603
72.12	0.005224697
72.14	0.005455199
72.16	0.005729289
72.18	0.006010389
72.2	0.006266184
72.22	0.006482575
72.24	0.006665564
72.26	0.006798832
72.28	0.006862615
72.3	0.006838497
72.32	0.006712959
72.34	0.006511533
72.36	0.006292314
72.38	0.006127326
72.4	0.006037452
72.42	0.006027575
72.44	0.006090695
72.46	0.006214488
72.48	0.006383826
72.5	0.006578328
72.52	0.006763716
72.54	0.006923165
72.56	0.007044318
72.58	0.007127955
72.6	0.007156705
72.62	0.00711093
72.64	0.007012761
72.66	0.006918975
72.68	0.006899881
72.7	0.006998772
72.72	0.007202083
72.74	0.007468933
72.76	0.00773331
72.78	0.007951964
72.8	0.008124117
72.82	0.008240355
72.84	0.008292948
72.86	0.00827222
72.88	0.008175805
72.9	0.007986116
72.92	0.00770092
72.94	0.007335981
72.96	0.006894251
72.98	0.006413063
73	0.005949894
73.02	0.005567744
73.04	0.005294094
73.06	0.005120166
73.08	0.005028135
73.1	0.004967269
73.12	0.004887271
73.14	0.004780245
73.16	0.004652949
73.18	0.004529081
73.2	0.004429076
73.22	0.004381409
73.24	0.004379983
73.26	0.004408918
73.28	0.004449402
73.3	0.004495445
73.32	0.004526022
73.34	0.004549875
73.36	0.00457814
73.38	0.004605543
73.4	0.004615675
73.42	0.004593613
73.44	0.004517959
73.46	0.004386248
73.48	0.00420224
73.5	0.003987657
73.52	0.003763849
73.54	0.003539897
73.56	0.003329438
73.58	0.00314837
73.6	0.002992452
73.62	0.002865851
73.64	0.002778399
73.66	0.002750442
73.68	0.002784556
73.7	0.002863905
73.72	0.002944981
73.74	0.003002138
73.76	0.003026015
73.78	0.00303871
73.8	0.003081624
73.82	0.003164698
73.84	0.003265401
73.86	0.003361466
73.88	0.003446762
73.9	0.003506066
73.92	0.003527339
73.94	0.003522653
73.96	0.003503298
73.98	0.003466614
74	0.003400954
74.02	0.003287671
74.04	0.003095811
74.06	0.002819765
74.08	0.002492303
74.1	0.002179831
74.12	0.001909165
74.14	0.00167563
74.16	0.001463094
74.18	0.001273171
74.2	0.001054486
74.22	0.000787164
74.24	0.000486692
74.26	0.000181234
74.28	-0.000100175
74.3	-0.000334683
74.32	-0.000515663
74.34	-0.000653179
74.36	-0.000764061
74.38	-0.00088219
74.4	-0.001017481
74.42	-0.001144969
74.44	-0.001250351
74.46	-0.00130523
74.48	-0.001291887
74.5	-0.001204542
74.52	-0.001053948
74.54	-0.00085846
74.56	-0.00066081
74.58	-0.000515229
74.6	-0.000421219
74.62	-0.000390082
74.64	-0.000415116
74.66	-0.000485491
74.68	-0.000581315
74.7	-0.00068233
74.72	-0.000765614
74.74	-0.000797038
74.76	-0.000762968
74.78	-0.000681273
74.8	-0.000588106
74.82	-0.0005229
74.84	-0.000497533
74.86	-0.000507125
74.88	-0.000529659
74.9	-0.000545147
74.92	-0.000564714
74.94	-0.000599821
74.96	-0.000652952
74.98	-0.000705998
75	-0.000735181
75.02	-0.000717226
75.04	-0.000640904
75.06	-0.000503673
75.08	-0.000310936
75.1	-7.09264E-05
75.12	0.000192542
75.14	0.00045033
75.16	0.000689008
75.18	0.000897975
75.2	0.001081163
75.22	0.001260499
75.24	0.001444902
75.26	0.001625881
75.28	0.001776493
75.3	0.00189123
75.32	0.001963055
75.34	0.001985883
75.36	0.00195666
75.38	0.001884191
75.4	0.001768007
75.42	0.00162496
75.44	0.001466164
75.46	0.001303224
75.48	0.00113426
75.5	0.000959729
75.52	0.000794617
75.54	0.000654952
75.56	0.000546336
75.58	0.000446864
75.6	0.000341646
75.62	0.000229393
75.64	0.000101007
75.66	-5.05479E-05
75.68	-0.000231839
75.7	-0.00044282
75.72	-0.000669589
75.74	-0.00088449
75.76	-0.001047435
75.78	-0.001152301
75.8	-0.001205244
75.82	-0.001202416
75.84	-0.001136475
75.86	-0.001017677
75.88	-0.000870806
75.9	-0.000727019
75.92	-0.00060825
75.94	-0.000505395
75.96	-0.000394518
75.98	-0.000267082
76	-0.000143799
76.02	-5.26173E-05
76.04	-2.3774E-05
76.06	-7.13623E-05
76.08	-0.000191747
76.1	-0.000351551
76.12	-0.000509568
76.14	-0.000619636
76.16	-0.000629848
76.18	-0.000529939
76.2	-0.00038065
76.22	-0.000265321
76.24	-0.000240409
76.26	-0.00031869
76.28	-0.000478324
76.3	-0.000667415
76.32	-0.000835594
76.34	-0.000961165
76.36	-0.001031442
76.38	-0.001013638
76.4	-0.000904245
76.42	-0.00070643
76.44	-0.00041919
76.46	-5.73283E-05
76.48	0.000354293
76.5	0.000791964
76.52	0.001235612
76.54	0.001658695
76.56	0.00204945
76.58	0.00242136
76.6	0.002764165
76.62	0.003062446
76.64	0.003317062
76.66	0.003525671
76.68	0.003677116
76.7	0.00377362
76.72	0.003823263
76.74	0.003835527
76.76	0.003818344
76.78	0.003784752
76.8	0.003734242
76.82	0.003662289
76.84	0.003553528
76.86	0.003405243
76.88	0.003219236
76.9	0.003000857
76.92	0.002767234
76.94	0.002579332
76.96	0.002435571
76.98	0.002336482
77	0.00228296
77.02	0.002263843
77.04	0.002269123
77.06	0.002294107
77.08	0.002331556
77.1	0.002378597
77.12	0.002429723
77.14	0.002491576
77.16	0.002561301
77.18	0.002638534
77.2	0.002742216
77.22	0.002881236
77.24	0.003068469
77.26	0.003297336
77.28	0.00352745
77.3	0.003721516
77.32	0.003848995
77.34	0.003903281
77.36	0.003900243
77.38	0.003868838
77.4	0.003835261
77.42	0.003815234
77.44	0.003811494
77.46	0.003797027
77.48	0.003737904
77.5	0.003618733
77.52	0.003451895
77.54	0.003269216
77.56	0.003118297
77.58	0.003040725
77.6	0.003027959
77.62	0.003038398
77.64	0.003040389
77.66	0.003007168
77.68	0.002937084
77.7	0.002852817
77.72	0.002783216
77.74	0.002739066
77.76	0.002720816
77.78	0.00273345
77.8	0.002778335
77.82	0.002849631
77.84	0.002954885
77.86	0.003105167
77.88	0.003315625
77.9	0.003593867
77.92	0.003928435
77.94	0.004294036
77.96	0.004645564
77.98	0.00494217
78	0.005166885
78.02	0.005317085
78.04	0.005389271
78.06	0.005371949
78.08	0.005259152
78.1	0.00505048
78.12	0.004756962
78.14	0.004415664
78.16	0.004043057
78.18	0.003664773
78.2	0.003305749
78.22	0.002994959
78.24	0.002758579
78.26	0.002600687
78.28	0.002503373
78.3	0.002434439
78.32	0.002366094
78.34	0.002299935
78.36	0.002236312
78.38	0.002184864
78.4	0.002149737
78.42	0.00213182
78.44	0.002128283
78.46	0.002142174
78.48	0.002184891
78.5	0.002263596
78.52	0.002381902
78.54	0.002539308
78.56	0.002723114
78.58	0.002916085
78.6	0.003093705
78.62	0.003236654
78.64	0.003335696
78.66	0.003375497
78.68	0.003350989
78.7	0.003259347
78.72	0.003101955
78.74	0.002891398
78.76	0.002661304
78.78	0.002434174
78.8	0.002236368
78.82	0.002091443
78.84	0.002009186
78.86	0.001996182
78.88	0.002058593
78.9	0.002177761
78.92	0.002332923
78.94	0.002498259
78.96	0.002670042
78.98	0.002835232
79	0.002989895
79.02	0.003128522
79.04	0.003231029
79.06	0.003303956
79.08	0.003362711
79.1	0.003435958
79.12	0.003540158
79.14	0.003673499
79.16	0.00380484
79.18	0.003889488
79.2	0.003886001
79.22	0.003779611
79.24	0.003587714
79.26	0.00333475
79.28	0.003045803
79.3	0.00274786
79.32	0.002470948
79.34	0.002242349
79.36	0.002064355
79.38	0.001928778
79.4	0.001828244
79.42	0.001761887
79.44	0.001744991
79.46	0.001803899
79.48	0.001929867
79.5	0.002093398
79.52	0.002251641
79.54	0.002365139
79.56	0.002399806
79.58	0.002331401
79.6	0.002154735
79.62	0.001881109
79.64	0.001536837
79.66	0.001172761
79.68	0.000837722
79.7	0.000555196
79.72	0.000365167
79.74	0.000280883
79.76	0.000275181
79.78	0.000316173
79.8	0.000366535
79.82	0.000393762
79.84	0.000391831
79.86	0.000371394
79.88	0.000327322
79.9	0.00026463
79.92	0.000195725
79.94	0.000133621
79.96	8.71096E-05
79.98	6.32515E-05
80	8.58548E-05
80.02	0.000135667
80.04	0.000195334
80.06	0.000267042
80.08	0.000340633
80.1	0.000387963
80.12	0.000380428
80.14	0.000302851
80.16	0.000169254
80.18	1.03178E-06
80.2	-0.000153214
80.22	-0.000286012
80.24	-0.000395726
80.26	-0.000481304
80.28	-0.000540357
80.3	-0.000554191
80.32	-0.000494283
80.34	-0.000346843
80.36	-0.000104322
80.38	0.000229174
80.4	0.00062162
80.42	0.001021739
80.44	0.001381864
80.46	0.001659441
80.48	0.001833117
80.5	0.001919265
80.52	0.001958928
80.54	0.001997834
80.56	0.002054223
80.58	0.002131043
80.6	0.002192278
80.62	0.002196387
80.64	0.002115534
80.66	0.0019463
80.68	0.001717071
80.7	0.00146889
80.72	0.001250915
80.74	0.001086803
80.76	0.000981522
80.78	0.000931689
80.8	0.000919323
80.82	0.00093246
80.84	0.000961784
80.86	0.00102033
80.88	0.001133947
80.9	0.001329195
80.92	0.001590866
80.94	0.00189182
80.96	0.002215698
80.98	0.002544765
81	0.002856047
81.02	0.003127484
81.04	0.003330191
81.06	0.003450157
81.08	0.003487771
81.1	0.003467603
81.12	0.003418035
81.14	0.003363931
81.16	0.003314298
81.18	0.003269195
81.2	0.003204854
81.22	0.003101261
81.24	0.002948462
81.26	0.002751494
81.28	0.00253768
81.3	0.002356879
81.32	0.002245157
81.34	0.002193123
81.36	0.002195414
81.38	0.002245156
81.4	0.002346834
81.42	0.002499683
81.44	0.002693283
81.46	0.00291163
81.48	0.003140436
81.5	0.003361102
81.52	0.003566519
81.54	0.003734264
81.56	0.00383643
81.58	0.003850652
81.6	0.003802672
81.62	0.00372323
81.64	0.003622216
81.66	0.003504093
81.68	0.003375377
81.7	0.003243435
81.72	0.003115442
81.74	0.003010634
81.76	0.00294028
81.78	0.002911693
81.8	0.002950184
81.82	0.003065099
81.84	0.003250072
81.86	0.003483935
81.88	0.00371999
81.9	0.00392714
81.92	0.004096061
81.94	0.004228822
81.96	0.004338408
81.98	0.004433768
82	0.004510395
82.02	0.004539295
82.04	0.004493571
82.06	0.004376598
82.08	0.004187893
82.1	0.003938753
82.12	0.003648444
82.14	0.003355609
82.16	0.003073405
82.18	0.002811431
82.2	0.002577258
82.22	0.002368475
82.24	0.002175188
82.26	0.002014047
82.28	0.001895749
82.3	0.00183043
82.32	0.001819037
82.34	0.001871026
82.36	0.001974331
82.38	0.002129009
82.4	0.002334843
82.42	0.002586668
82.44	0.002869603
82.46	0.003174412
82.48	0.003473081
82.5	0.003731791
82.52	0.003934375
82.54	0.004075266
82.56	0.004148239
82.58	0.004159445
82.6	0.004132138
82.62	0.004068821
82.64	0.003955663
82.66	0.003794138
82.68	0.003590538
82.7	0.003365951
82.72	0.003158859
82.74	0.002993948
82.76	0.002881534
82.78	0.002826916
82.8	0.002839577
82.82	0.002908752
82.84	0.00301985
82.86	0.003161053
82.88	0.003309859
82.9	0.003449914
82.92	0.003567902
82.94	0.00363836
82.96	0.00363265
82.98	0.003542079
83	0.003391807
83.02	0.003222786
83.04	0.003078494
83.06	0.002988524
83.08	0.002957211
83.1	0.002972314
83.12	0.003018399
83.14	0.003071438
83.16	0.003101868
83.18	0.003088786
83.2	0.003022231
83.22	0.002912927
83.24	0.002784243
83.26	0.002663403
83.28	0.002556408
83.3	0.002463214
83.32	0.002382543
83.34	0.002321857
83.36	0.002300445
83.38	0.002329601
83.4	0.002407348
83.42	0.002530037
83.44	0.002683692
83.46	0.002850199
83.48	0.002993724
83.5	0.003066342
83.52	0.003018285
83.54	0.002828587
83.56	0.002506037
83.58	0.00207498
83.6	0.00157668
83.62	0.001041123
83.64	0.000484322
83.66	-3.43651E-05
83.68	-0.000460465
83.7	-0.000759079
83.72	-0.000919455
83.74	-0.000935403
83.76	-0.000833073
83.78	-0.000646451
83.8	-0.00041185
83.82	-0.00015574
83.84	9.03293E-05
83.86	0.00031164
83.88	0.00050477
83.9	0.00066535
83.92	0.000771844
83.94	0.000824183
83.96	0.000829965
83.98	0.000803585
84	0.000768052
84.02	0.000743466
84.04	0.000728526
84.06	0.000707436
84.08	0.000662613
84.1	0.000574571
84.12	0.0004243
84.14	0.000224782
84.16	-6.75577E-06
84.18	-0.000247941
84.2	-0.000479219
84.22	-0.000686313
84.24	-0.000872229
84.26	-0.001025215
84.28	-0.001117247
84.3	-0.001125157
84.32	-0.0010412
84.34	-0.000868344
84.36	-0.000638083
84.38	-0.00039073
84.4	-0.000168809
84.42	1.44709E-05
84.44	0.000157689
84.46	0.000276205
84.48	0.000403504
84.5	0.000570025
84.52	0.000794076
84.54	0.001061487
84.56	0.001350338
84.58	0.001626925
84.6	0.001849778
84.62	0.001981962
84.64	0.002007832
84.66	0.001942999
84.68	0.001811013
84.7	0.001650466
84.72	0.001496482
84.74	0.001362015
84.76	0.001240403
84.78	0.00114352
84.8	0.001070217
84.82	0.001032354
84.84	0.001041291
84.86	0.00111885
84.88	0.001281364
84.9	0.001535515
84.92	0.001863785
84.94	0.002209451
84.96	0.002511631
84.98	0.002750925
85	0.002897454
85.02	0.002939941
85.04	0.002893398
85.06	0.002795379
85.08	0.002667698
85.1	0.002525089
85.12	0.002399572
85.14	0.002310905
85.16	0.002259927
85.18	0.002246831
85.2	0.002282175
85.22	0.002363923
85.24	0.00249271
85.26	0.002698147
85.28	0.002958054
85.3	0.003244954
85.32	0.003531955
85.34	0.003785777
85.36	0.003987178
85.38	0.004116874
85.4	0.004167751
85.42	0.004155801
85.44	0.004094705
85.46	0.004002959
85.48	0.003901842
85.5	0.003788444
85.52	0.003679003
85.54	0.00359364
85.56	0.003535523
85.58	0.00349994
85.6	0.003485272
85.62	0.003466505
85.64	0.003404788
85.66	0.003305831
85.68	0.003164845
85.7	0.002992542
85.72	0.00281385
85.74	0.002661599
85.76	0.002576024
85.78	0.002574239
85.8	0.00265503
85.82	0.002805257
85.84	0.002985469
85.86	0.003189845
85.88	0.003400726
85.9	0.003599676
85.92	0.003778117
85.94	0.003930494
85.96	0.004047687
85.98	0.004118647
86	0.004123232
86.02	0.00404201
86.04	0.003881391
86.06	0.003680086
86.08	0.00346787
86.1	0.003279883
86.12	0.003139473
86.14	0.003058485
86.16	0.003039407
86.18	0.003075886
86.2	0.003141166
86.22	0.003197057
86.24	0.003220784
86.26	0.003212555
86.28	0.003198434
86.3	0.003214382
86.32	0.003295351
86.34	0.003459855
86.36	0.003691387
86.38	0.003955428
86.4	0.004207718
86.42	0.004406262
86.44	0.004534166
86.46	0.004589001
86.48	0.004592937
86.5	0.004568086
86.52	0.004523106
86.54	0.004449364
86.56	0.004334874
86.58	0.00416617
86.6	0.003934619
86.62	0.003660737
86.64	0.003385324
86.66	0.003150153
86.68	0.002978415
86.7	0.002883212
86.72	0.002856485
86.74	0.002869946
86.76	0.002914796
86.78	0.002990227
86.8	0.003085298
86.82	0.003205737
86.84	0.003350984
86.86	0.003520521
86.88	0.003701082
86.9	0.003858146
86.92	0.003942161
86.94	0.003920191
86.96	0.00380622
86.98	0.003640145
87	0.0034606
87.02	0.003308498
87.04	0.00319171
87.06	0.003088016
87.08	0.002970885
87.1	0.002819558
87.12	0.002613042
87.14	0.002346074
87.16	0.002037371
87.18	0.001708165
87.2	0.001379999
87.22	0.00107644
87.24	0.000837083
87.26	0.000674601
87.28	0.000582601
87.3	0.000556644
87.32	0.000587726
87.34	0.000666869
87.36	0.000771549
87.38	0.000889984
87.4	0.001001868
87.42	0.001081175
87.44	0.001101838
87.46	0.001074549
87.48	0.000990483
87.5	0.000855592
87.52	0.000677887
87.54	0.000473384
87.56	0.000263965
87.58	7.08657E-05
87.6	-9.1638E-05
87.62	-0.000212929
87.64	-0.000303105
87.66	-0.00038025
87.68	-0.000460667
87.7	-0.000551989
87.72	-0.000630987
87.74	-0.00067192
87.76	-0.000659567
87.78	-0.000579921
87.8	-0.000437617
87.82	-0.000254752
87.84	-6.53678E-05
87.86	9.70212E-05
87.88	0.000195503
87.9	0.000222088
87.92	0.000201059
87.94	0.000150745
87.96	7.66532E-05
87.98	-1.37785E-05
88	-0.000128762
88.02	-0.00027574
88.04	-0.000457935
88.06	-0.000671887
88.08	-0.000912878
88.1	-0.001153612
88.12	-0.001369272
88.14	-0.001551041
88.16	-0.001710255
88.18	-0.001859919
88.2	-0.002020792
88.22	-0.002192806
88.24	-0.002354316
88.26	-0.002466608
88.28	-0.00250867
88.3	-0.002463692
88.32	-0.002338652
88.34	-0.002153801
88.36	-0.00194686
88.38	-0.001758608
88.4	-0.001592607
88.42	-0.001443229
88.44	-0.001305217
88.46	-0.001190146
88.48	-0.00111707
88.5	-0.001093881
88.52	-0.001130579
88.54	-0.001219584
88.56	-0.001341367
88.58	-0.00148362
88.6	-0.001631699
88.62	-0.0017725
88.64	-0.001890133
88.66	-0.001976643
88.68	-0.00202563
88.7	-0.002018279
88.72	-0.001959046
88.74	-0.0018603
88.76	-0.001733666
88.78	-0.001590348
88.8	-0.001440426
88.82	-0.001287407
88.84	-0.00112266
88.86	-0.000937354
88.88	-0.000723476
88.9	-0.00047091
88.92	-0.000197333
88.94	5.74669E-05
88.96	0.000275825
88.98	0.000443345
89	0.000561011
89.02	0.000644294
89.04	0.000712321
89.06	0.000767776
89.08	0.000799413
89.1	0.000820816
89.12	0.000845543
89.14	0.000877805
89.16	0.000925698
89.18	0.000981744
89.2	0.001040312
89.22	0.001101422
89.24	0.001172435
89.26	0.0012503
89.28	0.00131092
89.3	0.001339031
89.32	0.001317655
89.34	0.001244815
89.36	0.001136707
89.38	0.001014298
89.4	0.000887549
89.42	0.000764686
89.44	0.000664217
89.46	0.000587713
89.48	0.000534597
89.5	0.000510792
89.52	0.000500232
89.54	0.000464702
89.56	0.00040123
89.58	0.000295322
89.6	0.000143021
89.62	-4.65506E-05
89.64	-0.00024861
89.66	-0.000426851
89.68	-0.000552598
89.7	-0.000595562
89.72	-0.000537307
89.74	-0.00040187
89.76	-0.00019811
89.78	5.49504E-05
89.8	0.000329393
89.82	0.000596471
89.84	0.000848034
89.86	0.001059764
89.88	0.001204016
89.9	0.001270368
89.92	0.001257208
89.94	0.001182999
89.96	0.001081531
89.98	0.00098144
90	0.000883034
90.02	0.00077386
90.04	0.000655421
90.06	0.000530697
90.08	0.000414134
90.1	0.000326751
90.12	0.000287922
90.14	0.000306071
90.16	0.000370345
90.18	0.000466769
90.2	0.000575806
90.22	0.000676873
90.24	0.000762926
90.26	0.000832726
90.28	0.000922212
90.3	0.001059492
90.32	0.001259281
90.34	0.001521651
90.36	0.001825851
90.38	0.002151013
90.4	0.002484643
90.42	0.002828318
90.44	0.003162185
90.46	0.003477727
90.48	0.003749734
90.5	0.003953357
90.52	0.00407139
90.54	0.004100871
90.56	0.00404093
90.58	0.003908508
90.6	0.003724292
90.62	0.003520191
90.64	0.003323563
90.66	0.003161408
90.68	0.003058067
90.7	0.003025227
90.72	0.003053383
90.74	0.003135679
90.76	0.003256424
90.78	0.003393756
90.8	0.003536629
90.82	0.003677881
90.84	0.00380697
90.86	0.003918457
90.88	0.004003385
90.9	0.004072196
90.92	0.004134772
90.94	0.004193428
90.96	0.004238824
90.98	0.004258727
91	0.004243247
91.02	0.004202571
91.04	0.004153958
91.06	0.004127219
91.08	0.004135271
91.1	0.004173762
91.12	0.00422268
91.14	0.004261253
91.16	0.004274258
91.18	0.004256394
91.2	0.00420988
91.22	0.004152589
91.24	0.004085665
91.26	0.004012031
91.28	0.00392568
91.3	0.003825036
91.32	0.003705121
91.34	0.003586404
91.36	0.003474835
91.38	0.003370695
91.4	0.00327717
91.42	0.00319856
91.44	0.0031248
91.46	0.003042475
91.48	0.002936905
91.5	0.002808573
91.52	0.002657959
91.54	0.002513272
91.56	0.002390642
91.58	0.002293796
91.6	0.002221679
91.62	0.002170926
91.64	0.002132835
91.66	0.002101541
91.68	0.002073816
91.7	0.002062479
91.72	0.002088932
91.74	0.002166852
91.76	0.002298745
91.78	0.002467247
91.8	0.00264996
91.82	0.002829213
91.84	0.002986282
91.86	0.003114533
91.88	0.003212948
91.9	0.003279905
91.92	0.003307922
91.94	0.0032949
91.96	0.003226799
91.98	0.003100962
92	0.002923619
92.02	0.002717499
92.04	0.002505533
92.06	0.002300057
92.08	0.002110702
92.1	0.001949892
92.12	0.001826779
92.14	0.001753778
92.16	0.001736614
92.18	0.001776604
92.2	0.001851233
92.22	0.00193496
92.24	0.002007078
92.26	0.002048977
92.28	0.002064688
92.3	0.00207447
92.32	0.002094392
92.34	0.00212615
92.36	0.002153084
92.38	0.002152691
92.4	0.002124903
92.42	0.002063629
92.44	0.001974598
92.46	0.001874841
92.48	0.001781666
92.5	0.001707618
92.52	0.001656673
92.54	0.001621034
92.56	0.001579251
92.58	0.001517552
92.6	0.001441299
92.62	0.001362552
92.64	0.001305666
92.66	0.00128988
92.68	0.001323472
92.7	0.001415523
92.72	0.001560479
92.74	0.001732995
92.76	0.001925043
92.78	0.002141082
92.8	0.002376314
92.82	0.002621962
92.84	0.002860001
92.86	0.003068789
92.88	0.003226858
92.9	0.003330364
92.92	0.003372776
92.94	0.003370772
92.96	0.003325676
92.98	0.003244976
93	0.003135071
93.02	0.002999478
93.04	0.002842917
93.06	0.002678521
93.08	0.002532399
93.1	0.002422767
93.12	0.0023566
93.14	0.002338762
93.16	0.002359807
93.18	0.002398866
93.2	0.002440528
93.22	0.002475944
93.24	0.002511646
93.26	0.002560163
93.28	0.002620225
93.3	0.0026872
93.32	0.002752702
93.34	0.002804152
93.36	0.002836676
93.38	0.00284548
93.4	0.002821758
93.42	0.002753755
93.44	0.002640369
93.46	0.002491341
93.48	0.00231134
93.5	0.002106365
93.52	0.001881907
93.54	0.001646573
93.56	0.00141512
93.58	0.001206041
93.6	0.001027794
93.62	0.000881672
93.64	0.000755997
93.66	0.000638953
93.68	0.000522983
93.7	0.000409828
93.72	0.000310883
93.74	0.000252551
93.76	0.000251225
93.78	0.000292952
93.8	0.000360107
93.82	0.000436162
93.84	0.00051055
93.86	0.000587628
93.88	0.000673684
93.9	0.000767806
93.92	0.000856675
93.94	0.000935776
93.96	0.000998992
93.98	0.00104387
94	0.001066518
94.02	0.001074344
94.04	0.001075049
94.06	0.001086072
94.08	0.00112271
94.1	0.001192778
94.12	0.001298414
94.14	0.001436111
94.16	0.001595389
94.18	0.001775997
94.2	0.001990241
94.22	0.002242819
94.24	0.002522327
94.26	0.002811123
94.28	0.003088549
94.3	0.003335685
94.32	0.003552049
94.34	0.003752939
94.36	0.003941604
94.38	0.004117112
94.4	0.004272664
94.42	0.004395684
94.44	0.004476781
94.46	0.004515756
94.48	0.004513599
94.5	0.004480513
94.52	0.004424241
94.54	0.004354751
94.56	0.004276733
94.58	0.004186004
94.6	0.00408416
94.62	0.003983722
94.64	0.003891293
94.66	0.003819141
94.68	0.003769718
94.7	0.00373479
94.72	0.003697204
94.74	0.003650177
94.76	0.003589302
94.78	0.003515611
94.8	0.003436086
94.82	0.003362223
94.84	0.003297025
94.86	0.003229904
94.88	0.003162
94.9	0.003080804
94.92	0.002978852
94.94	0.002856334
94.96	0.002723381
94.98	0.002601518
95	0.002506628
95.02	0.002448384
95.04	0.002427984
95.06	0.002417563
95.08	0.002389266
95.1	0.00232591
95.12	0.002221926
95.14	0.002085533
95.16	0.001927052
95.18	0.001761187
95.2	0.00159795
95.22	0.00144243
95.24	0.001293143
95.26	0.001160945
95.28	0.001058612
95.3	0.000993145
95.32	0.000968988
95.34	0.000991929
95.36	0.001053978
95.38	0.001145376
95.4	0.00124774
95.42	0.001345031
95.44	0.001414768
95.46	0.001442782
95.48	0.00142761
95.5	0.001374795
95.52	0.001291814
95.54	0.001194311
95.56	0.001105305
95.58	0.001055775
95.6	0.001070204
95.62	0.001161114
95.64	0.001311258
95.66	0.001488231
95.68	0.001655954
95.7	0.001793443
95.72	0.00189964
95.74	0.001985358
95.76	0.002059963
95.78	0.002116377
95.8	0.00212692
95.82	0.00207932
95.84	0.001971457
95.86	0.001818361
95.88	0.001648105
95.9	0.001480031
95.92	0.00134102
95.94	0.001244809
95.96	0.001184436
95.98	0.001145795
96	0.001095397
96.02	0.001006481
96.04	0.000876549
96.06	0.000723223
96.08	0.0005844
96.1	0.000482335
96.12	0.000412108
96.14	0.000360516
96.16	0.000299793
96.18	0.000209151
96.2	8.35537E-05
96.22	-6.712E-05
96.24	-0.000217772
96.26	-0.000337214
96.28	-0.000405891
96.3	-0.000418566
96.32	-0.000398234
96.34	-0.00037003
96.36	-0.000351734
96.38	-0.000346364
96.4	-0.000344876
96.42	-0.000333907
96.44	-0.000305114
96.46	-0.000256574
96.48	-0.000199358
96.5	-0.000140168
96.52	-9.1725E-05
96.54	-6.68505E-05
96.56	-7.84603E-05
96.58	-0.000126917
96.6	-0.000189722
96.62	-0.000279165
96.64	-0.000386945
96.66	-0.000498266
96.68	-0.000599874
96.7	-0.000677101
96.72	-0.000717599
96.74	-0.00071527
96.76	-0.000680386
96.78	-0.000638429
96.8	-0.000591547
96.82	-0.000540898
96.84	-0.000468458
96.86	-0.00036811
96.88	-0.000241284
96.9	-9.73797E-05
96.92	3.6499E-05
96.94	0.000162043
96.96	0.000295096
96.98	0.000448252
97	0.00063029
97.02	0.000838419
97.04	0.001060596
97.06	0.001284926
97.08	0.001503624
97.1	0.001698362
97.12	0.001841135
97.14	0.001912029
97.16	0.00190835
97.18	0.001842734
97.2	0.00172887
97.22	0.001580978
97.24	0.001404835
97.26	0.001202648
97.28	0.000983255
97.3	0.000761842
97.32	0.000556435
97.34	0.000381769
97.36	0.000247703
97.38	0.000149523
97.4	6.14818E-05
97.42	-3.97734E-05
97.44	-0.000176344
97.46	-0.000339398
97.48	-0.000508893
97.5	-0.000638956
97.52	-0.000700011
97.54	-0.000689031
97.56	-0.00062934
97.58	-0.000551281
97.6	-0.000492825
97.62	-0.000478917
97.64	-0.000521015
97.66	-0.000600188
97.68	-0.000692437
97.7	-0.000760371
97.72	-0.000784996
97.74	-0.000765334
97.76	-0.000720795
97.78	-0.000672122
97.8	-0.000632912
97.82	-0.0006044
97.84	-0.000591202
97.86	-0.000594886
97.88	-0.000612313
97.9	-0.000635097
97.92	-0.000658294
97.94	-0.000662846
97.96	-0.000637175
97.98	-0.000599415
98	-0.000557886
98.02	-0.00050835
98.04	-0.000451052
98.06	-0.000378571
98.08	-0.000273709
98.1	-0.000116341
98.12	9.6632E-05
98.14	0.000354344
98.16	0.000639039
98.18	0.000904063
98.2	0.001131817
98.22	0.001318867
98.24	0.001463612
98.26	0.001571811
98.28	0.00164926
98.3	0.001702688
98.32	0.001735583
98.34	0.001775152
98.36	0.001853178
98.38	0.001981309
98.4	0.002161475
98.42	0.002383154
98.44	0.002627697
98.46	0.002873864
98.48	0.003098889
98.5	0.003283267
98.52	0.003405561
98.54	0.003458583
98.56	0.003448263
98.58	0.003392258
98.6	0.003309214
98.62	0.003211218
98.64	0.003098461
98.66	0.002974438
98.68	0.002848499
98.7	0.002736075
98.72	0.002647439
98.74	0.002597311
98.76	0.002601281
98.78	0.002666917
98.8	0.002778542
98.82	0.002893556
98.84	0.002990357
98.86	0.003041503
98.88	0.003034036
98.9	0.002979576
98.92	0.002897549
98.94	0.002813615
98.96	0.002739681
98.98	0.002679702
99	0.002644122
99.02	0.002616098
99.04	0.002580541
99.06	0.002527291
99.08	0.002458533
99.1	0.002389509
99.12	0.002318538
99.14	0.002247877
99.16	0.002183079
99.18	0.002128865
99.2	0.002087257
99.22	0.002051826
99.24	0.002007899
99.26	0.00193351
99.28	0.001815893
99.3	0.001669886
99.32	0.001526582
99.34	0.001424807
99.36	0.001386911
99.38	0.001425853
99.4	0.001524919
99.42	0.001656242
99.44	0.001788721
99.46	0.001901054
99.48	0.001983143
99.5	0.002038465
99.52	0.002069043
99.54	0.002084272
99.56	0.002086696
99.58	0.002077788
99.6	0.002054755
99.62	0.002000889
99.64	0.001900805
99.66	0.001762886
99.68	0.001602806
99.7	0.001455467
99.72	0.001339958
99.74	0.001261671
99.76	0.001221298
99.78	0.001219715
99.8	0.00125647
99.82	0.001328157
99.84	0.001433935
99.86	0.001569101
99.88	0.00171353
99.9	0.001858502
99.92	0.002000801
99.94	0.00213735
99.96	0.002262088
99.98	0.002387734
100	0.002527789
100.02	0.002674247
100.04	0.002812009
100.06	0.002923555
100.08	0.002986239
100.1	0.002987747
100.12	0.002933343
100.14	0.002847147
100.16	0.002749993
100.18	0.002654577
100.2	0.0025785
100.22	0.002524163
100.24	0.002485576
100.26	0.00245769
100.28	0.002439078
100.3	0.002425388
100.32	0.00241924
100.34	0.002432034
100.36	0.002476912
100.38	0.002555721
100.4	0.002659436
100.42	0.002775189
100.44	0.002892092
100.46	0.003004307
100.48	0.003109593
100.5	0.003201476
100.52	0.003266624
100.54	0.003283854
100.56	0.003239979
100.58	0.003142196
100.6	0.0030006
100.62	0.002834849
100.64	0.00266489
100.66	0.00249917
100.68	0.002347049
100.7	0.002213476
100.72	0.002103657
100.74	0.002024767
100.76	0.001978416
100.78	0.001968238
100.8	0.002000858
100.82	0.002084757
100.84	0.002236186
100.86	0.002447168
100.88	0.002699935
100.9	0.002964282
100.92	0.003214798
100.94	0.003424414
100.96	0.003576274
100.98	0.003656877
101	0.00364954
101.02	0.003553531
101.04	0.003395821
101.06	0.003198773
101.08	0.002988281
101.1	0.002790297
101.12	0.002615005
101.14	0.002463214
101.16	0.002327029
101.18	0.002190775
101.2	0.002042226
101.22	0.001870972
101.24	0.001682102
101.26	0.001492014
101.28	0.001323175
101.3	0.001188027
101.32	0.001086638
101.34	0.001007757
101.36	0.000937381
101.38	0.000873776
101.4	0.00083382
101.42	0.00082677
101.44	0.000861493
101.46	0.000941045
101.48	0.001059782
101.5	0.001200228
101.52	0.001335361
101.54	0.001428649
101.56	0.001446447
101.58	0.001374282
101.6	0.001220179
101.62	0.001006293
101.64	0.000755552
101.66	0.000488639
101.68	0.000231542
101.7	9.95955E-06
101.72	-0.000157113
101.74	-0.000258876
101.76	-0.000299903
101.78	-0.000286512
101.8	-0.000222248
101.82	-0.000122689
101.84	-2.30528E-06
101.86	0.000124706
101.88	0.000249065
101.9	0.000370192
101.92	0.000493521
101.94	0.000624132
101.96	0.00076256
101.98	0.000911426
102	0.001066173
102.02	0.001221661
102.04	0.00136909
102.06	0.001505111
102.08	0.001627709
102.1	0.001741109
102.12	0.001841315
102.14	0.001925887
102.16	0.002010476
102.18	0.002106525
102.2	0.002216289
102.22	0.002342874
102.24	0.002476046
102.26	0.002608186
102.28	0.002737584
102.3	0.002875946
102.32	0.00303834
102.34	0.003231668
102.36	0.003450648
102.38	0.003687682
102.4	0.003922154
102.42	0.004130485
102.44	0.004288219
102.46	0.004379913
102.48	0.004400451
102.5	0.004350874
102.52	0.004248521
102.54	0.004112024
102.56	0.00393532
102.58	0.003719474
102.6	0.003458698
102.62	0.003155363
102.64	0.002825691
102.66	0.00248877
102.68	0.002171468
102.7	0.001906444
102.72	0.001716444
102.74	0.001608977
102.76	0.001567488
102.78	0.00156657
102.8	0.00156907
102.82	0.001549532
102.84	0.001506612
102.86	0.001447002
102.88	0.001385586
102.9	0.001348117
102.92	0.001352123
102.94	0.001399046
102.96	0.001473887
102.98	0.001545684
103	0.00158554
103.02	0.00157123
103.04	0.001493972
103.06	0.001358367
103.08	0.001176341
103.1	0.000964083
103.12	0.000745585
103.14	0.000542661
103.16	0.000354238
103.18	0.000181491
103.2	1.4169E-05
103.22	-0.000154086
103.24	-0.000315374
103.26	-0.00043819
103.28	-0.000499784
103.3	-0.000491686
103.32	-0.000414771
103.34	-0.000269202
103.36	-6.52543E-05
103.38	0.000180609
103.4	0.000447798
103.42	0.000712224
103.44	0.000950283
103.46	0.001169527
103.48	0.001382325
103.5	0.001587459
103.52	0.00177954
103.54	0.001952479
103.56	0.002098675
103.58	0.002222635
103.6	0.002340125
103.62	0.00244922
103.64	0.002544702
103.66	0.002613795
103.68	0.002647159
103.7	0.002637148
103.72	0.00258709
103.74	0.002511393
103.76	0.002427375
103.78	0.00236033
103.8	0.002336328
103.82	0.002350139
103.84	0.0023747
103.86	0.002384276
103.88	0.002362952
103.9	0.002320156
103.92	0.002275125
103.94	0.00224614
103.96	0.002243755
103.98	0.002266109
104	0.002311881
104.02	0.002373044
104.04	0.002419029
104.06	0.002423354
104.08	0.002377179
104.1	0.002287054
104.12	0.002161721
104.14	0.002045297
104.16	0.001961689
104.18	0.00191732
104.2	0.00191316
104.22	0.001949188
104.24	0.002017609
104.26	0.002102557
104.28	0.00219586
104.3	0.002298749
104.32	0.00239656
104.34	0.002493552
104.36	0.002593203
104.38	0.002679448
104.4	0.002733932
104.42	0.002745441
104.44	0.002709527
104.46	0.002630053
104.48	0.002535855
104.5	0.00243663
104.52	0.002332335
104.54	0.002230412
104.56	0.00214841
104.58	0.002089107
104.6	0.002053281
104.62	0.002032348
104.64	0.002017458
104.66	0.001997008
104.68	0.001985262
104.7	0.001987545
104.72	0.002003666
104.74	0.002028443
104.76	0.002062099
104.78	0.002107299
104.8	0.002165944
104.82	0.002231015
104.84	0.002309578
104.86	0.002402309
104.88	0.002508556
104.9	0.002614799
104.92	0.002693472
104.94	0.002708989
104.96	0.002626752
104.98	0.002456749
105	0.002218012
105.02	0.001935545
105.04	0.001642286
105.06	0.001365074
105.08	0.001125197
105.1	0.000933767
105.12	0.000790475
105.14	0.000685109
105.16	0.000615567
105.18	0.000580388
105.2	0.000579562
105.22	0.000624848
105.24	0.000704122
105.26	0.000798891
105.28	0.00088585
105.3	0.000942162
105.32	0.000953779
105.34	0.000913547
105.36	0.000839364
105.38	0.000756409
105.4	0.000694667
105.42	0.000666667
105.44	0.00065793
105.46	0.000635675
105.48	0.000562999
105.5	0.000414641
105.52	0.000185312
105.54	-0.000109626
105.56	-0.000453828
105.58	-0.000826624
105.6	-0.001201236
105.62	-0.001552835
105.64	-0.001857019
105.66	-0.002085505
105.68	-0.002219072
105.7	-0.002253044
105.72	-0.002177727
105.74	-0.001999348
105.76	-0.001753132
105.78	-0.001463284
105.8	-0.00115438
105.82	-0.000852295
105.84	-0.000575409
105.86	-0.000345864
105.88	-0.000178877
105.9	-9.73222E-05
105.92	-9.24505E-05
105.94	-0.000139941
105.96	-0.000218791
105.98	-0.00030871
106	-0.000388831
106.02	-0.000453533
106.04	-0.000503227
106.06	-0.000542834
106.08	-0.000583025
106.1	-0.000625611
106.12	-0.000671649
106.14	-0.000715613
106.16	-0.000748318
106.18	-0.000755354
106.2	-0.000737361
106.22	-0.000684726
106.24	-0.000592846
106.26	-0.000455215
106.28	-0.000258562
106.3	-7.77018E-06
106.32	0.000279745
106.34	0.000588373
106.36	0.000892056
106.38	0.00116069
106.4	0.001373585
106.42	0.001526914
106.44	0.001622828
106.46	0.001674829
106.48	0.001699747
106.5	0.001706451
106.52	0.001689746
106.54	0.001658901
106.56	0.001610208
106.58	0.001539987
106.6	0.001441128
106.62	0.001322953
106.64	0.001202237
106.66	0.001100286
106.68	0.001031794
106.7	0.001022519
106.72	0.001058469
106.74	0.001115256
106.76	0.001179974
106.78	0.001248838
106.8	0.001314951
106.82	0.001388559
106.84	0.001473666
106.86	0.001566062
106.88	0.001647414
106.9	0.00168965
106.92	0.001682517
106.94	0.001623674
106.96	0.001518433
106.98	0.001370461
107	0.00117807
107.02	0.000938844
107.04	0.000659129
107.06	0.000369248
107.08	9.6837E-05
107.1	-0.000139908
107.12	-0.000319559
107.14	-0.00043732
107.16	-0.000488089
107.18	-0.000477917
107.2	-0.000426528
107.22	-0.000354385
107.24	-0.000266967
107.26	-0.000160706
107.28	-3.78438E-05
107.3	0.000102132
107.32	0.000249886
107.34	0.000392017
107.36	0.000516366
107.38	0.000623816
107.4	0.000705552
107.42	0.000752556
107.44	0.000759589
107.46	0.000728406
107.48	0.000671852
107.5	0.000620745
107.52	0.000592167
107.54	0.000589381
107.56	0.000605636
107.58	0.000637672
107.6	0.00066592
107.62	0.00068781
107.64	0.000703067
107.66	0.000714473
107.68	0.000726823
107.7	0.000759346
107.72	0.000824281
107.74	0.000923092
107.76	0.001049848
107.78	0.001202009
107.8	0.001365201
107.82	0.001533579
107.84	0.001702078
107.86	0.001869873
107.88	0.002032482
107.9	0.002194207
107.92	0.002353077
107.94	0.002500059
107.96	0.002604839
107.98	0.002659228
108	0.00265655
108.02	0.002595965
108.04	0.002491687
108.06	0.002376141
108.08	0.002283948
108.1	0.002247229
108.12	0.002287281
108.14	0.0024175
108.16	0.002609935
108.18	0.0028412
108.2	0.003080996
108.22	0.003305055
108.24	0.003496826
108.26	0.003649871
108.28	0.003763683
108.3	0.003843091
108.32	0.003891183
108.34	0.003907658
108.36	0.003884067
108.38	0.003823789
108.4	0.003733574
108.42	0.003619861
108.44	0.003499098
108.46	0.003388306
108.48	0.003283702
108.5	0.003181572
108.52	0.00306497
108.54	0.002912582
108.56	0.002709707
108.58	0.002467378
108.6	0.002208582
108.62	0.001949578
108.64	0.00171073
108.66	0.00151841
108.68	0.001387922
108.7	0.001321576
108.72	0.001314152
108.74	0.001354954
108.76	0.001424941
108.78	0.001511983
108.8	0.001609268
108.82	0.001707578
108.84	0.001793935
108.86	0.001852019
108.88	0.001859761
108.9	0.001796159
108.92	0.001656725
108.94	0.001444062
108.96	0.001173388
108.98	0.000868892
109	0.0005608
109.02	0.000263115
109.04	-1.33605E-05
109.06	-0.000256715
109.08	-0.000448247
109.1	-0.000587391
109.12	-0.000682747
109.14	-0.000735129
109.16	-0.000754605
109.18	-0.000753531
109.2	-0.00073476
109.22	-0.000697876
109.24	-0.000648302
109.26	-0.000591444
109.28	-0.00052964
109.3	-0.000454162
109.32	-0.00036807
109.34	-0.00027513
109.36	-0.000184855
109.38	-0.00010795
109.4	-5.33405E-05
109.42	-1.523E-05
109.44	1.3578E-05
109.46	3.61385E-05
109.48	4.89495E-05
109.5	4.40655E-05
109.52	2.40591E-05
109.54	9.65751E-06
109.56	9.51222E-06
109.58	3.20176E-05
109.6	6.43357E-05
109.62	8.82351E-05
109.64	9.54029E-05
109.66	9.38764E-05
109.68	0.000100238
109.7	0.000124539
109.72	0.000177776
109.74	0.000273301
109.76	0.000410283
109.78	0.000585777
109.8	0.000787101
109.82	0.000971302
109.84	0.001086571
109.86	0.001113684
109.88	0.001061918
109.9	0.000956122
109.92	0.000832708
109.94	0.000714118
109.96	0.000607557
109.98	0.000504566
110	0.000412854
110.02	0.000346847
110.04	0.000326762
110.06	0.000367327
110.08	0.000478314
110.1	0.000646906
110.12	0.000856632
110.14	0.001077234
110.16	0.001286825
110.18	0.001465941
110.2	0.001613434
110.22	0.001740153
110.24	0.001860416
110.26	0.001985949
110.28	0.002120144
110.3	0.00225512
110.32	0.002372428
110.34	0.002448917
110.36	0.002473038
110.38	0.00244302
110.4	0.002369013
110.42	0.002262276
110.44	0.002130579
110.46	0.001971401
110.48	0.001776514
110.5	0.001556468
110.52	0.001318317
110.54	0.001076171
110.56	0.000844874
110.58	0.000632194
110.6	0.000458739
110.62	0.000339689
110.64	0.000291444
110.66	0.000315907
110.68	0.000394417
110.7	0.000514302
110.72	0.000652578
110.74	0.000794924
110.76	0.00093246
110.78	0.001049564
110.8	0.001126858
110.82	0.001143071
110.84	0.001103646
110.86	0.001022751
110.88	0.000921282
110.9	0.000817041
110.92	0.000707649
110.94	0.00058662
110.96	0.00045335
110.98	0.000318733
111	0.000209553
111.02	0.000118816
111.04	3.67396E-05
111.06	-5.15353E-05
111.08	-0.000151192
111.1	-0.000253128
111.12	-0.000340257
111.14	-0.000391127
111.16	-0.000399613
111.18	-0.000368795
111.2	-0.000286447
111.22	-0.000155404
111.24	5.10465E-06
111.26	0.000170923
111.28	0.000320221
111.3	0.000442234
111.32	0.000540242
111.34	0.000631454
111.36	0.000725146
111.38	0.000814373
111.4	0.000878515
111.42	0.000909998
111.44	0.00091094
111.46	0.000893484
111.48	0.00087216
111.5	0.00087306
111.52	0.000916359
111.54	0.00100804
111.56	0.001145399
111.58	0.001325667
111.6	0.001530758
111.62	0.001748327
111.64	0.001972506
111.66	0.002201615
111.68	0.002435752
111.7	0.002679744
111.72	0.002932544
111.74	0.003188882
111.76	0.003434816
111.78	0.003654852
111.8	0.003839168
111.82	0.003986721
111.84	0.004096549
111.86	0.004170518
111.88	0.004209254
111.9	0.004213925
111.92	0.00418999
111.94	0.004143435
111.96	0.00408035
111.98	0.004003097
112	0.003912889
112.02	0.003817162
112.04	0.003723234
112.06	0.003639604
112.08	0.003575231
112.1	0.003529125
112.12	0.003492652
112.14	0.003454753
112.16	0.003408704
112.18	0.003347043
112.2	0.003267711
112.22	0.003180392
112.24	0.003096373
112.26	0.003029585
112.28	0.002990578
112.3	0.002975944
112.32	0.002969745
112.34	0.002957152
112.36	0.002934958
112.38	0.002906282
112.4	0.00288203
112.42	0.002862338
112.44	0.002842469
112.46	0.002814976
112.48	0.002763422
112.5	0.002671306
112.52	0.002522921
112.54	0.002309649
112.56	0.002041468
112.58	0.001749038
112.6	0.001471793
112.62	0.001232325
112.64	0.001052069
112.66	0.000952168
112.68	0.000943699
112.7	0.001022249
112.72	0.001166203
112.74	0.00134218
112.76	0.001504499
112.78	0.001619122
112.8	0.001671242
112.82	0.00166022
112.84	0.001595588
112.86	0.001492219
112.88	0.001363207
112.9	0.001224759
112.92	0.001099687
112.94	0.001008985
112.96	0.000953415
112.98	0.000926364
113	0.000928591
113.02	0.000964011
113.04	0.001033323
113.06	0.001129924
113.08	0.001241036
113.1	0.001331205
113.12	0.001384564
113.14	0.001402106
113.16	0.001395336
113.18	0.001374819
113.2	0.00134752
113.22	0.001316351
113.24	0.001293867
113.26	0.001287903
113.28	0.001307295
113.3	0.00134858
113.32	0.001387361
113.34	0.001416427
113.36	0.001446426
113.38	0.001491997
113.4	0.001564322
113.42	0.001655324
113.44	0.001741646
113.46	0.001783529
113.48	0.001772816
113.5	0.001731885
113.52	0.001686226
113.54	0.001650089
113.56	0.001631388
113.58	0.001626689
113.6	0.001633869
113.62	0.001645677
113.64	0.00167698
113.66	0.001739893
113.68	0.001824791
113.7	0.001932234
113.72	0.002047948
113.74	0.002157211
113.76	0.002254899
113.78	0.002322873
113.8	0.00235533
113.82	0.002350658
113.84	0.002310272
113.86	0.002238036
113.88	0.002144834
113.9	0.002043415
113.92	0.001957943
113.94	0.001894679
113.96	0.00186531
113.98	0.001877702
114	0.001928369
114.02	0.002004898
114.04	0.002099918
114.06	0.002201786
114.08	0.002310986
114.1	0.002413715
114.12	0.002492584
114.14	0.002538416
114.16	0.002542131
114.18	0.002498364
114.2	0.002414316
114.22	0.002292581
114.24	0.002143441
114.26	0.001987719
114.28	0.001850103
114.3	0.00175857
114.32	0.001722429
114.34	0.001727425
114.36	0.00174308
114.38	0.001735309
114.4	0.001686267
114.42	0.001594283
114.44	0.001476786
114.46	0.001361124
114.48	0.001272199
114.5	0.00122237
114.52	0.001206169
114.54	0.001204669
114.56	0.001202423
114.58	0.001182834
114.6	0.001145984
114.62	0.001100417
114.64	0.001063357
114.66	0.001058192
114.68	0.001098454
114.7	0.00117084
114.72	0.001244944
114.74	0.001290787
114.76	0.001281779
114.78	0.001209058
114.8	0.001079207
114.82	0.000908919
114.84	0.000714173
114.86	0.000508981
114.88	0.000305577
114.9	0.00011896
114.92	-4.32017E-05
114.94	-0.000175084
114.96	-0.000263903
114.98	-0.000307741
115	-0.00032044
115.02	-0.000319014
115.04	-0.000328285
115.06	-0.000373599
115.08	-0.000450107
115.1	-0.000537047
115.12	-0.000623391
115.14	-0.000698709
115.16	-0.00075019
115.18	-0.000777231
115.2	-0.000776587
115.22	-0.000749634
115.24	-0.00070125
115.26	-0.000643286
115.28	-0.000587141
115.3	-0.000539385
115.32	-0.000502306
115.34	-0.000479085
115.36	-0.000466972
115.38	-0.000458613
115.4	-0.0004497
115.42	-0.000433974
115.44	-0.000402001
115.46	-0.000354658
115.48	-0.000298264
115.5	-0.000235524
115.52	-0.000171534
115.54	-0.000100098
115.56	-1.62707E-05
115.58	7.12065E-05
115.6	0.000147712
115.62	0.000188876
115.64	0.00017841
115.66	0.000132376
115.68	7.04457E-05
115.7	1.47847E-05
115.72	-1.71646E-05
115.74	-2.28801E-05
115.76	-1.42224E-06
115.78	4.2688E-05
115.8	0.000104462
115.82	0.000174334
115.84	0.000240478
115.86	0.000314026
115.88	0.000412398
115.9	0.000552841
115.92	0.000740357
115.94	0.000966593
115.96	0.001207027
115.98	0.001440841
116	0.001658258
116.02	0.001858671
116.04	0.002049249
116.06	0.002240403
116.08	0.002433683
116.1	0.002630004
116.12	0.002813488
116.14	0.002964767
116.16	0.003065564
116.18	0.003110245
116.2	0.003102484
116.22	0.003059131
116.24	0.002993888
116.26	0.002915669
116.28	0.002829458
116.3	0.00272855
116.32	0.0025951
116.34	0.002418534
116.36	0.002191648
116.38	0.001923922
116.4	0.001637718
116.42	0.001363599
116.44	0.001118114
116.46	0.000903961
116.48	0.000719787
116.5	0.000549746
116.52	0.000401515
116.54	0.000277331
116.56	0.000182978
116.58	0.000123176
116.6	0.00010023
116.62	0.000115931
116.64	0.000159977
116.66	0.000219588
116.68	0.000280916
116.7	0.000318062
116.72	0.00032539
116.74	0.000302507
116.76	0.000257333
116.78	0.000200328
116.8	0.000136849
116.82	7.76545E-05
116.84	2.41827E-05
116.86	-3.16027E-05
116.88	-0.00010366
116.9	-0.000201494
116.92	-0.000327877
116.94	-0.000470936
116.96	-0.000598227
116.98	-0.000680338
117	-0.000725313
117.02	-0.000732307
117.04	-0.000707478
117.06	-0.000656985
117.08	-0.000591635
117.1	-0.000514005
117.12	-0.000423225
117.14	-0.000324239
117.16	-0.000219274
117.18	-9.38879E-05
117.2	3.41543E-05
117.22	0.000149495
117.24	0.000250487
117.26	0.0003443
117.28	0.000437165
117.3	0.000543695
117.32	0.000670466
117.34	0.000813136
117.36	0.000968678
117.38	0.001139786
117.4	0.001319113
117.42	0.001489765
117.44	0.001634568
117.46	0.00174293
117.48	0.001814768
117.5	0.001860678
117.52	0.001900198
117.54	0.001946769
117.56	0.00200277
117.58	0.002080762
117.6	0.002178911
117.62	0.002290594
117.64	0.00241175
117.66	0.002530029
117.68	0.002632108
117.7	0.00271644
117.72	0.002780494
117.74	0.002818849
117.76	0.002821153
117.78	0.002781805
117.8	0.002699746
117.82	0.00258529
117.84	0.002452983
117.86	0.002323505
117.88	0.002218989
117.9	0.002147726
117.92	0.002101969
117.94	0.002076386
117.96	0.0020559
117.98	0.002017405
118	0.001952719
118.02	0.0018716
118.04	0.001792163
118.06	0.001728561
118.08	0.00168564
118.1	0.001659244
118.12	0.001631132
118.14	0.001598777
118.16	0.001571964
118.18	0.001543473
118.2	0.001507504
118.22	0.001459054
118.24	0.001405063
118.26	0.001356287
118.28	0.001316034
118.3	0.001287924
118.32	0.001248124
118.34	0.0011787
118.36	0.001091096
118.38	0.001006692
118.4	0.000934719
118.42	0.000881271
118.44	0.000844435
118.46	0.000827227
118.48	0.000825195
118.5	0.000840832
118.52	0.000857429
118.54	0.000854729
118.56	0.000817493
118.58	0.000747284
118.6	0.000646842
118.62	0.000520795
118.64	0.000369109
118.66	0.000197591
118.68	1.91979E-05
118.7	-0.000152223
118.72	-0.000307257
118.74	-0.000435633
118.76	-0.000544067
118.78	-0.000648218
118.8	-0.000758918
118.82	-0.000867751
118.84	-0.000967084
118.86	-0.00104432
118.88	-0.001084216
118.9	-0.001081399
118.92	-0.001048744
118.94	-0.001004062
118.96	-0.000968784
118.98	-0.000956636
119	-0.000975309
119.02	-0.00101484
119.04	-0.001065097
119.06	-0.001114652
119.08	-0.001154206
119.1	-0.001178424
119.12	-0.001196212
119.14	-0.001218516
119.16	-0.001252279
119.18	-0.001298646
119.2	-0.001357089
119.22	-0.001409916
119.24	-0.001441502
119.26	-0.001452329
119.28	-0.001434498
119.3	-0.001369705
119.32	-0.001251443
119.34	-0.001082229
119.36	-0.000882027
119.38	-0.000684427
119.4	-0.000516024
119.42	-0.00038458
119.44	-0.000277367
119.46	-0.000172651
119.48	-4.61573E-05
119.5	0.000126914
119.52	0.000341095
119.54	0.00057735
119.56	0.000823329
119.58	0.001051754
119.6	0.00124641
119.62	0.001403149
119.64	0.001530519
119.66	0.001652737
119.68	0.001791738
119.7	0.001963495
119.72	0.002168974
119.74	0.002393653
119.76	0.002611481
119.78	0.00279497
119.8	0.002929745
119.82	0.003021319
119.84	0.003087305
119.86	0.003156139
119.88	0.003246913
119.9	0.003358788
119.92	0.00347449
119.94	0.003575185
119.96	0.003645277
119.98	0.003677855
120	0.003671906
120.02	0.003629513
120.04	0.003557339
120.06	0.003470314
120.08	0.003379492
120.1	0.003293612
120.12	0.003209647
120.14	0.003097196
120.16	0.002959634
120.18	0.002802891
120.2	0.002631982
120.22	0.00245619
120.24	0.002285644
120.26	0.002134298
120.28	0.002005627
120.3	0.00192
120.32	0.001891704
120.34	0.00189284
120.36	0.001910421
120.38	0.001929286
120.4	0.001928667
120.42	0.001899825
120.44	0.001837319
120.46	0.001750136
120.48	0.00163895
120.5	0.001503062
120.52	0.001355359
120.54	0.001201499
120.56	0.001047699
120.58	0.000896759
120.6	0.000752135
120.62	0.000634086
120.64	0.000552043
120.66	0.000507024
120.68	0.000496983
120.7	0.000515905
120.72	0.000564151
120.74	0.000650834
120.76	0.00077555
120.78	0.000925038
120.8	0.00107266
120.82	0.001203594
120.84	0.001314763
120.86	0.001409387
120.88	0.001487192
120.9	0.001557075
120.92	0.001629154
120.94	0.001718811
120.96	0.00183543
120.98	0.001982704
121	0.002146244
121.02	0.002293295
121.04	0.002405067
121.06	0.002472753
121.08	0.002515932
121.1	0.002559038
121.12	0.002619963
121.14	0.002708002
121.16	0.002820671
121.18	0.002937546
121.2	0.003035825
121.22	0.003088518
121.24	0.003086164
121.26	0.003044823
121.28	0.003009103
121.3	0.00303046
121.32	0.003145749
121.34	0.003356411
121.36	0.003641901
121.38	0.003954757
121.4	0.004248432
121.42	0.00449356
121.44	0.004667267
121.46	0.004758027
121.48	0.004768869
121.5	0.00470074
121.52	0.004569057
121.54	0.004390629
121.56	0.004185216
121.58	0.003968416
121.6	0.003755938
121.62	0.003560022
121.64	0.003382
121.66	0.003229535
121.68	0.003114946
121.7	0.003032683
121.72	0.002979035
121.74	0.002955163
121.76	0.002969756
121.78	0.003010994
121.8	0.003062799
121.82	0.003110037
121.84	0.003134804
121.86	0.003129282
121.88	0.003099087
121.9	0.003047984
121.92	0.002982808
121.94	0.002911205
121.96	0.002848033
121.98	0.002809201
122	0.002800765
122.02	0.002808311
122.04	0.002796666
122.06	0.002738122
122.08	0.002608477
122.1	0.002404227
122.12	0.002138612
122.14	0.001825826
122.16	0.001478223
122.18	0.001109861
122.2	0.000731706
122.22	0.000361687
122.24	2.3237E-05
122.26	-0.000265535
122.28	-0.000478343
122.3	-0.000627407
122.32	-0.000713565
122.34	-0.000731325
122.36	-0.000680182
122.38	-0.000560272
122.4	-0.000378613
122.42	-0.000160282
122.44	5.38973E-05
122.46	0.000216364
122.48	0.000337524
122.5	0.000419174
122.52	0.000471892
122.54	0.000499498
122.56	0.000506867
122.58	0.000505373
122.6	0.000501361
122.62	0.000487355
122.64	0.000450867
122.66	0.000387046
122.68	0.00030876
122.7	0.000241423
122.72	0.000213074
122.74	0.000223109
122.76	0.000254502
122.78	0.000287823
122.8	0.000315018
122.82	0.000331537
122.84	0.000338769
122.86	0.000335277
122.88	0.000323962
122.9	0.000315428
122.92	0.000317127
122.94	0.000327857
122.96	0.000323929
122.98	0.000275672
123	0.00016174
123.02	-1.76077E-05
123.04	-0.000228968
123.06	-0.000432896
123.08	-0.000594224
123.1	-0.000691726
123.12	-0.000737912
123.14	-0.000767845
123.16	-0.000789326
123.18	-0.000813918
123.2	-0.000853467
123.22	-0.000899955
123.24	-0.000934666
123.26	-0.000944141
123.28	-0.000916719
123.3	-0.000835501
123.32	-0.000727952
123.34	-0.000617463
123.36	-0.000518515
123.38	-0.000432439
123.4	-0.00035536
123.42	-0.00027411
123.44	-0.000185531
123.46	-9.65153E-05
123.48	-1.8024E-05
123.5	2.86517E-05
123.52	3.48525E-05
123.54	-3.93906E-06
123.56	-7.82255E-05
123.58	-0.000166892
123.6	-0.000246566
123.62	-0.000299295
123.64	-0.000325984
123.66	-0.000327911
123.68	-0.000305616
123.7	-0.000257599
123.72	-0.000173066
123.74	-5.00665E-05
123.76	0.00010841
123.78	0.000296733
123.8	0.000521793
123.82	0.000786761
123.84	0.001077551
123.86	0.001375858
123.88	0.001667654
123.9	0.001938914
123.92	0.002164445
123.94	0.00235176
123.96	0.002504971
123.98	0.002622468
124	0.002708015
124.02	0.002767966
124.04	0.002807721
124.06	0.002838492
124.08	0.0028658
124.1	0.002899867
124.12	0.002944997
124.14	0.003006436
124.16	0.003086755
124.18	0.003180307
124.2	0.003258322
124.22	0.003296438
124.24	0.003289392
124.26	0.003250903
124.28	0.003199226
124.3	0.003150807
124.32	0.003120955
124.34	0.003111523
124.36	0.003110902
124.38	0.003104734
124.4	0.003069965
124.42	0.002982814
124.44	0.002838602
124.46	0.002653174
124.48	0.002438424
124.5	0.002215634
124.52	0.001977008
124.54	0.00173219
124.56	0.001467078
124.58	0.001176233
124.6	0.00086971
124.62	0.000554466
124.64	0.000244612
124.66	-2.78449E-05
124.68	-0.000235565
124.7	-0.00035437
124.72	-0.000386607
124.74	-0.000360616
124.76	-0.000325015
124.78	-0.000329653
124.8	-0.000409972
124.82	-0.000578228
124.84	-0.000808434
124.86	-0.001041706
124.88	-0.001248107
124.9	-0.00139051
124.92	-0.001452769
124.94	-0.00144267
124.96	-0.001387224
124.98	-0.001326162
125	-0.001288979
125.02	-0.001295994
125.04	-0.001358235
125.06	-0.001474139
125.08	-0.001607766
125.1	-0.001735824
125.12	-0.001828089
125.14	-0.001862171
125.16	-0.001831081
125.18	-0.001732467
125.2	-0.001577893
125.22	-0.001381268
125.24	-0.001160792
125.26	-0.000937826
125.28	-0.000726842
125.3	-0.000519224
125.32	-0.000292979
125.34	-3.40616E-05
125.36	0.000246717
125.38	0.000540648
125.4	0.000830045
125.42	0.001099547
125.44	0.001341818
125.46	0.001545802
125.48	0.001688668
125.5	0.001751384
125.52	0.0017481
125.54	0.001729054
125.56	0.001718509
125.58	0.001721947
125.6	0.001728693
125.62	0.001725801
125.64	0.001697631
125.66	0.001645569
125.68	0.001587364
125.7	0.001548131
125.72	0.001523929
125.74	0.001531227
125.76	0.001580437
125.78	0.001660875
125.8	0.001743149
125.82	0.001792584
125.84	0.001781047
125.86	0.001699342
125.88	0.001558424
125.9	0.00138624
125.92	0.001211965
125.94	0.001049582
125.96	0.000895392
125.98	0.000753025
126	0.000611643
126.02	0.000454848
126.04	0.00026394
126.06	3.36441E-05
126.08	-0.000225615
126.1	-0.000487235
126.12	-0.000734166
126.14	-0.000945695
126.16	-0.001115107
126.18	-0.001242699
126.2	-0.001332623
126.22	-0.001387856
126.24	-0.001423408
126.26	-0.001442226
126.28	-0.001442518
126.3	-0.001417923
126.32	-0.001351518
126.34	-0.001242418
126.36	-0.00112902
126.38	-0.001034929
126.4	-0.000981634
126.42	-0.000978714
126.44	-0.001025624
126.46	-0.001111942
126.48	-0.001215505
126.5	-0.001315777
126.52	-0.001387554
126.54	-0.001407058
126.56	-0.001376078
126.58	-0.001305741
126.6	-0.00122548
126.62	-0.001150951
126.64	-0.001083507
126.66	-0.001028972
126.68	-0.000995666
126.7	-0.000987269
126.72	-0.000989469
126.74	-0.000969586
126.76	-0.000908414
126.78	-0.000789295
126.8	-0.0006139
126.82	-0.000391497
126.84	-0.000132136
126.86	0.000149313
126.88	0.000429749
126.9	0.000674199
126.92	0.000845607
126.94	0.000926135
126.96	0.000902695
126.98	0.000787183
127	0.000595287
127.02	0.000348196
127.04	9.08387E-05
127.06	-0.000148045
127.08	-0.000361614
127.1	-0.000542485
127.12	-0.0006891
127.14	-0.000799014
127.16	-0.000857227
127.18	-0.000840234
127.2	-0.000748886
127.22	-0.000604267
127.24	-0.000440918
127.26	-0.000285336
127.28	-0.000155471
127.3	-5.82333E-05
127.32	1.04017E-05
127.34	7.25839E-05
127.36	0.000148328
127.38	0.000258091
127.4	0.000415416
127.42	0.000612347
127.44	0.000816148
127.46	0.000999704
127.48	0.001147538
127.5	0.001253908
127.52	0.001305864
127.54	0.001304411
127.56	0.00125655
127.58	0.001191509
127.6	0.001150117
127.62	0.001161802
127.64	0.001239966
127.66	0.001380042
127.68	0.001556945
127.7	0.001755046
127.72	0.001959202
127.74	0.002174738
127.76	0.002393458
127.78	0.002606622
127.8	0.002816563
127.82	0.0030258
127.84	0.003219739
127.86	0.003378257
127.88	0.003471142
127.9	0.003474223
127.92	0.003370685
127.94	0.003172231
127.96	0.002913551
127.98	0.002624158
128	0.002324052
128.02	0.002035751
128.04	0.001761496
128.06	0.001507106
128.08	0.001267725
128.1	0.001038129
128.12	0.000830569
128.14	0.000648605
128.16	0.000480423
128.18	0.000330294
128.2	0.000188386
128.22	4.74468E-05
128.24	-9.52431E-05
128.26	-0.00023143
128.28	-0.000353158
128.3	-0.000443941
128.32	-0.000490781
128.34	-0.000490551
128.36	-0.000454468
128.38	-0.000399742
128.4	-0.000348425
128.42	-0.000315458
128.44	-0.000307863
128.46	-0.000313286
128.48	-0.00032547
128.5	-0.000339254
128.52	-0.000359969
128.54	-0.000397604
128.56	-0.000462127
128.58	-0.000552459
128.6	-0.00065766
128.62	-0.000766347
128.64	-0.000877956
128.66	-0.000989241
128.68	-0.001104376
128.7	-0.001219729
128.72	-0.001320375
128.74	-0.001424862
128.76	-0.001527517
128.78	-0.001625607
128.8	-0.001715601
128.82	-0.001797122
128.84	-0.00187598
128.86	-0.001957982
128.88	-0.002055789
128.9	-0.002169405
128.92	-0.002261545
128.94	-0.002322218
128.96	-0.002336741
128.98	-0.002303018
129	-0.002231561
129.02	-0.00212448
129.04	-0.00198107
129.06	-0.001796336
129.08	-0.001564284
129.1	-0.001298989
129.12	-0.001011385
129.14	-0.000705583
129.16	-0.000404353
129.18	-0.000136044
129.2	8.22921E-05
129.22	0.000239797
129.24	0.000337142
129.26	0.000396144
129.28	0.000449124
129.3	0.000505384
129.32	0.000560407
129.34	0.00061715
129.36	0.000682601
129.38	0.000762996
129.4	0.000850734
129.42	0.000937428
129.44	0.001010033
129.46	0.001046092
129.48	0.001042043
129.5	0.001008161
129.52	0.000951383
129.54	0.000897593
129.56	0.000877921
129.58	0.000906191
129.6	0.000984538
129.62	0.001106047
129.64	0.001251489
129.66	0.001404911
129.68	0.001555436
129.7	0.0017087
129.72	0.001840108
129.74	0.001951182
129.76	0.002050764
129.78	0.002125354
129.8	0.002151374
129.82	0.002109273
129.84	0.001996046
129.86	0.001827953
129.88	0.001644424
129.9	0.001520874
129.92	0.001441207
129.94	0.001398238
129.96	0.001367359
129.98	0.001325115
130	0.001259143
130.02	0.001177377
130.04	0.001116165
130.06	0.001092437
130.08	0.001124079
130.1	0.001225406
130.12	0.001387417
130.14	0.00158335
130.16	0.001782919
130.18	0.001961001
130.2	0.002092403
130.22	0.002158396
130.24	0.00217233
130.26	0.002149269
130.28	0.002102716
130.3	0.002045078
130.32	0.001978827
130.34	0.001904627
130.36	0.001811577
130.38	0.001713663
130.4	0.001625392
130.42	0.00153955
130.44	0.001454778
130.46	0.001378836
130.48	0.00131484
130.5	0.001269852
130.52	0.001252937
130.54	0.001266441
130.56	0.001310853
130.58	0.001395409
130.6	0.001515434
130.62	0.001665609
130.64	0.001842975
130.66	0.002042391
130.68	0.00224544
130.7	0.002442917
130.72	0.002621689
130.74	0.002762675
130.76	0.002861734
130.78	0.002909564
130.8	0.002912608
130.82	0.002878577
130.84	0.002821385
130.86	0.002746416
130.88	0.002632053
130.9	0.002475903
130.92	0.002282309
130.94	0.002070989
130.96	0.001874435
130.98	0.001715735
131	0.001598503
131.02	0.001523823
131.04	0.001500623
131.06	0.00153793
131.08	0.001642082
131.1	0.00181055
131.12	0.002024039
131.14	0.002248817
131.16	0.002458336
131.18	0.002644056
131.2	0.002785136
131.22	0.002862245
131.24	0.002863988
131.26	0.002785368
131.28	0.002649499
131.3	0.002491739
131.32	0.0023529
131.34	0.002258637
131.36	0.002202791
131.38	0.0021732
131.4	0.002155587
131.42	0.002140553
131.44	0.002122619
131.46	0.002083866
131.48	0.002012934
131.5	0.001901336
131.52	0.001769352
131.54	0.00164691
131.56	0.001548261
131.58	0.001466529
131.6	0.001382572
131.62	0.00130794
131.64	0.001271453
131.66	0.001297772
131.68	0.001390263
131.7	0.001530323
131.72	0.001691236
131.74	0.001854684
131.76	0.002012646
131.78	0.002145109
131.8	0.002228096
131.82	0.002241581
131.84	0.002181472
131.86	0.002071665
131.88	0.00192786
131.9	0.001751671
131.92	0.001541817
131.94	0.00130232
131.96	0.001050669
131.98	0.000825431
132	0.000684542
132.02	0.000647495
132.04	0.000711293
132.06	0.000868609
132.08	0.001106379
132.1	0.001387935
132.12	0.001662498
132.14	0.001883232
132.16	0.002013264
132.18	0.00203281
132.2	0.001963073
132.22	0.001831407
132.24	0.001663624
132.26	0.001473482
132.28	0.001267415
132.3	0.001040932
132.32	0.000782108
132.34	0.000486669
132.36	0.0001581
132.38	-0.000194924
132.4	-0.000562145
132.42	-0.000947676
132.44	-0.001337799
132.46	-0.001731744
132.48	-0.002114175
132.5	-0.002470542
132.52	-0.002783516
132.54	-0.003031688
132.56	-0.003194232
132.58	-0.003259313
132.6	-0.00323948
132.62	-0.003157477
132.64	-0.003039107
132.66	-0.002934459
132.68	-0.002839891
132.7	-0.002738788
132.72	-0.002609872
132.74	-0.002444607
132.76	-0.00225828
132.78	-0.002098145
132.8	-0.002015281
132.82	-0.002014571
132.84	-0.002090069
132.86	-0.002223406
132.88	-0.002386098
132.9	-0.002558734
132.92	-0.002712435
132.94	-0.002824167
132.96	-0.002883061
132.98	-0.00287239
133	-0.002800698
133.02	-0.002697235
133.04	-0.002583943
133.06	-0.002466329
133.08	-0.002351068
133.1	-0.002241796
133.12	-0.002125276
133.14	-0.001992969
133.16	-0.001837955
133.18	-0.001656813
133.2	-0.00145209
133.22	-0.001234488
133.24	-0.001023254
133.26	-0.000816659
133.28	-0.000593164
133.3	-0.000338373
133.32	-4.79004E-05
133.34	0.000279049
133.36	0.000636271
133.38	0.001004612
133.4	0.001344151
133.42	0.001634212
133.44	0.00187188
133.46	0.00205736
133.48	0.002199231
133.5	0.002316557
133.52	0.002434996
133.54	0.002568108
133.56	0.002731606
133.58	0.002921209
133.6	0.0031397
133.62	0.003364134
133.64	0.003582038
133.66	0.003770369
133.68	0.003917046
133.7	0.00401572
133.72	0.004059516
133.74	0.004039075
133.76	0.003956653
133.78	0.003821942
133.8	0.003658005
133.82	0.003483924
133.84	0.003315266
133.86	0.003164597
133.88	0.003040842
133.9	0.002940948
133.92	0.00285189
133.94	0.002750959
133.96	0.002631598
133.98	0.002506336
134	0.002393968
134.02	0.002298443
134.04	0.002219584
134.06	0.002138659
134.08	0.002031373
134.1	0.001891028
134.12	0.001734143
134.14	0.001578395
134.16	0.001429322
134.18	0.001289671
134.2	0.001153894
134.22	0.00100424
134.24	0.000836902
134.26	0.00065143
134.28	0.000446035
134.3	0.000234963
134.32	3.0181E-05
134.34	-0.000156431
134.36	-0.000314795
134.38	-0.000442568
134.4	-0.000540699
134.42	-0.000606375
134.44	-0.000628088
134.46	-0.000602829
134.48	-0.000540703
134.5	-0.000462251
134.52	-0.000392078
134.54	-0.000340601
134.56	-0.000305473
134.58	-0.000300117
134.6	-0.000314199
134.62	-0.000336628
134.64	-0.000350278
134.66	-0.000340933
134.68	-0.000302237
134.7	-0.000245426
134.72	-0.000182917
134.74	-0.000136243
134.76	-9.79956E-05
134.78	-5.76001E-05
134.8	-1.06897E-05
134.82	3.38792E-05
134.84	7.28827E-05
134.86	9.82805E-05
134.88	0.000105459
134.9	8.92454E-05
134.92	6.19461E-05
134.94	4.08504E-05
134.96	4.04541E-05
134.98	6.19682E-05
135	0.000103973
135.02	0.000159257
135.04	0.000221002
135.06	0.000289626
135.08	0.000370759
135.1	0.000462586
135.12	0.000563776
135.14	0.000665423
135.16	0.000768308
135.18	0.000873549
135.2	0.000974782
135.22	0.001071015
135.24	0.001156846
135.26	0.001235021
135.28	0.001305058
135.3	0.001362289
135.32	0.001408754
135.34	0.001443619
135.36	0.001473632
135.38	0.001508554
135.4	0.001556942
135.42	0.001617052
135.44	0.001680394
135.46	0.001746052
135.48	0.00181284
135.5	0.001874802
135.52	0.001927815
135.54	0.00196355
135.56	0.001972883
135.58	0.00195508
135.6	0.001908024
135.62	0.00183817
135.64	0.001756376
135.66	0.001675361
135.68	0.001594183
135.7	0.001513912
135.72	0.001432311
135.74	0.001355237
135.76	0.001280005
135.78	0.001206988
135.8	0.001122198
135.82	0.0010252
135.84	0.000909514
135.86	0.000780745
135.88	0.000644059
135.9	0.000508668
135.92	0.000376716
135.94	0.000251309
135.96	0.000136292
135.98	4.07342E-05
136	-4.00151E-05
136.02	-0.000107309
136.04	-0.000164267
136.06	-0.000208342
136.08	-0.000242343
136.1	-0.000268145
136.12	-0.000288155
136.14	-0.000299735
136.16	-0.000301181
136.18	-0.000296854
136.2	-0.000289217
136.22	-0.000280146
136.24	-0.000272204
136.26	-0.000267398
136.28	-0.000264285
136.3	-0.000259782
136.32	-0.000254049
136.34	-0.00024535
136.36	-0.000230935
136.38	-0.000210568
136.4	-0.000177819
136.42	-0.00012881
136.44	-6.56068E-05
136.46	8.78934E-06
136.48	8.89607E-05
136.5	0.000166335
136.52	0.000238009
136.54	0.00030641
136.56	0.00037257
136.58	0.000432258
136.6	0.000483107
136.62	0.000526701
136.64	0.000566541
136.66	0.00060921
136.68	0.00066052
136.7	0.00071983
136.72	0.000786195
136.74	0.000855561
136.76	0.000924544
136.78	0.000989125
136.8	0.001049232
136.82	0.001105748
136.84	0.001157743
136.86	0.001204098
136.88	0.001245432
136.9	0.0012809
136.92	0.001313657
136.94	0.001346769
136.96	0.001381276
136.98	0.001414586
137	0.001442627
137.02	0.001463566
137.04	0.00147979
137.06	0.001491476
137.08	0.00149828
137.1	0.001500162
137.12	0.001496841
137.14	0.001487374
137.16	0.001471946
137.18	0.001451295
137.2	0.00142496
137.22	0.001391185
137.24	0.001348565
137.26	0.001292979
137.28	0.001226009
137.3	0.001150595
137.32	0.001070942
137.34	0.000990632
137.36	0.000911292
137.38	0.000833415
137.4	0.000756845
137.42	0.000683667
137.44	0.000617028
137.46	0.000555447
137.48	0.000495833
137.5	0.000435134
137.52	0.000371578
137.54	0.000304671
137.56	0.000238159
137.58	0.000175599
137.6	0.000118073
137.62	6.83771E-05
137.64	2.66308E-05
137.66	-6.78558E-06
137.68	-3.0839E-05
137.7	-4.51329E-05
137.72	-5.08768E-05
137.74	-5.1552E-05
137.76	-5.02173E-05
137.78	-4.81041E-05
137.8	-4.54654E-05
137.82	-4.08056E-05
137.84	-3.24073E-05
137.86	-1.95662E-05
137.88	-2.72749E-06
137.9	1.75063E-05
137.92	4.11229E-05
137.94	6.83324E-05
137.96	9.9141E-05
137.98	0.000133772
138	0.000171357
138.02	0.000210267
138.04	0.000250038
138.06	0.00029136
138.08	0.000335836
138.1	0.000384881
138.12	0.000438229
138.14	0.000493253
138.16	0.000547991
138.18	0.000601198
138.2	0.000652145
138.22	0.000700498
138.24	0.000745563
138.26	0.000786734
138.28	0.000824216
138.3	0.000860366
138.32	0.000897591
138.34	0.00093786
138.36	0.000981522
138.38	0.001028401
138.4	0.001077089
138.42	0.001125308
138.44	0.001171235
138.46	0.001212914
138.48	0.001248185
138.5	0.001276208
138.52	0.001295936
138.54	0.001307649
138.56	0.00131301
138.58	0.001314115
138.6	0.001312747
138.62	0.001309665
138.64	0.001304368
138.66	0.001295884
138.68	0.001283444
138.7	0.001266653
138.72	0.001245116
138.74	0.001218592
138.76	0.001187198
138.78	0.001150697
138.8	0.00110958
138.82	0.00106479
138.84	0.001017599
138.86	0.000969376
138.88	0.000920282
138.9	0.000869547
138.92	0.000816947
138.94	0.000762257
138.96	0.000706489
138.98	0.000650846
139	0.000596307
139.02	0.000543314
139.04	0.000492194
139.06	0.000443793
139.08	0.000399815
139.1	0.000360471
139.12	0.000324943
139.14	0.000292054
139.16	0.000260922
139.18	0.000231149
139.2	0.00020311
139.22	0.000177516
139.24	0.000155358
139.26	0.00013757
139.28	0.000124398
139.3	0.000116781
139.32	0.000115856
139.34	0.000121187
139.36	0.000132258
139.38	0.000147688
139.4	0.00016551
139.42	0.000183913
139.44	0.000201583
139.46	0.000218902
139.48	0.000236607
139.5	0.00025523
139.52	0.000275602
139.54	0.00029788
139.56	0.000322789
139.58	0.000350959
139.6	0.000382619
139.62	0.00041757
139.64	0.00045496
139.66	0.000493667
139.68	0.000532537
139.7	0.000570935
139.72	0.000609077
139.74	0.000647515
139.76	0.000686735
139.78	0.000726699
139.8	0.000766905
139.82	0.000807034
139.84	0.000847224
139.86	0.000887508
139.88	0.000927548
139.9	0.000966463
139.92	0.001003041
139.94	0.001036513
139.96	0.001067033
139.98	0.001095074
140	0.001120692
140.02	0.001143538
140.04	0.001162913
140.06	0.001178292
140.08	0.00118925
140.1	0.001195457
140.12	0.001196627
140.14	0.001192535
140.16	0.00118304
140.18	0.001168606
140.2	0.001150131
140.22	0.001128705
140.24	0.001105682
140.26	0.00108199
140.28	0.00105808
140.3	0.001033787
140.32	0.001008578
140.34	0.000981982
140.36	0.000953368
140.38	0.000922011
140.4	0.000887737
140.42	0.000850397
140.44	0.000810537
140.46	0.000768871
140.48	0.00072648
140.5	0.000684521
140.52	0.000643885
140.54	0.000605041
140.56	0.000568281
140.58	0.000533595
140.6	0.000500797
140.62	0.000469771
140.64	0.000440599
140.66	0.000413167
140.68	0.00038741
140.7	0.00036348
140.72	0.000341966
140.74	0.000323314
140.76	0.000307657
140.78	0.000294911
140.8	0.000284737
140.82	0.00027687
140.84	0.000271278
140.86	0.000267957
140.88	0.0002668
140.9	0.000267668
140.92	0.000270593
140.94	0.000275831
140.96	0.00028375
140.98	0.000294583
141	0.000308208
141.02	0.000324247
141.04	0.00034214
141.06	0.000361544
141.08	0.000382141
141.1	0.000403833
141.12	0.000426883
141.14	0.000451653
141.16	0.000478484
141.18	0.00050755
141.2	0.00053928
141.22	0.00057367
141.24	0.000610499
141.26	0.000649107
141.28	0.000688655
141.3	0.000727965
141.32	0.000765902
141.34	0.000801613
141.36	0.000834948
141.38	0.000865751
141.4	0.000894267
141.42	0.00092066
141.44	0.000945126
141.46	0.000967752
141.48	0.000988675
141.5	0.001007949
141.52	0.001025496
141.54	0.001040786
141.56	0.001053192
141.58	0.00106234
141.6	0.001068192
141.62	0.001070844
141.64	0.001070589
141.66	0.001067645
141.68	0.00106213
141.7	0.00105416
141.72	0.001043953
141.74	0.001031643
141.76	0.001017222
141.78	0.001000598
141.8	0.000981768
141.82	0.00096085
141.84	0.000938137
141.86	0.00091399
141.88	0.000888793
141.9	0.000862931
141.92	0.000836644
141.94	0.000810106
141.96	0.000783321
141.98	0.000756276
142	0.000728874
142.02	0.000701051
142.04	0.000672776
142.06	0.000644182
142.08	0.000615796
142.1	0.000588107
142.12	0.000561645
142.14	0.00053672
142.16	0.00051348
142.18	0.000492028
142.2	0.000472101
142.22	0.000453547
142.24	0.000436207
142.26	0.000419636
142.28	0.000403702
142.3	0.000388425
142.32	0.000374224
142.34	0.000361694
142.36	0.000351385
142.38	0.000343864
142.4	0.000339453
142.42	0.00033824
142.44	0.00034016
142.46	0.000345133
142.48	0.000352985
142.5	0.000363389
142.52	0.000375942
142.54	0.000390241
142.56	0.000406089
142.58	0.000423468
142.6	0.000442514
142.62	0.000463304
142.64	0.000485746
142.66	0.000509589
142.68	0.000534511
142.7	0.000560194
142.72	0.000586424
142.74	0.000613092
142.76	0.000640008
142.78	0.000666954
142.8	0.000693725
142.82	0.000720201
142.84	0.000746334
142.86	0.000772082
142.88	0.000797315
142.9	0.000821729
142.92	0.0008448
142.94	0.0008661
142.96	0.000885372
142.98	0.000902538
143	0.000917652
143.02	0.000930774
143.04	0.000942053
143.06	0.00095162
143.08	0.000959597
143.1	0.000966158
143.12	0.000971293
143.14	0.000974817
143.16	0.000976468
143.18	0.000975927
143.2	0.000973012
143.22	0.000967652
143.24	0.000959987
143.26	0.00095031
143.28	0.000938938
143.3	0.00092621
143.32	0.000912458
143.34	0.000897987
143.36	0.000882979
143.38	0.000867467
143.4	0.000851351
143.42	0.00083443
143.44	0.000816504
143.46	0.000797444
143.48	0.000777277
143.5	0.000756105
143.52	0.00073405
143.54	0.000711275
143.56	0.000688062
143.58	0.000664668
143.6	0.000641328
143.62	0.000618235
143.64	0.000595528
143.66	0.000573326
143.68	0.000551743
143.7	0.000531012
143.72	0.000511473
143.74	0.000493402
143.76	0.000477017
143.78	0.000462467
143.8	0.000449865
143.82	0.000439289
143.84	0.000430741
143.86	0.00042418
143.88	0.000419479
143.9	0.000416465
143.92	0.00041504
143.94	0.000415224
143.96	0.000417175
143.98	0.00042107
144	0.000427006
144.02	0.000435007
144.04	0.000444989
144.06	0.000456787
144.08	0.00047018
144.1	0.000484892
144.12	0.000500652
144.14	0.000517165
144.16	0.000534176
144.18	0.000551543
144.2	0.000569273
144.22	0.000587479
144.24	0.000606253
144.26	0.000625666
144.28	0.000645668
144.3	0.000666111
144.32	0.000686778
144.34	0.00070741
144.36	0.000727745
144.38	0.000747461
144.4	0.000766235
144.42	0.000783887
144.44	0.000800324
144.46	0.000815535
144.48	0.0008296
144.5	0.000842587
144.52	0.000854528
144.54	0.000865394
144.56	0.000875144
144.58	0.000883756
144.6	0.000891181
144.62	0.000897349
144.64	0.000902215
144.66	0.000905732
144.68	0.000907884
144.7	0.000908693
144.72	0.000908195
144.74	0.000906391
144.76	0.000903204
144.78	0.000898532
144.8	0.000892281
144.82	0.000884382
144.84	0.000874822
144.86	0.00086365
144.88	0.000850988
144.9	0.000837008
144.92	0.000821924
144.94	0.000805983
144.96	0.000789415
144.98	0.000772377
145	0.000754934
145.02	0.000737118
145.04	0.000718943
145.06	0.000700421
145.08	0.000681611
145.1	0.000662635
145.12	0.000643671
145.14	0.000624945
145.16	0.000606716
145.18	0.000589314
145.2	0.000573016
145.22	0.000557995
145.24	0.000544348
145.26	0.000532072
145.28	0.00052111
145.3	0.000511386
145.32	0.000502823
145.34	0.000495392
145.36	0.000489086
145.38	0.000483921
145.4	0.000479975
145.42	0.000477357
145.44	0.000476175
145.46	0.000476504
145.48	0.000478358
145.5	0.000481703