0	0
0.02	1.32497E-11
0.04	9.70332E-11
0.06	3.20828E-10
0.08	7.46775E-10
0.1	1.40899E-09
0.12	2.30428E-09
0.14	3.42745E-09
0.16	4.77795E-09
0.18	6.35188E-09
0.2	8.14677E-09
0.22	1.01592E-08
0.24	1.23855E-08
0.26	1.48222E-08
0.28	1.74651E-08
0.3	2.03104E-08
0.32	2.3353E-08
0.34	2.65884E-08
0.36	3.00113E-08
0.38	3.36162E-08
0.4	3.73978E-08
0.42	4.13502E-08
0.44	4.54673E-08
0.46	4.97436E-08
0.48	5.41724E-08
0.5	5.87467E-08
0.52	6.34601E-08
0.54	6.83052E-08
0.56	7.32736E-08
0.58	7.83576E-08
0.6	8.35498E-08
0.62	8.88413E-08
0.64	9.42229E-08
0.66	9.96856E-08
0.68	1.05222E-07
0.7	1.10823E-07
0.72	1.16478E-07
0.74	1.22173E-07
0.76	1.27896E-07
0.78	1.33637E-07
0.8	1.39383E-07
0.82	1.45113E-07
0.84	1.50792E-07
0.86	1.56373E-07
0.88	1.61796E-07
0.9	1.67001E-07
0.92	1.71938E-07
0.94	1.76573E-07
0.96	1.80885E-07
0.98	1.84864E-07
1	1.88521E-07
1.02	1.91886E-07
1.04	1.94991E-07
1.06	1.97859E-07
1.08	2.00506E-07
1.1	2.02948E-07
1.12	2.05205E-07
1.14	2.07295E-07
1.16	2.09231E-07
1.18	2.1102E-07
1.2	2.12676E-07
1.22	2.14213E-07
1.24	2.1564E-07
1.26	2.16968E-07
1.28	2.18204E-07
1.3	2.19355E-07
1.32	2.20431E-07
1.34	2.21439E-07
1.36	2.22385E-07
1.38	2.23273E-07
1.4	2.24111E-07
1.42	2.24905E-07
1.44	2.25661E-07
1.46	2.26383E-07
1.48	2.27076E-07
1.5	2.27744E-07
1.52	2.28394E-07
1.54	2.29026E-07
1.56	2.29644E-07
1.58	2.30251E-07
1.6	2.3085E-07
1.62	2.31445E-07
1.64	2.32041E-07
1.66	2.32641E-07
1.68	2.33247E-07
1.7	2.33868E-07
1.72	2.34515E-07
1.74	2.35211E-07
1.76	2.35978E-07
1.78	2.36836E-07
1.8	2.37795E-07
1.82	2.38857E-07
1.84	2.40006E-07
1.86	2.41214E-07
1.88	2.42442E-07
1.9	2.43644E-07
1.92	2.44774E-07
1.94	2.45788E-07
1.96	2.46651E-07
1.98	2.47337E-07
2	2.47825E-07
2.02	2.4809E-07
2.04	2.48111E-07
2.06	2.47875E-07
2.08	2.47368E-07
2.1	2.4658E-07
2.12	2.45495E-07
2.14	2.44103E-07
2.16	2.42396E-07
2.18	2.40368E-07
2.2	2.38012E-07
2.22	2.35322E-07
2.24	2.32289E-07
2.26	2.28911E-07
2.28	2.25184E-07
2.3	2.21103E-07
2.32	2.16663E-07
2.34	2.11859E-07
2.36	2.06689E-07
2.38	2.0115E-07
2.4	1.9524E-07
2.42	1.88955E-07
2.44	1.82295E-07
2.46	1.75259E-07
2.48	1.67845E-07
2.5	1.60051E-07
2.52	1.51873E-07
2.54	1.4331E-07
2.56	1.3436E-07
2.58	1.2502E-07
2.6	1.15282E-07
2.62	1.05139E-07
2.64	9.45794E-08
2.66	8.35956E-08
2.68	7.21879E-08
2.7	6.03661E-08
2.72	4.81472E-08
2.74	3.55565E-08
2.76	2.26258E-08
2.78	9.38869E-09
2.8	-4.12428E-09
2.82	-1.78901E-08
2.84	-3.18948E-08
2.86	-4.61321E-08
2.88	-6.0602E-08
2.9	-7.53087E-08
2.92	-9.02589E-08
2.94	-1.0546E-07
2.96	-1.20924E-07
2.98	-1.36663E-07
3	-1.5269E-07
3.02	-1.69019E-07
3.04	-1.85662E-07
3.06	-2.02634E-07
3.08	-2.19954E-07
3.1	-2.37635E-07
3.12	-2.55692E-07
3.14	-2.7414E-07
3.16	-2.92993E-07
3.18	-3.12268E-07
3.2	-3.3198E-07
3.22	-3.5214E-07
3.24	-3.72764E-07
3.26	-3.93865E-07
3.28	-4.15459E-07
3.3	-4.3756E-07
3.32	-4.60182E-07
3.34	-4.83339E-07
3.36	-5.07044E-07
3.38	-5.31312E-07
3.4	-5.56154E-07
3.42	-5.81581E-07
3.44	-6.07605E-07
3.46	-6.34239E-07
3.48	-6.61493E-07
3.5	-6.89373E-07
3.52	-7.17889E-07
3.54	-7.4705E-07
3.56	-7.76871E-07
3.58	-8.07372E-07
3.6	-8.38578E-07
3.62	-8.7052E-07
3.64	-9.03226E-07
3.66	-9.36726E-07
3.68	-9.71044E-07
3.7	-1.0062E-06
3.72	-1.0422E-06
3.74	-1.07904E-06
3.76	-1.11672E-06
3.78	-1.15524E-06
3.8	-1.19458E-06
3.82	-1.23474E-06
3.84	-1.2757E-06
3.86	-1.31746E-06
3.88	-1.36001E-06
3.9	-1.40334E-06
3.92	-1.44745E-06
3.94	-1.49232E-06
3.96	-1.53797E-06
3.98	-1.58437E-06
4	-1.63153E-06
4.02	-1.67945E-06
4.04	-1.72813E-06
4.06	-1.77757E-06
4.08	-1.82776E-06
4.1	-1.87872E-06
4.12	-1.93045E-06
4.14	-1.98294E-06
4.16	-2.03621E-06
4.18	-2.09026E-06
4.2	-2.14508E-06
4.22	-2.2007E-06
4.24	-2.25711E-06
4.26	-2.31432E-06
4.28	-2.37234E-06
4.3	-2.43117E-06
4.32	-2.49083E-06
4.34	-2.55132E-06
4.36	-2.61266E-06
4.38	-2.67485E-06
4.4	-2.7379E-06
4.42	-2.80183E-06
4.44	-2.86664E-06
4.46	-2.93233E-06
4.48	-2.9989E-06
4.5	-3.06636E-06
4.52	-3.1347E-06
4.54	-3.20392E-06
4.56	-3.27404E-06
4.58	-3.34507E-06
4.6	-3.41701E-06
4.62	-3.48991E-06
4.64	-3.56378E-06
4.66	-3.63866E-06
4.68	-3.71458E-06
4.7	-3.79155E-06
4.72	-3.86961E-06
4.74	-3.94878E-06
4.76	-4.02907E-06
4.78	-4.11051E-06
4.8	-4.1931E-06
4.82	-4.27687E-06
4.84	-4.36183E-06
4.86	-4.44798E-06
4.88	-4.53534E-06
4.9	-4.6239E-06
4.92	-4.71369E-06
4.94	-4.8047E-06
4.96	-4.89694E-06
4.98	-4.99041E-06
5	-5.08511E-06
5.02	-5.18106E-06
5.04	-5.27824E-06
5.06	-5.37666E-06
5.08	-5.47633E-06
5.1	-5.57725E-06
5.12	-5.67942E-06
5.14	-5.78283E-06
5.16	-5.88749E-06
5.18	-5.99341E-06
5.2	-6.10057E-06
5.22	-6.20898E-06
5.24	-6.31864E-06
5.26	-6.42956E-06
5.28	-6.54172E-06
5.3	-6.65514E-06
5.32	-6.7698E-06
5.34	-6.88573E-06
5.36	-7.00292E-06
5.38	-7.12139E-06
5.4	-7.24113E-06
5.42	-7.36215E-06
5.44	-7.48445E-06
5.46	-7.60802E-06
5.48	-7.73286E-06
5.5	-7.85895E-06
5.52	-7.98629E-06
5.54	-8.11485E-06
5.56	-8.24464E-06
5.58	-8.37563E-06
5.6	-8.50784E-06
5.62	-8.64126E-06
5.64	-8.77588E-06
5.66	-8.91173E-06
5.68	-9.04879E-06
5.7	-9.18708E-06
5.72	-9.3266E-06
5.74	-9.46737E-06
5.76	-9.6094E-06
5.78	-9.75269E-06
5.8	-9.89726E-06
5.82	-1.00431E-05
5.84	-1.01903E-05
5.86	-1.03387E-05
5.88	-1.04885E-05
5.9	-1.06396E-05
5.92	-1.07921E-05
5.94	-1.09458E-05
5.96	-1.1101E-05
5.98	-1.12574E-05
6	-1.14153E-05
6.02	-1.15745E-05
6.04	-1.17351E-05
6.06	-1.1897E-05
6.08	-1.20604E-05
6.1	-1.22251E-05
6.12	-1.23912E-05
6.14	-1.25587E-05
6.16	-1.27276E-05
6.18	-1.28979E-05
6.2	-1.30695E-05
6.22	-1.32426E-05
6.24	-1.3417E-05
6.26	-1.35928E-05
6.28	-1.37699E-05
6.3	-1.39485E-05
6.32	-1.41284E-05
6.34	-1.43096E-05
6.36	-1.44922E-05
6.38	-1.46762E-05
6.4	-1.48616E-05
6.42	-1.50484E-05
6.44	-1.52365E-05
6.46	-1.5426E-05
6.48	-1.56168E-05
6.5	-1.5809E-05
6.52	-1.60025E-05
6.54	-1.61974E-05
6.56	-1.63935E-05
6.58	-1.65909E-05
6.6	-1.67896E-05
6.62	-1.69895E-05
6.64	-1.71907E-05
6.66	-1.7393E-05
6.68	-1.75966E-05
6.7	-1.78013E-05
6.72	-1.80072E-05
6.74	-1.82141E-05
6.76	-1.84222E-05
6.78	-1.86315E-05
6.8	-1.88417E-05
6.82	-1.90531E-05
6.84	-1.92655E-05
6.86	-1.9479E-05
6.88	-1.96935E-05
6.9	-1.9909E-05
6.92	-2.01255E-05
6.94	-2.0343E-05
6.96	-2.05615E-05
6.98	-2.07809E-05
7	-2.10013E-05
7.02	-2.12226E-05
7.04	-2.14448E-05
7.06	-2.16679E-05
7.08	-2.18919E-05
7.1	-2.21168E-05
7.12	-2.23425E-05
7.14	-2.25691E-05
7.16	-2.27966E-05
7.18	-2.30248E-05
7.2	-2.32538E-05
7.22	-2.34836E-05
7.24	-2.37142E-05
7.26	-2.39455E-05
7.28	-2.41775E-05
7.3	-2.44101E-05
7.32	-2.46435E-05
7.34	-2.48774E-05
7.36	-2.5112E-05
7.38	-2.53472E-05
7.4	-2.5583E-05
7.42	-2.58194E-05
7.44	-2.60563E-05
7.46	-2.62938E-05
7.48	-2.65318E-05
7.5	-2.67703E-05
7.52	-2.70093E-05
7.54	-2.72487E-05
7.56	-2.74885E-05
7.58	-2.77288E-05
7.6	-2.79694E-05
7.62	-2.82103E-05
7.64	-2.84515E-05
7.66	-2.8693E-05
7.68	-2.89348E-05
7.7	-2.91767E-05
7.72	-2.94188E-05
7.74	-2.96609E-05
7.76	-2.99032E-05
7.78	-3.01455E-05
7.8	-3.03877E-05
7.82	-3.06299E-05
7.84	-3.0872E-05
7.86	-3.1114E-05
7.88	-3.13557E-05
7.9	-3.15973E-05
7.92	-3.18385E-05
7.94	-3.20794E-05
7.96	-3.232E-05
7.98	-3.25601E-05
8	-3.27997E-05
8.02	-3.30388E-05
8.04	-3.32773E-05
8.06	-3.35152E-05
8.08	-3.37525E-05
8.1	-3.3989E-05
8.12	-3.42247E-05
8.14	-3.44596E-05
8.16	-3.46937E-05
8.18	-3.49268E-05
8.2	-3.5159E-05
8.22	-3.53901E-05
8.24	-3.56202E-05
8.26	-3.5849E-05
8.28	-3.60767E-05
8.3	-3.63031E-05
8.32	-3.65282E-05
8.34	-3.67518E-05
8.36	-3.6974E-05
8.38	-3.71947E-05
8.4	-3.74139E-05
8.42	-3.76313E-05
8.44	-3.78471E-05
8.46	-3.80612E-05
8.48	-3.82734E-05
8.5	-3.84837E-05
8.52	-3.86922E-05
8.54	-3.88986E-05
8.56	-3.9103E-05
8.58	-3.93053E-05
8.6	-3.95054E-05
8.62	-3.97033E-05
8.64	-3.98988E-05
8.66	-4.0092E-05
8.68	-4.02828E-05
8.7	-4.0471E-05
8.72	-4.06567E-05
8.74	-4.08397E-05
8.76	-4.102E-05
8.78	-4.11976E-05
8.8	-4.13722E-05
8.82	-4.15439E-05
8.84	-4.17125E-05
8.86	-4.18781E-05
8.88	-4.20405E-05
8.9	-4.21995E-05
8.92	-4.23553E-05
8.94	-4.25076E-05
8.96	-4.26564E-05
8.98	-4.28015E-05
9	-4.29429E-05
9.02	-4.30806E-05
9.04	-4.32143E-05
9.06	-4.33441E-05
9.08	-4.34698E-05
9.1	-4.35913E-05
9.12	-4.37086E-05
9.14	-4.38215E-05
9.16	-4.393E-05
9.18	-4.40339E-05
9.2	-4.41332E-05
9.22	-4.42278E-05
9.24	-4.43175E-05
9.26	-4.44022E-05
9.28	-4.4482E-05
9.3	-4.45565E-05
9.32	-4.46258E-05
9.34	-4.46897E-05
9.36	-4.47481E-05
9.38	-4.48009E-05
9.4	-4.4848E-05
9.42	-4.48893E-05
9.44	-4.49246E-05
9.46	-4.49538E-05
9.48	-4.49769E-05
9.5	-4.49937E-05
9.52	-4.50041E-05
9.54	-4.50079E-05
9.56	-4.50052E-05
9.58	-4.49956E-05
9.6	-4.49792E-05
9.62	-4.49558E-05
9.64	-4.49253E-05
9.66	-4.48875E-05
9.68	-4.48424E-05
9.7	-4.47899E-05
9.72	-4.47297E-05
9.74	-4.46619E-05
9.76	-4.45861E-05
9.78	-4.45025E-05
9.8	-4.44107E-05
9.82	-4.43107E-05
9.84	-4.42024E-05
9.86	-4.40857E-05
9.88	-4.39603E-05
9.9	-4.38262E-05
9.92	-4.36833E-05
9.94	-4.35313E-05
9.96	-4.33703E-05
9.98	-4.32E-05
10	-4.30203E-05
10.02	-4.2831E-05
10.04	-4.26321E-05
10.06	-4.24234E-05
10.08	-4.22047E-05
10.1	-4.19759E-05
10.12	-4.17369E-05
10.14	-4.14875E-05
10.16	-4.12276E-05
10.18	-4.0957E-05
10.2	-4.06756E-05
10.22	-4.03833E-05
10.24	-4.00799E-05
10.26	-3.97652E-05
10.28	-3.94392E-05
10.3	-3.91015E-05
10.32	-3.87522E-05
10.34	-3.83911E-05
10.36	-3.80179E-05
10.38	-3.76326E-05
10.4	-3.7235E-05
10.42	-3.68249E-05
10.44	-3.64021E-05
10.46	-3.59665E-05
10.48	-3.5518E-05
10.5	-3.50563E-05
10.52	-3.45813E-05
10.54	-3.40929E-05
10.56	-3.35909E-05
10.58	-3.3075E-05
10.6	-3.25452E-05
10.62	-3.20012E-05
10.64	-3.1443E-05
10.66	-3.08703E-05
10.68	-3.02829E-05
10.7	-2.96807E-05
10.72	-2.90636E-05
10.74	-2.84313E-05
10.76	-2.77836E-05
10.78	-2.71205E-05
10.8	-2.64417E-05
10.82	-2.57471E-05
10.84	-2.50364E-05
10.86	-2.43096E-05
10.88	-2.35665E-05
10.9	-2.28067E-05
10.92	-2.20304E-05
10.94	-2.12371E-05
10.96	-2.04268E-05
10.98	-1.95992E-05
11	-1.87543E-05
11.02	-1.78918E-05
11.04	-1.70115E-05
11.06	-1.61133E-05
11.08	-1.5197E-05
11.1	-1.42624E-05
11.12	-1.33093E-05
11.14	-1.23376E-05
11.16	-1.13471E-05
11.18	-1.03375E-05
11.2	-9.30886E-06
11.22	-8.26083E-06
11.24	-7.19328E-06
11.26	-6.10604E-06
11.28	-4.99893E-06
11.3	-3.87177E-06
11.32	-2.7244E-06
11.34	-1.55663E-06
11.36	-3.68293E-07
11.38	8.40787E-07
11.4	2.07079E-06
11.42	3.32188E-06
11.44	4.59425E-06
11.46	5.88807E-06
11.48	7.20351E-06
11.5	8.54075E-06
11.52	9.89997E-06
11.54	1.12813E-05
11.56	1.2685E-05
11.58	1.41113E-05
11.6	1.55602E-05
11.62	1.70319E-05
11.64	1.85267E-05
11.66	2.00447E-05
11.68	2.15861E-05
11.7	2.3151E-05
11.72	2.47397E-05
11.74	2.63523E-05
11.76	2.79889E-05
11.78	2.96498E-05
11.8	3.13352E-05
11.82	3.30451E-05
11.84	3.47799E-05
11.86	3.65395E-05
11.88	3.83242E-05
11.9	4.01342E-05
11.92	4.19697E-05
11.94	4.38307E-05
11.96	4.57175E-05
11.98	4.76302E-05
12	4.9569E-05
12.02	5.1534E-05
12.04	5.35254E-05
12.06	5.55433E-05
12.08	5.7588E-05
12.1	5.96595E-05
12.12	6.1758E-05
12.14	6.38838E-05
12.16	6.60368E-05
12.18	6.82173E-05
12.2	7.04254E-05
12.22	7.26612E-05
12.24	7.4925E-05
12.26	7.72167E-05
12.28	7.95367E-05
12.3	8.18849E-05
12.32	8.42616E-05
12.34	8.66669E-05
12.36	8.91008E-05
12.38	9.15635E-05
12.4	9.40552E-05
12.42	9.65759E-05
12.44	9.91258E-05
12.46	0.000101705
12.48	0.000104314
12.5	0.000106952
12.52	0.000109619
12.54	0.000112317
12.56	0.000115044
12.58	0.000117801
12.6	0.000120588
12.62	0.000123405
12.64	0.000126252
12.66	0.00012913
12.68	0.000132038
12.7	0.000134976
12.72	0.000137945
12.74	0.000140944
12.76	0.000143974
12.78	0.000147035
12.8	0.000150127
12.82	0.000153249
12.84	0.000156402
12.86	0.000159586
12.88	0.000162801
12.9	0.000166047
12.92	0.000169325
12.94	0.000172633
12.96	0.000175972
12.98	0.000179343
13	0.000182744
13.02	0.000186177
13.04	0.000189641
13.06	0.000193136
13.08	0.000196662
13.1	0.00020022
13.12	0.000203809
13.14	0.000207429
13.16	0.00021108
13.18	0.000214762
13.2	0.000218475
13.22	0.000222219
13.24	0.000225995
13.26	0.000229801
13.28	0.000233638
13.3	0.000237507
13.32	0.000241406
13.34	0.000245335
13.36	0.000249296
13.38	0.000253287
13.4	0.000257308
13.42	0.00026136
13.44	0.000265443
13.46	0.000269555
13.48	0.000273698
13.5	0.00027787
13.52	0.000282073
13.54	0.000286305
13.56	0.000290567
13.58	0.000294858
13.6	0.000299178
13.62	0.000303528
13.64	0.000307906
13.66	0.000312314
13.68	0.000316749
13.7	0.000321213
13.72	0.000325706
13.74	0.000330226
13.76	0.000334774
13.78	0.000339349
13.8	0.000343952
13.82	0.000348581
13.84	0.000353238
13.86	0.000357921
13.88	0.00036263
13.9	0.000367365
13.92	0.000372125
13.94	0.000376911
13.96	0.000381722
13.98	0.000386558
14	0.000391418
14.02	0.000396302
14.04	0.00040121
14.06	0.000406141
14.08	0.000411095
14.1	0.000416072
14.12	0.000421071
14.14	0.000426091
14.16	0.000431133
14.18	0.000436196
14.2	0.000441279
14.22	0.000446383
14.24	0.000451506
14.26	0.000456648
14.28	0.000461809
14.3	0.000466988
14.32	0.000472185
14.34	0.000477399
14.36	0.00048263
14.38	0.000487877
14.4	0.000493139
14.42	0.000498416
14.44	0.000503708
14.46	0.000509014
14.48	0.000514333
14.5	0.000519664
14.52	0.000525008
14.54	0.000530363
14.56	0.000535729
14.58	0.000541105
14.6	0.00054649
14.62	0.000551884
14.64	0.000557286
14.66	0.000562696
14.68	0.000568111
14.7	0.000573533
14.72	0.00057896
14.74	0.000584391
14.76	0.000589826
14.78	0.000595263
14.8	0.000600702
14.82	0.000606143
14.84	0.000611583
14.86	0.000617023
14.88	0.000622461
14.9	0.000627897
14.92	0.000633329
14.94	0.000638758
14.96	0.00064418
14.98	0.000649597
15	0.000655658
15.02	0.000663408
15.04	0.000669538
15.06	0.000676571
15.08	0.000680189
15.1	0.000684966
15.12	0.00068729
15.14	0.000690785
15.16	0.000689909
15.18	0.000687652
15.2	0.000666147
15.22	0.000593663
15.24	0.000424926
15.26	0.000236776
15.28	9.52344E-05
15.3	0.000104038
15.32	0.000300307
15.34	0.000599354
15.36	0.00086117
15.38	0.000957218
15.4	0.000922356
15.42	0.000866946
15.44	0.000964392
15.46	0.00117057
15.48	0.001339167
15.5	0.001324976
15.52	0.001021635
15.54	0.000449094
15.56	-0.000229456
15.58	-0.000954966
15.6	-0.001604241
15.62	-0.002107321
15.64	-0.002378367
15.66	-0.002319198
15.68	-0.002005443
15.7	-0.001603169
15.72	-0.001283019
15.74	-0.000954379
15.76	-0.000449798
15.78	0.000317465
15.8	0.001295891
15.82	0.002350973
15.84	0.003360434
15.86	0.004246313
15.88	0.004953132
15.9	0.005431981
15.92	0.005677939
15.94	0.005789875
15.96	0.005820239
15.98	0.005921426
16	0.006015727
16.02	0.005921484
16.04	0.005493595
16.06	0.00469904
16.08	0.003617955
16.1	0.002399053
16.12	0.001084501
16.14	-0.000325909
16.16	-0.001839835
16.18	-0.00338055
16.2	-0.00488984
16.22	-0.006316641
16.24	-0.007694229
16.26	-0.009086114
16.28	-0.010594481
16.3	-0.012182704
16.32	-0.013852087
16.34	-0.015455821
16.36	-0.016920719
16.38	-0.018111721
16.4	-0.018878553
16.42	-0.019168795
16.44	-0.019068293
16.46	-0.01871155
16.48	-0.018449246
16.5	-0.018330063
16.52	-0.018183943
16.54	-0.017827519
16.56	-0.01712747
16.58	-0.016167103
16.6	-0.015244332
16.62	-0.014656312
16.64	-0.014639889
16.66	-0.015230128
16.68	-0.016215953
16.7	-0.017226513
16.72	-0.018078721
16.74	-0.018708526
16.76	-0.019151756
16.78	-0.019504223
16.8	-0.019936869
16.82	-0.020533268
16.84	-0.021103956
16.86	-0.021192196
16.88	-0.020390034
16.9	-0.018655978
16.92	-0.016268134
16.94	-0.013623825
16.96	-0.010883653
16.98	-0.007954811
17	-0.004804225
17.02	-0.001354426
17.04	0.002472712
17.06	0.006709704
17.08	0.011273141
17.1	0.015920676
17.12	0.020340284
17.14	0.024118305
17.16	0.02687502
17.18	0.028572741
17.2	0.029202503
17.22	0.028713989
17.24	0.027128295
17.26	0.024742575
17.28	0.021219686
17.3	0.016487587
17.32	0.01069465
17.34	0.004021037
17.36	-0.003148639
17.38	-0.010227445
17.4	-0.016405889
17.42	-0.020873069
17.44	-0.023542046
17.46	-0.024340131
17.48	-0.023520009
17.5	-0.021791386
17.52	-0.020311207
17.54	-0.019571849
17.56	-0.019817101
17.58	-0.021103477
17.6	-0.0232156
17.62	-0.025485407
17.64	-0.027392259
17.66	-0.027969158
17.68	-0.026981494
17.7	-0.02446273
17.72	-0.020654461
17.74	-0.016461189
17.76	-0.012017624
17.78	-0.00719796
17.8	-0.001495449
17.82	0.005148611
17.84	0.01272023
17.86	0.02096255
17.88	0.029433978
17.9	0.037490603
17.92	0.044409257
17.94	0.050009558
17.96	0.054752732
17.98	0.058799434
18	0.062313279
18.02	0.06540401
18.04	0.06834617
18.06	0.071154816
18.08	0.074005762
18.1	0.076843392
18.12	0.079632278
18.14	0.082264483
18.16	0.08453618
18.18	0.085842755
18.2	0.085813146
18.22	0.084270681
18.24	0.081561395
18.26	0.078498444
18.28	0.07543164
18.3	0.072406989
18.32	0.069517583
18.34	0.066576178
18.36	0.063481942
18.38	0.059915983
18.4	0.055772529
18.42	0.051147707
18.44	0.046228885
18.46	0.041091789
18.48	0.035935231
18.5	0.030685747
18.52	0.025336505
18.54	0.019737122
18.56	0.014385718
18.58	0.009675969
18.6	0.005634008
18.62	0.002178473
18.64	-0.00050902
18.66	-0.002206671
18.68	-0.002491009
18.7	-0.001445161
18.72	0.000208098
18.74	0.002232756
18.76	0.004382812
18.78	0.006635662
18.8	0.008974634
18.82	0.011287347
18.84	0.013625763
18.86	0.015977647
18.88	0.01822365
18.9	0.020314462
18.92	0.022266522
18.94	0.024015816
18.96	0.02528488
18.98	0.026038479
19	0.026386072
19.02	0.026381076
19.04	0.02605513
19.06	0.02552318
19.08	0.024458914
19.1	0.022873864
19.12	0.02071384
19.14	0.0179737
19.16	0.014549404
19.18	0.010278851
19.2	0.005202721
19.22	-0.000177166
19.24	-0.005726244
19.26	-0.011063059
19.28	-0.015955346
19.3	-0.020428577
19.32	-0.024866693
19.34	-0.02904493
19.36	-0.033000844
19.38	-0.036796678
19.4	-0.040765686
19.42	-0.044867763
19.44	-0.049291394
19.46	-0.053971319
19.48	-0.059030162
19.5	-0.064326458
19.52	-0.069918921
19.54	-0.075443121
19.56	-0.080487697
19.58	-0.084207768
19.6	-0.086456851
19.62	-0.087254775
19.64	-0.086505135
19.66	-0.084044043
19.68	-0.080389647
19.7	-0.076070227
19.72	-0.071227891
19.74	-0.066003209
19.76	-0.060583154
19.78	-0.055331037
19.8	-0.050533602
19.82	-0.04658311
19.84	-0.043777642
19.86	-0.042254382
19.88	-0.041776299
19.9	-0.041778823
19.92	-0.041380668
19.94	-0.040315295
19.96	-0.038917854
19.98	-0.037940339
20	-0.037595851
20.02	-0.037907959
20.04	-0.038965514
20.06	-0.040784102
20.08	-0.042269649
20.1	-0.042873725
20.12	-0.042563181
20.14	-0.041401886
20.16	-0.039937163
20.18	-0.038364682
20.2	-0.036303013
20.22	-0.033791366
20.24	-0.030649045
20.26	-0.026819546
20.28	-0.022203233
20.3	-0.016953263
20.32	-0.011526334
20.34	-0.006393409
20.36	-0.00114651
20.38	0.004197386
20.4	0.009562485
20.42	0.014982571
20.44	0.020444008
20.46	0.025898804
20.48	0.031252254
20.5	0.036470839
20.52	0.041707072
20.54	0.046826748
20.56	0.051744481
20.58	0.056063486
20.6	0.059424047
20.62	0.061655107
20.64	0.06264672
20.66	0.062229708
20.68	0.060350963
20.7	0.057617203
20.72	0.055020683
20.74	0.052595235
20.76	0.050223688
20.78	0.047709058
20.8	0.044899903
20.82	0.041686486
20.84	0.038001065
20.86	0.033938117
20.88	0.029674748
20.9	0.025448233
20.92	0.021289583
20.94	0.017171373
20.96	0.013000632
20.98	0.008859557
21	0.004920941
21.02	0.001346049
21.04	-0.001752197
21.06	-0.0042859
21.08	-0.006347544
21.1	-0.007858197
21.12	-0.008751225
21.14	-0.009038724
21.16	-0.008961361
21.18	-0.008619306
21.2	-0.008069873
21.22	-0.007350175
21.24	-0.006428686
21.26	-0.00520576
21.28	-0.003636186
21.3	-0.001826895
21.32	0.00023268
21.34	0.002621809
21.36	0.005184975
21.38	0.007736927
21.4	0.010053167
21.42	0.011843351
21.44	0.012868992
21.46	0.013100616
21.48	0.012750438
21.5	0.012121723
21.52	0.011472414
21.54	0.010666061
21.56	0.009621646
21.58	0.00831266
21.6	0.006842508
21.62	0.005477395
21.64	0.004417617
21.66	0.003783341
21.68	0.003741195
21.7	0.004281553
21.72	0.005185898
21.74	0.006048187
21.76	0.006735668
21.78	0.007269943
21.8	0.00778474
21.82	0.008483968
21.84	0.009453705
21.86	0.010687475
21.88	0.012030003
21.9	0.013276623
21.92	0.014292318
21.94	0.015051494
21.96	0.015541166
21.98	0.01584529
22	0.015957442
22.02	0.015833294
22.04	0.015394359
22.06	0.014543133
22.08	0.013265073
22.1	0.011798873
22.12	0.010485952
22.14	0.009629122
22.16	0.009421452
22.18	0.009823645
22.2	0.010586855
22.22	0.01147441
22.24	0.012434244
22.26	0.013439603
22.28	0.014459113
22.3	0.015407176
22.32	0.016143932
22.34	0.016500739
22.36	0.016321209
22.38	0.015539946
22.4	0.01419077
22.42	0.012489114
22.44	0.010603721
22.46	0.008687678
22.48	0.006850603
22.5	0.005058282
22.52	0.003265888
22.54	0.001429259
22.56	-0.000429783
22.58	-0.002238138
22.6	-0.0038163
22.62	-0.005132708
22.64	-0.00623812
22.66	-0.007306245
22.68	-0.00847252
22.7	-0.009840851
22.72	-0.011401728
22.74	-0.013062813
22.76	-0.01464896
22.78	-0.016143714
22.8	-0.017440802
22.82	-0.018445148
22.84	-0.01934951
22.86	-0.020481543
22.88	-0.021940265
22.9	-0.023856776
22.92	-0.026177407
22.94	-0.029019831
22.96	-0.032470696
22.98	-0.036557265
23	-0.040901847
23.02	-0.045250885
23.04	-0.049320783
23.06	-0.052918304
23.08	-0.055773037
23.1	-0.057639545
23.12	-0.058225767
23.14	-0.057560636
23.16	-0.055736919
23.18	-0.053648828
23.2	-0.051544553
23.22	-0.049406217
23.24	-0.047047842
23.26	-0.044487562
23.28	-0.041648024
23.3	-0.038657078
23.32	-0.035488921
23.34	-0.032190358
23.36	-0.028702283
23.38	-0.024995677
23.4	-0.020999053
23.42	-0.016641259
23.44	-0.011879432
23.46	-0.006872462
23.48	-0.001879471
23.5	0.002743604
23.52	0.006884325
23.54	0.010358512
23.56	0.013132134
23.58	0.014967937
23.6	0.015897752
23.62	0.016026677
23.64	0.015691432
23.66	0.015240568
23.68	0.014886578
23.7	0.014569979
23.72	0.014293253
23.74	0.01414292
23.76	0.014313888
23.78	0.014724058
23.8	0.015203911
23.82	0.015397683
23.84	0.015328197
23.86	0.01510915
23.88	0.014961246
23.9	0.014945609
23.92	0.015056074
23.94	0.015118012
23.96	0.015093543
23.98	0.014922277
24	0.014776645
24.02	0.014680193
24.04	0.014679147
24.06	0.014695348
24.08	0.014625465
24.1	0.014331908
24.12	0.013788769
24.14	0.01291634
24.16	0.011801964
24.18	0.010716397
24.2	0.010375238
24.22	0.010848561
24.24	0.012288286
24.26	0.014336469
24.28	0.016450621
24.3	0.018522962
24.32	0.020526455
24.34	0.022431878
24.36	0.024299984
24.38	0.025904469
24.4	0.027090283
24.42	0.027453862
24.44	0.02675594
24.46	0.024951576
24.48	0.022446962
24.5	0.019883924
24.52	0.017601234
24.54	0.015918241
24.56	0.015075806
24.58	0.01499117
24.6	0.01561589
24.62	0.016700715
24.64	0.017716686
24.66	0.01841496
24.68	0.018663864
24.7	0.018271846
24.72	0.017095314
24.74	0.015223457
24.76	0.013071631
24.78	0.01095215
24.8	0.0089516
24.82	0.007195102
24.84	0.005945928
24.86	0.005293246
24.88	0.004923482
24.9	0.004901338
24.92	0.00520776
24.94	0.005664353
24.96	0.006230347
24.98	0.006768329
25	0.007060462
25.02	0.006957267
25.04	0.006277798
25.06	0.00492308
25.08	0.002897472
25.1	0.000469618
25.12	-0.002167521
25.14	-0.004918102
25.16	-0.007697159
25.18	-0.009960563
25.2	-0.011385783
25.22	-0.012003256
25.24	-0.012129369
25.26	-0.012125302
25.28	-0.012499134
25.3	-0.013209732
25.32	-0.014132392
25.34	-0.015043671
25.36	-0.015964724
25.38	-0.016823937
25.4	-0.017658191
25.42	-0.01852464
25.44	-0.019409028
25.46	-0.020306788
25.48	-0.021396728
25.5	-0.022744762
25.52	-0.024449072
25.54	-0.026421697
25.56	-0.028594614
25.58	-0.030827425
25.6	-0.032978754
25.62	-0.034833049
25.64	-0.03613265
25.66	-0.036635571
25.68	-0.03639025
25.7	-0.035496818
25.72	-0.034391147
25.74	-0.033330635
25.76	-0.032282989
25.78	-0.031124674
25.8	-0.029710201
25.82	-0.027902245
25.84	-0.025742154
25.86	-0.023220036
25.88	-0.020442432
25.9	-0.017444171
25.92	-0.014302227
25.94	-0.010974953
25.96	-0.007452979
25.98	-0.003755035
26	7.0791E-05
26.02	0.003975441
26.04	0.007862063
26.06	0.011707777
26.08	0.015381477
26.1	0.018838385
26.12	0.021949183
26.14	0.024525245
26.16	0.026255413
26.18	0.027003289
26.2	0.026614733
26.22	0.025282522
26.24	0.023503105
26.26	0.021876287
26.28	0.020590052
26.3	0.019667445
26.32	0.01888719
26.34	0.018070757
26.36	0.016910956
26.38	0.01525161
26.4	0.013042239
26.42	0.01058319
26.44	0.00807216
26.46	0.005777123
26.48	0.00382828
26.5	0.002348097
26.52	0.001388413
26.54	0.00087588
26.56	0.00072236
26.58	0.000900274
26.6	0.001439775
26.62	0.002269936
26.64	0.00345709
26.66	0.005071677
26.68	0.007098197
26.7	0.009478011
26.72	0.012039078
26.74	0.014600672
26.76	0.017015553
26.78	0.019179404
26.8	0.020991798
26.82	0.022390464
26.84	0.023205548
26.86	0.023306788
26.88	0.022638684
26.9	0.021207723
26.92	0.019288216
26.94	0.01692436
26.96	0.014037367
26.98	0.010598775
27	0.006560949
27.02	0.001872516
27.04	-0.003482278
27.06	-0.009417846
27.08	-0.015661749
27.1	-0.021813782
27.12	-0.027449864
27.14	-0.032152763
27.16	-0.035725378
27.18	-0.038078222
27.2	-0.039174417
27.22	-0.039008123
27.24	-0.03790085
27.26	-0.036405914
27.28	-0.034614062
27.3	-0.032580073
27.32	-0.030218039
27.34	-0.027359695
27.36	-0.023954346
27.38	-0.019975302
27.4	-0.01551533
27.42	-0.010640135
27.44	-0.005491693
27.46	-0.00024009
27.48	0.004852688
27.5	0.009659396
27.52	0.014156699
27.54	0.018262156
27.56	0.0219374
27.58	0.025202978
27.6	0.027994749
27.62	0.030295272
27.64	0.032010742
27.66	0.033130308
27.68	0.033648231
27.7	0.033499621
27.72	0.032777288
27.74	0.031799269
27.76	0.030643166
27.78	0.029284634
27.8	0.027802617
27.82	0.026189241
27.84	0.024430192
27.86	0.022556584
27.88	0.020602823
27.9	0.018604592
27.92	0.016660137
27.94	0.014900422
27.96	0.013502275
27.98	0.012577377
28	0.012151399
28.02	0.012125209
28.04	0.012360172
28.06	0.012539864
28.08	0.012479599
28.1	0.012183807
28.12	0.011673696
28.14	0.01099859
28.16	0.0101751
28.18	0.009349369
28.2	0.008531794
28.22	0.007668087
28.24	0.006913456
28.26	0.006286895
28.28	0.005725368
28.3	0.004883069
28.32	0.003619829
28.34	0.001910056
28.36	-0.000193557
28.38	-0.002457203
28.4	-0.004645418
28.42	-0.006399406
28.44	-0.007484973
28.46	-0.007830381
28.48	-0.007568762
28.5	-0.007092397
28.52	-0.006883613
28.54	-0.007093738
28.56	-0.007495942
28.58	-0.007846996
28.6	-0.008123555
28.62	-0.00836063
28.64	-0.008715326
28.66	-0.009269552
28.68	-0.00977619
28.7	-0.010052751
28.72	-0.010031504
28.74	-0.009658719
28.76	-0.009050304
28.78	-0.008379551
28.8	-0.007641264
28.82	-0.006955163
28.84	-0.006358989
28.86	-0.005824962
28.88	-0.005286014
28.9	-0.004519105
28.92	-0.003511127
28.94	-0.002394128
28.96	-0.001353045
28.98	-0.000474922
29	7.30242E-05
29.02	0.000191531
29.04	0.000193141
29.06	0.000383143
29.08	0.000946578
29.1	0.001971554
29.12	0.003190628
29.14	0.004482033
29.16	0.005651832
29.18	0.006351354
29.2	0.006474173
29.22	0.006002823
29.24	0.004988355
29.26	0.003756352
29.28	0.002527129
29.3	0.001357317
29.32	0.000411307
29.34	-0.000273754
29.36	-0.000885732
29.38	-0.001665952
29.4	-0.00280465
29.42	-0.004468629
29.44	-0.006785879
29.46	-0.009741945
29.48	-0.013129723
29.5	-0.016583694
29.52	-0.019816515
29.54	-0.022694302
29.56	-0.025261642
29.58	-0.027363067
29.6	-0.028775642
29.62	-0.029607961
29.64	-0.029917262
29.66	-0.029689743
29.68	-0.028962533
29.7	-0.027600381
29.72	-0.025812962
29.74	-0.023769813
29.76	-0.021600126
29.78	-0.019452259
29.8	-0.017412569
29.82	-0.015442704
29.84	-0.01347051
29.86	-0.011387301
29.88	-0.009208948
29.9	-0.006960025
29.92	-0.004804081
29.94	-0.002909699
29.96	-0.00141004
29.98	-0.000383358
30	0.000159399
30.02	0.000302039
30.04	0.000287293
30.06	0.00021493
30.08	3.35884E-05
30.1	-0.000426361
30.12	-0.001316137
30.14	-0.002553762
30.16	-0.003877502
30.18	-0.005063005
30.2	-0.005942298
30.22	-0.006493417
30.24	-0.006822213
30.26	-0.007149936
30.28	-0.007656971
30.3	-0.008278934
30.32	-0.008729028
30.34	-0.008806012
30.36	-0.008305965
30.38	-0.007202473
30.4	-0.005704163
30.42	-0.003905448
30.44	-0.001873063
30.46	0.000285504
30.48	0.002523074
30.5	0.004827413
30.52	0.007310836
30.54	0.009866042
30.56	0.012283033
30.58	0.014333028
30.6	0.015810884
30.62	0.01660025
30.64	0.016606704
30.66	0.015704541
30.68	0.014096821
30.7	0.011812842
30.72	0.008825997
30.74	0.005284666
30.76	0.001362035
30.78	-0.002748131
30.8	-0.006924047
30.82	-0.011122525
30.84	-0.015219739
30.86	-0.019098466
30.88	-0.022720843
30.9	-0.026038497
30.92	-0.02896113
30.94	-0.031346044
30.96	-0.033086809
30.98	-0.034194538
31	-0.034670002
31.02	-0.03442587
31.04	-0.033353635
31.06	-0.031602497
31.08	-0.029242568
31.1	-0.026276075
31.12	-0.022807464
31.14	-0.018905981
31.16	-0.014639655
31.18	-0.010072233
31.2	-0.005266674
31.22	-0.000339171
31.24	0.00455895
31.26	0.009300465
31.28	0.013726371
31.3	0.017670916
31.32	0.02098183
31.34	0.023546582
31.36	0.025439808
31.38	0.026783889
31.4	0.027765647
31.42	0.028465461
31.44	0.028911464
31.46	0.029116416
31.48	0.028954458
31.5	0.028286037
31.52	0.027016472
31.54	0.025270948
31.56	0.023102569
31.58	0.02054202
31.6	0.01769644
31.62	0.014659356
31.64	0.011491522
31.66	0.00826943
31.68	0.00510722
31.7	0.002115545
31.72	-0.000557524
31.74	-0.002733015
31.76	-0.004337271
31.78	-0.005406387
31.8	-0.006045222
31.82	-0.006245675
31.84	-0.006003962
31.86	-0.005453121
31.88	-0.004678676
31.9	-0.003714837
31.92	-0.00253916
31.94	-0.001173411
31.96	0.000471764
31.98	0.002278937
32	0.004022217
32.02	0.005551894
32.04	0.006832163
32.06	0.007770465
32.08	0.008320809
32.1	0.008344385
32.12	0.007740371
32.14	0.006432982
32.16	0.004637614
32.18	0.002519976
32.2	0.0002886
32.22	-0.001871021
32.24	-0.003833487
32.26	-0.005554928
32.28	-0.007025519
32.3	-0.008296729
32.32	-0.0094543
32.34	-0.010606505
32.36	-0.011745059
32.38	-0.012748065
32.4	-0.013487912
32.42	-0.013939112
32.44	-0.014006041
32.46	-0.013628169
32.48	-0.012791333
32.5	-0.011665782
32.52	-0.010301057
32.54	-0.008792929
32.56	-0.007178983
32.58	-0.005434506
32.6	-0.003522647
32.62	-0.001404733
32.64	0.000928795
32.66	0.003356028
32.68	0.005778599
32.7	0.008087415
32.72	0.010185084
32.74	0.011992727
32.76	0.01347362
32.78	0.014685048
32.8	0.01569202
32.82	0.016559909
32.84	0.017266376
32.86	0.017650476
32.88	0.01751705
32.9	0.016717374
32.92	0.015158784
32.94	0.013178986
32.96	0.011106285
32.98	0.009152958
33	0.007347216
33.02	0.005687123
33.04	0.004097064
33.06	0.002474433
33.08	0.000713381
33.1	-0.001128454
33.12	-0.003014056
33.14	-0.004897681
33.16	-0.006751766
33.18	-0.008561092
33.2	-0.010369148
33.22	-0.012225962
33.24	-0.014121264
33.26	-0.015918079
33.28	-0.01745708
33.3	-0.018587801
33.32	-0.019205803
33.34	-0.019217338
33.36	-0.018643835
33.38	-0.017710087
33.4	-0.016587156
33.42	-0.015258049
33.44	-0.013724961
33.46	-0.012052795
33.48	-0.010356247
33.5	-0.008652265
33.52	-0.007020218
33.54	-0.00551917
33.56	-0.004244713
33.58	-0.00318642
33.6	-0.002380076
33.62	-0.001821698
33.64	-0.001550445
33.66	-0.001588425
33.68	-0.00192821
33.7	-0.00255167
33.72	-0.003357141
33.74	-0.00422147
33.76	-0.005135686
33.78	-0.00603211
33.8	-0.006814152
33.82	-0.007355686
33.84	-0.007596562
33.86	-0.007551013
33.88	-0.007292623
33.9	-0.006868251
33.92	-0.006114428
33.94	-0.004898063
33.96	-0.003289689
33.98	-0.001493261
34	0.000217706
34.02	0.001697345
34.04	0.002967498
34.06	0.00417269
34.08	0.005257401
34.1	0.006235897
34.12	0.007245589
34.14	0.008370353
34.16	0.009603793
34.18	0.010818415
34.2	0.011862236
34.22	0.012704235
34.24	0.013322626
34.26	0.013661332
34.28	0.01362208
34.3	0.013194133
34.32	0.0123887
34.34	0.011273969
34.36	0.010032287
34.38	0.008883472
34.4	0.007951759
34.42	0.007215324
34.44	0.006608578
34.46	0.006083495
34.48	0.005578163
34.5	0.005136362
34.52	0.004680456
34.54	0.004077457
34.56	0.003213026
34.58	0.0021068
34.6	0.000693706
34.62	-0.00099906
34.64	-0.002923716
34.66	-0.004952458
34.68	-0.006978683
34.7	-0.008857234
34.72	-0.010457849
34.74	-0.011714458
34.76	-0.012673246
34.78	-0.013330944
34.8	-0.013604805
34.82	-0.013422205
34.84	-0.012719724
34.86	-0.011449769
34.88	-0.009839347
34.9	-0.008096167
34.92	-0.006334425
34.94	-0.004639452
34.96	-0.003069954
34.98	-0.001582208
35	-7.02001E-05
35.02	0.001624225
35.04	0.003552863
35.06	0.005660199
35.08	0.007756716
35.1	0.009641443
35.12	0.011161705
35.14	0.012292129
35.16	0.013089543
35.18	0.01364123
35.2	0.013997385
35.22	0.014161788
35.24	0.013995729
35.26	0.013363194
35.28	0.01217309
35.3	0.010619164
35.32	0.008956438
35.34	0.007456664
35.36	0.006364505
35.38	0.00581426
35.4	0.005775809
35.42	0.006104668
35.44	0.00647482
35.46	0.006693122
35.48	0.006758654
35.5	0.00672596
35.52	0.006598267
35.54	0.006412829
35.56	0.00618298
35.58	0.00587407
35.6	0.005512472
35.62	0.005086606
35.64	0.004631553
35.66	0.004269189
35.68	0.004116611
35.7	0.004267336
35.72	0.00466701
35.74	0.005065297
35.76	0.005202334
35.78	0.004982165
35.8	0.0043882
35.82	0.00346916
35.84	0.002282756
35.86	0.000898944
35.88	-0.000692707
35.9	-0.002375945
35.92	-0.003881373
35.94	-0.00523504
35.96	-0.006436375
35.98	-0.007482261
36	-0.008451913
36.02	-0.009422255
36.04	-0.010513426
36.06	-0.011849423
36.08	-0.013579191
36.1	-0.015751574
36.12	-0.018193035
36.14	-0.020786411
36.16	-0.023398168
36.18	-0.025828026
36.2	-0.027899041
36.22	-0.029425641
36.24	-0.030327014
36.26	-0.030612459
36.28	-0.030327822
36.3	-0.029583825
36.32	-0.028697529
36.34	-0.02764599
36.36	-0.026461339
36.38	-0.025199503
36.4	-0.023905837
36.42	-0.022533428
36.44	-0.020994401
36.46	-0.019187614
36.48	-0.017074806
36.5	-0.01460359
36.52	-0.011821731
36.54	-0.008740624
36.56	-0.005402344
36.58	-0.001874379
36.6	0.001690952
36.62	0.00508781
36.64	0.008092708
36.66	0.010473965
36.68	0.01208049
36.7	0.012818281
36.72	0.01263127
36.74	0.011652306
36.76	0.010297718
36.78	0.008897226
36.8	0.007596761
36.82	0.006405623
36.84	0.005268979
36.86	0.004133686
36.88	0.002980481
36.9	0.001898731
36.92	0.00099969
36.94	0.000437593
36.96	0.000310888
36.98	0.000590444
37	0.00111936
37.02	0.00160983
37.04	0.00187673
37.06	0.00184935
37.08	0.001583781
37.1	0.001279596
37.12	0.001201407
37.14	0.00143794
37.16	0.00196238
37.18	0.002586366
37.2	0.003122233
37.22	0.003485619
37.24	0.003653605
37.26	0.003611767
37.28	0.003393792
37.3	0.00299537
37.32	0.002454753
37.34	0.001785725
37.36	0.000942315
37.38	-0.00013774
37.4	-0.001487711
37.42	-0.002988351
37.44	-0.004470776
37.46	-0.005807906
37.48	-0.006827439
37.5	-0.007405152
37.52	-0.007589807
37.54	-0.007480877
37.56	-0.007203209
37.58	-0.006910362
37.6	-0.006632271
37.62	-0.006261842
37.64	-0.005690471
37.66	-0.004865854
37.68	-0.00384473
37.7	-0.002793366
37.72	-0.001845294
37.74	-0.001009068
37.76	-0.00012901
37.78	0.001015309
37.8	0.002595595
37.82	0.004623632
37.84	0.006953549
37.86	0.009453762
37.88	0.011916473
37.9	0.014142258
37.92	0.015999257
37.94	0.017494501
37.96	0.018708537
37.98	0.019774031
38	0.020727099
38.02	0.021486692
38.04	0.022169366
38.06	0.022846403
38.08	0.023573685
38.1	0.024322841
38.12	0.02496386
38.14	0.025375365
38.16	0.025479041
38.18	0.025205238
38.2	0.024476701
38.22	0.023336713
38.24	0.02191252
38.26	0.020225078
38.28	0.018303565
38.3	0.01620319
38.32	0.01398665
38.34	0.01173261
38.36	0.009561674
38.38	0.007599004
38.4	0.005990867
38.42	0.004869059
38.44	0.00434163
38.46	0.004403356
38.48	0.004952089
38.5	0.005722734
38.52	0.006509409
38.54	0.007294385
38.56	0.008086608
38.58	0.00889846
38.6	0.009644704
38.62	0.010255715
38.64	0.010674177
38.66	0.01081301
38.68	0.010611686
38.7	0.010089965
38.72	0.009368453
38.74	0.00858624
38.76	0.007840913
38.78	0.007140143
38.8	0.006390434
38.82	0.005459665
38.84	0.004309809
38.86	0.003062658
38.88	0.001925499
38.9	0.001034643
38.92	0.000493309
38.94	0.000402812
38.96	0.000771392
38.98	0.001341425
39	0.001829433
39.02	0.002105154
39.04	0.002135521
39.06	0.002069727
39.08	0.002126939
39.1	0.002548481
39.12	0.003379509
39.14	0.004405879
39.16	0.005484275
39.18	0.006449627
39.2	0.007235467
39.22	0.007861627
39.24	0.008366841
39.26	0.008795885
39.28	0.00921843
39.3	0.009635965
39.32	0.010052425
39.34	0.010408076
39.36	0.010543237
39.38	0.010272224
39.4	0.009469969
39.42	0.008093827
39.44	0.00622648
39.46	0.003942525
39.48	0.001435609
39.5	-0.001034512
39.52	-0.00314102
39.54	-0.004729398
39.56	-0.005880112
39.58	-0.006755972
39.6	-0.007282266
39.62	-0.007955353
39.64	-0.009092054
39.66	-0.010625375
39.68	-0.012500022
39.7	-0.01457839
39.72	-0.016671286
39.74	-0.018617129
39.76	-0.020500908
39.78	-0.022495593
39.8	-0.024672791
39.82	-0.027028024
39.84	-0.029466056
39.86	-0.03189534
39.88	-0.034175397
39.9	-0.036056528
39.92	-0.037412154
39.94	-0.038234175
39.96	-0.038525355
39.98	-0.038417888
40	-0.038020902
40.02	-0.037422388
40.04	-0.036613797
40.06	-0.035559883
40.08	-0.034313741
40.1	-0.032946836
40.12	-0.031577053
40.14	-0.030251799
40.16	-0.029005507
40.18	-0.027864464
40.2	-0.026899758
40.22	-0.026101251
40.24	-0.025503746
40.26	-0.025063626
40.28	-0.02475631
40.3	-0.024522002
40.32	-0.024350508
40.34	-0.024214538
40.36	-0.02404777
40.38	-0.023739131
40.4	-0.02319243
40.42	-0.022372716
40.44	-0.021317061
40.46	-0.020122866
40.48	-0.01886249
40.5	-0.017615858
40.52	-0.016381019
40.54	-0.01511664
40.56	-0.013745419
40.58	-0.012281261
40.6	-0.010886509
40.62	-0.0097642
40.64	-0.009129735
40.66	-0.009148187
40.68	-0.009888278
40.7	-0.011237365
40.72	-0.012767505
40.74	-0.014393953
40.76	-0.016134914
40.78	-0.018010502
40.8	-0.020009922
40.82	-0.022113126
40.84	-0.02429503
40.86	-0.026521667
40.88	-0.028710096
40.9	-0.030707098
40.92	-0.032208111
40.94	-0.032921529
40.96	-0.032666297
40.98	-0.03150157
41	-0.029917712
41.02	-0.028478564
41.04	-0.027427739
41.06	-0.026833581
41.08	-0.02661196
41.1	-0.026541577
41.12	-0.026319298
41.14	-0.025625432
41.16	-0.024496783
41.18	-0.023166672
41.2	-0.021940062
41.22	-0.021080059
41.24	-0.020932835
41.26	-0.02155791
41.28	-0.02280246
41.3	-0.024199841
41.32	-0.025647117
41.34	-0.027068461
41.36	-0.028399098
41.38	-0.029549519
41.4	-0.030442552
41.42	-0.030884592
41.44	-0.030624467
41.46	-0.029428724
41.48	-0.027308268
41.5	-0.024424094
41.52	-0.020961338
41.54	-0.017160245
41.56	-0.013278893
41.58	-0.009469745
41.6	-0.005822308
41.62	-0.002575173
41.64	0.000310807
41.66	0.002967937
41.68	0.005326438
41.7	0.007578361
41.72	0.009763915
41.74	0.011925629
41.76	0.014100329
41.78	0.016315654
41.8	0.018562868
41.82	0.020785539
41.84	0.022904661
41.86	0.024829143
41.88	0.026425759
41.9	0.027503155
41.92	0.02786004
41.94	0.027348633
41.96	0.02600306
41.98	0.024357969
42	0.022752504
42.02	0.021406607
42.04	0.02045122
42.06	0.019913223
42.08	0.019738082
42.1	0.019740828
42.12	0.019707756
42.14	0.019473323
42.16	0.018963158
42.18	0.018139293
42.2	0.016981015
42.22	0.015522313
42.24	0.013792834
42.26	0.011930576
42.28	0.010135856
42.3	0.008600507
42.32	0.007448027
42.34	0.006814364
42.36	0.006758259
42.38	0.007299121
42.4	0.008385342
42.42	0.00978052
42.44	0.011366025
42.46	0.013048025
42.48	0.014693333
42.5	0.016188632
42.52	0.017424412
42.54	0.018424582
42.56	0.019248512
42.58	0.019987523
42.6	0.020736211
42.62	0.02162653
42.64	0.022658196
42.66	0.023699209
42.68	0.024584412
42.7	0.025207117
42.72	0.025438579
42.74	0.025235722
42.76	0.024682966
42.78	0.024016738
42.8	0.023315872
42.82	0.022591531
42.84	0.021874948
42.86	0.021266257
42.88	0.020895188
42.9	0.020899313
42.92	0.021364634
42.94	0.022270507
42.96	0.023434927
42.98	0.024758845
43	0.026134932
43.02	0.027430652
43.04	0.028477213
43.06	0.029169856
43.08	0.029512229
43.1	0.02956548
43.12	0.029421608
43.14	0.029306446
43.16	0.02922996
43.18	0.029141933
43.2	0.02897508
43.22	0.02868428
43.24	0.028229695
43.26	0.027583872
43.28	0.026706566
43.3	0.0255384
43.32	0.02403695
43.34	0.022162094
43.36	0.019875459
43.38	0.017199511
43.4	0.014251699
43.42	0.011279187
43.44	0.008556573
43.46	0.006268676
43.48	0.004450673
43.5	0.003138328
43.52	0.002337861
43.54	0.001891499
43.56	0.001604854
43.58	0.001292213
43.6	0.000820725
43.62	9.68596E-05
43.64	-0.000966533
43.66	-0.002420699
43.68	-0.004285873
43.7	-0.00648081
43.72	-0.008877531
43.74	-0.011286493
43.76	-0.013569156
43.78	-0.015622608
43.8	-0.017396209
43.82	-0.018812206
43.84	-0.019847204
43.86	-0.020473329
43.88	-0.020690355
43.9	-0.020433993
43.92	-0.019795361
43.94	-0.019007203
43.96	-0.018218971
43.98	-0.017504977
44	-0.016874722
44.02	-0.016313462
44.04	-0.015782447
44.06	-0.015234318
44.08	-0.014654351
44.1	-0.01401496
44.12	-0.013352188
44.14	-0.012719011
44.16	-0.012202003
44.18	-0.011835698
44.2	-0.011622091
44.22	-0.011469901
44.24	-0.0112876
44.26	-0.010985264
44.28	-0.010529988
44.3	-0.009903204
44.32	-0.009128694
44.34	-0.008206333
44.36	-0.007160793
44.38	-0.006031042
44.4	-0.004835645
44.42	-0.003611451
44.44	-0.002422528
44.46	-0.001328139
44.48	-0.000391573
44.5	0.000334536
44.52	0.000864899
44.54	0.00125888
44.56	0.001550436
44.58	0.001747577
44.6	0.001838103
44.62	0.001796553
44.64	0.001561611
44.66	0.001110049
44.68	0.000560443
44.7	-2.68119E-05
44.72	-0.000630341
44.74	-0.001250076
44.76	-0.001916566
44.78	-0.002677198
44.8	-0.00355765
44.82	-0.004521757
44.84	-0.005487824
44.86	-0.006334031
44.88	-0.006996419
44.9	-0.007401239
44.92	-0.007538426
44.94	-0.007417433
44.96	-0.007119589
44.98	-0.006803134
45	-0.006582477
45.02	-0.006515782
45.04	-0.006621167
45.06	-0.006890451
45.08	-0.007331581
45.1	-0.007913532
45.12	-0.008619282
45.14	-0.009420892
45.16	-0.010311334
45.18	-0.011234335
45.2	-0.012170184
45.22	-0.013064389
45.24	-0.01383847
45.26	-0.014437041
45.28	-0.014858336
45.3	-0.015095218
45.32	-0.015136256
45.34	-0.014953047
45.36	-0.014454758
45.38	-0.013600041
45.4	-0.012402842
45.42	-0.010939178
45.44	-0.009316576
45.46	-0.007609346
45.48	-0.005859431
45.5	-0.004091276
45.52	-0.002321864
45.54	-0.000586461
45.56	0.00107143
45.58	0.002601255
45.6	0.00392734
45.62	0.005023671
45.64	0.005865111
45.66	0.006392774
45.68	0.006700928
45.7	0.006913711
45.72	0.007230047
45.74	0.007781764
45.76	0.008527857
45.78	0.009442036
45.8	0.010499592
45.82	0.011666742
45.84	0.012850936
45.86	0.013958263
45.88	0.01493049
45.9	0.015688926
45.92	0.016180276
45.94	0.016379455
45.96	0.01625687
45.98	0.015827134
46	0.015228189
46.02	0.014574511
46.04	0.013902136
46.06	0.013240406
46.08	0.012563489
46.1	0.011799437
46.12	0.010843152
46.14	0.009662847
46.16	0.008290836
46.18	0.006777108
46.2	0.005179729
46.22	0.003584048
46.24	0.002025666
46.26	0.000555417
46.28	-0.00081307
46.3	-0.002049191
46.32	-0.003103221
46.34	-0.003894207
46.36	-0.004359653
46.38	-0.0044636
46.4	-0.004229534
46.42	-0.003832522
46.44	-0.003582741
46.46	-0.003563103
46.48	-0.003741576
46.5	-0.004002062
46.52	-0.004205909
46.54	-0.004284003
46.56	-0.00420836
46.58	-0.003991688
46.6	-0.003703767
46.62	-0.003433088
46.64	-0.003292689
46.66	-0.003354283
46.68	-0.003618868
46.7	-0.004040178
46.72	-0.004546659
46.74	-0.005126037
46.76	-0.005767252
46.78	-0.006425124
46.8	-0.007035145
46.82	-0.007535144
46.84	-0.007847414
46.86	-0.007845549
46.88	-0.007424387
46.9	-0.006617594
46.92	-0.005580587
46.94	-0.004355118
46.96	-0.003014821
46.98	-0.00163577
47	-0.00030949
47.02	0.000843839
47.04	0.001718242
47.06	0.002235645
47.08	0.00236281
47.1	0.002130234
47.12	0.001611593
47.14	0.000997849
47.16	0.000336041
47.18	-0.000379776
47.2	-0.001161978
47.22	-0.002018018
47.24	-0.002955205
47.26	-0.003992201
47.28	-0.005128707
47.3	-0.006329526
47.32	-0.007547783
47.34	-0.00873542
47.36	-0.00986311
47.38	-0.01094423
47.4	-0.012047095
47.42	-0.01315436
47.44	-0.014184724
47.46	-0.01508097
47.48	-0.015848958
47.5	-0.016553586
47.52	-0.017265808
47.54	-0.018046251
47.56	-0.018917161
47.58	-0.019879586
47.6	-0.020884651
47.62	-0.02182032
47.64	-0.022591963
47.66	-0.023096572
47.68	-0.023348644
47.7	-0.02341423
47.72	-0.023343955
47.74	-0.023267566
47.76	-0.023178882
47.78	-0.022980486
47.8	-0.02260595
47.82	-0.022074848
47.84	-0.021457996
47.86	-0.020807275
47.88	-0.020147024
47.9	-0.019477303
47.92	-0.018771665
47.94	-0.018032833
47.96	-0.01725454
47.98	-0.016419531
48	-0.015518957
48.02	-0.014585797
48.04	-0.013678317
48.06	-0.012873378
48.08	-0.012158927
48.1	-0.011491379
48.12	-0.010818079
48.14	-0.010087886
48.16	-0.009234455
48.18	-0.008257761
48.2	-0.007188797
48.22	-0.006087347
48.24	-0.004978745
48.26	-0.003889182
48.28	-0.002808326
48.3	-0.001719072
48.32	-0.000616514
48.34	0.000508985
48.36	0.001636503
48.38	0.002717826
48.4	0.003691753
48.42	0.004535911
48.44	0.005270432
48.46	0.005907334
48.48	0.006447747
48.5	0.006895453
48.52	0.007242274
48.54	0.007440514
48.56	0.007410591
48.58	0.007083988
48.6	0.006443035
48.62	0.005571154
48.64	0.004550136
48.66	0.003502207
48.68	0.002524809
48.7	0.00167591
48.72	0.000980175
48.74	0.000454239
48.76	0.000116354
48.78	-5.21911E-05
48.8	-0.000131451
48.82	-0.00021452
48.84	-0.000375428
48.86	-0.000592088
48.88	-0.000805006
48.9	-0.001003423
48.92	-0.001185958
48.94	-0.001373005
48.96	-0.001540555
48.98	-0.001617022
49	-0.001544566
49.02	-0.001308765
49.04	-0.000937944
49.06	-0.000519961
49.08	-6.86488E-05
49.1	0.000374601
49.12	0.000767615
49.14	0.001042295
49.16	0.001157
49.18	0.001130636
49.2	0.000993282
49.22	0.000784515
49.24	0.000544841
49.26	0.000321423
49.28	0.000182457
49.3	0.00020601
49.32	0.000429821
49.34	0.000817027
49.36	0.001292663
49.38	0.001790331
49.4	0.002291456
49.42	0.00280724
49.44	0.003337848
49.46	0.003862008
49.48	0.0043446
49.5	0.004769517
49.52	0.005125339
49.54	0.005455157
49.56	0.005786159
49.58	0.006143298
49.6	0.00656176
49.62	0.007053987
49.64	0.007596397
49.66	0.008163432
49.68	0.008694144
49.7	0.009141716
49.72	0.009474039
49.74	0.009710821
49.76	0.009899382
49.78	0.010058506
49.8	0.010147963
49.82	0.010149836
49.84	0.010014592
49.86	0.009717968
49.88	0.009238952
49.9	0.008609772
49.92	0.007793883
49.94	0.006790521
49.96	0.005594703
49.98	0.004210466
50	0.002680312
50.02	0.001054925
50.04	-0.000583721
50.06	-0.002139305
50.08	-0.003536188
50.1	-0.004717315
50.12	-0.005634455
50.14	-0.006264906
50.16	-0.006609515
50.18	-0.006688348
50.2	-0.006513693
50.22	-0.006126568
50.24	-0.005692296
50.26	-0.005300802
50.28	-0.005014757
50.3	-0.00486547
50.32	-0.004860585
50.34	-0.004978038
50.36	-0.005169693
50.38	-0.005368632
50.4	-0.005480935
50.42	-0.005432226
50.44	-0.005223492
50.46	-0.00489864
50.48	-0.00450839
50.5	-0.004081762
50.52	-0.003641252
50.54	-0.00322441
50.56	-0.00284536
50.58	-0.002504825
50.6	-0.002203587
50.62	-0.00196775
50.64	-0.00182892
50.66	-0.001836775
50.68	-0.002003659
50.7	-0.002278651
50.72	-0.002498277
50.74	-0.002517096
50.76	-0.002285259
50.78	-0.001856667
50.8	-0.001373202
50.82	-0.000902032
50.84	-0.000420442
50.86	9.45659E-05
50.88	0.000602241
50.9	0.001120639
50.92	0.001619465
50.94	0.002074307
50.96	0.002432516
50.98	0.002637304
51	0.002664571
51.02	0.002572874
51.04	0.002441032
51.06	0.002431504
51.08	0.002559499
51.1	0.002760811
51.12	0.002962974
51.14	0.00310561
51.16	0.003135223
51.18	0.002999545
51.2	0.00266375
51.22	0.002122387
51.24	0.001387268
51.26	0.000499416
51.28	-0.000466246
51.3	-0.001447445
51.32	-0.002389052
51.34	-0.003266534
51.36	-0.004088678
51.38	-0.00487746
51.4	-0.005675842
51.42	-0.006503935
51.44	-0.007351024
51.46	-0.00816758
51.48	-0.008884893
51.5	-0.009458612
51.52	-0.00982096
51.54	-0.009895958
51.56	-0.009709914
51.58	-0.009318629
51.6	-0.008818343
51.62	-0.008164315
51.64	-0.007359982
51.66	-0.006449441
51.68	-0.005516484
51.7	-0.004624099
51.72	-0.003845752
51.74	-0.003242763
51.76	-0.002856928
51.78	-0.002686893
51.8	-0.002677249
51.82	-0.002692467
51.84	-0.002598362
51.86	-0.002320089
51.88	-0.001931661
51.9	-0.001526838
51.92	-0.001092333
51.94	-0.000631567
51.96	-0.000194567
51.98	0.000253185
52	0.000750139
52.02	0.001332826
52.04	0.001992058
52.06	0.00271522
52.08	0.00346895
52.1	0.004229137
52.12	0.004987817
52.14	0.005780078
52.16	0.006658086
52.18	0.007658831
52.2	0.008745842
52.22	0.009862733
52.24	0.010929768
52.26	0.011875386
52.28	0.012657353
52.3	0.013286609
52.32	0.01380194
52.34	0.014164598
52.36	0.014392073
52.38	0.014491608
52.4	0.014430227
52.42	0.01417477
52.44	0.013733842
52.46	0.013193278
52.48	0.01259553
52.5	0.012004651
52.52	0.011424637
52.54	0.010786502
52.56	0.010017994
52.58	0.009062493
52.6	0.007870854
52.62	0.006412963
52.64	0.004707375
52.66	0.002817082
52.68	0.000819451
52.7	-0.001182392
52.72	-0.003087251
52.74	-0.004811287
52.76	-0.006319612
52.78	-0.007600853
52.8	-0.008656981
52.82	-0.009496948
52.84	-0.010157545
52.86	-0.010681473
52.88	-0.011109814
52.9	-0.011467355
52.92	-0.011768191
52.94	-0.012016048
52.96	-0.012219547
52.98	-0.012373033
53	-0.012463682
53.02	-0.012468368
53.04	-0.012380056
53.06	-0.012201407
53.08	-0.012001141
53.1	-0.011799863
53.12	-0.01161938
53.14	-0.011476038
53.16	-0.011389029
53.18	-0.011361317
53.2	-0.011383429
53.22	-0.011441213
53.24	-0.011512558
53.26	-0.011606929
53.28	-0.011753544
53.3	-0.011988536
53.32	-0.012309483
53.34	-0.012669319
53.36	-0.012968438
53.38	-0.013144186
53.4	-0.013181214
53.42	-0.013074488
53.44	-0.012828945
53.46	-0.012440592
53.48	-0.011921023
53.5	-0.011296359
53.52	-0.010617436
53.54	-0.009916432
53.56	-0.00921407
53.58	-0.008520077
53.6	-0.007846071
53.62	-0.007219176
53.64	-0.006668048
53.66	-0.006229141
53.68	-0.005944952
53.7	-0.005831646
53.72	-0.005931305
53.74	-0.006267766
53.76	-0.006817479
53.78	-0.007445446
53.8	-0.008083686
53.82	-0.008675906
53.84	-0.009203711
53.86	-0.009666724
53.88	-0.010071069
53.9	-0.010411061
53.92	-0.010678731
53.94	-0.010901087
53.96	-0.011088392
53.98	-0.011214033
54	-0.01126765
54.02	-0.011263981
54.04	-0.011248339
54.06	-0.011244514
54.08	-0.011304217
54.1	-0.011385586
54.12	-0.011421077
54.14	-0.011351866
54.16	-0.011151505
54.18	-0.010828988
54.2	-0.010421236
54.22	-0.009940398
54.24	-0.009440426
54.26	-0.008981916
54.28	-0.008618128
54.3	-0.008353461
54.32	-0.008138198
54.34	-0.00791759
54.36	-0.007668979
54.38	-0.007411394
54.4	-0.007179637
54.42	-0.00696627
54.44	-0.006748324
54.46	-0.006490888
54.48	-0.006199679
54.5	-0.005897625
54.52	-0.005590574
54.54	-0.00527809
54.56	-0.004968131
54.58	-0.004638126
54.6	-0.004266455
54.62	-0.003802656
54.64	-0.003222454
54.66	-0.00254554
54.68	-0.001821281
54.7	-0.001095754
54.72	-0.000417362
54.74	0.000203151
54.76	0.000800785
54.78	0.001419206
54.8	0.002074148
54.82	0.00273336
54.84	0.003352075
54.86	0.003875426
54.88	0.004254624
54.9	0.004495207
54.92	0.00464562
54.94	0.004791292
54.96	0.004999906
54.98	0.005291206
55	0.005638658
55.02	0.005956151
55.04	0.006158668
55.06	0.00617482
55.08	0.00596506
55.1	0.005547699
55.12	0.004992903
55.14	0.004346408
55.16	0.003634099
55.18	0.002864774
55.2	0.002067308
55.22	0.001280359
55.24	0.000546081
55.26	-8.16131E-05
55.28	-0.000570126
55.3	-0.00090773
55.32	-0.001097305
55.34	-0.001171343
55.36	-0.001188766
55.38	-0.00117771
55.4	-0.001144925
55.42	-0.001046262
55.44	-0.000856807
55.46	-0.000565209
55.48	-0.000222029
55.5	0.000104252
55.52	0.000403244
55.54	0.000700706
55.56	0.001038322
55.58	0.001443788
55.6	0.001926285
55.62	0.002467002
55.64	0.003008345
55.66	0.003498219
55.68	0.003900956
55.7	0.004177218
55.72	0.004297946
55.74	0.004268161
55.76	0.004115219
55.78	0.003873822
55.8	0.003594692
55.82	0.003288627
55.84	0.002987585
55.86	0.002758033
55.88	0.002699825
55.9	0.002877886
55.92	0.003290021
55.94	0.003851571
55.96	0.00447304
55.98	0.005129219
56	0.005815397
56.02	0.00656384
56.04	0.007373619
56.06	0.008221279
56.08	0.009054896
56.1	0.009833784
56.12	0.01055908
56.14	0.011203157
56.16	0.011744645
56.18	0.012162155
56.2	0.012504489
56.22	0.012780948
56.24	0.012998741
56.26	0.013142107
56.28	0.013142883
56.3	0.012934459
56.32	0.012459083
56.34	0.011781838
56.36	0.010916272
56.38	0.009915929
56.4	0.008821776
56.42	0.007659929
56.44	0.006457297
56.46	0.005238623
56.48	0.004028753
56.5	0.002869068
56.52	0.001798013
56.54	0.000853008
56.56	2.60491E-05
56.58	-0.000693914
56.6	-0.001351918
56.62	-0.001983084
56.64	-0.002626648
56.66	-0.00330417
56.68	-0.004003441
56.7	-0.004691802
56.72	-0.005335792
56.74	-0.005882341
56.76	-0.006279215
56.78	-0.006508394
56.8	-0.006588487
56.82	-0.006543938
56.84	-0.006420416
56.86	-0.006281367
56.88	-0.006160523
56.9	-0.006058958
56.92	-0.005986333
56.94	-0.00597667
56.96	-0.006055389
56.98	-0.006193114
57	-0.006381083
57.02	-0.006611665
57.04	-0.006888506
57.06	-0.007195526
57.08	-0.007510504
57.1	-0.007803185
57.12	-0.008060572
57.14	-0.008278619
57.16	-0.008487898
57.18	-0.008722506
57.2	-0.009022784
57.22	-0.009434634
57.24	-0.009974904
57.26	-0.010619577
57.28	-0.011345254
57.3	-0.012080093
57.32	-0.012752688
57.34	-0.013232428
57.36	-0.013452354
57.38	-0.013396115
57.4	-0.01305901
57.42	-0.012588188
57.44	-0.012005502
57.46	-0.011323249
57.48	-0.010558635
57.5	-0.009731901
57.52	-0.008897595
57.54	-0.008110947
57.56	-0.007413103
57.58	-0.006840367
57.6	-0.006363696
57.62	-0.005956834
57.64	-0.005614745
57.66	-0.005333832
57.68	-0.005115551
57.7	-0.004971482
57.72	-0.004871727
57.74	-0.004778924
57.76	-0.004671194
57.78	-0.00456387
57.8	-0.004512554
57.82	-0.004556162
57.84	-0.004735484
57.86	-0.005075699
57.88	-0.005505377
57.9	-0.005985234
57.92	-0.006450557
57.94	-0.006835156
57.96	-0.007091878
57.98	-0.007228451
58	-0.007279159
58.02	-0.007276513
58.04	-0.007242922
58.06	-0.00719024
58.08	-0.007112772
58.1	-0.007000751
58.12	-0.006858594
58.14	-0.006688197
58.16	-0.006483011
58.18	-0.006240034
58.2	-0.005961469
58.22	-0.00563188
58.24	-0.00524731
58.26	-0.004835399
58.28	-0.004402153
58.3	-0.003942093
58.32	-0.003451317
58.34	-0.002960906
58.36	-0.002502457
58.38	-0.002121396
58.4	-0.001851038
58.42	-0.001723139
58.44	-0.001746977
58.46	-0.001917656
58.48	-0.002199828
58.5	-0.002531942
58.52	-0.002837666
58.54	-0.003075159
58.56	-0.003201143
58.58	-0.003189907
58.6	-0.003076649
58.62	-0.00291366
58.64	-0.002777099
58.66	-0.002710103
58.68	-0.00273753
58.7	-0.002863987
58.72	-0.003069188
58.74	-0.003310785
58.76	-0.0035147
58.78	-0.003628563
58.8	-0.003608791
58.82	-0.003454256
58.84	-0.003170292
58.86	-0.002773235
58.88	-0.002298468
58.9	-0.001768164
58.92	-0.001229113
58.94	-0.000707451
58.96	-0.000216762
58.98	0.000261687
59	0.000674026
59.02	0.000931906
59.04	0.001002704
59.06	0.000881721
59.08	0.000598928
59.1	0.000276253
59.12	-3.83229E-05
59.14	-0.000288824
59.16	-0.000424232
59.18	-0.000430603
59.2	-0.000349448
59.22	-0.000262122
59.24	-0.000252627
59.26	-0.000365847
59.28	-0.000586929
59.3	-0.000890334
59.32	-0.001197768
59.34	-0.001476382
59.36	-0.001674702
59.38	-0.001774111
59.4	-0.001784265
59.42	-0.001726321
59.44	-0.0016216
59.46	-0.001471049
59.48	-0.001276249
59.5	-0.001049947
59.52	-0.000791736
59.54	-0.00052954
59.56	-0.000314206
59.58	-0.000166221
59.6	-9.43708E-05
59.62	-9.95059E-05
59.64	-0.000168142
59.66	-0.000272582
59.68	-0.000387659
59.7	-0.000502931
59.72	-0.000640629
59.74	-0.000816746
59.76	-0.00102897
59.78	-0.001227756
59.8	-0.001344761
59.82	-0.001359317
59.84	-0.001285283
59.86	-0.001130526
59.88	-0.000908473
59.9	-0.000635751
59.92	-0.000338287
59.94	-4.27662E-05
59.96	0.000221937
59.98	0.000451115
60	0.000656397
60.02	0.000832672
60.04	0.000998985
60.06	0.001155364
60.08	0.001296249
60.1	0.001422108
60.12	0.00152538
60.14	0.001606412
60.16	0.001664144
60.18	0.001695721
60.2	0.001691973
60.22	0.001645842
60.24	0.00155934
60.26	0.001413704
60.28	0.001193954
60.3	0.000870635
60.32	0.000439108
60.34	-7.53432E-05
60.36	-0.000619611
60.38	-0.001105818
60.4	-0.001464821
60.42	-0.001660062
60.44	-0.00170771
60.46	-0.001655602
60.48	-0.001556592
60.5	-0.00145379
60.52	-0.001358584
60.54	-0.001275598
60.56	-0.001209479
60.58	-0.001172401
60.6	-0.001190032
60.62	-0.001280318
60.64	-0.001447716
60.66	-0.001713561
60.68	-0.002058141
60.7	-0.002438778
60.72	-0.00282073
60.74	-0.003171567
60.76	-0.003451713
60.78	-0.003643492
60.8	-0.003779224
60.82	-0.003915953
60.84	-0.004076336
60.86	-0.004267433
60.88	-0.004485204
60.9	-0.004701087
60.92	-0.004895872
60.94	-0.005078113
60.96	-0.005276501
60.98	-0.005507682
61	-0.005801897
61.02	-0.006172809
61.04	-0.00658328
61.06	-0.006984061
61.08	-0.007322843
61.1	-0.007546255
61.12	-0.007658969
61.14	-0.007693598
61.16	-0.007718929
61.18	-0.007791157
61.2	-0.00792015
61.22	-0.008057138
61.24	-0.008135756
61.26	-0.00807209
61.28	-0.007863311
61.3	-0.007536131
61.32	-0.007173121
61.34	-0.006786454
61.36	-0.006407601
61.38	-0.006055563
61.4	-0.005749519
61.42	-0.005488508
61.44	-0.005234846
61.46	-0.004969198
61.48	-0.004687545
61.5	-0.004403763
61.52	-0.004156006
61.54	-0.004006679
61.56	-0.003982322
61.58	-0.004085025
61.6	-0.004304564
61.62	-0.004575679
61.64	-0.004857988
61.66	-0.00515141
61.68	-0.005427694
61.7	-0.005672557
61.72	-0.005902117
61.74	-0.006144874
61.76	-0.006411732
61.78	-0.006689892
61.8	-0.006946728
61.82	-0.007147856
61.84	-0.007279668
61.86	-0.007348347
61.88	-0.007361457
61.9	-0.007307243
61.92	-0.007171535
61.94	-0.006944175
61.96	-0.00661488
61.98	-0.00620205
62	-0.005696209
62.02	-0.005095784
62.04	-0.004414532
62.06	-0.0037013
62.08	-0.003020737
62.1	-0.002412365
62.12	-0.001943718
62.14	-0.00162109
62.16	-0.00142889
62.18	-0.001348347
62.2	-0.001368132
62.22	-0.001487776
62.24	-0.001710976
62.26	-0.001983049
62.28	-0.002234969
62.3	-0.002459909
62.32	-0.002645151
62.34	-0.002772011
62.36	-0.002859727
62.38	-0.002952745
62.4	-0.003123461
62.42	-0.003423314
62.44	-0.003847823
62.46	-0.004348501
62.48	-0.004845662
62.5	-0.005242801
62.52	-0.005468683
62.54	-0.005481707
62.56	-0.005294259
62.58	-0.004977206
62.6	-0.004680548
62.62	-0.004460229
62.64	-0.004357289
62.66	-0.004363685
62.68	-0.00443536
62.7	-0.004522612
62.72	-0.004588211
62.74	-0.004626929
62.76	-0.004651094
62.78	-0.004683616
62.8	-0.004768521
62.82	-0.004920398
62.84	-0.005120734
62.86	-0.005309083
62.88	-0.005391369
62.9	-0.005304473
62.92	-0.005077237
62.94	-0.00478562
62.96	-0.004537378
62.98	-0.004408787
63	-0.004455389
63.02	-0.004682253
63.04	-0.005031437
63.06	-0.00542317
63.08	-0.005767575
63.1	-0.006003754
63.12	-0.006112235
63.14	-0.006098479
63.16	-0.005982668
63.18	-0.005791676
63.2	-0.0055566
63.22	-0.005308335
63.24	-0.005046464
63.26	-0.004758538
63.28	-0.004437706
63.3	-0.004072278
63.32	-0.003662315
63.34	-0.003208013
63.36	-0.002708019
63.38	-0.002154419
63.4	-0.001509895
63.42	-0.000754603
63.44	0.000136055
63.46	0.001173366
63.48	0.002309546
63.5	0.00350042
63.52	0.004687014
63.54	0.005768521
63.56	0.006688858
63.58	0.00743092
63.6	0.007981598
63.62	0.008338264
63.64	0.008517769
63.66	0.00854349
63.68	0.008441436
63.7	0.008255899
63.72	0.008066716
63.74	0.00787368
63.76	0.007691819
63.78	0.007539955
63.8	0.007411628
63.82	0.007289174
63.84	0.007158408
63.86	0.007019972
63.88	0.0068734
63.9	0.006718407
63.92	0.006571154
63.94	0.006441423
63.96	0.006359457
63.98	0.006376858
64	0.006526392
64.02	0.006800265
64.04	0.007156871
64.06	0.007537898
64.08	0.007901017
64.1	0.008218983
64.12	0.00847875
64.14	0.008654411
64.16	0.008734241
64.18	0.008729743
64.2	0.008636419
64.22	0.008443587
64.24	0.008156678
64.26	0.007791316
64.28	0.007390399
64.3	0.007012325
64.32	0.006704992
64.34	0.006519504
64.36	0.006499322
64.38	0.006639152
64.4	0.006880976
64.42	0.007133337
64.44	0.007296993
64.46	0.007324511
64.48	0.007192839
64.5	0.006915293
64.52	0.006537566
64.54	0.006108779
64.56	0.005632174
64.58	0.005131848
64.6	0.004659047
64.62	0.004253462
64.64	0.003942508
64.66	0.003770509
64.68	0.003753542
64.7	0.003903377
64.72	0.00421972
64.74	0.004682451
64.76	0.005203696
64.78	0.00574856
64.8	0.006276948
64.82	0.006752407
64.84	0.007136866
64.86	0.007426067
64.88	0.007620288
64.9	0.007734087
64.92	0.007782562
64.94	0.007788411
64.96	0.007751294
64.98	0.007662293
65	0.007511147
65.02	0.007284451
65.04	0.006964667
65.06	0.006593787
65.08	0.006187104
65.1	0.005743909
65.12	0.00527965
65.14	0.004790787
65.16	0.004272873
65.18	0.003742805
65.2	0.003210752
65.22	0.002668757
65.24	0.00219377
65.26	0.001844482
65.28	0.001633983
65.3	0.001545388
65.32	0.001541009
65.34	0.001579991
65.36	0.00162182
65.38	0.001658637
65.4	0.00171474
65.42	0.001827124
65.44	0.002024165
65.46	0.002334751
65.48	0.002740633
65.5	0.003189871
65.52	0.003630892
65.54	0.004006242
65.56	0.004258068
65.58	0.004364251
65.6	0.004354839
65.62	0.004253747
65.64	0.004092174
65.66	0.003872909
65.68	0.003592007
65.7	0.003239591
65.72	0.002807436
65.74	0.002312844
65.76	0.001782794
65.78	0.001294165
65.8	0.000937963
65.82	0.000757238
65.84	0.000721598
65.86	0.000845679
65.88	0.001077826
65.9	0.001308587
65.92	0.00151427
65.94	0.001700466
65.96	0.001868758
65.98	0.002020993
66	0.002144867
66.02	0.002224391
66.04	0.002235851
66.06	0.002167397
66.08	0.002017432
66.1	0.001750046
66.12	0.001366252
66.14	0.000909286
66.16	0.000427121
66.18	-3.26111E-05
66.2	-0.000470537
66.22	-0.000954169
66.24	-0.0014897
66.26	-0.002022126
66.28	-0.002530906
66.3	-0.003010552
66.32	-0.003486881
66.34	-0.00396632
66.36	-0.004442186
66.38	-0.004907786
66.4	-0.005341108
66.42	-0.005720863
66.44	-0.006045897
66.46	-0.006359395
66.48	-0.006682122
66.5	-0.006994745
66.52	-0.007266341
66.54	-0.007461056
66.56	-0.007561829
66.58	-0.007576772
66.6	-0.007526097
66.62	-0.007469958
66.64	-0.007444856
66.66	-0.007454019
66.68	-0.007479091
66.7	-0.007494192
66.72	-0.007472242
66.74	-0.007406917
66.76	-0.007307274
66.78	-0.007248444
66.8	-0.007249265
66.82	-0.007330054
66.84	-0.007476861
66.86	-0.007633021
66.88	-0.007707479
66.9	-0.007664956
66.92	-0.007535691
66.94	-0.007362584
66.96	-0.007243595
66.98	-0.007231505
67	-0.007320468
67.02	-0.007465136
67.04	-0.007606861
67.06	-0.007690476
67.08	-0.007702545
67.1	-0.007658256
67.12	-0.00755865
67.14	-0.007418176
67.16	-0.007252455
67.18	-0.007067147
67.2	-0.006834542
67.22	-0.006526898
67.24	-0.006134698
67.26	-0.005676503
67.28	-0.00518714
67.3	-0.00473471
67.32	-0.004347595
67.34	-0.00401709
67.36	-0.003711636
67.38	-0.003395786
67.4	-0.00304005
67.42	-0.002647283
67.44	-0.002245229
67.46	-0.001871115
67.48	-0.001535765
67.5	-0.001255904
67.52	-0.001053735
67.54	-0.00096973
67.56	-0.001038843
67.58	-0.001299798
67.6	-0.001770325
67.62	-0.002386018
67.64	-0.003097512
67.66	-0.003835986
67.68	-0.004519561
67.7	-0.005061581
67.72	-0.00541051
67.74	-0.005559275
67.76	-0.005512658
67.78	-0.005302605
67.8	-0.004962034
67.82	-0.004558905
67.84	-0.004090068
67.86	-0.003591627
67.88	-0.003098077
67.9	-0.002632106
67.92	-0.002220961
67.94	-0.001876773
67.96	-0.001602927
67.98	-0.001387667
68	-0.001216489
68.02	-0.001085891
68.04	-0.000999578
68.06	-0.000985434
68.08	-0.001074514
68.1	-0.001265343
68.12	-0.001520285
68.14	-0.001769322
68.16	-0.001993218
68.18	-0.002205164
68.2	-0.002436184
68.22	-0.002716455
68.24	-0.003045563
68.26	-0.003396956
68.28	-0.003729313
68.3	-0.003991557
68.32	-0.004141365
68.34	-0.004167733
68.36	-0.004088036
68.38	-0.00392996
68.4	-0.003728135
68.42	-0.00350854
68.44	-0.003268983
68.46	-0.002991047
68.48	-0.002657991
68.5	-0.002251566
68.52	-0.001785046
68.54	-0.001295501
68.56	-0.000811941
68.58	-0.000350258
68.6	9.26202E-05
68.62	0.000540355
68.64	0.000987342
68.66	0.001421239
68.68	0.001809814
68.7	0.002103499
68.72	0.002258686
68.74	0.002266498
68.76	0.002145795
68.78	0.001966441
68.8	0.001822814
68.82	0.001704155
68.84	0.00161931
68.86	0.001564935
68.88	0.001527525
68.9	0.0014865
68.92	0.001424558
68.94	0.00135579
68.96	0.001316721
68.98	0.001327313
69	0.001372207
69.02	0.001389065
69.04	0.001314693
69.06	0.001143734
69.08	0.000918774
69.1	0.000691614
69.12	0.000498611
69.14	0.00036618
69.16	0.000295921
69.18	0.000279385
69.2	0.000320592
69.22	0.000397766
69.24	0.000494263
69.26	0.000608189
69.28	0.000732398
69.3	0.000873218
69.32	0.001033655
69.34	0.00120499
69.36	0.001376304
69.38	0.001523991
69.4	0.001634248
69.42	0.001705372
69.44	0.001738935
69.46	0.001736381
69.48	0.001692324
69.5	0.001601347
69.52	0.001452673
69.54	0.00127416
69.56	0.001074973
69.58	0.0008499
69.6	0.000586563
69.62	0.000289968
69.64	-2.28894E-05
69.66	-0.000341839
69.68	-0.000649541
69.7	-0.000919287
69.72	-0.001121906
69.74	-0.001237056
69.76	-0.001254257
69.78	-0.001184352
69.8	-0.001051096
69.82	-0.000872563
69.84	-0.000645396
69.86	-0.000362637
69.88	-3.87433E-05
69.9	0.000306057
69.92	0.000652646
69.94	0.000964476
69.96	0.001216536
69.98	0.001386082
70	0.001454114
70.02	0.001404494
70.04	0.001259259
70.06	0.001048303
70.08	0.000805329
70.1	0.000534579
70.12	0.000230461
70.14	-8.93015E-05
70.16	-0.000389533
70.18	-0.000622861
70.2	-0.000787049
70.22	-0.0008964
70.24	-0.000984014
70.26	-0.001084431
70.28	-0.001207324
70.3	-0.001341893
70.32	-0.001492632
70.34	-0.001652362
70.36	-0.001819727
70.38	-0.00198841
70.4	-0.002150623
70.42	-0.002311738
70.44	-0.002498496
70.46	-0.002734378
70.48	-0.003001636
70.5	-0.003258564
70.52	-0.003486908
70.54	-0.003672695
70.56	-0.003830988
70.58	-0.003981493
70.6	-0.004132181
70.62	-0.004275095
70.64	-0.004391584
70.66	-0.004456311
70.68	-0.004454595
70.7	-0.004372579
70.72	-0.004201586
70.74	-0.003960434
70.76	-0.003701745
70.78	-0.003425388
70.8	-0.00314391
70.82	-0.002861107
70.84	-0.002589796
70.86	-0.002328819
70.88	-0.002082942
70.9	-0.001872029
70.92	-0.001679794
70.94	-0.001503057
70.96	-0.001329765
70.98	-0.001146405
71	-0.000947944
71.02	-0.000744029
71.04	-0.000557734
71.06	-0.000390799
71.08	-0.000249553
71.1	-0.00013849
71.12	-3.49286E-05
71.14	6.42684E-05
71.16	0.000148308
71.18	0.000209167
71.2	0.000249755
71.22	0.000297922
71.24	0.000395463
71.26	0.000585492
71.28	0.000893714
71.3	0.001328715
71.32	0.001863361
71.34	0.002467441
71.36	0.003097227
71.38	0.003718852
71.4	0.004302595
71.42	0.004848338
71.44	0.005337723
71.46	0.005751132
71.48	0.006064597
71.5	0.006250892
71.52	0.006285645
71.54	0.006162866
71.56	0.005905839
71.58	0.005650957
71.6	0.005431015
71.62	0.005274149
71.64	0.005170317
71.66	0.005084642
71.68	0.004978316
71.7	0.004853239
71.72	0.004717925
71.74	0.004577999
71.76	0.004458533
71.78	0.004362085
71.8	0.00428288
71.82	0.004209407
71.84	0.004130077
71.86	0.004024591
71.88	0.003890446
71.9	0.003757899
71.92	0.003675315
71.94	0.003677829
71.96	0.003764614
71.98	0.003893704
72	0.004005125
72.02	0.004071524
72.04	0.004097454
72.06	0.004112414
72.08	0.004149938
72.1	0.004241603
72.12	0.004404876
72.14	0.004630735
72.16	0.004893968
72.18	0.005155109
72.2	0.005383409
72.22	0.005569443
72.24	0.005724875
72.26	0.005839649
72.28	0.005891433
72.3	0.005862143
72.32	0.005740183
72.34	0.005549256
72.36	0.005348714
72.38	0.005197348
72.4	0.005124812
72.42	0.00512705
72.44	0.005194766
72.46	0.005322776
72.48	0.005494978
72.5	0.005688403
72.52	0.005861593
72.54	0.005994804
72.56	0.006094972
72.58	0.006161661
72.6	0.006177849
72.62	0.006125575
72.64	0.006027941
72.66	0.005949679
72.68	0.005954441
72.7	0.006071072
72.72	0.00627529
72.74	0.006525676
72.76	0.006767188
72.78	0.006961395
72.8	0.007105884
72.82	0.007200869
72.84	0.007242953
72.86	0.007216266
72.88	0.007118195
72.9	0.006936649
72.92	0.006673388
72.94	0.006337229
72.96	0.005928439
72.98	0.005490956
73	0.005083146
73.02	0.004763782
73.04	0.004540713
73.06	0.004404534
73.08	0.004339189
73.1	0.004286577
73.12	0.004206555
73.14	0.004101131
73.16	0.003982964
73.18	0.003873769
73.2	0.003794716
73.22	0.003765097
73.24	0.003776813
73.26	0.003816068
73.28	0.003872733
73.3	0.003924304
73.32	0.00395915
73.34	0.003987182
73.36	0.004017635
73.38	0.004043056
73.4	0.004042444
73.42	0.004001177
73.44	0.003906649
73.46	0.003767581
73.48	0.003597894
73.5	0.003412804
73.52	0.003217317
73.54	0.003018185
73.56	0.002833254
73.58	0.00267133
73.6	0.002532053
73.62	0.002416466
73.64	0.002333168
73.66	0.002296338
73.68	0.002328914
73.7	0.002405187
73.72	0.002476525
73.74	0.002514814
73.76	0.002523131
73.78	0.002529054
73.8	0.002570944
73.82	0.002656178
73.84	0.002748609
73.86	0.002834561
73.88	0.002904945
73.9	0.002954211
73.92	0.002974102
73.94	0.002972284
73.96	0.002953962
73.98	0.002917953
74	0.002855345
74.02	0.002741594
74.04	0.00255478
74.06	0.002288591
74.08	0.001994078
74.1	0.001716942
74.12	0.001475512
74.14	0.001265382
74.16	0.001079335
74.18	0.000896631
74.2	0.000682052
74.22	0.000422162
74.24	0.000136389
74.26	-0.000147763
74.28	-0.000401488
74.3	-0.000601375
74.32	-0.000747513
74.34	-0.000847176
74.36	-0.000942236
74.38	-0.001058656
74.4	-0.001187231
74.42	-0.001306107
74.44	-0.001391578
74.46	-0.001423676
74.48	-0.001392287
74.5	-0.001294576
74.52	-0.001149496
74.54	-0.000967751
74.56	-0.000808924
74.58	-0.000691771
74.6	-0.000627853
74.62	-0.000619528
74.64	-0.000658383
74.66	-0.000728931
74.68	-0.000820399
74.7	-0.000916316
74.72	-0.000993362
74.74	-0.001016137
74.76	-0.000975453
74.78	-0.000893169
74.8	-0.000811536
74.82	-0.000769033
74.84	-0.000765391
74.86	-0.000787707
74.88	-0.000813464
74.9	-0.000830329
74.92	-0.000851103
74.94	-0.000885636
74.96	-0.000937805
74.98	-0.000986257
75	-0.001005764
75.02	-0.000978523
75.04	-0.000899184
75.06	-0.00077239
75.08	-0.000593305
75.1	-0.000370164
75.12	-0.000131714
75.14	9.08596E-05
75.16	0.000280769
75.18	0.000442533
75.2	0.0005856
75.22	0.000736299
75.24	0.000902501
75.26	0.001073373
75.28	0.001219196
75.3	0.00131636
75.32	0.001375902
75.34	0.0013854
75.36	0.001352215
75.38	0.001273777
75.4	0.001152759
75.42	0.001009325
75.44	0.000862293
75.46	0.0007196
75.48	0.000566556
75.5	0.000408666
75.52	0.000259775
75.54	0.000139434
75.56	5.3012E-05
75.58	-1.83726E-05
75.6	-0.000105606
75.62	-0.000204224
75.64	-0.000319602
75.66	-0.000459031
75.68	-0.00063044
75.7	-0.000833333
75.72	-0.001048861
75.74	-0.001239076
75.76	-0.001373455
75.78	-0.001456667
75.8	-0.001490911
75.82	-0.001474236
75.84	-0.001400154
75.86	-0.001276861
75.88	-0.001134919
75.9	-0.001009514
75.92	-0.000917913
75.94	-0.000842739
75.96	-0.000745888
75.98	-0.000622584
76	-0.000504493
76.02	-0.00042945
76.04	-0.000425031
76.06	-0.000496572
76.08	-0.000626329
76.1	-0.000784155
76.12	-0.000929727
76.14	-0.001015067
76.16	-0.001004385
76.18	-0.000905997
76.2	-0.000765677
76.22	-0.000676146
76.24	-0.000682103
76.26	-0.000780047
76.28	-0.00093981
76.3	-0.001107331
76.32	-0.001249958
76.34	-0.001356034
76.36	-0.001401449
76.38	-0.001366054
76.4	-0.001252758
76.42	-0.00105959
76.44	-0.000786356
76.46	-0.000447707
76.48	-6.9289E-05
76.5	0.000330957
76.52	0.000724177
76.54	0.001086667
76.56	0.001420604
76.58	0.0017396
76.6	0.002037296
76.62	0.00230729
76.64	0.00253784
76.66	0.002723431
76.68	0.002850942
76.7	0.002919288
76.72	0.00294713
76.74	0.002944317
76.76	0.002919983
76.78	0.002884846
76.8	0.002842289
76.82	0.002782071
76.84	0.002681274
76.86	0.002534766
76.88	0.002347408
76.9	0.002131212
76.92	0.001925009
76.94	0.001763944
76.96	0.001655379
76.98	0.001592546
77	0.001566483
77.02	0.001562576
77.04	0.00156896
77.06	0.001590788
77.08	0.001626728
77.1	0.001668982
77.12	0.001717551
77.14	0.001778439
77.16	0.001852882
77.18	0.001938658
77.2	0.002048129
77.22	0.00218876
77.24	0.002374071
77.26	0.002592159
77.28	0.00280157
77.3	0.002961362
77.32	0.003054184
77.34	0.003082731
77.36	0.003064561
77.38	0.003035196
77.4	0.003014278
77.42	0.003008995
77.44	0.003015455
77.46	0.003003277
77.48	0.002943195
77.5	0.002825938
77.52	0.002665403
77.54	0.002495265
77.56	0.002357983
77.58	0.00229094
77.6	0.002283582
77.62	0.002296465
77.64	0.002292277
77.66	0.002252969
77.68	0.002184924
77.7	0.002114265
77.72	0.002061826
77.74	0.002029847
77.76	0.00202373
77.78	0.002048586
77.8	0.002099247
77.82	0.002181591
77.84	0.002293859
77.86	0.002446353
77.88	0.002649386
77.9	0.002910559
77.92	0.003222187
77.94	0.003555646
77.96	0.00387095
77.98	0.004132992
78	0.004322271
78.02	0.004441572
78.04	0.004488009
78.06	0.004456862
78.08	0.004337893
78.1	0.004127318
78.12	0.003835045
78.14	0.003517648
78.16	0.003173789
78.18	0.002828489
78.2	0.002513236
78.22	0.002248986
78.24	0.002056212
78.26	0.001930108
78.28	0.001853523
78.3	0.001793503
78.32	0.00173549
78.34	0.001681674
78.36	0.001634094
78.38	0.001600616
78.4	0.00157978
78.42	0.001566889
78.44	0.001563282
78.46	0.001576627
78.48	0.00162112
78.5	0.001701117
78.52	0.001818177
78.54	0.001969078
78.56	0.002140961
78.58	0.002318778
78.6	0.00247914
78.62	0.002602731
78.64	0.002681742
78.66	0.002709479
78.68	0.00267809
78.7	0.002586138
78.72	0.002433549
78.74	0.002230808
78.76	0.002009872
78.78	0.001804904
78.8	0.001630826
78.82	0.001516616
78.84	0.001455885
78.86	0.001444363
78.88	0.001500001
78.9	0.001600986
78.92	0.001734981
78.94	0.001882954
78.96	0.0020373
78.98	0.002186717
79	0.002326605
79.02	0.002447118
79.04	0.002530989
79.06	0.002596875
79.08	0.002656523
79.1	0.002733481
79.12	0.002843139
79.14	0.002976859
79.16	0.00310106
79.18	0.003170747
79.2	0.00315182
79.22	0.003038415
79.24	0.002850691
79.26	0.002617698
79.28	0.00236111
79.3	0.002100027
79.32	0.00186052
79.34	0.001661995
79.36	0.001510479
79.38	0.001391527
79.4	0.00129615
79.42	0.001233152
79.44	0.001219854
79.46	0.001274983
79.48	0.001394432
79.5	0.001540488
79.52	0.001675227
79.54	0.001763832
79.56	0.001776082
79.58	0.001694526
79.6	0.00152026
79.62	0.001260031
79.64	0.000953345
79.66	0.000639265
79.68	0.000350812
79.7	0.00011616
79.72	-2.51032E-05
79.74	-7.56373E-05
79.76	-6.13902E-05
79.78	-1.71525E-05
79.8	2.079E-05
79.82	3.66665E-05
79.84	2.16261E-05
79.86	-1.45121E-05
79.88	-6.08309E-05
79.9	-0.000120145
79.92	-0.000181583
79.94	-0.000234701
79.96	-0.000272963
79.98	-0.000290294
80	-0.000280057
80.02	-0.000238929
80.04	-0.000195324
80.06	-0.000137809
80.08	-7.51187E-05
80.1	-3.36007E-05
80.12	-4.5441E-05
80.14	-0.000123012
80.16	-0.000260632
80.18	-0.000413935
80.2	-0.000546859
80.22	-0.000656533
80.24	-0.000752034
80.26	-0.00082581
80.28	-0.000873406
80.3	-0.000879831
80.32	-0.000821366
80.34	-0.000686678
80.36	-0.000465953
80.38	-0.000163094
80.4	0.000191132
80.42	0.000549156
80.44	0.000863694
80.46	0.001091613
80.48	0.001216012
80.5	0.001265993
80.52	0.001286999
80.54	0.001326765
80.56	0.001397775
80.58	0.001482602
80.6	0.001541415
80.62	0.001534973
80.64	0.001440837
80.66	0.001265105
80.68	0.001042868
80.7	0.000815648
80.72	0.000633101
80.74	0.000498472
80.76	0.000416928
80.78	0.000382915
80.8	0.000381133
80.82	0.000395916
80.84	0.00042423
80.86	0.000482339
80.88	0.000592469
80.9	0.000774684
80.92	0.001018276
80.94	0.001291696
80.96	0.001583424
80.98	0.00187803
81	0.00216188
81.02	0.002406785
81.04	0.002585735
81.06	0.002682052
81.08	0.002703194
81.1	0.002679502
81.12	0.002635761
81.14	0.002586967
81.16	0.002542717
81.18	0.002501048
81.2	0.002442026
81.22	0.002347355
81.24	0.00220489
81.26	0.00202294
81.28	0.001832619
81.3	0.001670973
81.32	0.001574926
81.34	0.001537856
81.36	0.001547025
81.38	0.00159786
81.4	0.001691495
81.42	0.001834019
81.44	0.002016005
81.46	0.002216992
81.48	0.002417575
81.5	0.002617486
81.52	0.002806365
81.54	0.002959334
81.56	0.003051168
81.58	0.00305553
81.6	0.003009387
81.62	0.002941878
81.64	0.002860984
81.66	0.002761452
81.68	0.002649406
81.7	0.002527606
81.72	0.002412525
81.74	0.002323187
81.76	0.002259496
81.78	0.002238131
81.8	0.00228239
81.82	0.00239687
81.84	0.002569172
81.86	0.002776212
81.88	0.002981063
81.9	0.003155097
81.92	0.003295025
81.94	0.003410505
81.96	0.00351007
81.98	0.003600698
82	0.003667835
82.02	0.003685936
82.04	0.003637604
82.06	0.003521858
82.08	0.003344693
82.1	0.003120099
82.12	0.002868529
82.14	0.002615428
82.16	0.002380886
82.18	0.002166235
82.2	0.001971698
82.22	0.001789239
82.24	0.001617108
82.26	0.001473671
82.28	0.001376298
82.3	0.001321305
82.32	0.001314699
82.34	0.001361048
82.36	0.001456476
82.38	0.00159763
82.4	0.001787181
82.42	0.002020158
82.44	0.002280547
82.46	0.002558405
82.48	0.002824988
82.5	0.003052683
82.52	0.003224629
82.54	0.003335479
82.56	0.003388544
82.58	0.003392366
82.6	0.003364785
82.62	0.003305074
82.64	0.003200092
82.66	0.003048402
82.68	0.002856849
82.7	0.002647443
82.72	0.002461668
82.74	0.002326598
82.76	0.002236309
82.78	0.002193648
82.8	0.002211
82.82	0.002282456
82.84	0.002393193
82.86	0.002527897
82.88	0.002661102
82.9	0.002785333
82.92	0.002887041
82.94	0.002940908
82.96	0.002921537
82.98	0.002825735
83	0.002683455
83.02	0.002530201
83.04	0.002409999
83.06	0.002347211
83.08	0.002342156
83.1	0.002375063
83.12	0.002427769
83.14	0.002480954
83.16	0.002504395
83.18	0.00248082
83.2	0.002406564
83.22	0.002293632
83.24	0.002172618
83.26	0.002066045
83.28	0.001970917
83.3	0.001885781
83.32	0.00181218
83.34	0.001753738
83.36	0.001731388
83.38	0.001756183
83.4	0.001823869
83.42	0.001933183
83.44	0.002072502
83.46	0.002222769
83.48	0.002354884
83.5	0.002417915
83.52	0.002360376
83.54	0.002172214
83.56	0.001868563
83.58	0.001480843
83.6	0.00103547
83.62	0.000551024
83.64	4.99355E-05
83.66	-0.000404442
83.68	-0.000762914
83.7	-0.001003923
83.72	-0.001120333
83.74	-0.001113008
83.76	-0.001006713
83.78	-0.000839878
83.8	-0.000636378
83.82	-0.000413262
83.84	-0.000190951
83.86	1.12223E-05
83.88	0.000186961
83.9	0.000329298
83.92	0.000413312
83.94	0.000448853
83.96	0.000435843
83.98	0.000391964
84	0.000351024
84.02	0.000326496
84.04	0.00031085
84.06	0.000288127
84.08	0.000240745
84.1	0.00015362
84.12	1.14456E-05
84.14	-0.000177774
84.16	-0.000391702
84.18	-0.000607127
84.2	-0.000808303
84.22	-0.000991463
84.24	-0.001154433
84.26	-0.0012923
84.28	-0.001370651
84.3	-0.001370017
84.32	-0.001283691
84.34	-0.001116587
84.36	-0.000900881
84.38	-0.000681924
84.4	-0.000489916
84.42	-0.000341016
84.44	-0.000229164
84.46	-0.000134312
84.48	-2.81491E-05
84.5	0.00012252
84.52	0.000338155
84.54	0.000603228
84.56	0.0008785
84.58	0.001138023
84.6	0.001333396
84.62	0.001431876
84.64	0.001427654
84.66	0.001340675
84.68	0.001204443
84.7	0.0010553
84.72	0.000923199
84.74	0.000800193
84.76	0.000688452
84.78	0.000593508
84.8	0.000525319
84.82	0.000491428
84.84	0.000505069
84.86	0.000587936
84.88	0.000751535
84.9	0.000995146
84.92	0.001302095
84.94	0.001608696
84.96	0.001877554
84.98	0.002077824
85	0.00218942
85.02	0.002210115
85.04	0.002154378
85.06	0.002067104
85.08	0.001965046
85.1	0.001850159
85.12	0.00174945
85.14	0.001680619
85.16	0.001644156
85.18	0.001637117
85.2	0.001670027
85.22	0.001742335
85.24	0.001866747
85.26	0.002062801
85.28	0.002299361
85.3	0.002554099
85.32	0.002807549
85.34	0.003029043
85.36	0.003198303
85.38	0.003298316
85.4	0.003339522
85.42	0.003324157
85.44	0.003264036
85.46	0.003177219
85.48	0.003076157
85.5	0.00297218
85.52	0.00287928
85.54	0.002810045
85.56	0.002765277
85.58	0.002747581
85.6	0.002742789
85.62	0.002738741
85.64	0.002699329
85.66	0.002615607
85.68	0.002495521
85.7	0.002341011
85.72	0.002179076
85.74	0.002047372
85.76	0.001975645
85.78	0.001980328
85.8	0.002071814
85.82	0.002207643
85.84	0.002367407
85.86	0.002550221
85.88	0.002742259
85.9	0.002927241
85.92	0.003091831
85.94	0.003226165
85.96	0.003330944
85.98	0.003394105
86	0.00339025
86.02	0.00330126
86.04	0.00313751
86.06	0.002943259
86.08	0.002752328
86.1	0.002589814
86.12	0.00247562
86.14	0.00241833
86.16	0.002417091
86.18	0.002458519
86.2	0.002519101
86.22	0.002560427
86.24	0.002571211
86.26	0.002555114
86.28	0.002538655
86.3	0.002564715
86.32	0.002658076
86.34	0.002828846
86.36	0.003055916
86.38	0.003303317
86.4	0.003530734
86.42	0.003701392
86.44	0.003801845
86.46	0.003836625
86.48	0.003827621
86.5	0.003796732
86.52	0.003756026
86.54	0.003696182
86.56	0.00359372
86.58	0.003438063
86.6	0.003222257
86.62	0.002971721
86.64	0.002723927
86.66	0.002519299
86.68	0.002380489
86.7	0.002313833
86.72	0.002301689
86.74	0.002317624
86.76	0.002350981
86.78	0.002410779
86.8	0.002491964
86.82	0.002600858
86.84	0.002736927
86.86	0.002897139
86.88	0.003065569
86.9	0.003210472
86.92	0.003286675
86.94	0.003254096
86.96	0.003142698
86.98	0.002986974
87	0.002830154
87.02	0.002699163
87.04	0.002598438
87.06	0.002508934
87.08	0.002408174
87.1	0.002272191
87.12	0.002076706
87.14	0.001829444
87.16	0.001547907
87.18	0.001252963
87.2	0.000957977
87.22	0.000686969
87.24	0.000467426
87.26	0.000325635
87.28	0.000249147
87.3	0.000232494
87.32	0.000266197
87.34	0.000343969
87.36	0.000448789
87.38	0.000559036
87.4	0.000657471
87.42	0.000711779
87.44	0.000717635
87.46	0.000680277
87.48	0.000601129
87.5	0.000475548
87.52	0.000315983
87.54	0.00013484
87.56	-5.30616E-05
87.58	-0.000225131
87.6	-0.000363607
87.62	-0.000465934
87.64	-0.000543667
87.66	-0.000613117
87.68	-0.000693135
87.7	-0.000789024
87.72	-0.000879719
87.74	-0.00092763
87.76	-0.000920231
87.78	-0.000841316
87.8	-0.000702059
87.82	-0.000526786
87.84	-0.000353102
87.86	-0.000213601
87.88	-0.000145226
87.9	-0.00013782
87.92	-0.000166343
87.94	-0.000217338
87.96	-0.000285337
87.98	-0.000374346
88	-0.000491094
88.02	-0.000639042
88.04	-0.000815881
88.06	-0.001013174
88.08	-0.001221572
88.1	-0.001425675
88.12	-0.00160161
88.14	-0.001752357
88.16	-0.001883875
88.18	-0.002023099
88.2	-0.002183483
88.22	-0.002354818
88.24	-0.002504924
88.26	-0.002602514
88.28	-0.002631309
88.3	-0.002581012
88.32	-0.002457925
88.34	-0.002285654
88.36	-0.002101251
88.38	-0.001930848
88.4	-0.001783749
88.42	-0.001653405
88.44	-0.001534475
88.46	-0.001440469
88.48	-0.001387773
88.5	-0.001386815
88.52	-0.001436574
88.54	-0.001525542
88.56	-0.001641382
88.58	-0.00177367
88.6	-0.001907476
88.62	-0.002031639
88.64	-0.002131382
88.66	-0.002205699
88.68	-0.002247183
88.7	-0.002241338
88.72	-0.002187111
88.74	-0.002097979
88.76	-0.001987161
88.78	-0.001862777
88.8	-0.001732315
88.82	-0.001595534
88.84	-0.001447622
88.86	-0.001283421
88.88	-0.001085522
88.9	-0.000850175
88.92	-0.00059567
88.94	-0.000360737
88.96	-0.000166663
88.98	-2.30325E-05
89	7.01018E-05
89.02	0.000137001
89.04	0.000192081
89.06	0.000242707
89.08	0.000277106
89.1	0.000300371
89.12	0.000325925
89.14	0.00035745
89.16	0.000401074
89.18	0.000448587
89.2	0.000497795
89.22	0.000550439
89.24	0.000619056
89.26	0.000693041
89.28	0.000740629
89.3	0.000749088
89.32	0.000712585
89.34	0.00063226
89.36	0.000528335
89.38	0.000416113
89.4	0.000303276
89.42	0.00019722
89.44	0.000113771
89.46	5.86371E-05
89.48	2.64458E-05
89.5	2.19768E-05
89.52	2.65515E-05
89.54	5.88214E-06
89.56	-5.89982E-05
89.58	-0.000165055
89.6	-0.000315087
89.62	-0.000498027
89.64	-0.000685084
89.66	-0.000845969
89.68	-0.00095197
89.7	-0.000968325
89.72	-0.000899243
89.74	-0.00075851
89.76	-0.000559512
89.78	-0.000319106
89.8	-6.5827E-05
89.82	0.000167569
89.84	0.00037649
89.86	0.000547792
89.88	0.000657288
89.9	0.000697111
89.92	0.000667683
89.94	0.00058971
89.96	0.000493859
89.98	0.000406008
90	0.000321431
90.02	0.000227986
90.04	0.000124627
90.06	1.29613E-05
90.08	-8.62917E-05
90.1	-0.000157683
90.12	-0.000186234
90.14	-0.000163615
90.16	-9.78018E-05
90.18	-3.29357E-06
90.2	9.58502E-05
90.22	0.000182896
90.24	0.000255912
90.26	0.000322335
90.28	0.00040264
90.3	0.000536561
90.32	0.000735706
90.34	0.000989274
90.36	0.001272494
90.38	0.001564239
90.4	0.001869153
90.42	0.002171798
90.44	0.002461121
90.46	0.002729692
90.48	0.002959695
90.5	0.003132111
90.52	0.003225361
90.54	0.00323577
90.56	0.003167282
90.58	0.003031005
90.6	0.002859841
90.62	0.002679377
90.64	0.002510142
90.66	0.002379984
90.68	0.002296469
90.7	0.002268162
90.72	0.00229795
90.74	0.002376454
90.76	0.002488199
90.78	0.002615723
90.8	0.002750884
90.82	0.002878739
90.84	0.002995941
90.86	0.00309634
90.88	0.003177467
90.9	0.003249649
90.92	0.003315324
90.94	0.003384326
90.96	0.003440896
90.98	0.003466311
91	0.003452299
91.02	0.003408333
91.04	0.003363501
91.06	0.003343781
91.08	0.003360462
91.1	0.003403001
91.12	0.0034523
91.14	0.003487034
91.16	0.003493735
91.18	0.003470367
91.2	0.003422343
91.22	0.003365179
91.24	0.003305136
91.26	0.003241919
91.28	0.003172992
91.3	0.00309052
91.32	0.00298495
91.34	0.002863423
91.36	0.002753001
91.38	0.002653188
91.4	0.002568143
91.42	0.002502813
91.44	0.002451248
91.46	0.00238861
91.48	0.002302346
91.5	0.002184788
91.52	0.00205126
91.54	0.001927342
91.56	0.001825914
91.58	0.001748062
91.6	0.001689014
91.62	0.001647312
91.64	0.001613339
91.66	0.001578541
91.68	0.001549276
91.7	0.001539952
91.72	0.001570627
91.74	0.001651542
91.76	0.001781244
91.78	0.001936839
91.8	0.00209985
91.82	0.00225416
91.84	0.002389392
91.86	0.002500087
91.88	0.00258314
91.9	0.00263494
91.92	0.002650003
91.94	0.002624389
91.96	0.00254863
91.98	0.002420672
92	0.00225373
92.02	0.002066188
92.04	0.001880294
92.06	0.001704065
92.08	0.001541561
92.1	0.001404604
92.12	0.001304604
92.14	0.001252188
92.16	0.001249671
92.18	0.001291912
92.2	0.001360415
92.22	0.001435279
92.24	0.001495234
92.26	0.001525608
92.28	0.001534619
92.3	0.001540171
92.32	0.001559326
92.34	0.001591273
92.36	0.001621589
92.38	0.001624792
92.4	0.001593856
92.42	0.001533738
92.44	0.001447042
92.46	0.001351926
92.48	0.001265344
92.5	0.001200495
92.52	0.001162202
92.54	0.00113759
92.56	0.001097567
92.58	0.00103622
92.6	0.000960648
92.62	0.000887065
92.64	0.000837807
92.66	0.000829461
92.68	0.000866792
92.7	0.000947316
92.72	0.001075289
92.74	0.001225336
92.76	0.001396479
92.78	0.001593233
92.8	0.001811846
92.82	0.0020425
92.84	0.002262066
92.86	0.002445911
92.88	0.002583446
92.9	0.002681233
92.92	0.002726302
92.94	0.002723202
92.96	0.002678295
92.98	0.002598772
93	0.002491603
93.02	0.002360102
93.04	0.002210327
93.06	0.002055838
93.08	0.001923645
93.1	0.001824335
93.12	0.001770739
93.14	0.001763233
93.16	0.00178788
93.18	0.001825097
93.2	0.001859899
93.22	0.001886878
93.24	0.001917313
93.26	0.001964845
93.28	0.002027986
93.3	0.002095152
93.32	0.002154691
93.34	0.002201499
93.36	0.002230053
93.38	0.002235751
93.4	0.002209623
93.42	0.002139816
93.44	0.002032567
93.46	0.00189609
93.48	0.001735012
93.5	0.001551631
93.52	0.00134815
93.54	0.001133604
93.56	0.000925175
93.58	0.000742445
93.6	0.000590821
93.62	0.000466364
93.64	0.000356346
93.66	0.000250177
93.68	0.000143753
93.7	3.84495E-05
93.72	-5.20419E-05
93.74	-0.000110589
93.76	-0.000111532
93.78	-7.1694E-05
93.8	-8.01467E-06
93.82	5.995E-05
93.84	0.000125765
93.86	0.000196912
93.88	0.000281273
93.9	0.000370617
93.92	0.000451521
93.94	0.000524514
93.96	0.000578553
93.98	0.000612775
94	0.000626745
94.02	0.000627407
94.04	0.000623687
94.06	0.000632973
94.08	0.000669842
94.1	0.000739985
94.12	0.000841503
94.14	0.00096865
94.16	0.001112401
94.18	0.001271606
94.2	0.00146065
94.22	0.001682846
94.24	0.00193206
94.26	0.002185645
94.28	0.002424387
94.3	0.002634009
94.32	0.002819251
94.34	0.002993548
94.36	0.003161631
94.38	0.003317368
94.4	0.003452252
94.42	0.003555754
94.44	0.003621311
94.46	0.00365133
94.48	0.003648741
94.5	0.003618325
94.52	0.003567788
94.54	0.003509647
94.56	0.003448198
94.58	0.003377873
94.6	0.00329526
94.62	0.003209698
94.64	0.003130641
94.66	0.003072493
94.68	0.003034927
94.7	0.003007262
94.72	0.002973776
94.74	0.002929653
94.76	0.002873828
94.78	0.002806557
94.8	0.002738323
94.82	0.002676232
94.84	0.002625548
94.86	0.002576641
94.88	0.002517944
94.9	0.002444671
94.92	0.002350594
94.94	0.002238758
94.96	0.002121916
94.98	0.002021062
95	0.001949662
95.02	0.001917116
95.04	0.001913722
95.06	0.001908452
95.08	0.001881247
95.1	0.00181952
95.12	0.001720513
95.14	0.001592082
95.16	0.001447038
95.18	0.001295601
95.2	0.001146627
95.22	0.001004102
95.24	0.000868867
95.26	0.000744657
95.28	0.000647242
95.3	0.000590873
95.32	0.000577702
95.34	0.00060883
95.36	0.000674836
95.38	0.000763867
95.4	0.000861217
95.42	0.000948459
95.44	0.001005339
95.46	0.00101975
95.48	0.000996317
95.5	0.000939431
95.52	0.000859672
95.54	0.000770577
95.56	0.000693494
95.58	0.000656343
95.6	0.000678442
95.62	0.000769121
95.64	0.00090817
95.66	0.001065215
95.68	0.001208366
95.7	0.001317836
95.72	0.001403563
95.74	0.001471949
95.76	0.001531142
95.78	0.001574456
95.8	0.00158094
95.82	0.001530446
95.84	0.001426018
95.86	0.001280505
95.88	0.00111651
95.9	0.000964359
95.92	0.000838664
95.94	0.000755056
95.96	0.000709059
95.98	0.000681401
96	0.000633181
96.02	0.000545115
96.04	0.000416443
96.06	0.000272081
96.08	0.000152324
96.1	7.24289E-05
96.12	2.6633E-05
96.14	-9.23286E-06
96.16	-6.23565E-05
96.18	-0.000149853
96.2	-0.000272256
96.22	-0.000415772
96.24	-0.000555914
96.26	-0.000663975
96.28	-0.000720545
96.3	-0.000725432
96.32	-0.000704254
96.34	-0.000684999
96.36	-0.000678093
96.38	-0.000680378
96.4	-0.000678347
96.42	-0.000660881
96.44	-0.000625875
96.46	-0.000575394
96.48	-0.000518229
96.5	-0.000465623
96.52	-0.000427512
96.54	-0.000414042
96.56	-0.00043655
96.58	-0.000497976
96.6	-0.000579728
96.62	-0.000671192
96.64	-0.000771419
96.66	-0.000874418
96.68	-0.000967431
96.7	-0.001032617
96.72	-0.001058454
96.74	-0.001043414
96.76	-0.001006093
96.78	-0.000964177
96.8	-0.000919305
96.82	-0.000872412
96.84	-0.000813066
96.86	-0.000726473
96.88	-0.000612603
96.9	-0.000485916
96.92	-0.000367013
96.94	-0.000259287
96.96	-0.000139689
96.98	1.62278E-06
97	0.00016706
97.02	0.00035546
97.04	0.000560062
97.06	0.00076745
97.08	0.000966232
97.1	0.001134802
97.12	0.001244324
97.14	0.00128546
97.16	0.001263957
97.18	0.001192709
97.2	0.00108626
97.22	0.000955408
97.24	0.000795295
97.26	0.00061301
97.28	0.000416888
97.3	0.000221051
97.32	4.25815E-05
97.34	-0.000106899
97.36	-0.000222012
97.38	-0.000306812
97.4	-0.000388181
97.42	-0.000489609
97.44	-0.000625003
97.46	-0.000777866
97.48	-0.000923014
97.5	-0.001023256
97.52	-0.001052959
97.54	-0.00101951
97.56	-0.000946047
97.58	-0.000871115
97.6	-0.00082367
97.62	-0.000827142
97.64	-0.000878399
97.66	-0.000963849
97.68	-0.001055873
97.7	-0.00111916
97.72	-0.001131637
97.74	-0.001104963
97.76	-0.001060874
97.78	-0.001019895
97.8	-0.000990028
97.82	-0.000970222
97.84	-0.000960378
97.86	-0.000968118
97.88	-0.000989262
97.9	-0.001009447
97.92	-0.001027025
97.94	-0.00103448
97.96	-0.001021267
97.98	-0.000994218
98	-0.000966692
98.02	-0.000931282
98.04	-0.000884887
98.06	-0.000817337
98.08	-0.000711611
98.1	-0.000556402
98.12	-0.000355109
98.14	-0.000112802
98.16	0.000152059
98.18	0.000394208
98.2	0.000593135
98.22	0.000751576
98.24	0.000867533
98.26	0.000950118
98.28	0.001005593
98.3	0.00104465
98.32	0.001082381
98.34	0.001132247
98.36	0.00122069
98.38	0.001342136
98.4	0.001505524
98.42	0.001704995
98.44	0.001920922
98.46	0.002138777
98.48	0.002338342
98.5	0.002498622
98.52	0.0025976
98.54	0.002631263
98.56	0.002608716
98.58	0.002552587
98.6	0.002478139
98.62	0.002392047
98.64	0.002291498
98.66	0.002181591
98.68	0.002070409
98.7	0.001974305
98.72	0.001902499
98.74	0.001868304
98.76	0.001887011
98.78	0.001962497
98.8	0.002084902
98.82	0.002207923
98.84	0.002292331
98.86	0.002322513
98.88	0.002300333
98.9	0.002243924
98.92	0.002169513
98.94	0.00209948
98.96	0.002043206
98.98	0.002010976
99	0.001996218
99.02	0.001980054
99.04	0.001953787
99.06	0.001904949
99.08	0.001833401
99.1	0.001753704
99.12	0.001681327
99.14	0.001619695
99.16	0.001572506
99.18	0.001529911
99.2	0.001498228
99.22	0.001473438
99.24	0.001437006
99.26	0.00136412
99.28	0.00124571
99.3	0.001109811
99.32	0.000980334
99.34	0.000894334
99.36	0.000867112
99.38	0.000904743
99.4	0.001005349
99.42	0.001132914
99.44	0.001254755
99.46	0.001350316
99.48	0.00141827
99.5	0.00146019
99.52	0.001487679
99.54	0.001503949
99.56	0.001511004
99.58	0.001509943
99.6	0.001491257
99.62	0.001437072
99.64	0.001337405
99.66	0.00120076
99.68	0.001046013
99.7	0.000904459
99.72	0.000798805
99.74	0.000734076
99.76	0.000707123
99.78	0.000716389
99.8	0.000760844
99.82	0.000834657
99.84	0.000932404
99.86	0.001050675
99.88	0.001175493
99.9	0.001301018
99.92	0.001426251
99.94	0.001546888
99.96	0.001663885
99.98	0.00178173
100	0.0019132
100.02	0.002047226
100.04	0.002170702
100.06	0.002263124
100.08	0.002304354
100.1	0.002293806
100.12	0.002239933
100.14	0.002165142
100.16	0.002084884
100.18	0.002011666
100.2	0.001956024
100.22	0.001916201
100.24	0.001884505
100.26	0.001854924
100.28	0.001829707
100.3	0.001812834
100.32	0.001807871
100.34	0.001828077
100.36	0.001876643
100.38	0.001954169
100.4	0.002053102
100.42	0.002155831
100.44	0.002257458
100.46	0.002354841
100.48	0.002451513
100.5	0.002537028
100.52	0.002597153
100.54	0.002614845
100.56	0.002576901
100.58	0.002488333
100.6	0.002357996
100.62	0.002203956
100.64	0.002044243
100.66	0.001893205
100.68	0.001755636
100.7	0.001633821
100.72	0.001538565
100.74	0.0014726
100.76	0.00143854
100.78	0.001440462
100.8	0.001479033
100.82	0.001560019
100.84	0.00170062
100.86	0.001898074
100.88	0.002128875
100.9	0.002364506
100.92	0.002587063
100.94	0.002774142
100.96	0.002910806
100.98	0.002978656
101	0.002958108
101.02	0.00285965
101.04	0.002702813
101.06	0.002518022
101.08	0.002327193
101.1	0.002156763
101.12	0.002010191
101.14	0.001884345
101.16	0.001768059
101.18	0.001647087
101.2	0.00151015
101.22	0.0013522
101.24	0.00117717
101.26	0.001001903
101.28	0.000849438
101.3	0.000730266
101.32	0.000640364
101.34	0.000571431
101.36	0.000507913
101.38	0.000453815
101.4	0.000424247
101.42	0.000426729
101.44	0.000467979
101.46	0.00054775
101.48	0.000660459
101.5	0.000790347
101.52	0.000910305
101.54	0.000986194
101.56	0.00098569
101.58	0.000904701
101.6	0.000752787
101.62	0.00055065
101.64	0.000319037
101.66	7.50025E-05
101.68	-0.000155434
101.7	-0.000347987
101.72	-0.00048611
101.74	-0.000565149
101.76	-0.000596911
101.78	-0.000591221
101.8	-0.000542301
101.82	-0.000458911
101.84	-0.000351709
101.86	-0.000237658
101.88	-0.000125938
101.9	-1.8421E-05
101.92	9.75818E-05
101.94	0.000219689
101.96	0.00034699
101.98	0.000485181
102	0.000625031
102.02	0.000763175
102.04	0.000893707
102.06	0.001010913
102.08	0.001115957
102.1	0.001209748
102.12	0.00129151
102.14	0.00136121
102.16	0.001434272
102.18	0.001525613
102.2	0.001637873
102.22	0.001761805
102.24	0.001887542
102.26	0.002007276
102.28	0.002124064
102.3	0.002247748
102.32	0.002386188
102.34	0.002551813
102.36	0.002745013
102.38	0.002953412
102.4	0.003162111
102.42	0.003346765
102.44	0.003483064
102.46	0.00355679
102.48	0.003563213
102.5	0.003511053
102.52	0.003418626
102.54	0.003300326
102.56	0.003148656
102.58	0.002960164
102.6	0.002729818
102.62	0.002456357
102.64	0.002157422
102.66	0.001855613
102.68	0.001576926
102.7	0.001350664
102.72	0.001199276
102.74	0.001122927
102.76	0.001103958
102.78	0.001111892
102.8	0.001114248
102.82	0.001092154
102.84	0.001048398
102.86	0.000993854
102.88	0.000941996
102.9	0.000913457
102.92	0.000924242
102.94	0.000978156
102.96	0.001052986
102.98	0.001117274
103	0.001140243
103.02	0.001105775
103.04	0.001017198
103.06	0.000883929
103.08	0.000714521
103.1	0.00052258
103.12	0.000331161
103.14	0.000156748
103.16	3.86622E-06
103.18	-0.000139194
103.2	-0.000284195
103.22	-0.000433028
103.24	-0.000576128
103.26	-0.000692126
103.28	-0.000742247
103.3	-0.000730911
103.32	-0.000649261
103.34	-0.000510462
103.36	-0.000321864
103.38	-9.80719E-05
103.4	0.000141415
103.42	0.000370672
103.44	0.000574878
103.46	0.000765317
103.48	0.000942104
103.5	0.001114883
103.52	0.001275144
103.54	0.001423063
103.56	0.001555148
103.58	0.001669943
103.6	0.001779023
103.62	0.001877717
103.64	0.001959856
103.66	0.00201425
103.68	0.002034032
103.7	0.002016907
103.72	0.001966942
103.74	0.001899398
103.76	0.001824781
103.78	0.001768799
103.8	0.001746154
103.82	0.001756546
103.84	0.00177438
103.86	0.001772102
103.88	0.001742427
103.9	0.001698965
103.92	0.001660764
103.94	0.001643733
103.96	0.001649928
103.98	0.001679415
104	0.001733135
104.02	0.001796166
104.04	0.001842024
104.06	0.001840582
104.08	0.001787732
104.1	0.001701968
104.12	0.001602759
104.14	0.001511214
104.16	0.001450812
104.18	0.001427059
104.2	0.001436523
104.22	0.001477854
104.24	0.001541683
104.26	0.001616652
104.28	0.001704082
104.3	0.001790585
104.32	0.001873392
104.34	0.001957451
104.36	0.002045026
104.38	0.002118152
104.4	0.002154377
104.42	0.002149997
104.44	0.002106538
104.46	0.002030264
104.48	0.001934526
104.5	0.001838766
104.52	0.001741798
104.54	0.001658014
104.56	0.001595171
104.58	0.001557052
104.6	0.001537656
104.62	0.001530284
104.64	0.001516371
104.66	0.001497915
104.68	0.001489825
104.7	0.001498162
104.72	0.001514599
104.74	0.001537906
104.76	0.001568428
104.78	0.001614954
104.8	0.001679491
104.82	0.001746182
104.84	0.001816925
104.86	0.001896889
104.88	0.001987684
104.9	0.002078471
104.92	0.002139366
104.94	0.002139894
104.96	0.002055499
104.98	0.001891783
105	0.001666847
105.02	0.001408516
105.04	0.001145364
105.06	0.000897237
105.08	0.000686782
105.1	0.000523495
105.12	0.000405526
105.14	0.000312774
105.16	0.000237785
105.18	0.000199056
105.2	0.000196327
105.22	0.000241779
105.24	0.000319593
105.26	0.000409886
105.28	0.000490098
105.3	0.000539779
105.32	0.000542199
105.34	0.00049891
105.36	0.000432511
105.38	0.000361085
105.4	0.00031266
105.42	0.000298347
105.44	0.00029967
105.46	0.000280611
105.48	0.000203316
105.5	4.85368E-05
105.52	-0.000178249
105.54	-0.000459892
105.56	-0.000780484
105.58	-0.001125837
105.6	-0.001473449
105.62	-0.001798438
105.64	-0.002074564
105.66	-0.002275228
105.68	-0.002385112
105.7	-0.002401038
105.72	-0.00232818
105.74	-0.002157912
105.76	-0.001930716
105.78	-0.001668246
105.8	-0.001393189
105.82	-0.001123508
105.84	-0.000883682
105.86	-0.000689446
105.88	-0.000555869
105.9	-0.000504002
105.92	-0.00050826
105.94	-0.000556882
105.96	-0.000633784
105.98	-0.000714756
106	-0.000784387
106.02	-0.00084098
106.04	-0.000882249
106.06	-0.00091542
106.08	-0.00094943
106.1	-0.000991207
106.12	-0.001039441
106.14	-0.001088105
106.16	-0.001124443
106.18	-0.001133019
106.2	-0.001112233
106.22	-0.001059407
106.24	-0.000969943
106.26	-0.000841164
106.28	-0.000661432
106.3	-0.000433523
106.32	-0.000173596
106.34	9.98525E-05
106.36	0.000366903
106.38	0.000603361
106.4	0.000783675
106.42	0.000907601
106.44	0.000980474
106.46	0.001014828
106.48	0.001035666
106.5	0.00105099
106.52	0.00104611
106.54	0.001023215
106.56	0.00098088
106.58	0.000913331
106.6	0.000818001
106.62	0.000707901
106.64	0.000599103
106.66	0.000510668
106.68	0.000462559
106.7	0.000459781
106.72	0.00048894
106.74	0.000536634
106.76	0.000591019
106.78	0.000647236
106.8	0.000706281
106.82	0.000775383
106.84	0.00085694
106.86	0.000947566
106.88	0.001025224
106.9	0.001067355
106.92	0.001064648
106.94	0.001010262
106.96	0.000910018
106.98	0.000774816
107	0.000596216
107.02	0.000374623
107.04	0.000122217
107.06	-0.000130912
107.08	-0.000367721
107.1	-0.000573366
107.12	-0.000729473
107.14	-0.000825732
107.16	-0.000857845
107.18	-0.000834853
107.2	-0.000779398
107.22	-0.000714268
107.24	-0.000642449
107.26	-0.000557271
107.28	-0.000453856
107.3	-0.000333648
107.32	-0.000202776
107.34	-7.62572E-05
107.36	3.51887E-05
107.38	0.000129694
107.4	0.000197098
107.42	0.000229593
107.44	0.000226577
107.46	0.000190985
107.48	0.000140907
107.5	0.000102049
107.52	8.83629E-05
107.54	9.39105E-05
107.56	0.00010796
107.58	0.000126311
107.6	0.000147452
107.62	0.000167688
107.64	0.000184539
107.66	0.000193006
107.68	0.000199829
107.7	0.000226159
107.72	0.0002855
107.74	0.000375247
107.76	0.000494184
107.78	0.000630951
107.8	0.000776882
107.82	0.000926449
107.84	0.00107418
107.86	0.001220248
107.88	0.001363278
107.9	0.001506041
107.92	0.0016485
107.94	0.001784399
107.96	0.001891167
107.98	0.001940223
108	0.001934291
108.02	0.001869875
108.04	0.001769619
108.06	0.001662301
108.08	0.001581319
108.1	0.001555862
108.12	0.001609851
108.14	0.001743841
108.16	0.001929618
108.18	0.00214479
108.2	0.002359912
108.22	0.002554676
108.24	0.002714557
108.26	0.002838244
108.28	0.002932313
108.3	0.003000737
108.32	0.003044634
108.34	0.003058382
108.36	0.003035036
108.38	0.002980645
108.4	0.002900921
108.42	0.002804
108.44	0.002703667
108.46	0.002615124
108.48	0.002535629
108.5	0.002453453
108.52	0.002355697
108.54	0.002222256
108.56	0.002039554
108.58	0.001820122
108.6	0.001583371
108.62	0.00134883
108.64	0.001140134
108.66	0.000978191
108.68	0.000875289
108.7	0.000832262
108.72	0.00084284
108.74	0.000886688
108.76	0.000949466
108.78	0.001025784
108.8	0.001111343
108.82	0.00119843
108.84	0.001270747
108.86	0.001316496
108.88	0.001316668
108.9	0.001255609
108.92	0.001122688
108.94	0.000923433
108.96	0.000674867
108.98	0.000399801
109	0.000118018
109.02	-0.000154006
109.04	-0.000405692
109.06	-0.000624657
109.08	-0.000802094
109.1	-0.000928229
109.12	-0.001014894
109.14	-0.001058751
109.16	-0.00107173
109.18	-0.001066471
109.2	-0.001045665
109.22	-0.001009397
109.24	-0.000959082
109.26	-0.000906266
109.28	-0.000846446
109.3	-0.000778883
109.32	-0.000702098
109.34	-0.000617182
109.36	-0.00053701
109.38	-0.000475351
109.4	-0.000435267
109.42	-0.00041014
109.44	-0.000391151
109.46	-0.000375967
109.48	-0.000366848
109.5	-0.000370943
109.52	-0.00038613
109.54	-0.000395462
109.56	-0.000388438
109.58	-0.000363265
109.6	-0.00033214
109.62	-0.000316631
109.64	-0.000324095
109.66	-0.000343908
109.68	-0.000353357
109.7	-0.000340061
109.72	-0.000295039
109.74	-0.000203066
109.76	-6.4467E-05
109.78	0.000113117
109.8	0.000308126
109.82	0.000474783
109.84	0.000564808
109.86	0.000570958
109.88	0.000508074
109.9	0.000405041
109.92	0.000296859
109.94	0.000199402
109.96	0.000107108
109.98	1.96612E-05
110	-5.81846E-05
110.02	-0.000111114
110.04	-0.000121201
110.06	-7.59807E-05
110.08	3.15608E-05
110.1	0.000192793
110.12	0.000389991
110.14	0.00059233
110.16	0.000775441
110.18	0.0009251
110.2	0.001044005
110.22	0.001151883
110.24	0.001259596
110.26	0.001376568
110.28	0.001499298
110.3	0.00161956
110.32	0.001719845
110.34	0.001784501
110.36	0.00180372
110.38	0.00177233
110.4	0.001704157
110.42	0.001606898
110.44	0.001487228
110.46	0.001339981
110.48	0.001159406
110.5	0.000953195
110.52	0.000737532
110.54	0.000526048
110.56	0.000333856
110.58	0.000159925
110.6	1.76196E-05
110.62	-8.34714E-05
110.64	-0.000121371
110.66	-9.63847E-05
110.68	-2.29916E-05
110.7	8.89444E-05
110.72	0.000213753
110.74	0.000343225
110.76	0.000463108
110.78	0.000564316
110.8	0.000628032
110.82	0.000639749
110.84	0.000599622
110.86	0.000523849
110.88	0.000432107
110.9	0.000338553
110.92	0.000238825
110.94	0.000124296
110.96	-1.4825E-06
110.98	-0.000125145
111	-0.000229911
111.02	-0.00031159
111.04	-0.000386523
111.06	-0.000468128
111.08	-0.000557483
111.1	-0.000646916
111.12	-0.000723136
111.14	-0.000767869
111.16	-0.000774918
111.18	-0.000740828
111.2	-0.000657868
111.22	-0.000529165
111.24	-0.000377386
111.26	-0.00022807
111.28	-9.97083E-05
111.3	-1.31577E-06
111.32	7.94143E-05
111.34	0.000157906
111.36	0.000241217
111.38	0.000323414
111.4	0.000390793
111.42	0.000423093
111.44	0.000422482
111.46	0.000402751
111.48	0.000381308
111.5	0.000383425
111.52	0.000427438
111.54	0.000514894
111.56	0.000644027
111.58	0.000801821
111.6	0.000973317
111.62	0.001155152
111.64	0.001347762
111.66	0.001548214
111.68	0.001755824
111.7	0.001973799
111.72	0.00220332
111.74	0.002436429
111.76	0.002659436
111.78	0.002856945
111.8	0.003019944
111.82	0.003147599
111.84	0.003243443
111.86	0.003305762
111.88	0.00333709
111.9	0.003338577
111.92	0.003317387
111.94	0.003279676
111.96	0.00323043
111.98	0.003169997
112	0.003094518
112.02	0.003013533
112.04	0.002935148
112.06	0.002868081
112.08	0.002818461
112.1	0.002782894
112.12	0.002752835
112.14	0.002718998
112.16	0.002675962
112.18	0.002618735
112.2	0.002546711
112.22	0.002469069
112.24	0.002398781
112.26	0.002349338
112.28	0.002328226
112.3	0.002327502
112.32	0.002326918
112.34	0.00231393
112.36	0.002292421
112.38	0.002269906
112.4	0.002257124
112.42	0.002250667
112.44	0.002239288
112.46	0.002217675
112.48	0.002169924
112.5	0.002082677
112.52	0.001938723
112.54	0.001732225
112.56	0.001479329
112.58	0.001213637
112.6	0.000969585
112.62	0.000766447
112.64	0.000623739
112.66	0.000551916
112.68	0.000555708
112.7	0.000639129
112.72	0.000778369
112.74	0.000937101
112.76	0.001077874
112.78	0.001168236
112.8	0.001200617
112.82	0.001179977
112.84	0.001111278
112.86	0.001006263
112.88	0.000884333
112.9	0.00075826
112.92	0.00064998
112.94	0.000579784
112.96	0.000543071
112.98	0.000530515
113	0.000539661
113.02	0.000569432
113.04	0.000629066
113.06	0.000718085
113.08	0.000818436
113.1	0.000897204
113.12	0.000934331
113.14	0.000939871
113.16	0.000919715
113.18	0.000892553
113.2	0.000862563
113.22	0.000834042
113.24	0.000816126
113.26	0.000814384
113.28	0.000832991
113.3	0.000861764
113.32	0.000890716
113.34	0.000912024
113.36	0.000936576
113.38	0.000981675
113.4	0.001054054
113.42	0.001140916
113.44	0.001219871
113.46	0.001263092
113.48	0.001251302
113.5	0.001218703
113.52	0.001182175
113.54	0.001156526
113.56	0.00114138
113.58	0.00112886
113.6	0.001123972
113.62	0.001125874
113.64	0.001151031
113.66	0.00120175
113.68	0.001276896
113.7	0.001378836
113.72	0.001499239
113.74	0.001612419
113.76	0.001707962
113.78	0.001771499
113.8	0.001798084
113.82	0.001784537
113.84	0.001736058
113.86	0.001660349
113.88	0.001566999
113.9	0.001473658
113.92	0.001391085
113.94	0.001333764
113.96	0.001313184
113.98	0.001334165
114	0.001395727
114.02	0.00148302
114.04	0.001579963
114.06	0.001677576
114.08	0.001771671
114.1	0.001855332
114.12	0.001921183
114.14	0.001958992
114.16	0.001953362
114.18	0.001903108
114.2	0.001813662
114.22	0.001689481
114.24	0.001545328
114.26	0.001401944
114.28	0.001288769
114.3	0.001225761
114.32	0.001215712
114.34	0.001231844
114.36	0.001250438
114.38	0.001237169
114.4	0.001180533
114.42	0.001085721
114.44	0.0009709
114.46	0.000867241
114.48	0.000795366
114.5	0.00076543
114.52	0.000760625
114.54	0.000764377
114.56	0.000758137
114.58	0.000728963
114.6	0.000683449
114.62	0.000633731
114.64	0.000597621
114.66	0.000599267
114.68	0.000648598
114.7	0.000726568
114.72	0.000800973
114.74	0.000840427
114.76	0.000824544
114.78	0.000750996
114.8	0.0006283
114.82	0.000466248
114.84	0.000281359
114.86	8.85507E-05
114.88	-0.000100044
114.9	-0.000273311
114.92	-0.000423727
114.94	-0.000547201
114.96	-0.000627819
114.98	-0.000664596
115	-0.000671713
115.02	-0.000667163
115.04	-0.000671682
115.06	-0.000710342
115.08	-0.000781115
115.1	-0.000858427
115.12	-0.000934537
115.14	-0.0010001
115.16	-0.001049124
115.18	-0.001080695
115.2	-0.001087999
115.22	-0.001065214
115.24	-0.001017312
115.26	-0.000964444
115.28	-0.000914989
115.3	-0.000870095
115.32	-0.000839221
115.34	-0.000824436
115.36	-0.000822745
115.38	-0.000825989
115.4	-0.000823879
115.42	-0.000807424
115.44	-0.00077502
115.46	-0.000726885
115.48	-0.000668975
115.5	-0.000609861
115.52	-0.000555596
115.54	-0.000503049
115.56	-0.000437308
115.58	-0.000366318
115.6	-0.000302042
115.62	-0.000269574
115.64	-0.000283996
115.66	-0.000328999
115.68	-0.000383173
115.7	-0.000426847
115.72	-0.000447563
115.74	-0.000441166
115.76	-0.000412526
115.78	-0.00036808
115.8	-0.000312222
115.82	-0.000255
115.84	-0.000201593
115.86	-0.000136614
115.88	-4.51424E-05
115.9	8.71008E-05
115.92	0.000267439
115.94	0.000477936
115.96	0.000693807
115.98	0.00089999
116	0.001093396
116.02	0.001271202
116.04	0.00144451
116.06	0.001617884
116.08	0.001794113
116.1	0.00197394
116.12	0.00213672
116.14	0.002266564
116.16	0.002346636
116.18	0.002376549
116.2	0.002365468
116.22	0.002327252
116.24	0.002273401
116.26	0.002208068
116.28	0.002134461
116.3	0.002044745
116.32	0.001922313
116.34	0.001756925
116.36	0.001541453
116.38	0.001288844
116.4	0.001025013
116.42	0.000782208
116.44	0.000570088
116.46	0.000389606
116.48	0.000240203
116.5	0.000107943
116.52	-1.12617E-05
116.54	-0.000108677
116.56	-0.000183131
116.58	-0.000230051
116.6	-0.000249043
116.62	-0.000235748
116.64	-0.000197168
116.66	-0.000142212
116.68	-9.00911E-05
116.7	-6.45707E-05
116.72	-6.7706E-05
116.74	-9.72084E-05
116.76	-0.000142881
116.78	-0.000195537
116.8	-0.000250255
116.82	-0.000301458
116.84	-0.000349188
116.86	-0.000399723
116.88	-0.000468577
116.9	-0.000564139
116.92	-0.000683779
116.94	-0.000816443
116.96	-0.00093931
116.98	-0.001015122
117	-0.001052846
117.02	-0.001053748
117.04	-0.001025645
117.06	-0.000974096
117.08	-0.000909219
117.1	-0.000833451
117.12	-0.000748089
117.14	-0.000664817
117.16	-0.000565055
117.18	-0.000456514
117.2	-0.000347673
117.22	-0.000253677
117.24	-0.000178015
117.26	-0.000105378
117.28	-2.66735E-05
117.3	6.80589E-05
117.32	0.000187541
117.34	0.000332982
117.36	0.000487869
117.38	0.000655311
117.4	0.000824012
117.42	0.000973868
117.44	0.001093643
117.46	0.001175173
117.48	0.001215968
117.5	0.001236657
117.52	0.001263026
117.54	0.001298815
117.56	0.001349367
117.58	0.001424218
117.6	0.001519076
117.62	0.001628364
117.64	0.001742038
117.66	0.001843613
117.68	0.001932244
117.7	0.002003034
117.72	0.00205932
117.74	0.002092431
117.76	0.002091723
117.78	0.002052628
117.8	0.001973593
117.82	0.001867765
117.84	0.001752084
117.86	0.001646814
117.88	0.001567756
117.9	0.001520759
117.92	0.001498329
117.94	0.001487442
117.96	0.001474719
117.98	0.001442533
118	0.001378646
118.02	0.001300237
118.04	0.001226359
118.06	0.001170618
118.08	0.001140704
118.1	0.001119178
118.12	0.001090896
118.14	0.001057518
118.16	0.001032505
118.18	0.001011683
118.2	0.000984196
118.22	0.000945675
118.24	0.00090228
118.26	0.00086671
118.28	0.000835522
118.3	0.000803284
118.32	0.000753372
118.34	0.000674089
118.36	0.00058809
118.38	0.000511908
118.4	0.000456511
118.42	0.000420397
118.44	0.000395829
118.46	0.000380316
118.48	0.000380978
118.5	0.000403116
118.52	0.000422396
118.54	0.000415427
118.56	0.000372902
118.58	0.000296632
118.6	0.00019907
118.62	7.78067E-05
118.64	-7.09261E-05
118.66	-0.000234649
118.68	-0.000395588
118.7	-0.000536845
118.72	-0.000657599
118.74	-0.000759991
118.76	-0.000850054
118.78	-0.000942469
118.8	-0.001045189
118.82	-0.001150658
118.84	-0.001241957
118.86	-0.001308021
118.88	-0.001335882
118.9	-0.001336012
118.92	-0.001311129
118.94	-0.001278577
118.96	-0.001254197
118.98	-0.001255229
119	-0.001284846
119.02	-0.001323062
119.04	-0.00136299
119.06	-0.001401901
119.08	-0.001440679
119.1	-0.001470624
119.12	-0.001492966
119.14	-0.001517416
119.16	-0.001552324
119.18	-0.001601386
119.2	-0.001653193
119.22	-0.001692464
119.24	-0.001712931
119.26	-0.001716131
119.28	-0.001693314
119.3	-0.001626781
119.32	-0.001510136
119.34	-0.001352142
119.36	-0.001175417
119.38	-0.001010262
119.4	-0.00087671
119.42	-0.000776706
119.44	-0.00068964
119.46	-0.000596533
119.48	-0.000474403
119.5	-0.000306145
119.52	-0.000101079
119.54	0.000121784
119.56	0.000345025
119.58	0.000545052
119.6	0.000706478
119.62	0.000832043
119.64	0.000936246
119.66	0.001041202
119.68	0.001168914
119.7	0.001331282
119.72	0.001516491
119.74	0.001713657
119.76	0.001898824
119.78	0.002047279
119.8	0.002152851
119.82	0.00222022
119.84	0.002275202
119.86	0.002343051
119.88	0.002435098
119.9	0.002546594
119.92	0.002657517
119.94	0.002748536
119.96	0.002807191
119.98	0.002830014
120	0.002819043
120.02	0.002778805
120.04	0.002714438
120.06	0.002638701
120.08	0.002567813
120.1	0.00250651
120.12	0.002450545
120.14	0.002364684
120.16	0.002239626
120.18	0.002094777
120.2	0.001940588
120.22	0.001782263
120.24	0.001626484
120.26	0.001486211
120.28	0.001374885
120.3	0.001315271
120.32	0.00130169
120.34	0.001313143
120.36	0.001337738
120.38	0.001361178
120.4	0.001362575
120.42	0.001334674
120.44	0.001275487
120.46	0.001191305
120.48	0.001083371
120.5	0.000955637
120.52	0.000820103
120.54	0.000682703
120.56	0.00054951
120.58	0.000417397
120.6	0.00028604
120.62	0.000173952
120.64	0.000101718
120.66	7.06084E-05
120.68	7.36535E-05
120.7	9.90978E-05
120.72	0.000149582
120.74	0.000235271
120.76	0.000354809
120.78	0.000490782
120.8	0.000619979
120.82	0.000730395
120.84	0.000819701
120.86	0.000894473
120.88	0.00095824
120.9	0.001016829
120.92	0.001079396
120.94	0.001163439
120.96	0.001276722
120.98	0.001419074
121	0.001570753
121.02	0.001699956
121.04	0.001790074
121.06	0.001835366
121.08	0.001860672
121.1	0.001897451
121.12	0.001961359
121.14	0.002054535
121.16	0.002164679
121.18	0.002274871
121.2	0.002359986
121.22	0.002400009
121.24	0.002383533
121.26	0.002333315
121.28	0.002296339
121.3	0.002324884
121.32	0.002446298
121.34	0.002657096
121.36	0.002929741
121.38	0.003218782
121.4	0.003482043
121.42	0.003693933
121.44	0.003835886
121.46	0.003901478
121.48	0.003901039
121.5	0.003834153
121.52	0.003712268
121.54	0.003553866
121.56	0.003378107
121.58	0.003196225
121.6	0.003008591
121.62	0.002835286
121.64	0.002676782
121.66	0.002544677
121.68	0.002450019
121.7	0.002383309
121.72	0.002343243
121.74	0.002327372
121.76	0.002343652
121.78	0.002385579
121.8	0.002440594
121.82	0.002490376
121.84	0.002511839
121.86	0.002502411
121.88	0.002469278
121.9	0.00241879
121.92	0.002356208
121.94	0.002293876
121.96	0.002246645
121.98	0.002220952
122	0.002218489
122.02	0.00222601
122.04	0.002210092
122.06	0.002149672
122.08	0.002028485
122.1	0.001840407
122.12	0.001596435
122.14	0.001311001
122.16	0.000991987
122.18	0.000650641
122.2	0.000303988
122.22	-2.8162E-05
122.24	-0.000325286
122.26	-0.000579841
122.28	-0.000775501
122.3	-0.000907961
122.32	-0.0009814
122.34	-0.000991898
122.36	-0.00093367
122.38	-0.000809908
122.4	-0.000630953
122.42	-0.000425059
122.44	-0.000249764
122.46	-0.000115108
122.48	-1.74334E-05
122.5	4.63911E-05
122.52	8.59334E-05
122.54	0.000109382
122.56	0.000119088
122.58	0.000120344
122.6	0.000115182
122.62	9.98699E-05
122.64	6.06561E-05
122.66	-9.32013E-06
122.68	-9.41042E-05
122.7	-0.000162912
122.72	-0.000188374
122.74	-0.000173197
122.76	-0.000139731
122.78	-0.000107278
122.8	-8.35216E-05
122.82	-7.22805E-05
122.84	-7.43443E-05
122.86	-8.65857E-05
122.88	-0.000105653
122.9	-0.00011475
122.92	-0.000108658
122.94	-9.5579E-05
122.96	-9.99718E-05
122.98	-0.000151201
123	-0.000265363
123.02	-0.000434842
123.04	-0.000628341
123.06	-0.000806132
123.08	-0.000942691
123.1	-0.001023077
123.12	-0.00104755
123.14	-0.001061255
123.16	-0.001070953
123.18	-0.001092634
123.2	-0.001133875
123.22	-0.001181309
123.24	-0.001218811
123.26	-0.001233978
123.28	-0.001207716
123.3	-0.00113461
123.32	-0.001042151
123.34	-0.000949946
123.36	-0.000866399
123.38	-0.000793075
123.4	-0.000727647
123.42	-0.000658534
123.44	-0.000582183
123.46	-0.00050437
123.48	-0.000434537
123.5	-0.000393067
123.52	-0.0003917
123.54	-0.000431598
123.56	-0.000500568
123.58	-0.000580471
123.6	-0.000652227
123.62	-0.000698523
123.64	-0.000718802
123.66	-0.000718436
123.68	-0.000696512
123.7	-0.000649803
123.72	-0.000570659
123.74	-0.000456556
123.76	-0.000314022
123.78	-0.000145349
123.8	5.99579E-05
123.82	0.000302138
123.84	0.000566954
123.86	0.000835943
123.88	0.001098817
123.9	0.001345282
123.92	0.001553681
123.94	0.001722317
123.96	0.001857537
123.98	0.001960094
124	0.002031969
124.02	0.002080022
124.04	0.002110861
124.06	0.00213439
124.08	0.002162808
124.1	0.002196831
124.12	0.002238394
124.14	0.002296355
124.16	0.002373265
124.18	0.002462216
124.2	0.002533922
124.22	0.002563329
124.24	0.002549483
124.26	0.002511222
124.28	0.002466274
124.3	0.002429166
124.32	0.002406509
124.34	0.002398374
124.36	0.002400892
124.38	0.002398044
124.4	0.0023647
124.42	0.002280202
124.44	0.0021444
124.46	0.001976965
124.48	0.001799028
124.5	0.001612448
124.52	0.001413632
124.54	0.001199576
124.56	0.000956212
124.58	0.00068652
124.6	0.000403066
124.62	0.000113544
124.64	-0.000160608
124.66	-0.000393111
124.68	-0.000562019
124.7	-0.000644931
124.72	-0.000648666
124.74	-0.000606957
124.76	-0.000571638
124.78	-0.000589651
124.8	-0.00068484
124.82	-0.000859142
124.84	-0.001089319
124.86	-0.001318872
124.88	-0.001504168
124.9	-0.001622036
124.92	-0.001657947
124.94	-0.001627616
124.96	-0.001563371
124.98	-0.001504818
125	-0.001476394
125.02	-0.00149355
125.04	-0.001575078
125.06	-0.001691353
125.08	-0.001821432
125.1	-0.001937893
125.12	-0.002013451
125.14	-0.002029427
125.16	-0.001982312
125.18	-0.001881511
125.2	-0.001730666
125.22	-0.001552239
125.24	-0.001358109
125.26	-0.00116352
125.28	-0.000983993
125.3	-0.000812406
125.32	-0.000618063
125.34	-0.00038184
125.36	-0.000120213
125.38	0.00014814
125.4	0.000397795
125.42	0.000629578
125.44	0.000836517
125.46	0.001005214
125.48	0.001116335
125.5	0.001163554
125.52	0.001156047
125.54	0.00114235
125.56	0.001140194
125.58	0.001148899
125.6	0.001152317
125.62	0.001137867
125.64	0.00110142
125.66	0.001047892
125.68	0.001000575
125.7	0.000969871
125.72	0.000956409
125.74	0.000976613
125.76	0.001036414
125.78	0.001121694
125.8	0.001202213
125.82	0.001238214
125.84	0.001207555
125.86	0.001111862
125.88	0.000967102
125.9	0.000807032
125.92	0.000652762
125.94	0.000511678
125.96	0.000389744
125.98	0.000274831
126	0.000162086
126.02	2.86776E-05
126.04	-0.000142572
126.06	-0.000355427
126.08	-0.000593767
126.1	-0.000831148
126.12	-0.00104551
126.14	-0.00122358
126.16	-0.001372577
126.18	-0.001487487
126.2	-0.001563425
126.22	-0.001604761
126.24	-0.001628128
126.26	-0.001641175
126.28	-0.001640392
126.3	-0.001616228
126.32	-0.001559804
126.34	-0.00146992
126.36	-0.001376074
126.38	-0.001303178
126.4	-0.001267599
126.42	-0.001276945
126.44	-0.001329803
126.46	-0.001413999
126.48	-0.001511284
126.5	-0.00160541
126.52	-0.00166648
126.54	-0.001670552
126.56	-0.001628974
126.58	-0.001551747
126.6	-0.00146451
126.62	-0.001389959
126.64	-0.001330345
126.66	-0.001291841
126.68	-0.001276088
126.7	-0.00128718
126.72	-0.001308434
126.74	-0.001305288
126.76	-0.00125383
126.78	-0.001139011
126.8	-0.000975406
126.82	-0.000771196
126.84	-0.000533293
126.86	-0.000272707
126.88	-1.53636E-05
126.9	0.000192121
126.92	0.000327938
126.94	0.000374272
126.96	0.000329491
126.98	0.000205186
127	2.2395E-05
127.02	-0.000198811
127.04	-0.000422981
127.06	-0.000626559
127.08	-0.000806003
127.1	-0.000958215
127.12	-0.001083376
127.14	-0.001177942
127.16	-0.001222852
127.18	-0.001197048
127.2	-0.001108411
127.22	-0.000974802
127.24	-0.000829187
127.26	-0.000699462
127.28	-0.000599138
127.3	-0.000522988
127.32	-0.000467558
127.34	-0.000411382
127.36	-0.000334098
127.38	-0.000220741
127.4	-6.16132E-05
127.42	0.00012908
127.44	0.000318947
127.46	0.000485411
127.48	0.000611532
127.5	0.000691035
127.52	0.00072525
127.54	0.000709585
127.56	0.000656007
127.58	0.00059393
127.6	0.000562846
127.62	0.000587013
127.64	0.000674306
127.66	0.000815309
127.68	0.000990357
127.7	0.001182741
127.72	0.001370398
127.74	0.001550538
127.76	0.001731406
127.78	0.001907371
127.8	0.002086109
127.82	0.002267371
127.84	0.002437476
127.86	0.002570431
127.88	0.002639195
127.9	0.002618454
127.92	0.002511468
127.94	0.00233767
127.96	0.002115233
127.98	0.00186472
128	0.001603259
128.02	0.001350776
128.04	0.001110853
128.06	0.000878906
128.08	0.000659569
128.1	0.000453122
128.12	0.000270402
128.14	0.000112425
128.16	-2.81088E-05
128.18	-0.000155697
128.2	-0.000278798
128.22	-0.000403642
128.24	-0.000531018
128.26	-0.000649658
128.28	-0.000754328
128.3	-0.000835995
128.32	-0.000876993
128.34	-0.000876193
128.36	-0.000842457
128.38	-0.000792403
128.4	-0.000747886
128.42	-0.000721571
128.44	-0.00071669
128.46	-0.000720152
128.48	-0.000727592
128.5	-0.000733537
128.52	-0.000746124
128.54	-0.000780119
128.56	-0.000843206
128.58	-0.000932856
128.6	-0.001030615
128.62	-0.001129866
128.64	-0.001229835
128.66	-0.001329962
128.68	-0.001439077
128.7	-0.001553639
128.72	-0.00165574
128.74	-0.00175924
128.76	-0.001859437
128.78	-0.001955051
128.8	-0.002034092
128.82	-0.002103046
128.84	-0.002167091
128.86	-0.002236272
128.88	-0.002331818
128.9	-0.002432532
128.92	-0.002519156
128.94	-0.002569276
128.96	-0.00257525
128.98	-0.002537403
129	-0.002468439
129.02	-0.002371207
129.04	-0.002240973
129.06	-0.002070697
129.08	-0.001856408
129.1	-0.001608208
129.12	-0.001342883
129.14	-0.001069619
129.16	-0.000808956
129.18	-0.000581749
129.2	-0.000410333
129.22	-0.000296095
129.24	-0.000226944
129.26	-0.000182761
129.28	-0.000135853
129.3	-8.76712E-05
129.32	-4.17274E-05
129.34	5.06986E-06
129.36	6.1976E-05
129.38	0.000134805
129.4	0.00021724
129.42	0.000300044
129.44	0.00036238
129.46	0.000388684
129.48	0.000379716
129.5	0.000342556
129.52	0.000287814
129.54	0.000239651
129.56	0.000230181
129.58	0.000273775
129.6	0.000368074
129.62	0.000493918
129.64	0.000630925
129.66	0.000769145
129.68	0.000905086
129.7	0.001046529
129.72	0.001183159
129.74	0.001284658
129.76	0.001374258
129.78	0.001432869
129.8	0.001443363
129.82	0.001388303
129.84	0.001268196
129.86	0.001102785
129.88	0.00094791
129.9	0.000848954
129.92	0.000793351
129.94	0.000769962
129.96	0.000752753
129.98	0.000717281
130	0.000655717
130.02	0.000576423
130.04	0.000510686
130.06	0.000487598
130.08	0.00052037
130.1	0.000618615
130.12	0.000773564
130.14	0.000959559
130.16	0.001143165
130.18	0.001297767
130.2	0.001404408
130.22	0.001462689
130.24	0.001471517
130.26	0.001446305
130.28	0.001404577
130.3	0.001354861
130.32	0.00129702
130.34	0.001231655
130.36	0.001153603
130.38	0.00107721
130.4	0.001007797
130.42	0.000936638
130.44	0.000863322
130.46	0.000794954
130.48	0.000738361
130.5	0.000700028
130.52	0.000687524
130.54	0.000699443
130.56	0.000733033
130.58	0.000801667
130.6	0.000906058
130.62	0.001041992
130.64	0.001206694
130.66	0.001393854
130.68	0.001587756
130.7	0.001773295
130.72	0.001935113
130.74	0.002057548
130.76	0.002138441
130.78	0.002171334
130.8	0.002163738
130.82	0.002127191
130.84	0.002076777
130.86	0.002011126
130.88	0.001909844
130.9	0.001765855
130.92	0.001586835
130.94	0.00139534
130.96	0.001219436
130.98	0.001076182
131	0.000976679
131.02	0.000916601
131.04	0.000906195
131.06	0.000951274
131.08	0.001057626
131.1	0.001223933
131.12	0.001429848
131.14	0.001641104
131.16	0.001835261
131.18	0.001999168
131.2	0.00211989
131.22	0.002177993
131.24	0.002163215
131.26	0.002075972
131.28	0.001945272
131.3	0.001805865
131.32	0.001687782
131.34	0.001610553
131.36	0.001570193
131.38	0.001549394
131.4	0.001535247
131.42	0.001521503
131.44	0.001506316
131.46	0.001473999
131.48	0.001406774
131.5	0.001299639
131.52	0.001179551
131.54	0.001071326
131.56	0.000981477
131.58	0.000904648
131.6	0.000823406
131.62	0.00075494
131.64	0.000729387
131.66	0.000768182
131.68	0.000867643
131.7	0.001004913
131.72	0.001151706
131.74	0.001300861
131.76	0.001443462
131.78	0.001558655
131.8	0.001624819
131.82	0.001628172
131.84	0.001569483
131.86	0.001467721
131.88	0.001338808
131.9	0.001179453
131.92	0.000985536
131.94	0.000761651
131.96	0.000533189
131.98	0.00033073
132	0.000203408
132.02	0.000174003
132.04	0.000237659
132.06	0.000387914
132.08	0.000613456
132.1	0.00088001
132.12	0.001137187
132.14	0.001331294
132.16	0.001429429
132.18	0.001429112
132.2	0.001352941
132.22	0.001224468
132.24	0.001061463
132.26	0.000881968
132.28	0.000694997
132.3	0.000493411
132.32	0.000260665
132.34	-9.58209E-06
132.36	-0.00031261
132.38	-0.000636814
132.4	-0.000971671
132.42	-0.001310509
132.44	-0.00165499
132.46	-0.002004124
132.48	-0.002345899
132.5	-0.002664909
132.52	-0.002940595
132.54	-0.003153077
132.56	-0.003277687
132.58	-0.003317698
132.6	-0.00329144
132.62	-0.00321532
132.64	-0.003120658
132.66	-0.003042126
132.68	-0.002970221
132.7	-0.002884556
132.72	-0.002765189
132.74	-0.002604504
132.76	-0.002430148
132.78	-0.002297981
132.8	-0.002231451
132.82	-0.002243421
132.84	-0.002323585
132.86	-0.00245024
132.88	-0.002598088
132.9	-0.002755321
132.92	-0.002894511
132.94	-0.002992363
132.96	-0.003040385
132.98	-0.003031013
133	-0.002973756
133.02	-0.002890296
133.04	-0.002798692
133.06	-0.002702522
133.08	-0.002604308
133.1	-0.00250755
133.12	-0.002398369
133.14	-0.00227401
133.16	-0.002128827
133.18	-0.001957697
133.2	-0.001770198
133.22	-0.001579915
133.24	-0.001398414
133.26	-0.001220226
133.28	-0.00102376
133.3	-0.000792265
133.32	-0.000525575
133.34	-0.000226151
133.36	0.000100372
133.38	0.000438192
133.4	0.00075658
133.42	0.001020006
133.44	0.001230021
133.46	0.001386875
133.48	0.001505944
133.5	0.001609313
133.52	0.00171791
133.54	0.001840346
133.56	0.001991386
133.58	0.002173023
133.6	0.002377134
133.62	0.002579927
133.64	0.002768677
133.66	0.002929142
133.68	0.003054681
133.7	0.003137036
133.72	0.003166243
133.74	0.003132181
133.76	0.003043243
133.78	0.002910391
133.8	0.002758585
133.82	0.002613199
133.84	0.002477067
133.86	0.00235794
133.88	0.002259606
133.9	0.002178594
133.92	0.002105263
133.94	0.002019986
133.96	0.001911486
133.98	0.001798538
134	0.00169728
134.02	0.001621182
134.04	0.001557673
134.06	0.001487645
134.08	0.001388695
134.1	0.001259503
134.12	0.001120039
134.14	0.000985977
134.16	0.000858265
134.18	0.000736875
134.2	0.000613544
134.22	0.000473478
134.24	0.000320203
134.26	0.000152528
134.28	-3.32625E-05
134.3	-0.000222999
134.32	-0.000406226
134.34	-0.000571518
134.36	-0.000712771
134.38	-0.000830147
134.4	-0.000922064
134.42	-0.000982605
134.44	-0.000997579
134.46	-0.00096509
134.48	-0.000896811
134.5	-0.000820939
134.52	-0.000763105
134.54	-0.000733013
134.56	-0.000720777
134.58	-0.000725168
134.6	-0.000747788
134.62	-0.000774346
134.64	-0.000786819
134.66	-0.00077139
134.68	-0.000727649
134.7	-0.000666823
134.72	-0.000609547
134.74	-0.000565828
134.76	-0.000526885
134.78	-0.000490763
134.8	-0.000451377
134.82	-0.000409372
134.84	-0.000376806
134.86	-0.000361878
134.88	-0.0003641
134.9	-0.00038467
134.92	-0.000412043
134.94	-0.000433296
134.96	-0.000439781
134.98	-0.000420283
135	-0.000383277
135.02	-0.000332184
135.04	-0.000276113
135.06	-0.000212404
135.08	-0.000136093
135.1	-5.06238E-05
135.12	3.76463E-05
135.14	0.000124633
135.16	0.000215123
135.18	0.000309431
135.2	0.000404977
135.22	0.000495841
135.24	0.000577752
135.26	0.00064906
135.28	0.000714332
135.3	0.000764169
135.32	0.000802479
135.34	0.000829942
135.36	0.000852935
135.38	0.000880788
135.4	0.000920889
135.42	0.000976056
135.44	0.00103515
135.46	0.001100353
135.48	0.001166174
135.5	0.001228929
135.52	0.001283142
135.54	0.001321063
135.56	0.001331482
135.58	0.001314833
135.6	0.001274192
135.62	0.001210381
135.64	0.001130648
135.66	0.001049118
135.68	0.000972478
135.7	0.000898684
135.72	0.000829992
135.74	0.0007641
135.76	0.000702674
135.78	0.0006461
135.8	0.00058005
135.82	0.000491648
135.84	0.000384806
135.86	0.000266526
135.88	0.000139777
135.9	1.20995E-05
135.92	-0.000112567
135.94	-0.000229984
135.96	-0.000332176
135.98	-0.000415454
136	-0.000486885
136.02	-0.000545594
136.04	-0.000593657
136.06	-0.000634155
136.08	-0.000667284
136.1	-0.000692434
136.12	-0.000711365
136.14	-0.000723843
136.16	-0.000726231
136.18	-0.000721426
136.2	-0.00071214
136.22	-0.000701373
136.24	-0.00069381
136.26	-0.000690191
136.28	-0.000688533
136.3	-0.000687544
136.32	-0.000687752
136.34	-0.000684935
136.36	-0.000674452
136.38	-0.000656662
136.4	-0.000629403
136.42	-0.0005872
136.44	-0.000530681
136.46	-0.000463116
136.48	-0.000388745
136.5	-0.000315495
136.52	-0.000248361
136.54	-0.000184778
136.56	-0.000124318
136.58	-7.33494E-05
136.6	-3.12128E-05
136.62	4.12334E-06
136.64	3.61709E-05
136.66	7.13932E-05
136.68	0.000116619
136.7	0.000169468
136.72	0.000229041
136.74	0.000294371
136.76	0.000360423
136.78	0.000422954
136.8	0.000479685
136.82	0.000530355
136.84	0.00057459
136.86	0.000614249
136.88	0.000648819
136.9	0.000678928
136.92	0.000708542
136.94	0.00074022
136.96	0.000774055
136.98	0.000806729
137	0.000834151
137.02	0.000854119
137.04	0.000868649
137.06	0.00087919
137.08	0.000884933
137.1	0.000886244
137.12	0.000883524
137.14	0.000876801
137.16	0.000865362
137.18	0.000849784
137.2	0.000827788
137.22	0.000798123
137.24	0.000761361
137.26	0.000713685
137.28	0.000653396
137.3	0.000585028
137.32	0.000512338
137.34	0.000438059
137.36	0.000364577
137.38	0.000293219
137.4	0.000223473
137.42	0.000159154
137.44	0.00010188
137.46	4.84313E-05
137.48	-3.21247E-06
137.5	-5.59722E-05
137.52	-0.000112441
137.54	-0.00017304
137.56	-0.000234708
137.58	-0.000294263
137.6	-0.000349147
137.62	-0.000397172
137.64	-0.000436335
137.66	-0.000466474
137.68	-0.000486727
137.7	-0.000497596
137.72	-0.000501132
137.74	-0.000500865
137.76	-0.000499477
137.78	-0.000498293
137.8	-0.000497717
137.82	-0.000495603
137.84	-0.000490169
137.86	-0.000480581
137.88	-0.000466552
137.9	-0.000448642
137.92	-0.000426911
137.94	-0.000401743
137.96	-0.000373868
137.98	-0.00034355
138	-0.000311114
138.02	-0.000277304
138.04	-0.000242761
138.06	-0.000206487
138.08	-0.000167264
138.1	-0.000123949
138.12	-7.60744E-05
138.14	-2.60463E-05
138.16	2.35661E-05
138.18	7.23385E-05
138.2	0.000119445
138.22	0.000163846
138.24	0.000204521
138.26	0.000240927
138.28	0.000272784
138.3	0.000303205
138.32	0.000335028
138.34	0.000369446
138.36	0.000408154
138.38	0.000451034
138.4	0.000496893
138.42	0.000543231
138.44	0.000587835
138.46	0.000627723
138.48	0.000660786
138.5	0.000686309
138.52	0.000703369
138.54	0.000712752
138.56	0.000716328
138.58	0.000716499
138.6	0.000715228
138.62	0.000713184
138.64	0.000710002
138.66	0.000704325
138.68	0.000695158
138.7	0.000681886
138.72	0.000663611
138.74	0.000639976
138.76	0.000611381
138.78	0.000578241
138.8	0.000541146
138.82	0.000501193
138.84	0.00045926
138.86	0.000416273
138.88	0.000372908
138.9	0.000328222
138.92	0.000281358
138.94	0.000232574
138.96	0.000182484
138.98	0.00013214
139	8.25506E-05
139.02	3.41341E-05
139.04	-1.27642E-05
139.06	-5.67496E-05
139.08	-9.65898E-05
139.1	-0.000131926
139.12	-0.000163216
139.14	-0.000191985
139.16	-0.000219353
139.18	-0.000245814
139.2	-0.00027126
139.22	-0.000295308
139.24	-0.000317053
139.26	-0.000335348
139.28	-0.00034887
139.3	-0.000356835
139.32	-0.000358089
139.34	-0.000352958
139.36	-0.00034223
139.38	-0.00032734
139.4	-0.000310422
139.42	-0.000293484
139.44	-0.000277802
139.46	-0.000262998
139.48	-0.000248711
139.5	-0.00023386
139.52	-0.000217241
139.54	-0.000198417
139.56	-0.0001767
139.58	-0.000151447
139.6	-0.000122606
139.62	-9.07802E-05
139.64	-5.69265E-05
139.66	-2.21294E-05
139.68	1.26617E-05
139.7	4.71029E-05
139.72	8.10804E-05
139.74	0.00011498
139.76	0.000149524
139.78	0.000185028
139.8	0.000221055
139.82	0.000257254
139.84	0.000293627
139.86	0.000330369
139.88	0.000367081
139.9	0.000402737
139.92	0.000436078
139.94	0.000466499
139.96	0.000494192
139.98	0.000519593
140	0.00054273
140.02	0.000563371
140.04	0.000581273
140.06	0.000595982
140.08	0.000607053
140.1	0.000613956
140.12	0.000616147
140.14	0.000613167
140.16	0.000604929
140.18	0.000591694
140.2	0.000574549
140.22	0.000554743
140.24	0.000533638
140.26	0.000512308
140.28	0.000491281
140.3	0.000470456
140.32	0.000449172
140.34	0.000426748
140.36	0.000402256
140.38	0.00037498
140.4	0.000344509
140.42	0.000310803
140.44	0.000274399
140.46	0.000236283
140.48	0.000197618
140.5	0.000159463
140.52	0.000122701
140.54	8.78724E-05
140.56	5.51027E-05
140.58	2.42938E-05
140.6	-4.84477E-06
140.62	-3.26255E-05
140.64	-5.89471E-05
140.66	-8.38406E-05
140.68	-0.00010741
140.7	-0.000129473
140.72	-0.000149432
140.74	-0.000166759
140.76	-0.000181191
140.78	-0.000192783
140.8	-0.000202
140.82	-0.000209116
140.84	-0.000214203
140.86	-0.000217355
140.88	-0.000218837
140.9	-0.000218758
140.92	-0.000216934
140.94	-0.000213026
140.96	-0.000206577
140.98	-0.000197346
141	-0.00018539
141.02	-0.000171017
141.04	-0.000154791
141.06	-0.000137277
141.08	-0.000118817
141.1	-9.96689E-05
141.12	-7.96593E-05
141.14	-5.84223E-05
141.16	-3.53466E-05
141.18	-1.00773E-05
141.2	1.78883E-05
141.22	4.87612E-05
141.24	8.21397E-05
141.26	0.000117503
141.28	0.000153816
141.3	0.000189889
141.32	0.000224517
141.34	0.000256979
141.36	0.000286881
141.38	0.000314261
141.4	0.000339478
141.42	0.00036282
141.44	0.000384649
141.46	0.00040514
141.48	0.000424367
141.5	0.000442308
141.52	0.000458778
141.54	0.000473194
141.56	0.000484973
141.58	0.00049366
141.6	0.000499223
141.62	0.000501816
141.64	0.000501723
141.66	0.00049922
141.68	0.000494435
141.7	0.00048756
141.72	0.000478834
141.74	0.000468373
141.76	0.00045602
141.78	0.000441638
141.8	0.000425147
141.82	0.000406599
141.84	0.000386282
141.86	0.000364569
141.88	0.00034185
141.9	0.000318568
141.92	0.000295081
141.94	0.000271515
141.96	0.000247891
141.98	0.000224074
142	0.000199887
142.02	0.000175151
142.04	0.000149868
142.06	0.000124003
142.08	9.80477E-05
142.1	7.26614E-05
142.12	4.83908E-05
142.14	2.56944E-05
142.16	4.69689E-06
142.18	-1.44678E-05
142.2	-3.20628E-05
142.22	-4.83475E-05
142.24	-6.37408E-05
142.26	-7.86536E-05
142.28	-9.324E-05
142.3	-0.000107482
142.32	-0.00012095
142.34	-0.000133082
142.36	-0.000143158
142.38	-0.00015058
142.4	-0.000155037
142.42	-0.000156409
142.44	-0.000154756
142.46	-0.000150285
142.48	-0.00014325
142.5	-0.000134033
142.52	-0.000123013
142.54	-0.000110479
142.56	-9.6622E-05
142.58	-8.14449E-05
142.6	-6.47663E-05
142.62	-4.64456E-05
142.64	-2.65695E-05
142.66	-5.31279E-06
142.68	1.70335E-05
142.7	4.01727E-05
142.72	6.38368E-05
142.74	8.78085E-05
142.76	0.000111879
142.78	0.000135888
142.8	0.000159742
142.82	0.00018336
142.84	0.00020677
142.86	0.000229971
142.88	0.000252867
142.9	0.000275146
142.92	0.000296308
142.94	0.000315857
142.96	0.000333512
142.98	0.000349148
143	0.000362779
143.02	0.000374502
143.04	0.000384511
143.06	0.000393064
143.08	0.000400356
143.1	0.000406574
143.12	0.00041167
143.14	0.000415437
143.16	0.000417543
143.18	0.000417631
143.2	0.00041545
143.22	0.000410894
143.24	0.000404115
143.26	0.000395393
143.28	0.000385098
143.3	0.000373631
143.32	0.000361346
143.34	0.000348542
143.36	0.000335392
143.38	0.000321881
143.4	0.000307864
143.42	0.000293104
143.44	0.000277368
143.46	0.00026051
143.48	0.00024253
143.5	0.000223536
143.52	0.000203677
143.54	0.000183146
143.56	0.000162197
143.58	0.000141123
143.6	0.000120139
143.62	9.94107E-05
143.64	7.90185E-05
143.66	5.90327E-05
143.68	3.95476E-05
143.7	2.07369E-05
143.72	2.87587E-06
143.74	-1.37441E-05
143.76	-2.88385E-05
143.78	-4.22213E-05
143.8	-5.37673E-05
143.82	-6.34118E-05
143.84	-7.11582E-05
143.86	-7.7091E-05
143.88	-8.13978E-05
143.9	-8.42922E-05
143.92	-8.58591E-05
143.94	-8.60677E-05
143.96	-8.47703E-05
143.98	-8.17585E-05
144	-7.68759E-05
144.02	-7.00333E-05
144.04	-6.12698E-05
144.06	-5.07356E-05
144.08	-3.86829E-05
144.1	-2.54116E-05
144.12	-1.12443E-05
144.14	3.49749E-06
144.16	1.85888E-05
144.18	3.39148E-05
144.2	4.95048E-05
144.22	6.55193E-05
144.24	8.21001E-05
144.26	9.93408E-05
144.28	0.000117235
144.3	0.000135648
144.32	0.000154364
144.34	0.000173112
144.36	0.0001916
144.38	0.000209497
144.4	0.000226504
144.42	0.000242424
144.44	0.000257195
144.46	0.000270841
144.48	0.000283455
144.5	0.00029514
144.52	0.000305947
144.54	0.000315871
144.56	0.000324876
144.58	0.000332901
144.6	0.000339852
144.62	0.000345651
144.64	0.000350235
144.66	0.000353563
144.68	0.000355646
144.7	0.000356534
144.72	0.00035629
144.74	0.000354935
144.76	0.000352403
144.78	0.000348574
144.8	0.000343334
144.82	0.000336579
144.84	0.000328259
144.86	0.000318397
144.88	0.000307097
144.9	0.000294545
144.92	0.000280982
144.94	0.000266672
144.96	0.000251845
144.98	0.000236671
145	0.000221205
145.02	0.000205428
145.04	0.000189312
145.06	0.00017282
145.08	0.000155975
145.1	0.000138874
145.12	0.000121683
145.14	0.000104639
145.16	8.80305E-05
145.18	7.21723E-05
145.2	5.73418E-05
145.22	4.37281E-05
145.24	3.1409E-05
145.26	2.03688E-05
145.28	1.05234E-05
145.3	1.76876E-06
145.32	-5.98543E-06
145.34	-1.27984E-05
145.36	-1.86892E-05
145.38	-2.36107E-05
145.4	-2.74669E-05
145.42	-3.01347E-05
145.44	-3.14825E-05
145.46	-3.14274E-05
145.48	-2.99467E-05
145.5	-2.708E-05