0	0
0.02	1.30916E-11
0.04	9.16048E-11
0.06	2.72088E-10
0.08	5.54814E-10
0.1	9.4122E-10
0.12	1.43189E-09
0.14	2.02804E-09
0.16	2.7301E-09
0.18	3.53864E-09
0.2	4.45398E-09
0.22	5.47652E-09
0.24	6.60629E-09
0.26	7.84345E-09
0.28	9.18775E-09
0.3	1.06386E-08
0.32	1.21957E-08
0.34	1.38583E-08
0.36	1.56254E-08
0.38	1.7496E-08
0.4	1.94687E-08
0.42	2.15419E-08
0.44	2.37145E-08
0.46	2.59846E-08
0.48	2.83507E-08
0.5	3.08111E-08
0.52	3.33633E-08
0.54	3.60048E-08
0.56	3.87329E-08
0.58	4.15448E-08
0.6	4.44372E-08
0.62	4.74068E-08
0.64	5.04511E-08
0.66	5.35668E-08
0.68	5.67491E-08
0.7	5.99938E-08
0.72	6.32982E-08
0.74	6.66594E-08
0.76	7.0071E-08
0.78	7.35241E-08
0.8	7.7012E-08
0.82	8.05309E-08
0.84	8.40756E-08
0.86	8.76322E-08
0.88	9.11727E-08
0.9	9.46571E-08
0.92	9.80423E-08
0.94	1.01296E-07
0.96	1.0441E-07
0.98	1.07396E-07
1	1.10272E-07
1.02	1.13043E-07
1.04	1.15711E-07
1.06	1.18285E-07
1.08	1.20775E-07
1.1	1.23187E-07
1.12	1.25522E-07
1.14	1.27784E-07
1.16	1.29977E-07
1.18	1.32107E-07
1.2	1.34179E-07
1.22	1.36193E-07
1.24	1.38153E-07
1.26	1.40061E-07
1.28	1.41923E-07
1.3	1.4374E-07
1.32	1.45515E-07
1.34	1.47247E-07
1.36	1.48941E-07
1.38	1.50599E-07
1.4	1.52222E-07
1.42	1.53812E-07
1.44	1.55371E-07
1.46	1.56902E-07
1.48	1.58406E-07
1.5	1.59884E-07
1.52	1.61339E-07
1.54	1.6277E-07
1.56	1.64182E-07
1.58	1.65572E-07
1.6	1.66942E-07
1.62	1.68294E-07
1.64	1.69628E-07
1.66	1.70947E-07
1.68	1.72255E-07
1.7	1.73553E-07
1.72	1.74841E-07
1.74	1.76123E-07
1.76	1.77409E-07
1.78	1.78718E-07
1.8	1.80069E-07
1.82	1.8147E-07
1.84	1.82913E-07
1.86	1.8438E-07
1.88	1.85843E-07
1.9	1.87278E-07
1.92	1.88666E-07
1.94	1.89993E-07
1.96	1.91244E-07
1.98	1.92405E-07
2	1.93462E-07
2.02	1.94407E-07
2.04	1.95234E-07
2.06	1.95934E-07
2.08	1.96494E-07
2.1	1.96908E-07
2.12	1.97171E-07
2.14	1.97277E-07
2.16	1.97219E-07
2.18	1.9699E-07
2.2	1.96585E-07
2.22	1.96E-07
2.24	1.95231E-07
2.26	1.94273E-07
2.28	1.9312E-07
2.3	1.91768E-07
2.32	1.90213E-07
2.34	1.88452E-07
2.36	1.86479E-07
2.38	1.84291E-07
2.4	1.81883E-07
2.42	1.79253E-07
2.44	1.76398E-07
2.46	1.73314E-07
2.48	1.69998E-07
2.5	1.66449E-07
2.52	1.62662E-07
2.54	1.58633E-07
2.56	1.54358E-07
2.58	1.49834E-07
2.6	1.45056E-07
2.62	1.40023E-07
2.64	1.34727E-07
2.66	1.29159E-07
2.68	1.23306E-07
2.7	1.17164E-07
2.72	1.1074E-07
2.74	1.04047E-07
2.76	9.71069E-08
2.78	8.99343E-08
2.8	8.25415E-08
2.82	7.49354E-08
2.84	6.71196E-08
2.86	5.90951E-08
2.88	5.08609E-08
2.9	4.24144E-08
2.92	3.37509E-08
2.94	2.48645E-08
2.96	1.57501E-08
2.98	6.40288E-09
3	-3.18291E-09
3.02	-1.30151E-08
3.04	-2.31023E-08
3.06	-3.34517E-08
3.08	-4.40698E-08
3.1	-5.49643E-08
3.12	-6.61449E-08
3.14	-7.76204E-08
3.16	-8.93981E-08
3.18	-1.01485E-07
3.2	-1.1389E-07
3.22	-1.2662E-07
3.24	-1.39686E-07
3.26	-1.53094E-07
3.28	-1.66853E-07
3.3	-1.8097E-07
3.32	-1.95456E-07
3.34	-2.10319E-07
3.36	-2.25568E-07
3.38	-2.41211E-07
3.4	-2.57256E-07
3.42	-2.73711E-07
3.44	-2.90584E-07
3.46	-3.07881E-07
3.48	-3.25612E-07
3.5	-3.43784E-07
3.52	-3.62405E-07
3.54	-3.81479E-07
3.56	-4.01012E-07
3.58	-4.21012E-07
3.6	-4.41492E-07
3.62	-4.62472E-07
3.64	-4.83976E-07
3.66	-5.06025E-07
3.68	-5.28633E-07
3.7	-5.5181E-07
3.72	-5.75563E-07
3.74	-5.99895E-07
3.76	-6.2481E-07
3.78	-6.50307E-07
3.8	-6.76385E-07
3.82	-7.03044E-07
3.84	-7.30286E-07
3.86	-7.58109E-07
3.88	-7.86515E-07
3.9	-8.15505E-07
3.92	-8.45078E-07
3.94	-8.75236E-07
3.96	-9.0598E-07
3.98	-9.37312E-07
4	-9.69234E-07
4.02	-1.00175E-06
4.04	-1.03486E-06
4.06	-1.06857E-06
4.08	-1.10288E-06
4.1	-1.1378E-06
4.12	-1.17333E-06
4.14	-1.20947E-06
4.16	-1.24624E-06
4.18	-1.28363E-06
4.2	-1.32165E-06
4.22	-1.3603E-06
4.24	-1.3996E-06
4.26	-1.43953E-06
4.28	-1.48012E-06
4.3	-1.52137E-06
4.32	-1.56328E-06
4.34	-1.60587E-06
4.36	-1.64913E-06
4.38	-1.69308E-06
4.4	-1.73772E-06
4.42	-1.78306E-06
4.44	-1.82911E-06
4.46	-1.87587E-06
4.48	-1.92336E-06
4.5	-1.97156E-06
4.52	-2.02048E-06
4.54	-2.07012E-06
4.56	-2.12048E-06
4.58	-2.17158E-06
4.6	-2.22342E-06
4.62	-2.27603E-06
4.64	-2.32941E-06
4.66	-2.38358E-06
4.68	-2.43857E-06
4.7	-2.49438E-06
4.72	-2.55102E-06
4.74	-2.60853E-06
4.76	-2.66689E-06
4.78	-2.72614E-06
4.8	-2.78627E-06
4.82	-2.8473E-06
4.84	-2.90923E-06
4.86	-2.97209E-06
4.88	-3.03587E-06
4.9	-3.10058E-06
4.92	-3.16623E-06
4.94	-3.23283E-06
4.96	-3.30039E-06
4.98	-3.3689E-06
5	-3.43838E-06
5.02	-3.50883E-06
5.04	-3.58026E-06
5.06	-3.65267E-06
5.08	-3.72606E-06
5.1	-3.80045E-06
5.12	-3.87584E-06
5.14	-3.95223E-06
5.16	-4.02963E-06
5.18	-4.10804E-06
5.2	-4.18746E-06
5.22	-4.2679E-06
5.24	-4.34937E-06
5.26	-4.43186E-06
5.28	-4.51538E-06
5.3	-4.59994E-06
5.32	-4.68554E-06
5.34	-4.77219E-06
5.36	-4.85988E-06
5.38	-4.94863E-06
5.4	-5.03844E-06
5.42	-5.12933E-06
5.44	-5.2213E-06
5.46	-5.31435E-06
5.48	-5.40847E-06
5.5	-5.50366E-06
5.52	-5.59993E-06
5.54	-5.69726E-06
5.56	-5.79566E-06
5.58	-5.89513E-06
5.6	-5.99566E-06
5.62	-6.09726E-06
5.64	-6.19994E-06
5.66	-6.30369E-06
5.68	-6.40852E-06
5.7	-6.51444E-06
5.72	-6.62146E-06
5.74	-6.72958E-06
5.76	-6.8388E-06
5.78	-6.94914E-06
5.8	-7.0606E-06
5.82	-7.17319E-06
5.84	-7.28691E-06
5.86	-7.40178E-06
5.88	-7.5178E-06
5.9	-7.63497E-06
5.92	-7.75331E-06
5.94	-7.87281E-06
5.96	-7.99349E-06
5.98	-8.11535E-06
6	-8.2384E-06
6.02	-8.36263E-06
6.04	-8.48806E-06
6.06	-8.61469E-06
6.08	-8.74252E-06
6.1	-8.87157E-06
6.12	-9.00182E-06
6.14	-9.1333E-06
6.16	-9.26599E-06
6.18	-9.3999E-06
6.2	-9.53503E-06
6.22	-9.67139E-06
6.24	-9.80898E-06
6.26	-9.94779E-06
6.28	-1.00878E-05
6.3	-1.02291E-05
6.32	-1.03716E-05
6.34	-1.05153E-05
6.36	-1.06602E-05
6.38	-1.08064E-05
6.4	-1.09538E-05
6.42	-1.11025E-05
6.44	-1.12524E-05
6.46	-1.14036E-05
6.48	-1.1556E-05
6.5	-1.17097E-05
6.52	-1.18645E-05
6.54	-1.20206E-05
6.56	-1.2178E-05
6.58	-1.23365E-05
6.6	-1.24963E-05
6.62	-1.26572E-05
6.64	-1.28194E-05
6.66	-1.29827E-05
6.68	-1.31472E-05
6.7	-1.33129E-05
6.72	-1.34797E-05
6.74	-1.36477E-05
6.76	-1.38169E-05
6.78	-1.39872E-05
6.8	-1.41586E-05
6.82	-1.43311E-05
6.84	-1.45048E-05
6.86	-1.46796E-05
6.88	-1.48554E-05
6.9	-1.50324E-05
6.92	-1.52105E-05
6.94	-1.53896E-05
6.96	-1.55698E-05
6.98	-1.57511E-05
7	-1.59334E-05
7.02	-1.61168E-05
7.04	-1.63012E-05
7.06	-1.64867E-05
7.08	-1.66731E-05
7.1	-1.68606E-05
7.12	-1.70491E-05
7.14	-1.72386E-05
7.16	-1.74291E-05
7.18	-1.76206E-05
7.2	-1.7813E-05
7.22	-1.80064E-05
7.24	-1.82007E-05
7.26	-1.8396E-05
7.28	-1.85921E-05
7.3	-1.87892E-05
7.32	-1.89871E-05
7.34	-1.91859E-05
7.36	-1.93856E-05
7.38	-1.95861E-05
7.4	-1.97875E-05
7.42	-1.99897E-05
7.44	-2.01927E-05
7.46	-2.03965E-05
7.48	-2.06011E-05
7.5	-2.08065E-05
7.52	-2.10126E-05
7.54	-2.12195E-05
7.56	-2.14271E-05
7.58	-2.16354E-05
7.6	-2.18444E-05
7.62	-2.2054E-05
7.64	-2.22644E-05
7.66	-2.24753E-05
7.68	-2.26868E-05
7.7	-2.2899E-05
7.72	-2.31117E-05
7.74	-2.33249E-05
7.76	-2.35386E-05
7.78	-2.37528E-05
7.8	-2.39675E-05
7.82	-2.41825E-05
7.84	-2.4398E-05
7.86	-2.46139E-05
7.88	-2.48301E-05
7.9	-2.50466E-05
7.92	-2.52634E-05
7.94	-2.54804E-05
7.96	-2.56977E-05
7.98	-2.59151E-05
8	-2.61328E-05
8.02	-2.63505E-05
8.04	-2.65683E-05
8.06	-2.67862E-05
8.08	-2.70041E-05
8.1	-2.7222E-05
8.12	-2.74399E-05
8.14	-2.76577E-05
8.16	-2.78754E-05
8.18	-2.80929E-05
8.2	-2.83103E-05
8.22	-2.85274E-05
8.24	-2.87443E-05
8.26	-2.89609E-05
8.28	-2.91771E-05
8.3	-2.9393E-05
8.32	-2.96084E-05
8.34	-2.98233E-05
8.36	-3.00378E-05
8.38	-3.02517E-05
8.4	-3.04649E-05
8.42	-3.06776E-05
8.44	-3.08895E-05
8.46	-3.11008E-05
8.48	-3.13112E-05
8.5	-3.15209E-05
8.52	-3.17297E-05
8.54	-3.19376E-05
8.56	-3.21445E-05
8.58	-3.23505E-05
8.6	-3.25554E-05
8.62	-3.27592E-05
8.64	-3.29619E-05
8.66	-3.31634E-05
8.68	-3.33636E-05
8.7	-3.35626E-05
8.72	-3.37602E-05
8.74	-3.39565E-05
8.76	-3.41513E-05
8.78	-3.43446E-05
8.8	-3.45363E-05
8.82	-3.47264E-05
8.84	-3.49149E-05
8.86	-3.51016E-05
8.88	-3.52865E-05
8.9	-3.54696E-05
8.92	-3.56507E-05
8.94	-3.58299E-05
8.96	-3.60071E-05
8.98	-3.61821E-05
9	-3.6355E-05
9.02	-3.65257E-05
9.04	-3.6694E-05
9.06	-3.686E-05
9.08	-3.70236E-05
9.1	-3.71846E-05
9.12	-3.73431E-05
9.14	-3.74989E-05
9.16	-3.7652E-05
9.18	-3.78023E-05
9.2	-3.79498E-05
9.22	-3.80943E-05
9.24	-3.82358E-05
9.26	-3.83742E-05
9.28	-3.85095E-05
9.3	-3.86415E-05
9.32	-3.87702E-05
9.34	-3.88955E-05
9.36	-3.90173E-05
9.38	-3.91355E-05
9.4	-3.92501E-05
9.42	-3.93609E-05
9.44	-3.94679E-05
9.46	-3.9571E-05
9.48	-3.96701E-05
9.5	-3.9765E-05
9.52	-3.98558E-05
9.54	-3.99424E-05
9.56	-4.00246E-05
9.58	-4.01023E-05
9.6	-4.01755E-05
9.62	-4.0244E-05
9.64	-4.03079E-05
9.66	-4.03669E-05
9.68	-4.0421E-05
9.7	-4.04701E-05
9.72	-4.05141E-05
9.74	-4.05529E-05
9.76	-4.05864E-05
9.78	-4.06146E-05
9.8	-4.06372E-05
9.82	-4.06542E-05
9.84	-4.06656E-05
9.86	-4.06711E-05
9.88	-4.06708E-05
9.9	-4.06645E-05
9.92	-4.0652E-05
9.94	-4.06334E-05
9.96	-4.06084E-05
9.98	-4.05771E-05
10	-4.05392E-05
10.02	-4.04946E-05
10.04	-4.04433E-05
10.06	-4.03852E-05
10.08	-4.032E-05
10.1	-4.02478E-05
10.12	-4.01684E-05
10.14	-4.00817E-05
10.16	-3.99875E-05
10.18	-3.98858E-05
10.2	-3.97764E-05
10.22	-3.96593E-05
10.24	-3.95343E-05
10.26	-3.94012E-05
10.28	-3.926E-05
10.3	-3.91106E-05
10.32	-3.89528E-05
10.34	-3.87864E-05
10.36	-3.86115E-05
10.38	-3.84278E-05
10.4	-3.82352E-05
10.42	-3.80336E-05
10.44	-3.78228E-05
10.46	-3.76028E-05
10.48	-3.73733E-05
10.5	-3.71344E-05
10.52	-3.68857E-05
10.54	-3.66273E-05
10.56	-3.63589E-05
10.58	-3.60804E-05
10.6	-3.57917E-05
10.62	-3.54927E-05
10.64	-3.51832E-05
10.66	-3.4863E-05
10.68	-3.45321E-05
10.7	-3.41903E-05
10.72	-3.38374E-05
10.74	-3.34733E-05
10.76	-3.30979E-05
10.78	-3.27111E-05
10.8	-3.23125E-05
10.82	-3.19023E-05
10.84	-3.14801E-05
10.86	-3.10458E-05
10.88	-3.05994E-05
10.9	-3.01406E-05
10.92	-2.96693E-05
10.94	-2.91854E-05
10.96	-2.86887E-05
10.98	-2.81791E-05
11	-2.76563E-05
11.02	-2.71203E-05
11.04	-2.6571E-05
11.06	-2.60081E-05
11.08	-2.54314E-05
11.1	-2.4841E-05
11.12	-2.42365E-05
11.14	-2.36179E-05
11.16	-2.2985E-05
11.18	-2.23376E-05
11.2	-2.16756E-05
11.22	-2.09988E-05
11.24	-2.03071E-05
11.26	-1.96003E-05
11.28	-1.88782E-05
11.3	-1.81408E-05
11.32	-1.73879E-05
11.34	-1.66192E-05
11.36	-1.58347E-05
11.38	-1.50342E-05
11.4	-1.42174E-05
11.42	-1.33844E-05
11.44	-1.25349E-05
11.46	-1.16687E-05
11.48	-1.07857E-05
11.5	-9.88576E-06
11.52	-8.96869E-06
11.54	-8.03433E-06
11.56	-7.08253E-06
11.58	-6.11312E-06
11.6	-5.12595E-06
11.62	-4.12086E-06
11.64	-3.09768E-06
11.66	-2.05625E-06
11.68	-9.9642E-07
11.7	8.1979E-08
11.72	1.17911E-06
11.74	2.29512E-06
11.76	3.43019E-06
11.78	4.58448E-06
11.8	5.75813E-06
11.82	6.95132E-06
11.84	8.1642E-06
11.86	9.39693E-06
11.88	1.06497E-05
11.9	1.19226E-05
11.92	1.32158E-05
11.94	1.45295E-05
11.96	1.58639E-05
11.98	1.7219E-05
12	1.85951E-05
12.02	1.99924E-05
12.04	2.14108E-05
12.06	2.28508E-05
12.08	2.43122E-05
12.1	2.57955E-05
12.12	2.73006E-05
12.14	2.88277E-05
12.16	3.0377E-05
12.18	3.19487E-05
12.2	3.35429E-05
12.22	3.51597E-05
12.24	3.67993E-05
12.26	3.84618E-05
12.28	4.01474E-05
12.3	4.18562E-05
12.32	4.35884E-05
12.34	4.53441E-05
12.36	4.71234E-05
12.38	4.89266E-05
12.4	5.07536E-05
12.42	5.26048E-05
12.44	5.44801E-05
12.46	5.63797E-05
12.48	5.83038E-05
12.5	6.02525E-05
12.52	6.22259E-05
12.54	6.42242E-05
12.56	6.62474E-05
12.58	6.82957E-05
12.6	7.03692E-05
12.62	7.24681E-05
12.64	7.45924E-05
12.66	7.67423E-05
12.68	7.89178E-05
12.7	8.11192E-05
12.72	8.33464E-05
12.74	8.55997E-05
12.76	8.78791E-05
12.78	9.01847E-05
12.8	9.25166E-05
12.82	9.4875E-05
12.84	9.72599E-05
12.86	9.96713E-05
12.88	0.00010211
12.9	0.000104575
12.92	0.000107066
12.94	0.000109585
12.96	0.000112131
12.98	0.000114704
13	0.000117304
13.02	0.000119932
13.04	0.000122587
13.06	0.000125269
13.08	0.000127979
13.1	0.000130716
13.12	0.000133481
13.14	0.000136273
13.16	0.000139093
13.18	0.000141941
13.2	0.000144817
13.22	0.00014772
13.24	0.000150652
13.26	0.000153611
13.28	0.000156598
13.3	0.000159613
13.32	0.000162656
13.34	0.000165727
13.36	0.000168826
13.38	0.000171953
13.4	0.000175108
13.42	0.000178292
13.44	0.000181503
13.46	0.000184742
13.48	0.000188009
13.5	0.000191304
13.52	0.000194627
13.54	0.000197977
13.56	0.000201356
13.58	0.000204762
13.6	0.000208197
13.62	0.000211659
13.64	0.000215148
13.66	0.000218666
13.68	0.000222211
13.7	0.000225783
13.72	0.000229383
13.74	0.00023301
13.76	0.000236664
13.78	0.000240345
13.8	0.000244054
13.82	0.000247789
13.84	0.000251551
13.86	0.00025534
13.88	0.000259155
13.9	0.000262997
13.92	0.000266865
13.94	0.000270759
13.96	0.000274679
13.98	0.000278625
14	0.000282597
14.02	0.000286594
14.04	0.000290617
14.06	0.000294664
14.08	0.000298737
14.1	0.000302834
14.12	0.000306956
14.14	0.000311102
14.16	0.000315272
14.18	0.000319465
14.2	0.000323683
14.22	0.000327924
14.24	0.000332187
14.26	0.000336474
14.28	0.000340783
14.3	0.000345114
14.32	0.000349468
14.34	0.000353843
14.36	0.000358239
14.38	0.000362656
14.4	0.000367094
14.42	0.000371553
14.44	0.000376031
14.46	0.000380529
14.48	0.000385046
14.5	0.000389583
14.52	0.000394138
14.54	0.00039871
14.56	0.000403301
14.58	0.000407909
14.6	0.000412534
14.62	0.000417175
14.64	0.000421833
14.66	0.000426506
14.68	0.000431194
14.7	0.000435896
14.72	0.000440613
14.74	0.000445343
14.76	0.000450087
14.78	0.000454843
14.8	0.000459611
14.82	0.000464391
14.84	0.000469182
14.86	0.000473983
14.88	0.000478794
14.9	0.000483614
14.92	0.000488443
14.94	0.000493279
14.96	0.000498123
14.98	0.000502974
15	0.000508481
15.02	0.000515526
15.04	0.000519542
15.06	0.000524814
15.08	0.000528266
15.1	0.000533313
15.12	0.000535978
15.14	0.000540307
15.16	0.000540718
15.18	0.000540877
15.2	0.00052398
15.22	0.000463661
15.24	0.000337769
15.26	0.000263492
15.28	0.000266988
15.3	0.000344275
15.32	0.000501795
15.34	0.000659427
15.36	0.000709234
15.38	0.000638837
15.4	0.000591547
15.42	0.000633079
15.44	0.000770704
15.46	0.000889297
15.48	0.000895178
15.5	0.000774617
15.52	0.000514472
15.54	0.000168211
15.56	-0.000136305
15.58	-0.000439535
15.6	-0.000711725
15.62	-0.000861458
15.64	-0.000821067
15.66	-0.000617295
15.68	-0.000425967
15.7	-0.00032849
15.72	-0.000263002
15.74	-8.15362E-05
15.76	0.000282079
15.78	0.000762524
15.8	0.001250299
15.82	0.001692489
15.84	0.002088347
15.86	0.002431857
15.88	0.002663922
15.9	0.002736208
15.92	0.002701891
15.94	0.002747041
15.96	0.002838372
15.98	0.002946383
16	0.002980727
16.02	0.002828246
16.04	0.002482024
16.06	0.00201396
16.08	0.001466285
16.1	0.000915035
16.12	0.000325301
16.14	-0.000358503
16.16	-0.001117933
16.18	-0.001818208
16.2	-0.002416679
16.22	-0.003000361
16.24	-0.003635957
16.26	-0.004346965
16.28	-0.005126247
16.3	-0.005923363
16.32	-0.006705669
16.34	-0.007373487
16.36	-0.007902156
16.38	-0.008221373
16.4	-0.008286033
16.42	-0.008122954
16.44	-0.007993474
16.46	-0.007944426
16.48	-0.007994814
16.5	-0.008079319
16.52	-0.008028863
16.54	-0.007744997
16.56	-0.007295017
16.58	-0.006842543
16.6	-0.006630375
16.62	-0.006779281
16.64	-0.007219701
16.66	-0.007784879
16.68	-0.008317906
16.7	-0.008746062
16.72	-0.009058336
16.74	-0.009287163
16.76	-0.009471815
16.78	-0.009664782
16.8	-0.009987417
16.82	-0.010447652
16.84	-0.010744969
16.86	-0.01043421
16.88	-0.009505335
16.9	-0.008367348
16.92	-0.007226506
16.94	-0.006048246
16.96	-0.004815657
16.98	-0.003425132
17	-0.001861616
17.02	-0.000119489
17.04	0.001838179
17.06	0.003972176
17.08	0.006204543
17.1	0.008326088
17.12	0.010132916
17.14	0.01129223
17.16	0.011618735
17.18	0.011291212
17.2	0.010817616
17.22	0.010253596
17.24	0.009334107
17.26	0.007785704
17.28	0.005455766
17.3	0.002463044
17.32	-0.000851698
17.34	-0.00430529
17.36	-0.007709062
17.38	-0.010720072
17.4	-0.012696548
17.42	-0.013036193
17.44	-0.012285854
17.46	-0.011389042
17.48	-0.010567071
17.5	-0.009924029
17.52	-0.009562883
17.54	-0.009814141
17.56	-0.010616276
17.58	-0.011762019
17.6	-0.013010094
17.62	-0.014070181
17.64	-0.014652621
17.66	-0.01407719
17.68	-0.012606049
17.7	-0.01077947
17.72	-0.008721307
17.74	-0.006705747
17.76	-0.0047314
17.78	-0.002451367
17.8	0.000711122
17.82	0.004720911
17.84	0.009130503
17.86	0.013320266
17.88	0.017020722
17.9	0.020067663
17.92	0.022165325
17.94	0.023457052
17.96	0.024380783
17.98	0.02526578
18	0.026501388
18.02	0.028063666
18.04	0.029925225
18.06	0.031829539
18.08	0.033526636
18.1	0.034810403
18.12	0.035753556
18.14	0.036487549
18.16	0.037021075
18.18	0.036892553
18.2	0.036056359
18.22	0.034712911
18.24	0.033269688
18.26	0.031999081
18.28	0.030908239
18.3	0.029817515
18.32	0.02865559
18.34	0.027426743
18.36	0.026151707
18.38	0.024543372
18.4	0.022496917
18.42	0.020107751
18.44	0.017782413
18.46	0.015522096
18.48	0.013472683
18.5	0.011280997
18.52	0.008895707
18.54	0.006066954
18.56	0.003512671
18.58	0.001860383
18.6	0.001203377
18.62	0.001068109
18.64	0.001006277
18.66	0.001018895
18.68	0.001489583
18.7	0.002359997
18.72	0.003248316
18.74	0.004064947
18.76	0.004949572
18.78	0.006020192
18.8	0.007219817
18.82	0.008317108
18.84	0.009371549
18.86	0.010486426
18.88	0.011495718
18.9	0.012317807
18.92	0.013062303
18.94	0.01376586
18.96	0.014207333
18.98	0.01423818
19	0.014083357
19.02	0.013946723
19.04	0.013787993
19.06	0.013442405
19.08	0.012618051
19.1	0.011548323
19.12	0.01041949
19.14	0.009067835
19.16	0.007151686
19.18	0.004474076
19.2	0.00140731
19.22	-0.001314311
19.24	-0.003826181
19.26	-0.006092952
19.28	-0.008036472
19.3	-0.009644342
19.32	-0.011016889
19.34	-0.012332662
19.36	-0.013875748
19.38	-0.015715247
19.4	-0.017902877
19.42	-0.020333564
19.44	-0.022900901
19.46	-0.025506293
19.48	-0.028070632
19.5	-0.030710965
19.52	-0.033505735
19.54	-0.036267593
19.56	-0.038452687
19.58	-0.039368545
19.6	-0.038930089
19.62	-0.037995623
19.64	-0.036835111
19.66	-0.035338272
19.68	-0.033382099
19.7	-0.031088303
19.72	-0.028659385
19.74	-0.026235546
19.76	-0.023918655
19.78	-0.021948203
19.8	-0.020474411
19.82	-0.019739388
19.84	-0.019794978
19.86	-0.020430948
19.88	-0.020958524
19.9	-0.020875514
19.92	-0.019998766
19.94	-0.019092451
19.96	-0.018373044
19.98	-0.018010127
20	-0.018147052
20.02	-0.018834395
20.04	-0.019839391
20.06	-0.020871271
20.08	-0.021070884
20.1	-0.020406105
20.12	-0.019679559
20.14	-0.019075594
20.16	-0.018516825
20.18	-0.01777295
20.2	-0.016404965
20.22	-0.014469571
20.24	-0.012144564
20.26	-0.00981242
20.28	-0.007367626
20.3	-0.004996603
20.32	-0.002808141
20.34	-0.000853091
20.36	0.001232566
20.38	0.003539506
20.4	0.006091481
20.42	0.008687213
20.44	0.011198324
20.46	0.013497136
20.48	0.015471055
20.5	0.017198
20.52	0.019114046
20.54	0.021281277
20.56	0.023526518
20.58	0.025293309
20.6	0.026013148
20.62	0.025622042
20.64	0.0246626
20.66	0.023395757
20.68	0.022070293
20.7	0.020941111
20.72	0.020162026
20.74	0.019529286
20.76	0.018634799
20.78	0.017322126
20.8	0.015751731
20.82	0.014133377
20.84	0.012465525
20.86	0.010679003
20.88	0.008828881
20.9	0.007145862
20.92	0.005671509
20.94	0.004317434
20.96	0.002828811
20.98	0.001182763
21	-0.000452331
21.02	-0.001716503
21.04	-0.002423883
21.06	-0.002633872
21.08	-0.002773639
21.1	-0.003024643
21.12	-0.00325324
21.14	-0.003343411
21.16	-0.0032324
21.18	-0.003058722
21.2	-0.002918646
21.22	-0.002666169
21.24	-0.002177744
21.26	-0.001441106
21.28	-0.000546283
21.3	0.000359708
21.32	0.001283648
21.34	0.002373465
21.36	0.003589312
21.38	0.004694502
21.4	0.005473788
21.42	0.005765823
21.44	0.005616963
21.46	0.005313717
21.48	0.005025329
21.5	0.00479339
21.52	0.004491093
21.54	0.003987295
21.56	0.003373457
21.58	0.00277358
21.6	0.002186072
21.62	0.001715063
21.64	0.00145463
21.66	0.001458762
21.68	0.001796125
21.7	0.00231345
21.72	0.002795371
21.74	0.003077684
21.76	0.003252968
21.78	0.003501025
21.8	0.003886888
21.82	0.00437623
21.84	0.004916297
21.86	0.005490888
21.88	0.006013291
21.9	0.006376132
21.92	0.006577356
21.94	0.006675792
21.96	0.006692035
21.98	0.006683776
22	0.006613222
22.02	0.006420004
22.04	0.006049411
22.06	0.005445505
22.08	0.004630724
22.1	0.003909446
22.12	0.003605709
22.14	0.003768596
22.16	0.004121647
22.18	0.00442929
22.2	0.004700729
22.22	0.005047442
22.24	0.00547871
22.26	0.00595906
22.28	0.006438856
22.3	0.006922747
22.32	0.007332919
22.34	0.007471472
22.36	0.007191387
22.38	0.006666467
22.4	0.006037755
22.42	0.005322235
22.44	0.004540269
22.46	0.003807007
22.48	0.003146996
22.5	0.00238133
22.52	0.001410537
22.54	0.000330607
22.56	-0.000651564
22.58	-0.001399564
22.6	-0.001864716
22.62	-0.002178263
22.64	-0.002538045
22.66	-0.00312219
22.68	-0.003917289
22.7	-0.004883712
22.72	-0.005860808
22.74	-0.006678559
22.76	-0.007256069
22.78	-0.007628606
22.8	-0.007769069
22.82	-0.007958096
22.84	-0.008407804
22.86	-0.009325172
22.88	-0.01071189
22.9	-0.012412525
22.92	-0.014054346
22.94	-0.015704303
22.96	-0.01749045
22.98	-0.019553057
23	-0.021761034
23.02	-0.023887013
23.04	-0.025555751
23.06	-0.026627854
23.08	-0.026980362
23.1	-0.026714933
23.12	-0.026134111
23.14	-0.025375718
23.16	-0.024503668
23.18	-0.023662452
23.2	-0.022966026
23.22	-0.022181788
23.24	-0.021073986
23.26	-0.019745532
23.28	-0.018356495
23.3	-0.017048596
23.32	-0.015742524
23.34	-0.014331251
23.36	-0.012658367
23.38	-0.010763787
23.4	-0.00866293
23.42	-0.006515155
23.44	-0.004278983
23.46	-0.002048361
23.48	4.86111E-05
23.5	0.001641349
23.52	0.002720528
23.54	0.003276206
23.56	0.003552573
23.58	0.00357009
23.6	0.003469062
23.62	0.003286449
23.64	0.003143195
23.66	0.003055718
23.68	0.003036006
23.7	0.002979002
23.72	0.002940465
23.74	0.003034056
23.76	0.003370966
23.78	0.003669708
23.8	0.003845154
23.82	0.00381283
23.84	0.003744497
23.86	0.003699443
23.88	0.003763016
23.9	0.003870814
23.92	0.004048719
23.94	0.004068617
23.96	0.004035298
23.98	0.003994208
24	0.004062805
24.02	0.004146081
24.04	0.004259097
24.06	0.004327293
24.08	0.004338632
24.1	0.004144999
24.12	0.003772348
24.14	0.003241604
24.16	0.002674164
24.18	0.002376346
24.2	0.002887824
24.22	0.003958717
24.24	0.005095346
24.26	0.00613693
24.28	0.007135467
24.3	0.008157942
24.32	0.009308597
24.34	0.010616027
24.36	0.011803108
24.38	0.012629158
24.4	0.012815254
24.42	0.012255273
24.44	0.011150105
24.46	0.009769878
24.48	0.008613782
24.5	0.007774555
24.52	0.007243973
24.54	0.007149742
24.56	0.007503518
24.58	0.008030411
24.6	0.008563479
24.62	0.009080569
24.64	0.009490914
24.66	0.009612407
24.68	0.009495586
24.7	0.009129052
24.72	0.008353766
24.74	0.007192389
24.76	0.006059588
24.78	0.005187378
24.8	0.004539097
24.82	0.004055669
24.84	0.003791699
24.86	0.003673482
24.88	0.003545012
24.9	0.003520997
24.92	0.003737541
24.94	0.004008265
24.96	0.00418134
24.98	0.004299304
25	0.004292649
25.02	0.004018572
25.04	0.003389624
25.06	0.002395092
25.08	0.000836311
25.1	-0.000933544
25.12	-0.002460379
25.14	-0.003525418
25.16	-0.004240065
25.18	-0.004544046
25.2	-0.004420005
25.22	-0.004176877
25.24	-0.004112375
25.26	-0.004363438
25.28	-0.004811711
25.3	-0.005197032
25.32	-0.005609662
25.34	-0.006050594
25.36	-0.006495874
25.38	-0.006852436
25.4	-0.007209291
25.42	-0.007611457
25.44	-0.008125768
25.46	-0.008679391
25.48	-0.009354192
25.5	-0.010234328
25.52	-0.011390083
25.54	-0.012697353
25.56	-0.01403821
25.58	-0.015187882
25.6	-0.016051722
25.62	-0.016558597
25.64	-0.016641416
25.66	-0.016259166
25.68	-0.015738029
25.7	-0.015271297
25.72	-0.01491764
25.74	-0.01460228
25.76	-0.014254367
25.78	-0.013792264
25.8	-0.013083796
25.82	-0.012080547
25.84	-0.01088122
25.86	-0.009588449
25.88	-0.008291231
25.9	-0.00696187
25.92	-0.005578464
25.94	-0.004059312
25.96	-0.002427263
25.98	-0.000679261
26	0.001071438
26.02	0.002823541
26.04	0.004458379
26.06	0.006025301
26.08	0.007467795
26.1	0.008810637
26.12	0.009911213
26.14	0.010638198
26.16	0.010717723
26.18	0.010250956
26.2	0.009485931
26.22	0.008643176
26.24	0.00793639
26.26	0.007447302
26.28	0.007167483
26.3	0.006998348
26.32	0.006757544
26.34	0.00632166
26.36	0.005594568
26.38	0.004519933
26.4	0.003191026
26.42	0.001882758
26.44	0.000809657
26.46	8.29283E-05
26.48	-0.000368982
26.5	-0.000605023
26.52	-0.000675268
26.54	-0.000566774
26.56	-0.00043359
26.58	-0.000213992
26.6	0.000156682
26.62	0.000686559
26.64	0.001389247
26.66	0.002364878
26.68	0.003560196
26.7	0.004836245
26.72	0.006056051
26.74	0.007155373
26.76	0.008158285
26.78	0.009038825
26.8	0.009740226
26.82	0.01017934
26.84	0.010213724
26.86	0.009865515
26.88	0.009309692
26.9	0.008559342
26.92	0.007569087
26.94	0.006296465
26.96	0.004696836
26.98	0.002817234
27	0.000687589
27.02	-0.001744841
27.04	-0.004532868
27.06	-0.007554021
27.08	-0.010508941
27.1	-0.012997355
27.12	-0.014762697
27.14	-0.015708572
27.16	-0.016006987
27.18	-0.015928941
27.2	-0.015694572
27.22	-0.015196899
27.24	-0.014516883
27.26	-0.013787707
27.28	-0.012989954
27.3	-0.012038188
27.32	-0.010861374
27.34	-0.009395562
27.36	-0.007640149
27.38	-0.00563476
27.4	-0.003507095
27.42	-0.001315762
27.44	0.000894755
27.46	0.003101001
27.48	0.005073901
27.5	0.006758744
27.52	0.008189902
27.54	0.009503284
27.56	0.01071841
27.58	0.011828707
27.6	0.012709442
27.62	0.013190334
27.64	0.013246595
27.66	0.013190306
27.68	0.013123638
27.7	0.012980239
27.72	0.012660376
27.74	0.012230939
27.76	0.011792727
27.78	0.011276961
27.8	0.010673556
27.82	0.009999025
27.84	0.009250007
27.86	0.008489989
27.88	0.007782447
27.9	0.007127962
27.92	0.006518606
27.94	0.006000109
27.96	0.005699889
27.98	0.005656988
28	0.005782634
28.02	0.005922037
28.04	0.006032573
28.06	0.006034872
28.08	0.005891374
28.1	0.005659594
28.12	0.005319624
28.14	0.004776673
28.16	0.004137833
28.18	0.003698917
28.2	0.003478447
28.22	0.003312481
28.24	0.003100488
28.26	0.002806927
28.28	0.00239515
28.3	0.001714961
28.32	0.000706585
28.34	-0.000538826
28.36	-0.001763467
28.38	-0.002731025
28.4	-0.003279382
28.42	-0.003348132
28.44	-0.003153831
28.46	-0.002897686
28.48	-0.002686926
28.5	-0.002565916
28.52	-0.002599946
28.54	-0.002813708
28.56	-0.002965277
28.58	-0.002932296
28.6	-0.002975369
28.62	-0.003194641
28.64	-0.003525705
28.66	-0.003831852
28.68	-0.003963186
28.7	-0.003786308
28.72	-0.003524965
28.74	-0.003256844
28.76	-0.002961715
28.78	-0.002657982
28.8	-0.002343267
28.82	-0.002071242
28.84	-0.001861901
28.86	-0.001640822
28.88	-0.001389802
28.9	-0.001134942
28.92	-0.000895918
28.94	-0.000683412
28.96	-0.000537711
28.98	-0.000413715
29	-0.00031988
29.02	-0.000430311
29.04	-0.000433168
29.06	-0.000164482
29.08	0.00034728
29.1	0.001101068
29.12	0.001858059
29.14	0.00243988
29.16	0.002684008
29.18	0.002569489
29.2	0.002244926
29.22	0.001813293
29.24	0.001237327
29.26	0.000583473
29.28	8.14855E-05
29.3	-0.000281211
29.32	-0.000529283
29.34	-0.000678513
29.36	-0.000940335
29.38	-0.001467801
29.4	-0.002327852
29.42	-0.003486207
29.44	-0.004913251
29.46	-0.006595287
29.48	-0.00851332
29.5	-0.01035242
29.52	-0.011724456
29.54	-0.012556538
29.56	-0.012947554
29.58	-0.013167716
29.6	-0.013437978
29.62	-0.013699245
29.64	-0.013772668
29.66	-0.013475015
29.68	-0.012883539
29.7	-0.012035661
29.72	-0.011049879
29.74	-0.010025665
29.76	-0.009019124
29.78	-0.008119152
29.8	-0.007333265
29.82	-0.006566368
29.84	-0.005675726
29.86	-0.004616271
29.88	-0.003519912
29.9	-0.002506434
29.92	-0.00174397
29.94	-0.001278961
29.96	-0.001064675
29.98	-0.000974565
30	-0.001003028
30.02	-0.001042436
30.04	-0.001001739
30.06	-0.000981196
30.08	-0.001169241
30.1	-0.001585367
30.12	-0.002206749
30.14	-0.002912102
30.16	-0.003496562
30.18	-0.003835765
30.2	-0.003952927
30.22	-0.004003428
30.24	-0.004166826
30.26	-0.004534848
30.28	-0.005011208
30.3	-0.005381078
30.32	-0.005452876
30.34	-0.005182697
30.36	-0.004705676
30.38	-0.004056602
30.4	-0.003219032
30.42	-0.002216554
30.44	-0.001136357
30.46	-9.72207E-05
30.48	0.000951207
30.5	0.002080931
30.52	0.003316252
30.54	0.004526513
30.56	0.005471643
30.58	0.005970735
30.6	0.00598863
30.62	0.005713055
30.64	0.005328648
30.66	0.004700017
30.68	0.003692498
30.7	0.00226107
30.72	0.00051027
30.74	-0.001343518
30.76	-0.003150801
30.78	-0.004874085
30.8	-0.006567768
30.82	-0.008288702
30.84	-0.009935257
30.86	-0.011366264
30.88	-0.012565535
30.9	-0.013594209
30.92	-0.01447839
30.94	-0.015165376
30.96	-0.01556021
30.98	-0.01559339
31	-0.015393472
31.02	-0.014973904
31.04	-0.014225257
31.06	-0.013135071
31.08	-0.011760175
31.1	-0.010166135
31.12	-0.008434569
31.14	-0.006619457
31.16	-0.004691226
31.18	-0.00262197
31.2	-0.000418705
31.22	0.00178134
31.24	0.003808779
31.26	0.005578924
31.28	0.007078901
31.3	0.008274061
31.32	0.009131125
31.34	0.009632886
31.36	0.009880633
31.38	0.010077105
31.4	0.010435607
31.42	0.010878635
31.44	0.011265261
31.46	0.011358298
31.48	0.011093422
31.5	0.010586102
31.52	0.009870657
31.54	0.008976979
31.56	0.007889696
31.58	0.006597962
31.6	0.005229058
31.62	0.003890735
31.64	0.002596105
31.66	0.001291882
31.68	9.83125E-06
31.7	-0.001166324
31.72	-0.0020828
31.74	-0.00263535
31.76	-0.00286032
31.78	-0.002937246
31.8	-0.003020596
31.82	-0.003035658
31.84	-0.002813669
31.86	-0.002436791
31.88	-0.002123556
31.9	-0.001776442
31.92	-0.001161731
31.94	-0.000380085
31.96	0.000461698
31.98	0.001243546
32	0.001839458
32.02	0.002258828
32.04	0.002577551
32.06	0.002779075
32.08	0.002752954
32.1	0.002430477
32.12	0.001846353
32.14	0.001053358
32.16	0.00015178
32.18	-0.000765442
32.2	-0.001633892
32.22	-0.002391127
32.24	-0.002989559
32.26	-0.00344343
32.28	-0.003817347
32.3	-0.004190833
32.32	-0.004558488
32.34	-0.005024157
32.36	-0.005540366
32.38	-0.005984206
32.4	-0.006177426
32.42	-0.006109253
32.44	-0.005870854
32.46	-0.005526378
32.48	-0.005066307
32.5	-0.00445687
32.52	-0.003762432
32.54	-0.003060294
32.56	-0.002331829
32.58	-0.001500129
32.6	-0.000512574
32.62	0.000589965
32.64	0.001672826
32.66	0.002598495
32.68	0.003355085
32.7	0.004000522
32.72	0.004547755
32.74	0.004979146
32.76	0.005302265
32.78	0.005550685
32.8	0.005839625
32.82	0.006203881
32.84	0.006544625
32.86	0.00658343
32.88	0.006134861
32.9	0.005364383
32.92	0.004427213
32.94	0.003521218
32.96	0.002767586
32.98	0.002213273
33	0.001743641
33.02	0.00122922
33.04	0.000626667
33.06	-9.12409E-05
33.08	-0.000916614
33.1	-0.001761028
33.12	-0.002591028
33.14	-0.003373859
33.16	-0.004153038
33.18	-0.004961537
33.2	-0.005857189
33.22	-0.006834414
33.24	-0.00787039
33.26	-0.008713434
33.28	-0.009235824
33.3	-0.009328128
33.32	-0.009129199
33.34	-0.008848252
33.36	-0.008547831
33.38	-0.008170585
33.4	-0.007638404
33.42	-0.00696112
33.44	-0.006214279
33.46	-0.005460092
33.48	-0.004719848
33.5	-0.00394077
33.52	-0.003165904
33.54	-0.002529122
33.56	-0.002089156
33.58	-0.001813455
33.6	-0.001617502
33.62	-0.001457314
33.64	-0.00138865
33.66	-0.001518197
33.68	-0.001796501
33.7	-0.002143629
33.72	-0.002534592
33.74	-0.002965664
33.76	-0.003431227
33.78	-0.003833388
33.8	-0.004055423
33.82	-0.004044488
33.84	-0.003887374
33.86	-0.003740132
33.88	-0.00362292
33.9	-0.003392111
33.92	-0.002896215
33.94	-0.002142359
33.96	-0.001329379
33.98	-0.000625154
34	-4.74893E-05
34.02	0.000291984
34.04	0.000516029
34.06	0.000816104
34.08	0.001220274
34.1	0.001683042
34.12	0.002158467
34.14	0.002748095
34.16	0.003464841
34.18	0.004167381
34.2	0.004588792
34.22	0.0047307
34.24	0.004737396
34.26	0.004718948
34.28	0.004614812
34.3	0.004336918
34.32	0.00380484
34.34	0.003170774
34.36	0.002662577
34.38	0.002379096
34.4	0.002230041
34.42	0.00207915
34.44	0.001940989
34.46	0.001880156
34.48	0.001852922
34.5	0.001806735
34.52	0.001657571
34.54	0.001302915
34.56	0.000754647
34.58	0.000134263
34.6	-0.000529232
34.62	-0.001340906
34.64	-0.002335969
34.66	-0.003368977
34.68	-0.004240762
34.7	-0.004870555
34.72	-0.005327244
34.74	-0.005718971
34.76	-0.006124882
34.78	-0.006450766
34.8	-0.006464398
34.82	-0.006076867
34.84	-0.005486803
34.86	-0.004765036
34.88	-0.003958791
34.9	-0.003148036
34.92	-0.002408442
34.94	-0.001755991
34.96	-0.001168015
34.98	-0.00054045
35	0.000240868
35.02	0.001238416
35.04	0.002395165
35.06	0.003523945
35.08	0.004409281
35.1	0.004940851
35.12	0.005188269
35.14	0.005354604
35.16	0.005591688
35.18	0.005901763
35.2	0.006143202
35.22	0.006179512
35.24	0.005884685
35.26	0.005332968
35.28	0.004584249
35.3	0.003716737
35.32	0.00291156
35.34	0.002377799
35.36	0.002207036
35.38	0.002340506
35.4	0.002557866
35.42	0.002743821
35.44	0.002839022
35.46	0.002846993
35.48	0.002814113
35.5	0.002809529
35.52	0.002771277
35.54	0.002684644
35.56	0.002602039
35.58	0.002494167
35.6	0.002326721
35.62	0.00211453
35.64	0.001894969
35.66	0.001824512
35.68	0.001960983
35.7	0.002248733
35.72	0.002494984
35.74	0.002549955
35.76	0.002402758
35.78	0.002109781
35.8	0.001684652
35.82	0.001128888
35.84	0.000409586
35.86	-0.00032785
35.88	-0.001025773
35.9	-0.001612677
35.92	-0.002083741
35.94	-0.002506165
35.96	-0.002929562
35.98	-0.003291419
36	-0.003628985
36.02	-0.004026919
36.04	-0.004605251
36.06	-0.005448203
36.08	-0.006601128
36.1	-0.00795181
36.12	-0.009287359
36.14	-0.01048488
36.16	-0.01156118
36.18	-0.012474026
36.2	-0.013133981
36.22	-0.013404216
36.24	-0.013300045
36.26	-0.013056172
36.28	-0.012747529
36.3	-0.012414409
36.32	-0.012043708
36.34	-0.011646535
36.36	-0.011297457
36.38	-0.010980565
36.4	-0.010599224
36.42	-0.010047496
36.44	-0.009256484
36.46	-0.008264095
36.48	-0.007148721
36.5	-0.005926306
36.52	-0.004575026
36.54	-0.0030617
36.56	-0.001418302
36.58	0.000238856
36.6	0.001741311
36.62	0.002953594
36.64	0.003779544
36.66	0.004219272
36.68	0.004272566
36.7	0.004021561
36.72	0.003531202
36.74	0.002919466
36.76	0.002320723
36.78	0.001807648
36.8	0.001413796
36.82	0.001033614
36.84	0.000546285
36.86	-3.54981E-05
36.88	-0.000585954
36.9	-0.000953801
36.92	-0.001100007
36.94	-0.001061871
36.96	-0.000867766
36.98	-0.000607767
37	-0.000342308
37.02	-0.000184606
37.04	-0.000232575
37.06	-0.000445063
37.08	-0.000680688
37.1	-0.000784546
37.12	-0.000651495
37.14	-0.000357146
37.16	-2.47855E-05
37.18	0.000245038
37.2	0.00039806
37.22	0.000453623
37.24	0.000460434
37.26	0.000415227
37.28	0.000295054
37.3	8.62411E-05
37.32	-0.000140535
37.34	-0.000393322
37.36	-0.00078829
37.38	-0.001389735
37.4	-0.002176245
37.42	-0.00295001
37.44	-0.00349273
37.46	-0.00379791
37.48	-0.003924067
37.5	-0.003928718
37.52	-0.003831885
37.54	-0.003678693
37.56	-0.00352166
37.58	-0.003409227
37.6	-0.003322482
37.62	-0.003142965
37.64	-0.002766803
37.66	-0.002235847
37.68	-0.001703012
37.7	-0.001277801
37.72	-0.000951186
37.74	-0.000597986
37.76	-6.17829E-05
37.78	0.000728535
37.8	0.001729428
37.82	0.002791905
37.84	0.003766417
37.86	0.004664756
37.88	0.005517861
37.9	0.006270782
37.92	0.006907916
37.94	0.007351755
37.96	0.007742232
37.98	0.008179466
38	0.008681473
38.02	0.009173975
38.04	0.00956651
38.06	0.009876135
38.08	0.010196769
38.1	0.010570747
38.12	0.010907537
38.14	0.011054519
38.16	0.010954925
38.18	0.010702819
38.2	0.010291536
38.22	0.009708961
38.24	0.008991869
38.26	0.008180068
38.28	0.007290476
38.3	0.006347175
38.32	0.005384281
38.34	0.004443235
38.36	0.003586995
38.38	0.002906839
38.4	0.002515288
38.42	0.002467464
38.44	0.00272422
38.46	0.00307436
38.48	0.003430369
38.5	0.003767089
38.52	0.004109955
38.54	0.004477046
38.56	0.004852799
38.58	0.005227864
38.6	0.00557489
38.62	0.005844508
38.64	0.00598119
38.66	0.005930445
38.68	0.005714924
38.7	0.005396538
38.72	0.00507237
38.74	0.004794833
38.76	0.004550111
38.78	0.004271865
38.8	0.003880092
38.82	0.003315506
38.84	0.002637455
38.86	0.002020361
38.88	0.001607242
38.9	0.001530395
38.92	0.001694835
38.94	0.001953861
38.96	0.002243934
38.98	0.002486805
39	0.002624582
39.02	0.002613526
39.04	0.002504458
39.06	0.002481182
39.08	0.002667204
39.1	0.003035645
39.12	0.003514409
39.14	0.003933431
39.16	0.004257836
39.18	0.004486268
39.2	0.004637081
39.22	0.00477833
39.24	0.004925043
39.26	0.005087298
39.28	0.005296292
39.3	0.005538493
39.32	0.005760951
39.34	0.005855056
39.36	0.005700859
39.38	0.005309222
39.4	0.004711922
39.42	0.003876839
39.44	0.002778727
39.46	0.001499224
39.48	0.000260104
39.5	-0.000839172
39.52	-0.001410045
39.54	-0.001533392
39.56	-0.001432924
39.58	-0.001488437
39.6	-0.001829509
39.62	-0.002411997
39.64	-0.003294565
39.66	-0.004443118
39.68	-0.005644327
39.7	-0.006674739
39.72	-0.007434258
39.74	-0.007994637
39.76	-0.008661297
39.78	-0.009719054
39.8	-0.011203641
39.82	-0.012782865
39.84	-0.014108254
39.86	-0.015049056
39.88	-0.015624156
39.9	-0.015994109
39.92	-0.016250798
39.94	-0.016379406
39.96	-0.016352226
39.98	-0.01623883
40	-0.016057661
40.02	-0.015775139
40.04	-0.015384335
40.06	-0.014869255
40.08	-0.014293873
40.1	-0.013729457
40.12	-0.013236823
40.14	-0.012816328
40.16	-0.012418412
40.18	-0.01206602
40.2	-0.011801784
40.22	-0.011654526
40.24	-0.011602425
40.26	-0.011568004
40.28	-0.011507203
40.3	-0.011441512
40.32	-0.011434884
40.34	-0.011493799
40.36	-0.011515797
40.38	-0.011355942
40.4	-0.010969686
40.42	-0.010455355
40.44	-0.009977285
40.46	-0.009608808
40.48	-0.009245507
40.5	-0.008790215
40.52	-0.008230612
40.54	-0.007610053
40.56	-0.006956002
40.58	-0.006330326
40.6	-0.005860174
40.62	-0.005713377
40.64	-0.00595587
40.66	-0.006462786
40.68	-0.007117549
40.7	-0.007828252
40.72	-0.008535275
40.74	-0.009268807
40.76	-0.010097597
40.78	-0.011033462
40.8	-0.012043999
40.82	-0.013096899
40.84	-0.014166314
40.86	-0.015210056
40.88	-0.016159125
40.9	-0.016866638
40.92	-0.017080249
40.94	-0.01670886
40.96	-0.016023229
40.98	-0.015263148
41	-0.014667426
41.02	-0.014345748
41.04	-0.01431124
41.06	-0.01446335
41.08	-0.014589345
41.1	-0.014501299
41.12	-0.014138803
41.14	-0.013435116
41.16	-0.012553063
41.18	-0.011805017
41.2	-0.011466759
41.22	-0.01163171
41.24	-0.012122928
41.26	-0.01274657
41.28	-0.013427384
41.3	-0.01409603
41.32	-0.014748545
41.34	-0.015393594
41.36	-0.015976214
41.38	-0.016426765
41.4	-0.016699034
41.42	-0.016673196
41.44	-0.016208998
41.46	-0.015292927
41.48	-0.013990037
41.5	-0.01235536
41.52	-0.010521747
41.54	-0.008580892
41.56	-0.006787339
41.58	-0.005170795
41.6	-0.003876081
41.62	-0.002837684
41.64	-0.001969427
41.66	-0.001140862
41.68	-0.000257935
41.7	0.000673365
41.72	0.001590317
41.74	0.00246503
41.76	0.003311953
41.78	0.004218337
41.8	0.00523557
41.82	0.006321381
41.84	0.007346126
41.86	0.008135691
41.88	0.008546791
41.9	0.008484017
41.92	0.008097625
41.94	0.007491937
41.96	0.006745899
41.98	0.00600531
42	0.005451119
42.02	0.005203781
42.04	0.005245934
42.06	0.005448066
42.08	0.005628892
42.1	0.005704571
42.12	0.005679962
42.14	0.005579968
42.16	0.005332616
42.18	0.004878254
42.2	0.004240065
42.22	0.003488129
42.24	0.002699932
42.26	0.001952333
42.28	0.001326742
42.3	0.000872438
42.32	0.000635199
42.34	0.000702096
42.36	0.001053804
42.38	0.00157949
42.4	0.002230721
42.42	0.002968984
42.44	0.003753858
42.46	0.004558382
42.48	0.005308539
42.5	0.005936074
42.52	0.006397565
42.54	0.006739875
42.56	0.007089031
42.58	0.007527621
42.6	0.008054413
42.62	0.008655016
42.64	0.009264093
42.66	0.009778731
42.68	0.010098146
42.7	0.010217223
42.72	0.010170199
42.74	0.010022414
42.76	0.009833524
42.78	0.0096206
42.8	0.009374098
42.82	0.009127082
42.84	0.00893619
42.86	0.008879482
42.88	0.009016165
42.9	0.009377743
42.92	0.00988975
42.94	0.010481485
42.96	0.011115731
42.98	0.011737755
43	0.012269363
43.02	0.012654817
43.04	0.012895126
43.06	0.012928308
43.08	0.012901281
43.1	0.012888446
43.12	0.012947188
43.14	0.013037886
43.16	0.013095814
43.18	0.013107259
43.2	0.013059141
43.22	0.012935483
43.24	0.012711497
43.26	0.012373728
43.28	0.011921252
43.3	0.011337645
43.32	0.010593963
43.34	0.009639746
43.36	0.008448467
43.38	0.00710388
43.4	0.005777335
43.42	0.004651897
43.44	0.003874041
43.46	0.003462143
43.48	0.003289236
43.5	0.003223736
43.52	0.003170687
43.54	0.003090983
43.56	0.002931949
43.58	0.002667668
43.6	0.002252634
43.62	0.001682897
43.64	0.000933953
43.66	6.37072E-06
43.68	-0.001097765
43.7	-0.00230613
43.72	-0.003514565
43.74	-0.004581649
43.76	-0.005456569
43.78	-0.006130803
43.8	-0.006683179
43.82	-0.007101886
43.84	-0.007354943
43.86	-0.00737795
43.88	-0.007227309
43.9	-0.00694615
43.92	-0.006640346
43.94	-0.006357805
43.96	-0.006109053
43.98	-0.00590121
44	-0.005724296
44.02	-0.00555076
44.04	-0.005355526
44.06	-0.00512218
44.08	-0.004869293
44.1	-0.004607108
44.12	-0.004376323
44.14	-0.004271887
44.16	-0.004301328
44.18	-0.004372824
44.2	-0.00439789
44.22	-0.004353638
44.24	-0.004239657
44.26	-0.004058672
44.28	-0.003799702
44.3	-0.003463116
44.32	-0.003055776
44.34	-0.002589318
44.36	-0.002100545
44.38	-0.001597364
44.4	-0.001090947
44.42	-0.000605481
44.44	-0.000215479
44.46	5.34566E-05
44.48	0.000234768
44.5	0.000366788
44.52	0.000502136
44.54	0.000670719
44.56	0.000826427
44.58	0.000891864
44.6	0.000811247
44.62	0.000625214
44.64	0.000378113
44.66	9.53045E-05
44.68	-0.000206419
44.7	-0.000475427
44.72	-0.000708368
44.74	-0.00093898
44.76	-0.00121151
44.78	-0.001571345
44.8	-0.001997424
44.82	-0.002423265
44.84	-0.002797621
44.86	-0.003067987
44.88	-0.00321253
44.9	-0.00321486
44.92	-0.003107041
44.94	-0.002932386
44.96	-0.002728746
44.98	-0.002582297
45	-0.002534084
45.02	-0.00256638
45.04	-0.00268975
45.06	-0.002899333
45.08	-0.00318646
45.1	-0.003512108
45.12	-0.003898032
45.14	-0.004337784
45.16	-0.004789738
45.18	-0.005210288
45.2	-0.00559633
45.22	-0.005955761
45.24	-0.006261759
45.26	-0.006506252
45.28	-0.006695256
45.3	-0.006792514
45.32	-0.006767339
45.34	-0.006596317
45.36	-0.006244886
45.38	-0.005719504
45.4	-0.005081103
45.42	-0.004373109
45.44	-0.003624488
45.46	-0.002848517
45.48	-0.002048992
45.5	-0.001256448
45.52	-0.000496588
45.54	0.000197702
45.56	0.000827633
45.58	0.001328033
45.6	0.001686349
45.62	0.00188067
45.64	0.001920989
45.66	0.001908834
45.68	0.001941096
45.7	0.002079402
45.72	0.002369347
45.74	0.002797575
45.76	0.003317667
45.78	0.003877294
45.8	0.004442428
45.82	0.004997837
45.84	0.005499728
45.86	0.005930956
45.88	0.006275854
45.9	0.006531574
45.92	0.006682999
45.94	0.006722403
45.96	0.006629382
45.98	0.006440328
46	0.006201507
46.02	0.005961517
46.04	0.005749982
46.06	0.005536582
46.08	0.005268519
46.1	0.004921622
46.12	0.004453773
46.14	0.003851732
46.16	0.003185173
46.18	0.002498453
46.2	0.00181692
46.22	0.001153152
46.24	0.000519183
46.26	-6.416E-05
46.28	-0.000587612
46.3	-0.001021963
46.32	-0.001313657
46.34	-0.001409784
46.36	-0.001301083
46.38	-0.001079127
46.4	-0.000856328
46.42	-0.000747701
46.44	-0.000787409
46.46	-0.000920309
46.48	-0.001067159
46.5	-0.001175198
46.52	-0.001231436
46.54	-0.001222872
46.56	-0.00114708
46.58	-0.001013009
46.6	-0.000865531
46.62	-0.00076435
46.64	-0.000784416
46.66	-0.000936159
46.68	-0.001152156
46.7	-0.00139475
46.72	-0.001670001
46.74	-0.002004407
46.76	-0.00239056
46.78	-0.00280343
46.8	-0.003155047
46.82	-0.003327846
46.84	-0.003290244
46.86	-0.003100192
46.88	-0.002804465
46.9	-0.00240904
46.92	-0.001911976
46.94	-0.001336059
46.96	-0.000763876
46.98	-0.000247973
47	0.000185291
47.02	0.000514071
47.04	0.000701136
47.06	0.000711078
47.08	0.00055586
47.1	0.000331749
47.12	7.45462E-05
47.14	-0.000188022
47.16	-0.000460444
47.18	-0.000781195
47.2	-0.001155723
47.22	-0.001581853
47.24	-0.002058545
47.26	-0.002587808
47.28	-0.003170864
47.3	-0.003763149
47.32	-0.004324217
47.34	-0.004879588
47.36	-0.005428533
47.38	-0.005986577
47.4	-0.006528715
47.42	-0.006968782
47.44	-0.007262152
47.46	-0.007431745
47.48	-0.007586897
47.5	-0.007842082
47.52	-0.008245314
47.54	-0.008750707
47.56	-0.009279994
47.58	-0.009754779
47.6	-0.010168176
47.62	-0.010520382
47.64	-0.010772921
47.66	-0.010907411
47.68	-0.010943755
47.7	-0.010994095
47.72	-0.011063419
47.74	-0.011125957
47.76	-0.011129073
47.78	-0.011048806
47.8	-0.010882178
47.82	-0.010650319
47.84	-0.010379417
47.86	-0.010100588
47.88	-0.00983158
47.9	-0.00958649
47.92	-0.009356478
47.94	-0.009116663
47.96	-0.008831363
47.98	-0.00847909
48	-0.008082169
48.02	-0.007678608
48.04	-0.007335601
48.06	-0.00709697
48.08	-0.006923681
48.1	-0.006737738
48.12	-0.006499511
48.14	-0.006193349
48.16	-0.005819872
48.18	-0.00540161
48.2	-0.004973468
48.22	-0.004543061
48.24	-0.004112334
48.26	-0.003678097
48.28	-0.003216749
48.3	-0.002691946
48.32	-0.002121717
48.34	-0.001564703
48.36	-0.001081571
48.38	-0.000693522
48.4	-0.000387998
48.42	-0.000113394
48.44	0.000168838
48.46	0.000456624
48.48	0.000703558
48.5	0.00087803
48.52	0.000974732
48.54	0.001002748
48.56	0.000927371
48.58	0.000729589
48.6	0.000374519
48.62	-9.39453E-05
48.64	-0.000574561
48.66	-0.000994451
48.68	-0.001332622
48.7	-0.001595098
48.72	-0.001757583
48.74	-0.001793638
48.76	-0.001725054
48.78	-0.001641002
48.8	-0.001629898
48.82	-0.001691901
48.84	-0.001778169
48.86	-0.001856208
48.88	-0.001919142
48.9	-0.001987634
48.92	-0.002068253
48.94	-0.002149647
48.96	-0.002191341
48.98	-0.002135378
49	-0.002002865
49.02	-0.001837716
49.04	-0.00165196
49.06	-0.00144555
49.08	-0.001233074
49.1	-0.001047883
49.12	-0.000908285
49.14	-0.000835688
49.16	-0.000836596
49.18	-0.000873727
49.2	-0.000934014
49.22	-0.001019778
49.24	-0.001127305
49.26	-0.001205939
49.28	-0.001204201
49.3	-0.001106305
49.32	-0.000918074
49.34	-0.000683154
49.36	-0.000437149
49.38	-0.000187935
49.4	6.92081E-05
49.42	0.000317445
49.44	0.000524095
49.46	0.000680058
49.48	0.000804017
49.5	0.000923306
49.52	0.00104942
49.54	0.001205574
49.56	0.001389515
49.58	0.001572553
49.6	0.00178506
49.62	0.002057085
49.64	0.002368939
49.66	0.002672295
49.68	0.002906588
49.7	0.003068029
49.72	0.00318235
49.74	0.00329431
49.76	0.00343738
49.78	0.003598947
49.8	0.003723331
49.82	0.003764095
49.84	0.003694482
49.86	0.003562182
49.88	0.003375412
49.9	0.003140878
49.92	0.002791129
49.94	0.002321417
49.96	0.001738521
49.98	0.001077493
50	0.000374683
50.02	-0.000352628
50.04	-0.001055522
50.06	-0.0016852
50.08	-0.002190749
50.1	-0.002561076
50.12	-0.002804785
50.14	-0.002927503
50.16	-0.002934957
50.18	-0.002822111
50.2	-0.002649655
50.22	-0.002458463
50.24	-0.002298827
50.26	-0.002202555
50.28	-0.002166618
50.3	-0.002176582
50.32	-0.002244477
50.34	-0.002367047
50.36	-0.002494367
50.38	-0.002568139
50.4	-0.002561024
50.42	-0.002472138
50.44	-0.002339508
50.46	-0.002192075
50.48	-0.002028796
50.5	-0.001854039
50.52	-0.00168165
50.54	-0.001526895
50.56	-0.001409077
50.58	-0.001314064
50.6	-0.001222242
50.62	-0.001157603
50.64	-0.001163204
50.66	-0.001274245
50.68	-0.001438136
50.7	-0.001568113
50.72	-0.001571665
50.74	-0.001423963
50.76	-0.001216417
50.78	-0.001015639
50.8	-0.000820902
50.82	-0.000618264
50.84	-0.000380369
50.86	-0.000125929
50.88	0.000107846
50.9	0.000314293
50.92	0.00049215
50.94	0.000634873
50.96	0.000721378
50.98	0.000719147
51	0.000637654
51.02	0.000572408
51.04	0.000568221
51.06	0.000635584
51.08	0.000740154
51.1	0.000846915
51.12	0.000926798
51.14	0.0009659
51.16	0.000953647
51.18	0.000897704
51.2	0.00076221
51.22	0.000491535
51.24	0.000106902
51.26	-0.000326055
51.28	-0.000752863
51.3	-0.001141942
51.32	-0.001489183
51.34	-0.001808878
51.36	-0.002127686
51.38	-0.002452327
51.4	-0.002809462
51.42	-0.003210573
51.44	-0.003645339
51.46	-0.004053429
51.48	-0.004327507
51.5	-0.004448233
51.52	-0.004454384
51.54	-0.004382279
51.56	-0.004269364
51.58	-0.0040888
51.6	-0.003826657
51.62	-0.003497678
51.64	-0.003143961
51.66	-0.002771223
51.68	-0.002389182
51.7	-0.002037083
51.72	-0.001771543
51.74	-0.001639578
51.76	-0.001625563
51.78	-0.001678378
51.8	-0.001713948
51.82	-0.001649145
51.84	-0.001488216
51.86	-0.00127876
51.88	-0.001047789
51.9	-0.000857337
51.92	-0.000695645
51.94	-0.000525502
51.96	-0.000332953
51.98	-0.000117087
52	0.000124382
52.02	0.000411835
52.04	0.000740583
52.06	0.001083944
52.08	0.001405729
52.1	0.00170364
52.12	0.002016965
52.14	0.00240401
52.16	0.002896174
52.18	0.003473209
52.2	0.004049625
52.22	0.004566856
52.24	0.005004189
52.26	0.005374386
52.28	0.005654767
52.3	0.005873458
52.32	0.006023076
52.34	0.006119148
52.36	0.006181397
52.38	0.006208755
52.4	0.006158643
52.42	0.006022905
52.44	0.005801793
52.46	0.005570323
52.48	0.005372092
52.5	0.005209777
52.52	0.005049917
52.54	0.004838771
52.56	0.004532551
52.58	0.004103199
52.6	0.003524445
52.62	0.002783916
52.64	0.001914782
52.66	0.00099422
52.68	9.56719E-05
52.7	-0.000721086
52.72	-0.001429096
52.74	-0.002030717
52.76	-0.002536412
52.78	-0.002949734
52.8	-0.00327956
52.82	-0.00354069
52.84	-0.003778349
52.86	-0.004016664
52.88	-0.004255991
52.9	-0.004468308
52.92	-0.00464306
52.94	-0.004763311
52.96	-0.004848642
52.98	-0.00490286
53	-0.004922462
53.02	-0.004889604
53.04	-0.004849851
53.06	-0.004815883
53.08	-0.00479832
53.1	-0.004774477
53.12	-0.004753267
53.14	-0.004747226
53.16	-0.004770089
53.18	-0.004819829
53.2	-0.004893222
53.22	-0.004965071
53.24	-0.005026604
53.26	-0.005107203
53.28	-0.005241042
53.3	-0.005432692
53.32	-0.005650486
53.34	-0.005849716
53.36	-0.006013444
53.38	-0.006139188
53.4	-0.006207766
53.42	-0.006182793
53.44	-0.006069194
53.46	-0.005871946
53.48	-0.005625629
53.5	-0.00535089
53.52	-0.005082897
53.54	-0.004812686
53.56	-0.00453408
53.58	-0.004245681
53.6	-0.003980758
53.62	-0.003786795
53.64	-0.003654953
53.66	-0.003580252
53.68	-0.003570675
53.7	-0.00363978
53.72	-0.003817834
53.74	-0.004082671
53.76	-0.004402331
53.78	-0.004719531
53.8	-0.005009992
53.82	-0.005272169
53.84	-0.005518773
53.86	-0.005747643
53.88	-0.005944622
53.9	-0.006089741
53.92	-0.006159968
53.94	-0.006163897
53.96	-0.006130748
53.98	-0.00609644
54	-0.006072426
54.02	-0.006068636
54.04	-0.006114251
54.06	-0.006189905
54.08	-0.006283952
54.1	-0.006351903
54.12	-0.006355515
54.14	-0.006289722
54.16	-0.006185914
54.18	-0.006050091
54.2	-0.005879491
54.22	-0.005679831
54.24	-0.005498435
54.26	-0.005370365
54.28	-0.005299485
54.3	-0.005250373
54.32	-0.005183233
54.34	-0.005089025
54.36	-0.004982163
54.38	-0.004887667
54.4	-0.004801896
54.42	-0.004696975
54.44	-0.004575789
54.46	-0.004445606
54.48	-0.00431921
54.5	-0.004204473
54.52	-0.004087793
54.54	-0.003950061
54.56	-0.003786961
54.58	-0.003595284
54.6	-0.003378181
54.62	-0.003118381
54.64	-0.002818868
54.66	-0.002527072
54.68	-0.002276407
54.7	-0.002070197
54.72	-0.00188687
54.74	-0.001672331
54.76	-0.001381659
54.78	-0.001025195
54.8	-0.000655038
54.82	-0.000322225
54.84	-7.04745E-05
54.86	8.39791E-05
54.88	0.000143306
54.9	0.000164986
54.92	0.000217966
54.94	0.00035171
54.96	0.000594866
54.98	0.000896574
55	0.001215698
55.02	0.001442226
55.04	0.001530164
55.06	0.001470194
55.08	0.001320104
55.1	0.001129759
55.12	0.000888314
55.14	0.000601842
55.16	0.000292495
55.18	-4.12819E-05
55.2	-0.000373132
55.22	-0.000669614
55.24	-0.000922585
55.26	-0.001101954
55.28	-0.001199672
55.3	-0.001226931
55.32	-0.001213269
55.34	-0.001198989
55.36	-0.00120157
55.38	-0.001205924
55.4	-0.001175252
55.42	-0.001076697
55.44	-0.000929275
55.46	-0.000774989
55.48	-0.00063424
55.5	-0.000508901
55.52	-0.000390451
55.54	-0.000243074
55.56	-4.23592E-05
55.58	0.000198118
55.6	0.000446186
55.62	0.000693897
55.64	0.000924813
55.66	0.001115761
55.68	0.001257469
55.7	0.001344395
55.72	0.001366848
55.74	0.001329727
55.76	0.001259224
55.78	0.001161849
55.8	0.001027775
55.82	0.000882441
55.84	0.000785674
55.86	0.00077205
55.88	0.000871738
55.9	0.001072105
55.92	0.001328712
55.94	0.001606115
55.96	0.00189644
55.98	0.002219809
56	0.002582295
56.02	0.002969657
56.04	0.003373312
56.06	0.003778033
56.08	0.004188572
56.1	0.004560115
56.12	0.004868704
56.14	0.005109671
56.16	0.005291073
56.18	0.005445565
56.2	0.005599662
56.22	0.005751107
56.24	0.005870948
56.26	0.005926441
56.28	0.005878911
56.3	0.005756852
56.32	0.005555714
56.34	0.00528567
56.36	0.004945314
56.38	0.004544185
56.4	0.004086919
56.42	0.003582426
56.44	0.003037201
56.46	0.002480312
56.48	0.001959273
56.5	0.001502895
56.52	0.001129594
56.54	0.000831084
56.56	0.000577699
56.58	0.000330826
56.6	6.37527E-05
56.62	-0.000232976
56.64	-0.000564229
56.66	-0.000932849
56.68	-0.001310838
56.7	-0.001639154
56.72	-0.001888291
56.74	-0.002044347
56.76	-0.002116917
56.78	-0.002136155
56.8	-0.002139918
56.82	-0.002135335
56.84	-0.002112853
56.86	-0.002053888
56.88	-0.001986961
56.9	-0.00196059
56.92	-0.00199508
56.94	-0.002059058
56.96	-0.002133873
56.98	-0.002215881
57	-0.002324672
57.02	-0.002464571
57.04	-0.00264689
57.06	-0.002842238
57.08	-0.00301161
57.1	-0.003143503
57.12	-0.00322791
57.14	-0.003294771
57.16	-0.003391588
57.18	-0.003562946
57.2	-0.003828147
57.22	-0.004206511
57.24	-0.004694109
57.26	-0.005190659
57.28	-0.005638254
57.3	-0.005985775
57.32	-0.006180856
57.34	-0.006229358
57.36	-0.006182198
57.38	-0.006088944
57.4	-0.005936831
57.42	-0.005727557
57.44	-0.005466114
57.46	-0.005162016
57.48	-0.004841569
57.5	-0.004525083
57.52	-0.004238178
57.54	-0.004001474
57.56	-0.003804752
57.58	-0.003637608
57.6	-0.003483836
57.62	-0.003340008
57.64	-0.003227118
57.66	-0.00313917
57.68	-0.003061397
57.7	-0.002977617
57.72	-0.002879904
57.74	-0.002783355
57.76	-0.002704576
57.78	-0.002666478
57.8	-0.002701248
57.82	-0.002810684
57.84	-0.002958926
57.86	-0.003160774
57.88	-0.003396292
57.9	-0.003625839
57.92	-0.003817355
57.94	-0.003950879
57.96	-0.004015795
57.98	-0.004038262
58	-0.004051635
58.02	-0.004068696
58.04	-0.004082719
58.06	-0.004082437
58.08	-0.00405827
58.1	-0.004012399
58.12	-0.003954457
58.14	-0.003898062
58.16	-0.00384248
58.18	-0.003760253
58.2	-0.003636597
58.22	-0.003476716
58.24	-0.003285657
58.26	-0.003082204
58.28	-0.002854263
58.3	-0.002599625
58.32	-0.002337356
58.34	-0.002094942
58.36	-0.001906091
58.38	-0.001788348
58.4	-0.00173382
58.42	-0.001737905
58.44	-0.001806242
58.46	-0.001921918
58.48	-0.002042317
58.5	-0.002160735
58.52	-0.002255621
58.54	-0.002304043
58.56	-0.002305404
58.58	-0.002270546
58.6	-0.002222522
58.62	-0.002178294
58.64	-0.002153817
58.66	-0.002173388
58.68	-0.002247738
58.7	-0.002368191
58.72	-0.002503478
58.74	-0.002623011
58.76	-0.002677953
58.78	-0.002664819
58.8	-0.002592937
58.82	-0.002464689
58.84	-0.002284089
58.86	-0.002051073
58.88	-0.001781866
58.9	-0.001497523
58.92	-0.001198802
58.94	-0.000874502
58.96	-0.000588522
58.98	-0.000366261
59	-0.000238682
59.02	-0.00022845
59.04	-0.000315771
59.06	-0.000429974
59.08	-0.000567446
59.1	-0.000703533
59.12	-0.000808485
59.14	-0.000861537
59.16	-0.000844972
59.18	-0.000784705
59.2	-0.000731167
59.22	-0.000705857
59.24	-0.000732303
59.26	-0.00083844
59.28	-0.000995994
59.3	-0.001166059
59.32	-0.001291183
59.34	-0.001361493
59.36	-0.001378632
59.38	-0.001350653
59.4	-0.001303197
59.42	-0.001244487
59.44	-0.001176912
59.46	-0.001090443
59.48	-0.000986782
59.5	-0.000867776
59.52	-0.000748942
59.54	-0.000656099
59.56	-0.000609288
59.58	-0.00059787
59.6	-0.000611431
59.62	-0.000645042
59.64	-0.000670734
59.66	-0.000661748
59.68	-0.000643607
59.7	-0.000661248
59.72	-0.000734724
59.74	-0.000839508
59.76	-0.000925521
59.78	-0.000978326
59.8	-0.000985312
59.82	-0.000956482
59.84	-0.000902175
59.86	-0.000829055
59.88	-0.000745374
59.9	-0.000652909
59.92	-0.000547858
59.94	-0.000425187
59.96	-0.000284758
59.98	-0.000154829
60	-4.15875E-05
60.02	4.90834E-05
60.04	0.000128633
60.06	0.00020616
60.08	0.000284512
60.1	0.00035517
60.12	0.000405714
60.14	0.000438396
60.16	0.000460004
60.18	0.000480691
60.2	0.000500932
60.22	0.000519864
60.24	0.000522536
60.26	0.000467771
60.28	0.000352093
60.3	0.000173951
60.32	-5.70799E-05
60.34	-0.000310704
60.36	-0.000543377
60.38	-0.000715469
60.4	-0.000814065
60.42	-0.000839275
60.44	-0.000818353
60.46	-0.000784943
60.48	-0.00074417
60.5	-0.000698101
60.52	-0.000654866
60.54	-0.000627325
60.56	-0.000619933
60.58	-0.000623235
60.6	-0.000646824
60.62	-0.000693557
60.64	-0.000773568
60.66	-0.000915207
60.68	-0.001106721
60.7	-0.001319477
60.72	-0.001494949
60.74	-0.001609431
60.76	-0.001675286
60.78	-0.001722697
60.8	-0.001785759
60.82	-0.001879907
60.84	-0.002000907
60.86	-0.002124022
60.88	-0.002243661
60.9	-0.002349463
60.92	-0.002436583
60.94	-0.002524626
60.96	-0.002644093
60.98	-0.002813835
61	-0.003032812
61.02	-0.003283599
61.04	-0.003507186
61.06	-0.003670369
61.08	-0.003766096
61.1	-0.003798368
61.12	-0.003814999
61.14	-0.003849771
61.16	-0.003926836
61.18	-0.004049689
61.2	-0.004174734
61.22	-0.004254685
61.24	-0.004262354
61.26	-0.004194552
61.28	-0.004087337
61.3	-0.003924179
61.32	-0.003739154
61.34	-0.003573872
61.36	-0.003445695
61.38	-0.00334574
61.4	-0.003260521
61.42	-0.003170183
61.44	-0.003066622
61.46	-0.002945954
61.48	-0.002820186
61.5	-0.002726398
61.52	-0.002692342
61.54	-0.00272812
61.56	-0.002815692
61.58	-0.002924195
61.6	-0.003054042
61.62	-0.003194014
61.64	-0.003335392
61.66	-0.003460792
61.68	-0.003569407
61.7	-0.003679583
61.72	-0.003797887
61.74	-0.003929211
61.76	-0.004074714
61.78	-0.004206596
61.8	-0.004309905
61.82	-0.004381881
61.84	-0.004432587
61.86	-0.004462573
61.88	-0.004473149
61.9	-0.004446645
61.92	-0.004365307
61.94	-0.004238591
61.96	-0.004077239
61.98	-0.003875299
62	-0.003624449
62.02	-0.003322729
62.04	-0.002982902
62.06	-0.002642773
62.08	-0.002364855
62.1	-0.002166905
62.12	-0.002040593
62.14	-0.001959073
62.16	-0.001916675
62.18	-0.001926167
62.2	-0.001986237
62.22	-0.002082198
62.24	-0.002183619
62.26	-0.002274458
62.28	-0.002357413
62.3	-0.002434157
62.32	-0.002490438
62.34	-0.00250778
62.36	-0.002521315
62.38	-0.002574017
62.4	-0.002704788
62.42	-0.0029237
62.44	-0.003206298
62.46	-0.003493394
62.48	-0.003715937
62.5	-0.003825368
62.52	-0.003817888
62.54	-0.003706304
62.56	-0.003552761
62.58	-0.003397129
62.6	-0.003292181
62.62	-0.0032438
62.64	-0.003259012
62.66	-0.003311504
62.68	-0.003369594
62.7	-0.003403293
62.72	-0.00340936
62.74	-0.003385199
62.76	-0.003355465
62.78	-0.003364269
62.8	-0.003437442
62.82	-0.003547889
62.84	-0.003647009
62.86	-0.003684616
62.88	-0.003655861
62.9	-0.003566542
62.92	-0.003449456
62.94	-0.003344885
62.96	-0.003290914
62.98	-0.003314692
63	-0.003442916
63.02	-0.003651737
63.04	-0.003890242
63.06	-0.004109081
63.08	-0.004253115
63.1	-0.004317
63.12	-0.004310433
63.14	-0.004248773
63.16	-0.004155857
63.18	-0.004053202
63.2	-0.003942393
63.22	-0.003821628
63.24	-0.003683136
63.26	-0.003532138
63.28	-0.003381831
63.3	-0.003219282
63.32	-0.003042595
63.34	-0.002836025
63.36	-0.002580225
63.38	-0.002260541
63.4	-0.001861302
63.42	-0.001391097
63.44	-0.000878683
63.46	-0.000321663
63.48	0.000227786
63.5	0.000752544
63.52	0.001229979
63.54	0.001642487
63.56	0.001962775
63.58	0.002193252
63.6	0.002336158
63.62	0.00240666
63.64	0.002403238
63.66	0.002371356
63.68	0.002324635
63.7	0.002273857
63.72	0.002228563
63.74	0.00220015
63.76	0.002188039
63.78	0.002192675
63.8	0.002192797
63.82	0.002182132
63.84	0.002156722
63.86	0.002115544
63.88	0.002059728
63.9	0.001996908
63.92	0.00194251
63.94	0.001916776
63.96	0.001942797
63.98	0.002036898
64	0.002198945
64.02	0.002408068
64.04	0.002640421
64.06	0.002876
64.08	0.003085668
64.1	0.003247026
64.12	0.003362548
64.14	0.003439703
64.16	0.003481097
64.18	0.003479912
64.2	0.003431996
64.22	0.00334552
64.24	0.00322195
64.26	0.003063539
64.28	0.002900052
64.3	0.002777711
64.32	0.002745676
64.34	0.002814093
64.36	0.00295168
64.38	0.003109555
64.4	0.003246799
64.42	0.003334394
64.44	0.003357717
64.46	0.003322975
64.48	0.003244934
64.5	0.003138131
64.52	0.003003203
64.54	0.002829083
64.56	0.002631541
64.58	0.002415763
64.6	0.002210741
64.62	0.002042495
64.64	0.001934224
64.66	0.001904735
64.68	0.001956339
64.7	0.002098093
64.72	0.002301393
64.74	0.002555639
64.76	0.002821287
64.78	0.003071428
64.8	0.003298486
64.82	0.003501264
64.84	0.003681148
64.86	0.003823815
64.88	0.003915297
64.9	0.003959118
64.92	0.003974343
64.94	0.003968798
64.96	0.003962886
64.98	0.003931296
65	0.003860559
65.02	0.003751721
65.04	0.003610032
65.06	0.003446693
65.08	0.003262242
65.1	0.003060746
65.12	0.002843144
65.14	0.002608267
65.16	0.002351304
65.18	0.002089675
65.2	0.001865506
65.22	0.001702822
65.24	0.001606992
65.26	0.00156338
65.28	0.001548342
65.3	0.001545199
65.32	0.001542324
65.34	0.001536711
65.36	0.001533795
65.38	0.001538597
65.4	0.00156587
65.42	0.001639653
65.44	0.001775966
65.46	0.001955883
65.48	0.002154783
65.5	0.002333521
65.52	0.002464751
65.54	0.002559911
65.56	0.002622525
65.58	0.002649389
65.6	0.002647399
65.62	0.002592556
65.64	0.002502677
65.66	0.002382758
65.68	0.00223602
65.7	0.002063543
65.72	0.001846773
65.74	0.001601461
65.76	0.001351189
65.78	0.00112221
65.8	0.00099327
65.82	0.000981127
65.84	0.001047706
65.86	0.001132297
65.88	0.001216114
65.9	0.001293656
65.92	0.001370142
65.94	0.001453061
65.96	0.001522754
65.98	0.00157208
66	0.001594419
66.02	0.001593172
66.04	0.001578246
66.06	0.001540345
66.08	0.001444413
66.1	0.001266795
66.12	0.00102926
66.14	0.000788962
66.16	0.000575884
66.18	0.000344187
66.2	9.00116E-05
66.22	-0.000156492
66.24	-0.000362763
66.26	-0.000519789
66.28	-0.000658839
66.3	-0.000842859
66.32	-0.001087609
66.34	-0.001370441
66.36	-0.00162675
66.38	-0.001830006
66.4	-0.002007723
66.42	-0.002165401
66.44	-0.00232526
66.46	-0.002517266
66.48	-0.002744545
66.5	-0.002968911
66.52	-0.003132396
66.54	-0.003221666
66.56	-0.003267082
66.58	-0.003302941
66.6	-0.003335269
66.62	-0.003376048
66.64	-0.003436905
66.66	-0.003496589
66.68	-0.003526222
66.7	-0.003514052
66.72	-0.003471494
66.74	-0.003433443
66.76	-0.003416286
66.78	-0.003454155
66.8	-0.003525865
66.82	-0.003636621
66.84	-0.003752803
66.86	-0.003835588
66.88	-0.003852465
66.9	-0.00381912
66.92	-0.003790207
66.94	-0.003804935
66.96	-0.003882787
66.98	-0.003990862
67	-0.004087807
67.02	-0.004166778
67.04	-0.004231788
67.06	-0.004277134
67.08	-0.004288803
67.1	-0.004268759
67.12	-0.0042271
67.14	-0.004178228
67.16	-0.004131955
67.18	-0.004081695
67.2	-0.003995244
67.22	-0.003850846
67.24	-0.003666608
67.26	-0.00348205
67.28	-0.003320543
67.3	-0.00318915
67.32	-0.00307894
67.34	-0.002969115
67.36	-0.002845333
67.38	-0.002699294
67.4	-0.00253217
67.42	-0.002348342
67.44	-0.002172076
67.46	-0.002021299
67.48	-0.001888167
67.5	-0.001774658
67.52	-0.001707395
67.54	-0.001717708
67.56	-0.001822481
67.58	-0.00200395
67.6	-0.002267477
67.62	-0.002597388
67.64	-0.00296279
67.66	-0.003313693
67.68	-0.003591601
67.7	-0.003759497
67.72	-0.003817422
67.74	-0.003785487
67.76	-0.0036832
67.78	-0.003545936
67.8	-0.003369617
67.82	-0.003179237
67.84	-0.002986841
67.86	-0.002796631
67.88	-0.002610799
67.9	-0.00243337
67.92	-0.00228061
67.94	-0.002161861
67.96	-0.002076796
67.98	-0.002009207
68	-0.001941487
68.02	-0.001879678
68.04	-0.001847527
68.06	-0.001871095
68.08	-0.00194899
68.1	-0.002054916
68.12	-0.002159787
68.14	-0.002245126
68.16	-0.002318786
68.18	-0.002399951
68.2	-0.002498055
68.22	-0.002622828
68.24	-0.002770524
68.26	-0.002931688
68.28	-0.003071448
68.3	-0.003155744
68.32	-0.00316836
68.34	-0.003120747
68.36	-0.003038273
68.38	-0.002963023
68.4	-0.002918588
68.42	-0.002876405
68.44	-0.002796417
68.46	-0.002655507
68.48	-0.002463611
68.5	-0.002246164
68.52	-0.002030933
68.54	-0.001824397
68.56	-0.001618557
68.58	-0.001412197
68.6	-0.001195539
68.62	-0.000950265
68.64	-0.000666321
68.66	-0.00038603
68.68	-0.000181401
68.7	-9.03435E-05
68.72	-0.000113801
68.74	-0.000179996
68.76	-0.000240755
68.78	-0.000301725
68.8	-0.000357399
68.82	-0.000395678
68.84	-0.000412464
68.86	-0.00042039
68.88	-0.000443703
68.9	-0.00048373
68.92	-0.000528558
68.94	-0.000556076
68.96	-0.000544802
68.98	-0.000501732
69	-0.000462923
69.02	-0.000467967
69.04	-0.000519764
69.06	-0.000600644
69.08	-0.000690465
69.1	-0.000760014
69.12	-0.000801492
69.14	-0.000814102
69.16	-0.000798621
69.18	-0.000752757
69.2	-0.000675447
69.22	-0.000597249
69.24	-0.000542364
69.26	-0.00049598
69.28	-0.000448106
69.3	-0.000384733
69.32	-0.00030571
69.34	-0.00022171
69.36	-0.000158006
69.38	-0.000123434
69.4	-9.34979E-05
69.42	-5.47689E-05
69.44	-3.07965E-05
69.46	-3.13239E-05
69.48	-7.29487E-05
69.5	-0.000131292
69.52	-0.000196326
69.54	-0.000257019
69.56	-0.000327122
69.58	-0.000424875
69.6	-0.000552556
69.62	-0.000698841
69.64	-0.000864932
69.66	-0.001036587
69.68	-0.001187365
69.7	-0.001296596
69.72	-0.001353207
69.74	-0.001354099
69.76	-0.001315856
69.78	-0.001254161
69.8	-0.001173727
69.82	-0.001072645
69.84	-0.000946272
69.86	-0.000789819
69.88	-0.000612341
69.9	-0.000442658
69.92	-0.000308784
69.94	-0.000216517
69.96	-0.000154933
69.98	-0.000129091
70	-0.000136772
70.02	-0.000174583
70.04	-0.000230929
70.06	-0.000311003
70.08	-0.000416286
70.1	-0.000550351
70.12	-0.0007019
70.14	-0.000837614
70.16	-0.000941324
70.18	-0.001010415
70.2	-0.001059773
70.22	-0.00111153
70.24	-0.001177321
70.26	-0.001257456
70.28	-0.001345853
70.3	-0.001441362
70.32	-0.001549229
70.34	-0.001654429
70.36	-0.001739443
70.38	-0.001798004
70.4	-0.001853296
70.42	-0.001937647
70.44	-0.002060325
70.46	-0.002202061
70.48	-0.002326389
70.5	-0.002408931
70.52	-0.002467899
70.54	-0.002534954
70.56	-0.002626355
70.58	-0.002736261
70.6	-0.002832083
70.62	-0.002895653
70.64	-0.002918013
70.66	-0.002902726
70.68	-0.002856672
70.7	-0.002792924
70.72	-0.002722901
70.74	-0.002640888
70.76	-0.002544021
70.78	-0.002435013
70.8	-0.002324666
70.82	-0.002212642
70.84	-0.002118107
70.86	-0.002051689
70.88	-0.002017893
70.9	-0.00200043
70.92	-0.001972839
70.94	-0.001918445
70.96	-0.00182404
70.98	-0.001706595
71	-0.001601955
71.02	-0.001506423
71.04	-0.001429989
71.06	-0.001369315
71.08	-0.001307394
71.1	-0.001241126
71.12	-0.001176079
71.14	-0.001126871
71.16	-0.001098106
71.18	-0.001084956
71.2	-0.001073191
71.22	-0.001038777
71.24	-0.000956403
71.26	-0.000812716
71.28	-0.000602187
71.3	-0.000333545
71.32	-4.0482E-05
71.34	0.000249509
71.36	0.000540342
71.38	0.000820563
71.4	0.001072551
71.42	0.00129077
71.44	0.001468613
71.46	0.001600063
71.48	0.001679485
71.5	0.001696547
71.52	0.001641279
71.54	0.001572667
71.56	0.001510309
71.58	0.001473147
71.6	0.001456606
71.62	0.001452697
71.64	0.001436143
71.66	0.001411365
71.68	0.00137137
71.7	0.001329662
71.72	0.001294805
71.74	0.001270358
71.76	0.001254592
71.78	0.001242265
71.8	0.00122708
71.82	0.001205102
71.84	0.001170862
71.86	0.001113748
71.88	0.001048473
71.9	0.001012731
71.92	0.001028474
71.94	0.001094868
71.96	0.001178876
71.98	0.001246193
72	0.00128135
72.02	0.001293484
72.04	0.001301351
72.06	0.001327409
72.08	0.001379514
72.1	0.001464136
72.12	0.001577733
72.14	0.001708658
72.16	0.001845609
72.18	0.001974763
72.2	0.002084248
72.22	0.002169598
72.24	0.0022344
72.26	0.002278441
72.28	0.002292466
72.3	0.00227192
72.32	0.002217211
72.34	0.002154085
72.36	0.002098571
72.38	0.002057919
72.4	0.002031812
72.42	0.002036935
72.44	0.002102177
72.46	0.002212384
72.48	0.002335408
72.5	0.002439298
72.52	0.002523361
72.54	0.002598235
72.56	0.00265306
72.58	0.002670289
72.6	0.002648903
72.62	0.002610995
72.64	0.002592404
72.66	0.002619831
72.68	0.002690299
72.7	0.002797902
72.72	0.002919393
72.74	0.003045655
72.76	0.003157768
72.78	0.003253715
72.8	0.003331373
72.82	0.003377736
72.84	0.003388771
72.86	0.003366479
72.88	0.003319879
72.9	0.003239226
72.92	0.003110816
72.94	0.002940315
72.96	0.002743785
72.98	0.002566195
73	0.002436548
73.02	0.002368967
73.04	0.002340042
73.06	0.002311653
73.08	0.002267425
73.1	0.002210793
73.12	0.002153765
73.14	0.002104833
73.16	0.002065955
73.18	0.002038523
73.2	0.002021843
73.22	0.002029627
73.24	0.002062298
73.26	0.002099994
73.28	0.002135706
73.3	0.002171377
73.32	0.002208395
73.34	0.002247557
73.36	0.002283434
73.38	0.002292819
73.4	0.002254785
73.42	0.002179194
73.44	0.0020856
73.46	0.001997658
73.48	0.001919652
73.5	0.001853077
73.52	0.001801071
73.54	0.001752033
73.56	0.001696188
73.58	0.001634734
73.6	0.001568037
73.62	0.001508455
73.64	0.001474606
73.66	0.001467556
73.68	0.001469072
73.7	0.001464507
73.72	0.001454704
73.74	0.001439639
73.76	0.001430438
73.78	0.001440978
73.8	0.00146736
73.82	0.001510931
73.84	0.001548786
73.86	0.001572319
73.88	0.001577828
73.9	0.001580473
73.92	0.001588193
73.94	0.001600154
73.96	0.001603255
73.98	0.001582493
74	0.001522111
74.02	0.001419493
74.04	0.001291868
74.06	0.001163778
74.08	0.001044048
74.1	0.000939863
74.12	0.000858154
74.14	0.000776056
74.16	0.000672751
74.18	0.000553768
74.2	0.000405783
74.22	0.000236939
74.24	7.6885E-05
74.26	-5.41811E-05
74.28	-0.000146615
74.3	-0.000200521
74.32	-0.000251143
74.34	-0.000311582
74.36	-0.000387881
74.38	-0.000473509
74.4	-0.000552574
74.42	-0.000606817
74.44	-0.000630487
74.46	-0.000628086
74.48	-0.000595904
74.5	-0.000538982
74.52	-0.000481968
74.54	-0.000430073
74.56	-0.00039972
74.58	-0.000398146
74.6	-0.000425612
74.62	-0.000468044
74.64	-0.000514475
74.66	-0.00056506
74.68	-0.000628032
74.7	-0.000684208
74.72	-0.000720693
74.74	-0.000719804
74.76	-0.000693968
74.78	-0.000670693
74.8	-0.000670698
74.82	-0.000700028
74.84	-0.00073979
74.86	-0.000773677
74.88	-0.000796427
74.9	-0.000818698
74.92	-0.000855116
74.94	-0.0008991
74.96	-0.000935965
74.98	-0.000950007
75	-0.000942279
75.02	-0.00091928
75.04	-0.000881234
75.06	-0.000820585
75.08	-0.00073484
75.1	-0.000632972
75.12	-0.000536675
75.14	-0.000469899
75.16	-0.000436942
75.18	-0.000419168
75.2	-0.000390185
75.22	-0.000327458
75.24	-0.00025093
75.26	-0.00017764
75.28	-0.0001191
75.3	-7.24084E-05
75.32	-4.6686E-05
75.34	-5.67738E-05
75.36	-9.78053E-05
75.38	-0.000160712
75.4	-0.000232557
75.42	-0.000303191
75.44	-0.000376207
75.46	-0.000452172
75.48	-0.000527029
75.5	-0.000594996
75.52	-0.000649659
75.54	-0.000694808
75.56	-0.000730107
75.58	-0.000758465
75.6	-0.000783156
75.62	-0.000806976
75.64	-0.000861482
75.66	-0.000947921
75.68	-0.001065212
75.7	-0.001180777
75.72	-0.001273964
75.74	-0.001341705
75.76	-0.001390822
75.78	-0.001420941
75.8	-0.001428601
75.82	-0.001397192
75.84	-0.001328943
75.86	-0.001257468
75.88	-0.001212869
75.9	-0.001195393
75.92	-0.001185728
75.94	-0.001163932
75.96	-0.001120899
75.98	-0.001067647
76	-0.001027568
76.02	-0.001024638
76.04	-0.00106708
76.06	-0.001152326
76.08	-0.001262044
76.1	-0.001353018
76.12	-0.001391923
76.14	-0.001380257
76.16	-0.001333891
76.18	-0.001285946
76.2	-0.00127327
76.22	-0.00130695
76.24	-0.001369978
76.26	-0.001448323
76.28	-0.001531043
76.3	-0.001610092
76.32	-0.001663283
76.34	-0.001680673
76.36	-0.001671782
76.38	-0.001630468
76.4	-0.001553037
76.42	-0.001440842
76.44	-0.001296331
76.46	-0.00112352
76.48	-0.000936834
76.5	-0.00075833
76.52	-0.000600561
76.54	-0.000467613
76.56	-0.00035429
76.58	-0.000243718
76.6	-0.000122594
76.62	5.41502E-06
76.64	0.000124096
76.66	0.000211361
76.68	0.000255195
76.7	0.000266282
76.72	0.000260414
76.74	0.000245937
76.76	0.000231354
76.78	0.000222561
76.8	0.000214687
76.82	0.000195602
76.84	0.000149548
76.86	6.50435E-05
76.88	-4.67033E-05
76.9	-0.000161343
76.92	-0.000248839
76.94	-0.000290397
76.96	-0.000293381
76.98	-0.000275253
77	-0.000250403
77.02	-0.000231192
77.04	-0.000217995
77.06	-0.0002098
77.08	-0.000200227
77.1	-0.000176496
77.12	-0.000140354
77.14	-9.63411E-05
77.16	-4.2841E-05
77.18	2.70748E-05
77.2	0.00012658
77.22	0.000243896
77.24	0.00036868
77.26	0.00048308
77.28	0.000568193
77.3	0.000617377
77.32	0.000623875
77.34	0.000603852
77.36	0.000585896
77.38	0.000590904
77.4	0.000621654
77.42	0.000657968
77.44	0.000675448
77.46	0.000660924
77.48	0.000614925
77.5	0.000547608
77.52	0.000475427
77.54	0.00041553
77.56	0.000372423
77.58	0.000353155
77.6	0.00034446
77.62	0.000332242
77.64	0.00030764
77.66	0.000278505
77.68	0.000255158
77.7	0.00024121
77.72	0.000239223
77.74	0.000250436
77.76	0.000265939
77.78	0.000295302
77.8	0.000346967
77.82	0.000422157
77.84	0.000516519
77.86	0.000629809
77.88	0.000762908
77.9	0.000915399
77.92	0.001071886
77.94	0.001227332
77.96	0.00136742
77.98	0.001479882
78	0.001557183
78.02	0.001599013
78.04	0.001600179
78.06	0.001556491
78.08	0.001468471
78.1	0.001355309
78.12	0.001207326
78.14	0.001034493
78.16	0.000857845
78.18	0.000709334
78.2	0.000602789
78.22	0.000533985
78.24	0.000497134
78.26	0.000459946
78.28	0.000419417
78.3	0.00037829
78.32	0.000351345
78.34	0.000345927
78.36	0.000355252
78.38	0.000365636
78.4	0.000368299
78.42	0.00036513
78.44	0.000363896
78.46	0.000373434
78.48	0.000406901
78.5	0.000464511
78.52	0.000539823
78.54	0.000624201
78.56	0.000707694
78.58	0.000786024
78.6	0.000850714
78.62	0.000896199
78.64	0.000918451
78.66	0.000912281
78.68	0.000879046
78.7	0.000821925
78.72	0.000738925
78.74	0.000638739
78.76	0.000531078
78.78	0.000438841
78.8	0.000374078
78.82	0.000350612
78.84	0.000353036
78.86	0.00036804
78.88	0.000376985
78.9	0.000386954
78.92	0.000425149
78.94	0.000488816
78.96	0.000571597
78.98	0.000646271
79	0.000696047
79.02	0.000734057
79.04	0.000765778
79.06	0.00080079
79.08	0.00085143
79.1	0.000925543
79.12	0.00101673
79.14	0.00110063
79.16	0.001148108
79.18	0.00114951
79.2	0.001109499
79.22	0.001038749
79.24	0.000947655
79.26	0.00083952
79.28	0.00073105
79.3	0.000642182
79.32	0.000574238
79.34	0.000512817
79.36	0.000445168
79.38	0.00037558
79.4	0.000325472
79.42	0.000300701
79.44	0.000308028
79.46	0.000340018
79.48	0.000381028
79.5	0.000420518
79.52	0.000449677
79.54	0.000447415
79.56	0.000408041
79.58	0.000325812
79.6	0.000210614
79.62	7.83281E-05
79.64	-5.53336E-05
79.66	-0.000165462
79.68	-0.000237597
79.7	-0.000278999
79.72	-0.000293978
79.74	-0.0002892
79.76	-0.00028374
79.78	-0.000281571
79.8	-0.00029009
79.82	-0.000316655
79.84	-0.000355305
79.86	-0.000395419
79.88	-0.000436017
79.9	-0.000479023
79.92	-0.000509536
79.94	-0.000525377
79.96	-0.000528949
79.98	-0.000533119
80	-0.000548002
80.02	-0.000566769
80.04	-0.000583886
80.06	-0.000569428
80.08	-0.000555568
80.1	-0.000555034
80.12	-0.000594394
80.14	-0.000658782
80.16	-0.000731027
80.18	-0.000798272
80.2	-0.000856224
80.22	-0.000901367
80.24	-0.000943181
80.26	-0.000979865
80.28	-0.001000046
80.3	-0.000990603
80.32	-0.000950627
80.34	-0.000884438
80.36	-0.000791728
80.38	-0.00066825
80.4	-0.000520529
80.42	-0.000380845
80.44	-0.000283462
80.46	-0.000242253
80.48	-0.000242415
80.5	-0.000252447
80.52	-0.000240982
80.54	-0.00019597
80.56	-0.000131525
80.58	-7.42552E-05
80.6	-5.68404E-05
80.62	-9.94132E-05
80.64	-0.00018492
80.66	-0.000296787
80.68	-0.000399715
80.7	-0.000488825
80.72	-0.000554878
80.74	-0.000592154
80.76	-0.000601345
80.78	-0.00060202
80.8	-0.000606391
80.82	-0.000606408
80.84	-0.000588557
80.86	-0.000538396
80.88	-0.000459037
80.9	-0.000365352
80.92	-0.000263149
80.94	-0.000147957
80.96	-1.27098E-05
80.98	0.000129433
81	0.000255305
81.02	0.000347917
81.04	0.000401368
81.06	0.00042767
81.08	0.000436376
81.1	0.000434115
81.12	0.000429989
81.14	0.000426188
81.16	0.000415144
81.18	0.000392812
81.2	0.000352574
81.22	0.000296116
81.24	0.000230999
81.26	0.000164733
81.28	0.00010839
81.3	6.08537E-05
81.32	2.31835E-05
81.34	3.30886E-06
81.36	1.28933E-05
81.38	6.02847E-05
81.4	0.000128643
81.42	0.000208884
81.44	0.000283621
81.46	0.000373707
81.48	0.000479947
81.5	0.000589537
81.52	0.000679639
81.54	0.000736195
81.56	0.000766227
81.58	0.000780334
81.6	0.000784703
81.62	0.00077075
81.64	0.000748124
81.66	0.000718477
81.68	0.000684053
81.7	0.000643775
81.72	0.000594919
81.74	0.000552343
81.76	0.000535531
81.78	0.0005522
81.8	0.000603146
81.82	0.00068107
81.84	0.00076943
81.86	0.000852988
81.88	0.00091495
81.9	0.000965376
81.92	0.00102009
81.94	0.001087964
81.96	0.001157876
81.98	0.001208119
82	0.001229666
82.02	0.001222757
82.04	0.00118506
82.06	0.001121936
82.08	0.001036843
82.1	0.000939526
82.12	0.000851842
82.14	0.000784985
82.16	0.00073257
82.18	0.00067138
82.2	0.000605229
82.22	0.000533383
82.24	0.000466135
82.26	0.00041244
82.28	0.000380871
82.3	0.000367469
82.32	0.000370203
82.34	0.000387575
82.36	0.000425703
82.38	0.000490981
82.4	0.000584091
82.42	0.000699656
82.44	0.000824921
82.46	0.000949266
82.48	0.00106159
82.5	0.001149644
82.52	0.001205076
82.54	0.001234293
82.56	0.001246919
82.58	0.00125006
82.6	0.001244913
82.62	0.001221165
82.64	0.001163381
82.66	0.001081897
82.68	0.0009929
82.7	0.000913378
82.72	0.000848417
82.74	0.000803089
82.76	0.000784585
82.78	0.000792133
82.8	0.000816627
82.82	0.000856371
82.84	0.000909745
82.86	0.000978166
82.88	0.001045857
82.9	0.001098924
82.92	0.001119553
82.94	0.001107753
82.96	0.001070157
82.98	0.001012873
83	0.00095264
83.02	0.00090787
83.04	0.00089181
83.06	0.000901632
83.08	0.000934954
83.1	0.000984109
83.12	0.00103246
83.14	0.001058292
83.16	0.00104757
83.18	0.001005315
83.2	0.000946158
83.22	0.000889977
83.24	0.000840625
83.26	0.00079849
83.28	0.000757183
83.3	0.000713738
83.32	0.000676223
83.34	0.000653349
83.36	0.000646683
83.38	0.000650702
83.4	0.000666875
83.42	0.000702201
83.44	0.000759187
83.46	0.000825496
83.48	0.000867298
83.5	0.000858525
83.52	0.00079067
83.54	0.000677298
83.56	0.000533993
83.58	0.000360833
83.6	0.0001564
83.62	-6.08617E-05
83.64	-0.000267376
83.66	-0.0004323
83.68	-0.000533769
83.7	-0.000576945
83.72	-0.000581235
83.74	-0.000566279
83.76	-0.000537853
83.78	-0.000494908
83.8	-0.000434267
83.82	-0.000361889
83.84	-0.000275837
83.86	-0.000184126
83.88	-0.000107695
83.9	-5.40641E-05
83.92	-4.16251E-05
83.94	-6.51998E-05
83.96	-0.000105842
83.98	-0.000145457
84	-0.000179517
84.02	-0.000205087
84.04	-0.000225847
84.06	-0.000254864
84.08	-0.000300975
84.1	-0.000369955
84.12	-0.000460844
84.14	-0.000559343
84.16	-0.000656124
84.18	-0.000750454
84.2	-0.000838438
84.22	-0.000924772
84.24	-0.001000352
84.26	-0.001060335
84.28	-0.001089312
84.3	-0.001078023
84.32	-0.00102457
84.34	-0.000947582
84.36	-0.00086556
84.38	-0.000792399
84.4	-0.000737291
84.42	-0.000701794
84.44	-0.000679587
84.46	-0.000657197
84.48	-0.000612839
84.5	-0.000534329
84.52	-0.000413647
84.54	-0.000257161
84.56	-9.8658E-05
84.58	2.7783E-05
84.6	8.57388E-05
84.62	7.89911E-05
84.64	2.31548E-05
84.66	-4.52139E-05
84.68	-0.000108616
84.7	-0.000172534
84.72	-0.00022889
84.74	-0.000284252
84.76	-0.000341664
84.78	-0.00039731
84.8	-0.000441807
84.82	-0.000454785
84.84	-0.00042962
84.86	-0.000359593
84.88	-0.000243996
84.9	-0.000108482
84.92	2.86228E-05
84.94	0.000147461
84.96	0.000233516
84.98	0.000276481
85	0.000287096
85.02	0.000280052
85.04	0.000263998
85.06	0.000245374
85.08	0.000226735
85.1	0.000218846
85.12	0.000228101
85.14	0.000227424
85.16	0.000224066
85.18	0.000221241
85.2	0.000241223
85.22	0.000299235
85.24	0.000381096
85.26	0.000484728
85.28	0.000597631
85.3	0.0007098
85.32	0.000809278
85.34	0.000885952
85.36	0.000941885
85.38	0.000977395
85.4	0.000998063
85.42	0.001008569
85.44	0.000997647
85.46	0.000960503
85.48	0.000908805
85.5	0.000863253
85.52	0.000837069
85.54	0.000841248
85.56	0.000850122
85.58	0.000853218
85.6	0.000854111
85.62	0.000864689
85.64	0.000875785
85.66	0.000875198
85.68	0.0008405
85.7	0.000775284
85.72	0.000716689
85.74	0.000677347
85.76	0.000688237
85.78	0.000718024
85.8	0.000758615
85.82	0.000817681
85.84	0.000892597
85.86	0.00097862
85.88	0.001066672
85.9	0.001153099
85.92	0.001237104
85.94	0.001317785
85.96	0.001374131
85.98	0.001389203
86	0.001360934
86.02	0.001301415
86.04	0.001220416
86.06	0.001132079
86.08	0.001053166
86.1	0.001002572
86.12	0.000987531
86.14	0.001000535
86.16	0.001033285
86.18	0.001062731
86.2	0.001076154
86.22	0.001069089
86.24	0.001051162
86.26	0.001036324
86.28	0.001046897
86.3	0.00110174
86.32	0.001194335
86.34	0.001317359
86.36	0.001445473
86.38	0.001562917
86.4	0.001653876
86.42	0.001715787
86.44	0.001750106
86.46	0.001754942
86.48	0.001742725
86.5	0.001728787
86.52	0.001717782
86.54	0.001698841
86.56	0.001656656
86.58	0.001582662
86.6	0.001478382
86.62	0.001369913
86.64	0.001279744
86.66	0.001224679
86.68	0.001198511
86.7	0.00119387
86.72	0.001200784
86.74	0.001209645
86.76	0.001217581
86.78	0.001228972
86.8	0.001250363
86.82	0.00130042
86.84	0.001379033
86.86	0.001474629
86.88	0.001559542
86.9	0.001604043
86.92	0.001609606
86.94	0.001585724
86.96	0.001548878
86.98	0.001500982
87	0.00144803
87.02	0.001399854
87.04	0.001361959
87.06	0.001325034
87.08	0.001271132
87.1	0.001194702
87.12	0.001094032
87.14	0.000974688
87.16	0.000844847
87.18	0.000721556
87.2	0.000608065
87.22	0.000509345
87.24	0.000427032
87.26	0.000361804
87.28	0.000316721
87.3	0.000305427
87.32	0.000326533
87.34	0.000368055
87.36	0.000413655
87.38	0.000442364
87.4	0.000455891
87.42	0.000441638
87.44	0.00040623
87.46	0.000358011
87.48	0.000306712
87.5	0.000252446
87.52	0.000190016
87.54	0.000116037
87.56	4.2304E-05
87.58	-1.93389E-05
87.6	-6.84898E-05
87.62	-0.000106415
87.64	-0.000148707
87.66	-0.000204673
87.68	-0.000269821
87.7	-0.000337379
87.72	-0.000399074
87.74	-0.000444195
87.76	-0.000459427
87.78	-0.000430722
87.8	-0.000365357
87.82	-0.000291461
87.84	-0.000237923
87.86	-0.000220124
87.88	-0.00022867
87.9	-0.000254171
87.92	-0.000281831
87.94	-0.000314544
87.96	-0.00035966
87.98	-0.000421291
88	-0.000509475
88.02	-0.000620603
88.04	-0.000740712
88.06	-0.000851635
88.08	-0.000935887
88.1	-0.00099163
88.12	-0.001035017
88.14	-0.001094323
88.16	-0.00117709
88.18	-0.001282283
88.2	-0.001391556
88.22	-0.001496967
88.24	-0.001582201
88.26	-0.001633363
88.28	-0.001641115
88.3	-0.001611109
88.32	-0.001558261
88.34	-0.001499339
88.36	-0.001442072
88.38	-0.001386253
88.4	-0.00132635
88.42	-0.001271664
88.44	-0.001239504
88.46	-0.001238927
88.48	-0.001267537
88.5	-0.001309883
88.52	-0.001364713
88.54	-0.00143047
88.56	-0.001499236
88.58	-0.001568624
88.6	-0.00163166
88.62	-0.001687324
88.64	-0.001730693
88.66	-0.001761589
88.68	-0.001778507
88.7	-0.001781757
88.72	-0.001774481
88.74	-0.001756576
88.76	-0.001726254
88.78	-0.001687673
88.8	-0.001644703
88.82	-0.001600418
88.84	-0.001542419
88.86	-0.001463523
88.88	-0.001366174
88.9	-0.001253487
88.92	-0.001136589
88.94	-0.001036662
88.96	-0.000964243
88.98	-0.000917741
89	-0.000890224
89.02	-0.000868038
89.04	-0.0008541
89.06	-0.000836871
89.08	-0.000816896
89.1	-0.000782307
89.12	-0.000743622
89.14	-0.000719316
89.16	-0.000709695
89.18	-0.000708348
89.2	-0.000690466
89.22	-0.0006508
89.24	-0.000604449
89.26	-0.000574097
89.28	-0.000577455
89.3	-0.00061499
89.32	-0.000670798
89.34	-0.000726988
89.36	-0.000776083
89.38	-0.000820389
89.4	-0.000861962
89.42	-0.000900475
89.44	-0.000922345
89.46	-0.000917569
89.48	-0.000891965
89.5	-0.000858604
89.52	-0.000842986
89.54	-0.000848723
89.56	-0.000881436
89.58	-0.000948492
89.6	-0.001045737
89.62	-0.001144928
89.64	-0.001234027
89.66	-0.001282052
89.68	-0.001293111
89.7	-0.001268499
89.72	-0.001210677
89.74	-0.001120076
89.76	-0.001004322
89.78	-0.000881076
89.8	-0.00076609
89.82	-0.000671538
89.84	-0.000606395
89.86	-0.00057593
89.88	-0.000575896
89.9	-0.000591584
89.92	-0.000620895
89.94	-0.000655865
89.96	-0.000692719
89.98	-0.000728724
90	-0.00076593
90.02	-0.000807535
90.04	-0.000846358
90.06	-0.000884102
90.08	-0.000914018
90.1	-0.000929689
90.12	-0.000926049
90.14	-0.0009028
90.16	-0.00086749
90.18	-0.000822841
90.2	-0.000778737
90.22	-0.000745917
90.24	-0.000721345
90.26	-0.000687177
90.28	-0.000621165
90.3	-0.000517303
90.32	-0.000392903
90.34	-0.000246986
90.36	-9.21259E-05
90.38	6.20909E-05
90.4	0.000214274
90.42	0.000348474
90.44	0.000466273
90.46	0.000565035
90.48	0.000644647
90.5	0.000702536
90.52	0.00073156
90.54	0.000725202
90.56	0.000679799
90.58	0.000607626
90.6	0.000532466
90.62	0.000471676
90.64	0.000438422
90.66	0.000422535
90.68	0.000411641
90.7	0.000415097
90.72	0.000427671
90.74	0.000463561
90.76	0.000533032
90.78	0.000611205
90.8	0.000691738
90.82	0.000759961
90.84	0.000816852
90.86	0.000873144
90.88	0.00092984
90.9	0.000997109
90.92	0.001072245
90.94	0.001145045
90.96	0.001203923
90.98	0.001235397
91	0.001237501
91.02	0.001223261
91.04	0.001216927
91.06	0.00123181
91.08	0.001269285
91.1	0.001312398
91.12	0.00134483
91.14	0.001356996
91.16	0.001355961
91.18	0.001345652
91.2	0.001324625
91.22	0.001295029
91.24	0.001267171
91.26	0.001248991
91.28	0.001239305
91.3	0.001225987
91.32	0.001192129
91.34	0.001125751
91.36	0.001042764
91.38	0.000970357
91.4	0.000945836
91.42	0.000944337
91.44	0.000946119
91.46	0.000928546
91.48	0.000894948
91.5	0.000854742
91.52	0.000814043
91.54	0.000774945
91.56	0.000742866
91.58	0.000724748
91.6	0.000716696
91.62	0.000705037
91.64	0.000680896
91.66	0.000651267
91.68	0.000629471
91.7	0.00063526
91.72	0.000677357
91.74	0.000741362
91.76	0.000815185
91.78	0.000886364
91.8	0.000950549
91.82	0.001008517
91.84	0.001060372
91.86	0.001103823
91.88	0.001136931
91.9	0.001153285
91.92	0.001143351
91.94	0.001100725
91.96	0.001029994
91.98	0.00094689
92	0.00086731
92.02	0.000792046
92.04	0.000722734
92.06	0.00065452
92.08	0.00059489
92.1	0.00055207
92.12	0.000534258
92.14	0.000538844
92.16	0.000556091
92.18	0.000585467
92.2	0.000612421
92.22	0.000625923
92.24	0.000630352
92.26	0.000632856
92.28	0.000638031
92.3	0.000645951
92.32	0.000656096
92.34	0.000668729
92.36	0.000680946
92.38	0.000684289
92.4	0.000671798
92.42	0.000633015
92.44	0.000575353
92.46	0.000524092
92.48	0.000488688
92.5	0.00047232
92.52	0.000459527
92.54	0.000444798
92.56	0.000417301
92.58	0.0003768
92.6	0.000330043
92.62	0.000292598
92.64	0.000279575
92.66	0.000293972
92.68	0.000325358
92.7	0.000358411
92.72	0.000392485
92.74	0.00043596
92.76	0.000510155
92.78	0.000613712
92.8	0.000733938
92.82	0.00084528
92.84	0.000936175
92.86	0.001010977
92.88	0.001073441
92.9	0.001123852
92.92	0.001160392
92.94	0.001178172
92.96	0.001161543
92.98	0.001111731
93	0.001045702
93.02	0.000973141
93.04	0.000901592
93.06	0.000830133
93.08	0.000772146
93.1	0.000735782
93.12	0.000723467
93.14	0.000733684
93.16	0.000752015
93.18	0.00076315
93.2	0.000764426
93.22	0.000768272
93.24	0.000787796
93.26	0.000825578
93.28	0.000866424
93.3	0.00090272
93.32	0.000930813
93.34	0.000953188
93.36	0.000968861
93.38	0.000965486
93.4	0.000936975
93.42	0.000888404
93.44	0.000832059
93.46	0.000774521
93.48	0.000708619
93.5	0.000625818
93.52	0.000528288
93.54	0.000428558
93.56	0.00034205
93.58	0.000272888
93.6	0.000215564
93.62	0.000164073
93.64	0.000110459
93.66	5.10001E-05
93.68	-1.0815E-05
93.7	-6.78801E-05
93.72	-0.000109385
93.74	-0.000133725
93.76	-0.000145419
93.78	-0.000149197
93.8	-0.000136838
93.82	-0.000112734
93.84	-7.9462E-05
93.86	-4.55394E-05
93.88	-1.07817E-05
93.9	3.07706E-05
93.92	7.0961E-05
93.94	9.92974E-05
93.96	0.000110942
93.98	0.000111411
94	0.000102107
94.02	8.98321E-05
94.04	8.22535E-05
94.06	8.91267E-05
94.08	0.000115762
94.1	0.000161001
94.12	0.00021623
94.14	0.000273768
94.16	0.000334148
94.18	0.000404271
94.2	0.000490374
94.22	0.000587489
94.24	0.000684801
94.26	0.000777112
94.28	0.000859511
94.3	0.000934291
94.32	0.001010704
94.34	0.001095073
94.36	0.001175276
94.38	0.001242176
94.4	0.001292953
94.42	0.001328991
94.44	0.001354844
94.46	0.001371326
94.48	0.001376145
94.5	0.001373257
94.52	0.001366289
94.54	0.00135704
94.56	0.001350158
94.58	0.001341298
94.6	0.001328881
94.62	0.001316844
94.64	0.001304584
94.66	0.0012941
94.68	0.001287001
94.7	0.001281411
94.72	0.001269814
94.74	0.001248535
94.76	0.001223008
94.78	0.001199829
94.8	0.001184095
94.82	0.001173653
94.84	0.001166283
94.86	0.00115709
94.88	0.001140159
94.9	0.001110524
94.92	0.00106075
94.94	0.001008898
94.96	0.000964339
94.98	0.000951314
95	0.000962358
95.02	0.000980778
95.04	0.000990462
95.06	0.000984521
95.08	0.000959635
95.1	0.000920603
95.12	0.000870726
95.14	0.000812834
95.16	0.000747449
95.18	0.000677689
95.2	0.000608512
95.22	0.00053827
95.24	0.000467306
95.26	0.000404573
95.28	0.000357745
95.3	0.000331073
95.32	0.000330327
95.34	0.000358428
95.36	0.000401618
95.38	0.000448076
95.4	0.000485158
95.42	0.000507302
95.44	0.00051319
95.46	0.00050111
95.48	0.00047299
95.5	0.000429942
95.52	0.00038223
95.54	0.000344124
95.56	0.000327135
95.58	0.000337581
95.6	0.000369588
95.62	0.000417603
95.64	0.000467245
95.66	0.000509425
95.68	0.000542406
95.7	0.000570061
95.72	0.000594695
95.74	0.000610063
95.76	0.000614029
95.78	0.00060238
95.8	0.00057738
95.82	0.000544372
95.84	0.000495567
95.86	0.000427881
95.88	0.000349071
95.9	0.000274573
95.92	0.00022474
95.94	0.000205765
95.96	0.000192925
95.98	0.00017185
96	0.000124269
96.02	5.43094E-05
96.04	-1.98337E-05
96.06	-7.88023E-05
96.08	-0.000110611
96.1	-0.000119802
96.12	-0.000122493
96.14	-0.000133882
96.16	-0.000168036
96.18	-0.000227271
96.2	-0.000303637
96.22	-0.000381936
96.24	-0.000443408
96.26	-0.000477186
96.28	-0.000492123
96.3	-0.000500908
96.32	-0.000515057
96.34	-0.000537264
96.36	-0.000563886
96.38	-0.000583315
96.4	-0.000583613
96.42	-0.000563284
96.44	-0.000532118
96.46	-0.000501816
96.48	-0.00048291
96.5	-0.000474322
96.52	-0.000477732
96.54	-0.000498589
96.56	-0.000544299
96.58	-0.00061379
96.6	-0.000691604
96.62	-0.000767658
96.64	-0.000836302
96.66	-0.000880493
96.68	-0.000914317
96.7	-0.000930351
96.72	-0.000934108
96.74	-0.000919528
96.76	-0.000899378
96.78	-0.000882693
96.8	-0.000874118
96.82	-0.000859244
96.84	-0.000830522
96.86	-0.000798574
96.88	-0.000775295
96.9	-0.000753921
96.92	-0.000722715
96.94	-0.000670969
96.96	-0.000605073
96.98	-0.000543922
97	-0.00048295
97.02	-0.000411899
97.04	-0.000319408
97.06	-0.000213139
97.08	-0.000124372
97.1	-8.23002E-05
97.12	-8.88769E-05
97.14	-0.000120265
97.16	-0.000158173
97.18	-0.000192386
97.2	-0.000238164
97.22	-0.000298841
97.24	-0.00037151
97.26	-0.000447112
97.28	-0.000523828
97.3	-0.000597741
97.32	-0.000661223
97.34	-0.000707919
97.36	-0.000742509
97.38	-0.000785419
97.4	-0.000851523
97.42	-0.000936399
97.44	-0.001027852
97.46	-0.00110194
97.48	-0.001139024
97.5	-0.001134391
97.52	-0.001095563
97.54	-0.001048687
97.56	-0.001006959
97.58	-0.000986604
97.6	-0.000989614
97.62	-0.001025104
97.64	-0.001086453
97.66	-0.001149651
97.68	-0.001189824
97.7	-0.001202268
97.72	-0.001199106
97.74	-0.001191487
97.76	-0.001184068
97.78	-0.001178663
97.8	-0.001176091
97.82	-0.00118205
97.84	-0.001198015
97.86	-0.001217536
97.88	-0.001231285
97.9	-0.001238391
97.92	-0.001242464
97.94	-0.001248004
97.96	-0.001261052
97.98	-0.001285903
98	-0.001307231
98.02	-0.001310116
98.04	-0.00129619
98.06	-0.001257779
98.08	-0.001194025
98.1	-0.001099735
98.12	-0.000983236
98.14	-0.000864957
98.16	-0.000753801
98.18	-0.000655426
98.2	-0.000569984
98.22	-0.000501983
98.24	-0.000468928
98.26	-0.000464684
98.28	-0.000471767
98.3	-0.000460038
98.32	-0.000414979
98.34	-0.000341836
98.36	-0.000251949
98.38	-0.000171042
98.4	-9.81163E-05
98.42	-2.38866E-05
98.44	6.48271E-05
98.46	0.000161347
98.48	0.000245033
98.5	0.000300056
98.52	0.000321177
98.54	0.000318353
98.56	0.000307588
98.58	0.00029317
98.6	0.00027134
98.62	0.000241762
98.64	0.00020583
98.66	0.000171393
98.68	0.000142029
98.7	0.000121137
98.72	0.000111849
98.74	0.000125277
98.76	0.000175247
98.78	0.000255585
98.8	0.00034206
98.82	0.000408294
98.84	0.000443158
98.86	0.000440652
98.88	0.000405139
98.9	0.000372885
98.92	0.000352315
98.94	0.000355568
98.96	0.000368835
98.98	0.000387914
99	0.000412778
99.02	0.000435882
99.04	0.000439253
99.06	0.000416066
99.08	0.000370249
99.1	0.000318854
99.12	0.000274686
99.14	0.000245832
99.16	0.000244029
99.18	0.000259009
99.2	0.00027612
99.22	0.000268029
99.24	0.000233052
99.26	0.00018076
99.28	0.000122611
99.3	7.09471E-05
99.32	3.27224E-05
99.34	1.59089E-05
99.36	2.30194E-05
99.38	5.25614E-05
99.4	9.69385E-05
99.42	0.000146349
99.44	0.000201373
99.46	0.000241372
99.48	0.000261576
99.5	0.000265907
99.52	0.000271553
99.54	0.00029214
99.56	0.000324313
99.58	0.000341076
99.6	0.000326972
99.62	0.000280414
99.64	0.000215785
99.66	0.000149345
99.68	7.99375E-05
99.7	1.27047E-05
99.72	-4.10989E-05
99.74	-6.95951E-05
99.76	-6.31309E-05
99.78	-3.06734E-05
99.8	1.51947E-05
99.82	6.03843E-05
99.84	0.00010246
99.86	0.000143336
99.88	0.000183433
99.9	0.000224505
99.92	0.000270698
99.94	0.000324383
99.96	0.000387455
99.98	0.000459456
100	0.000538611
100.02	0.000605492
100.04	0.000646144
100.06	0.000657761
100.08	0.000646759
100.1	0.000626582
100.12	0.000604754
100.14	0.000592189
100.16	0.000588559
100.18	0.000589466
100.2	0.000595552
100.22	0.000600455
100.24	0.000594009
100.26	0.000572276
100.28	0.000543468
100.3	0.000525302
100.32	0.00053139
100.34	0.000568281
100.36	0.000621882
100.38	0.000672732
100.4	0.000711325
100.42	0.000745521
100.44	0.000788864
100.46	0.000838406
100.48	0.000887308
100.5	0.000923995
100.52	0.000947484
100.54	0.000957204
100.56	0.000952649
100.58	0.000929327
100.6	0.000880084
100.62	0.00081317
100.64	0.000741996
100.66	0.000671324
100.68	0.000612108
100.7	0.000565044
100.72	0.000530196
100.74	0.000513468
100.76	0.000515376
100.78	0.000535949
100.8	0.000577281
100.82	0.000637988
100.84	0.000713491
100.86	0.000802757
100.88	0.00090113
100.9	0.001006083
100.92	0.001106491
100.94	0.001191737
100.96	0.00124591
100.98	0.001268188
101	0.001247245
101.02	0.001186372
101.04	0.00110037
101.06	0.001010775
101.08	0.00093442
101.1	0.000880365
101.12	0.000838032
101.14	0.000799565
101.16	0.000752552
101.18	0.000692329
101.2	0.000619805
101.22	0.000536492
101.24	0.000449038
101.26	0.000369969
101.28	0.000305224
101.3	0.000252185
101.32	0.000201104
101.34	0.000155076
101.36	0.000121074
101.38	0.000104781
101.4	0.000107463
101.42	0.000125901
101.44	0.000156668
101.46	0.000202265
101.48	0.000262725
101.5	0.000322888
101.52	0.000356238
101.54	0.000351064
101.56	0.000310788
101.58	0.000245038
101.6	0.000158339
101.62	5.39359E-05
101.64	-6.42526E-05
101.66	-0.000186688
101.68	-0.000289485
101.7	-0.000357536
101.72	-0.000396566
101.74	-0.000421648
101.76	-0.000440587
101.78	-0.000454447
101.8	-0.000461133
101.82	-0.000454456
101.84	-0.000424654
101.86	-0.000380705
101.88	-0.000330719
101.9	-0.000282979
101.92	-0.000232801
101.94	-0.000171173
101.96	-0.000101027
101.98	-3.31776E-05
102	2.69347E-05
102.02	7.92559E-05
102.04	0.000129774
102.06	0.000180377
102.08	0.000221893
102.1	0.000247658
102.12	0.000263586
102.14	0.000281998
102.16	0.000323025
102.18	0.000385777
102.2	0.000459878
102.22	0.000536718
102.24	0.000605897
102.26	0.000667307
102.28	0.000728231
102.3	0.000792714
102.32	0.000860969
102.34	0.000926787
102.36	0.000998293
102.38	0.001085972
102.4	0.001181951
102.42	0.001265191
102.44	0.001316914
102.46	0.001331131
102.48	0.001322673
102.5	0.001302739
102.52	0.001273799
102.54	0.001236487
102.56	0.001183338
102.58	0.00111216
102.6	0.001018119
102.62	0.00090163
102.64	0.000775098
102.66	0.000650706
102.68	0.000551516
102.7	0.000488797
102.72	0.000464822
102.74	0.000464863
102.76	0.000470454
102.78	0.000468409
102.8	0.000455185
102.82	0.000433516
102.84	0.000411996
102.86	0.000391059
102.88	0.000377289
102.9	0.000384278
102.92	0.00041158
102.94	0.000449906
102.96	0.000482091
102.98	0.000489704
103	0.00046586
103.02	0.000413651
103.04	0.000338725
103.06	0.000253083
103.08	0.000169706
103.1	9.35953E-05
103.12	2.67705E-05
103.14	-3.35917E-05
103.16	-9.2693E-05
103.18	-0.000151846
103.2	-0.000215054
103.22	-0.00028453
103.24	-0.000346657
103.26	-0.000391899
103.28	-0.000413294
103.3	-0.000410019
103.32	-0.000370673
103.34	-0.000299972
103.36	-0.000205303
103.38	-0.00010953
103.4	-2.62136E-05
103.42	5.50411E-05
103.44	0.000133172
103.46	0.00020918
103.48	0.000273119
103.5	0.000322746
103.52	0.000364945
103.54	0.000417637
103.56	0.000483537
103.58	0.000557527
103.6	0.000622487
103.62	0.000667841
103.64	0.000693112
103.66	0.000702553
103.68	0.000697924
103.7	0.000681407
103.72	0.000655349
103.74	0.000633208
103.76	0.000619361
103.78	0.000617986
103.8	0.00061907
103.82	0.000607257
103.84	0.000582402
103.86	0.000555224
103.88	0.000533594
103.9	0.000523257
103.92	0.000519612
103.94	0.000522419
103.96	0.00054114
103.98	0.000578088
104	0.000626232
104.02	0.000665242
104.04	0.000675221
104.06	0.000655254
104.08	0.000621824
104.1	0.000587943
104.12	0.000567527
104.14	0.000569733
104.16	0.000586949
104.18	0.000600949
104.2	0.000622281
104.22	0.000651332
104.24	0.000694319
104.26	0.000733275
104.28	0.000763375
104.3	0.000793838
104.32	0.000833147
104.34	0.000877608
104.36	0.000914058
104.38	0.000930369
104.4	0.000920558
104.42	0.000895176
104.44	0.000864001
104.46	0.000829197
104.48	0.000783014
104.5	0.000726514
104.52	0.000669758
104.54	0.00064396
104.56	0.000648893
104.58	0.000672081
104.6	0.000680439
104.62	0.000674736
104.64	0.000667657
104.66	0.000673619
104.68	0.000682884
104.7	0.00069313
104.72	0.000698597
104.74	0.00071
104.76	0.00073223
104.78	0.00076903
104.8	0.000815017
104.82	0.000861241
104.84	0.000904795
104.86	0.000943073
104.88	0.000976332
104.9	0.000997532
104.92	0.000994867
104.94	0.000964421
104.96	0.000901367
104.98	0.000820648
105	0.000721751
105.02	0.000600016
105.04	0.000475728
105.06	0.000370913
105.08	0.000301567
105.1	0.000251141
105.12	0.000203553
105.14	0.000150639
105.16	9.91832E-05
105.18	5.96635E-05
105.2	4.48625E-05
105.22	6.92059E-05
105.24	0.000109349
105.26	0.000151026
105.28	0.000173815
105.3	0.00017413
105.32	0.000157062
105.34	0.000127163
105.36	9.73741E-05
105.38	8.2845E-05
105.4	8.78891E-05
105.42	0.000101189
105.44	0.000100834
105.46	6.76942E-05
105.48	-6.86984E-06
105.5	-0.000120682
105.52	-0.000265239
105.54	-0.000431274
105.56	-0.000613263
105.58	-0.000799467
105.6	-0.000969964
105.62	-0.001105586
105.64	-0.001198896
105.66	-0.001249442
105.68	-0.00126128
105.7	-0.00124446
105.72	-0.001199383
105.74	-0.001134016
105.76	-0.001058035
105.78	-0.000945836
105.8	-0.000831939
105.82	-0.000728105
105.84	-0.000655855
105.86	-0.000617225
105.88	-0.000602363
105.9	-0.000607217
105.92	-0.000632339
105.94	-0.000660967
105.96	-0.000690678
105.98	-0.000723447
106	-0.000759031
106.02	-0.000788511
106.04	-0.000807814
106.06	-0.000822629
106.08	-0.00084414
106.1	-0.000875397
106.12	-0.000914735
106.14	-0.000954454
106.16	-0.00098486
106.18	-0.000996796
106.2	-0.000989182
106.22	-0.000958083
106.24	-0.000902532
106.26	-0.000833036
106.28	-0.000747445
106.3	-0.000652678
106.32	-0.000552058
106.34	-0.000447187
106.36	-0.000350693
106.38	-0.00027271
106.4	-0.000218756
106.42	-0.000184405
106.44	-0.000164884
106.46	-0.000154157
106.48	-0.000145805
106.5	-0.00013122
106.52	-0.000107567
106.54	-9.29429E-05
106.56	-0.000106744
106.58	-0.000152282
106.6	-0.000209185
106.62	-0.000262979
106.64	-0.000289866
106.66	-0.000295977
106.68	-0.0002935
106.7	-0.000291235
106.72	-0.000287663
106.74	-0.000287327
106.76	-0.00028127
106.78	-0.000260953
106.8	-0.000228822
106.82	-0.000184086
106.84	-0.00013782
106.86	-9.57531E-05
106.88	-6.40603E-05
106.9	-4.85982E-05
106.92	-4.45077E-05
106.94	-5.13513E-05
106.96	-8.83629E-05
106.98	-0.0001614
107	-0.000264428
107.02	-0.000369654
107.04	-0.000470306
107.06	-0.000559933
107.08	-0.000647239
107.1	-0.000726302
107.12	-0.000784375
107.14	-0.000810342
107.16	-0.000806872
107.18	-0.000783888
107.2	-0.000757305
107.22	-0.000735067
107.24	-0.000714713
107.26	-0.000693877
107.28	-0.000668072
107.3	-0.000632733
107.32	-0.000587977
107.34	-0.000537488
107.36	-0.000489229
107.38	-0.000450867
107.4	-0.000433198
107.42	-0.000443165
107.44	-0.000469722
107.46	-0.000495677
107.48	-0.000502972
107.5	-0.000489148
107.52	-0.000468555
107.54	-0.000460528
107.56	-0.000466782
107.58	-0.000476145
107.6	-0.000477773
107.62	-0.0004723
107.64	-0.000460537
107.66	-0.00045254
107.68	-0.000446708
107.7	-0.000437784
107.72	-0.000410763
107.74	-0.000367651
107.76	-0.000311364
107.78	-0.0002492
107.8	-0.000186648
107.82	-0.000126619
107.84	-6.55891E-05
107.86	-1.97096E-06
107.88	5.90849E-05
107.9	0.000120864
107.92	0.000187233
107.94	0.000254325
107.96	0.000311899
107.98	0.00034638
108	0.000349937
108.02	0.000313437
108.04	0.000265229
108.06	0.000226874
108.08	0.000222555
108.1	0.000249862
108.12	0.000305855
108.14	0.000391864
108.16	0.000496302
108.18	0.000602891
108.2	0.000695621
108.22	0.000765818
108.24	0.000818952
108.26	0.000864679
108.28	0.000907924
108.3	0.000943978
108.32	0.000970112
108.34	0.00098506
108.36	0.000982091
108.38	0.000965401
108.4	0.000943786
108.42	0.000925271
108.44	0.000912672
108.46	0.000904842
108.48	0.000895012
108.5	0.000878013
108.52	0.000844597
108.54	0.00078724
108.56	0.00071216
108.58	0.000622327
108.6	0.000526994
108.62	0.000430275
108.64	0.000350813
108.66	0.000303346
108.68	0.000294357
108.7	0.000306456
108.72	0.000326502
108.74	0.000349715
108.76	0.00037696
108.78	0.000409034
108.8	0.000442648
108.82	0.000473644
108.84	0.000493033
108.86	0.000498067
108.88	0.000479625
108.9	0.000435134
108.92	0.000365681
108.94	0.000273781
108.96	0.000161084
108.98	3.63697E-05
109	-8.66725E-05
109.02	-0.000199397
109.04	-0.000302722
109.06	-0.0003976
109.08	-0.000478733
109.1	-0.000543987
109.12	-0.000593964
109.14	-0.000618374
109.16	-0.00062464
109.18	-0.000621314
109.2	-0.000611513
109.22	-0.00059916
109.24	-0.00057991
109.26	-0.000558553
109.28	-0.000536712
109.3	-0.000509785
109.32	-0.000479948
109.34	-0.000458269
109.36	-0.000447342
109.38	-0.000445225
109.4	-0.000449622
109.42	-0.000458786
109.44	-0.00046888
109.46	-0.000482743
109.48	-0.000497332
109.5	-0.000506799
109.52	-0.000502707
109.54	-0.000483098
109.56	-0.000461872
109.58	-0.000450616
109.6	-0.000454165
109.62	-0.000475442
109.64	-0.000504481
109.66	-0.000541365
109.68	-0.00057897
109.7	-0.0006066
109.72	-0.000600803
109.74	-0.000546486
109.76	-0.000451697
109.78	-0.000343447
109.8	-0.00025393
109.82	-0.000209931
109.84	-0.000218571
109.86	-0.000257632
109.88	-0.000302433
109.9	-0.000336484
109.92	-0.000365983
109.94	-0.000396761
109.96	-0.000430222
109.98	-0.000461943
110	-0.000482525
110.02	-0.000479511
110.04	-0.000459185
110.06	-0.000422077
110.08	-0.000366145
110.1	-0.000288794
110.12	-0.000198071
110.14	-0.000111169
110.16	-5.03414E-05
110.18	-1.21533E-05
110.2	1.73237E-05
110.22	6.17986E-05
110.24	0.000120541
110.26	0.000187606
110.28	0.000246145
110.3	0.000290147
110.32	0.000318887
110.34	0.00033171
110.36	0.000336248
110.38	0.000331575
110.4	0.000313887
110.42	0.000276193
110.44	0.000221759
110.46	0.000149519
110.48	6.06592E-05
110.5	-3.4004E-05
110.52	-0.000126306
110.54	-0.000204674
110.56	-0.000260174
110.58	-0.000302968
110.6	-0.000331514
110.62	-0.000357271
110.64	-0.000372879
110.66	-0.000366377
110.68	-0.000337939
110.7	-0.00028961
110.72	-0.000234972
110.74	-0.000178692
110.76	-0.00013215
110.78	-0.000102283
110.8	-9.33678E-05
110.82	-0.000103058
110.84	-0.000119005
110.86	-0.000138223
110.88	-0.000169563
110.9	-0.000216875
110.92	-0.000280536
110.94	-0.00034565
110.96	-0.000404727
110.98	-0.000458371
111	-0.000509056
111.02	-0.000565304
111.04	-0.000623791
111.06	-0.000670918
111.08	-0.000708423
111.1	-0.00073497
111.12	-0.000763842
111.14	-0.000790513
111.16	-0.000801498
111.18	-0.000779849
111.2	-0.000721847
111.22	-0.000647184
111.24	-0.000580889
111.26	-0.000533789
111.28	-0.000496819
111.3	-0.000463092
111.32	-0.000430166
111.34	-0.000400756
111.36	-0.000368094
111.38	-0.000333163
111.4	-0.000297679
111.42	-0.000270692
111.44	-0.000260911
111.46	-0.000269823
111.48	-0.000279931
111.5	-0.000271573
111.52	-0.000231023
111.54	-0.000171746
111.56	-0.000110028
111.58	-5.36903E-05
111.6	5.40757E-07
111.62	5.76644E-05
111.64	0.000128515
111.66	0.000215492
111.68	0.000316125
111.7	0.00042247
111.72	0.000533728
111.74	0.000646606
111.76	0.000754854
111.78	0.000849008
111.8	0.000928711
111.82	0.000992563
111.84	0.001040396
111.86	0.00107277
111.88	0.0010921
111.9	0.001098571
111.92	0.001103011
111.94	0.00110856
111.96	0.001111969
111.98	0.001107995
112	0.001095364
112.02	0.001080308
112.04	0.00106897
112.06	0.001065232
112.08	0.001067365
112.1	0.001067677
112.12	0.001060762
112.14	0.001046869
112.16	0.001029681
112.18	0.001008633
112.2	0.000981195
112.22	0.000955109
112.24	0.000943657
112.26	0.000955252
112.28	0.000980735
112.3	0.000999104
112.32	0.001000648
112.34	0.000991575
112.36	0.000989048
112.38	0.000998167
112.4	0.001016173
112.42	0.00103269
112.44	0.001041076
112.46	0.001041131
112.48	0.001018436
112.5	0.000963146
112.52	0.000872442
112.54	0.000756992
112.56	0.0006314
112.58	0.000516012
112.6	0.000429568
112.62	0.00037093
112.64	0.000339191
112.66	0.000339886
112.68	0.000372191
112.7	0.000424717
112.72	0.000483013
112.74	0.000534299
112.76	0.000568714
112.78	0.000581557
112.8	0.000578044
112.82	0.000553632
112.84	0.000507682
112.86	0.000443024
112.88	0.000375759
112.9	0.00032214
112.92	0.000292759
112.94	0.000284401
112.96	0.000285257
112.98	0.000287433
113	0.00029747
113.02	0.000321661
113.04	0.000352691
113.06	0.000378058
113.08	0.000398823
113.1	0.000416296
113.12	0.000424312
113.14	0.00041968
113.16	0.000393505
113.18	0.00035699
113.2	0.00032371
113.22	0.000312369
113.24	0.000326147
113.26	0.000341221
113.28	0.000342551
113.3	0.000327423
113.32	0.000308283
113.34	0.000307543
113.36	0.000336505
113.38	0.000380192
113.4	0.000421847
113.42	0.000452089
113.44	0.000466618
113.46	0.000475161
113.48	0.000485955
113.5	0.000505376
113.52	0.00051466
113.54	0.00050873
113.56	0.00049039
113.58	0.000467859
113.6	0.00045544
113.62	0.000446751
113.64	0.000447227
113.66	0.000462456
113.68	0.000493416
113.7	0.000547368
113.72	0.000618763
113.74	0.000696496
113.76	0.000761942
113.78	0.00079634
113.8	0.000797374
113.82	0.000777046
113.84	0.00073802
113.86	0.000691345
113.88	0.000641447
113.9	0.000596666
113.92	0.000560684
113.94	0.000538254
113.96	0.000537165
113.98	0.000565336
114	0.000617988
114.02	0.000685968
114.04	0.000756435
114.06	0.000811334
114.08	0.000847627
114.1	0.000869156
114.12	0.000876687
114.14	0.000882117
114.16	0.000878121
114.18	0.000847511
114.2	0.000781198
114.22	0.000691239
114.24	0.000607182
114.26	0.000554941
114.28	0.000540386
114.3	0.000556493
114.32	0.000586824
114.34	0.00060915
114.36	0.00061028
114.38	0.000578838
114.4	0.00052178
114.42	0.000455452
114.44	0.000399746
114.46	0.000375424
114.48	0.00037417
114.5	0.000389539
114.52	0.000402551
114.54	0.00040266
114.56	0.000383933
114.58	0.000342496
114.6	0.000288221
114.62	0.000247064
114.64	0.000239187
114.66	0.000268682
114.68	0.00031902
114.7	0.000364334
114.72	0.000384152
114.74	0.00037908
114.76	0.000354536
114.78	0.000312369
114.8	0.000249795
114.82	0.000167955
114.84	7.52948E-05
114.86	-1.96836E-05
114.88	-0.000111956
114.9	-0.000197765
114.92	-0.000273039
114.94	-0.000335
114.96	-0.000375006
114.98	-0.000393703
115	-0.000402134
115.02	-0.000413357
115.04	-0.000432039
115.06	-0.000455071
115.08	-0.000477369
115.1	-0.000497173
115.12	-0.000525684
115.14	-0.000560036
115.16	-0.000595736
115.18	-0.00062672
115.2	-0.000646751
115.22	-0.000657414
115.24	-0.000653605
115.26	-0.000634085
115.28	-0.000614382
115.3	-0.000605218
115.32	-0.00060762
115.34	-0.000620238
115.36	-0.000644975
115.38	-0.000670896
115.4	-0.000690805
115.42	-0.000692421
115.44	-0.000667773
115.46	-0.000630044
115.48	-0.000601899
115.5	-0.00058666
115.52	-0.000577825
115.54	-0.000569773
115.56	-0.000566635
115.58	-0.000575628
115.6	-0.000588233
115.62	-0.00059936
115.64	-0.000611766
115.66	-0.000621241
115.68	-0.000633941
115.7	-0.000641169
115.72	-0.000633874
115.74	-0.000607648
115.76	-0.000571869
115.78	-0.000544025
115.8	-0.000534562
115.82	-0.000535438
115.84	-0.000533256
115.86	-0.000506197
115.88	-0.000444526
115.9	-0.000359629
115.92	-0.000271525
115.94	-0.000187145
115.96	-0.000104399
115.98	-2.45716E-05
116	5.76954E-05
116.02	0.000137695
116.04	0.000220461
116.06	0.00030951
116.08	0.000401055
116.1	0.000487311
116.12	0.000550172
116.14	0.00058388
116.16	0.000596286
116.18	0.000598419
116.2	0.000597272
116.22	0.00059668
116.24	0.000596957
116.26	0.000588902
116.28	0.000569399
116.3	0.000532269
116.32	0.000469563
116.34	0.000380533
116.36	0.000269349
116.38	0.000152926
116.4	4.19852E-05
116.42	-5.42931E-05
116.44	-0.000131399
116.46	-0.000192746
116.48	-0.000241647
116.5	-0.000276686
116.52	-0.00029698
116.54	-0.000310446
116.56	-0.000332105
116.58	-0.000349265
116.6	-0.000359705
116.62	-0.000352555
116.64	-0.000342036
116.66	-0.000331731
116.68	-0.000326464
116.7	-0.00033256
116.72	-0.000351003
116.74	-0.00037965
116.76	-0.000410759
116.78	-0.000437671
116.8	-0.000459393
116.82	-0.000476192
116.84	-0.000499873
116.86	-0.000539015
116.88	-0.000592277
116.9	-0.000653875
116.92	-0.000720111
116.94	-0.000782604
116.96	-0.000836415
116.98	-0.000881638
117	-0.000916345
117.02	-0.000920968
117.04	-0.000899155
117.06	-0.000864987
117.08	-0.000832775
117.1	-0.000808912
117.12	-0.000770524
117.14	-0.000723992
117.16	-0.000677919
117.18	-0.000641177
117.2	-0.000615856
117.22	-0.000599543
117.24	-0.000583936
117.26	-0.000567885
117.28	-0.000548152
117.3	-0.000507004
117.32	-0.000439981
117.34	-0.000350099
117.36	-0.000245194
117.38	-0.000141371
117.4	-5.61991E-05
117.42	4.75097E-06
117.44	3.0776E-05
117.46	3.1356E-05
117.48	2.34618E-05
117.5	1.29068E-05
117.52	6.88572E-06
117.54	1.66566E-05
117.56	4.36154E-05
117.58	9.45688E-05
117.6	0.000158467
117.62	0.000221338
117.64	0.000275581
117.66	0.000317898
117.68	0.000353481
117.7	0.000383632
117.72	0.000408033
117.74	0.000422554
117.76	0.000421598
117.78	0.00040068
117.8	0.000359676
117.82	0.000317617
117.84	0.000287549
117.86	0.00027378
117.88	0.00027579
117.9	0.000290198
117.92	0.000310008
117.94	0.000329852
117.96	0.000334716
117.98	0.000316345
118	0.000280363
118.02	0.000245294
118.04	0.000225681
118.06	0.000219283
118.08	0.000208628
118.1	0.000192443
118.12	0.000176253
118.14	0.00016553
118.16	0.000158891
118.18	0.000148913
118.2	0.000136425
118.22	0.000131535
118.24	0.000138392
118.26	0.000151942
118.28	0.00014386
118.3	0.000106613
118.32	4.32415E-05
118.34	-2.61725E-05
118.36	-7.07408E-05
118.38	-8.73339E-05
118.4	-8.80753E-05
118.42	-9.48589E-05
118.44	-0.00010324
118.46	-9.98484E-05
118.48	-8.39691E-05
118.5	-7.03837E-05
118.52	-7.14565E-05
118.54	-9.48203E-05
118.56	-0.0001287
118.58	-0.000172819
118.6	-0.00023386
118.62	-0.0003161
118.64	-0.000409828
118.66	-0.000496454
118.68	-0.00056489
118.7	-0.000608616
118.72	-0.000634972
118.74	-0.000656811
118.76	-0.000697069
118.78	-0.000759303
118.8	-0.000828155
118.82	-0.00088286
118.84	-0.000920135
118.86	-0.000948995
118.88	-0.000966062
118.9	-0.000973208
118.92	-0.00097736
118.94	-0.000994009
118.96	-0.001022652
118.98	-0.001056112
119	-0.001085731
119.02	-0.001106642
119.04	-0.001123593
119.06	-0.001140547
119.08	-0.001164649
119.1	-0.001195022
119.12	-0.001231274
119.14	-0.001274642
119.16	-0.001313829
119.18	-0.001342058
119.2	-0.001362489
119.22	-0.00137738
119.24	-0.001382659
119.26	-0.001377941
119.28	-0.001356888
119.3	-0.001311247
119.32	-0.001243247
119.34	-0.001169612
119.36	-0.001113676
119.38	-0.001083214
119.4	-0.001069402
119.42	-0.001056751
119.44	-0.001027444
119.46	-0.000972645
119.48	-0.000895252
119.5	-0.000797567
119.52	-0.000684396
119.54	-0.000568637
119.56	-0.000465354
119.58	-0.000390833
119.6	-0.000341144
119.62	-0.000302674
119.64	-0.000257549
119.66	-0.000192256
119.68	-0.000111957
119.7	-1.93662E-05
119.72	7.55327E-05
119.74	0.000161581
119.76	0.000226745
119.78	0.000270302
119.8	0.000303671
119.82	0.000337466
119.84	0.00038093
119.86	0.000438757
119.88	0.000510361
119.9	0.00058545
119.92	0.000650455
119.94	0.000698272
119.96	0.000727698
119.98	0.000741308
120	0.000740687
120.02	0.000724939
120.04	0.000702634
120.06	0.000688192
120.08	0.000686723
120.1	0.000690073
120.12	0.000688072
120.14	0.000669234
120.16	0.000636992
120.18	0.000586102
120.2	0.000512971
120.22	0.000437756
120.24	0.000365975
120.26	0.0003195
120.28	0.000291602
120.3	0.000286299
120.32	0.000306527
120.34	0.000334296
120.36	0.000357561
120.38	0.000369566
120.4	0.000372615
120.42	0.000365745
120.44	0.000338808
120.46	0.000291349
120.48	0.000229399
120.5	0.000159034
120.52	9.85394E-05
120.54	4.78427E-05
120.56	-2.46407E-06
120.58	-6.12975E-05
120.6	-0.000123543
120.62	-0.000171239
120.64	-0.000200361
120.66	-0.000211008
120.68	-0.000198463
120.7	-0.000166653
120.72	-0.000119267
120.74	-6.58385E-05
120.76	-9.18321E-06
120.78	4.44385E-05
120.8	8.97824E-05
120.82	0.000124135
120.84	0.000150807
120.86	0.000168358
120.88	0.000182533
120.9	0.000203919
120.92	0.000239032
120.94	0.000294046
120.96	0.000365793
120.98	0.000447672
121	0.000520151
121.02	0.000563551
121.04	0.000579999
121.06	0.000582174
121.08	0.000587705
121.1	0.000614237
121.12	0.000664441
121.14	0.000736979
121.16	0.000812122
121.18	0.000869539
121.2	0.000894841
121.22	0.000889005
121.24	0.000863527
121.26	0.000844818
121.28	0.000850348
121.3	0.000898048
121.32	0.000996306
121.34	0.001133609
121.36	0.001283101
121.38	0.001418577
121.4	0.001522768
121.42	0.001594514
121.44	0.001635242
121.46	0.001647187
121.48	0.001636051
121.5	0.001603549
121.52	0.001564347
121.54	0.001524019
121.56	0.001480651
121.58	0.001427455
121.6	0.001359235
121.62	0.001290767
121.64	0.001229625
121.66	0.001185554
121.68	0.001162118
121.7	0.001151479
121.72	0.001150571
121.74	0.001157844
121.76	0.001180529
121.78	0.001211674
121.8	0.001240738
121.82	0.001269177
121.84	0.001289714
121.86	0.001290579
121.88	0.001264804
121.9	0.00122692
121.92	0.00119761
121.94	0.001186453
121.96	0.001195311
121.98	0.001214677
122	0.00122578
122.02	0.001215416
122.04	0.001180315
122.06	0.001127241
122.08	0.00105954
122.1	0.000979528
122.12	0.000874822
122.14	0.000730887
122.16	0.000566303
122.18	0.000402663
122.2	0.000252339
122.22	0.000120641
122.24	5.09008E-06
122.26	-0.000100775
122.28	-0.000194785
122.3	-0.000270224
122.32	-0.000320397
122.34	-0.000317362
122.36	-0.00027013
122.38	-0.000185641
122.4	-0.000102054
122.42	-3.60945E-05
122.44	1.21653E-05
122.46	4.56963E-05
122.48	6.55501E-05
122.5	7.40902E-05
122.52	7.88985E-05
122.54	8.24474E-05
122.56	9.00856E-05
122.58	0.000101836
122.6	0.00010193
122.62	7.60908E-05
122.64	2.75873E-05
122.66	-2.75109E-05
122.68	-7.65538E-05
122.7	-0.000112617
122.72	-0.000131413
122.74	-0.000132154
122.76	-0.000117881
122.78	-0.000102116
122.8	-9.48552E-05
122.82	-0.00010119
122.84	-0.000122963
122.86	-0.000154599
122.88	-0.000180741
122.9	-0.000185783
122.92	-0.000174466
122.94	-0.000167673
122.96	-0.000192638
122.98	-0.000252448
123	-0.000332567
123.02	-0.000417958
123.04	-0.000495197
123.06	-0.000558434
123.08	-0.00060456
123.1	-0.000633103
123.12	-0.000642629
123.14	-0.000637065
123.16	-0.000628232
123.18	-0.000641697
123.2	-0.000675061
123.22	-0.000720978
123.24	-0.000751222
123.26	-0.000755016
123.28	-0.000744613
123.3	-0.000731745
123.32	-0.000716899
123.34	-0.000699988
123.36	-0.000678714
123.38	-0.000654013
123.4	-0.000631114
123.42	-0.000609266
123.44	-0.00058781
123.46	-0.000564982
123.48	-0.000544358
123.5	-0.000539079
123.52	-0.000549515
123.54	-0.000573905
123.56	-0.000607658
123.58	-0.000639174
123.6	-0.000663034
123.62	-0.000681791
123.64	-0.000698118
123.66	-0.000703215
123.68	-0.00068843
123.7	-0.000655278
123.72	-0.000609639
123.74	-0.000564711
123.76	-0.000508384
123.78	-0.000428542
123.8	-0.000324047
123.82	-0.000204275
123.84	-8.44492E-05
123.86	2.42835E-05
123.88	0.000128687
123.9	0.000231973
123.92	0.000328263
123.94	0.000411458
123.96	0.000476559
123.98	0.000514317
124	0.00053733
124.02	0.000549364
124.04	0.000567756
124.06	0.000592284
124.08	0.000616377
124.1	0.000638253
124.12	0.000672903
124.14	0.000720837
124.16	0.000771487
124.18	0.000811645
124.2	0.000830668
124.22	0.000832095
124.24	0.00082853
124.26	0.000831253
124.28	0.000838079
124.3	0.000841275
124.32	0.000848085
124.34	0.000862847
124.36	0.000873511
124.38	0.000866821
124.4	0.000838947
124.42	0.000794593
124.44	0.00074329
124.46	0.000693858
124.48	0.000653023
124.5	0.00061501
124.52	0.000555407
124.54	0.000467472
124.56	0.00035561
124.58	0.000215073
124.6	7.30378E-05
124.62	-6.04256E-05
124.64	-0.000168246
124.66	-0.00023947
124.68	-0.000262691
124.7	-0.000248895
124.72	-0.000219555
124.74	-0.000204201
124.76	-0.000218167
124.78	-0.000269365
124.8	-0.000360016
124.82	-0.00048168
124.84	-0.000613509
124.86	-0.000726084
124.88	-0.000801415
124.9	-0.000834215
124.92	-0.000821064
124.94	-0.00079472
124.96	-0.000761324
124.98	-0.000747749
125	-0.000770539
125.02	-0.000820329
125.04	-0.000892175
125.06	-0.000970873
125.08	-0.001039848
125.1	-0.001086032
125.12	-0.001100765
125.14	-0.001084296
125.16	-0.00104018
125.18	-0.000981374
125.2	-0.000912904
125.22	-0.000840677
125.24	-0.000774229
125.26	-0.00072527
125.28	-0.000673501
125.3	-0.000603382
125.32	-0.000508191
125.34	-0.000394707
125.36	-0.000283644
125.38	-0.000171755
125.4	-6.13808E-05
125.42	3.07186E-05
125.44	9.3393E-05
125.46	0.000121456
125.48	0.000129094
125.5	0.000137242
125.52	0.000160583
125.54	0.000198476
125.56	0.000225267
125.58	0.000223376
125.6	0.000201451
125.62	0.000170708
125.64	0.000148809
125.66	0.000129847
125.68	0.000117652
125.7	0.00011919
125.72	0.000136598
125.74	0.000177965
125.76	0.000241314
125.78	0.000301646
125.8	0.000330743
125.82	0.000312233
125.84	0.000253546
125.86	0.00018284
125.88	0.000112106
125.9	4.42087E-05
125.92	-1.8862E-05
125.94	-6.90607E-05
125.96	-9.90025E-05
125.98	-0.00011204
126	-0.000129249
126.02	-0.000190059
126.04	-0.000283114
126.06	-0.000397335
126.08	-0.000499353
126.1	-0.000583998
126.12	-0.00065973
126.14	-0.000735008
126.16	-0.000799266
126.18	-0.000850341
126.2	-0.000883897
126.22	-0.000902491
126.24	-0.000914239
126.26	-0.000917155
126.28	-0.000907781
126.3	-0.000890597
126.32	-0.000874784
126.34	-0.000865706
126.36	-0.000870774
126.38	-0.000879193
126.4	-0.000888634
126.42	-0.000912311
126.44	-0.000953695
126.46	-0.001013612
126.48	-0.001066526
126.5	-0.00109939
126.52	-0.001109149
126.54	-0.001098231
126.56	-0.001072115
126.58	-0.001029134
126.6	-0.000980234
126.62	-0.000932771
126.64	-0.000901431
126.66	-0.000908014
126.68	-0.000947846
126.7	-0.000995886
126.72	-0.001026447
126.74	-0.001027243
126.76	-0.001006398
126.78	-0.000961796
126.8	-0.000892286
126.82	-0.000793946
126.84	-0.000671317
126.86	-0.00055076
126.88	-0.00045026
126.9	-0.000387074
126.92	-0.000366898
126.94	-0.000391243
126.96	-0.00045384
126.98	-0.000540924
127	-0.000632243
127.02	-0.000717703
127.04	-0.00078878
127.06	-0.000853175
127.08	-0.00091825
127.1	-0.000983256
127.12	-0.001035486
127.14	-0.00106157
127.16	-0.001059278
127.18	-0.001030301
127.2	-0.000984536
127.22	-0.000933341
127.24	-0.000889158
127.26	-0.000853323
127.28	-0.000832738
127.3	-0.000826491
127.32	-0.000816961
127.34	-0.000779636
127.36	-0.000709932
127.38	-0.00061698
127.4	-0.000513359
127.42	-0.000410498
127.44	-0.000320013
127.46	-0.000245617
127.48	-0.000191924
127.5	-0.000172658
127.52	-0.000194392
127.54	-0.000234042
127.56	-0.000261948
127.58	-0.000268942
127.6	-0.000248483
127.62	-0.000206387
127.64	-0.000140435
127.66	-4.60155E-05
127.68	6.71955E-05
127.7	0.000184917
127.72	0.000286819
127.74	0.000363511
127.76	0.000423737
127.78	0.000489126
127.8	0.000573768
127.82	0.000670337
127.84	0.000754709
127.86	0.000799746
127.88	0.000795044
127.9	0.000755781
127.92	0.0007
127.94	0.000637284
127.96	0.000573155
127.98	0.000503486
128	0.000419156
128.02	0.000323038
128.04	0.000217558
128.06	0.000112161
128.08	1.11255E-05
128.1	-8.97215E-05
128.12	-0.000168487
128.14	-0.000223335
128.16	-0.00027029
128.18	-0.000320054
128.2	-0.000377443
128.22	-0.000436272
128.24	-0.000490794
128.26	-0.000538279
128.28	-0.000576747
128.3	-0.000606237
128.32	-0.000625244
128.34	-0.000632652
128.36	-0.000628237
128.38	-0.000619471
128.4	-0.000612579
128.42	-0.000609248
128.44	-0.000612913
128.46	-0.000612934
128.48	-0.000605162
128.5	-0.000595604
128.52	-0.00060098
128.54	-0.000628909
128.56	-0.000672457
128.58	-0.000723952
128.6	-0.000773209
128.62	-0.000820665
128.64	-0.000874963
128.66	-0.000932024
128.68	-0.000991723
128.7	-0.001058404
128.72	-0.001138048
128.74	-0.001223154
128.76	-0.001295472
128.78	-0.001347982
128.8	-0.001386891
128.82	-0.001416549
128.84	-0.001456535
128.86	-0.001497343
128.88	-0.001550433
128.9	-0.001604795
128.92	-0.001646232
128.94	-0.001662677
128.96	-0.001659414
128.98	-0.00164525
129	-0.001621845
129.02	-0.001578937
129.04	-0.001513731
129.06	-0.00143259
129.08	-0.001335671
129.1	-0.001220686
129.12	-0.001090369
129.14	-0.000958795
129.16	-0.000864556
129.18	-0.000822259
129.2	-0.000811097
129.22	-0.000801247
129.24	-0.000783061
129.26	-0.000761395
129.28	-0.000739985
129.3	-0.000725101
129.32	-0.00071258
129.34	-0.000696342
129.36	-0.000669065
129.38	-0.000626729
129.4	-0.000585602
129.42	-0.000553921
129.44	-0.000534422
129.46	-0.000532133
129.48	-0.000543506
129.5	-0.000562494
129.52	-0.000587537
129.54	-0.000599002
129.56	-0.000571058
129.58	-0.000507145
129.6	-0.000426315
129.62	-0.000347677
129.64	-0.000278632
129.66	-0.000212071
129.68	-0.000144857
129.7	-7.06465E-05
129.72	1.01574E-05
129.74	8.61291E-05
129.76	0.000145951
129.78	0.0001534
129.8	0.000118468
129.82	4.92878E-05
129.84	-2.01151E-05
129.86	-7.37917E-05
129.88	-0.000114213
129.9	-0.000130023
129.92	-0.000123973
129.94	-0.000111155
129.96	-0.000106657
129.98	-0.000119753
130	-0.000146353
130.02	-0.000181772
130.04	-0.000210175
130.06	-0.000221347
130.08	-0.000201449
130.1	-0.000137008
130.12	-4.62289E-05
130.14	4.74934E-05
130.16	0.00012174
130.18	0.00018031
130.2	0.000218977
130.22	0.000236339
130.24	0.00024355
130.26	0.000246125
130.28	0.000241406
130.3	0.000225678
130.32	0.00019526
130.34	0.000171756
130.36	0.000161549
130.38	0.000157859
130.4	0.000150702
130.42	0.000130582
130.44	0.000103173
130.46	7.83189E-05
130.48	6.26549E-05
130.5	5.60998E-05
130.52	5.57333E-05
130.54	6.1771E-05
130.56	7.49811E-05
130.58	9.4721E-05
130.6	0.000126714
130.62	0.000188332
130.64	0.000279341
130.66	0.000386571
130.68	0.000489663
130.7	0.000586909
130.72	0.000671094
130.74	0.000725705
130.76	0.000749063
130.78	0.000745343
130.8	0.000735647
130.82	0.000727744
130.84	0.000716546
130.86	0.000690969
130.88	0.00063901
130.9	0.000573235
130.92	0.000503602
130.94	0.00042996
130.96	0.00035906
130.98	0.000298305
131	0.000259732
131.02	0.000247466
131.04	0.000268222
131.06	0.000317871
131.08	0.000395576
131.1	0.000489354
131.12	0.000597292
131.14	0.000707417
131.16	0.000807188
131.18	0.000886633
131.2	0.000929328
131.22	0.00092579
131.24	0.000888939
131.26	0.000833962
131.28	0.000781924
131.3	0.000740422
131.32	0.000716092
131.34	0.000705354
131.36	0.000697415
131.38	0.000689118
131.4	0.000686942
131.42	0.000691089
131.44	0.000689819
131.46	0.000662259
131.48	0.000617749
131.5	0.00057154
131.52	0.00053458
131.54	0.000501576
131.56	0.00045421
131.58	0.000392651
131.6	0.000338407
131.62	0.000320104
131.64	0.000344416
131.66	0.000396073
131.68	0.000453747
131.7	0.00051709
131.72	0.000592064
131.74	0.00067004
131.76	0.000731894
131.78	0.000765483
131.8	0.00076977
131.82	0.000756582
131.84	0.000731432
131.86	0.000699599
131.88	0.000649682
131.9	0.000566684
131.92	0.000461542
131.94	0.000350219
131.96	0.000255835
131.98	0.000185339
132	0.000143216
132.02	0.000125288
132.04	0.000145828
132.06	0.000223299
132.08	0.00034979
132.1	0.000487525
132.12	0.000585917
132.14	0.000636131
132.16	0.000646598
132.18	0.000624628
132.2	0.00057759
132.22	0.000508351
132.24	0.000423609
132.26	0.000330394
132.28	0.000236738
132.3	0.000143539
132.32	3.7802E-05
132.34	-9.22488E-05
132.36	-0.00024531
132.38	-0.000405025
132.4	-0.000561547
132.42	-0.000712057
132.44	-0.000860047
132.46	-0.001013542
132.48	-0.001168175
132.5	-0.001301189
132.52	-0.001393408
132.54	-0.001449261
132.56	-0.001467151
132.58	-0.001461078
132.6	-0.001455311
132.62	-0.001463284
132.64	-0.001485592
132.66	-0.001506654
132.68	-0.001502413
132.7	-0.001463704
132.72	-0.001391089
132.74	-0.001326485
132.76	-0.001274849
132.78	-0.001254751
132.8	-0.00127117
132.82	-0.001310608
132.84	-0.001359108
132.86	-0.001421052
132.88	-0.001495237
132.9	-0.001573536
132.92	-0.001634192
132.94	-0.001665988
132.96	-0.001682493
132.98	-0.001692756
133	-0.00170386
133.02	-0.001711918
133.04	-0.001710722
133.06	-0.00169659
133.08	-0.00166858
133.1	-0.001636225
133.12	-0.001592265
133.14	-0.001530468
133.16	-0.00144767
133.18	-0.00136262
133.2	-0.001290963
133.22	-0.00123212
133.24	-0.001177613
133.26	-0.001110316
133.28	-0.0010157
133.3	-0.000901694
133.32	-0.000779301
133.34	-0.000647675
133.36	-0.000502276
133.38	-0.000350707
133.4	-0.000205743
133.42	-8.81025E-05
133.44	3.48262E-06
133.46	6.80144E-05
133.48	0.00011781
133.5	0.00016862
133.52	0.000228303
133.54	0.000309493
133.56	0.000407497
133.58	0.000513403
133.6	0.000609583
133.62	0.000693636
133.64	0.000764349
133.66	0.000822348
133.68	0.000866101
133.7	0.000894966
133.72	0.000898335
133.74	0.000861859
133.76	0.000799387
133.78	0.000732926
133.8	0.000686769
133.82	0.000667967
133.84	0.000664131
133.86	0.000649612
133.88	0.000627002
133.9	0.000605237
133.92	0.000582098
133.94	0.000547441
133.96	0.000498075
133.98	0.00045608
134	0.000428914
134.02	0.000411942
134.04	0.000387849
134.06	0.000346508
134.08	0.000292076
134.1	0.000234212
134.12	0.000181636
134.14	0.000138133
134.16	9.3286E-05
134.18	3.59337E-05
134.2	-3.4069E-05
134.22	-0.00011566
134.24	-0.000200083
134.26	-0.000284669
134.28	-0.000374258
134.3	-0.000463988
134.32	-0.00054791
134.34	-0.000621747
134.36	-0.000688275
134.38	-0.000757018
134.4	-0.000820869
134.42	-0.000858359
134.44	-0.000849313
134.46	-0.000809158
134.48	-0.000765408
134.5	-0.000737175
134.52	-0.000728981
134.54	-0.000741701
134.56	-0.000773203
134.58	-0.000817724
134.6	-0.000853484
134.62	-0.000865101
134.64	-0.000859749
134.66	-0.000836374
134.68	-0.000810052
134.7	-0.000783293
134.72	-0.000749391
134.74	-0.000719843
134.76	-0.000699986
134.78	-0.000678206
134.8	-0.000657065
134.82	-0.000645155
134.84	-0.000643396
134.86	-0.000653149
134.88	-0.000672248
134.9	-0.000696442
134.92	-0.000714774
134.94	-0.000721157
134.96	-0.000724189
134.98	-0.000726148
135	-0.000722913
135.02	-0.000703022
135.04	-0.000668412
135.06	-0.000623253
135.08	-0.000579956
135.1	-0.00054361
135.12	-0.000507367
135.14	-0.000470941
135.16	-0.00043119
135.18	-0.000385333
135.2	-0.000335116
135.22	-0.000279745
135.24	-0.00022495
135.26	-0.00017964
135.28	-0.000146851
135.3	-0.000128111
135.32	-0.000113111
135.34	-0.000102514
135.36	-9.13215E-05
135.38	-7.76055E-05
135.4	-6.38043E-05
135.42	-4.04101E-05
135.44	-6.24057E-06
135.46	4.11844E-05
135.48	9.30531E-05
135.5	0.000141243
135.52	0.000179325
135.54	0.00020388
135.56	0.000217713
135.58	0.00021934
135.6	0.000204387
135.62	0.000175344
135.64	0.000135702
135.66	8.50873E-05
135.68	3.36865E-05
135.7	-8.90137E-06
135.72	-3.40488E-05
135.74	-4.67099E-05
135.76	-5.4562E-05
135.78	-7.2969E-05
135.8	-0.000101162
135.82	-0.000136419
135.84	-0.000183891
135.86	-0.000248383
135.88	-0.000321008
135.9	-0.000398671
135.92	-0.000470638
135.94	-0.000532259
135.96	-0.000584258
135.98	-0.000625743
136	-0.000656855
136.02	-0.000683074
136.04	-0.000707699
136.06	-0.000731472
136.08	-0.000754209
136.1	-0.000776282
136.12	-0.000793482
136.14	-0.000804267
136.16	-0.000809268
136.18	-0.000810022
136.2	-0.000806664
136.22	-0.000801278
136.24	-0.00079618
136.26	-0.000794553
136.28	-0.000800785
136.3	-0.000811661
136.32	-0.0008236
136.34	-0.000832877
136.36	-0.000836688
136.38	-0.000832872
136.4	-0.000820325
136.42	-0.000802607
136.44	-0.000781887
136.46	-0.000754531
136.48	-0.000720108
136.5	-0.000678762
136.52	-0.000634143
136.54	-0.000596698
136.56	-0.000570634
136.58	-0.000553726
136.6	-0.000542032
136.62	-0.000531481
136.64	-0.000518414
136.66	-0.000503166
136.68	-0.000485819
136.7	-0.000463228
136.72	-0.000433176
136.74	-0.000397041
136.76	-0.000356681
136.78	-0.000314903
136.8	-0.000278982
136.82	-0.000250907
136.84	-0.000232691
136.86	-0.00022106
136.88	-0.000209147
136.9	-0.000193153
136.92	-0.000172853
136.94	-0.000150469
136.96	-0.000128388
136.98	-0.000107451
137	-8.79526E-05
137.02	-7.13615E-05
137.04	-5.94103E-05
137.06	-5.33736E-05
137.08	-5.11858E-05
137.1	-4.94521E-05
137.12	-4.76104E-05
137.14	-4.44829E-05
137.16	-4.21192E-05
137.18	-4.25592E-05
137.2	-4.74521E-05
137.22	-5.77248E-05
137.24	-7.39588E-05
137.26	-9.47513E-05
137.28	-0.000118163
137.3	-0.000146815
137.32	-0.000183104
137.34	-0.000223683
137.36	-0.000266219
137.38	-0.000305165
137.4	-0.00033725
137.42	-0.000364502
137.44	-0.000389079
137.46	-0.000412255
137.48	-0.000435991
137.5	-0.000461199
137.52	-0.000487784
137.54	-0.000517299
137.56	-0.000550623
137.58	-0.00058712
137.6	-0.000624168
137.62	-0.000656912
137.64	-0.000681829
137.66	-0.000697949
137.68	-0.000705863
137.7	-0.000709624
137.72	-0.000711459
137.74	-0.000713074
137.76	-0.000715587
137.78	-0.000718442
137.8	-0.000722048
137.82	-0.000726395
137.84	-0.00073049
137.86	-0.000732691
137.88	-0.000730756
137.9	-0.000724138
137.92	-0.000713401
137.94	-0.000700612
137.96	-0.000687926
137.98	-0.000676126
138	-0.000665395
138.02	-0.000654016
138.04	-0.00064026
138.06	-0.00062385
138.08	-0.000605468
138.1	-0.000585885
138.12	-0.000565391
138.14	-0.00054291
138.16	-0.00051731
138.18	-0.000490236
138.2	-0.000464208
138.22	-0.000440537
138.24	-0.00042066
138.26	-0.000403988
138.28	-0.000389515
138.3	-0.000376677
138.32	-0.000364213
138.34	-0.000349738
138.36	-0.000331392
138.38	-0.000308763
138.4	-0.000281205
138.42	-0.000251357
138.44	-0.000221751
138.46	-0.000195337
138.48	-0.000174782
138.5	-0.000160595
138.52	-0.000152181
138.54	-0.000147611
138.56	-0.00014529
138.58	-0.000144091
138.6	-0.00014294
138.62	-0.000141233
138.64	-0.000138594
138.66	-0.000135557
138.68	-0.000133602
138.7	-0.000134663
138.72	-0.000140002
138.74	-0.000149724
138.76	-0.000163288
138.78	-0.000179321
138.8	-0.000196357
138.82	-0.00021378
138.84	-0.000231605
138.86	-0.000250218
138.88	-0.000270232
138.9	-0.000291276
138.92	-0.000312598
138.94	-0.000334738
138.96	-0.000358344
138.98	-0.000383384
139	-0.000409909
139.02	-0.000436195
139.04	-0.000460973
139.06	-0.000483824
139.08	-0.000504428
139.1	-0.000522909
139.12	-0.000539423
139.14	-0.000553778
139.16	-0.000566685
139.18	-0.00057954
139.2	-0.000593465
139.22	-0.000608871
139.24	-0.000624862
139.26	-0.000639791
139.28	-0.000651889
139.3	-0.000659635
139.32	-0.000662314
139.34	-0.000660788
139.36	-0.000655823
139.38	-0.000648851
139.4	-0.000641203
139.42	-0.000633438
139.44	-0.000626959
139.46	-0.00062223
139.48	-0.000619169
139.5	-0.000616895
139.52	-0.000613786
139.54	-0.000608213
139.56	-0.000599178
139.58	-0.000587083
139.6	-0.000572885
139.62	-0.000557452
139.64	-0.000541508
139.66	-0.000525266
139.68	-0.00050883
139.7	-0.000492411
139.72	-0.00047611
139.74	-0.000460014
139.76	-0.00044426
139.78	-0.000428279
139.8	-0.000411182
139.82	-0.000392486
139.84	-0.000372575
139.86	-0.000352495
139.88	-0.000333038
139.9	-0.00031427
139.92	-0.000296145
139.94	-0.000278845
139.96	-0.000262947
139.98	-0.000248885
140	-0.000236452
140.02	-0.00022508
140.04	-0.000214248
140.06	-0.000203841
140.08	-0.000194264
140.1	-0.000186523
140.12	-0.000181553
140.14	-0.000180026
140.16	-0.000182098
140.18	-0.000187324
140.2	-0.000194944
140.22	-0.000204188
140.24	-0.000213899
140.26	-0.000223292
140.28	-0.000231829
140.3	-0.000239248
140.32	-0.000246166
140.34	-0.000253364
140.36	-0.000262048
140.38	-0.00027313
140.4	-0.000286943
140.42	-0.000303335
140.44	-0.000321685
140.46	-0.000341176
140.48	-0.000361057
140.5	-0.000380425
140.52	-0.000398843
140.54	-0.000416075
140.56	-0.000432043
140.58	-0.000446974
140.6	-0.000461206
140.62	-0.00047506
140.64	-0.000488888
140.66	-0.000502715
140.68	-0.000516142
140.7	-0.00052882
140.72	-0.000540517
140.74	-0.000551065
140.76	-0.000560286
140.78	-0.00056788
140.8	-0.000573738
140.82	-0.000578129
140.84	-0.000581712
140.86	-0.000584956
140.88	-0.000587959
140.9	-0.000590523
140.92	-0.00059231
140.94	-0.000592989
140.96	-0.000592247
140.98	-0.0005899
141	-0.000585804
141.02	-0.000580046
141.04	-0.000572923
141.06	-0.000564882
141.08	-0.000556567
141.1	-0.000548477
141.12	-0.000540609
141.14	-0.000532748
141.16	-0.00052414
141.18	-0.000513985
141.2	-0.000501647
141.22	-0.000486927
141.24	-0.000470136
141.26	-0.000451747
141.28	-0.000432746
141.3	-0.000413678
141.32	-0.000395391
141.34	-0.000378459
141.36	-0.000363156
141.38	-0.000349579
141.4	-0.000337445
141.42	-0.000326075
141.44	-0.000314931
141.46	-0.00030361
141.48	-0.00029215
141.5	-0.00028099
141.52	-0.000270593
141.54	-0.000261366
141.56	-0.000253491
141.58	-0.000247092
141.6	-0.000242328
141.62	-0.000239312
141.64	-0.000237949
141.66	-0.000237914
141.68	-0.000238822
141.7	-0.000240359
141.72	-0.000242559
141.74	-0.000245527
141.76	-0.000249425
141.78	-0.000254442
141.8	-0.000260741
141.82	-0.000268378
141.84	-0.000277311
141.86	-0.000287321
141.88	-0.000297992
141.9	-0.000308937
141.92	-0.000319836
141.94	-0.000330501
141.96	-0.000340957
141.98	-0.000351472
142	-0.000362319
142.02	-0.000373843
142.04	-0.000386161
142.06	-0.000399201
142.08	-0.000412702
142.1	-0.000426393
142.12	-0.000439735
142.14	-0.0004521
142.16	-0.00046321
142.18	-0.000472857
142.2	-0.000481492
142.22	-0.000489534
142.24	-0.000497439
142.26	-0.000505639
142.28	-0.000514169
142.3	-0.000522968
142.32	-0.000531728
142.34	-0.000540024
142.36	-0.000547446
142.38	-0.000553502
142.4	-0.000557718
142.42	-0.000559924
142.44	-0.000560221
142.46	-0.000558942
142.48	-0.000556539
142.5	-0.000553338
142.52	-0.000549483
142.54	-0.000544983
142.56	-0.000539747
142.58	-0.000533709
142.6	-0.000526931
142.62	-0.00051938
142.64	-0.00051094
142.66	-0.000501492
142.68	-0.000491062
142.7	-0.000479854
142.72	-0.000468251
142.74	-0.000456607
142.76	-0.000445145
142.78	-0.000433897
142.8	-0.000422686
142.82	-0.000411318
142.84	-0.000399664
142.86	-0.000387804
142.88	-0.000375869
142.9	-0.000364027
142.92	-0.000352474
142.94	-0.000341461
142.96	-0.000331345
142.98	-0.000322474
143	-0.000314941
143.02	-0.000308627
143.04	-0.000303195
143.06	-0.00029825
143.08	-0.000293562
143.1	-0.000288995
143.12	-0.000284687
143.14	-0.000280855
143.16	-0.000277783
143.18	-0.000275796
143.2	-0.000275104
143.22	-0.000275866
143.24	-0.000278086
143.26	-0.000281566
143.28	-0.000285978
143.3	-0.000290933
143.32	-0.000296092
143.34	-0.000301274
143.36	-0.000306468
143.38	-0.000311773
143.4	-0.000317344
143.42	-0.000323367
143.44	-0.000330004
143.46	-0.0003374
143.48	-0.000345639
143.5	-0.000354684
143.52	-0.000364396
143.54	-0.000374539
143.56	-0.000384895
143.58	-0.000395319
143.6	-0.000405734
143.62	-0.000416069
143.64	-0.000426318
143.66	-0.000436457
143.68	-0.000446511
143.7	-0.000456472
143.72	-0.000466242
143.74	-0.000475673
143.76	-0.000484495
143.78	-0.000492413
143.8	-0.000499219
143.82	-0.000504868
143.84	-0.000509501
143.86	-0.000513316
143.88	-0.000516468
143.9	-0.000519061
143.92	-0.00052114
143.94	-0.000522713
143.96	-0.000523694
143.98	-0.000523929
144	-0.000523224
144.02	-0.000521359
144.04	-0.000518238
144.06	-0.000513901
144.08	-0.000508555
144.1	-0.000502538
144.12	-0.000496158
144.14	-0.000489642
144.16	-0.000483094
144.18	-0.000476494
144.2	-0.000469756
144.22	-0.000462768
144.24	-0.000455405
144.26	-0.000447526
144.28	-0.000439057
144.3	-0.000430016
144.32	-0.000420526
144.34	-0.00041085
144.36	-0.00040125
144.38	-0.000391967
144.4	-0.000383164
144.42	-0.00037491
144.44	-0.000367238
144.46	-0.000360135
144.48	-0.000353512
144.5	-0.000347276
144.52	-0.000341319
144.54	-0.000335572
144.56	-0.000330083
144.58	-0.000324947
144.6	-0.000320316
144.62	-0.00031633
144.64	-0.000313044
144.66	-0.000310442
144.68	-0.000308461
144.7	-0.000307027
144.72	-0.000306084
144.74	-0.00030561
144.76	-0.000305611
144.78	-0.00030615
144.8	-0.000307352
144.82	-0.000309371
144.84	-0.000312325
144.86	-0.000316266
144.88	-0.000321135
144.9	-0.000326781
144.92	-0.000333016
144.94	-0.000339623
144.96	-0.000346438
144.98	-0.000353361
145	-0.000360366
145.02	-0.000367496
145.04	-0.000374853
145.06	-0.000382566
145.08	-0.000390694
145.1	-0.000399233
145.12	-0.000408057
145.14	-0.000416967
145.16	-0.000425753
145.18	-0.000434191
145.2	-0.000442114
145.22	-0.000449418
145.24	-0.000456028
145.26	-0.000461958
145.28	-0.000467281
145.3	-0.00047211
145.32	-0.000476583
145.34	-0.000480769
145.36	-0.000484669
145.38	-0.000488228
145.4	-0.000491327
145.42	-0.000493836
145.44	-0.000495652
145.46	-0.000496701
145.48	-0.00049696
145.5	-0.000496451