0	0
0.02	-2.45118E-06
0.04	-2.45122E-06
0.06	-2.45131E-06
0.08	-2.45146E-06
0.1	-2.45166E-06
0.12	-2.45196E-06
0.14	-2.45227E-06
0.16	-2.45258E-06
0.18	-2.4529E-06
0.2	-2.45329E-06
0.22	-2.45379E-06
0.24	-2.45447E-06
0.26	-2.4556E-06
0.28	-2.45837E-06
0.3	-2.46598E-06
0.32	-2.48339E-06
0.34	-2.51176E-06
0.36	-2.54269E-06
0.38	-2.56757E-06
0.4	-2.59183E-06
0.42	-2.61991E-06
0.44	-2.64505E-06
0.46	-2.67139E-06
0.48	-2.70071E-06
0.5	-2.7267E-06
0.52	-2.75424E-06
0.54	-2.77974E-06
0.56	-2.80791E-06
0.58	-2.84011E-06
0.6	-2.87718E-06
0.62	-2.92209E-06
0.64	-2.96834E-06
0.66	-3.01101E-06
0.68	-3.04648E-06
0.7	-3.0817E-06
0.72	-3.11708E-06
0.74	-3.1495E-06
0.76	-3.17589E-06
0.78	-3.20321E-06
0.8	-3.22914E-06
0.82	-3.25182E-06
0.84	-3.27482E-06
0.86	-3.29483E-06
0.88	-3.31269E-06
0.9	-3.33029E-06
0.92	-3.34633E-06
0.94	-3.36061E-06
0.96	-3.37412E-06
0.98	-3.38508E-06
1	-3.39552E-06
1.02	-3.40506E-06
1.04	-3.41364E-06
1.06	-3.42E-06
1.08	-3.42483E-06
1.1	-3.42856E-06
1.12	-3.43101E-06
1.14	-3.43231E-06
1.16	-3.43046E-06
1.18	-3.42452E-06
1.2	-3.41219E-06
1.22	-3.39533E-06
1.24	-3.37474E-06
1.26	-3.35573E-06
1.28	-3.33933E-06
1.3	-3.32631E-06
1.32	-3.31356E-06
1.34	-3.29943E-06
1.36	-3.2845E-06
1.38	-3.27272E-06
1.4	-3.26135E-06
1.42	-3.24977E-06
1.44	-3.23719E-06
1.46	-3.22359E-06
1.48	-3.20653E-06
1.5	-3.1868E-06
1.52	-3.16677E-06
1.54	-3.14998E-06
1.56	-3.13598E-06
1.58	-3.12686E-06
1.6	-3.12137E-06
1.62	-3.11552E-06
1.64	-3.11073E-06
1.66	-3.10893E-06
1.68	-3.10893E-06
1.7	-3.10868E-06
1.72	-3.10758E-06
1.74	-3.10643E-06
1.76	-3.10795E-06
1.78	-3.10914E-06
1.8	-3.10836E-06
1.82	-3.10831E-06
1.84	-3.10796E-06
1.86	-3.1073E-06
1.88	-3.10613E-06
1.9	-3.10434E-06
1.92	-3.10162E-06
1.94	-3.09758E-06
1.96	-3.09453E-06
1.98	-3.09091E-06
2	-3.08569E-06
2.02	-3.08034E-06
2.04	-3.07395E-06
2.06	-3.06885E-06
2.08	-3.06565E-06
2.1	-3.06277E-06
2.12	-3.05869E-06
2.14	-3.05191E-06
2.16	-3.04028E-06
2.18	-3.02321E-06
2.2	-3.00306E-06
2.22	-2.9799E-06
2.24	-2.95522E-06
2.26	-2.92843E-06
2.28	-2.89857E-06
2.3	-2.86598E-06
2.32	-2.83182E-06
2.34	-2.79763E-06
2.36	-2.76335E-06
2.38	-2.72814E-06
2.4	-2.69062E-06
2.42	-2.64993E-06
2.44	-2.60502E-06
2.46	-2.55502E-06
2.48	-2.50085E-06
2.5	-2.44486E-06
2.52	-2.3866E-06
2.54	-2.32684E-06
2.56	-2.26568E-06
2.58	-2.20333E-06
2.6	-2.13962E-06
2.62	-2.07615E-06
2.64	-2.01246E-06
2.66	-1.94738E-06
2.68	-1.8809E-06
2.7	-1.81459E-06
2.72	-1.74875E-06
2.74	-1.68215E-06
2.76	-1.61416E-06
2.78	-1.54602E-06
2.8	-1.47795E-06
2.82	-1.40953E-06
2.84	-1.33989E-06
2.86	-1.26914E-06
2.88	-1.19785E-06
2.9	-1.12613E-06
2.92	-1.05335E-06
2.94	-9.7968E-07
2.96	-9.03744E-07
2.98	-8.25742E-07
3	-7.47702E-07
3.02	-6.70972E-07
3.04	-5.95934E-07
3.06	-5.22765E-07
3.08	-4.50628E-07
3.1	-3.78473E-07
3.12	-3.05438E-07
3.14	-2.31106E-07
3.16	-1.55751E-07
3.18	-7.92709E-08
3.2	-1.48773E-09
3.22	7.86087E-08
3.24	1.61805E-07
3.26	2.47089E-07
3.28	3.34066E-07
3.3	4.21598E-07
3.32	5.08747E-07
3.34	5.9627E-07
3.36	6.84691E-07
3.38	7.74441E-07
3.4	8.66644E-07
3.42	9.61788E-07
3.44	1.06021E-06
3.46	1.16171E-06
3.48	1.26642E-06
3.5	1.37462E-06
3.52	1.48623E-06
3.54	1.60118E-06
3.56	1.71899E-06
3.58	1.83998E-06
3.6	1.96397E-06
3.62	2.09116E-06
3.64	2.2217E-06
3.66	2.35486E-06
3.68	2.49039E-06
3.7	2.62874E-06
3.72	2.77033E-06
3.74	2.91392E-06
3.76	3.05952E-06
3.78	3.20767E-06
3.8	3.35857E-06
3.82	3.51182E-06
3.84	3.66667E-06
3.86	3.8234E-06
3.88	3.9827E-06
3.9	4.14565E-06
3.92	4.31276E-06
3.94	4.48408E-06
3.96	4.65861E-06
3.98	4.83535E-06
4	5.01372E-06
4.02	5.19373E-06
4.04	5.37489E-06
4.06	5.55723E-06
4.08	5.74079E-06
4.1	5.92549E-06
4.12	6.11087E-06
4.14	6.29701E-06
4.16	6.48472E-06
4.18	6.67459E-06
4.2	6.86734E-06
4.22	7.06274E-06
4.24	7.26024E-06
4.26	7.4593E-06
4.28	7.65937E-06
4.3	7.86011E-06
4.32	8.06154E-06
4.34	8.26359E-06
4.36	8.46634E-06
4.38	8.67002E-06
4.4	8.87499E-06
4.42	9.08139E-06
4.44	9.2892E-06
4.46	9.49885E-06
4.48	9.71053E-06
4.5	9.9241E-06
4.52	1.01398E-05
4.54	1.03578E-05
4.56	1.05781E-05
4.58	1.08011E-05
4.6	1.10269E-05
4.62	1.12554E-05
4.64	1.14867E-05
4.66	1.17209E-05
4.68	1.1958E-05
4.7	1.21981E-05
4.72	1.24409E-05
4.74	1.26868E-05
4.76	1.29358E-05
4.78	1.31871E-05
4.8	1.344E-05
4.82	1.36947E-05
4.84	1.39519E-05
4.86	1.42124E-05
4.88	1.44767E-05
4.9	1.47451E-05
4.92	1.50174E-05
4.94	1.52936E-05
4.96	1.55737E-05
4.98	1.58578E-05
5	1.61456E-05
5.02	1.64369E-05
5.04	1.67315E-05
5.06	1.70289E-05
5.08	1.73286E-05
5.1	1.76304E-05
5.12	1.79348E-05
5.14	1.82424E-05
5.16	1.85534E-05
5.18	1.88679E-05
5.2	1.91859E-05
5.22	1.95074E-05
5.24	1.9832E-05
5.26	2.01597E-05
5.28	2.049E-05
5.3	2.08227E-05
5.32	2.11576E-05
5.34	2.14946E-05
5.36	2.18335E-05
5.38	2.21744E-05
5.4	2.2517E-05
5.42	2.28613E-05
5.44	2.32073E-05
5.46	2.35549E-05
5.48	2.39039E-05
5.5	2.42544E-05
5.52	2.46064E-05
5.54	2.496E-05
5.56	2.53153E-05
5.58	2.56722E-05
5.6	2.60307E-05
5.62	2.63909E-05
5.64	2.67529E-05
5.66	2.71171E-05
5.68	2.74835E-05
5.7	2.78523E-05
5.72	2.82232E-05
5.74	2.85957E-05
5.76	2.89691E-05
5.78	2.93433E-05
5.8	2.97185E-05
5.82	3.0095E-05
5.84	3.04727E-05
5.86	3.08519E-05
5.88	3.12326E-05
5.9	3.16151E-05
5.92	3.19997E-05
5.94	3.23866E-05
5.96	3.27761E-05
5.98	3.31682E-05
6	3.35627E-05
6.02	3.39592E-05
6.04	3.43575E-05
6.06	3.47572E-05
6.08	3.51585E-05
6.1	3.55615E-05
6.12	3.59665E-05
6.14	3.63733E-05
6.16	3.67824E-05
6.18	3.71938E-05
6.2	3.76077E-05
6.22	3.8024E-05
6.24	3.84427E-05
6.26	3.88637E-05
6.28	3.9287E-05
6.3	3.97124E-05
6.32	4.014E-05
6.34	4.05697E-05
6.36	4.10012E-05
6.38	4.14346E-05
6.4	4.18697E-05
6.42	4.23063E-05
6.44	4.27441E-05
6.46	4.31831E-05
6.48	4.36233E-05
6.5	4.40644E-05
6.52	4.45063E-05
6.54	4.49488E-05
6.56	4.53916E-05
6.58	4.58347E-05
6.6	4.62781E-05
6.62	4.67221E-05
6.64	4.7167E-05
6.66	4.76127E-05
6.68	4.80593E-05
6.7	4.85063E-05
6.72	4.89533E-05
6.74	4.94002E-05
6.76	4.98468E-05
6.78	5.02929E-05
6.8	5.07381E-05
6.82	5.11822E-05
6.84	5.16251E-05
6.86	5.20667E-05
6.88	5.25071E-05
6.9	5.29465E-05
6.92	5.33849E-05
6.94	5.38226E-05
6.96	5.42594E-05
6.98	5.46952E-05
7	5.51297E-05
7.02	5.55626E-05
7.04	5.59938E-05
7.06	5.64232E-05
7.08	5.68506E-05
7.1	5.72758E-05
7.12	5.7699E-05
7.14	5.81201E-05
7.16	5.85392E-05
7.18	5.89563E-05
7.2	5.93712E-05
7.22	5.97841E-05
7.24	6.01948E-05
7.26	6.06035E-05
7.28	6.101E-05
7.3	6.14144E-05
7.32	6.18167E-05
7.34	6.22169E-05
7.36	6.26148E-05
7.38	6.30105E-05
7.4	6.34037E-05
7.42	6.37945E-05
7.44	6.41828E-05
7.46	6.45686E-05
7.48	6.49516E-05
7.5	6.53313E-05
7.52	6.57075E-05
7.54	6.608E-05
7.56	6.64486E-05
7.58	6.68135E-05
7.6	6.71747E-05
7.62	6.75323E-05
7.64	6.78862E-05
7.66	6.82362E-05
7.68	6.85824E-05
7.7	6.89247E-05
7.72	6.92628E-05
7.74	6.95966E-05
7.76	6.99257E-05
7.78	7.02498E-05
7.8	7.05685E-05
7.82	7.08815E-05
7.84	7.11887E-05
7.86	7.14899E-05
7.88	7.1785E-05
7.9	7.20741E-05
7.92	7.23571E-05
7.94	7.26337E-05
7.96	7.29038E-05
7.98	7.31672E-05
8	7.34236E-05
8.02	7.36728E-05
8.04	7.39144E-05
8.06	7.41482E-05
8.08	7.4374E-05
8.1	7.45915E-05
8.12	7.48005E-05
8.14	7.50007E-05
8.16	7.5192E-05
8.18	7.53741E-05
8.2	7.55469E-05
8.22	7.571E-05
8.24	7.58633E-05
8.26	7.60068E-05
8.28	7.61401E-05
8.3	7.62632E-05
8.32	7.6376E-05
8.34	7.64781E-05
8.36	7.65695E-05
8.38	7.66503E-05
8.4	7.67203E-05
8.42	7.67796E-05
8.44	7.68277E-05
8.46	7.68644E-05
8.48	7.68894E-05
8.5	7.69024E-05
8.52	7.69031E-05
8.54	7.68912E-05
8.56	7.68666E-05
8.58	7.68291E-05
8.6	7.67785E-05
8.62	7.67148E-05
8.64	7.66378E-05
8.66	7.65475E-05
8.68	7.64439E-05
8.7	7.63267E-05
8.72	7.61959E-05
8.74	7.6051E-05
8.76	7.58918E-05
8.78	7.5718E-05
8.8	7.55292E-05
8.82	7.53252E-05
8.84	7.51057E-05
8.86	7.48706E-05
8.88	7.46197E-05
8.9	7.43528E-05
8.92	7.40697E-05
8.94	7.37702E-05
8.96	7.34542E-05
8.98	7.31212E-05
9	7.27711E-05
9.02	7.24036E-05
9.04	7.20183E-05
9.06	7.16152E-05
9.08	7.11937E-05
9.1	7.07537E-05
9.12	7.02947E-05
9.14	6.98165E-05
9.16	6.93187E-05
9.18	6.8801E-05
9.2	6.8263E-05
9.22	6.77045E-05
9.24	6.7125E-05
9.26	6.65241E-05
9.28	6.59015E-05
9.3	6.52568E-05
9.32	6.45898E-05
9.34	6.39002E-05
9.36	6.31879E-05
9.38	6.24526E-05
9.4	6.16941E-05
9.42	6.09122E-05
9.44	6.01063E-05
9.46	5.92764E-05
9.48	5.84218E-05
9.5	5.75423E-05
9.52	5.66375E-05
9.54	5.5707E-05
9.56	5.47503E-05
9.58	5.37672E-05
9.6	5.27574E-05
9.62	5.17205E-05
9.64	5.06565E-05
9.66	4.95651E-05
9.68	4.84461E-05
9.7	4.72992E-05
9.72	4.6124E-05
9.74	4.49204E-05
9.76	4.36878E-05
9.78	4.24259E-05
9.8	4.11345E-05
9.82	3.98132E-05
9.84	3.84616E-05
9.86	3.70795E-05
9.88	3.56666E-05
9.9	3.42227E-05
9.92	3.27474E-05
9.94	3.12404E-05
9.96	2.97016E-05
9.98	2.81305E-05
10	2.6527E-05
10.02	2.48908E-05
10.04	2.32215E-05
10.06	2.15189E-05
10.08	1.97828E-05
10.1	1.80128E-05
10.12	1.62085E-05
10.14	1.43698E-05
10.16	1.24964E-05
10.18	1.05878E-05
10.2	8.64377E-06
10.22	6.66385E-06
10.24	4.64759E-06
10.26	2.59458E-06
10.28	5.04448E-07
10.3	-1.62315E-06
10.32	-3.78851E-06
10.34	-5.99194E-06
10.36	-8.23375E-06
10.38	-1.05142E-05
10.4	-1.28336E-05
10.42	-1.51923E-05
10.44	-1.75905E-05
10.46	-2.00287E-05
10.48	-2.25071E-05
10.5	-2.50263E-05
10.52	-2.75866E-05
10.54	-3.01885E-05
10.56	-3.28323E-05
10.58	-3.55186E-05
10.6	-3.82475E-05
10.62	-4.10194E-05
10.64	-4.38346E-05
10.66	-4.66935E-05
10.68	-4.95962E-05
10.7	-5.25433E-05
10.72	-5.55349E-05
10.74	-5.85714E-05
10.76	-6.16533E-05
10.78	-6.47809E-05
10.8	-6.79544E-05
10.82	-7.11743E-05
10.84	-7.4441E-05
10.86	-7.77546E-05
10.88	-8.11156E-05
10.9	-8.45243E-05
10.92	-8.7981E-05
10.94	-9.1486E-05
10.96	-9.50397E-05
10.98	-9.86423E-05
11	-0.000102294
11.02	-0.000105995
11.04	-0.000109746
11.06	-0.000113547
11.08	-0.000117399
11.1	-0.0001213
11.12	-0.000125253
11.14	-0.000129256
11.16	-0.00013331
11.18	-0.000137416
11.2	-0.000141573
11.22	-0.000145782
11.24	-0.000150043
11.26	-0.000154357
11.28	-0.000158723
11.3	-0.000163143
11.32	-0.000167615
11.34	-0.000172142
11.36	-0.000176721
11.38	-0.000181355
11.4	-0.000186042
11.42	-0.000190784
11.44	-0.00019558
11.46	-0.000200431
11.48	-0.000205336
11.5	-0.000210296
11.52	-0.000215311
11.54	-0.000220382
11.56	-0.000225508
11.58	-0.00023069
11.6	-0.000235928
11.62	-0.000241222
11.64	-0.000246573
11.66	-0.00025198
11.68	-0.000257443
11.7	-0.000262964
11.72	-0.000268541
11.74	-0.000274175
11.76	-0.000279867
11.78	-0.000285615
11.8	-0.000291421
11.82	-0.000297285
11.84	-0.000303206
11.86	-0.000309186
11.88	-0.000315223
11.9	-0.000321318
11.92	-0.000327471
11.94	-0.000333683
11.96	-0.000339953
11.98	-0.000346281
12	-0.000352668
12.02	-0.000359113
12.04	-0.000365617
12.06	-0.00037218
12.08	-0.000378802
12.1	-0.000385482
12.12	-0.00039222
12.14	-0.000399017
12.16	-0.000405873
12.18	-0.000412787
12.2	-0.000419759
12.22	-0.00042679
12.24	-0.000433878
12.26	-0.000441025
12.28	-0.00044823
12.3	-0.000455493
12.32	-0.000462814
12.34	-0.000470193
12.36	-0.00047763
12.38	-0.000485123
12.4	-0.000492674
12.42	-0.000500282
12.44	-0.000507947
12.46	-0.000515668
12.48	-0.000523446
12.5	-0.000531279
12.52	-0.000539169
12.54	-0.000547113
12.56	-0.000555114
12.58	-0.000563169
12.6	-0.000571279
12.62	-0.000579443
12.64	-0.000587661
12.66	-0.000595933
12.68	-0.000604258
12.7	-0.000612636
12.72	-0.000621066
12.74	-0.000629549
12.76	-0.000638083
12.78	-0.000646668
12.8	-0.000655304
12.82	-0.00066399
12.84	-0.000672726
12.86	-0.000681511
12.88	-0.000690345
12.9	-0.000699226
12.92	-0.000708156
12.94	-0.000717132
12.96	-0.000726155
12.98	-0.000735224
13	-0.000744338
13.02	-0.000753497
13.04	-0.0007627
13.06	-0.000771946
13.08	-0.000781236
13.1	-0.000790567
13.12	-0.00079994
13.14	-0.000809353
13.16	-0.000818806
13.18	-0.000828298
13.2	-0.000837828
13.22	-0.000847395
13.24	-0.000857
13.26	-0.000866639
13.28	-0.000876314
13.3	-0.000886022
13.32	-0.000895764
13.34	-0.000905538
13.36	-0.000915343
13.38	-0.000925178
13.4	-0.000935042
13.42	-0.000944934
13.44	-0.000954853
13.46	-0.000964798
13.48	-0.000974768
13.5	-0.000984761
13.52	-0.000994777
13.54	-0.001004814
13.56	-0.001014871
13.58	-0.001024947
13.6	-0.001035041
13.62	-0.00104515
13.64	-0.001055275
13.66	-0.001065413
13.68	-0.001075563
13.7	-0.001085724
13.72	-0.001095895
13.74	-0.001106073
13.76	-0.001116258
13.78	-0.001126447
13.8	-0.00113664
13.82	-0.001146835
13.84	-0.00115703
13.86	-0.001167223
13.88	-0.001177412
13.9	-0.001187597
13.92	-0.001197775
13.94	-0.001207945
13.96	-0.001218104
13.98	-0.001228251
14	-0.001238385
14.02	-0.001248502
14.04	-0.001258603
14.06	-0.001268683
14.08	-0.001278742
14.1	-0.001288778
14.12	-0.001298788
14.14	-0.001308771
14.16	-0.001318723
14.18	-0.001328644
14.2	-0.001338531
14.22	-0.001348382
14.24	-0.001358195
14.26	-0.001367966
14.28	-0.001377695
14.3	-0.001387379
14.32	-0.001397015
14.34	-0.001406602
14.36	-0.001416136
14.38	-0.001425615
14.4	-0.001435037
14.42	-0.0014444
14.44	-0.0014537
14.46	-0.001462935
14.48	-0.001472102
14.5	-0.0014812
14.52	-0.001490224
14.54	-0.001499173
14.56	-0.001508044
14.58	-0.001516833
14.6	-0.001525538
14.62	-0.001534156
14.64	-0.001542685
14.66	-0.00155112
14.68	-0.00155946
14.7	-0.001567701
14.72	-0.001575841
14.74	-0.001583875
14.76	-0.001591801
14.78	-0.001599616
14.8	-0.001607316
14.82	-0.001614899
14.84	-0.00162236
14.86	-0.001629697
14.88	-0.001636905
14.9	-0.001643983
14.92	-0.001650925
14.94	-0.001657729
14.96	-0.001664391
14.98	-0.001670907
15	-0.001677917
15.02	-0.001684239
15.04	-0.001692105
15.06	-0.001694362
15.08	-0.001708096
15.1	-0.001702538
15.12	-0.001709632
15.14	-0.001716077
15.16	-0.001717708
15.18	-0.001724028
15.2	-0.001705102
15.22	-0.001678093
15.24	-0.001631841
15.26	-0.001629131
15.28	-0.001854286
15.3	-0.002086212
15.32	-0.001231797
15.34	-0.002284078
15.36	-0.000913931
15.38	-0.002722903
15.4	-0.000374141
15.42	-0.002362235
15.44	0.000905692
15.46	-0.000716709
15.48	0.007063418
15.5	0.010988386
15.52	0.015105973
15.54	0.018991574
15.56	0.016190848
15.58	-0.029628348
15.6	-0.026672722
15.62	-0.029651608
15.64	-0.028298539
15.66	-0.007508821
15.68	0.007542837
15.7	-0.010054857
15.72	-0.015192956
15.74	-0.013306741
15.76	-0.015617596
15.78	-0.01296232
15.8	0.018491368
15.82	0.040096884
15.84	0.052326857
15.86	0.050333401
15.88	0.039771916
15.9	0.039156022
15.92	0.036661632
15.94	0.031762693
15.96	0.005550267
15.98	-0.005177709
16	-0.017754092
16.02	-0.031874316
16.04	-0.019038127
16.06	-0.03639143
16.08	-0.050207839
16.1	-0.059214308
16.12	-0.068447233
16.14	-0.07055191
16.16	-0.076093217
16.18	-0.061500611
16.2	-0.048852771
16.22	-0.050047233
16.24	-0.044574544
16.26	-0.038883674
16.28	-0.04069768
16.3	-0.035510835
16.32	0.029055205
16.34	0.011010551
16.36	0.037177302
16.38	0.041693677
16.4	0.047371252
16.42	0.050635575
16.44	0.067270008
16.46	0.082624067
16.48	0.073977971
16.5	0.062328366
16.52	0.073774009
16.54	0.102911564
16.56	0.10119977
16.58	0.092590197
16.6	0.085865119
16.62	0.05903926
16.64	0.065256531
16.66	0.065194557
16.68	0.06425598
16.7	0.06543319
16.72	0.070987553
16.74	0.07541591
16.76	0.078060461
16.78	0.087478017
16.8	0.092702577
16.82	0.0966772
16.84	0.078026057
16.86	0.026192597
16.88	0.006386408
16.9	-0.015244647
16.92	0.003182008
16.94	-0.014649622
16.96	-0.004868927
16.98	0.027584102
17	0.048763846
17.02	0.102849103
17.04	0.088678178
17.06	0.077917159
17.08	0.072426807
17.1	0.074891017
17.12	0.079145754
17.14	0.07083101
17.16	0.062422522
17.18	0.034640355
17.2	0.017426579
17.22	0.016983378
17.24	-0.00428343
17.26	-0.049084047
17.28	-0.044885515
17.3	-0.043183749
17.32	-0.065397846
17.34	-0.074551127
17.36	-0.084760888
17.38	-0.113130325
17.4	-0.135595557
17.42	-0.141085527
17.44	-0.150935615
17.46	-0.159483233
17.48	-0.170223481
17.5	-0.167639732
17.52	-0.17524442
17.54	-0.151768126
17.56	-0.166779726
17.58	-0.173640944
17.6	-0.171668361
17.62	-0.171694374
17.64	-0.170306481
17.66	0.031092844
17.68	0.087582064
17.7	0.04448752
17.72	0.069950984
17.74	0.107489574
17.76	0.20827352
17.78	0.115233456
17.8	0.198303327
17.82	0.188267781
17.84	0.175197625
17.86	0.180599234
17.88	0.180821486
17.9	0.190353379
17.92	0.173478624
17.94	0.146219462
17.96	0.078864025
17.98	0.088017259
18	0.119916228
18.02	0.116366338
18.04	0.107274209
18.06	0.103764185
18.08	0.024572772
18.1	-0.044496331
18.12	-0.085989578
18.14	-0.091483246
18.16	-0.116032757
18.18	-0.123457545
18.2	-0.098789431
18.22	-0.139624885
18.24	-0.143327882
18.26	-0.151193571
18.28	-0.190954055
18.3	-0.220328791
18.32	-0.262992065
18.34	-0.304355361
18.36	-0.315338976
18.38	-0.351366669
18.4	-0.361752797
18.42	-0.375218181
18.44	-0.319664454
18.46	-0.236071308
18.48	-0.215100031
18.5	-0.220257332
18.52	-0.191402765
18.54	-0.18528456
18.56	-0.170644223
18.58	-0.181998596
18.6	-0.214627234
18.62	-0.212395749
18.64	-0.188927052
18.66	0.045205464
18.68	0.020563558
18.7	0.010811883
18.72	0.050476104
18.74	-0.032986421
18.76	0.067412919
18.78	0.03235672
18.8	0.040439847
18.82	0.084780694
18.84	0.062504799
18.86	0.046242622
18.88	0.075263098
18.9	0.057093793
18.92	0.089814755
18.94	0.122946607
18.96	0.155908324
18.98	0.182703104
19	0.184274969
19.02	0.218300047
19.04	0.222949459
19.06	0.236804173
19.08	0.235096681
19.1	0.243158077
19.12	0.243784553
19.14	0.257707522
19.16	0.244922939
19.18	0.10971037
19.2	0.031365893
19.22	0.03491666
19.24	-0.009557214
19.26	-0.091845821
19.28	-0.0779876
19.3	-0.031024924
19.32	-0.048674204
19.34	-0.062268613
19.36	-0.049162212
19.38	-0.057928227
19.4	-0.072955397
19.42	-0.041541546
19.44	-0.057614161
19.46	-0.002842365
19.48	0.031388289
19.5	0.034953689
19.52	0.035600262
19.54	0.028940584
19.56	0.053257346
19.58	0.053476107
19.6	0.045290534
19.62	0.06951668
19.64	0.076027667
19.66	0.093410666
19.68	0.115298606
19.7	0.144606731
19.72	0.123534926
19.74	0.113336939
19.76	0.122286741
19.78	0.167998509
19.8	0.157034536
19.82	0.145564548
19.84	0.121291994
19.86	0.123044976
19.88	0.144273863
19.9	0.140678174
19.92	0.140120739
19.94	0.128991183
19.96	0.14209704
19.98	0.166255161
20	0.197102437
20.02	0.231821131
20.04	0.244542952
20.06	0.239386632
20.08	0.204727318
20.1	0.188476959
20.12	0.100156298
20.14	0.046799715
20.16	-0.00693547
20.18	0.003806509
20.2	-0.111175726
20.22	-0.062846576
20.24	-0.070096766
20.26	-0.127558607
20.28	-0.097935639
20.3	-0.104034923
20.32	-0.123030787
20.34	-0.05308242
20.36	-0.052793621
20.38	0.004283631
20.4	-0.089439818
20.42	0.013161758
20.44	-0.063959464
20.46	-0.070314487
20.48	-0.049673782
20.5	-0.029716152
20.52	-0.022100027
20.54	-0.059570374
20.56	-0.112988053
20.58	-0.111804999
20.6	-0.093771099
20.62	-0.044909815
20.64	-0.076473098
20.66	-0.054116192
20.68	-0.054490766
20.7	-0.036410269
20.72	-0.035730538
20.74	-0.031595323
20.76	-0.047822997
20.78	-0.09756917
20.8	-0.083626919
20.82	-0.094422038
20.84	-0.119846498
20.86	-0.181132139
20.88	-0.201920105
20.9	-0.199290675
20.92	-0.20275719
20.94	-0.205679302
20.96	-0.221548298
20.98	-0.243063729
21	-0.243254438
21.02	-0.221473693
21.04	-0.21694538
21.06	-0.207229722
21.08	-0.205543392
21.1	-0.200973687
21.12	-0.1885136
21.14	-0.103823029
21.16	-0.038044791
21.18	-0.0330437
21.2	-0.093153588
21.22	0.114948899
21.24	0.069874818
21.26	0.088023768
21.28	0.043876358
21.3	0.109048297
21.32	0.076598451
21.34	0.080046806
21.36	0.117466536
21.38	0.067492439
21.4	0.124532074
21.42	0.107359917
21.44	0.157527975
21.46	0.178020887
21.48	0.191552757
21.5	0.201916539
21.52	0.202811793
21.54	0.214095622
21.56	0.219192132
21.58	0.218170943
21.6	0.225565666
21.62	0.219708182
21.64	0.119177806
21.66	0.033801672
21.68	-0.013945292
21.7	-0.020050152
21.72	-0.054785379
21.74	-0.000462747
21.76	-0.047005005
21.78	-0.045537232
21.8	-0.022016884
21.82	-0.058586989
21.84	-0.053912751
21.86	-0.063297927
21.88	-0.069382356
21.9	-0.032668617
21.92	0.036291376
21.94	0.014577721
21.96	0.017055551
21.98	0.005823975
22	-0.012629337
22.02	-0.08190284
22.04	-0.047922922
22.06	-0.070371253
22.08	-0.116958495
22.1	-0.120909458
22.12	-0.106633881
22.14	-0.118304988
22.16	-0.087802398
22.18	-0.060246216
22.2	-0.058986911
22.22	-0.069509877
22.24	-0.071702552
22.26	-0.081996885
22.28	-0.087131726
22.3	-0.072669776
22.32	-0.087998321
22.34	-0.099780168
22.36	-0.093107028
22.38	-0.028501934
22.4	-0.000502194
22.42	0.014323927
22.44	0.013027352
22.46	0.038665186
22.48	0.022768137
22.5	0.080759413
22.52	0.041225093
22.54	0.069847521
22.56	0.027209328
22.58	-0.030996952
22.6	-0.00236496
22.62	-0.003284866
22.64	-0.008877616
22.66	0.004261063
22.68	0.026545606
22.7	0.038268874
22.72	0.065365525
22.74	0.059731358
22.76	0.045077773
22.78	0.038689183
22.8	0.028251828
22.82	0.054844034
22.84	0.04805585
22.86	0.07096248
22.88	0.058863292
22.9	0.053051405
22.92	0.076343898
22.94	0.134123838
22.96	0.088603095
22.98	0.099144377
23	0.106273926
23.02	0.098455616
23.04	0.159952595
23.06	0.130790282
23.08	0.173785551
23.1	0.13470278
23.12	0.140059079
23.14	0.106557405
23.16	0.087822945
23.18	0.104290431
23.2	0.077819311
23.22	0.062498617
23.24	0.060082985
23.26	0.073009482
23.28	0.09810638
23.3	0.103939414
23.32	0.08787043
23.34	0.103050333
23.36	0.122760134
23.38	0.123743492
23.4	0.091765562
23.42	0.08902917
23.44	0.109303638
23.46	0.095299221
23.48	0.097364597
23.5	0.095940118
23.52	0.099778466
23.54	0.098207587
23.56	0.104250216
23.58	0.054080149
23.6	0.032227567
23.62	-0.022175325
23.64	-0.027351352
23.66	-3.32812E-05
23.68	-0.051197971
23.7	-0.064026808
23.72	-0.044440929
23.74	-0.084455341
23.76	-0.08605416
23.78	-0.107389087
23.8	-0.110564381
23.82	-0.149428381
23.84	-0.143450558
23.86	-0.152999553
23.88	-0.158733707
23.9	-0.165816421
23.92	-0.175713307
23.94	-0.189713357
23.96	-0.187933703
23.98	-0.208466861
24	-0.214201501
24.02	-0.224621945
24.04	-0.230256888
24.06	-0.229849163
24.08	-0.243993356
24.1	-0.248549386
24.12	-0.22601119
24.14	-0.12514518
24.16	-0.116265294
24.18	-0.075607479
24.2	0.031591027
24.22	-0.019676352
24.24	-0.064719987
24.26	-0.023415954
24.28	-0.032785117
24.3	-0.064130614
24.32	-0.0751242
24.34	-0.048232102
24.36	-0.047365069
24.38	-0.048635769
24.4	-0.01099188
24.42	0.021001074
24.44	0.039611306
24.46	0.039951973
24.48	0.042059818
24.5	0.057906556
24.52	0.071108009
24.54	0.074101736
24.56	0.072706863
24.58	0.079126035
24.6	0.04987758
24.62	0.024489992
24.64	-0.033310877
24.66	-0.065856822
24.68	-0.05283671
24.7	-0.079024664
24.72	-0.056895809
24.74	-0.054386383
24.76	-0.056665102
24.78	-0.048555735
24.8	0.034465362
24.82	0.022275065
24.84	0.019072013
24.86	0.013119861
24.88	0.020236954
24.9	0.017420467
24.92	0.003688646
24.94	-0.039614335
24.96	-0.11906816
24.98	-0.091614163
25	-0.11233648
25.02	-0.070185363
25.04	-0.049326957
25.06	0.022862085
25.08	0.019352953
25.1	0.077027513
25.12	0.051723032
25.14	0.059641358
25.16	0.07767589
25.18	0.053329428
25.2	0.036934422
25.22	0.033947805
25.24	0.015457845
25.26	0.02304196
25.28	0.049279495
25.3	0.012948427
25.32	0.01062434
25.34	0.000773817
25.36	-0.00344291
25.38	0.004403471
25.4	0.006413874
25.42	0.02257713
25.44	0.048854756
25.46	0.028218322
25.48	0.040093151
25.5	0.039816477
25.52	0.039004604
25.54	0.066417162
25.56	0.064281305
25.58	0.056677898
25.6	0.082346084
25.62	0.08813406
25.64	0.123500078
25.66	0.147235568
25.68	0.176585046
25.7	0.19378228
25.72	0.183564736
25.74	0.152788365
25.76	0.122962921
25.78	0.086576741
25.8	0.064817367
25.82	0.062547435
25.84	0.063618268
25.86	0.056048537
25.88	0.052275212
25.9	0.043527584
25.92	0.045231809
25.94	0.062803837
25.96	0.064660356
25.98	0.07728169
26	0.110367193
26.02	0.116363653
26.04	0.13131937
26.06	0.11188463
26.08	0.024632325
26.1	0.022021606
26.12	0.011004101
26.14	0.003145503
26.16	-0.027168535
26.18	-0.016116544
26.2	-0.025191559
26.22	-0.04163033
26.24	-0.047223691
26.26	-0.055464812
26.28	-0.080232593
26.3	-0.088346227
26.32	-0.120268542
26.34	-0.127175828
26.36	-0.141948545
26.38	-0.157975986
26.4	-0.15889821
26.42	-0.173821407
26.44	-0.176180718
26.46	-0.182532912
26.48	-0.192968003
26.5	-0.196587985
26.52	-0.189400854
26.54	-0.190554564
26.56	-0.197017759
26.58	-0.205736858
26.6	-0.19998213
26.62	-0.194572579
26.64	-0.029891893
26.66	-0.04637685
26.68	-0.035269997
26.7	0.041376124
26.72	0.010157966
26.74	-0.070568637
26.76	0.009816305
26.78	0.021203712
26.8	-0.012136508
26.82	0.010902916
26.84	0.040478064
26.86	0.026836233
26.88	0.070954837
26.9	0.093794647
26.92	0.142528929
26.94	0.158917515
26.96	0.159967098
26.98	0.167439797
27	0.109297571
27.02	0.036997108
27.04	0.017861988
27.06	-0.043140518
27.08	-0.030106453
27.1	-0.061230529
27.12	-0.033858465
27.14	-0.046815867
27.16	-0.050648937
27.18	-0.033143089
27.2	-0.051123085
27.22	-0.037866995
27.24	-0.038493233
27.26	0.004597537
27.28	0.015344261
27.3	0.031988277
27.32	0.052499643
27.34	0.06082469
27.36	0.102694476
27.38	0.061141467
27.4	0.029585028
27.42	0.042070077
27.44	0.034466609
27.46	0.055623821
27.48	0.079721575
27.5	0.073644928
27.52	0.119631457
27.54	0.14722343
27.56	0.149841936
27.58	0.136739656
27.6	0.148543337
27.62	0.190052295
27.64	0.250922256
27.66	0.195866697
27.68	0.155948618
27.7	-0.051502517
27.72	-0.005464832
27.74	-0.046808907
27.76	-0.144338857
27.78	-0.026453778
27.8	-0.063639865
27.82	-0.12174654
27.84	-0.078712713
27.86	-0.080137693
27.88	-0.137633521
27.9	-0.099448521
27.92	-0.151159592
27.94	-0.139968648
27.96	-0.156262703
27.98	-0.194706529
28	-0.227705839
28.02	-0.246266357
28.04	-0.25293797
28.06	-0.264993859
28.08	-0.282653292
28.1	-0.282000092
28.12	-0.282781647
28.14	-0.004825296
28.16	-0.030984534
28.18	-0.070530299
28.2	0.004509951
28.22	-0.029057964
28.24	-0.00961299
28.26	0.041057813
28.28	-0.043154225
28.3	0.028402344
28.32	-0.00613461
28.34	0.006668955
28.36	0.016318643
28.38	0.014308832
28.4	0.042895563
28.42	0.07647397
28.44	0.08513418
28.46	0.06872601
28.48	0.033894336
28.5	0.088779043
28.52	0.108678607
28.54	0.113493431
28.56	0.114871353
28.58	0.106204294
28.6	0.107963871
28.62	0.125610527
28.64	0.128032575
28.66	0.125696138
28.68	0.116060583
28.7	0.081235689
28.72	0.078006865
28.74	0.075558468
28.76	0.072797403
28.78	0.088811565
28.8	0.100038628
28.82	0.079897625
28.84	0.074803449
28.86	0.081766825
28.88	0.105789457
28.9	0.115737191
28.92	0.085704594
28.94	0.123728769
28.96	0.104365211
28.98	0.073997049
29	0.0624401
29.02	0.043942146
29.04	-0.005945856
29.06	-0.00391145
29.08	0.018116024
29.1	-0.015177106
29.12	-0.026552717
29.14	-0.025303755
29.16	-0.040671598
29.18	-0.036104124
29.2	-0.029146368
29.22	-0.055822039
29.24	-0.073340091
29.26	-0.075298281
29.28	-0.086803327
29.3	-0.078859739
29.32	-0.085327277
29.34	-0.095100926
29.36	-0.101623004
29.38	-0.11524777
29.4	-0.116617435
29.42	-0.114717985
29.44	-0.09831153
29.46	-0.046629504
29.48	-0.036394002
29.5	-0.021051412
29.52	-0.035747622
29.54	-0.039606702
29.56	0.006073308
29.58	0.020127939
29.6	0.024596088
29.62	0.037840768
29.64	0.027667956
29.66	0.057112216
29.68	0.078572015
29.7	0.074107014
29.72	0.065972247
29.74	0.061012959
29.76	0.071127724
29.78	0.053033255
29.8	0.083108769
29.82	0.080341647
29.84	0.117152493
29.86	0.131500609
29.88	0.155463875
29.9	0.179831554
29.92	0.174847876
29.94	0.146075398
29.96	0.145452151
29.98	0.153991725
30	0.180889072
30.02	0.148138834
30.04	0.148180082
30.06	0.136250757
30.08	0.052324367
30.1	0.00650518
30.12	-0.054264823
30.14	-0.014841548
30.16	-0.007100557
30.18	-0.058243668
30.2	-0.068054623
30.22	-0.023018168
30.24	-0.072138154
30.26	-0.077980249
30.28	-0.057512141
30.3	-0.063691669
30.32	-0.081316065
30.34	-0.064356558
30.36	-0.137371946
30.38	-0.137098526
30.4	-0.157613873
30.42	-0.170135995
30.44	-0.178609812
30.46	-0.18362622
30.48	0.043537473
30.5	0.010028651
30.52	-0.006639531
30.54	0.032636486
30.56	0.032552575
30.58	-0.014815175
30.6	0.007119867
30.62	0.012305412
30.64	-0.029762385
30.66	-0.00842964
30.68	-0.009564579
30.7	-0.00218912
30.72	-0.038300738
30.74	-0.024167761
30.76	-0.017033126
30.78	-0.019791828
30.8	0.014595601
30.82	-0.025206231
30.84	-0.029212108
30.86	-0.021686515
30.88	-0.027152551
30.9	-0.039236118
30.92	-0.058669266
30.94	-0.064387927
30.96	-0.075778801
30.98	-0.121222002
31	-0.112634369
31.02	0.046834964
31.04	0.048556367
31.06	0.043318427
31.08	0.048722903
31.1	0.070625299
31.12	0.052376181
31.14	0.096690353
31.16	0.092867864
31.18	0.078010668
31.2	0.116388499
31.22	0.111295531
31.24	0.129690368
31.26	0.149369477
31.28	0.183323105
31.3	0.198047933
31.32	0.203568947
31.34	0.176968469
31.36	0.192410349
31.38	0.208425397
31.4	0.19901959
31.42	0.19427811
31.44	0.054998797
31.46	-0.012345059
31.48	0.001217126
31.5	0.021483919
31.52	-0.075018692
31.54	-0.104516987
31.56	-0.025555399
31.58	-0.074753632
31.6	-0.098898295
31.62	-0.054465045
31.64	-0.125932497
31.66	-0.10450855
31.68	-0.133662964
31.7	-0.145450304
31.72	-0.177712475
31.74	-0.217702846
31.76	-0.222776532
31.78	-0.239631544
31.8	-0.262634212
31.82	-0.264920779
31.84	-0.282327612
31.86	-0.283810764
31.88	-0.283141909
31.9	-0.24619018
31.92	-0.146995567
31.94	-0.080210285
31.96	-0.00453622
31.98	0.033869014
32	0.04233503
32.02	-0.003633731
32.04	0.055204828
32.06	0.041816489
32.08	0.028322604
32.1	0.054919042
32.12	0.048110245
32.14	0.051572533
32.16	0.072271948
32.18	0.083346342
32.2	0.145021321
32.22	0.148841908
32.24	0.168659515
32.26	0.167913853
32.28	0.155467501
32.3	0.077219218
32.32	0.038171812
32.34	-0.010548119
32.36	-0.002700101
32.38	-0.007469602
32.4	0.008039598
32.42	-0.011661426
32.44	0.063325701
32.46	0.091395139
32.48	0.071087479
32.5	0.064274008
32.52	0.061793737
32.54	0.046339519
32.56	0.05816221
32.58	0.057933919
32.6	0.060072097
32.62	0.065179673
32.64	0.05012066
32.66	0.059941455
32.68	0.073406838
32.7	0.08044898
32.72	0.09838728
32.74	0.067972441
32.76	0.070714297
32.78	0.075548901
32.8	0.019462475
32.82	-0.031796507
32.84	-0.035609131
32.86	-0.020513327
32.88	-0.03992104
32.9	-0.032910699
32.92	-0.017965676
32.94	-0.052288418
32.96	-0.04446132
32.98	-0.051407949
33	-0.056821035
33.02	-0.071957703
33.04	-0.118191815
33.06	-0.123819987
33.08	-0.143945367
33.1	-0.157050044
33.12	-0.174687255
33.14	-0.187822358
33.16	-0.195696522
33.18	-0.203991356
33.2	-0.202900965
33.22	-0.197289322
33.24	-0.095383441
33.26	-0.054875786
33.28	-0.043552823
33.3	0.03342597
33.32	0.026726552
33.34	0.055871325
33.36	0.096094929
33.38	0.020370878
33.4	0.07222657
33.42	0.058333955
33.44	0.04211511
33.46	0.044574476
33.48	0.051148686
33.5	0.046019503
33.52	0.106243196
33.54	0.10656327
33.56	0.125767741
33.58	0.13755194
33.6	0.145123119
33.62	0.168314618
33.64	0.166379186
33.66	0.162032392
33.68	0.166314486
33.7	0.185003679
33.72	0.168815229
33.74	0.158466611
33.76	0.002011435
33.78	0.03567972
33.8	0.013226596
33.82	-0.043682585
33.84	-0.008821222
33.86	-0.007105551
33.88	-0.0434336
33.9	-0.042479213
33.92	-0.030625271
33.94	-0.028026302
33.96	-0.062615834
33.98	-0.045945054
34	-0.071733936
34.02	-0.10503499
34.04	-0.095866423
34.06	-0.083442471
34.08	-0.030901429
34.1	-0.012479305
34.12	0.005559134
34.14	-0.020932247
34.16	-0.059307434
34.18	-0.026458172
34.2	-0.035410733
34.22	-0.032326082
34.24	-0.053886859
34.26	-0.071419171
34.28	-0.041194668
34.3	-0.048268644
34.32	-0.040788307
34.34	-0.05160119
34.36	-0.055172988
34.38	-0.071608145
34.4	-0.073545767
34.42	-0.056101607
34.44	-0.051831937
34.46	-0.06370139
34.48	-0.068701634
34.5	-0.111837516
34.52	-0.091701418
34.54	-0.087406554
34.56	-0.081971492
34.58	-0.068541443
34.6	-0.081682759
34.62	-0.02995204
34.64	-0.020497529
34.66	-0.010560163
34.68	0.009987026
34.7	0.022661118
34.72	0.042488612
34.74	0.037677894
34.76	0.049213868
34.78	0.043255444
34.8	0.031436527
34.82	0.045056351
34.84	0.056364371
34.86	0.067222164
34.88	0.06224093
34.9	0.074605868
34.92	0.069223498
34.94	0.049075294
34.96	0.059373054
34.98	0.067549803
35	0.07010738
35.02	0.090463912
35.04	0.100974088
35.06	0.092095901
35.08	0.071575621
35.1	0.116790052
35.12	0.090082088
35.14	0.132185853
35.16	0.11324501
35.18	0.117668216
35.2	0.00311227
35.22	0.059988088
35.24	-0.015959478
35.26	-0.050347727
35.28	-0.064633124
35.3	-0.056179856
35.32	-0.060998187
35.34	-0.076266847
35.36	-0.080964253
35.38	-0.062831128
35.4	-0.047366972
35.42	-0.063233229
35.44	-0.067716467
35.46	-0.093669357
35.48	-0.136706136
35.5	-0.124013228
35.52	-0.152874607
35.54	-0.167981851
35.56	-0.149725319
35.58	-0.165535002
35.6	-0.167244562
35.62	-0.158277123
35.64	-0.110254829
35.66	-0.040589355
35.68	0.024134002
35.7	0.02140142
35.72	0.050263481
35.74	0.064861018
35.76	0.014351846
35.78	-0.01948527
35.8	-0.0350577
35.82	-0.038554629
35.84	-0.030906638
35.86	-0.001018186
35.88	0.026984222
35.9	0.03055832
35.92	0.05430953
35.94	0.077532311
35.96	0.081640332
35.98	0.083841639
36	0.052035535
36.02	0.060204572
36.04	0.060119194
36.06	0.03812608
36.08	0.015667165
36.1	0.015742093
36.12	0.007632797
36.14	0.049298284
36.16	0.037547001
36.18	0.053288289
36.2	0.049429785
36.22	0.049405516
36.24	0.050805842
36.26	0.042073665
36.28	0.033257554
36.3	0.054413026
36.32	0.058750863
36.34	0.061253566
36.36	0.098842563
36.38	0.112682883
36.4	0.100546232
36.42	0.11087166
36.44	0.103945987
36.46	0.105001569
36.48	0.0800154
36.5	0.07298508
36.52	0.062460162
36.54	0.06621341
36.56	0.061689004
36.58	0.072348057
36.6	0.07898043
36.62	0.089798658
36.64	0.104119504
36.66	0.136892918
36.68	-0.025301182
36.7	0.003157846
36.72	0.001663964
36.74	-0.029760905
36.76	-8.85044E-05
36.78	0.014276508
36.8	-0.042298068
36.82	-0.040364127
36.84	-0.004291239
36.86	-0.034421601
36.88	-0.03924593
36.9	-0.055621202
36.92	-0.09957743
36.94	-0.107815322
36.96	-0.128599795
36.98	-0.136378669
37	-0.157313901
37.02	-0.158142389
37.04	-0.172185879
37.06	-0.181917618
37.08	-0.180410774
37.1	-0.179699785
37.12	-0.181995045
37.14	-0.095037391
37.16	-0.006407092
37.18	-0.005466468
37.2	-0.027034604
37.22	-0.009425864
37.24	0.061739716
37.26	0.037993845
37.28	0.007058205
37.3	0.00930466
37.32	0.03519238
37.34	0.006230868
37.36	-0.055380145
37.38	-0.054702066
37.4	-0.021901628
37.42	-0.019577994
37.44	0.038087034
37.46	0.075016247
37.48	0.081286993
37.5	0.079489961
37.52	0.011727938
37.54	0.034915059
37.56	0.042153016
37.58	0.010722402
37.6	0.001750235
37.62	0.015672834
37.64	0.03951667
37.66	0.05710667
37.68	0.065567479
37.7	0.062336944
37.72	0.059024109
37.74	0.049182123
37.76	0.040160933
37.78	0.03826944
37.8	0.035621179
37.82	0.029860996
37.84	0.043673787
37.86	0.034269063
37.88	0.051927284
37.9	0.058512255
37.92	0.084168786
37.94	0.035360524
37.96	0.016262118
37.98	-0.009493638
38	-0.027208057
38.02	-0.052727164
38.04	-0.073604987
38.06	-0.065616207
38.08	-0.058735968
38.1	-0.061858906
38.12	-0.073954972
38.14	-0.072079455
38.16	-0.063037374
38.18	-0.085741125
38.2	-0.105223127
38.22	-0.112588049
38.24	-0.127708392
38.26	-0.150593565
38.28	-0.16451895
38.3	-0.173981902
38.32	-0.193395134
38.34	-0.176877043
38.36	-0.148196174
38.38	-0.151505016
38.4	-0.12044271
38.42	-0.101823383
38.44	-0.1079352
38.46	-0.126046584
38.48	-0.113148134
38.5	-0.052156216
38.52	-0.061800866
38.54	-0.050098028
38.56	-0.020318148
38.58	-0.002639159
38.6	-0.00017537
38.62	-0.015161098
38.64	0.011781854
38.66	0.034044835
38.68	0.019146385
38.7	0.046909669
38.72	0.081983729
38.74	0.09401709
38.76	0.109385247
38.78	0.120793708
38.8	0.129412877
38.82	0.141597841
38.84	0.138960739
38.86	0.147179439
38.88	0.07509691
38.9	0.015391452
38.92	0.018893145
38.94	-0.013803145
38.96	-0.012671208
38.98	-0.019060318
39	-0.02260055
39.02	0.041359187
39.04	0.063985061
39.06	0.061316722
39.08	0.065069662
39.1	0.059329318
39.12	-0.028588876
39.14	-0.031595719
39.16	-0.021939158
39.18	-0.012684721
39.2	0.002425773
39.22	0.015998321
39.24	0.026145062
39.26	0.032097235
39.28	-0.005783357
39.3	-0.021435895
39.32	-0.022400055
39.34	-0.044306193
39.36	-0.037570826
39.38	-0.035989997
39.4	-0.003188538
39.42	-0.014362679
39.44	-0.015553728
39.46	-0.001347959
39.48	-0.021753964
39.5	-0.046359635
39.52	-0.093692065
39.54	-0.09341399
39.56	-0.105333862
39.58	-0.11520161
39.6	-0.091852607
39.62	-0.087076514
39.64	-0.077976968
39.66	-0.061807995
39.68	-0.000174263
39.7	0.01927166
39.72	0.030324251
39.74	0.030553349
39.76	0.041769452
39.78	0.053254146
39.8	0.062890716
39.82	0.063173326
39.84	0.06346158
39.86	0.086184702
39.88	0.103615678
39.9	0.126802608
39.92	0.139028569
39.94	0.11248373
39.96	0.093137799
39.98	0.100686448
40	0.12855203
40.02	0.125014517
40.04	0.132587472
40.06	0.123368044
40.08	0.150168178
40.1	0.049875615
40.12	0.093830356
40.14	0.134499859
40.16	0.096664422
40.18	0.115489362
40.2	0.098836532
40.22	0.102015347
40.24	0.109500752
40.26	0.143433785
40.28	0.168836811
40.3	0.139041261
40.32	0.112802474
40.34	0.145128585
40.36	0.121926715
40.38	0.14760141
40.4	0.07152423
40.42	0.034863649
40.44	0.015531251
40.46	-0.052889332
40.48	0.005186202
40.5	-0.026631312
40.52	-0.026558948
40.54	-0.045213665
40.56	-0.032711126
40.58	-0.006010778
40.6	-0.026937109
40.62	-0.015892022
40.64	-0.022771884
40.66	-0.053774001
40.68	-0.077301532
40.7	-0.050124908
40.72	-0.074614319
40.74	-0.050674637
40.76	-0.043485411
40.78	-0.052541058
40.8	-0.049864394
40.82	-0.05021862
40.84	-0.04127418
40.86	-0.052650719
40.88	-0.056282368
40.9	-0.05536709
40.92	-0.055719624
40.94	-0.055542907
40.96	-0.063916473
40.98	-0.100906699
41	-0.067686375
41.02	-0.004749432
41.04	0.013621435
41.06	0.067593886
41.08	0.080064674
41.1	0.074848338
41.12	0.054957918
41.14	0.077978634
41.16	0.101422781
41.18	0.117228455
41.2	0.086654816
41.22	0.110327652
41.24	0.117807246
41.26	0.123183747
41.28	0.144551645
41.3	0.184213931
41.32	0.170686363
41.34	0.183231986
41.36	0.012948209
41.38	0.023663447
41.4	0.055614175
41.42	0.046488203
41.44	0.039615157
41.46	0.049607388
41.48	0.054464909
41.5	0.027540915
41.52	0.026780532
41.54	0.029856453
41.56	0.017497669
41.58	-0.020161424
41.6	-0.081551685
41.62	-0.059116477
41.64	-0.003030066
41.66	0.032909096
41.68	0.047139639
41.7	0.050703547
41.72	0.066807679
41.74	0.061241547
41.76	-0.088908821
41.78	-0.051102036
41.8	-0.004798844
41.82	-0.043391896
41.84	-0.03549524
41.86	-0.040318984
41.88	-0.047523337
41.9	-0.049363195
41.92	-0.061772134
41.94	-0.05719553
41.96	-0.052869542
41.98	-0.124957144
42	-0.122279
42.02	-0.139072729
42.04	-0.124472475
42.06	-0.144086353
42.08	-0.140611759
42.1	-0.147067241
42.12	-0.165482589
42.14	-0.173751033
42.16	-0.165773863
42.18	-0.196969178
42.2	-0.199464971
42.22	-0.194677852
42.24	-0.163125265
42.26	-0.156051542
42.28	-0.151534258
42.3	-0.160087816
42.32	-0.041128616
42.34	-0.004460463
42.36	-0.044652545
42.38	-0.011875243
42.4	0.024505596
42.42	-0.011634491
42.44	0.047012696
42.46	-0.022706393
42.48	-0.009761377
42.5	-0.045616322
42.52	-0.065811281
42.54	-0.064208065
42.56	-0.02514759
42.58	-0.01810639
42.6	0.026301321
42.62	0.035442374
42.64	0.082787061
42.66	0.10456434
42.68	0.110346297
42.7	0.135466652
42.72	0.119380554
42.74	0.108816205
42.76	0.109867623
42.78	0.011460978
42.8	-0.047860204
42.82	-0.047599365
42.84	-0.03425756
42.86	-0.080184446
42.88	-0.04774239
42.9	-0.059482034
42.92	-0.109394349
42.94	-0.073671437
42.96	-0.0707159
42.98	-0.062170023
43	-0.059897645
43.02	-0.094049165
43.04	-0.12143855
43.06	-0.1237346
43.08	-0.14146423
43.1	-0.153919927
43.12	-0.094519104
43.14	-0.071380436
43.16	-0.040306617
43.18	-0.04028859
43.2	-0.034945933
43.22	-0.066097737
43.24	-0.09640592
43.26	-0.068138661
43.28	-0.072541492
43.3	-0.083328503
43.32	-0.084186067
43.34	-0.099976938
43.36	-0.09165567
43.38	-0.100599293
43.4	-0.109704739
43.42	-0.098816989
43.44	-0.020966951
43.46	-0.009013505
43.48	-0.012239038
43.5	-0.021111756
43.52	-0.017625449
43.54	-0.033254064
43.56	-0.028908212
43.58	-0.03283731
43.6	-0.030472117
43.62	-0.005543214
43.64	-0.017193011
43.66	0.023041872
43.68	0.039822459
43.7	0.058454317
43.72	0.06409462
43.74	0.075435631
43.76	0.095570219
43.78	0.095651477
43.8	0.10089751
43.82	0.107294594
43.84	0.105888366
43.86	0.107198285
43.88	0.080311213
43.9	0.100250222
43.92	0.150012949
43.94	0.152501379
43.96	0.130822567
43.98	0.155653207
44	0.14762891
44.02	0.16577631
44.04	0.133897401
44.06	0.102845024
44.08	0.086851454
44.1	0.057947499
44.12	0.053230322
44.14	0.074510825
44.16	0.095139789
44.18	0.056516471
44.2	0.082131287
44.22	0.106549723
44.24	0.117233719
44.26	0.12734553
44.28	0.10983897
44.3	0.014793323
44.32	0.011091719
44.34	-0.005390838
44.36	-0.022104585
44.38	-0.001846174
44.4	-0.014335303
44.42	-0.028382455
44.44	-0.00442334
44.46	-0.050243749
44.48	-0.019659739
44.5	-0.043365093
44.52	-0.064287491
44.54	-0.07058681
44.56	-0.071100607
44.58	-0.097383426
44.6	-0.082034339
44.62	-0.083945899
44.64	-0.053331959
44.66	-0.049696107
44.68	-0.043251857
44.7	-0.057545056
44.72	-0.070527744
44.74	-0.084155561
44.76	-0.083041799
44.78	-0.066429206
44.8	-0.056378317
44.82	-0.055558327
44.84	-0.078734978
44.86	-0.060002689
44.88	-0.067807767
44.9	-0.056442814
44.92	-0.064805255
44.94	-0.047876424
44.96	0.026503326
44.98	0.01795113
45	0.012101647
45.02	0.025434521
45.04	0.049161892
45.06	0.063965188
45.08	0.04389688
45.1	0.036163923
45.12	0.043001763
45.14	0.052411085
45.16	0.050055312
45.18	0.046382255
45.2	0.077596991
45.22	0.110104658
45.24	0.104725425
45.26	0.114860659
45.28	0.1233577
45.3	0.116659253
45.32	0.075662155
45.34	0.060597332
45.36	0.043098703
45.38	0.064183534
45.4	0.060448332
45.42	0.046618976
45.44	0.059640537
45.46	0.074660026
45.48	0.060911984
45.5	0.037874629
45.52	0.014513211
45.54	0.008113751
45.56	0.040534645
45.58	0.046802609
45.6	0.041519358
45.62	0.041549448
45.64	0.012310318
45.66	-0.001116439
45.68	-0.006110775
45.7	-0.025045764
45.72	-0.034734235
45.74	-0.036470821
45.76	-0.035323027
45.78	-0.040234491
45.8	-0.038597283
45.82	-0.062365472
45.84	-0.063007874
45.86	-0.07960663
45.88	-0.105835333
45.9	-0.099451783
45.92	-0.114671054
45.94	-0.119453894
45.96	-0.110773798
45.98	-0.113696644
46	-0.121184459
46.02	-0.119176458
46.04	-0.114524471
46.06	-0.102823276
46.08	-0.104629869
46.1	-0.104863319
46.12	-0.10372419
46.14	-0.066041287
46.16	-0.049903856
46.18	-0.048155056
46.2	-0.056448032
46.22	-0.072441194
46.24	-0.087053691
46.26	-0.082341112
46.28	-0.054122587
46.3	-0.032898692
46.32	-0.033489401
46.34	-0.011351837
46.36	0.002953651
46.38	0.021863289
46.4	0.027305363
46.42	0.032340785
46.44	0.030969919
46.46	0.02780535
46.48	0.041185826
46.5	0.037456835
46.52	0.066661241
46.54	0.068895065
46.56	0.082777593
46.58	0.086151183
46.6	0.108032771
46.62	0.109104911
46.64	0.121491637
46.66	0.1208745
46.68	0.124945973
46.7	0.128877942
46.72	0.123844183
46.74	0.116134011
46.76	0.11738214
46.78	0.087255533
46.8	0.051019119
46.82	0.026092407
46.84	0.004703805
46.86	-0.010973006
46.88	-0.015864938
46.9	-0.010202417
46.92	-0.010861092
46.94	-0.002838673
46.96	0.008552416
46.98	-0.001376257
47	0.005605072
47.02	0.005156692
47.04	0.003571583
47.06	0.009713588
47.08	0.000981337
47.1	-0.003361765
47.12	0.003832576
47.14	0.004738222
47.16	-0.018877955
47.18	-0.025842399
47.2	-0.01076244
47.22	-0.032988104
47.24	-0.050346056
47.26	-0.041617021
47.28	-0.04196159
47.3	-0.054218664
47.32	-0.050673311
47.34	-0.036874975
47.36	-0.043784083
47.38	-0.0724662
47.4	-0.082225751
47.42	-0.07017282
47.44	-0.071994599
47.46	-0.028976744
47.48	0.01228724
47.5	0.03451111
47.52	0.0223281
47.54	0.016157722
47.56	0.0534681
47.58	0.063237215
47.6	0.053845976
47.62	0.03714614
47.64	0.048904498
47.66	0.064805822
47.68	0.090562628
47.7	0.1112458
47.72	0.109786117
47.74	0.112428379
47.76	0.126290706
47.78	0.125970934
47.8	0.119145644
47.82	0.110838734
47.84	0.10385919
47.86	0.107753016
47.88	0.096904827
47.9	0.100300847
47.92	0.087436813
47.94	0.119117892
47.96	0.112560804
47.98	0.083319096
48	0.07954231
48.02	0.084721855
48.04	0.074687601
48.06	0.049169613
48.08	0.041794629
48.1	0.012605294
48.12	-0.006235232
48.14	-0.0053208
48.16	0.011440103
48.18	0.001926859
48.2	0.00572541
48.22	-0.000941586
48.24	-0.005817094
48.26	-0.02330061
48.28	-0.045118073
48.3	-0.041968629
48.32	-0.059117413
48.34	-0.055162023
48.36	-0.062641255
48.38	-0.062767687
48.4	-0.069370142
48.42	-0.063038062
48.44	-0.063863782
48.46	-0.06981655
48.48	-0.073905962
48.5	-0.081305313
48.52	-0.080201232
48.54	-0.078261586
48.56	-0.068799464
48.58	-0.058634872
48.6	-0.051243099
48.62	-0.053069437
48.64	-0.062031843
48.66	-0.06431289
48.68	-0.066378956
48.7	-0.068104109
48.72	-0.072275998
48.74	-0.07499011
48.76	-0.075920323
48.78	-0.077219646
48.8	-0.076077876
48.82	-0.073910571
48.84	-0.07779539
48.86	-0.081429486
48.88	0.02859069
48.9	0.020241433
48.92	0.006791352
48.94	0.020104717
48.96	0.028951284
48.98	0.03874548
49	0.01167456
49.02	0.030142265
49.04	0.055866135
49.06	0.049711602
49.08	0.051382523
49.1	0.055795451
49.12	0.087491033
49.14	0.075501814
49.16	0.076142709
49.18	0.079938051
49.2	0.053577266
49.22	0.047341149
49.24	0.05019511
49.26	0.050305053
49.28	0.04136606
49.3	0.031186863
49.32	0.029070165
49.34	0.001646499
49.36	-0.006789245
49.38	-0.02117401
49.4	-0.043013403
49.42	-0.046863266
49.44	-0.046633147
49.46	-0.050806721
49.48	-0.055173028
49.5	-0.03731736
49.52	-0.053359419
49.54	-0.015866668
49.56	-0.021015973
49.58	-0.018240509
49.6	-0.030546279
49.62	-0.040968825
49.64	-0.049825085
49.66	-0.059474846
49.68	-0.070611692
49.7	-0.068470362
49.72	-0.060626512
49.74	-0.061585224
49.76	-0.052464129
49.78	-0.055769975
49.8	-0.051214412
49.82	-0.052691265
49.84	-0.041915848
49.86	-0.058208885
49.88	-0.058742864
49.9	-0.023048895
49.92	-0.050306863
49.94	-0.043413483
49.96	-0.041996003
49.98	-0.045004024
50	-0.046571967
50.02	-0.037711029
50.04	-0.014850161
50.06	0.003021658
50.08	-0.010316515
50.1	-0.015061417
50.12	-0.016296781
50.14	-0.005649029
50.16	-0.000226535
50.18	0.007462201
50.2	0.01004778
50.22	0.018054349
50.24	0.034475178
50.26	0.029329784
50.28	0.029570018
50.3	0.034380184
50.32	0.037569288
50.34	0.047976887
50.36	0.052070719
50.38	0.059206767
50.4	0.064716211
50.42	0.073827709
50.44	0.072582784
50.46	0.060989509
50.48	0.058380104
50.5	0.077158449
50.52	0.098380922
50.54	0.091798963
50.56	0.027293086
50.58	-0.020562691
50.6	-0.018352348
50.62	-0.032502865
50.64	-0.009204085
50.66	0.04280958
50.68	0.035132015
50.7	0.030771866
50.72	0.025438372
50.74	0.015871682
50.76	0.022974426
50.78	0.013153901
50.8	-0.041108966
50.82	-0.033868609
50.84	-0.048637415
50.86	-0.048211143
50.88	-0.040389488
50.9	-0.047917206
50.92	-0.050498098
50.94	-0.051342847
50.96	-0.048897349
50.98	-0.048096449
51	-0.023541993
51.02	-0.022406478
51.04	-0.024511613
51.06	-0.020075933
51.08	-0.037375893
51.1	-0.037075599
51.12	-0.036425974
51.14	-0.030406667
51.16	-0.029884733
51.18	-0.017551594
51.2	-0.02673667
51.22	-0.038840493
51.24	-0.039073637
51.26	-0.02748362
51.28	-0.010123176
51.3	-0.023480535
51.32	-0.024130726
51.34	-0.007363568
51.36	0.006785053
51.38	-0.003460542
51.4	-0.02213532
51.42	-0.015213398
51.44	-0.012070123
51.46	0.003034854
51.48	0.014807495
51.5	0.015287682
51.52	0.012473384
51.54	0.015455251
51.56	0.030099531
51.58	0.038931876
51.6	0.049094847
51.62	0.050887083
51.64	0.060652901
51.66	0.066651742
51.68	0.07227059
51.7	0.078353055
51.72	0.074716778
51.74	0.07561874
51.76	0.071973748
51.78	0.067434489
51.8	0.059148538
51.82	0.058830022
51.84	0.056717258
51.86	0.057622785
51.88	0.002407404
51.9	0.013318608
51.92	0.000601955
51.94	-0.019928802
51.96	-0.015574148
51.98	-0.022044838
52	-0.01902699
52.02	-0.02753379
52.04	-0.042647491
52.06	-0.030597152
52.08	-0.051846446
52.1	-0.060357453
52.12	-0.074187027
52.14	-0.068633103
52.16	-0.069389562
52.18	-0.036708828
52.2	-0.037300571
52.22	-0.047028638
52.24	-0.048198665
52.26	-0.033550778
52.28	-0.048097311
52.3	-0.053441298
52.32	-0.059668998
52.34	-0.050627739
52.36	-0.043011478
52.38	-0.053450541
52.4	-0.049159257
52.42	-0.035943556
52.44	-0.033262021
52.46	-0.033202311
52.48	-0.041720898
52.5	-0.047745978
52.52	-0.053685676
52.54	-0.062514588
52.56	-0.063703881
52.58	-0.061752242
52.6	-0.058889471
52.62	-0.057809907
52.64	-0.06046003
52.66	-0.070627373
52.68	-0.08098649
52.7	-0.082637118
52.72	-0.048939078
52.74	0.00249934
52.76	0.027918542
52.78	0.033565406
52.8	-0.000970296
52.82	-0.006147207
52.84	0.00977716
52.86	0.026623861
52.88	0.028407264
52.9	0.005918806
52.92	0.009960337
52.94	0.02448019
52.96	0.039812506
52.98	0.05197714
53	0.066028277
53.02	0.082204669
53.04	0.084055197
53.06	0.093126487
53.08	0.109280185
53.1	0.101819575
53.12	0.114450466
53.14	0.122842894
53.16	0.11781201
53.18	0.124026341
53.2	0.113190041
53.22	0.113219913
53.24	0.104030741
53.26	0.099201551
53.28	0.094738243
53.3	0.085703823
53.32	0.043902907
53.34	0.006079188
53.36	0.014364393
53.38	0.00065965
53.4	0.012231994
53.42	0.03457228
53.44	0.035456054
53.46	0.028947015
53.48	0.027952604
53.5	0.027310512
53.52	0.034326272
53.54	0.007048821
53.56	-0.012203635
53.58	-0.002254475
53.6	-0.02084312
53.62	-0.030549139
53.64	-0.021044736
53.66	-0.000759889
53.68	0.003346587
53.7	0.001210468
53.72	0.006238101
53.74	0.000376233
53.76	-0.000230207
53.78	-0.007088227
53.8	-0.029382726
53.82	-0.025808276
53.84	-0.022934951
53.86	-0.019320115
53.88	-0.013549107
53.9	-0.023809402
53.92	-0.024471184
53.94	-0.016598527
53.96	-0.008298384
53.98	-0.027253231
54	-0.035230297
54.02	-0.031285219
54.04	-0.031218251
54.06	0.060370459
54.08	0.043048285
54.1	0.045245092
54.12	0.07944146
54.14	0.078194698
54.16	0.058339461
54.18	0.049838543
54.2	0.034871632
54.22	0.048744399
54.24	0.061933516
54.26	0.048005044
54.28	0.05800672
54.3	0.082753776
54.32	0.073403614
54.34	0.05061545
54.36	0.036697797
54.38	0.019735656
54.4	0.030434517
54.42	0.043536739
54.44	0.032715644
54.46	0.028434652
54.48	0.011745202
54.5	-0.007243402
54.52	-0.018678102
54.54	-0.029534121
54.56	-0.036867305
54.58	-0.038559718
54.6	-0.040314055
54.62	-0.046962716
54.64	-0.041969113
54.66	-0.046389745
54.68	-0.045221198
54.7	-0.036442715
54.72	-0.027919758
54.74	-0.03054277
54.76	-0.023596431
54.78	-0.024297624
54.8	-0.029723527
54.82	-0.022452831
54.84	-0.022371508
54.86	-0.021346485
54.88	-0.034696298
54.9	-0.049502302
54.92	-0.041298055
54.94	-0.030870645
54.96	-0.023815406
54.98	-0.037985534
55	-0.03336438
55.02	-0.036671879
55.04	-0.03430289
55.06	-0.034975558
55.08	-0.0404721
55.1	-0.042789987
55.12	-0.050342399
55.14	-0.054064764
55.16	-0.062888255
55.18	-0.060103868
55.2	-0.049354033
55.22	-0.039887466
55.24	-0.000610962
55.26	-0.014488537
55.28	-0.031326085
55.3	-0.03470717
55.32	-0.035457732
55.34	-0.030927336
55.36	-0.013756482
55.38	-0.026257359
55.4	-0.009924068
55.42	-0.009905777
55.44	0.012187623
55.46	0.014011693
55.48	0.021134756
55.5	0.021787586
55.52	0.025833905
55.54	0.031367223
55.56	0.048931736
55.58	0.050879101
55.6	0.054674356
55.62	0.054559153
55.64	0.053886865
55.66	0.048807662
55.68	0.052956704
55.7	0.03811656
55.72	0.013007124
55.74	-0.017604006
55.76	-0.029832075
55.78	-0.021891758
55.8	-0.018687673
55.82	-0.017356811
55.84	-0.022797773
55.86	-0.024705125
55.88	-0.02468518
55.9	-0.022367298
55.92	-0.038574946
55.94	-0.063945602
55.96	-0.068912526
55.98	-0.077066192
56	-0.076557736
56.02	-0.078847091
56.04	-0.079816861
56.06	-0.077698795
56.08	-0.01602908
56.1	-0.021323285
56.12	-0.000581705
56.14	-0.010472601
56.16	0.007181354
56.18	0.005967307
56.2	-0.048945853
56.22	-0.047385214
56.24	-0.038637312
56.26	-0.024910512
56.28	-0.025812678
56.3	-0.033901372
56.32	-0.02808671
56.34	-0.046291707
56.36	-0.04084951
56.38	-0.037169675
56.4	-0.041690947
56.42	-0.025745743
56.44	-0.046464319
56.46	-0.053032482
56.48	-0.044540081
56.5	-0.045862197
56.52	-0.048827336
56.54	-0.050292367
56.56	-0.056393847
56.58	-0.070547453
56.6	-0.074980883
56.62	-0.032060871
56.64	-0.024983811
56.66	-0.006565347
56.68	0.005906422
56.7	0.018169249
56.72	0.027038334
56.74	0.023804436
56.76	0.013516021
56.78	0.030780258
56.8	0.038437225
56.82	0.042929998
56.84	0.069143602
56.86	0.0630872
56.88	0.075915386
56.9	0.072016782
56.92	0.073839555
56.94	0.076756026
56.96	0.075897018
56.98	0.071374942
57	0.073885424
57.02	0.060316487
57.04	0.055155201
57.06	0.048962223
57.08	0.048088528
57.1	0.052044748
57.12	0.054697358
57.14	0.064010662
57.16	0.065954786
57.18	0.022998329
57.2	0.013554878
57.22	0.021768029
57.24	0.036812437
57.26	0.032219022
57.28	0.024916456
57.3	0.033088357
57.32	0.014933805
57.34	0.017038631
57.36	0.020401845
57.38	0.005435594
57.4	0.002330254
57.42	0.005777543
57.44	0.009561868
57.46	0.014590884
57.48	0.002384593
57.5	0.004595985
57.52	0.016378889
57.54	0.024572672
57.56	0.031934675
57.58	0.038343878
57.6	0.040221392
57.62	0.050742164
57.64	0.050647483
57.66	0.050498079
57.68	0.063497812
57.7	-0.005321582
57.72	-0.020001447
57.74	0.003641041
57.76	-0.000224722
57.78	-1.2889E-05
57.8	-0.014204959
57.82	-0.006717918
57.84	0.007519664
57.86	-0.007820619
57.88	-0.018728816
57.9	-0.025436882
57.92	-0.035817516
57.94	-0.032878726
57.96	-0.033659874
57.98	-0.029839157
58	-0.024257404
58.02	-0.024687431
58.04	-0.018857793
58.06	-0.023930846
58.08	-0.017599069
58.1	-0.004044642
58.12	-0.013505242
58.14	-0.027391467
58.16	0.006283564
58.18	0.00504442
58.2	0.023934953
58.22	0.026943454
58.24	0.029490625
58.26	0.034752281
58.28	0.038545508
58.3	0.029219878
58.32	0.021840099
58.34	0.005563572
58.36	0.030176799
58.38	0.02009465
58.4	0.025141414
58.42	0.022377688
58.44	0.022002833
58.46	0.015944765
58.48	0.017088324
58.5	0.007168247
58.52	-0.005700923
58.54	-0.010687219
58.56	-0.017238936
58.58	-0.02386745
58.6	-0.031567997
58.62	-0.034740697
58.64	-0.03129046
58.66	-0.031184239
58.68	-0.033851978
58.7	-0.005477493
58.72	-0.027052053
58.74	-0.033329752
58.76	-0.037084591
58.78	-0.024722517
58.8	-0.004042465
58.82	0.011284005
58.84	0.011521901
58.86	0.000952362
58.88	-0.010958419
58.9	-0.00478889
58.92	-0.001113759
58.94	-0.013987586
58.96	0.005605227
58.98	-0.008245149
59	0.008745293
59.02	0.027233115
59.04	0.021559277
59.06	0.016647716
59.08	0.027110477
59.1	0.025339326
59.12	0.023089801
59.14	-0.046515668
59.16	-0.038425447
59.18	-0.029740546
59.2	-0.03242624
59.22	-0.035612075
59.24	-0.032477552
59.26	-0.022658843
59.28	-0.01961488
59.3	-0.013753958
59.32	-0.016010333
59.34	-0.035036444
59.36	-0.045444766
59.38	0.01639649
59.4	0.001697008
59.42	-0.006060432
59.44	-0.006998067
59.46	0.009844462
59.48	-0.006017783
59.5	-0.020303305
59.52	-0.01221689
59.54	-0.015638084
59.56	0.018149624
59.58	0.014701044
59.6	0.022607253
59.62	0.030889639
59.64	0.028712293
59.66	0.033094477
59.68	0.016267327
59.7	0.014080873
59.72	-0.012252422
59.74	-0.01815906
59.76	-0.003377527
59.78	-0.018766332
59.8	-0.012603883
59.82	-0.018300708
59.84	-0.019771429
59.86	-0.022273947
59.88	-0.01923315
59.9	-0.016654071
59.92	-0.004631094
59.94	0.001296291
59.96	-0.002397867
59.98	-0.013258792
60	-0.019267559
60.02	-0.010814531
60.04	0.000810411
60.06	0.004688965
60.08	0.010504514
60.1	0.011345984
60.12	0.006935738
60.14	0.001664397
60.16	-0.008379564
60.18	-0.015538054
60.2	-0.014962212
60.22	-0.011421798
60.24	-0.015476833
60.26	-0.014956318
60.28	-0.019428978
60.3	-0.025765147
60.32	-0.023617571
60.34	-0.026966016
60.36	-0.025903944
60.38	-0.021810092
60.4	-0.02668097
60.42	-0.022512403
60.44	-0.024242527
60.46	-0.019472755
60.48	-0.010034495
60.5	-0.00440151
60.52	-0.001082381
60.54	0.002089783
60.56	-0.001290949
60.58	0.003552258
60.6	0.011569065
60.62	0.011974563
60.64	0.021409701
60.66	0.031933525
60.68	0.030062484
60.7	0.034918094
60.72	0.035663976
60.74	0.02682821
60.76	0.024430785
60.78	0.022643266
60.8	-0.016722526
60.82	-0.008639581
60.84	-0.004269462
60.86	0.003347869
60.88	0.00833954
60.9	0.013504459
60.92	0.01806163
60.94	0.023557313
60.96	0.022961338
60.98	0.009344447
61	0.016518097
61.02	0.010125824
61.04	0.012955435
61.06	0.011845043
61.08	0.011949672
61.1	0.021358727
61.12	0.031521235
61.14	0.017597246
61.16	0.018326653
61.18	0.019493823
61.2	0.019917035
61.22	0.02546775
61.24	0.030494955
61.26	0.030577214
61.28	0.025206735
61.3	0.026089108
61.32	0.027564367
61.34	0.021268226
61.36	0.030522451
61.38	0.029209489
61.4	0.031330629
61.42	0.031657706
61.44	0.042353362
61.46	0.04561392
61.48	0.012018348
61.5	0.022908208
61.52	0.045895406
61.54	0.031948877
61.56	0.008881684
61.58	0.002092443
61.6	-0.003510564
61.62	-0.011803878
61.64	-0.008297936
61.66	-0.001248568
61.68	-0.010982332
61.7	-0.02403357
61.72	-0.030360002
61.74	-0.023585151
61.76	-0.017269424
61.78	-0.022981458
61.8	-0.025852992
61.82	-0.02329809
61.84	-0.023885555
61.86	-0.024233844
61.88	-0.02521275
61.9	0.036351264
61.92	0.043144129
61.94	0.028384225
61.96	0.014628223
61.98	0.02347909
62	0.037941248
62.02	0.029523624
62.04	0.02308207
62.06	0.021575573
62.08	0.022957816
62.1	0.038072294
62.12	0.051561033
62.14	0.049172222
62.16	0.052594077
62.18	0.047448274
62.2	0.02877704
62.22	0.002946474
62.24	0.004896224
62.26	-0.01652913
62.28	-0.020537112
62.3	-0.020381785
62.32	-0.023133608
62.34	-0.027178938
62.36	-0.029487791
62.38	-0.031384799
62.4	-0.03927154
62.42	-0.054208329
62.44	-0.043829378
62.46	-0.051565503
62.48	-0.046779916
62.5	-0.047284026
62.52	-0.053563624
62.54	-0.012168724
62.56	0.01278696
62.58	0.004332907
62.6	0.000409882
62.62	0.008247223
62.64	0.006018809
62.66	0.003940224
62.68	0.008789039
62.7	0.001792679
62.72	0.021275132
62.74	0.039092911
62.76	0.033731275
62.78	0.051447882
62.8	0.049398613
62.82	0.057088647
62.84	0.060362157
62.86	0.056752549
62.88	-0.029901042
62.9	-0.023764776
62.92	-0.007194739
62.94	0.01087987
62.96	0.018640967
62.98	0.022412323
63	0.028303495
63.02	0.017641609
63.04	0.006039176
63.06	-0.001457189
63.08	-0.011025568
63.1	-0.014766461
63.12	0.000592663
63.14	0.017436896
63.16	0.010958494
63.18	-0.002941503
63.2	-0.009825281
63.22	-0.021871932
63.24	-0.025079365
63.26	-0.031200952
63.28	-0.034493134
63.3	-0.020746471
63.32	0.063978176
63.34	0.029100386
63.36	0.033917238
63.38	0.024065531
63.4	0.032880268
63.42	0.034708578
63.44	0.02782404
63.46	0.00176746
63.48	-0.005234705
63.5	-0.009201252
63.52	-0.002096452
63.54	0.000915156
63.56	0.000138008
63.58	0.002274073
63.6	-0.005491631
63.62	-0.015295033
63.64	-0.018894598
63.66	-0.031305108
63.68	-0.031080139
63.7	-0.035151696
63.72	-0.045142366
63.74	-0.049137763
63.76	-0.052901683
63.78	-0.04901301
63.8	-0.047946671
63.82	-0.037284351
63.84	-0.039523379
63.86	-0.051315893
63.88	-0.053641748
63.9	-0.061270569
63.92	-0.076888188
63.94	-0.08495055
63.96	-0.092819942
63.98	-0.091196397
64	-0.088084118
64.02	-0.080120314
64.04	-0.006884019
64.06	-0.011548116
64.08	-0.018013408
64.1	-0.01233617
64.12	-0.005891548
64.14	0.005822859
64.16	0.005638682
64.18	-0.010574508
64.2	-0.032763664
64.22	-0.034687462
64.24	-0.027538599
64.26	-0.000721732
64.28	0.025587076
64.3	0.017970061
64.32	0.025249666
64.34	0.0058721
64.36	-0.01912975
64.38	-0.025231174
64.4	-0.035106265
64.42	-0.034243148
64.44	-0.02778391
64.46	-0.01724902
64.48	-0.007116055
64.5	0.00480985
64.52	0.003487262
64.54	-0.015852036
64.56	-0.015629735
64.58	-0.009347221
64.6	-0.015879963
64.62	-0.012226358
64.64	-0.007693699
64.66	0.011113367
64.68	-0.000488871
64.7	-0.058560328
64.72	-0.043250076
64.74	-0.029631698
64.76	0.003874756
64.78	0.020155581
64.8	0.010462641
64.82	0.008849118
64.84	0.003329172
64.86	0.006657453
64.88	-0.017043583
64.9	-0.010888621
64.92	0.002501126
64.94	0.004652254
64.96	0.017013197
64.98	0.01163083
65	0.015853447
65.02	0.009756468
65.04	-0.037926482
65.06	-0.026561104
65.08	-0.050933505
65.1	-0.040054278
65.12	-0.036512894
65.14	-0.04481854
65.16	-0.041771372
65.18	-0.026618228
65.2	-0.021217366
65.22	-0.024145866
65.24	-0.036129645
65.26	-0.032375116
65.28	-0.013307178
65.3	0.006961776
65.32	0.007794237
65.34	0.004393061
65.36	0.000509274
65.38	0.015013643
65.4	0.015835766
65.42	0.016317404
65.44	0.017275329
65.46	0.030201543
65.48	0.040082192
65.5	0.027445765
65.52	0.02418367
65.54	0.026984943
65.56	0.021340102
65.58	0.028313847
65.6	0.024957546
65.62	0.040088929
65.64	0.051458734
65.66	0.040819245
65.68	-0.0112083
65.7	0.011436444
65.72	0.012197523
65.74	-0.017075954
65.76	-0.029757788
65.78	-0.028795474
65.8	-0.02918131
65.82	-0.029590966
65.84	-0.024368391
65.86	-0.031772318
65.88	-0.030343046
65.9	-0.019910417
65.92	-0.02770034
65.94	0.006117089
65.96	-0.005607156
65.98	0.007392674
66	0.009953865
66.02	0.014185064
66.04	0.019110565
66.06	0.015834469
66.08	0.018668997
66.1	0.028167736
66.12	0.034295468
66.14	0.038294383
66.16	0.029804842
66.18	0.003805676
66.2	0.019902904
66.22	0.01946399
66.24	0.013039804
66.26	0.00322618
66.28	-0.005770087
66.3	-0.005799802
66.32	-0.001335942
66.34	0.007142876
66.36	-0.012385977
66.38	-0.003766807
66.4	0.009511707
66.42	0.013492462
66.44	0.016529849
66.46	0.015010652
66.48	0.019081896
66.5	0.023061203
66.52	0.02731989
66.54	0.031374692
66.56	0.030470997
66.58	0.028436969
66.6	0.040178163
66.62	0.040876065
66.64	0.039701164
66.66	0.036085331
66.68	0.042453745
66.7	0.060162151
66.72	0.046980811
66.74	0.044978211
66.76	0.039952708
66.78	0.030587186
66.8	0.035289471
66.82	0.042431926
66.84	0.038848308
66.86	0.045655696
66.88	0.034798385
66.9	0.03383241
66.92	0.040535233
66.94	0.039746278
66.96	0.027882557
66.98	0.033101368
67	0.027922438
67.02	0.02913712
67.04	0.010620862
67.06	0.020905636
67.08	0.004035458
67.1	0.006066725
67.12	0.001814143
67.14	0.009547526
67.16	0.017429073
67.18	0.012317327
67.2	0.005732148
67.22	-0.00261747
67.24	-0.010496378
67.26	-0.014750132
67.28	-0.008934037
67.3	0.039637922
67.32	0.025668966
67.34	0.025202108
67.36	0.027378995
67.38	0.020852307
67.4	0.013423893
67.42	0.006047649
67.44	0.004820622
67.46	0.002204921
67.48	0.007709831
67.5	0.008630948
67.52	0.004506403
67.54	0.008943629
67.56	0.00246842
67.58	-0.003538448
67.6	-0.006773689
67.62	-0.018477666
67.64	-0.023247793
67.66	-0.021556886
67.68	-0.026861655
67.7	-0.022777351
67.72	-0.02078503
67.74	-0.016379862
67.76	-0.016055157
67.78	-0.015933989
67.8	-0.01831152
67.82	-0.023824696
67.84	-0.027743596
67.86	-0.029705376
67.88	0.002200482
67.9	-0.013091657
67.92	0.022008211
67.94	0.023429993
67.96	0.035226512
67.98	0.038900163
68	0.043267409
68.02	0.044027604
68.04	0.043067738
68.06	0.045456475
68.08	0.05185076
68.1	0.000174636
68.12	0.01293368
68.14	-0.00397457
68.16	-0.004178772
68.18	-0.016563855
68.2	-0.024529687
68.22	-0.02209135
68.24	-0.015617427
68.26	-0.006544571
68.28	-0.018906961
68.3	-0.035114618
68.32	-0.035300952
68.34	-0.030189983
68.36	-0.030847561
68.38	-0.016171887
68.4	-0.005140486
68.42	0.011061626
68.44	0.01066049
68.46	0.003994063
68.48	0.014532215
68.5	0.011326805
68.52	0.019472167
68.54	0.027601684
68.56	0.027699617
68.58	0.042533521
68.6	0.040493363
68.62	0.046826488
68.64	0.039729159
68.66	-0.001352024
68.68	0.001350019
68.7	-0.005544651
68.72	-0.008963638
68.74	-0.010651827
68.76	-0.00662678
68.78	-0.005017442
68.8	-0.013370422
68.82	-0.02184401
68.84	-0.042064127
68.86	-0.037413249
68.88	-0.048145095
68.9	-0.04443958
68.92	-0.034345547
68.94	-0.029379482
68.96	-0.033358839
68.98	-0.029548887
69	-0.028345312
69.02	-0.023039122
69.04	-0.024768478
69.06	-0.030767218
69.08	-0.033296773
69.1	-0.03543265
69.12	0.003072517
69.14	-0.01475083
69.16	-0.009269281
69.18	0.000294397
69.2	-0.00406997
69.22	-0.004324367
69.24	-0.002081671
69.26	0.006704808
69.28	0.002673433
69.3	-0.007086099
69.32	-0.002205591
69.34	-0.002491049
69.36	0.007442602
69.38	0.016497782
69.4	0.023287528
69.42	0.026359836
69.44	0.027763236
69.46	0.028414655
69.48	0.018997175
69.5	0.010467408
69.52	-0.025984816
69.54	-0.015149138
69.56	-0.028965677
69.58	-0.021816192
69.6	-0.018125473
69.62	-0.014971232
69.64	-0.013991055
69.66	-0.015508211
69.68	-0.017709167
69.7	-0.026531708
69.72	-0.023633036
69.74	-0.028627643
69.76	-0.022044751
69.78	-0.01314894
69.8	0.001392576
69.82	0.000851482
69.84	0.006919465
69.86	0.003762547
69.88	0.008139919
69.9	0.01653425
69.92	0.018781698
69.94	0.022255673
69.96	0.026209115
69.98	0.035360755
70	0.025997475
70.02	0.025418186
70.04	0.027646287
70.06	0.03611316
70.08	0.032349588
70.1	0.023085841
70.12	-0.007182947
70.14	-0.003171066
70.16	-0.023009513
70.18	-0.015299082
70.2	-0.023679092
70.22	-0.025309123
70.24	-0.025595382
70.26	-0.025622313
70.28	-0.021518636
70.3	-0.022120925
70.32	-0.036268029
70.34	0.005648878
70.36	0.016908285
70.38	0.016055771
70.4	0.008622959
70.42	0.012290854
70.44	0.01887074
70.46	0.018511011
70.48	0.013049924
70.5	0.011636884
70.52	0.017337053
70.54	0.011207181
70.56	0.023876231
70.58	0.029498639
70.6	0.033109645
70.62	0.032194482
70.64	0.030636189
70.66	0.025431617
70.68	0.021801067
70.7	0.015025456
70.72	0.025210128
70.74	0.01107787
70.76	0.015997404
70.78	0.021638319
70.8	0.016686411
70.82	0.019077991
70.84	0.025846207
70.86	0.034095067
70.88	0.030446981
70.9	0.029185596
70.92	0.03149106
70.94	0.018225493
70.96	0.029653206
70.98	0.024709507
71	0.001761146
71.02	-0.003415555
71.04	-0.016171869
71.06	-0.015771712
71.08	-0.00844252
71.1	-0.007921048
71.12	-0.013757836
71.14	-0.011581729
71.16	-0.017989681
71.18	-0.035652385
71.2	-0.033011083
71.22	-0.026096884
71.24	-0.023669709
71.26	-0.024904338
71.28	-0.014647067
71.3	-0.011387538
71.32	-0.010816687
71.34	-0.00884924
71.36	-0.0143271
71.38	-0.013890615
71.4	-0.017891556
71.42	-0.014668789
71.44	-0.005137136
71.46	-0.009981117
71.48	-0.009483175
71.5	-0.012296618
71.52	0.004039442
71.54	-0.000608537
71.56	-0.003892673
71.58	-0.005381507
71.6	-0.017023563
71.62	-0.017648139
71.64	-0.015322488
71.66	-0.019615526
71.68	-0.022851072
71.7	-0.028204719
71.72	-0.038063811
71.74	-0.042610206
71.76	-0.0313818
71.78	-0.047981093
71.8	-0.043506477
71.82	-0.04236791
71.84	-0.044481149
71.86	-0.001879027
71.88	-0.014434571
71.9	0.009222029
71.92	0.004041205
71.94	-0.013537996
71.96	-0.009653827
71.98	-0.000131126
72	-0.008143109
72.02	-0.017502931
72.04	-0.011406403
72.06	0.014407362
72.08	0.011790581
72.1	0.011783556
72.12	0.007186811
72.14	0.008476698
72.16	0.002137249
72.18	-0.000949489
72.2	0.003028239
72.22	0.002605342
72.24	0.01091677
72.26	0.007270329
72.28	0.008976304
72.3	-0.004669918
72.32	0.001033005
72.34	-0.004090876
72.36	-0.013019283
72.38	-0.022483152
72.4	-0.025289301
72.42	-0.016966713
72.44	-0.02555482
72.46	-0.022846573
72.48	-0.036849649
72.5	-0.029962547
72.52	-0.032204066
72.54	-0.025396011
72.56	-0.028644178
72.58	-0.034300014
72.6	-0.018984929
72.62	-0.001977916
72.64	-0.000184149
72.66	0.004714207
72.68	0.001169633
72.7	-0.007421246
72.72	-0.006041395
72.74	-0.010668491
72.76	-0.029707731
72.78	-0.010046543
72.8	-0.0171724
72.82	-0.009461429
72.84	-0.014669222
72.86	-0.013794457
72.88	-0.012523932
72.9	-0.003055755
72.92	0.001968625
72.94	0.004552489
72.96	-0.007560942
72.98	-0.026194539
73	-0.024835912
73.02	-0.037847211
73.04	-0.032363454
73.06	-0.036231708
73.08	-0.021983374
73.1	-0.024931354
73.12	-0.021988122
73.14	-0.016466871
73.16	-0.016737902
73.18	-0.000647956
73.2	-0.009051439
73.22	-0.001173416
73.24	0.00123758
73.26	0.00798748
73.28	0.011247222
73.3	0.014470581
73.32	0.021253732
73.34	0.017209995
73.36	0.021871634
73.38	0.023060236
73.4	0.018848599
73.42	0.009140779
73.44	0.000547724
73.46	0.00623316
73.48	0.011394637
73.5	0.018691214
73.52	0.020506762
73.54	0.021073075
73.56	0.018004673
73.58	0.011753906
73.6	-0.008985402
73.62	-0.002670969
73.64	-0.004487976
73.66	-0.007759186
73.68	-0.009697502
73.7	-0.012598392
73.72	-0.012296764
73.74	0.021510005
73.76	0.005415774
73.78	0.00660765
73.8	0.009604022
73.82	0.008474905
73.84	0.005168105
73.86	0.006695238
73.88	0.005104895
73.9	0.006468661
73.92	0.015771082
73.94	0.013151527
73.96	0.006119328
73.98	-3.90055E-05
74	0.003180413
74.02	0.003643694
74.04	0.012490048
74.06	0.010858172
74.08	0.006746536
74.1	-0.001026132
74.12	-3.55197E-05
74.14	-0.006574712
74.16	-0.012525408
74.18	-0.012438015
74.2	-0.000904312
74.22	0.005888153
74.24	0.004471993
74.26	0.008994028
74.28	0.002852858
74.3	0.001138269
74.32	0.019245543
74.34	0.017666094
74.36	0.022197565
74.38	0.01962581
74.4	0.022068276
74.42	0.021591662
74.44	0.020896011
74.46	0.013170475
74.48	0.015849565
74.5	0.019248556
74.52	0.021320382
74.54	0.019513418
74.56	0.020546782
74.58	0.020153024
74.6	0.021994248
74.62	0.03015269
74.64	0.031892736
74.66	0.034358454
74.68	0.027782695
74.7	0.029411352
74.72	0.023830083
74.74	0.017397247
74.76	0.019384124
74.78	0.017811912
74.8	-0.023039303
74.82	0.001521614
74.84	-0.000354228
74.86	0.006380283
74.88	0.001496741
74.9	0.007313598
74.92	0.014557455
74.94	0.018349999
74.96	0.013034114
74.98	0.014804193
75	0.020342259
75.02	0.007806662
75.04	0.008108969
75.06	-0.00739474
75.08	-0.003625991
75.1	0.000696477
75.12	0.00799057
75.14	0.007321046
75.16	0.016735975
75.18	0.016060226
75.2	0.018314115
75.22	0.022316577
75.24	0.018121696
75.26	0.018750475
75.28	0.009067118
75.3	0.001681896
75.32	6.03164E-05
75.34	-0.000382624
75.36	0.004904452
75.38	-0.004024541
75.4	-0.006682783
75.42	-0.009870421
75.44	-0.010014424
75.46	-0.012855924
75.48	-0.018965472
75.5	-0.023761692
75.52	-0.019811766
75.54	-0.014174749
75.56	-0.011379781
75.58	-0.009365613
75.6	-0.012384821
75.62	-0.013513958
75.64	-0.014217525
75.66	-0.010210677
75.68	-0.000786648
75.7	0.008800421
75.72	0.001772134
75.74	0.014192522
75.76	0.015195901
75.78	0.014600122
75.8	0.01562309
75.82	0.016112044
75.84	0.018511282
75.86	0.027231908
75.88	0.028264547
75.9	0.02359159
75.92	0.019692194
75.94	0.021462493
75.96	0.02002771
75.98	0.018565135
76	0.017001167
76.02	0.018951202
76.04	0.021123705
76.06	0.026733175
76.08	0.027655879
76.1	0.021382271
76.12	0.018583871
76.14	0.002742853
76.16	-0.011033879
76.18	-0.014245665
76.2	-0.012719614
76.22	-0.005116664
76.24	0.00031634
76.26	0.004673845
76.28	0.003648541
76.3	-0.002105277
76.32	-0.015455057
76.34	-0.016964491
76.36	-0.01568712
76.38	0.019472632
76.4	0.016235634
76.42	0.015259234
76.44	0.007138743
76.46	-0.00578255
76.48	-0.002762999
76.5	-0.006608887
76.52	0.003538321
76.54	0.024483089
76.56	0.034365241
76.58	0.033698825
76.6	0.03671777
76.62	0.03278904
76.64	0.017904637
76.66	0.001049601
76.68	-0.009782889
76.7	-0.013632063
76.72	-0.000971016
76.74	-0.009553928
76.76	-0.006286192
76.78	-0.013257845
76.8	-0.016457267
76.82	-0.017008188
76.84	-0.032339047
76.86	-0.035732569
76.88	-0.038105005
76.9	-0.036415698
76.92	-0.037049571
76.94	-0.034524285
76.96	-0.039050847
76.98	-0.029662491
77	-0.026954781
77.02	-0.027296509
77.04	-0.025401453
77.06	-0.018236157
77.08	-0.014030912
77.1	-0.012817126
77.12	-0.003782043
77.14	-0.003152292
77.16	0.0054925
77.18	0.01110333
77.2	0.010460329
77.22	0.009372982
77.24	0.016293837
77.26	0.027910906
77.28	0.025636409
77.3	0.025944081
77.32	0.01704224
77.34	0.011223091
77.36	0.009230663
77.38	0.007105415
77.4	0.005243318
77.42	0.005863576
77.44	0.005054041
77.46	0.002478193
77.48	-0.00315363
77.5	-0.010036388
77.52	-0.026168092
77.54	-0.033683175
77.56	-0.031488864
77.58	-0.036939226
77.6	-0.034466555
77.62	-0.029869751
77.64	-0.025296367
77.66	-0.003125091
77.68	-0.011657131
77.7	-0.016009841
77.72	-0.019830919
77.74	-0.017542861
77.76	-0.013995848
77.78	-0.007240434
77.8	0.000188206
77.82	0.014695989
77.84	0.020285937
77.86	0.011297059
77.88	0.012415529
77.9	0.005203418
77.92	-0.000300199
77.94	0.007177431
77.96	0.015841093
77.98	0.024173112
78	0.02192673
78.02	0.012299809
78.04	0.006553884
78.06	0.007573162
78.08	-0.001346859
78.1	-0.008003504
78.12	-0.006311903
78.14	-0.016208812
78.16	-0.022363953
78.18	-0.026274793
78.2	-0.028440558
78.22	-0.031010206
78.24	-0.032995214
78.26	-0.034339861
78.28	-0.039600528
78.3	-0.04128885
78.32	-0.039478314
78.34	-0.035638252
78.36	-0.034069267
78.38	0.010775723
78.4	-0.005870359
78.42	0.007158667
78.44	0.011240632
78.46	0.013561516
78.48	0.016945892
78.5	0.018025768
78.52	0.020028113
78.54	0.020085104
78.56	0.026611653
78.58	0.04024588
78.6	0.020595393
78.62	0.025170315
78.64	0.021094536
78.66	0.01957334
78.68	0.02242044
78.7	0.017366838
78.72	0.007843814
78.74	0.006086397
78.76	0.00629099
78.78	0.002559317
78.8	-0.002642
78.82	-0.013886637
78.84	-0.020101189
78.86	-0.02239471
78.88	-0.021862196
78.9	-0.022590063
78.92	-0.025442126
78.94	-0.022033004
78.96	-0.01686271
78.98	-0.015338763
79	-0.017219627
79.02	-0.003489963
79.04	0.002164695
79.06	0.011391756
79.08	0.015335886
79.1	0.007685872
79.12	0.008015821
79.14	0.008850185
79.16	0.002501738
79.18	-0.00049536
79.2	0.007380187
79.22	0.006809575
79.24	0.008388811
79.26	0.006479705
79.28	-0.000156338
79.3	0.000567812
79.32	0.002997634
79.34	-0.003554829
79.36	-0.005906307
79.38	-0.012789766
79.4	-0.014376445
79.42	-0.018568681
79.44	-0.01905424
79.46	-0.019572505
79.48	-0.022267222
79.5	-0.01141911
79.52	0.001390284
79.54	0.006879812
79.56	0.017435833
79.58	0.013774363
79.6	0.011448704
79.62	0.008305648
79.64	0.005883548
79.66	0.002169046
79.68	0.001632959
79.7	0.012276909
79.72	0.009774143
79.74	0.012851535
79.76	-0.005494016
79.78	0.004351019
79.8	-0.00057949
79.82	0.001340275
79.84	0.002956804
79.86	0.012151374
79.88	0.011119441
79.9	0.019002093
79.92	0.012569206
79.94	0.008999463
79.96	0.019158919
79.98	0.013677375
80	0.015249896
80.02	0.026438183
80.04	0.027696983
80.06	0.027670857
80.08	-0.012484827
80.1	-0.006845044
80.12	-0.001052564
80.14	0.005323389
80.16	0.011576392
80.18	0.013421613
80.2	0.014940323
80.22	0.010409749
80.24	0.011385807
80.26	-0.000433073
80.28	0.003339985
80.3	-0.002189889
80.32	-0.003789081
80.34	-0.001377233
80.36	0.001939462
80.38	0.003254203
80.4	0.004394156
80.42	0.010033931
80.44	0.018933898
80.46	0.014447979
80.48	0.018194185
80.5	0.01853249
80.52	0.014569537
80.54	0.007709147
80.56	0.003829795
80.58	-0.002670228
80.6	0.010262175
80.62	-0.003659207
80.64	0.003867659
80.66	-0.003333057
80.68	-0.011152686
80.7	-0.017368145
80.72	-0.019217172
80.74	-0.02501969
80.76	-0.030176795
80.78	-0.031432324
80.8	-0.025268203
80.82	-0.019981597
80.84	0.001296817
80.86	0.001748692
80.88	-0.004777218
80.9	-0.00327699
80.92	-0.003794613
80.94	0.01020499
80.96	0.018228899
80.98	0.012654952
81	0.017108494
81.02	0.032949614
81.04	0.017661936
81.06	0.020187527
81.08	0.01081683
81.1	0.004927335
81.12	0.013720863
81.14	0.016152265
81.16	0.007556678
81.18	-0.005440541
81.2	-0.005630921
81.22	-0.013480465
81.24	-0.016673279
81.26	-0.016751416
81.28	-0.022630097
81.3	-0.027751978
81.32	-0.023902405
81.34	-0.029029068
81.36	-0.033285857
81.38	-0.025217057
81.4	-0.015329589
81.42	-0.010697641
81.44	-0.007228078
81.46	-0.004700114
81.48	-0.004669569
81.5	-0.002414349
81.52	-0.000354271
81.54	0.008213269
81.56	0.018883433
81.58	0.020752878
81.6	0.019589295
81.62	0.012840063
81.64	0.010563531
81.66	0.001933661
81.68	-0.001536811
81.7	-0.001177669
81.72	-0.007390523
81.74	-0.012379777
81.76	-0.01328182
81.78	-0.011686366
81.8	-0.018940824
81.82	-0.017144604
81.84	-0.027353557
81.86	-0.018989262
81.88	-0.011282756
81.9	-0.013230254
81.92	-0.011310317
81.94	-0.008186356
81.96	-0.006691421
81.98	-0.003715565
82	-0.000644138
82.02	-0.004121521
82.04	0.004314057
82.06	0.007627678
82.08	0.003385344
82.1	-0.005275084
82.12	-0.013157314
82.14	-0.013221167
82.16	-0.017655296
82.18	-0.017970732
82.2	-0.022028353
82.22	-0.013827309
82.24	-0.008074912
82.26	-0.008280139
82.28	-0.018078898
82.3	-0.010874138
82.32	0.004439395
82.34	0.000335519
82.36	0.008532557
82.38	0.005893339
82.4	0.013071057
82.42	0.021263376
82.44	0.016024175
82.46	0.015814534
82.48	0.016779212
82.5	0.021849171
82.52	0.017079058
82.54	0.012833585
82.56	0.011859423
82.58	0.013164572
82.6	0.009492128
82.62	-0.001609906
82.64	-0.000596208
82.66	-0.003354399
82.68	-0.010171102
82.7	-0.015657484
82.72	-0.021745231
82.74	-0.021843519
82.76	-0.021504763
82.78	-0.023767324
82.8	-0.027750446
82.82	-0.031762301
82.84	-0.029101547
82.86	-0.023269889
82.88	-0.012447222
82.9	-0.008215726
82.92	-0.003388508
82.94	-1.61652E-05
82.96	0.010295786
82.98	0.010708509
83	0.011014133
83.02	0.011287449
83.04	0.009919342
83.06	0.012656899
83.08	0.014219465
83.1	0.008450551
83.12	0.008023665
83.14	0.002585775
83.16	0.003960669
83.18	0.000716353
83.2	-0.004869162
83.22	-0.007600099
83.24	-0.004779749
83.26	0.004828921
83.28	0.005333363
83.3	0.001399917
83.32	0.002288407
83.34	0.000745662
83.36	-0.004042306
83.38	-0.01202501
83.4	-0.018193079
83.42	-0.018538583
83.44	-0.008976885
83.46	-0.005215456
83.48	0.001337157
83.5	0.011830323
83.52	0.013358129
83.54	0.012622563
83.56	-0.000591674
83.58	-0.000690841
83.6	-0.002965753
83.62	-0.00298868
83.64	0.000399086
83.66	0.001338595
83.68	0.006338657
83.7	0.003637096
83.72	0.000742459
83.74	0.003386748
83.76	-0.002240761
83.78	0.000552233
83.8	0.00858706
83.82	0.011976553
83.84	0.015337797
83.86	0.01386647
83.88	0.008945241
83.9	0.025929475
83.92	0.023412625
83.94	0.023974125
83.96	0.031698218
83.98	0.036607523
84	0.035945127
84.02	0.030330233
84.04	0.038928056
84.06	-0.020441621
84.08	-0.024213737
84.1	-0.016820003
84.12	-0.002019666
84.14	0.002633453
84.16	-0.00604152
84.18	-0.007148689
84.2	-0.006158465
84.22	-0.00070436
84.24	-0.00735331
84.26	-0.025012335
84.28	-0.013882778
84.3	-0.005121367
84.32	-0.002037938
84.34	-0.003273436
84.36	-0.002993086
84.38	0.003311749
84.4	0.010093671
84.42	0.023034738
84.44	0.023906209
84.46	0.029884632
84.48	0.034722845
84.5	0.028439615
84.52	0.030143761
84.54	0.028820765
84.56	0.025651674
84.58	0.023339131
84.6	0.013427911
84.62	0.000171059
84.64	-0.001602478
84.66	-0.003675446
84.68	-0.007964651
84.7	-0.008776524
84.72	-0.00942631
84.74	-0.006731008
84.76	-0.006588085
84.78	-0.01245034
84.8	-0.016396685
84.82	-0.013825017
84.84	-0.017622969
84.86	-0.017753343
84.88	-0.02149354
84.9	-0.01795275
84.92	-0.025838208
84.94	-0.027707542
84.96	-0.020679651
84.98	0.030476611
85	0.020909081
85.02	0.016209145
85.04	0.014418444
85.06	0.005067524
85.08	0.002101185
85.1	-1.39539E-05
85.12	0.000885613
85.14	-0.003254583
85.16	-0.001361175
85.18	-0.015978152
85.2	-0.004830718
85.22	-0.019012922
85.24	-0.014297839
85.26	-0.010743285
85.28	-0.011379506
85.3	-0.008967261
85.32	0.025383728
85.34	0.011499896
85.36	0.008103426
85.38	-0.000777858
85.4	-0.007783841
85.42	-0.007699508
85.44	-0.009745663
85.46	-0.017249427
85.48	-0.013034025
85.5	0.000870658
85.52	-0.013981947
85.54	-0.008380676
85.56	-0.014782464
85.58	-0.011164942
85.6	-0.017584682
85.62	-0.026044996
85.64	-0.019483011
85.66	-0.025761725
85.68	-0.022448409
85.7	-0.030685874
85.72	0.006550933
85.74	-0.001034389
85.76	0.006945387
85.78	0.000899454
85.8	-0.000235272
85.82	0.003025615
85.84	0.007509462
85.86	0.002028005
85.88	0.001393433
85.9	0.007417775
85.92	0.003990978
85.94	0.012602691
85.96	0.006013847
85.98	0.004868523
86	0.001295654
86.02	0.006958144
86.04	0.005418053
86.06	0.001113528
86.08	-0.024986078
86.1	-0.015367196
86.12	-0.022449716
86.14	-0.020025773
86.16	-0.021100686
86.18	-0.020371263
86.2	-0.02133941
86.22	-0.014751243
86.24	-0.016379123
86.26	-0.029586248
86.28	-0.019395409
86.3	-0.021369825
86.32	0.004180228
86.34	0.003338539
86.36	0.010853743
86.38	0.009220916
86.4	0.00929278
86.42	0.008027194
86.44	0.005578544
86.46	4.17724E-05
86.48	-0.007110062
86.5	-0.002320101
86.52	0.006316597
86.54	0.008204128
86.56	0.012184535
86.58	0.011318258
86.6	0.00629834
86.62	-0.01317614
86.64	-0.028566523
86.66	-0.029504672
86.68	-0.031942127
86.7	-0.028667582
86.72	-0.027337105
86.74	-0.018579209
86.76	-0.01305681
86.78	-0.012953858
86.8	-0.011710107
86.82	-0.008157894
86.84	-0.005803322
86.86	-0.000892668
86.88	0.003373695
86.9	0.00662347
86.92	0.009850019
86.94	0.015246906
86.96	0.022881352
86.98	0.019570334
87	0.015227407
87.02	0.001010919
87.04	0.002840898
87.06	-0.001277327
87.08	-0.004213655
87.1	-0.001736048
87.12	-0.001450343
87.14	-0.002334746
87.16	-0.006638731
87.18	-0.014419276
87.2	-0.026097424
87.22	-0.012393439
87.24	-0.001329108
87.26	0.002481969
87.28	0.006365006
87.3	0.001856367
87.32	-0.001248843
87.34	0.004615098
87.36	0.001949413
87.38	0.00133804
87.4	0.004430961
87.42	0.020809838
87.44	0.022501393
87.46	0.030768045
87.48	0.024825683
87.5	0.025927503
87.52	0.024715053
87.54	0.025846531
87.56	0.026061499
87.58	0.019981883
87.6	0.01962779
87.62	-0.002570902
87.64	-0.000330079
87.66	-0.004055816
87.68	-0.007582155
87.7	0.004319206
87.72	0.006121292
87.74	0.009617873
87.76	0.014385916
87.78	0.019547989
87.8	0.014127097
87.82	0.011992806
87.84	0.007702911
87.86	0.008570553
87.88	0.011375375
87.9	0.008338644
87.92	0.010191264
87.94	0.005813055
87.96	0.012421248
87.98	0.013510535
88	0.01781149
88.02	0.021651769
88.04	0.019531932
88.06	0.013039944
88.08	0.001082845
88.1	-0.005706015
88.12	-0.011838498
88.14	-0.009097606
88.16	-0.006671664
88.18	0.000363141
88.2	0.006093507
88.22	0.021495443
88.24	0.014585783
88.26	0.014589954
88.28	0.014673894
88.3	0.012277524
88.32	0.016430486
88.34	0.0179899
88.36	0.023055889
88.38	0.029352117
88.4	0.032732084
88.42	0.021241996
88.44	0.031793787
88.46	0.025068398
88.48	0.017940165
88.5	0.024058195
88.52	0.026915234
88.54	0.0251756
88.56	0.021127687
88.58	0.021583203
88.6	0.005786266
88.62	0.00281493
88.64	0.000488411
88.66	-0.004439004
88.68	-0.003390763
88.7	-0.007851526
88.72	-0.003130566
88.74	-0.002821758
88.76	-0.002111462
88.78	-0.007467701
88.8	-0.009169695
88.82	0.003307972
88.84	0.015361069
88.86	0.015755678
88.88	0.017723737
88.9	0.016287995
88.92	0.015364886
88.94	0.014707767
88.96	0.01070499
88.98	0.009729601
89	0.019187345
89.02	0.012559342
89.04	0.006673678
89.06	0.006412392
89.08	0.003532211
89.1	0.001743804
89.12	-2.60803E-05
89.14	-0.002037933
89.16	-0.004250797
89.18	-0.008880476
89.2	-0.013244593
89.22	-0.019297257
89.24	-0.022094366
89.26	-0.025488976
89.28	-0.01850829
89.3	-0.020671886
89.32	-0.016711811
89.34	-0.012112893
89.36	-0.007230369
89.38	-0.006931431
89.4	-0.011414576
89.42	-0.008627768
89.44	-0.009712211
89.46	-0.012754601
89.48	-0.012335033
89.5	-0.004968338
89.52	-0.008041596
89.54	-0.006748537
89.56	-0.005410058
89.58	-0.003675281
89.6	0.002710491
89.62	0.00675734
89.64	0.0103877
89.66	0.014074868
89.68	0.017627668
89.7	0.016023651
89.72	0.013101475
89.74	0.010043724
89.76	0.01220836
89.78	0.013498342
89.8	0.009960954
89.82	0.005560736
89.84	0.001267072
89.86	0.001559218
89.88	0.003474168
89.9	0.010560068
89.92	0.010727133
89.94	0.011993394
89.96	0.012324425
89.98	0.016728839
90	0.0153649
90.02	-0.032102572
90.04	-0.020255068
90.06	-0.025636327
90.08	-0.018647909
90.1	-0.013082188
90.12	-0.019867989
90.14	-0.020210913
90.16	-0.020370471
90.18	-0.015380196
90.2	-0.01349954
90.22	-0.014702634
90.24	0.00682358
90.26	-0.002379891
90.28	0.004179194
90.3	0.007152684
90.32	0.007912074
90.34	0.00607276
90.36	0.007139891
90.38	0.007672973
90.4	0.013227844
90.42	0.003536344
90.44	0.011843818
90.46	0.004241967
90.48	0.003160397
90.5	0.00108984
90.52	0.000965502
90.54	-0.000276964
90.56	-0.004375349
90.58	-0.009100099
90.6	-0.012920459
90.62	-0.018526838
90.64	-0.035583097
90.66	-0.03093469
90.68	-0.029572447
90.7	-0.025086024
90.72	-0.026176017
90.74	-0.029658164
90.76	-0.032223746
90.78	-0.029317622
90.8	-0.033487148
90.82	-0.036729155
90.84	-0.032556296
90.86	-0.028525956
90.88	0.00600118
90.9	-0.001836503
90.92	0.021309626
90.94	0.003366491
90.96	-0.000717628
90.98	-0.00804748
91	-0.010668783
91.02	-0.013878091
91.04	-0.015067534
91.06	0.009762452
91.08	0.005839609
91.1	-0.001710011
91.12	-0.006784869
91.14	-0.004445442
91.16	-0.001970122
91.18	-0.00695346
91.2	-0.011910505
91.22	-0.015713585
91.24	-0.016498043
91.26	-0.018305461
91.28	-0.016799164
91.3	-0.01396035
91.32	-0.013397252
91.34	-0.010331235
91.36	-0.013096624
91.38	-0.012862316
91.4	-0.01739429
91.42	-0.013503251
91.44	-0.012620959
91.46	-0.003158314
91.48	-0.003674568
91.5	-0.00035128
91.52	-0.001809793
91.54	-0.000896525
91.56	-0.003092785
91.58	-0.000226028
91.6	0.001269399
91.62	0.003625174
91.64	0.006048495
91.66	0.006812696
91.68	0.007153852
91.7	0.010495134
91.72	0.011895152
91.74	0.010461049
91.76	0.006550694
91.78	0.000227794
91.8	0.007701225
91.82	0.007390118
91.84	0.004577485
91.86	0.001724807
91.88	0.002769455
91.9	0.00245912
91.92	-0.012066242
91.94	-0.003073924
91.96	0.001197581
91.98	0.003000883
92	0.000828093
92.02	-0.004375734
92.04	-0.012157172
92.06	-0.014424258
92.08	-0.025093296
92.1	-0.018463542
92.12	-0.020038331
92.14	-0.016650691
92.16	-0.01501247
92.18	-0.013615579
92.2	-0.012100952
92.22	-0.008130828
92.24	0.006754455
92.26	0.010503026
92.28	0.010215477
92.3	0.012136215
92.32	0.015865888
92.34	0.015955723
92.36	0.014806399
92.38	0.014418602
92.4	0.01408137
92.42	0.019943053
92.44	0.018331183
92.46	0.01500201
92.48	0.001305834
92.5	-0.005710332
92.52	-0.002410021
92.54	-0.003424821
92.56	-0.001826049
92.58	-0.001476181
92.6	-0.001715127
92.62	-0.002892879
92.64	-0.018261096
92.66	-0.01582893
92.68	-0.011726668
92.7	-0.005615855
92.72	-0.004927746
92.74	0.002336026
92.76	0.005887252
92.78	0.008787658
92.8	0.00825802
92.82	0.004352413
92.84	0.006116762
92.86	0.006535021
92.88	0.009208482
92.9	0.013486024
92.92	0.015013761
92.94	0.010655511
92.96	0.004082467
92.98	-0.005046497
93	-0.009064451
93.02	-0.006646038
93.04	-0.005988836
93.06	-0.006491514
93.08	-0.007899632
93.1	-0.010705503
93.12	-0.015015904
93.14	-0.019386797
93.16	-0.017843949
93.18	-0.01712033
93.2	-0.016003959
93.22	-0.013752426
93.24	-0.012370694
93.26	-0.009393627
93.28	-0.007683661
93.3	0.005939186
93.32	0.007038865
93.34	0.004056461
93.36	0.005793786
93.38	0.008680137
93.4	0.004868196
93.42	0.005023678
93.44	0.001237829
93.46	0.00295266
93.48	0.006846517
93.5	0.008089341
93.52	0.006932946
93.54	0.007364008
93.56	0.00230643
93.58	-0.00423733
93.6	-0.007751407
93.62	-0.009218401
93.64	-0.007965881
93.66	-0.009241266
93.68	-0.004593958
93.7	0.000986235
93.72	0.002520755
93.74	0.006895523
93.76	0.009283162
93.78	0.006425188
93.8	0.010542209
93.82	0.011506142
93.84	0.012807513
93.86	0.016665406
93.88	0.017593329
93.9	0.021072458
93.92	0.02138404
93.94	0.017645129
93.96	0.02001488
93.98	0.016882906
94	0.017855315
94.02	0.017275902
94.04	0.01694463
94.06	0.017614536
94.08	0.003079766
94.1	0.006761169
94.12	0.001651097
94.14	0.004681603
94.16	0.000797121
94.18	-0.005678512
94.2	0.000472943
94.22	-0.005801194
94.24	-0.009394747
94.26	-0.014812973
94.28	-0.009835508
94.3	-0.008617109
94.32	-0.003248927
94.34	-0.002301314
94.36	-0.001906096
94.38	-0.00399259
94.4	-0.002818616
94.42	-0.008474416
94.44	-0.010050997
94.46	-0.013120794
94.48	-0.015568094
94.5	-0.01497584
94.52	-0.015266691
94.54	-0.015560511
94.56	-0.016429832
94.58	-0.019354839
94.6	-0.022881307
94.62	-0.022283976
94.64	-0.019650335
94.66	-0.019582659
94.68	-0.017723332
94.7	-0.019329317
94.72	-0.020514493
94.74	-0.020223547
94.76	-0.019324155
94.78	-0.00662595
94.8	-0.007565445
94.82	-0.003483415
94.84	0.001176375
94.86	-0.002558916
94.88	7.69058E-05
94.9	0.001460205
94.92	0.001912575
94.94	0.004969386
94.96	0.012572972
94.98	0.007137307
95	0.004714328
95.02	0.003296847
95.04	0.001899954
95.06	0.003570137
95.08	0.003832622
95.1	0.005710031
95.12	0.004470781
95.14	0.005447977
95.16	0.004417447
95.18	0.003413682
95.2	0.000315842
95.22	-0.000325471
95.24	0.000866744
95.26	0.004154904
95.28	0.008708965
95.3	0.010094963
95.32	0.011523873
95.34	0.009751373
95.36	-0.005926237
95.38	-0.003832126
95.4	-0.003417177
95.42	0.00079479
95.44	0.011675472
95.46	0.007093242
95.48	0.012765671
95.5	0.015556306
95.52	0.012023532
95.54	0.0058884
95.56	0.00776604
95.58	0.013034487
95.6	0.017948606
95.62	0.011416539
95.64	0.009331323
95.66	0.006464058
95.68	-0.001482504
95.7	-0.001606347
95.72	-0.001998149
95.74	-0.002201609
95.76	0.00035945
95.78	0.001019282
95.8	0.003440488
95.82	0.002130381
95.84	0.005014038
95.86	0.001981114
95.88	0.00046214
95.9	-0.003993189
95.92	-0.010835363
95.94	-0.015174893
95.96	-0.010920342
95.98	-0.010506549
96	-0.007276097
96.02	-0.005877078
96.04	-0.004202142
96.06	-0.003268087
96.08	-0.002685753
96.1	-0.001511692
96.12	0.00189295
96.14	0.007149323
96.16	0.014679506
96.18	0.006528211
96.2	0.00950326
96.22	0.009131812
96.24	0.011512447
96.26	0.011692688
96.28	0.011177683
96.3	0.019002089
96.32	0.012851836
96.34	0.021278254
96.36	0.02138808
96.38	0.024065525
96.4	0.022184732
96.42	0.020470484
96.44	0.014093222
96.46	0.008162893
96.48	0.006661078
96.5	0.007136332
96.52	0.008454334
96.54	0.011349286
96.56	0.016373366
96.58	0.016918048
96.6	-0.008048195
96.62	0.003250478
96.64	0.003016432
96.66	0.010661757
96.68	0.01467275
96.7	0.005357702
96.72	0.001366203
96.74	-0.001745679
96.76	-0.003729573
96.78	-0.012787957
96.8	-0.003254152
96.82	-0.000474
96.84	-0.000632966
96.86	0.005716368
96.88	0.011582629
96.9	0.016147669
96.92	0.014965549
96.94	0.017366193
96.96	0.018346549
96.98	0.016503599
97	0.012230753
97.02	0.005364811
97.04	0.006109679
97.06	0.007413801
97.08	0.005307592
97.1	0.009168061
97.12	0.007523763
97.14	0.004375185
97.16	-0.000850756
97.18	-0.006376447
97.2	-0.009431773
97.22	-0.010824134
97.24	-0.010863611
97.26	-0.013011644
97.28	-0.016108156
97.3	-0.018528621
97.32	-0.016900168
97.34	-0.016508993
97.36	-0.015338283
97.38	-0.016777362
97.4	-0.018750892
97.42	-0.018065006
97.44	-0.019485447
97.46	0.021149956
97.48	0.016224255
97.5	0.014567305
97.52	0.008598571
97.54	0.008722846
97.56	0.010908128
97.58	0.015806807
97.6	0.01434015
97.62	0.013556545
97.64	0.018174375
97.66	0.028795153
97.68	0.016964177
97.7	0.021752213
97.72	0.018659028
97.74	0.01766769
97.76	0.020175598
97.78	0.021492146
97.8	0.024608208
97.82	0.0256198
97.84	0.021463648
97.86	-0.018155335
97.88	-0.005461142
97.9	-0.010362874
97.92	-0.00420782
97.94	0.000743942
97.96	0.006573128
97.98	0.012332992
98	0.007922263
98.02	0.003249726
98.04	-0.016306133
98.06	-0.008115227
98.08	-0.003090952
98.1	0.000881638
98.12	0.00101641
98.14	0.001410324
98.16	0.007044839
98.18	0.007781442
98.2	0.006341337
98.22	0.003330177
98.24	0.001089067
98.26	0.002454908
98.28	0.001794255
98.3	0.003649351
98.32	0.007386817
98.34	0.007275718
98.36	0.002738594
98.38	0.000461793
98.4	-0.002305086
98.42	-0.005005996
98.44	-0.008173085
98.46	-0.014767479
98.48	-0.019619372
98.5	-0.018333609
98.52	-0.020397146
98.54	-0.019044983
98.56	-0.016537511
98.58	-0.017535742
98.6	-0.017180558
98.62	-0.013438722
98.64	-0.003930561
98.66	-0.007738047
98.68	-0.021714058
98.7	-0.025958066
98.72	-0.028395812
98.74	-0.027960372
98.76	-0.025864048
98.78	-0.025360341
98.8	-0.013600903
98.82	-0.016203579
98.84	-0.018543162
98.86	-0.017635359
98.88	-0.006763125
98.9	-0.004278995
98.92	0.00329443
98.94	0.004271258
98.96	0.001038224
98.98	0.002766583
99	0.005431773
99.02	0.004333114
99.04	0.007577531
99.06	0.011534701
99.08	0.001463825
99.1	-0.011821224
99.12	-0.005280886
99.14	-0.006816458
99.16	-0.003731781
99.18	0.002180147
99.2	0.002434949
99.22	0.007495451
99.24	0.005404654
99.26	-0.001780174
99.28	-0.012202072
99.3	-0.009412005
99.32	-0.012091532
99.34	-0.019360089
99.36	-0.011069514
99.38	-0.002010551
99.4	-0.000279317
99.42	0.007541175
99.44	0.008348468
99.46	0.005386114
99.48	0.002087697
99.5	-0.0009752
99.52	-0.004306952
99.54	0.000339614
99.56	0.006119074
99.58	0.012578561
99.6	0.009356255
99.62	0.010885438
99.64	0.008869986
99.66	0.004917473
99.68	-0.009726859
99.7	-0.009585219
99.72	-0.010363875
99.74	-0.008340282
99.76	-0.007870339
99.78	-0.0059832
99.8	-0.003487104
99.82	-0.002812181
99.84	-0.001426492
99.86	-0.007879163
99.88	-0.009942354
99.9	-0.015232456
99.92	-0.010272565
99.94	-0.001200787
99.96	0.005203257
99.98	0.010706042
100	0.013946848
100.02	0.010325816
100.04	0.007827993
100.06	0.005038319
100.08	-0.000542451
100.1	0.000344395
100.12	-0.008182212
100.14	-0.004371439
100.16	-0.005615203
100.18	-0.006420849
100.2	-0.007018538
100.22	-0.005050764
100.24	-0.008075
100.26	-0.012592819
100.28	-0.020188752
100.3	-0.019470901
100.32	-0.021940978
100.34	-0.019113847
100.36	-0.012813863
100.38	0.003266273
100.4	0.003257319
100.42	0.009584752
100.44	0.007683985
100.46	0.006671906
100.48	0.003292002
100.5	0.000614511
100.52	-0.003256121
100.54	-0.004139587
100.56	0.008120249
100.58	0.002965697
100.6	0.006044044
100.62	0.004354368
100.64	0.00245674
100.66	-0.005768702
100.68	-0.013525992
100.7	-0.016117293
100.72	-0.014444091
100.74	-0.012652833
100.76	-0.0115313
100.78	-0.011963857
100.8	-0.011947047
100.82	-0.010599378
100.84	-0.005535051
100.86	-0.002993778
100.88	-0.000837985
100.9	0.003604578
100.92	0.00486334
100.94	0.005805079
100.96	0.006659121
100.98	0.009052527
101	0.011673416
101.02	0.011650414
101.04	0.013093191
101.06	0.010531095
101.08	0.003056063
101.1	-0.001164198
101.12	-0.01198211
101.14	-0.015906354
101.16	-0.018728851
101.18	-0.017919827
101.2	-0.01964542
101.22	-0.016462962
101.24	-0.018046311
101.26	-0.021938651
101.28	-0.021489476
101.3	-0.007258734
101.32	0.006673947
101.34	0.008828673
101.36	0.005900627
101.38	0.007821963
101.4	0.008770731
101.42	0.009179635
101.44	0.00694546
101.46	0.006547463
101.48	0.013324533
101.5	0.015341218
101.52	0.019282461
101.54	0.021442087
101.56	0.021867213
101.58	0.020847173
101.6	0.021710246
101.62	0.017520977
101.64	0.011119331
101.66	0.009028611
101.68	0.01117925
101.7	0.00943601
101.72	-0.009194825
101.74	-0.012176879
101.76	-0.014842967
101.78	-0.009044995
101.8	-0.007713791
101.82	-0.004133469
101.84	-3.84766E-05
101.86	0.001586644
101.88	0.022785494
101.9	0.012008134
101.92	0.011622259
101.94	0.011309892
101.96	0.016690844
101.98	0.013278556
102	0.01558911
102.02	0.012969254
102.04	0.014812934
102.06	0.022808661
102.08	0.017966243
102.1	0.0152565
102.12	0.01221779
102.14	0.007194202
102.16	0.008576662
102.18	0.004388855
102.2	0.001226471
102.22	-0.005962779
102.24	-0.009079246
102.26	-0.012715518
102.28	-0.016754805
102.3	-0.0175153
102.32	-0.014654786
102.34	-0.015021577
102.36	-0.014426126
102.38	-0.012260428
102.4	-0.013837629
102.42	-0.013039808
102.44	-0.01015711
102.46	-0.007195556
102.48	-0.005459916
102.5	-0.00831776
102.52	-0.011558845
102.54	-0.016270468
102.56	-0.0171439
102.58	-0.018802657
102.6	-0.017115721
102.62	-0.019784751
102.64	-0.021220606
102.66	-0.020197276
102.68	-0.019557854
102.7	-0.019138622
102.72	-0.014292484
102.74	-0.017726633
102.76	-0.018084186
102.78	-0.003940424
102.8	0.000532706
102.82	0.008074608
102.84	0.005326587
102.86	0.002020207
102.88	0.001054342
102.9	0.004498309
102.92	0.007254181
102.94	0.012910514
102.96	0.026095132
102.98	0.017547565
103	0.026074767
103.02	0.023510752
103.04	0.023154786
103.06	0.020221203
103.08	0.014190166
103.1	-0.010225093
103.12	-0.00112717
103.14	0.001092602
103.16	0.008062295
103.18	0.008458503
103.2	0.005402367
103.22	0.000592744
103.24	-0.004016424
103.26	-0.005842234
103.28	-0.020117164
103.3	-0.006216881
103.32	-0.002887977
103.34	0.00816267
103.36	0.008817852
103.38	0.011406603
103.4	0.012263624
103.42	0.009876982
103.44	0.00807671
103.46	0.007653716
103.48	0.010465089
103.5	0.018978027
103.52	0.017867719
103.54	0.017988432
103.56	0.019568507
103.58	0.019463006
103.6	0.016109171
103.62	-0.002948173
103.64	0.000663213
103.66	-0.008368596
103.68	-0.013612959
103.7	-0.01567542
103.72	-0.018224633
103.74	-0.014654428
103.76	-0.015105854
103.78	-0.013642129
103.8	-0.017134323
103.82	-0.023536993
103.84	-0.024291643
103.86	-0.019827236
103.88	-0.019774851
103.9	-0.017271286
103.92	-0.018266978
103.94	-0.019041087
103.96	-0.020908742
103.98	-0.017903257
104	-0.013576091
104.02	-0.005693157
104.04	-0.002927272
104.06	0.003514291
104.08	0.005080119
104.1	0.005613107
104.12	0.001724937
104.14	-0.000421498
104.16	0.001821235
104.18	0.007032452
104.2	0.019481146
104.22	0.023095396
104.24	0.016477447
104.26	0.007744553
104.28	0.004935467
104.3	0.000111619
104.32	-0.005636919
104.34	-0.007338052
104.36	-0.001147226
104.38	0.002604214
104.4	0.007449584
104.42	0.011835214
104.44	0.009204657
104.46	0.007558751
104.48	-0.001764729
104.5	-0.006668703
104.52	-0.016417401
104.54	-0.023559108
104.56	-0.023717643
104.58	-0.017967845
104.6	-0.0127858
104.62	-0.008271809
104.64	-0.009362057
104.66	-0.014246826
104.68	-0.023622481
104.7	-0.012731366
104.72	0.00090619
104.74	-3.47905E-05
104.76	0.002606987
104.78	0.007297706
104.8	0.01256052
104.82	0.014217885
104.84	0.010597779
104.86	0.008107581
104.88	0.014771214
104.9	0.020702888
104.92	0.009887742
104.94	0.008840653
104.96	0.007439043
104.98	0.006887681
105	-0.000421004
105.02	-0.004344371
105.04	-0.001695818
105.06	-0.003172145
105.08	-0.011847719
105.1	-0.014026939
105.12	-0.016079422
105.14	-0.017852754
105.16	-0.018911501
105.18	-0.019658342
105.2	-0.018815005
105.22	-0.016089787
105.24	-0.004110056
105.26	0.008003539
105.28	0.014422675
105.3	0.0129776
105.32	0.019037039
105.34	0.017668995
105.36	0.017878656
105.38	0.017324612
105.4	0.011684636
105.42	0.014928479
105.44	0.02690073
105.46	0.016265945
105.48	0.016794566
105.5	0.016554214
105.52	0.012058323
105.54	0.005395328
105.56	0.003476787
105.58	-0.000839974
105.6	-2.9445E-05
105.62	0.009130798
105.64	0.006740376
105.66	0.006535237
105.68	0.005057441
105.7	0.004213236
105.72	-0.002661176
105.74	-0.006915057
105.76	-0.007329415
105.78	0.006738175
105.8	0.017000962
105.82	0.021615167
105.84	0.021394074
105.86	0.020900025
105.88	0.017962507
105.9	0.020081552
105.92	0.022679733
105.94	0.027899086
105.96	0.030697159
105.98	0.036753809
106	0.036439392
106.02	-0.017989578
106.04	-0.013414019
106.06	-0.001185237
106.08	4.07553E-05
106.1	-0.005661196
106.12	-0.009207772
106.14	-0.007346688
106.16	-0.011300604
106.18	-0.012357686
106.2	-0.003935236
106.22	-0.0174169
106.24	-0.002895566
106.26	0.009785483
106.28	0.003578279
106.3	-0.001049288
106.32	0.000995177
106.34	-1.36553E-06
106.36	0.004308084
106.38	0.001531146
106.4	0.004190756
106.42	0.012253223
106.44	0.012676114
106.46	0.014877108
106.48	0.012864006
106.5	0.01099055
106.52	0.004670798
106.54	-0.000145798
106.56	-0.007473896
106.58	-0.011886313
106.6	-0.006253443
106.62	-0.010474382
106.64	-0.01037328
106.66	-0.019654944
106.68	-0.016154368
106.7	-0.022992356
106.72	-0.022961686
106.74	-0.024716613
106.76	-0.017964252
106.78	-0.002430598
106.8	-0.004541745
106.82	0.000955157
106.84	0.002974889
106.86	-0.003062244
106.88	-0.001094422
106.9	0.003626258
106.92	0.005671554
106.94	0.009709159
106.96	0.018917381
106.98	0.009795455
107	0.002836124
107.02	0.00239595
107.04	0.00237521
107.06	-0.001075316
107.08	0.00214161
107.1	0.001729918
107.12	0.000195708
107.14	-0.000560786
107.16	-0.00623807
107.18	-0.006526934
107.2	-0.006609668
107.22	-0.004344361
107.24	0.000109981
107.26	0.000597205
107.28	0.006824751
107.3	0.009094826
107.32	0.006004405
107.34	0.0120399
107.36	0.016677266
107.38	0.018990346
107.4	0.021275742
107.42	0.023416878
107.44	0.020556481
107.46	0.017260701
107.48	-0.002215563
107.5	-0.00336716
107.52	-0.004645506
107.54	-0.002304494
107.56	-0.001588853
107.58	-0.000286294
107.6	-0.001682846
107.62	-0.005147663
107.64	-0.005843697
107.66	-0.014109442
107.68	-0.016219478
107.7	-0.016668695
107.72	-0.01201295
107.74	-0.007634826
107.76	-0.003496509
107.78	0.00251447
107.8	0.003985258
107.82	0.001536659
107.84	-0.003737777
107.86	-0.006437864
107.88	-0.002704561
107.9	0.001322043
107.92	0.00133598
107.94	0.002347911
107.96	0.001397338
107.98	0.001789429
108	-0.001763559
108.02	-0.004285789
108.04	-0.007125497
108.06	-0.007850757
108.08	-0.010532078
108.1	-0.012347116
108.12	-0.020362719
108.14	-0.01726043
108.16	-0.017052751
108.18	-0.015980309
108.2	-0.016269835
108.22	-0.014508697
108.24	-0.016334279
108.26	-0.018972548
108.28	-0.019028582
108.3	-0.006493126
108.32	-0.003083693
108.34	0.000158749
108.36	0.00398157
108.38	0.004547137
108.4	0.003649797
108.42	-0.007882088
108.44	-0.019376482
108.46	-0.02055161
108.48	-0.017251056
108.5	-0.019283844
108.52	-0.018403154
108.54	-0.016742271
108.56	-0.011041374
108.58	-0.014223107
108.6	-0.009704095
108.62	-0.018803929
108.64	-0.012394675
108.66	-0.008928869
108.68	0.000841588
108.7	0.003323237
108.72	0.002379143
108.74	0.008025937
108.76	0.00404525
108.78	0.005219172
108.8	0.004316339
108.82	0.006868497
108.84	0.011332873
108.86	0.016216649
108.88	0.012926924
108.9	0.013986145
108.92	0.014461268
108.94	0.016464681
108.96	0.014674166
108.98	0.011357715
109	0.008486709
109.02	-0.02192159
109.04	-0.015611453
109.06	-0.011555459
109.08	-0.004603499
109.1	-0.004359689
109.12	-0.002680675
109.14	-0.00212427
109.16	0.001041036
109.18	0.002393562
109.2	-0.000921713
109.22	0.016399727
109.24	0.011716886
109.26	0.010164773
109.28	0.01321623
109.3	0.012451811
109.32	0.013120147
109.34	0.015647728
109.36	0.018628634
109.38	0.024680315
109.4	0.032384946
109.42	0.025615793
109.44	0.023298148
109.46	0.020014942
109.48	0.010103046
109.5	0.015170925
109.52	0.004626761
109.54	-0.000949726
109.56	0.000256343
109.58	-0.003091046
109.6	-0.004948099
109.62	-0.00794712
109.64	-0.010890104
109.66	-0.011921038
109.68	-0.008945865
109.7	-0.009919914
109.72	-0.003753039
109.74	-0.002270353
109.76	-0.002189862
109.78	0.001669359
109.8	0.002420285
109.82	0.004505617
109.84	0.003426817
109.86	0.003259028
109.88	-0.006040635
109.9	-0.004245085
109.92	-0.002411603
109.94	0.001806976
109.96	0.005575242
109.98	0.007717536
110	0.017705519
110.02	0.012421761
110.04	0.008275736
110.06	-0.00593352
110.08	-0.012382838
110.1	-0.012751298
110.12	-0.012960435
110.14	-0.01138119
110.16	0.010552971
110.18	0.005638193
110.2	0.01257796
110.22	0.011637411
110.24	0.005129761
110.26	0.003056768
110.28	0.001640952
110.3	0.004026198
110.32	0.000835563
110.34	-0.001262148
110.36	-0.002309063
110.38	-0.011740941
110.4	-0.011088927
110.42	-0.009927863
110.44	-0.009319059
110.46	-0.011441383
110.48	-0.012695703
110.5	-0.011132069
110.52	-0.016944514
110.54	-0.01624195
110.56	-0.018690182
110.58	-0.017264522
110.6	-0.013109401
110.62	-0.014936097
110.64	-0.010681717
110.66	0.003028274
110.68	0.002844398
110.7	0.01403674
110.72	0.008451579
110.74	0.014951762
110.76	0.013194823
110.78	0.014239294
110.8	0.015578751
110.82	0.018983141
110.84	0.024719421
110.86	0.026060513
110.88	0.024770996
110.9	0.017164925
110.92	0.013353095
110.94	0.008487622
110.96	0.003699943
110.98	-0.007799307
111	-0.007948199
111.02	-0.011143621
111.04	-0.009489709
111.06	-0.009911591
111.08	-0.00980135
111.1	-0.008570669
111.12	-0.008612637
111.14	-0.008458791
111.16	-0.007601882
111.18	-0.008364437
111.2	-0.007619735
111.22	-0.0034754
111.24	0.003834912
111.26	0.007801691
111.28	0.011061857
111.3	0.01528432
111.32	0.016846803
111.34	0.016376881
111.36	0.017902659
111.38	0.018225363
111.4	0.021792663
111.42	0.021751677
111.44	0.014730662
111.46	0.009764408
111.48	-0.001198501
111.5	-0.006619191
111.52	-0.004082258
111.54	-0.010204642
111.56	-0.010111065
111.58	-0.007359968
111.6	-0.006761645
111.62	-0.009218667
111.64	-0.009056355
111.66	-0.012984178
111.68	-0.010011665
111.7	-0.010922813
111.72	-0.012772105
111.74	-0.010436471
111.76	-0.010168162
111.78	-0.005316096
111.8	-0.004263349
111.82	-0.00588597
111.84	-0.007466761
111.86	-0.012734954
111.88	-0.015728099
111.9	-0.015861424
111.92	-0.017940838
111.94	-0.017835194
111.96	-0.018443093
111.98	-0.016795184
112	-0.014805536
112.02	-0.015465468
112.04	-0.017323575
112.06	-0.020092116
112.08	-0.021490535
112.1	-0.02398275
112.12	-0.024602896
112.14	-0.024990935
112.16	-0.022343265
112.18	-0.019927425
112.2	-0.007906123
112.22	-0.001838141
112.24	-0.003932479
112.26	-0.002729193
112.28	-0.00464806
112.3	-0.004734831
112.32	-0.003405755
112.34	-0.001498491
112.36	0.002874186
112.38	0.009249954
112.4	0.002528334
112.42	0.000620538
112.44	-0.001806269
112.46	-0.001244976
112.48	8.6935E-05
112.5	0.002339065
112.52	0.003166247
112.54	0.003850218
112.56	0.006201282
112.58	0.004241248
112.6	0.000623279
112.62	-0.006392001
112.64	-0.00953225
112.66	-0.007532298
112.68	-0.003632783
112.7	0.000836426
112.72	-0.000526588
112.74	0.000419491
112.76	-0.002841876
112.78	-0.000465633
112.8	-0.00592988
112.82	-0.001397012
112.84	0.010465251
112.86	0.008978264
112.88	0.012739092
112.9	0.013518296
112.92	0.01593574
112.94	0.019169756
112.96	0.020836655
112.98	0.015020908
113	-0.013615398
113.02	-0.001127197
113.04	-0.006491133
113.06	-0.007550596
113.08	-0.006398177
113.1	0.004712784
113.12	0.006600318
113.14	0.009694709
113.16	0.010019536
113.18	-0.003250073
113.2	0.010047539
113.22	0.002772811
113.24	0.002521259
113.26	-0.003960061
113.28	-0.006123664
113.3	-0.002033869
113.32	-6.2353E-05
113.34	-0.00114395
113.36	-0.00180868
113.38	-0.000571925
113.4	-0.001637878
113.42	-0.005276193
113.44	-0.00762858
113.46	-0.005143181
113.48	-0.003676073
113.5	0.000649128
113.52	0.000552401
113.54	0.002956929
113.56	-0.002236205
113.58	-0.003559914
113.6	-0.003099302
113.62	-0.000628902
113.64	0.009386873
113.66	0.008255103
113.68	0.001883321
113.7	-0.001574498
113.72	-0.004862618
113.74	-0.00698694
113.76	-0.00077511
113.78	0.001761068
113.8	0.006727437
113.82	0.001210812
113.84	-0.005605834
113.86	-0.007962424
113.88	-0.0052572
113.9	0.001025136
113.92	0.001074654
113.94	0.001612178
113.96	-0.000329634
113.98	0.001100583
114	-0.003582121
114.02	-0.005143193
114.04	-0.007490184
114.06	-0.006995209
114.08	-0.007717182
114.1	-0.009691878
114.12	-0.00363773
114.14	0.000893879
114.16	0.007356936
114.18	0.003945796
114.2	0.004719152
114.22	0.003923587
114.24	0.002367522
114.26	0.000291725
114.28	-0.00027498
114.3	-0.003285372
114.32	3.79031E-06
114.34	-0.009537792
114.36	-0.00838606
114.38	-0.008779502
114.4	-0.007291289
114.42	-0.008859041
114.44	-0.010340259
114.46	-0.006237875
114.48	-0.005270539
114.5	-0.004560282
114.52	0.002382254
114.54	0.009856057
114.56	0.0131554
114.58	0.009613401
114.6	0.005528935
114.62	0.002757779
114.64	-0.000162827
114.66	0.002017101
114.68	0.004420292
114.7	0.011705437
114.72	0.014693732
114.74	0.016471732
114.76	0.015549649
114.78	0.003102843
114.8	-0.004467596
114.82	-0.00527189
114.84	-0.005000914
114.86	-0.007290592
114.88	0.002351448
114.9	0.009545966
114.92	0.014622525
114.94	0.016251775
114.96	0.007668849
114.98	-0.009396205
115	-0.005888188
115.02	-0.009248593
115.04	-0.00479166
115.06	0.002597932
115.08	0.009983756
115.1	0.014780342
115.12	0.018656161
115.14	0.013250986
115.16	0.014982871
115.18	0.013458506
115.2	0.013414526
115.22	0.015139
115.24	0.013034775
115.26	0.01892174
115.28	0.01811801
115.3	0.016412451
115.32	0.012561649
115.34	0.009974801
115.36	0.009671853
115.38	0.011360651
115.4	0.012201982
115.42	0.002530948
115.44	0.001925514
115.46	-0.000834206
115.48	-0.001553373
115.5	-0.000765713
115.52	-0.00019512
115.54	0.004894163
115.56	0.003610742
115.58	0.001391428
115.6	-0.000748881
115.62	-0.000377961
115.64	0.004304034
115.66	0.006158658
115.68	0.006995202
115.7	0.006167978
115.72	0.006718913
115.74	0.003320908
115.76	-0.001438815
115.78	-0.002612109
115.8	-0.001536662
115.82	0.001324348
115.84	0.001846678
115.86	0.001580379
115.88	0.00218124
115.9	0.006918946
115.92	0.009385362
115.94	0.01113614
115.96	0.008061308
115.98	0.005632492
116	0.005388412
116.02	-2.65507E-05
116.04	-0.002781993
116.06	-0.007216205
116.08	-0.005806121
116.1	-0.000850539
116.12	-0.001728262
116.14	-0.001662851
116.16	-0.002528534
116.18	-0.005883378
116.2	-0.011929268
116.22	-0.017702352
116.24	-0.020726662
116.26	-0.020149216
116.28	-0.019465036
116.3	-0.017994349
116.32	-0.010983439
116.34	-0.011700851
116.36	-0.015179512
116.38	-0.013785566
116.4	-0.01653543
116.42	-0.018337578
116.44	-0.016953313
116.46	-0.016468367
116.48	-0.000635417
116.5	0.00070232
116.52	0.008585616
116.54	0.006188109
116.56	0.002565309
116.58	0.000830998
116.6	0.001761534
116.62	0.002123899
116.64	0.006147792
116.66	0.019592843
116.68	0.020389842
116.7	0.02526411
116.72	0.025028562
116.74	0.020309171
116.76	0.023554474
116.78	0.021579324
116.8	0.016048512
116.82	0.015373226
116.84	0.015076091
116.86	0.011517271
116.88	0.009902171
116.9	-0.004342264
116.92	-0.002316383
116.94	-0.004704818
116.96	-0.003907244
116.98	0.001066726
117	0.000511407
117.02	0.003991617
117.04	0.005543787
117.06	0.005970726
117.08	-0.007138236
117.1	-0.003791637
117.12	-0.001038656
117.14	-0.003482335
117.16	-0.003826969
117.18	0.000668603
117.2	0.014075111
117.22	0.020169093
117.24	0.020357656
117.26	0.016373634
117.28	0.018952636
117.3	0.01661483
117.32	0.01145822
117.34	0.005487418
117.36	0.007293418
117.38	0.003496999
117.4	0.002899735
117.42	0.003949069
117.44	-0.003065554
117.46	-0.006273759
117.48	-0.0064068
117.5	-0.006940219
117.52	-0.010664332
117.54	-0.009848295
117.56	-0.006532434
117.58	-0.009986456
117.6	-0.007871509
117.62	-0.009244594
117.64	-0.011027337
117.66	-0.015877031
117.68	-0.018842918
117.7	-0.016851252
117.72	-0.022855891
117.74	-0.024687596
117.76	-0.024880425
117.78	-0.021055874
117.8	-0.018120986
117.82	-0.008940745
117.84	-0.002917904
117.86	-0.002433114
117.88	0.001113012
117.9	-0.002574206
117.92	-0.010575843
117.94	-0.016101981
117.96	-0.014836148
117.98	-0.01537948
118	-0.002001778
118.02	-0.009876879
118.04	0.001249782
118.06	0.004463548
118.08	0.00960575
118.1	0.007044256
118.12	0.010081719
118.14	0.010606915
118.16	0.011144309
118.18	0.006664407
118.2	0.005401438
118.22	0.002433814
118.24	-0.003346896
118.26	-0.007297416
118.28	-0.004634738
118.3	-0.00303296
118.32	0.000812946
118.34	0.004917496
118.36	0.007864101
118.38	0.001454087
118.4	-4.25251E-05
118.42	-0.00335362
118.44	-0.004913913
118.46	-0.001547368
118.48	-0.000546385
118.5	-0.005012122
118.52	-0.000223145
118.54	0.001156311
118.56	0.00113419
118.58	-0.002741651
118.6	-0.007303973
118.62	0.005524292
118.64	0.013166367
118.66	0.014610499
118.68	0.015305255
118.7	0.011284026
118.72	0.006808607
118.74	-0.002831826
118.76	0.004486584
118.78	0.002514083
118.8	0.003547962
118.82	0.001631392
118.84	0.000727416
118.86	0.00636399
118.88	0.007823112
118.9	0.009781533
118.92	0.009248859
118.94	0.018422796
118.96	0.012786461
118.98	0.012293504
119	0.012080541
119.02	0.0133459
119.04	0.010886512
119.06	0.007154269
119.08	0.009680782
119.1	0.009781233
119.12	0.014697044
119.14	0.017006799
119.16	0.013481057
119.18	0.008261966
119.2	0.003331304
119.22	0.000141199
119.24	0.00054076
119.26	-0.001912684
119.28	0.002176862
119.3	0.005388697
119.32	0.011556057
119.34	0.012032065
119.36	0.005975327
119.38	0.005583028
119.4	0.006713482
119.42	0.007416521
119.44	0.010824972
119.46	0.018963028
119.48	0.020235567
119.5	0.018844979
119.52	0.014205658
119.54	0.013219457
119.56	0.009982654
119.58	0.004220896
119.6	-0.007612601
119.62	-0.00935245
119.64	-0.011308917
119.66	-0.011550642
119.68	-0.012641246
119.7	-0.010521667
119.72	-0.006680002
119.74	-0.005234655
119.76	-0.003395998
119.78	-0.006941376
119.8	-0.014135208
119.82	-0.01925723
119.84	-0.021079928
119.86	-0.022899827
119.88	-0.023210043
119.9	-0.023904485
119.92	-0.021243425
119.94	-0.016633458
119.96	-0.013098247
119.98	-0.011966074
120	-0.009068837
120.02	-0.012964008
120.04	-0.01672529
120.06	-0.02014594
120.08	-0.022393092
120.1	-0.027381257
120.12	-0.026846009
120.14	0.00203148
120.16	-0.000847217
120.18	-0.004860817
120.2	-0.014414
120.22	-0.016627888
120.24	-0.017778074
120.26	-0.012486633
120.28	-0.007625978
120.3	-0.001551251
120.32	0.009852845
120.34	0.009198655
120.36	0.001122063
120.38	1.92588E-05
120.4	0.002510114
120.42	-0.002708665
120.44	-0.000128011
120.46	5.42275E-05
120.48	0.002008723
120.5	0.006220563
120.52	0.008880956
120.54	0.009206049
120.56	0.009931552
120.58	0.010297615
120.6	0.011686832
120.62	0.00881548
120.64	0.003877694
120.66	0.001336512
120.68	-0.009926237
120.7	-0.009117157
120.72	-0.008481293
120.74	-0.003147683
120.76	0.001611825
120.78	0.006170965
120.8	0.01147728
120.82	0.013371627
120.84	-0.000254435
120.86	0.005922723
120.88	0.006538581
120.9	0.007811905
120.92	0.011532451
120.94	0.01050115
120.96	0.013090213
120.98	0.011521269
121	-0.001561138
121.02	-0.000164499
121.04	-0.012222736
121.06	-0.007361873
121.08	-0.011994661
121.1	-0.008771775
121.12	-0.008834043
121.14	-0.008862539
121.16	-0.008320171
121.18	-0.011279652
121.2	-0.011110854
121.22	-0.009496695
121.24	-0.012461742
121.26	-0.013305816
121.28	-0.016057906
121.3	-0.022498186
121.32	-0.022579359
121.34	-0.022957265
121.36	-0.018745643
121.38	-0.011715202
121.4	-0.009407914
121.42	-0.004384742
121.44	-0.004823294
121.46	-0.008769164
121.48	-0.011899213
121.5	-0.016594729
121.52	-0.019387649
121.54	0.01066636
121.56	-0.001271562
121.58	0.00439848
121.6	-0.01027676
121.62	-0.023898714
121.64	-0.022280894
121.66	-0.021672463
121.68	-0.023035364
121.7	-0.020364002
121.72	-0.018657758
121.74	-0.018610575
121.76	-0.020905336
121.78	0.002339809
121.8	-0.00160383
121.82	-0.001480908
121.84	-0.001834156
121.86	3.22906E-05
121.88	0.003686232
121.9	0.001971097
121.92	0.001638394
121.94	0.005257695
121.96	0.008881336
121.98	0.014127533
122	0.012384605
122.02	0.013602393
122.04	0.008104942
122.06	0.002687269
122.08	-7.8951E-05
122.1	-0.006529207
122.12	-0.004351853
122.14	-0.002574985
122.16	-0.001304116
122.18	-0.002239827
122.2	0.001366038
122.22	0.002716598
122.24	0.000783572
122.26	-0.003933251
122.28	-0.01064271
122.3	-0.008177397
122.32	-0.007620335
122.34	-0.002372386
122.36	0.01131765
122.38	0.017917801
122.4	0.019506231
122.42	0.01497547
122.44	0.009848298
122.46	0.013783603
122.48	0.014718581
122.5	0.016189194
122.52	0.020813888
122.54	0.030076065
122.56	0.027102028
122.58	0.025330105
122.6	0.026786245
122.62	0.024598121
122.64	0.019910621
122.66	0.015514964
122.68	-0.012192864
122.7	-0.011485793
122.72	-0.013772204
122.74	-0.015656083
122.76	-0.01442834
122.78	-0.0097927
122.8	-0.001226395
122.82	0.002768772
122.84	-0.001680361
122.86	-0.010042352
122.88	-0.010743514
122.9	-0.008913732
122.92	-0.010252016
122.94	-0.004293678
122.96	0.003098111
122.98	0.009661541
123	0.01248715
123.02	0.00973084
123.04	0.008434557
123.06	0.005319521
123.08	0.00483173
123.1	0.004012284
123.12	0.002580582
123.14	0.008714237
123.16	0.013069824
123.18	0.014446986
123.2	0.011070082
123.22	0.004657073
123.24	0.001424034
123.26	0.005473536
123.28	0.008630646
123.3	0.010175286
123.32	0.020391602
123.34	0.020552689
123.36	0.021466453
123.38	0.017298892
123.4	0.012911134
123.42	0.007449634
123.44	0.005998964
123.46	0.000938641
123.48	0.002586352
123.5	0.003182517
123.52	0.004847227
123.54	0.009862641
123.56	0.010365452
123.58	-0.003865204
123.6	-0.003976918
123.62	-0.010181025
123.64	-0.008880144
123.66	-0.006878909
123.68	-0.006566269
123.7	-0.007954266
123.72	-0.002145526
123.74	0.000200231
123.76	-0.00356027
123.78	-0.001293669
123.8	-0.000523388
123.82	0.007973701
123.84	0.006989447
123.86	0.012802161
123.88	0.010848871
123.9	0.007968199
123.92	0.005171196
123.94	0.005110383
123.96	0.003752351
123.98	0.000737779
124	0.004476087
124.02	-0.001284695
124.04	-0.005086761
124.06	-0.005430062
124.08	-0.007522825
124.1	-0.011577968
124.12	-0.015704126
124.14	-0.020065139
124.16	-0.021445131
124.18	-0.026548249
124.2	-0.026022487
124.22	-0.029735928
124.24	-0.03087024
124.26	-0.028860534
124.28	-0.025543475
124.3	-0.02134711
124.32	-0.020281787
124.34	-0.018434676
124.36	-0.015829287
124.38	-0.016608258
124.4	-0.015764982
124.42	-0.010015192
124.44	-0.008144913
124.46	-0.010084695
124.48	-0.013756337
124.5	-0.015099998
124.52	-0.009936347
124.54	0.012388313
124.56	0.00846862
124.58	0.006385504
124.6	0.006609925
124.62	0.006846047
124.64	0.002225241
124.66	-0.001332066
124.68	-0.002399441
124.7	-0.002129798
124.72	0.002454592
124.74	0.006893183
124.76	0.011519131
124.78	0.013368766
124.8	0.013009271
124.82	0.013444923
124.84	0.013354001
124.86	0.010881638
124.88	0.00961378
124.9	0.010667203
124.92	0.012072044
124.94	0.015548929
124.96	0.021518403
124.98	0.023927101
125	0.026458781
125.02	0.026741561
125.04	-0.024452093
125.06	-0.015166695
125.08	0.00013951
125.1	0.01624375
125.12	0.026174303
125.14	0.024741767
125.16	0.019338505
125.18	0.0237011
125.2	0.021549915
125.22	0.001794591
125.24	-0.00197693
125.26	-0.002189239
125.28	0.001487996
125.3	-0.001700411
125.32	0.008278049
125.34	0.008512966
125.36	0.019235028
125.38	0.019289053
125.4	0.015394012
125.42	0.004955238
125.44	0.00105667
125.46	0.001824226
125.48	-0.001473904
125.5	-0.005964675
125.52	-0.00711446
125.54	-0.00744158
125.56	-0.010833553
125.58	-0.009717688
125.6	-0.00815816
125.62	-0.009835261
125.64	-0.008420859
125.66	-0.012063559
125.68	-0.014496711
125.7	-0.020630978
125.72	-0.027913299
125.74	-0.026655602
125.76	-0.028182697
125.78	-0.027059548
125.8	-0.028790126
125.82	-0.024322644
125.84	-0.001600058
125.86	-0.000944878
125.88	0.004295934
125.9	-0.003585907
125.92	-0.006943357
125.94	-0.003405148
125.96	0.003074428
125.98	0.001128091
126	0.005876783
126.02	0.021354307
126.04	0.005590986
126.06	0.011083554
126.08	0.005710616
126.1	-0.008330562
126.12	-0.00939153
126.14	0.000772504
126.16	0.008309343
126.18	0.009063642
126.2	0.010614182
126.22	0.019877009
126.24	0.017079008
126.26	0.014273922
126.28	0.009395512
126.3	0.006408386
126.32	0.007448073
126.34	0.007510456
126.36	0.00748968
126.38	0.008814222
126.4	0.015589598
126.42	0.020388626
126.44	0.022233711
126.46	0.026362396
126.48	0.023825478
126.5	0.022491143
126.52	0.020058032
126.54	0.009192321
126.56	0.006755273
126.58	0.003670824
126.6	0.000876622
126.62	-0.00954195
126.64	-0.00042658
126.66	-0.001528066
126.68	0.00270505
126.7	0.002998772
126.72	-0.000219143
126.74	0.001256387
126.76	0.000369402
126.78	0.016263672
126.8	0.007843978
126.82	0.0081088
126.84	-0.002076033
126.86	-0.002192981
126.88	-0.001374781
126.9	0.00218494
126.92	0.002615357
126.94	0.001612622
126.96	-0.000208904
126.98	0.002380272
127	-0.000104895
127.02	0.00519985
127.04	0.005333111
127.06	0.003873649
127.08	-0.001074531
127.1	-0.008948781
127.12	-0.011749647
127.14	-0.013709375
127.16	-0.019810297
127.18	-0.022054166
127.2	-0.02042286
127.22	-0.019821873
127.24	-0.016025676
127.26	-0.007029296
127.28	0.007270962
127.3	0.012146732
127.32	0.021491989
127.34	0.023396709
127.36	0.019923198
127.38	0.011126532
127.4	0.003082087
127.42	0.001637341
127.44	0.004000133
127.46	0.018195778
127.48	0.003862639
127.5	-0.007670622
127.52	-0.013234736
127.54	-0.00860142
127.56	-0.000707529
127.58	0.001476327
127.6	0.001373086
127.62	0.001258576
127.64	0.002138736
127.66	-0.017951889
127.68	-0.01884644
127.7	-0.026169314
127.72	-0.024750513
127.74	-0.022257467
127.76	-0.021764787
127.78	-0.017730644
127.8	-0.010224468
127.82	-0.003652265
127.84	0.006353753
127.86	-5.28783E-05
127.88	0.004452676
127.9	0.002284058
127.92	-0.006577645
127.94	-0.008226352
127.96	-0.017092343
127.98	-0.017124254
128	-0.007568894
128.02	-0.006849995
128.04	-0.013600158
128.06	-0.010224306
128.08	-0.014792918
128.1	-0.015178
128.12	-0.016646951
128.14	-0.019740653
128.16	-0.017680889
128.18	-0.024871901
128.2	0.009082559
128.22	-0.003060243
128.24	-0.007666755
128.26	-0.002005343
128.28	0.007513071
128.3	0.009086766
128.32	0.004902285
128.34	0.004927754
128.36	0.008933985
128.38	0.016855704
128.4	0.023237535
128.42	0.011769071
128.44	0.02237223
128.46	0.019863501
128.48	0.02142924
128.5	0.016692712
128.52	0.014002659
128.54	0.012499213
128.56	0.010729442
128.58	0.011783935
128.6	0.010935267
128.62	0.012139433
128.64	0.009980255
128.66	-0.00283424
128.68	0.001506984
128.7	0.004591702
128.72	0.00660132
128.74	0.004557311
128.76	0.003203373
128.78	0.00200811
128.8	0.000146428
128.82	-0.001395755
128.84	-0.013592548
128.86	0.000511195
128.88	0.013923555
128.9	0.011291192
128.92	0.007269396
128.94	0.007374604
128.96	0.0117731
128.98	0.01185846
129	0.012856829
129.02	0.015491401
129.04	0.02187372
129.06	0.021370975
129.08	0.023768965
129.1	0.018348364
129.12	0.017632217
129.14	0.013576048
129.16	0.018562448
129.18	0.012406726
129.2	0.021737489
129.22	0.016814503
129.24	0.012900041
129.26	0.000996496
129.28	-0.003194024
129.3	-0.003667029
129.32	-0.00226206
129.34	-0.006819612
129.36	-0.01094362
129.38	-0.011045223
129.4	-0.017899584
129.42	-0.020255702
129.44	-0.02584338
129.46	-0.024483734
129.48	-0.025655754
129.5	-0.026768877
129.52	-0.026804441
129.54	-0.022043426
129.56	-0.014211439
129.58	-0.013755121
129.6	-0.006930157
129.62	-0.002218411
129.64	-0.001558223
129.66	-0.001105499
129.68	-0.000602464
129.7	-0.005548558
129.72	-0.01021672
129.74	-0.004449451
129.76	0.009427476
129.78	0.007806172
129.8	0.007749406
129.82	0.010819785
129.84	0.015498348
129.86	0.013957562
129.88	0.010215099
129.9	-0.013804447
129.92	-0.006712414
129.94	-0.013640906
129.96	-0.012608792
129.98	-0.014488022
130	-0.015970178
130.02	-0.014337046
130.04	-0.014779209
130.06	-0.017549629
130.08	-0.02809679
130.1	-0.018809894
130.12	0.008837396
130.14	0.003675635
130.16	-0.003928421
130.18	0.004187581
130.2	0.002339565
130.22	-0.003747811
130.24	-0.003431529
130.26	-0.004775883
130.28	-0.003501861
130.3	0.013220639
130.32	0.011494602
130.34	0.010009564
130.36	0.005912982
130.38	0.001873056
130.4	-0.010830475
130.42	-0.018434122
130.44	-0.021447071
130.46	-0.017532903
130.48	-0.010653462
130.5	-0.008982034
130.52	-0.004079934
130.54	0.002410525
130.56	-0.000567097
130.58	-0.001780003
130.6	-0.005957579
130.62	-0.000119902
130.64	0.000320372
130.66	0.000907891
130.68	0.001431885
130.7	0.003038359
130.72	0.003856422
130.74	0.00304008
130.76	0.004489494
130.78	0.003707279
130.8	-0.000888563
130.82	-0.009359134
130.84	-0.011191409
130.86	-0.012556864
130.88	-0.011615473
130.9	-0.013290321
130.92	-0.013405853
130.94	-0.015134998
130.96	-0.017109457
130.98	-0.021882223
131	-0.024478038
131.02	-0.023801746
131.04	-0.020172754
131.06	-0.016172463
131.08	-0.014656863
131.1	0.008818748
131.12	-0.000992241
131.14	0.00375385
131.16	0.00014666
131.18	0.001711811
131.2	0.003026557
131.22	0.007645385
131.24	0.008541729
131.26	0.011303721
131.28	0.020305286
131.3	0.01454716
131.32	0.016851129
131.34	0.010684932
131.36	0.007748909
131.38	-0.014855397
131.4	-0.010242651
131.42	-0.019584868
131.44	-0.021323113
131.46	-0.019352935
131.48	-0.019841875
131.5	-0.018189504
131.52	-0.01764384
131.54	-0.007688024
131.56	-0.011371231
131.58	-0.006302535
131.6	-0.000722628
131.62	-0.002163039
131.64	-0.007948129
131.66	-0.010623585
131.68	-0.008130705
131.7	-0.000779485
131.72	0.020186491
131.74	0.008825424
131.76	0.011353449
131.78	0.013562261
131.8	0.017443625
131.82	0.015205119
131.84	0.007537233
131.86	0.004122988
131.88	0.004271672
131.9	0.007941648
131.92	0.006058938
131.94	0.009303229
131.96	-0.010000887
131.98	-0.007368829
132	-0.009604135
132.02	-0.009850979
132.04	-0.014418715
132.06	-0.01315329
132.08	-0.012717124
132.1	-0.009116477
132.12	-0.003536854
132.14	-0.00624217
132.16	0.003959481
132.18	-0.000543403
132.2	0.004345472
132.22	0.010432617
132.24	0.012704831
132.26	0.014908069
132.28	0.009870318
132.3	0.017064789
132.32	0.0164381
132.34	0.004850337
132.36	-0.007578275
132.38	-0.00665943
132.4	-0.010069393
132.42	-0.012167626
132.44	-0.011588797
132.46	-0.006983156
132.48	0.002256622
132.5	0.01124224
132.52	0.002679597
132.54	0.00668862
132.56	0.009120997
132.58	0.008740619
132.6	0.010545772
132.62	0.009479405
132.64	0.014789211
132.66	0.019700131
132.68	0.027388415
132.7	0.031791523
132.72	0.03236821
132.74	0.040554373
132.76	0.039543916
132.78	0.033756407
132.8	0.0329737
132.82	0.031663506
132.84	0.028678053
132.86	0.028230884
132.88	0.02871239
132.9	0.007523561
132.92	0.016353185
132.94	0.005526409
132.96	-0.000699767
132.98	0.003270593
133	0.006437799
133.02	0.003659285
133.04	-0.00425644
133.06	-0.003164646
133.08	-0.000596118
133.1	-0.015886026
133.12	-0.005344875
133.14	0.01269058
133.16	0.0090361
133.18	0.007765534
133.2	0.009313859
133.22	0.011052449
133.24	0.008390471
133.26	-0.003582353
133.28	0.000481586
133.3	0.002381652
133.32	0.009718187
133.34	0.00316477
133.36	0.003794179
133.38	0.010592044
133.4	0.012950369
133.42	0.010197401
133.44	0.007520401
133.46	0.002214847
133.48	-0.004142553
133.5	-0.00740823
133.52	-0.014457815
133.54	-0.014814414
133.56	-0.017572929
133.58	-0.015991965
133.6	-0.016197714
133.62	-0.014445523
133.64	-0.016406999
133.66	-0.018416642
133.68	-0.020226509
133.7	-0.021207233
133.72	-0.024252548
133.74	-0.030064007
133.76	-0.03091625
133.78	-0.032261264
133.8	-0.03120589
133.82	-0.029950413
133.84	-0.025986575
133.86	-0.020967937
133.88	-0.01971961
133.9	-0.019912411
133.92	-0.020582217
133.94	-0.019925529
133.96	-0.037616494
133.98	-0.032453874
134	-0.034326015
134.02	-0.017619232
134.04	0.004224385
134.06	0.009564012
134.08	0.01007506
134.1	0.009356965
134.12	0.010811638
134.14	0.010094765
134.16	0.007005535
134.18	0.004686823
134.2	0.005643127
134.22	0.017978567
134.24	0.011768806
134.26	0.009313199
134.28	0.008638185
134.3	0.006616113
134.32	0.009044208
134.34	0.011296419
134.36	0.006474607
134.38	0.000990045
134.4	0.000900722
134.42	0.006978633
134.44	0.006083627
134.46	0.0055022
134.48	0.005683418
134.5	0.003128817
134.52	0.002266766
134.54	0.004696532
134.56	0.007452113
134.58	0.008971111
134.6	0.009970371
134.62	0.009400665
134.64	0.011349797
134.66	0.013262613
134.68	0.016993461
134.7	0.015966293
134.72	0.011050076
134.74	0.002339829
134.76	-0.006739775
134.78	-0.006710012
134.8	-0.005481053
134.82	0.000156345
134.84	0.003642206
134.86	0.005884832
134.88	0.011349909
134.9	0.012481191
134.92	0.010267328
134.94	0.006756093
134.96	0.001758795
134.98	0.002235751
135	-0.001551158
135.02	0.001530558
135.04	-0.003610755
135.06	0.001011474
135.08	4.56643E-05
135.1	0.002763942
135.12	-0.000524396
135.14	-0.003041944
135.16	-0.001812606
135.18	-0.002513204
135.2	0.002033457
135.22	0.000682702
135.24	-0.000120177
135.26	-0.001413577
135.28	-0.005321169
135.3	-0.006509658
135.32	-0.005980241
135.34	-0.007712069
135.36	-0.00754283
135.38	-0.000295001
135.4	-0.006043737
135.42	-0.004408468
135.44	-0.007537081
135.46	-0.003089999
135.48	-0.005679111
135.5	-0.007881339
135.52	-0.011024967
135.54	-0.011184493
135.56	-0.009094561
135.58	-0.00839079
135.6	-0.009436557
135.62	-0.00452217
135.64	-0.000882747
135.66	0.000669906
135.68	-0.001196207
135.7	-0.000967962
135.72	-0.00187882
135.74	-0.001158614
135.76	-0.003126657
135.78	-0.002851958
135.8	-0.002571907
135.82	-0.002103293
135.84	-0.00028382
135.86	-0.00064756
135.88	0.002652406
135.9	0.00167418
135.92	0.002211158
135.94	0.001187578
135.96	0.002925366
135.98	0.003684837
136	0.003198471
136.02	0.008302402
136.04	0.005416566
136.06	0.004607731
136.08	0.002267411
136.1	0.004101839
136.12	0.004965874
136.14	0.008804272
136.16	0.007588162
136.18	0.009306721
136.2	0.00940959
136.22	0.010671286
136.24	0.005726457
136.26	0.006470174
136.28	0.006946602
136.3	0.006220751
136.32	0.003857051
136.34	0.004125142
136.36	0.004086822
136.38	0.004111658
136.4	0.005108892
136.42	0.004063588
136.44	0.005034414
136.46	0.00356415
136.48	-0.000332406
136.5	-0.001293797
136.52	-0.001669009
136.54	0.00110644
136.56	0.000811891
136.58	0.000422118
136.6	0.001239278
136.62	0.001753651
136.64	0.002438611
136.66	0.001343466
136.68	0.001357846
136.7	-0.000594311
136.72	-0.002089639
136.74	-0.003960202
136.76	-0.002714232
136.78	-0.002267069
136.8	-0.002339049
136.82	-0.004432774
136.84	-0.005557593
136.86	-0.00520112
136.88	-0.005596922
136.9	-0.004175124
136.92	-0.003010832
136.94	-0.003516643
136.96	-0.003675287
136.98	-0.005907422
137	-0.004863642
137.02	-0.004928705
137.04	-0.004572985
137.06	-0.005174211
137.08	-0.005403033
137.1	-0.004816009
137.12	-0.005284693
137.14	-0.004904418
137.16	-0.003247067
137.18	-0.002690274
137.2	-0.001695141
137.22	-0.003312336
137.24	-0.004290931
137.26	-0.005051994
137.28	-0.003495653
137.3	-0.001741301
137.32	-0.001305669
137.34	0.000110675
137.36	-2.04738E-05
137.38	0.000746572
137.4	0.000634812
137.42	0.001272828
137.44	0.001223936
137.46	0.000427181
137.48	0.000717334
137.5	0.000342697
137.52	0.000902398
137.54	0.001999546
137.56	0.003789614
137.58	0.004068315
137.6	0.00403354
137.62	0.003768611
137.64	0.003833085
137.66	0.004740863
137.68	0.005845254
137.7	0.005279394
137.72	0.005340347
137.74	0.004610769
137.76	0.004014988
137.78	0.003520089
137.8	0.004032161
137.82	0.004608403
137.84	0.004772384
137.86	0.004071365
137.88	0.003630291
137.9	0.004113495
137.92	0.004133055
137.94	0.003746602
137.96	0.003014211
137.98	0.00180859
138	0.001181548
138.02	0.001800969
138.04	0.001170967
138.06	0.002130822
138.08	0.002269628
138.1	0.002202104
138.12	0.001291676
138.14	0.000575741
138.16	-0.000185065
138.18	-0.000506619
138.2	-0.000726878
138.22	-0.001363746
138.24	-0.001751259
138.26	-0.002207315
138.28	-0.001991689
138.3	-0.001622227
138.32	-0.001297198
138.34	-0.001432115
138.36	-0.002065005
138.38	-0.002849184
138.4	-0.003768684
138.42	-0.003895824
138.44	-0.003708354
138.46	-0.003804768
138.48	-0.00368529
138.5	-0.004164094
138.52	-0.004437765
138.54	-0.004276902
138.56	-0.00380281
138.58	-0.003507851
138.6	-0.002973894
138.62	-0.003235482
138.64	-0.003033086
138.66	-0.003154627
138.68	-0.003050812
138.7	-0.003240597
138.72	-0.003433395
138.74	-0.003433958
138.76	-0.003564666
138.78	-0.003124033
138.8	-0.002488942
138.82	-0.001494229
138.84	-0.000910273
138.86	-0.000741508
138.88	-0.000703095
138.9	-0.000657469
138.92	-0.000572885
138.94	-0.000163783
138.96	0.000407733
138.98	0.000957847
139	0.001338562
139.02	0.001092638
139.04	0.001872572
139.06	0.002267699
139.08	0.002625164
139.1	0.002643009
139.12	0.002351675
139.14	0.002187076
139.16	0.001921737
139.18	0.002213636
139.2	0.002756768
139.22	0.003156571
139.24	0.003570333
139.26	0.003379844
139.28	0.003374737
139.3	0.003608539
139.32	0.003728315
139.34	0.003568595
139.36	0.003556119
139.38	0.003289356
139.4	0.003024259
139.42	0.002628541
139.44	0.002437927
139.46	0.002376986
139.48	0.002454414
139.5	0.002354882
139.52	0.002155587
139.54	0.002221745
139.56	0.002280219
139.58	0.002295812
139.6	0.002060086
139.62	0.001406752
139.64	0.000658137
139.66	2.07799E-05
139.68	-0.000400907
139.7	-0.000389139
139.72	-0.000677496
139.74	-0.000771984
139.76	-0.000821664
139.78	-0.001109414
139.8	-0.001239113
139.82	-0.00140099
139.84	-0.001574439
139.86	-0.001843001
139.88	-0.002259212
139.9	-0.002618602
139.92	-0.002588751
139.94	-0.002480415
139.96	-0.002289714
139.98	-0.002274414
140	-0.002222012
140.02	-0.002415734
140.04	-0.002724713
140.06	-0.002993075
140.08	-0.003075887
140.1	-0.003084323
140.12	-0.003071977
140.14	-0.003282216
140.16	-0.003205992
140.18	-0.003114704
140.2	-0.002818343
140.22	-0.00259077
140.24	-0.002392992
140.26	-0.002302504
140.28	-0.002201836
140.3	-0.001935061
140.32	-0.001699646
140.34	-0.001504967
140.36	-0.001242888
140.38	-0.001163589
140.4	-0.001047387
140.42	-0.000892958
140.44	-0.000475953
140.46	0.000111106
140.48	0.00053113
140.5	0.000818588
140.52	0.000967877
140.54	0.00116402
140.56	0.001287549
140.58	0.001382961
140.6	0.001336951
140.62	0.001352489
140.64	0.00141256
140.66	0.001462129
140.68	0.001654239
140.7	0.001932031
140.72	0.002222338
140.74	0.002413548
140.76	0.002434784
140.78	0.002440736
140.8	0.00260736
140.82	0.002552452
140.84	0.002658566
140.86	0.002690898
140.88	0.002926006
140.9	0.002771506
140.92	0.002756741
140.94	0.002438341
140.96	0.002550979
140.98	0.002469513
141	0.002288859
141.02	0.001879536
141.04	0.001495334
141.06	0.001319922
141.08	0.001295509
141.1	0.001105247
141.12	0.000912424
141.14	0.000729339
141.16	0.000651698
141.18	0.000495055
141.2	0.000329392
141.22	0.000152587
141.24	-4.15935E-06
141.26	-0.000225985
141.28	-0.000519631
141.3	-0.000831548
141.32	-0.000972937
141.34	-0.001137889
141.36	-0.001317155
141.38	-0.001488091
141.4	-0.001569573
141.42	-0.001589441
141.44	-0.001606694
141.46	-0.001661853
141.48	-0.001816847
141.5	-0.001928583
141.52	-0.002163582
141.54	-0.002409754
141.56	-0.002541954
141.58	-0.002579286
141.6	-0.002624567
141.62	-0.002614864
141.64	-0.002487677
141.66	-0.002419067
141.68	-0.002260714
141.7	-0.002207707
141.72	-0.002010507
141.74	-0.001946624
141.76	-0.001815066
141.78	-0.001816937
141.8	-0.001500459
141.82	-0.00137445
141.84	-0.001182406
141.86	-0.001028874
141.88	-0.000927976
141.9	-0.000707155
141.92	-0.000712119
141.94	-0.000636093
141.96	-0.000455905
141.98	-0.000268989
142	-9.92103E-05
142.02	2.1779E-05
142.04	0.000235174
142.06	0.000464723
142.08	0.000786435
142.1	0.001005983
142.12	0.001188783
142.14	0.001345961
142.16	0.001496295
142.18	0.00158257
142.2	0.001698185
142.22	0.001787001
142.24	0.001841636
142.26	0.001843452
142.28	0.00181645
142.3	0.00181333
142.32	0.001902441
142.34	0.002022173
142.36	0.002087994
142.38	0.00214539
142.4	0.002102969
142.42	0.002067474
142.44	0.001965905
142.46	0.001924145
142.48	0.001791019
142.5	0.001633409
142.52	0.001527114
142.54	0.001378434
142.56	0.001340309
142.58	0.001265151
142.6	0.001228173
142.62	0.001186903
142.64	0.000977786
142.66	0.000773471
142.68	0.000641985
142.7	0.000479535
142.72	0.000339548
142.74	0.000131551
142.76	-3.97759E-05
142.78	-0.000196556
142.8	-0.000375412
142.82	-0.000527079
142.84	-0.000675077
142.86	-0.000830675
142.88	-0.001031613
142.9	-0.0012253
142.92	-0.001359914
142.94	-0.001455848
142.96	-0.001484695
142.98	-0.001523579
143	-0.001569794
143.02	-0.001626507
143.04	-0.001657823
143.06	-0.001674016
143.08	-0.001665265
143.1	-0.001662921
143.12	-0.001678725
143.14	-0.001738045
143.16	-0.001816151
143.18	-0.001857644
143.2	-0.001852725
143.22	-0.001798309
143.24	-0.001743741
143.26	-0.001707466
143.28	-0.001598118
143.3	-0.001458401
143.32	-0.001290381
143.34	-0.001121084
143.36	-0.001013461
143.38	-0.000904259
143.4	-0.00082305
143.42	-0.000749237
143.44	-0.0006111
143.46	-0.000442924
143.48	-0.000251957
143.5	-0.000101962
143.52	4.11665E-05
143.54	0.000218211
143.56	0.000388906
143.58	0.0005445
143.6	0.000671886
143.62	0.000763008
143.64	0.000857821
143.66	0.000921762
143.68	0.001008142
143.7	0.001126986
143.72	0.00123077
143.74	0.001309982
143.76	0.001349607
143.78	0.001382416
143.8	0.001408383
143.82	0.001442807
143.84	0.001483766
143.86	0.001522811
143.88	0.001546134
143.9	0.001548892
143.92	0.001566283
143.94	0.001621195
143.96	0.001615743
143.98	0.00159625
144	0.00157133
144.02	0.001499798
144.04	0.00141703
144.06	0.001306251
144.08	0.001197975
144.1	0.001073956
144.12	0.00089084
144.14	0.000703544
144.16	0.000582068
144.18	0.00047731
144.2	0.000399631
144.22	0.000319542
144.24	0.000235226
144.26	0.000138259
144.28	2.14683E-05
144.3	-9.58286E-05
144.32	-0.000218545
144.34	-0.000346222
144.36	-0.000485283
144.38	-0.000635453
144.4	-0.000758521
144.42	-0.000854785
144.44	-0.000927081
144.46	-0.00097815
144.48	-0.001046492
144.5	-0.00112287
144.52	-0.001199046
144.54	-0.001273905
144.56	-0.001331566
144.58	-0.001376043
144.6	-0.001410787
144.62	-0.001440731
144.64	-0.001459063
144.66	-0.001459393
144.68	-0.001450936
144.7	-0.001411513
144.72	-0.00139147
144.74	-0.001370929
144.76	-0.00132996
144.78	-0.001271575
144.8	-0.001185057
144.82	-0.00108675
144.84	-0.000998095
144.86	-0.00089099
144.88	-0.000794904
144.9	-0.000698422
144.92	-0.000576566
144.94	-0.000462629
144.96	-0.000356468
144.98	-0.000268088
145	-0.000193071
145.02	-0.000118406
145.04	-4.11872E-05
145.06	3.84927E-05
145.08	0.000140269
145.1	0.000246786
145.12	0.000355217
145.14	0.000473778
145.16	0.00061084
145.18	0.000746779
145.2	0.000859043
145.22	0.000952304
145.24	0.001020084
145.26	0.001065107
145.28	0.001096481
145.3	0.001122694
145.32	0.001159136
145.34	0.001189344
145.36	0.001206289
145.38	0.001225134
145.4	0.001250069
145.42	0.001269012
145.44	0.001263806
145.46	0.001247791
145.48	0.001215895
145.5	0.001167699