0	0
0.02	-2.45117E-06
0.04	-2.45121E-06
0.06	-2.45125E-06
0.08	-2.45135E-06
0.1	-2.4515E-06
0.12	-2.4517E-06
0.14	-2.45199E-06
0.16	-2.45233E-06
0.18	-2.45266E-06
0.2	-2.45306E-06
0.22	-2.45365E-06
0.24	-2.4549E-06
0.26	-2.45857E-06
0.28	-2.46873E-06
0.3	-2.48997E-06
0.32	-2.51958E-06
0.34	-2.54633E-06
0.36	-2.56744E-06
0.38	-2.59276E-06
0.4	-2.61964E-06
0.42	-2.64301E-06
0.44	-2.66892E-06
0.46	-2.69274E-06
0.48	-2.71761E-06
0.5	-2.74445E-06
0.52	-2.7697E-06
0.54	-2.79609E-06
0.56	-2.81977E-06
0.58	-2.84586E-06
0.6	-2.87372E-06
0.62	-2.90735E-06
0.64	-2.94585E-06
0.66	-2.99008E-06
0.68	-3.03129E-06
0.7	-3.06784E-06
0.72	-3.09987E-06
0.74	-3.13318E-06
0.76	-3.16499E-06
0.78	-3.19168E-06
0.8	-3.21632E-06
0.82	-3.24092E-06
0.84	-3.26302E-06
0.86	-3.28345E-06
0.88	-3.30365E-06
0.9	-3.31989E-06
0.92	-3.33567E-06
0.94	-3.35151E-06
0.96	-3.36395E-06
0.98	-3.37635E-06
1	-3.38659E-06
1.02	-3.39592E-06
1.04	-3.40438E-06
1.06	-3.40994E-06
1.08	-3.41518E-06
1.1	-3.41843E-06
1.12	-3.4213E-06
1.14	-3.42005E-06
1.16	-3.41328E-06
1.18	-3.40154E-06
1.2	-3.38499E-06
1.22	-3.36753E-06
1.24	-3.35153E-06
1.26	-3.33882E-06
1.28	-3.32775E-06
1.3	-3.31626E-06
1.32	-3.3031E-06
1.34	-3.29271E-06
1.36	-3.28425E-06
1.38	-3.27443E-06
1.4	-3.26235E-06
1.42	-3.25156E-06
1.44	-3.24257E-06
1.46	-3.23372E-06
1.48	-3.22204E-06
1.5	-3.20807E-06
1.52	-3.19069E-06
1.54	-3.17206E-06
1.56	-3.15547E-06
1.58	-3.14206E-06
1.6	-3.13113E-06
1.62	-3.12425E-06
1.64	-3.1193E-06
1.66	-3.11417E-06
1.68	-3.11132E-06
1.7	-3.10986E-06
1.72	-3.10956E-06
1.74	-3.10867E-06
1.76	-3.10696E-06
1.78	-3.1066E-06
1.8	-3.10694E-06
1.82	-3.10631E-06
1.84	-3.10504E-06
1.86	-3.10347E-06
1.88	-3.10168E-06
1.9	-3.0996E-06
1.92	-3.09686E-06
1.94	-3.09406E-06
1.96	-3.0897E-06
1.98	-3.08545E-06
2	-3.08113E-06
2.02	-3.07553E-06
2.04	-3.07152E-06
2.06	-3.06938E-06
2.08	-3.06744E-06
2.1	-3.0634E-06
2.12	-3.05577E-06
2.14	-3.04299E-06
2.16	-3.02657E-06
2.18	-3.00733E-06
2.2	-2.98482E-06
2.22	-2.96045E-06
2.24	-2.93385E-06
2.26	-2.90471E-06
2.28	-2.8738E-06
2.3	-2.84205E-06
2.32	-2.80861E-06
2.34	-2.7728E-06
2.36	-2.73485E-06
2.38	-2.6974E-06
2.4	-2.66092E-06
2.42	-2.62348E-06
2.44	-2.58213E-06
2.46	-2.53654E-06
2.48	-2.48731E-06
2.5	-2.43424E-06
2.52	-2.37818E-06
2.54	-2.32014E-06
2.56	-2.25983E-06
2.58	-2.19832E-06
2.6	-2.13571E-06
2.62	-2.07249E-06
2.64	-2.00797E-06
2.66	-1.94321E-06
2.68	-1.87808E-06
2.7	-1.81198E-06
2.72	-1.7449E-06
2.74	-1.67794E-06
2.76	-1.61099E-06
2.78	-1.54296E-06
2.8	-1.474E-06
2.82	-1.40446E-06
2.84	-1.33447E-06
2.86	-1.26412E-06
2.88	-1.19274E-06
2.9	-1.12029E-06
2.92	-1.04641E-06
2.94	-9.7078E-07
2.96	-8.94023E-07
2.98	-8.17261E-07
3	-7.41449E-07
3.02	-6.68017E-07
3.04	-5.96428E-07
3.06	-5.24876E-07
3.08	-4.52994E-07
3.1	-3.80583E-07
3.12	-3.0743E-07
3.14	-2.32905E-07
3.16	-1.56458E-07
3.18	-7.84808E-08
3.2	1.30859E-09
3.22	8.25289E-08
3.24	1.6556E-07
3.26	2.51242E-07
3.28	3.39452E-07
3.3	4.29973E-07
3.32	5.22235E-07
3.34	6.14094E-07
3.36	7.05509E-07
3.38	7.97736E-07
3.4	8.91851E-07
3.42	9.88024E-07
3.44	1.08634E-06
3.46	1.18735E-06
3.48	1.29161E-06
3.5	1.39953E-06
3.52	1.51057E-06
3.54	1.62472E-06
3.56	1.74214E-06
3.58	1.86247E-06
3.6	1.98619E-06
3.62	2.11301E-06
3.64	2.24267E-06
3.66	2.37504E-06
3.68	2.51048E-06
3.7	2.64851E-06
3.72	2.78869E-06
3.74	2.93176E-06
3.76	3.07764E-06
3.78	3.22583E-06
3.8	3.3759E-06
3.82	3.52791E-06
3.84	3.68229E-06
3.86	3.83973E-06
3.88	4.00074E-06
3.9	4.16585E-06
3.92	4.33476E-06
3.94	4.50684E-06
3.96	4.68115E-06
3.98	4.85707E-06
4	5.03434E-06
4.02	5.21299E-06
4.04	5.39282E-06
4.06	5.5736E-06
4.08	5.75533E-06
4.1	5.93854E-06
4.12	6.12336E-06
4.14	6.30925E-06
4.16	6.49595E-06
4.18	6.684E-06
4.2	6.8741E-06
4.22	7.0669E-06
4.24	7.26276E-06
4.26	7.46117E-06
4.28	7.66158E-06
4.3	7.86328E-06
4.32	8.06596E-06
4.34	8.26968E-06
4.36	8.47444E-06
4.38	8.68009E-06
4.4	8.88641E-06
4.42	9.0939E-06
4.44	9.30312E-06
4.46	9.51412E-06
4.48	9.72667E-06
4.5	9.94107E-06
4.52	1.01575E-05
4.54	1.03763E-05
4.56	1.05976E-05
4.58	1.08213E-05
4.6	1.10476E-05
4.62	1.12765E-05
4.64	1.15081E-05
4.66	1.17426E-05
4.68	1.19798E-05
4.7	1.22201E-05
4.72	1.24634E-05
4.74	1.27094E-05
4.76	1.29573E-05
4.78	1.32069E-05
4.8	1.34588E-05
4.82	1.37134E-05
4.84	1.39711E-05
4.86	1.42326E-05
4.88	1.44981E-05
4.9	1.47677E-05
4.92	1.50413E-05
4.94	1.53188E-05
4.96	1.56E-05
4.98	1.58847E-05
5	1.61728E-05
5.02	1.64641E-05
5.04	1.67587E-05
5.06	1.70564E-05
5.08	1.7357E-05
5.1	1.76598E-05
5.12	1.79644E-05
5.14	1.82712E-05
5.16	1.85808E-05
5.18	1.88935E-05
5.2	1.92094E-05
5.22	1.95287E-05
5.24	1.98513E-05
5.26	2.0177E-05
5.28	2.05058E-05
5.3	2.08374E-05
5.32	2.11715E-05
5.34	2.15078E-05
5.36	2.18461E-05
5.38	2.21865E-05
5.4	2.25288E-05
5.42	2.28731E-05
5.44	2.32188E-05
5.46	2.35661E-05
5.48	2.39151E-05
5.5	2.42658E-05
5.52	2.46181E-05
5.54	2.4972E-05
5.56	2.53274E-05
5.58	2.56844E-05
5.6	2.60431E-05
5.62	2.64037E-05
5.64	2.67665E-05
5.66	2.71314E-05
5.68	2.74987E-05
5.7	2.78679E-05
5.72	2.82383E-05
5.74	2.86098E-05
5.76	2.89822E-05
5.78	2.93556E-05
5.8	2.97301E-05
5.82	3.01058E-05
5.84	3.0483E-05
5.86	3.0862E-05
5.88	3.1243E-05
5.9	3.1626E-05
5.92	3.2011E-05
5.94	3.23981E-05
5.96	3.27876E-05
5.98	3.31796E-05
6	3.35744E-05
6.02	3.39717E-05
6.04	3.43712E-05
6.06	3.47725E-05
6.08	3.51754E-05
6.1	3.55798E-05
6.12	3.59858E-05
6.14	3.63935E-05
6.16	3.68029E-05
6.18	3.72143E-05
6.2	3.76277E-05
6.22	3.80435E-05
6.24	3.84615E-05
6.26	3.88817E-05
6.28	3.93041E-05
6.3	3.97287E-05
6.32	4.01553E-05
6.34	4.05841E-05
6.36	4.10147E-05
6.38	4.14471E-05
6.4	4.18811E-05
6.42	4.23165E-05
6.44	4.27533E-05
6.46	4.31915E-05
6.48	4.36308E-05
6.5	4.4071E-05
6.52	4.45118E-05
6.54	4.49531E-05
6.56	4.53949E-05
6.58	4.58372E-05
6.6	4.62804E-05
6.62	4.67244E-05
6.64	4.71695E-05
6.66	4.76154E-05
6.68	4.80617E-05
6.7	4.85083E-05
6.72	4.89548E-05
6.74	4.9401E-05
6.76	4.98466E-05
6.78	5.02913E-05
6.8	5.07353E-05
6.82	5.11783E-05
6.84	5.16204E-05
6.86	5.20612E-05
6.88	5.25006E-05
6.9	5.29387E-05
6.92	5.33757E-05
6.94	5.38118E-05
6.96	5.4247E-05
6.98	5.46815E-05
7	5.51149E-05
7.02	5.55472E-05
7.04	5.59781E-05
7.06	5.64074E-05
7.08	5.6835E-05
7.1	5.72606E-05
7.12	5.76841E-05
7.14	5.81055E-05
7.16	5.85249E-05
7.18	5.89421E-05
7.2	5.93571E-05
7.22	5.977E-05
7.24	6.01806E-05
7.26	6.05891E-05
7.28	6.09954E-05
7.3	6.13996E-05
7.32	6.18016E-05
7.34	6.22013E-05
7.36	6.25986E-05
7.38	6.29935E-05
7.4	6.33862E-05
7.42	6.37764E-05
7.44	6.4164E-05
7.46	6.45488E-05
7.48	6.49304E-05
7.5	6.53086E-05
7.52	6.56833E-05
7.54	6.60543E-05
7.56	6.64217E-05
7.58	6.67855E-05
7.6	6.71458E-05
7.62	6.75025E-05
7.64	6.78557E-05
7.66	6.82052E-05
7.68	6.85508E-05
7.7	6.88923E-05
7.72	6.92295E-05
7.74	6.95622E-05
7.76	6.98902E-05
7.78	7.02133E-05
7.8	7.05312E-05
7.82	7.08434E-05
7.84	7.11495E-05
7.86	7.14496E-05
7.88	7.17433E-05
7.9	7.20307E-05
7.92	7.23116E-05
7.94	7.25861E-05
7.96	7.28539E-05
7.98	7.3115E-05
8	7.33692E-05
8.02	7.36162E-05
8.04	7.38558E-05
8.06	7.40878E-05
8.08	7.43118E-05
8.1	7.45277E-05
8.12	7.47351E-05
8.14	7.4934E-05
8.16	7.51239E-05
8.18	7.53046E-05
8.2	7.5476E-05
8.22	7.56379E-05
8.24	7.57902E-05
8.26	7.59325E-05
8.28	7.60647E-05
8.3	7.61867E-05
8.32	7.62982E-05
8.34	7.63993E-05
8.36	7.64898E-05
8.38	7.65697E-05
8.4	7.66389E-05
8.42	7.66972E-05
8.44	7.67441E-05
8.46	7.67795E-05
8.48	7.6803E-05
8.5	7.68143E-05
8.52	7.68131E-05
8.54	7.67994E-05
8.56	7.6773E-05
8.58	7.67338E-05
8.6	7.66816E-05
8.62	7.66164E-05
8.64	7.6538E-05
8.66	7.64462E-05
8.68	7.63409E-05
8.7	7.62221E-05
8.72	7.60896E-05
8.74	7.59433E-05
8.76	7.57828E-05
8.78	7.56077E-05
8.8	7.54178E-05
8.82	7.52128E-05
8.84	7.49923E-05
8.86	7.4756E-05
8.88	7.45037E-05
8.9	7.42353E-05
8.92	7.39505E-05
8.94	7.36491E-05
8.96	7.3331E-05
8.98	7.29959E-05
9	7.26435E-05
9.02	7.22736E-05
9.04	7.1886E-05
9.06	7.14804E-05
9.08	7.10565E-05
9.1	7.06139E-05
9.12	7.01524E-05
9.14	6.96717E-05
9.16	6.91714E-05
9.18	6.86512E-05
9.2	6.81107E-05
9.22	6.75497E-05
9.24	6.69676E-05
9.26	6.63642E-05
9.28	6.5739E-05
9.3	6.50918E-05
9.32	6.44225E-05
9.34	6.37307E-05
9.36	6.30164E-05
9.38	6.22791E-05
9.4	6.15187E-05
9.42	6.07348E-05
9.44	5.99269E-05
9.46	5.90948E-05
9.48	5.8238E-05
9.5	5.73562E-05
9.52	5.6449E-05
9.54	5.55161E-05
9.56	5.45571E-05
9.58	5.35717E-05
9.6	5.25595E-05
9.62	5.15202E-05
9.64	5.04537E-05
9.66	4.93596E-05
9.68	4.82379E-05
9.7	4.70883E-05
9.72	4.59106E-05
9.74	4.47043E-05
9.76	4.34694E-05
9.78	4.22053E-05
9.8	4.09118E-05
9.82	3.95885E-05
9.84	3.8235E-05
9.86	3.68511E-05
9.88	3.54364E-05
9.9	3.39906E-05
9.92	3.25134E-05
9.94	3.10046E-05
9.96	2.94637E-05
9.98	2.78907E-05
10	2.62851E-05
10.02	2.46468E-05
10.04	2.29753E-05
10.06	2.12705E-05
10.08	1.95321E-05
10.1	1.77597E-05
10.12	1.59531E-05
10.14	1.4112E-05
10.16	1.22361E-05
10.18	1.0325E-05
10.2	8.37834E-06
10.22	6.39566E-06
10.24	4.37657E-06
10.26	2.32069E-06
10.28	2.27688E-07
10.3	-1.90275E-06
10.32	-4.07089E-06
10.34	-6.27702E-06
10.36	-8.52143E-06
10.38	-1.08044E-05
10.4	-1.31263E-05
10.42	-1.54874E-05
10.44	-1.78882E-05
10.46	-2.03289E-05
10.48	-2.28099E-05
10.5	-2.53315E-05
10.52	-2.78943E-05
10.54	-3.04986E-05
10.56	-3.31448E-05
10.58	-3.58335E-05
10.6	-3.85648E-05
10.62	-4.13393E-05
10.64	-4.41572E-05
10.66	-4.70188E-05
10.68	-4.99245E-05
10.7	-5.28744E-05
10.72	-5.58689E-05
10.74	-5.89084E-05
10.76	-6.19931E-05
10.78	-6.51234E-05
10.8	-6.82997E-05
10.82	-7.15222E-05
10.84	-7.47913E-05
10.86	-7.81073E-05
10.88	-8.14707E-05
10.9	-8.48817E-05
10.92	-8.83406E-05
10.94	-9.18478E-05
10.96	-9.54035E-05
10.98	-9.90081E-05
11	-0.000102662
11.02	-0.000106365
11.04	-0.000110118
11.06	-0.000113921
11.08	-0.000117774
11.1	-0.000121677
11.12	-0.000125631
11.14	-0.000129636
11.16	-0.000133692
11.18	-0.000137799
11.2	-0.000141958
11.22	-0.000146169
11.24	-0.000150432
11.26	-0.000154748
11.28	-0.000159116
11.3	-0.000163538
11.32	-0.000168012
11.34	-0.00017254
11.36	-0.000177122
11.38	-0.000181757
11.4	-0.000186446
11.42	-0.00019119
11.44	-0.000195987
11.46	-0.000200839
11.48	-0.000205746
11.5	-0.000210708
11.52	-0.000215724
11.54	-0.000220796
11.56	-0.000225923
11.58	-0.000231107
11.6	-0.000236346
11.62	-0.000241641
11.64	-0.000246993
11.66	-0.000252401
11.68	-0.000257865
11.7	-0.000263387
11.72	-0.000268965
11.74	-0.000274601
11.76	-0.000280293
11.78	-0.000286043
11.8	-0.000291851
11.82	-0.000297715
11.84	-0.000303638
11.86	-0.000309618
11.88	-0.000315656
11.9	-0.000321752
11.92	-0.000327906
11.94	-0.000334118
11.96	-0.000340389
11.98	-0.000346718
12	-0.000353105
12.02	-0.000359551
12.04	-0.000366056
12.06	-0.000372619
12.08	-0.00037924
12.1	-0.00038592
12.12	-0.000392658
12.14	-0.000399455
12.16	-0.00040631
12.18	-0.000413224
12.2	-0.000420195
12.22	-0.000427225
12.24	-0.000434313
12.26	-0.000441459
12.28	-0.000448664
12.3	-0.000455926
12.32	-0.000463246
12.34	-0.000470623
12.36	-0.000478059
12.38	-0.000485551
12.4	-0.000493101
12.42	-0.000500708
12.44	-0.000508371
12.46	-0.000516091
12.48	-0.000523867
12.5	-0.000531699
12.52	-0.000539586
12.54	-0.000547529
12.56	-0.000555527
12.58	-0.00056358
12.6	-0.000571687
12.62	-0.000579848
12.64	-0.000588064
12.66	-0.000596333
12.68	-0.000604655
12.7	-0.00061303
12.72	-0.000621457
12.74	-0.000629936
12.76	-0.000638467
12.78	-0.000647049
12.8	-0.000655681
12.82	-0.000664364
12.84	-0.000673096
12.86	-0.000681877
12.88	-0.000690707
12.9	-0.000699585
12.92	-0.00070851
12.94	-0.000717483
12.96	-0.000726501
12.98	-0.000735566
13	-0.000744675
13.02	-0.00075383
13.04	-0.000763028
13.06	-0.00077227
13.08	-0.000781554
13.1	-0.00079088
13.12	-0.000800248
13.14	-0.000809655
13.16	-0.000819103
13.18	-0.000828589
13.2	-0.000838113
13.22	-0.000847674
13.24	-0.000857272
13.26	-0.000866905
13.28	-0.000876573
13.3	-0.000886275
13.32	-0.000896009
13.34	-0.000905776
13.36	-0.000915573
13.38	-0.000925401
13.4	-0.000935257
13.42	-0.000945142
13.44	-0.000955053
13.46	-0.00096499
13.48	-0.000974952
13.5	-0.000984937
13.52	-0.000994944
13.54	-0.001004972
13.56	-0.00101502
13.58	-0.001025086
13.6	-0.00103517
13.62	-0.00104527
13.64	-0.001055385
13.66	-0.001065513
13.68	-0.001075653
13.7	-0.001085803
13.72	-0.001095963
13.74	-0.00110613
13.76	-0.001116303
13.78	-0.001126481
13.8	-0.001136663
13.82	-0.001146845
13.84	-0.001157028
13.86	-0.001167208
13.88	-0.001177386
13.9	-0.001187558
13.92	-0.001197723
13.94	-0.001207879
13.96	-0.001218025
13.98	-0.001228159
14	-0.001238278
14.02	-0.001248382
14.04	-0.001258468
14.06	-0.001268534
14.08	-0.001278579
14.1	-0.0012886
14.12	-0.001298595
14.14	-0.001308562
14.16	-0.001318499
14.18	-0.001328404
14.2	-0.001338275
14.22	-0.00134811
14.24	-0.001357906
14.26	-0.001367661
14.28	-0.001377372
14.3	-0.001387039
14.32	-0.001396657
14.34	-0.001406226
14.36	-0.001415742
14.38	-0.001425203
14.4	-0.001434606
14.42	-0.001443949
14.44	-0.00145323
14.46	-0.001462446
14.48	-0.001471594
14.5	-0.001480672
14.52	-0.001489676
14.54	-0.001498604
14.56	-0.001507454
14.58	-0.001516223
14.6	-0.001524907
14.62	-0.001533503
14.64	-0.00154201
14.66	-0.001550424
14.68	-0.001558741
14.7	-0.00156696
14.72	-0.001575076
14.74	-0.001583087
14.76	-0.001590989
14.78	-0.00159878
14.8	-0.001606456
14.82	-0.001614014
14.84	-0.001621451
14.86	-0.001628762
14.88	-0.001635945
14.9	-0.001642997
14.92	-0.001649913
14.94	-0.00165669
14.96	-0.001663325
14.98	-0.001669814
15	-0.001676806
15.02	-0.001682525
15.04	-0.001688955
15.06	-0.001695957
15.08	-0.001699225
15.1	-0.001708207
15.12	-0.001709894
15.14	-0.001715967
15.16	-0.00171786
15.18	-0.001721413
15.2	-0.001718075
15.22	-0.001695791
15.24	-0.001744743
15.26	-0.002013859
15.28	-0.00194039
15.3	-0.00094324
15.32	-0.00232024
15.34	-0.000556528
15.36	-0.002365146
15.38	-0.000601267
15.4	-0.002076246
15.42	0.000462297
15.44	0.000723688
15.46	0.010096041
15.48	0.014107562
15.5	0.018647108
15.52	0.017447701
15.54	0.002506409
15.56	-0.024831655
15.58	-0.025576621
15.6	-0.029326867
15.62	-0.020080862
15.64	0.03744071
15.66	-0.001590841
15.68	-0.021473998
15.7	-0.018033538
15.72	-0.012622038
15.74	-0.011075461
15.76	0.051702474
15.78	0.027238954
15.8	0.040927738
15.82	0.045413446
15.84	0.034949323
15.86	0.036630323
15.88	0.04148545
15.9	0.040294711
15.92	0.039662398
15.94	0.002910813
15.96	-0.038168972
15.98	-0.024626758
16	-0.013417932
16.02	-0.023963855
16.04	-0.040378701
16.06	-0.053143691
16.08	-0.064954089
16.1	-0.074755599
16.12	-0.072154079
16.14	-0.060971474
16.16	-0.052489107
16.18	-0.056028964
16.2	-0.054877679
16.22	-0.05420849
16.24	-0.046846811
16.26	-0.031638392
16.28	0.017092361
16.3	0.046086073
16.32	0.061275849
16.34	0.05337039
16.36	0.060439706
16.38	0.064757953
16.4	0.072332605
16.42	0.082522776
16.44	0.085705407
16.46	0.080690165
16.48	0.08628737
16.5	0.097404587
16.52	0.09964433
16.54	0.092017039
16.56	0.064855368
16.58	0.077618376
16.6	0.07606227
16.62	0.070084129
16.64	0.076275394
16.66	0.073961651
16.68	0.074015925
16.7	0.078661866
16.72	0.083309073
16.74	0.086803016
16.76	0.084736933
16.78	0.056537569
16.8	0.018812968
16.82	-0.017957192
16.84	-0.040378964
16.86	-0.049215165
16.88	-0.033187524
16.9	-0.026479128
16.92	-0.007690144
16.94	0.026982568
16.96	0.099940488
16.98	0.090663619
17	0.082961166
17.02	0.081115189
17.04	0.067738617
17.06	0.077451226
17.08	0.060617727
17.1	0.049923681
17.12	0.06729859
17.14	0.037059632
17.16	-0.024328054
17.18	0.004063657
17.2	-0.03668487
17.22	-0.047633213
17.24	-0.051412004
17.26	-0.06115993
17.28	-0.067618887
17.3	-0.078597587
17.32	-0.100302765
17.34	-0.101594279
17.36	-0.102617123
17.38	-0.117332417
17.4	-0.130302062
17.42	-0.144968671
17.44	-0.166009493
17.46	-0.176411017
17.48	-0.169340955
17.5	-0.166210568
17.52	-0.17510463
17.54	-0.174018592
17.56	-0.176344742
17.58	-0.167221552
17.6	-0.002580083
17.62	0.20074312
17.64	0.205131938
17.66	0.168424103
17.68	0.077863314
17.7	0.107892675
17.72	0.152320628
17.74	0.200939182
17.76	0.192595436
17.78	0.208892237
17.8	0.274624931
17.82	0.23835558
17.84	0.251439093
17.86	0.217800759
17.88	0.077157346
17.9	0.023362331
17.92	0.018683527
17.94	0.01820695
17.96	0.020839337
17.98	0.045168625
18	0.061490417
18.02	-0.022045139
18.04	-0.127017023
18.06	-0.102698593
18.08	-0.126497041
18.1	-0.104291033
18.12	-0.10540034
18.14	-0.100815233
18.16	-0.18303477
18.18	-0.182507172
18.2	-0.143556171
18.22	-0.189115243
18.24	-0.189425183
18.26	-0.194326407
18.28	-0.247439
18.3	-0.254089487
18.32	-0.290498675
18.34	-0.317859062
18.36	-0.291872452
18.38	-0.229757512
18.4	-0.202954163
18.42	-0.192151213
18.44	-0.173442005
18.46	-0.180987258
18.48	-0.225644545
18.5	-0.24160061
18.52	-0.275311362
18.54	-0.268023757
18.56	-0.263118223
18.58	-0.24842927
18.6	-0.09983207
18.62	-0.105626308
18.64	-0.039524642
18.66	0.007006237
18.68	0.031355433
18.7	0.104421445
18.72	0.031271719
18.74	-0.022706486
18.76	0.053112618
18.78	0.102578369
18.8	0.070971996
18.82	0.075208959
18.84	0.117148679
18.86	0.087666586
18.88	0.134666743
18.9	0.14322232
18.92	0.111806251
18.94	0.161596262
18.96	0.145177928
18.98	0.169514275
19	0.162602549
19.02	0.189450006
19.04	0.193817413
19.06	0.198650818
19.08	0.192587425
19.1	0.2130582
19.12	0.199304169
19.14	0.085361748
19.16	0.084780179
19.18	0.051324651
19.2	-0.020401303
19.22	-0.098992905
19.24	-0.055845729
19.26	-0.039395461
19.28	-0.045996297
19.3	-0.120856684
19.32	-0.108226965
19.34	-0.076684545
19.36	-0.091643331
19.38	-0.038026021
19.4	0.071413316
19.42	0.181341727
19.44	0.173999622
19.46	0.125490634
19.48	0.121190295
19.5	0.104277243
19.52	0.092403713
19.54	0.081264577
19.56	0.099239853
19.58	0.131910167
19.6	0.131981775
19.62	0.129829449
19.64	0.111214222
19.66	0.063882549
19.68	0.020898439
19.7	0.064404314
19.72	0.071435323
19.74	0.113908652
19.76	0.129481956
19.78	0.127112184
19.8	0.109429386
19.82	0.115675422
19.84	0.110312649
19.86	0.124165935
19.88	0.137826118
19.9	0.157657501
19.92	0.185712752
19.94	0.207475501
19.96	0.194885464
19.98	0.170731356
20	0.165597886
20.02	0.174254148
20.04	0.169576851
20.06	0.026682632
20.08	-0.088303254
20.1	-0.084491498
20.12	-0.038784925
20.14	-0.025863538
20.16	-0.083267337
20.18	-0.022815015
20.2	-0.099574751
20.22	-0.089669788
20.24	-0.113226669
20.26	-0.117221357
20.28	-0.053532877
20.3	-0.00090014
20.32	-0.01725251
20.34	-0.029234463
20.36	0.121310916
20.38	0.158486445
20.4	0.006641553
20.42	0.07754084
20.44	0.035523452
20.46	0.017054406
20.48	-0.024417493
20.5	-0.066759938
20.52	-0.088413852
20.54	-0.082827472
20.56	-0.074468185
20.58	-0.079451214
20.6	-0.108420296
20.62	-0.113907838
20.64	-0.1061238
20.66	-0.044537936
20.68	-0.081498592
20.7	-0.045362438
20.72	-0.098473935
20.74	-0.083623661
20.76	-0.137407687
20.78	-0.186213445
20.8	-0.220919375
20.82	-0.244556225
20.84	-0.217951199
20.86	-0.221752279
20.88	-0.217826158
20.9	-0.219062437
20.92	-0.19848629
20.94	-0.203958781
20.96	-0.203478406
20.98	-0.199539485
21	-0.186965698
21.02	-0.198100313
21.04	-0.20970612
21.06	-0.220556085
21.08	0.006563314
21.1	-0.021970978
21.12	-0.001434955
21.14	0.08439172
21.16	0.09065906
21.18	0.104961738
21.2	0.060662707
21.22	0.045364699
21.24	0.098330484
21.26	0.12102143
21.28	0.161042193
21.3	0.13132645
21.32	0.168468005
21.34	0.126273455
21.36	0.149795409
21.38	0.142516884
21.4	0.14342199
21.42	0.152858865
21.44	0.124453438
21.46	0.139252855
21.48	0.121232686
21.5	0.133240014
21.52	0.138181356
21.54	0.162345086
21.56	0.164283271
21.58	-0.105400371
21.6	-0.033221615
21.62	-0.022254308
21.64	-0.05286269
21.66	-0.087057593
21.68	-0.041793038
21.7	0.0121921
21.72	-0.024306236
21.74	-0.103003678
21.76	-0.058126658
21.78	-0.073121314
21.8	-0.109173242
21.82	-0.031168382
21.84	0.041313068
21.86	0.09519074
21.88	0.127685574
21.9	0.115121248
21.92	0.108509735
21.94	0.069448212
21.96	-0.002356929
21.98	-0.033847267
22	-0.037384604
22.02	-0.044863106
22.04	-0.088824864
22.06	-0.091368552
22.08	-0.117279183
22.1	-0.128238072
22.12	-0.129802335
22.14	-0.124957925
22.16	-0.120113759
22.18	-0.120389974
22.2	-0.088366612
22.22	-0.112311702
22.24	-0.100895173
22.26	-0.064747492
22.28	-0.050550133
22.3	-0.061475969
22.32	-0.079412666
22.34	-0.022193776
22.36	0.014064698
22.38	0.020355247
22.4	0.018661607
22.42	0.003102954
22.44	0.024037849
22.46	0.06351079
22.48	0.088376737
22.5	0.040922364
22.52	-0.035372057
22.54	-0.034827081
22.56	-0.07335963
22.58	-0.085530262
22.6	-0.055879091
22.62	0.00112698
22.64	0.017371342
22.66	0.005651482
22.68	0.039940199
22.7	0.020119619
22.72	0.018844899
22.74	0.04664632
22.76	0.058911691
22.78	0.103468722
22.8	0.112162417
22.82	0.087677677
22.84	0.055968421
22.86	0.083766037
22.88	0.112811074
22.9	0.086769505
22.92	0.067431638
22.94	0.095886408
22.96	0.091595638
22.98	0.090441959
23	0.145516597
23.02	0.127273244
23.04	0.120151981
23.06	0.106209208
23.08	0.092846607
23.1	0.09727603
23.12	0.078427708
23.14	0.078409486
23.16	0.064155574
23.18	0.087362633
23.2	0.097271073
23.22	0.104172217
23.24	0.093953765
23.26	0.1028842
23.28	0.086902996
23.3	0.085067071
23.32	0.109560361
23.34	0.082125817
23.36	0.08011714
23.38	0.095620598
23.4	0.103505294
23.42	0.11546863
23.44	0.098139291
23.46	0.112092004
23.48	0.108618768
23.5	0.118637012
23.52	0.112840677
23.54	-0.003484847
23.56	-0.023481425
23.58	-0.004365955
23.6	0.0199915
23.62	-0.028718318
23.64	-0.030699419
23.66	-0.052338985
23.68	-0.088596478
23.7	-0.098449602
23.72	-0.087724621
23.74	-0.111631091
23.76	-0.11077393
23.78	-0.116571294
23.8	-0.108665864
23.82	-0.123004883
23.84	-0.118000176
23.86	-0.164064235
23.88	-0.174644347
23.9	-0.201890585
23.92	-0.209036521
23.94	-0.222038641
23.96	-0.232223738
23.98	-0.225353745
24	-0.233219647
24.02	-0.227205674
24.04	-0.221381895
24.06	-0.16007999
24.08	-0.066712806
24.1	-0.031544178
24.12	-0.017313577
24.14	-0.033960617
24.16	-0.03920269
24.18	-0.045701905
24.2	-0.044704783
24.22	-0.059076146
24.24	-0.039334205
24.26	-0.002308201
24.28	-0.032840254
24.3	-0.026758831
24.32	-0.009007888
24.34	-0.016458329
24.36	-0.030616212
24.38	-0.043057141
24.4	-0.033291649
24.42	-0.057075793
24.44	-0.052436863
24.46	-0.020150716
24.48	0.013970066
24.5	0.036355952
24.52	0.063092841
24.54	0.08658716
24.56	0.049541843
24.58	-0.057599297
24.6	-0.049952805
24.62	-0.056019871
24.64	-0.05355445
24.66	-0.064080652
24.68	-0.043299403
24.7	-0.03626157
24.72	-0.081943895
24.74	0.025900009
24.76	0.096509929
24.78	0.090709458
24.8	0.083695097
24.82	0.073367719
24.84	0.066113272
24.86	0.086360315
24.88	0.065407853
24.9	-0.112083164
24.92	-0.093351707
24.94	-0.049885961
24.96	-0.127219792
24.98	-0.128847382
25	-0.019170034
25.02	-0.021256305
25.04	0.013517692
25.06	0.010580102
25.08	0.010757476
25.1	0.021122476
25.12	0.062170005
25.14	0.066066143
25.16	0.051981961
25.18	0.049384726
25.2	0.056627882
25.22	0.082257511
25.24	0.025331085
25.26	0.024648843
25.28	-0.013744168
25.3	-0.037516093
25.32	0.018278465
25.34	0.058647727
25.36	0.02267555
25.38	0.031354981
25.4	0.015491641
25.42	0.014256237
25.44	0.031306053
25.46	0.042428161
25.48	0.071001952
25.5	0.055453493
25.52	0.094217056
25.54	0.083380579
25.56	0.10803934
25.58	0.140362216
25.6	0.177263895
25.62	0.210459931
25.64	0.199166017
25.66	0.15823209
25.68	0.11885026
25.7	0.069078311
25.72	0.040843917
25.74	0.035830726
25.76	0.036283623
25.78	0.04099625
25.8	0.046351009
25.82	0.056783316
25.84	0.071435078
25.86	0.075214483
25.88	0.075361145
25.9	0.077638233
25.92	0.075659766
25.94	0.063275466
25.96	0.051086776
25.98	0.055434725
26	0.055437224
26.02	0.076416175
26.04	0.078487935
26.06	0.001285014
26.08	-0.007513629
26.1	-0.009138756
26.12	0.012925318
26.14	0.027668698
26.16	-0.027035961
26.18	-0.065227547
26.2	-0.060906882
26.22	-0.068234799
26.24	-0.073117256
26.26	-0.098532863
26.28	-0.110870107
26.3	-0.108174771
26.32	-0.122851985
26.34	-0.124740436
26.36	-0.137555199
26.38	-0.150689216
26.4	-0.160093178
26.42	-0.168407544
26.44	-0.191575534
26.46	-0.189612743
26.48	-0.199832539
26.5	-0.218209089
26.52	-0.208842059
26.54	-0.221580184
26.56	-0.205716995
26.58	0.031059452
26.6	-0.028396002
26.62	-0.035383647
26.64	-0.012115362
26.66	-0.015172042
26.68	-0.023385545
26.7	0.024231776
26.72	0.005230249
26.74	0.009433001
26.76	0.046522732
26.78	0.048924458
26.8	0.085841274
26.82	0.071669803
26.84	0.07788269
26.86	0.107867121
26.88	0.076181136
26.9	0.088990729
26.92	0.080624607
26.94	0.042022143
26.96	-0.133250191
26.98	-0.05652344
27	-0.043475211
27.02	-0.04146035
27.04	-0.074550181
27.06	-0.096158979
27.08	-0.079197948
27.1	-0.068860684
27.12	-0.075017377
27.14	-0.088453847
27.16	-0.08193268
27.18	-0.027167065
27.2	0.077169845
27.22	0.096913994
27.24	0.103386612
27.26	0.140367552
27.28	0.136877454
27.3	0.098177317
27.32	0.084318168
27.34	0.081766428
27.36	0.077057256
27.38	0.094646735
27.4	0.105853294
27.42	0.106506883
27.44	0.106932838
27.46	0.125761471
27.48	0.113519133
27.5	0.097050368
27.52	0.08953713
27.54	0.070999838
27.56	0.214267042
27.58	0.182837388
27.6	0.213445051
27.62	0.170588925
27.64	0.070202806
27.66	0.037467618
27.68	0.021471273
27.7	0.001870512
27.72	-0.066518942
27.74	-0.146164005
27.76	-0.122037289
27.78	-0.058321154
27.8	-0.107235956
27.82	-0.207051683
27.84	-0.134079044
27.86	-0.169594812
27.88	-0.17487326
27.9	-0.171454982
27.92	-0.171549733
27.94	-0.187425391
27.96	-0.163762292
27.98	-0.194437268
28	-0.171400113
28.02	-0.201375317
28.04	-0.171026302
28.06	-0.198373042
28.08	0.007150132
28.1	0.131601243
28.12	0.09441821
28.14	0.079693256
28.16	0.033728279
28.18	-0.05774832
28.2	-0.045388645
28.22	0.011478671
28.24	0.018270849
28.26	0.023131863
28.28	0.040233031
28.3	0.058021203
28.32	0.013308895
28.34	0.045526596
28.36	0.014950069
28.38	-0.00224241
28.4	-0.057025547
28.42	-0.071557533
28.44	-0.038260176
28.46	-0.018297498
28.48	0.005171592
28.5	0.029314716
28.52	0.054718462
28.54	0.073795573
28.56	0.110225374
28.58	0.117382651
28.6	0.106501723
28.62	0.115498361
28.64	0.135088811
28.66	0.13171043
28.68	0.098928392
28.7	0.089924855
28.72	0.105111661
28.74	0.114157868
28.76	0.122312908
28.78	0.073394941
28.8	0.091664404
28.82	0.115562244
28.84	0.100610768
28.86	0.139345644
28.88	0.165290953
28.9	0.061999911
28.92	0.102387212
28.94	0.062937041
28.96	0.020407238
28.98	0.011739303
29	0.01818549
29.02	0.029834874
29.04	0.012967224
29.06	-0.022969659
29.08	-0.046229828
29.1	-0.033733712
29.12	-0.054877991
29.14	-0.045202502
29.16	-0.046071292
29.18	-0.058228921
29.2	-0.059048056
29.22	-0.057163202
29.24	-0.049244839
29.26	-0.044297219
29.28	-0.057521536
29.3	-0.080952978
29.32	-0.084765883
29.34	-0.085169821
29.36	-0.090084167
29.38	-0.086706164
29.4	-0.041692257
29.42	-0.006865613
29.44	-0.033435398
29.46	-0.055665064
29.48	-0.068539577
29.5	-0.073663047
29.52	-0.069355095
29.54	0.036458957
29.56	0.024495432
29.58	0.049263025
29.6	0.054840133
29.62	0.049453998
29.64	0.055752716
29.66	0.057339613
29.68	0.02391819
29.7	0.052540945
29.72	0.048749031
29.74	0.046139187
29.76	0.055839991
29.78	0.078355261
29.8	0.100001913
29.82	0.120614645
29.84	0.143602397
29.86	0.16821384
29.88	0.139571914
29.9	0.153592588
29.92	0.163065664
29.94	0.173617317
29.96	0.165955334
29.98	0.176943407
30	0.183187595
30.02	0.167459794
30.04	0.054524137
30.06	-0.003163654
30.08	-0.06428812
30.1	-0.049096272
30.12	-0.03804977
30.14	-0.036809106
30.16	-0.040978682
30.18	-0.097736238
30.2	-0.089824727
30.22	-0.05520678
30.24	-0.078965816
30.26	-0.071183934
30.28	-0.073180439
30.3	-0.087842142
30.32	-0.111417153
30.34	-0.097971921
30.36	-0.114716249
30.38	-0.110808679
30.4	-0.104196467
30.42	-0.104814944
30.44	-0.037265324
30.46	-0.00808715
30.48	-0.006202968
30.5	-0.025240474
30.52	-0.018590486
30.54	-0.01529226
30.56	0.010015493
30.58	-0.024742511
30.6	-0.014592666
30.62	0.018130859
30.64	0.03214099
30.66	-0.011011132
30.68	-0.067529867
30.7	-0.130798684
30.72	-0.134815844
30.74	-0.098911486
30.76	-0.01806371
30.78	-0.019345554
30.8	-0.035461103
30.82	-0.033627256
30.84	-0.041478136
30.86	-0.057111232
30.88	-0.052773432
30.9	-0.049306293
30.92	-0.054667833
30.94	-0.064895256
30.96	-0.068773793
30.98	0.061410738
31	-0.010171364
31.02	0.004560997
31.04	0.025992301
31.06	0.0636246
31.08	0.095836063
31.1	0.106111244
31.12	0.111003598
31.14	0.125874887
31.16	0.155165137
31.18	0.154991507
31.2	0.154525421
31.22	0.160577382
31.24	0.167645843
31.26	0.156877893
31.28	0.16338016
31.3	0.159704575
31.32	0.165190351
31.34	0.164448049
31.36	0.157494549
31.38	0.127225075
31.4	-0.029024272
31.42	-0.083121157
31.44	-0.04471862
31.46	-0.020170519
31.48	-0.029829152
31.5	-0.092663958
31.52	-0.114611396
31.54	-0.086363294
31.56	-0.11484549
31.58	-0.171215765
31.6	-0.12952022
31.62	-0.146684993
31.64	-0.140284056
31.66	-0.155795221
31.68	-0.150102374
31.7	-0.172386266
31.72	-0.165959884
31.74	-0.190218785
31.76	-0.176873293
31.78	-0.201771381
31.8	-0.195494969
31.82	-0.221663505
31.84	-0.191803384
31.86	-0.02670961
31.88	-0.074692564
31.9	-0.041287055
31.92	0.014489983
31.94	0.077994596
31.96	0.021547542
31.98	-0.010089343
32	0.052032104
32.02	0.081984399
32.04	0.088680962
32.06	0.078279065
32.08	0.099967973
32.1	0.070228342
32.12	0.092398955
32.14	0.078796158
32.16	0.079107526
32.18	0.074056729
32.2	0.049355644
32.22	-0.015707196
32.24	-0.121395453
32.26	-0.111735399
32.28	-0.065419194
32.3	-0.051917947
32.32	-0.047545256
32.34	-0.048889893
32.36	-0.016011748
32.38	0.079573105
32.4	0.076229961
32.42	0.090763548
32.44	0.086319351
32.46	0.076213863
32.48	0.086643798
32.5	0.112521974
32.52	0.134383382
32.54	0.150302744
32.56	0.133076863
32.58	0.10232945
32.6	0.077852555
32.62	0.098735471
32.64	0.080647783
32.66	0.080833304
32.68	0.062358212
32.7	0.037717228
32.72	0.031037971
32.74	0.02069885
32.76	-0.024225982
32.78	-0.019435686
32.8	-0.046303474
32.82	-0.041769851
32.84	-0.024630158
32.86	-0.045607212
32.88	-0.059817924
32.9	-0.074036484
32.92	-0.076620573
32.94	-0.075698608
32.96	-0.070470538
32.98	-0.081328495
33	-0.081480512
33.02	-0.091637653
33.04	-0.104369334
33.06	-0.109700678
33.08	-0.133747612
33.1	-0.154453506
33.12	-0.167044261
33.14	-0.16366309
33.16	-0.156813573
33.18	-0.154328296
33.2	0.083784877
33.22	0.061606999
33.24	0.053533616
33.26	0.033285248
33.28	0.036536287
33.3	0.055086321
33.32	0.031925678
33.34	0.057971946
33.36	0.100763878
33.38	0.075384323
33.4	0.077547431
33.42	0.063178786
33.44	0.058118997
33.46	0.043449411
33.48	0.059766134
33.5	0.049669852
33.52	0.058084033
33.54	0.067376502
33.56	0.081949611
33.58	0.092163064
33.6	0.109562862
33.62	0.123540185
33.64	0.127873587
33.66	0.136507191
33.68	0.15069521
33.7	0.150063865
33.72	0.052905534
33.74	0.015489131
33.76	0.027916902
33.78	0.019815247
33.8	-0.010569995
33.82	-0.028512331
33.84	-0.022305288
33.86	-0.039265397
33.88	-0.060785298
33.9	-0.051124033
33.92	-0.055188792
33.94	-0.062692379
33.96	-0.054542651
33.98	-0.041963036
34	-0.028633611
34.02	0.033453691
34.04	0.096500376
34.06	0.068245102
34.08	0.02925905
34.1	0.003131945
34.12	-0.046736677
34.14	-0.027881873
34.16	-0.03061595
34.18	-0.024766521
34.2	-0.0721935
34.22	-0.073091883
34.24	-0.082511734
34.26	-0.091930478
34.28	-0.110800297
34.3	-0.099723508
34.32	-0.074369697
34.34	-0.079078072
34.36	-0.081348137
34.38	-0.06609269
34.4	-0.052119732
34.42	-0.107954
34.44	-0.058517653
34.46	-0.118978631
34.48	-0.064831622
34.5	-0.040348264
34.52	-0.073493835
34.54	-0.031771276
34.56	-0.064907175
34.58	-0.02926607
34.6	0.048475605
34.62	0.054384638
34.64	0.050092038
34.66	0.046918395
34.68	0.034807951
34.7	0.02390004
34.72	0.046283271
34.74	0.047617074
34.76	0.052254645
34.78	0.03837802
34.8	0.024647258
34.82	0.02260938
34.84	0.024137739
34.86	0.011618312
34.88	0.011709321
34.9	0.022375964
34.92	0.029018572
34.94	0.042584502
34.96	0.057756658
34.98	0.089309921
35	0.120213935
35.02	0.111976525
35.04	0.122804903
35.06	0.107184578
35.08	0.121102016
35.1	0.147507147
35.12	0.13589984
35.14	0.06449185
35.16	-0.03717815
35.18	-0.028424693
35.2	-0.072594344
35.22	-0.056211662
35.24	-0.090159008
35.26	-0.066583909
35.28	-0.058387098
35.3	-0.079286778
35.32	-0.088144975
35.34	-0.095221203
35.36	-0.07051301
35.38	-0.077008821
35.4	-0.082685202
35.42	-0.085207857
35.44	-0.079877701
35.46	-0.098001583
35.48	-0.107503933
35.5	-0.104716266
35.52	-0.1326437
35.54	-0.159780686
35.56	-0.164839246
35.58	0.028662365
35.6	0.057092663
35.62	0.055204191
35.64	0.050919437
35.66	0.038678003
35.68	0.009878698
35.7	0.01648916
35.72	-0.003796505
35.74	-0.038594448
35.76	-0.024700099
35.78	0.002032047
35.8	-0.003867797
35.82	0.001141483
35.84	0.002087595
35.86	-0.029804346
35.88	-0.013484597
35.9	-0.008650813
35.92	-0.000417229
35.94	0.033635982
35.96	0.051686672
35.98	0.081454243
36	0.098039676
36.02	0.075300094
36.04	-0.011693738
36.06	0.008782682
36.08	0.011050155
36.1	0.02311253
36.12	0.064383954
36.14	0.073110048
36.16	0.054135834
36.18	0.043793764
36.2	0.040446331
36.22	0.057214263
36.24	0.069865336
36.26	0.057157841
36.28	0.089191364
36.3	0.138783434
36.32	0.104976317
36.34	0.102342837
36.36	0.096422674
36.38	0.091095669
36.4	0.068762912
36.42	0.048313017
36.44	0.052482059
36.46	0.054270134
36.48	0.056053224
36.5	0.061917668
36.52	0.081519929
36.54	0.086113415
36.56	0.083774904
36.58	0.119160819
36.6	0.129768809
36.62	0.063099092
36.64	-0.069970271
36.66	-0.098093671
36.68	-0.075159224
36.7	-0.054555377
36.72	-0.008223807
36.74	-0.02673104
36.76	0.001950447
36.78	-0.001236944
36.8	-0.025707503
36.82	-0.032945808
36.84	-0.03431427
36.86	-0.064047011
36.88	-0.079641979
36.9	-0.093903282
36.92	-0.088584655
36.94	-0.101292717
36.96	-0.127885018
36.98	-0.137373089
37	-0.156432379
37.02	-0.168146905
37.04	-0.176519056
37.06	-0.195536246
37.08	-0.189494881
37.1	-0.058302869
37.12	-0.06928477
37.14	-0.024966359
37.16	-0.009327555
37.18	0.021517255
37.2	0.027658274
37.22	0.024836376
37.24	0.045870225
37.26	0.069677328
37.28	0.022282951
37.3	-0.002509083
37.32	-0.044785808
37.34	-0.033208336
37.36	-0.04841151
37.38	-0.051564312
37.4	-0.009110679
37.42	0.014615754
37.44	-0.009098322
37.46	0.037298032
37.48	-0.017479633
37.5	0.012623328
37.52	0.051610477
37.54	0.049522861
37.56	0.036376754
37.58	0.053410177
37.6	0.058822939
37.62	0.042556747
37.64	0.04965646
37.66	0.057028383
37.68	0.060942193
37.7	0.064409628
37.72	0.057870436
37.74	0.048222152
37.76	0.050755534
37.78	0.052452281
37.8	0.049721677
37.82	0.05462417
37.84	0.080401628
37.86	0.083879361
37.88	-0.049170477
37.9	-0.005034934
37.92	0.00877445
37.94	-0.029869175
37.96	-0.039487465
37.98	-0.043198884
38	-0.038682873
38.02	-0.042355582
38.04	-0.061027312
38.06	-0.070811423
38.08	-0.079090337
38.1	-0.075823732
38.12	-0.062734626
38.14	-0.060261424
38.16	-0.076155849
38.18	-0.097727531
38.2	-0.109353115
38.22	-0.125092218
38.24	-0.16208991
38.26	-0.176892582
38.28	-0.167710714
38.3	-0.15749273
38.32	-0.129576117
38.34	-0.107022051
38.36	-0.111468346
38.38	-0.136465306
38.4	-0.1416457
38.42	-0.115558329
38.44	-0.078112976
38.46	0.005611774
38.48	0.005998821
38.5	0.008391151
38.52	0.005934524
38.54	0.02726866
38.56	0.021551493
38.58	0.023511283
38.6	0.033189665
38.62	0.028080661
38.64	0.047971192
38.66	0.044676087
38.68	0.054645388
38.7	0.063491533
38.72	0.072096896
38.74	0.074958972
38.76	0.080651132
38.78	0.107205137
38.8	0.114553674
38.82	0.110189057
38.84	-0.077051956
38.86	-0.016272596
38.88	-0.000266198
38.9	-0.005024902
38.92	-0.00824892
38.94	-0.024511702
38.96	0.01397581
38.98	0.030873633
39	0.029986567
39.02	0.049049624
39.04	0.043881309
39.06	0.034679878
39.08	0.031220123
39.1	0.044279975
39.12	0.043691657
39.14	0.04946232
39.16	0.028425512
39.18	0.012853571
39.2	0.008627673
39.22	0.006298859
39.24	-0.028759454
39.26	-0.042266789
39.28	-0.042411784
39.3	-0.041457925
39.32	-0.031705766
39.34	-0.033627627
39.36	2.17948E-05
39.38	-0.025373029
39.4	-0.029194801
39.42	-0.031450788
39.44	-0.059297949
39.46	-0.064469337
39.48	-0.065447875
39.5	-0.080805684
39.52	-0.076612349
39.54	-0.067971214
39.56	-0.078385991
39.58	-0.078444017
39.6	-0.058031547
39.62	-0.039247011
39.64	-0.015582864
39.66	0.024652407
39.68	0.014292559
39.7	0.023892432
39.72	0.041996318
39.74	0.054163759
39.76	0.075440067
39.78	0.084725356
39.8	0.089608439
39.82	0.100239579
39.84	0.108265132
39.86	0.106376785
39.88	0.070796462
39.9	0.032485172
39.92	0.065721457
39.94	0.07472721
39.96	0.106811191
39.98	0.103511944
40	0.133091051
40.02	0.132928888
40.04	0.083926724
40.06	0.016686726
40.08	0.066758705
40.1	0.129552322
40.12	0.116634836
40.14	0.090528086
40.16	0.11404979
40.18	0.122973915
40.2	0.192726183
40.22	0.151816549
40.24	0.192317173
40.26	0.129976087
40.28	0.140264972
40.3	0.098811405
40.32	0.12450801
40.34	0.110300815
40.36	-0.015625749
40.38	0.025238413
40.4	0.056109312
40.42	0.024043353
40.44	-0.009581701
40.46	-0.022906602
40.48	-0.036094665
40.5	-0.049713656
40.52	-0.041964671
40.54	-0.045983652
40.56	-0.047180727
40.58	-0.054704419
40.6	-0.02896016
40.62	-0.031715313
40.64	-0.019190738
40.66	-2.82013E-06
40.68	0.010407322
40.7	0.011019725
40.72	-0.013507867
40.74	-0.020933355
40.76	-0.038614242
40.78	-0.045562695
40.8	-0.032686068
40.82	-0.032805517
40.84	-0.060957146
40.86	-0.072921286
40.88	-0.075502508
40.9	-0.095867877
40.92	-0.069945332
40.94	-0.080145918
40.96	-0.073629516
40.98	-0.026416063
41	0.019065742
41.02	0.054733359
41.04	0.051375612
41.06	0.071767028
41.08	0.087946108
41.1	0.085515651
41.12	0.112760965
41.14	0.102038173
41.16	0.121776088
41.18	0.120642168
41.2	0.134985992
41.22	0.133906809
41.24	0.13553701
41.26	0.150627754
41.28	0.135048291
41.3	0.11143879
41.32	0.015331926
41.34	-0.026904144
41.36	0.033863389
41.38	0.033842524
41.4	0.050147144
41.42	0.085974066
41.44	0.076224875
41.46	0.021483471
41.48	-0.010187297
41.5	-0.006588215
41.52	0.021242432
41.54	-0.01768231
41.56	-0.040212809
41.58	0.13719841
41.6	0.120952493
41.62	0.073204558
41.64	0.049716591
41.66	0.078932977
41.68	0.072064018
41.7	0.054365018
41.72	-0.040634981
41.74	-0.000592033
41.76	-0.020278511
41.78	-0.042684642
41.8	-0.055786484
41.82	-0.063376266
41.84	-0.081469674
41.86	-0.095186171
41.88	-0.076427518
41.9	-0.126535577
41.92	-0.102051555
41.94	-0.125296844
41.96	-0.151858662
41.98	-0.103240646
42	-0.128751902
42.02	-0.110156175
42.04	-0.11874647
42.06	-0.153915413
42.08	-0.137178888
42.1	-0.16352545
42.12	-0.188659518
42.14	-0.176217174
42.16	-0.169721889
42.18	-0.132345651
42.2	-0.145816956
42.22	-0.131795729
42.24	-0.124619608
42.26	-0.130554054
42.28	0.05739555
42.3	0.02448468
42.32	0.036765313
42.34	0.018660531
42.36	0.022102368
42.38	0.042149319
42.4	0.006547408
42.42	-0.013659295
42.44	-0.007535103
42.46	-0.046893937
42.48	-0.029596694
42.5	-0.039748591
42.52	-0.037681844
42.54	-0.031075971
42.56	-0.027944673
42.58	-0.010968975
42.6	-0.004217545
42.62	0.025572618
42.64	0.051024419
42.66	0.089927313
42.68	0.096887284
42.7	0.114691045
42.72	0.126768361
42.74	0.014830931
42.76	-0.008316794
42.78	-0.053520538
42.8	-0.069458906
42.82	-0.066089333
42.84	-0.058418389
42.86	-0.067427006
42.88	-0.063303408
42.9	-0.05154569
42.92	-0.04532699
42.94	-0.025360254
42.96	-0.076344035
42.98	-0.064194716
43	-0.083809618
43.02	-0.084856168
43.04	-0.088937309
43.06	-0.07840589
43.08	-0.03467876
43.1	-0.012671656
43.12	-0.021223486
43.14	-0.033386413
43.16	-0.066819657
43.18	-0.141034238
43.2	-0.11188054
43.22	-0.060513436
43.24	-0.076170303
43.26	-0.114827087
43.28	-0.137953074
43.3	-0.138740394
43.32	-0.138047199
43.34	-0.120109129
43.36	-0.107812982
43.38	-0.112355912
43.4	0.011322064
43.42	-0.00897365
43.44	-0.025825595
43.46	-0.017422019
43.48	-0.009643293
43.5	-0.01707756
43.52	-0.011325791
43.54	0.001246745
43.56	-0.00724452
43.58	-4.45828E-05
43.6	0.008867148
43.62	0.014667387
43.64	0.016289031
43.66	0.024964827
43.68	0.038962161
43.7	0.04843314
43.72	0.073496413
43.74	0.092080759
43.76	0.099717178
43.78	0.105499754
43.8	0.088476597
43.82	0.078984758
43.84	0.139700501
43.86	0.161849753
43.88	0.151940818
43.9	0.159611545
43.92	0.158420365
43.94	0.152270175
43.96	0.13082715
43.98	-0.001249077
44	0.019635511
44.02	0.023203706
44.04	0.034090607
44.06	0.066489651
44.08	0.083866273
44.1	0.095515222
44.12	0.084544858
44.14	0.060354742
44.16	0.103231983
44.18	0.087254656
44.2	0.086728056
44.22	0.094117417
44.24	0.161397861
44.26	0.080226382
44.28	0.043045135
44.3	0.039227954
44.32	0.089022564
44.34	0.037864085
44.36	-0.019014275
44.38	-0.035965083
44.4	-0.034996815
44.42	-0.005617997
44.44	-0.020122137
44.46	-0.046772255
44.48	-0.043020241
44.5	-0.033549501
44.52	-0.053423682
44.54	-0.047980988
44.56	-0.047052524
44.58	-0.03737479
44.6	-0.016939333
44.62	-0.031018306
44.64	-0.057201608
44.66	-0.064901118
44.68	-0.068289274
44.7	-0.074693057
44.72	-0.073936208
44.74	-0.074849498
44.76	-0.074468132
44.78	-0.088836535
44.8	-0.070168774
44.82	-0.091096636
44.84	-0.102624582
44.86	-0.080532776
44.88	-0.092259099
44.9	-0.008259552
44.92	0.0588982
44.94	0.04816603
44.96	0.023357252
44.98	0.028612032
45	0.019117947
45.02	0.028454849
45.04	0.033098164
45.06	0.062110756
45.08	0.058835066
45.1	0.066338632
45.12	0.074346254
45.14	0.049032577
45.16	0.051007044
45.18	0.072901004
45.2	0.076298482
45.22	0.065535674
45.24	0.072148722
45.26	0.090130164
45.28	0.036030545
45.3	0.027773996
45.32	0.033844422
45.34	0.048102021
45.36	0.049462454
45.38	0.038432171
45.4	0.050895468
45.42	0.057806625
45.44	0.057066505
45.46	0.070725987
45.48	0.067738924
45.5	0.061262981
45.52	0.07906282
45.54	0.065025646
45.56	0.049566926
45.58	0.052269709
45.6	0.021100057
45.62	-0.018599144
45.64	-0.017321589
45.66	-0.021190697
45.68	-0.02781277
45.7	-0.03951366
45.72	-0.043715103
45.74	-0.065250328
45.76	-0.081259703
45.78	-0.083746936
45.8	-0.079969963
45.82	-0.089624758
45.84	-0.089390563
45.86	-0.080339257
45.88	-0.077377876
45.9	-0.084944532
45.92	-0.096522154
45.94	-0.110298257
45.96	-0.113560838
45.98	-0.102188503
46	-0.09824377
46.02	-0.094818912
46.04	-0.091192986
46.06	-0.095242285
46.08	-0.071590545
46.1	-0.031091738
46.12	-0.040425876
46.14	-0.059149957
46.16	-0.062655925
46.18	-0.05601288
46.2	-0.057626459
46.22	-0.066519141
46.24	-0.020908171
46.26	-0.012040807
46.28	-0.01821366
46.3	-0.006424603
46.32	-0.001656776
46.34	-0.013631457
46.36	-0.002685093
46.38	0.00711064
46.4	0.004640523
46.42	0.025188712
46.44	0.029974323
46.46	0.039611232
46.48	0.05097139
46.5	0.053756532
46.52	0.064340777
46.54	0.076694768
46.56	0.089392488
46.58	0.101597414
46.6	0.106056576
46.62	0.108911605
46.64	0.113574761
46.66	0.113532765
46.68	0.120910898
46.7	0.117009038
46.72	0.115470441
46.74	0.058139249
46.76	0.079107092
46.78	0.040119148
46.8	0.013486586
46.82	-0.014164796
46.84	-0.028531045
46.86	-0.023866009
46.88	-0.022820485
46.9	-0.027749313
46.92	-0.01558491
46.94	0.000707249
46.96	4.29247E-05
46.98	0.013774505
47	0.047673248
47.02	0.049011905
47.04	0.049357727
47.06	0.046846811
47.08	0.004454025
47.1	0.024692168
47.12	-0.000564457
47.14	-0.015858186
47.16	-0.005607795
47.18	-0.042521152
47.2	-0.051639628
47.22	-0.058035807
47.24	-0.059389184
47.26	-0.068521192
47.28	-0.055917135
47.3	-0.078056613
47.32	-0.08792175
47.34	-0.073672415
47.36	-0.072074025
47.38	-0.082203305
47.4	0.057834786
47.42	0.063725999
47.44	0.02580094
47.46	-0.001151401
47.48	0.009746089
47.5	0.007860346
47.52	0.015665376
47.54	0.045128409
47.56	0.060503985
47.58	0.071712383
47.6	0.067724044
47.62	0.074483128
47.64	0.070559591
47.66	0.069030511
47.68	0.083895471
47.7	0.082444135
47.72	0.077305907
47.74	0.097773858
47.76	0.088107102
47.78	0.07399655
47.8	0.080353129
47.82	0.094890743
47.84	0.104376163
47.86	0.122054647
47.88	0.141025827
47.9	0.127568788
47.92	0.107806423
47.94	0.077948838
47.96	0.058202209
47.98	0.086474463
48	0.090817618
48.02	0.02651839
48.04	0.0374621
48.06	0.042892977
48.08	0.026532792
48.1	0.013341526
48.12	0.015647263
48.14	-0.014846723
48.16	-0.019736959
48.18	-0.021917606
48.2	-0.019683728
48.22	-0.015554656
48.24	-0.019178216
48.26	-0.023455755
48.28	-0.019812895
48.3	-0.024902309
48.32	-0.038383352
48.34	-0.053897988
48.36	-0.053522827
48.38	-0.059462902
48.4	-0.065436765
48.42	-0.07667193
48.44	-0.077654776
48.46	-0.080047981
48.48	-0.07393617
48.5	-0.060845962
48.52	-0.051547303
48.54	-0.045818173
48.56	-0.052619126
48.58	-0.061225025
48.6	-0.066677836
48.62	-0.069613686
48.64	-0.069787142
48.66	-0.070197885
48.68	-0.069979946
48.7	-0.068909689
48.72	-0.065257374
48.74	-0.059411459
48.76	-0.058986903
48.78	-0.066716946
48.8	-0.07645299
48.82	-0.082996165
48.84	0.02324913
48.86	0.017737054
48.88	0.014786298
48.9	0.023766779
48.92	0.021879292
48.94	0.033318852
48.96	0.040773694
48.98	0.05786161
49	0.047680781
49.02	0.056031261
49.04	0.051610169
49.06	0.048049764
49.08	0.050889097
49.1	0.040256208
49.12	0.035192966
49.14	0.034191505
49.16	0.017026259
49.18	0.016041943
49.2	0.030683685
49.22	0.040628077
49.24	0.045217625
49.26	0.039103272
49.28	0.031464958
49.3	-0.007927606
49.32	0.000211724
49.34	-0.00972332
49.36	-0.024655372
49.38	-0.011237782
49.4	-0.016606682
49.42	-0.031468865
49.44	-0.034580843
49.46	-0.04342079
49.48	-0.026481536
49.5	-0.003305734
49.52	-0.004889342
49.54	-0.01062322
49.56	-0.018798538
49.58	-0.033872588
49.6	-0.03950689
49.62	-0.048918232
49.64	-0.065624091
49.66	-0.060025786
49.68	-0.074055237
49.7	-0.080650842
49.72	-0.069952254
49.74	-0.071349009
49.76	-0.065548752
49.78	-0.055334728
49.8	-0.054672834
49.82	-0.049155083
49.84	-0.02355515
49.86	-0.002138633
49.88	-0.031874354
49.9	-0.036011193
49.92	-0.032076957
49.94	-0.034565776
49.96	-0.046846762
49.98	-0.04638444
50	-0.030295526
50.02	-0.005206336
50.04	-0.013406972
50.06	-0.01765704
50.08	-0.025634876
50.1	-0.02267283
50.12	-0.009612785
50.14	-0.001277864
50.16	0.009023037
50.18	0.015954375
50.2	0.019430941
50.22	0.022915533
50.24	0.023969677
50.26	0.031313531
50.28	0.048071528
50.3	0.050930541
50.32	0.058130173
50.34	0.062828204
50.36	0.072698991
50.38	0.074775212
50.4	0.058333257
50.42	0.042178525
50.44	0.069319202
50.46	0.094812096
50.48	0.093921721
50.5	0.082717416
50.52	-0.038555143
50.54	0.01252283
50.56	0.031347469
50.58	0.022584284
50.6	-0.003580187
50.62	0.029606173
50.64	0.016696336
50.66	-0.005521147
50.68	0.004160481
50.7	0.005163797
50.72	0.003564314
50.74	0.00296297
50.76	0.008773994
50.78	-0.001399858
50.8	-0.012003002
50.82	-0.011846326
50.84	-0.027236991
50.86	-0.052530947
50.88	-0.044052951
50.9	-0.048541255
50.92	-0.042670711
50.94	-0.035129043
50.96	-0.036218329
50.98	0.001996672
51	-0.010680179
51.02	-0.019061338
51.04	-0.035456368
51.06	-0.025606112
51.08	-0.026697065
51.1	-0.038283314
51.12	-0.054142338
51.14	-0.041204525
51.16	-0.030127974
51.18	-0.038874522
51.2	-0.03902605
51.22	-0.031176155
51.24	-0.023561756
51.26	-0.032123947
51.28	-0.051858528
51.3	0.004510196
51.32	0.009497419
51.34	-0.012166006
51.36	-0.002084937
51.38	-0.00613538
51.4	-0.001431213
51.42	0.008249547
51.44	0.013069111
51.46	0.009388253
51.48	0.016109059
51.5	0.023313119
51.52	0.028155937
51.54	0.031548881
51.56	0.035905938
51.58	0.045931681
51.6	0.054029321
51.62	0.060271979
51.64	0.060038303
51.66	0.064423017
51.68	0.062356231
51.7	0.065531108
51.72	0.06381223
51.74	0.060834707
51.76	0.062823637
51.78	0.063944389
51.8	0.065977026
51.82	0.061083081
51.84	0.026411651
51.86	-0.004368081
51.88	-0.016320774
51.9	-0.024149774
51.92	-0.017617413
51.94	-0.018425741
51.96	-0.036581699
51.98	-0.037160308
52	-0.036216801
52.02	-0.044260504
52.04	-0.039164691
52.06	-0.037582909
52.08	-0.038641905
52.1	-0.038000825
52.12	-0.025534577
52.14	-0.013379736
52.16	-0.016442277
52.18	-0.024311599
52.2	-0.043498599
52.22	-0.052857966
52.24	-0.059661933
52.26	-0.061180464
52.28	-0.071636041
52.3	-0.054593759
52.32	-0.056458065
52.34	-0.04893497
52.36	-0.050158498
52.38	-0.0478749
52.4	-0.055833545
52.42	-0.059286476
52.44	-0.059789749
52.46	-0.065205279
52.48	-0.065474295
52.5	-0.052592531
52.52	-0.044829021
52.54	-0.049915743
52.56	-0.042486361
52.58	-0.052822383
52.6	-0.065814002
52.62	-0.078847093
52.64	-0.089351537
52.66	-0.08462618
52.68	0.030425186
52.7	-0.002816438
52.72	-0.001788541
52.74	0.00756953
52.76	0.014385955
52.78	0.014023272
52.8	0.014014553
52.82	0.012349256
52.84	0.018104432
52.86	0.019744789
52.88	0.014028388
52.9	0.026756757
52.92	0.029945212
52.94	0.028315865
52.96	0.037165141
52.98	0.05146262
53	0.057714753
53.02	0.076919532
53.04	0.103583487
53.06	0.107989478
53.08	0.119647751
53.1	0.127106027
53.12	0.130022569
53.14	0.126346626
53.16	0.112828182
53.18	0.108766164
53.2	0.100813532
53.22	0.090909407
53.24	0.081458081
53.26	0.043424858
53.28	0.010837766
53.3	0.01340885
53.32	0.01550715
53.34	0.023724124
53.36	0.015646693
53.38	0.012746506
53.4	0.022669981
53.42	0.011581011
53.44	0.018922843
53.46	0.022972792
53.48	0.027961537
53.5	0.027223763
53.52	0.034258423
53.54	0.037954622
53.56	0.038367128
53.58	0.027842451
53.6	0.0116986
53.62	0.00721575
53.64	0.014197815
53.66	-0.00187255
53.68	-0.004399092
53.7	-0.009548632
53.72	-0.011181861
53.74	-0.016098738
53.76	-0.021939134
53.78	-0.027919331
53.8	-0.021493477
53.82	-0.026501924
53.84	-0.030925775
53.86	-0.032430433
53.88	-0.034923751
53.9	-0.028371043
53.92	-0.020917187
53.94	-0.02709345
53.96	-0.04031401
53.98	-0.042854436
54	-0.028608789
54.02	0.008582995
54.04	0.012459725
54.06	0.051206918
54.08	0.067044328
54.1	0.062330515
54.12	0.060402755
54.14	0.058330493
54.16	0.0702014
54.18	0.054052292
54.2	0.055392018
54.22	0.055445898
54.24	0.053027698
54.26	0.050716732
54.28	0.044855081
54.3	0.020044276
54.32	0.023309983
54.34	0.027027126
54.36	0.018568253
54.38	0.03404991
54.4	0.026642622
54.42	0.017495352
54.44	0.013043151
54.46	0.003264971
54.48	0.008140402
54.5	-0.00148798
54.52	-0.003663101
54.54	-0.009680276
54.56	-0.019885365
54.58	-0.030091991
54.6	-0.040268605
54.62	-0.033611935
54.64	-0.03456186
54.66	-0.023608541
54.68	-0.020919656
54.7	-0.024111965
54.72	-0.030003344
54.74	-0.032334176
54.76	-0.031298731
54.78	-0.026649713
54.8	-0.024196952
54.82	-0.02412724
54.84	-0.02749927
54.86	-0.025136842
54.88	-0.026386267
54.9	-0.029206927
54.92	-0.039998129
54.94	-0.035931082
54.96	-0.038546044
54.98	-0.041888291
55	-0.039300287
55.02	-0.040437042
55.04	-0.04712275
55.06	-0.047800819
55.08	-0.058159451
55.1	-0.064417576
55.12	-0.057477403
55.14	-0.049754498
55.16	-0.036186716
55.18	-0.031297706
55.2	-0.030232026
55.22	-0.023801109
55.24	-0.031675041
55.26	-0.045862769
55.28	-0.057772505
55.3	-0.031657808
55.32	-0.003011352
55.34	0.000899068
55.36	0.007274877
55.38	0.00567482
55.4	0.005112621
55.42	-0.000538674
55.44	0.010999766
55.46	0.01435273
55.48	0.026148089
55.5	0.032636387
55.52	0.029180367
55.54	0.039859069
55.56	0.03782121
55.58	0.040622551
55.6	0.04125509
55.62	0.045082896
55.64	0.040403349
55.66	0.031721567
55.68	-0.007054133
55.7	-0.026551279
55.72	-0.020481557
55.74	-0.021598577
55.76	-0.024491352
55.78	-0.020591462
55.8	-0.03140238
55.82	-0.026668995
55.84	-0.031232426
55.86	-0.026679494
55.88	-0.025259806
55.9	-0.035537953
55.92	-0.040265707
55.94	-0.04081278
55.96	-0.047855419
55.98	-0.06585206
56	-0.070103298
56.02	-0.061766053
56.04	-0.036283974
56.06	-0.022384251
56.08	-0.013865016
56.1	-0.02185576
56.12	-0.016672027
56.14	-0.008798546
56.16	-0.013063534
56.18	-0.03733052
56.2	-0.038814767
56.22	-0.020599795
56.24	-0.045396981
56.26	-0.056835045
56.28	-0.058906386
56.3	-0.051435513
56.32	-0.042142816
56.34	-0.041826582
56.36	-0.02744276
56.38	-0.051285617
56.4	-0.035884998
56.42	-0.035022819
56.44	-0.035405855
56.46	-0.039513848
56.48	-0.035470427
56.5	-0.04778577
56.52	-0.058655201
56.54	-0.070436487
56.56	-0.060413456
56.58	-0.02103351
56.6	0.016472074
56.62	0.022843767
56.64	0.023863899
56.66	0.020915108
56.68	0.011804886
56.7	0.013587995
56.72	0.029581316
56.74	0.031539566
56.76	0.030675521
56.78	0.039729361
56.8	0.043289496
56.82	0.046678463
56.84	0.051671733
56.86	0.052482162
56.88	0.068430836
56.9	0.075942744
56.92	0.062261498
56.94	0.069990534
56.96	0.054439126
56.98	0.046905862
57	0.046109011
57.02	0.044328478
57.04	0.047631998
57.06	0.051581583
57.08	0.058224041
57.1	0.059667552
57.12	0.061258843
57.14	0.004629557
57.16	-0.025486499
57.18	-0.008226336
57.2	0.015363357
57.22	0.036834197
57.24	0.03877148
57.26	0.036938815
57.28	0.027876587
57.3	0.030104462
57.32	0.034935245
57.34	0.031910085
57.36	0.022088602
57.38	0.034075098
57.4	0.027080039
57.42	0.014552607
57.44	0.001886774
57.46	-0.006712847
57.48	0.007095993
57.5	0.021589365
57.52	0.025998733
57.54	0.031394061
57.56	0.032379473
57.58	0.040501305
57.6	0.046752393
57.62	0.049473933
57.64	0.05551769
57.66	-0.02723706
57.68	-0.018025062
57.7	-0.004692987
57.72	-0.003979418
57.74	-0.006043312
57.76	-0.010209221
57.78	-0.01554324
57.8	-0.013488891
57.82	-0.022298405
57.84	-0.018825218
57.86	-0.025428858
57.88	-0.01830053
57.9	-0.012580056
57.92	-0.012387621
57.94	-0.003295835
57.96	-0.005789076
57.98	-0.010131352
58	-0.008983972
58.02	-0.010271695
58.04	-0.008757559
58.06	-0.007480849
58.08	-0.006795408
58.1	-0.014024897
58.12	-0.00305163
58.14	0.018409182
58.16	0.016999834
58.18	0.016643248
58.2	0.024972746
58.22	0.018910951
58.24	0.012516022
58.26	0.014974619
58.28	0.007552474
58.3	0.004688296
58.32	0.008453914
58.34	0.008692293
58.36	0.007955765
58.38	0.01902894
58.4	0.01927042
58.42	0.002656118
58.44	0.009570545
58.46	0.009521138
58.48	0.007975545
58.5	0.003981182
58.52	-0.001195688
58.54	-0.005869684
58.56	-0.01604618
58.58	-0.0164948
58.6	-0.016510967
58.62	-0.017267384
58.64	-0.029271576
58.66	-0.0281183
58.68	-0.016534046
58.7	-0.038932412
58.72	-0.039584428
58.74	-0.036410934
58.76	0.020375332
58.78	0.016328884
58.8	0.003218921
58.82	-0.005469861
58.84	-0.011217029
58.86	-0.016233852
58.88	-0.002585956
58.9	-0.005858456
58.92	-0.004252885
58.94	-0.017215581
58.96	-0.007651889
58.98	0.017331352
59	0.031470239
59.02	0.017201673
59.04	0.032712273
59.06	0.02482888
59.08	0.02029616
59.1	-0.025207327
59.12	-0.024213758
59.14	-0.029993904
59.16	-0.030160325
59.18	-0.033222356
59.2	-0.029596405
59.22	-0.027839019
59.24	-0.03048322
59.26	-0.033285408
59.28	-0.027468134
59.3	-0.024099093
59.32	-0.02059466
59.34	0.014823408
59.36	0.027491132
59.38	0.009310328
59.4	-0.006603372
59.42	0.000148008
59.44	-0.007234024
59.46	-0.029513691
59.48	-0.021242251
59.5	-0.017638875
59.52	0.002367101
59.54	0.00757297
59.56	0.005907949
59.58	0.009739132
59.6	0.032898891
59.62	0.033829966
59.64	0.037140013
59.66	0.033198821
59.68	0.014249887
59.7	-0.012271776
59.72	-0.022036648
59.74	-0.021384763
59.76	-0.016641562
59.78	-0.022920822
59.8	-0.022721821
59.82	-0.026130115
59.84	-0.025102695
59.86	-0.016830228
59.88	0.025514722
59.9	0.003349655
59.92	0.009774375
59.94	-0.001317675
59.96	-0.013577745
59.98	-0.014005035
60	-0.003639762
60.02	-0.000884748
60.04	-0.000690446
60.06	-0.002151801
60.08	-0.014506047
60.1	-0.028543157
60.12	-0.012036412
60.14	-0.015142859
60.16	-0.008472543
60.18	-0.01169857
60.2	-0.012156433
60.22	-0.012278561
60.24	-0.014025154
60.26	-0.012461761
60.28	-0.011423343
60.3	-0.014782236
60.32	-0.017269411
60.34	-0.022894166
60.36	-0.024107061
60.38	-0.025184219
60.4	-0.024156733
60.42	-0.019290012
60.44	-0.005743803
60.46	-0.007911398
60.48	-0.010934559
60.5	-0.007059785
60.52	-0.004014825
60.54	0.000688051
60.56	0.014115908
60.58	0.016564207
60.6	0.020471596
60.62	0.023964248
60.64	0.025794337
60.66	0.02810629
60.68	0.028920545
60.7	0.030192625
60.72	0.022854794
60.74	0.019887341
60.76	-0.01102262
60.78	-0.0060133
60.8	0.002482609
60.82	0.000101852
60.84	-0.002798077
60.86	-0.002109253
60.88	0.003733575
60.9	0.011003763
60.92	0.024796627
60.94	0.02451756
60.96	0.027371876
60.98	0.027792618
61	0.019643916
61.02	0.010544876
61.04	0.016389472
61.06	0.022483349
61.08	0.028185932
61.1	0.016408367
61.12	0.002190749
61.14	0.002074866
61.16	0.010343903
61.18	0.012198443
61.2	0.022781745
61.22	0.029134611
61.24	0.020306826
61.26	0.024700329
61.28	0.023824743
61.3	0.024003746
61.32	0.025284653
61.34	0.036601877
61.36	0.038751031
61.38	0.035030774
61.4	0.049869078
61.42	0.046179332
61.44	0.007947813
61.46	0.044668351
61.48	0.046987708
61.5	0.029394377
61.52	0.008464471
61.54	0.001363867
61.56	0.002200131
61.58	-0.002499755
61.6	-0.008373679
61.62	-0.016255943
61.64	-0.018780937
61.66	-0.015598
61.68	-0.016783858
61.7	-0.014603999
61.72	-0.00959589
61.74	-0.009293206
61.76	-0.015690444
61.78	-0.020609946
61.8	-0.021777132
61.82	-0.024880841
61.84	-0.029144952
61.86	0.043622107
61.88	0.041794112
61.9	0.020769858
61.92	0.02364997
61.94	0.025076125
61.96	0.02404689
61.98	0.024375275
62	0.024599093
62.02	0.028198717
62.04	0.026953508
62.06	0.024925338
62.08	0.032954079
62.1	0.029598467
62.12	0.025275836
62.14	0.028278074
62.16	0.037819606
62.18	0.021972875
62.2	-0.001387585
62.22	0.002210673
62.24	-0.004362636
62.26	-0.011888797
62.28	-0.017716132
62.3	-0.029370281
62.32	-0.034064675
62.34	-0.031030013
62.36	-0.034088277
62.38	-0.030834123
62.4	-0.035250339
62.42	-0.026698493
62.44	-0.02592015
62.46	-0.044680057
62.48	-0.050084932
62.5	0.017431553
62.52	0.013307974
62.54	-0.001083293
62.56	0.00011793
62.58	0.00310057
62.6	0.005551801
62.62	0.006071244
62.64	-0.004981459
62.66	-0.002377209
62.68	0.00112111
62.7	0.010924576
62.72	0.020812193
62.74	0.031930212
62.76	0.046033136
62.78	0.059694321
62.8	0.060916319
62.82	0.060644928
62.84	-6.50521E-06
62.86	-0.012759104
62.88	-0.001696638
62.9	0.013904452
62.92	0.013931584
62.94	0.02845121
62.96	0.011408221
62.98	0.004826628
63	0.012234913
63.02	0.016642798
63.04	0.00999044
63.06	0.006660227
63.08	0.004099919
63.1	0.012676972
63.12	0.013112239
63.14	-0.008036512
63.16	-0.014833592
63.18	-0.014633157
63.2	-0.016369255
63.22	-0.023507312
63.24	-0.029238749
63.26	-0.031371262
63.28	0.022448997
63.3	0.024140687
63.32	0.02718207
63.34	0.034058711
63.36	0.03768797
63.38	0.029504155
63.4	0.030402343
63.42	0.013179995
63.44	-0.010996758
63.46	-0.007713221
63.48	-0.014848024
63.5	-0.018594747
63.52	-0.02122022
63.54	-0.013826251
63.56	-0.012308455
63.58	-0.013219322
63.6	-0.011167073
63.62	-0.009637492
63.64	-0.014052609
63.66	-0.013380369
63.68	-0.026747315
63.7	-0.036861869
63.72	-0.047477254
63.74	-0.03900409
63.76	-0.038906731
63.78	-0.040166294
63.8	-0.047706194
63.82	-0.053185741
63.84	-0.064979871
63.86	-0.081576739
63.88	-0.081930304
63.9	-0.097527924
63.92	-0.091425023
63.94	-0.082440629
63.96	-0.071846809
63.98	-0.062420309
64	-0.000831665
64.02	0.052590578
64.04	0.024529671
64.06	0.008033242
64.08	-0.004217789
64.1	-0.014179818
64.12	-0.01025599
64.14	0.00976605
64.16	0.004861836
64.18	-0.001108057
64.2	-0.007471106
64.22	-0.002794091
64.24	-0.008226111
64.26	-0.016127059
64.28	-0.021024687
64.3	-0.027590457
64.32	-0.040455589
64.34	-0.035743005
64.36	-0.027707558
64.38	-0.031331115
64.4	-0.025060963
64.42	-0.011991251
64.44	-0.015007263
64.46	0.004165007
64.48	0.00835749
64.5	0.003639429
64.52	0.013586433
64.54	0.01777618
64.56	-0.005664097
64.58	-0.007525211
64.6	-0.01362898
64.62	0.000321528
64.64	-0.013099546
64.66	-0.067194882
64.68	-0.067989408
64.7	-0.02713306
64.72	-0.005650705
64.74	-0.005928337
64.76	-0.026135216
64.78	-0.004947534
64.8	-0.001466019
64.82	0.007845323
64.84	0.016549922
64.86	0.016549359
64.88	0.009887096
64.9	0.015644287
64.92	0.00505243
64.94	0.000769177
64.96	0.003968617
64.98	0.006921386
65	-0.0407976
65.02	-0.019636471
65.04	-0.032604715
65.06	-0.03274463
65.08	-0.030218394
65.1	-0.035425425
65.12	-0.032703698
65.14	-0.031820124
65.16	-0.035292407
65.18	-0.032212575
65.2	-0.019550111
65.22	-0.01408111
65.24	0.01432413
65.26	0.011393517
65.28	-0.008966703
65.3	0.003110285
65.32	0.002136748
65.34	0.013385126
65.36	0.013531161
65.38	0.011082086
65.4	0.016065896
65.42	0.01721239
65.44	0.016008889
65.46	0.00421518
65.48	0.012517462
65.5	0.01034094
65.52	0.024399682
65.54	0.030800706
65.56	0.039929882
65.58	0.062414922
65.6	0.052196786
65.62	0.041055029
65.64	0.009682192
65.66	0.017852008
65.68	-0.003117888
65.7	-0.017758589
65.72	-0.021788086
65.74	-0.01075846
65.76	-0.021318046
65.78	-0.039763911
65.8	-0.037248067
65.82	-0.03281077
65.84	-0.027465923
65.86	-0.022672594
65.88	-0.016664275
65.9	0.031765944
65.92	0.019051414
65.94	0.025485652
65.96	0.00696401
65.98	0.00599068
66	0.012202822
66.02	0.021157075
66.04	0.021530816
66.06	0.022507408
66.08	0.017061034
66.1	0.016759533
66.12	0.015935661
66.14	0.013781891
66.16	0.014333582
66.18	-0.007279402
66.2	-0.017171939
66.22	0.001477125
66.24	0.002995216
66.26	0.004440644
66.28	0.008960655
66.3	0.01574715
66.32	0.013686865
66.34	0.021043314
66.36	0.037173678
66.38	0.022223391
66.4	0.013850452
66.42	0.010112671
66.44	0.011211086
66.46	0.016886846
66.48	0.020519074
66.5	0.017257992
66.52	0.011489419
66.54	0.015439033
66.56	0.030612391
66.58	0.033758105
66.6	0.034963809
66.62	0.043122606
66.64	0.060061143
66.66	0.05930977
66.68	0.049304374
66.7	0.038249189
66.72	0.035279454
66.74	0.04071431
66.76	0.040027147
66.78	0.044831914
66.8	0.045485739
66.82	0.032143343
66.84	0.028857454
66.86	0.03007904
66.88	0.039882827
66.9	0.038258514
66.92	0.001092161
66.94	0.021340285
66.96	0.030003531
66.98	0.026826006
67	0.01602187
67.02	0.014578747
67.04	0.005486689
67.06	0.020000601
67.08	0.01389144
67.1	0.024732107
67.12	0.035564192
67.14	0.020275954
67.16	0.01896176
67.18	0.003034793
67.2	-0.004005826
67.22	-0.010122992
67.24	-0.008095053
67.26	-0.007333338
67.28	0.01582935
67.3	0.0218474
67.32	0.018272685
67.34	0.017812672
67.36	0.016362936
67.38	0.018157423
67.4	0.013458399
67.42	0.004700511
67.44	0.002799304
67.46	-0.001883193
67.48	-0.001913097
67.5	0.004264703
67.52	0.004895192
67.54	-0.000945401
67.56	-0.010416114
67.58	-0.017365608
67.6	-0.018794542
67.62	-0.016188818
67.64	-0.017335505
67.66	-0.013550245
67.68	-0.008618004
67.7	-0.00492192
67.72	-0.009912936
67.74	-0.015120243
67.76	-0.019206858
67.78	-0.024653018
67.8	-0.026820478
67.82	-0.027567408
67.84	-0.01618571
67.86	0.014791634
67.88	0.041838692
67.9	0.026845653
67.92	0.029790867
67.94	0.034747895
67.96	0.036893257
67.98	0.048580081
68	0.040479292
68.02	0.046148052
68.04	0.028733137
68.06	-0.00211484
68.08	-0.025720711
68.1	-0.035027074
68.12	-0.017783952
68.14	-0.015276656
68.16	-0.009230047
68.18	-0.017962602
68.2	-0.017488267
68.22	-0.018462926
68.24	-0.014106817
68.26	-0.011591767
68.28	-0.009180225
68.3	-0.00303958
68.32	0.004696911
68.34	-0.005418426
68.36	0.018357436
68.38	0.007220661
68.4	0.001526464
68.42	-0.002064174
68.44	-0.005536954
68.46	-0.001674218
68.48	0.009941008
68.5	0.012852107
68.52	0.018920942
68.54	0.022233035
68.56	0.025784743
68.58	0.026627896
68.6	0.029500693
68.62	0.000365904
68.64	0.002225766
68.66	0.008564812
68.68	0.002425288
68.7	0.002654855
68.72	-0.000376834
68.74	-0.014082078
68.76	-0.013382079
68.78	-0.0243561
68.8	-0.026937734
68.82	-0.027907462
68.84	-0.027260774
68.86	-0.022492349
68.88	-0.026460685
68.9	-0.035377825
68.92	-0.039267838
68.94	-0.033619424
68.96	-0.03333771
68.98	-0.024433242
69	-0.029596771
69.02	-0.035127036
69.04	-0.039395103
69.06	-0.040276923
69.08	-0.01826817
69.1	0.009988197
69.12	0.017075905
69.14	-0.006559249
69.16	-0.013065679
69.18	-0.005395773
69.2	0.008678289
69.22	0.008617105
69.24	0.005313381
69.26	0.003348662
69.28	-0.000973761
69.3	4.3288E-05
69.32	0.002478951
69.34	0.00970922
69.36	0.022655167
69.38	0.029274565
69.4	0.02930415
69.42	0.026036152
69.44	0.023479949
69.46	0.017889684
69.48	-0.02089696
69.5	-0.010717985
69.52	-0.018623791
69.54	-0.02028104
69.56	-0.023651777
69.58	-0.022855139
69.6	-0.030063177
69.62	-0.022994932
69.64	-0.019960683
69.66	-0.015993761
69.68	-0.010106843
69.7	-0.008205634
69.72	-0.006408179
69.74	-0.023786768
69.76	0.00642657
69.78	-0.000650276
69.8	0.002717023
69.82	0.0004639
69.84	0.00160586
69.86	0.005630464
69.88	0.010023035
69.9	0.014219723
69.92	0.014837614
69.94	0.017388087
69.96	0.016600214
69.98	0.015100901
70	0.027538396
70.02	0.040486985
70.04	0.035088558
70.06	0.034333148
70.08	-0.008658218
70.1	-0.003743183
70.12	-0.016975488
70.14	-0.011863182
70.16	-0.018840023
70.18	-0.023472518
70.2	-0.031812509
70.22	-0.024455371
70.24	-0.028001916
70.26	-0.027465655
70.28	-0.018704215
70.3	0.037905541
70.32	0.016930348
70.34	0.005110303
70.36	0.002120437
70.38	0.006462934
70.4	0.012536612
70.42	0.018766792
70.44	0.012641587
70.46	0.011014302
70.48	0.003558412
70.5	-0.004919069
70.52	0.000763458
70.54	0.008466086
70.56	0.034118284
70.58	0.033282534
70.6	0.021893811
70.62	0.029404221
70.64	0.04169646
70.66	0.039209904
70.68	0.02617596
70.7	0.017423173
70.72	0.020216484
70.74	0.019695998
70.76	0.021120512
70.78	0.021124979
70.8	0.023031161
70.82	0.026533134
70.84	0.023443246
70.86	0.025196269
70.88	0.018667779
70.9	0.017420281
70.92	0.022011122
70.94	0.021135218
70.96	-0.014755978
70.98	-0.011804161
71	-0.00264456
71.02	-0.010678914
71.04	-0.013817757
71.06	-0.009986111
71.08	-0.020374858
71.1	-0.017524185
71.12	-0.012708639
71.14	-0.014275845
71.16	-0.012445742
71.18	-0.012729056
71.2	-0.013704023
71.22	-0.015719357
71.24	-0.012985228
71.26	-0.005044421
71.28	-0.010011082
71.3	-0.02035299
71.32	-0.016516405
71.34	-0.018303727
71.36	-0.016357733
71.38	-0.017590998
71.4	-0.007395221
71.42	-0.012318575
71.44	-0.016974483
71.46	-0.015863748
71.48	-0.00994188
71.5	0.002700047
71.52	-0.006097233
71.54	-0.015024322
71.56	-0.012618259
71.58	-0.014151807
71.6	-0.013668558
71.62	-0.013536666
71.64	-0.022364558
71.66	-0.02762725
71.68	-0.04369586
71.7	-0.036902786
71.72	-0.042658968
71.74	-0.04025802
71.76	-0.038695074
71.78	-0.040112703
71.8	-0.037609193
71.82	-0.003896627
71.84	-0.004356763
71.86	0.005908161
71.88	0.001438921
71.9	-0.007641579
71.92	-0.012853971
71.94	-0.00487062
71.96	-0.004220853
71.98	-0.004381699
72	0.001876152
72.02	-0.005887705
72.04	-0.012515269
72.06	-0.006136184
72.08	-0.011713945
72.1	-0.003888554
72.12	0.010721542
72.14	0.005854305
72.16	0.008774455
72.18	0.01271035
72.2	0.010991611
72.22	0.012138134
72.24	0.00696504
72.26	-0.012633011
72.28	-0.014094124
72.3	-0.014501334
72.32	-0.006230383
72.34	0.000347672
72.36	-0.012833902
72.38	-0.019237085
72.4	-0.033400845
72.42	-0.036431247
72.44	-0.031561513
72.46	-0.029392666
72.48	-0.02995314
72.5	-0.023609917
72.52	-0.02882239
72.54	-0.024803359
72.56	-0.019808674
72.58	0.014522404
72.6	-0.000831569
72.62	-0.00203331
72.64	0.002821395
72.66	-0.007204672
72.68	-0.008142526
72.7	-0.007370114
72.72	-0.016112319
72.74	-0.030754807
72.76	-0.028013431
72.78	-0.020829985
72.8	-0.017717795
72.82	-0.001533461
72.84	-0.013185176
72.86	-0.002834775
72.88	0.016941943
72.9	0.007657411
72.92	0.004377459
72.94	-0.007566826
72.96	-0.014057956
72.98	-0.027487939
73	-0.028765652
73.02	-0.034430874
73.04	-0.036484416
73.06	-0.036771889
73.08	-0.033059513
73.1	-0.0279257
73.12	-0.005990542
73.14	0.014611317
73.16	0.004617504
73.18	0.004604536
73.2	0.001470383
73.22	0.00741117
73.24	0.009730551
73.26	0.014851361
73.28	0.014438962
73.3	0.01156294
73.32	0.007458606
73.34	0.010122807
73.36	0.003192799
73.38	0.005614209
73.4	0.001792366
73.42	0.014237139
73.44	0.01074267
73.46	0.012358391
73.48	0.016114898
73.5	0.019209988
73.52	0.014278894
73.54	0.011400183
73.56	0.005558276
73.58	0.002500818
73.6	-0.00258732
73.62	-0.001235178
73.64	-0.000914244
73.66	-0.005077284
73.68	-0.012054642
73.7	-0.005273981
73.72	0.01365193
73.74	0.014986479
73.76	0.006193183
73.78	0.011053208
73.8	0.00654786
73.82	0.000916198
73.84	-0.000874069
73.86	0.002094927
73.88	-1.36103E-05
73.9	0.001677628
73.92	0.002731259
73.94	0.005657462
73.96	-0.004389904
73.98	0.005412947
74	0.009709516
74.02	0.014412206
74.04	0.012142387
74.06	0.003251571
74.08	0.005773618
74.1	-0.00022538
74.12	-0.000260914
74.14	-0.002205464
74.16	0.002065334
74.18	0.000620266
74.2	-0.008975467
74.22	0.000444258
74.24	-0.002459684
74.26	0.003000945
74.28	0.014640372
74.3	0.025183746
74.32	0.022493567
74.34	0.019255291
74.36	0.019522834
74.38	0.017800433
74.4	0.021681633
74.42	0.012719648
74.44	0.014212869
74.46	0.01678814
74.48	0.017998376
74.5	0.015699666
74.52	0.019920046
74.54	0.02190656
74.56	0.028990242
74.58	0.02783266
74.6	0.03171448
74.62	0.036421009
74.64	0.037107568
74.66	0.029404357
74.68	0.015751123
74.7	0.015523796
74.72	0.020475485
74.74	0.017823218
74.76	0.015640224
74.78	0.001595655
74.8	-0.007930971
74.82	-0.009337578
74.84	-0.00758879
74.86	-0.002213533
74.88	0.002095105
74.9	0.020245449
74.92	0.017221051
74.94	0.023344773
74.96	0.027566568
74.98	0.020985439
75	0.011110435
75.02	-0.004568476
75.04	0.002639799
75.06	-0.00424726
75.08	-0.001541815
75.1	-0.004049123
75.12	0.011646834
75.14	0.012394372
75.16	0.011794672
75.18	0.013070167
75.2	0.014461486
75.22	0.02060873
75.24	0.021213237
75.26	0.016165772
75.28	0.008701163
75.3	0.00363357
75.32	-0.002722957
75.34	7.41885E-06
75.36	-0.004115958
75.38	-0.010896476
75.4	-0.010961731
75.42	-0.01583143
75.44	-0.014480586
75.46	-0.014520718
75.48	-0.01134917
75.5	-0.00400197
75.52	-0.004079847
75.54	-0.006974751
75.56	-0.011974104
75.58	-0.012579472
75.6	-0.01342246
75.62	-0.012887719
75.64	-0.008766284
75.66	0.017039092
75.68	0.010938725
75.7	0.013567679
75.72	0.002767193
75.74	0.008328553
75.76	0.014447931
75.78	0.019974871
75.8	0.021223199
75.82	0.016518526
75.84	0.013542076
75.86	0.012262043
75.88	0.012981016
75.9	0.019504371
75.92	0.024973081
75.94	0.018952144
75.96	0.017953883
75.98	0.024610574
76	0.026782429
76.02	0.030580051
76.04	0.027253936
76.06	0.021407541
76.08	0.017215203
76.1	-0.005277222
76.12	-0.01414531
76.14	-0.009130792
76.16	-0.009278271
76.18	-0.007677591
76.2	-0.004858417
76.22	-0.007840392
76.24	-0.007919118
76.26	-0.008978392
76.28	-0.009696509
76.3	-0.006904349
76.32	-0.000232723
76.34	0.015015992
76.36	0.016791534
76.38	0.01443285
76.4	0.003349478
76.42	-0.013552692
76.44	-0.01410337
76.46	-0.0057831
76.48	0.000987321
76.5	0.023435296
76.52	0.024804556
76.54	0.019282349
76.56	0.017283902
76.58	0.025737292
76.6	0.031403558
76.62	0.02107163
76.64	0.012938816
76.66	-0.006494309
76.68	-0.013502658
76.7	-0.014593658
76.72	-0.011144656
76.74	-0.013076288
76.76	-0.00635149
76.78	-0.018290921
76.8	-0.02952797
76.82	-0.025692115
76.84	-0.024961354
76.86	-0.018965082
76.88	-0.024080797
76.9	-0.028214702
76.92	-0.030373924
76.94	-0.030319846
76.96	-0.031746145
76.98	-0.031656504
77	-0.030581374
77.02	-0.028754908
77.04	-0.010397525
77.06	-0.003416633
77.08	-0.001256944
77.1	-0.002896244
77.12	-0.000975954
77.14	0.009315536
77.16	0.015848037
77.18	0.010878048
77.2	0.015019176
77.22	0.011412498
77.24	0.012830813
77.26	0.011268244
77.28	0.007482308
77.3	0.004505153
77.32	0.008079806
77.34	0.006436039
77.36	0.001065603
77.38	0.009788771
77.4	0.008983172
77.42	0.003053361
77.44	-0.000565651
77.46	-0.005767597
77.48	-0.013527994
77.5	-0.023481871
77.52	-0.022394737
77.54	-0.027338421
77.56	-0.029535449
77.58	-0.028509791
77.6	-0.024277827
77.62	-0.01876331
77.64	-0.010345563
77.66	-0.00804634
77.68	-0.013516791
77.7	-0.019225967
77.72	-0.022015513
77.74	-0.01366454
77.76	-0.002773845
77.78	0.002742097
77.8	0.006374672
77.82	0.003548105
77.84	0.001617923
77.86	0.008463698
77.88	0.005225514
77.9	0.00519953
77.92	0.014753999
77.94	0.010630456
77.96	0.013152382
77.98	0.015525363
78	0.015301648
78.02	0.016825427
78.04	0.010945083
78.06	0.001626493
78.08	-0.01082268
78.1	-0.014383384
78.12	-0.021586322
78.14	-0.023100695
78.16	-0.025372261
78.18	-0.028529738
78.2	-0.030507637
78.22	-0.033816688
78.24	-0.034276266
78.26	-0.035582802
78.28	-0.032057667
78.3	-0.030224035
78.32	-0.029179251
78.34	-0.022643218
78.36	0.013914971
78.38	0.004109236
78.4	0.00733427
78.42	0.007796577
78.44	0.010896425
78.46	0.018457215
78.48	0.021757587
78.5	0.019921369
78.52	0.017460033
78.54	0.013392425
78.56	0.007266849
78.58	0.003905015
78.6	0.01040727
78.62	0.034242942
78.64	0.019028732
78.66	0.021087223
78.68	0.015247759
78.7	0.0088665
78.72	0.008029413
78.74	0.008278522
78.76	0.005540243
78.78	-0.001130655
78.8	-0.009733302
78.82	-0.018633702
78.84	-0.020145762
78.86	-0.023649059
78.88	-0.021772778
78.9	-0.0198486
78.92	-0.017582812
78.94	-0.015446966
78.96	-0.014719201
78.98	0.002784978
79	0.005164857
79.02	0.008118319
79.04	0.005704169
79.06	0.000239278
79.08	0.003312449
79.1	0.001855879
79.12	-0.002370609
79.14	-0.007514637
79.16	-0.001132931
79.18	3.0001E-05
79.2	-0.001759989
79.22	0.00797116
79.24	-3.7168E-05
79.26	-0.000490952
79.28	0.008776892
79.3	0.005578879
79.32	0.010739089
79.34	0.006822284
79.36	-0.001248501
79.38	-0.008469654
79.4	-0.021872707
79.42	-0.023055512
79.44	-0.017753466
79.46	-0.017633287
79.48	0.007911342
79.5	0.007713143
79.52	0.010988515
79.54	0.015063348
79.56	0.011830103
79.58	0.012870809
79.6	0.012203745
79.62	0.004919208
79.64	0.000958371
79.66	0.002178361
79.68	0.004790003
79.7	0.002683928
79.72	-0.003152823
79.74	-0.00190413
79.76	-0.006252623
79.78	0.001832913
79.8	0.008213505
79.82	0.016731872
79.84	0.013240129
79.86	0.018315828
79.88	0.017216701
79.9	0.013908125
79.92	0.012578353
79.94	0.016180508
79.96	0.013625007
79.98	0.026954983
80	0.025755739
80.02	0.02756513
80.04	-0.028764091
80.06	-0.014000903
80.08	5.77768E-06
80.1	0.003558654
80.12	0.009530011
80.14	0.015795883
80.16	0.015427858
80.18	0.012011469
80.2	0.010382994
80.22	0.007954994
80.24	0.005546682
80.26	2.53891E-05
80.28	0.006723458
80.3	-0.001144213
80.32	0.004203584
80.34	-0.002370401
80.36	-0.005485558
80.38	0.000854457
80.4	0.03043719
80.42	0.018627222
80.44	0.01951004
80.46	0.013671006
80.48	0.01028506
80.5	0.010843984
80.52	0.00970149
80.54	0.006811631
80.56	0.002524347
80.58	-0.003308658
80.6	-0.008711253
80.62	-0.001878261
80.64	-0.003836458
80.66	-0.017492794
80.68	-0.01507473
80.7	-0.02137437
80.72	-0.020019547
80.74	-0.020652495
80.76	-0.016126214
80.78	-0.009734715
80.8	0.005430596
80.82	0.001625587
80.84	-0.007041302
80.86	-0.010680949
80.88	-0.008790712
80.9	0.007057343
80.92	0.028668666
80.94	0.017638047
80.96	0.016245258
80.98	0.014259466
81	0.007171821
81.02	0.005042702
81.04	0.008874088
81.06	0.014021906
81.08	-0.002004511
81.1	0.003606292
81.12	0.000735459
81.14	-0.007958319
81.16	-0.006272267
81.18	-0.012598224
81.2	-0.01300132
81.22	-0.011279119
81.24	-0.013459766
81.26	-0.017028044
81.28	-0.018414586
81.3	-0.021823476
81.32	-0.01949702
81.34	-0.018615958
81.36	-0.010678426
81.38	-0.012053429
81.4	-0.014427138
81.42	-0.011275867
81.44	-0.011996881
81.46	-0.00588262
81.48	-0.00374624
81.5	0.004739418
81.52	0.012229274
81.54	0.009026358
81.56	0.011060973
81.58	0.005216039
81.6	0.009083234
81.62	0.010390598
81.64	0.004216193
81.66	0.003620642
81.68	-0.005163002
81.7	-0.012164302
81.72	-0.010207911
81.74	-0.004905133
81.76	-0.010709253
81.78	-0.009791167
81.8	-0.016342018
81.82	-0.012668503
81.84	-0.006930039
81.86	-0.002953036
81.88	-0.008628187
81.9	-0.00626266
81.92	-0.012747409
81.94	-0.01210454
81.96	-0.004093338
81.98	-0.007347732
82	-0.006274757
82.02	-0.003275298
82.04	-0.004232149
82.06	-0.010799952
82.08	-0.014734394
82.1	-0.013425735
82.12	-0.013310018
82.14	-0.010460941
82.16	-0.013035154
82.18	-0.007596688
82.2	-0.005155398
82.22	-0.004913942
82.24	-0.012944063
82.26	-0.009937876
82.28	0.001568866
82.3	0.006787
82.32	0.004908619
82.34	0.006163074
82.36	0.007890995
82.38	0.011097065
82.4	0.014498717
82.42	0.013263067
82.44	0.013141924
82.46	0.013968596
82.48	0.007839157
82.5	0.009094755
82.52	0.010487051
82.54	0.017279034
82.56	0.010892729
82.58	0.006413969
82.6	0.002609748
82.62	-0.008275389
82.64	-0.009784847
82.66	-0.009923211
82.68	-0.014733834
82.7	-0.021602005
82.72	-0.019229167
82.74	-0.022274518
82.76	-0.02374844
82.78	-0.023028687
82.8	-0.020792914
82.82	-0.016669872
82.84	-0.013245551
82.86	-0.016883574
82.88	-0.012456729
82.9	-0.005848285
82.92	0.008272206
82.94	0.010166845
82.96	0.010108145
82.98	0.010641399
83	0.007145752
83.02	0.006850044
83.04	0.004988802
83.06	0.00086375
83.08	-0.001522759
83.1	-0.011964428
83.12	-0.001195038
83.14	-0.000467297
83.16	-0.001430859
83.18	0.000586026
83.2	0.004572219
83.22	0.011870999
83.24	0.017623998
83.26	0.010556654
83.28	0.014090972
83.3	0.008749538
83.32	-0.000264629
83.34	-0.011427085
83.36	-0.01640683
83.38	-0.020790623
83.4	-0.020089747
83.42	-0.018128856
83.44	-0.015513136
83.46	-0.00138292
83.48	0.008179529
83.5	0.007714795
83.52	0.009899234
83.54	0.01225257
83.56	0.010103774
83.58	0.010395212
83.6	0.002999138
83.62	0.000298057
83.64	-0.003092655
83.66	-0.005880528
83.68	-0.009176696
83.7	-0.002555215
83.72	-0.002846071
83.74	-0.000679855
83.76	0.007502904
83.78	0.01775048
83.8	0.017130966
83.82	0.019092011
83.84	0.015684871
83.86	0.026738782
83.88	0.023981325
83.9	0.022070608
83.92	0.028649748
83.94	0.029524624
83.96	0.021867155
83.98	0.024561751
84	0.030766948
84.02	-0.019551287
84.04	-0.029573845
84.06	-0.01139335
84.08	-0.002478898
84.1	-0.003736345
84.12	-0.00187271
84.14	-0.005057332
84.16	-0.003706065
84.18	-0.004459412
84.2	-0.009814027
84.22	0.003100147
84.24	0.011292228
84.26	0.010497028
84.28	0.006442633
84.3	-0.009845983
84.32	-0.002796382
84.34	-0.002505077
84.36	0.000613145
84.38	0.013532927
84.4	0.019485333
84.42	0.019513624
84.44	0.020904561
84.46	0.017942602
84.48	0.01656213
84.5	0.023584607
84.52	0.03099369
84.54	0.022226459
84.56	0.020201149
84.58	0.002543907
84.6	-0.0064968
84.62	-0.001188979
84.64	-0.00132561
84.66	-0.001535599
84.68	-0.003478462
84.7	0.000478319
84.72	-0.001260837
84.74	-5.21732E-05
84.76	-0.001126269
84.78	-0.003394011
84.8	-0.009582378
84.82	-0.022643206
84.84	-0.027899726
84.86	-0.025795944
84.88	-0.028203695
84.9	-0.027291843
84.92	-0.024201985
84.94	0.001579521
84.96	0.01762302
84.98	0.004794517
85	0.007422342
85.02	0.009558709
85.04	0.011257325
85.06	0.018085428
85.08	0.013227305
85.1	0.006853512
85.12	0.004171015
85.14	-0.021740055
85.16	-0.023044818
85.18	-0.024713182
85.2	-0.016272579
85.22	-0.011906553
85.24	-0.01020258
85.26	-0.008378002
85.28	0.016178538
85.3	0.015225655
85.32	0.008615688
85.34	0.008986874
85.36	0.007082987
85.38	-0.007607534
85.4	-0.006028434
85.42	-0.018691497
85.44	-0.022407864
85.46	-0.012035215
85.48	-0.01932032
85.5	-0.026940754
85.52	-0.017334252
85.54	-0.011931159
85.56	-0.010982908
85.58	-0.010556196
85.6	-0.010651588
85.62	-0.015134407
85.64	-0.020331329
85.66	-0.020868839
85.68	-0.009599669
85.7	-0.006521764
85.72	-0.002564448
85.74	-0.004329348
85.76	0.001091925
85.78	0.002419826
85.8	0.007810497
85.82	0.003177036
85.84	-0.003418348
85.86	-0.000765522
85.88	0.001292206
85.9	-0.000951419
85.92	0.001608951
85.94	0.007807501
85.96	0.005025027
85.98	0.01349358
86	0.007636751
86.02	0.005134971
86.04	-0.016632109
86.06	-0.007784639
86.08	-0.014389755
86.1	-0.015484925
86.12	-0.018145689
86.14	-0.019132366
86.16	-0.025623913
86.18	-0.020294143
86.2	-0.018077012
86.22	-0.016698349
86.24	-0.015966814
86.26	-0.013905456
86.28	0.006133045
86.3	-8.40453E-05
86.32	0.006791399
86.34	0.006480383
86.36	0.002477846
86.38	0.003443457
86.4	0.003811602
86.42	-0.002597035
86.44	-0.009746217
86.46	-0.009463238
86.48	-0.005190148
86.5	-0.002114237
86.52	0.019308506
86.54	0.011093288
86.56	0.010420153
86.58	-0.001728342
86.6	-0.016281465
86.62	-0.018172024
86.64	-0.020856635
86.66	-0.025050283
86.68	-0.029681045
86.7	-0.023499047
86.72	-0.018898458
86.74	-0.016863403
86.76	-0.006989931
86.78	-0.002108233
86.8	-0.003188399
86.82	-0.001589159
86.84	0.000353927
86.86	0.006852831
86.88	0.007829954
86.9	0.009883877
86.92	0.010517107
86.94	0.006352269
86.96	0.001136443
86.98	-0.000941715
87	0.005411808
87.02	0.001212519
87.04	0.000636234
87.06	0.002604719
87.08	0.003199634
87.1	-0.002940758
87.12	-0.007422167
87.14	-0.009952296
87.16	-0.013375927
87.18	-0.004347178
87.2	0.002764783
87.22	0.011276574
87.24	0.004281777
87.26	-0.00191505
87.28	-0.002866604
87.3	0.001058016
87.32	0.00136661
87.34	-0.000346956
87.36	0.001504814
87.38	0.007247361
87.4	0.005370387
87.42	0.014172745
87.44	0.016595619
87.46	0.028106932
87.48	0.029265068
87.5	0.030474846
87.52	0.028375286
87.54	0.023092667
87.56	0.020713399
87.58	0.01262087
87.6	0.007186328
87.62	-0.003042528
87.64	-0.00936616
87.66	0.002345918
87.68	0.002369111
87.7	0.001347421
87.72	0.008727556
87.74	0.014490832
87.76	0.018849546
87.78	0.019923227
87.8	0.019368918
87.82	0.017709828
87.84	0.008743887
87.86	0.006701897
87.88	0.00442787
87.9	-0.002071037
87.92	0.001983852
87.94	0.006413893
87.96	0.014494417
87.98	0.016416847
88	0.017257659
88.02	0.014234076
88.04	0.012203026
88.06	0.006914382
88.08	0.00017451
88.1	-0.004423842
88.12	-0.009505267
88.14	-0.005268988
88.16	0.000326975
88.18	0.007446549
88.2	0.010098601
88.22	0.014184785
88.24	0.016161702
88.26	0.015795812
88.28	0.022270382
88.3	0.026460206
88.32	0.024506543
88.34	0.021321948
88.36	0.02035512
88.38	0.01622344
88.4	0.018417004
88.42	0.018236996
88.44	0.018533775
88.46	0.016936456
88.48	0.020895123
88.5	0.024982098
88.52	0.031100648
88.54	0.028645467
88.56	0.020871522
88.58	-0.009259672
88.6	0.00579133
88.62	-0.001301343
88.64	-0.003614768
88.66	-0.002186821
88.68	-0.007579032
88.7	-0.007939784
88.72	-0.008886478
88.74	-0.009335723
88.76	0.000815091
88.78	0.0129008
88.8	0.018588473
88.82	0.009171452
88.84	0.015973344
88.86	0.011743954
88.88	0.014884842
88.9	0.013791322
88.92	0.010532742
88.94	0.007319556
88.96	0.005143908
88.98	0.003053787
89	-0.004254966
89.02	0.007207185
89.04	0.009073247
89.06	0.010426503
89.08	0.004803488
89.1	0.006256674
89.12	0.003372699
89.14	0.001353543
89.16	-0.002939273
89.18	-0.007992506
89.2	-0.016273115
89.22	-0.018059291
89.24	-0.019718728
89.26	-0.02000894
89.28	-0.020459482
89.3	-0.015696971
89.32	-0.008958883
89.34	-0.007766079
89.36	0.000316263
89.38	-0.008981312
89.4	-0.005435986
89.42	-0.008259895
89.44	-0.008651031
89.46	-0.008795138
89.48	-0.005209896
89.5	-0.011876078
89.52	-0.016172781
89.54	-0.014519885
89.56	-0.002800855
89.58	0.013536195
89.6	0.009792896
89.62	0.012847992
89.64	0.012882552
89.66	0.013922143
89.68	0.015138383
89.7	0.015384874
89.72	0.017051126
89.74	0.013721043
89.76	0.006233953
89.78	7.69781E-05
89.8	-0.004103975
89.82	-0.002409029
89.84	-0.000517445
89.86	0.006016925
89.88	0.016512862
89.9	0.013841417
89.92	0.015473551
89.94	0.018901481
89.96	0.019801676
89.98	-0.010293319
90	-0.020278841
90.02	-0.017945051
90.04	-0.021517128
90.06	-0.022734564
90.08	-0.02594978
90.1	-0.030303933
90.12	-0.023907693
90.14	-0.021186515
90.16	-0.017923472
90.18	-0.008894607
90.2	0.010518804
90.22	0.010894129
90.24	0.007187137
90.26	0.00405448
90.28	0.005339255
90.3	0.007596831
90.32	0.008334307
90.34	0.009422675
90.36	0.00714846
90.38	-0.000608791
90.4	-0.004498397
90.42	-0.00536622
90.44	0.009501665
90.46	-0.002717796
90.48	0.000253173
90.5	0.00282951
90.52	0.002719929
90.54	0.003018856
90.56	-0.002919124
90.58	-0.011887076
90.6	-0.019793767
90.62	-0.02027746
90.64	-0.020229708
90.66	-0.021284395
90.68	-0.028192553
90.7	-0.036231694
90.72	-0.033965683
90.74	-0.033787507
90.76	-0.035229715
90.78	-0.035746075
90.8	-0.028674995
90.82	-0.027392798
90.84	0.014977228
90.86	-0.000494166
90.88	0.009430351
90.9	0.000921968
90.92	0.00196218
90.94	-0.000364474
90.96	0.003740723
90.98	-0.006618128
91	-0.00977032
91.02	-0.009504923
91.04	-0.010177601
91.06	-0.015297208
91.08	-0.015753367
91.1	0.004178166
91.12	0.010532232
91.14	-0.000277889
91.16	-0.000673648
91.18	-0.003821142
91.2	-0.008156148
91.22	-0.015555761
91.24	-0.018391516
91.26	-0.013571316
91.28	-0.01067995
91.3	-0.01090563
91.32	-0.016839271
91.34	-0.018357514
91.36	-0.01984146
91.38	-0.016683393
91.4	-0.012182189
91.42	-0.004937694
91.44	-0.008517418
91.46	-0.004977232
91.48	-0.003190558
91.5	0.000673772
91.52	-0.001063594
91.54	0.001660838
91.56	0.000238371
91.58	-0.00072506
91.6	-0.000193852
91.62	0.003074774
91.64	0.005693589
91.66	0.008289753
91.68	0.009967263
91.7	0.009207686
91.72	0.008719174
91.74	0.003605044
91.76	0.008842747
91.78	0.01210787
91.8	0.009196723
91.82	0.003804298
91.84	0.002934795
91.86	-0.000351377
91.88	-0.007671056
91.9	-0.003175122
91.92	-0.001495394
91.94	0.000322581
91.96	0.002286906
91.98	-0.004317252
92	-0.013645359
92.02	-0.016852722
92.04	-0.015434104
92.06	-0.013329099
92.08	-0.01418031
92.1	-0.014776011
92.12	-0.02138679
92.14	-0.015047898
92.16	-0.015004978
92.18	-0.009348411
92.2	-0.004427783
92.22	0.008396642
92.24	0.014362878
92.26	0.013877425
92.28	0.01413295
92.3	0.013108094
92.32	0.013779337
92.34	0.01332673
92.36	0.013054244
92.38	0.012800911
92.4	0.010078138
92.42	0.007293042
92.44	-0.000228851
92.46	-0.000608919
92.48	-0.00163791
92.5	0.00227996
92.52	0.006271251
92.54	0.005926533
92.56	0.004104593
92.58	0.000615136
92.6	-0.001766346
92.62	-0.004085818
92.64	-0.003853071
92.66	-0.002889036
92.68	-0.009056768
92.7	-0.004229199
92.72	0.000439889
92.74	0.00195104
92.76	0.001208091
92.78	-0.000980617
92.8	-0.00158696
92.82	0.002372293
92.84	0.006350915
92.86	0.011060881
92.88	0.010729411
92.9	0.00946057
92.92	0.008261074
92.94	0.000636995
92.96	-0.002827592
92.98	-0.002302282
93	-0.000769435
93.02	-0.004902027
93.04	-0.007327911
93.06	-0.009710522
93.08	-0.014543282
93.1	-0.017453258
93.12	-0.013986759
93.14	-0.011482043
93.16	-0.010873953
93.18	-0.011612956
93.2	-0.011862232
93.22	-0.010636423
93.24	-0.008783037
93.26	-0.004692383
93.28	0.003977476
93.3	0.008336865
93.32	0.0061732
93.34	0.007102175
93.36	0.00340117
93.38	0.004630706
93.4	0.000246782
93.42	-0.00240848
93.44	-0.004619072
93.46	-0.00242135
93.48	0.001694349
93.5	0.016364279
93.52	0.006782738
93.54	0.000968583
93.56	-0.000700502
93.58	-0.000286554
93.6	0.000545543
93.62	-0.003037103
93.64	-0.007280346
93.66	-0.001328877
93.68	-0.000603577
93.7	0.005427784
93.72	0.008087739
93.74	0.006728964
93.76	0.010942283
93.78	0.011690622
93.8	0.011438973
93.82	0.011749659
93.84	0.015367344
93.86	0.015249095
93.88	0.013521208
93.9	0.013103047
93.92	0.011380443
93.94	0.011633047
93.96	0.012891216
93.98	0.015059178
94	0.016385512
94.02	0.017832195
94.04	0.008487463
94.06	0.005335672
94.08	0.006237741
94.1	0.006618379
94.12	0.006796488
94.14	-0.000313522
94.16	-7.79548E-05
94.18	-0.001404928
94.2	-0.005629066
94.22	-0.005739052
94.24	-0.004383691
94.26	-0.004521361
94.28	-0.00365539
94.3	-0.008117941
94.32	-0.003283597
94.34	-0.006180066
94.36	-0.004490736
94.38	-0.008664714
94.4	-0.010627596
94.42	-0.012850455
94.44	-0.01227767
94.46	-0.012978968
94.48	-0.015672565
94.5	-0.015729234
94.52	-0.018951204
94.54	-0.019707419
94.56	-0.020963135
94.58	-0.019684911
94.6	-0.015806603
94.62	-0.013592874
94.64	-0.013326656
94.66	-0.013796633
94.68	-0.013429106
94.7	-0.015228945
94.72	-0.014366702
94.74	-0.009861661
94.76	-0.002954387
94.78	0.004200767
94.8	0.000992101
94.82	-0.003598538
94.84	-0.004175252
94.86	-0.003030735
94.88	-0.002245431
94.9	-0.000167215
94.92	0.000465396
94.94	0.001000616
94.96	-0.001200044
94.98	0.000387844
95	0.008007288
95.02	0.006526467
95.04	0.006965439
95.06	0.008111263
95.08	0.008312484
95.1	0.007643089
95.12	0.004516803
95.14	0.004757655
95.16	0.000646971
95.18	0.00167829
95.2	0.003706828
95.22	0.006046481
95.24	0.006424884
95.26	0.006085747
95.28	0.005956233
95.3	0.000810941
95.32	-0.007732904
95.34	-0.006006173
95.36	-0.006267238
95.38	-0.000418603
95.4	0.013601873
95.42	0.006634187
95.44	0.003891073
95.46	0.005992277
95.48	0.011139605
95.5	0.009333846
95.52	0.012136005
95.54	0.017537841
95.56	0.011258624
95.58	0.007503451
95.6	0.002120773
95.62	0.004259494
95.64	0.006290261
95.66	-0.004178989
95.68	-0.000338494
95.7	0.00034956
95.72	0.000701404
95.74	0.004248324
95.76	0.007444041
95.78	0.00727715
95.8	0.011093394
95.82	0.009689577
95.84	0.00766682
95.86	-0.000509242
95.88	-0.006993943
95.9	-0.014004167
95.92	-0.014551521
95.94	-0.016261999
95.96	-0.014114514
95.98	-0.009479823
96	-0.00618828
96.02	-0.003901388
96.04	0.000147347
96.06	0.001507643
96.08	0.017856894
96.1	0.015227422
96.12	0.016019479
96.14	0.013781411
96.16	0.014398118
96.18	0.013162728
96.2	0.012512418
96.22	0.004633026
96.24	0.001023517
96.26	0.002714481
96.28	0.006722183
96.3	0.015611142
96.32	0.021091025
96.34	0.028062165
96.36	0.020689095
96.38	0.019360888
96.4	0.012052683
96.42	-0.000897742
96.44	0.011546533
96.46	0.017387314
96.48	0.013571741
96.5	0.00927635
96.52	0.013499666
96.54	0.01118406
96.56	-0.00325518
96.58	-0.000983783
96.6	0.006848176
96.62	0.010978125
96.64	0.008047142
96.66	0.012199758
96.68	0.000983476
96.7	-0.001601931
96.72	-0.003896245
96.74	-0.002970225
96.76	-8.41906E-05
96.78	0.00142699
96.8	-0.000204389
96.82	-0.003627335
96.84	0.006809154
96.86	0.01929891
96.88	0.015843464
96.9	0.018316011
96.92	0.020393076
96.94	0.019804949
96.96	0.015132072
96.98	0.004224359
97	0.004806295
97.02	0.000109645
97.04	0.002765008
97.06	-0.00096178
97.08	0.003255963
97.1	0.008879609
97.12	0.000894961
97.14	0.001495027
97.16	-0.001306697
97.18	-4.50956E-05
97.2	0.000300134
97.22	-0.001643167
97.24	-0.008912564
97.26	-0.014835125
97.28	-0.016503417
97.3	-0.020898824
97.32	-0.020078093
97.34	-0.019254586
97.36	-0.021330457
97.38	-0.0200358
97.4	-0.018220407
97.42	0.00996944
97.44	0.015226116
97.46	0.009571934
97.48	0.007143184
97.5	0.012765391
97.52	0.01340657
97.54	0.020004746
97.56	0.014190433
97.58	0.015071666
97.6	0.016700702
97.62	0.014311875
97.64	0.00844435
97.66	0.005102363
97.68	0.008340559
97.7	0.02226416
97.72	0.015639141
97.74	0.024984455
97.76	0.025807386
97.78	0.029857158
97.8	0.025995924
97.82	-0.019882364
97.84	0.000969617
97.86	0.001590801
97.88	0.000298755
97.9	0.001630695
97.92	0.006477981
97.94	0.002303869
97.96	0.00078936
97.98	-0.002713161
98	-0.004031905
98.02	-0.001986459
98.04	-7.75416E-05
98.06	-0.003133802
98.08	-0.014797188
98.1	-0.010876599
98.12	0.003252176
98.14	0.004143076
98.16	0.00436856
98.18	0.007120142
98.2	0.004560477
98.22	0.002577671
98.24	0.000381131
98.26	0.003952416
98.28	0.008570113
98.3	0.008767371
98.32	0.003422966
98.34	-0.002686014
98.36	-0.003094585
98.38	-0.004070829
98.4	-0.003363991
98.42	-0.009480158
98.44	-0.014559925
98.46	-0.016940732
98.48	-0.018379435
98.5	-0.017482117
98.52	-0.015342999
98.54	-0.014649774
98.56	-0.01290559
98.58	-0.007113969
98.6	0.000843951
98.62	-0.001932577
98.64	-0.013758525
98.66	-0.01158035
98.68	-0.021493148
98.7	-0.023287063
98.72	-0.024884782
98.74	-0.028974849
98.76	-0.029446284
98.78	-0.027964082
98.8	-0.024779286
98.82	-0.019600021
98.84	0.014074638
98.86	0.004168296
98.88	0.005749069
98.9	-0.0003552
98.92	-0.001654304
98.94	0.004844919
98.96	0.006826412
98.98	0.00608984
99	0.001782331
99.02	-0.001044318
99.04	-0.000753783
99.06	-0.006304814
99.08	-0.020130805
99.1	-0.008043095
99.12	-0.006919542
99.14	0.003183428
99.16	0.005886229
99.18	-0.00140586
99.2	0.006183158
99.22	0.004665542
99.24	-0.003098854
99.26	-0.001835976
99.28	-0.012564372
99.3	-0.015797048
99.32	-0.013972782
99.34	-0.008918358
99.36	-0.004110529
99.38	-0.002072964
99.4	0.000366698
99.42	0.002653493
99.44	0.002382807
99.46	0.002534143
99.48	-0.005106709
99.5	-0.002323572
99.52	0.004896475
99.54	0.00527212
99.56	0.006292616
99.58	0.007430548
99.6	0.008640515
99.62	0.008217025
99.64	0.001299674
99.66	-0.00267036
99.68	-0.005671321
99.7	-0.007748077
99.72	-0.012628729
99.74	-0.005365554
99.76	-0.00531391
99.78	-0.003501975
99.8	0.001569074
99.82	-0.003000619
99.84	-0.00365986
99.86	-0.006788404
99.88	-0.005103588
99.9	-0.000242562
99.92	0.003895446
99.94	0.003539885
99.96	0.004333522
99.98	0.003386468
100	0.004905194
100.02	0.006128544
100.04	0.005048218
100.06	-0.001966096
100.08	-0.011637871
100.1	-0.010263944
100.12	-0.007598762
100.14	-0.002877888
100.16	-0.006972244
100.18	-0.00583735
100.2	-0.004096127
100.22	-0.00519658
100.24	-0.007519885
100.26	-0.009196168
100.28	-0.013803007
100.3	-0.020494959
100.32	-0.023152038
100.34	-0.013746629
100.36	-0.003985871
100.38	0.004937745
100.4	0.005411636
100.42	0.003928426
100.44	0.002105245
100.46	0.00256474
100.48	-0.000857864
100.5	-0.002164613
100.52	-0.003119981
100.54	-0.002417665
100.56	-6.48882E-06
100.58	0.002342617
100.6	0.008438132
100.62	0.003985647
100.64	-0.006322284
100.66	-0.00961387
100.68	-0.00889201
100.7	-0.007738877
100.72	-0.010579717
100.74	-0.012854556
100.76	-0.014489213
100.78	-0.011632119
100.8	-0.005212952
100.82	-0.00495098
100.84	-0.000711275
100.86	-0.000232188
100.88	0.001569632
100.9	0.003094832
100.92	0.003950274
100.94	0.004699263
100.96	0.006504662
100.98	0.005472974
101	0.005876176
101.02	0.006780037
101.04	0.003026588
101.06	0.002767573
101.08	-0.005604809
101.1	-0.013611796
101.12	-0.017578296
101.14	-0.013407896
101.16	-0.018200231
101.18	-0.01540649
101.2	-0.015674408
101.22	-0.017202353
101.24	-0.014281952
101.26	-0.004431373
101.28	0.010325113
101.3	0.010042637
101.32	0.006493387
101.34	0.005798066
101.36	0.004507462
101.38	0.00528477
101.4	0.003351873
101.42	0.002231294
101.44	0.004982149
101.46	0.007234333
101.48	0.006286283
101.5	0.011360055
101.52	0.020261787
101.54	0.016198492
101.56	0.025959078
101.58	0.022826474
101.6	0.016786896
101.62	0.011044014
101.64	0.01423109
101.66	0.011662237
101.68	-0.006816468
101.7	-0.008721548
101.72	-0.006142939
101.74	-0.008786367
101.76	-0.011087173
101.78	-0.01276996
101.8	-0.011658951
101.82	-0.003251947
101.84	0.009483803
101.86	0.022038602
101.88	0.023824842
101.9	0.022836232
101.92	0.019980077
101.94	0.012901599
101.96	0.013145241
101.98	0.013792067
102	0.008031493
102.02	-0.001297698
102.04	-0.001800094
102.06	-0.00197599
102.08	0.008302585
102.1	0.009527075
102.12	0.010608838
102.14	0.010913498
102.16	0.006903322
102.18	0.000853183
102.2	0.002599821
102.22	-0.00481464
102.24	-0.007253439
102.26	-0.01242678
102.28	-0.015587634
102.3	-0.016747688
102.32	-0.016900021
102.34	-0.016605961
102.36	-0.014144724
102.38	-0.012084613
102.4	-0.011021083
102.42	-0.006300837
102.44	-0.005494452
102.46	-0.007312518
102.48	-0.010419709
102.5	-0.013067972
102.52	-0.013834088
102.54	-0.017114133
102.56	-0.016596967
102.58	-0.018589989
102.6	-0.020728121
102.62	-0.020487075
102.64	-0.02009134
102.66	-0.02093581
102.68	-0.019541705
102.7	-0.020294385
102.72	-0.015405787
102.74	0.017931811
102.76	0.005965846
102.78	0.009163655
102.8	0.007633449
102.82	0.007533311
102.84	0.007457927
102.86	0.011142979
102.88	0.008998082
102.9	0.006883846
102.92	0.011076203
102.94	0.014238888
102.96	0.014912189
102.98	0.015726398
103	0.022733998
103.02	0.016424906
103.04	0.008586208
103.06	-0.002556201
103.08	-0.002976189
103.1	0.004882845
103.12	0.007943966
103.14	0.00632382
103.16	0.002114244
103.18	-0.000552385
103.2	-0.005790674
103.22	-0.007205867
103.24	-0.009167748
103.26	-0.005078944
103.28	0.000606239
103.3	0.006128238
103.32	0.008463596
103.34	0.009175206
103.36	0.01377948
103.38	0.015164324
103.4	0.013472206
103.42	0.009687253
103.44	0.008625497
103.46	0.005441933
103.48	0.006203656
103.5	0.009396536
103.52	0.011232155
103.54	0.011744904
103.56	0.009298957
103.58	-0.001850058
103.6	0.000465804
103.62	-0.004463168
103.64	-0.007677147
103.66	-0.007992287
103.68	-0.009563487
103.7	-0.010412285
103.72	-0.01339534
103.74	-0.011857646
103.76	-0.016561396
103.78	-0.017315757
103.8	-0.015048538
103.82	-0.010839909
103.84	-0.010196254
103.86	-0.010301605
103.88	-0.01769085
103.9	-0.017330556
103.92	-0.019601982
103.94	-0.020861451
103.96	-0.018707169
103.98	-0.007468708
104	-0.004584234
104.02	0.002648195
104.04	0.001752309
104.06	-0.000697908
104.08	-0.005248779
104.1	-0.004795937
104.12	0.00192672
104.14	0.007505158
104.16	0.014090574
104.18	0.012713736
104.2	0.006614177
104.22	0.008861654
104.24	0.013732067
104.26	0.012192228
104.28	0.003583523
104.3	-0.004295496
104.32	-0.00512342
104.34	0.001855863
104.36	0.007449442
104.38	0.00722358
104.4	0.005483184
104.42	0.00289226
104.44	-0.001123201
104.46	-0.015774031
104.48	-0.013968246
104.5	-0.011372081
104.52	-0.016108711
104.54	-0.01653309
104.56	-0.021568995
104.58	-0.01614787
104.6	-0.016719511
104.62	-0.014935651
104.64	-0.012272592
104.66	-0.008202121
104.68	0.000300965
104.7	0.000160651
104.72	-0.002186825
104.74	-1.53264E-05
104.76	0.00718014
104.78	0.008976531
104.8	0.008605187
104.82	0.008238098
104.84	0.011849354
104.86	0.007394527
104.88	-0.000993221
104.9	-0.001952383
104.92	0.011845602
104.94	0.010041074
104.96	0.007792698
104.98	0.005118363
105	0.001908609
105.02	0.004574074
105.04	-0.001621689
105.06	-0.007093144
105.08	-0.008899925
105.1	-0.012836651
105.12	-0.017068133
105.14	-0.015762737
105.16	-0.016563266
105.18	-0.016994232
105.2	-0.011752537
105.22	0.003579311
105.24	0.014269459
105.26	0.01202569
105.28	0.014285686
105.3	0.013529206
105.32	0.016542652
105.34	0.018328668
105.36	0.015879586
105.38	0.01124716
105.4	0.006717225
105.42	0.006705146
105.44	0.007342931
105.46	0.010600575
105.48	0.020372006
105.5	0.009621968
105.52	0.00337413
105.54	0.005277404
105.56	0.002709644
105.58	0.009815873
105.6	0.011581814
105.62	0.012585257
105.64	0.007438038
105.66	0.003103737
105.68	-0.00254738
105.7	-0.004211027
105.72	-0.003419713
105.74	0.005554849
105.76	0.016365764
105.78	0.015530198
105.8	0.016711208
105.82	0.014957708
105.84	0.01412025
105.86	0.019919548
105.88	0.026078141
105.9	0.034110994
105.92	0.029500986
105.94	0.02912496
105.96	0.029299875
105.98	-0.019606921
106	-0.00657338
106.02	0.00756042
106.04	0.001009456
106.06	-0.00318351
106.08	-0.001835596
106.1	-0.007422528
106.12	-0.007511612
106.14	-0.013502287
106.16	-0.004766561
106.18	0.004165042
106.2	0.00628131
106.22	0.009081356
106.24	0.015403892
106.26	-0.004775091
106.28	-0.000333343
106.3	0.003855433
106.32	0.006157299
106.34	-0.000905108
106.36	-0.002148299
106.38	-0.000452326
106.4	0.006096372
106.42	0.008512479
106.44	0.014777688
106.46	0.01178995
106.48	0.008777509
106.5	0.005844274
106.52	-0.001237286
106.54	-0.002197874
106.56	0.00230731
106.58	-0.002262591
106.6	-0.009792737
106.62	-0.01917052
106.64	-0.022134624
106.66	-0.02176686
106.68	-0.020599478
106.7	-0.016447678
106.72	-0.009838577
106.74	-0.005618442
106.76	-0.005195964
106.78	-0.006780454
106.8	-0.003126743
106.82	-0.008925956
106.84	-0.005216128
106.86	0.00258539
106.88	0.005970439
106.9	0.006066101
106.92	0.009828467
106.94	0.005635141
106.96	-0.001740042
106.98	0.000455693
107	0.002791925
107.02	0.00334459
107.04	0.003979551
107.06	0.003019746
107.08	0.00291132
107.1	0.000239106
107.12	-0.005984725
107.14	-0.003870936
107.16	-0.002524513
107.18	-0.003896977
107.2	-0.004389564
107.22	-0.000172231
107.24	-0.000684181
107.26	0.006055693
107.28	0.007274236
107.3	0.012845737
107.32	0.018445675
107.34	0.017016183
107.36	0.016093177
107.38	0.011351385
107.4	0.010244634
107.42	0.010152095
107.44	0.008487609
107.46	-0.009582503
107.48	-0.002428833
107.5	-0.003876723
107.52	-0.003371338
107.54	-0.001312716
107.56	-0.003029496
107.58	-0.004608321
107.6	-0.003149209
107.62	-0.00259818
107.64	-0.002722309
107.66	-0.003366557
107.68	-0.002244323
107.7	-0.008513778
107.72	-0.005851473
107.74	-0.001390277
107.76	0.001415439
107.78	-0.001966952
107.8	-0.00916761
107.82	-0.009943585
107.84	-0.003705598
107.86	0.002798279
107.88	-0.002020625
107.9	-0.00464635
107.92	-0.001883426
107.94	0.000981304
107.96	0.002232966
107.98	0.000572699
108	-0.002725067
108.02	-0.00448026
108.04	-0.006686814
108.06	-0.00895616
108.08	-0.01198951
108.1	-0.013086721
108.12	-0.013653526
108.14	-0.013243219
108.16	-0.01915211
108.18	-0.0141894
108.2	-0.013982165
108.22	-0.016660439
108.24	-0.014045545
108.26	-0.011600179
108.28	0.001507651
108.3	-0.004634859
108.32	-0.002987394
108.34	-0.000182935
108.36	0.001226898
108.38	-0.007632959
108.4	-0.012318388
108.42	-0.020967843
108.44	-0.017828447
108.46	-0.021858995
108.48	-0.023202507
108.5	-0.018989228
108.52	-0.012698041
108.54	-0.008270695
108.56	-0.00598968
108.58	-0.007507212
108.6	-0.005104617
108.62	-0.002743599
108.64	-0.00133558
108.66	0.002329074
108.68	-0.003557521
108.7	-0.00138326
108.72	-0.003258094
108.74	-0.003023286
108.76	-0.001740828
108.78	0.000200522
108.8	0.003573101
108.82	0.010450788
108.84	0.011398791
108.86	0.017744304
108.88	0.017534064
108.9	0.019645835
108.92	0.017304173
108.94	0.014692261
108.96	0.012557409
108.98	-0.004463363
109	-0.009347516
109.02	-0.010608029
109.04	-0.009716734
109.06	-0.01007513
109.08	-0.010143004
109.1	-0.011502723
109.12	-0.005407932
109.14	0.00090023
109.16	0.006486742
109.18	0.015362408
109.2	0.018207567
109.22	0.01678696
109.24	0.009111407
109.26	0.015520282
109.28	0.011596361
109.3	0.009792183
109.32	0.014648686
109.34	0.01518795
109.36	0.01367996
109.38	0.016942345
109.4	0.017234176
109.42	0.016052618
109.44	0.025083098
109.46	0.018193478
109.48	0.011402628
109.5	0.003921765
109.52	0.00261306
109.54	0.00240641
109.56	-0.00029717
109.58	-0.002643686
109.6	-0.004989536
109.62	-0.008896071
109.64	-0.005091271
109.66	-0.005837636
109.68	-0.003291402
109.7	-0.001519759
109.72	-0.002769253
109.74	-0.002593499
109.76	0.000116936
109.78	0.002841039
109.8	0.001503591
109.82	0.00250284
109.84	-0.004282965
109.86	-0.004327747
109.88	-0.004378608
109.9	-0.004862812
109.92	0.004155999
109.94	0.006811454
109.96	0.011032723
109.98	0.009156343
110	0.006774947
110.02	0.003451747
110.04	-0.0127252
110.06	-0.003742307
110.08	-0.003754155
110.1	-0.006274413
110.12	-0.007422663
110.14	0.014507099
110.16	0.011715935
110.18	0.007275698
110.2	0.007190503
110.22	0.002671086
110.24	0.009760814
110.26	0.006266272
110.28	-0.000997065
110.3	-0.006460375
110.32	-0.014660394
110.34	-0.01607248
110.36	-0.015127303
110.38	-0.011853005
110.4	-0.010397626
110.42	-0.009538274
110.44	-0.015019812
110.46	-0.008909661
110.48	-0.007130959
110.5	-0.005155654
110.52	-0.006537866
110.54	-0.009779692
110.56	-0.015904327
110.58	-0.017665303
110.6	-0.015532301
110.62	-0.005830275
110.64	0.00078333
110.66	0.003549944
110.68	0.002437101
110.7	0.007034087
110.72	0.00889252
110.74	0.014455623
110.76	0.016837851
110.78	0.019071224
110.8	0.01749171
110.82	0.017251048
110.84	0.015502636
110.86	0.013723282
110.88	0.015305404
110.9	0.013257026
110.92	0.005252908
110.94	-0.009693428
110.96	-0.004728362
110.98	-0.007663338
111	-0.00654542
111.02	-0.007928471
111.04	-0.007845008
111.06	-0.007932428
111.08	-0.003539336
111.1	0.000932942
111.12	0.004575691
111.14	0.002679637
111.16	-0.009796031
111.18	-0.004585929
111.2	-0.000351013
111.22	-0.001167591
111.24	0.002340197
111.26	0.004343049
111.28	0.003570036
111.3	0.007515026
111.32	0.011064561
111.34	0.015892284
111.36	0.020420145
111.38	0.019125168
111.4	0.017024182
111.42	0.014903987
111.44	0.012584501
111.46	0.007631476
111.48	-0.000924097
111.5	-0.00893741
111.52	-0.010699783
111.54	-0.007210498
111.56	-0.004363861
111.58	-0.004216944
111.6	-0.003632615
111.62	-0.00519386
111.64	-0.005836189
111.66	-0.008457667
111.68	-0.009185613
111.7	-0.012087176
111.72	-0.010427647
111.74	-0.007736284
111.76	-0.009229903
111.78	-0.009971441
111.8	-0.011537418
111.82	-0.013818813
111.84	-0.015819057
111.86	-0.015991175
111.88	-0.016678651
111.9	-0.015839978
111.92	-0.015848658
111.94	-0.014394238
111.96	-0.014695405
111.98	-0.01494064
112	-0.017210641
112.02	-0.018772868
112.04	-0.019414461
112.06	-0.018579626
112.08	-0.01907049
112.1	-0.018087874
112.12	-0.016165871
112.14	-0.01499536
112.16	-0.013732819
112.18	-0.000453739
112.2	-0.003909775
112.22	-0.007171741
112.24	-0.008093648
112.26	-0.006122676
112.28	-0.003983831
112.3	-0.001241247
112.32	-0.002808117
112.34	-0.004708109
112.36	-0.006562149
112.38	-0.006928357
112.4	-0.002327051
112.42	0.004583354
112.44	0.001906088
112.46	0.005615278
112.48	0.005451241
112.5	0.004729864
112.52	0.006221875
112.54	0.004584032
112.56	-0.0004882
112.58	-0.006535206
112.6	-0.007669654
112.62	-0.005515729
112.64	-0.002893116
112.66	-0.001686144
112.68	-0.005312578
112.7	-0.007550718
112.72	-0.009602613
112.74	-0.006818715
112.76	-0.000135918
112.78	0.004000021
112.8	0.010586899
112.82	0.007209297
112.84	0.002282976
112.86	0.007053487
112.88	0.011844057
112.9	0.019652773
112.92	0.018662854
112.94	0.014458013
112.96	0.007803036
112.98	-0.015566603
113	-0.014396299
113.02	-0.010624938
113.04	-0.003293389
113.06	0.003500584
113.08	0.002174817
113.1	0.00703506
113.12	0.008995007
113.14	0.01583764
113.16	0.017591322
113.18	0.016919074
113.2	0.004825823
113.22	-0.008510308
113.24	-0.010022203
113.26	-0.006346131
113.28	-0.006708877
113.3	-0.008591878
113.32	-0.011008801
113.34	-0.004488697
113.36	-0.004442497
113.38	-0.000686664
113.4	0.002745269
113.42	0.00594558
113.44	0.004959865
113.46	0.004891648
113.48	-0.002401833
113.5	0.005031384
113.52	-0.000131559
113.54	-0.006436033
113.56	-0.005930901
113.58	-0.003005024
113.6	0.002034635
113.62	0.00324818
113.64	-0.001621477
113.66	-0.00194074
113.68	0.00022556
113.7	-0.003413457
113.72	0.003010103
113.74	0.006105477
113.76	0.001608655
113.78	-0.002365525
113.8	-0.006992601
113.82	-0.004132765
113.84	-0.001168462
113.86	0.002777535
113.88	-0.004447264
113.9	-0.008861112
113.92	-0.003733524
113.94	-0.001788008
113.96	-0.001370152
113.98	-0.002220378
114	-0.007223007
114.02	-0.006218679
114.04	-0.009497149
114.06	-0.00644598
114.08	-0.003373475
114.1	0.001722064
114.12	0.00376894
114.14	0.003808213
114.16	0.006390388
114.18	0.007175726
114.2	0.00525007
114.22	0.004029497
114.24	0.00151685
114.26	-0.004066848
114.28	-0.008850455
114.3	-0.012444832
114.32	-0.013149378
114.34	-0.00772969
114.36	-0.00396317
114.38	-0.004267354
114.4	-0.004562298
114.42	-0.000878891
114.44	0.000256688
114.46	0.004027691
114.48	0.009541885
114.5	0.012127627
114.52	0.010553421
114.54	0.003777938
114.56	0.000466801
114.58	-0.002767872
114.6	-0.006293032
114.62	-0.005994628
114.64	-0.00132672
114.66	0.004871353
114.68	0.010199835
114.7	0.014793662
114.72	0.015896006
114.74	0.013853707
114.76	0.008591447
114.78	-0.002062964
114.8	-0.0026526
114.82	-0.004686852
114.84	-0.002957017
114.86	0.001252788
114.88	0.005049114
114.9	0.005574303
114.92	0.00431022
114.94	-0.000483798
114.96	-0.005692748
114.98	-0.003291591
115	-0.000799468
115.02	0.002582764
115.04	0.006415306
115.06	0.006833962
115.08	0.009825717
115.1	0.014328356
115.12	0.018253108
115.14	0.018191449
115.16	0.017678679
115.18	0.015636804
115.2	0.013648816
115.22	0.012255108
115.24	0.009889872
115.26	0.007179683
115.28	0.00402859
115.3	0.010309068
115.32	0.016029391
115.34	0.017571544
115.36	0.015983693
115.38	0.006632157
115.4	0.006382683
115.42	0.005427756
115.44	0.004652555
115.46	0.003432092
115.48	-0.000237403
115.5	-0.002700092
115.52	-0.00379011
115.54	-0.001188892
115.56	-0.000674181
115.58	-3.5899E-05
115.6	0.003679442
115.62	0.005078117
115.64	0.004992738
115.66	0.007569645
115.68	0.00676757
115.7	0.00608034
115.72	0.001323076
115.74	-0.000974873
115.76	-0.002862064
115.78	-0.000416521
115.8	-5.30601E-05
115.82	0.000261433
115.84	-0.000154072
115.86	0.005510369
115.88	0.010268377
115.9	0.014624871
115.92	0.012580749
115.94	0.008903782
115.96	0.007682022
115.98	0.002646903
116	-0.000797969
116.02	-0.004592071
116.04	-0.008260339
116.06	-0.007805673
116.08	-0.006912372
116.1	-0.003041274
116.12	-0.000860852
116.14	0.000330464
116.16	-0.006303604
116.18	-0.00884773
116.2	-0.011400247
116.22	-0.012503843
116.24	-0.016673949
116.26	-0.021420197
116.28	-0.020091804
116.3	-0.018168003
116.32	-0.018191369
116.34	-0.014532584
116.36	-0.013292278
116.38	-0.015670403
116.4	-0.015839959
116.42	-0.013937559
116.44	0.010082583
116.46	0.010148345
116.48	0.00438366
116.5	0.003042872
116.52	-0.000734648
116.54	-0.000326532
116.56	0.004781465
116.58	0.00489804
116.6	0.004785181
116.62	0.005318125
116.64	0.012240142
116.66	0.016715704
116.68	0.019116837
116.7	0.026803961
116.72	0.023979287
116.74	0.023857775
116.76	0.016709985
116.78	0.016558773
116.8	0.017422989
116.82	0.012376371
116.84	0.010737016
116.86	-0.014876761
116.88	-0.004604043
116.9	-0.003271401
116.92	-0.007232353
116.94	-0.006502783
116.96	-0.003662371
116.98	-0.000983101
117	0.002854134
117.02	0.008676937
117.04	0.010340916
117.06	0.009059491
117.08	0.008873596
117.1	0.001711601
117.12	-0.000727133
117.14	-0.004359695
117.16	-0.001203697
117.18	0.005561178
117.2	0.006307742
117.22	0.005488048
117.24	0.015992792
117.26	0.015636829
117.28	0.015074779
117.3	0.008211183
117.32	0.009301525
117.34	0.005831866
117.36	-0.000101709
117.38	0.003962137
117.4	3.80048E-05
117.42	-0.004555272
117.44	-0.005320553
117.46	-0.003930149
117.48	-0.006743884
117.5	-0.001968473
117.52	0.00105011
117.54	-0.002833734
117.56	-0.003979557
117.58	-0.008184722
117.6	-0.007010521
117.62	-0.012890779
117.64	-0.01619785
117.66	-0.018572227
117.68	-0.022158236
117.7	-0.023487115
117.72	-0.027305434
117.74	-0.022185334
117.76	-0.019422474
117.78	-0.00982127
117.8	0.003926346
117.82	-0.005149229
117.84	-0.003807153
117.86	-0.004702042
117.88	-0.005119208
117.9	-0.008326041
117.92	-0.010503844
117.94	-0.01092504
117.96	-0.011489721
117.98	-0.013390557
118	-0.009948976
118.02	-0.006489943
118.04	0.014736292
118.06	0.00699548
118.08	0.009169452
118.1	0.015371387
118.12	0.011629051
118.14	0.008141215
118.16	0.005260027
118.18	0.002535323
118.2	-0.001225089
118.22	-0.005942352
118.24	-0.005657997
118.26	-0.005502906
118.28	-0.002688269
118.3	3.6835E-05
118.32	0.005258878
118.34	0.000261582
118.36	-0.002880082
118.38	-0.00025683
118.4	0.002920462
118.42	0.00220769
118.44	-0.000176432
118.46	-0.007317573
118.48	-0.003395138
118.5	-0.002052279
118.52	-0.001000893
118.54	-0.003993343
118.56	-0.009435595
118.58	-0.002729962
118.6	0.004647853
118.62	0.006286434
118.64	0.013696252
118.66	0.006785949
118.68	0.01145542
118.7	0.005841577
118.72	0.010989677
118.74	0.008833988
118.76	-0.002931062
118.78	-0.009435995
118.8	-0.004320888
118.82	0.005522914
118.84	0.013692901
118.86	0.013631325
118.88	0.010994396
118.9	0.013832623
118.92	0.021010245
118.94	0.016863837
118.96	0.017223822
118.98	0.014998783
119	0.009579735
119.02	0.003765033
119.04	0.001997353
119.06	0.004494107
119.08	0.008484801
119.1	0.011845495
119.12	0.011156352
119.14	0.007382254
119.16	0.011264028
119.18	0.005374926
119.2	0.001782749
119.22	-6.3891E-06
119.24	0.004255735
119.26	0.00737224
119.28	0.009562025
119.3	0.008637038
119.32	0.004307998
119.34	0.005783354
119.36	0.007815772
119.38	0.007541908
119.4	0.005987569
119.42	0.007781903
119.44	0.013423433
119.46	0.012901519
119.48	0.015985896
119.5	0.013707077
119.52	0.012518318
119.54	0.007498368
119.56	0.001849954
119.58	-0.008013889
119.6	-0.008247508
119.62	-0.009320112
119.64	-0.013045449
119.66	-0.008097826
119.68	-0.00424748
119.7	-0.001185694
119.72	0.001610639
119.74	-0.003453248
119.76	-0.006990959
119.78	-0.01195116
119.8	-0.016407445
119.82	-0.020455889
119.84	-0.023017004
119.86	-0.027183961
119.88	-0.024394732
119.9	-0.021110655
119.92	-0.01725213
119.94	-0.013408953
119.96	-0.010579926
119.98	-0.01383575
120	-0.013726193
120.02	-0.016624329
120.04	-0.020666831
120.06	-0.01915266
120.08	-0.018386636
120.1	-0.002045835
120.12	-0.001454203
120.14	-0.011531845
120.16	-0.016788364
120.18	-0.019369617
120.2	-0.015129761
120.22	-0.009633199
120.24	-0.006440486
120.26	-0.005885253
120.28	-0.003294479
120.3	-0.003249824
120.32	0.001559069
120.34	0.005098733
120.36	0.007056256
120.38	0.003692351
120.4	-0.00496883
120.42	-0.002157679
120.44	-0.000366896
120.46	0.002106769
120.48	0.004557362
120.5	0.00406217
120.52	0.004689887
120.54	0.007465015
120.56	0.01181968
120.58	0.006838679
120.6	0.004123305
120.62	0.000318497
120.64	-0.011097594
120.66	-0.006913255
120.68	-0.005281888
120.7	0.000771857
120.72	-0.002746549
120.74	0.000109147
120.76	0.004154093
120.78	0.006524374
120.8	0.009277845
120.82	0.010785165
120.84	0.013737789
120.86	0.010030829
120.88	0.005727484
120.9	0.00535333
120.92	0.008814459
120.94	0.003172282
120.96	0.002469923
120.98	-0.008152718
121	-0.019200422
121.02	-0.007504176
121.04	-0.009633008
121.06	-0.008002908
121.08	-0.007443244
121.1	-0.005757149
121.12	-0.004631496
121.14	-0.002761907
121.16	-0.001445145
121.18	-0.003200811
121.2	-0.00635629
121.22	-0.010518638
121.24	-0.015761305
121.26	-0.019429222
121.28	-0.022477691
121.3	-0.023468306
121.32	-0.019001142
121.34	-0.014353415
121.36	0.000487272
121.38	-0.007107108
121.4	-0.010435357
121.42	-0.012089315
121.44	-0.013521517
121.46	-0.017029409
121.48	-0.012524843
121.5	0.005750751
121.52	0.003254993
121.54	-0.00057437
121.56	-0.009552433
121.58	-0.020796318
121.6	-0.018667181
121.62	-0.01639991
121.64	-0.017079171
121.66	-0.019599531
121.68	-0.025220361
121.7	-0.027148554
121.72	-0.024072344
121.74	0.011473987
121.76	0.00454096
121.78	0.003726763
121.8	0.007399863
121.82	-0.001868333
121.84	0.001197901
121.86	-0.000379445
121.88	-0.002195239
121.9	0.002658489
121.92	0.003525877
121.94	0.000511964
121.96	2.43329E-05
121.98	0.001458177
122	0.001934379
122.02	0.004153812
122.04	0.003118795
122.06	-0.003596188
122.08	-0.003155011
122.1	0.000998358
122.12	-0.00033081
122.14	-0.00135968
122.16	-0.000194879
122.18	0.006601912
122.2	0.008771372
122.22	0.005328508
122.24	-0.000476484
122.26	-0.012250998
122.28	-0.009931702
122.3	-0.012259173
122.32	-0.001894551
122.34	0.011173368
122.36	0.010149281
122.38	0.005901375
122.4	0.007396147
122.42	0.016348405
122.44	0.01892036
122.46	0.021646301
122.48	0.022351552
122.5	0.019622633
122.52	0.024445223
122.54	0.022507106
122.56	0.020389302
122.58	0.020736549
122.6	0.020760979
122.62	0.018554322
122.64	-0.010084942
122.66	-0.01406839
122.68	-0.002722733
122.7	-0.006086705
122.72	-0.004686123
122.74	-0.004582746
122.76	-0.007386585
122.78	-0.002637097
122.8	-0.001036819
122.82	-0.000347265
122.84	0.003948395
122.86	0.002682884
122.88	-0.00493704
122.9	-0.00026234
122.92	0.002009405
122.94	0.005850171
122.96	0.005533436
122.98	0.003106144
123	0.001654198
123.02	0.00071086
123.04	0.006843761
123.06	0.006002465
123.08	0.005610945
123.1	0.007118925
123.12	0.010764658
123.14	0.012956798
123.16	0.012205258
123.18	0.009095662
123.2	0.006178799
123.22	0.008421827
123.24	0.013753439
123.26	0.015522619
123.28	0.015333059
123.3	0.016786728
123.32	0.016467748
123.34	0.015819569
123.36	0.015466524
123.38	0.008608019
123.4	0.006728218
123.42	0.000891836
123.44	-0.000921236
123.46	0.000236521
123.48	0.005271961
123.5	0.005208196
123.52	0.007703822
123.54	-0.003198302
123.56	-0.001407225
123.58	-0.000904691
123.6	0.000341581
123.62	0.002021345
123.64	0.000895631
123.66	-0.008545705
123.68	-0.002886752
123.7	-0.004388901
123.72	-0.006915607
123.74	-0.005348332
123.76	-0.001586955
123.78	0.00335158
123.8	0.012072651
123.82	0.012174732
123.84	0.007239303
123.86	0.006960831
123.88	0.007704779
123.9	0.009618718
123.92	0.004018786
123.94	0.001046292
123.96	0.000777544
123.98	-0.004456312
124	-0.007079858
124.02	-0.005600742
124.04	-0.003180659
124.06	-0.003890219
124.08	-0.009446994
124.1	-0.011144548
124.12	-0.016152575
124.14	-0.023448628
124.16	-0.023612735
124.18	-0.023903468
124.2	-0.022628429
124.22	-0.022701401
124.24	-0.023133199
124.26	-0.023756482
124.28	-0.025495778
124.3	-0.023424323
124.32	-0.018344663
124.34	-0.011637661
124.36	-0.006260261
124.38	-0.005555179
124.4	-0.011741295
124.42	-0.012942333
124.44	-0.013714085
124.46	-0.01680964
124.48	-0.01390957
124.5	-0.005949224
124.52	0.001017372
124.54	3.46596E-05
124.56	0.000413764
124.58	0.008395359
124.6	0.002985277
124.62	0.001604195
124.64	0.002516769
124.66	0.00184702
124.68	0.002639933
124.7	0.0055257
124.72	0.009817534
124.74	0.011703259
124.76	0.012111167
124.78	0.013355498
124.8	0.009898929
124.82	0.008107786
124.84	0.009516056
124.86	0.011470202
124.88	0.013635639
124.9	0.016107774
124.92	0.019861157
124.94	0.020176662
124.96	0.018596962
124.98	0.018894422
125	-0.020668889
125.02	-0.009140834
125.04	0.004622163
125.06	0.012701462
125.08	0.02119812
125.1	0.021968002
125.12	0.011539548
125.14	0.013887311
125.16	0.022418393
125.18	0.020749743
125.2	0.00931534
125.22	0.006171015
125.24	-0.000390403
125.26	-0.013779624
125.28	0.002251233
125.3	0.008432739
125.32	0.017514192
125.34	0.017974203
125.36	0.016872445
125.38	0.010712894
125.4	0.004969649
125.42	0.004075865
125.44	-0.00058614
125.46	-0.011530551
125.48	-0.011605886
125.5	-0.011894611
125.52	-0.015157822
125.54	-0.011292602
125.56	-0.009411411
125.58	-0.006190259
125.6	-0.006492938
125.62	-0.006852117
125.64	-0.010319118
125.66	-0.017228986
125.68	-0.017743431
125.7	-0.015462648
125.72	-0.016106773
125.74	-0.018741056
125.76	-0.021596599
125.78	-0.019807151
125.8	-0.002167438
125.82	-0.003210727
125.84	-0.007195037
125.86	-0.011635081
125.88	-0.011261753
125.9	-0.00537742
125.92	0.010958192
125.94	0.00498607
125.96	0.000776855
125.98	0.000566402
126	-0.004246811
126.02	-0.003211417
126.04	-0.005094889
126.06	0.003073847
126.08	-0.006503336
126.1	-0.00421557
126.12	0.013483882
126.14	0.01665456
126.16	0.013188508
126.18	0.013272587
126.2	0.013885175
126.22	0.015591719
126.24	0.015160427
126.26	0.014160113
126.28	0.011507945
126.3	0.006903677
126.32	0.003529427
126.34	0.005607438
126.36	0.009528621
126.38	0.013891059
126.4	0.018919521
126.42	0.015750958
126.44	0.009364867
126.46	0.011940147
126.48	0.012673637
126.5	0.015317257
126.52	0.016100804
126.54	0.007347964
126.56	0.007259413
126.58	-0.004839244
126.6	-0.00527952
126.62	-0.004584229
126.64	-0.000795805
126.66	0.002577119
126.68	0.005994249
126.7	0.010048525
126.72	0.011658812
126.74	0.023146825
126.76	0.006512921
126.78	0.005110505
126.8	-0.001847184
126.82	-0.005083225
126.84	-0.0059056
126.86	-0.002342888
126.88	-0.003456195
126.9	-0.006569961
126.92	-0.006751335
126.94	-0.002948099
126.96	0.000998211
126.98	0.004240316
127	0.011786945
127.02	0.014725656
127.04	0.003812832
127.06	-0.001498324
127.08	-0.005585163
127.1	-0.009469836
127.12	-0.013021065
127.14	-0.017513066
127.16	-0.022435485
127.18	-0.023454353
127.2	-0.021805204
127.22	-0.016703975
127.24	0.024507802
127.26	0.017589926
127.28	0.018830236
127.3	0.016477605
127.32	0.016707381
127.34	0.012655198
127.36	0.015183441
127.38	0.011846383
127.4	0.009540764
127.42	0.004716175
127.44	-0.004384115
127.46	-0.0275972
127.48	-0.014851362
127.5	0.004274924
127.52	-0.005069588
127.54	0.000519494
127.56	0.00084384
127.58	0.004958245
127.6	0.009295945
127.62	0.00519509
127.64	-0.007985499
127.66	-0.014676966
127.68	-0.020093779
127.7	-0.029074871
127.72	-0.026721117
127.74	-0.024753582
127.76	-0.02134045
127.78	-0.016407301
127.8	-0.005711735
127.82	0.005944929
127.84	0.011007434
127.86	0.008459385
127.88	-0.004214431
127.9	-0.010711544
127.92	-0.010054476
127.94	-0.017114708
127.96	-0.018791915
127.98	-0.020094272
128	-0.024539791
128.02	-0.020512773
128.04	-0.01405853
128.06	-0.01059242
128.08	-0.013326618
128.1	-0.011773818
128.12	-0.014889576
128.14	-0.013896352
128.16	-0.010893171
128.18	-0.012235939
128.2	0.007248357
128.22	0.009178634
128.24	0.005952549
128.26	0.004815018
128.28	0.004419647
128.3	0.003235556
128.32	0.00731397
128.34	0.004044578
128.36	0.00712761
128.38	0.010102197
128.4	0.010122348
128.42	0.013212285
128.44	0.021748319
128.46	0.011369994
128.48	0.014264723
128.5	0.012780228
128.52	0.018780917
128.54	0.014078469
128.56	0.014919334
128.58	0.01082272
128.6	0.007482622
128.62	0.002439921
128.64	-1.80363E-05
128.66	0.003258227
128.68	0.002045438
128.7	0.002149422
128.72	0.006197311
128.74	0.003377962
128.76	-0.000231189
128.78	-0.000413407
128.8	0.001509632
128.82	0.008049639
128.84	0.007924603
128.86	0.001022994
128.88	0.003481849
128.9	-0.00079699
128.92	0.011151611
128.94	0.014735841
128.96	0.010497291
128.98	0.012946514
129	0.015977886
129.02	0.019248083
129.04	0.019323781
129.06	0.018856558
129.08	0.017846071
129.1	0.015222032
129.12	0.021647542
129.14	0.018247831
129.16	0.01833281
129.18	0.017772351
129.2	0.013635822
129.22	0.005445014
129.24	0.003953888
129.26	0.004539727
129.28	0.002217207
129.3	-0.002851944
129.32	-0.01078809
129.34	-0.011820191
129.36	-0.01359698
129.38	-0.017639374
129.4	-0.019346921
129.42	-0.020779611
129.44	-0.024281782
129.46	-0.026022811
129.48	-0.027594727
129.5	-0.02094725
129.52	-0.011914458
129.54	-0.000353461
129.56	-0.009642132
129.58	-0.001835
129.6	-0.002068928
129.62	-0.004551936
129.64	-0.001024026
129.66	-0.003755995
129.68	-0.005649016
129.7	-0.00607477
129.72	-0.004172251
129.74	-0.004206841
129.76	0.000289331
129.78	0.004711533
129.8	0.015381798
129.82	0.012640977
129.84	0.009501886
129.86	0.00196808
129.88	-0.002543116
129.9	-0.006378083
129.92	-0.007009583
129.94	-0.009057407
129.96	-0.010505107
129.98	-0.017007041
130	-0.014946642
130.02	-0.016857814
130.04	-0.01560007
130.06	-0.012248156
130.08	-0.004029744
130.1	0.016278511
130.12	-0.00220169
130.14	0.001050428
130.16	0.000586046
130.18	-0.007261773
130.2	-0.009799635
130.22	-0.007632299
130.24	-0.007111368
130.26	-0.005318455
130.28	0.000487157
130.3	0.000841905
130.32	0.002235148
130.34	0.005311649
130.36	-0.00129905
130.38	-0.010417056
130.4	-0.013850059
130.42	-0.013251759
130.44	-0.013021811
130.46	-0.009299674
130.48	-0.007265341
130.5	-0.003080091
130.52	0.002727198
130.54	-0.003101533
130.56	-0.002968767
130.58	0.003741001
130.6	0.007190536
130.62	0.00155924
130.64	-0.0052647
130.66	-0.005753031
130.68	-0.005853153
130.7	-0.002107268
130.72	0.000259401
130.74	0.008785045
130.76	-0.001380936
130.78	-0.002026043
130.8	-0.0016509
130.82	-0.000887375
130.84	-0.004392693
130.86	-0.009625574
130.88	-0.013711058
130.9	-0.015790457
130.92	-0.018272974
130.94	-0.020716538
130.96	-0.022251274
130.98	-0.019856604
131	-0.01887395
131.02	-0.016368028
131.04	-0.017668754
131.06	-0.012404585
131.08	0.001557669
131.1	0.000618911
131.12	0.000144859
131.14	0.002970779
131.16	0.006565517
131.18	0.013152911
131.2	0.008652665
131.22	0.008451149
131.24	0.007770125
131.26	0.008446595
131.28	0.008324973
131.3	0.006927527
131.32	0.009909427
131.34	-0.006085972
131.36	-0.013136577
131.38	-0.013528267
131.4	-0.015807292
131.42	-0.016062494
131.44	-0.016717581
131.46	-0.02002219
131.48	-0.016242749
131.5	-0.008116713
131.52	0.014399773
131.54	0.007878045
131.56	0.006228936
131.58	-0.001909188
131.6	-0.007904821
131.62	-0.012137196
131.64	-0.008030675
131.66	-0.006584252
131.68	-0.005691871
131.7	-0.007913682
131.72	-0.006300498
131.74	0.003807687
131.76	0.01159189
131.78	0.019479047
131.8	0.018677726
131.82	0.010635843
131.84	0.0131456
131.86	0.014463351
131.88	0.010986745
131.9	0.008699198
131.92	-0.005288742
131.94	-0.013871534
131.96	-0.011119116
131.98	-0.008444411
132	-0.010037613
132.02	-0.011278582
132.04	-0.015684477
132.06	-0.009937356
132.08	-0.005534392
132.1	0.001855807
132.12	0.006653601
132.14	0.004543112
132.16	0.006964601
132.18	0.010055389
132.2	0.011552982
132.22	0.011883856
132.24	0.005522699
132.26	0.004058083
132.28	0.001036982
132.3	-0.006282472
132.32	-0.014208529
132.34	-0.011003429
132.36	-0.009739264
132.38	-0.010833589
132.4	-0.010032442
132.42	-0.001417828
132.44	0.005797337
132.46	0.009665547
132.48	0.018217427
132.5	0.015898826
132.52	0.01726202
132.54	0.011429624
132.56	0.011852272
132.58	0.006926872
132.6	0.011754486
132.62	0.00911147
132.64	0.013954703
132.66	0.015502638
132.68	0.019918764
132.7	0.028294978
132.72	0.033480538
132.74	0.03346973
132.76	0.035451916
132.78	0.034695206
132.8	0.036699929
132.82	0.032946198
132.84	0.030333446
132.86	0.026904558
132.88	0.012298241
132.9	-0.009291539
132.92	0.000966302
132.94	0.0093591
132.96	0.014282792
132.98	0.003536106
133	-0.000758358
133.02	-0.006325103
133.04	-0.002311785
133.06	0.001538047
133.08	0.010251983
133.1	0.015646491
133.12	0.015398023
133.14	0.007843091
133.16	0.009861827
133.18	0.008869171
133.2	0.011632728
133.22	-0.001716543
133.24	-0.001195778
133.26	-0.002307406
133.28	-0.003981415
133.3	0.000497844
133.32	0.001063209
133.34	0.011285909
133.36	0.010588901
133.38	0.003025703
133.4	0.003767653
133.42	0.004650442
133.44	0.004237411
133.46	0.001238903
133.48	-0.00339575
133.5	-0.00769519
133.52	-0.011600855
133.54	-0.010485805
133.56	-0.010395176
133.58	-0.013685933
133.6	-0.017352412
133.62	-0.020310597
133.64	-0.023025194
133.66	-0.021302648
133.68	-0.023573778
133.7	-0.02469191
133.72	-0.02528621
133.74	-0.026083735
133.76	-0.023933172
133.78	-0.022417662
133.8	-0.020057924
133.82	-0.019443532
133.84	-0.02006351
133.86	-0.02159708
133.88	-0.020105677
133.9	-0.02039288
133.92	-0.024724106
133.94	-0.024501703
133.96	-0.027212916
133.98	-0.023818969
134	-0.000835188
134.02	0.000401054
134.04	-0.002434762
134.06	0.000751031
134.08	0.005945729
134.1	0.011680282
134.12	0.008282221
134.14	0.005531799
134.16	0.003137868
134.18	0.001165268
134.2	-0.001401319
134.22	-0.001108244
134.24	0.004831803
134.26	0.013954367
134.28	0.014751917
134.3	0.011762574
134.32	0.006597557
134.34	0.001912401
134.36	0.005483972
134.38	0.012595581
134.4	0.012943819
134.42	0.008334843
134.44	0.005764655
134.46	0.002577257
134.48	-0.000443449
134.5	0.000853065
134.52	0.005527839
134.54	0.006030324
134.56	0.008302441
134.58	0.009751542
134.6	0.010057972
134.62	0.010951737
134.64	0.010560861
134.66	0.007166979
134.68	0.003269336
134.7	0.004372044
134.72	0.007721688
134.74	-0.01534352
134.76	-0.000464886
134.78	0.000983537
134.8	-0.000317537
134.82	0.000582869
134.84	0.005229532
134.86	0.007843442
134.88	0.013165364
134.9	0.012957557
134.92	0.009921805
134.94	0.000659986
134.96	-0.000998191
134.98	-0.000773863
135	-0.004614928
135.02	-0.002746327
135.04	-0.005506926
135.06	-0.001508381
135.08	-0.004742416
135.1	-0.003700507
135.12	-0.000940027
135.14	0.005077886
135.16	0.009059982
135.18	0.004842908
135.2	0.005761399
135.22	0.003161018
135.24	0.000731752
135.26	-0.002257214
135.28	-0.001223343
135.3	-0.009022352
135.32	-0.009502098
135.34	-0.011820508
135.36	-0.014049104
135.38	-0.008098588
135.4	-0.000980482
135.42	-0.000248477
135.44	0.000119859
135.46	-0.005426211
135.48	-0.006820077
135.5	-0.008122974
135.52	-0.007718455
135.54	-0.007389417
135.56	-0.010717264
135.58	-0.008682324
135.6	-0.003222685
135.62	-0.00225971
135.64	-0.003375665
135.66	-0.003165171
135.68	-0.00099576
135.7	-0.001013341
135.72	-0.000726478
135.74	-0.002590561
135.76	-0.005115441
135.78	-0.004439435
135.8	-0.004107744
135.82	-0.000630132
135.84	0.000190007
135.86	0.000735533
135.88	0.002237813
135.9	0.0039683
135.92	0.005945865
135.94	0.006244183
135.96	0.004684911
135.98	0.004941634
136	0.004146081
136.02	0.001625571
136.04	-0.001499487
136.06	0.002240373
136.08	0.003980962
136.1	0.006035825
136.12	0.005545358
136.14	0.005649866
136.16	0.008013727
136.18	0.013322405
136.2	0.011059479
136.22	0.009666087
136.24	0.007794096
136.26	0.005490132
136.28	0.001819302
136.3	0.002748131
136.32	0.002790045
136.34	0.002213857
136.36	0.00272743
136.38	0.003306015
136.4	0.003264292
136.42	0.00434998
136.44	0.003756309
136.46	0.002204361
136.48	0.002327757
136.5	0.000971388
136.52	-0.000589765
136.54	-0.002022095
136.56	-0.001237879
136.58	0.001287842
136.6	0.002974184
136.62	0.002413207
136.64	0.001793338
136.66	0.001060508
136.68	-3.96821E-05
136.7	-0.001025932
136.72	-0.001173349
136.74	-0.002136335
136.76	-0.003015466
136.78	-0.004652372
136.8	-0.004879456
136.82	-0.004430398
136.84	-0.003473847
136.86	-0.002415332
136.88	-0.001280423
136.9	-0.002000845
136.92	-0.003052983
136.94	-0.003520799
136.96	-0.003492107
136.98	-0.003615482
137	-0.003922148
137.02	-0.007641422
137.04	-0.006809538
137.06	-0.007042602
137.08	-0.005658363
137.1	-0.004872547
137.12	-0.00308011
137.14	-0.00219042
137.16	-0.001361113
137.18	-0.001971393
137.2	-0.002803762
137.22	-0.003522365
137.24	-0.003353258
137.26	-0.00410676
137.28	-0.00408473
137.3	-0.003992454
137.32	-0.00281247
137.34	-0.000721881
137.36	0.000221689
137.38	0.001993292
137.4	0.001649124
137.42	0.000673372
137.44	0.000738556
137.46	0.000811914
137.48	0.000955045
137.5	0.000988255
137.52	0.001798343
137.54	0.002117908
137.56	0.002316629
137.58	0.003441307
137.6	0.004062471
137.62	0.004969775
137.64	0.006131172
137.66	0.00511872
137.68	0.00409097
137.7	0.003610945
137.72	0.003190369
137.74	0.00333232
137.76	0.003827721
137.78	0.003695134
137.8	0.003300428
137.82	0.003844066
137.84	0.004090528
137.86	0.005030958
137.88	0.005620212
137.9	0.004681496
137.92	0.003977054
137.94	0.002688637
137.96	0.001264368
137.98	0.000634425
138	0.000275451
138.02	4.71799E-05
138.04	0.000621168
138.06	0.001636938
138.08	0.001446558
138.1	0.002360605
138.12	0.002295205
138.14	0.002171597
138.16	0.001298254
138.18	-5.09464E-05
138.2	-0.001166488
138.22	-0.002027215
138.24	-0.001988787
138.26	-0.002022542
138.28	-0.001651423
138.3	-0.001507875
138.32	-0.001458416
138.34	-0.001424072
138.36	-0.001876574
138.38	-0.00212521
138.4	-0.002468645
138.42	-0.003007931
138.44	-0.003609177
138.46	-0.004084658
138.48	-0.004350267
138.5	-0.004088738
138.52	-0.00321804
138.54	-0.003170175
138.56	-0.003037292
138.58	-0.002814174
138.6	-0.002726975
138.62	-0.002444525
138.64	-0.002601524
138.66	-0.003358242
138.68	-0.003906733
138.7	-0.004240806
138.72	-0.004310115
138.74	-0.003907966
138.76	-0.003172825
138.78	-0.002417213
138.8	-0.001493815
138.82	-0.000901142
138.84	-0.000305846
138.86	-7.35757E-05
138.88	-0.000210601
138.9	-0.000509721
138.92	-0.000757404
138.94	-0.000875999
138.96	-0.000774793
138.98	-0.000217553
139	0.000615518
139.02	0.001732953
139.04	0.002304566
139.06	0.002619057
139.08	0.002922051
139.1	0.002804326
139.12	0.00257388
139.14	0.002344848
139.16	0.002227344
139.18	0.002100792
139.2	0.002067546
139.22	0.002332683
139.24	0.002639344
139.26	0.003162397
139.28	0.00367336
139.3	0.00353925
139.32	0.003528261
139.34	0.003364951
139.36	0.003003263
139.38	0.002777622
139.4	0.002614537
139.42	0.00232395
139.44	0.002083554
139.46	0.001715631
139.48	0.001726039
139.5	0.002194096
139.52	0.002613433
139.54	0.002646856
139.56	0.002309082
139.58	0.001805541
139.6	0.001405496
139.62	0.000882749
139.64	0.000322522
139.66	-6.77493E-05
139.68	-0.000362297
139.7	-0.000748668
139.72	-0.000553693
139.74	-0.000435576
139.76	-0.000248475
139.78	-0.000117747
139.8	-0.0002559
139.82	-0.000724663
139.84	-0.001399041
139.86	-0.002032435
139.88	-0.002524139
139.9	-0.002665646
139.92	-0.002739419
139.94	-0.002668827
139.96	-0.002464428
139.98	-0.002320933
140	-0.002067838
140.02	-0.002070715
140.04	-0.002000488
140.06	-0.002188455
140.08	-0.002451258
140.1	-0.002781792
140.12	-0.003168833
140.14	-0.003383134
140.16	-0.003194396
140.18	-0.003101887
140.2	-0.002793632
140.22	-0.00263837
140.24	-0.002428436
140.26	-0.002066116
140.28	-0.001758397
140.3	-0.001522271
140.32	-0.001456382
140.34	-0.001453732
140.36	-0.001461238
140.38	-0.001292996
140.4	-0.000970601
140.42	-0.000615874
140.44	-0.000213745
140.46	0.000227664
140.48	0.000663974
140.5	0.001057735
140.52	0.001228
140.54	0.001211738
140.56	0.001092824
140.58	0.000931158
140.6	0.000913906
140.62	0.000858277
140.64	0.000990301
140.66	0.001286835
140.68	0.001651962
140.7	0.002045446
140.72	0.002342618
140.74	0.002543803
140.76	0.002645011
140.78	0.002529179
140.8	0.002310686
140.82	0.002136941
140.84	0.001998092
140.86	0.001999982
140.88	0.002099339
140.9	0.002224609
140.92	0.002473256
140.94	0.002476206
140.96	0.002657871
140.98	0.002356588
141	0.002246549
141.02	0.001973513
141.04	0.001697785
141.06	0.001402577
141.08	0.001057559
141.1	0.000651734
141.12	0.000608481
141.14	0.000579184
141.16	0.000631983
141.18	0.000627012
141.2	0.000495898
141.22	0.000316864
141.24	9.46041E-05
141.26	-0.000112622
141.28	-0.000398665
141.3	-0.00069821
141.32	-0.000991636
141.34	-0.001260255
141.36	-0.001343707
141.38	-0.001365754
141.4	-0.001305609
141.42	-0.001247954
141.44	-0.00132557
141.46	-0.001442133
141.48	-0.001632506
141.5	-0.001969809
141.52	-0.002261196
141.54	-0.002521542
141.56	-0.002609193
141.58	-0.002687419
141.6	-0.002557007
141.62	-0.002386645
141.64	-0.002183697
141.66	-0.001943968
141.68	-0.001791904
141.7	-0.00169652
141.72	-0.001662154
141.74	-0.001748314
141.76	-0.001832313
141.78	-0.0017924
141.8	-0.001759412
141.82	-0.001643186
141.84	-0.001217749
141.86	-0.000959412
141.88	-0.000674216
141.9	-0.000506614
141.92	-0.000367654
141.94	-0.000190762
141.96	-0.000196375
141.98	-0.000196914
142	-0.000132488
142.02	-8.39054E-05
142.04	5.55254E-05
142.06	0.000227041
142.08	0.000484748
142.1	0.00078447
142.12	0.001087395
142.14	0.001327543
142.16	0.001484868
142.18	0.001575133
142.2	0.001564613
142.22	0.001555122
142.24	0.001556642
142.26	0.001559313
142.28	0.001592261
142.3	0.001651412
142.32	0.001724511
142.34	0.001863327
142.36	0.001997722
142.38	0.002078534
142.4	0.002095421
142.42	0.002017351
142.44	0.001869454
142.46	0.001590946
142.48	0.001427399
142.5	0.001331108
142.52	0.001304107
142.54	0.001333075
142.56	0.001320604
142.58	0.001357652
142.6	0.001324671
142.62	0.001260275
142.64	0.001139795
142.66	0.000952728
142.68	0.000635958
142.7	0.0003237
142.72	5.56514E-05
142.74	-0.000157417
142.76	-0.000247041
142.78	-0.000339672
142.8	-0.000348647
142.82	-0.000405771
142.84	-0.000526382
142.86	-0.000663348
142.88	-0.000831851
142.9	-0.001007217
142.92	-0.001173537
142.94	-0.001350181
142.96	-0.00150406
142.98	-0.001623811
143	-0.001646722
143.02	-0.001615879
143.04	-0.001551472
143.06	-0.001481219
143.08	-0.001450692
143.1	-0.001436671
143.12	-0.001497456
143.14	-0.00156342
143.16	-0.001628008
143.18	-0.001675311
143.2	-0.001706709
143.22	-0.001709571
143.24	-0.001642095
143.26	-0.001519368
143.28	-0.0013636
143.3	-0.001215754
143.32	-0.001049027
143.34	-0.000965905
143.36	-0.000901426
143.38	-0.00088527
143.4	-0.000854602
143.42	-0.000800639
143.44	-0.00071397
143.46	-0.000551529
143.48	-0.000341723
143.5	-9.21382E-05
143.52	0.000142383
143.54	0.000329305
143.56	0.000475145
143.58	0.000583454
143.6	0.000635142
143.62	0.000658999
143.64	0.00066838
143.66	0.000700466
143.68	0.000776532
143.7	0.000867335
143.72	0.001010176
143.74	0.001164577
143.76	0.001305894
143.78	0.001417996
143.8	0.001476077
143.82	0.001495709
143.84	0.001480637
143.86	0.001444144
143.88	0.001418405
143.9	0.001407414
143.92	0.001408185
143.94	0.001392968
143.96	0.001415223
143.98	0.001460677
144	0.00146314
144.02	0.001456929
144.04	0.001394264
144.06	0.001284185
144.08	0.001127871
144.1	0.000934737
144.12	0.000765961
144.14	0.000623301
144.16	0.000492723
144.18	0.000403898
144.2	0.000335612
144.22	0.000275589
144.24	0.000230855
144.26	0.000163391
144.28	6.75725E-05
144.3	-7.44205E-05
144.32	-0.000237408
144.34	-0.000413648
144.36	-0.000565595
144.38	-0.000674634
144.4	-0.000750115
144.42	-0.000781974
144.44	-0.000799686
144.46	-0.000819831
144.48	-0.000849023
144.5	-0.000905465
144.52	-0.000999581
144.54	-0.001101021
144.56	-0.001210083
144.58	-0.001318083
144.6	-0.001399325
144.62	-0.001434296
144.64	-0.001428582
144.66	-0.001381372
144.68	-0.001317585
144.7	-0.001249819
144.72	-0.001186306
144.74	-0.001136541
144.76	-0.001118642
144.78	-0.001087031
144.8	-0.00107601
144.82	-0.001056484
144.84	-0.001002415
144.86	-0.000939914
144.88	-0.000841586
144.9	-0.000713524
144.92	-0.000586179
144.94	-0.00044069
144.96	-0.000311875
144.98	-0.000219405
145	-0.00014121
145.02	-8.83111E-05
145.04	-3.99893E-05
145.06	1.65389E-05
145.08	8.54321E-05
145.1	0.000180194
145.12	0.000307208
145.14	0.000453864
145.16	0.000595416
145.18	0.000729751
145.2	0.000844091
145.22	0.0009207
145.24	0.000967897
145.26	0.000986108
145.28	0.000991027
145.3	0.000998654
145.32	0.001017347
145.34	0.001057613
145.36	0.001119138
145.38	0.001184684
145.4	0.001226112
145.42	0.001242426
145.44	0.001233679
145.46	0.001189932
145.48	0.001124408
145.5	0.001047159