0	0
0.02	-2.45117E-06
0.04	-2.4512E-06
0.06	-2.45125E-06
0.08	-2.45131E-06
0.1	-2.45141E-06
0.12	-2.45158E-06
0.14	-2.45179E-06
0.16	-2.45208E-06
0.18	-2.45251E-06
0.2	-2.45311E-06
0.22	-2.45458E-06
0.24	-2.45929E-06
0.26	-2.47207E-06
0.28	-2.49592E-06
0.3	-2.52408E-06
0.32	-2.54638E-06
0.34	-2.56788E-06
0.36	-2.59411E-06
0.38	-2.61664E-06
0.4	-2.63958E-06
0.42	-2.66466E-06
0.44	-2.68757E-06
0.46	-2.71234E-06
0.48	-2.73445E-06
0.5	-2.75879E-06
0.52	-2.78257E-06
0.54	-2.80803E-06
0.56	-2.83165E-06
0.58	-2.85581E-06
0.6	-2.87852E-06
0.62	-2.90497E-06
0.64	-2.93394E-06
0.66	-2.96938E-06
0.68	-3.0091E-06
0.7	-3.05013E-06
0.72	-3.08578E-06
0.74	-3.11706E-06
0.76	-3.14766E-06
0.78	-3.17811E-06
0.8	-3.20506E-06
0.82	-3.22745E-06
0.84	-3.25078E-06
0.86	-3.27203E-06
0.88	-3.2906E-06
0.9	-3.30978E-06
0.92	-3.32584E-06
0.94	-3.33958E-06
0.96	-3.35364E-06
0.98	-3.36628E-06
1	-3.37714E-06
1.02	-3.38611E-06
1.04	-3.39271E-06
1.06	-3.39947E-06
1.08	-3.40484E-06
1.1	-3.40804E-06
1.12	-3.40669E-06
1.14	-3.40035E-06
1.16	-3.38979E-06
1.18	-3.37431E-06
1.2	-3.35945E-06
1.22	-3.34649E-06
1.24	-3.33658E-06
1.26	-3.32753E-06
1.28	-3.31665E-06
1.3	-3.30584E-06
1.32	-3.29783E-06
1.34	-3.29047E-06
1.36	-3.28161E-06
1.38	-3.27275E-06
1.4	-3.26468E-06
1.42	-3.25641E-06
1.44	-3.24695E-06
1.46	-3.23836E-06
1.48	-3.23073E-06
1.5	-3.22105E-06
1.52	-3.20881E-06
1.54	-3.19432E-06
1.56	-3.17709E-06
1.58	-3.15976E-06
1.6	-3.14582E-06
1.62	-3.13482E-06
1.64	-3.12719E-06
1.66	-3.12162E-06
1.68	-3.11634E-06
1.7	-3.11238E-06
1.72	-3.11053E-06
1.74	-3.10943E-06
1.76	-3.10813E-06
1.78	-3.10559E-06
1.8	-3.10427E-06
1.82	-3.1036E-06
1.84	-3.10191E-06
1.86	-3.09998E-06
1.88	-3.09721E-06
1.9	-3.09483E-06
1.92	-3.09212E-06
1.94	-3.08908E-06
1.96	-3.0855E-06
1.98	-3.08033E-06
2	-3.07584E-06
2.02	-3.07354E-06
2.04	-3.07273E-06
2.06	-3.0702E-06
2.08	-3.06578E-06
2.1	-3.05768E-06
2.12	-3.04508E-06
2.14	-3.02915E-06
2.16	-3.00976E-06
2.18	-2.98868E-06
2.2	-2.96578E-06
2.22	-2.94011E-06
2.24	-2.91131E-06
2.26	-2.8816E-06
2.28	-2.85084E-06
2.3	-2.81894E-06
2.32	-2.78466E-06
2.34	-2.74828E-06
2.36	-2.71092E-06
2.38	-2.67285E-06
2.4	-2.63375E-06
2.42	-2.59453E-06
2.44	-2.5555E-06
2.46	-2.51445E-06
2.48	-2.46929E-06
2.5	-2.42023E-06
2.52	-2.36733E-06
2.54	-2.31085E-06
2.56	-2.25245E-06
2.58	-2.19248E-06
2.6	-2.13089E-06
2.62	-2.06755E-06
2.64	-2.00344E-06
2.66	-1.93906E-06
2.68	-1.87394E-06
2.7	-1.80833E-06
2.72	-1.74161E-06
2.74	-1.67426E-06
2.76	-1.60661E-06
2.78	-1.53879E-06
2.8	-1.46954E-06
2.82	-1.39945E-06
2.84	-1.3291E-06
2.86	-1.25824E-06
2.88	-1.18644E-06
2.9	-1.11295E-06
2.92	-1.03754E-06
2.94	-9.61244E-07
2.96	-8.85556E-07
2.98	-8.11737E-07
3	-7.39897E-07
3.02	-6.68534E-07
3.04	-5.97206E-07
3.06	-5.26055E-07
3.08	-4.54226E-07
3.1	-3.81167E-07
3.12	-3.06832E-07
3.14	-2.31371E-07
3.16	-1.54369E-07
3.18	-7.49612E-08
3.2	6.21992E-09
3.22	8.89322E-08
3.24	1.73086E-07
3.26	2.5906E-07
3.28	3.4806E-07
3.3	4.39737E-07
3.32	5.33424E-07
3.34	6.28532E-07
3.36	7.2464E-07
3.38	8.20697E-07
3.4	9.16872E-07
3.42	1.01407E-06
3.44	1.11311E-06
3.46	1.21482E-06
3.48	1.31914E-06
3.5	1.42616E-06
3.52	1.53665E-06
3.54	1.65022E-06
3.56	1.76702E-06
3.58	1.88722E-06
3.6	2.01054E-06
3.62	2.13639E-06
3.64	2.26528E-06
3.66	2.39736E-06
3.68	2.53201E-06
3.7	2.6692E-06
3.72	2.80911E-06
3.74	2.95181E-06
3.76	3.09701E-06
3.78	3.2446E-06
3.8	3.39398E-06
3.82	3.54568E-06
3.84	3.70071E-06
3.86	3.85977E-06
3.88	4.02298E-06
3.9	4.18959E-06
3.92	4.35892E-06
3.94	4.53019E-06
3.96	4.70314E-06
3.98	4.87802E-06
4	5.05428E-06
4.02	5.23149E-06
4.04	5.40975E-06
4.06	5.58928E-06
4.08	5.77022E-06
4.1	5.95235E-06
4.12	6.13589E-06
4.14	6.32112E-06
4.16	6.50779E-06
4.18	6.69548E-06
4.2	6.88445E-06
4.22	7.0755E-06
4.24	7.26928E-06
4.26	7.46611E-06
4.28	7.66569E-06
4.3	7.86766E-06
4.32	8.07147E-06
4.34	8.27666E-06
4.36	8.48279E-06
4.38	8.68991E-06
4.4	8.8981E-06
4.42	9.10747E-06
4.44	9.31795E-06
4.46	9.52985E-06
4.48	9.74354E-06
4.5	9.959E-06
4.52	1.01765E-05
4.54	1.03963E-05
4.56	1.06183E-05
4.58	1.08428E-05
4.6	1.10696E-05
4.62	1.12991E-05
4.64	1.15311E-05
4.66	1.17659E-05
4.68	1.20035E-05
4.7	1.22441E-05
4.72	1.24871E-05
4.74	1.27319E-05
4.76	1.29786E-05
4.78	1.32275E-05
4.8	1.34793E-05
4.82	1.37347E-05
4.84	1.39938E-05
4.86	1.42566E-05
4.88	1.45233E-05
4.9	1.47938E-05
4.92	1.50683E-05
4.94	1.53466E-05
4.96	1.56284E-05
4.98	1.59134E-05
5	1.62015E-05
5.02	1.64928E-05
5.04	1.67873E-05
5.06	1.70847E-05
5.08	1.7385E-05
5.1	1.7688E-05
5.12	1.79934E-05
5.14	1.83005E-05
5.16	1.86095E-05
5.18	1.89209E-05
5.2	1.92351E-05
5.22	1.95525E-05
5.24	1.98731E-05
5.26	2.0197E-05
5.28	2.05241E-05
5.3	2.08542E-05
5.32	2.11871E-05
5.34	2.15225E-05
5.36	2.18603E-05
5.38	2.22002E-05
5.4	2.25421E-05
5.42	2.28858E-05
5.44	2.32313E-05
5.46	2.35786E-05
5.48	2.39275E-05
5.5	2.42783E-05
5.52	2.46307E-05
5.54	2.49848E-05
5.56	2.53404E-05
5.58	2.56977E-05
5.6	2.60569E-05
5.62	2.64182E-05
5.64	2.67818E-05
5.66	2.71476E-05
5.68	2.75149E-05
5.7	2.78834E-05
5.72	2.82529E-05
5.74	2.86234E-05
5.76	2.89951E-05
5.78	2.93679E-05
5.8	2.9742E-05
5.82	3.01176E-05
5.84	3.04948E-05
5.86	3.0874E-05
5.88	3.12553E-05
5.9	3.16387E-05
5.92	3.20242E-05
5.94	3.24119E-05
5.96	3.28017E-05
5.98	3.31939E-05
6	3.35887E-05
6.02	3.39861E-05
6.04	3.43859E-05
6.06	3.47882E-05
6.08	3.51924E-05
6.1	3.55981E-05
6.12	3.60051E-05
6.14	3.64136E-05
6.16	3.68237E-05
6.18	3.72353E-05
6.2	3.76487E-05
6.22	3.8064E-05
6.24	3.84813E-05
6.26	3.89008E-05
6.28	3.93224E-05
6.3	3.97461E-05
6.32	4.01719E-05
6.34	4.05996E-05
6.36	4.10292E-05
6.38	4.14605E-05
6.4	4.18933E-05
6.42	4.23277E-05
6.44	4.27635E-05
6.46	4.32006E-05
6.48	4.36388E-05
6.5	4.40777E-05
6.52	4.45173E-05
6.54	4.49576E-05
6.56	4.53987E-05
6.58	4.58408E-05
6.6	4.62839E-05
6.62	4.67281E-05
6.64	4.71731E-05
6.66	4.76185E-05
6.68	4.80641E-05
6.7	4.85099E-05
6.72	4.89555E-05
6.74	4.94006E-05
6.76	4.9845E-05
6.78	5.02886E-05
6.8	5.07314E-05
6.82	5.11733E-05
6.84	5.16143E-05
6.86	5.20542E-05
6.88	5.24928E-05
6.9	5.29302E-05
6.92	5.33663E-05
6.94	5.38012E-05
6.96	5.42351E-05
6.98	5.46681E-05
7	5.51004E-05
7.02	5.55318E-05
7.04	5.59621E-05
7.06	5.6391E-05
7.08	5.68184E-05
7.1	5.72441E-05
7.12	5.76679E-05
7.14	5.80896E-05
7.16	5.8509E-05
7.18	5.89263E-05
7.2	5.93414E-05
7.22	5.97542E-05
7.24	6.01648E-05
7.26	6.05732E-05
7.28	6.09793E-05
7.3	6.13832E-05
7.32	6.17848E-05
7.34	6.2184E-05
7.36	6.25807E-05
7.38	6.29751E-05
7.4	6.33671E-05
7.42	6.37565E-05
7.44	6.41431E-05
7.46	6.45265E-05
7.48	6.49066E-05
7.5	6.52833E-05
7.52	6.56565E-05
7.54	6.60263E-05
7.56	6.63927E-05
7.58	6.67556E-05
7.6	6.71151E-05
7.62	6.74711E-05
7.64	6.78235E-05
7.66	6.81722E-05
7.68	6.85169E-05
7.7	6.88574E-05
7.72	6.91935E-05
7.74	6.95249E-05
7.76	6.98516E-05
7.78	7.01733E-05
7.8	7.04898E-05
7.82	7.08007E-05
7.84	7.11058E-05
7.86	7.14046E-05
7.88	7.1697E-05
7.9	7.19828E-05
7.92	7.22619E-05
7.94	7.25343E-05
7.96	7.27999E-05
7.98	7.30588E-05
8	7.33106E-05
8.02	7.35554E-05
8.04	7.37929E-05
8.06	7.40228E-05
8.08	7.4245E-05
8.1	7.44591E-05
8.12	7.46648E-05
8.14	7.48619E-05
8.16	7.50502E-05
8.18	7.52295E-05
8.2	7.53995E-05
8.22	7.556E-05
8.24	7.5711E-05
8.26	7.5852E-05
8.28	7.5983E-05
8.3	7.61037E-05
8.32	7.62141E-05
8.34	7.63142E-05
8.36	7.64038E-05
8.38	7.64829E-05
8.4	7.65509E-05
8.42	7.66078E-05
8.44	7.66532E-05
8.46	7.66869E-05
8.48	7.67086E-05
8.5	7.6718E-05
8.52	7.67151E-05
8.54	7.66996E-05
8.56	7.66715E-05
8.58	7.66306E-05
8.6	7.65768E-05
8.62	7.65101E-05
8.64	7.64302E-05
8.66	7.63369E-05
8.68	7.62301E-05
8.7	7.61097E-05
8.72	7.59754E-05
8.74	7.58273E-05
8.76	7.56651E-05
8.78	7.54884E-05
8.8	7.52971E-05
8.82	7.50907E-05
8.84	7.48688E-05
8.86	7.46311E-05
8.88	7.43774E-05
8.9	7.41073E-05
8.92	7.38207E-05
8.94	7.35174E-05
8.96	7.31971E-05
8.98	7.28597E-05
9	7.2505E-05
9.02	7.21327E-05
9.04	7.17426E-05
9.06	7.13344E-05
9.08	7.09078E-05
9.1	7.04626E-05
9.12	6.99984E-05
9.14	6.9515E-05
9.16	6.9012E-05
9.18	6.8489E-05
9.2	6.79459E-05
9.22	6.7382E-05
9.24	6.67971E-05
9.26	6.61909E-05
9.28	6.55631E-05
9.3	6.49134E-05
9.32	6.42418E-05
9.34	6.35478E-05
9.36	6.28313E-05
9.38	6.20918E-05
9.4	6.13292E-05
9.42	6.05429E-05
9.44	5.97327E-05
9.46	5.88981E-05
9.48	5.80388E-05
9.5	5.71544E-05
9.52	5.62446E-05
9.54	5.5309E-05
9.56	5.43474E-05
9.58	5.33594E-05
9.6	5.23447E-05
9.62	5.1303E-05
9.64	5.0234E-05
9.66	4.91374E-05
9.68	4.8013E-05
9.7	4.68607E-05
9.72	4.56802E-05
9.74	4.44713E-05
9.76	4.32337E-05
9.78	4.19672E-05
9.8	4.06713E-05
9.82	3.93457E-05
9.84	3.79901E-05
9.86	3.66041E-05
9.88	3.51873E-05
9.9	3.37394E-05
9.92	3.22601E-05
9.94	3.07491E-05
9.96	2.92061E-05
9.98	2.76309E-05
10	2.60231E-05
10.02	2.43825E-05
10.04	2.27087E-05
10.06	2.10015E-05
10.08	1.92606E-05
10.1	1.74858E-05
10.12	1.56767E-05
10.14	1.3833E-05
10.16	1.19544E-05
10.18	1.00405E-05
10.2	8.09083E-06
10.22	6.10511E-06
10.24	4.08295E-06
10.26	2.02405E-06
10.28	-7.19204E-08
10.3	-2.20526E-06
10.32	-4.37625E-06
10.34	-6.58517E-06
10.36	-8.8323E-06
10.38	-1.1118E-05
10.4	-1.34426E-05
10.42	-1.58064E-05
10.44	-1.82099E-05
10.46	-2.06533E-05
10.48	-2.31371E-05
10.5	-2.56616E-05
10.52	-2.82272E-05
10.54	-3.08343E-05
10.56	-3.34833E-05
10.58	-3.61746E-05
10.6	-3.89087E-05
10.62	-4.16859E-05
10.64	-4.45066E-05
10.66	-4.73711E-05
10.68	-5.02797E-05
10.7	-5.32326E-05
10.72	-5.62302E-05
10.74	-5.92727E-05
10.76	-6.23604E-05
10.78	-6.54936E-05
10.8	-6.86727E-05
10.82	-7.1898E-05
10.84	-7.51698E-05
10.86	-7.84885E-05
10.88	-8.18545E-05
10.9	-8.5268E-05
10.92	-8.87293E-05
10.94	-9.22388E-05
10.96	-9.57969E-05
10.98	-9.94037E-05
11	-0.00010306
11.02	-0.000106765
11.04	-0.00011052
11.06	-0.000114325
11.08	-0.00011818
11.1	-0.000122085
11.12	-0.000126041
11.14	-0.000130047
11.16	-0.000134105
11.18	-0.000138215
11.2	-0.000142375
11.22	-0.000146588
11.24	-0.000150854
11.26	-0.000155171
11.28	-0.000159542
11.3	-0.000163965
11.32	-0.000168442
11.34	-0.000172971
11.36	-0.000177555
11.38	-0.000182192
11.4	-0.000186883
11.42	-0.000191628
11.44	-0.000196427
11.46	-0.000201281
11.48	-0.000206189
11.5	-0.000211152
11.52	-0.00021617
11.54	-0.000221244
11.56	-0.000226372
11.58	-0.000231557
11.6	-0.000236797
11.62	-0.000242094
11.64	-0.000247447
11.66	-0.000252856
11.68	-0.000258322
11.7	-0.000263845
11.72	-0.000269424
11.74	-0.000275061
11.76	-0.000280755
11.78	-0.000286506
11.8	-0.000292314
11.82	-0.00029818
11.84	-0.000304104
11.86	-0.000310085
11.88	-0.000316124
11.9	-0.000322221
11.92	-0.000328376
11.94	-0.000334589
11.96	-0.00034086
11.98	-0.00034719
12	-0.000353578
12.02	-0.000360024
12.04	-0.000366529
12.06	-0.000373092
12.08	-0.000379713
12.1	-0.000386393
12.12	-0.000393131
12.14	-0.000399928
12.16	-0.000406782
12.18	-0.000413695
12.2	-0.000420666
12.22	-0.000427696
12.24	-0.000434783
12.26	-0.000441928
12.28	-0.000449132
12.3	-0.000456393
12.32	-0.000463712
12.34	-0.000471088
12.36	-0.000478522
12.38	-0.000486014
12.4	-0.000493562
12.42	-0.000501167
12.44	-0.000508829
12.46	-0.000516547
12.48	-0.000524321
12.5	-0.000532151
12.52	-0.000540036
12.54	-0.000547977
12.56	-0.000555972
12.58	-0.000564023
12.6	-0.000572127
12.62	-0.000580286
12.64	-0.000588499
12.66	-0.000596764
12.68	-0.000605083
12.7	-0.000613455
12.72	-0.000621879
12.74	-0.000630355
12.76	-0.000638882
12.78	-0.00064746
12.8	-0.000656089
12.82	-0.000664767
12.84	-0.000673496
12.86	-0.000682273
12.88	-0.000691098
12.9	-0.000699972
12.92	-0.000708893
12.94	-0.000717861
12.96	-0.000726875
12.98	-0.000735935
13	-0.00074504
13.02	-0.000754189
13.04	-0.000763382
13.06	-0.000772619
13.08	-0.000781897
13.1	-0.000791218
13.12	-0.000800579
13.14	-0.000809981
13.16	-0.000819422
13.18	-0.000828902
13.2	-0.000838419
13.22	-0.000847974
13.24	-0.000857565
13.26	-0.000867191
13.28	-0.000876852
13.3	-0.000886546
13.32	-0.000896273
13.34	-0.000906032
13.36	-0.000915821
13.38	-0.000925641
13.4	-0.000935489
13.42	-0.000945365
13.44	-0.000955268
13.46	-0.000965196
13.48	-0.000975148
13.5	-0.000985124
13.52	-0.000995122
13.54	-0.00100514
13.56	-0.001015179
13.58	-0.001025235
13.6	-0.001035309
13.62	-0.001045398
13.64	-0.001055502
13.66	-0.001065619
13.68	-0.001075747
13.7	-0.001085886
13.72	-0.001096034
13.74	-0.00110619
13.76	-0.001116351
13.78	-0.001126516
13.8	-0.001136685
13.82	-0.001146854
13.84	-0.001157024
13.86	-0.001167191
13.88	-0.001177355
13.9	-0.001187513
13.92	-0.001197664
13.94	-0.001207806
13.96	-0.001217937
13.98	-0.001228056
14	-0.001238161
14.02	-0.00124825
14.04	-0.00125832
14.06	-0.001268371
14.08	-0.0012784
14.1	-0.001288404
14.12	-0.001298383
14.14	-0.001308333
14.16	-0.001318254
14.18	-0.001328142
14.2	-0.001337996
14.22	-0.001347812
14.24	-0.00135759
14.26	-0.001367327
14.28	-0.00137702
14.3	-0.001386668
14.32	-0.001396267
14.34	-0.001405816
14.36	-0.001415313
14.38	-0.001424754
14.4	-0.001434137
14.42	-0.00144346
14.44	-0.00145272
14.46	-0.001461915
14.48	-0.001471042
14.5	-0.001480098
14.52	-0.00148908
14.54	-0.001497987
14.56	-0.001506814
14.58	-0.00151556
14.6	-0.001524221
14.62	-0.001532794
14.64	-0.001541277
14.66	-0.001549667
14.68	-0.00155796
14.7	-0.001566154
14.72	-0.001574245
14.74	-0.001582231
14.76	-0.001590108
14.78	-0.001597873
14.8	-0.001605523
14.82	-0.001613054
14.84	-0.001620464
14.86	-0.001627748
14.88	-0.001634903
14.9	-0.001641927
14.92	-0.001648814
14.94	-0.001655563
14.96	-0.001662169
14.98	-0.001668629
15	-0.001675578
15.02	-0.001681008
15.04	-0.001687973
15.06	-0.001692097
15.08	-0.001700753
15.1	-0.001703044
15.12	-0.001710798
15.14	-0.001714519
15.16	-0.001719913
15.18	-0.001714903
15.2	-0.001735542
15.22	-0.001804289
15.24	-0.002157572
15.26	-0.001595708
15.28	-0.001397525
15.3	-0.001594066
15.32	-0.001743303
15.34	-0.001080452
15.36	-0.001581344
15.38	-0.000419581
15.4	-0.000882415
15.42	0.003605091
15.44	0.011312138
15.46	0.016363037
15.48	0.020122849
15.5	0.012307376
15.52	-0.020170684
15.54	-0.028004628
15.56	-0.028571123
15.58	-0.026395447
15.6	-0.005723542
15.62	0.015371675
15.64	-0.005168434
15.66	-0.021086503
15.68	-0.009298353
15.7	-0.015374139
15.72	-0.006699566
15.74	0.019837741
15.76	0.041006706
15.78	0.051854833
15.8	0.044763464
15.82	0.030667061
15.84	0.031734725
15.86	0.035030957
15.88	0.037942109
15.9	-0.080362472
15.92	-0.047741673
15.94	-0.006472791
15.96	-0.007991608
15.98	-0.01733558
16	-0.033843388
16.02	-0.050189134
16.04	-0.060880638
16.06	-0.071996623
16.08	-0.074920581
16.1	-0.06825848
16.12	-0.056698832
16.14	-0.049745068
16.16	-0.053689302
16.18	-0.056208376
16.2	-0.044879436
16.22	-0.020295623
16.24	-0.00371575
16.26	0.021153852
16.28	0.035728186
16.3	0.038893362
16.32	0.064528426
16.34	0.073825306
16.36	0.075038648
16.38	0.080455935
16.4	0.083057459
16.42	0.081814402
16.44	0.093821408
16.46	0.106131689
16.48	0.105623778
16.5	0.095588943
16.52	0.070864683
16.54	0.075422995
16.56	0.071717664
16.58	0.076146343
16.6	0.074412983
16.62	0.075866393
16.64	0.084047747
16.66	0.091166117
16.68	0.093113576
16.7	0.088995603
16.72	0.075916774
16.74	0.043727955
16.76	-0.006459037
16.78	-0.020825163
16.8	-0.018572053
16.82	-0.021653411
16.84	-0.030566717
16.86	-0.029209625
16.88	-0.020136922
16.9	0.100004961
16.92	0.099604019
16.94	0.058966753
16.96	0.086228879
16.98	0.087882578
17	0.083252435
17.02	0.068303059
17.04	0.061018079
17.06	0.068126878
17.08	0.058728437
17.1	0.071839555
17.12	-0.022563182
17.14	-0.00542744
17.16	-0.046028073
17.18	-0.037673586
17.2	-0.076551157
17.22	-0.074106345
17.24	-0.081108443
17.26	-0.084299259
17.28	-0.097084256
17.3	-0.10386759
17.32	-0.111141849
17.34	-0.122535091
17.36	-0.128980265
17.38	-0.155817753
17.4	-0.159414169
17.42	-0.141110613
17.44	-0.151801611
17.46	-0.156452671
17.48	-0.163843572
17.5	-0.162961548
17.52	-0.167158836
17.54	-0.157578573
17.56	-0.005974381
17.58	-0.00696585
17.6	0.013298902
17.62	0.12274722
17.64	0.18119934
17.66	0.170612637
17.68	0.193176021
17.7	0.233033055
17.72	0.222729265
17.74	0.246302516
17.76	0.251604952
17.78	0.24485036
17.8	0.181160162
17.82	0.011114552
17.84	0.055282035
17.86	0.067767574
17.88	0.070023455
17.9	0.067520701
17.92	0.099709911
17.94	0.104669651
17.96	0.071235983
17.98	-0.059877971
18	-0.00350383
18.02	-0.113638466
18.04	-0.165429224
18.06	-0.124755005
18.08	-0.13325564
18.1	-0.128357213
18.12	-0.151358578
18.14	-0.154928077
18.16	-0.169757558
18.18	-0.189659308
18.2	-0.213341428
18.22	-0.251463029
18.24	-0.283932194
18.26	-0.314466135
18.28	-0.296331909
18.3	-0.285911047
18.32	-0.149665999
18.34	-0.114164707
18.36	-0.116690821
18.38	-0.150274369
18.4	-0.18679499
18.42	-0.228028229
18.44	-0.23011954
18.46	-0.227064325
18.48	-0.236895537
18.5	-0.236545645
18.52	-0.229636479
18.54	-0.075410303
18.56	0.047170862
18.58	-0.007492426
18.6	-0.066904588
18.62	-0.064001738
18.64	0.040670442
18.66	0.069728433
18.68	0.009061996
18.7	0.084633028
18.72	0.058114092
18.74	0.104519159
18.76	0.064593222
18.78	0.094442852
18.8	0.072478263
18.82	0.103870876
18.84	0.142981839
18.86	0.158447967
18.88	0.164844044
18.9	0.176303599
18.92	0.173251021
18.94	0.170952428
18.96	0.179429145
18.98	0.146786568
19	0.149658597
19.02	0.14506413
19.04	0.173327826
19.06	0.136782073
19.08	-0.167991096
19.1	-0.11369355
19.12	-0.100829528
19.14	-0.09263666
19.16	-0.081807334
19.18	-0.056182893
19.2	-0.123373698
19.22	-0.040571251
19.24	-0.056098105
19.26	-0.118224462
19.28	-0.057453328
19.3	-0.059018258
19.32	-0.075982014
19.34	0.012177287
19.36	0.074596488
19.38	0.090805025
19.4	0.102007723
19.42	0.121308974
19.44	0.116482111
19.46	0.15211737
19.48	0.155702903
19.5	0.16374538
19.52	0.171151038
19.54	0.176484131
19.56	0.183784901
19.58	0.155701865
19.6	0.082114601
19.62	0.060449362
19.64	0.089412089
19.66	0.091730956
19.68	0.091410036
19.7	0.091349994
19.72	0.09137596
19.74	0.10893244
19.76	0.050749137
19.78	0.067904835
19.8	0.079321292
19.82	0.134021286
19.84	0.215731859
19.86	0.214062263
19.88	0.145446307
19.9	0.130471813
19.92	0.163539924
19.94	0.153518305
19.96	0.153017328
19.98	0.198439331
20	0.183464986
20.02	0.046098479
20.04	0.045765788
20.06	-0.006388202
20.08	-0.073547482
20.1	-0.160343551
20.12	-0.057820733
20.14	-0.119289506
20.16	-0.132408341
20.18	-0.092848247
20.2	-0.096869161
20.22	-0.025209331
20.24	0.050021544
20.26	0.0097317
20.28	-0.030459643
20.3	-0.007729559
20.32	0.080148039
20.34	0.088506838
20.36	-0.04133128
20.38	0.045578768
20.4	0.043216584
20.42	0.041413457
20.44	0.016020712
20.46	-0.004703455
20.48	-0.047542621
20.5	-0.073701663
20.52	-0.063971892
20.54	-0.094993719
20.56	-0.104570419
20.58	-0.096009944
20.6	-0.089685405
20.62	-0.099858245
20.64	-0.096921296
20.66	-0.126741226
20.68	-0.148944389
20.7	-0.207458271
20.72	-0.219168207
20.74	-0.229004271
20.76	-0.214615513
20.78	-0.195865418
20.8	-0.220595467
20.82	-0.223095428
20.84	-0.204501272
20.86	-0.214209514
20.88	-0.209410536
20.9	-0.216923353
20.92	-0.202310777
20.94	-0.205654138
20.96	-0.219190535
20.98	-0.221973658
21	-0.182992611
21.02	0.077765951
21.04	0.041059663
21.06	0.063561392
21.08	0.01048827
21.1	0.037877803
21.12	0.106679044
21.14	0.099444569
21.16	0.077411576
21.18	0.125695722
21.2	0.160948653
21.22	0.130108744
21.24	0.139914547
21.26	0.15800367
21.28	0.134454527
21.3	0.125317895
21.32	0.170468501
21.34	0.19425505
21.36	0.180580539
21.38	0.152870407
21.4	0.166520215
21.42	0.12024417
21.44	0.131401732
21.46	0.125567701
21.48	0.127937664
21.5	0.117149813
21.52	-0.137006213
21.54	-0.143318812
21.56	-0.110191456
21.58	-0.098560981
21.6	-0.083547819
21.62	-0.093195488
21.64	-0.094989632
21.66	-0.045222653
21.68	-0.079409262
21.7	-0.075103446
21.72	-0.056308992
21.74	-0.076578623
21.76	-0.056912358
21.78	0.07743651
21.8	0.047460124
21.82	0.088864456
21.84	0.0961881
21.86	0.120721392
21.88	0.118088774
21.9	0.120027032
21.92	0.128588914
21.94	0.018347308
21.96	0.037836388
21.98	0.004884037
22	-0.0480648
22.02	-0.087684834
22.04	-0.072406565
22.06	-0.097276703
22.08	-0.094147337
22.1	-0.083899933
22.12	-0.09913581
22.14	-0.140856524
22.16	-0.148734531
22.18	-0.147046326
22.2	-0.136188809
22.22	-0.120712034
22.24	-0.116270443
22.26	-0.11923004
22.28	0.00363598
22.3	0.051615493
22.32	0.05829
22.34	0.054445842
22.36	0.08148408
22.38	0.066320656
22.4	0.057913388
22.42	0.057909769
22.44	0.060504211
22.46	-0.023287133
22.48	-0.045298812
22.5	-0.04596027
22.52	-0.024501808
22.54	-0.032835376
22.56	-0.061190976
22.58	-0.06214426
22.6	-0.009253441
22.62	0.004242322
22.64	-0.007480799
22.66	0.029276008
22.68	0.01957408
22.7	0.023031425
22.72	0.041311848
22.74	0.108490922
22.76	0.096989436
22.78	0.097959843
22.8	0.131387018
22.82	0.127272196
22.84	0.115023365
22.86	0.118289111
22.88	0.062500573
22.9	0.081238164
22.92	0.085045639
22.94	0.127643385
22.96	0.108829636
22.98	0.120526678
23	0.081960873
23.02	0.072465285
23.04	0.07954663
23.06	0.049484505
23.08	0.05273403
23.1	0.071070815
23.12	0.077901799
23.14	0.08592444
23.16	0.069984899
23.18	0.075197851
23.2	0.098775042
23.22	0.132461272
23.24	0.125372506
23.26	0.127418509
23.28	0.063965946
23.3	0.069082268
23.32	0.089323997
23.34	0.088223906
23.36	0.101626405
23.38	0.090152033
23.4	0.091233572
23.42	0.098432633
23.44	0.173386587
23.46	0.223803786
23.48	-0.119347971
23.5	-0.04615283
23.52	-0.037876644
23.54	-0.074448815
23.56	-0.055144677
23.58	-0.005794036
23.6	-0.04085488
23.62	-0.048154046
23.64	-0.091434152
23.66	-0.07783801
23.68	-0.093440876
23.7	-0.100858061
23.72	-0.112749532
23.74	-0.112613458
23.76	-0.113153621
23.78	-0.122834133
23.8	-0.143606667
23.82	-0.1614722
23.84	-0.163845314
23.86	-0.186568189
23.88	-0.186450403
23.9	-0.188948955
23.92	-0.197910182
23.94	-0.211800543
23.96	-0.220812888
23.98	-0.215059192
24	0.004578866
24.02	-0.044866011
24.04	-0.032784674
24.06	-0.022492098
24.08	0.005702453
24.1	0.000186519
24.12	0.003879045
24.14	-0.025560189
24.16	-0.002980021
24.18	-0.026692137
24.2	-0.046852027
24.22	-0.054010715
24.24	-0.027276837
24.26	-0.020021067
24.28	-0.031205573
24.3	-0.001440256
24.32	0.004407108
24.34	-0.027249658
24.36	-0.029305565
24.38	-0.020671254
24.4	-0.046193896
24.42	-0.006778147
24.44	-0.041624607
24.46	-0.000606854
24.48	0.006953505
24.5	0.025981678
24.52	-0.117197073
24.54	-0.172429849
24.56	-0.127332212
24.58	-0.127573498
24.6	-0.093713838
24.62	-0.055376243
24.64	-0.024780015
24.66	-0.066212768
24.68	-0.068484511
24.7	0.127920159
24.72	0.042619084
24.74	0.058098142
24.76	0.061728544
24.78	0.055689388
24.8	0.065371474
24.82	0.085477717
24.84	0.087199972
24.86	-0.111034938
24.88	-0.044419948
24.9	-0.032486078
24.92	-0.100382066
24.94	-0.075627827
24.96	0.033595708
24.98	0.003424682
25	-0.006303855
25.02	0.012032985
25.04	-0.011389813
25.06	0.02742137
25.08	0.038785534
25.1	0.0325354
25.12	-0.014333462
25.14	0.023212125
25.16	0.065487665
25.18	0.024853308
25.2	-0.02953472
25.22	0.016187497
25.24	0.027417737
25.26	0.031140288
25.28	-0.027574972
25.3	0.008997486
25.32	0.01203678
25.34	0.024807129
25.36	0.003303121
25.38	0.049130135
25.4	0.071634908
25.42	0.046169857
25.44	0.072060878
25.46	0.055655912
25.48	0.073545661
25.5	0.092639369
25.52	0.142359543
25.54	0.192127898
25.56	0.21516282
25.58	0.180386386
25.6	0.145181587
25.62	0.088218354
25.64	0.038276997
25.66	0.047361189
25.68	0.049106858
25.7	0.060364665
25.72	0.064060897
25.74	0.066468151
25.76	0.06427694
25.78	0.073921384
25.8	0.044599125
25.82	0.056217715
25.84	0.05859714
25.86	0.045176104
25.88	0.049318567
25.9	0.059835802
25.92	0.071470995
25.94	0.089494138
25.96	0.091644808
25.98	0.094652845
26	-0.071162846
26.02	-0.034602461
26.04	-0.02351419
26.06	-0.031703893
26.08	-0.005862886
26.1	-0.037434829
26.12	0.021438349
26.14	-0.028941652
26.16	-0.060198108
26.18	-0.070082189
26.2	-0.074547124
26.22	-0.111090289
26.24	-0.102194601
26.26	-0.114591644
26.28	-0.128038027
26.3	-0.123178296
26.32	-0.124832388
26.34	-0.140833317
26.36	-0.148746948
26.38	-0.156843141
26.4	-0.154931875
26.42	-0.176430464
26.44	-0.187880063
26.46	-0.191754018
26.48	-0.18951851
26.5	-0.19988948
26.52	-0.163366226
26.54	-0.065965997
26.56	-0.041872611
26.58	-0.056311674
26.6	-0.071177288
26.62	0.012024086
26.64	0.063746964
26.66	-0.016408568
26.68	0.027660403
26.7	0.050552131
26.72	0.041319356
26.74	0.07139346
26.76	0.057830124
26.78	0.088702254
26.8	0.111888036
26.82	0.11785435
26.84	0.097300371
26.86	0.098696801
26.88	0.052451645
26.9	-0.106940113
26.92	-0.13888193
26.94	-0.137170901
26.96	-0.115787172
26.98	-0.097777537
27	-0.102173599
27.02	-0.123796407
27.04	-0.143962364
27.06	-0.108790526
27.08	-0.098408028
27.1	-0.087936612
27.12	-0.07628406
27.14	0.03512469
27.16	0.060881196
27.18	0.054530508
27.2	0.062302501
27.22	0.083656587
27.24	0.112099831
27.26	0.141886076
27.28	0.149207294
27.3	0.161483174
27.32	0.125411259
27.34	0.099688407
27.36	0.125195264
27.38	0.130694416
27.4	0.150141077
27.42	0.155550608
27.44	0.142218046
27.46	0.121766488
27.48	0.228190971
27.5	0.182755188
27.52	0.253019157
27.54	0.185265847
27.56	0.085480103
27.58	-0.050243984
27.6	-0.05257795
27.62	-0.039718552
27.64	-0.03835456
27.66	-0.092401217
27.68	-0.08119323
27.7	-0.132608938
27.72	-0.147879798
27.74	-0.114612153
27.76	-0.171349205
27.78	-0.171456323
27.8	-0.160468222
27.82	-0.17602342
27.84	-0.16375038
27.86	-0.194314382
27.88	-0.215514908
27.9	-0.198053726
27.92	-0.192727819
27.94	-0.202612159
27.96	-0.179851088
27.98	-0.178833484
28	-0.14316151
28.02	0.03362036
28.04	0.074240698
28.06	0.085497444
28.08	0.068178823
28.1	0.05448499
28.12	0.049729958
28.14	0.093079313
28.16	0.013679152
28.18	0.031902515
28.2	0.046832389
28.22	0.022572092
28.24	0.026652299
28.26	0.030529834
28.28	0.000139762
28.3	0.027610567
28.32	0.020856022
28.34	-0.061193708
28.36	-0.031136517
28.38	-0.026618319
28.4	-0.013121462
28.42	-0.017754311
28.44	-0.026293029
28.46	-0.019599187
28.48	-0.030450526
28.5	-0.026509786
28.52	-0.021505651
28.54	0.013271218
28.56	0.036582306
28.58	0.075666896
28.6	0.115848213
28.62	0.143203523
28.64	0.093656003
28.66	0.124176375
28.68	0.117143029
28.7	0.133778292
28.72	0.148819136
28.74	0.123306569
28.76	0.128974197
28.78	0.118443102
28.8	0.198007762
28.82	0.160706866
28.84	0.017054667
28.86	0.039550804
28.88	0.048576333
28.9	0.016887956
28.92	-0.004390297
28.94	-0.00794804
28.96	0.016397988
28.98	0.011284522
29	-0.007982139
29.02	-0.059974189
29.04	-0.048444124
29.06	-0.031914429
29.08	-0.03053589
29.1	-0.037675869
29.12	-0.065420345
29.14	-0.061241019
29.16	-0.055220748
29.18	-0.048885589
29.2	-0.066014415
29.22	-0.047701546
29.24	-0.060414845
29.26	-0.064748273
29.28	-0.06455521
29.3	-0.058769633
29.32	-0.053867446
29.34	-0.045428359
29.36	-0.008144029
29.38	-0.020639473
29.4	-0.024595147
29.42	-0.02334841
29.44	-0.037331361
29.46	-0.056728485
29.48	-0.086073379
29.5	0.025707067
29.52	0.003387995
29.54	0.008299846
29.56	0.048031739
29.58	0.077262083
29.6	0.059577692
29.62	0.021709191
29.64	0.070721401
29.66	0.039538146
29.68	0.025115831
29.7	0.029751959
29.72	0.051708665
29.74	0.07364477
29.76	0.09591513
29.78	0.129217745
29.8	0.145548996
29.82	0.147015351
29.84	0.130287904
29.86	0.14868841
29.88	0.12419701
29.9	0.145649423
29.92	0.156396757
29.94	0.175501604
29.96	0.152231422
29.98	0.066830001
30	-0.009144371
30.02	0.013135952
30.04	0.001417153
30.06	-0.041122206
30.08	-0.052182389
30.1	-0.040288414
30.12	-0.10605228
30.14	-0.069438197
30.16	-0.072044947
30.18	-0.089737209
30.2	-0.057350715
30.22	-0.076612857
30.24	-0.096609471
30.26	-0.113962525
30.28	-0.109315167
30.3	-0.108519587
30.32	-0.10871437
30.34	-0.095966364
30.36	-0.087332588
30.38	0.097464905
30.4	0.116196965
30.42	0.092175795
30.44	0.079855184
30.46	0.064141703
30.48	0.062264161
30.5	0.020265807
30.52	0.007417135
30.54	0.007053194
30.56	-0.021648899
30.58	-0.019523739
30.6	0.009673867
30.62	-0.063716456
30.64	-0.044055549
30.66	-0.070521357
30.68	-0.06800735
30.7	-0.08615503
30.72	-0.084076963
30.74	-0.122176265
30.76	-0.111620682
30.78	-0.076238473
30.8	-0.065006967
30.82	-0.056904146
30.84	-0.054140353
30.86	-0.061476745
30.88	-0.067137815
30.9	-0.069909765
30.92	-0.069610574
30.94	0.004450479
30.96	0.027323871
30.98	0.093280031
31	0.103672824
31.02	0.095783462
31.04	0.12702835
31.06	0.108917468
31.08	0.126928471
31.1	0.151179124
31.12	0.153471927
31.14	0.170686917
31.16	0.150959305
31.18	0.184878233
31.2	0.180422993
31.22	0.175331452
31.24	0.181383165
31.26	0.166540638
31.28	0.174205364
31.3	0.14235224
31.32	0.110667419
31.34	-0.005428533
31.36	-0.026323395
31.38	-0.045313793
31.4	-0.015522613
31.42	-0.055593393
31.44	-0.124374028
31.46	-0.130028131
31.48	-0.136963551
31.5	-0.11447434
31.52	-0.1459117
31.54	-0.163398783
31.56	-0.133954511
31.58	-0.15661355
31.6	-0.166187582
31.62	-0.170164286
31.64	-0.216307903
31.66	-0.179236103
31.68	-0.18869759
31.7	-0.181900885
31.72	-0.164628042
31.74	-0.172449517
31.76	-0.139464064
31.78	-0.125179993
31.8	0.138353721
31.82	0.13099699
31.84	0.103510114
31.86	0.088816645
31.88	0.061604664
31.9	0.049040239
31.92	0.102385138
31.94	0.080642787
31.96	0.049476346
31.98	0.089095743
32	0.074095733
32.02	0.052186288
32.04	0.083204439
32.06	0.06923759
32.08	0.097634355
32.1	0.11375194
32.12	0.084041538
32.14	0.056858374
32.16	-0.105572997
32.18	-0.068001295
32.2	-0.131087552
32.22	-0.122372198
32.24	-0.100794004
32.26	-0.097665219
32.28	-0.110711216
32.3	-0.088156559
32.32	-0.076694463
32.34	0.048895161
32.36	0.036848204
32.38	0.046721741
32.4	0.033323539
32.42	0.079716462
32.44	0.092413149
32.46	0.117327821
32.48	0.139822953
32.5	0.144158645
32.52	0.123023112
32.54	0.157112258
32.56	0.141566696
32.58	0.16116827
32.6	0.138329324
32.62	0.095860058
32.64	0.067104989
32.66	0.116501468
32.68	0.040449968
32.7	0.010108871
32.72	-0.045851317
32.74	-0.065613802
32.76	-0.078330867
32.78	-0.05943547
32.8	-0.073742981
32.82	-0.068625888
32.84	-0.090313286
32.86	-0.084351068
32.88	-0.074083377
32.9	-0.08013888
32.92	-0.095641724
32.94	-0.095349939
32.96	-0.103927672
32.98	-0.112007013
33	-0.119052121
33.02	-0.123298318
33.04	-0.132999204
33.06	-0.123354031
33.08	-0.122519932
33.1	-0.10641349
33.12	-0.099424925
33.14	-0.087972383
33.16	0.097922969
33.18	0.019624035
33.2	0.048115623
33.22	0.082852461
33.24	0.076351961
33.26	0.069212806
33.28	0.056283768
33.3	0.071101651
33.32	0.069684775
33.34	0.055167426
33.36	0.043960575
33.38	0.044472856
33.4	0.042314616
33.42	0.08387348
33.44	0.074200004
33.46	0.078532099
33.48	0.084605083
33.5	0.085250226
33.52	0.080159774
33.54	0.067642277
33.56	0.06762979
33.58	0.06826965
33.6	0.070722293
33.62	0.071225292
33.64	0.097554699
33.66	0.108101455
33.68	-0.089796241
33.7	-0.072792138
33.72	-0.046453376
33.74	-0.04816961
33.76	-0.02013365
33.78	-0.015830456
33.8	-0.004939491
33.82	-0.013545491
33.84	-0.038809688
33.86	-0.04570947
33.88	-0.040803317
33.9	-0.04901602
33.92	-0.04991411
33.94	-0.045416576
33.96	0.009100951
33.98	0.040975686
34	0.05330469
34.02	0.082590114
34.04	0.091174214
34.06	0.077489003
34.08	-0.012190792
34.1	-0.011199057
34.12	-0.006017569
34.14	0.00409827
34.16	-0.060897171
34.18	-0.063500213
34.2	-0.071359978
34.22	-0.068899797
34.24	-0.092861629
34.26	-0.101960205
34.28	-0.100220145
34.3	-0.103033461
34.32	-0.136753343
34.34	-0.138113297
34.36	-0.10812805
34.38	-0.088686789
34.4	-0.105045834
34.42	-0.063431537
34.44	-0.042064241
34.46	-0.047753555
34.48	-0.026685118
34.5	-0.054111855
34.52	-0.043561442
34.54	0.043546608
34.56	0.070019101
34.58	0.033161496
34.6	0.042999764
34.62	0.070632087
34.64	0.082825295
34.66	0.062941691
34.68	0.033587994
34.7	0.044928687
34.72	0.039405143
34.74	0.026152549
34.76	0.005273838
34.78	0.036439064
34.8	0.024357149
34.82	0.011511739
34.84	0.01023542
34.86	-0.003893633
34.88	-0.007231761
34.9	0.003958465
34.92	0.033261411
34.94	0.060248475
34.96	0.087237014
34.98	0.095300542
35	0.095084856
35.02	0.106975647
35.04	0.139012868
35.06	0.149047602
35.08	0.147001444
35.1	0.05114873
35.12	0.004065908
35.14	0.006772168
35.16	-0.048103481
35.18	-0.024089017
35.2	-0.069158244
35.22	-0.056761426
35.24	-0.06318997
35.26	-0.086022088
35.28	-0.0766965
35.3	-0.077069614
35.32	-0.079704457
35.34	-0.072470224
35.36	-0.09154937
35.38	-0.098572923
35.4	-0.111987489
35.42	-0.121030124
35.44	-0.13240365
35.46	-0.113435195
35.48	-0.138950298
35.5	-0.115350225
35.52	-0.087953776
35.54	0.026380179
35.56	-0.025585832
35.58	-0.009628691
35.6	-0.002288287
35.62	0.026517373
35.64	0.054521458
35.66	0.038530168
35.68	-0.04666456
35.7	-0.037489094
35.72	-0.031796032
35.74	-0.023122937
35.76	-0.011847935
35.78	-0.000850414
35.8	-0.015020294
35.82	-0.011384165
35.84	0.011991035
35.86	0.002342233
35.88	0.013858072
35.9	0.001526366
35.92	0.00080511
35.94	0.002611029
35.96	0.000758895
35.98	0.017193351
36	0.035664848
36.02	0.049273912
36.04	0.046450649
36.06	0.047248645
36.08	0.068061298
36.1	0.070715426
36.12	0.063313581
36.14	0.043058333
36.16	0.049992566
36.18	0.051438046
36.2	0.06306845
36.22	0.066198958
36.24	0.15246745
36.26	0.118021595
36.28	0.102733548
36.3	0.120643249
36.32	0.083880437
36.34	0.080539125
36.36	0.076569938
36.38	0.06076323
36.4	0.051187897
36.42	0.046657046
36.44	0.061700577
36.46	0.061045585
36.48	0.055601165
36.5	0.069998509
36.52	0.122147431
36.54	0.119055033
36.56	0.115436042
36.58	-0.082482576
36.6	-0.04946539
36.62	-0.047848648
36.64	-0.037291509
36.66	-0.06419031
36.68	-0.059788109
36.7	-0.009338792
36.72	-0.031845313
36.74	-0.029230303
36.76	-0.02651707
36.78	-0.018104762
36.8	-0.041511841
36.82	-0.059727038
36.84	-0.086812618
36.86	-0.077090617
36.88	-0.091343847
36.9	-0.105083962
36.92	-0.115157952
36.94	-0.130815617
36.96	-0.133493458
36.98	-0.139379601
37	-0.15511756
37.02	-0.159274521
37.04	-0.075303559
37.06	0.034421598
37.08	0.061170168
37.1	0.060013594
37.12	0.000636316
37.14	-0.022898127
37.16	-0.000210964
37.18	0.061616201
37.2	0.066451038
37.22	0.025211029
37.24	0.030978131
37.26	-0.055371393
37.28	-0.051613576
37.3	-0.019366358
37.32	-0.021425035
37.34	0.004526636
37.36	0.030851523
37.38	0.008470476
37.4	0.006377599
37.42	-0.036907721
37.44	-0.065611897
37.46	-0.065437291
37.48	-0.020978452
37.5	-0.02125046
37.52	-0.003498527
37.54	0.038809563
37.56	0.056403715
37.58	0.064297544
37.6	0.073645376
37.62	0.085358515
37.64	0.086851786
37.66	0.058557328
37.68	0.04340045
37.7	0.042391966
37.72	0.067614512
37.74	0.067755958
37.76	0.088873974
37.78	0.081520818
37.8	0.109313192
37.82	0.068832746
37.84	-0.011329736
37.86	-0.072426219
37.88	-0.064558858
37.9	-0.039288303
37.92	-0.057279291
37.94	-0.065556161
37.96	-0.071557572
37.98	-0.082300305
38	-0.071171381
38.02	-0.060821977
38.04	-0.056366692
38.06	-0.058821438
38.08	-0.066820616
38.1	-0.075335326
38.12	-0.084991786
38.14	-0.1037165
38.16	-0.121828959
38.18	-0.132802663
38.2	-0.144786207
38.22	-0.144148662
38.24	-0.134453374
38.26	-0.098413187
38.28	-0.06902192
38.3	-0.112524471
38.32	-0.136307199
38.34	-0.111038676
38.36	-0.120517377
38.38	-0.112453703
38.4	-0.074873896
38.42	-0.021815218
38.44	-0.005439871
38.46	-0.000525132
38.48	-0.014683187
38.5	0.025861114
38.52	0.014697714
38.54	0.029726257
38.56	0.045007841
38.58	0.058367464
38.6	0.057787859
38.62	0.059914798
38.64	0.070106753
38.66	0.083427636
38.68	0.068872506
38.7	0.079161189
38.72	0.076699858
38.74	0.080548667
38.76	0.071484481
38.78	0.003306952
38.8	-0.061230921
38.82	-0.078891192
38.84	-0.064905771
38.86	-0.056345019
38.88	-0.044177048
38.9	-0.042317285
38.92	0.054154781
38.94	0.043348158
38.96	0.060744131
38.98	0.069120194
39	0.053190125
39.02	0.027582829
39.04	0.039679518
39.06	0.028097338
39.08	0.030752034
39.1	0.044859686
39.12	0.045688729
39.14	0.059427072
39.16	0.068856593
39.18	0.069321341
39.2	-0.015479371
39.22	-0.042492456
39.24	-0.052026969
39.26	-0.073319336
39.28	-0.050625184
39.3	-0.026983924
39.32	0.00854027
39.34	-0.009955679
39.36	-0.027752857
39.38	-0.040534705
39.4	-0.055446525
39.42	-0.066254078
39.44	-0.078952294
39.46	-0.092538026
39.48	-0.079383283
39.5	-0.081699389
39.52	-0.061445372
39.54	-0.039352994
39.56	-0.027459699
39.58	-0.013933974
39.6	-0.020394728
39.62	0.037115738
39.64	0.028421538
39.66	0.038412747
39.68	0.044973432
39.7	0.053830325
39.72	0.058368823
39.74	0.071228628
39.76	0.090994258
39.78	0.10287724
39.8	0.114889339
39.82	0.09444591
39.84	0.034361435
39.86	0.072183173
39.88	0.110858507
39.9	0.056979965
39.92	0.089787592
39.94	0.08631374
39.96	0.109391636
39.98	0.051743145
40	0.008653898
40.02	0.045065348
40.04	0.063056456
40.06	0.105290709
40.08	0.124978785
40.1	0.125255664
40.12	0.168750501
40.14	0.161188999
40.16	0.162583778
40.18	0.169569217
40.2	0.120773526
40.22	0.128410465
40.24	0.106168885
40.26	0.131179658
40.28	0.156249357
40.3	0.179197743
40.32	0.098216187
40.34	0.039929885
40.36	0.048339234
40.38	0.027024156
40.4	-0.026706435
40.42	-0.057466432
40.44	-0.03650521
40.46	-0.015391157
40.48	-0.022224336
40.5	-0.019891393
40.52	-0.041555763
40.54	-0.024448051
40.56	-0.052253882
40.58	-0.046493059
40.6	-0.021229048
40.62	-0.015546764
40.64	-0.005236187
40.66	0.005112189
40.68	0.001073727
40.7	0.010470142
40.72	0.01554371
40.74	0.024852476
40.76	0.018024615
40.78	-0.013019118
40.8	-0.050477992
40.82	-0.084190719
40.84	-0.098236703
40.86	-0.082954541
40.88	-0.075568222
40.9	-0.070481246
40.92	-0.059127368
40.94	-0.074099384
40.96	0.036050463
40.98	0.049779722
41	0.057595306
41.02	0.040850741
41.04	0.089007383
41.06	0.059726787
41.08	0.097891784
41.1	0.099181141
41.12	0.108180207
41.14	0.122321751
41.16	0.137210548
41.18	0.144203953
41.2	0.14976391
41.22	0.143261186
41.24	0.149222786
41.26	-0.03277166
41.28	-0.120071006
41.3	-0.086314551
41.32	-0.018731233
41.34	-0.033760899
41.36	-0.015500702
41.38	0.022154668
41.4	0.009327437
41.42	0.012527577
41.44	0.026292998
41.46	0.013362883
41.48	0.006184481
41.5	-0.038721549
41.52	-0.036256654
41.54	0.04870933
41.56	0.112401599
41.58	0.147132822
41.6	0.119145113
41.62	0.136817645
41.64	0.12531477
41.66	0.101054414
41.68	-0.033076884
41.7	-0.013010022
41.72	-0.01560203
41.74	-0.021056606
41.76	-0.051972933
41.78	-0.054807636
41.8	-0.098524536
41.82	-0.122883805
41.84	-0.12523485
41.86	-0.146142006
41.88	-0.151977422
41.9	-0.15344289
41.92	-0.160779176
41.94	-0.105086288
41.96	-0.11612505
41.98	-0.131679301
42	-0.145160295
42.02	-0.124051559
42.04	-0.182115384
42.06	-0.165461388
42.08	-0.148960358
42.1	-0.109858741
42.12	-0.117132355
42.14	-0.116768637
42.16	-0.10606927
42.18	-0.107741035
42.2	-0.129884937
42.22	-0.130957694
42.24	0.01273369
42.26	-0.007818469
42.28	0.02331451
42.3	0.077735876
42.32	0.034622107
42.34	0.032373193
42.36	0.037793964
42.38	-0.002495009
42.4	-0.039631426
42.42	-0.031831025
42.44	-0.04561217
42.46	-0.027829381
42.48	-0.027856962
42.5	-0.006144678
42.52	-0.000822517
42.54	0.009803412
42.56	0.021835752
42.58	0.030985235
42.6	0.03842138
42.62	0.043347721
42.64	0.042092521
42.66	0.043947447
42.68	-0.036019962
42.7	-0.098715766
42.72	-0.091979419
42.74	-0.078199758
42.76	-0.05032047
42.78	-0.075003716
42.8	-0.066964815
42.82	-0.044475901
42.84	-0.062418718
42.86	-0.053769782
42.88	-0.032674432
42.9	-0.040864539
42.92	-0.041675152
42.94	-0.07572067
42.96	-0.0514331
42.98	-0.075682301
43	-0.071027323
43.02	-0.00220501
43.04	0.034797197
43.06	0.019056405
43.08	0.001860836
43.1	-0.010487495
43.12	-0.028365782
43.14	-0.112662865
43.16	-0.084405188
43.18	-0.069212181
43.2	-0.105320839
43.22	-0.117493236
43.24	-0.12990667
43.26	-0.133755225
43.28	-0.140449413
43.3	-0.138375315
43.32	-0.136689109
43.34	-0.140353422
43.36	-0.026933921
43.38	-0.015266146
43.4	-0.038802905
43.42	-0.031378294
43.44	-0.000896741
43.46	-0.018101787
43.48	-0.013770584
43.5	0.009869963
43.52	2.05602E-06
43.54	0.003151598
43.56	0.018818744
43.58	0.028580431
43.6	0.031967735
43.62	0.040601199
43.64	0.041194923
43.66	0.055021318
43.68	0.061394152
43.7	0.06817856
43.72	0.075698142
43.74	0.051470301
43.76	0.041667503
43.78	0.15339787
43.8	0.125490597
43.82	0.152587886
43.84	0.146397693
43.86	0.154392745
43.88	0.145759465
43.9	0.112623563
43.92	0.008169271
43.94	0.025027431
43.96	0.036509103
43.98	0.046943596
44	0.048838721
44.02	0.037296838
44.04	0.046031023
44.06	0.066096329
44.08	0.054200861
44.1	0.068722712
44.12	0.081976699
44.14	0.108325195
44.16	0.172271323
44.18	0.131627797
44.2	-0.075340454
44.22	-0.060757451
44.24	-0.028301712
44.26	-0.055665985
44.28	-0.01676182
44.3	0.0292773
44.32	0.00968232
44.34	0.009502142
44.36	0.019885994
44.38	-0.005806714
44.4	-0.025244304
44.42	-0.021955632
44.44	-0.038934655
44.46	-0.035536404
44.48	-0.048535492
44.5	-0.03318734
44.52	-0.017545318
44.54	-0.007337663
44.56	0.002110435
44.58	-0.001382311
44.6	-0.005281867
44.62	-0.039841575
44.64	-0.047083252
44.66	-0.063832262
44.68	-0.073924547
44.7	-0.086537274
44.72	-0.092342318
44.74	-0.103104548
44.76	-0.09955915
44.78	-0.098888586
44.8	-0.095892356
44.82	-0.106370265
44.84	-0.08824765
44.86	0.017253288
44.88	0.039911956
44.9	0.026621098
44.92	0.012047849
44.94	0.018058346
44.96	0.053391134
44.98	0.071532051
45	0.064581171
45.02	0.057506279
45.04	0.048536149
45.06	0.056890535
45.08	0.056423731
45.1	0.069803821
45.12	0.069479618
45.14	0.081764274
45.16	0.074196671
45.18	0.082362021
45.2	0.067833675
45.22	0.024990745
45.24	-0.03952719
45.26	-0.068042934
45.28	0.005407538
45.3	0.076540866
45.32	0.044057727
45.34	0.025203399
45.36	0.044164533
45.38	0.060571388
45.4	0.059827009
45.42	0.062594432
45.44	0.057417464
45.46	0.045682125
45.48	0.082026997
45.5	0.090139384
45.52	0.087800943
45.54	0.07927276
45.56	0.057027766
45.58	-0.00610553
45.6	-0.005031049
45.62	-0.019832564
45.64	-0.039842153
45.66	-0.058699748
45.68	-0.059054248
45.7	-0.062997076
45.72	-0.064284736
45.74	-0.084688136
45.76	-0.079376476
45.78	-0.087581042
45.8	-0.100476089
45.82	-0.101302113
45.84	-0.100270132
45.86	-0.098401496
45.88	-0.097363503
45.9	-0.088474899
45.92	-0.076413379
45.94	-0.061057744
45.96	-0.067912542
45.98	-0.074492924
46	-0.089612079
46.02	-0.090063256
46.04	-0.069074863
46.06	-0.055950476
46.08	-0.01739408
46.1	-0.050801964
46.12	-0.084513587
46.14	-0.055046057
46.16	-0.035450766
46.18	-0.055503815
46.2	-0.066356905
46.22	-0.015394125
46.24	-0.018952101
46.26	-0.013359144
46.28	0.014611107
46.3	0.0102941
46.32	-0.014273849
46.34	0.00769763
46.36	0.01094396
46.38	-0.002091799
46.4	0.008236859
46.42	0.019732415
46.44	0.027423469
46.46	0.045499312
46.48	0.060871407
46.5	0.078940756
46.52	0.079460612
46.54	0.087233446
46.56	0.085716693
46.58	0.088377957
46.6	0.094318499
46.62	0.095262631
46.64	0.105253141
46.66	0.101629646
46.68	0.084248606
46.7	0.074785973
46.72	0.012541164
46.74	0.000800838
46.76	0.028963758
46.78	0.02232825
46.8	0.007388094
46.82	-0.006649358
46.84	-0.016727352
46.86	-0.024621864
46.88	-0.023585647
46.9	-0.014211895
46.92	-0.006489771
46.94	0.003063597
46.96	0.024010308
46.98	0.040090472
47	0.05055092
47.02	0.025201265
47.04	0.045530352
47.06	0.065746722
47.08	0.04489634
47.1	0.024959099
47.12	-0.016076325
47.14	-0.008199794
47.16	-0.024741386
47.18	-0.061508676
47.2	-0.080383624
47.22	-0.074917688
47.24	-0.081823149
47.26	-0.089350791
47.28	-0.095516809
47.3	-0.097237884
47.32	-0.084366964
47.34	-0.076821234
47.36	0.086227954
47.38	0.055241578
47.4	0.035797126
47.42	0.011236274
47.44	0.041541155
47.46	0.059024488
47.48	0.053184024
47.5	0.062427071
47.52	0.053135936
47.54	0.042405898
47.56	0.047474069
47.58	0.062949411
47.6	0.090971395
47.62	0.076155357
47.64	0.089873762
47.66	0.084923687
47.68	0.08437329
47.7	0.057826603
47.72	0.042927666
47.74	0.051663914
47.76	0.053706215
47.78	0.071485726
47.8	0.101866592
47.82	0.123152349
47.84	0.108860141
47.86	0.103130357
47.88	0.09201534
47.9	0.078237243
47.92	0.085035322
47.94	0.086738124
47.96	0.096461062
47.98	0.048739428
48	0.045011206
48.02	0.048102476
48.04	0.034462518
48.06	-0.007814081
48.08	-0.002279626
48.1	0.008311995
48.12	0.001938818
48.14	-0.006035301
48.16	-0.009083864
48.18	-0.027132727
48.2	-0.028797723
48.22	-0.029279518
48.24	-0.033150097
48.26	-0.028424979
48.28	-0.02642152
48.3	-0.031878366
48.32	-0.02701707
48.34	-0.029350964
48.36	-0.04498775
48.38	-0.05886759
48.4	-0.066849275
48.42	-0.064250631
48.44	-0.059204576
48.46	-0.049222113
48.48	-0.046994995
48.5	-0.051588149
48.52	-0.062105862
48.54	-0.062951274
48.56	-0.062314477
48.58	-0.065006357
48.6	-0.063362904
48.62	-0.067663939
48.64	-0.068476317
48.66	-0.064931959
48.68	-0.061539904
48.7	-0.06155166
48.72	-0.065350917
48.74	-0.074019174
48.76	-0.078394017
48.78	-0.073745487
48.8	0.029282581
48.82	0.029568437
48.84	0.010912853
48.86	0.023952259
48.88	0.024271688
48.9	0.033498059
48.92	0.036063575
48.94	0.038226421
48.96	0.047624714
48.98	0.050592847
49	0.058258017
49.02	0.048762803
49.04	0.051267598
49.06	0.039415275
49.08	0.032756743
49.1	0.013725705
49.12	-0.01057972
49.14	-0.005318912
49.16	-0.0077729
49.18	0.00928374
49.2	0.013776807
49.22	0.013089452
49.24	0.026968837
49.26	-0.002083961
49.28	0.009772766
49.3	0.016865067
49.32	-0.007976839
49.34	-0.026351444
49.36	-0.013679914
49.38	-0.019264077
49.4	-0.01842775
49.42	-0.009526463
49.44	-0.002075165
49.46	0.008115094
49.48	0.011868992
49.5	-0.002656759
49.52	0.001610003
49.54	-0.017851999
49.56	-0.026956449
49.58	-0.034282386
49.6	-0.049930928
49.62	-0.062691478
49.64	-0.068770792
49.66	-0.073967324
49.68	-0.070468945
49.7	-0.075179938
49.72	-0.082061363
49.74	-0.075442517
49.76	-0.074429217
49.78	-0.067780643
49.8	-0.016457626
49.82	-0.019531969
49.84	-0.026272327
49.86	-0.029676855
49.88	-0.018148287
49.9	-0.036382341
49.92	-0.045617521
49.94	-0.04995742
49.96	-0.028449193
49.98	-0.014335574
50	-0.015184186
50.02	-0.019394044
50.04	-0.025820552
50.06	-0.023190873
50.08	-0.015741612
50.1	-0.001968526
50.12	0.002738293
50.14	0.005006196
50.16	0.017223896
50.18	0.020983856
50.2	0.028484211
50.22	0.030786634
50.24	0.037877382
50.26	0.047016675
50.28	0.052020154
50.3	0.062979368
50.32	0.07466464
50.34	0.075335354
50.36	0.043829395
50.38	0.062924286
50.4	0.088404505
50.42	0.094379048
50.44	0.080200502
50.46	0.071674537
50.48	0.024205804
50.5	0.019800373
50.52	0.018352577
50.54	0.012772759
50.56	-0.011136247
50.58	-0.006758037
50.6	0.009529999
50.62	0.013496856
50.64	0.006962216
50.66	0.010043924
50.68	0.02168621
50.7	-0.015159317
50.72	-0.011667299
50.74	-0.015933053
50.76	-0.01613595
50.78	-0.011418388
50.8	-0.017443136
50.82	-0.009053538
50.84	-0.014828238
50.86	-0.017327752
50.88	-0.014776743
50.9	-0.027858908
50.92	-0.040452707
50.94	0.024527814
50.96	-0.002021301
50.98	-0.015314037
51	-0.049753428
51.02	-0.025456234
51.04	-0.00934896
51.06	-0.028447874
51.08	-0.046131205
51.1	-0.048535784
51.12	-0.036632917
51.14	-0.051113578
51.16	-0.048283177
51.18	-0.043710951
51.2	-0.037607526
51.22	-0.057516502
51.24	-0.039031039
51.26	0.071359712
51.28	0.017071263
51.3	-0.021584784
51.32	-0.022728713
51.34	0.006042271
51.36	0.019258833
51.38	0.010898691
51.4	0.014538874
51.42	0.019897493
51.44	0.02176923
51.46	0.020975725
51.48	0.02973935
51.5	0.030001
51.52	0.033842531
51.54	0.041904702
51.56	0.048382363
51.58	0.053474534
51.6	0.053852975
51.62	0.053821427
51.64	0.050839315
51.66	0.058768467
51.68	0.049760812
51.7	0.049746417
51.72	0.055001639
51.74	0.055618826
51.76	0.055883184
51.78	0.055198563
51.8	0.047996684
51.82	-0.012462034
51.84	-0.012473659
51.86	-0.027424407
51.88	-0.024691694
51.9	-0.018647384
51.92	-0.03632883
51.94	-0.042951762
51.96	-0.035527399
51.98	-0.039821623
52	-0.040861234
52.02	-0.042189729
52.04	-0.037608567
52.06	-0.032631436
52.08	-0.010781786
52.1	0.009692221
52.12	0.005449974
52.14	-0.006592513
52.16	-0.019435786
52.18	-0.015674476
52.2	-0.04407843
52.22	-0.052540705
52.24	-0.06542217
52.26	-0.06292679
52.28	-0.058223459
52.3	-0.061755483
52.32	-0.054959078
52.34	-0.054459063
52.36	-0.052051805
52.38	-0.061528011
52.4	-0.060252668
52.42	-0.067409277
52.44	-0.069058379
52.46	-0.060446851
52.48	-0.063043488
52.5	-0.057043797
52.52	-0.059363194
52.54	-0.063222906
52.56	-0.065618636
52.58	-0.076990093
52.6	-0.075341038
52.62	-0.058408541
52.64	0.04944353
52.66	0.014840635
52.68	0.006046677
52.7	0.003146869
52.72	0.015134806
52.74	0.015944392
52.76	0.029856612
52.78	0.032580993
52.8	0.024857347
52.82	0.018035715
52.84	0.01347707
52.86	0.022512819
52.88	0.038173507
52.9	0.033780973
52.92	0.045330914
52.94	0.047256124
52.96	0.059895927
52.98	0.071831507
53	0.077816862
53.02	0.087110889
53.04	0.090971581
53.06	0.098647773
53.08	0.110438604
53.1	0.109068042
53.12	0.10090263
53.14	0.102526641
53.16	0.094719522
53.18	0.090307935
53.2	0.074590053
53.22	0.024023037
53.24	0.034866091
53.26	0.040821207
53.28	-0.00131248
53.3	0.017731759
53.32	-0.004997384
53.34	-0.007267337
53.36	0.00880056
53.38	0.011713803
53.4	0.008288411
53.42	0.012139668
53.44	0.017294709
53.46	0.020374281
53.48	0.018979101
53.5	0.027052241
53.52	0.034971381
53.54	0.027353886
53.56	0.041233852
53.58	0.051942719
53.6	0.061455007
53.62	0.054297665
53.64	0.025755164
53.66	-0.001371894
53.68	-0.013905876
53.7	-0.019225509
53.72	-0.023087904
53.74	-0.035415408
53.76	-0.029226162
53.78	-0.030435143
53.8	-0.029941043
53.82	-0.040800636
53.84	-0.048754935
53.86	-0.051306667
53.88	-0.034345902
53.9	-0.045009156
53.92	-0.045573883
53.94	-0.032832796
53.96	-0.033951774
53.98	0.027082522
54	0.019359036
54.02	0.045330244
54.04	0.052264838
54.06	0.065359777
54.08	0.058894439
54.1	0.053205305
54.12	0.057748745
54.14	0.053070978
54.16	0.055082544
54.18	0.059130728
54.2	0.057704317
54.22	0.050876364
54.24	0.050031763
54.26	-0.029641349
54.28	-0.009220787
54.3	-0.00394204
54.32	0.003565104
54.34	-6.75153E-05
54.36	0.014638329
54.38	0.021219057
54.4	0.011640896
54.42	0.008487368
54.44	0.009814752
54.46	0.001999242
54.48	-4.72412E-05
54.5	-0.009201926
54.52	-0.007697283
54.54	-0.010945338
54.56	-0.010311413
54.58	-0.004985772
54.6	0.000650569
54.62	-0.002757456
54.64	-0.014257001
54.66	-0.0255895
54.68	-0.024080072
54.7	-0.03149632
54.72	-0.023510853
54.74	-0.024871555
54.76	-0.023756657
54.78	-0.028711467
54.8	-0.032472583
54.82	-0.029729546
54.84	-0.031812258
54.86	-0.03059172
54.88	-0.019772968
54.9	-0.029436193
54.92	-0.028918892
54.94	-0.028541238
54.96	-0.042887469
54.98	-0.046493796
55	-0.050559323
55.02	-0.05146194
55.04	-0.06504663
55.06	-0.060026673
55.08	-0.047673874
55.1	-0.03443048
55.12	-0.038387237
55.14	-0.035610126
55.16	-0.039731316
55.18	-0.016299265
55.2	-0.015266244
55.22	-0.023912989
55.24	-0.0488769
55.26	-0.043779468
55.28	-0.035889803
55.3	-0.008178473
55.32	-0.004089185
55.34	0.007044929
55.36	0.022228398
55.38	0.016686967
55.4	0.022089509
55.42	0.023489825
55.44	0.024123645
55.46	0.021994466
55.48	0.024034062
55.5	0.027428184
55.52	0.034185273
55.54	0.042592943
55.56	0.028505351
55.58	0.029739749
55.6	0.022379088
55.62	0.011837661
55.64	-0.014340461
55.66	-0.020648347
55.68	-0.029874035
55.7	-0.021632227
55.72	-0.033476868
55.74	-0.020889073
55.76	-0.020560173
55.78	-0.023541425
55.8	-0.019749827
55.82	-0.023408061
55.84	-0.034160211
55.86	-0.043201236
55.88	-0.045657739
55.9	-0.041387432
55.92	-0.046241346
55.94	-0.041339295
55.96	-0.038670089
55.98	-0.035666435
56	-0.025434309
56.02	-0.015450722
56.04	-0.017149165
56.06	-0.011905065
56.08	-0.010017004
56.1	-0.01110659
56.12	-0.022919769
56.14	-0.046374172
56.16	-0.048866694
56.18	-0.035415808
56.2	-0.035661821
56.22	-0.055032745
56.24	-0.051526813
56.26	-0.052653853
56.28	-0.051850283
56.3	-0.053220162
56.32	-0.048020872
56.34	-0.04355629
56.36	-0.039634198
56.38	-0.025920699
56.4	-0.050228615
56.42	-0.036418605
56.44	-0.051068204
56.46	-0.049653077
56.48	-0.052873064
56.5	-0.061946796
56.52	-0.03355613
56.54	0.005738763
56.56	0.020599862
56.58	0.029555264
56.6	0.022749768
56.62	0.043118376
56.64	0.033720178
56.66	0.027003936
56.68	0.025151716
56.7	0.023484591
56.72	0.030505602
56.74	0.03430204
56.76	0.045064669
56.78	0.043682663
56.8	0.055812044
56.82	0.050985383
56.84	0.047198158
56.86	0.050161461
56.88	0.04599505
56.9	0.03726551
56.92	0.034624586
56.94	0.044189854
56.96	0.039753878
56.98	0.043858927
57	0.051606147
57.02	0.04467511
57.04	0.056966874
57.06	0.059645227
57.08	0.057259684
57.1	0.015651127
57.12	-0.011305774
57.14	-0.008199309
57.16	0.008214159
57.18	0.02479022
57.2	0.021812228
57.22	0.022149325
57.24	0.020760237
57.26	0.028141878
57.28	0.034227635
57.3	0.041530466
57.32	0.036867332
57.34	0.04254213
57.36	0.036779833
57.38	0.029008058
57.4	0.017014188
57.42	0.013455016
57.44	0.004737431
57.46	0.004634898
57.48	0.007439884
57.5	0.02744701
57.52	0.024922636
57.54	0.035707893
57.56	0.044992989
57.58	0.046554374
57.6	0.051801047
57.62	0.009016546
57.64	0.006140203
57.66	3.15251E-05
57.68	-0.015946959
57.7	-0.014941842
57.72	-0.010287398
57.74	-0.025834596
57.76	-0.014656849
57.78	-0.027527801
57.8	-0.027984276
57.82	-0.022092676
57.84	-0.030443114
57.86	-0.016236026
57.88	-0.010249759
57.9	-0.004953831
57.92	0.007014798
57.94	0.003335346
57.96	0.003997264
57.98	0.007680815
58	0.009936347
58.02	0.005115261
58.04	-0.000657623
58.06	-0.001434395
58.08	-0.012022826
58.1	0.043520148
58.12	0.028458371
58.14	0.029833786
58.16	0.041234699
58.18	0.041397634
58.2	0.019736218
58.22	0.010797514
58.24	-0.002443004
58.26	-0.01224385
58.28	-0.006408796
58.3	-0.002044714
58.32	0.002167205
58.34	0.004024331
58.36	-0.003675208
58.38	0.002701157
58.4	0.001202312
58.42	0.013872097
58.44	0.00925374
58.46	0.007489593
58.48	0.004233609
58.5	0.00607114
58.52	0.003427542
58.54	-0.00040446
58.56	-0.005323666
58.58	-0.010914552
58.6	-0.013506983
58.62	-0.00043648
58.64	0.001448016
58.66	-0.024730613
58.68	-0.03816625
58.7	-0.041770798
58.72	0.026471955
58.74	0.019025053
58.76	0.018328521
58.78	0.009748807
58.8	0.006183876
58.82	-0.006861623
58.84	-0.014194119
58.86	-0.017580263
58.88	-0.016354708
58.9	-0.011230292
58.92	0.001675876
58.94	0.03339189
58.96	0.024891625
58.98	0.014210547
59	0.026405015
59.02	0.021949397
59.04	0.029940194
59.06	0.002757819
59.08	-0.010395088
59.1	-0.02857724
59.12	-0.026639254
59.14	-0.036730185
59.16	-0.029450054
59.18	-0.025837738
59.2	-0.028352512
59.22	-0.031013033
59.24	-0.032426903
59.26	-0.038949412
59.28	-0.028074855
59.3	-0.018452019
59.32	0.008835281
59.34	0.016978861
59.36	0.029149602
59.38	0.03581689
59.4	0.020259723
59.42	-0.022316661
59.44	-0.012259109
59.46	-0.021852037
59.48	-0.011333522
59.5	-0.00203196
59.52	-0.002214029
59.54	0.006579385
59.56	0.014377267
59.58	0.023411186
59.6	0.017484628
59.62	0.014097901
59.64	0.017102457
59.66	-0.000300573
59.68	-0.00404385
59.7	0.002196425
59.72	-0.006263346
59.74	-0.019106993
59.76	-0.032011175
59.78	-0.025876026
59.8	-0.024746859
59.82	-0.020731035
59.84	-0.002191774
59.86	-0.002164341
59.88	0.005583315
59.9	0.004179906
59.92	0.005862028
59.94	-0.005501045
59.96	-0.001783944
59.98	-0.000217396
60	0.003725933
60.02	-0.003865261
60.04	-0.009694049
60.06	-0.027666698
60.08	-0.025422465
60.1	-0.023133701
60.12	-0.02331769
60.14	-0.024906933
60.16	-0.008837428
60.18	-0.01100501
60.2	-0.009178624
60.22	-0.012014707
60.24	-0.007034374
60.26	-0.012780644
60.28	-0.012012007
60.3	-0.011005194
60.32	-0.011067494
60.34	-0.012110171
60.36	-0.017539608
60.38	-0.019266722
60.4	-0.016718402
60.42	-0.012464613
60.44	-0.008744941
60.46	-0.004980958
60.48	-0.007877178
60.5	-0.007584744
60.52	0.006370891
60.54	0.010307876
60.56	0.016241517
60.58	0.023077225
60.6	0.026470744
60.62	0.0312274
60.64	0.027120196
60.66	0.021055333
60.68	0.016955113
60.7	0.012582047
60.72	-0.000444176
60.74	0.001696451
60.76	-0.000416758
60.78	-0.00156792
60.8	-0.003062882
60.82	-0.000373954
60.84	0.005314689
60.86	0.005541243
60.88	0.012884303
60.9	0.012176717
60.92	0.014883568
60.94	0.016067629
60.96	0.020645967
60.98	0.02246892
61	0.027275504
61.02	0.045136648
61.04	0.033504593
61.06	0.006676579
61.08	0.001584952
61.1	-0.000486048
61.12	0.012715278
61.14	0.014919589
61.16	0.016045783
61.18	0.014531881
61.2	0.015366029
61.22	0.014329662
61.24	0.013553023
61.26	0.025387468
61.28	0.026236324
61.3	0.025478987
61.32	0.035034311
61.34	0.04687623
61.36	0.047378323
61.38	0.046624746
61.4	-0.002718873
61.42	0.000158334
61.44	0.031324832
61.46	0.025284013
61.48	0.015959541
61.5	-0.002678271
61.52	-0.001396884
61.54	-0.007239999
61.56	-0.011645324
61.58	-0.012397967
61.6	-0.015874705
61.62	-0.011974819
61.64	-0.016381162
61.66	-0.0118448
61.68	-0.006392918
61.7	-0.011128144
61.72	-0.012888764
61.74	-0.011179624
61.76	-0.010130611
61.78	-0.020164673
61.8	-0.021032882
61.82	0.014363114
61.84	0.014361177
61.86	0.009901477
61.88	0.019498081
61.9	0.027796421
61.92	0.025583473
61.94	0.025998343
61.96	0.02909896
61.98	0.02398711
62	0.021564428
62.02	0.025274014
62.04	0.031506817
62.06	0.031639198
62.08	0.025634983
62.1	0.026316353
62.12	0.018019431
62.14	0.00732049
62.16	-0.03694064
62.18	-0.001575835
62.2	0.002257443
62.22	-0.004444508
62.24	-0.007100238
62.26	-0.009656745
62.28	-0.020775407
62.3	-0.026245578
62.32	-0.026284064
62.34	-0.031168915
62.36	-0.038166757
62.38	-0.022239732
62.4	-0.033153195
62.42	-0.03475802
62.44	-0.017848964
62.46	0.003122153
62.48	0.006361056
62.5	0.001692885
62.52	0.003418931
62.54	0.007709957
62.56	0.005411086
62.58	0.000842392
62.6	-0.006392647
62.62	-0.012672571
62.64	-0.00015272
62.66	0.011912692
62.68	0.017088803
62.7	0.031052223
62.72	0.03134136
62.74	0.039654737
62.76	0.040447856
62.78	0.039750099
62.8	0.029370614
62.82	0.016146285
62.84	0.018719371
62.86	0.026795302
62.88	0.018057629
62.9	0.029177393
62.92	0.012189299
62.94	0.01375777
62.96	0.005947786
62.98	0.006037597
63	-0.0088127
63.02	-0.006662752
63.04	0.000850112
63.06	0.019436551
63.08	0.030524055
63.1	0.020426893
63.12	-0.002757073
63.14	-0.032449157
63.16	-0.033883421
63.18	-0.030359258
63.2	-0.025480577
63.22	-0.022951789
63.24	-0.01206047
63.26	0.021742862
63.28	0.024475267
63.3	0.025259689
63.32	0.025233935
63.34	0.028544093
63.36	0.024058675
63.38	0.022529579
63.4	-0.023134985
63.42	-0.007267032
63.44	-0.010634254
63.46	-0.014283528
63.48	-0.020368791
63.5	-0.01370577
63.52	-0.018730392
63.54	-0.026235597
63.56	-0.027443325
63.58	-0.019639564
63.6	-0.01738178
63.62	-0.015363393
63.64	-0.022008663
63.66	-0.026186388
63.68	-0.023619493
63.7	-0.02137906
63.72	-0.016617192
63.74	-0.027908807
63.76	-0.044497378
63.78	-0.053000048
63.8	-0.070596806
63.82	-0.079450147
63.84	-0.095295545
63.86	-0.08710304
63.88	-0.084295858
63.9	-0.076104094
63.92	-0.086683959
63.94	-0.024826359
63.96	0.029858496
63.98	0.018018443
64	0.002032933
64.02	0.00296794
64.04	0.010691387
64.06	-0.008038868
64.08	-0.016958023
64.1	-0.011030238
64.12	-0.013162645
64.14	-0.010050724
64.16	-0.008690644
64.18	0.009818197
64.2	0.006018193
64.22	0.005971815
64.24	0.001411403
64.26	-0.033884607
64.28	-0.054958061
64.3	-0.063126287
64.32	-0.061129535
64.34	-0.03507938
64.36	-0.027365763
64.38	-0.025285064
64.4	-0.013853579
64.42	-0.000868504
64.44	0.004963086
64.46	0.008739329
64.48	0.005849972
64.5	0.006845901
64.52	0.006135088
64.54	0.01115463
64.56	0.012113233
64.58	0.018159781
64.6	0.012029527
64.62	-0.060369066
64.64	-0.06059836
64.66	-0.037851219
64.68	-0.03143676
64.7	-0.025272397
64.72	-0.010875031
64.74	0.002255008
64.76	-0.00520337
64.78	-0.006680459
64.8	0.005919802
64.82	0.005728766
64.84	0.005026901
64.86	0.010264007
64.88	0.01541325
64.9	0.013953185
64.92	0.011654037
64.94	0.020050546
64.96	-0.06173391
64.98	-0.061764905
65	-0.051290255
65.02	-0.038734665
65.04	-0.043692822
65.06	-0.0424259
65.08	-0.033456347
65.1	-0.03523886
65.12	-0.034254091
65.14	-0.031059943
65.16	-0.02555294
65.18	-0.024232887
65.2	-0.006604873
65.22	-0.015661511
65.24	0.005165165
65.26	0.01480431
65.28	0.021309782
65.3	0.016362948
65.32	4.9212E-05
65.34	0.011060929
65.36	0.013188297
65.38	0.017709142
65.4	0.014674031
65.42	0.008982526
65.44	0.005903064
65.46	0.003177575
65.48	0.012390185
65.5	0.018330976
65.52	0.036993973
65.54	0.040453575
65.56	0.036695991
65.58	0.040476735
65.6	-0.008198619
65.62	0.011922394
65.64	0.013804762
65.66	0.006443555
65.68	-0.013608801
65.7	-0.014664782
65.72	-0.013063238
65.74	-0.022533143
65.76	-0.024306969
65.78	-0.022829747
65.8	-0.032740063
65.82	-0.033865103
65.84	-0.015883436
65.86	0.00336481
65.88	0.013865906
65.9	0.022358839
65.92	0.013017563
65.94	0.021010406
65.96	0.030909615
65.98	0.025329267
66	0.021779826
66.02	0.019913291
66.04	0.011819797
66.06	0.008800297
66.08	0.01321824
66.1	-0.004996573
66.12	-0.010514869
66.14	-0.011400796
66.16	-0.011679605
66.18	-0.017467812
66.2	-0.010536504
66.22	-0.003837213
66.24	0.002848338
66.26	0.016294374
66.28	0.018165501
66.3	0.024359366
66.32	0.03354768
66.34	0.035509292
66.36	0.025247369
66.38	0.03060299
66.4	0.023947964
66.42	0.016472898
66.44	0.022855105
66.46	0.016437073
66.48	0.006903283
66.5	0.028869328
66.52	0.025188366
66.54	0.024588512
66.56	0.020578629
66.58	0.041530797
66.6	0.042180111
66.62	0.041221789
66.64	0.037766485
66.66	0.035341849
66.68	0.032316443
66.7	0.054491479
66.72	0.052098339
66.74	0.047005666
66.76	0.043086227
66.78	0.032545954
66.8	0.034073701
66.82	0.038692322
66.84	0.039493706
66.86	0.034742169
66.88	0.00471054
66.9	0.016342398
66.92	0.020526852
66.94	0.025030118
66.96	0.014421162
66.98	0.001346889
67	0.010620552
67.02	0.02362788
67.04	0.015179861
67.06	0.01752352
67.08	0.041193785
67.1	0.018137262
67.12	0.019820003
67.14	0.018624408
67.16	0.006337377
67.18	-0.000383216
67.2	0.00454506
67.22	-0.002266508
67.24	0.053339567
67.26	0.039062355
67.28	0.017269937
67.3	0.008242843
67.32	0.005735899
67.34	0.002027662
67.36	0.000439579
67.38	0.008556757
67.4	0.006423347
67.42	0.008019729
67.44	0.007713828
67.46	0.006223631
67.48	-0.005601871
67.5	-0.003749578
67.52	-0.01258829
67.54	-0.023851971
67.56	-0.017753001
67.58	-0.015053705
67.6	-0.009232368
67.62	-0.00633836
67.64	-0.003461143
67.66	-0.006510406
67.68	-0.003983045
67.7	-0.01143158
67.72	-0.014109656
67.74	-0.016627552
67.76	-0.01787713
67.78	-0.01990413
67.8	-0.017225087
67.82	0.049926088
67.84	0.039680467
67.86	0.022049618
67.88	0.037345333
67.9	0.049486441
67.92	0.042670883
67.94	0.043831997
67.96	0.037979244
67.98	0.032594734
68	0.024017986
68.02	0.026570446
68.04	-0.005213297
68.06	-0.020886853
68.08	-0.028546917
68.1	-0.038006097
68.12	-0.035966558
68.14	-0.029661201
68.16	-0.014090866
68.18	-0.01178553
68.2	-0.003002544
68.22	-0.006934916
68.24	-0.010341781
68.26	-0.001733779
68.28	-0.001135868
68.3	-0.001708725
68.32	0.051046194
68.34	0.034681886
68.36	0.031186747
68.38	0.001742181
68.4	0.010210454
68.42	0.001695374
68.44	-5.59464E-05
68.46	0.001733792
68.48	0.003657862
68.5	0.005288668
68.52	0.015860236
68.54	0.016037158
68.56	0.017258409
68.58	0.011401085
68.6	0.000834801
68.62	-0.005667412
68.64	-0.004766207
68.66	0.00636119
68.68	0.002608381
68.7	-0.000767896
68.72	-0.005973127
68.74	-0.012718925
68.76	-0.018751832
68.78	-0.029242818
68.8	-0.024858737
68.82	-0.023976724
68.84	-0.012691001
68.86	-0.023981616
68.88	-0.024583102
68.9	-0.02056884
68.92	-0.019343669
68.94	-0.028208166
68.96	-0.029685537
68.98	-0.043998179
69	-0.049510913
69.02	-0.043919362
69.04	-0.031203226
69.06	-0.015539063
69.08	-0.014040914
69.1	-0.017090547
69.12	-0.005679565
69.14	0.001720805
69.16	0.006183475
69.18	0.008669571
69.2	0.009433754
69.22	0.005321724
69.24	0.005432687
69.26	-0.004495486
69.28	0.000103138
69.3	0.011525503
69.32	0.014992466
69.34	0.017254505
69.36	0.015372198
69.38	0.015799812
69.4	0.016717161
69.42	0.016089866
69.44	0.005234875
69.46	-0.021337777
69.48	-0.010554459
69.5	-0.013051685
69.52	-0.016532802
69.54	-0.015072089
69.56	-0.018861546
69.58	-0.021288288
69.6	-0.025269638
69.62	-0.022627198
69.64	-0.021508082
69.66	-0.010819979
69.68	-0.00778545
69.7	-0.00706102
69.72	0.001919454
69.74	0.010342111
69.76	0.010926031
69.78	-0.00622375
69.8	-0.002150335
69.82	0.002094743
69.84	0.002832294
69.86	0.005459205
69.88	0.010419709
69.9	0.010654903
69.92	0.005802926
69.94	0.009474553
69.96	0.020616939
69.98	0.02734454
70	0.024779563
70.02	0.020237456
70.04	0.011872839
70.06	-0.006729391
70.08	-0.01089723
70.1	-0.00178563
70.12	-0.015558041
70.14	-0.021613039
70.16	-0.027034884
70.18	-0.02280442
70.2	-0.019354205
70.22	-0.01715338
70.24	-0.018834488
70.26	0.003555388
70.28	-0.008246537
70.3	0.003765519
70.32	0.009805926
70.34	0.021717411
70.36	0.020036597
70.38	0.011752366
70.4	0.009869977
70.42	0.004404654
70.44	0.002385133
70.46	-0.001093648
70.48	-0.001815607
70.5	0.006559841
70.52	0.007383314
70.54	0.008629864
70.56	0.014929099
70.58	0.018090307
70.6	0.033921399
70.62	0.029145754
70.64	0.029645953
70.66	0.030701186
70.68	0.032360142
70.7	0.027478965
70.72	0.021507198
70.74	0.028050309
70.76	0.024661458
70.78	0.026353702
70.8	0.027308907
70.82	0.029415188
70.84	0.011079778
70.86	0.017235863
70.88	0.015547881
70.9	0.020997344
70.92	-0.022305355
70.94	-0.026388865
70.96	-0.00818127
70.98	-0.013295893
71	-0.01558646
71.02	-0.011649263
71.04	-0.01115888
71.06	-0.016263771
71.08	-0.017526021
71.1	-0.017181108
71.12	-0.021555528
71.14	-0.01159925
71.16	-0.007654175
71.18	-0.004657148
71.2	0.003010001
71.22	0.00371234
71.24	0.003787346
71.26	-0.016092838
71.28	-0.017274635
71.3	-0.015030015
71.32	-0.020360905
71.34	-0.020994239
71.36	-0.010775752
71.38	-0.012249306
71.4	-0.01518568
71.42	-0.01790614
71.44	-0.014305018
71.46	-0.003214547
71.48	-0.005954773
71.5	-0.015007968
71.52	-0.02009995
71.54	-0.019865418
71.56	-0.019025085
71.58	-0.019457416
71.6	-0.018951076
71.62	-0.034453738
71.64	-0.033052292
71.66	-0.032862592
71.68	-0.037202471
71.7	-0.040224468
71.72	-0.036386452
71.74	-0.035872254
71.76	-0.0399185
71.78	0.044601767
71.8	0.037963759
71.82	0.015507927
71.84	0.006132825
71.86	0.000306423
71.88	-0.006855323
71.9	-0.00861823
71.92	-0.013635708
71.94	-0.010848249
71.96	-0.006036259
71.98	0.001091893
72	-0.000354977
72.02	-0.004000439
72.04	-0.007394309
72.06	-0.012875401
72.08	-0.010177405
72.1	-0.00624188
72.12	-0.014092665
72.14	0.004214986
72.16	0.021529324
72.18	0.009824667
72.2	0.011074599
72.22	-0.017854879
72.24	-0.01693458
72.26	-0.00849901
72.28	-0.001853681
72.3	-0.008977633
72.32	-0.014089474
72.34	-0.016528399
72.36	-0.022225728
72.38	-0.033007882
72.4	-0.029970326
72.42	-0.029953939
72.44	-0.033066138
72.46	-0.030540205
72.48	-0.023514016
72.5	-0.020760116
72.52	-0.015622677
72.54	-0.003640404
72.56	-0.007596192
72.58	0.003004184
72.6	0.000755248
72.62	-0.00260114
72.64	-0.011029163
72.66	-0.011241305
72.68	-0.014513082
72.7	-0.028393361
72.72	-0.025059296
72.74	-0.026237486
72.76	-0.024274855
72.78	-0.019943397
72.8	-0.022960717
72.82	-0.010234163
72.84	0.007701576
72.86	0.015757449
72.88	0.006440472
72.9	0.002017285
72.92	-0.013136082
72.94	-0.021408594
72.96	-0.018276711
72.98	-0.020513355
73	-0.024109831
73.02	-0.024909101
73.04	-0.027079354
73.06	-0.027426202
73.08	-0.024544384
73.1	-0.011330422
73.12	-0.00079675
73.14	0.004104197
73.16	0.013438116
73.18	0.015221844
73.2	0.019685838
73.22	0.01967595
73.24	0.013541063
73.26	0.006801594
73.28	0.005117439
73.3	0.01007226
73.32	-0.002493467
73.34	-0.002366992
73.36	-0.008042221
73.38	-0.001771703
73.4	0.002036306
73.42	0.009299312
73.44	0.014632344
73.46	0.019505808
73.48	0.009553123
73.5	0.008411694
73.52	0.008904431
73.54	-0.008249261
73.56	-0.005345116
73.58	0.000207618
73.6	-0.000875624
73.62	-0.004200449
73.64	-0.00843179
73.66	-0.00300839
73.68	0.030908269
73.7	0.008423966
73.72	0.003508312
73.74	0.006859336
73.76	0.009392177
73.78	0.008682652
73.8	0.005422304
73.82	0.00395093
73.84	-0.004586715
73.86	0.003428839
73.88	-0.003218388
73.9	-0.00431689
73.92	-0.00605902
73.94	-0.006492825
73.96	0.003308413
73.98	0.019727918
74	0.009027997
74.02	0.008019822
74.04	0.006705181
74.06	0.006098173
74.08	0.00343205
74.1	0.000618601
74.12	0.006020107
74.14	0.004439144
74.16	0.002327891
74.18	0.004057979
74.2	0.002260028
74.22	-0.000539932
74.24	-0.002281564
74.26	0.024905625
74.28	0.021262012
74.3	0.021683017
74.32	0.019092031
74.34	0.021653681
74.36	0.021155971
74.38	0.011883841
74.4	0.010810347
74.42	0.012236242
74.44	0.016713169
74.46	0.01235976
74.48	0.016781426
74.5	0.026601678
74.52	0.026439495
74.54	0.0265536
74.56	0.029482945
74.58	0.034947346
74.6	0.030500616
74.62	0.027543869
74.64	0.015092198
74.66	0.021243699
74.68	0.022551213
74.7	0.023683317
74.72	0.023919241
74.74	-0.019608345
74.76	-0.007735246
74.78	-0.007737314
74.8	-0.006129623
74.82	-0.00461558
74.84	-0.002060352
74.86	0.004187348
74.88	0.011069938
74.9	0.011803132
74.92	0.012956453
74.94	0.029921554
74.96	0.020590872
74.98	0.010877405
75	0.008567503
75.02	0.008641458
75.04	-0.001020908
75.06	-0.00739813
75.08	0.015629697
75.1	0.01000684
75.12	0.006660197
75.14	0.011508611
75.16	0.010750319
75.18	0.016631001
75.2	0.019625937
75.22	0.015370103
75.24	0.005794316
75.26	0.005349171
75.28	0.008230164
75.3	0.009385134
75.32	0.001232033
75.34	-0.00872842
75.36	-0.015297668
75.38	-0.01591963
75.4	-0.017440295
75.42	-0.015100144
75.44	-0.006531222
75.46	-0.006482551
75.48	-1.88012E-05
75.5	-0.003865745
75.52	-0.002686416
75.54	-0.00636055
75.56	-0.009933665
75.58	-0.008432048
75.6	-0.005904462
75.62	0.000226733
75.64	0.015004214
75.66	0.010822502
75.68	0.009419571
75.7	0.01335689
75.72	0.015318341
75.74	0.012653044
75.76	0.008570063
75.78	0.011513819
75.8	0.012276909
75.82	0.013333309
75.84	0.012388316
75.86	0.010573503
75.88	0.013495138
75.9	0.012130135
75.92	0.013157442
75.94	0.021229663
75.96	0.031659532
75.98	0.031718805
76	0.026736761
76.02	0.025496938
76.04	0.018720065
76.06	0.00739692
76.08	-0.007604878
76.1	-0.010954202
76.12	-0.0093765
76.14	-0.00920034
76.16	-0.002776391
76.18	-0.000795544
76.2	-0.002788315
76.22	-0.008827235
76.24	-0.011771069
76.26	-0.013712362
76.28	-0.006409233
76.3	0.005661564
76.32	0.025726577
76.34	0.022742845
76.36	0.015774799
76.38	0.005124329
76.4	-0.020696892
76.42	-0.015021575
76.44	-0.006498973
76.46	0.002632214
76.48	0.021273187
76.5	0.02194349
76.52	0.020772454
76.54	0.021066841
76.56	0.01981531
76.58	0.013743002
76.6	0.006717235
76.62	0.001836503
76.64	0.000489866
76.66	-0.005177654
76.68	-0.006807082
76.7	-0.013720088
76.72	-0.013628157
76.74	-0.020011202
76.76	-0.031787769
76.78	-0.024691553
76.8	-0.016773585
76.82	-0.021333595
76.84	-0.017702659
76.86	-0.023318038
76.88	-0.017071678
76.9	-0.019054508
76.92	-0.017082981
76.94	-0.024830511
76.96	-0.026517512
76.98	-0.022541523
77	-0.019466847
77.02	-0.010805349
77.04	-0.010694748
77.06	-0.007864537
77.08	-0.000128773
77.1	0.013439649
77.12	0.020734366
77.14	0.013383018
77.16	0.013249958
77.18	0.009857854
77.2	0.01435027
77.22	0.006039261
77.24	0.002625212
77.26	-0.003844777
77.28	-0.00281283
77.3	-0.003258121
77.32	-0.004483958
77.34	0.002877395
77.36	0.008451014
77.38	0.013267852
77.4	0.007740819
77.42	0.001637546
77.44	-0.005502786
77.46	-0.023272262
77.48	-0.019677903
77.5	-0.022868271
77.52	-0.022816108
77.54	-0.023092005
77.56	-0.018717251
77.58	-0.011050166
77.6	-0.00636162
77.62	-0.006937075
77.64	-0.01026423
77.66	-0.018964968
77.68	-0.016565092
77.7	-0.013613518
77.72	-0.003044412
77.74	-0.000661294
77.76	-0.001780005
77.78	-0.000409454
77.8	-0.001588994
77.82	-0.004066239
77.84	-0.005093784
77.86	-0.003838518
77.88	0.000844898
77.9	0.01748541
77.92	0.010705784
77.94	0.011263088
77.96	0.01051009
77.98	0.006597724
78	0.010357573
78.02	0.006245496
78.04	0.000705862
78.06	-0.000684743
78.08	-0.011352438
78.1	-0.018868737
78.12	-0.02695064
78.14	-0.029180692
78.16	-0.031423234
78.18	-0.031819663
78.2	-0.029475446
78.22	-0.032763571
78.24	-0.030755552
78.26	-0.029057087
78.28	-0.023449559
78.3	-0.019151284
78.32	0.025227389
78.34	-0.000501823
78.36	0.010187852
78.38	0.007900908
78.4	0.01508162
78.42	0.017435413
78.44	0.016321064
78.46	0.014211668
78.48	0.01301862
78.5	0.011330879
78.52	0.00902016
78.54	0.003398141
78.56	0.007512274
78.58	0.006907353
78.6	0.008089903
78.62	0.00515138
78.64	0.004227953
78.66	0.011174237
78.68	0.010108212
78.7	0.005312663
78.72	0.002940797
78.74	0.00388997
78.76	-0.000615458
78.78	-0.011245841
78.8	-0.010303594
78.82	-0.012453267
78.84	-0.014172285
78.86	-0.016307885
78.88	-0.015711445
78.9	-0.014551768
78.92	-0.009079714
78.94	-0.005667619
78.96	0.007065309
78.98	0.009426373
79	0.008993358
79.02	0.007607635
79.04	0.003233057
79.06	-0.002030912
79.08	-0.009251374
79.1	-0.01265331
79.12	-0.014039521
79.14	-0.006035773
79.16	-0.008832186
79.18	-0.005626978
79.2	-0.002373027
79.22	-0.011785832
79.24	0.00126652
79.26	0.007434672
79.28	0.010840298
79.3	0.006466441
79.32	0.005607035
79.34	-0.000539482
79.36	-0.00648833
79.38	-0.012588069
79.4	-0.009580578
79.42	-0.009407992
79.44	-0.010401381
79.46	0.010532952
79.48	0.00607763
79.5	0.012017746
79.52	0.01302372
79.54	0.009294924
79.56	0.010467717
79.58	0.006091718
79.6	0.002237569
79.62	0.005183438
79.64	0.009372467
79.66	0.004294821
79.68	-0.00269265
79.7	-0.01879659
79.72	-0.013127544
79.74	-0.012934388
79.76	-0.001409739
79.78	0.010575858
79.8	0.014727863
79.82	0.013728538
79.84	0.023034771
79.86	0.034775853
79.88	0.021213746
79.9	0.021663381
79.92	0.017128587
79.94	0.026066717
79.96	0.021531207
79.98	0.024618925
80	-0.004789871
80.02	-0.013519803
80.04	-0.010912336
80.06	-0.00347798
80.08	0.002606199
80.1	0.00801079
80.12	0.009737377
80.14	0.010552612
80.16	0.01255234
80.18	0.010288525
80.2	0.004658983
80.22	0.000940266
80.24	0.006907412
80.26	0.007545835
80.28	0.007335113
80.3	0.004815833
80.32	0.00641584
80.34	-0.001174667
80.36	0.013856834
80.38	0.023198672
80.4	0.018457146
80.42	0.005554808
80.44	0.010430078
80.46	0.012009111
80.48	0.015768249
80.5	0.009734904
80.52	0.002933827
80.54	0.004246665
80.56	-0.002242241
80.58	-0.000348332
80.6	-0.007459203
80.62	-0.013994509
80.64	-0.018442128
80.66	-0.01828576
80.68	-0.013967045
80.7	-0.020317065
80.72	-0.008763676
80.74	-0.005120724
80.76	0.008044587
80.78	0.00908404
80.8	0.005293174
80.82	-0.015134371
80.84	-0.012489323
80.86	-0.006064074
80.88	0.018373132
80.9	0.014593304
80.92	0.015854166
80.94	0.022018629
80.96	0.016197415
80.98	0.008915384
81	0.006970709
81.02	-0.002698584
81.04	-0.006644596
81.06	-0.00272126
81.08	0.002542261
81.1	0.005776727
81.12	-0.021785787
81.14	-0.020574922
81.16	-0.01487838
81.18	-0.009397076
81.2	-0.008659998
81.22	-0.011939054
81.24	-0.008959149
81.26	-0.0121295
81.28	-0.011562322
81.3	-0.010145597
81.32	-0.006613763
81.34	-0.001432935
81.36	-0.006062078
81.38	-0.004892111
81.4	-0.007017258
81.42	-0.013009886
81.44	-0.007669188
81.46	-0.003537259
81.48	0.004977586
81.5	0.00400998
81.52	0.009080637
81.54	0.002506704
81.56	0.001965127
81.58	7.01777E-05
81.6	-0.00329772
81.62	-0.00173761
81.64	0.001861319
81.66	-0.006453756
81.68	-0.005500186
81.7	-0.003595593
81.72	-0.008852825
81.74	-0.009036389
81.76	-0.01274978
81.78	-0.009114443
81.8	-0.003460065
81.82	0.000768712
81.84	0.000368327
81.86	-0.001294737
81.88	-0.003781504
81.9	-0.013831573
81.92	-0.004143183
81.94	-0.008197341
81.96	-0.014451383
81.98	-0.010176374
82	-0.00801037
82.02	-0.013059006
82.04	-0.015746181
82.06	-0.023097373
82.08	-0.021526305
82.1	-0.015075067
82.12	-0.011640358
82.14	-0.00794602
82.16	-0.00268774
82.18	0.000742208
82.2	-0.006803598
82.22	-0.008003405
82.24	-0.003760848
82.26	0.009248917
82.28	0.001368031
82.3	0.009270998
82.32	0.012449132
82.34	0.009845111
82.36	0.012016076
82.38	0.013584731
82.4	0.009457146
82.42	0.006191528
82.44	0.00596013
82.46	0.004938738
82.48	0.007715532
82.5	0.012787213
82.52	0.003656411
82.54	0.004869024
82.56	-0.002103358
82.58	-0.002356791
82.6	-0.003814679
82.62	-0.010901214
82.64	-0.016362155
82.66	-0.022389394
82.68	-0.017359309
82.7	-0.017918056
82.72	-0.018996603
82.74	-0.022879334
82.76	-0.019229029
82.78	-0.017176542
82.8	-0.010124015
82.82	-0.005016797
82.84	-0.004459605
82.86	-0.003412866
82.88	-0.004400344
82.9	0.009942343
82.92	0.005971182
82.94	0.00713249
82.96	0.005535757
82.98	0.003699772
83	0.0024863
83.02	-0.000328424
83.04	-0.002801794
83.06	-0.008545263
83.08	-0.009173014
83.1	-0.007031547
83.12	-0.010201057
83.14	-0.00441761
83.16	-0.000637057
83.18	0.009876971
83.2	0.019719917
83.22	0.020692596
83.24	0.022858702
83.26	0.02124676
83.28	0.01154455
83.3	0.003181031
83.32	-0.007522865
83.34	-0.013209191
83.36	-0.015464411
83.38	-0.020562846
83.4	-0.01646142
83.42	-0.012383719
83.44	-0.003789428
83.46	-0.001719414
83.48	-0.002132467
83.5	0.00664029
83.52	0.006040746
83.54	0.00847983
83.56	0.010621794
83.58	0.01045945
83.6	0.006954404
83.62	-0.001758955
83.64	-0.004711419
83.66	-0.002912623
83.68	-0.005532937
83.7	-0.010662905
83.72	-0.00783797
83.74	0.014186179
83.76	0.013679189
83.78	0.017320236
83.8	0.017162833
83.82	0.029190963
83.84	0.027148491
83.86	0.025158523
83.88	0.032530505
83.9	0.032563911
83.92	0.023300521
83.94	0.032073103
83.96	0.028202999
83.98	-0.000666013
84	-0.004226658
84.02	-0.010720125
84.04	-0.008490955
84.06	-0.007393262
84.08	0.000102506
84.1	-0.001492452
84.12	-0.006881342
84.14	-0.007431949
84.16	-0.008701134
84.18	-0.00828147
84.2	0.002565034
84.22	0.008988407
84.24	0.008498224
84.26	0.015624815
84.28	0.013507525
84.3	0.007451
84.32	0.007837006
84.34	0.00927099
84.36	0.021660239
84.38	0.015625613
84.4	0.016995852
84.42	0.014628909
84.44	0.013835459
84.46	0.014264226
84.48	0.017075639
84.5	0.01227212
84.52	0.011430952
84.54	0.01196318
84.56	-0.003813749
84.58	-0.000325243
84.6	-0.001282586
84.62	-0.002756551
84.64	-0.004091062
84.66	0.004654429
84.68	0.005486091
84.7	0.006466323
84.72	0.002689003
84.74	0.001277595
84.76	-0.00366531
84.78	-0.006583395
84.8	-0.014286311
84.82	-0.018588196
84.84	-0.021438318
84.86	-0.031387854
84.88	-0.028464643
84.9	-0.020632178
84.92	0.004106139
84.94	-0.001169926
84.96	-0.000952043
84.98	0.0056128
85	0.007463263
85.02	0.007664337
85.04	0.010082362
85.06	0.009371092
85.08	0.00944233
85.1	0.010703443
85.12	-0.023153846
85.14	-0.007110805
85.16	-0.015114903
85.18	-0.024719625
85.2	-0.027352208
85.22	-0.021717463
85.24	0.001352605
85.26	0.009628703
85.28	0.007066154
85.3	0.007988375
85.32	0.009962554
85.34	0.006888289
85.36	0.001326489
85.38	-0.002604928
85.4	-0.014997011
85.42	-0.016572278
85.44	-0.009203139
85.46	-0.026365869
85.48	-0.026466756
85.5	-0.026854336
85.52	-0.019317201
85.54	-0.015732835
85.56	-0.015848631
85.58	-0.01635951
85.6	-0.022264984
85.62	-0.013758915
85.64	-0.007910567
85.66	-0.004918504
85.68	-0.008800563
85.7	-0.001526357
85.72	0.003047117
85.74	0.002690322
85.76	-0.000134423
85.78	-0.000635678
85.8	-0.003172736
85.82	-0.002782375
85.84	0.001725394
85.86	-0.00054768
85.88	-0.002227616
85.9	0.002270349
85.92	0.002343475
85.94	0.002016586
85.96	0.006784654
85.98	0.007836284
86	0.005191116
86.02	-0.008027303
86.04	-0.012132907
86.06	-0.010147389
86.08	-0.015986575
86.1	-0.016276457
86.12	-0.016604138
86.14	-0.015899134
86.16	-0.015747634
86.18	-0.016788964
86.2	-0.019431474
86.22	-0.019452514
86.24	-0.008726234
86.26	0.009558482
86.28	0.009145974
86.3	0.010384487
86.32	0.003285902
86.34	0.003163127
86.36	-0.000145297
86.38	-0.001481389
86.4	-0.012293109
86.42	-0.013286244
86.44	-0.006176451
86.46	-0.005587898
86.48	0.001155207
86.5	0.006134313
86.52	0.00491784
86.54	0.002044551
86.56	-0.00595647
86.58	-0.009958802
86.6	-0.018022087
86.62	-0.018118498
86.64	-0.017837936
86.66	-0.014733155
86.68	-0.010650598
86.7	-0.010217218
86.72	-0.01325662
86.74	-0.005252101
86.76	-0.009246033
86.78	-0.007672885
86.8	0.001957075
86.82	0.0094717
86.84	0.012519183
86.86	0.01111742
86.88	0.009428608
86.9	0.009221979
86.92	0.00097481
86.94	-0.004613927
86.96	-0.007284397
86.98	-0.011177266
87	-0.008150818
87.02	-0.003502524
87.04	0.000902925
87.06	0.000311718
87.08	-0.002093956
87.1	-0.003992535
87.12	-0.010360316
87.14	-0.008553579
87.16	-0.000258115
87.18	0.006885382
87.2	0.007195695
87.22	0.010429184
87.24	0.005247561
87.26	-0.001404651
87.28	0.0019441
87.3	-0.004548949
87.32	-0.001923391
87.34	0.006230152
87.36	0.00350809
87.38	0.013274127
87.4	0.012627809
87.42	0.015111569
87.44	0.017292911
87.46	0.019548602
87.48	0.01844112
87.5	0.02375125
87.52	0.02211468
87.54	0.016709896
87.56	0.009262903
87.58	0.005493941
87.6	-0.000598704
87.62	-0.003620752
87.64	0.002388564
87.66	0.003060712
87.68	0.004915506
87.7	0.009902063
87.72	0.015310318
87.74	0.013987855
87.76	0.013869293
87.78	0.017796886
87.8	0.020532318
87.82	0.019982178
87.84	0.015793815
87.86	0.006342815
87.88	7.05902E-05
87.9	0.002364728
87.92	0.007265911
87.94	0.006387301
87.96	0.007234889
87.98	0.009673423
88	0.010327573
88.02	0.007127872
88.04	0.001345056
88.06	-0.000210845
88.08	-0.000672875
88.1	0.005164017
88.12	0.010263554
88.14	0.007843576
88.16	0.006209666
88.18	0.005483294
88.2	0.009233626
88.22	0.012638157
88.24	0.01849077
88.26	0.02375605
88.28	0.025996277
88.3	0.027764443
88.32	0.026872888
88.34	0.023178068
88.36	0.019082546
88.38	0.010896685
88.4	0.012562881
88.42	0.011581235
88.44	0.013026586
88.46	0.020151534
88.48	0.029908961
88.5	0.027059934
88.52	0.021610752
88.54	-0.000329879
88.56	0.002697987
88.58	0.003598256
88.6	-0.000330881
88.62	-0.001030111
88.64	0.001821937
88.66	-0.00195786
88.68	-0.003670935
88.7	-0.000715837
88.72	-0.001771569
88.74	0.008658005
88.76	0.010246503
88.78	0.015841208
88.8	0.017334274
88.82	0.021991585
88.84	0.019126099
88.86	0.005781852
88.88	0.011754521
88.9	0.006013798
88.92	0.003763834
88.94	0.003300502
88.96	-0.000999246
88.98	-0.0015157
89	0.000130717
89.02	-0.000300143
89.04	-0.000436917
89.06	0.009044531
89.08	0.005093287
89.1	0.005946935
89.12	0.001302167
89.14	-0.000847677
89.16	-0.008040443
89.18	-0.008814385
89.2	-0.011298462
89.22	-0.011643137
89.24	-0.011867421
89.26	-0.007726416
89.28	-0.009146309
89.3	-0.009870092
89.32	-0.010524185
89.34	-0.007018833
89.36	-0.003312768
89.38	-0.011250199
89.4	-0.010391135
89.42	-0.008551659
89.44	-0.001457132
89.46	-0.005158296
89.48	-0.009121325
89.5	-0.00957006
89.52	-0.009016586
89.54	-0.002907282
89.56	0.003871024
89.58	0.005199659
89.6	0.010945672
89.62	0.02283645
89.64	0.014618093
89.66	0.014136861
89.68	0.013721997
89.7	0.01231536
89.72	0.008644572
89.74	0.005689567
89.76	0.00109859
89.78	-0.00144
89.8	-0.002991976
89.82	-1.02911E-05
89.84	0.009969863
89.86	0.009418322
89.88	0.010847374
89.9	0.017402103
89.92	0.021444403
89.94	0.006590268
89.96	-0.020148206
89.98	-0.013305822
90	-0.015837126
90.02	-0.018108805
90.04	-0.022272184
90.06	-0.020225408
90.08	-0.022989334
90.1	-0.022446468
90.12	-0.015293587
90.14	-0.015853435
90.16	0.00741281
90.18	0.00977831
90.2	0.006350657
90.22	0.008450476
90.24	0.009580335
90.26	0.008779532
90.28	0.005099041
90.3	0.009597086
90.32	0.004374732
90.34	0.007493144
90.36	-0.002643528
90.38	-0.003535452
90.4	-0.008006668
90.42	-0.012552349
90.44	-0.011950646
90.46	0.00120831
90.48	0.005340037
90.5	0.008081402
90.52	-0.001910418
90.54	-0.009654363
90.56	-0.015056165
90.58	-0.012284397
90.6	-0.011639143
90.62	-0.010886273
90.64	-0.018859838
90.66	-0.027763672
90.68	-0.025881063
90.7	-0.027222386
90.72	-0.033797947
90.74	-0.038482777
90.76	-0.031312621
90.78	-0.03033247
90.8	-0.012254402
90.82	0.01000292
90.84	0.00547325
90.86	0.001301109
90.88	0.003090724
90.9	-0.001967085
90.92	-0.005353267
90.94	-0.008218731
90.96	-0.01119247
90.98	-0.007817202
91	-0.002516543
91.02	-0.012309289
91.04	-0.011317633
91.06	-0.014552522
91.08	-0.010893868
91.1	-0.010285019
91.12	-0.010703968
91.14	-0.012541024
91.16	-0.00844977
91.18	-0.007751783
91.2	-0.008452958
91.22	-0.010380955
91.24	-0.006787024
91.26	-0.010260479
91.28	-0.009468243
91.3	-0.012581092
91.32	-0.017851267
91.34	-0.019525143
91.36	-0.021264084
91.38	-0.017409473
91.4	-0.010892532
91.42	-0.007978718
91.44	-0.003050225
91.46	-0.00135184
91.48	-0.0028647
91.5	-0.003713127
91.52	-0.000329133
91.54	-9.97749E-05
91.56	0.002661119
91.58	0.002339307
91.6	0.004948034
91.62	0.005190071
91.64	0.006238869
91.66	0.00660097
91.68	0.007120545
91.7	0.000221642
91.72	0.005949224
91.74	0.011175382
91.76	0.009690028
91.78	0.006294164
91.8	0.005627953
91.82	0.004989415
91.84	-0.001669715
91.86	-0.008368691
91.88	-0.006151348
91.9	-0.005533097
91.92	-0.004956477
91.94	-0.004692069
91.96	-0.010351984
91.98	-0.011306294
92	-0.013950793
92.02	-0.015920448
92.04	-0.017344862
92.06	-0.016685938
92.08	-0.011372538
92.1	-0.009930191
92.12	-0.009497943
92.14	-0.008566859
92.16	-0.013284544
92.18	0.00195056
92.2	0.013414455
92.22	0.012240711
92.24	0.01331863
92.26	0.01429442
92.28	0.014022856
92.3	0.012608394
92.32	0.011311778
92.34	0.010459571
92.36	0.010880593
92.38	0.005183861
92.4	-0.000963221
92.42	-0.004433791
92.44	-0.012027908
92.46	-0.007101418
92.48	0.001015341
92.5	0.012174465
92.52	0.008645131
92.54	0.004737518
92.56	0.005178312
92.58	0.00199633
92.6	-0.000182875
92.62	0.000232726
92.64	0.001267158
92.66	0.00239654
92.68	0.004090655
92.7	-0.00608115
92.72	0.000289612
92.74	-0.002075616
92.76	-0.005776156
92.78	-0.003554435
92.8	-0.000568307
92.82	0.004535792
92.84	0.005581413
92.86	0.007186117
92.88	0.007298709
92.9	0.004457091
92.92	-0.00610674
92.94	-0.001240878
92.96	-0.000405411
92.98	-0.00127494
93	-0.003042791
93.02	-0.004328495
93.04	-0.007885485
93.06	-0.016738284
93.08	-0.012961738
93.1	-0.010650277
93.12	-0.0098066
93.14	-0.009013328
93.16	-0.008231187
93.18	-0.007047267
93.2	-0.004830183
93.22	-0.004060588
93.24	0.000203486
93.26	0.010259515
93.28	0.004076109
93.3	0.005544914
93.32	0.006808669
93.34	0.005623713
93.36	0.000899694
93.38	-0.002588859
93.4	-0.005847549
93.42	-0.003285332
93.44	-0.000274989
93.46	0.000214297
93.48	-0.000285579
93.5	-0.002854402
93.52	-0.004479745
93.54	0.005837373
93.56	0.003989343
93.58	0.000603021
93.6	-0.001239908
93.62	0.002351653
93.64	0.007017241
93.66	0.006793167
93.68	0.006524961
93.7	0.005411539
93.72	0.006964766
93.74	0.010013009
93.76	0.010167254
93.78	0.011664339
93.8	0.013093942
93.82	0.014386463
93.84	0.010613363
93.86	0.011564558
93.88	0.008048007
93.9	0.006953602
93.92	0.008396129
93.94	0.009452642
93.96	0.011303874
93.98	0.012927061
94	0.009413661
94.02	0.006030723
94.04	0.005704581
94.06	0.006563261
94.08	0.006881901
94.1	0.00209064
94.12	0.003169391
94.14	0.000448165
94.16	-0.000888965
94.18	-0.000117388
94.2	-0.00417326
94.22	-0.001716499
94.24	-0.000427558
94.26	-6.20856E-06
94.28	0.001337197
94.3	-0.001462447
94.32	-0.005288756
94.34	-0.013607781
94.36	-0.011692241
94.38	-0.015374456
94.4	-0.013047852
94.42	-0.014372497
94.44	-0.016146743
94.46	-0.01620953
94.48	-0.016930761
94.5	-0.018101786
94.52	-0.020758514
94.54	-0.017840878
94.56	-0.016512939
94.58	-0.013597525
94.6	-0.011731146
94.62	-0.012179737
94.64	-0.012393126
94.66	-0.012070943
94.68	-0.009763933
94.7	-0.005194845
94.72	-0.000924342
94.74	0.003409212
94.76	-0.000883624
94.78	6.08387E-05
94.8	0.001084804
94.82	0.000412924
94.84	-0.002352706
94.86	-0.00114364
94.88	-0.003328913
94.9	-0.003897235
94.92	-0.006414392
94.94	-0.004813458
94.96	-0.001372999
94.98	0.000904101
95	0.001214419
95.02	0.003691215
95.04	0.011099771
95.06	0.009246275
95.08	0.006641412
95.1	0.00684172
95.12	0.003752786
95.14	0.004075499
95.16	0.004060667
95.18	0.007575172
95.2	0.006885987
95.22	0.007062473
95.24	0.008481516
95.26	0.000826161
95.28	-0.007923451
95.3	-0.008244351
95.32	-0.008905509
95.34	-0.005602956
95.36	5.81066E-05
95.38	0.012603552
95.4	0.008051895
95.42	0.011058484
95.44	0.012288581
95.46	0.005311569
95.48	0.010723749
95.5	0.010607335
95.52	0.012340459
95.54	0.014953037
95.56	0.011058428
95.58	0.00533443
95.6	-0.002528635
95.62	-0.008632002
95.64	-0.007969663
95.66	7.50755E-06
95.68	0.00199186
95.7	0.005754278
95.72	0.010453294
95.74	0.010800743
95.76	0.011047708
95.78	0.011042233
95.8	0.010030407
95.82	0.003986494
95.84	-0.000631239
95.86	-0.008601008
95.88	-0.012300054
95.9	-0.014279777
95.92	-0.01367023
95.94	-0.01029952
95.96	-0.008833648
95.98	-0.010484173
96	-0.007657514
96.02	-0.003436887
96.04	0.009248235
96.06	0.012547072
96.08	0.013655128
96.1	0.017085836
96.12	0.018849031
96.14	0.018159182
96.16	0.015429529
96.18	0.010094399
96.2	0.004035068
96.22	0.004658941
96.24	0.004295361
96.26	0.008418385
96.28	0.012789794
96.3	0.014470663
96.32	0.016541122
96.34	0.011892344
96.36	0.011504457
96.38	0.010974975
96.4	0.005747213
96.42	0.016838858
96.44	0.01671372
96.46	0.016295311
96.48	0.018620678
96.5	0.012568834
96.52	0.001683954
96.54	-0.000320945
96.56	0.001997908
96.58	0.003483662
96.6	0.003504544
96.62	0.009117804
96.64	0.007138055
96.66	0.005511391
96.68	0.006322285
96.7	-0.001230051
96.72	-0.005011137
96.74	-0.002500157
96.76	-0.002787246
96.78	0.002633287
96.8	0.006526002
96.82	0.012985514
96.84	0.011948592
96.86	0.014530081
96.88	0.015372364
96.9	0.020787369
96.92	0.018792859
96.94	0.009407532
96.96	0.004009637
96.98	0.006494353
97	-0.000642026
97.02	-0.002281431
97.04	0.001586865
97.06	-0.001389506
97.08	-0.001594702
97.1	-0.002760422
97.12	-0.000763511
97.14	0.003534486
97.16	0.00227989
97.18	0.006684342
97.2	0.000352894
97.22	-0.003971244
97.24	-0.006250046
97.26	-0.009202323
97.28	-0.0140369
97.3	-0.016892411
97.32	-0.020777264
97.34	-0.022198808
97.36	-0.020214692
97.38	-0.012792709
97.4	0.004996823
97.42	0.005707267
97.44	0.007427085
97.46	0.014006522
97.48	0.014549117
97.5	0.017303383
97.52	0.014396944
97.54	0.015575623
97.56	0.014638918
97.58	0.017156919
97.6	0.0108757
97.62	0.009778323
97.64	0.008976411
97.66	0.008246207
97.68	0.009633031
97.7	0.014853653
97.72	0.020915358
97.74	0.026931681
97.76	0.019102973
97.78	0.018582262
97.8	-0.004382945
97.82	-5.93757E-05
97.84	-0.000140296
97.86	-2.89238E-05
97.88	0.007805799
97.9	0.01148895
97.92	0.013621268
97.94	0.006232088
97.96	-0.003455773
97.98	-0.004095021
98	-0.007796665
98.02	-0.005024634
98.04	-0.000244677
98.06	0.000518146
98.08	0.002555587
98.1	-0.000350262
98.12	0.001495388
98.14	-0.004929476
98.16	-0.005450584
98.18	-0.001105301
98.2	0.004247374
98.22	0.005154562
98.24	0.006605084
98.26	0.006542467
98.28	0.004369705
98.3	0.000909438
98.32	-0.003041969
98.34	-0.004998413
98.36	-0.003073899
98.38	-0.011273639
98.4	-0.012571675
98.42	-0.014844472
98.44	-0.015636716
98.46	-0.013451654
98.48	-0.012060249
98.5	-0.010308985
98.52	-0.011112934
98.54	-0.00585405
98.56	0.000230736
98.58	0.001887891
98.6	-0.008200393
98.62	-0.013506223
98.64	-0.011888099
98.66	-0.021256659
98.68	-0.02054949
98.7	-0.022813039
98.72	-0.022727017
98.74	-0.021003107
98.76	-0.026880723
98.78	-0.026554457
98.8	-0.005069349
98.82	-0.007137618
98.84	-0.003574614
98.86	0.001152716
98.88	0.006804997
98.9	0.006310799
98.92	0.006829091
98.94	0.004052059
98.96	0.003265918
98.98	0.004078776
99	0.000791045
99.02	-0.005443161
99.04	-0.028240406
99.06	-0.018568431
99.08	-0.011051943
99.1	-0.003536641
99.12	0.003547765
99.14	-0.002262035
99.16	0.008686224
99.18	0.008245704
99.2	0.004841097
99.22	-0.004060348
99.24	-0.006522378
99.26	-0.00466899
99.28	-0.006656904
99.3	-0.006846922
99.32	-0.005802293
99.34	-0.000531971
99.36	-0.002818452
99.38	-0.001536187
99.4	-0.00353858
99.42	-0.005027258
99.44	-0.008358243
99.46	-0.007623848
99.48	0.00076932
99.5	0.005676299
99.52	0.01049943
99.54	0.005085081
99.56	0.006768882
99.58	0.004689391
99.6	-0.000885996
99.62	-0.007375123
99.64	-0.006087673
99.66	-0.004208619
99.68	-0.005153735
99.7	-0.002691874
99.72	-0.001272165
99.74	-0.004042091
99.76	-0.002598608
99.78	-0.001430881
99.8	-0.003979841
99.82	-0.007722047
99.84	-0.001702103
99.86	0.001678866
99.88	0.00660206
99.9	0.00718372
99.92	0.006109921
99.94	0.006764369
99.96	0.001188855
99.98	0.001609275
100	-0.002000275
100.02	-0.005357265
100.04	-0.005925313
100.06	-0.007872336
100.08	-0.006275815
100.1	-0.007974207
100.12	-0.009488657
100.14	-0.009129133
100.16	-0.002924075
100.18	-0.002706572
100.2	-0.004901037
100.22	-0.009830425
100.24	-0.006737407
100.26	-0.0109549
100.28	-0.01309246
100.3	-0.008667974
100.32	-0.003121833
100.34	-0.005516123
100.36	0.000701497
100.38	-0.000580233
100.4	-0.002860468
100.42	-0.0011082
100.44	-0.00378059
100.46	-0.003959239
100.48	-0.0025419
100.5	-0.000112049
100.52	0.001236881
100.54	0.003368885
100.56	-0.00088577
100.58	-0.003923572
100.6	-0.008184015
100.62	-0.004354127
100.64	-0.010675548
100.66	-0.003572641
100.68	-0.002503506
100.7	-0.004565165
100.72	-0.009795805
100.74	-0.011767943
100.76	-0.00906671
100.78	-0.006625888
100.8	-0.002514096
100.82	-0.001525058
100.84	0.002829495
100.86	0.00284733
100.88	0.003425854
100.9	0.003450362
100.92	0.004414694
100.94	0.004709563
100.96	0.005003659
100.98	0.003282931
101	-0.00091851
101.02	-0.001665141
101.04	-0.00496421
101.06	-0.011367725
101.08	-0.015260579
101.1	-0.01096221
101.12	-0.015848346
101.14	-0.01341839
101.16	-0.014035225
101.18	-0.013013067
101.2	-0.01423444
101.22	-0.004543739
101.24	-0.001888468
101.26	0.010010545
101.28	0.012816428
101.3	0.0128663
101.32	0.009632815
101.34	0.004529504
101.36	0.003156752
101.38	5.42647E-05
101.4	0.000710041
101.42	0.005617033
101.44	0.004597067
101.46	0.008026504
101.48	0.012097809
101.5	0.011636617
101.52	0.013073602
101.54	0.013073605
101.56	0.016042176
101.58	0.016469269
101.6	0.017581796
101.62	0.015369597
101.64	0.011164825
101.66	0.007514881
101.68	0.001201679
101.7	-0.007185603
101.72	-0.014480797
101.74	-0.01472203
101.76	-0.010563861
101.78	-0.004167477
101.8	0.005941849
101.82	0.017818733
101.84	0.014365857
101.86	0.015265571
101.88	0.020912916
101.9	0.023438708
101.92	0.022201228
101.94	0.02068423
101.96	0.012783338
101.98	-0.001083257
102	-0.002916646
102.02	-0.002574194
102.04	-0.002268779
102.06	-0.004558602
102.08	-0.004255731
102.1	-0.002577535
102.12	0.006030039
102.14	0.002820914
102.16	0.005745853
102.18	0.004285587
102.2	0.00016229
102.22	-0.004778612
102.24	-0.004427981
102.26	-0.009118977
102.28	-0.00728524
102.3	-0.010089277
102.32	-0.013542661
102.34	-0.013201962
102.36	-0.013795528
102.38	-0.010505962
102.4	-0.006327917
102.42	-0.006963132
102.44	-0.011075028
102.46	-0.011480233
102.48	-0.014147464
102.5	-0.015024001
102.52	-0.015069433
102.54	-0.016604797
102.56	-0.016137747
102.58	-0.018188693
102.6	-0.019942396
102.62	-0.020313266
102.64	-0.019279902
102.66	-0.01899078
102.68	-0.016180502
102.7	0.003735302
102.72	-0.002241756
102.74	0.00620102
102.76	0.007426624
102.78	0.012107831
102.8	0.011564685
102.82	0.010115783
102.84	0.010810815
102.86	0.010508125
102.88	0.013770075
102.9	0.015750418
102.92	0.014754055
102.94	0.013046678
102.96	0.013382942
102.98	0.007481821
103	0.000772378
103.02	-0.003636402
103.04	0.004679431
103.06	-0.002062606
103.08	0.008529549
103.1	0.00481428
103.12	0.008190839
103.14	0.00786268
103.16	0.003460531
103.18	-0.004717923
103.2	-0.009491834
103.22	-0.006924064
103.24	-0.003892398
103.26	0.004591003
103.28	0.012574424
103.3	0.013723403
103.32	0.020792054
103.34	0.00920071
103.36	0.009315627
103.38	0.008122648
103.4	0.006807049
103.42	0.011058178
103.44	0.007218007
103.46	0.009873835
103.48	0.008050345
103.5	0.007352687
103.52	0.005309104
103.54	-0.000369042
103.56	-0.008575994
103.58	0.007045365
103.6	-0.003662847
103.62	-0.00925957
103.64	-0.012186968
103.66	-0.009641753
103.68	-0.010186531
103.7	-0.007845012
103.72	-0.009688245
103.74	-0.010642802
103.76	-0.011060914
103.78	-0.007003081
103.8	-0.009925409
103.82	-0.008031698
103.84	-0.009738283
103.86	-0.010290035
103.88	-0.012447269
103.9	-0.014430417
103.92	-0.016346796
103.94	-0.010275445
103.96	-0.004474735
103.98	-0.001710008
104	-0.003253025
104.02	-0.002633869
104.04	-0.005686327
104.06	-0.005307298
104.08	-0.002773851
104.1	0.000619074
104.12	0.008884447
104.14	0.010534538
104.16	0.009113456
104.18	0.009446315
104.2	0.008367744
104.22	0.003072526
104.24	-0.002669778
104.26	-0.000624637
104.28	0.000664372
104.3	0.00844258
104.32	0.012736369
104.34	0.016396423
104.36	0.009632994
104.38	0.006925511
104.4	0.002314715
104.42	-0.010464574
104.44	-0.014343247
104.46	-0.010234932
104.48	-0.01219574
104.5	-0.017220837
104.52	-0.012007833
104.54	-0.010964661
104.56	-0.013066705
104.58	-0.013292877
104.6	-0.021484984
104.62	-0.012524078
104.64	-0.007250192
104.66	0.004722061
104.68	0.005653168
104.7	0.005572047
104.72	0.007693145
104.74	0.004362212
104.76	0.007339939
104.78	0.003982665
104.8	0.006879694
104.82	0.00470666
104.84	-0.001517778
104.86	-0.001859918
104.88	0.003538524
104.9	0.000918664
104.92	-0.0017723
104.94	-0.001928187
104.96	0.009917306
104.98	0.005570204
105	0.003828221
105.02	0.002747547
105.04	-0.004387463
105.06	-0.007907252
105.08	-0.009781312
105.1	-0.010636182
105.12	-0.011739665
105.14	-0.014872384
105.16	-0.013225582
105.18	-0.004131038
105.2	0.012014647
105.22	0.010923494
105.24	0.007306864
105.26	0.01215668
105.28	0.014522125
105.3	0.016612901
105.32	0.014397166
105.34	0.008300835
105.36	0.007074692
105.38	0.006998994
105.4	0.00848127
105.42	0.009578533
105.44	0.007827446
105.46	0.006035974
105.48	0.000759279
105.5	0.006100806
105.52	-0.002780331
105.54	0.002506419
105.56	0.008739165
105.58	0.014172706
105.6	0.015855453
105.62	0.0146195
105.64	0.00413481
105.66	-0.002176345
105.68	-0.004431311
105.7	-0.001987729
105.72	0.007114456
105.74	0.016890045
105.76	0.019434577
105.78	0.016560824
105.8	0.013566419
105.82	0.015768803
105.84	0.024580844
105.86	0.021457477
105.88	0.024330066
105.9	0.028821827
105.92	0.028542153
105.94	0.022225487
105.96	0.015148808
105.98	-0.001458989
106	-0.008533368
106.02	-0.010090067
106.04	-0.00339745
106.06	-0.005127573
106.08	-0.007837601
106.1	-0.00894618
106.12	0.002400887
106.14	-0.000613634
106.16	0.006071914
106.18	0.00481215
106.2	0.015933173
106.22	0.015049439
106.24	0.010874473
106.26	0.011432754
106.28	-0.003159862
106.3	9.71332E-05
106.32	0.000976322
106.34	-0.001137722
106.36	0.007402273
106.38	0.008775702
106.4	0.003348918
106.42	0.000744411
106.44	0.000898769
106.46	0.000848354
106.48	0.008111612
106.5	0.001806778
106.52	-0.000587181
106.54	0.002449791
106.56	-0.008626464
106.58	-0.010488865
106.6	-0.011832096
106.62	-0.01161795
106.64	-0.01094933
106.66	-0.016965824
106.68	-0.013445463
106.7	-0.006042154
106.72	-0.003385618
106.74	-0.000835031
106.76	0.000984297
106.78	-0.004900713
106.8	-0.007771846
106.82	-0.004340041
106.84	0.000398689
106.86	0.000351782
106.88	0.00694243
106.9	0.007160038
106.92	-0.000275922
106.94	-0.00135599
106.96	-0.004599299
106.98	-0.002084484
107	-0.002234895
107.02	0.001083371
107.04	0.004871548
107.06	0.007962507
107.08	-0.002943314
107.1	-0.007540842
107.12	-0.006514295
107.14	-0.007137194
107.16	0.000595784
107.18	0.006573135
107.2	0.006135037
107.22	0.005792559
107.24	0.007622577
107.26	0.008109972
107.28	0.01102436
107.3	0.015647886
107.32	0.019671623
107.34	0.014277299
107.36	0.013980468
107.38	0.008871701
107.4	0.00563141
107.42	-0.004325531
107.44	-0.005410122
107.46	-0.007865029
107.48	-0.002780536
107.5	-0.004032353
107.52	-0.000959238
107.54	-0.004524124
107.56	-0.004074455
107.58	-0.001770061
107.6	-0.00431732
107.62	-0.003893531
107.64	-0.00062502
107.66	0.001109361
107.68	0.006420358
107.7	0.009688297
107.72	0.009913334
107.74	-0.004932106
107.76	-0.006192075
107.78	-0.012590435
107.8	-0.010240439
107.82	-0.004788566
107.84	-0.003425401
107.86	-0.002239018
107.88	-0.002224724
107.9	-0.000419179
107.92	-0.001706842
107.94	-0.005005081
107.96	-0.00390958
107.98	-0.00590001
108	-0.005708579
108.02	-0.008962035
108.04	-0.009792675
108.06	-0.007730055
108.08	-0.010559019
108.1	-0.01027381
108.12	-0.011492028
108.14	-0.011543735
108.16	-0.010859819
108.18	-0.013608908
108.2	-0.015992214
108.22	-0.009872474
108.24	-0.006788416
108.26	-0.001663807
108.28	-0.000481266
108.3	-0.000402388
108.32	-0.000129147
108.34	-0.007234653
108.36	-0.013628304
108.38	-0.018750855
108.4	-0.020150193
108.42	-0.019749595
108.44	-0.0223162
108.46	-0.021449567
108.48	-0.016052586
108.5	-0.012689175
108.52	-0.009817483
108.54	-0.006631185
108.56	-0.00693237
108.58	-0.003293846
108.6	0.001763468
108.62	0.00834551
108.64	0.006133154
108.66	-0.000866348
108.68	-0.009310824
108.7	-0.003218885
108.72	-0.004916925
108.74	-0.006105119
108.76	-0.003041778
108.78	0.003679372
108.8	0.005354635
108.82	0.012348889
108.84	0.01185083
108.86	0.016442233
108.88	0.017296885
108.9	0.017682115
108.92	0.014284878
108.94	0.009893147
108.96	-0.003853045
108.98	-0.007040526
109	-0.006574142
109.02	-0.007600128
109.04	-0.010835919
109.06	-0.011255407
109.08	-0.009251496
109.1	-0.003826989
109.12	-0.001311132
109.14	0.002114309
109.16	0.012526097
109.18	0.017456472
109.2	0.018292301
109.22	0.022362242
109.24	0.022582927
109.26	0.012547453
109.28	0.008915448
109.3	0.016267043
109.32	0.007776844
109.34	0.012732731
109.36	0.012562974
109.38	0.005654446
109.4	0.008088348
109.42	0.007223613
109.44	0.005349649
109.46	0.01168343
109.48	0.011599132
109.5	0.009624191
109.52	0.007226217
109.54	-0.001977835
109.56	-0.00370232
109.58	-0.007063573
109.6	-0.002312012
109.62	-0.003034504
109.64	-0.000295511
109.66	0.000614847
109.68	0.000625272
109.7	0.000812823
109.72	0.002031354
109.74	0.004496943
109.76	0.001580352
109.78	0.000595286
109.8	-0.004336963
109.82	-0.007515002
109.84	-0.007774752
109.86	-0.000326519
109.88	0.002662285
109.9	0.003017448
109.92	0.003945528
109.94	0.005410676
109.96	0.009868611
109.98	0.010703375
110	0.001454424
110.02	-0.011972357
110.04	-0.006448582
110.06	-0.006311269
110.08	0.00097076
110.1	0.02583837
110.12	0.02134235
110.14	0.010778421
110.16	0.007136638
110.18	0.006218862
110.2	0.006128366
110.22	0.006569796
110.24	0.005779656
110.26	-0.001283948
110.28	-0.003989736
110.3	-0.013537917
110.32	-0.017398616
110.34	-0.020228937
110.36	-0.022055251
110.38	-0.018420365
110.4	-0.01737184
110.42	-0.009312846
110.44	-0.008176602
110.46	-0.003945248
110.48	-0.007415165
110.5	-0.006053139
110.52	-0.009284991
110.54	-0.008974155
110.56	-0.005860531
110.58	-0.006938331
110.6	-0.005709162
110.62	-0.00359872
110.64	0.001349171
110.66	0.003016401
110.68	0.004807859
110.7	0.006807187
110.72	0.01082665
110.74	0.013630431
110.76	0.016127056
110.78	0.019384597
110.8	0.018237281
110.82	0.014583177
110.84	0.011072919
110.86	0.008320522
110.88	0.000120991
110.9	0.000682928
110.92	0.003648764
110.94	-0.000584327
110.96	-0.006023534
110.98	-0.006457293
111	-0.007137402
111.02	-0.007528658
111.04	-0.003010806
111.06	-0.000877067
111.08	0.004752739
111.1	0.003487633
111.12	0.001873071
111.14	0.002843874
111.16	0.005774021
111.18	0.003922107
111.2	-0.001157533
111.22	0.000640486
111.24	0.002302122
111.26	-0.001588873
111.28	0.00354182
111.3	0.007885186
111.32	0.009713945
111.34	0.010851833
111.36	0.010297243
111.38	0.012975231
111.4	0.015285515
111.42	0.010905463
111.44	-0.001079972
111.46	-0.001557655
111.48	0.000159071
111.5	-0.000492745
111.52	-0.000409993
111.54	-0.001251386
111.56	-0.003192187
111.58	-0.004053804
111.6	-0.004181516
111.62	-0.004879419
111.64	-0.004903875
111.66	-0.004852751
111.68	-0.006198768
111.7	-0.005092067
111.72	-0.006129094
111.74	-0.011711665
111.76	-0.010824031
111.78	-0.015147181
111.8	-0.019435959
111.82	-0.018080457
111.84	-0.019335339
111.86	-0.015964482
111.88	-0.014396
111.9	-0.014245425
111.92	-0.012983921
111.94	-0.014393852
111.96	-0.015725783
111.98	-0.016244705
112	-0.018326296
112.02	-0.017934117
112.04	-0.019506477
112.06	-0.015559941
112.08	-0.013169624
112.1	-0.011864371
112.12	-0.008847202
112.14	-0.006250802
112.16	0.000937098
112.18	-0.007467442
112.2	-0.008003806
112.22	-0.004696864
112.24	-0.005143166
112.26	-0.003792656
112.28	-0.003329912
112.3	-0.002866437
112.32	-0.004654791
112.34	-0.005697994
112.36	-0.007082915
112.38	-0.007367076
112.4	-0.004724639
112.42	-0.001756196
112.44	0.004408257
112.46	0.009063936
112.48	0.006002327
112.5	0.007078622
112.52	0.001237069
112.54	-0.005765706
112.56	-0.007063154
112.58	-0.004429148
112.6	-0.002561738
112.62	-0.001025056
112.64	-0.003733022
112.66	-0.006175165
112.68	-0.008147991
112.7	-0.007576321
112.72	-0.006674137
112.74	-0.006268383
112.76	0.003330112
112.78	0.005200901
112.8	0.014445145
112.82	0.014216362
112.84	0.017410619
112.86	0.018887998
112.88	0.011577334
112.9	0.010581324
112.92	0.006700946
112.94	-0.021869654
112.96	-0.016853621
112.98	-0.013841241
113	-0.013019446
113.02	-0.005819654
113.04	0.000962515
113.06	0.007561673
113.08	0.012842765
113.1	0.012705901
113.12	0.012270676
113.14	0.015638554
113.16	0.011012906
113.18	0.010728258
113.2	0.006734342
113.22	0.00253443
113.24	-0.011161472
113.26	-0.005189107
113.28	-0.015029668
113.3	-0.012769074
113.32	-0.013696195
113.34	-0.008361282
113.36	-0.003349245
113.38	0.0033111
113.4	0.003927125
113.42	0.00801753
113.44	0.011454945
113.46	0.012579036
113.48	0.00994279
113.5	-0.001057945
113.52	-0.003210064
113.54	-0.003646814
113.56	-0.001530683
113.58	-0.001644314
113.6	-0.000159941
113.62	-0.001434767
113.64	-0.004121343
113.66	-0.006279786
113.68	-0.006276502
113.7	0.003997495
113.72	0.007160141
113.74	0.006623564
113.76	0.002355599
113.78	-0.002307631
113.8	-0.006346296
113.82	-0.003417484
113.84	-0.00185133
113.86	-0.00081479
113.88	0.001044394
113.9	-0.002241919
113.92	-0.005352599
113.94	-0.008338537
113.96	-0.007139686
113.98	-0.005320543
114	-0.007617154
114.02	-0.006899065
114.04	-0.00414578
114.06	-0.001047118
114.08	0.001123074
114.1	0.005775101
114.12	0.005456021
114.14	0.007947164
114.16	0.005016447
114.18	0.006206942
114.2	0.003818491
114.22	0.001004141
114.24	-0.003357118
114.26	-0.007404646
114.28	-0.01456539
114.3	-0.013302702
114.32	-0.011148292
114.34	-0.009614236
114.36	-0.005917009
114.38	-0.000199433
114.4	-8.83175E-05
114.42	0.004496188
114.44	0.007976654
114.46	0.014474707
114.48	0.014624105
114.5	0.012019766
114.52	0.00868776
114.54	-0.000743418
114.56	-0.008460724
114.58	-0.011985065
114.6	-0.00729444
114.62	-0.002656874
114.64	0.004152801
114.66	0.008345389
114.68	0.012892311
114.7	0.012413857
114.72	0.007236875
114.74	0.00779883
114.76	0.001363289
114.78	0.000650435
114.8	0.003644557
114.82	0.007296456
114.84	0.00606476
114.86	0.004741247
114.88	0.004974327
114.9	-0.001625025
114.92	-0.011459111
114.94	-0.010146161
114.96	-0.006288298
114.98	0.003065533
115	0.006636945
115.02	0.00887245
115.04	0.007295732
115.06	0.014132742
115.08	0.011590368
115.1	0.011146372
115.12	0.013755824
115.14	0.017265502
115.16	0.017541125
115.18	0.017107227
115.2	0.011497889
115.22	0.008718218
115.24	0.005669755
115.26	0.004779613
115.28	0.007004479
115.3	0.008256322
115.32	0.009501716
115.34	0.016035948
115.36	0.014568952
115.38	0.012225764
115.4	0.009623746
115.42	0.002837598
115.44	0.002095792
115.46	0.002221589
115.48	0.001942206
115.5	-0.000161712
115.52	-0.003779567
115.54	-0.003353668
115.56	-0.002707669
115.58	0.002668709
115.6	0.007049199
115.62	0.004777883
115.64	0.003840349
115.66	0.00411754
115.68	0.001913372
115.7	0.002277268
115.72	-0.002179236
115.74	-0.00032141
115.76	0.001047505
115.78	0.002452087
115.8	-0.00011247
115.82	0.001449007
115.84	0.005794416
115.86	0.00970633
115.88	0.011415811
115.9	0.012049423
115.92	0.011123937
115.94	0.009543709
115.96	0.004733665
115.98	0.000952307
116	-0.004742037
116.02	-0.00748316
116.04	-0.005990083
116.06	-0.003733054
116.08	-0.004036847
116.1	-0.003874665
116.12	-0.009470701
116.14	-0.008642461
116.16	-0.010238004
116.18	-0.009154176
116.2	-0.011365809
116.22	-0.014157752
116.24	-0.014516871
116.26	-0.014120949
116.28	-0.018029883
116.3	-0.019878478
116.32	-0.020542674
116.34	-0.019996762
116.36	-0.019651609
116.38	-0.014268421
116.4	-0.004451352
116.42	0.000873641
116.44	0.002216714
116.46	0.004235632
116.48	0.003737326
116.5	0.001866834
116.52	0.001949825
116.54	0.002140114
116.56	0.00137819
116.58	0.003346036
116.6	0.012283364
116.62	0.016733495
116.64	0.015506483
116.66	0.015396832
116.68	0.017741553
116.7	0.01720029
116.72	0.014353468
116.74	0.018962635
116.76	0.01839141
116.78	0.016138385
116.8	0.0092081
116.82	0.006665855
116.84	0.005096072
116.86	-0.001823139
116.88	-0.004257642
116.9	-0.009640182
116.92	-0.004071459
116.94	-0.003692009
116.96	-0.000441015
116.98	0.002419352
117	0.004848613
117.02	0.008838132
117.04	0.007133469
117.06	0.003795399
117.08	0.003519275
117.1	0.005814299
117.12	0.008259159
117.14	-0.003167144
117.16	0.007152984
117.18	0.005884676
117.2	0.001639089
117.22	0.006781034
117.24	0.00487279
117.26	0.002928301
117.28	0.012561277
117.3	0.009743132
117.32	0.001947846
117.34	0.004033618
117.36	0.00710827
117.38	-0.003838439
117.4	-0.005041413
117.42	-0.000883137
117.44	-0.005484909
117.46	-0.00064873
117.48	0.003073117
117.5	3.01758E-05
117.52	-0.001280811
117.54	-0.002181862
117.56	-0.002164709
117.58	-0.006331667
117.6	-0.009687483
117.62	-0.015581579
117.64	-0.020413343
117.66	-0.02008421
117.68	-0.023149262
117.7	-0.022444618
117.72	-0.016412487
117.74	-0.010711336
117.76	-0.010754977
117.78	-0.002076677
117.8	-0.004359074
117.82	-0.00873172
117.84	-0.005551904
117.86	-0.010863314
117.88	-0.00855129
117.9	-0.007548306
117.92	-0.006603179
117.94	-0.000420746
117.96	-0.005277779
117.98	-0.00628274
118	-0.005060087
118.02	0.002049033
118.04	0.001936449
118.06	0.006737074
118.08	0.019892116
118.1	0.009865075
118.12	0.003267543
118.14	0.008268769
118.16	0.000188071
118.18	-0.004705315
118.2	-0.004986028
118.22	-0.004162127
118.24	-0.001481943
118.26	-0.000335983
118.28	0.00484067
118.3	-0.002777618
118.32	-0.006534605
118.34	-0.004917004
118.36	0.000880122
118.38	0.001004121
118.4	0.002981363
118.42	0.002252266
118.44	0.003960964
118.46	0.003881899
118.48	-0.000441069
118.5	-0.005535107
118.52	-0.011001963
118.54	-0.006467254
118.56	0.001719112
118.58	0.008941078
118.6	0.009632808
118.62	0.005110334
118.64	0.006230854
118.66	0.003630725
118.68	0.010446744
118.7	0.006640639
118.72	0.000402558
118.74	-0.003185827
118.76	-6.53757E-05
118.78	0.0037282
118.8	0.008907976
118.82	0.003344001
118.84	0.005517219
118.86	0.016651802
118.88	0.023149036
118.9	0.020787212
118.92	0.017988109
118.94	0.016976384
118.96	0.013961211
118.98	0.008805916
119	0.008850839
119.02	0.004620792
119.04	0.005516831
119.06	0.008864687
119.08	0.007524931
119.1	0.003325193
119.12	0.003013066
119.14	0.004639902
119.16	0.00570634
119.18	0.002184223
119.2	0.005858012
119.22	0.010994655
119.24	0.012497251
119.26	0.010189483
119.28	0.009063737
119.3	0.008037738
119.32	0.002940723
119.34	0.006318709
119.36	0.004523842
119.38	0.007121397
119.4	0.011225483
119.42	0.00984074
119.44	0.014714691
119.46	0.007265341
119.48	0.007291052
119.5	0.007141287
119.52	0.008669818
119.54	-0.006522058
119.56	-0.007951502
119.58	-0.00873692
119.6	-0.010753065
119.62	-0.007027639
119.64	-0.003073126
119.66	-0.001237955
119.68	0.000473247
119.7	-0.00125931
119.72	-0.006378681
119.74	-0.009199703
119.76	-0.011617384
119.78	-0.017025679
119.8	-0.016503963
119.82	-0.020266133
119.84	-0.02069325
119.86	-0.0184432
119.88	-0.017580345
119.9	-0.017133852
119.92	-0.013852975
119.94	-0.016786444
119.96	-0.018158069
119.98	-0.01949914
120	-0.020294067
120.02	-0.019614346
120.04	-0.01535919
120.06	-0.010280672
120.08	-0.01289102
120.1	-0.008645559
120.12	-0.008429647
120.14	-0.011747889
120.16	-0.018344499
120.18	-0.01928043
120.2	-0.014510609
120.22	-0.008975981
120.24	-0.001930651
120.26	-0.000985885
120.28	0.005919674
120.3	0.000190716
120.32	-0.002844422
120.34	-0.005144437
120.36	-0.002430735
120.38	0.00500927
120.4	0.005840045
120.42	0.008817024
120.44	-0.001025827
120.46	0.003557003
120.48	0.004648489
120.5	0.005528998
120.52	0.009812754
120.54	0.000911658
120.56	-0.000269435
120.58	-0.002926156
120.6	-0.003493109
120.62	-0.00460506
120.64	-0.004220759
120.66	-0.001796959
120.68	-0.002373144
120.7	0.000389044
120.72	0.002227992
120.74	0.005712675
120.76	0.005770587
120.78	0.003744629
120.8	0.010246777
120.82	0.006891402
120.84	0.009230578
120.86	0.011642454
120.88	0.014201298
120.9	0.007106704
120.92	-0.00011076
120.94	-0.00397112
120.96	-0.011766002
120.98	-0.016870968
121	-0.016957416
121.02	-0.011519893
121.04	-0.00890621
121.06	-0.002709892
121.08	-0.002128747
121.1	-0.003744964
121.12	-0.001364794
121.14	-0.00076394
121.16	-0.001903465
121.18	-0.002424636
121.2	-0.006586134
121.22	-0.013196086
121.24	-0.014951054
121.26	-0.016992657
121.28	-0.016754805
121.3	-0.011440833
121.32	-0.008170016
121.34	-0.008954261
121.36	-0.010307167
121.38	-0.013375161
121.4	-0.01508268
121.42	-0.017492089
121.44	-0.015243391
121.46	-0.01049273
121.48	0.011749603
121.5	0.001327436
121.52	-0.00144378
121.54	-0.004521763
121.56	-0.017165737
121.58	-0.025562296
121.6	-0.020972349
121.62	-0.024029995
121.64	-0.016947111
121.66	-0.022032956
121.68	-0.01931733
121.7	-0.01566696
121.72	-0.000775167
121.74	0.000827146
121.76	0.003189634
121.78	0.010060833
121.8	0.005143968
121.82	0.006940858
121.84	0.002366958
121.86	-0.004190616
121.88	-0.000982253
121.9	-0.002667274
121.92	-0.003964762
121.94	-0.001641759
121.96	-0.004544926
121.98	-0.010447158
122	-0.006789552
122.02	-0.006057198
122.04	-0.00804011
122.06	0.000467403
122.08	0.002670124
122.1	0.001553454
122.12	0.003359901
122.14	0.004923593
122.16	0.00585731
122.18	0.00623446
122.2	0.003390084
122.22	-0.003665139
122.24	-0.005195595
122.26	-0.002111754
122.28	-0.001395872
122.3	-0.003091473
122.32	0.005836006
122.34	0.007288729
122.36	0.000739544
122.38	0.015789461
122.4	0.011014104
122.42	0.009509162
122.44	0.021746822
122.46	0.021989548
122.48	0.0268747
122.5	0.024087198
122.52	0.023977542
122.54	0.015983376
122.56	0.01276832
122.58	0.014407323
122.6	0.01289669
122.62	-0.012494056
122.64	-0.002161906
122.66	-0.003977443
122.68	-0.004551865
122.7	-0.003773665
122.72	-0.001138349
122.74	0.00217127
122.76	0.003139504
122.78	0.00025828
122.8	-0.002481377
122.82	-0.000976576
122.84	-0.001941504
122.86	-0.001515582
122.88	0.005205274
122.9	0.010480769
122.92	-0.008052576
122.94	-0.004205446
122.96	-0.003048063
122.98	-0.003222968
123	-0.001117883
123.02	-0.001495335
123.04	0.003077893
123.06	0.003938105
123.08	0.01405245
123.1	0.014237338
123.12	0.012741605
123.14	0.010337639
123.16	0.006685289
123.18	0.006281315
123.2	0.014079844
123.22	0.020161562
123.24	0.019487429
123.26	0.021286935
123.28	0.019509227
123.3	0.01901571
123.32	0.013198764
123.34	0.006623169
123.36	0.003743384
123.38	0.000406236
123.4	0.000952755
123.42	0.000643691
123.44	0.001936169
123.46	0.000722267
123.48	0.006330878
123.5	0.001009978
123.52	0.000384495
123.54	-0.006342137
123.56	-1.16166E-06
123.58	0.001663754
123.6	0.000334144
123.62	0.003144116
123.64	0.003917585
123.66	0.002281207
123.68	-0.001149988
123.7	-0.009997899
123.72	-0.002612187
123.74	-0.000988684
123.76	0.003080556
123.78	0.005891391
123.8	0.006699998
123.82	0.004763682
123.84	0.007459688
123.86	0.003260182
123.88	0.002265481
123.9	0.001803974
123.92	0.002758458
123.94	-0.001307491
123.96	-0.004500918
123.98	-0.007712702
124	-0.006482401
124.02	-0.008243375
124.04	-0.012498585
124.06	-0.013326904
124.08	-0.011914235
124.1	-0.01517345
124.12	-0.016029485
124.14	-0.016746077
124.16	-0.018426127
124.18	-0.017369749
124.2	-0.020570239
124.22	-0.018994749
124.24	-0.019826332
124.26	-0.017104209
124.28	-0.015479084
124.3	-0.012276187
124.32	-0.010380191
124.34	-0.014115337
124.36	-0.008514198
124.38	-0.006574894
124.4	-0.011501658
124.42	-0.01423644
124.44	-0.015342764
124.46	-0.008529788
124.48	-0.003021081
124.5	-0.003009381
124.52	-0.003661141
124.54	-0.003022811
124.56	-0.001183571
124.58	-0.002681284
124.6	-0.001140103
124.62	0.0031352
124.64	0.003656099
124.66	0.006638867
124.68	0.013940531
124.7	0.015076094
124.72	0.01220599
124.74	0.012714195
124.76	0.010051626
124.78	0.006984064
124.8	0.008088993
124.82	0.011294639
124.84	0.011270213
124.86	0.015283535
124.88	0.019006747
124.9	0.018515779
124.92	0.019453887
124.94	0.018574873
124.96	0.007677935
124.98	0.006283882
125	-0.004126487
125.02	0.003201094
125.04	0.010891528
125.06	0.020484071
125.08	0.023941178
125.1	0.018866115
125.12	0.021614475
125.14	0.014409761
125.16	0.009469566
125.18	-0.00395591
125.2	-0.004172187
125.22	-0.004670173
125.24	0.005265914
125.26	0.011497284
125.28	0.002987087
125.3	0.008551877
125.32	0.01271131
125.34	0.011664686
125.36	0.01057276
125.38	0.007023596
125.4	0.00130542
125.42	-0.003790245
125.44	-0.006731235
125.46	-0.008252006
125.48	-0.012996766
125.5	-0.013670007
125.52	-0.012143613
125.54	-0.008494902
125.56	-0.010101859
125.58	-0.007496644
125.6	-0.009902988
125.62	-0.015329421
125.64	-0.013677759
125.66	-0.011242489
125.68	-0.011204427
125.7	-0.013999514
125.72	-0.014942461
125.74	-0.011162689
125.76	-0.001065973
125.78	0.003893314
125.8	-0.000790667
125.82	-0.008105617
125.84	-0.012977812
125.86	-0.01676496
125.88	-0.002620239
125.9	0.001610143
125.92	0.001116669
125.94	0.007389896
125.96	0.007451241
125.98	0.004620921
126	-0.005873426
126.02	-0.013567119
126.04	-0.01575789
126.06	-0.012174011
126.08	0.007006206
126.1	0.009255878
126.12	0.019578641
126.14	0.015351773
126.16	0.014129634
126.18	0.017288438
126.2	0.012611687
126.22	0.010761037
126.24	0.012643858
126.26	0.010581071
126.28	0.010243848
126.3	0.013047961
126.32	0.014764367
126.34	0.013055093
126.36	0.012401458
126.38	0.008261032
126.4	0.006495781
126.42	0.006544789
126.44	0.009410024
126.46	0.005478697
126.48	0.004133425
126.5	0.001471235
126.52	0.002822825
126.54	0.004190511
126.56	-0.008395756
126.58	0.004813424
126.6	0.00509236
126.62	0.004434904
126.64	0.005343044
126.66	0.007080194
126.68	0.008826119
126.7	0.013505023
126.72	0.018389369
126.74	0.013131992
126.76	0.011957294
126.78	-0.000844597
126.8	-0.006266158
126.82	-0.008194545
126.84	-0.007111381
126.86	-0.009424237
126.88	-0.008779054
126.9	-0.011590814
126.92	-0.005412362
126.94	-0.000496187
126.96	0.0055888
126.98	0.010061243
127	0.002672922
127.02	-0.001139308
127.04	0.001807909
127.06	0.002107483
127.08	-0.003813329
127.1	-0.00869277
127.12	-0.013436832
127.14	-0.016793525
127.16	-0.016277582
127.18	-0.010738964
127.2	0.01942305
127.22	0.00822562
127.24	0.012904498
127.26	0.014371772
127.28	0.021745914
127.3	0.016813881
127.32	0.013269394
127.34	0.009700064
127.36	0.011440315
127.38	0.008877006
127.4	0.005855011
127.42	-0.001945816
127.44	-0.01304753
127.46	-0.017435929
127.48	-0.017370217
127.5	-0.014514169
127.52	0.000410943
127.54	0.008508545
127.56	0.009326705
127.58	0.006639301
127.6	-0.001180916
127.62	-0.007396489
127.64	-0.012366045
127.66	-0.01239991
127.68	-0.016580405
127.7	-0.017516618
127.72	-0.022054847
127.74	-0.020893028
127.76	-0.013770092
127.78	-0.003458294
127.8	0.000140857
127.82	-0.002627327
127.84	-0.000949935
127.86	-0.00313328
127.88	-0.005884564
127.9	-0.012421392
127.92	-0.017064519
127.94	-0.015623704
127.96	-0.018836258
127.98	-0.017781595
128	-0.018582176
128.02	-0.021051296
128.04	-0.021289045
128.06	-0.019440301
128.08	-0.013143231
128.1	-0.01044923
128.12	-0.014008164
128.14	0.010802666
128.16	0.011671247
128.18	0.01380973
128.2	0.011353773
128.22	0.012984676
128.24	0.013105012
128.26	0.008543967
128.28	0.006633406
128.3	0.005620545
128.32	0.00807863
128.34	0.007424503
128.36	0.010394588
128.38	0.007089289
128.4	0.008219245
128.42	0.007493691
128.44	0.003910546
128.46	0.009528641
128.48	0.018644027
128.5	0.009287854
128.52	0.01311715
128.54	0.013171748
128.56	0.011784886
128.58	0.006035823
128.6	0.000573619
128.62	-0.001613823
128.64	0.00124665
128.66	0.002841716
128.68	0.003253269
128.7	0.004727795
128.72	0.001810945
128.74	0.000266929
128.76	-0.001437496
128.78	0.004969001
128.8	0.003910246
128.82	0.006275966
128.84	0.008254615
128.86	0.007239364
128.88	0.006974858
128.9	-0.00438292
128.92	0.005750631
128.94	0.009981262
128.96	0.009438872
128.98	0.014881343
129	0.015710951
129.02	0.017430466
129.04	0.014234093
129.06	0.015641556
129.08	0.013355787
129.1	0.018891255
129.12	0.014861176
129.14	0.020758297
129.16	0.016779904
129.18	0.011494667
129.2	0.00293624
129.22	0.003910239
129.24	0.002207819
129.26	0.003109712
129.28	-0.002855635
129.3	-0.003403726
129.32	-0.009390954
129.34	-0.014381563
129.36	-0.019149129
129.38	-0.019534499
129.4	-0.019503008
129.42	-0.023155909
129.44	-0.020908802
129.46	-0.01631452
129.48	-0.009959727
129.5	-0.003691926
129.52	-0.009405354
129.54	-0.003100734
129.56	-0.001633034
129.58	-0.001312649
129.6	-0.002944703
129.62	-0.001739211
129.64	-0.004613461
129.66	-0.006927748
129.68	-0.002378568
129.7	-0.004850591
129.72	0.001907961
129.74	0.003378591
129.76	0.006045944
129.78	0.004626403
129.8	0.003916472
129.82	-0.001322381
129.84	-0.004656371
129.86	-0.00494782
129.88	-0.005130048
129.9	-0.007295207
129.92	-0.011324513
129.94	-0.01045038
129.96	-0.009899763
129.98	-0.011309269
130	-0.012881243
130.02	-0.017401456
130.04	-0.010685521
130.06	0.017010786
130.08	0.009726397
130.1	0.006447477
130.12	0.006336045
130.14	-0.003699906
130.16	-0.006882582
130.18	-0.011616171
130.2	-0.009672444
130.22	-0.007871444
130.24	-0.005247943
130.26	-0.003222319
130.28	-0.00230055
130.3	-0.005288486
130.32	-0.005891472
130.34	-0.010898384
130.36	-0.010256577
130.38	-0.014405735
130.4	-0.008047921
130.42	-0.005507345
130.44	-0.0022474
130.46	-0.002414365
130.48	-0.003714607
130.5	0.001149961
130.52	0.000417776
130.54	-0.003427805
130.56	0.005245957
130.58	0.004608614
130.6	3.09076E-06
130.62	-0.001497455
130.64	-0.002003969
130.66	-0.003010323
130.68	-0.004892587
130.7	-0.005230714
130.72	-0.00795909
130.74	-0.005804765
130.76	-0.003020292
130.78	0.000370862
130.8	-0.004745918
130.82	-0.002441351
130.84	-0.003519365
130.86	-0.005253348
130.88	-0.011514078
130.9	-0.016484443
130.92	-0.022902888
130.94	-0.0209419
130.96	-0.019155205
130.98	-0.017646292
131	-0.016485585
131.02	-0.011487899
131.04	0.00348045
131.06	-0.003779069
131.08	-0.00210361
131.1	-0.001575818
131.12	0.00752715
131.14	0.009337107
131.16	0.00833915
131.18	0.010314455
131.2	0.009573496
131.22	0.011797402
131.24	0.007436252
131.26	0.004357478
131.28	0.000753451
131.3	-0.003206546
131.32	-0.026840861
131.34	-0.015546703
131.36	-0.012405576
131.38	-0.020395152
131.4	-0.014084665
131.42	-0.015669557
131.44	-0.013900017
131.46	-0.006716476
131.48	0.004112231
131.5	0.005704404
131.52	0.009184385
131.54	0.006261897
131.56	0.005279254
131.58	-0.001544186
131.6	-0.003363119
131.62	-0.012888443
131.64	-0.005168553
131.66	-0.011593514
131.68	-0.011529861
131.7	-0.003537949
131.72	0.001847498
131.74	0.00293447
131.76	0.003674071
131.78	0.008689127
131.8	0.006120079
131.82	0.01523516
131.84	0.020149426
131.86	0.020085713
131.88	0.007932687
131.9	-0.00629562
131.92	-0.010101753
131.94	-0.00891324
131.96	-0.014560657
131.98	-0.014550724
132	-0.016225139
132.02	-0.010399968
132.04	-0.004085718
132.06	0.002372066
132.08	-2.85746E-05
132.1	0.002948889
132.12	0.005078205
132.14	0.015242918
132.16	0.01601458
132.18	0.01596822
132.2	0.008111674
132.22	0.005234023
132.24	0.00247035
132.26	-0.000776734
132.28	-0.007865276
132.3	-0.013367891
132.32	-0.016809006
132.34	-0.020401306
132.36	-0.017083564
132.38	-0.006267527
132.4	0.002684596
132.42	0.010871307
132.44	0.019359171
132.46	0.019028544
132.48	0.0189112
132.5	0.020702146
132.52	0.021091522
132.54	0.015838561
132.56	0.016793939
132.58	0.014904663
132.6	0.013064466
132.62	0.01123644
132.64	0.017413356
132.66	0.019311576
132.68	0.019860873
132.7	0.022370827
132.72	0.023036885
132.74	0.024260958
132.76	0.028873655
132.78	0.033011113
132.8	0.032326953
132.82	0.0323469
132.84	-0.012360734
132.86	-0.00181676
132.88	0.014099041
132.9	0.014788587
132.92	0.00937674
132.94	0.002852024
132.96	-0.003389056
132.98	-0.006916091
133	0.000533628
133.02	-0.007046747
133.04	0.007920793
133.06	0.008868827
133.08	0.013305929
133.1	0.021442554
133.12	0.022713542
133.14	0.019527534
133.16	0.004449266
133.18	0.006632547
133.2	0.000933673
133.22	-0.006521055
133.24	-0.005129811
133.26	-6.93323E-05
133.28	-0.000582141
133.3	-0.001112595
133.32	0.001864547
133.34	0.001722033
133.36	0.003706329
133.38	0.005672976
133.4	0.003575348
133.42	-0.002187684
133.44	-0.004350966
133.46	-0.00490151
133.48	-0.002099124
133.5	-0.005738047
133.52	-0.00359838
133.54	-0.005964749
133.56	-0.01227973
133.58	-0.016108056
133.6	-0.017104259
133.62	-0.020199248
133.64	-0.022763833
133.66	-0.025404218
133.68	-0.027010732
133.7	-0.025644019
133.72	-0.021270279
133.74	-0.018701134
133.76	-0.015694012
133.78	-0.014248907
133.8	-0.015277027
133.82	-0.015678742
133.84	-0.016443028
133.86	-0.020905981
133.88	-0.026206262
133.9	-0.026366312
133.92	-0.027924418
133.94	-0.022743243
133.96	-0.014079035
133.98	0.008334517
134	0.001714762
134.02	0.001867976
134.04	0.00414188
134.06	0.002300197
134.08	-0.000699871
134.1	0.000423192
134.12	0.003794003
134.14	0.00495096
134.16	0.001928336
134.18	-3.10196E-05
134.2	0.002108789
134.22	0.001957415
134.24	0.002771913
134.26	0.002946376
134.28	0.002482252
134.3	0.007052936
134.32	0.009456796
134.34	0.008972844
134.36	0.009005465
134.38	0.013546328
134.4	0.01251354
134.42	0.008847512
134.44	0.006086625
134.46	0.005364298
134.48	0.00741654
134.5	0.006940282
134.52	0.008058553
134.54	0.004777124
134.56	0.008799423
134.58	0.009139868
134.6	0.008721901
134.62	0.004880011
134.64	0.0024558
134.66	0.003829731
134.68	0.005987986
134.7	-0.019665049
134.72	-0.00088984
134.74	-0.004891775
134.76	0.001704333
134.78	-0.000908542
134.8	0.004563366
134.82	0.006031953
134.84	0.010778766
134.86	0.011037211
134.88	0.007021514
134.9	0.002117979
134.92	0.000689396
134.94	0.005214109
134.96	0.001066548
134.98	-0.001191752
135	-0.003676779
135.02	-0.004049739
135.04	-0.005483246
135.06	-0.006454341
135.08	-0.004307123
135.1	0.001144742
135.12	0.002631695
135.14	0.003543985
135.16	0.004288076
135.18	0.008684848
135.2	0.006214126
135.22	0.001633739
135.24	0.001554822
135.26	0.000837767
135.28	-0.000295123
135.3	-0.00473064
135.32	-0.007031855
135.34	-0.014560695
135.36	-0.009849028
135.38	-0.009145442
135.4	-0.006463075
135.42	-0.006039305
135.44	0.000875452
135.46	-0.003104682
135.48	-0.001617086
135.5	-0.005957642
135.52	-0.006772441
135.54	-0.007114329
135.56	-0.004441351
135.58	-0.005675738
135.6	-0.005888674
135.62	-0.00626783
135.64	-0.003148752
135.66	-0.00463744
135.68	-0.003528759
135.7	-0.003996953
135.72	-0.003845785
135.74	-0.004172353
135.76	-0.005682134
135.78	-0.002304696
135.8	-0.00084126
135.82	-0.001169026
135.84	-0.000105665
135.86	0.002183493
135.88	0.004204055
135.9	0.005823816
135.92	0.005430592
135.94	0.007523183
135.96	0.006752601
135.98	0.004286576
136	-0.000149677
136.02	-0.000537984
136.04	0.001049293
136.06	0.002289896
136.08	0.00384516
136.1	0.00368973
136.12	0.006823837
136.14	0.009222186
136.16	0.009502105
136.18	0.0061752
136.2	0.010909537
136.22	0.008363973
136.24	0.007474564
136.26	0.006057389
136.28	0.002732671
136.3	0.001311579
136.32	0.001976875
136.34	0.002791462
136.36	0.001162237
136.38	0.002816206
136.4	0.001748411
136.42	0.001324612
136.44	0.001869288
136.46	0.003489405
136.48	0.002007549
136.5	0.001744197
136.52	0.001309688
136.54	0.001142225
136.56	0.000498798
136.58	0.001100531
136.6	0.000996568
136.62	0.000782177
136.64	0.000598495
136.66	0.000349434
136.68	-0.000434095
136.7	-0.001618148
136.72	-0.000963849
136.74	-0.001490716
136.76	-0.004071746
136.78	-0.004253204
136.8	-0.004493411
136.82	-0.00353939
136.84	-0.001588259
136.86	-0.000406574
136.88	-0.001278658
136.9	-0.001398528
136.92	-0.00132607
136.94	-0.002808643
136.96	-0.003347977
136.98	-0.004125856
137	-0.005122935
137.02	-0.00572031
137.04	-0.006264001
137.06	-0.007687253
137.08	-0.006467647
137.1	-0.004113861
137.12	-0.002585858
137.14	-0.001636444
137.16	-0.001541625
137.18	-0.003305774
137.2	-0.002444426
137.22	-0.002802856
137.24	-0.002738652
137.26	-0.002930001
137.28	-0.003491226
137.3	-0.003428845
137.32	-0.002747648
137.34	-0.001513183
137.36	-0.000331397
137.38	0.000243187
137.4	0.000482952
137.42	0.001470421
137.44	0.001288218
137.46	0.000936247
137.48	0.001484049
137.5	0.001988319
137.52	0.002153935
137.54	0.001974834
137.56	0.002299538
137.58	0.00289794
137.6	0.004293152
137.62	0.005627682
137.64	0.004550084
137.66	0.004633721
137.68	0.003582716
137.7	0.00311777
137.72	0.002590176
137.74	0.002688535
137.76	0.003088472
137.78	0.003571447
137.8	0.003744115
137.82	0.003816822
137.84	0.004178004
137.86	0.004856624
137.88	0.004898389
137.9	0.00471516
137.92	0.002807793
137.94	0.001737883
137.96	0.00125913
137.98	0.000205559
138	0.000527818
138.02	0.000105239
138.04	0.000480001
138.06	0.000343285
138.08	0.001358936
138.1	0.001891195
138.12	0.002152521
138.14	0.002239855
138.16	0.001329123
138.18	0.000421174
138.2	-0.000507458
138.22	-0.001304768
138.24	-0.001474021
138.26	-0.001570701
138.28	-0.001633616
138.3	-0.001600893
138.32	-0.001981498
138.34	-0.001993646
138.36	-0.001817596
138.38	-0.001560397
138.4	-0.001912228
138.42	-0.00251589
138.44	-0.003158234
138.46	-0.003910501
138.48	-0.003558893
138.5	-0.003283497
138.52	-0.003248452
138.54	-0.002519991
138.56	-0.002354847
138.58	-0.002317208
138.6	-0.002522687
138.62	-0.002672501
138.64	-0.003236832
138.66	-0.003422965
138.68	-0.003951138
138.7	-0.00446323
138.72	-0.003974858
138.74	-0.003587677
138.76	-0.002622623
138.78	-0.001657686
138.8	-0.001199343
138.82	-0.000769352
138.84	-0.000525441
138.86	-0.000278272
138.88	-2.35862E-05
138.9	-0.000244006
138.92	-0.000861541
138.94	-0.000827432
138.96	-0.000618619
138.98	-0.000191805
139	0.000613805
139.02	0.001298204
139.04	0.002037808
139.06	0.002638481
139.08	0.002487971
139.1	0.00279727
139.12	0.002552209
139.14	0.002707213
139.16	0.002563197
139.18	0.002293323
139.2	0.00201141
139.22	0.001784925
139.24	0.00228025
139.26	0.002732403
139.28	0.003038548
139.3	0.003400964
139.32	0.003028202
139.34	0.002889592
139.36	0.002694698
139.38	0.002502932
139.4	0.002187553
139.42	0.001970424
139.44	0.001797325
139.46	0.001855073
139.48	0.002025039
139.5	0.002067231
139.52	0.002133932
139.54	0.002261088
139.56	0.002017498
139.58	0.001394933
139.6	0.000855133
139.62	0.000330131
139.64	0.000366859
139.66	-3.05188E-05
139.68	-0.000184308
139.7	-0.000229835
139.72	-0.000298284
139.74	-0.000116306
139.76	8.3955E-05
139.78	6.14844E-05
139.8	-0.000116466
139.82	-0.00063001
139.84	-0.001206722
139.86	-0.001801374
139.88	-0.0021089
139.9	-0.00238067
139.92	-0.002602393
139.94	-0.002578212
139.96	-0.002585787
139.98	-0.002326721
140	-0.002170814
140.02	-0.001932316
140.04	-0.001750858
140.06	-0.001814948
140.08	-0.002162704
140.1	-0.002604082
140.12	-0.00289062
140.14	-0.002923464
140.16	-0.002933708
140.18	-0.002964486
140.2	-0.00287497
140.22	-0.002536831
140.24	-0.002252828
140.26	-0.001890958
140.28	-0.001664341
140.3	-0.001441585
140.32	-0.001417028
140.34	-0.001381188
140.36	-0.001236807
140.38	-0.001105165
140.4	-0.000798681
140.42	-0.000346877
140.44	4.17482E-05
140.46	0.000363758
140.48	0.000587958
140.5	0.000845684
140.52	0.001053054
140.54	0.000982324
140.56	0.000913319
140.58	0.000729902
140.6	0.000663584
140.62	0.000766513
140.64	0.001004053
140.66	0.001344901
140.68	0.001668346
140.7	0.00198154
140.72	0.002222195
140.74	0.002375258
140.76	0.002429217
140.78	0.002354561
140.8	0.002172598
140.82	0.001969311
140.84	0.001715276
140.86	0.001680512
140.88	0.001562059
140.9	0.00176806
140.92	0.001969303
140.94	0.002248524
140.96	0.002267394
140.98	0.002240517
141	0.002194948
141.02	0.002093868
141.04	0.001757751
141.06	0.001401127
141.08	0.00102718
141.1	0.000761705
141.12	0.000581852
141.14	0.00049409
141.16	0.000541476
141.18	0.000572481
141.2	0.000510812
141.22	0.00037972
141.24	0.000143397
141.26	-0.000140154
141.28	-0.000420746
141.3	-0.000642888
141.32	-0.000854979
141.34	-0.001050666
141.36	-0.001190389
141.38	-0.001142857
141.4	-0.00111767
141.42	-0.001168854
141.44	-0.001231312
141.46	-0.001451199
141.48	-0.00171939
141.5	-0.002006153
141.52	-0.002173513
141.54	-0.002381369
141.56	-0.002485602
141.58	-0.002430142
141.6	-0.002382943
141.62	-0.002127779
141.64	-0.001936543
141.66	-0.001701561
141.68	-0.001501893
141.7	-0.001461756
141.72	-0.001547321
141.74	-0.00160282
141.76	-0.001689442
141.78	-0.001649404
141.8	-0.001623156
141.82	-0.001420257
141.84	-0.001299911
141.86	-0.00101576
141.88	-0.000763063
141.9	-0.000434159
141.92	-0.000158752
141.94	-0.000129716
141.96	-3.68845E-05
141.98	-9.19022E-05
142	-0.000111851
142.02	-4.67858E-05
142.04	5.1195E-05
142.06	0.000187223
142.08	0.000350035
142.1	0.000620966
142.12	0.000879011
142.14	0.001165965
142.16	0.001319857
142.18	0.001386004
142.2	0.001405463
142.22	0.001387489
142.24	0.001338246
142.26	0.001389628
142.28	0.001481212
142.3	0.001577518
142.32	0.001685583
142.34	0.001739053
142.36	0.001822771
142.38	0.001870631
142.4	0.001906572
142.42	0.001780417
142.44	0.001613192
142.46	0.001466873
142.48	0.001303422
142.5	0.001250512
142.52	0.001213692
142.54	0.001258135
142.56	0.001367054
142.58	0.001347273
142.6	0.001298735
142.62	0.001222951
142.64	0.001077678
142.66	0.000882507
142.68	0.000599354
142.7	0.000280306
142.72	-2.04468E-05
142.74	-0.000194824
142.76	-0.000337043
142.78	-0.000364694
142.8	-0.000383808
142.82	-0.00043928
142.84	-0.000482121
142.86	-0.000584733
142.88	-0.000683667
142.9	-0.000829058
142.92	-0.001016458
142.94	-0.001231447
142.96	-0.001422444
142.98	-0.001532118
143	-0.001580022
143.02	-0.001532503
143.04	-0.001462861
143.06	-0.001380783
143.08	-0.001355019
143.1	-0.001371663
143.12	-0.001390705
143.14	-0.001416221
143.16	-0.001444979
143.18	-0.001488327
143.2	-0.001516169
143.22	-0.001499542
143.24	-0.001433295
143.26	-0.00130904
143.28	-0.00115195
143.3	-0.001043514
143.32	-0.000977039
143.34	-0.000928164
143.36	-0.000893744
143.38	-0.000861192
143.4	-0.000827547
143.42	-0.000753609
143.44	-0.000650598
143.46	-0.000517349
143.48	-0.000336721
143.5	-0.000112816
143.52	0.000136072
143.54	0.000328111
143.56	0.000446548
143.58	0.000509851
143.6	0.000534687
143.62	0.000550584
143.64	0.000564919
143.66	0.000604488
143.68	0.000650639
143.7	0.000746469
143.72	0.000869703
143.74	0.001019712
143.76	0.001203556
143.78	0.001341999
143.8	0.001438999
143.82	0.001464821
143.84	0.001439475
143.86	0.001393281
143.88	0.001351855
143.9	0.001310251
143.92	0.001271012
143.94	0.001278633
143.96	0.001277429
143.98	0.00129945
144	0.001330325
144.02	0.0013115
144.04	0.001278313
144.06	0.00116591
144.08	0.001006299
144.1	0.00085605
144.12	0.000718064
144.14	0.000601819
144.16	0.000494522
144.18	0.000394507
144.2	0.000309343
144.22	0.000258665
144.24	0.000191539
144.26	0.000113675
144.28	1.74644E-05
144.3	-0.000112318
144.32	-0.000273545
144.34	-0.00042284
144.36	-0.000543313
144.38	-0.000623515
144.4	-0.000661274
144.42	-0.000686327
144.44	-0.000700235
144.46	-0.000719818
144.48	-0.000752334
144.5	-0.000801185
144.52	-0.000870793
144.54	-0.000974238
144.56	-0.00110724
144.58	-0.00121444
144.6	-0.001295008
144.62	-0.001335865
144.64	-0.001320801
144.66	-0.001276809
144.68	-0.001203278
144.7	-0.001127228
144.72	-0.001059837
144.74	-0.000996289
144.76	-0.000953076
144.78	-0.000958434
144.8	-0.000977087
144.82	-0.000972914
144.84	-0.000964223
144.86	-0.00091187
144.88	-0.000819348
144.9	-0.000705183
144.92	-0.00057213
144.94	-0.000453962
144.96	-0.000341764
144.98	-0.000229252
145	-0.000143412
145.02	-7.94325E-05
145.04	-2.47251E-05
145.06	2.89056E-05
145.08	9.80833E-05
145.1	0.000195682
145.12	0.000309354
145.14	0.000438825
145.16	0.000563899
145.18	0.000669446
145.2	0.000756203
145.22	0.000824898
145.24	0.00086635
145.26	0.000891999
145.28	0.00090997
145.3	0.000924878
145.32	0.000949687
145.34	0.000995959
145.36	0.001055923
145.38	0.00110912
145.4	0.001152585
145.42	0.001161097
145.44	0.001141325
145.46	0.001093436
145.48	0.001022446
145.5	0.000941564