0	0
0.02	-2.45117E-06
0.04	-2.4512E-06
0.06	-2.45124E-06
0.08	-2.45131E-06
0.1	-2.4514E-06
0.12	-2.45152E-06
0.14	-2.45173E-06
0.16	-2.45201E-06
0.18	-2.45248E-06
0.2	-2.4537E-06
0.22	-2.45761E-06
0.24	-2.46883E-06
0.26	-2.4911E-06
0.28	-2.51857E-06
0.3	-2.54061E-06
0.32	-2.56114E-06
0.34	-2.58602E-06
0.36	-2.60811E-06
0.38	-2.63122E-06
0.4	-2.65462E-06
0.42	-2.67616E-06
0.44	-2.70049E-06
0.46	-2.72288E-06
0.48	-2.74654E-06
0.5	-2.76796E-06
0.52	-2.79144E-06
0.54	-2.81434E-06
0.56	-2.83899E-06
0.58	-2.8615E-06
0.6	-2.8847E-06
0.62	-2.90662E-06
0.64	-2.93206E-06
0.66	-2.96098E-06
0.68	-2.9949E-06
0.7	-3.0342E-06
0.72	-3.07285E-06
0.74	-3.10711E-06
0.76	-3.13631E-06
0.78	-3.16568E-06
0.8	-3.19463E-06
0.82	-3.21968E-06
0.84	-3.24119E-06
0.86	-3.26232E-06
0.88	-3.28308E-06
0.9	-3.30046E-06
0.92	-3.31749E-06
0.94	-3.33271E-06
0.96	-3.34544E-06
0.98	-3.35861E-06
1	-3.3695E-06
1.02	-3.37757E-06
1.04	-3.38564E-06
1.06	-3.39168E-06
1.08	-3.39647E-06
1.1	-3.39762E-06
1.12	-3.39313E-06
1.14	-3.38356E-06
1.16	-3.37034E-06
1.18	-3.35715E-06
1.2	-3.345E-06
1.22	-3.33636E-06
1.24	-3.32825E-06
1.26	-3.31892E-06
1.28	-3.30932E-06
1.3	-3.30172E-06
1.32	-3.29563E-06
1.34	-3.28783E-06
1.36	-3.27953E-06
1.38	-3.27232E-06
1.4	-3.26617E-06
1.42	-3.25846E-06
1.44	-3.2505E-06
1.46	-3.24219E-06
1.48	-3.23402E-06
1.5	-3.22646E-06
1.52	-3.21836E-06
1.54	-3.20597E-06
1.56	-3.19062E-06
1.58	-3.17427E-06
1.6	-3.15795E-06
1.62	-3.14431E-06
1.64	-3.13417E-06
1.66	-3.12619E-06
1.68	-3.12093E-06
1.7	-3.11615E-06
1.72	-3.11164E-06
1.74	-3.10939E-06
1.76	-3.10803E-06
1.78	-3.10625E-06
1.8	-3.10309E-06
1.82	-3.10089E-06
1.84	-3.09963E-06
1.86	-3.09728E-06
1.88	-3.09457E-06
1.9	-3.09164E-06
1.92	-3.08882E-06
1.94	-3.0855E-06
1.96	-3.08129E-06
1.98	-3.07753E-06
2	-3.07479E-06
2.02	-3.07344E-06
2.04	-3.07249E-06
2.06	-3.06925E-06
2.08	-3.06138E-06
2.1	-3.04994E-06
2.12	-3.03506E-06
2.14	-3.0172E-06
2.16	-2.99755E-06
2.18	-2.97546E-06
2.2	-2.95109E-06
2.22	-2.9245E-06
2.24	-2.89617E-06
2.26	-2.86618E-06
2.28	-2.83548E-06
2.3	-2.80231E-06
2.32	-2.76742E-06
2.34	-2.73192E-06
2.36	-2.69544E-06
2.38	-2.65678E-06
2.4	-2.61649E-06
2.42	-2.57631E-06
2.44	-2.5368E-06
2.46	-2.49657E-06
2.48	-2.45442E-06
2.5	-2.40794E-06
2.52	-2.35727E-06
2.54	-2.30321E-06
2.56	-2.24643E-06
2.58	-2.18745E-06
2.6	-2.12618E-06
2.62	-2.06365E-06
2.64	-2.00046E-06
2.66	-1.93588E-06
2.68	-1.87068E-06
2.7	-1.80505E-06
2.72	-1.73898E-06
2.74	-1.67178E-06
2.76	-1.60371E-06
2.78	-1.53475E-06
2.8	-1.46585E-06
2.82	-1.39626E-06
2.84	-1.32529E-06
2.86	-1.25361E-06
2.88	-1.18099E-06
2.9	-1.10658E-06
2.92	-1.03086E-06
2.94	-9.55677E-07
2.96	-8.81913E-07
2.98	-8.10115E-07
3	-7.39517E-07
3.02	-6.69103E-07
3.04	-5.97914E-07
3.06	-5.26156E-07
3.08	-4.53924E-07
3.1	-3.80407E-07
3.12	-3.05484E-07
3.14	-2.28954E-07
3.16	-1.5082E-07
3.18	-7.11233E-08
3.2	1.06461E-08
3.22	9.42744E-08
3.24	1.79468E-07
3.26	2.66844E-07
3.28	3.56029E-07
3.3	4.47586E-07
3.32	5.417E-07
3.34	6.38204E-07
3.36	7.3667E-07
3.38	8.35342E-07
3.4	9.33526E-07
3.42	1.03216E-06
3.44	1.13237E-06
3.46	1.23453E-06
3.48	1.33894E-06
3.5	1.44609E-06
3.52	1.55587E-06
3.54	1.66912E-06
3.56	1.78583E-06
3.58	1.90565E-06
3.6	2.02817E-06
3.62	2.1538E-06
3.64	2.28248E-06
3.66	2.4138E-06
3.68	2.5478E-06
3.7	2.68468E-06
3.72	2.82448E-06
3.74	2.96685E-06
3.76	3.11135E-06
3.78	3.25794E-06
3.8	3.40736E-06
3.82	3.55983E-06
3.84	3.71597E-06
3.86	3.87618E-06
3.88	4.04021E-06
3.9	4.20715E-06
3.92	4.37596E-06
3.94	4.54644E-06
3.96	4.71871E-06
3.98	4.8925E-06
4	5.06764E-06
4.02	5.24405E-06
4.04	5.42158E-06
4.06	5.60034E-06
4.08	5.78067E-06
4.1	5.96238E-06
4.12	6.14529E-06
4.14	6.32983E-06
4.16	6.51612E-06
4.18	6.70389E-06
4.2	6.89294E-06
4.22	7.0835E-06
4.24	7.27621E-06
4.26	7.47168E-06
4.28	7.67039E-06
4.3	7.87204E-06
4.32	8.07614E-06
4.34	8.28195E-06
4.36	8.48889E-06
4.38	8.69701E-06
4.4	8.90651E-06
4.42	9.11706E-06
4.44	9.32858E-06
4.46	9.54133E-06
4.48	9.75576E-06
4.5	9.97214E-06
4.52	1.01906E-05
4.54	1.0411E-05
4.56	1.06336E-05
4.58	1.08585E-05
4.6	1.10858E-05
4.62	1.13157E-05
4.64	1.1548E-05
4.66	1.17831E-05
4.68	1.20211E-05
4.7	1.22615E-05
4.72	1.25036E-05
4.74	1.27477E-05
4.76	1.2994E-05
4.78	1.3243E-05
4.8	1.34954E-05
4.82	1.37515E-05
4.84	1.40114E-05
4.86	1.42752E-05
4.88	1.45427E-05
4.9	1.48138E-05
4.92	1.50888E-05
4.94	1.53673E-05
4.96	1.56492E-05
4.98	1.59343E-05
5	1.62225E-05
5.02	1.65138E-05
5.04	1.6808E-05
5.06	1.71052E-05
5.08	1.74051E-05
5.1	1.77079E-05
5.12	1.80132E-05
5.14	1.83207E-05
5.16	1.86298E-05
5.18	1.89408E-05
5.2	1.92542E-05
5.22	1.95705E-05
5.24	1.98899E-05
5.26	2.02125E-05
5.28	2.05384E-05
5.3	2.08673E-05
5.32	2.11992E-05
5.34	2.15339E-05
5.36	2.18712E-05
5.38	2.22107E-05
5.4	2.25521E-05
5.42	2.28954E-05
5.44	2.32407E-05
5.46	2.3588E-05
5.48	2.3937E-05
5.5	2.42877E-05
5.52	2.46402E-05
5.54	2.49943E-05
5.56	2.53501E-05
5.58	2.57078E-05
5.6	2.60675E-05
5.62	2.64294E-05
5.64	2.67935E-05
5.66	2.71593E-05
5.68	2.75262E-05
5.7	2.78941E-05
5.72	2.8263E-05
5.74	2.8633E-05
5.76	2.90042E-05
5.78	2.93768E-05
5.8	2.97508E-05
5.82	3.01265E-05
5.84	3.0504E-05
5.86	3.08834E-05
5.88	3.12649E-05
5.9	3.16486E-05
5.92	3.20345E-05
5.94	3.24225E-05
5.96	3.28128E-05
5.98	3.32053E-05
6	3.36001E-05
6.02	3.39974E-05
6.04	3.43974E-05
6.06	3.47998E-05
6.08	3.52044E-05
6.1	3.56108E-05
6.12	3.60186E-05
6.14	3.64277E-05
6.16	3.68382E-05
6.18	3.72502E-05
6.2	3.76637E-05
6.22	3.80788E-05
6.24	3.84958E-05
6.26	3.89148E-05
6.28	3.93359E-05
6.3	3.9759E-05
6.32	4.01841E-05
6.34	4.06111E-05
6.36	4.10399E-05
6.38	4.14703E-05
6.4	4.19024E-05
6.42	4.2336E-05
6.44	4.27711E-05
6.46	4.32073E-05
6.48	4.36445E-05
6.5	4.40825E-05
6.52	4.45214E-05
6.54	4.49611E-05
6.56	4.54019E-05
6.58	4.5844E-05
6.6	4.62871E-05
6.62	4.67312E-05
6.64	4.71758E-05
6.66	4.76207E-05
6.68	4.80658E-05
6.7	4.85109E-05
6.72	4.89556E-05
6.74	4.93998E-05
6.76	4.98434E-05
6.78	5.02862E-05
6.8	5.07282E-05
6.82	5.11693E-05
6.84	5.16094E-05
6.86	5.20486E-05
6.88	5.24867E-05
6.9	5.29237E-05
6.92	5.33593E-05
6.94	5.37936E-05
6.96	5.42268E-05
6.98	5.4659E-05
7	5.50904E-05
7.02	5.5521E-05
7.04	5.59507E-05
7.06	5.63793E-05
7.08	5.68064E-05
7.1	5.7232E-05
7.12	5.76557E-05
7.14	5.80775E-05
7.16	5.84971E-05
7.18	5.89144E-05
7.2	5.93294E-05
7.22	5.97423E-05
7.24	6.01529E-05
7.26	6.05612E-05
7.28	6.09672E-05
7.3	6.13708E-05
7.32	6.17721E-05
7.34	6.21709E-05
7.36	6.25674E-05
7.38	6.29614E-05
7.4	6.33528E-05
7.42	6.37415E-05
7.44	6.41271E-05
7.46	6.45095E-05
7.48	6.48885E-05
7.5	6.52642E-05
7.52	6.56365E-05
7.54	6.60056E-05
7.56	6.63713E-05
7.58	6.67337E-05
7.6	6.70926E-05
7.62	6.74481E-05
7.64	6.77998E-05
7.66	6.81478E-05
7.68	6.84918E-05
7.7	6.88314E-05
7.72	6.91667E-05
7.74	6.94972E-05
7.76	6.98229E-05
7.78	7.01434E-05
7.8	7.04587E-05
7.82	7.07685E-05
7.84	7.10726E-05
7.86	7.13704E-05
7.88	7.16619E-05
7.9	7.19466E-05
7.92	7.22245E-05
7.94	7.24956E-05
7.96	7.27598E-05
7.98	7.30171E-05
8	7.32674E-05
8.02	7.35105E-05
8.04	7.37464E-05
8.06	7.39749E-05
8.08	7.41956E-05
8.1	7.44083E-05
8.12	7.46127E-05
8.14	7.48086E-05
8.16	7.49957E-05
8.18	7.51738E-05
8.2	7.53428E-05
8.22	7.55023E-05
8.24	7.56522E-05
8.26	7.57922E-05
8.28	7.59222E-05
8.3	7.60421E-05
8.32	7.61518E-05
8.34	7.62512E-05
8.36	7.63401E-05
8.38	7.64183E-05
8.4	7.64854E-05
8.42	7.65412E-05
8.44	7.65854E-05
8.46	7.66177E-05
8.48	7.66381E-05
8.5	7.66462E-05
8.52	7.6642E-05
8.54	7.66253E-05
8.56	7.6596E-05
8.58	7.6554E-05
8.6	7.64991E-05
8.62	7.64312E-05
8.64	7.63502E-05
8.66	7.62559E-05
8.68	7.6148E-05
8.7	7.60264E-05
8.72	7.5891E-05
8.74	7.57415E-05
8.76	7.5578E-05
8.78	7.54E-05
8.8	7.52074E-05
8.82	7.49998E-05
8.84	7.47767E-05
8.86	7.45379E-05
8.88	7.4283E-05
8.9	7.40118E-05
8.92	7.37239E-05
8.94	7.34191E-05
8.96	7.30973E-05
8.98	7.27583E-05
9	7.24019E-05
9.02	7.20278E-05
9.04	7.16359E-05
9.06	7.12259E-05
9.08	7.07974E-05
9.1	7.03502E-05
9.12	6.98841E-05
9.14	6.93986E-05
9.16	6.88936E-05
9.18	6.83686E-05
9.2	6.78234E-05
9.22	6.72574E-05
9.24	6.66705E-05
9.26	6.60622E-05
9.28	6.54326E-05
9.3	6.47812E-05
9.32	6.41078E-05
9.34	6.34122E-05
9.36	6.2694E-05
9.38	6.19529E-05
9.4	6.11885E-05
9.42	6.04005E-05
9.44	5.95884E-05
9.46	5.87519E-05
9.48	5.78907E-05
9.5	5.70044E-05
9.52	5.60926E-05
9.54	5.51551E-05
9.56	5.41915E-05
9.58	5.32016E-05
9.6	5.21851E-05
9.62	5.11415E-05
9.64	5.00707E-05
9.66	4.89723E-05
9.68	4.78461E-05
9.7	4.66918E-05
9.72	4.55094E-05
9.74	4.42986E-05
9.76	4.30591E-05
9.78	4.17907E-05
9.8	4.04929E-05
9.82	3.91656E-05
9.84	3.78084E-05
9.86	3.64207E-05
9.88	3.50023E-05
9.9	3.35528E-05
9.92	3.20719E-05
9.94	3.05593E-05
9.96	2.90148E-05
9.98	2.74379E-05
10	2.58284E-05
10.02	2.41861E-05
10.04	2.25106E-05
10.06	2.08016E-05
10.08	1.9059E-05
10.1	1.72823E-05
10.12	1.54713E-05
10.14	1.36257E-05
10.16	1.17451E-05
10.18	9.829E-06
10.2	7.87716E-06
10.22	5.8892E-06
10.24	3.86481E-06
10.26	1.80371E-06
10.28	-2.94395E-07
10.3	-2.42981E-06
10.32	-4.60284E-06
10.34	-6.81377E-06
10.36	-9.06292E-06
10.38	-1.13506E-05
10.4	-1.36772E-05
10.42	-1.60431E-05
10.44	-1.84486E-05
10.46	-2.08941E-05
10.48	-2.338E-05
10.5	-2.59067E-05
10.52	-2.84744E-05
10.54	-3.10837E-05
10.56	-3.37348E-05
10.58	-3.64282E-05
10.6	-3.91643E-05
10.62	-4.19435E-05
10.64	-4.47663E-05
10.66	-4.76328E-05
10.68	-5.05435E-05
10.7	-5.34985E-05
10.72	-5.64983E-05
10.74	-5.95429E-05
10.76	-6.26328E-05
10.78	-6.57682E-05
10.8	-6.89494E-05
10.82	-7.21768E-05
10.84	-7.54506E-05
10.86	-7.87713E-05
10.88	-8.21392E-05
10.9	-8.55545E-05
10.92	-8.90177E-05
10.94	-9.2529E-05
10.96	-9.60887E-05
10.98	-9.96972E-05
11	-0.000103355
11.02	-0.000107062
11.04	-0.000110818
11.06	-0.000114624
11.08	-0.000118481
11.1	-0.000122387
11.12	-0.000126345
11.14	-0.000130353
11.16	-0.000134412
11.18	-0.000138523
11.2	-0.000142685
11.22	-0.0001469
11.24	-0.000151166
11.26	-0.000155486
11.28	-0.000159857
11.3	-0.000164282
11.32	-0.00016876
11.34	-0.000173291
11.36	-0.000177876
11.38	-0.000182514
11.4	-0.000187206
11.42	-0.000191953
11.44	-0.000196753
11.46	-0.000201608
11.48	-0.000206518
11.5	-0.000211482
11.52	-0.000216501
11.54	-0.000221576
11.56	-0.000226706
11.58	-0.000231891
11.6	-0.000237132
11.62	-0.00024243
11.64	-0.000247784
11.66	-0.000253194
11.68	-0.000258661
11.7	-0.000264184
11.72	-0.000269765
11.74	-0.000275402
11.76	-0.000281097
11.78	-0.000286849
11.8	-0.000292658
11.82	-0.000298525
11.84	-0.00030445
11.86	-0.000310432
11.88	-0.000316471
11.9	-0.000322569
11.92	-0.000328725
11.94	-0.000334938
11.96	-0.00034121
11.98	-0.00034754
12	-0.000353928
12.02	-0.000360375
12.04	-0.00036688
12.06	-0.000373443
12.08	-0.000380064
12.1	-0.000386744
12.12	-0.000393482
12.14	-0.000400278
12.16	-0.000407132
12.18	-0.000414045
12.2	-0.000421016
12.22	-0.000428044
12.24	-0.000435131
12.26	-0.000442276
12.28	-0.000449479
12.3	-0.000456739
12.32	-0.000464058
12.34	-0.000471433
12.36	-0.000478866
12.38	-0.000486356
12.4	-0.000493904
12.42	-0.000501508
12.44	-0.000509168
12.46	-0.000516885
12.48	-0.000524658
12.5	-0.000532486
12.52	-0.00054037
12.54	-0.000548309
12.56	-0.000556303
12.58	-0.000564351
12.6	-0.000572454
12.62	-0.00058061
12.64	-0.000588821
12.66	-0.000597084
12.68	-0.000605401
12.7	-0.00061377
12.72	-0.000622192
12.74	-0.000630665
12.76	-0.000639189
12.78	-0.000647765
12.8	-0.000656391
12.82	-0.000665066
12.84	-0.000673792
12.86	-0.000682566
12.88	-0.000691388
12.9	-0.000700258
12.92	-0.000709176
12.94	-0.000718141
12.96	-0.000727151
12.98	-0.000736208
13	-0.000745309
13.02	-0.000754455
13.04	-0.000763644
13.06	-0.000772877
13.08	-0.000782151
13.1	-0.000791468
13.12	-0.000800825
13.14	-0.000810222
13.16	-0.000819658
13.18	-0.000829133
13.2	-0.000838646
13.22	-0.000848196
13.24	-0.000857782
13.26	-0.000867403
13.28	-0.000877058
13.3	-0.000886747
13.32	-0.000896468
13.34	-0.000906221
13.36	-0.000916005
13.38	-0.000925818
13.4	-0.00093566
13.42	-0.00094553
13.44	-0.000955426
13.46	-0.000965348
13.48	-0.000975293
13.5	-0.000985262
13.52	-0.000995253
13.54	-0.001005264
13.56	-0.001015295
13.58	-0.001025344
13.6	-0.00103541
13.62	-0.001045492
13.64	-0.001055588
13.66	-0.001065696
13.68	-0.001075817
13.7	-0.001085947
13.72	-0.001096086
13.74	-0.001106233
13.76	-0.001116385
13.78	-0.001126541
13.8	-0.0011367
13.82	-0.00114686
13.84	-0.00115702
13.86	-0.001167177
13.88	-0.00117733
13.9	-0.001187478
13.92	-0.001197619
13.94	-0.00120775
13.96	-0.001217871
13.98	-0.001227979
14	-0.001238073
14.02	-0.00124815
14.04	-0.001258209
14.06	-0.001268248
14.08	-0.001278265
14.1	-0.001288258
14.12	-0.001298224
14.14	-0.001308163
14.16	-0.00131807
14.18	-0.001327946
14.2	-0.001337786
14.22	-0.00134759
14.24	-0.001357355
14.26	-0.001367078
14.28	-0.001376758
14.3	-0.001386391
14.32	-0.001395977
14.34	-0.001405511
14.36	-0.001414993
14.38	-0.001424419
14.4	-0.001433787
14.42	-0.001443095
14.44	-0.00145234
14.46	-0.001461519
14.48	-0.00147063
14.5	-0.00147967
14.52	-0.001488636
14.54	-0.001497526
14.56	-0.001506337
14.58	-0.001515066
14.6	-0.00152371
14.62	-0.001532266
14.64	-0.001540732
14.66	-0.001549104
14.68	-0.001557379
14.7	-0.001565554
14.72	-0.001573627
14.74	-0.001581594
14.76	-0.001589452
14.78	-0.001597198
14.8	-0.001604828
14.82	-0.00161234
14.84	-0.001619729
14.86	-0.001626993
14.88	-0.001634128
14.9	-0.001641131
14.92	-0.001647997
14.94	-0.001654725
14.96	-0.001661309
14.98	-0.001667747
15	-0.001674296
15.02	-0.001681141
15.04	-0.001685346
15.06	-0.001693296
15.08	-0.001697006
15.1	-0.001705308
15.12	-0.001707012
15.14	-0.001715918
15.16	-0.001718346
15.18	-0.001729912
15.2	-0.001797829
15.22	-0.002131484
15.24	-0.001733126
15.26	-0.001254773
15.28	-0.001858384
15.3	-0.00153394
15.32	-0.001398685
15.34	-0.001331741
15.36	-0.000701174
15.38	-0.000501615
15.4	0.002553038
15.42	0.010228646
15.44	0.015451707
15.46	0.019490142
15.48	0.010671139
15.5	-0.013808094
15.52	-0.027502447
15.54	-0.030327675
15.56	-0.026299736
15.58	-0.006072454
15.6	0.016758614
15.62	-0.002086893
15.64	-0.022151195
15.66	-0.013159759
15.68	-0.016475696
15.7	-0.004196335
15.72	0.019766227
15.74	0.042129478
15.76	0.047970642
15.78	0.042233026
15.8	0.038292744
15.82	0.034105249
15.84	0.035933827
15.86	0.03919858
15.88	-0.06961617
15.9	-0.051069806
15.92	-0.011206616
15.94	-0.004590719
15.96	-0.01451448
15.98	-0.031117674
16	-0.051337301
16.02	-0.060026096
16.04	-0.070922892
16.06	-0.074574456
16.08	-0.059249353
16.1	-0.0555036
16.12	-0.053361024
16.14	-0.051397279
16.16	-0.05071447
16.18	-0.033917622
16.2	-0.016693302
16.22	-0.00513078
16.24	0.02837053
16.26	0.039037996
16.28	0.037467002
16.3	0.050770283
16.32	0.062236134
16.34	0.078030133
16.36	0.086043232
16.38	0.082437254
16.4	0.085401861
16.42	0.097083125
16.44	0.104279008
16.46	0.104499608
16.48	0.082528377
16.5	0.086333245
16.52	0.076063273
16.54	0.074189285
16.56	0.076734515
16.58	0.077488842
16.6	0.08066206
16.62	0.087699442
16.64	0.090362964
16.66	0.091864
16.68	0.092800839
16.7	-0.022981666
16.72	0.058229916
16.74	0.011834166
16.76	-0.042408919
16.78	-0.034396059
16.8	-0.033960586
16.82	-0.03741145
16.84	-0.039174571
16.86	-0.042314453
16.88	0.039156783
16.9	0.086482624
16.92	0.065021726
16.94	0.062985745
16.96	0.074767487
16.98	0.064838957
17	0.06179498
17.02	0.048888688
17.04	0.060319265
17.06	0.058164907
17.08	0.056230309
17.1	-0.035792873
17.12	0.021095228
17.14	-0.05926685
17.16	-0.057025852
17.18	-0.062802676
17.2	-0.072407223
17.22	-0.088121346
17.24	-0.105167426
17.26	-0.109978601
17.28	-0.110620947
17.3	-0.118599786
17.32	-0.126742458
17.34	-0.13894485
17.36	-0.156438425
17.38	-0.168096528
17.4	-0.15153451
17.42	-0.164840705
17.44	-0.15988965
17.46	-0.149366818
17.48	-0.149436218
17.5	-0.147653835
17.52	0.176541937
17.54	0.12398358
17.56	0.164794792
17.58	0.181927046
17.6	0.169690721
17.62	0.13555547
17.64	0.20403577
17.66	0.223597705
17.68	0.215123166
17.7	0.266246023
17.72	0.267469871
17.74	0.265867795
17.76	0.213813366
17.78	0.07039069
17.8	0.026117357
17.82	0.070361548
17.84	0.028126882
17.86	0.030459114
17.88	0.113865921
17.9	0.074568119
17.92	0.128859959
17.94	-0.052094812
17.96	-0.141364978
17.98	-0.138828955
18	-0.128780517
18.02	-0.147679044
18.04	-0.190627259
18.06	-0.18683752
18.08	-0.183984236
18.1	-0.167149787
18.12	-0.170411857
18.14	-0.179138394
18.16	-0.201726276
18.18	-0.232533215
18.2	-0.272160917
18.22	-0.305145689
18.24	-0.311981684
18.26	-0.285862089
18.28	-0.174913014
18.3	-0.133091554
18.32	-0.135087501
18.34	-0.176358241
18.36	-0.210542
18.38	-0.191893791
18.4	-0.192559258
18.42	-0.204654765
18.44	-0.200652149
18.46	-0.205951758
18.48	-0.205266558
18.5	-0.189880997
18.52	-0.101412046
18.54	-0.037944857
18.56	-0.010731041
18.58	0.064287133
18.6	0.043039467
18.62	0.004616449
18.64	-0.033301968
18.66	0.066837275
18.68	0.036131537
18.7	0.082029348
18.72	0.096764745
18.74	0.093849463
18.76	0.089201839
18.78	0.138449683
18.8	0.115192116
18.82	0.157477696
18.84	0.150646256
18.86	0.156899
18.88	0.169115031
18.9	0.179703583
18.92	0.163676801
18.94	0.156225221
18.96	0.17304364
18.98	0.165593516
19	0.184822935
19.02	0.137050669
19.04	-0.031575488
19.06	-0.011604878
19.08	-0.050894315
19.1	-0.068615826
19.12	-0.015748448
19.14	-0.060131554
19.16	-0.144488415
19.18	-0.119258479
19.2	-0.063388451
19.22	-0.088593627
19.24	-0.111161334
19.26	-0.0782675
19.28	-0.054270449
19.3	-0.010594014
19.32	0.087868493
19.34	0.09094805
19.36	0.089508703
19.38	0.076442745
19.4	0.082266029
19.42	0.109440257
19.44	0.141223211
19.46	0.144702823
19.48	0.181437581
19.5	0.210236285
19.52	0.224924984
19.54	0.222564311
19.56	0.165549069
19.58	0.078984646
19.6	0.095338054
19.62	0.11188134
19.64	0.086363463
19.66	0.10959343
19.68	0.104575419
19.7	0.140430531
19.72	0.070548403
19.74	0.057535815
19.76	0.092884546
19.78	0.168653396
19.8	0.161927565
19.82	0.110603463
19.84	0.119968035
19.86	0.148215875
19.88	0.119431047
19.9	0.154508403
19.92	0.175858681
19.94	0.179025352
19.96	0.189042378
19.98	-0.090851037
20	0.002237679
20.02	-0.082306184
20.04	-0.153038676
20.06	-0.157859503
20.08	-0.059154323
20.1	-0.153390703
20.12	-0.138811646
20.14	-0.071868552
20.16	-0.154278413
20.18	-0.045211249
20.2	0.026042725
20.22	-0.029827795
20.24	-0.001244263
20.26	0.02125622
20.28	0.147826661
20.3	0.110637009
20.32	0.077301659
20.34	-0.068439541
20.36	0.050711476
20.38	0.025910863
20.4	0.020709552
20.42	-0.012962957
20.44	-0.023123883
20.46	-0.036290883
20.48	-0.019312474
20.5	-0.052667366
20.52	-0.046889148
20.54	-0.069831449
20.56	-0.092272299
20.58	-0.06712916
20.6	-0.102804574
20.62	-0.107700342
20.64	-0.14053736
20.66	-0.206233767
20.68	-0.253473363
20.7	-0.26087524
20.72	-0.237592073
20.74	-0.25268558
20.76	-0.255638913
20.78	-0.229096365
20.8	-0.205958394
20.82	-0.210180426
20.84	-0.194094853
20.86	-0.18870283
20.88	-0.183614785
20.9	-0.205157753
20.92	-0.235192608
20.94	-0.240586052
20.96	-0.213019497
20.98	-0.073345513
21	-0.054425177
21.02	0.038581297
21.04	0.03888326
21.06	0.083422086
21.08	0.072856565
21.1	0.029713789
21.12	0.11714607
21.14	0.123213945
21.16	0.09174809
21.18	0.166251109
21.2	0.179910669
21.22	0.15168917
21.24	0.168621582
21.26	0.164985023
21.28	0.171459913
21.3	0.160080015
21.32	0.167325726
21.34	0.135502973
21.36	0.146339673
21.38	0.165767723
21.4	0.155172782
21.42	0.140429197
21.44	0.149045446
21.46	0.120354889
21.48	-0.05994302
21.5	-0.032689546
21.52	-0.060339677
21.54	-0.078282654
21.56	-0.093346992
21.58	-0.068715294
21.6	-0.032850008
21.62	-0.053109083
21.64	-0.113804606
21.66	-0.124639085
21.68	-0.101060209
21.7	-0.095389843
21.72	-0.090756062
21.74	0.057532139
21.76	0.055614269
21.78	0.075908365
21.8	0.11266416
21.82	0.115175728
21.84	0.093828183
21.86	0.083847375
21.88	0.077964132
21.9	0.075238706
21.92	-0.009966502
21.94	0.064798573
21.96	0.012938015
21.98	-0.010541103
22	-0.020465244
22.02	-0.061370812
22.04	-0.075180244
22.06	-0.077093115
22.08	-0.064582261
22.1	-0.091548849
22.12	-0.094464793
22.14	-0.128674464
22.16	-0.142720551
22.18	-0.147703645
22.2	-0.163501839
22.22	-0.155910977
22.24	-0.142546633
22.26	-0.030002053
22.28	-0.013485521
22.3	0.04481909
22.32	0.042959915
22.34	0.082101136
22.36	0.087824008
22.38	0.08281607
22.4	0.073401638
22.42	0.06201028
22.44	-0.01803798
22.46	-0.016901413
22.48	-0.0867919
22.5	-0.088740113
22.52	-0.053644464
22.54	-0.037328382
22.56	-0.047541968
22.58	-0.02791586
22.6	-0.006893542
22.62	-0.013093684
22.64	-0.013014062
22.66	-0.011127878
22.68	0.019681021
22.7	0.075765786
22.72	0.099382002
22.74	0.088640118
22.76	0.108849345
22.78	0.105454114
22.8	0.118111771
22.82	0.107256031
22.84	0.093055735
22.86	0.112996881
22.88	0.11992847
22.9	0.130991751
22.92	0.109152891
22.94	0.112846512
22.96	0.074069734
22.98	0.076532432
23	0.070916223
23.02	0.052813185
23.04	0.046294965
23.06	0.054268334
23.08	0.054895092
23.1	0.062609264
23.12	0.073794826
23.14	0.064251304
23.16	0.085816531
23.18	0.108820118
23.2	0.132202513
23.22	0.134351465
23.24	0.060084236
23.26	0.106987202
23.28	0.087570561
23.3	0.073896166
23.32	0.089915781
23.34	0.089461946
23.36	0.085518141
23.38	0.117777196
23.4	0.1932959
23.42	0.196919668
23.44	0.01360699
23.46	-0.099527796
23.48	-0.068471229
23.5	-0.035447346
23.52	0.00219535
23.54	-0.009635245
23.56	-0.065600093
23.58	-0.059386203
23.6	-0.061941502
23.62	-0.072314239
23.64	-0.099611401
23.66	-0.103894026
23.68	-0.084894076
23.7	-0.106224273
23.72	-0.103061529
23.74	-0.105442167
23.76	-0.146680648
23.78	-0.15757863
23.8	-0.162091247
23.82	-0.192826168
23.84	-0.176771798
23.86	-0.194823267
23.88	-0.186956475
23.9	-0.198135776
23.92	-0.193227424
23.94	-0.183322726
23.96	0.04105957
23.98	0.010433791
24	-0.081658679
24.02	-0.107255029
24.04	-0.062432084
24.06	-0.020591522
24.08	-0.040676536
24.1	-0.04600235
24.12	-0.037972004
24.14	-0.025399325
24.16	-0.010988361
24.18	-0.018712284
24.2	-0.022282205
24.22	0.00088965
24.24	-0.030726779
24.26	-0.034996047
24.28	-0.009435214
24.3	-0.027893815
24.32	-0.043149129
24.34	-0.006892869
24.36	-0.021290137
24.38	-0.002160747
24.4	-0.031323808
24.42	0.014334391
24.44	0.018890956
24.46	0.025896154
24.48	-0.011884939
24.5	-0.054600444
24.52	-0.151538823
24.54	-0.156677093
24.56	-0.106283586
24.58	-0.086594009
24.6	-0.094248185
24.62	-0.072582425
24.64	-0.060203045
24.66	-0.026773057
24.68	0.019726736
24.7	0.067341055
24.72	0.091014213
24.74	0.080407183
24.76	0.064103139
24.78	0.06764951
24.8	0.071805813
24.82	0.103891862
24.84	-0.086474576
24.86	-0.076879499
24.88	-0.027158851
24.9	-0.064060837
24.92	-0.068344882
24.94	0.067973545
24.96	0.04211065
24.98	0.014207971
25	-0.00816777
25.02	0.003767427
25.04	0.025704899
25.06	0.041393471
25.08	-0.020104572
25.1	0.067413245
25.12	0.020001158
25.14	0.005677229
25.16	-0.024741348
25.18	-0.036170936
25.2	-0.034746276
25.22	-0.016873203
25.24	-0.001232644
25.26	0.019434974
25.28	0.051674324
25.3	-0.002173666
25.32	0.012164118
25.34	0.021621004
25.36	0.052524875
25.38	0.048186298
25.4	0.054600066
25.42	0.085831674
25.44	0.068452766
25.46	0.108245732
25.48	0.14193905
25.5	0.199364493
25.52	0.192958322
25.54	0.1573906
25.56	0.126151267
25.58	0.075873044
25.6	0.070733321
25.62	0.053843837
25.64	0.04288578
25.66	0.043165436
25.68	0.048767136
25.7	0.046684239
25.72	0.071270147
25.74	0.065819901
25.76	0.067603849
25.78	0.078398187
25.8	0.065823328
25.82	0.052559415
25.84	0.049534952
25.86	0.042358674
25.88	0.055922809
25.9	0.07216635
25.92	0.079600617
25.94	0.098536588
25.96	0.102779945
25.98	0.013905394
26	-0.03082631
26.02	-0.024138597
26.04	-0.04676462
26.06	-0.001643907
26.08	-0.017670538
26.1	-0.034195559
26.12	-0.044170179
26.14	-0.042626528
26.16	-0.047192309
26.18	-0.096602838
26.2	-0.103079133
26.22	-0.10077805
26.24	-0.116446845
26.26	-0.124373078
26.28	-0.122327712
26.3	-0.13691825
26.32	-0.151614708
26.34	-0.144286859
26.36	-0.157152744
26.38	-0.160081444
26.4	-0.179286931
26.42	-0.172250089
26.44	-0.17172924
26.46	-0.178639602
26.48	-0.168648461
26.5	0.061387991
26.52	-0.01377031
26.54	0.012322007
26.56	0.049956656
26.58	0.043768852
26.6	-0.024457342
26.62	-0.049418498
26.64	0.024976131
26.66	0.056633156
26.68	0.055433285
26.7	0.068000727
26.72	0.091708099
26.74	0.111621501
26.76	0.090034491
26.78	0.104632525
26.8	0.098310267
26.82	0.079603836
26.84	0.075225279
26.86	0.019387347
26.88	-0.067251168
26.9	-0.126682265
26.92	-0.137925751
26.94	-0.143137279
26.96	-0.152403362
26.98	-0.144509053
27	-0.138234456
27.02	-0.137424794
27.04	-0.159592743
27.06	-0.12600131
27.08	-0.107896237
27.1	-0.05803076
27.12	-0.040931967
27.14	0.04909279
27.16	0.10591934
27.18	0.078057805
27.2	0.073971424
27.22	0.087310628
27.24	0.112750557
27.26	0.136103668
27.28	0.168360807
27.3	0.144313862
27.32	0.161979017
27.34	0.16089875
27.36	0.165035676
27.38	0.174101858
27.4	0.157577953
27.42	0.157431595
27.44	0.229350076
27.46	0.247004846
27.48	0.233409622
27.5	0.255408971
27.52	0.11140061
27.54	-0.013657812
27.56	-0.118675309
27.58	-0.203605356
27.6	-0.215068537
27.62	-0.138268764
27.64	-0.156183681
27.66	-0.130452373
27.68	-0.117181724
27.7	-0.095991338
27.72	-0.191085336
27.74	-0.182799922
27.76	-0.177353979
27.78	-0.181988637
27.8	-0.223623558
27.82	-0.181827651
27.84	-0.202029652
27.86	-0.188593718
27.88	-0.178126306
27.9	-0.206050841
27.92	-0.20251091
27.94	-0.192247694
27.96	-0.152046329
27.98	-0.021647186
28	0.08244196
28.02	0.130326714
28.04	0.112840487
28.06	0.088058845
28.08	0.097797824
28.1	0.067264881
28.12	0.074548104
28.14	0.082778465
28.16	0.080140227
28.18	0.062861805
28.2	0.033411465
28.22	0.067754892
28.24	0.053347403
28.26	0.00849209
28.28	0.002667805
28.3	-0.064625642
28.32	-0.059311183
28.34	-0.036444279
28.36	0.006856521
28.38	-0.021322713
28.4	-0.014908156
28.42	-0.008386936
28.44	-0.018213286
28.46	-0.017657257
28.48	-0.013064802
28.5	-0.017487003
28.52	-0.008690942
28.54	0.004136339
28.56	0.022485135
28.58	0.047656345
28.6	0.021767213
28.62	0.054052517
28.64	0.114409029
28.66	0.122677364
28.68	0.131881273
28.7	0.143836755
28.72	0.157409622
28.74	0.20040473
28.76	0.172520844
28.78	0.195145768
28.8	0.000744345
28.82	0.082415447
28.84	0.07567896
28.86	0.070337573
28.88	0.005150656
28.9	-0.005232894
28.92	0.002719078
28.94	0.007015936
28.96	0.028988
28.98	-0.018776641
29	-0.041255928
29.02	-0.028874029
29.04	-0.064171713
29.06	-0.04200167
29.08	-0.051879713
29.1	-0.041574327
29.12	-0.053901248
29.14	-0.057886304
29.16	-0.058143957
29.18	-0.049317318
29.2	-0.056132255
29.22	-0.063470464
29.24	-0.065992578
29.26	-0.06136539
29.28	-0.073199068
29.3	-0.031616974
29.32	0.000929067
29.34	-0.001067056
29.36	0.011409496
29.38	-0.007032216
29.4	-0.014459899
29.42	-0.031418116
29.44	-0.04261056
29.46	-0.072472642
29.48	0.070297604
29.5	0.075255765
29.52	0.078531111
29.54	0.07077406
29.56	0.023133748
29.58	0.02241504
29.6	0.061869185
29.62	0.041604044
29.64	0.029508589
29.66	0.033128652
29.68	0.051878123
29.7	0.062758151
29.72	0.087594704
29.74	0.107487248
29.76	0.124250411
29.78	0.132217528
29.8	0.142318228
29.82	0.13978955
29.84	0.13616252
29.86	0.133188289
29.88	0.150446185
29.9	0.148238326
29.92	0.1180116
29.94	0.097999661
29.96	-0.07856975
29.98	-0.05098977
30	-0.10850835
30.02	-0.069687693
30.04	-0.022199533
30.06	-0.025653505
30.08	-0.073346919
30.1	-0.051074995
30.12	-0.072397172
30.14	-0.077064947
30.16	-0.080941088
30.18	-0.07912953
30.2	-0.095604435
30.22	-0.097983511
30.24	-0.100029506
30.26	-0.117152323
30.28	-0.111677219
30.3	-0.117248332
30.32	-0.084571084
30.34	-0.022009327
30.36	0.056135589
30.38	0.095497652
30.4	0.101454728
30.42	0.099849389
30.44	0.084585366
30.46	0.03767608
30.48	0.032642716
30.5	0.016472731
30.52	0.015517988
30.54	0.018957506
30.56	0.024157488
30.58	-0.010834411
30.6	-0.045776986
30.62	-0.087754289
30.64	-0.145619355
30.66	-0.091689768
30.68	-0.094374703
30.7	-0.038635375
30.72	-0.069035925
30.74	-0.105312808
30.76	-0.108138819
30.78	-0.120367755
30.8	-0.108754798
30.82	-0.085619049
30.84	-0.071445554
30.86	-0.069180443
30.88	-0.074138692
30.9	-0.002864718
30.92	0.046916385
30.94	0.057642633
30.96	0.059217718
30.98	0.130316218
31	0.110185732
31.02	0.131116909
31.04	0.151815397
31.06	0.171440787
31.08	0.157048594
31.1	0.17616708
31.12	0.161816323
31.14	0.177852288
31.16	0.178016602
31.18	0.17416102
31.2	0.169983912
31.22	0.183352167
31.24	0.179851599
31.26	0.172977394
31.28	0.118599964
31.3	-0.050313747
31.32	0.010223852
31.34	-0.019687099
31.36	-0.128020922
31.38	-0.123028508
31.4	-0.118992569
31.42	-0.080798497
31.44	-0.128971231
31.46	-0.154633529
31.48	-0.166533854
31.5	-0.143560746
31.52	-0.182615709
31.54	-0.168452389
31.56	-0.171641712
31.58	-0.187603505
31.6	-0.179625581
31.62	-0.183049155
31.64	-0.188281041
31.66	-0.187464457
31.68	-0.200062493
31.7	-0.179064619
31.72	-0.145725561
31.74	-0.12961504
31.76	0.123380103
31.78	0.046039582
31.8	0.03778451
31.82	0.020450122
31.84	0.026435444
31.86	0.056206159
31.88	0.10038477
31.9	0.113060425
31.92	0.10580277
31.94	0.104550955
31.96	0.103502552
31.98	0.094218507
32	0.103056405
32.02	0.07637114
32.04	0.072970729
32.06	0.091584011
32.08	0.059095201
32.1	0.046890842
32.12	-0.09045872
32.14	-0.052877311
32.16	-0.031257475
32.18	-0.071232523
32.2	-0.126872393
32.22	-0.145597088
32.24	-0.14162595
32.26	-0.140535908
32.28	-0.127678791
32.3	-0.106596491
32.32	-0.009033036
32.34	0.028428812
32.36	0.042563287
32.38	0.025584715
32.4	0.07873367
32.42	0.071683152
32.44	0.099348761
32.46	0.122481412
32.48	0.155313576
32.5	0.142337273
32.52	0.150599771
32.54	0.168145082
32.56	0.143141114
32.58	0.160414669
32.6	0.156301154
32.62	0.134097785
32.64	0.066666847
32.66	0.01963287
32.68	-0.008217614
32.7	-0.017221219
32.72	-0.045690108
32.74	-0.073503998
32.76	-0.101670886
32.78	-0.107505814
32.8	-0.084922338
32.82	-0.086652409
32.84	-0.091344851
32.86	-0.098229021
32.88	-0.109895232
32.9	-0.098039258
32.92	-0.083160771
32.94	-0.110857341
32.96	-0.135527515
32.98	-0.136168245
33	-0.135800054
33.02	-0.136806023
33.04	-0.126645871
33.06	-0.110702886
33.08	-0.101943552
33.1	-0.084761048
33.12	-0.007861015
33.14	0.101382732
33.16	0.125618728
33.18	0.071016373
33.2	0.064282917
33.22	0.080212551
33.24	0.087184066
33.26	0.090057669
33.28	0.067302662
33.3	0.075134466
33.32	0.063603689
33.34	0.046954108
33.36	0.034658881
33.38	0.05198816
33.4	0.057489899
33.42	0.05081409
33.44	0.080617288
33.46	0.098700464
33.48	0.090752204
33.5	0.094372623
33.52	0.080304774
33.54	0.076318885
33.56	0.077673547
33.58	0.071380462
33.6	0.078445725
33.62	0.068260047
33.64	-0.006293518
33.66	-0.082579801
33.68	-0.086565218
33.7	-0.064407145
33.72	-0.065790914
33.74	-0.074024452
33.76	-0.064696344
33.78	-0.026321387
33.8	-0.001305026
33.82	-0.021884428
33.84	-0.040253268
33.86	-0.049845196
33.88	-0.018085469
33.9	-0.027137936
33.92	-0.011332044
33.94	0.073647134
33.96	0.052590806
33.98	0.056985285
34	0.055256883
34.02	0.066771617
34.04	0.068018431
34.06	-0.002984645
34.08	0.018612471
34.1	0.018702612
34.12	0.011304827
34.14	-0.035164037
34.16	-0.045315925
34.18	-0.076136765
34.2	-0.077772429
34.22	-0.105907833
34.24	-0.093316624
34.26	-0.128642452
34.28	-0.133278302
34.3	-0.136378904
34.32	-0.128461261
34.34	-0.138401615
34.36	-0.111588839
34.38	-0.117967751
34.4	-0.040881274
34.42	-0.062501283
34.44	-0.043662025
34.46	-0.032594589
34.48	-0.054587983
34.5	-0.030861828
34.52	-0.024841521
34.54	0.010308064
34.56	0.033204043
34.58	0.032071069
34.6	0.061271228
34.62	0.053974025
34.64	0.068426725
34.66	0.075440463
34.68	0.067441901
34.7	0.035428386
34.72	0.004630363
34.74	0.021010603
34.76	0.026959811
34.78	0.011163
34.8	-0.000110208
34.82	-0.003971523
34.84	0.000853616
34.86	0.00609353
34.88	0.027363343
34.9	0.052167485
34.92	0.053379133
34.94	0.060054522
34.96	0.057528546
34.98	0.079591238
35	0.117992116
35.02	0.125234321
35.04	0.128669797
35.06	0.123151252
35.08	-0.084761632
35.1	-0.050035868
35.12	-0.036132587
35.14	-0.030735462
35.16	-0.051265368
35.18	-0.045746958
35.2	-0.056089896
35.22	-0.063929443
35.24	-0.078698271
35.26	-0.060489885
35.28	-0.066498587
35.3	-0.079743024
35.32	-0.073106006
35.34	-0.097573939
35.36	-0.099877034
35.38	-0.114925176
35.4	-0.14222072
35.42	-0.13112032
35.44	-0.144058875
35.46	-0.126911768
35.48	-0.100251725
35.5	0.08009287
35.52	0.100756448
35.54	0.074811733
35.56	0.088949207
35.58	0.068524349
35.6	0.038938977
35.62	0.034084813
35.64	-0.012730721
35.66	-0.034032458
35.68	-0.024024587
35.7	-0.005769969
35.72	-0.01648819
35.74	-0.014452562
35.76	-0.028930447
35.78	-0.020394182
35.8	-0.009528481
35.82	6.21997E-05
35.84	0.009197123
35.86	0.003765992
35.88	0.020723216
35.9	0.007937528
35.92	0.015159436
35.94	0.010171861
35.96	-0.025748304
35.98	-0.029690416
36	-0.042908157
36.02	0.010458727
36.04	0.056129949
36.06	0.071694884
36.08	0.062209634
36.1	0.051900099
36.12	0.055734763
36.14	0.05734715
36.16	0.06984813
36.18	0.1010988
36.2	0.137004571
36.22	0.098511946
36.24	0.106019398
36.26	0.12031739
36.28	0.086235818
36.3	0.09190882
36.32	0.078469167
36.34	0.060653271
36.36	0.064906808
36.38	0.051274839
36.4	0.058310234
36.42	0.07984084
36.44	0.055622521
36.46	0.083053423
36.48	0.122584568
36.5	0.104354428
36.52	0.10068524
36.54	0.07188176
36.56	0.009083328
36.58	-0.027162805
36.6	-0.047737364
36.62	-0.036046373
36.64	-0.00638026
36.66	-0.037236617
36.68	-0.043270263
36.7	-0.040047517
36.72	-0.028072424
36.74	-0.032886773
36.76	-0.062596825
36.78	-0.063888152
36.8	-0.064733705
36.82	-0.076285318
36.84	-0.086107652
36.86	-0.102103223
36.88	-0.103822145
36.9	-0.115830469
36.92	-0.128086297
36.94	-0.130923983
36.96	-0.158503235
36.98	-0.156151997
37	-0.120305449
37.02	-0.005704005
37.04	0.001954068
37.06	0.023132773
37.08	0.018523919
37.1	0.005655399
37.12	0.010110646
37.14	0.037908291
37.16	0.020637541
37.18	0.034774608
37.2	0.062251334
37.22	-0.026008531
37.24	-0.043932855
37.26	-0.016230916
37.28	-0.012938939
37.3	-0.033625122
37.32	0.01999347
37.34	0.035568118
37.36	0.026545168
37.38	0.00621255
37.4	-0.014152472
37.42	-0.075865566
37.44	-0.039569184
37.46	-0.033192333
37.48	-0.043051234
37.5	-0.048931214
37.52	-0.018933473
37.54	0.040482919
37.56	0.04006457
37.58	0.066947105
37.6	0.083714562
37.62	0.078479067
37.64	0.088961498
37.66	0.083558757
37.68	0.053420489
37.7	0.059702284
37.72	0.0709983
37.74	0.081724273
37.76	0.108957336
37.78	0.121582101
37.8	-0.006949532
37.82	0.04425601
37.84	-0.005979724
37.86	-0.028015769
37.88	-0.03289588
37.9	-0.054925603
37.92	-0.067208825
37.94	-0.0745246
37.96	-0.090399746
37.98	-0.072914734
38	-0.070706783
38.02	-0.06273686
38.04	-0.052111293
38.06	-0.061302802
38.08	-0.071720364
38.1	-0.093219434
38.12	-0.115140079
38.14	-0.134281287
38.16	-0.145278263
38.18	-0.145259809
38.2	-0.141246932
38.22	-0.107470132
38.24	-0.061862905
38.26	-0.103355699
38.28	-0.092419201
38.3	-0.082248244
38.32	-0.093694539
38.34	-0.100445859
38.36	-0.107451362
38.38	-0.075269378
38.4	-0.052353016
38.42	-0.029892788
38.44	0.024246924
38.46	-0.005647214
38.48	0.001129464
38.5	0.022688182
38.52	0.035774897
38.54	0.039016901
38.56	0.058694888
38.58	0.066449318
38.6	0.075522602
38.62	0.080765966
38.64	0.082990308
38.66	0.082905407
38.68	0.085194103
38.7	0.090161033
38.72	0.074656966
38.74	0.027970917
38.76	-0.03274221
38.78	-0.07329517
38.8	-0.109961662
38.82	-0.086210576
38.84	-0.049392876
38.86	-0.022235016
38.88	-0.009128995
38.9	0.056547001
38.92	0.02957995
38.94	0.017511017
38.96	0.038035644
38.98	0.056283625
39	0.041892809
39.02	0.031481012
39.04	0.030533657
39.06	0.023896775
39.08	0.043473144
39.1	0.058082501
39.12	0.065186288
39.14	0.050273272
39.16	0.059397373
39.18	0.034630381
39.2	-0.0002809
39.22	-0.042342513
39.24	-0.023822122
39.26	-0.062544964
39.28	-0.064879602
39.3	-0.029140101
39.32	-0.051231151
39.34	-0.029838029
39.36	-0.055589919
39.38	-0.05625122
39.4	-0.077329933
39.42	-0.094766839
39.44	-0.073907699
39.46	-0.079909089
39.48	-0.067166731
39.5	-0.056063438
39.52	-0.03838387
39.54	-0.028048137
39.56	-0.026696937
39.58	-0.014509754
39.6	0.052942306
39.62	0.034557119
39.64	0.033806427
39.66	0.043435933
39.68	0.059782636
39.7	0.068302841
39.72	0.089573606
39.74	0.091892775
39.76	0.103036863
39.78	0.100946452
39.8	0.025101637
39.82	0.103323901
39.84	0.077117544
39.86	0.077374678
39.88	0.076723589
39.9	0.100142925
39.92	0.107941313
39.94	0.040369673
39.96	0.015700649
39.98	0.037807607
40	0.025033409
40.02	0.039217201
40.04	0.075786362
40.06	0.128542469
40.08	0.161158535
40.1	0.148001407
40.12	0.180780728
40.14	0.136014904
40.16	0.135494604
40.18	0.104210151
40.2	0.117848284
40.22	0.130890724
40.24	0.174058796
40.26	0.167829988
40.28	-0.022495841
40.3	0.051742742
40.32	0.007192619
40.34	-0.039170299
40.36	-0.028207944
40.38	-0.016322766
40.4	-0.004424601
40.42	-0.045076
40.44	-0.055863981
40.46	-0.032150586
40.48	-0.030147613
40.5	-0.022220567
40.52	-0.022051027
40.54	-0.016144011
40.56	-0.013317345
40.58	-0.009512807
40.6	-0.019228918
40.62	-0.000304056
40.64	-0.009897919
40.66	-0.011313608
40.68	0.008265482
40.7	0.004727372
40.72	0.015403359
40.74	0.021732337
40.76	-0.012974635
40.78	-0.026631091
40.8	-0.044704204
40.82	-0.063995656
40.84	-0.068363031
40.86	-0.064109665
40.88	-0.07107091
40.9	-0.067785175
40.92	-0.064215456
40.94	-0.00019053
40.96	0.037632938
40.98	0.080355133
41	0.072020446
41.02	0.055775688
41.04	0.089773643
41.06	0.083650477
41.08	0.102112968
41.1	0.103773698
41.12	0.123465764
41.14	0.120429314
41.16	0.143511959
41.18	0.139225596
41.2	0.144305217
41.22	0.150600722
41.24	0.023294401
41.26	0.022265908
41.28	-0.020848146
41.3	0.026302286
41.32	0.04833533
41.34	0.016515573
41.36	0.015810307
41.38	-0.004364968
41.4	-2.12095E-05
41.42	0.004045567
41.44	0.001251911
41.46	-0.029786091
41.48	-0.043970356
41.5	0.129918928
41.52	0.099772214
41.54	0.070971323
41.56	0.099679898
41.58	0.089159094
41.6	0.106108597
41.62	0.117397017
41.64	0.109409973
41.66	0.012517458
41.68	0.005124927
41.7	-0.011255726
41.72	-0.031052747
41.74	-0.045213636
41.76	-0.081755089
41.78	-0.109776449
41.8	-0.106489971
41.82	-0.138716719
41.84	-0.158512169
41.86	-0.138577833
41.88	-0.163046758
41.9	-0.144579893
41.92	-0.118653921
41.94	-0.176227918
41.96	-0.136099896
41.98	-0.14034474
42	-0.176272999
42.02	-0.163684222
42.04	-0.143362338
42.06	-0.11250776
42.08	-0.12375469
42.1	-0.104491705
42.12	-0.090013813
42.14	-0.105232577
42.16	-0.101578995
42.18	-0.108380249
42.2	-0.011136543
42.22	0.080096559
42.24	0.109268675
42.26	0.031868516
42.28	0.036685001
42.3	0.034866002
42.32	0.055264846
42.34	0.011807136
42.36	-0.013710299
42.38	-0.031815466
42.4	-0.014287735
42.42	-0.030745692
42.44	-0.032517695
42.46	-0.015722629
42.48	-0.009013314
42.5	0.005578933
42.52	0.023525493
42.54	0.044530618
42.56	0.047165146
42.58	0.055036407
42.6	0.053403327
42.62	0.049060953
42.64	0.006130655
42.66	-0.070444766
42.68	-0.124435165
42.7	-0.183289672
42.72	-0.16238451
42.74	-0.138837236
42.76	-0.098999619
42.78	-0.068717595
42.8	-0.05479197
42.82	-0.033566305
42.84	-0.011609114
42.86	-0.055137612
42.88	-0.062509097
42.9	-0.050432709
42.92	-0.047609458
42.94	-0.067570198
42.96	-0.08428462
42.98	-0.037761426
43	0.027838346
43.02	0.048883557
43.04	0.028742072
43.06	0.005396508
43.08	-0.004350633
43.1	-0.023142792
43.12	-0.074851639
43.14	-0.05058284
43.16	-0.05532244
43.18	-0.111804536
43.2	-0.138984264
43.22	-0.143675309
43.24	-0.140113972
43.26	-0.150887148
43.28	-0.143855166
43.3	-0.144306541
43.32	-0.148922449
43.34	0.01145163
43.36	-0.020028278
43.38	-0.044349789
43.4	-0.038153035
43.42	-0.011864025
43.44	-0.006705821
43.46	-0.004952042
43.48	0.000921641
43.5	0.013350145
43.52	0.015714174
43.54	0.014767694
43.56	0.028748489
43.58	0.040866279
43.6	0.048550699
43.62	0.060566552
43.64	0.064240231
43.66	0.07206307
43.68	0.07895105
43.7	0.058474616
43.72	0.074757096
43.74	0.109533441
43.76	0.104655688
43.78	0.11953296
43.8	0.126123141
43.82	0.132218461
43.84	0.135962471
43.86	0.102290387
43.88	0.001757005
43.9	0.00614591
43.92	0.034610807
43.94	0.056231159
43.96	0.029944643
43.98	0.010651077
44	0.051733935
44.02	0.069458376
44.04	0.051690608
44.06	0.047381968
44.08	0.063277809
44.1	0.113200864
44.12	0.132635371
44.14	0.136194242
44.16	0.134456463
44.18	0.061876304
44.2	0.007471002
44.22	0.006945619
44.24	0.028283931
44.26	-0.01195605
44.28	-0.039265941
44.3	-0.016679981
44.32	0.011954398
44.34	0.021350167
44.36	0.001609942
44.38	-0.009701121
44.4	-0.010059221
44.42	-0.019214151
44.44	-0.030716622
44.46	-0.031398756
44.48	-0.026022867
44.5	0.000639139
44.52	-0.000127963
44.54	0.008065134
44.56	0.003658427
44.58	-0.009620628
44.6	-0.029956182
44.62	-0.035085873
44.64	-0.039640157
44.66	-0.066771786
44.68	-0.069631596
44.7	-0.091315349
44.72	-0.100577186
44.74	-0.100295295
44.76	-0.102647478
44.78	-0.10621857
44.8	-0.092385182
44.82	-0.084254219
44.84	-0.012165461
44.86	-0.006335184
44.88	0.010961562
44.9	0.031700019
44.92	0.02600652
44.94	0.036383986
44.96	0.03921993
44.98	0.044646282
45	0.063613456
45.02	0.071341249
45.04	0.065181388
45.06	0.061734587
45.08	0.056068222
45.1	0.076774259
45.12	0.072834443
45.14	0.08552655
45.16	0.078249594
45.18	0.071296755
45.2	-0.056039284
45.22	-0.004039132
45.24	0.003191176
45.26	0.010930123
45.28	0.032181179
45.3	0.042615628
45.32	0.037255174
45.34	0.04625341
45.36	0.054890374
45.38	0.0579546
45.4	0.062680788
45.42	0.066137728
45.44	0.062128663
45.46	0.08634583
45.48	0.087580526
45.5	0.085123757
45.52	0.082759878
45.54	0.055051809
45.56	0.013476571
45.58	0.025849552
45.6	-0.018795875
45.62	-0.040060163
45.64	-0.054717135
45.66	-0.054538896
45.68	-0.065306794
45.7	-0.084165212
45.72	-0.080690265
45.74	-0.088534385
45.76	-0.089648006
45.78	-0.095485477
45.8	-0.09457171
45.82	-0.096212245
45.84	-0.10561613
45.86	-0.096702285
45.88	-0.092092568
45.9	-0.0734322
45.92	-0.07637077
45.94	-0.067749216
45.96	-0.068912871
45.98	-0.061474991
46	0.000180419
46.02	-0.028063609
46.04	-0.042970609
46.06	-0.041624267
46.08	-0.045729554
46.1	-0.056726482
46.12	-0.057074764
46.14	-0.041362217
46.16	-0.047929623
46.18	-0.050960863
46.2	-0.006803837
46.22	0.009338224
46.24	0.010857829
46.26	-0.008710104
46.28	0.003911328
46.3	0.022698092
46.32	0.003313449
46.34	-0.004231879
46.36	0.01249476
46.38	0.023513561
46.4	0.018557801
46.42	0.021528473
46.44	0.041193255
46.46	0.056592715
46.48	0.059632726
46.5	0.070618872
46.52	0.082862062
46.54	0.087517673
46.56	0.083528152
46.58	0.091000303
46.6	0.084284063
46.62	0.083595845
46.64	0.082140941
46.66	-0.046155441
46.68	0.03124656
46.7	0.06954136
46.72	0.038200127
46.74	0.033349379
46.76	0.022709284
46.78	0.007749968
46.8	0.003134728
46.82	-0.007753908
46.84	-0.013925503
46.86	-0.012813979
46.88	-0.010716742
46.9	-0.003747385
46.92	0.02894266
46.94	0.035487343
46.96	0.027493905
46.98	0.036851432
47	0.024461335
47.02	0.036756648
47.04	0.05379337
47.06	0.036349569
47.08	0.022879282
47.1	0.031391907
47.12	0.009865042
47.14	-0.033251029
47.16	-0.055423927
47.18	-0.066654833
47.2	-0.079946732
47.22	-0.076783499
47.24	-0.087755663
47.26	-0.098447671
47.28	-0.093352649
47.3	-0.098534834
47.32	-0.072255829
47.34	-0.024683517
47.36	0.015406659
47.38	0.056856539
47.4	0.039656868
47.42	0.033640739
47.44	0.053522404
47.46	0.056354896
47.48	0.067425391
47.5	0.064810712
47.52	0.067093567
47.54	0.065915301
47.56	0.064279638
47.58	0.061291843
47.6	0.070094394
47.62	0.088626772
47.64	0.091608353
47.66	0.059055608
47.68	0.051865611
47.7	0.053014869
47.72	0.057667289
47.74	0.062437422
47.76	0.086476312
47.78	0.086345016
47.8	0.080424573
47.82	0.085993468
47.84	0.073036182
47.86	0.073871525
47.88	0.061796364
47.9	0.073675307
47.92	0.082594239
47.94	0.105907144
47.96	0.040748731
47.98	0.035483522
48	0.019240869
48.02	0.01181072
48.04	0.020901347
48.06	0.012209456
48.08	0.003977965
48.1	0.000130477
48.12	-0.010472194
48.14	-0.014518441
48.16	-0.012506287
48.18	-0.014298075
48.2	-0.025225041
48.22	-0.033378922
48.24	-0.030580158
48.26	-0.038145119
48.28	-0.03167531
48.3	-0.034923988
48.32	-0.038799906
48.34	-0.040865395
48.36	-0.040629956
48.38	-0.040840457
48.4	-0.039132357
48.42	-0.040204124
48.44	-0.038847275
48.46	-0.038735053
48.48	-0.051637423
48.5	-0.058448731
48.52	-0.063413955
48.54	-0.067986633
48.56	-0.068309493
48.58	-0.066464672
48.6	-0.06263317
48.62	-0.062424269
48.64	-0.055788433
48.66	-0.058591186
48.68	-0.064823929
48.7	-0.071263452
48.72	-0.078255672
48.74	-0.075044811
48.76	-0.064510845
48.78	-0.02414597
48.8	-0.007588151
48.82	0.009317313
48.84	0.016827491
48.86	0.027805131
48.88	0.030187468
48.9	0.043738868
48.92	0.047561296
48.94	0.045364632
48.96	0.04614029
48.98	0.041171074
49	0.04282242
49.02	0.043698292
49.04	0.037200845
49.06	0.021766598
49.08	0.001709843
49.1	-0.012648022
49.12	-0.007024384
49.14	-0.002322918
49.16	0.008572979
49.18	0.004157382
49.2	7.19875E-05
49.22	0.001858331
49.24	-0.019969721
49.26	-0.026567998
49.28	-0.023168771
49.3	-0.003973402
49.32	-0.00857376
49.34	-0.015582434
49.36	-0.014654256
49.38	-0.005867424
49.4	-0.004656088
49.42	0.003959683
49.44	0.018360581
49.46	0.015414267
49.48	0.020268671
49.5	0.015126004
49.52	-0.016228627
49.54	-0.012409334
49.56	-0.040237612
49.58	-0.041388865
49.6	-0.048767225
49.62	-0.06317819
49.64	-0.06352388
49.66	-0.071821709
49.68	-0.07131034
49.7	-0.077281473
49.72	-0.077428568
49.74	-0.078468975
49.76	-0.067835765
49.78	-0.039392086
49.8	-0.039101038
49.82	-0.038217972
49.84	-0.041259663
49.86	-0.033759583
49.88	-0.038614876
49.9	-0.036616039
49.92	-0.034333894
49.94	-0.031584764
49.96	-0.018877292
49.98	-0.01144269
50	-0.017602595
50.02	-0.026800957
50.04	-0.014498137
50.06	-0.013206008
50.08	0.000984612
50.1	0.006657875
50.12	0.011274338
50.14	0.015744847
50.16	0.016928397
50.18	0.021552527
50.2	0.03011082
50.22	0.040313804
50.24	0.049222938
50.26	0.059755133
50.28	0.063794406
50.3	0.068005395
50.32	0.056720415
50.34	0.053496455
50.36	0.086462035
50.38	0.092338566
50.4	0.077184814
50.42	0.081264875
50.44	-0.017980628
50.46	-0.060390556
50.48	-0.072438003
50.5	-0.052031582
50.52	-0.013199565
50.54	0.002772245
50.56	0.010485555
50.58	0.014566165
50.6	0.015659139
50.62	0.008138107
50.64	-0.00483027
50.66	0.003174705
50.68	-0.011982577
50.7	-0.014564372
50.72	-0.021647337
50.74	-0.02700687
50.76	-0.023912084
50.78	-0.01582679
50.8	-0.019185324
50.82	-0.011809293
50.84	-0.010044422
50.86	-0.006932553
50.88	-0.005542241
50.9	-0.00163217
50.92	0.023828637
50.94	-0.021161246
50.96	0.005201972
50.98	-0.003092262
51	-0.019427531
51.02	-0.039778017
51.04	-0.027146023
51.06	-0.023205604
51.08	-0.034355705
51.1	-0.045122712
51.12	-0.050195393
51.14	-0.041655577
51.16	-0.054512131
51.18	-0.055317556
51.2	-0.052895102
51.22	-0.042464146
51.24	0.016171807
51.26	0.003278601
51.28	-0.015246445
51.3	-0.012022712
51.32	-0.008212033
51.34	-0.008702537
51.36	0.011831748
51.38	0.016692607
51.4	0.013023036
51.42	0.019412273
51.44	0.027336763
51.46	0.032029158
51.48	0.040429478
51.5	0.046822662
51.52	0.046180936
51.54	0.047988842
51.56	0.049387528
51.58	0.052621213
51.6	0.051345175
51.62	0.047727219
51.64	0.04618502
51.66	0.04320971
51.68	0.04425839
51.7	0.052846844
51.72	0.049000772
51.74	0.048103246
51.76	0.041896342
51.78	0.047004487
51.8	0.009080522
51.82	0.006344872
51.84	-0.00550636
51.86	-0.033205578
51.88	-0.036136948
51.9	-0.026798211
51.92	-0.040431878
51.94	-0.043843702
51.96	-0.044669701
51.98	-0.039400693
52	-0.037589226
52.02	-0.03425024
52.04	-0.022028867
52.06	0.001645383
52.08	0.007915164
52.1	0.001292911
52.12	-0.013266407
52.14	-0.009766504
52.16	-0.016542203
52.18	-0.029999024
52.2	-0.036308794
52.22	-0.041043889
52.24	-0.046059924
52.26	-0.050029475
52.28	-0.055043168
52.3	-0.063849292
52.32	-0.06206757
52.34	-0.064914685
52.36	-0.063440477
52.38	-0.066006371
52.4	-0.071575185
52.42	-0.06168176
52.44	-0.059353208
52.46	-0.059200555
52.48	-0.055584036
52.5	-0.067031655
52.52	-0.080827937
52.54	-0.087772837
52.56	-0.084392322
52.58	-0.066882886
52.6	-0.041957016
52.62	-0.007281061
52.64	-0.003152298
52.66	0.013494612
52.68	0.016998331
52.7	0.024329324
52.72	0.016954716
52.74	0.015872447
52.76	0.026719459
52.78	0.022491752
52.8	0.023319125
52.82	0.025405921
52.84	0.030778285
52.86	0.031718108
52.88	0.036015973
52.9	0.049458923
52.92	0.06237653
52.94	0.065622539
52.96	0.073682965
52.98	0.082604232
53	0.093071951
53.02	0.094146301
53.04	0.090223168
53.06	0.086740502
53.08	0.077883786
53.1	0.078409871
53.12	0.084310929
53.14	0.079515798
53.16	0.067562381
53.18	0.061916911
53.2	0.04187224
53.22	0.04785702
53.24	0.042384213
53.26	0.001380277
53.28	0.015444127
53.3	0.016353986
53.32	-0.001553676
53.34	-0.002630818
53.36	0.001172473
53.38	0.00866992
53.4	0.010470491
53.42	0.010079208
53.44	0.019642548
53.46	0.022920994
53.48	0.026164251
53.5	0.017224648
53.52	0.026386572
53.54	0.032358181
53.56	0.067724544
53.58	0.056074137
53.6	0.048256271
53.62	0.047794325
53.64	0.039780626
53.66	0.038847404
53.68	-0.005930966
53.7	0.000129266
53.72	-0.021851624
53.74	-0.039525941
53.76	-0.043547323
53.78	-0.050583967
53.8	-0.048513534
53.82	-0.048316725
53.84	-0.049279426
53.86	-0.042064143
53.88	-0.044251407
53.9	-0.049144005
53.92	-0.037646255
53.94	-0.025950019
53.96	0.007042262
53.98	0.033848155
54	0.047840276
54.02	0.051970138
54.04	0.049304439
54.06	0.057985151
54.08	0.055752455
54.1	0.060310279
54.12	0.064182503
54.14	0.06194378
54.16	0.051464116
54.18	0.048457729
54.2	0.049096721
54.22	0.039495867
54.24	0.004578566
54.26	0.005654878
54.28	0.004955208
54.3	0.011971989
54.32	0.014226945
54.34	0.002802286
54.36	-0.01551217
54.38	-0.00486299
54.4	0.007573089
54.42	-0.000437297
54.44	0.001333486
54.46	-0.004231463
54.48	-0.007565545
54.5	-0.009034247
54.52	-0.005957725
54.54	-0.00578927
54.56	0.003751084
54.58	0.009988189
54.6	0.005966605
54.62	0.000335704
54.64	-0.000901672
54.66	-0.0150071
54.68	-0.021951401
54.7	-0.019908314
54.72	-0.022871663
54.74	-0.028272816
54.76	-0.023008754
54.78	-0.029909568
54.8	-0.030550507
54.82	-0.033169099
54.84	-0.027076851
54.86	-0.024864296
54.88	-0.024707479
54.9	-0.03329615
54.92	-0.034396904
54.94	-0.04521493
54.96	-0.036596259
54.98	-0.04976823
55	-0.065127025
55.02	-0.059227341
55.04	-0.052386963
55.06	-0.03972394
55.08	-0.048995766
55.1	-0.036595715
55.12	-0.034673649
55.14	-0.033728535
55.16	-0.024071449
55.18	-0.032847815
55.2	-0.051147437
55.22	-0.06591993
55.24	-0.039026258
55.26	-0.023182752
55.28	0.003640354
55.3	0.005214694
55.32	0.010168432
55.34	0.014909629
55.36	0.019041521
55.38	0.0296457
55.4	0.025542411
55.42	0.026717442
55.44	0.030507572
55.46	0.035268456
55.48	0.029432238
55.5	0.026640982
55.52	0.026105916
55.54	0.023387379
55.56	0.028102773
55.58	0.019068205
55.6	-0.00218841
55.62	-0.025265286
55.64	-0.034267616
55.66	-0.030545283
55.68	-0.017462536
55.7	-0.030363291
55.72	-0.024005266
55.74	-0.024337268
55.76	-0.023975896
55.78	-0.020838805
55.8	-0.022238587
55.82	-0.030106017
55.84	-0.0363495
55.86	-0.043007574
55.88	-0.048878829
55.9	-0.046590228
55.92	-0.047403263
55.94	-0.036066593
55.96	-0.030093357
55.98	0.010756179
56	0.042416392
56.02	0.032748274
56.04	0.008244247
56.06	-0.005370222
56.08	-0.006690098
56.1	-0.033213281
56.12	-0.046475926
56.14	-0.066063783
56.16	-0.052826093
56.18	-0.052167043
56.2	-0.05261746
56.22	-0.046662585
56.24	-0.060242307
56.26	-0.052487095
56.28	-0.049941143
56.3	-0.044683332
56.32	-0.049522524
56.34	-0.060608791
56.36	-0.058112982
56.38	-0.035507035
56.4	-0.035327063
56.42	-0.05036924
56.44	-0.055890087
56.46	-0.064107905
56.48	-0.062975155
56.5	0.030071558
56.52	0.002649241
56.54	0.010023638
56.56	0.022750124
56.58	0.021569583
56.6	0.022887612
56.62	0.026024078
56.64	0.035910557
56.66	0.03907829
56.68	0.036066324
56.7	0.037212617
56.72	0.032418956
56.74	0.033750469
56.76	0.047126577
56.78	0.05336779
56.8	0.050504333
56.82	0.043349474
56.84	0.049981048
56.86	0.037718657
56.88	0.029125056
56.9	0.026526316
56.92	0.020983468
56.94	0.028093109
56.96	0.031967137
56.98	0.048297381
57	0.053378103
57.02	0.057256001
57.04	0.059393089
57.06	0.047515966
57.08	-0.014300285
57.1	-0.005636615
57.12	-0.006744461
57.14	0.003745756
57.16	0.014160271
57.18	0.02377857
57.2	0.026134545
57.22	0.022450627
57.24	0.028730255
57.26	0.033500908
57.28	0.039229198
57.3	0.04638443
57.32	0.039183317
57.34	0.0310557
57.36	0.030545054
57.38	0.020564298
57.4	0.020522474
57.42	0.028587157
57.44	0.027394003
57.46	0.027743979
57.48	0.036278792
57.5	0.03157418
57.52	0.030948786
57.54	0.037493565
57.56	0.049627974
57.58	0.04894864
57.6	-0.021308574
57.62	-0.007946821
57.64	-0.005309815
57.66	-0.016771407
57.68	-0.022799153
57.7	-0.013593582
57.72	-0.016675671
57.74	-0.028130041
57.76	-0.027972742
57.78	-0.024834997
57.8	-0.028101322
57.82	-0.022348009
57.84	-0.018157668
57.86	-0.010975861
57.88	-0.002970318
57.9	0.003850685
57.92	0.000493038
57.94	0.003216151
57.96	0.015391322
57.98	0.011777632
58	0.01534325
58.02	0.012301973
58.04	-0.000640903
58.06	-0.003660326
58.08	0.030197199
58.1	0.020641418
58.12	0.012838147
58.14	0.016658928
58.16	0.01408887
58.18	0.015732253
58.2	0.007748398
58.22	-0.0052215
58.24	-0.00794348
58.26	-0.000980074
58.28	-0.004866403
58.3	-0.005759091
58.32	0.000964445
58.34	-0.002086841
58.36	-0.005876293
58.38	-0.001533954
58.4	0.004417163
58.42	-0.003973056
58.44	0.001440455
58.46	0.00301486
58.48	-0.000257952
58.5	-0.00133195
58.52	-0.001471488
58.54	-0.00316672
58.56	-0.005528563
58.58	0.002641435
58.6	0.012429952
58.62	-0.006970996
58.64	-0.022369427
58.66	-0.025599061
58.68	-0.026974489
58.7	0.029377454
58.72	-0.002331885
58.74	-0.010593998
58.76	-0.025076492
58.78	-0.029086579
58.8	-0.03956393
58.82	-0.017281027
58.84	-0.023122709
58.86	-0.023378743
58.88	-0.023242009
58.9	-0.007435203
58.92	0.019281078
58.94	0.01880117
58.96	0.02559794
58.98	0.023240584
59	0.019706406
59.02	0.013206469
59.04	-0.001052539
59.06	-0.004104122
59.08	-0.032190027
59.1	-0.025430867
59.12	-0.033009172
59.14	-0.03022577
59.16	-0.025286151
59.18	-0.030613829
59.2	-0.027297805
59.22	-0.032045846
59.24	-0.036801527
59.26	-0.025952992
59.28	-0.013200574
59.3	0.000207024
59.32	0.003881142
59.34	0.013927832
59.36	0.022754083
59.38	0.020594664
59.4	-0.006222989
59.42	-0.005191675
59.44	-0.02108563
59.46	-0.011380956
59.48	-0.004848898
59.5	-0.001812197
59.52	0.000668356
59.54	0.009077107
59.56	0.017373266
59.58	0.014378394
59.6	0.008245489
59.62	0.005663437
59.64	-0.013696324
59.66	-0.015427286
59.68	-0.01938522
59.7	-0.005924105
59.72	-0.010176257
59.74	-0.015752469
59.76	-0.020113029
59.78	-0.021891159
59.8	-0.009311306
59.82	0.000673944
59.84	0.006318906
59.86	0.012947424
59.88	0.001075908
59.9	-0.001004443
59.92	-0.004009412
59.94	0.004404081
59.96	0.012339367
59.98	0.012450171
60	-0.001045766
60.02	-0.011192154
60.04	-0.024507287
60.06	-0.026145107
60.08	-0.029353752
60.1	-0.025975302
60.12	-0.020731284
60.14	-0.021339215
60.16	-0.020260056
60.18	-0.008653063
60.2	-0.016569328
60.22	-0.006280346
60.24	-0.008888372
60.26	-0.009019792
60.28	-0.015147694
60.3	-0.011423773
60.32	-0.010871863
60.34	-0.008101367
60.36	-0.012287189
60.38	-0.00799331
60.4	-0.008319644
60.42	-0.009273946
60.44	-0.00960078
60.46	-0.008114607
60.48	-0.008133708
60.5	0.004188613
60.52	0.006953733
60.54	0.016553721
60.56	0.021676242
60.58	0.025431404
60.6	0.02714213
60.62	0.026195778
60.64	0.020015509
60.66	0.016937004
60.68	0.004727046
60.7	-0.006603807
60.72	-0.00763204
60.74	-0.004279073
60.76	-0.003042786
60.78	-0.005300775
60.8	-0.000553349
60.82	0.004010395
60.84	0.002194417
60.86	0.012065659
60.88	0.016263925
60.9	0.018697012
60.92	0.014429809
60.94	0.013311275
60.96	0.017961656
60.98	0.038851452
61	0.036163334
61.02	0.027836044
61.04	0.01412394
61.06	0.003065492
61.08	0.003268488
61.1	0.014466271
61.12	0.017746823
61.14	0.014938121
61.16	0.015432375
61.18	0.014269849
61.2	0.01365268
61.22	0.00963993
61.24	0.018235359
61.26	0.017317146
61.28	0.027286497
61.3	0.042371051
61.32	0.043418057
61.34	0.043011407
61.36	0.041993235
61.38	0.017307603
61.4	0.025152891
61.42	0.039188539
61.44	0.033999321
61.46	0.033026495
61.48	-0.000426066
61.5	0.000649201
61.52	-0.006391076
61.54	-0.008589109
61.56	-0.011691869
61.58	-0.013464564
61.6	-0.018102173
61.62	-0.015092933
61.64	-0.010611837
61.66	-0.008112698
61.68	-0.004344344
61.7	-0.011331081
61.72	-0.012263516
61.74	-0.012483993
61.76	-0.017126882
61.78	-0.014810346
61.8	0.052720997
61.82	0.043202538
61.84	0.029179028
61.86	0.029588294
61.88	0.025775986
61.9	0.021039173
61.92	0.02273516
61.94	0.025506271
61.96	0.026999251
61.98	0.024964896
62	0.026001231
62.02	0.029402668
62.04	0.028831463
62.06	0.027513705
62.08	0.019780402
62.1	0.01546406
62.12	0.012858174
62.14	-0.030796683
62.16	-0.009039447
62.18	-0.01443899
62.2	-0.014098382
62.22	-0.006839035
62.24	-0.016579227
62.26	-0.019318217
62.28	-0.020334124
62.3	-0.020686936
62.32	-0.027346828
62.34	-0.027178451
62.36	-0.025697737
62.38	-0.036895948
62.4	-0.026769883
62.42	-0.020047969
62.44	0.045489866
62.46	0.020683714
62.48	0.01451757
62.5	0.011560561
62.52	0.002187348
62.54	-0.004020045
62.56	-0.000547611
62.58	-0.00992972
62.6	-0.012703154
62.62	-0.005988944
62.64	0.002711743
62.66	0.016980914
62.68	0.028104652
62.7	0.038643585
62.72	0.037680543
62.74	0.040459732
62.76	0.034007399
62.78	-0.023067325
62.8	-0.048360645
62.82	-0.033566689
62.84	0.002494486
62.86	0.011482951
62.88	0.030825276
62.9	0.024366784
62.92	0.018668838
62.94	0.009510691
62.96	0.007205196
62.98	-0.001122028
63	0.001800376
63.02	-0.003556484
63.04	0.014293217
63.06	0.017668459
63.08	0.012391515
63.1	0.003033086
63.12	-0.00142325
63.14	-0.023849452
63.16	-0.037565505
63.18	-0.032113182
63.2	-0.034491645
63.22	-0.009026388
63.24	0.025971167
63.26	0.036057757
63.28	0.035890115
63.3	0.033619577
63.32	0.024012057
63.34	0.020143973
63.36	0.017352037
63.38	-0.031720342
63.4	-0.007023193
63.42	-0.010489461
63.44	-0.013486913
63.46	-0.014377483
63.48	-0.021020559
63.5	-0.022710767
63.52	-0.020903359
63.54	-0.02579498
63.56	-0.028688711
63.58	-0.025704277
63.6	-0.02710092
63.62	-0.022821063
63.64	-0.029987949
63.66	-0.026533613
63.68	-0.014803064
63.7	-0.020498024
63.72	-0.023746477
63.74	-0.029403793
63.76	-0.054748785
63.78	-0.060213357
63.8	-0.091060942
63.82	-0.084214459
63.84	-0.080495755
63.86	-0.084620811
63.88	-0.077768395
63.9	-0.071010598
63.92	0.025851855
63.94	0.005458692
63.96	0.005223019
63.98	-0.009551272
64	-0.007670644
64.02	-0.00245359
64.04	-0.003769602
64.06	0.003088679
64.08	-0.002738006
64.1	-0.002358783
64.12	-0.003411791
64.14	-0.004612438
64.16	-0.001377623
64.18	-0.000761071
64.2	0.004784525
64.22	-0.001277829
64.24	-0.063266439
64.26	-0.060200037
64.28	-0.055245362
64.3	-0.065518891
64.32	-0.064747058
64.34	-0.05319171
64.36	-0.034408352
64.38	-0.016768053
64.4	-0.000922509
64.42	0.009519209
64.44	0.001316951
64.46	-0.001164605
64.48	0.004737969
64.5	0.002638635
64.52	0.008488882
64.54	0.012557536
64.56	0.022308231
64.58	0.019355923
64.6	-0.071245367
64.62	-0.054987367
64.64	-0.048220671
64.66	-0.052474352
64.68	-0.020025285
64.7	-0.004895122
64.72	-0.008205578
64.74	-0.007230657
64.76	-0.001398812
64.78	0.006462476
64.8	-0.001050443
64.82	0.001346526
64.84	0.009699881
64.86	0.005160707
64.88	0.007071972
64.9	0.014465569
64.92	0.019063359
64.94	-0.022058681
64.96	-0.038873005
64.98	-0.050115033
65	-0.049784562
65.02	-0.043935013
65.04	-0.04080387
65.06	-0.036656886
65.08	-0.031126271
65.1	-0.031775931
65.12	-0.030948452
65.14	-0.021745753
65.16	-0.017315411
65.18	0.001925507
65.2	-0.006123548
65.22	0.00864585
65.24	0.005597121
65.26	0.009691149
65.28	0.022474772
65.3	0.019824954
65.32	0.014208509
65.34	0.007550765
65.36	0.018328601
65.38	0.01369086
65.4	0.003990288
65.42	0.007132012
65.44	0.007697054
65.46	0.012175161
65.48	0.027812072
65.5	0.034785518
65.52	0.030167309
65.54	0.02985134
65.56	0.015952105
65.58	0.011099768
65.6	0.010474863
65.62	-0.004695117
65.64	-0.01258545
65.66	-0.024354193
65.68	-0.020676268
65.7	-0.030701711
65.72	-0.029649988
65.74	-0.034673707
65.76	-0.027240702
65.78	-0.02086125
65.8	-0.012179456
65.82	-0.009300694
65.84	-0.003364374
65.86	0.008728256
65.88	0.023463828
65.9	0.015878907
65.92	0.014800145
65.94	0.02441432
65.96	0.033673396
65.98	0.040119593
66	0.032219926
66.02	0.009854742
66.04	0.01139406
66.06	0.003234034
66.08	0.011935932
66.1	-0.021142207
66.12	-0.020704205
66.14	-0.013739928
66.16	-0.00746914
66.18	-0.011305328
66.2	-0.012149397
66.22	-0.002061153
66.24	0.019242107
66.26	0.012625421
66.28	0.027735763
66.3	0.031724943
66.32	0.040157196
66.34	0.037599515
66.36	0.037239195
66.38	0.028971759
66.4	0.027502813
66.42	0.028877493
66.44	0.016711133
66.46	0.024376384
66.48	0.019528579
66.5	0.02543377
66.52	0.017875511
66.54	0.03150204
66.56	0.043930288
66.58	0.037729819
66.6	0.028684318
66.62	0.027088465
66.64	0.019693304
66.66	0.034589655
66.68	0.041947321
66.7	0.046782489
66.72	0.045248222
66.74	0.042086747
66.76	0.042528373
66.78	0.032915059
66.8	0.042465248
66.82	0.042104702
66.84	0.038736886
66.86	0.012264476
66.88	0.016180611
66.9	0.020986553
66.92	0.02658762
66.94	0.008457161
66.96	0.002142926
66.98	-0.002235842
67	0.015576309
67.02	0.02052923
67.04	0.018770969
67.06	0.044158256
67.08	0.021289904
67.1	0.014770882
67.12	0.007844184
67.14	0.001019569
67.16	0.003286105
67.18	0.001923807
67.2	0.010399138
67.22	0.049165023
67.24	0.031901682
67.26	0.024919829
67.28	0.022551724
67.3	0.008507464
67.32	0.001307176
67.34	0.001746565
67.36	-0.001534825
67.38	-0.002286282
67.4	0.00097933
67.42	8.89362E-05
67.44	0.015060153
67.46	8.96666E-05
67.48	-0.006038818
67.5	-0.014181924
67.52	-0.023653726
67.54	-0.02389169
67.56	-0.019283235
67.58	-0.01004402
67.6	-0.002906752
67.62	0.000315325
67.64	-0.001885707
67.66	-0.004946846
67.68	-0.010664893
67.7	-0.012848696
67.72	-0.015866787
67.74	-0.017243454
67.76	-0.014036471
67.78	-0.010135832
67.8	0.04053966
67.82	0.04750513
67.84	0.030831373
67.86	0.03600159
67.88	0.042328331
67.9	0.044729515
67.92	0.049274311
67.94	0.044388299
67.96	0.039423147
67.98	-0.000961866
68	-0.00670689
68.02	-0.027094522
68.04	-0.025257057
68.06	-0.029904341
68.08	-0.024954473
68.1	-0.028178602
68.12	-0.034230387
68.14	-0.029337356
68.16	-0.024636226
68.18	-0.012355418
68.2	-0.007417114
68.22	-0.004482967
68.24	0.003421491
68.26	-0.004437261
68.28	0.005297648
68.3	0.04027864
68.32	0.03119846
68.34	0.034356221
68.36	0.028239854
68.38	0.022687569
68.4	0.00147725
68.42	0.007962052
68.44	-0.000755753
68.46	0.003567119
68.48	0.005235826
68.5	0.005454915
68.52	0.011012148
68.54	0.011274286
68.56	-0.000619864
68.58	-0.004609381
68.6	-0.010138621
68.62	-0.010186167
68.64	-0.003353546
68.66	-0.00042349
68.68	0.003030421
68.7	-0.007225415
68.72	-0.011344966
68.74	-0.01525311
68.76	-0.01866389
68.78	-0.019132279
68.8	-0.015129678
68.82	-0.01885338
68.84	-0.020774852
68.86	-0.022903876
68.88	-0.020429589
68.9	-0.011394157
68.92	-0.019857107
68.94	-0.02649868
68.96	-0.040064255
68.98	-0.051072432
69	-0.026684717
69.02	-0.002233517
69.04	0.007026808
69.06	0.005944488
69.08	0.002265918
69.1	0.000925571
69.12	0.004436873
69.14	0.010653556
69.16	0.007818393
69.18	0.004978621
69.2	-0.002269741
69.22	-0.007216581
69.24	-0.005691447
69.26	0.006129085
69.28	0.01312678
69.3	0.015977839
69.32	0.015599988
69.34	0.012274163
69.36	0.011964703
69.38	0.011082407
69.4	0.005336821
69.42	-0.002018505
69.44	-0.013492918
69.46	-0.015199612
69.48	-0.012223441
69.5	-0.011098962
69.52	-0.013856825
69.54	-0.017537067
69.56	-0.018693404
69.58	-0.018871663
69.6	-0.016794112
69.62	-0.0136937
69.64	-0.012684103
69.66	-0.014622053
69.68	-0.008548956
69.7	0.002627224
69.72	0.00732073
69.74	0.013658849
69.76	0.008968454
69.78	0.007987098
69.8	-0.00325179
69.82	0.006007092
69.84	0.007555693
69.86	0.008645098
69.88	0.006323529
69.9	0.002065634
69.92	0.008284958
69.94	0.021597508
69.96	0.016873644
69.98	0.021209463
70	0.013129004
70.02	0.002735983
70.04	-0.017435871
70.06	-0.022012486
70.08	-0.007576871
70.1	-0.010568766
70.12	-0.01592194
70.14	-0.020141374
70.16	-0.023935452
70.18	-0.022220361
70.2	-0.014992659
70.22	-0.005987408
70.24	0.015576893
70.26	0.000273411
70.28	0.010160788
70.3	0.006651642
70.32	0.007480112
70.34	0.013945932
70.36	0.025189485
70.38	0.021476474
70.4	0.0083306
70.42	-0.003391632
70.44	-0.005328104
70.46	-0.00331869
70.48	0.00631646
70.5	0.009675501
70.52	0.013893525
70.54	0.01255753
70.56	0.015002054
70.58	0.018038407
70.6	0.018403616
70.62	0.023625176
70.64	0.026413351
70.66	0.030349918
70.68	0.027596513
70.7	0.034525835
70.72	0.034748027
70.74	0.031263542
70.76	0.03379964
70.78	0.033032056
70.8	0.0177628
70.82	0.020062006
70.84	0.018562625
70.86	0.018320689
70.88	0.016222319
70.9	-0.01343208
70.92	-0.018670391
70.94	-0.006033094
70.96	-0.011921236
70.98	-0.012380805
71	-0.011653534
71.02	-0.012864732
71.04	-0.014025985
71.06	-0.01331693
71.08	-0.016412153
71.1	-0.015809649
71.12	-0.011234499
71.14	-0.009364863
71.16	-0.005013287
71.18	0.001901279
71.2	0.007250358
71.22	0.002188275
71.24	-0.003898445
71.26	-0.007120855
71.28	-0.011476195
71.3	-0.023162168
71.32	-0.021455208
71.34	-0.01235352
71.36	-0.024024305
71.38	-0.013936863
71.4	-0.007993371
71.42	-0.010877126
71.44	-0.012025057
71.46	-0.007404747
71.48	-0.006643656
71.5	-0.018349419
71.52	-0.029886212
71.54	-0.021436949
71.56	-0.022388011
71.58	-0.025015602
71.6	-0.04003023
71.62	-0.028737298
71.64	-0.038843581
71.66	-0.041070196
71.68	-0.030367319
71.7	-0.033010599
71.72	-0.035954642
71.74	-0.038125583
71.76	-0.006629029
71.78	0.014300108
71.8	0.012430752
71.82	0.008391506
71.84	-0.001988355
71.86	-0.007708827
71.88	-0.001209983
71.9	-0.002998268
71.92	-0.003054431
71.94	0.002409409
71.96	-0.00204724
71.98	-0.003490438
72	-0.007023935
72.02	-0.004086346
72.04	-0.010254139
72.06	-0.010147615
72.08	-0.006928712
72.1	-0.005311802
72.12	-0.005507554
72.14	-0.000510792
72.16	0.001842464
72.18	0.004108049
72.2	-0.011307155
72.22	-0.014268137
72.24	-0.00855504
72.26	-0.001416594
72.28	0.000104639
72.3	-0.008521172
72.32	-0.020615025
72.34	-0.026677416
72.36	-0.030508291
72.38	-0.027402711
72.4	-0.025118672
72.42	-0.031144605
72.44	-0.031219561
72.46	-0.027754289
72.48	-0.022886914
72.5	-0.014814143
72.52	-0.001197052
72.54	0.007053187
72.56	0.008707327
72.58	-0.001231781
72.6	-0.001557333
72.62	-0.005774905
72.64	-0.00565989
72.66	-0.014560645
72.68	-0.025030888
72.7	-0.027479305
72.72	-0.02610183
72.74	-0.022032865
72.76	-0.018197325
72.78	-0.019062543
72.8	-0.010646134
72.82	-0.001833985
72.84	0.001593186
72.86	0.007630168
72.88	0.006445992
72.9	-0.017327812
72.92	-0.021168166
72.94	-0.018496581
72.96	-0.02168565
72.98	-0.019523851
73	-0.023565359
73.02	-0.018701658
73.04	-0.018010735
73.06	-0.017529316
73.08	-0.011855882
73.1	-0.004074644
73.12	-0.001500908
73.14	0.001702169
73.16	0.009260135
73.18	0.021592525
73.2	0.023029565
73.22	0.02356775
73.24	0.012385702
73.26	0.00925016
73.28	0.001912446
73.3	-0.003578196
73.32	-0.008986832
73.34	-0.005730065
73.36	-0.00311881
73.38	0.001761943
73.4	0.005715028
73.42	0.008824179
73.44	0.007944421
73.46	0.007580175
73.48	0.008246328
73.5	0.009153712
73.52	-0.00391781
73.54	-0.001330003
73.56	-0.001909978
73.58	-0.005816562
73.6	-0.005103062
73.62	-0.008926043
73.64	-0.003967324
73.66	0.027153102
73.68	0.01250683
73.7	0.010328824
73.72	0.010420982
73.74	0.002530013
73.76	0.002076986
73.78	0.008314557
73.8	0.005063398
73.82	-4.46447E-05
73.84	0.00347992
73.86	-0.001464989
73.88	-0.006992717
73.9	-0.016607776
73.92	-0.004841532
73.94	0.002463396
73.96	0.004772128
73.98	0.00885138
74	0.009215403
74.02	0.00068923
74.04	0.003396207
74.06	0.005274148
74.08	0.003021376
74.1	0.008148899
74.12	0.008466877
74.14	0.006136099
74.16	0.008107816
74.18	0.002512698
74.2	0.003247293
74.22	0.003825821
74.24	0.022195281
74.26	0.012912111
74.28	0.019268217
74.3	0.018795769
74.32	0.020239993
74.34	0.021175181
74.36	0.015810469
74.38	0.012221261
74.4	0.014366802
74.42	0.014960389
74.44	0.011569383
74.46	0.022281682
74.48	0.022760283
74.5	0.024159788
74.52	0.030013356
74.54	0.030516195
74.56	0.028045406
74.58	0.028699047
74.6	0.01758215
74.62	0.017598122
74.64	0.019764228
74.66	0.023127788
74.68	0.023721353
74.7	0.025027151
74.72	-0.011422119
74.74	-0.006562461
74.76	-0.004456819
74.78	-0.005756573
74.8	-0.003684083
74.82	0.003663308
74.84	0.00728959
74.86	0.011992798
74.88	0.014530292
74.9	0.013567001
74.92	0.015269803
74.94	0.012559071
74.96	0.017831548
74.98	-9.16646E-05
75	0.004737493
75.02	0.006125404
75.04	0.00908236
75.06	0.010864778
75.08	0.002753698
75.1	0.01116308
75.12	0.006827538
75.14	0.011220634
75.16	0.016252848
75.18	0.013162312
75.2	0.013260632
75.22	0.009093826
75.24	0.003906013
75.26	0.000367053
75.28	0.005371079
75.3	-0.00132046
75.32	-0.006508609
75.34	-0.010331753
75.36	-0.012891345
75.38	-0.015344321
75.4	-0.011699952
75.42	-0.004975538
75.44	-0.003819804
75.46	-0.000315661
75.48	-0.004041984
75.5	-0.007469376
75.52	-0.006132749
75.54	-0.006859601
75.56	-0.001815963
75.58	0.000209538
75.6	-0.000475356
75.62	0.012607589
75.64	0.014154091
75.66	0.008192663
75.68	0.011276745
75.7	0.013281837
75.72	0.016721842
75.74	0.018032536
75.76	0.012823319
75.78	0.006226597
75.8	0.007225156
75.82	0.007797248
75.84	0.011499822
75.86	0.014977931
75.88	0.010692903
75.9	0.01463677
75.92	0.014523955
75.94	0.021701982
75.96	0.027933639
75.98	0.029198185
76	0.027327141
76.02	0.01576504
76.04	0.009121872
76.06	-0.004547953
76.08	-0.004775881
76.1	-0.006468638
76.12	-0.006399618
76.14	-0.003572758
76.16	-0.003593827
76.18	-0.004463507
76.2	-0.009138691
76.22	-0.010613428
76.24	-0.009406025
76.26	-0.003417236
76.28	0.000808666
76.3	0.022024288
76.32	0.020854456
76.34	0.012880636
76.36	0.005221432
76.38	-0.008013142
76.4	-0.007320158
76.42	-0.015322939
76.44	0.001210002
76.46	0.021572464
76.48	0.015704908
76.5	0.018162864
76.52	0.021180762
76.54	0.020272987
76.56	0.014743294
76.58	0.004399568
76.6	-0.009702042
76.62	-0.01156856
76.64	-0.005898489
76.66	-0.003532924
76.68	-0.006304184
76.7	-0.001616453
76.72	-0.025232178
76.74	-0.026465154
76.76	-0.028099324
76.78	-0.01901252
76.8	-0.020591129
76.82	-0.018188454
76.84	-0.01777792
76.86	-0.017007231
76.88	-0.017060118
76.9	-0.018784497
76.92	-0.015925682
76.94	-0.015123861
76.96	-0.013817796
76.98	-0.014191379
77	-0.009624422
77.02	-0.009145088
77.04	-0.008497176
77.06	-0.007549556
77.08	0.009621492
77.1	0.016906224
77.12	0.012716377
77.14	0.017553222
77.16	0.012944759
77.18	0.010494485
77.2	0.003699341
77.22	-0.000707807
77.24	-0.002975704
77.26	-0.003688396
77.28	-0.0059009
77.3	-0.007237089
77.32	-0.004148969
77.34	-0.002129294
77.36	-0.00182392
77.38	0.001764187
77.4	0.002452481
77.42	-0.007596313
77.44	-0.020435873
77.46	-0.018903311
77.48	-0.022608131
77.5	-0.021161532
77.52	-0.018812496
77.54	-0.013592746
77.56	-0.006781648
77.58	-0.002753896
77.6	-0.00027748
77.62	-0.005214328
77.64	-0.01186755
77.66	-0.01598729
77.68	-0.016492542
77.7	-0.006136245
77.72	-0.000825087
77.74	0.003416764
77.76	-0.001559311
77.78	-0.008325153
77.8	-0.007589938
77.82	-0.009063394
77.84	-0.005702614
77.86	-0.000734961
77.88	0.003471607
77.9	0.007351678
77.92	0.013323651
77.94	0.013798352
77.96	0.011099718
77.98	0.01061452
78	0.002606681
78.02	-0.009285941
78.04	-0.007621643
78.06	-0.007289402
78.08	-0.010364179
78.1	-0.019633988
78.12	-0.027430809
78.14	-0.030373258
78.16	-0.03180799
78.18	-0.034781577
78.2	-0.03243854
78.22	-0.026688039
78.24	-0.024729139
78.26	-0.019000828
78.28	-0.015599307
78.3	0.025265995
78.32	0.002696157
78.34	0.015832189
78.36	0.015781504
78.38	0.014035169
78.4	0.01629161
78.42	0.021998895
78.44	0.014014007
78.46	0.011115706
78.48	0.006153271
78.5	0.000659884
78.52	0.004009702
78.54	0.007100351
78.56	0.005846608
78.58	0.008700609
78.6	0.004919828
78.62	0.001771226
78.64	-0.002962576
78.66	-0.003109419
78.68	0.018788699
78.7	0.016387042
78.72	0.006879392
78.74	-0.003813897
78.76	-0.010412173
78.78	-0.011481792
78.8	-0.012071368
78.82	-0.011858806
78.84	-0.010179283
78.86	-0.009670293
78.88	-0.010815616
78.9	-0.00837485
78.92	-0.005053941
78.94	0.003969254
78.96	0.009739704
78.98	0.013686446
79	0.00512387
79.02	0.002376207
79.04	-0.000719712
79.06	-0.005450937
79.08	-0.010421488
79.1	-0.019916642
79.12	-0.010682405
79.14	-0.01002079
79.16	-0.005078128
79.18	-0.006399378
79.2	-0.012450678
79.22	0.000908208
79.24	-0.003454613
79.26	0.00837449
79.28	0.01012765
79.3	0.001533473
79.32	-0.000661199
79.34	-0.003235458
79.36	-0.009303232
79.38	-0.008641076
79.4	-0.002730389
79.42	0.003720571
79.44	0.016393907
79.46	0.007360158
79.48	0.012286743
79.5	0.012554553
79.52	0.009675324
79.54	0.007459174
79.56	0.001335875
79.58	0.000496315
79.6	0.003964673
79.62	0.003674636
79.64	0.006155802
79.66	0.002798517
79.68	-0.014649289
79.7	-0.010660621
79.72	-0.011095838
79.74	-0.006522173
79.76	0.002571305
79.78	0.014046398
79.8	0.014969381
79.82	0.024632782
79.84	0.024533494
79.86	0.024283529
79.88	0.023362493
79.9	0.026000247
79.92	0.025797159
79.94	0.028704415
79.96	0.013882134
79.98	-0.025435784
80	-0.013101723
80.02	-0.006494469
80.04	-0.004131397
80.06	0.003286981
80.08	0.003468387
80.1	0.000426428
80.12	0.005596067
80.14	0.011387311
80.16	0.014676726
80.18	0.012599295
80.2	0.0048075
80.22	0.004621895
80.24	0.00526764
80.26	0.005436366
80.28	0.005551848
80.3	0.006440694
80.32	0.006513537
80.34	0.017871496
80.36	0.013974328
80.38	0.023392273
80.4	0.015370256
80.42	0.009807717
80.44	0.007615526
80.46	0.011376693
80.48	0.009479313
80.5	0.006369606
80.52	-0.000845302
80.54	-0.004510772
80.56	0.00089488
80.58	-0.013644058
80.6	-0.013282996
80.62	-0.01707248
80.64	-0.019733846
80.66	-0.022510596
80.68	-0.016644716
80.7	-0.005066357
80.72	0.000681679
80.74	0.007940073
80.76	0.012126186
80.78	0.006062458
80.8	-0.002199015
80.82	-0.007671174
80.84	-0.007873085
80.86	0.022497486
80.88	0.016773574
80.9	0.013882304
80.92	0.011722872
80.94	0.012853313
80.96	0.014700202
80.98	0.010505297
81	0.000499614
81.02	-0.004752643
81.04	-0.002266953
81.06	-0.003024425
81.08	-0.006201752
81.1	-0.019948216
81.12	-0.00850624
81.14	-0.017762025
81.16	-0.018328915
81.18	-0.015815315
81.2	-0.014549748
81.22	-0.010580062
81.24	-0.014877214
81.26	-0.011251116
81.28	-0.005325999
81.3	-0.001008098
81.32	0.001906959
81.34	0.002482228
81.36	0.00084053
81.38	-0.009823356
81.4	-0.00793214
81.42	-0.005352317
81.44	-0.005466388
81.46	0.002592556
81.48	-0.001319619
81.5	-4.43727E-05
81.52	0.001407624
81.54	-0.002525928
81.56	-0.003542154
81.58	-0.005006114
81.6	-0.004568927
81.62	-0.007914475
81.64	-0.014213243
81.66	-0.008021698
81.68	-0.003116974
81.7	-0.009736978
81.72	-0.007336553
81.74	-0.013238332
81.76	-0.008896759
81.78	-0.001697575
81.8	0.002960376
81.82	0.003179624
81.84	0.001635111
81.86	-0.000773199
81.88	-0.0031648
81.9	-0.000840846
81.92	-0.010763867
81.94	-0.008807422
81.96	-0.007039843
81.98	-0.010747687
82	-0.016700816
82.02	-0.018908404
82.04	-0.023101727
82.06	-0.022943519
82.08	-0.01975372
82.1	-0.018988846
82.12	-0.01145352
82.14	-0.002561282
82.16	-0.001338974
82.18	-0.004043838
82.2	-0.004666179
82.22	-0.001781567
82.24	0.010961595
82.26	0.006719923
82.28	0.009123439
82.3	0.009745422
82.32	0.014141787
82.34	0.01436641
82.36	0.010684126
82.38	0.008832171
82.4	0.005055109
82.42	0.003107936
82.44	0.002002504
82.46	0.005057709
82.48	0.003617978
82.5	0.002408812
82.52	0.004850939
82.54	-0.001273976
82.56	-0.013315664
82.58	-0.00862472
82.6	-0.005647237
82.62	-0.013649071
82.64	-0.020790935
82.66	-0.019503102
82.68	-0.018694623
82.7	-0.016708281
82.72	-0.017747054
82.74	-0.014744691
82.76	-0.0136217
82.78	-0.006584662
82.8	-0.006441115
82.82	-0.002118562
82.84	-0.001971174
82.86	0.001126324
82.88	0.013783531
82.9	0.00623713
82.92	0.008509325
82.94	0.001934262
82.96	0.00298562
82.98	0.000936846
83	-0.003640341
83.02	-0.00333123
83.04	-0.009381083
83.06	-0.011774924
83.08	-0.010578018
83.1	-0.010556095
83.12	-0.010838945
83.14	-0.007220735
83.16	0.006644166
83.18	0.01504027
83.2	0.016558186
83.22	0.022669087
83.24	0.020746398
83.26	0.017442482
83.28	0.010178575
83.3	0.000463041
83.32	-0.007824819
83.34	-0.01201734
83.36	-0.013864279
83.38	-0.014764759
83.4	-0.012394785
83.42	-0.001996412
83.44	-0.002341892
83.46	-0.004234178
83.48	-0.003370395
83.5	-0.00430957
83.52	0.004784859
83.54	0.01042367
83.56	0.008901202
83.58	0.007802618
83.6	0.006386411
83.62	0.000883933
83.64	-0.002680137
83.66	-0.007358993
83.68	-0.008572789
83.7	-0.006970778
83.72	0.004215863
83.74	0.012264263
83.76	0.016484171
83.78	0.019500424
83.8	0.026731276
83.82	0.029415817
83.84	0.03321628
83.86	0.035638901
83.88	0.03022114
83.9	0.029772852
83.92	0.025873148
83.94	0.029830613
83.96	-0.034369922
83.98	-0.014775365
84	-0.01005806
84.02	-0.011272579
84.04	-0.013471246
84.06	-0.00813806
84.08	-0.006388757
84.1	-0.004833086
84.12	-0.004659911
84.14	-0.004695699
84.16	-0.001648233
84.18	0.00440993
84.2	0.009918996
84.22	0.010320226
84.24	0.011151131
84.26	0.010480715
84.28	0.011175033
84.3	0.011366227
84.32	0.018744683
84.34	0.026953054
84.36	0.020934517
84.38	0.0183297
84.4	0.016259664
84.42	0.011621141
84.44	0.012085385
84.46	0.013891202
84.48	0.009848337
84.5	0.007522366
84.52	0.001725804
84.54	-0.013256633
84.56	-0.003438635
84.58	-0.000557127
84.6	-0.003331143
84.62	-0.001399828
84.64	0.00197538
84.66	0.001269177
84.68	0.007111114
84.7	0.007164994
84.72	0.001804856
84.74	-0.002115907
84.76	-0.007217035
84.78	-0.012051793
84.8	-0.016294961
84.82	-0.019683913
84.84	-0.019180223
84.86	-0.016471871
84.88	-0.012323078
84.9	0.004089205
84.92	-0.001498335
84.94	-0.000965924
84.96	0.00310735
84.98	0.002041018
85	0.005795835
85.02	0.01140312
85.04	0.005366515
85.06	0.006661544
85.08	0.00336021
85.1	-0.02237524
85.12	-0.002026532
85.14	-0.010853874
85.16	-0.018841836
85.18	-0.017332473
85.2	-0.017504585
85.22	-0.007848689
85.24	0.005371324
85.26	0.013615535
85.28	0.011653982
85.3	0.009075169
85.32	0.00538462
85.34	0.00200297
85.36	0.000692673
85.38	-0.007065853
85.4	-0.00577543
85.42	-0.011574516
85.44	-0.028931121
85.46	-0.017757016
85.48	-0.025155476
85.5	-0.023421751
85.52	-0.02436112
85.54	-0.025956736
85.56	-0.021653167
85.58	-0.021038792
85.6	-0.014028931
85.62	-0.007271649
85.64	-0.003011278
85.66	-3.398E-05
85.68	0.007192635
85.7	0.004069347
85.72	0.002207625
85.74	0.003902968
85.76	0.003843574
85.78	-0.001626282
85.8	-0.004931773
85.82	-0.00312496
85.84	-0.000534501
85.86	-7.57806E-05
85.88	6.55896E-05
85.9	-0.000422637
85.92	0.004318931
85.94	0.004193472
85.96	0.000964037
85.98	0.002539021
86	-0.007811793
86.02	-0.012580329
86.04	-0.007491644
86.06	-0.014208102
86.08	-0.014430247
86.1	-0.01948372
86.12	-0.016845266
86.14	-0.014017738
86.16	-0.015638765
86.18	-0.017819626
86.2	-0.018150792
86.22	-0.013129713
86.24	0.00500792
86.26	0.008163598
86.28	0.010877635
86.3	0.010095279
86.32	0.008347667
86.34	-0.000594848
86.36	-0.006442714
86.38	-0.011786069
86.4	-0.013916358
86.42	-0.012955681
86.44	-0.007224728
86.46	0.000606654
86.48	0.002100977
86.5	0.00342378
86.52	-0.001283745
86.54	-0.018298512
86.56	-0.018915783
86.58	-0.01025116
86.6	-0.015884949
86.62	-0.017539223
86.64	-0.009611811
86.66	-0.009507363
86.68	-0.004634057
86.7	-0.002023854
86.72	-0.00092892
86.74	-0.010322146
86.76	-0.006645187
86.78	-0.00231067
86.8	0.004124582
86.82	0.01041028
86.84	0.012289679
86.86	0.011824007
86.88	0.008706706
86.9	-0.000589292
86.92	-0.003812566
86.94	-0.00715128
86.96	-0.008610698
86.98	-0.010815164
87	-0.008756535
87.02	-0.00638717
87.04	-0.004374655
87.06	-0.001001584
87.08	-0.006113401
87.1	-0.01180405
87.12	-0.003630399
87.14	0.003448048
87.16	0.007227306
87.18	0.008025041
87.2	0.010264269
87.22	0.00539214
87.24	0.006610595
87.26	0.006115742
87.28	-0.004661104
87.3	-0.001374089
87.32	0.002156648
87.34	3.21628E-05
87.36	0.012070464
87.38	0.014970978
87.4	0.0154224
87.42	0.015911103
87.44	0.016967714
87.46	0.0154069
87.48	0.012334446
87.5	0.010872478
87.52	0.012187538
87.54	0.017028664
87.56	0.006354569
87.58	-0.000513953
87.6	0.000169352
87.62	0.002612456
87.64	0.002759133
87.66	0.006335315
87.68	0.008963615
87.7	0.011456136
87.72	0.014671394
87.74	0.016773871
87.76	0.014068102
87.78	0.017572463
87.8	0.016661411
87.82	0.015246435
87.84	0.011816933
87.86	0.007353326
87.88	0.004410039
87.9	0.003134416
87.92	0.003286441
87.94	0.00935652
87.96	0.009198717
87.98	0.004133845
88	0.00046831
88.02	-0.001600498
88.04	-0.002527532
88.06	-0.000583228
88.08	0.004238843
88.1	0.012926551
88.12	0.01489748
88.14	0.015958974
88.16	0.014120465
88.18	0.007691153
88.2	0.009941021
88.22	0.01755305
88.24	0.022820478
88.26	0.024659423
88.28	0.026016012
88.3	0.02655351
88.32	0.024151917
88.34	0.021239964
88.36	0.014741667
88.38	0.010597037
88.4	0.00968129
88.42	0.015013424
88.44	0.019139199
88.46	0.021181243
88.48	0.023230676
88.5	0.022112959
88.52	-0.000236574
88.54	0.003154649
88.56	0.003752197
88.58	0.002068578
88.6	0.002553874
88.62	-0.001075963
88.64	-0.00208161
88.66	0.001157869
88.68	0.00024907
88.7	0.005415587
88.72	0.013793442
88.74	0.011356848
88.76	0.016714246
88.78	0.01387467
88.8	0.017058768
88.82	0.018744218
88.84	0.016798734
88.86	0.013377168
88.88	-0.000230394
88.9	0.002658271
88.92	-0.002650835
88.94	-0.001042936
88.96	0.000430856
88.98	-0.00047155
89	-0.002368876
89.02	-0.00290701
89.04	-0.001914169
89.06	-0.000399192
89.08	0.006179128
89.1	-0.000558971
89.12	-0.001684287
89.14	-0.00883936
89.16	-0.004347738
89.18	-0.006520939
89.2	-0.006847156
89.22	-0.004895702
89.24	-0.002103116
89.26	-0.004206904
89.28	-0.005012183
89.3	-0.006015906
89.32	-0.007463079
89.34	-0.010533833
89.36	-0.011666717
89.38	-0.009955098
89.4	-0.012748976
89.42	-0.002096366
89.44	-0.003822197
89.46	-0.009494198
89.48	-0.01170946
89.5	-0.004458566
89.52	0.005534764
89.54	0.006360196
89.56	0.005707431
89.58	0.004816512
89.6	0.007358407
89.62	0.012325327
89.64	0.018158085
89.66	0.012845715
89.68	0.013068023
89.7	0.005992543
89.72	0.000738516
89.74	-0.001577088
89.76	-0.000831588
89.78	0.001791483
89.8	0.003348496
89.82	0.011025947
89.84	0.01202854
89.86	0.012215731
89.88	0.013559406
89.9	0.014303287
89.92	0.003766317
89.94	-0.019796967
89.96	-0.015491942
89.98	-0.019328374
90	-0.017613417
90.02	-0.019796633
90.04	-0.019461074
90.06	-0.021300172
90.08	-0.017916101
90.1	-0.013126315
90.12	-0.006784233
90.14	0.001617394
90.16	0.003498913
90.18	0.006912469
90.2	0.007547039
90.22	0.005767957
90.24	0.007016929
90.26	0.012761535
90.28	0.011570176
90.3	0.005125011
90.32	0.002299757
90.34	0.000101668
90.36	-0.00072295
90.38	-0.008587463
90.4	-0.00914525
90.42	-0.00977459
90.44	-0.011215525
90.46	-0.008956935
90.48	-0.000441024
90.5	0.001591164
90.52	-0.00950988
90.54	-0.014932376
90.56	-0.012048614
90.58	-0.009618432
90.6	-0.011195057
90.62	-0.01794602
90.64	-0.016900578
90.66	-0.019309372
90.68	-0.026943778
90.7	-0.030569281
90.72	-0.026767839
90.74	-0.02725813
90.76	-0.025684426
90.78	-0.016117071
90.8	0.004066076
90.82	0.007977075
90.84	-0.002496848
90.86	-0.000852741
90.88	-0.003004989
90.9	-0.004712721
90.92	-0.007693186
90.94	-0.01086472
90.96	-0.010801735
90.98	-0.010016624
91	-0.013424379
91.02	-0.007309235
91.04	-0.011726471
91.06	-0.007060937
91.08	-0.009334717
91.1	-0.010688022
91.12	-0.011677277
91.14	-0.013850798
91.16	-0.012953512
91.18	-0.008919284
91.2	-0.00708425
91.22	-0.003999749
91.24	-0.003725335
91.26	-0.006267888
91.28	-0.014172667
91.3	-0.01508173
91.32	-0.01819594
91.34	-0.018848117
91.36	-0.013967348
91.38	-0.013879967
91.4	-0.011107844
91.42	-0.007051566
91.44	-0.004409207
91.46	-0.002679075
91.48	-0.001726745
91.5	-0.00173738
91.52	-0.002826132
91.54	0.000421533
91.56	0.001327573
91.58	0.004948805
91.6	0.005719259
91.62	0.005563568
91.64	0.005814386
91.66	0.005359068
91.68	-0.001413
91.7	0.004539389
91.72	0.008337467
91.74	0.010026766
91.76	0.005722968
91.78	0.004752173
91.8	0.004435902
91.82	-0.001409594
91.84	-0.006927046
91.86	-0.006719904
91.88	-0.003738552
91.9	-0.001582154
91.92	-0.004242735
91.94	-0.011215087
91.96	-0.013578977
91.98	-0.014543341
92	-0.011826674
92.02	-0.011359346
92.04	-0.012965005
92.06	-0.013771631
92.08	-0.012774831
92.1	-0.007825763
92.12	-0.005047817
92.14	-0.003602587
92.16	2.94915E-05
92.18	0.006485688
92.2	0.012118099
92.22	0.010985542
92.24	0.013906674
92.26	0.013625072
92.28	0.01443205
92.3	0.014335665
92.32	0.009724438
92.34	0.008806652
92.36	0.000453406
92.38	-0.003718906
92.4	-0.00536138
92.42	-0.010057103
92.44	-0.007273068
92.46	-0.002089452
92.48	0.001733188
92.5	0.004796024
92.52	0.011542685
92.54	0.005281753
92.56	0.003297307
92.58	0.00482975
92.6	0.003739892
92.62	0.003526702
92.64	0.004600825
92.66	0.006719392
92.68	0.006725696
92.7	0.005488672
92.72	-0.007367036
92.74	-0.007987971
92.76	-0.005114331
92.78	-0.003574477
92.8	-0.000658495
92.82	0.001474708
92.84	0.003405439
92.86	0.003512395
92.88	-5.70908E-05
92.9	-0.006451525
92.92	-0.00245999
92.94	-0.003787386
92.96	-0.001433522
92.98	-0.002724129
93	-0.004783841
93.02	-0.008857948
93.04	-0.012170656
93.06	-0.00924106
93.08	-0.01043622
93.1	-0.009321631
93.12	-0.007633772
93.14	-0.006762885
93.16	-0.006889802
93.18	-0.003848419
93.2	-0.00081926
93.22	0.00281716
93.24	0.012323474
93.26	0.004275392
93.28	0.005410678
93.3	0.004672789
93.32	0.004517538
93.34	0.00064508
93.36	-0.001715526
93.38	-0.004856321
93.4	-0.004293644
93.42	-0.002139468
93.44	0.001217813
93.46	0.000532422
93.48	-0.003459868
93.5	-0.006587803
93.52	-0.005636747
93.54	-0.002209457
93.56	0.007327964
93.58	0.003488705
93.6	0.004974715
93.62	0.00863694
93.64	0.010648825
93.66	0.011718468
93.68	0.009569083
93.7	0.007955154
93.72	0.010427165
93.74	0.00919594
93.76	0.013357287
93.78	0.012666006
93.8	0.013262874
93.82	0.010312531
93.84	0.009539177
93.86	0.005354621
93.88	0.005637223
93.9	0.006852436
93.92	0.009711175
93.94	0.009393279
93.96	0.008604411
93.98	0.005555171
94	0.003216318
94.02	0.002806358
94.04	0.00758162
94.06	0.007915281
94.08	0.000945187
94.1	0.004136693
94.12	0.00171378
94.14	-0.000777466
94.16	-0.00208532
94.18	0.001226508
94.2	0.001111516
94.22	0.000621861
94.24	0.002953764
94.26	0.000140384
94.28	-0.001469754
94.3	-0.002109262
94.32	-0.007075706
94.34	-0.010114142
94.36	-0.018669084
94.38	-0.01607937
94.4	-0.017424842
94.42	-0.014186567
94.44	-0.017075103
94.46	-0.017387116
94.48	-0.019851121
94.5	-0.019433672
94.52	-0.015728057
94.54	-0.014971632
94.56	-0.012180606
94.58	-0.011828981
94.6	-0.012251074
94.62	-0.012262221
94.64	-0.010625348
94.66	-0.007355145
94.68	-0.003387491
94.7	-0.000672561
94.72	0.00297859
94.74	0.0046346
94.76	0.001204434
94.78	0.000801831
94.8	-0.000498909
94.82	-0.000398392
94.84	0.000132662
94.86	-0.002221341
94.88	-0.004664618
94.9	-0.008008394
94.92	-0.007469405
94.94	-0.004454504
94.96	-0.003121003
94.98	-0.000708626
95	0.002824912
95.02	0.003590034
95.04	0.004469312
95.06	0.00804632
95.08	0.007800549
95.1	0.002948316
95.12	0.004146952
95.14	0.005916519
95.16	0.008556778
95.18	0.009277914
95.2	0.008050618
95.22	0.006876092
95.24	-0.003692449
95.26	-0.004642443
95.28	-0.009494815
95.3	-0.005751314
95.32	-0.005450981
95.34	-0.000916325
95.36	0.00201177
95.38	0.002791332
95.4	0.008565724
95.42	0.00638473
95.44	0.007420334
95.46	0.011703027
95.48	0.010140501
95.5	0.010516663
95.52	0.006479417
95.54	0.006105133
95.56	0.005644492
95.58	0.004826682
95.6	-0.007827715
95.62	-0.007751317
95.64	-0.005221707
95.66	-0.003392612
95.68	0.004018936
95.7	0.006583586
95.72	0.007950253
95.74	0.013455104
95.76	0.012959661
95.78	0.009878533
95.8	0.005845251
95.82	0.001248171
95.84	-0.009210508
95.86	-0.00974463
95.88	-0.010231746
95.9	-0.009230306
95.92	-0.007619874
95.94	-0.005569392
95.96	-0.006921855
95.98	-0.006524741
96	-0.004737757
96.02	0.005422796
96.04	0.011183283
96.06	0.01361794
96.08	0.016778999
96.1	0.017877289
96.12	0.015795126
96.14	0.01782752
96.16	0.013532578
96.18	0.006661779
96.2	0.005750656
96.22	0.005762271
96.24	0.012854412
96.26	0.014671627
96.28	0.012380387
96.3	0.013112895
96.32	0.009730526
96.34	0.004426488
96.36	0.004307293
96.38	0.007214668
96.4	0.023274411
96.42	0.017107621
96.44	0.013136903
96.46	0.012093354
96.48	0.016139743
96.5	0.013970193
96.52	0.004819387
96.54	0.00197955
96.56	0.007578582
96.58	0.00620991
96.6	0.00468799
96.62	0.000878261
96.64	0.001063401
96.66	0.000734253
96.68	0.001007692
96.7	0.000881524
96.72	-0.001212678
96.74	-0.006109934
96.76	0.000688966
96.78	0.005715563
96.8	0.014510616
96.82	0.018400017
96.84	0.018700129
96.86	0.014253444
96.88	0.015083555
96.9	0.015022064
96.92	0.013635327
96.94	0.007831086
96.96	0.005974931
96.98	0.00037171
97	0.000892745
97.02	0.005055638
97.04	-0.002433583
97.06	-0.004246755
97.08	-0.003777476
97.1	-0.00510654
97.12	-0.003135321
97.14	-0.000324736
97.16	0.003038383
97.18	-0.003147357
97.2	-0.002554515
97.22	-0.006315042
97.24	-0.004702438
97.26	-0.005793589
97.28	-0.009487397
97.3	-0.014547262
97.32	-0.017187895
97.34	-0.016880971
97.36	-0.011681858
97.38	0.005909623
97.4	0.004746154
97.42	0.004785515
97.44	0.011103674
97.46	0.011939428
97.48	0.017255058
97.5	0.016687264
97.52	0.016898043
97.54	0.013570577
97.56	0.013001217
97.58	0.01156469
97.6	0.009558581
97.62	0.008215181
97.64	0.011033149
97.66	0.012277981
97.68	0.015514514
97.7	0.018745828
97.72	0.016993072
97.74	0.010594744
97.76	0.013424406
97.78	-0.000594274
97.8	0.002757299
97.82	0.003879836
97.84	0.006741002
97.86	0.010462254
97.88	0.010719011
97.9	0.010257994
97.92	0.005631626
97.94	0.001255184
97.96	-0.001461463
97.98	-0.003859995
98	-0.007442499
98.02	-0.006942956
98.04	-0.002167176
98.06	0.003976634
98.08	0.006777353
98.1	0.008623226
98.12	0.001172153
98.14	-0.001064958
98.16	-0.010263216
98.18	-0.005720821
98.2	0.003136364
98.22	0.007685996
98.24	0.008648253
98.26	0.007824565
98.28	0.001779794
98.3	-0.000634424
98.32	-0.003706721
98.34	-0.004099836
98.36	-0.014186334
98.38	-0.01066237
98.4	-0.015442694
98.42	-0.012765296
98.44	-0.012756367
98.46	-0.00969812
98.48	-0.007972081
98.5	-0.004716876
98.52	-0.001140884
98.54	0.000829307
98.56	-0.002639706
98.58	-0.009021838
98.6	-0.01168679
98.62	-0.017557951
98.64	-0.016023721
98.66	-0.016094125
98.68	-0.019105898
98.7	-0.020422969
98.72	-0.018894171
98.74	-0.01918727
98.76	-0.020136101
98.78	-0.008270148
98.8	-0.006755139
98.82	0.001446196
98.84	-0.001791653
98.86	-0.000928473
98.88	0.005617713
98.9	0.010353523
98.92	0.006279819
98.94	0.004749065
98.96	-0.001523411
98.98	-0.003125976
99	-0.008563577
99.02	-0.022730698
99.04	-0.01601563
99.06	-0.014972576
99.08	-0.010281548
99.1	-0.002930186
99.12	-0.001114091
99.14	0.00457123
99.16	0.005413393
99.18	0.004732096
99.2	0.000490296
99.22	-0.0049542
99.24	-0.007598756
99.26	-0.009093912
99.28	-0.006553883
99.3	0.000175586
99.32	0.00311006
99.34	-0.004498257
99.36	-0.005262362
99.38	-0.004094052
99.4	-0.003477168
99.42	-0.009509977
99.44	-0.010716092
99.46	-0.002036688
99.48	0.002761958
99.5	0.007420332
99.52	0.008188351
99.54	0.008631992
99.56	0.002560198
99.58	-0.000976546
99.6	-0.006297277
99.62	-0.009324732
99.64	-0.009709233
99.66	-0.006985126
99.68	-0.001473477
99.7	-0.001682308
99.72	0.000337186
99.74	0.003166778
99.76	-0.00134077
99.78	-0.00582242
99.8	-0.006667238
99.82	-0.003762002
99.84	0.001805002
99.86	0.008336939
99.88	0.009627919
99.9	0.010191367
99.92	0.00824688
99.94	0.003215007
99.96	0.003444452
99.98	-0.002389958
100	-0.005734407
100.02	-0.009759803
100.04	-0.014228753
100.06	-0.009590783
100.08	-0.005990222
100.1	-0.004760977
100.12	-0.007129777
100.14	-0.007742102
100.16	-0.006163676
100.18	-0.005120659
100.2	-0.006307123
100.22	-0.007493059
100.24	-0.011955023
100.26	-0.009204414
100.28	-0.006208433
100.3	0.000791117
100.32	0.00350812
100.34	0.004016185
100.36	-0.002123577
100.38	-0.003494843
100.4	-0.005420849
100.42	-0.008020398
100.44	-0.005681072
100.46	-0.005111819
100.48	-0.002941311
100.5	0.000626594
100.52	0.003746089
100.54	0.000683979
100.56	-0.002453697
100.58	-0.007691977
100.6	-0.011194078
100.62	-0.011877977
100.64	-0.002103053
100.66	-0.006166126
100.68	-0.002383329
100.7	-0.003865083
100.72	-0.003909418
100.74	-0.003451262
100.76	-0.005120258
100.78	-0.003692132
100.8	-0.002531618
100.82	-1.01423E-05
100.84	0.002381803
100.86	0.004704927
100.88	0.003774261
100.9	0.004668944
100.92	0.002445681
100.94	0.003519438
100.96	0.001938219
100.98	-0.001776648
101	-0.003230923
101.02	-0.00604933
101.04	-0.014047444
101.06	-0.020120496
101.08	-0.01579266
101.1	-0.018118805
101.12	-0.012484156
101.14	-0.011233392
101.16	-0.012110797
101.18	-0.011196761
101.2	-0.003488566
101.22	0.000442896
101.24	0.011001925
101.26	0.012477065
101.28	0.012298905
101.3	0.011012314
101.32	0.010210402
101.34	0.00582701
101.36	0.000147577
101.38	0.000694683
101.4	0.002631617
101.42	0.00485683
101.44	0.006313313
101.46	0.008077041
101.48	0.010676514
101.5	0.011061958
101.52	0.008972941
101.54	0.008125785
101.56	0.009926582
101.58	0.01336293
101.6	0.022732355
101.62	0.014953545
101.64	0.007620191
101.66	0.000717236
101.68	-0.004940997
101.7	-0.007144931
101.72	-0.010737228
101.74	-0.011249584
101.76	-0.003789639
101.78	0.004905789
101.8	0.014523315
101.82	0.015287173
101.84	0.016454482
101.86	0.017303965
101.88	0.018850922
101.9	0.022081314
101.92	0.018840401
101.94	0.009213427
101.96	0.003468849
101.98	0.000328995
102	-0.004495473
102.02	-0.0044587
102.04	-0.00163851
102.06	-0.004123097
102.08	-0.003926426
102.1	-0.004093463
102.12	-0.005325855
102.14	0.003844771
102.16	0.001846136
102.18	0.003478268
102.2	-0.001700206
102.22	-0.0032081
102.24	-0.005494083
102.26	-0.002365561
102.28	-0.005125958
102.3	-0.007646163
102.32	-0.0079426
102.34	-0.010374948
102.36	-0.00851944
102.38	-0.008571365
102.4	-0.009855947
102.42	-0.012951581
102.44	-0.012343527
102.46	-0.015283366
102.48	-0.014634833
102.5	-0.013052985
102.52	-0.017437154
102.54	-0.016844619
102.56	-0.016839378
102.58	-0.018142446
102.6	-0.017528068
102.62	-0.019343082
102.64	-0.01675597
102.66	-0.015658029
102.68	0.007476405
102.7	-0.002032887
102.72	0.007573228
102.74	0.004990873
102.76	0.005491444
102.78	0.008997027
102.8	0.01178257
102.82	0.013917215
102.84	0.013420269
102.86	0.014373059
102.88	0.016320334
102.9	0.015610896
102.92	0.01808486
102.94	0.00977484
102.96	0.008094399
102.98	-0.001666363
103	-0.008425664
103.02	-0.007812411
103.04	-0.004936158
103.06	0.008593351
103.08	0.011508762
103.1	0.009554498
103.12	-1.10099E-05
103.14	0.00650888
103.16	-0.001753472
103.18	-0.0105638
103.2	-0.011518588
103.22	-0.007181965
103.24	0.003181745
103.26	0.014264262
103.28	0.012208478
103.3	0.019065975
103.32	0.019145095
103.34	0.013374094
103.36	0.007455599
103.38	0.008946223
103.4	0.006280194
103.42	0.007218003
103.44	0.006961713
103.46	0.010043441
103.48	0.008441148
103.5	0.004860677
103.52	-0.000799005
103.54	-0.013819506
103.56	-0.016388896
103.58	-0.016999788
103.6	-0.005185637
103.62	-0.010749949
103.64	-0.008575144
103.66	-0.007461036
103.68	-0.00220495
103.7	-0.00555048
103.72	-0.005604415
103.74	-0.008309885
103.76	-0.005019494
103.78	-0.003682966
103.8	-0.005858238
103.82	-0.00897546
103.84	-0.012417232
103.86	-0.012500432
103.88	-0.010433902
103.9	-0.006162488
103.92	-0.004692464
103.94	-0.003891876
103.96	4.52882E-05
103.98	-0.000134407
104	-0.004040331
104.02	-0.009512887
104.04	-0.008044215
104.06	-0.00368853
104.08	-0.000367841
104.1	0.006563519
104.12	0.008541393
104.14	0.005276027
104.16	0.005367454
104.18	0.005782535
104.2	0.00410154
104.22	0.00092107
104.24	-0.004885887
104.26	-0.004053225
104.28	0.003678761
104.3	0.009550769
104.32	0.018227108
104.34	0.011227514
104.36	0.004666981
104.38	-0.000419336
104.4	-0.010898576
104.42	-0.015960625
104.44	-0.013037686
104.46	-0.013513877
104.48	-0.016053445
104.5	-0.013674759
104.52	-0.012088464
104.54	-0.013349136
104.56	-0.012039345
104.58	-0.01363998
104.6	-0.011660939
104.62	-0.012845717
104.64	-0.001009738
104.66	0.001577305
104.68	0.005124721
104.7	0.007817504
104.72	0.011433799
104.74	0.011988851
104.76	0.004758254
104.78	0.001784488
104.8	-0.001264551
104.82	-0.003777886
104.84	-0.002341866
104.86	0.001325978
104.88	0.002976707
104.9	-0.003033141
104.92	-0.001433267
104.94	-0.00484134
104.96	-0.001111005
104.98	0.009375713
105	0.000412422
105.02	-0.001190463
105.04	-0.001220522
105.06	-0.005140799
105.08	-0.006217065
105.1	-0.00946707
105.12	-0.011433288
105.14	-0.004627679
105.16	-0.00183886
105.18	0.010365612
105.2	0.012783576
105.22	0.013217541
105.24	0.01058941
105.26	0.011544735
105.28	0.013360924
105.3	0.013090911
105.32	0.006438001
105.34	0.006136256
105.36	0.004755431
105.38	0.006795157
105.4	0.010252111
105.42	0.00752005
105.44	0.003857325
105.46	0.001231618
105.48	-0.001894438
105.5	-0.00354177
105.52	0.010205949
105.54	0.011052427
105.56	0.015285579
105.58	0.012891951
105.6	0.012552959
105.62	0.004721906
105.64	-6.44006E-05
105.66	-0.001785991
105.68	0.0034132
105.7	0.008691643
105.72	0.013297825
105.74	0.014500918
105.76	0.017412736
105.78	0.012798748
105.8	0.018503175
105.82	0.0252241
105.84	0.02229593
105.86	0.025658541
105.88	0.027220011
105.9	0.020403476
105.92	0.00710872
105.94	0.012932178
105.96	0.003661193
105.98	-0.007091958
106	-0.010172991
106.02	-0.011835035
106.04	-0.011556863
106.06	-0.008930862
106.08	-0.010184959
106.1	0.005505386
106.12	0.003920176
106.14	0.012774248
106.16	0.010158281
106.18	0.011092659
106.2	0.008741298
106.22	0.01366179
106.24	0.010797935
106.26	0.010127995
106.28	0.00759674
106.3	-6.17298E-05
106.32	-0.001567407
106.34	0.001163828
106.36	0.003348765
106.38	0.006999967
106.4	0.004746063
106.42	0.00050283
106.44	-0.002499908
106.46	-0.005472656
106.48	-0.005361083
106.5	0.003244292
106.52	0.004349505
106.54	-0.005934141
106.56	-0.006117424
106.58	-0.009225899
106.6	-0.008510906
106.62	-0.01020349
106.64	-0.007505017
106.66	-0.005953795
106.68	-0.002043949
106.7	-0.00529906
106.72	-0.001779188
106.74	-0.007616431
106.76	-0.007742172
106.78	-0.005112429
106.8	-0.00382188
106.82	0.000637277
106.84	0.000782144
106.86	0.006374234
106.88	0.002845323
106.9	-0.003096678
106.92	-0.001032118
106.94	-0.004352975
106.96	-0.004744627
106.98	-0.000672254
107	-0.002289508
107.02	-0.002154768
107.04	0.001454281
107.06	0.000307548
107.08	-0.000966965
107.1	-0.001826447
107.12	-0.00504339
107.14	-0.00039626
107.16	0.002227725
107.18	0.002809403
107.2	0.00628171
107.22	0.012971687
107.24	0.01724501
107.26	0.012064954
107.28	0.012242828
107.3	0.012212028
107.32	0.010021836
107.34	0.012261073
107.36	0.004394028
107.38	0.004762843
107.4	-0.003793048
107.42	-0.003419905
107.44	-0.010687116
107.46	-0.00835563
107.48	-0.006618517
107.5	-0.003042774
107.52	-0.002873937
107.54	-0.002239426
107.56	-0.00350882
107.58	-0.003670142
107.6	-0.003168217
107.62	-0.003071254
107.64	-0.000763352
107.66	0.006530834
107.68	0.009361759
107.7	0.012238394
107.72	0.006393569
107.74	0.000100986
107.76	-0.017881249
107.78	-0.010581443
107.8	-0.008437323
107.82	-0.008009477
107.84	-0.006575017
107.86	-0.004738666
107.88	-0.001405668
107.9	-0.00137363
107.92	-0.002559348
107.94	-0.002847577
107.96	-0.009137728
107.98	-0.005363558
108	-0.007029747
108.02	-0.004706323
108.04	-0.004388174
108.06	-0.005274778
108.08	-0.007196733
108.1	-0.009197665
108.12	-0.010262347
108.14	-0.011424591
108.16	-0.01162349
108.18	-0.011400198
108.2	-0.010125772
108.22	-0.006745507
108.24	0.000514601
108.26	0.000500247
108.28	-0.001423519
108.3	0.001017996
108.32	-0.006121579
108.34	-0.01336541
108.36	-0.020815842
108.38	-0.023877139
108.4	-0.023691415
108.42	-0.021969959
108.44	-0.020799594
108.46	-0.016985321
108.48	-0.01222929
108.5	-0.008611675
108.52	-0.008401516
108.54	-0.00705796
108.56	-0.003685827
108.58	-0.000815337
108.6	0.006812057
108.62	0.00740542
108.64	0.006691745
108.66	0.001626015
108.68	-0.002484761
108.7	-0.008536812
108.72	-0.004116423
108.74	-0.003706753
108.76	0.001274949
108.78	0.002484298
108.8	0.006347184
108.82	0.007781356
108.84	0.011836974
108.86	0.012573001
108.88	0.012694361
108.9	0.012033253
108.92	0.006537369
108.94	-8.65221E-05
108.96	-0.003794493
108.98	-0.005041981
109	-0.00496133
109.02	-0.006561735
109.04	-0.0086822
109.06	-0.009919965
109.08	-0.006292983
109.1	-0.002748535
109.12	0.003383871
109.14	0.012484001
109.16	0.012375511
109.18	0.013037292
109.2	0.017987631
109.22	0.02188509
109.24	0.018410069
109.26	0.018600621
109.28	0.017601507
109.3	0.010145164
109.32	0.013839226
109.34	0.007853702
109.36	0.008689071
109.38	0.001853364
109.4	0.002450234
109.42	0.002685107
109.44	6.2251E-05
109.46	0.003985745
109.48	0.006808786
109.5	0.009820913
109.52	0.008686895
109.54	0.003536324
109.56	-0.005163915
109.58	-0.00166115
109.6	0.002315518
109.62	0.001651592
109.64	0.002467464
109.66	0.003400134
109.68	0.00151869
109.7	0.002064554
109.72	0.004865113
109.74	0.002248827
109.76	0.00225544
109.78	-0.004992776
109.8	-0.006466523
109.82	-0.008566874
109.84	-0.003785913
109.86	0.000277807
109.88	0.006635129
109.9	0.005343841
109.92	0.005990566
109.94	0.005734359
109.96	0.005142991
109.98	0.001662367
110	-0.010456578
110.02	-0.007504744
110.04	-0.00589516
110.06	-0.000552072
110.08	0.019218421
110.1	0.018338203
110.12	0.014759645
110.14	0.012055533
110.16	0.006700791
110.18	0.004780287
110.2	0.005236741
110.22	0.002929115
110.24	-0.000338238
110.26	-0.00424866
110.28	-0.009651611
110.3	-0.009128729
110.32	-0.016670372
110.34	-0.018880909
110.36	-0.018069822
110.38	-0.023019245
110.4	-0.017684687
110.42	-0.01025335
110.44	-0.000869347
110.46	-0.005246717
110.48	-0.004552069
110.5	-0.006403976
110.52	-0.006607942
110.54	-0.005820365
110.56	-0.003533605
110.58	0.001634903
110.6	0.003981617
110.62	0.001200417
110.64	0.002577832
110.66	0.002771114
110.68	0.007803447
110.7	0.010794657
110.72	0.01202311
110.74	0.01439382
110.76	0.013950153
110.78	0.014920802
110.8	0.014325123
110.82	0.011775496
110.84	0.00805676
110.86	0.001417692
110.88	-0.001919652
110.9	-0.007688332
110.92	-0.007310145
110.94	-0.002339342
110.96	-0.004656636
110.98	-0.006034545
111	-0.00507842
111.02	-0.000823552
111.04	0.002012077
111.06	0.007035292
111.08	0.004839474
111.1	0.002500277
111.12	0.001901775
111.14	0.005940172
111.16	0.010988568
111.18	0.010176026
111.2	0.003089091
111.22	-0.002083568
111.24	0.001231728
111.26	0.004905589
111.28	0.003413894
111.3	0.008145603
111.32	0.007382115
111.34	0.00474985
111.36	0.006989034
111.38	0.00750648
111.4	0.008072957
111.42	0.001213479
111.44	-0.005048312
111.46	-0.005753953
111.48	-0.002399448
111.5	0.004472563
111.52	0.001954119
111.54	-0.000794293
111.56	-0.003592924
111.58	-0.003910094
111.6	-0.004744511
111.62	-0.004950567
111.64	-0.005031172
111.66	-0.0046007
111.68	-0.002382633
111.7	-0.004158663
111.72	-0.008419451
111.74	-0.010087823
111.76	-0.01652746
111.78	-0.018969082
111.8	-0.018580958
111.82	-0.018152463
111.84	-0.01891356
111.86	-0.017045281
111.88	-0.014238024
111.9	-0.014075666
111.92	-0.013459449
111.94	-0.014214938
111.96	-0.016774478
111.98	-0.016892537
112	-0.017737402
112.02	-0.015544138
112.04	-0.015241294
112.06	-0.013808288
112.08	-0.012148908
112.1	-0.007352081
112.12	-0.004355274
112.14	0.003720712
112.16	-0.001949483
112.18	-0.003990059
112.2	-0.004510005
112.22	-0.006077737
112.24	-0.003230681
112.26	-0.004412728
112.28	-0.005705863
112.3	-0.007235192
112.32	-0.007597247
112.34	-0.00673812
112.36	-0.005765035
112.38	-0.004280443
112.4	-0.002465936
112.42	-6.20515E-05
112.44	0.000717722
112.46	0.004440137
112.48	0.008522095
112.5	-0.000115458
112.52	-0.002889195
112.54	-0.007480159
112.56	-0.004551762
112.58	-0.001264228
112.6	-0.002181425
112.62	-0.004197014
112.64	-0.006595388
112.66	-0.008122655
112.68	-0.006771568
112.7	-0.006457489
112.72	-0.004190828
112.74	0.006428321
112.76	0.003595966
112.78	0.009060559
112.8	0.011430535
112.82	0.018159667
112.84	0.021377699
112.86	0.016659447
112.88	0.011650944
112.9	0.001134255
112.92	-0.026462898
112.94	-0.014810248
112.96	-0.009304594
112.98	-0.008711156
113	-0.006288047
113.02	-0.003862989
113.04	0.000288834
113.06	0.006516679
113.08	0.011776184
113.1	0.017812745
113.12	0.016756764
113.14	0.009724912
113.16	0.008406696
113.18	0.00378072
113.2	0.001532538
113.22	0.001336278
113.24	-0.00011593
113.26	-0.012784676
113.28	-0.013136384
113.3	-0.015183358
113.32	-0.007578802
113.34	-0.006928668
113.36	-0.001234211
113.38	0.001256343
113.4	0.007333549
113.42	0.006387139
113.44	0.011084629
113.46	0.011491687
113.48	0.005675687
113.5	0.00281941
113.52	0.000120722
113.54	-0.002807245
113.56	0.00055227
113.58	-0.001776281
113.6	-0.00590877
113.62	-0.006302566
113.64	-0.007227571
113.66	-0.004815027
113.68	0.000306042
113.7	-0.000110623
113.72	0.005507881
113.74	0.00372716
113.76	0.000291352
113.78	0.000818645
113.8	0.001878449
113.82	-0.002148073
113.84	-0.004406835
113.86	-0.003090028
113.88	-0.001097323
113.9	-0.00096488
113.92	-0.005140463
113.94	-0.011109302
113.96	-0.012534936
113.98	-0.011909119
114	-0.007266967
114.02	-0.004843044
114.04	-0.0004166
114.06	0.002518557
114.08	0.006069722
114.1	0.004054815
114.12	0.006746642
114.14	0.006546393
114.16	0.007237666
114.18	0.001443842
114.2	-0.000510786
114.22	-0.003034322
114.24	-0.006718823
114.26	-0.010675243
114.28	-0.010322965
114.3	-0.010771173
114.32	-0.01185064
114.34	-0.009247388
114.36	-0.003424838
114.38	-0.000905137
114.4	0.004487004
114.42	0.007768528
114.44	0.014536031
114.46	0.016558234
114.48	0.013918878
114.5	0.009305781
114.52	0.003388107
114.54	-0.004871207
114.56	-0.009481362
114.58	-0.008295127
114.6	-0.005920815
114.62	0.001532621
114.64	0.006747591
114.66	0.009917247
114.68	0.008694198
114.7	0.005088841
114.72	0.003625983
114.74	0.000935667
114.76	0.0070211
114.78	0.006139739
114.8	0.007415601
114.82	0.011419623
114.84	0.012911403
114.86	0.005341994
114.88	-0.003897353
114.9	-0.01045471
114.92	-0.010848498
114.94	-0.009526008
114.96	-0.001259691
114.98	0.003904988
115	0.009096631
115.02	0.01110332
115.04	0.014415318
115.06	0.012264049
115.08	0.014631298
115.1	0.01174413
115.12	0.012894437
115.14	0.013231909
115.16	0.014903123
115.18	0.015333637
115.2	0.011911417
115.22	0.006508873
115.24	0.004542291
115.26	0.007731954
115.28	0.009528613
115.3	0.009065534
115.32	0.008670956
115.34	0.00498896
115.36	0.009549058
115.38	0.011611795
115.4	0.010813949
115.42	0.008350867
115.44	0.003119272
115.46	0.002157927
115.48	0.001430294
115.5	0.000855609
115.52	0.000904607
115.54	-0.001707459
115.56	-0.00072673
115.58	0.001772002
115.6	0.005626696
115.62	0.006300145
115.64	0.004387528
115.66	0.00219563
115.68	-0.000834694
115.7	-0.002759974
115.72	0.001940438
115.74	0.001351035
115.76	0.002525366
115.78	0.001107068
115.8	0.003498246
115.82	0.005355879
115.84	0.00891558
115.86	0.011152369
115.88	0.01057066
115.9	0.008651416
115.92	0.008842834
115.94	0.006021914
115.96	0.002733759
115.98	-0.002219994
116	-0.00482379
116.02	-0.005941451
116.04	-0.004894142
116.06	-0.00247318
116.08	-0.001694379
116.1	-0.009177669
116.12	-0.013071661
116.14	-0.01455042
116.16	-0.013505149
116.18	-0.011873426
116.2	-0.010266022
116.22	-0.011457614
116.24	-0.013584537
116.26	-0.012704585
116.28	-0.010634131
116.3	-0.016070569
116.32	-0.018721392
116.34	-0.022430829
116.36	-0.016457358
116.38	-0.003903075
116.4	0.001590909
116.42	0.002311724
116.44	0.004184603
116.46	0.00158621
116.48	0.000158565
116.5	0.003036712
116.52	0.004576155
116.54	0.006118474
116.56	0.007207636
116.58	0.010708431
116.6	0.015991185
116.62	0.019131141
116.64	0.018102051
116.66	0.01710457
116.68	0.016189909
116.7	0.014098339
116.72	0.011838837
116.74	0.009917913
116.76	0.013661675
116.78	0.012708619
116.8	0.003196738
116.82	0.002881842
116.84	0.001430259
116.86	-0.001280135
116.88	-0.008765751
116.9	-0.00399826
116.92	-0.004246671
116.94	-0.000465634
116.96	0.0020736
116.98	0.005584399
117	0.006662019
117.02	0.005575024
117.04	0.005506156
117.06	0.002851484
117.08	0.005794882
117.1	0.009594985
117.12	0.011140352
117.14	0.014267415
117.16	0.002161312
117.18	0.007408706
117.2	0.005068918
117.22	0.000330331
117.24	0.002140324
117.26	-6.2991E-05
117.28	-0.002004398
117.3	0.002784755
117.32	0.004384793
117.34	0.005391306
117.36	-0.001726722
117.38	-0.005723807
117.4	-0.001925259
117.42	-0.00363504
117.44	-0.000532797
117.46	0.002541739
117.48	0.003882161
117.5	0.004844417
117.52	-0.000342486
117.54	-0.003940434
117.56	-0.007080463
117.58	-0.00692787
117.6	-0.01160246
117.62	-0.017800445
117.64	-0.020110975
117.66	-0.020421801
117.68	-0.019158778
117.7	-0.015231901
117.72	-0.008501085
117.74	-0.007015105
117.76	-0.008710785
117.78	-0.008630081
117.8	-0.006351952
117.82	-0.005860408
117.84	-0.011360559
117.86	-0.009855397
117.88	-0.009383284
117.9	-0.006398788
117.92	-0.00498145
117.94	-0.00335948
117.96	0.001237728
117.98	0.001338492
118	0.003828145
118.02	0.002438693
118.04	0.0035932
118.06	0.004245011
118.08	0.00497939
118.1	0.012075761
118.12	0.000193262
118.14	0.001672772
118.16	-0.00080618
118.18	-0.005861313
118.2	-0.003563155
118.22	-0.000740128
118.24	0.000243311
118.26	0.00490858
118.28	-0.001978819
118.3	-0.005253795
118.32	-0.005171429
118.34	-0.002334563
118.36	-0.001770666
118.38	2.80935E-05
118.4	0.000179309
118.42	0.000530567
118.44	0.006510189
118.46	0.003110198
118.48	-0.002264533
118.5	-0.010498002
118.52	-0.007413587
118.54	0.001152937
118.56	0.006852511
118.58	0.007534597
118.6	0.005278055
118.62	0.005768005
118.64	0.000137349
118.66	0.003155609
118.68	0.001488144
118.7	0.001050832
118.72	-0.005571545
118.74	-0.000847066
118.76	0.002285448
118.78	0.010096391
118.8	0.01005303
118.82	0.008307103
118.84	0.010350283
118.86	0.016242929
118.88	0.019666376
118.9	0.020124536
118.92	0.01831455
118.94	0.016049357
118.96	0.01176021
118.98	0.009534107
119	0.005712146
119.02	0.008333806
119.04	0.010745877
119.06	0.009705104
119.08	0.003801282
119.1	0.000374965
119.12	8.78751E-06
119.14	0.001071401
119.16	0.001563609
119.18	0.005641923
119.2	0.010574049
119.22	0.015749073
119.24	0.015321269
119.26	0.010450291
119.28	0.007373918
119.3	0.008123038
119.32	0.007742091
119.34	0.001770351
119.36	0.004731675
119.38	0.010236553
119.4	0.012864046
119.42	0.012830449
119.44	0.007256974
119.46	0.006143428
119.48	0.005302423
119.5	0.003036469
119.52	-0.011267483
119.54	-0.003370046
119.56	-0.005827303
119.58	-0.010115473
119.6	-0.00418351
119.62	-0.000295356
119.64	0.002333364
119.66	0.004319602
119.68	-0.000179047
119.7	-0.005056362
119.72	-0.007551288
119.74	-0.010456318
119.76	-0.015062731
119.78	-0.016097772
119.8	-0.018064626
119.82	-0.017381867
119.84	-0.015844675
119.86	-0.013721261
119.88	-0.010662929
119.9	-0.012858998
119.92	-0.019479409
119.94	-0.020567051
119.96	-0.022265338
119.98	-0.021513448
120	-0.020508722
120.02	-0.016424808
120.04	-0.008946321
120.06	-0.004299711
120.08	-0.002971177
120.1	-0.009897855
120.12	-0.01065167
120.14	-0.011286458
120.16	-0.01181632
120.18	-0.0110149
120.2	-0.008923585
120.22	-0.003186767
120.24	-0.002416846
120.26	0.004841867
120.28	0.003894536
120.3	0.001884747
120.32	-0.004158588
120.34	-0.004400642
120.36	-0.002326903
120.38	0.000336518
120.4	0.004669297
120.42	0.008987284
120.44	0.00370301
120.46	0.002970888
120.48	0.007889456
120.5	0.00450002
120.52	0.001059586
120.54	-0.001127814
120.56	-0.004870038
120.58	-0.008079834
120.6	-0.008331612
120.62	-0.00680088
120.64	0.002063523
120.66	-0.000406377
120.68	0.001539612
120.7	0.003464228
120.72	0.006029331
120.74	0.006267187
120.76	0.009111123
120.78	0.006141296
120.8	0.007358389
120.82	0.004937633
120.84	0.00834718
120.86	0.009316978
120.88	0.008011416
120.9	0.005735999
120.92	-0.00680687
120.94	-0.012304392
120.96	-0.01330587
120.98	-0.016413038
121	-0.014582677
121.02	-0.013586101
121.04	-0.010312551
121.06	-0.005764211
121.08	-0.001006238
121.1	-0.000334156
121.12	-0.000949565
121.14	-0.002174214
121.16	-0.002301811
121.18	-0.006723768
121.2	-0.011332569
121.22	-0.014138388
121.24	-0.013468387
121.26	-0.010049897
121.28	-0.007248651
121.3	-0.005567249
121.32	-0.004017411
121.34	-0.009784028
121.36	-0.015388927
121.38	-0.016687006
121.4	-0.019551666
121.42	-0.015204226
121.44	-0.01083275
121.46	0.004245014
121.48	0.001001278
121.5	-0.001073653
121.52	-0.009765469
121.54	-0.017594317
121.56	-0.018556139
121.58	-0.017474464
121.6	-0.02176997
121.62	-0.02424882
121.64	-0.02760543
121.66	-0.017896181
121.68	-0.004436188
121.7	0.004437459
121.72	0.004474717
121.74	0.005350718
121.76	0.002161697
121.78	0.002740496
121.8	0.006148383
121.82	0.00538538
121.84	0.006773056
121.86	0.004488695
121.88	-0.00426593
121.9	-0.004374187
121.92	-0.005936055
121.94	-0.003831985
121.96	-0.008287043
121.98	-0.010159178
122	-0.011077063
122.02	-0.013073402
122.04	-0.010354714
122.06	-0.006356475
122.08	-0.00253817
122.1	0.003585782
122.12	0.007895938
122.14	0.008912457
122.16	0.007987022
122.18	0.008873315
122.2	-0.003225993
122.22	-0.008979305
122.24	-0.005540667
122.26	0.001218139
122.28	0.00843086
122.3	0.009413246
122.32	0.002302105
122.34	0.003827448
122.36	0.0056231
122.38	0.014027291
122.4	0.014849192
122.42	0.011229363
122.44	0.015718664
122.46	0.021865544
122.48	0.019568967
122.5	0.022031983
122.52	0.019528805
122.54	0.01876701
122.56	0.01467116
122.58	0.00878801
122.6	-0.019051132
122.62	-0.00791703
122.64	-0.006512753
122.66	-0.00295673
122.68	-7.54623E-05
122.7	0.001105632
122.72	0.000301056
122.74	0.006455312
122.76	0.004708097
122.78	0.00354864
122.8	-0.000459303
122.82	-0.00501352
122.84	-0.002029756
122.86	0.002572508
122.88	0.008534893
122.9	0.013156664
122.92	0.012804315
122.94	-0.013205993
122.96	-0.002688131
122.98	0.003020337
123	-0.000393907
123.02	-0.000420833
123.04	-0.000434606
123.06	0.006954798
123.08	0.009226064
123.1	0.014478285
123.12	0.011320802
123.14	0.006504558
123.16	0.006135813
123.18	0.012618895
123.2	0.017754508
123.22	0.021037411
123.24	0.02631085
123.26	0.024589581
123.28	0.020756959
123.3	0.014013416
123.32	0.009587538
123.34	0.002899019
123.36	-0.001505049
123.38	-0.003051012
123.4	-0.00069865
123.42	0.001313414
123.44	0.001849486
123.46	0.007776249
123.48	-0.000943683
123.5	-0.003307333
123.52	-0.008912684
123.54	0.000437746
123.56	0.002209247
123.58	-0.00015177
123.6	0.002207685
123.62	0.00345091
123.64	0.004355539
123.66	0.001909574
123.68	0.001146084
123.7	0.001012233
123.72	-0.003584857
123.74	0.004104673
123.76	0.003325485
123.78	0.004926113
123.8	0.005120143
123.82	0.005235327
123.84	0.003787874
123.86	0.004877861
123.88	0.001324357
123.9	0.000851146
123.92	-0.004427683
123.94	-0.004824704
123.96	-0.004005954
123.98	-0.006262095
124	-0.00797868
124.02	-0.011003376
124.04	-0.012389409
124.06	-0.017715413
124.08	-0.016837622
124.1	-0.016286622
124.12	-0.012992912
124.14	-0.014280174
124.16	-0.015429397
124.18	-0.014915873
124.2	-0.015431728
124.22	-0.015778576
124.24	-0.015064193
124.26	-0.011777475
124.28	-0.009189738
124.3	-0.007506864
124.32	-0.01646086
124.34	-0.016313142
124.36	-0.012561346
124.38	-0.010866842
124.4	-0.011247369
124.42	-0.013419994
124.44	-0.007212876
124.46	-0.002355995
124.48	-0.001199859
124.5	-0.00218866
124.52	-0.005297994
124.54	-0.00349551
124.56	-0.003327707
124.58	-0.00614778
124.6	-0.004974177
124.62	0.000411318
124.64	0.013588464
124.66	0.010662069
124.68	0.016813888
124.7	0.017066693
124.72	0.013910037
124.74	0.009976588
124.76	0.006553753
124.78	0.008279693
124.8	0.010748032
124.82	0.011545404
124.84	0.016421252
124.86	0.01862227
124.88	0.018514273
124.9	0.018413112
124.92	0.013763814
124.94	0.0006082
124.96	0.004149696
124.98	-0.005307458
125	0.000185783
125.02	0.008108382
125.04	0.01471373
125.06	0.016009372
125.08	0.0139455
125.1	0.020138212
125.12	0.018667483
125.14	0.01340445
125.16	0.004786453
125.18	0.001312405
125.2	-0.009385543
125.22	0.004204927
125.24	0.01233763
125.26	0.017628779
125.28	0.017982049
125.3	0.009023176
125.32	0.008207032
125.34	0.006033082
125.36	0.001735018
125.38	-0.001360775
125.4	-0.005665689
125.42	-0.005776534
125.44	-0.008910554
125.46	-0.010369112
125.48	-0.009786803
125.5	-0.009688145
125.52	-0.009163134
125.54	-0.007886093
125.56	-0.010292204
125.58	-0.015520379
125.6	-0.017477201
125.62	-0.013071058
125.64	-0.013658308
125.66	-0.009489138
125.68	-0.012694801
125.7	-0.008948461
125.72	-0.004438727
125.74	0.001886593
125.76	0.005223785
125.78	0.005009979
125.8	-0.009915719
125.82	-0.006695674
125.84	-0.006858425
125.86	0.00036979
125.88	-0.00343353
125.9	-0.003878765
125.92	0.001211028
125.94	-0.002530978
125.96	-0.000511434
125.98	0.001110362
126	-0.008641833
126.02	-0.015058424
126.04	-0.014402968
126.06	0.000899741
126.08	0.008491744
126.1	0.009426292
126.12	0.022357508
126.14	0.018486991
126.16	0.016377174
126.18	0.01883768
126.2	0.014728671
126.22	0.011839307
126.24	0.006934398
126.26	0.009296294
126.28	0.009378975
126.3	0.014631185
126.32	0.017832103
126.34	0.019354258
126.36	0.009976922
126.38	0.009259871
126.4	0.00258634
126.42	0.003524173
126.44	0.001324691
126.46	0.000469898
126.48	-0.000325362
126.5	-0.001570655
126.52	-0.000732406
126.54	-0.010991023
126.56	-0.003879028
126.58	0.003413785
126.6	0.006565736
126.62	0.009124267
126.64	0.010501647
126.66	0.009402081
126.68	0.012223855
126.7	0.017410815
126.72	0.01393987
126.74	0.010003626
126.76	0.002755989
126.78	0.001639106
126.8	-0.004698913
126.82	-0.010392745
126.84	-0.011084716
126.86	-0.009630827
126.88	-0.012140365
126.9	-0.006543096
126.92	-0.002835113
126.94	0.003407753
126.96	0.005235292
126.98	0.001005598
127	1.00597E-05
127.02	-0.000624378
127.04	-0.003744827
127.06	-0.004605945
127.08	-0.005627636
127.1	-0.009089233
127.12	-0.011128857
127.14	-0.009985279
127.16	-0.006132317
127.18	0.026038491
127.2	0.012610484
127.22	0.015083673
127.24	0.013888164
127.26	0.011775356
127.28	0.009376853
127.3	0.012166611
127.32	0.009696329
127.34	0.011975973
127.36	0.005611834
127.38	0.00090482
127.4	-0.004327026
127.42	-0.008062997
127.44	-0.012634041
127.46	-0.0116319
127.48	-0.009324386
127.5	-0.007446237
127.52	-0.004021075
127.54	0.004528318
127.56	0.009274475
127.58	0.000749934
127.6	-0.006361158
127.62	-0.010633054
127.64	-0.01334296
127.66	-0.013197273
127.68	-0.011464062
127.7	-0.013382118
127.72	-0.013303449
127.74	-0.009814005
127.76	-0.004459083
127.78	-0.004647196
127.8	-0.001856646
127.82	-0.007651801
127.84	-0.015819657
127.86	-0.011141439
127.88	-0.012250434
127.9	-0.012722514
127.92	-0.013987008
127.94	-0.020078425
127.96	-0.015449262
127.98	-0.015535759
128	-0.017105104
128.02	-0.021879063
128.04	-0.0163819
128.06	-0.01943855
128.08	-0.020417713
128.1	-0.015128285
128.12	0.000668778
128.14	0.017442012
128.16	0.01702493
128.18	0.011693604
128.2	0.013597241
128.22	0.009758614
128.24	0.009585462
128.26	0.009615729
128.28	0.006624974
128.3	0.006392579
128.32	0.006499414
128.34	0.006491106
128.36	0.008820439
128.38	0.006517701
128.4	0.004711087
128.42	0.006565831
128.44	0.003077086
128.46	0.007046012
128.48	0.008639658
128.5	0.012764798
128.52	0.013083037
128.54	0.004863947
128.56	0.008182679
128.58	0.001886202
128.6	-0.000110696
128.62	0.005946964
128.64	0.00458414
128.66	0.002551463
128.68	0.002212963
128.7	7.37228E-05
128.72	-0.00020562
128.74	-0.00183609
128.76	0.004739218
128.78	0.004800688
128.8	0.007033056
128.82	0.008354622
128.84	0.006914385
128.86	0.009681436
128.88	0.010790738
128.9	0.007796835
128.92	-0.00206047
128.94	0.010536812
128.96	0.014639337
128.98	0.013902087
129	0.017250623
129.02	0.014007558
129.04	0.014232361
129.06	0.011640581
129.08	0.017448212
129.1	0.015882045
129.12	0.018773222
129.14	0.016072227
129.16	0.013517773
129.18	0.0045459
129.2	0.004924489
129.22	0.003633457
129.24	0.001554678
129.26	-0.005220394
129.28	-0.004831727
129.3	-0.00922336
129.32	-0.010440987
129.34	-0.0140101
129.36	-0.018364999
129.38	-0.020830323
129.4	-0.021716916
129.42	-0.018644874
129.44	-0.012899432
129.46	-0.006765381
129.48	0.00039656
129.5	-0.00280238
129.52	-0.004406641
129.54	-0.008613199
129.56	-0.001721165
129.58	-0.002033165
129.6	-0.003061518
129.62	-0.004629112
129.64	-0.004318418
129.66	-0.004032614
129.68	-0.001481791
129.7	0.004328356
129.72	0.001447172
129.74	0.005869671
129.76	0.004195094
129.78	0.003148912
129.8	-0.006779894
129.82	-0.0135336
129.84	-0.012993131
129.86	-0.006111879
129.88	-0.006193692
129.9	-0.009333933
129.92	-0.008091947
129.94	-0.008094565
129.96	-0.010489821
129.98	-0.009635064
130	-0.008694078
130.02	-0.005583168
130.04	0.015330707
130.06	0.009385483
130.08	0.00819656
130.1	0.006064937
130.12	-0.00029354
130.14	-0.004389913
130.16	-0.007311244
130.18	-0.009703294
130.2	-0.00941764
130.22	-0.00455638
130.24	-0.00600469
130.26	-0.004126407
130.28	-0.004832599
130.3	-0.010231122
130.32	-0.013640894
130.34	-0.018340352
130.36	-0.019607394
130.38	-0.005662019
130.4	-0.005195232
130.42	0.001343541
130.44	0.001952054
130.46	0.005284713
130.48	0.005206567
130.5	-0.003688876
130.52	-0.000930857
130.54	0.003705525
130.56	0.001521048
130.58	0.000880406
130.6	0.000221086
130.62	-0.003523151
130.64	-0.004382674
130.66	-0.001646725
130.68	-0.001980321
130.7	-0.008542322
130.72	-0.009691396
130.74	-0.009492443
130.76	-0.006647999
130.78	-0.006043038
130.8	-0.000306487
130.82	-0.003297133
130.84	-0.005740625
130.86	-0.00887455
130.88	-0.010684854
130.9	-0.018268962
130.92	-0.018265932
130.94	-0.017819741
130.96	-0.01467729
130.98	-0.017706215
131	-0.013172222
131.02	-0.001750539
131.04	-0.002799382
131.06	0.000539913
131.08	0.000278662
131.1	0.004181717
131.12	0.008349617
131.14	0.010262342
131.16	0.009617161
131.18	0.009114097
131.2	0.008826664
131.22	0.007874962
131.24	0.007230162
131.26	0.00145472
131.28	-0.00477881
131.3	-0.026367545
131.32	-0.018260173
131.34	-0.020406776
131.36	-0.019064768
131.38	-0.012291569
131.4	-0.016623683
131.42	-0.012096651
131.44	-0.006982565
131.46	0.00609684
131.48	0.010662824
131.5	0.011802946
131.52	0.00555439
131.54	0.002922545
131.56	-0.002241098
131.58	-0.002586519
131.6	-0.00268553
131.62	-0.001487091
131.64	-0.011976523
131.66	-0.009705698
131.68	-0.007288989
131.7	0.00271022
131.72	0.002105763
131.74	0.001122487
131.76	-0.002207619
131.78	-0.000715981
131.8	0.005392294
131.82	0.003571224
131.84	0.010997507
131.86	0.012684142
131.88	0.006106176
131.9	-0.00471966
131.92	-0.010570453
131.94	-0.015196801
131.96	-0.012988315
131.98	-0.014838007
132	-0.010338035
132.02	-0.006005553
132.04	0.00304019
132.06	0.007478677
132.08	0.007851341
132.1	0.002259926
132.12	0.01262386
132.14	0.015218096
132.16	0.018529242
132.18	0.014538232
132.2	0.007719197
132.22	0.000833579
132.24	-0.006142991
132.26	-0.007915922
132.28	-0.013282041
132.3	-0.020122102
132.32	-0.019783113
132.34	-0.018194983
132.36	-0.011064858
132.38	0.002360067
132.4	0.010917432
132.42	0.019047239
132.44	0.018239316
132.46	0.020078139
132.48	0.02096589
132.5	0.02052766
132.52	0.018977721
132.54	0.020762933
132.56	0.019408198
132.58	0.017569117
132.6	0.012050035
132.62	0.020872092
132.64	0.02161005
132.66	0.019593541
132.68	0.020221318
132.7	0.020274669
132.72	0.020215031
132.74	0.021854386
132.76	0.020342278
132.78	0.025331259
132.8	0.029807857
132.82	-0.008107432
132.84	-0.009054446
132.86	0.007259547
132.88	0.010333783
132.9	0.012293134
132.92	0.007038023
132.94	-0.005426178
132.96	-0.008071501
132.98	-0.002527294
133	-0.004090151
133.02	0.005772159
133.04	0.012671336
133.06	0.016238273
133.08	0.014843438
133.1	0.020713054
133.12	0.019384635
133.14	0.017279786
133.16	0.009942068
133.18	0.001832072
133.2	0.000297918
133.22	-0.004966298
133.24	-0.002636891
133.26	-0.000153454
133.28	-0.001503612
133.3	-0.002286844
133.32	-0.004560557
133.34	0.00182749
133.36	0.002446776
133.38	-0.001837925
133.4	-0.003947717
133.42	-0.000435336
133.44	-0.0091802
133.46	-0.008370065
133.48	-0.006610064
133.5	-0.00170375
133.52	-0.00291736
133.54	-0.006185169
133.56	-0.011271012
133.58	-0.015132519
133.6	-0.018847423
133.62	-0.020460097
133.64	-0.022369126
133.66	-0.02485333
133.68	-0.023187927
133.7	-0.021719939
133.72	-0.017346945
133.74	-0.014146498
133.76	-0.014724322
133.78	-0.01366561
133.8	-0.014033616
133.82	-0.014740606
133.84	-0.020110594
133.86	-0.02139191
133.88	-0.02634148
133.9	-0.023395069
133.92	-0.021901824
133.94	-0.017511819
133.96	0.007840724
133.98	0.003762098
134	0.006097014
134.02	0.005235809
134.04	0.006040232
134.06	-0.000756372
134.08	-1.6122E-05
134.1	-0.00168586
134.12	-0.002108017
134.14	-0.00362461
134.16	0.001063596
134.18	0.004763844
134.2	0.002827978
134.22	0.004661028
134.24	0.003299826
134.26	-0.001678392
134.28	-0.002951087
134.3	-0.000858556
134.32	0.010173675
134.34	0.016526754
134.36	0.009747244
134.38	0.008828275
134.4	0.009345123
134.42	0.006002129
134.44	0.00454681
134.46	0.007221071
134.48	0.008921193
134.5	0.009672145
134.52	0.007647323
134.54	0.00696919
134.56	0.006541009
134.58	0.008385439
134.6	0.006091409
134.62	0.002028823
134.64	0.001913344
134.66	0.00438517
134.68	-0.016879855
134.7	-0.00312868
134.72	-0.0091782
134.74	-0.004446556
134.76	0.001315052
134.78	0.007742116
134.8	0.005501938
134.82	0.012107686
134.84	0.009024876
134.86	0.004738665
134.88	-0.001779921
134.9	-2.1116E-05
134.92	0.004223149
134.94	0.001859222
134.96	0.002609702
134.98	0.002673893
135	0.001182896
135.02	-0.004158559
135.04	-0.006352556
135.06	-0.004814405
135.08	0.001427393
135.1	0.001555468
135.12	0.002093398
135.14	0.003006033
135.16	0.002475915
135.18	0.002960992
135.2	0.00458287
135.22	0.006603186
135.24	0.0037688
135.26	0.002727559
135.28	-0.001717487
135.3	-0.00503719
135.32	-0.00574636
135.34	-0.005368363
135.36	-0.009742748
135.38	-0.003177974
135.4	-0.005549903
135.42	-0.008459599
135.44	-0.007021608
135.46	-0.004521541
135.48	-0.003227262
135.5	-0.004853491
135.52	-0.007336125
135.54	-0.00434405
135.56	-0.003585151
135.58	-0.00211935
135.6	-0.005574892
135.62	-0.002902377
135.64	-0.003810725
135.66	-0.004693492
135.68	-0.006888109
135.7	-0.005355919
135.72	-0.003686948
135.74	-0.004658824
135.76	-0.003451616
135.78	-0.003051556
135.8	-0.000914982
135.82	0.000736473
135.84	0.000581584
135.86	0.000954441
135.88	0.005516911
135.9	0.006927778
135.92	0.005719607
135.94	0.005758771
135.96	0.006215431
135.98	0.00153452
136	0.001179867
136.02	0.001458268
136.04	0.00052491
136.06	0.002485678
136.08	0.003009598
136.1	0.004097045
136.12	0.007644426
136.14	0.009391682
136.16	0.007141019
136.18	0.007798776
136.2	0.005820573
136.22	0.007711748
136.24	0.006752892
136.26	0.005338306
136.28	0.004923462
136.3	0.003194643
136.32	0.001978663
136.34	0.001430307
136.36	0.002287907
136.38	0.00127457
136.4	0.000918941
136.42	0.000253469
136.44	0.001282175
136.46	0.001423776
136.48	0.002000475
136.5	0.001727036
136.52	0.003296182
136.54	0.002879496
136.56	0.001695366
136.58	0.000341466
136.6	-0.000350145
136.62	-0.000796956
136.64	-0.000152
136.66	0.000260834
136.68	-0.000308663
136.7	-8.07837E-05
136.72	-0.001465705
136.74	-0.003538568
136.76	-0.003275253
136.78	-0.003317974
136.8	-0.003075853
136.82	-0.002376505
136.84	-0.000795392
136.86	-0.000878089
136.88	-0.001479349
136.9	-0.00106854
136.92	-0.001246272
136.94	-0.001932215
136.96	-0.00347414
136.98	-0.004372839
137	-0.005820904
137.02	-0.005216836
137.04	-0.005109019
137.06	-0.005555776
137.08	-0.005712398
137.1	-0.003823705
137.12	-0.002769783
137.14	-0.002681342
137.16	-0.002786645
137.18	-0.002147419
137.2	-0.003165702
137.22	-0.002274543
137.24	-0.002661685
137.26	-0.002919785
137.28	-0.002603271
137.3	-0.002157644
137.32	-0.002210562
137.34	-0.002010221
137.36	-0.001881407
137.38	-0.001028744
137.4	0.000429438
137.42	0.000696965
137.44	0.001599037
137.46	0.001820834
137.48	0.001985363
137.5	0.002260331
137.52	0.002283932
137.54	0.002435665
137.56	0.002386283
137.58	0.003645422
137.6	0.004479685
137.62	0.003602159
137.64	0.004128038
137.66	0.003605708
137.68	0.003589346
137.7	0.002936184
137.72	0.002797559
137.74	0.002582734
137.76	0.002598264
137.78	0.003115671
137.8	0.003914071
137.82	0.004205028
137.84	0.004472644
137.86	0.004291536
137.88	0.003818036
137.9	0.002927774
137.92	0.002839166
137.94	0.001843389
137.96	0.000774717
137.98	0.00120003
138	0.000523856
138.02	0.000472561
138.04	0.000212372
138.06	0.000647944
138.08	0.000762862
138.1	0.00125551
138.12	0.001570886
138.14	0.001290564
138.16	0.001188069
138.18	0.000720482
138.2	0.000171798
138.22	-0.000277902
138.24	-0.00084433
138.26	-0.00129244
138.28	-0.001646209
138.3	-0.001906106
138.32	-0.002124095
138.34	-0.002084861
138.36	-0.001694886
138.38	-0.001793551
138.4	-0.001893223
138.42	-0.002327855
138.44	-0.002824799
138.46	-0.002788625
138.48	-0.00291665
138.5	-0.002982527
138.52	-0.002740171
138.54	-0.002534279
138.56	-0.00215508
138.58	-0.002211709
138.6	-0.002367301
138.62	-0.003149717
138.64	-0.003583763
138.66	-0.003754574
138.68	-0.003803635
138.7	-0.003706787
138.72	-0.003633015
138.74	-0.002826283
138.76	-0.002246732
138.78	-0.001683315
138.8	-0.001098838
138.82	-0.000891188
138.84	-0.000650321
138.86	-0.000469166
138.88	-0.000460673
138.9	-0.000384477
138.92	-0.000452474
138.94	-0.00059825
138.96	-0.000354166
138.98	8.96398E-05
139	0.000472161
139.02	0.00095479
139.04	0.001543023
139.06	0.00205796
139.08	0.002457717
139.1	0.002322239
139.12	0.002824613
139.14	0.002694516
139.16	0.002649934
139.18	0.002388909
139.2	0.00206513
139.22	0.002204154
139.24	0.002204285
139.26	0.002281619
139.28	0.002561725
139.3	0.002645464
139.32	0.002843924
139.34	0.002619784
139.36	0.002457444
139.38	0.002234738
139.4	0.001978256
139.42	0.001757321
139.44	0.001886449
139.46	0.002105622
139.48	0.00215126
139.5	0.00200814
139.52	0.001802921
139.54	0.001625352
139.56	0.001412638
139.58	0.001105531
139.6	0.00063294
139.62	0.000467988
139.64	4.42967E-05
139.66	0.000139057
139.68	0.000140255
139.7	0.000103142
139.72	0.000118563
139.74	0.000145869
139.76	6.43119E-05
139.78	-7.08241E-05
139.8	-0.000384116
139.82	-0.000709968
139.84	-0.001096031
139.86	-0.001372635
139.88	-0.001758102
139.9	-0.00212141
139.92	-0.002331544
139.94	-0.002441654
139.96	-0.002450834
139.98	-0.002436938
140	-0.002136401
140.02	-0.001947402
140.04	-0.001818413
140.06	-0.001887198
140.08	-0.002102835
140.1	-0.002276282
140.12	-0.002408266
140.14	-0.002555077
140.16	-0.002711832
140.18	-0.002810467
140.2	-0.002709733
140.22	-0.002450063
140.24	-0.002101772
140.26	-0.001889073
140.28	-0.001688063
140.3	-0.001596916
140.32	-0.001422881
140.34	-0.001281176
140.36	-0.001104757
140.38	-0.000773251
140.4	-0.000511176
140.42	-0.000237334
140.44	0.000146826
140.46	0.000408715
140.48	0.000538965
140.5	0.000617443
140.52	0.000657408
140.54	0.000753209
140.56	0.000720149
140.58	0.000704973
140.6	0.000710469
140.62	0.000865754
140.64	0.001143482
140.66	0.001407418
140.68	0.001634405
140.7	0.001865941
140.72	0.002046217
140.74	0.002127452
140.76	0.002152393
140.78	0.002089836
140.8	0.00203906
140.82	0.001884141
140.84	0.001662346
140.86	0.001521574
140.88	0.001565219
140.9	0.00150841
140.92	0.001710759
140.94	0.001885433
140.96	0.002026626
140.98	0.002009979
141	0.002021027
141.02	0.001967381
141.04	0.001656668
141.06	0.00129778
141.08	0.001081584
141.1	0.000892836
141.12	0.000726158
141.14	0.000585713
141.16	0.000445135
141.18	0.000434047
141.2	0.000411653
141.22	0.000288031
141.24	0.00011675
141.26	-0.000101817
141.28	-0.000382886
141.3	-0.000611563
141.32	-0.000707543
141.34	-0.000804327
141.36	-0.000884844
141.38	-0.000991361
141.4	-0.001072403
141.42	-0.001150218
141.44	-0.001336554
141.46	-0.001540016
141.48	-0.001796122
141.5	-0.001931507
141.52	-0.002103843
141.54	-0.002208591
141.56	-0.002221707
141.58	-0.002229139
141.6	-0.002089471
141.62	-0.001969527
141.64	-0.001756756
141.66	-0.001576221
141.68	-0.001517277
141.7	-0.001488232
141.72	-0.001458181
141.74	-0.001523544
141.76	-0.001513741
141.78	-0.001500951
141.8	-0.001416859
141.82	-0.001344744
141.84	-0.001157686
141.86	-0.001022463
141.88	-0.000713661
141.9	-0.000420031
141.92	-0.000213437
141.94	-4.74746E-05
141.96	-3.07451E-05
141.98	2.30563E-05
142	-1.87683E-07
142.02	1.08714E-05
142.04	8.12404E-05
142.06	0.00020294
142.08	0.000373982
142.1	0.000526652
142.12	0.000732025
142.14	0.000929283
142.16	0.00110832
142.18	0.001196714
142.2	0.001253845
142.22	0.001266779
142.24	0.001290021
142.26	0.001327327
142.28	0.00142271
142.3	0.001536152
142.32	0.001619217
142.34	0.001694099
142.36	0.001680776
142.38	0.001692938
142.4	0.001624858
142.42	0.001547211
142.44	0.001470318
142.46	0.001376844
142.48	0.001338405
142.5	0.001252737
142.52	0.001223239
142.54	0.001273401
142.56	0.001280909
142.58	0.001289685
142.6	0.001243689
142.62	0.001119013
142.64	0.000968898
142.66	0.000746289
142.68	0.000511875
142.7	0.000293169
142.72	6.62165E-05
142.74	-0.000159053
142.76	-0.000272283
142.78	-0.000363594
142.8	-0.000425457
142.82	-0.000467528
142.84	-0.000508722
142.86	-0.000531839
142.88	-0.000628678
142.9	-0.000766727
142.92	-0.000950667
142.94	-0.001130282
142.96	-0.001275995
142.98	-0.001391885
143	-0.001438909
143.02	-0.001441968
143.04	-0.001399154
143.06	-0.001374049
143.08	-0.001352513
143.1	-0.001336532
143.12	-0.00133251
143.14	-0.0013282
143.16	-0.001338203
143.18	-0.001356274
143.2	-0.001345678
143.22	-0.001305602
143.24	-0.001227361
143.26	-0.001131251
143.28	-0.001064445
143.3	-0.000988079
143.32	-0.000942195
143.34	-0.000924564
143.36	-0.000895554
143.38	-0.000845433
143.4	-0.000764851
143.42	-0.000682072
143.44	-0.000581285
143.46	-0.000434502
143.48	-0.000277557
143.5	-0.00010918
143.52	7.28424E-05
143.54	0.000242448
143.56	0.000361205
143.58	0.000420337
143.6	0.00045006
143.62	0.00048088
143.64	0.000521484
143.66	0.000561661
143.68	0.000620217
143.7	0.000699986
143.72	0.000820687
143.74	0.000953661
143.76	0.00109169
143.78	0.001241128
143.8	0.001334436
143.82	0.001383538
143.84	0.001389109
143.86	0.001364703
143.88	0.001312464
143.9	0.001251241
143.92	0.001225701
143.94	0.001207028
143.96	0.00121318
143.98	0.001205015
144	0.001192373
144.02	0.001188118
144.04	0.001117785
144.06	0.001028421
144.08	0.000930347
144.1	0.000822667
144.12	0.000714963
144.14	0.000599032
144.16	0.000501425
144.18	0.000417221
144.2	0.000324708
144.22	0.000233849
144.24	0.000154603
144.26	5.50813E-05
144.28	-5.39621E-05
144.3	-0.000175963
144.32	-0.0002888
144.34	-0.000392869
144.36	-0.000480513
144.38	-0.000541783
144.4	-0.00058476
144.42	-0.000611342
144.44	-0.000639453
144.46	-0.000671347
144.48	-0.000709385
144.5	-0.000759455
144.52	-0.000828835
144.54	-0.000922331
144.56	-0.001019806
144.58	-0.001113995
144.6	-0.001180987
144.62	-0.001211268
144.64	-0.001210027
144.66	-0.001178962
144.68	-0.001125413
144.7	-0.001056644
144.72	-0.000984153
144.74	-0.00092826
144.76	-0.000903557
144.78	-0.000884661
144.8	-0.00089205
144.82	-0.000914021
144.84	-0.000890284
144.86	-0.000848675
144.88	-0.000777152
144.9	-0.000680196
144.92	-0.000579615
144.94	-0.000467863
144.96	-0.000363287
144.98	-0.000268377
145	-0.000168625
145.02	-8.48875E-05
145.04	-1.53852E-05
145.06	5.58847E-05
145.08	0.000137917
145.1	0.000230509
145.12	0.000326694
145.14	0.000425153
145.16	0.000523513
145.18	0.000609046
145.2	0.000676737
145.22	0.000729614
145.24	0.00078169
145.26	0.000822158
145.28	0.000854081
145.3	0.000888384
145.32	0.000931745
145.34	0.000975866
145.36	0.001008963
145.38	0.001044677
145.4	0.001068034
145.42	0.00107342
145.44	0.001048768
145.46	0.001002854
145.48	0.000944022
145.5	0.000870351