0	0
0.02	-2.45118E-06
0.04	-2.45124E-06
0.06	-2.45161E-06
0.08	-2.45465E-06
0.1	-2.46753E-06
0.12	-2.48985E-06
0.14	-2.50713E-06
0.16	-2.52563E-06
0.18	-2.54424E-06
0.2	-2.56243E-06
0.22	-2.58077E-06
0.24	-2.59934E-06
0.26	-2.61694E-06
0.28	-2.63593E-06
0.3	-2.65333E-06
0.32	-2.67183E-06
0.34	-2.69E-06
0.36	-2.70743E-06
0.38	-2.72582E-06
0.4	-2.74333E-06
0.42	-2.76077E-06
0.44	-2.77868E-06
0.46	-2.79597E-06
0.48	-2.81327E-06
0.5	-2.83062E-06
0.52	-2.84775E-06
0.54	-2.86497E-06
0.56	-2.88172E-06
0.58	-2.8983E-06
0.6	-2.91539E-06
0.62	-2.93214E-06
0.64	-2.9479E-06
0.66	-2.96378E-06
0.68	-2.9802E-06
0.7	-2.99669E-06
0.72	-3.01303E-06
0.74	-3.02895E-06
0.76	-3.04412E-06
0.78	-3.06032E-06
0.8	-3.07985E-06
0.82	-3.10359E-06
0.84	-3.12992E-06
0.86	-3.15745E-06
0.88	-3.18258E-06
0.9	-3.20313E-06
0.92	-3.22166E-06
0.94	-3.23924E-06
0.96	-3.25277E-06
0.98	-3.25919E-06
1	-3.26017E-06
1.02	-3.25989E-06
1.04	-3.25943E-06
1.06	-3.26003E-06
1.08	-3.26303E-06
1.1	-3.26454E-06
1.12	-3.26372E-06
1.14	-3.26558E-06
1.16	-3.26849E-06
1.18	-3.26957E-06
1.2	-3.26986E-06
1.22	-3.27053E-06
1.24	-3.27171E-06
1.26	-3.27241E-06
1.28	-3.27229E-06
1.3	-3.27268E-06
1.32	-3.27185E-06
1.34	-3.27109E-06
1.36	-3.27076E-06
1.38	-3.26864E-06
1.4	-3.26696E-06
1.42	-3.26462E-06
1.44	-3.26161E-06
1.46	-3.25871E-06
1.48	-3.25503E-06
1.5	-3.25078E-06
1.52	-3.2464E-06
1.54	-3.24166E-06
1.56	-3.23622E-06
1.58	-3.23006E-06
1.6	-3.22247E-06
1.62	-3.21528E-06
1.64	-3.20735E-06
1.66	-3.19901E-06
1.68	-3.18763E-06
1.7	-3.17356E-06
1.72	-3.15745E-06
1.74	-3.14092E-06
1.76	-3.12607E-06
1.78	-3.11354E-06
1.8	-3.10294E-06
1.82	-3.09389E-06
1.84	-3.08683E-06
1.86	-3.08209E-06
1.88	-3.07928E-06
1.9	-3.07746E-06
1.92	-3.07389E-06
1.94	-3.06677E-06
1.96	-3.05621E-06
1.98	-3.04448E-06
2	-3.0313E-06
2.02	-3.0163E-06
2.04	-2.99914E-06
2.06	-2.98064E-06
2.08	-2.96039E-06
2.1	-2.93949E-06
2.12	-2.91781E-06
2.14	-2.8944E-06
2.16	-2.86852E-06
2.18	-2.84217E-06
2.2	-2.81571E-06
2.22	-2.78768E-06
2.24	-2.75747E-06
2.26	-2.72683E-06
2.28	-2.69547E-06
2.3	-2.66256E-06
2.32	-2.62885E-06
2.34	-2.59391E-06
2.36	-2.55741E-06
2.38	-2.5201E-06
2.4	-2.48156E-06
2.42	-2.44177E-06
2.44	-2.40077E-06
2.46	-2.35883E-06
2.48	-2.31607E-06
2.5	-2.2721E-06
2.52	-2.22676E-06
2.54	-2.18027E-06
2.56	-2.1332E-06
2.58	-2.0862E-06
2.6	-2.03914E-06
2.62	-1.98981E-06
2.64	-1.93771E-06
2.66	-1.88192E-06
2.68	-1.8227E-06
2.7	-1.76096E-06
2.72	-1.69634E-06
2.74	-1.62912E-06
2.76	-1.55975E-06
2.78	-1.48898E-06
2.8	-1.41854E-06
2.82	-1.34939E-06
2.84	-1.28139E-06
2.86	-1.214E-06
2.88	-1.1463E-06
2.9	-1.07806E-06
2.92	-1.00902E-06
2.94	-9.39508E-07
2.96	-8.69253E-07
2.98	-7.97356E-07
3	-7.23934E-07
3.02	-6.49404E-07
3.04	-5.73826E-07
3.06	-4.96858E-07
3.08	-4.1827E-07
3.1	-3.37939E-07
3.12	-2.55869E-07
3.14	-1.72285E-07
3.16	-8.7651E-08
3.18	-9.93053E-10
3.2	8.78297E-08
3.22	1.78215E-07
3.24	2.69676E-07
3.26	3.62811E-07
3.28	4.5814E-07
3.3	5.54935E-07
3.32	6.535E-07
3.34	7.53973E-07
3.36	8.5643E-07
3.38	9.60635E-07
3.4	1.0667E-06
3.42	1.17471E-06
3.44	1.28455E-06
3.46	1.39683E-06
3.48	1.51156E-06
3.5	1.62776E-06
3.52	1.74462E-06
3.54	1.86178E-06
3.56	1.97929E-06
3.58	2.09804E-06
3.6	2.21848E-06
3.62	2.34052E-06
3.64	2.46463E-06
3.66	2.59155E-06
3.68	2.72213E-06
3.7	2.85707E-06
3.72	2.99624E-06
3.74	3.13912E-06
3.76	3.28491E-06
3.78	3.43314E-06
3.8	3.5837E-06
3.82	3.73645E-06
3.84	3.89113E-06
3.86	4.04766E-06
3.88	4.20584E-06
3.9	4.36581E-06
3.92	4.52775E-06
3.94	4.69146E-06
3.96	4.85714E-06
3.98	5.02449E-06
4	5.19341E-06
4.02	5.36431E-06
4.04	5.53726E-06
4.06	5.71208E-06
4.08	5.88881E-06
4.1	6.06739E-06
4.12	6.24808E-06
4.14	6.43091E-06
4.16	6.61606E-06
4.18	6.80324E-06
4.2	6.99221E-06
4.22	7.18318E-06
4.24	7.37652E-06
4.26	7.57195E-06
4.28	7.7694E-06
4.3	7.96902E-06
4.32	8.17097E-06
4.34	8.37491E-06
4.36	8.58087E-06
4.38	8.78937E-06
4.4	9.00081E-06
4.42	9.21553E-06
4.44	9.43351E-06
4.46	9.6543E-06
4.48	9.87722E-06
4.5	1.0102E-05
4.52	1.03288E-05
4.54	1.0557E-05
4.56	1.07863E-05
4.58	1.10162E-05
4.6	1.12469E-05
4.62	1.14791E-05
4.64	1.17133E-05
4.66	1.19502E-05
4.68	1.21899E-05
4.7	1.24325E-05
4.72	1.26783E-05
4.74	1.29272E-05
4.76	1.31794E-05
4.78	1.34347E-05
4.8	1.36929E-05
4.82	1.39541E-05
4.84	1.42182E-05
4.86	1.44853E-05
4.88	1.47554E-05
4.9	1.50282E-05
4.92	1.53038E-05
4.94	1.55822E-05
4.96	1.58632E-05
4.98	1.61469E-05
5	1.64332E-05
5.02	1.6722E-05
5.04	1.70133E-05
5.06	1.73071E-05
5.08	1.76036E-05
5.1	1.79027E-05
5.12	1.82044E-05
5.14	1.85086E-05
5.16	1.88152E-05
5.18	1.91243E-05
5.2	1.94359E-05
5.22	1.975E-05
5.24	2.00665E-05
5.26	2.03852E-05
5.28	2.07061E-05
5.3	2.10288E-05
5.32	2.13533E-05
5.34	2.168E-05
5.36	2.20093E-05
5.38	2.23415E-05
5.4	2.26767E-05
5.42	2.3015E-05
5.44	2.33564E-05
5.46	2.37011E-05
5.48	2.40491E-05
5.5	2.43998E-05
5.52	2.47526E-05
5.54	2.5107E-05
5.56	2.54629E-05
5.58	2.58202E-05
5.6	2.61789E-05
5.62	2.6539E-05
5.64	2.69005E-05
5.66	2.72635E-05
5.68	2.76283E-05
5.7	2.79949E-05
5.72	2.83634E-05
5.74	2.87337E-05
5.76	2.91059E-05
5.78	2.94801E-05
5.8	2.98563E-05
5.82	3.02346E-05
5.84	3.0615E-05
5.86	3.09973E-05
5.88	3.13818E-05
5.9	3.17684E-05
5.92	3.21571E-05
5.94	3.25478E-05
5.96	3.29404E-05
5.98	3.33349E-05
6	3.37312E-05
6.02	3.41295E-05
6.04	3.45296E-05
6.06	3.49316E-05
6.08	3.53354E-05
6.1	3.57409E-05
6.12	3.61482E-05
6.14	3.65572E-05
6.16	3.69681E-05
6.18	3.73809E-05
6.2	3.77954E-05
6.22	3.82115E-05
6.24	3.86288E-05
6.26	3.90471E-05
6.28	3.94663E-05
6.3	3.98861E-05
6.32	4.03067E-05
6.34	4.07281E-05
6.36	4.11502E-05
6.38	4.15734E-05
6.4	4.19979E-05
6.42	4.24242E-05
6.44	4.28524E-05
6.46	4.32822E-05
6.48	4.37136E-05
6.5	4.41463E-05
6.52	4.45802E-05
6.54	4.50151E-05
6.56	4.54507E-05
6.58	4.58868E-05
6.6	4.63233E-05
6.62	4.67601E-05
6.64	4.7197E-05
6.66	4.76341E-05
6.68	4.8071E-05
6.7	4.85078E-05
6.72	4.89444E-05
6.74	4.93807E-05
6.76	4.98167E-05
6.78	5.02522E-05
6.8	5.06872E-05
6.82	5.11216E-05
6.84	5.15556E-05
6.86	5.1989E-05
6.88	5.24217E-05
6.9	5.28537E-05
6.92	5.32848E-05
6.94	5.37151E-05
6.96	5.41443E-05
6.98	5.45726E-05
7	5.49997E-05
7.02	5.54256E-05
7.04	5.58501E-05
7.06	5.62732E-05
7.08	5.66947E-05
7.1	5.71148E-05
7.12	5.75335E-05
7.14	5.79509E-05
7.16	5.83669E-05
7.18	5.87814E-05
7.2	5.91943E-05
7.22	5.96053E-05
7.24	6.00143E-05
7.26	6.04209E-05
7.28	6.08248E-05
7.3	6.12256E-05
7.32	6.16232E-05
7.34	6.20175E-05
7.36	6.24085E-05
7.38	6.27965E-05
7.4	6.31813E-05
7.42	6.3563E-05
7.44	6.39417E-05
7.46	6.43174E-05
7.48	6.46899E-05
7.5	6.50593E-05
7.52	6.54253E-05
7.54	6.57878E-05
7.56	6.61467E-05
7.58	6.65019E-05
7.6	6.68532E-05
7.62	6.72005E-05
7.64	6.75435E-05
7.66	6.78821E-05
7.68	6.82162E-05
7.7	6.85455E-05
7.72	6.88698E-05
7.74	6.9189E-05
7.76	6.95029E-05
7.78	6.98114E-05
7.8	7.01142E-05
7.82	7.04113E-05
7.84	7.07025E-05
7.86	7.09877E-05
7.88	7.12665E-05
7.9	7.1539E-05
7.92	7.1805E-05
7.94	7.20642E-05
7.96	7.23166E-05
7.98	7.25618E-05
8	7.27997E-05
8.02	7.30298E-05
8.04	7.32522E-05
8.06	7.34665E-05
8.08	7.36728E-05
8.1	7.3871E-05
8.12	7.40609E-05
8.14	7.42426E-05
8.16	7.4416E-05
8.18	7.45811E-05
8.2	7.47377E-05
8.22	7.48854E-05
8.24	7.50241E-05
8.26	7.51532E-05
8.28	7.52725E-05
8.3	7.53817E-05
8.32	7.54804E-05
8.34	7.55684E-05
8.36	7.56456E-05
8.38	7.57116E-05
8.4	7.57664E-05
8.42	7.58099E-05
8.44	7.58418E-05
8.46	7.5862E-05
8.48	7.58703E-05
8.5	7.58666E-05
8.52	7.58506E-05
8.54	7.58224E-05
8.56	7.57816E-05
8.58	7.57281E-05
8.6	7.56616E-05
8.62	7.55821E-05
8.64	7.54893E-05
8.66	7.5383E-05
8.68	7.52629E-05
8.7	7.51288E-05
8.72	7.49804E-05
8.74	7.48176E-05
8.76	7.46401E-05
8.78	7.44476E-05
8.8	7.424E-05
8.82	7.40169E-05
8.84	7.37781E-05
8.86	7.35234E-05
8.88	7.32527E-05
8.9	7.29656E-05
8.92	7.26621E-05
8.94	7.23416E-05
8.96	7.2004E-05
8.98	7.16489E-05
9	7.12759E-05
9.02	7.08848E-05
9.04	7.0475E-05
9.06	7.00464E-05
9.08	6.95987E-05
9.1	6.91317E-05
9.12	6.86453E-05
9.14	6.81393E-05
9.16	6.76137E-05
9.18	6.70681E-05
9.2	6.65024E-05
9.22	6.59163E-05
9.24	6.53094E-05
9.26	6.46816E-05
9.28	6.40323E-05
9.3	6.33612E-05
9.32	6.26681E-05
9.34	6.19525E-05
9.36	6.12141E-05
9.38	6.04526E-05
9.4	5.96677E-05
9.42	5.8859E-05
9.44	5.80262E-05
9.46	5.7169E-05
9.48	5.62871E-05
9.5	5.53802E-05
9.52	5.4448E-05
9.54	5.34902E-05
9.56	5.25065E-05
9.58	5.14967E-05
9.6	5.04605E-05
9.62	4.93975E-05
9.64	4.83075E-05
9.66	4.71902E-05
9.68	4.60452E-05
9.7	4.48724E-05
9.72	4.36713E-05
9.74	4.24417E-05
9.76	4.11831E-05
9.78	3.98954E-05
9.8	3.85781E-05
9.82	3.72311E-05
9.84	3.5854E-05
9.86	3.44465E-05
9.88	3.30086E-05
9.9	3.15398E-05
9.92	3.00398E-05
9.94	2.85084E-05
9.96	2.69452E-05
9.98	2.53498E-05
10	2.37218E-05
10.02	2.20607E-05
10.04	2.03661E-05
10.06	1.86377E-05
10.08	1.68751E-05
10.1	1.5078E-05
10.12	1.32461E-05
10.14	1.13792E-05
10.16	9.47707E-06
10.18	7.53938E-06
10.2	5.56588E-06
10.22	3.55628E-06
10.24	1.51027E-06
10.26	-5.72459E-07
10.28	-2.69221E-06
10.3	-4.84933E-06
10.32	-7.04413E-06
10.34	-9.27697E-06
10.36	-1.15482E-05
10.38	-1.38581E-05
10.4	-1.62071E-05
10.42	-1.85956E-05
10.44	-2.10238E-05
10.46	-2.34922E-05
10.48	-2.60011E-05
10.5	-2.85509E-05
10.52	-3.11419E-05
10.54	-3.37744E-05
10.56	-3.64488E-05
10.58	-3.91654E-05
10.6	-4.19245E-05
10.62	-4.47265E-05
10.64	-4.75716E-05
10.66	-5.04602E-05
10.68	-5.33926E-05
10.7	-5.63691E-05
10.72	-5.93901E-05
10.74	-6.24561E-05
10.76	-6.55672E-05
10.78	-6.87238E-05
10.8	-7.19263E-05
10.82	-7.51749E-05
10.84	-7.847E-05
10.86	-8.18116E-05
10.88	-8.52002E-05
10.9	-8.86358E-05
10.92	-9.21187E-05
10.94	-9.56493E-05
10.96	-9.92277E-05
10.98	-0.000102854
11	-0.00010653
11.02	-0.000110254
11.04	-0.000114028
11.06	-0.000117851
11.08	-0.000121724
11.1	-0.000125647
11.12	-0.000129621
11.14	-0.000133646
11.16	-0.000137721
11.18	-0.000141848
11.2	-0.000146027
11.22	-0.000150257
11.24	-0.000154539
11.26	-0.000158873
11.28	-0.00016326
11.3	-0.000167699
11.32	-0.000172191
11.34	-0.000176736
11.36	-0.000181334
11.38	-0.000185986
11.4	-0.000190692
11.42	-0.000195451
11.44	-0.000200264
11.46	-0.000205132
11.48	-0.000210054
11.5	-0.000215031
11.52	-0.000220063
11.54	-0.000225149
11.56	-0.000230291
11.58	-0.000235489
11.6	-0.000240742
11.62	-0.000246051
11.64	-0.000251415
11.66	-0.000256836
11.68	-0.000262313
11.7	-0.000267846
11.72	-0.000273436
11.74	-0.000279082
11.76	-0.000284785
11.78	-0.000290545
11.8	-0.000296363
11.82	-0.000302237
11.84	-0.000308169
11.86	-0.000314159
11.88	-0.000320205
11.9	-0.000326309
11.92	-0.00033247
11.94	-0.000338689
11.96	-0.000344965
11.98	-0.000351299
12	-0.00035769
12.02	-0.000364139
12.04	-0.000370645
12.06	-0.000377209
12.08	-0.00038383
12.1	-0.000390509
12.12	-0.000397246
12.14	-0.00040404
12.16	-0.000410892
12.18	-0.000417801
12.2	-0.000424768
12.22	-0.000431792
12.24	-0.000438873
12.26	-0.000446012
12.28	-0.000453208
12.3	-0.00046046
12.32	-0.000467769
12.34	-0.000475135
12.36	-0.000482558
12.38	-0.000490036
12.4	-0.000497571
12.42	-0.000505161
12.44	-0.000512808
12.46	-0.000520509
12.48	-0.000528266
12.5	-0.000536077
12.52	-0.000543944
12.54	-0.000551864
12.56	-0.000559839
12.58	-0.000567868
12.6	-0.00057595
12.62	-0.000584085
12.64	-0.000592273
12.66	-0.000600513
12.68	-0.000608805
12.7	-0.000617148
12.72	-0.000625543
12.74	-0.000633988
12.76	-0.000642484
12.78	-0.00065103
12.8	-0.000659625
12.82	-0.00066827
12.84	-0.000676963
12.86	-0.000685704
12.88	-0.000694493
12.9	-0.000703328
12.92	-0.00071221
12.94	-0.000721138
12.96	-0.000730111
12.98	-0.000739128
13	-0.000748189
13.02	-0.000757294
13.04	-0.00076644
13.06	-0.000775629
13.08	-0.000784859
13.1	-0.000794129
13.12	-0.000803438
13.14	-0.000812787
13.16	-0.000822173
13.18	-0.000831597
13.2	-0.000841057
13.22	-0.000850553
13.24	-0.000860084
13.26	-0.000869649
13.28	-0.000879246
13.3	-0.000888876
13.32	-0.000898536
13.34	-0.000908227
13.36	-0.000917947
13.38	-0.000927695
13.4	-0.00093747
13.42	-0.000947271
13.44	-0.000957097
13.46	-0.000966947
13.48	-0.000976819
13.5	-0.000986713
13.52	-0.000996627
13.54	-0.00100656
13.56	-0.001016511
13.58	-0.001026478
13.6	-0.001036461
13.62	-0.001046458
13.64	-0.001056467
13.66	-0.001066487
13.68	-0.001076517
13.7	-0.001086555
13.72	-0.0010966
13.74	-0.00110665
13.76	-0.001116704
13.78	-0.001126761
13.8	-0.001136818
13.82	-0.001146875
13.84	-0.001156929
13.86	-0.001166979
13.88	-0.001177023
13.9	-0.001187061
13.92	-0.001197089
13.94	-0.001207106
13.96	-0.00121711
13.98	-0.0012271
14	-0.001237074
14.02	-0.001247029
14.04	-0.001256964
14.06	-0.001266877
14.08	-0.001276766
14.1	-0.001286629
14.12	-0.001296463
14.14	-0.001306267
14.16	-0.001316039
14.18	-0.001325776
14.2	-0.001335476
14.22	-0.001345137
14.24	-0.001354758
14.26	-0.001364335
14.28	-0.001373866
14.3	-0.001383349
14.32	-0.001392782
14.34	-0.001402162
14.36	-0.001411486
14.38	-0.001420753
14.4	-0.00142996
14.42	-0.001439104
14.44	-0.001448182
14.46	-0.001457193
14.48	-0.001466133
14.5	-0.001474999
14.52	-0.00148379
14.54	-0.001492502
14.56	-0.001501132
14.58	-0.001509679
14.6	-0.001518137
14.62	-0.001526506
14.64	-0.001534782
14.66	-0.001542961
14.68	-0.001551042
14.7	-0.00155902
14.72	-0.001566892
14.74	-0.001574657
14.76	-0.001582309
14.78	-0.001589847
14.8	-0.001597266
14.82	-0.001604564
14.84	-0.001611737
14.86	-0.001618782
14.88	-0.001625695
14.9	-0.001632474
14.92	-0.001639114
14.94	-0.001645612
14.96	-0.001651964
14.98	-0.001658167
15	-0.001665167
15.02	-0.001670816
15.04	-0.001679674
15.06	-0.001782147
15.08	-0.002206474
15.1	-0.001104781
15.12	-0.002494552
15.14	-0.000704442
15.16	-0.00243131
15.18	-0.00048132
15.2	-0.00249639
15.22	0.000227709
15.24	-0.001816398
15.26	0.003874101
15.28	0.010773296
15.3	0.025439119
15.32	0.008379401
15.34	-0.001596419
15.36	-0.020575104
15.38	-0.030537593
15.4	-0.027836285
15.42	-0.01160897
15.44	0.024878602
15.46	0.002937204
15.48	-0.009288397
15.5	-0.029108395
15.52	-0.02343313
15.54	-0.002032543
15.56	0.027263772
15.58	0.044056856
15.6	0.055059197
15.62	0.041495672
15.64	0.036562049
15.66	0.04623494
15.68	0.029833861
15.7	0.006925734
15.72	-0.025699957
15.74	-0.032140626
15.76	-0.018529389
15.78	-0.007076509
15.8	-0.02074807
15.82	-0.052754128
15.84	-0.069435065
15.86	-0.073109233
15.88	-0.065284724
15.9	-0.052027456
15.92	-0.051187344
15.94	-0.046087349
15.96	-0.032821218
15.98	0.046387503
16	-0.001675746
16.02	-0.013470389
16.04	-0.021045472
16.06	-0.004275716
16.08	0.026683385
16.1	0.050779322
16.12	0.071988141
16.14	0.073143415
16.16	0.082526593
16.18	0.073484426
16.2	0.086181375
16.22	0.090992521
16.24	0.099698531
16.26	0.077626572
16.28	0.067616964
16.3	0.066285965
16.32	0.066242332
16.34	0.075020012
16.36	0.087415319
16.38	0.087033878
16.4	0.092678442
16.42	0.080389511
16.44	0.084683661
16.46	0.065804769
16.48	-0.064380616
16.5	-0.001953249
16.52	0.01883418
16.54	0.004662856
16.56	0.018810746
16.58	0.010591806
16.6	-0.014190164
16.62	-0.041170509
16.64	-0.051075498
16.66	-0.050755516
16.68	-0.0079259
16.7	0.057785854
16.72	0.093002261
16.74	0.089787937
16.76	0.076964271
16.78	0.06296248
16.8	0.052434896
16.82	0.036717087
16.84	0.032856031
16.86	0.041568357
16.88	0.071785539
16.9	0.079249947
16.92	-0.054721763
16.94	-0.100180413
16.96	-0.129935683
16.98	-0.127599751
17	-0.124971783
17.02	-0.129548113
17.04	-0.135983667
17.06	-0.135092396
17.08	-0.165630268
17.1	-0.176772005
17.12	-0.182481725
17.14	-0.208860022
17.16	-0.218780839
17.18	-0.194784525
17.2	-0.170927612
17.22	-0.188619483
17.24	-0.156541654
17.26	0.060006426
17.28	0.019166326
17.3	0.142032555
17.32	0.21312374
17.34	0.226140415
17.36	0.261505541
17.38	0.300912292
17.4	0.330826551
17.42	0.329623807
17.44	0.332813819
17.46	0.331856229
17.48	0.333037642
17.5	0.26839903
17.52	0.084485063
17.54	-0.126283288
17.56	-0.139084366
17.58	-0.130701046
17.6	-0.09171699
17.62	0.076280191
17.64	0.159508472
17.66	0.173276658
17.68	0.167747063
17.7	0.100488096
17.72	0.113811556
17.74	-0.057946953
17.76	-0.13948683
17.78	-0.166192085
17.8	-0.193354133
17.82	-0.212105074
17.84	-0.190808668
17.86	-0.173678864
17.88	-0.20553216
17.9	-0.254251953
17.92	-0.342706785
17.94	-0.401151659
17.96	-0.340742347
17.98	-0.244459958
18	-0.281723936
18.02	-0.269266716
18.04	-0.247967127
18.06	-0.197260436
18.08	-0.139743519
18.1	-0.092766003
18.12	-0.069299152
18.14	-0.114374507
18.16	-0.138414881
18.18	-0.152021706
18.2	-0.162688015
18.22	-0.180683525
18.24	-0.151848303
18.26	0.209936771
18.28	0.182557555
18.3	0.113338543
18.32	0.116023463
18.34	0.097818937
18.36	0.098762677
18.38	0.093679539
18.4	0.093664933
18.42	0.126010475
18.44	0.094948869
18.46	0.113522357
18.48	0.125526788
18.5	0.166220026
18.52	0.205135241
18.54	0.197178116
18.56	0.201489414
18.58	0.162178613
18.6	0.163974671
18.62	0.167917805
18.64	0.156111282
18.66	0.24321286
18.68	0.237167752
18.7	0.234595698
18.72	0.042859903
18.74	-0.105349757
18.76	-0.145398169
18.78	-0.135406663
18.8	-0.12641939
18.82	-0.096676286
18.84	-0.08507662
18.86	-0.105325883
18.88	-0.135505494
18.9	-0.154371228
18.92	-0.157587532
18.94	-0.162639483
18.96	-0.189256645
18.98	-0.160765729
19	-0.12541968
19.02	-0.113475739
19.04	-0.104866457
19.06	0.030026443
19.08	-0.089262191
19.1	-0.066278399
19.12	0.0028824
19.14	0.043596858
19.16	0.071759775
19.18	0.065987552
19.2	0.077250419
19.22	0.108320499
19.24	0.129613767
19.26	0.170500067
19.28	0.220416621
19.3	0.174040906
19.32	0.076135104
19.34	0.125016184
19.36	0.213133558
19.38	0.224734299
19.4	0.176570901
19.42	0.162766275
19.44	0.154189072
19.46	0.11310231
19.48	0.118474236
19.5	0.119661162
19.52	0.176849605
19.54	0.187408116
19.56	0.224425197
19.58	0.212453903
19.6	0.264727395
19.62	0.212874783
19.64	0.225744983
19.66	0.230438034
19.68	0.1678381
19.7	-0.117831898
19.72	-0.248876853
19.74	-0.199163126
19.76	-0.193985141
19.78	-0.191974526
19.8	-0.138124266
19.82	-0.140159035
19.84	-0.168147731
19.86	-0.173002433
19.88	-0.191589259
19.9	-0.138067797
19.92	-0.070707687
19.94	0.039510309
19.96	0.092201043
19.98	0.006877865
20	-0.070133966
20.02	-0.057954324
20.04	-0.028942814
20.06	-0.028547135
20.08	0.095879577
20.1	0.134024879
20.12	0.138872988
20.14	0.163979411
20.16	-0.183272788
20.18	-0.167072176
20.2	-0.12056299
20.22	-0.074649979
20.24	-0.055002131
20.26	-0.045745666
20.28	-0.048703728
20.3	-0.046292489
20.32	-0.053512508
20.34	-0.228721985
20.36	-0.189208079
20.38	-0.180358419
20.4	-0.193335037
20.42	-0.201423605
20.44	-0.18963205
20.46	-0.171746379
20.48	-0.13181605
20.5	-0.151147712
20.52	-0.154467569
20.54	-0.21777738
20.56	-0.179506306
20.58	-0.182935461
20.6	-0.183019366
20.62	-0.162221433
20.64	-0.129086498
20.66	-0.104340405
20.68	-0.136745364
20.7	-0.160120862
20.72	-0.019895435
20.74	0.105929731
20.76	0.202482542
20.78	0.169693299
20.8	0.103919706
20.82	0.04557373
20.84	0.013468433
20.86	0.079457997
20.88	0.144377675
20.9	0.183841159
20.92	0.161102084
20.94	0.15369538
20.96	0.161037094
20.98	0.165577835
21	0.166147144
21.02	0.156653972
21.04	0.116850378
21.06	0.115786474
21.08	0.151502866
21.1	0.142593496
21.12	0.157240521
21.14	0.132896262
21.16	0.063264524
21.18	0.049011283
21.2	0.007213385
21.22	-0.09762578
21.24	-0.067952816
21.26	-0.037123764
21.28	-0.021546039
21.3	-0.046504118
21.32	-0.073290366
21.34	-0.098272724
21.36	-0.121028369
21.38	-0.122538819
21.4	-0.126669665
21.42	-0.13042643
21.44	-0.133468926
21.46	-0.152958145
21.48	-0.124271158
21.5	-0.072414876
21.52	-0.038516601
21.54	0.016330863
21.56	0.023660694
21.58	0.017796233
21.6	0.031778956
21.62	0.064594013
21.64	0.064665581
21.66	0.054333628
21.68	0.053333807
21.7	0.04760539
21.72	0.018587792
21.74	-0.109674628
21.76	-0.094779181
21.78	-0.086139172
21.8	-0.06546172
21.82	-0.033617836
21.84	-0.034312776
21.86	-0.049992746
21.88	-0.058159788
21.9	-0.06508904
21.92	-0.080818351
21.94	-0.07858807
21.96	-0.056414503
21.98	-0.033190073
22	-0.022149873
22.02	-0.010277998
22.04	0.010898167
22.06	0.018617682
22.08	0.046928752
22.1	0.045682503
22.12	0.09981406
22.14	0.124314643
22.16	0.152279727
22.18	0.1470683
22.2	0.072366167
22.22	0.006904679
22.24	-0.004152941
22.26	-0.023748192
22.28	-0.031320391
22.3	-0.048636917
22.32	-0.060473672
22.34	-0.065722726
22.36	-0.06962254
22.38	-0.077724939
22.4	-0.064764966
22.42	0.004359898
22.44	0.02205053
22.46	0.04533521
22.48	0.062185507
22.5	0.075059669
22.52	0.075673765
22.54	0.074578307
22.56	0.055177002
22.58	0.045527482
22.6	0.062718961
22.62	0.089032822
22.64	0.102118069
22.66	0.087249592
22.68	0.061984923
22.7	0.043543551
22.72	0.007659679
22.74	0.023395992
22.76	0.045152538
22.78	0.036510373
22.8	0.036532231
22.82	0.077199382
22.84	0.113477064
22.86	0.06558708
22.88	0.069469255
22.9	0.025167605
22.92	0.021572217
22.94	0.015607154
22.96	0.026819862
22.98	0.030179029
23	0.100467967
23.02	0.173792452
23.04	0.163261332
23.06	0.16539185
23.08	0.152883823
23.1	0.169585888
23.12	0.21269425
23.14	0.227857313
23.16	0.207780134
23.18	-0.180429824
23.2	-0.01247984
23.22	0.073569608
23.24	0.032109573
23.26	-0.026969522
23.28	-0.013101748
23.3	-0.015425406
23.32	-0.055837427
23.34	-0.10725391
23.36	-0.135148711
23.38	-0.123792885
23.4	-0.137729547
23.42	-0.103242588
23.44	-0.107071774
23.46	-0.117190846
23.48	-0.136842268
23.5	-0.180487056
23.52	-0.174011846
23.54	-0.188912467
23.56	-0.174986034
23.58	-0.195247981
23.6	-0.18035514
23.62	-0.141545985
23.64	-0.109961818
23.66	0.017122077
23.68	0.112693633
23.7	0.058759183
23.72	-0.015448789
23.74	0.047501019
23.76	0.031564689
23.78	0.049325328
23.8	-0.00554187
23.82	-0.043841753
23.84	-0.012493706
23.86	0.013569381
23.88	0.043395397
23.9	0.055993037
23.92	0.036796155
23.94	0.042607341
23.96	0.023036855
23.98	-0.011671306
24	0.020549545
24.02	0.02210097
24.04	-0.004117348
24.06	0.027688369
24.08	-0.020944189
24.1	0.008509156
24.12	0.025479277
24.14	0.011578011
24.16	-0.012908838
24.18	0.032736375
24.2	0.052934621
24.22	0.04806778
24.24	0.077662228
24.26	0.026512684
24.28	-0.160194413
24.3	-0.148267004
24.32	-0.15398337
24.34	-0.152074128
24.36	-0.130761281
24.38	-0.095923663
24.4	-0.084152131
24.42	-0.108035703
24.44	-0.105779378
24.46	-0.116274812
24.48	-0.113499912
24.5	0.001683685
24.52	0.032079337
24.54	0.05688656
24.56	0.07214955
24.58	0.046568313
24.6	0.040630025
24.62	0.016804312
24.64	-0.101955379
24.66	-0.145457581
24.68	-0.128632563
24.7	-0.124126452
24.72	-0.09553759
24.74	-0.030926564
24.76	-0.007280729
24.78	0.037004976
24.8	0.057041404
24.82	0.005159115
24.84	0.101616822
24.86	0.144952269
24.88	0.055059665
24.9	0.030803402
24.92	0.021729516
24.94	-0.0328818
24.96	0.005226752
24.98	-0.012868225
25	-0.015930431
25.02	-0.010247764
25.04	-0.015835488
25.06	-0.007507354
25.08	0.069775597
25.1	0.085073858
25.12	0.063359226
25.14	0.054491312
25.16	0.037938133
25.18	0.117414067
25.2	0.20905575
25.22	0.177810043
25.24	0.104912144
25.26	0.104646561
25.28	-0.10120776
25.3	0.006128646
25.32	0.061801167
25.34	-0.014253254
25.36	0.035726865
25.38	0.032660635
25.4	0.032027514
25.42	0.040947059
25.44	0.04091439
25.46	0.042623767
25.48	0.037496079
25.5	0.051667602
25.52	0.033238679
25.54	0.054102384
25.56	0.066674541
25.58	0.062445616
25.6	0.06355338
25.62	0.092147386
25.64	0.111353606
25.66	0.135448327
25.68	0.129293145
25.7	0.121847901
25.72	0.020834689
25.74	-0.120661106
25.76	-0.091738689
25.78	-0.059449188
25.8	-0.031776648
25.82	-0.031393321
25.84	-0.033679695
25.86	-0.042690462
25.88	-0.060865215
25.9	-0.080256825
25.92	-0.110090051
25.94	-0.128423788
25.96	-0.126279132
25.98	-0.120935541
26	-0.113786832
26.02	-0.13956168
26.04	-0.140777731
26.06	-0.13909974
26.08	-0.165362775
26.1	-0.164578457
26.12	-0.16736347
26.14	-0.159748979
26.16	-0.163556106
26.18	-0.137282734
26.2	-0.133611101
26.22	-0.12036881
26.24	-0.067399693
26.26	0.081357176
26.28	0.191682194
26.3	0.156832102
26.32	0.122675194
26.34	0.101084351
26.36	0.066727257
26.38	0.070601507
26.4	0.044395473
26.42	0.077207517
26.44	0.076339468
26.46	0.111888223
26.48	0.137019971
26.5	0.15376107
26.52	0.161679147
26.54	0.124963754
26.56	0.095994625
26.58	0.057179017
26.6	0.05124544
26.62	0.025176079
26.64	-0.010794368
26.66	-0.066314727
26.68	-0.059210722
26.7	-0.055403688
26.72	-0.073405252
26.74	-0.112152209
26.76	-0.13493125
26.78	-0.141281932
26.8	-0.155179872
26.82	-0.143783829
26.84	-0.132399057
26.86	-0.121254833
26.88	-0.110009922
26.9	-0.091872754
26.92	0.0434117
26.94	0.040945305
26.96	0.055256773
26.98	0.065477556
27	0.074515203
27.02	0.092261386
27.04	0.12063191
27.06	0.144967055
27.08	0.146704556
27.1	0.160099211
27.12	0.187319232
27.14	0.219352712
27.16	0.240907019
27.18	0.244714991
27.2	0.247626836
27.22	0.215279261
27.24	0.147202537
27.26	-0.150691589
27.28	-0.053615528
27.3	-0.053744799
27.32	-0.09726975
27.34	-0.11790429
27.36	-0.118365756
27.38	-0.122043023
27.4	-0.138321945
27.42	-0.139345628
27.44	-0.142513416
27.46	-0.156041382
27.48	-0.187411048
27.5	-0.226176993
27.52	-0.204615203
27.54	-0.173333781
27.56	-0.187941307
27.58	-0.187879398
27.6	-0.172118894
27.62	-0.139159456
27.64	-0.115685157
27.66	-0.123785245
27.68	-0.101161268
27.7	-0.094619536
27.72	-0.088498695
27.74	-0.043799258
27.76	0.049105488
27.78	0.082242252
27.8	0.080172041
27.82	0.051405439
27.84	0.026118895
27.86	0.037035578
27.88	0.051835831
27.9	0.05291514
27.92	0.075130732
27.94	0.096230288
27.96	0.103241218
27.98	0.08983428
28	0.069849813
28.02	0.061657959
28.04	0.04333744
28.06	-0.034838186
28.08	-0.068749655
28.1	-0.018423752
28.12	0.017058574
28.14	0.027589153
28.16	0.016840629
28.18	0.016872306
28.2	0.032973265
28.22	0.027453931
28.24	0.057872715
28.26	0.115357254
28.28	0.097828806
28.3	0.010337188
28.32	0.021891984
28.34	0.019814988
28.36	0.033875614
28.38	0.054764994
28.4	0.078324937
28.42	0.101518928
28.44	0.139003754
28.46	0.138949519
28.48	0.123174077
28.5	0.071966311
28.52	-0.04231629
28.54	-0.077833063
28.56	-0.064085064
28.58	-0.006646832
28.6	-0.002807915
28.62	-0.008048581
28.64	0.001166101
28.66	-0.017401218
28.68	-0.025185161
28.7	-0.021569865
28.72	-0.00743022
28.74	0.009509621
28.76	0.001066283
28.78	-0.048216699
28.8	-0.110073703
28.82	-0.115252459
28.84	-0.087023553
28.86	-0.015930584
28.88	-0.033047171
28.9	-0.0315479
28.92	-0.024558198
28.94	-0.037203876
28.96	-0.052640856
28.98	-0.049113569
29	-0.045209964
29.02	-0.02819408
29.04	0.001726317
29.06	0.03657443
29.08	0.01772064
29.1	0.013170577
29.12	-0.012747019
29.14	0.026171948
29.16	0.011760587
29.18	-0.075986472
29.2	-0.064047853
29.22	-0.064813259
29.24	-0.039722063
29.26	0.009513546
29.28	0.043595966
29.3	0.081385829
29.32	0.115844531
29.34	0.108222521
29.36	0.088077786
29.38	0.071908974
29.4	0.05598795
29.42	0.026709563
29.44	0.048799704
29.46	0.082745952
29.48	0.112994854
29.5	0.144705348
29.52	0.149702599
29.54	0.154208873
29.56	0.112671779
29.58	0.161653654
29.6	0.174401796
29.62	0.189616879
29.64	0.193855868
29.66	0.050371674
29.68	0.027137695
29.7	0.051059923
29.72	-0.072024387
29.74	-0.085646631
29.76	-0.078803337
29.78	-0.118344437
29.8	-0.112508672
29.82	-0.116952563
29.84	-0.12173982
29.86	-0.111322554
29.88	-0.096529276
29.9	-0.080440148
29.92	-0.088221623
29.94	-0.117154888
29.96	-0.136916162
29.98	-0.140852889
30	-0.112223413
30.02	-0.104437337
30.04	-0.071184672
30.06	-0.029314393
30.08	-0.028636746
30.1	-0.008900238
30.12	0.004018731
30.14	0.015822659
30.16	0.056157713
30.18	0.075953555
30.2	0.09666592
30.22	0.100182782
30.24	0.077118989
30.26	0.04575568
30.28	0.012432097
30.3	0.02805726
30.32	0.049816045
30.34	0.05494326
30.36	0.08023671
30.38	0.073638413
30.4	-0.06454062
30.42	-0.043136726
30.44	-0.04911716
30.46	-0.06124802
30.48	-0.078883284
30.5	-0.091030316
30.52	-0.062619093
30.54	-0.072821718
30.56	-0.075493722
30.58	-0.083648922
30.6	-0.096547812
30.62	-0.099235364
30.64	-0.11179957
30.66	-0.106860839
30.68	0.031731399
30.7	0.151854255
30.72	0.088836051
30.74	0.074154834
30.76	0.092091615
30.78	0.119937475
30.8	0.157743272
30.82	0.180143303
30.84	0.184282521
30.86	0.182806314
30.88	0.176661574
30.9	0.16947465
30.92	0.170984694
30.94	0.171489971
30.96	0.149303404
30.98	0.126436989
31	0.084640154
31.02	0.079698546
31.04	0.072655739
31.06	-0.036718944
31.08	-0.110101663
31.1	-0.051717933
31.12	-0.053372581
31.14	-0.083963528
31.16	-0.124817627
31.18	-0.142425033
31.2	-0.164565377
31.22	-0.186113053
31.24	-0.194950835
31.26	-0.195511309
31.28	-0.203277454
31.3	-0.205812119
31.32	-0.210378626
31.34	-0.21256483
31.36	-0.197724174
31.38	-0.175642219
31.4	-0.151131087
31.42	-0.126523811
31.44	-0.088249692
31.46	-0.043612861
31.48	-0.04566736
31.5	-0.038971039
31.52	-0.044400803
31.54	0.04167898
31.56	0.0723878
31.58	0.085203657
31.6	0.085920533
31.62	0.091818008
31.64	0.104512449
31.66	0.127016873
31.68	0.142583975
31.7	0.152069508
31.72	0.136352944
31.74	0.129690678
31.76	0.124707188
31.78	0.142505648
31.8	0.128519848
31.82	0.107608564
31.84	0.080116697
31.86	0.003036017
31.88	0.055827117
31.9	-0.02448736
31.92	-0.051549432
31.94	-0.037821585
31.96	-0.00763305
31.98	-0.032494605
32	-0.065127639
32.02	-0.074093567
32.04	-0.068038038
32.06	-0.081502774
32.08	-0.059494134
32.1	-0.0474584
32.12	-0.030267838
32.14	-0.030899926
32.16	0.046740602
32.18	0.081167423
32.2	0.087763854
32.22	0.099669144
32.24	0.089637216
32.26	0.087558317
32.28	0.092062276
32.3	0.066271378
32.32	0.06054865
32.34	0.049125711
32.36	0.022367937
32.38	0.012670784
32.4	0.027079696
32.42	0.004955524
32.44	0.018719954
32.46	0.018200893
32.48	0.025474273
32.5	-0.014719523
32.52	-0.059666413
32.54	-0.110364416
32.56	-0.132863013
32.58	-0.122436062
32.6	-0.108312753
32.62	-0.102714609
32.64	-0.087185791
32.66	-0.090925429
32.68	-0.09778461
32.7	-0.113862601
32.72	-0.120006725
32.74	-0.11602003
32.76	-0.109603572
32.78	-0.079725971
32.8	-0.067483919
32.82	-0.053595478
32.84	-0.035190991
32.86	-0.015977424
32.88	-0.006014628
32.9	-0.005613037
32.92	-0.026656848
32.94	0.138585779
32.96	0.121486547
32.98	0.114131608
33	0.120858276
33.02	0.115298008
33.04	0.103404122
33.06	0.090788322
33.08	0.057276184
33.1	0.060708829
33.12	0.068915791
33.14	0.080406716
33.16	0.095699226
33.18	0.100450124
33.2	0.101062851
33.22	0.093224129
33.24	0.091099749
33.26	0.089185377
33.28	0.10021644
33.3	0.103615231
33.32	0.102368313
33.34	0.117161211
33.36	0.115637752
33.38	0.026166921
33.4	-0.086880023
33.42	-0.07180321
33.44	-0.037454083
33.46	-0.032895969
33.48	-0.044753464
33.5	-0.061890556
33.52	-0.084531401
33.54	-0.075762827
33.56	-0.075864234
33.58	-0.076348174
33.6	-0.09491378
33.62	-0.091848124
33.64	-0.077148555
33.66	-0.061253202
33.68	-0.038538631
33.7	-0.034588133
33.72	0.011465822
33.74	0.028365419
33.76	0.025358022
33.78	0.014505214
33.8	0.016239302
33.82	0.018035706
33.84	0.032407335
33.86	0.028125342
33.88	0.01398922
33.9	-0.057844888
33.92	-0.040117523
33.94	-0.026595448
33.96	-0.016642636
33.98	-0.044909312
34	-0.071842862
34.02	-0.071557512
34.04	-0.069323759
34.06	-0.045519891
34.08	-0.06020938
34.1	-0.077525136
34.12	-0.021795629
34.14	-0.013547026
34.16	-0.011545238
34.18	-0.031818806
34.2	-0.023391135
34.22	-0.027074847
34.24	-0.023009546
34.26	-0.051217492
34.28	-0.056619705
34.3	-0.030809728
34.32	0.014759559
34.34	0.023137687
34.36	0.054521
34.38	0.062360339
34.4	0.078418618
34.42	0.073497257
34.44	0.05805812
34.46	0.034052834
34.48	0.007950573
34.5	0.013744209
34.52	0.011312607
34.54	-0.005164434
34.56	-0.029733204
34.58	-0.009874712
34.6	-0.014003518
34.62	0.008359982
34.64	0.035061065
34.66	0.064568614
34.68	0.064970403
34.7	0.064865659
34.72	0.091709307
34.74	0.111327089
34.76	0.108371687
34.78	0.085348584
34.8	0.065848635
34.82	0.042319968
34.84	0.034509812
34.86	0.031305129
34.88	-0.112210024
34.9	-0.102926086
34.92	-0.084273013
34.94	-0.098275972
34.96	-0.107105977
34.98	-0.106583087
35	-0.10125586
35.02	-0.090021332
35.04	-0.084973424
35.06	-0.079149038
35.08	-0.091937744
35.1	-0.103380989
35.12	-0.126060328
35.14	-0.151020578
35.16	-0.151561569
35.18	-0.123169699
35.2	-0.079117152
35.22	-0.04206449
35.24	-0.024066328
35.26	-0.037709093
35.28	-0.039677447
35.3	0.08493888
35.32	0.077836782
35.34	0.067884532
35.36	0.093975235
35.38	0.104613055
35.4	0.104578327
35.42	0.080983499
35.44	-0.005347145
35.46	-0.017047008
35.48	-0.0121245
35.5	-0.001233667
35.52	0.016055729
35.54	0.011533187
35.56	0.002762193
35.58	0.010773872
35.6	0.021521
35.62	0.020623955
35.64	0.023325825
35.66	0.022572413
35.68	0.029293702
35.7	0.023743597
35.72	0.042178872
35.74	0.015089923
35.76	-0.009700465
35.78	-0.038354025
35.8	-0.028655187
35.82	0.031048815
35.84	0.048473365
35.86	0.037193423
35.88	0.020042184
35.9	0.025883913
35.92	0.092448535
35.94	0.07274284
35.96	0.073770624
35.98	0.067606764
36	0.046624175
36.02	0.03409055
36.04	0.028391381
36.06	0.033307866
36.08	0.028588668
36.1	0.020021185
36.12	0.030996834
36.14	0.043315009
36.16	0.068266955
36.18	0.096642536
36.2	0.11408764
36.22	0.110436745
36.24	0.110544232
36.26	0.096610487
36.28	0.087357421
36.3	0.090969297
36.32	0.0047595
36.34	0.018955035
36.36	-0.010551016
36.38	-0.034386237
36.4	-0.049622179
36.42	-0.062134487
36.44	-0.061123642
36.46	-0.040334232
36.48	-0.037806902
36.5	-0.02882036
36.52	-0.048616758
36.54	-0.070943241
36.56	-0.092549864
36.58	-0.102537707
36.6	-0.112128995
36.62	-0.131209057
36.64	-0.134676689
36.66	-0.157649726
36.68	-0.15937657
36.7	-0.155908443
36.72	-0.141375298
36.74	-0.104343899
36.76	0.054917093
36.78	0.14176631
36.8	0.106153817
36.82	0.074935399
36.84	0.067557077
36.86	0.059382722
36.88	0.040421833
36.9	0.050372596
36.92	0.06136946
36.94	0.075394804
36.96	0.081218842
36.98	0.078935385
37	0.047619141
37.02	-0.017409083
37.04	-0.011329657
37.06	-0.005372977
37.08	-0.007259343
37.1	0.014115797
37.12	0.057926095
37.14	0.067960294
37.16	0.04892786
37.18	-0.012714297
37.2	-0.024367478
37.22	-0.02665898
37.24	-0.03676936
37.26	-0.032793844
37.28	-0.010022331
37.3	0.006198385
37.32	2.07685E-05
37.34	0.004389698
37.36	0.024823987
37.38	0.036440619
37.4	0.017146937
37.42	0.024765258
37.44	0.044913196
37.46	0.046375497
37.48	0.058037712
37.5	0.093278599
37.52	0.069988631
37.54	0.039596279
37.56	0.010600665
37.58	-0.05367718
37.6	-0.042507161
37.62	-0.026614175
37.64	-0.034738595
37.66	-0.043153771
37.68	-0.037592061
37.7	-0.071212462
37.72	-0.08717597
37.74	-0.093605218
37.76	-0.081197672
37.78	-0.055978629
37.8	-0.033169788
37.82	-0.031928532
37.84	-0.054870244
37.86	-0.090277675
37.88	-0.117357052
37.9	-0.133097637
37.92	-0.133082893
37.94	-0.118604962
37.96	-0.10342561
37.98	-0.069445268
38	-0.054493841
38.02	-0.079858867
38.04	-0.050212918
38.06	-0.02193188
38.08	-0.027086487
38.1	-0.053109332
38.12	-0.046034109
38.14	-0.055333504
38.16	-0.041936423
38.18	-0.026712768
38.2	-0.041188668
38.22	0.021920871
38.24	0.068406886
38.26	0.081814293
38.28	0.063640936
38.3	0.074576551
38.32	0.081019242
38.34	0.084313714
38.36	0.093331524
38.38	0.098653311
38.4	0.105192374
38.42	0.104567998
38.44	0.095456155
38.46	0.093770035
38.48	0.066948191
38.5	-0.001620906
38.52	-0.089983976
38.54	-0.083811606
38.56	-0.069228079
38.58	-0.048634842
38.6	-0.057443841
38.62	-0.066716049
38.64	-0.077770559
38.66	-0.075738061
38.68	-0.07296162
38.7	-0.064796893
38.72	-0.020459437
38.74	-0.006086058
38.76	0.019545809
38.78	0.022168462
38.8	0.015759975
38.82	0.011930126
38.84	0.011248293
38.86	0.006844303
38.88	0.01274748
38.9	0.020205372
38.92	0.023379175
38.94	0.041961332
38.96	0.048430324
38.98	0.00860089
39	-0.091267449
39.02	-0.128553837
39.04	-0.061879112
39.06	-0.028009919
39.08	-0.024513286
39.1	0.00175611
39.12	-0.00123366
39.14	-0.021324222
39.16	-0.0257007
39.18	-0.062417464
39.2	-0.064668017
39.22	-0.064283971
39.24	-0.045026122
39.26	-0.030610361
39.28	-0.011452066
39.3	-0.004345258
39.32	-0.005477221
39.34	0.001433281
39.36	-0.003177447
39.38	-0.013895962
39.4	-0.010101397
39.42	0.018184266
39.44	0.060718454
39.46	0.078230488
39.48	0.092284901
39.5	0.103975379
39.52	0.122940494
39.54	0.136073272
39.56	0.096813132
39.58	0.056181773
39.6	0.182111642
39.62	0.052954284
39.64	0.008191822
39.66	0.021239214
39.68	0.018149709
39.7	0.020682671
39.72	0.039438595
39.74	0.077808118
39.76	0.10731901
39.78	0.135884752
39.8	0.120239377
39.82	0.100604056
39.84	0.088658163
39.86	0.05802914
39.88	0.064658922
39.9	0.127372549
39.92	0.166735506
39.94	0.142095511
39.96	0.134957631
39.98	0.098837046
40	0.06816649
40.02	-0.038659978
40.04	-0.018033277
40.06	-0.003833972
40.08	-0.031049547
40.1	-0.048252524
40.12	-0.054785203
40.14	-0.066137908
40.16	-0.072653352
40.18	-0.057744991
40.2	-0.056414368
40.22	-0.040051344
40.24	-0.050523568
40.26	-0.038805828
40.28	-0.034392605
40.3	-0.017196867
40.32	0.006402292
40.34	0.010148668
40.36	0.006726716
40.38	0.006779628
40.4	0.019802471
40.42	0.025010087
40.44	0.034865304
40.46	0.014730669
40.48	-0.008504816
40.5	-0.027085581
40.52	-0.031326314
40.54	-0.030110473
40.56	-0.006288773
40.58	-0.001180644
40.6	-0.01553148
40.62	-0.025499351
40.64	-0.034690864
40.66	-0.036165864
40.68	-0.041859368
40.7	-0.030433911
40.72	0.035396644
40.74	0.071634669
40.76	0.114057278
40.78	0.141910041
40.8	0.142481657
40.82	0.135536785
40.84	0.140510557
40.86	0.135896312
40.88	0.139738222
40.9	0.148506729
40.92	0.145493408
40.94	0.146682586
40.96	0.15174964
40.98	0.154360841
41	0.076734468
41.02	-0.045262607
41.04	-0.078602865
41.06	-0.081575691
41.08	-0.069049773
41.1	-0.033671666
41.12	0.018176692
41.14	0.026404437
41.16	0.00746004
41.18	-0.013310473
41.2	-0.044272613
41.22	-0.035313101
41.24	-0.120111311
41.26	-0.10821677
41.28	-0.072368186
41.3	0.013798431
41.32	0.031765587
41.34	0.070608364
41.36	0.093892682
41.38	0.083108238
41.4	0.085722106
41.42	0.100307748
41.44	0.079341983
41.46	0.063058014
41.48	0.029027529
41.5	-0.03555649
41.52	-0.085909458
41.54	-0.117178139
41.56	-0.132399974
41.58	-0.139453078
41.6	-0.130574802
41.62	-0.174988777
41.64	-0.160120503
41.66	-0.076773821
41.68	-0.189437621
41.7	-0.098750692
41.72	-0.109806527
41.74	-0.072396804
41.76	-0.065148242
41.78	-0.068442353
41.8	-0.073556018
41.82	-0.079771884
41.84	-0.069321314
41.86	-0.076577605
41.88	-0.065135784
41.9	-0.064795387
41.92	-0.068034659
41.94	-0.078714514
41.96	-0.077659489
41.98	0.147686171
42	0.088518141
42.02	0.050473194
42.04	0.067429914
42.06	0.065590813
42.08	0.046501337
42.1	0.019148301
42.12	0.000575105
42.14	-0.027555895
42.16	-0.017840998
42.18	-0.00635965
42.2	-0.012276545
42.22	-0.004415843
42.24	0.005238666
42.26	0.042780005
42.28	0.065728873
42.3	0.07865859
42.32	0.076209893
42.34	0.085666574
42.36	0.083122658
42.38	0.072474395
42.4	0.038880777
42.42	-0.061501281
42.44	-0.055772843
42.46	-0.086791873
42.48	-0.105395011
42.5	-0.107417974
42.52	-0.111707913
42.54	-0.118932715
42.56	-0.108928417
42.58	-0.094993316
42.6	-0.082579691
42.62	-0.066164889
42.64	-0.06540155
42.66	-0.077982457
42.68	-0.089774591
42.7	-0.097726346
42.72	-0.114103671
42.74	-0.113702477
42.76	-0.091810099
42.78	-0.065278777
42.8	-0.036078182
42.82	-0.021872636
42.84	-0.017889459
42.86	-0.026590242
42.88	-0.019657936
42.9	-0.024373297
42.92	-0.017578398
42.94	-0.030117329
42.96	-0.105836964
42.98	-0.101326353
43	-0.101340322
43.02	-0.106682384
43.04	-0.109196686
43.06	-0.104281417
43.08	-0.095390342
43.1	-0.070190095
43.12	-0.059853364
43.14	-0.004935533
43.16	-0.015529876
43.18	0.019053988
43.2	0.0150658
43.22	-0.016758371
43.24	-0.008027515
43.26	0.010678823
43.28	0.014702053
43.3	0.016779372
43.32	0.026289674
43.34	0.033172584
43.36	0.034212375
43.38	0.04704255
43.4	0.064901117
43.42	0.074250899
43.44	0.08860013
43.46	0.104595269
43.48	0.098981973
43.5	0.102283666
43.52	0.120724409
43.54	0.075792358
43.56	0.024624527
43.58	-0.015290946
43.6	-0.024766321
43.62	-0.035173319
43.64	-0.026668975
43.66	-0.021309312
43.68	-0.023465916
43.7	0.008006018
43.72	0.024525178
43.74	0.050049177
43.76	0.069448093
43.78	0.081792994
43.8	0.092688342
43.82	0.10425437
43.84	0.098539917
43.86	0.090748237
43.88	0.063646596
43.9	0.048321649
43.92	0.039690638
43.94	-0.07774494
43.96	-0.038600421
43.98	-0.032342668
44	-0.046257497
44.02	-0.058001996
44.04	-0.055473371
44.06	-0.053967668
44.08	-0.045406028
44.1	-0.027414214
44.12	-0.029681061
44.14	-0.033948901
44.16	-0.037095357
44.18	-0.029197051
44.2	-0.032794321
44.22	-0.021465917
44.24	-0.011772949
44.26	0.010694818
44.28	0.011654403
44.3	0.01104839
44.32	-0.010287232
44.34	-0.021004947
44.36	-0.02042385
44.38	-0.015406454
44.4	-0.011415809
44.42	-0.035107526
44.44	-0.04684907
44.46	-0.0517509
44.48	-0.048015951
44.5	-0.043007951
44.52	-0.039677212
44.54	-0.032791829
44.56	-0.012115291
44.58	0.001754502
44.6	0.022354481
44.62	0.027622759
44.64	0.015415519
44.66	0.009553867
44.68	0.081401445
44.7	0.029791349
44.72	0.04559534
44.74	0.078974633
44.76	0.079569484
44.78	0.063973505
44.8	0.058942178
44.82	0.054919178
44.84	0.05899134
44.86	0.066563705
44.88	0.072901495
44.9	0.0628587
44.92	0.049132258
44.94	0.034440707
44.96	0.008979757
44.98	-0.040979697
45	-0.0625477
45.02	-0.027122962
45.04	-0.032201288
45.06	-0.041522167
45.08	-0.015123085
45.1	0.010904118
45.12	0.003798802
45.14	0.018159973
45.16	0.011625897
45.18	0.017126197
45.2	0.03791178
45.22	0.055600277
45.24	0.052965686
45.26	0.046505255
45.28	0.046697579
45.3	0.042504614
45.32	0.036588838
45.34	0.022230176
45.36	0.021384917
45.38	-0.022941085
45.4	-0.025658816
45.42	-0.043549784
45.44	-0.065407188
45.46	-0.082520207
45.48	-0.085040841
45.5	-0.081378818
45.52	-0.075953581
45.54	-0.07550475
45.56	-0.079705414
45.58	-0.083545984
45.6	-0.072433391
45.62	-0.05462034
45.64	-0.029300173
45.66	-0.078543768
45.68	-0.027069346
45.7	-0.032670666
45.72	-0.008201814
45.74	0.01237139
45.76	0.02830991
45.78	0.022808364
45.8	0.019115161
45.82	-0.002091183
45.84	-0.01925715
45.86	-0.048096892
45.88	-0.044691491
45.9	-0.048711639
45.92	-0.051211061
45.94	-0.049886694
45.96	-0.041971342
45.98	-0.026512665
46	0.013226443
46.02	0.005106331
46.04	0.020205025
46.06	0.025292636
46.08	0.028203048
46.1	0.022424993
46.12	0.026735852
46.14	0.024374607
46.16	0.030988128
46.18	0.040995229
46.2	0.059201481
46.22	0.082288853
46.24	0.081756235
46.26	0.072105975
46.28	0.064594027
46.3	0.069825051
46.32	0.064256625
46.34	0.058402574
46.36	0.056203797
46.38	0.050428048
46.4	0.038550515
46.42	0.021129056
46.44	-0.020590087
46.46	-0.025216083
46.48	-0.047410717
46.5	-0.031428026
46.52	0.01727103
46.54	0.010109133
46.56	-0.012747695
46.58	-0.019637112
46.6	-0.028810067
46.62	-0.045550255
46.64	-0.047042448
46.66	-0.035198253
46.68	-0.038163084
46.7	-0.027466716
46.72	0.007734616
46.74	0.018354289
46.76	0.021410166
46.78	0.016825467
46.8	0.028855136
46.82	0.020457634
46.84	0.028787803
46.86	0.037255204
46.88	0.039776987
46.9	0.044091993
46.92	0.01259867
46.94	-0.022879644
46.96	-0.035290665
46.98	-0.042405494
47	-0.053263528
47.02	-0.059811223
47.04	-0.059755485
47.06	-0.052393485
47.08	-0.039711148
47.1	-0.03211311
47.12	-0.010636574
47.14	0.059966546
47.16	0.046532097
47.18	0.05254806
47.2	0.056832218
47.22	0.057195863
47.24	0.0591901
47.26	0.063631477
47.28	0.070741849
47.3	0.076440451
47.32	0.082938692
47.34	0.083203745
47.36	0.087497655
47.38	0.080757985
47.4	0.063669884
47.42	0.060707959
47.44	0.050889493
47.46	0.069388816
47.48	0.069344677
47.5	0.060221586
47.52	0.067145585
47.54	0.054947699
47.56	0.023713646
47.58	0.013902781
47.6	0.030160411
47.62	0.057539909
47.64	0.058498451
47.66	0.065150297
47.68	0.058469734
47.7	0.047102892
47.72	0.047737034
47.74	-0.018808765
47.76	-0.007945809
47.78	0.013747198
47.8	0.020899743
47.82	-0.006176406
47.84	-0.025746662
47.86	-0.023755349
47.88	-0.015648407
47.9	-0.020074191
47.92	-0.027550965
47.94	-0.027173951
47.96	-0.031509488
47.98	-0.03026414
48	-0.03171725
48.02	-0.033960869
48.04	-0.028081706
48.06	-0.028239819
48.08	-0.027081628
48.1	-0.036899311
48.12	-0.028822795
48.14	-0.012974323
48.16	0.008649026
48.18	0.00466566
48.2	-0.006892229
48.22	-0.020429173
48.24	-0.021096549
48.26	-0.022872537
48.28	-0.025220792
48.3	-0.022372776
48.32	-0.024297509
48.34	-0.023045964
48.36	-0.023072824
48.38	-0.018562728
48.4	-0.028175858
48.42	-0.039619895
48.44	-0.039947212
48.46	-0.03410031
48.48	-0.026630152
48.5	-0.021461945
48.52	-0.01489182
48.54	-0.011552051
48.56	-0.01711963
48.58	-0.016589678
48.6	-0.003401056
48.62	0.025169659
48.64	0.050164438
48.66	0.062378603
48.68	0.063855691
48.7	0.063233381
48.72	0.062826817
48.74	0.053164258
48.76	0.039869028
48.78	0.029243553
48.8	0.025443604
48.82	0.008953692
48.84	-0.036555049
48.86	-0.026637492
48.88	-0.003057676
48.9	-0.003323493
48.92	-0.0021403
48.94	-0.004985828
48.96	-0.006756279
48.98	-0.003349903
49	-0.002647363
49.02	0.000539435
49.04	-0.009109778
49.06	-0.028526186
49.08	-0.039224865
49.1	-0.041762697
49.12	-0.048395864
49.14	-0.052602736
49.16	-0.050579068
49.18	-0.039320975
49.2	-0.029631752
49.22	-0.0164977
49.24	-0.009163908
49.26	-0.002221075
49.28	0.0012491
49.3	0.002018831
49.32	-0.001548279
49.34	-0.014496218
49.36	-0.032409788
49.38	-0.046137601
49.4	-0.044537454
49.42	-0.029056129
49.44	-0.030282399
49.46	-0.035320807
49.48	-0.039698677
49.5	-0.034153732
49.52	-0.025734924
49.54	-0.016562353
49.56	-0.012479532
49.58	-0.005427623
49.6	-0.001037981
49.62	-0.006981452
49.64	-0.016403122
49.66	-0.010973656
49.68	-0.014056305
49.7	-0.025640867
49.72	-0.031320984
49.74	-0.034739303
49.76	-0.033336333
49.78	-0.020306162
49.8	-0.003625012
49.82	-0.009823464
49.84	-0.037863334
49.86	-0.030274103
49.88	-0.023216539
49.9	-0.008276752
49.92	-0.007353642
49.94	0.005326378
49.96	0.014027366
49.98	0.011261748
50	0.03050982
50.02	0.045422379
50.04	0.06250221
50.06	0.060986791
50.08	0.064481693
50.1	0.073442959
50.12	0.065364435
50.14	0.059675188
50.16	0.051959773
50.18	0.035549578
50.2	0.025716852
50.22	0.012871474
50.24	-0.061744579
50.26	-0.043559208
50.28	-0.044341482
50.3	-0.04309799
50.32	-0.033993555
50.34	-0.017256511
50.36	-0.015373153
50.38	-0.007635394
50.4	0.015114623
50.42	0.009523311
50.44	-0.000464436
50.46	-0.0100819
50.48	-0.026589497
50.5	-0.025223375
50.52	-0.026005019
50.54	-0.029963056
50.56	-0.024173248
50.58	-0.029192004
50.6	-0.025853766
50.62	-0.023497968
50.64	-0.016469597
50.66	-0.018993141
50.68	-0.019525997
50.7	-0.011672321
50.72	0.0397937
50.74	0.025345158
50.76	0.029310919
50.78	0.013800979
50.8	-0.026790754
50.82	-0.030585312
50.84	-0.016870742
50.86	-0.021831754
50.88	-0.026981373
50.9	-0.014385971
50.92	-0.023658523
50.94	-0.031989821
50.96	-0.030364063
50.98	-0.0210131
51	-0.017927278
51.02	-0.00975905
51.04	-0.004144602
51.06	0.056325792
51.08	0.03151595
51.1	0.009409186
51.12	0.006156616
51.14	-0.012345464
51.16	-0.025044244
51.18	-0.009989306
51.2	-0.00390721
51.22	0.005373463
51.24	0.015026444
51.26	0.021053591
51.28	0.029414771
51.3	0.035696116
51.32	0.042221027
51.34	0.048551509
51.36	0.042003386
51.38	0.036780029
51.4	0.037781978
51.42	0.031989799
51.44	0.031506058
51.46	0.03535485
51.48	0.040790477
51.5	0.034833988
51.52	0.030519486
51.54	0.047221074
51.56	0.039221604
51.58	0.030818771
51.6	-0.000631572
51.62	-0.018286072
51.64	-0.024014215
51.66	-0.033162505
51.68	-0.042340065
51.7	-0.047405275
51.72	-0.047969241
51.74	-0.050997158
51.76	-0.048196324
51.78	-0.045498539
51.8	-0.036531654
51.82	-0.015749707
51.84	0.002563833
51.86	0.006536164
51.88	-0.005259006
51.9	-0.019771949
51.92	-0.016807073
51.94	-0.018944306
51.96	-0.038616204
51.98	-0.025075884
52	-0.015340663
52.02	-0.016444252
52.04	-0.024632405
52.06	-0.02435395
52.08	-0.021678263
52.1	-0.026891133
52.12	-0.031587238
52.14	-0.036764231
52.16	-0.038006985
52.18	-0.033988776
52.2	-0.031739505
52.22	-0.032354013
52.24	-0.04097396
52.26	-0.057027296
52.28	-0.063589465
52.3	-0.06041617
52.32	-0.035267294
52.34	-0.044233883
52.36	-0.043879596
52.38	-0.027005758
52.4	-0.021077357
52.42	-0.019206371
52.44	-0.014331796
52.46	0.006997738
52.48	0.017256857
52.5	0.018485614
52.52	0.017141871
52.54	0.013064266
52.56	0.010531898
52.58	0.003735988
52.6	0.00673127
52.62	0.017808502
52.64	0.031337098
52.66	0.037409118
52.68	0.048446285
52.7	0.061269688
52.72	0.075241121
52.74	0.084430055
52.76	0.087014165
52.78	0.083901396
52.8	0.076846412
52.82	0.067368981
52.84	0.05984201
52.86	0.047153196
52.88	0.039777136
52.9	0.028265949
52.92	0.019629805
52.94	0.012964494
52.96	0.014297126
52.98	0.015704739
53	0.018451944
53.02	0.018312687
53.04	0.013387786
53.06	0.006437204
53.08	-0.027480359
53.1	-0.012346529
53.12	-0.014665498
53.14	-0.014294424
53.16	-0.008297156
53.18	-0.010219388
53.2	-0.007338264
53.22	-0.006111235
53.24	0.00180645
53.26	0.002835545
53.28	0.007014461
53.3	0.004179969
53.32	0.012306075
53.34	0.027873396
53.36	0.040837684
53.38	0.04694592
53.4	0.04455192
53.42	0.035083992
53.44	0.027765318
53.46	0.024130751
53.48	0.017195319
53.5	0.006102068
53.52	-0.006645026
53.54	-0.016852566
53.56	-0.016117991
53.58	-0.018640733
53.6	-0.017227287
53.62	-0.016253937
53.64	-0.01765879
53.66	-0.018407047
53.68	-0.018538132
53.7	-0.007104599
53.72	-0.000738408
53.74	0.009321623
53.76	0.022311437
53.78	0.062112663
53.8	0.068121599
53.82	0.074958351
53.84	0.080622332
53.86	0.069745605
53.88	0.061784212
53.9	0.046659205
53.92	0.041179163
53.94	0.038101995
53.96	0.034185905
53.98	0.025554313
54	0.019679527
54.02	0.011246641
54.04	0.001156991
54.06	-0.00331969
54.08	-0.017236135
54.1	-0.003458994
54.12	0.007117911
54.14	0.006561163
54.16	0.010728315
54.18	0.004590948
54.2	-0.015749166
54.22	-0.019424251
54.24	-0.017055253
54.26	-0.020071818
54.28	-0.019487888
54.3	-0.025605007
54.32	-0.014715661
54.34	-0.005819209
54.36	0.000404305
54.38	-0.007036206
54.4	-0.00559425
54.42	-0.005370498
54.44	-0.004407401
54.46	-0.006402513
54.48	-0.003445678
54.5	-0.005961964
54.52	-0.009530267
54.54	-0.011251023
54.56	-0.020453125
54.58	-0.012750897
54.6	0.003351791
54.62	0.004585686
54.64	-0.002142335
54.66	-0.006663317
54.68	-0.009660336
54.7	-0.013293322
54.72	-0.023001783
54.74	-0.026737234
54.76	-0.029600117
54.78	-0.028048656
54.8	-0.007200389
54.82	0.000933349
54.84	-0.007152136
54.86	-0.020226206
54.88	-0.025136522
54.9	-0.026615638
54.92	-0.02479126
54.94	-0.021117195
54.96	-0.013479477
54.98	-0.002927369
55	-0.006107132
55.02	-0.023544734
55.04	-0.029783393
55.06	-0.047579633
55.08	-0.036243486
55.1	-0.029349737
55.12	0.008675694
55.14	0.014461626
55.16	0.015128398
55.18	0.020705643
55.2	0.024685532
55.22	0.023489217
55.24	0.032908188
55.26	0.030232647
55.28	0.028023612
55.3	0.022760727
55.32	0.019899966
55.34	0.010352665
55.36	-0.002599347
55.38	-0.010086759
55.4	-0.01925159
55.42	-0.014976117
55.44	-0.01364255
55.46	-0.01262798
55.48	-0.031010314
55.5	-0.030365522
55.52	-0.038654899
55.54	-0.03845072
55.56	-0.032246561
55.58	-0.028194825
55.6	-0.027950792
55.62	-0.036964725
55.64	-0.044110272
55.66	-0.049173021
55.68	-0.049960539
55.7	-0.051796002
55.72	-0.04592427
55.74	-0.036714199
55.76	-0.024301217
55.78	-0.01987598
55.8	0.007055861
55.82	0.003918024
55.84	0.00054675
55.86	0.006455098
55.88	0.017353839
55.9	0.014436227
55.92	0.005047341
55.94	-0.024653405
55.96	-0.033894197
55.98	-0.041753008
56	-0.043791025
56.02	-0.038621373
56.04	-0.039373526
56.06	-0.048392482
56.08	-0.054816296
56.1	-0.053474481
56.12	-0.032077554
56.14	-0.054342375
56.16	-0.044647764
56.18	-0.054263503
56.2	-0.041345399
56.22	-0.042307271
56.24	-0.035398533
56.26	-0.031411665
56.28	-0.036734323
56.3	-0.037051584
56.32	-0.047325587
56.34	-0.001082631
56.36	-0.000953742
56.38	0.008997611
56.4	0.022584879
56.42	0.027817119
56.44	0.033218055
56.46	0.033101449
56.48	0.037916852
56.5	0.040257469
56.52	0.044074095
56.54	0.046870098
56.56	0.041786976
56.58	0.04334625
56.6	0.038864893
56.62	0.033859254
56.64	0.022892637
56.66	0.018175028
56.68	0.018680938
56.7	0.02337885
56.72	0.028224889
56.74	0.034451641
56.76	0.041120965
56.78	0.039535971
56.8	0.030302912
56.82	0.021823023
56.84	0.01202039
56.86	-0.000468726
56.88	-0.002064268
56.9	-0.007112232
56.92	-0.012911634
56.94	-0.015746173
56.96	-0.020769278
56.98	-0.005867543
57	0.004000622
57.02	0.006172628
57.04	0.002340134
57.06	0.005971845
57.08	0.007280859
57.1	0.010071028
57.12	0.013021122
57.14	0.017558372
57.16	0.023773187
57.18	0.026351106
57.2	0.015364533
57.22	0.01962936
57.24	0.026688853
57.26	0.032697622
57.28	0.029191426
57.3	0.044575649
57.32	0.044033002
57.34	0.051363374
57.36	0.064891909
57.38	0.071481657
57.4	0.0684885
57.42	-0.018362795
57.44	0.01477615
57.46	0.009678798
57.48	-0.001946444
57.5	-0.012878696
57.52	-0.019355923
57.54	-0.032357048
57.56	-0.023840331
57.58	-0.022419742
57.6	-0.015887788
57.62	-0.013215439
57.64	-0.009834629
57.66	-0.014298027
57.68	-0.007896945
57.7	-0.010476835
57.72	-0.005353324
57.74	0.004535323
57.76	0.006849027
57.78	0.004659569
57.8	-0.002123978
57.82	-0.00339255
57.84	-0.009398401
57.86	-0.010436048
57.88	0.043553428
57.9	0.031305319
57.92	0.033092449
57.94	0.03870861
57.96	0.043232139
57.98	0.039761473
58	0.035508953
58.02	0.024041931
58.04	0.01306018
58.06	0.01108454
58.08	0.012481512
58.1	0.015218752
58.12	0.016137659
58.14	0.015424917
58.16	0.011705076
58.18	0.006746513
58.2	0.008660197
58.22	0.006786635
58.24	0.000248131
58.26	-0.005062646
58.28	-0.009112147
58.3	-0.009332439
58.32	-0.012742339
58.34	-0.018580225
58.36	-0.01807519
58.38	-0.027846204
58.4	-0.029684599
58.42	-0.036323202
58.44	-0.03213614
58.46	-0.023340035
58.48	-0.009566348
58.5	0.017127365
58.52	0.014145034
58.54	0.016921443
58.56	0.015591231
58.58	0.014652068
58.6	0.005120746
58.62	0.000210865
58.64	-0.006289754
58.66	-0.001893795
58.68	0.001814664
58.7	0.00391725
58.72	0.010939416
58.74	0.022006205
58.76	0.033547317
58.78	0.034124832
58.8	0.034176938
58.82	0.023556498
58.84	0.012517152
58.86	-0.002600534
58.88	-0.022396993
58.9	-0.026017162
58.92	-0.030815261
58.94	-0.040850095
58.96	-0.038548244
58.98	-0.028700655
59	-0.032393241
59.02	-0.032719459
59.04	-0.036545798
59.06	-0.043981101
59.08	-0.036100048
59.1	0.034403174
59.12	0.017061578
59.14	0.012227082
59.16	0.01527308
59.18	0.008774425
59.2	0.002028731
59.22	-0.008594034
59.24	-0.014099597
59.26	-0.007678463
59.28	-0.003485189
59.3	0.00232792
59.32	0.013597536
59.34	0.005207462
59.36	0.018434753
59.38	0.01985823
59.4	0.01103209
59.42	0.004261279
59.44	-0.006450669
59.46	-0.009282171
59.48	-0.016310244
59.5	-0.015531544
59.52	-0.020642736
59.54	-0.018501934
59.56	-0.016311856
59.58	-0.014991552
59.6	-0.022490754
59.62	-0.020569501
59.64	-0.010142031
59.66	-0.001047556
59.68	0.001951051
59.7	0.00346707
59.72	-0.000936201
59.74	-0.005965948
59.76	-0.008273757
59.78	0.001661354
59.8	0.009208775
59.82	0.006543816
59.84	0.008904138
59.86	0.000616036
59.88	-0.000358659
59.9	-0.00482771
59.92	-0.013843078
59.94	-0.018376116
59.96	-0.018656594
59.98	-0.014358178
60	-0.010243154
60.02	-0.018848238
60.04	-0.014710024
60.06	-0.015120166
60.08	-0.014682402
60.1	-0.012776486
60.12	-0.010538491
60.14	-0.012469455
60.16	-0.012646601
60.18	-0.018401508
60.2	-0.014753828
60.22	-0.011856603
60.24	-0.010080499
60.26	-0.011625863
60.28	-0.006378956
60.3	-0.006990916
60.32	-0.003618122
60.34	0.007670208
60.36	0.023072388
60.38	0.030264035
60.4	0.032962405
60.42	0.032119106
60.44	0.027088852
60.46	0.016170598
60.48	0.003508187
60.5	-0.002657617
60.52	-0.00306003
60.54	-0.004252006
60.56	-0.005807042
60.58	-0.011123289
60.6	-0.011108361
60.62	-0.008214478
60.64	-0.003290323
60.66	-0.002445816
60.68	0.004309658
60.7	0.005549995
60.72	0.009448694
60.74	0.012519395
60.76	0.017971343
60.78	0.021033945
60.8	0.02086191
60.82	0.009824177
60.84	0.005377059
60.86	0.001528142
60.88	0.001671347
60.9	0.009464964
60.92	0.012497965
60.94	0.015043574
60.96	0.018888839
60.98	0.012731929
61	0.012690945
61.02	0.013671027
61.04	0.017900119
61.06	0.022641813
61.08	0.030643051
61.1	0.037349572
61.12	0.035384227
61.14	0.028479787
61.16	0.018832028
61.18	0.009703325
61.2	0.007498243
61.22	0.014744196
61.24	0.019210618
61.26	0.024646294
61.28	0.017403681
61.3	0.013564163
61.32	-0.013141028
61.34	-0.012330831
61.36	-0.014056131
61.38	-0.01845779
61.4	-0.020563431
61.42	-0.026455318
61.44	-0.011626759
61.46	-0.007614297
61.48	-0.003046722
61.5	-0.008149958
61.52	-0.006777449
61.54	-0.011075454
61.56	-0.007998267
61.58	-0.006114302
61.6	0.005421333
61.62	0.026647461
61.64	0.022080534
61.66	0.036581671
61.68	0.035816102
61.7	0.035665537
61.72	0.03353171
61.74	0.029951782
61.76	0.028939334
61.78	0.028791818
61.8	0.032641796
61.82	0.034631076
61.84	0.035988438
61.86	0.032996959
61.88	0.02451726
61.9	0.019494653
61.92	0.017744798
61.94	0.014479719
61.96	0.009724923
61.98	-0.006391433
62	-0.008644296
62.02	-0.013585434
62.04	-0.020524036
62.06	-0.028976674
62.08	-0.03558207
62.1	-0.027731922
62.12	-0.046502829
62.14	-0.042396577
62.16	-0.033345043
62.18	-0.02274567
62.2	-0.015804845
62.22	-0.010524698
62.24	-0.006384026
62.26	0.009709755
62.28	0.015826975
62.3	0.020164198
62.32	0.015966758
62.34	0.012295118
62.36	0.011314501
62.38	0.01278509
62.4	0.009240223
62.42	0.007234942
62.44	0.012821883
62.46	0.023383552
62.48	0.031749639
62.5	0.042581149
62.52	0.047435754
62.54	0.045402591
62.56	0.033932678
62.58	0.018449406
62.6	-0.027499105
62.62	-0.019127778
62.64	-0.01532176
62.66	-0.009869983
62.68	-0.004153631
62.7	-0.000167913
62.72	0.004742378
62.74	0.007403158
62.76	-0.001913789
62.78	-0.002808561
62.8	-0.008988137
62.82	-0.013386012
62.84	-0.009604648
62.86	-0.000277598
62.88	0.011707788
62.9	0.011138102
62.92	-0.000971147
62.94	-0.013595374
62.96	-0.025642271
62.98	-0.026037548
63	-0.012573981
63.02	-0.004956307
63.04	0.006176709
63.06	0.027296048
63.08	0.036649854
63.1	0.042959939
63.12	0.041482682
63.14	0.032815349
63.16	0.022996101
63.18	0.010042523
63.2	-0.00119193
63.22	-0.011779812
63.24	-0.010134705
63.26	-0.011545597
63.28	-0.008548265
63.3	-0.010176731
63.32	-0.016133771
63.34	-0.025488252
63.36	-0.027449459
63.38	-0.028711494
63.4	-0.022664504
63.42	-0.031820146
63.44	-0.030626784
63.46	-0.028536464
63.48	-0.048247469
63.5	-0.043529237
63.52	-0.054910198
63.54	-0.071431257
63.56	-0.06386449
63.58	-0.065639874
63.6	-0.060884666
63.62	-0.057473801
63.64	-0.046668691
63.66	-0.039220144
63.68	-0.024812091
63.7	-0.019906143
63.72	-0.022508311
63.74	0.001426
63.76	0.012452854
63.78	0.002702945
63.8	0.000548326
63.82	0.004624381
63.84	0.003047348
63.86	-0.000912874
63.88	0.003077692
63.9	0.005460833
63.92	0.008318994
63.94	0.005789805
63.96	0.008991184
63.98	0.008613177
64	0.003489473
64.02	-0.006678733
64.04	-0.012546768
64.06	-0.030984564
64.08	-0.035000176
64.1	-0.043227589
64.12	-0.04365401
64.14	-0.042475749
64.16	-0.039104008
64.18	-0.035496446
64.2	-0.026122815
64.22	-0.022740964
64.24	-0.013566886
64.26	0.000885978
64.28	-0.002933945
64.3	3.64471E-05
64.32	-0.003010627
64.34	0.00354338
64.36	0.006243555
64.38	0.002491389
64.4	-0.00986203
64.42	-0.045255644
64.44	-0.041119562
64.46	-0.046007375
64.48	-0.04144209
64.5	-0.031285787
64.52	-0.014956042
64.54	-0.003220043
64.56	-0.004579564
64.58	-0.000679356
64.6	0.008157358
64.62	0.015082057
64.64	0.015140429
64.66	0.017265111
64.68	0.014117613
64.7	0.008064395
64.72	0.00614533
64.74	-0.004431726
64.76	-0.022651853
64.78	-0.031476062
64.8	-0.044821997
64.82	-0.048816327
64.84	-0.045765515
64.86	-0.04475168
64.88	-0.03525867
64.9	-0.034194495
64.92	-0.029600642
64.94	-0.024457847
64.96	-0.021207335
64.98	-0.019132983
65	-0.014650806
65.02	-0.011600378
65.04	-0.00389642
65.06	0.001488055
65.08	0.00831774
65.1	0.010839352
65.12	0.016203942
65.14	0.016048764
65.16	0.016893821
65.18	0.013480817
65.2	0.014846912
65.22	0.010064405
65.24	0.026607933
65.26	0.026066837
65.28	0.027348274
65.3	0.021337619
65.32	0.008678353
65.34	0.000127652
65.36	-0.006288761
65.38	-0.007852885
65.4	-0.009454953
65.42	-0.004923892
65.44	-0.005508877
65.46	-0.005675631
65.48	-0.011838217
65.5	-0.020044534
65.52	-0.030501854
65.54	-0.039587184
65.56	-0.035184807
65.58	-0.028581139
65.6	-0.019889244
65.62	-0.013039049
65.64	-0.00418846
65.66	-0.005555261
65.68	0.010687291
65.7	0.008690776
65.72	0.009950097
65.74	0.015363213
65.76	0.024323736
65.78	0.033023104
65.8	0.03654124
65.82	0.036468903
65.84	0.023630736
65.86	0.032596988
65.88	0.013996822
65.9	-0.024842133
65.92	-0.009027134
65.94	-0.006409486
65.96	-0.004460617
65.98	-0.004134385
66	-0.006812608
66.02	-0.00944331
66.04	-0.00653394
66.06	-0.006374149
66.08	0.005721825
66.1	0.008855532
66.12	0.010765579
66.14	0.018816576
66.16	0.027343941
66.18	0.033452122
66.2	0.029046525
66.22	0.016389136
66.24	0.013153127
66.26	0.021649972
66.28	0.030018926
66.3	0.031610838
66.32	0.029001747
66.34	0.028752109
66.36	0.020698778
66.38	0.015223283
66.4	0.017800176
66.42	0.029326006
66.44	0.040978065
66.46	0.032678581
66.48	0.025033567
66.5	0.030386439
66.52	0.026869214
66.54	0.030550211
66.56	0.034382074
66.58	0.039813683
66.6	0.035535631
66.62	0.024179281
66.64	0.016452808
66.66	0.017290468
66.68	0.012884266
66.7	0.010107526
66.72	0.020637044
66.74	0.023298222
66.76	0.01243058
66.78	0.005592392
66.8	-0.005244223
66.82	0.002839594
66.84	0.0053561
66.86	0.011867224
66.88	0.033696286
66.9	0.024002446
66.92	0.022096726
66.94	0.019667466
66.96	0.006616458
66.98	0.008532813
67	0.011014705
67.02	0.022572287
67.04	0.035379949
67.06	0.038014163
67.08	0.028742775
67.1	0.022339439
67.12	0.021630381
67.14	0.017022139
67.16	0.012984307
67.18	0.008017194
67.2	0.010218981
67.22	0.009006234
67.24	0.009308449
67.26	0.00415063
67.28	0.000592202
67.3	-0.010448475
67.32	-0.012389075
67.34	-0.007009161
67.36	-0.004611262
67.38	-0.000743627
67.4	0.004825811
67.42	0.00025853
67.44	-0.004755224
67.46	-0.00811493
67.48	-0.011039139
67.5	-0.017387934
67.52	-0.016439209
67.54	-0.010984355
67.56	-0.010191402
67.58	-0.010033637
67.6	-0.002605871
67.62	0.04261964
67.64	0.032272696
67.66	0.043366229
67.68	0.050222153
67.7	0.055504249
67.72	0.055868272
67.74	0.047951874
67.76	0.038545221
67.78	0.026874197
67.8	0.013424358
67.82	-0.008697998
67.84	-0.011067175
67.86	-0.015955215
67.88	-0.021235214
67.9	-0.021617733
67.92	-0.024094382
67.94	-0.017307522
67.96	-0.018079026
67.98	-0.015723463
68	-0.013941308
68.02	-0.008793558
68.04	-0.006668804
68.06	-0.005016014
68.08	-0.007141008
68.1	-0.003677865
68.12	0.001292911
68.14	0.016918261
68.16	0.017400867
68.18	0.011965493
68.2	0.006473757
68.22	0.006902149
68.24	0.012022526
68.26	0.013855772
68.28	0.016500399
68.3	0.016365435
68.32	0.015797579
68.34	0.018370016
68.36	0.017620093
68.38	0.012138128
68.4	-0.003419688
68.42	-0.008208304
68.44	-0.011541163
68.46	-0.004040123
68.48	-0.002541039
68.5	-0.000780312
68.52	-0.004741801
68.54	-0.018003154
68.56	-0.025953321
68.58	-0.033527965
68.6	-0.02460934
68.62	-0.023577566
68.64	-0.033343278
68.66	-0.029624756
68.68	-0.033263026
68.7	-0.033103614
68.72	-0.034980881
68.74	-0.036436203
68.76	-0.036370668
68.78	-0.023082463
68.8	-0.016198585
68.82	0.001823673
68.84	0.008244716
68.86	0.005761424
68.88	0.007201901
68.9	0.007779938
68.92	0.003300037
68.94	0.005501841
68.96	0.010450326
68.98	0.015226881
69	0.008889954
69.02	0.004716255
69.04	0.000252563
69.06	-0.002086437
69.08	0.003183236
69.1	0.008897274
69.12	0.013958102
69.14	0.012872699
69.16	0.006886388
69.18	0.002742797
69.2	-0.001310555
69.22	-0.007248321
69.24	-0.009472489
69.26	-0.015007685
69.28	-0.019607003
69.3	-0.018793007
69.32	-0.016181484
69.34	-0.013692021
69.36	-0.01894266
69.38	-0.019488523
69.4	-0.021903354
69.42	-0.018475649
69.44	-0.011484219
69.46	-0.008963413
69.48	-0.011138984
69.5	-0.009754887
69.52	-0.009886535
69.54	0.002400186
69.56	-0.000264463
69.58	0.002235142
69.6	0.009741176
69.62	0.012315183
69.64	0.013321542
69.66	0.015144527
69.68	0.020019261
69.7	0.01971545
69.72	0.020865348
69.74	0.018033272
69.76	0.018863762
69.78	0.011476262
69.8	0.002509871
69.82	-0.005280596
69.84	-0.007589482
69.86	-0.013227044
69.88	-0.021817259
69.9	-0.018037336
69.92	-0.022540957
69.94	-0.027325004
69.96	-0.028953751
69.98	-0.030968652
70	-0.025644759
70.02	-0.019111843
70.04	-0.012430553
70.06	-0.005837411
70.08	0.010501809
70.1	0.005499475
70.12	0.005693157
70.14	0.00756637
70.16	0.009538096
70.18	0.018578359
70.2	0.017825065
70.22	0.014465239
70.24	0.008028359
70.26	0.008395078
70.28	0.0089819
70.3	0.013320304
70.32	0.015344669
70.34	0.015943576
70.36	0.01716867
70.38	0.020555212
70.4	0.024017902
70.42	0.021171828
70.44	0.016656865
70.46	0.014508596
70.48	0.015651321
70.5	0.019192237
70.52	0.021526803
70.54	0.030215101
70.56	0.030439828
70.58	0.016706523
70.6	0.009268113
70.62	0.008887198
70.64	0.014700504
70.66	0.013755527
70.68	0.015139085
70.7	0.011319018
70.72	0.004423938
70.74	-0.00171389
70.76	-0.016862107
70.78	-0.015153726
70.8	-0.016196085
70.82	-0.013141247
70.84	-0.006250885
70.86	-0.010606559
70.88	-0.006336591
70.9	-0.005663682
70.92	-0.005562302
70.94	-0.005652246
70.96	-0.000774382
70.98	0.00355608
71	0.007017051
71.02	0.001211929
71.04	-0.005487926
71.06	-0.006858966
71.08	-0.008894474
71.1	-0.008574966
71.12	-0.002838341
71.14	-0.004771213
71.16	-0.004010341
71.18	-0.002550991
71.2	-0.003086459
71.22	-0.003340795
71.24	-0.00200108
71.26	0.003652191
71.28	0.003086807
71.3	-0.004160271
71.32	-0.011590785
71.34	-0.013559314
71.36	-0.027214103
71.38	-0.031596972
71.4	-0.034199645
71.42	-0.028411238
71.44	-0.029458477
71.46	-0.028092242
71.48	-0.03216595
71.5	-0.032107473
71.52	-0.029660222
71.54	-0.016832134
71.56	-0.020330372
71.58	0.023634581
71.6	0.013023524
71.62	0.011643505
71.64	0.005821032
71.66	-0.002903543
71.68	-0.007625631
71.7	-0.008880123
71.72	-0.004299046
71.74	-0.000734321
71.76	0.002282076
71.78	0.00047737
71.8	-0.000780906
71.82	-0.001526104
71.84	-0.004009924
71.86	-0.00512945
71.88	0.000323523
71.9	0.002218204
71.92	0.005918356
71.94	0.005729386
71.96	0.005478951
71.98	-0.000729851
72	-0.014361667
72.02	-0.018641666
72.04	-0.016028576
72.06	-0.012014792
72.08	-0.004964111
72.1	-0.005691581
72.12	-0.008959802
72.14	-0.015113562
72.16	-0.021903065
72.18	-0.027862869
72.2	-0.030845504
72.22	-0.030819762
72.24	-0.032186415
72.26	-0.02975144
72.28	-0.027746973
72.3	-0.027906299
72.32	-0.022028168
72.34	-0.012861365
72.36	0.003230519
72.38	0.003045708
72.4	0.005430147
72.42	0.001452979
72.44	-0.00636333
72.46	-0.006193558
72.48	-0.009907948
72.5	-0.016601334
72.52	-0.021078952
72.54	-0.024935753
72.56	-0.020517064
72.58	-0.020267963
72.6	-0.018619142
72.62	-0.016631297
72.64	-0.013905141
72.66	-0.002923428
72.68	0.004666296
72.7	0.001613776
72.72	-0.007355951
72.74	-0.021122208
72.76	-0.029940834
72.78	-0.027078121
72.8	-0.026403469
72.82	-0.026918787
72.84	-0.023130284
72.86	-0.018216106
72.88	-0.017731942
72.9	-0.01314893
72.92	-0.002802934
72.94	0.000405452
72.96	0.002573155
72.98	0.009679112
73	0.016493588
73.02	0.023179756
73.04	0.02227409
73.06	0.019194723
73.08	0.011613377
73.1	0.00192818
73.12	-0.000186715
73.14	0.000908628
73.16	0.004448974
73.18	0.006658494
73.2	0.009467287
73.22	0.006928828
73.24	0.003029467
73.26	-0.003518037
73.28	-0.003093601
73.3	-0.010943285
73.32	-0.012771452
73.34	-0.011442589
73.36	-0.009834
73.38	-0.007596237
73.4	-0.00748635
73.42	-0.01157675
73.44	-0.0126522
73.46	-0.01086515
73.48	-0.004538232
73.5	0.004421718
73.52	0.001629141
73.54	0.001474173
73.56	0.00472494
73.58	0.001302807
73.6	0.002212948
73.62	0.001233907
73.64	0.007104736
73.66	0.001971125
73.68	0.005565273
73.7	0.002329487
73.72	-0.000359207
73.74	-0.002355338
73.76	-0.003843786
73.78	0.003695574
73.8	0.007476947
73.82	0.006437815
73.84	0.002309957
73.86	0.006171599
73.88	-0.005283504
73.9	-0.009168532
73.92	-0.002885873
73.94	0.00258647
73.96	0.00237574
73.98	0.002068879
74	0.003964879
74.02	-0.001940198
74.04	-0.001322357
74.06	0.001338813
74.08	0.019755833
74.1	0.021019172
74.12	0.019846202
74.14	0.019467101
74.16	0.02513207
74.18	0.01591082
74.2	0.014709056
74.22	0.016581142
74.24	0.021584601
74.26	0.026383238
74.28	0.026114181
74.3	0.029797821
74.32	0.026925691
74.34	0.027649557
74.36	0.020281203
74.38	0.013141687
74.4	0.016210539
74.42	0.015195752
74.44	0.017786581
74.46	0.019704404
74.48	0.015397321
74.5	0.012172208
74.52	0.006696285
74.54	0.005185376
74.56	-0.013046383
74.58	-0.000312254
74.6	-0.003577742
74.62	-0.002790732
74.64	-0.000965159
74.66	0.006906032
74.68	0.012378166
74.7	0.014454545
74.72	0.013602233
74.74	0.015435026
74.76	0.014583888
74.78	0.011034532
74.8	0.006771897
74.82	0.001979426
74.84	0.000392422
74.86	0.006727287
74.88	0.014873273
74.9	0.014747248
74.92	0.011186159
74.94	0.010649393
74.96	0.009866859
74.98	0.011105812
75	0.015042311
75.02	0.013427926
75.04	0.011365569
75.06	0.003723167
75.08	0.000204415
75.1	-0.001189866
75.12	-0.00380619
75.14	-0.002599149
75.16	-0.006443431
75.18	-0.005736256
75.2	-0.003294661
75.22	2.47238E-05
75.24	0.000655322
75.26	-0.00475251
75.28	0.000251252
75.3	-0.007749389
75.32	-0.001600968
75.34	-0.003911953
75.36	0.001640109
75.38	0.003602929
75.4	0.005810226
75.42	0.008813563
75.44	0.01358553
75.46	0.017557658
75.48	0.016431152
75.5	0.020397559
75.52	0.020507272
75.54	0.022421681
75.56	0.014453234
75.58	0.015642475
75.6	0.013844386
75.62	0.010789029
75.64	0.010827465
75.66	0.01117734
75.68	0.010170128
75.7	0.009958268
75.72	0.012872571
75.74	0.021142683
75.76	0.022359371
75.78	0.014630968
75.8	0.010350046
75.82	0.009309452
75.84	0.006559026
75.86	0.004093085
75.88	-0.002410617
75.9	-0.009717569
75.92	-0.010411539
75.94	-0.010878875
75.96	-0.009527497
75.98	-0.005822027
76	-0.004682153
76.02	-0.00874452
76.04	-0.008195408
76.06	-0.00661916
76.08	-0.000993957
76.1	0.00426957
76.12	0.009687175
76.14	0.017603129
76.16	0.024239869
76.18	0.0125264
76.2	0.006001142
76.22	-0.003773547
76.24	-0.005469714
76.26	-0.000646925
76.28	0.008241309
76.3	0.019849536
76.32	0.022465598
76.34	0.016386576
76.36	0.020908779
76.38	0.016463395
76.4	0.007558632
76.42	0.002422857
76.44	-0.004585268
76.46	-0.010613186
76.48	-0.016537103
76.5	-0.016272537
76.52	-0.020674328
76.54	-0.024045522
76.56	-0.021180676
76.58	-0.023194725
76.6	-0.028472913
76.62	-0.020779362
76.64	-0.017227206
76.66	-0.017683588
76.68	-0.013492595
76.7	-0.014006008
76.72	-0.011024626
76.74	-0.007922186
76.76	-0.00469884
76.78	-0.003673523
76.8	-0.000504078
76.82	0.003621786
76.84	0.006175076
76.86	0.008762338
76.88	0.008676429
76.9	0.008048124
76.92	0.025636009
76.94	0.015345184
76.96	0.015696539
76.98	0.017876515
77	0.014152345
77.02	0.008478002
77.04	0.003940317
77.06	0.001635135
77.08	0.000726466
77.1	-0.00292881
77.12	-0.001226092
77.14	-0.004112856
77.16	-0.008530456
77.18	-0.009420385
77.2	-0.010321131
77.22	-0.012371422
77.24	-0.015040977
77.26	-0.021650827
77.28	-0.023461771
77.3	-0.026988631
77.32	-0.026588907
77.34	-0.023193526
77.36	-0.02030631
77.38	-0.012622519
77.4	-0.007360068
77.42	-0.004641714
77.44	-0.006805695
77.46	-0.011919317
77.48	-0.013592291
77.5	-0.010602753
77.52	-0.005492351
77.54	0.003784369
77.56	0.011558712
77.58	0.013377626
77.6	0.007678536
77.62	0.006476486
77.64	0.001748274
77.66	-0.001145194
77.68	0.001297772
77.7	0.007732685
77.72	0.010534019
77.74	0.006975864
77.76	0.004091164
77.78	0.002662299
77.8	-0.006880609
77.82	-0.005954637
77.84	-0.009834763
77.86	-0.011998102
77.88	-0.014122808
77.9	-0.019049688
77.92	-0.023600506
77.94	-0.032380471
77.96	-0.037361993
77.98	-0.035608393
78	-0.033645372
78.02	-0.029052887
78.04	-0.028102615
78.06	-0.021654579
78.08	-0.014097396
78.1	-0.00463912
78.12	7.29899E-05
78.14	0.014606229
78.16	0.01684655
78.18	0.015083618
78.2	0.02163146
78.22	0.026438614
78.24	0.028110407
78.26	0.023332972
78.28	0.016803789
78.3	0.007698976
78.32	0.005790262
78.34	0.004294055
78.36	0.005566533
78.38	0.005955736
78.4	0.005306332
78.42	0.000995206
78.44	-0.001008187
78.46	-0.002138341
78.48	-0.002374263
78.5	-0.002961474
78.52	-0.003964211
78.54	-0.007543543
78.56	-0.012073686
78.58	-0.016068514
78.6	-0.018280354
78.62	-0.017512663
78.64	-0.020023436
78.66	-0.017407652
78.68	-0.015673131
78.7	-0.011915183
78.72	-0.006660124
78.74	0.001587437
78.76	0.00178705
78.78	0.006963284
78.8	0.007141555
78.82	0.014164154
78.84	0.016068411
78.86	0.012726538
78.88	0.013116941
78.9	0.001163236
78.92	-0.004194571
78.94	0.001026395
78.96	-0.000126936
78.98	0.002540737
79	0.003814096
79.02	-0.000808642
79.04	-0.008422604
79.06	-0.00506598
79.08	-0.000925678
79.1	-0.003576303
79.12	-0.001471313
79.14	-0.004768754
79.16	-0.011711175
79.18	-0.018066305
79.2	-0.019939314
79.22	-0.014528012
79.24	-0.008668193
79.26	-0.0026297
79.28	0.002991413
79.3	0.006245393
79.32	0.013146141
79.34	0.011793588
79.36	0.011406541
79.38	0.009858526
79.4	0.005685068
79.42	0.006500749
79.44	0.012815299
79.46	0.0108274
79.48	0.008969181
79.5	0.003235848
79.52	0.000225248
79.54	-0.001417416
79.56	-0.001640451
79.58	-0.000114022
79.6	0.006883314
79.62	0.006959123
79.64	0.014967645
79.66	0.020357064
79.68	0.020907359
79.7	0.018924628
79.72	0.02211104
79.74	0.014813371
79.76	0.007695914
79.78	0.002870163
79.8	-0.005067641
79.82	-0.003822537
79.84	-0.001544983
79.86	-0.004431721
79.88	-0.00068529
79.9	0.000702952
79.92	0.002936412
79.94	0.003869139
79.96	0.004569338
79.98	0.025351401
80	0.021217855
80.02	0.009637655
80.04	-0.002115812
80.06	0.005485905
80.08	0.002232476
80.1	0.004537347
80.12	0.003553849
80.14	0.001470854
80.16	0.002599027
80.18	0.017692694
80.2	0.007916644
80.22	0.009055528
80.24	0.007644075
80.26	0.004343549
80.28	0.001108035
80.3	0.005706636
80.32	0.01268911
80.34	0.009017475
80.36	0.004388355
80.38	-0.00112056
80.4	-0.010420819
80.42	-0.01251588
80.44	-0.01170186
80.46	-0.013691745
80.48	-0.015860254
80.5	-0.009917562
80.52	-0.003184113
80.54	0.001799467
80.56	0.008821259
80.58	0.005480347
80.6	-0.000390458
80.62	-0.002484581
80.64	-0.004832393
80.66	-0.000434312
80.68	0.009260153
80.7	0.014353362
80.72	0.020812934
80.74	0.019152648
80.76	0.019305248
80.78	0.014183716
80.8	0.012124198
80.82	0.004573891
80.84	2.97093E-05
80.86	0.003785683
80.88	0.010253955
80.9	0.003155986
80.92	-0.003856883
80.94	-0.009197962
80.96	-0.012264153
80.98	-0.01605866
81	-0.013979132
81.02	-0.019221273
81.04	-0.019833974
81.06	-0.019730088
81.08	-0.016389155
81.1	-0.010691698
81.12	-0.003826555
81.14	-0.002893007
81.16	-0.000873525
81.18	-0.00332491
81.2	-0.005244713
81.22	-0.003784726
81.24	-0.0051676
81.26	-0.00198457
81.28	0.009369565
81.3	0.013948224
81.32	0.009358923
81.34	0.006792893
81.36	0.003261441
81.38	0.003208024
81.4	0.003390673
81.42	0.001169929
81.44	-0.002558463
81.46	-0.004765927
81.48	-0.011956108
81.5	-0.010373665
81.52	-0.010384927
81.54	-0.014894317
81.56	-0.019603783
81.58	-0.018660561
81.6	-0.009072701
81.62	-0.00882268
81.64	-0.008216658
81.66	-0.008223353
81.68	-0.005935005
81.7	-0.006746774
81.72	-0.004337169
81.74	-0.001728407
81.76	-0.005719778
81.78	-0.000595631
81.8	-7.40278E-05
81.82	-0.001919435
81.84	-0.001363756
81.86	-0.007104123
81.88	-0.010518772
81.9	-0.013678081
81.92	-0.015303634
81.94	-0.009441089
81.96	-0.004551627
81.98	-0.000809551
82	-0.005431835
82.02	-0.009282606
82.04	-0.003821948
82.06	-0.003911309
82.08	-0.001809966
82.1	-7.71105E-06
82.12	0.007748667
82.14	0.006572162
82.16	0.008028357
82.18	0.008827579
82.2	0.0071782
82.22	0.001645355
82.24	0.002383139
82.26	0.00165038
82.28	0.006309818
82.3	0.003688851
82.32	0.006384805
82.34	0.00010359
82.36	0.000169262
82.38	-0.001652847
82.4	-0.00553118
82.42	-0.00913451
82.44	-0.011671739
82.46	-0.015680082
82.48	-0.023217855
82.5	-0.021091042
82.52	-0.019569991
82.54	-0.022248857
82.56	-0.020070118
82.58	-0.012746924
82.6	-0.008441579
82.62	-0.008203117
82.64	-0.004587912
82.66	-0.002433591
82.68	0.000493907
82.7	0.006422583
82.72	0.009165499
82.74	0.014855856
82.76	0.012620744
82.78	0.012467449
82.8	0.007880608
82.82	0.002044613
82.84	-0.000704421
82.86	-0.003122602
82.88	-0.007448779
82.9	-0.006178181
82.92	-0.006887932
82.94	-0.010172532
82.96	-0.010054105
82.98	-0.005214313
83	0.00239612
83.02	0.006155206
83.04	0.009538715
83.06	0.007268246
83.08	0.002800077
83.1	-0.001384996
83.12	-0.007321337
83.14	-0.009908245
83.16	-0.012089806
83.18	-0.014360429
83.2	-0.010637767
83.22	-0.007245313
83.24	0.000278585
83.26	0.005175203
83.28	0.006252134
83.3	0.004156102
83.32	0.005186086
83.34	0.00978536
83.36	0.012666779
83.38	0.013257627
83.4	0.011194639
83.42	0.007555456
83.44	0.006034036
83.46	0.002110086
83.48	-0.00060067
83.5	-0.004454658
83.52	-0.008188681
83.54	-0.00506175
83.56	-0.001183945
83.58	0.010362432
83.6	0.015429847
83.62	0.015202517
83.64	0.016102696
83.66	0.02273923
83.68	0.028809514
83.7	0.027893974
83.72	0.027441731
83.74	0.020295817
83.76	0.012275547
83.78	0.003249002
83.8	-0.002102932
83.82	-0.008995168
83.84	-0.011322569
83.86	-0.010530241
83.88	-0.011398251
83.9	-0.012216653
83.92	-0.012388162
83.94	-0.006300366
83.96	-0.003454444
83.98	-0.002330622
84	0.006351363
84.02	0.009118059
84.04	0.008133183
84.06	0.008295705
84.08	0.006616215
84.1	0.005256593
84.12	0.010368874
84.14	0.012260537
84.16	0.013707856
84.18	0.015788793
84.2	0.02239712
84.22	0.017727896
84.24	0.017516989
84.26	0.017888734
84.28	0.019158543
84.3	0.016392856
84.32	0.015486332
84.34	0.008735348
84.36	0.002505638
84.38	-0.005647875
84.4	-0.003232729
84.42	-0.005541433
84.44	-0.004042121
84.46	0.00230639
84.48	0.002854205
84.5	0.002583309
84.52	-0.003449341
84.54	-0.004292583
84.56	-0.012216155
84.58	-0.013930594
84.6	-0.017335247
84.62	-0.02062839
84.64	-0.018016011
84.66	-0.014383725
84.68	-0.004347942
84.7	0.005207686
84.72	0.013232091
84.74	0.010554301
84.76	0.015561215
84.78	0.010550872
84.8	0.013546924
84.82	0.013184261
84.84	0.01289518
84.86	0.012893476
84.88	0.01283343
84.9	0.008432069
84.92	0.002998016
84.94	-0.011963372
84.96	-0.009890347
84.98	-0.012546338
85	-0.014722775
85.02	-0.009173211
85.04	-0.004866141
85.06	-0.002195867
85.08	-8.71741E-05
85.1	0.002948705
85.12	0.004433887
85.14	0.001333613
85.16	-0.001222384
85.18	-0.002646093
85.2	-0.005310693
85.22	-0.010634387
85.24	-0.001180684
85.26	0.00128614
85.28	-0.010021779
85.3	-0.018199627
85.32	-0.01884573
85.34	-0.017907285
85.36	-0.01632628
85.38	-0.020597447
85.4	-0.016387978
85.42	-0.01200296
85.44	-0.00498741
85.46	0.002180085
85.48	-0.00114335
85.5	-0.000316229
85.52	0.004174758
85.54	0.007946844
85.56	0.006614047
85.58	0.008055849
85.6	-0.001186357
85.62	-0.011062771
85.64	-0.004696736
85.66	-0.009215547
85.68	-0.008628931
85.7	-0.006628054
85.72	-0.005811317
85.74	0.000238291
85.76	0.00182307
85.78	0.000755235
85.8	0.005286592
85.82	-0.011536098
85.84	-0.011251418
85.86	-0.012613613
85.88	-0.01581984
85.9	-0.017836973
85.92	-0.016556866
85.94	-0.019104071
85.96	-0.017744408
85.98	-0.017017238
86	-0.018555375
86.02	-0.015740407
86.04	-0.006548269
86.06	-0.001340077
86.08	0.003629998
86.1	0.007815329
86.12	0.008131002
86.14	0.00596799
86.16	0.00773388
86.18	0.003678194
86.2	-0.002022274
86.22	-0.006801859
86.24	-0.006716628
86.26	-0.005086868
86.28	-0.003075262
86.3	0.003259187
86.32	0.003659692
86.34	-0.001609771
86.36	-0.008403052
86.38	-0.017342712
86.4	-0.023814553
86.42	-0.025669155
86.44	-0.024261988
86.46	-0.017309145
86.48	-0.012971482
86.5	-0.010547256
86.52	-0.009707594
86.54	-0.004671442
86.56	-0.004859795
86.58	-0.004573026
86.6	-0.004088139
86.62	0.00310828
86.64	0.008787911
86.66	0.010147171
86.68	0.012479235
86.7	0.012382316
86.72	0.005215693
86.74	0.004395901
86.76	0.002975482
86.78	-0.000228971
86.8	-0.001017195
86.82	-1.19009E-05
86.84	-0.001533921
86.86	-0.002076423
86.88	-0.005351369
86.9	-0.0146404
86.92	-0.017019997
86.94	-0.018724089
86.96	-0.008735255
86.98	-0.00445978
87	0.005766239
87.02	0.005921958
87.04	0.001839788
87.06	-0.000179521
87.08	-0.000855153
87.1	-0.000889101
87.12	-0.004247733
87.14	0.000979552
87.16	0.004822073
87.18	0.008927236
87.2	0.011584934
87.22	0.021958312
87.24	0.018574054
87.26	0.018979372
87.28	0.015907027
87.3	0.01314257
87.32	0.009943473
87.34	0.003800658
87.36	0.004776495
87.38	0.001975505
87.4	0.001338218
87.42	-0.006489942
87.44	-0.001231886
87.46	-0.004755946
87.48	0.000810048
87.5	0.001292446
87.52	0.004717639
87.54	0.008279946
87.56	0.00901044
87.58	0.008017653
87.6	0.011052745
87.62	0.009414036
87.64	0.006554422
87.66	0.005301403
87.68	0.004143225
87.7	0.010950107
87.72	0.011785014
87.74	0.014955582
87.76	0.013980549
87.78	0.014580089
87.8	0.011028795
87.82	0.007780555
87.84	0.002657289
87.86	-0.001308793
87.88	-0.009731553
87.9	-0.001837956
87.92	0.004941969
87.94	0.004784384
87.96	0.012529078
87.98	0.014522731
88	0.01493806
88.02	0.015037873
88.04	0.01509676
88.06	0.012669028
88.08	0.018340848
88.1	0.020798899
88.12	0.024998744
88.14	0.020097128
88.16	0.01939185
88.18	0.014463223
88.2	0.013154047
88.22	0.016086894
88.24	0.022452422
88.26	0.023626269
88.28	0.024764229
88.3	0.022327309
88.32	0.017921933
88.34	0.009343066
88.36	0.000609128
88.38	0.001172278
88.4	-0.003766522
88.42	-0.000801637
88.44	0.003277962
88.46	-0.001577593
88.48	-0.000232717
88.5	-0.000739863
88.52	0.001835282
88.54	0.008727514
88.56	0.011770689
88.58	0.013378769
88.6	0.015168347
88.62	0.015678083
88.64	0.016670001
88.66	0.014782195
88.68	0.018223665
88.7	0.015121052
88.72	0.012537888
88.74	0.010473644
88.76	0.007084818
88.78	0.005652958
88.8	0.003690627
88.82	0.004575599
88.84	0.005583361
88.86	0.000584914
88.88	0.002439781
88.9	-0.00057744
88.92	-0.008110822
88.94	-0.008084339
88.96	-0.010375602
88.98	-0.01086243
89	-0.010327589
89.02	-0.002899753
89.04	-0.001788528
89.06	-0.00526127
89.08	-0.00174678
89.1	-0.001724932
89.12	-0.000607121
89.14	0.002223572
89.16	0.00058772
89.18	-0.002548426
89.2	-0.002924159
89.22	-0.001795083
89.24	0.001351844
89.26	0.003657748
89.28	0.003907353
89.3	-0.000108363
89.32	0.001442878
89.34	0.004901026
89.36	0.011866463
89.38	0.014924071
89.4	0.016349215
89.42	0.016828524
89.44	0.009439907
89.46	0.009234953
89.48	0.008271992
89.5	0.004857137
89.52	-0.005945122
89.54	0.002057383
89.56	-0.001820631
89.58	-0.005564513
89.6	-0.005377904
89.62	-0.000718023
89.64	0.006124815
89.66	0.0068098
89.68	0.007878985
89.7	0.014423495
89.72	0.00084345
89.74	-0.001948615
89.76	-0.009797147
89.78	-0.015389456
89.8	-0.016828761
89.82	-0.01401
89.84	-0.017273666
89.86	-0.021397656
89.88	-0.0200987
89.9	-0.015460874
89.92	-0.010964376
89.94	-0.002128503
89.96	0.004117804
89.98	0.005691236
90	0.00374193
90.02	0.004807702
90.04	0.005639873
90.06	0.004939447
90.08	0.007921063
90.1	0.009128943
90.12	0.009387499
90.14	0.00630919
90.16	0.002253387
90.18	0.000326239
90.2	-0.003259868
90.22	-0.005864494
90.24	-0.011714932
90.26	-0.003056062
90.28	-0.00555296
90.3	-0.007237233
90.32	-0.006773272
90.34	-0.012183099
90.36	-0.016151336
90.38	-0.02194801
90.4	-0.017991877
90.42	-0.018456822
90.44	-0.020579512
90.46	-0.023402045
90.48	-0.027067876
90.5	-0.023013624
90.52	-0.017005375
90.54	-0.01558996
90.56	-0.009946343
90.58	-0.009270825
90.6	-0.002475643
90.62	0.002298149
90.64	0.003933342
90.66	0.012838472
90.68	0.013436997
90.7	0.005818903
90.72	0.002388769
90.74	0.000644174
90.76	-0.000211956
90.78	-0.001733871
90.8	-0.00066545
90.82	-0.006465838
90.84	-0.007883352
90.86	-0.011067696
90.88	-0.010259276
90.9	-0.008442471
90.92	-0.012692559
90.94	-0.012348215
90.96	-0.014399417
90.98	-0.016789054
91	-0.014389831
91.02	-0.018277272
91.04	-0.013437726
91.06	-0.010073049
91.08	-0.008811433
91.1	-0.011121496
91.12	-0.012997248
91.14	-0.01585847
91.16	-0.016806643
91.18	-0.013801152
91.2	-0.006947778
91.22	-0.008729604
91.24	-0.007393563
91.26	-0.00904397
91.28	-0.00729508
91.3	-0.006459139
91.32	0.005331731
91.34	-0.001456689
91.36	-0.004754942
91.38	1.11647E-05
91.4	0.005482766
91.42	0.004663699
91.44	0.005711917
91.46	-0.000546362
91.48	-0.001315305
91.5	-0.005922048
91.52	-0.001731924
91.54	-0.001563458
91.56	0.000173224
91.58	0.000130199
91.6	-0.003593068
91.62	-0.006305372
91.64	-0.005742241
91.66	-0.008069271
91.68	-0.006738658
91.7	-0.004378043
91.72	-0.001780215
91.74	-0.001727717
91.76	-0.004146178
91.78	-0.009581004
91.8	-0.012689555
91.82	-0.016813878
91.84	-0.015967285
91.86	-0.013515314
91.88	-0.010662955
91.9	-0.010298732
91.92	-0.006740481
91.94	-0.005737418
91.96	-0.00248609
91.98	-0.001341741
92	0.00544681
92.02	0.010199656
92.04	0.013847745
92.06	0.015294642
92.08	0.013015213
92.1	0.010053688
92.12	0.010205869
92.14	0.010362922
92.16	0.009371632
92.18	0.002984356
92.2	-0.001264082
92.22	-0.003470234
92.24	-0.006847113
92.26	-0.006738188
92.28	-0.001841015
92.3	0.000184382
92.32	0.001209786
92.34	-0.002131687
92.36	-0.005795081
92.38	-0.001990306
92.4	-0.004532094
92.42	-0.002262969
92.44	-0.000927619
92.46	0.001742029
92.48	0.003913321
92.5	0.004375781
92.52	0.005334695
92.54	0.004194893
92.56	0.000128469
92.58	0.001393429
92.6	0.001023606
92.62	0.004217811
92.64	0.006439017
92.66	0.007537953
92.68	0.012297686
92.7	0.007806542
92.72	0.003970654
92.74	-0.001119744
92.76	-0.000424146
92.78	-0.002103187
92.8	-0.003997323
92.82	-0.005024729
92.84	-0.009344908
92.86	-0.016650999
92.88	-0.019676882
92.9	-0.019136209
92.92	-0.012969874
92.94	-0.011992449
92.96	-0.010228508
92.98	-0.008659596
93	-0.005218651
93.02	-0.002131968
93.04	0.002007443
93.06	0.006828428
93.08	0.011385878
93.1	0.009422851
93.12	0.011101565
93.14	0.010968746
93.16	0.007979294
93.18	0.005525107
93.2	0.002613319
93.22	0.000612249
93.24	0.00177447
93.26	0.001651567
93.28	0.002282155
93.3	0.001209224
93.32	-0.004434186
93.34	-0.004527578
93.36	-0.003058864
93.38	-0.002137635
93.4	-0.002712128
93.42	-0.004410969
93.44	-0.000769396
93.46	0.001453809
93.48	0.005379187
93.5	0.007549093
93.52	0.007418647
93.54	0.008321275
93.56	0.009902453
93.58	0.011159131
93.6	0.011689392
93.62	0.010649984
93.64	0.008076069
93.66	0.005180271
93.68	0.006057837
93.7	0.00594938
93.72	0.012547838
93.74	0.012817325
93.76	0.011880362
93.78	0.00596311
93.8	0.004857718
93.82	0.002178159
93.84	0.00039869
93.86	-0.000158555
93.88	-0.000385794
93.9	-0.003934752
93.92	-0.006631543
93.94	-0.00513119
93.96	-0.006620914
93.98	-0.007676115
94	-0.004400278
94.02	-0.003795432
94.04	-0.002585885
94.06	-0.001252624
94.08	-0.000915701
94.1	-0.000673205
94.12	-0.001733157
94.14	-0.00487262
94.16	-0.007134387
94.18	-0.007165991
94.2	-0.003722348
94.22	-0.007902825
94.24	-0.005645419
94.26	-0.008467017
94.28	-0.012029246
94.3	-0.013126809
94.32	-0.009036442
94.34	-0.007407046
94.36	-0.004121439
94.38	-0.004588788
94.4	-0.006875883
94.42	-0.007649661
94.44	-0.006319262
94.46	-0.004842786
94.48	-0.001391599
94.5	0.000204337
94.52	0.000288137
94.54	0.001350045
94.56	0.000533086
94.58	0.001777699
94.6	0.002992792
94.62	0.001979797
94.64	0.002108098
94.66	0.003138297
94.68	0.002101043
94.7	0.000459479
94.72	-0.000179888
94.74	-0.001252155
94.76	-0.000667503
94.78	-0.000265937
94.8	0.00295255
94.82	0.00246139
94.84	-0.001226566
94.86	0.004453256
94.88	0.003084585
94.9	-0.000986355
94.92	-0.001235263
94.94	-0.002368039
94.96	-0.001047208
94.98	0.00096282
95	0.000985406
95.02	0.003250078
95.04	-0.000226502
95.06	-0.008355319
95.08	-0.010448747
95.1	-0.010353479
95.12	-0.008681908
95.14	-0.006493788
95.16	-0.001986104
95.18	0.000851411
95.2	0.003997442
95.22	0.004389383
95.24	0.008359138
95.26	0.010548256
95.28	0.008867044
95.3	0.008376819
95.32	0.008842832
95.34	0.006314644
95.36	0.004000043
95.38	-0.000902493
95.4	-0.003162629
95.42	-0.007031902
95.44	-0.008687996
95.46	-0.008888785
95.48	-0.005884312
95.5	-0.004785024
95.52	-0.002456543
95.54	0.000302682
95.56	0.003805747
95.58	0.006447774
95.6	0.007752887
95.62	0.005692044
95.64	-0.00068321
95.66	-0.006327725
95.68	-0.008763877
95.7	-0.009598282
95.72	-0.00500887
95.74	-0.000942651
95.76	0.000584516
95.78	-0.003313069
95.8	-0.000240423
95.82	0.000266716
95.84	0.004516053
95.86	0.012038443
95.88	0.011611614
95.9	0.017272262
95.92	0.016838994
95.94	0.016532982
95.96	0.016144735
95.98	0.014051526
96	0.008775154
96.02	0.007515669
96.04	0.007820057
96.06	0.012477102
96.08	0.016287289
96.1	0.013068431
96.12	0.012756098
96.14	0.007690737
96.16	0.003174066
96.18	0.001919409
96.2	0.002619638
96.22	0.005004365
96.24	0.008791464
96.26	0.012288738
96.28	0.014496807
96.3	0.011630444
96.32	0.008786415
96.34	0.003918631
96.36	0.002119893
96.38	0.001620193
96.4	0.00279913
96.42	0.005132912
96.44	0.004912364
96.46	2.66447E-05
96.48	-0.001043032
96.5	-0.003434746
96.52	-0.004401878
96.54	-0.003641565
96.56	-9.89636E-05
96.58	0.011734133
96.6	0.002585639
96.62	0.004720007
96.64	0.014418486
96.66	0.015798771
96.68	0.015642194
96.7	0.015658647
96.72	0.014113662
96.74	0.012998728
96.76	0.007490747
96.78	0.003680928
96.8	7.54294E-05
96.82	0.005477291
96.84	0.002065893
96.86	0.002644113
96.88	0.004245057
96.9	-0.004129486
96.92	-0.003000696
96.94	-0.001955497
96.96	0.001415443
96.98	0.004055004
97	0.000438428
97.02	-0.005779188
97.04	-0.008832112
97.06	-0.006008704
97.08	-0.004408124
97.1	-0.007055839
97.12	-0.010484439
97.14	-0.010911174
97.16	-0.005025236
97.18	0.001325971
97.2	0.008025027
97.22	0.012628926
97.24	0.010255023
97.26	0.012157414
97.28	0.013801626
97.3	0.015351519
97.32	0.016358203
97.34	0.017719984
97.36	0.018974257
97.38	0.017890387
97.4	0.014356259
97.42	0.010100058
97.44	0.00938553
97.46	0.008979216
97.48	0.015636341
97.5	0.018199157
97.52	0.014682975
97.54	0.008278521
97.56	0.003202097
97.58	-0.006834374
97.6	-0.007229703
97.62	-0.010416137
97.64	-0.006137523
97.66	-0.004406464
97.68	0.00324838
97.7	0.005119097
97.72	0.008781896
97.74	0.004621965
97.76	0.000818267
97.78	-0.002409067
97.8	-0.001632216
97.82	-0.003186401
97.84	-0.001359277
97.86	-0.001029304
97.88	-0.002189969
97.9	-0.000483942
97.92	0.005698927
97.94	0.010529549
97.96	0.004486542
97.98	0.00537511
98	0.005497312
98.02	0.005052252
98.04	0.005470052
98.06	0.004922384
98.08	0.006995863
98.1	0.006252236
98.12	0.00065646
98.14	-0.004189937
98.16	-0.011773205
98.18	-0.013852382
98.2	-0.016516498
98.22	-0.013196093
98.24	-0.009460062
98.26	-0.008357944
98.28	-0.009645821
98.3	-0.014362427
98.32	-0.005328078
98.34	-0.002050892
98.36	0.005008634
98.38	0.001250714
98.4	-0.005466428
98.42	-0.009992711
98.44	-0.011998268
98.46	-0.012323721
98.48	-0.012884166
98.5	-0.013583346
98.52	-0.013650805
98.54	-0.010167622
98.56	-0.00823508
98.58	-0.001601888
98.6	0.003832467
98.62	0.003992635
98.64	0.003490343
98.66	0.006831784
98.68	0.007987658
98.7	0.008967327
98.72	0.008762466
98.74	0.007156215
98.76	0.006494608
98.78	0.001864964
98.8	-0.000949268
98.82	-0.002670773
98.84	-0.010243593
98.86	-0.015739984
98.88	-0.015662093
98.9	-0.01225243
98.92	-0.00542688
98.94	-0.000979827
98.96	-0.004989221
98.98	-0.004142116
99	-0.007157952
99.02	-0.010698954
99.04	-0.010722895
99.06	-0.009394746
99.08	-0.005059769
99.1	-0.009394346
99.12	-0.008262452
99.14	-0.007143304
99.16	-0.002008619
99.18	-0.001960935
99.2	-0.002742248
99.22	-0.003942208
99.24	-0.006672718
99.26	-0.007859383
99.28	-0.00950269
99.3	-0.001620504
99.32	0.003461715
99.34	0.007225176
99.36	0.010250007
99.38	0.000807215
99.4	-0.001189751
99.42	-0.004713428
99.44	-0.007204831
99.46	-0.009825552
99.48	-0.007129292
99.5	-0.010620524
99.52	-0.008894062
99.54	-0.008554733
99.56	-0.006825551
99.58	-0.003215727
99.6	-0.006052864
99.62	-0.011013695
99.64	-0.006725097
99.66	-0.001511721
99.68	0.007107545
99.7	0.008619754
99.72	0.007854746
99.74	0.007439189
99.76	0.00686654
99.78	0.005976688
99.8	0.004036114
99.82	0.003698075
99.84	0.000750077
99.86	-0.003312447
99.88	-0.004234825
99.9	-0.004680476
99.92	-0.004846896
99.94	-0.009306752
99.96	-0.005220207
99.98	-0.004147964
100	-0.003710147
100.02	-0.005830098
100.04	-0.005610543
100.06	-0.00810412
100.08	-0.01159654
100.1	-0.008743355
100.12	-0.004677557
100.14	-0.000674062
100.16	-0.000300133
100.18	0.002052903
100.2	0.001811987
100.22	0.000696809
100.24	0.000862093
100.26	0.000167789
100.28	-0.003170892
100.3	-0.0037188
100.32	-0.003491647
100.34	0.001248201
100.36	0.001891932
100.38	-0.000699149
100.4	-0.002573734
100.42	-0.007393232
100.44	-0.007571895
100.46	-0.008571983
100.48	-0.006926383
100.5	-0.007896065
100.52	-0.012563863
100.54	-0.014586103
100.56	-0.011920829
100.58	-0.008442237
100.6	-0.005513484
100.62	-0.0009268
100.64	-0.000647201
100.66	0.003165576
100.68	0.005590073
100.7	0.004368558
100.72	0.006361849
100.74	0.004984057
100.76	0.003794463
100.78	0.00350929
100.8	0.002938124
100.82	0.003650466
100.84	-0.001493358
100.86	-0.00416077
100.88	-0.00811094
100.9	-0.014911179
100.92	-0.018525955
100.94	-0.019754384
100.96	-0.018174287
100.98	-0.016882703
101	-0.016703513
101.02	-0.005989002
101.04	-0.005407694
101.06	0.000437103
101.08	0.004332266
101.1	0.008080971
101.12	0.009118731
101.14	0.008904322
101.16	0.005747738
101.18	0.003330308
101.2	0.001144248
101.22	0.00349377
101.24	0.006009443
101.26	0.009240051
101.28	0.013099372
101.3	0.015865662
101.32	0.011989913
101.34	0.00966377
101.36	0.00648343
101.38	0.007738435
101.4	0.007572888
101.42	0.006548075
101.44	0.00488199
101.46	0.000709919
101.48	-0.002491687
101.5	-0.004404252
101.52	-0.008519306
101.54	-0.01120818
101.56	-0.014053458
101.58	-0.009499818
101.6	-0.002254883
101.62	0.004230196
101.64	0.00926332
101.66	0.011138889
101.68	0.013071571
101.7	0.014980951
101.72	0.017315416
101.74	0.016540967
101.76	0.014747464
101.78	0.011895528
101.8	0.008680233
101.82	0.004024808
101.84	0.004249727
101.86	0.003651561
101.88	0.003668546
101.9	-0.000260221
101.92	0.000371603
101.94	-0.001292891
101.96	-0.003651929
101.98	-0.002552115
102	-0.005377767
102.02	-0.009575351
102.04	-0.008908386
102.06	-0.008825097
102.08	-0.004630966
102.1	-0.004849882
102.12	-0.006022291
102.14	-0.004730427
102.16	-0.004164347
102.18	-0.004648664
102.2	-0.001735599
102.22	-0.005397946
102.24	-0.00888781
102.26	-0.012443477
102.28	-0.010844268
102.3	-0.005660744
102.32	-0.004983379
102.34	-0.006488739
102.36	-0.00559422
102.38	-0.007642935
102.4	-0.007396549
102.42	-0.008250063
102.44	-0.00763867
102.46	-0.006253737
102.48	-0.006956294
102.5	-0.002693672
102.52	0.003485497
102.54	0.005392647
102.56	0.004130674
102.58	0.003689681
102.6	0.006030442
102.62	0.007413569
102.64	0.009197549
102.66	0.010659652
102.68	0.014882817
102.7	0.016344067
102.72	0.016650396
102.74	0.012693294
102.76	0.009684153
102.78	0.002489121
102.8	-0.003238031
102.82	-0.004748021
102.84	-0.005386233
102.86	-0.003617989
102.88	-0.000599871
102.9	0.000633159
102.92	-0.000781518
102.94	-0.001025957
102.96	-0.004834957
102.98	-0.00636287
103	-0.008604758
103.02	-0.009168396
103.04	-0.006389266
103.06	-0.002354525
103.08	0.002185523
103.1	0.006152134
103.12	0.011137453
103.14	0.008236289
103.16	0.009619237
103.18	0.007718928
103.2	0.005352067
103.22	0.004398887
103.24	0.010757742
103.26	0.007077654
103.28	0.013539621
103.3	0.003696486
103.32	0.006078876
103.34	0.003879846
103.36	-0.001600235
103.38	-0.004732136
103.4	-0.009383022
103.42	-0.015159964
103.44	-0.016326432
103.46	-0.009373913
103.48	-0.01097526
103.5	-0.006268991
103.52	-0.009263301
103.54	-0.01472606
103.56	-0.011414402
103.58	-0.006476058
103.6	-0.004643468
103.62	-0.007625195
103.64	-0.008174866
103.66	-0.007959756
103.68	-0.0088507
103.7	-0.006244668
103.72	-0.005589739
103.74	-0.001285385
103.76	0.002341848
103.78	0.011139668
103.8	0.010609861
103.82	0.007323285
103.84	0.004890791
103.86	0.002670275
103.88	0.004047149
103.9	0.007701759
103.92	0.012191319
103.94	0.014316449
103.96	0.009167751
103.98	0.005896118
104	0.006709677
104.02	0.002331629
104.04	0.000573167
104.06	-0.003514409
104.08	-0.004934851
104.1	-0.009545114
104.12	0.00061719
104.14	0.003596687
104.16	0.001000335
104.18	-0.000102376
104.2	-0.00301427
104.22	-0.006455929
104.24	-0.010471356
104.26	-0.012851072
104.28	-0.008852301
104.3	-0.016228818
104.32	-0.011778024
104.34	-0.010150935
104.36	-0.010229393
104.38	-0.008038206
104.4	-0.009463155
104.42	-0.009152971
104.44	-0.007038018
104.46	0.007065664
104.48	0.007489775
104.5	0.00835647
104.52	0.004089098
104.54	0.007664171
104.56	0.007486053
104.58	0.010387652
104.6	0.0063751
104.62	0.003519627
104.64	-0.00454878
104.66	-0.001784638
104.68	-0.001324693
104.7	0.000285153
104.72	-0.003638118
104.74	-0.004324022
104.76	-0.006727623
104.78	-0.007956583
104.8	-0.007649632
104.82	-0.006621247
104.84	-0.008409654
104.86	-0.008702444
104.88	-0.009519085
104.9	-0.008781036
104.92	-0.011693862
104.94	-0.016474003
104.96	-0.011109856
104.98	-0.004185811
105	0.002443178
105.02	0.007666957
105.04	0.01178906
105.06	0.013085873
105.08	0.014433081
105.1	0.016580691
105.12	0.016436378
105.14	0.016872503
105.16	0.011012933
105.18	0.011289863
105.2	0.010634973
105.22	0.011002721
105.24	0.009271643
105.26	0.005227745
105.28	0.00231986
105.3	0.000433821
105.32	-0.002965032
105.34	-0.001942264
105.36	0.001849671
105.38	0.004646867
105.4	0.005495083
105.42	0.004504372
105.44	0.001291719
105.46	-0.001569496
105.48	-0.004408126
105.5	-0.00438243
105.52	0.002251407
105.54	0.007978222
105.56	0.014129208
105.58	0.018709165
105.6	0.020767762
105.62	0.020356043
105.64	0.021230019
105.66	0.022848878
105.68	0.019353866
105.7	0.024123557
105.72	0.015252033
105.74	0.013637559
105.76	0.006316855
105.78	-0.00564111
105.8	-0.007895771
105.82	-0.003445559
105.84	-0.008607624
105.86	-0.013616647
105.88	-0.011801111
105.9	-0.011586373
105.92	-0.001646343
105.94	0.002791739
105.96	0.00588671
105.98	0.011281645
106	0.010183242
106.02	0.005596234
106.04	0.006075449
106.06	0.005880584
106.08	0.007674873
106.1	0.006464803
106.12	0.00807154
106.14	0.008025603
106.16	0.00981728
106.18	0.008921979
106.2	0.009845131
106.22	0.00897207
106.24	0.00826988
106.26	0.008532223
106.28	0.005781424
106.3	0.001204117
106.32	-0.000800777
106.34	-0.004884186
106.36	-0.010384409
106.38	-0.009665688
106.4	-0.010013824
106.42	-0.008774219
106.44	-0.005388906
106.46	-0.004667674
106.48	-0.002455668
106.5	-0.003094676
106.52	-0.002072314
106.54	0.003086706
106.56	0.003174944
106.58	-0.002257318
106.6	-0.002399434
106.62	0.000149289
106.64	0.002896037
106.66	0.005707977
106.68	0.014912342
106.7	0.012168276
106.72	0.003854648
106.74	0.003902365
106.76	0.004771569
106.78	-0.00218474
106.8	0.000936727
106.82	0.005502798
106.84	0.002649077
106.86	-0.000625578
106.88	-0.005926309
106.9	-0.008456297
106.92	-0.007749566
106.94	-0.004055281
106.96	-0.004052422
106.98	-0.00396515
107	-0.002724263
107.02	-0.000905483
107.04	0.004007607
107.06	0.010279866
107.08	0.01152061
107.1	0.014243439
107.12	0.011968686
107.14	0.009402848
107.16	0.006940344
107.18	0.004647536
107.2	-0.000613055
107.22	-0.003462291
107.24	-0.002582829
107.26	-0.004454141
107.28	-0.001976536
107.3	-0.00301285
107.32	-0.005493393
107.34	-0.00864497
107.36	-0.005829391
107.38	-0.004225196
107.4	-0.005286297
107.42	-0.006319164
107.44	-0.006256771
107.46	-0.006737524
107.48	-0.001006641
107.5	0.001872546
107.52	0.004613327
107.54	0.00447421
107.56	0.004130059
107.58	-0.006148343
107.6	-0.005746548
107.62	-0.002212315
107.64	0.000821251
107.66	0.000954261
107.68	0.002031554
107.7	0.001692233
107.72	0.002144791
107.74	8.04858E-05
107.76	0.002104233
107.78	-0.002331052
107.8	-0.002630121
107.82	-0.0039543
107.84	-0.004755429
107.86	-0.005275772
107.88	-0.003654073
107.9	-0.004653086
107.92	-0.006451726
107.94	-0.014326041
107.96	-0.008471694
107.98	-0.0116222
108	-0.009044949
108.02	-0.009281536
108.04	-0.004226586
108.06	0.000399952
108.08	0.004865424
108.1	0.005614685
108.12	0.007357107
108.14	4.14154E-05
108.16	-0.005271913
108.18	-0.009035128
108.2	-0.012853959
108.22	-0.015089804
108.24	-0.01554273
108.26	-0.016872558
108.28	-0.013747096
108.3	-0.010311973
108.32	-0.007541107
108.34	-0.007501357
108.36	-0.007336537
108.38	-0.006181452
108.4	-0.005760642
108.42	-0.00282881
108.44	0.00074406
108.46	-0.00148103
108.48	-0.001538673
108.5	-0.003009454
108.52	-0.005404229
108.54	-0.00834519
108.56	-0.006200705
108.58	0.000723502
108.6	0.002416235
108.62	0.006292826
108.64	0.008529908
108.66	0.00700804
108.68	0.006542881
108.7	0.006228272
108.72	0.005637665
108.74	-0.00171416
108.76	-0.006200965
108.78	-0.008056228
108.8	-0.009319215
108.82	-0.008653247
108.84	-0.009945177
108.86	-0.010406588
108.88	-0.013691116
108.9	-0.010383183
108.92	-0.007675262
108.94	-0.004133731
108.96	0.000403227
108.98	0.009047692
109	0.008638912
109.02	0.010931269
109.04	0.013002819
109.06	0.020402997
109.08	0.015902057
109.1	0.015996207
109.12	0.013613021
109.14	0.012134951
109.16	0.009857828
109.18	0.00839101
109.2	0.007282925
109.22	0.002272502
109.24	0.00260989
109.26	-0.000745132
109.28	0.001036073
109.3	-0.002714562
109.32	-0.003009846
109.34	-0.001911951
109.36	-0.002827404
109.38	-0.004851059
109.4	-0.002232389
109.42	0.000236672
109.44	0.002636831
109.46	0.0027902
109.48	0.00136615
109.5	-0.000338584
109.52	0.002519418
109.54	0.001471051
109.56	0.004268619
109.58	0.002324785
109.6	0.000179677
109.62	0.000119009
109.64	0.003123101
109.66	0.008436634
109.68	0.01009327
109.7	0.011362635
109.72	0.011452608
109.74	0.009313066
109.76	0.008148048
109.78	0.009678203
109.8	0.004354166
109.82	-0.002910522
109.84	-0.006307651
109.86	-0.006396952
109.88	-0.003676868
109.9	0.004175264
109.92	0.009640949
109.94	0.012243971
109.96	0.005719513
109.98	0.006338248
110	0.004323869
110.02	0.005617857
110.04	0.006820983
110.06	0.006731032
110.08	0.000814202
110.1	-0.003839269
110.12	-0.007250493
110.14	-0.008439876
110.16	-0.010099797
110.18	-0.011375347
110.2	-0.013044871
110.22	-0.008982945
110.24	-0.005002882
110.26	-0.000948704
110.28	-0.001851128
110.3	-0.003619285
110.32	-0.008809249
110.34	-0.009984034
110.36	-0.007992652
110.38	-0.005579796
110.4	-0.00129336
110.42	0.000342301
110.44	0.002861486
110.46	0.002562143
110.48	0.007111876
110.5	0.006157912
110.52	0.007479981
110.54	0.00880534
110.56	0.010313146
110.58	0.01029802
110.6	0.012331949
110.62	0.010554534
110.64	0.008819896
110.66	0.003925866
110.68	0.001233516
110.7	-0.001784295
110.72	-0.007010559
110.74	-0.005035168
110.76	-0.008366337
110.78	-0.009154248
110.8	-0.013769786
110.82	-0.011396409
110.84	-0.009907593
110.86	-0.005684469
110.88	-0.000114079
110.9	0.001282484
110.92	0.001580969
110.94	0.000296887
110.96	0.001809121
110.98	0.012145103
111	0.008369231
111.02	0.008863193
111.04	0.007548378
111.06	0.005501821
111.08	0.007399004
111.1	0.010869924
111.12	0.015075511
111.14	0.012987051
111.16	0.00738209
111.18	0.008076499
111.2	0.006367357
111.22	0.005018742
111.24	0.000117673
111.26	-0.006125245
111.28	-0.008714734
111.3	-0.009407623
111.32	-0.004710775
111.34	-0.002731584
111.36	-0.004493364
111.38	-0.011449074
111.4	-0.00865438
111.42	-0.007480526
111.44	-0.007130225
111.46	-0.007686406
111.48	-0.005502642
111.5	-0.00413452
111.52	-0.002846984
111.54	-0.003020075
111.56	-0.00014678
111.58	-0.00380442
111.6	-0.007033692
111.62	-0.008333452
111.64	-0.006580962
111.66	-0.005227388
111.68	-0.004379703
111.7	-0.005748203
111.72	-0.006346193
111.74	-0.008830249
111.76	-0.011307664
111.78	-0.01298877
111.8	-0.012274483
111.82	-0.013122891
111.84	-0.01105498
111.86	-0.010257224
111.88	-0.007734574
111.9	-0.007406692
111.92	-0.006939091
111.94	-0.005011824
111.96	-0.004017016
111.98	-0.002300717
112	-0.002978132
112.02	-0.003289388
112.04	-0.003252391
112.06	-0.001293058
112.08	-0.000668809
112.1	-0.001888153
112.12	-0.003079658
112.14	-0.00396117
112.16	-0.004310181
112.18	-0.003412744
112.2	-0.001512919
112.22	-0.001677649
112.24	-0.001390369
112.26	0.00011522
112.28	0.000978362
112.3	-0.000283426
112.32	-0.004729279
112.34	-0.008521783
112.36	-0.010003085
112.38	-0.007989901
112.4	-0.006379711
112.42	-0.006446541
112.44	-0.009302938
112.46	-0.010041979
112.48	-0.010535423
112.5	-0.009160113
112.52	-0.008212319
112.54	-0.006439899
112.56	-0.001575177
112.58	0.00548306
112.6	0.00807735
112.62	0.010307401
112.64	0.012540967
112.66	0.01225451
112.68	0.006840816
112.7	0.004211002
112.72	-6.24772E-05
112.74	-0.00872533
112.76	-0.013201758
112.78	-0.015137913
112.8	-0.014213937
112.82	-0.008446631
112.84	-0.002424318
112.86	-0.001553689
112.88	0.001314696
112.9	0.004681086
112.92	0.007783189
112.94	0.008460612
112.96	0.005725428
112.98	0.004356275
113	0.004437584
113.02	0.001116348
113.04	-0.000292953
113.06	-0.001210963
113.08	-0.007953222
113.1	-0.007618292
113.12	-0.007609171
113.14	-0.001194547
113.16	-0.001489283
113.18	0.000947833
113.2	0.000921146
113.22	0.003439297
113.24	0.006426611
113.26	0.010516266
113.28	0.012577763
113.3	0.004170693
113.32	0.002335964
113.34	0.003317466
113.36	0.005320529
113.38	0.008599771
113.4	0.008615434
113.42	0.003747383
113.44	-0.007612847
113.46	-0.006854284
113.48	-0.008524052
113.5	-0.000489312
113.52	-0.000329406
113.54	0.002240048
113.56	0.003193814
113.58	0.000418602
113.6	0.000234066
113.62	0.002878273
113.64	0.008086171
113.66	0.003982444
113.68	0.002323895
113.7	-0.003065273
113.72	-0.003099205
113.74	-0.005084891
113.76	-0.006239625
113.78	-0.009373015
113.8	-0.009698035
113.82	-0.009631385
113.84	-0.00787386
113.86	-0.003478389
113.88	-0.001503429
113.9	0.007389548
113.92	0.006464783
113.94	0.006225782
113.96	0.006458102
113.98	0.003855067
114	-0.000164505
114.02	-0.000752196
114.04	-0.003472808
114.06	-0.003135499
114.08	-0.007400104
114.1	-0.012608804
114.12	-0.012855255
114.14	-0.010378432
114.16	-0.007972275
114.18	-0.002150858
114.2	-4.75894E-05
114.22	6.39678E-05
114.24	0.003215455
114.26	0.004347012
114.28	0.010198392
114.3	0.009933827
114.32	0.01082911
114.34	0.003630017
114.36	-0.000271309
114.38	-0.001057822
114.4	-0.00431963
114.42	-0.003240343
114.44	0.001202149
114.46	0.004778635
114.48	0.005754367
114.5	0.008559748
114.52	0.002928294
114.54	0.001486632
114.56	0.000692338
114.58	0.000178607
114.6	-0.001588606
114.62	0.000387501
114.64	0.003984614
114.66	0.006358245
114.68	0.006221482
114.7	0.002540389
114.72	-0.002824998
114.74	-0.009625505
114.76	-0.01097609
114.78	-0.008223958
114.8	-0.001630172
114.82	0.001862299
114.84	0.004395635
114.86	0.006890934
114.88	0.011732864
114.9	0.013374532
114.92	0.014410908
114.94	0.01551391
114.96	0.015746895
114.98	0.013174906
115	0.01214283
115.02	0.007619027
115.04	0.002143945
115.06	0.001908283
115.08	0.003098507
115.1	0.004622977
115.12	0.005001962
115.14	0.00832386
115.16	0.007100608
115.18	0.007221908
115.2	0.005886974
115.22	0.004824632
115.24	0.005321212
115.26	0.003814125
115.28	0.001170763
115.3	0.001808316
115.32	0.001248746
115.34	0.002873419
115.36	0.00492157
115.38	0.004720026
115.4	0.004342767
115.42	0.006987585
115.44	0.005794595
115.46	0.0052862
115.48	0.005378599
115.5	0.002723073
115.52	0.004793683
115.54	0.005400158
115.56	0.007727331
115.58	0.005306426
115.6	0.002537281
115.62	0.001362157
115.64	0.00438364
115.66	0.006474745
115.68	0.008818923
115.7	0.009580135
115.72	0.005933151
115.74	0.005711182
115.76	0.005024441
115.78	0.004343844
115.8	0.001827317
115.82	-0.003089235
115.84	-0.003880647
115.86	-0.001309306
115.88	0.002178345
115.9	0.001982346
115.92	0.002092938
115.94	-0.003853165
115.96	-0.009051423
115.98	-0.01142931
116	-0.010302105
116.02	-0.010792682
116.04	-0.007667579
116.06	-0.008793321
116.08	-0.007739665
116.1	-0.005760503
116.12	-0.008397001
116.14	-0.00964672
116.16	-0.010730678
116.18	-0.010225633
116.2	-0.005678416
116.22	-0.002386899
116.24	0.000546292
116.26	0.001319326
116.28	0.001768684
116.3	0.000788654
116.32	0.000572298
116.34	0.002051652
116.36	0.00374654
116.38	0.00784616
116.4	0.012834432
116.42	0.016887536
116.44	0.017041943
116.46	0.015555096
116.48	0.007316655
116.5	0.008592171
116.52	0.007931909
116.54	0.007660549
116.56	0.004844135
116.58	0.002499848
116.6	0.000425468
116.62	-0.001620497
116.64	-0.003234705
116.66	-0.003641854
116.68	-0.005557306
116.7	-0.00634034
116.72	-0.00660837
116.74	-0.004173052
116.76	-0.001192112
116.78	-0.00068632
116.8	0.001702373
116.82	0.003043833
116.84	0.002150934
116.86	0.001658676
116.88	0.000475672
116.9	-0.000247175
116.92	0.002761931
116.94	0.010431647
116.96	0.013030468
116.98	0.016443102
117	0.01424921
117.02	0.012452789
117.04	0.008915202
117.06	0.00529985
117.08	0.003526653
117.1	0.001007119
117.12	-0.000910359
117.14	-0.007034739
117.16	0.003063236
117.18	-0.004791357
117.2	-0.004525506
117.22	-0.002143994
117.24	-0.000997808
117.26	-0.001552442
117.28	0.000622726
117.3	-0.000799955
117.32	-0.007161075
117.34	-0.006470518
117.36	-0.007632523
117.38	-0.008746404
117.4	-0.013767544
117.42	-0.016264362
117.44	-0.014255936
117.46	-0.01144154
117.48	-0.009542885
117.5	-0.004451928
117.52	0.00198589
117.54	0.001884598
117.56	0.003932995
117.58	0.002699546
117.6	0.001685928
117.62	0.003233291
117.64	0.002078269
117.66	-0.003988797
117.68	-0.00201774
117.7	-0.003296816
117.72	-0.000727663
117.74	-0.000912869
117.76	-0.000455603
117.78	0.001812254
117.8	0.001732143
117.82	0.002237116
117.84	0.004568736
117.86	0.007765485
117.88	0.006434329
117.9	0.002002806
117.92	0.001340588
117.94	-0.001808741
117.96	-0.007116114
117.98	-0.005878368
118	-0.007259279
118.02	-0.00553873
118.04	-0.002608971
118.06	-0.001299351
118.08	0.003146105
118.1	-0.002870194
118.12	-0.0043534
118.14	-0.002380707
118.16	-0.003036507
118.18	-0.002237502
118.2	-0.004952509
118.22	-0.006531525
118.24	-0.006483307
118.26	-0.001927795
118.28	0.003465257
118.3	-0.001286305
118.32	-0.004087721
118.34	-0.006820303
118.36	0.000606931
118.38	0.003737887
118.4	0.00576932
118.42	0.00575362
118.44	0.004679604
118.46	-0.001370741
118.48	-0.002124687
118.5	4.79736E-05
118.52	-0.002325171
118.54	-0.00589995
118.56	-0.004305625
118.58	-0.004120855
118.6	0.003360123
118.62	0.006651001
118.64	0.005198468
118.66	0.006445801
118.68	0.00782747
118.7	0.009549649
118.72	0.01203881
118.74	0.010790121
118.76	0.008880081
118.78	0.004392567
118.8	0.005047463
118.82	0.003782909
118.84	0.006575358
118.86	0.007741815
118.88	0.012507101
118.9	0.007592286
118.92	0.00905633
118.94	0.004580753
118.96	0.003194225
118.98	0.004211881
119	0.002764282
119.02	0.005403855
119.04	0.009723622
119.06	0.012992243
119.08	0.012607206
119.1	0.010368861
119.12	0.008771664
119.14	0.009423779
119.16	0.009888736
119.18	0.005860955
119.2	0.009243183
119.22	0.012868171
119.24	0.009851215
119.26	0.007400246
119.28	0.006685334
119.3	0.00418465
119.32	0.003896354
119.34	0.002902367
119.36	-0.001212
119.38	-0.005847049
119.4	-0.006892335
119.42	-0.008046006
119.44	-0.00391831
119.46	0.000788698
119.48	0.003547266
119.5	-0.000739233
119.52	-0.006483338
119.54	-0.006121155
119.56	-0.010233879
119.58	-0.013274389
119.6	-0.015905708
119.62	-0.014839857
119.64	-0.010271927
119.66	-0.007391885
119.68	-0.004429022
119.7	-0.001009681
119.72	-0.004004744
119.74	-0.007056201
119.76	-0.009712735
119.78	-0.013070161
119.8	-0.009231328
119.82	-0.007734032
119.84	-0.003231446
119.86	0.000423661
119.88	0.000292891
119.9	-0.001645689
119.92	-0.004139878
119.94	-0.006772763
119.96	-0.008503993
119.98	-0.007830014
120	-0.006521538
120.02	-0.004512389
120.04	-0.002205023
120.06	-0.002801044
120.08	-0.000164588
120.1	0.00129536
120.12	-0.006670776
120.14	-0.001653511
120.16	-0.004052019
120.18	-0.005465495
120.2	-0.00194759
120.22	0.000810477
120.24	0.003894279
120.26	0.002071634
120.28	0.004317319
120.3	0.009978216
120.32	-0.000338476
120.34	-0.004029839
120.36	-0.006730849
120.38	-0.009459824
120.4	-0.01211877
120.42	-0.011907059
120.44	-0.007241323
120.46	-0.005591868
120.48	-0.006138682
120.5	-0.003200136
120.52	-0.001536399
120.54	0.000553277
120.56	0.004636076
120.58	0.005174694
120.6	0.006928113
120.62	0.004719245
120.64	0.005177669
120.66	0.003289313
120.68	0.001569231
120.7	-0.001899876
120.72	-0.003101683
120.74	-0.004502591
120.76	-0.007278273
120.78	-0.011526036
120.8	-0.013434831
120.82	-0.012205249
120.84	-0.011063611
120.86	-0.011345406
120.88	-0.008187299
120.9	-0.005147848
120.92	-0.004640713
120.94	-0.005021844
120.96	-0.004165947
120.98	-0.004224986
121	-0.008781784
121.02	-0.011196829
121.04	-0.012191015
121.06	-0.010510875
121.08	-0.007361295
121.1	-0.004097375
121.12	-0.002835047
121.14	-0.00072979
121.16	-0.004412429
121.18	-0.006043794
121.2	-0.010691619
121.22	-0.009480695
121.24	-0.008742326
121.26	-0.002361474
121.28	0.003169654
121.3	0.007779563
121.32	0.005902497
121.34	0.002791906
121.36	-0.005027506
121.38	-0.012229785
121.4	-0.017284677
121.42	-0.018723417
121.44	-0.018032332
121.46	-0.016410252
121.48	-0.01241222
121.5	-0.007743148
121.52	-0.004706728
121.54	-0.002132498
121.56	0.001689727
121.58	0.007431574
121.6	0.003990496
121.62	0.003642298
121.64	0.002462875
121.66	0.003609046
121.68	0.003109571
121.7	9.20047E-05
121.72	0.002298634
121.74	0.001826631
121.76	-0.002709407
121.78	-0.005896303
121.8	-0.007797247
121.82	-0.009429468
121.84	-0.010590577
121.86	-0.007032903
121.88	-0.007904762
121.9	-0.007921408
121.92	-0.007281725
121.94	-0.00516783
121.96	-0.00142266
121.98	0.000681614
122	-0.000510738
122.02	-0.005522538
122.04	-0.009959713
122.06	-0.013599833
122.08	-0.011763938
122.1	-0.004855857
122.12	-0.000466351
122.14	0.002743034
122.16	0.005288008
122.18	0.005027288
122.2	0.00756694
122.22	0.010384288
122.24	0.015981485
122.26	0.023440424
122.28	0.017441212
122.3	0.01364803
122.32	0.015566815
122.34	0.011991937
122.36	0.010270027
122.38	0.006912545
122.4	0.002141413
122.42	-0.001234343
122.44	-0.02165857
122.46	-0.011797803
122.48	-0.00927149
122.5	-0.004403352
122.52	-0.007374179
122.54	-0.007519122
122.56	-0.004061379
122.58	-0.00101556
122.6	-0.000952296
122.62	-0.000601642
122.64	0.000179322
122.66	0.001958642
122.68	0.005894874
122.7	0.011606211
122.72	0.012206613
122.74	0.009071369
122.76	0.005703292
122.78	0.006067355
122.8	0.005472907
122.82	0.007476262
122.84	0.006995312
122.86	0.007057711
122.88	0.006038107
122.9	0.007887411
122.92	0.011776451
122.94	0.010412754
122.96	0.007568037
122.98	0.004131971
123	0.002891215
123.02	0.009350902
123.04	0.013551532
123.06	0.019468256
123.08	0.022684205
123.1	0.014001205
123.12	0.008263347
123.14	0.000780723
123.16	0.004631022
123.18	0.003584251
123.2	0.000334539
123.22	0.00100528
123.24	0.001934045
123.26	0.003652896
123.28	0.011195936
123.3	0.008274262
123.32	0.002236208
123.34	-0.00248814
123.36	0.001562739
123.38	0.003749955
123.4	0.003892619
123.42	0.002786607
123.44	0.002051405
123.46	0.001248517
123.48	-0.000511629
123.5	-0.000342399
123.52	-0.001939179
123.54	-0.001073371
123.56	0.002026458
123.58	0.005436916
123.6	0.008248916
123.62	0.006882571
123.64	0.006861126
123.66	0.004735595
123.68	0.002889538
123.7	0.004716686
123.72	0.003994735
123.74	0.002749522
123.76	-0.002573518
123.78	-0.00416959
123.8	-0.002811455
123.82	-0.005419482
123.84	-0.007977485
123.86	-0.012253611
123.88	-0.015764601
123.9	-0.021105
123.92	-0.015193735
123.94	-0.015096442
123.96	-0.016449703
123.98	-0.013177201
124	-0.01149777
124.02	-0.010472615
124.04	-0.007543531
124.06	-0.006210716
124.08	-0.000688365
124.1	-0.001491958
124.12	-0.003710987
124.14	-0.00230413
124.16	-0.000313323
124.18	-0.003615405
124.2	-0.00656311
124.22	-0.007701656
124.24	-0.006616676
124.26	-0.002657998
124.28	0.00128419
124.3	0.005834239
124.32	0.004806466
124.34	0.000907255
124.36	0.001345281
124.38	0.000370635
124.4	-0.002687852
124.42	-0.003885834
124.44	-0.00149308
124.46	-0.006167196
124.48	0.0059473
124.5	0.002904913
124.52	0.004747075
124.54	0.005976865
124.56	0.003087495
124.58	0.00420854
124.6	0.004865697
124.62	0.004759471
124.64	0.008115235
124.66	0.011414212
124.68	0.011188304
124.7	0.012497456
124.72	0.007719422
124.74	0.000238586
124.76	-0.006811594
124.78	-0.013521196
124.8	-0.012684013
124.82	-0.004607
124.84	0.006097647
124.86	0.004798997
124.88	0.011521877
124.9	0.018377531
124.92	0.01653306
124.94	0.010176809
124.96	0.003713828
124.98	-0.000700622
125	-0.003402536
125.02	-0.001529559
125.04	-0.007463598
125.06	0.002453887
125.08	0.003403569
125.1	0.009545508
125.12	0.011089738
125.14	0.008662571
125.16	0.009364421
125.18	0.001829287
125.2	0.000182218
125.22	-0.003528577
125.24	-0.005913815
125.26	-0.006355829
125.28	-0.008416641
125.3	-0.007541747
125.32	-0.00426394
125.34	-0.004109007
125.36	-0.005168006
125.38	-0.007527067
125.4	-0.013602274
125.42	-0.006716239
125.44	-0.007130377
125.46	-0.01164868
125.48	-0.017226304
125.5	-0.012706111
125.52	-0.005211657
125.54	0.003280928
125.56	0.004943798
125.58	0.006360582
125.6	0.004030923
125.62	-0.000297079
125.64	0.0014223
125.66	0.003017503
125.68	0.010295716
125.7	0.007301162
125.72	0.005852092
125.74	0.006084764
125.76	0.004931394
125.78	0.002492735
125.8	0.00128347
125.82	-0.003067681
125.84	-0.005975339
125.86	-0.003271382
125.88	0.003102226
125.9	0.011864957
125.92	0.015216424
125.94	0.006827752
125.96	0.012951687
125.98	0.008073345
126	0.008453577
126.02	0.004044905
126.04	-0.000207358
126.06	-0.00035242
126.08	0.003377722
126.1	0.005173867
126.12	0.009651506
126.14	0.015304409
126.16	0.00984317
126.18	0.00530826
126.2	0.004711711
126.22	0.003000244
126.24	0.00290086
126.26	-0.000286191
126.28	-0.002010786
126.3	0.004048225
126.32	0.00672098
126.34	-0.001515846
126.36	-0.004562948
126.38	-0.005647507
126.4	-0.005299906
126.42	-0.000815626
126.44	0.001449546
126.46	0.004658343
126.48	0.008110408
126.5	0.01001852
126.52	0.010049381
126.54	0.010346007
126.56	0.004808197
126.58	-0.004081043
126.6	-0.005794393
126.62	-0.006448803
126.64	-0.004401384
126.66	-0.006316579
126.68	-0.006464871
126.7	-0.004931822
126.72	0.002392073
126.74	0.004578294
126.76	0.006337096
126.78	0.011080512
126.8	0.006640515
126.82	0.001403618
126.84	-0.002606324
126.86	-0.004581845
126.88	-0.004630009
126.9	-0.013455704
126.92	-0.011183823
126.94	-0.010852856
126.96	-0.004397704
126.98	-0.001486703
127	0.003539012
127.02	0.011082981
127.04	0.014823844
127.06	0.016513273
127.08	0.016757928
127.1	0.01427885
127.12	0.010734249
127.14	0.010009202
127.16	0.012413841
127.18	0.01241176
127.2	0.007327964
127.22	0.00199454
127.24	-0.001458902
127.26	-0.002221998
127.28	-0.00374711
127.3	-0.001806043
127.32	-0.000438328
127.34	-0.000166839
127.36	0.00222353
127.38	0.003006261
127.4	0.000426769
127.42	-0.006839337
127.44	-0.013924823
127.46	-0.015318572
127.48	-0.012081222
127.5	-0.014255884
127.52	-0.010447581
127.54	-0.010461844
127.56	-0.005300608
127.58	0.001288327
127.6	0.005580292
127.62	0.005927906
127.64	0.001403048
127.66	-0.007248471
127.68	-0.011184639
127.7	-0.012179974
127.72	-0.008515588
127.74	-0.012444617
127.76	-0.01337906
127.78	-0.017528357
127.8	-0.012459811
127.82	-0.012480303
127.84	-0.009735209
127.86	-0.011223028
127.88	-0.011878699
127.9	-0.018443527
127.92	-0.016207036
127.94	-0.005490551
127.96	0.000558584
127.98	0.006551624
128	0.007067909
128.02	0.005620601
128.04	0.010815335
128.06	0.007732378
128.08	0.006735799
128.1	0.009195359
128.12	0.00991509
128.14	0.007590219
128.16	0.01048408
128.18	0.007586537
128.2	0.005888709
128.22	0.004840762
128.24	0.003515234
128.26	0.004494572
128.28	0.008734197
128.3	0.008201506
128.32	0.007947978
128.34	0.005710016
128.36	0.004522317
128.38	0.001415346
128.4	-0.001317439
128.42	-0.002600019
128.44	-0.002696539
128.46	-0.002011593
128.48	-0.002392084
128.5	-0.001679965
128.52	-0.001557278
128.54	-0.004731492
128.56	-0.00504967
128.58	-0.005075922
128.6	-0.000395204
128.62	0.00081657
128.64	0.001900957
128.66	0.002997883
128.68	0.004286678
128.7	0.011314421
128.72	0.010991629
128.74	0.00788403
128.76	0.012303391
128.78	0.009017594
128.8	0.012665138
128.82	0.013499804
128.84	0.012942073
128.86	0.011893881
128.88	0.005132284
128.9	0.013627514
128.92	0.007445519
128.94	0.014177113
128.96	0.012444866
128.98	0.008615755
129	0.00458803
129.02	0.000495604
129.04	0.000369094
129.06	0.000831493
129.08	-0.006621515
129.1	-0.010790556
129.12	-0.009724149
129.14	-0.010738976
129.16	-0.014957571
129.18	-0.012256993
129.2	-0.013470774
129.22	-0.014765953
129.24	-0.007670717
129.26	0.000838381
129.28	0.006759518
129.3	0.004947159
129.32	0.004833041
129.34	0.005382036
129.36	0.006490229
129.38	0.00498065
129.4	0.005027927
129.42	0.006637868
129.44	0.000800899
129.46	-0.000328003
129.48	0.004406632
129.5	0.005381034
129.52	0.007988765
129.54	0.008637995
129.56	0.007654178
129.58	0.007370356
129.6	0.008022082
129.62	0.002167654
129.64	-0.005228551
129.66	-0.010465272
129.68	-0.010127618
129.7	-0.021924545
129.72	-0.01202405
129.74	-0.015505548
129.76	-0.012503183
129.78	-0.014348808
129.8	-0.013950223
129.82	-0.012746449
129.84	-0.009917653
129.86	-0.004155942
129.88	0.01658603
129.9	0.005718325
129.92	0.004285875
129.94	-0.001310741
129.96	-0.003177207
129.98	-0.005811107
130	-0.005533869
130.02	0.001861396
130.04	-0.000653907
130.06	0.002517963
130.08	0.005728678
130.1	0.002744643
130.12	-0.000924452
130.14	-0.003974278
130.16	-0.007807423
130.18	-0.012481186
130.2	-0.019778139
130.22	-0.011671939
130.24	-0.009412505
130.26	-0.007720022
130.28	-0.002841492
130.3	-0.001359806
130.32	-0.003020707
130.34	-0.007398995
130.36	-0.005278981
130.38	-0.002047001
130.4	-0.004488641
130.42	-0.005334628
130.44	-0.005297755
130.46	-0.006058302
130.48	-0.004563183
130.5	-0.003189959
130.52	-0.00274184
130.54	-0.001131265
130.56	0.001597441
130.58	-0.000787434
130.6	-0.003873492
130.62	-0.003091144
130.64	-0.003671438
130.66	-0.008611904
130.68	-0.010586315
130.7	-0.014227623
130.72	-0.016530607
130.74	-0.015230145
130.76	-0.015749128
130.78	-0.013615471
130.8	-0.012304197
130.82	-0.006930879
130.84	-0.000997951
130.86	-0.002969102
130.88	-0.001981596
130.9	-0.0026971
130.92	0.001748176
130.94	0.008598352
130.96	0.013909635
130.98	0.010593452
131	0.010987936
131.02	0.009995298
131.04	0.009002355
131.06	0.006410794
131.08	0.002912
131.1	-0.003257638
131.12	-0.010633876
131.14	-0.016957317
131.16	-0.017311004
131.18	-0.022087069
131.2	-0.020180331
131.22	-0.018476034
131.24	-0.017592029
131.26	-0.01379042
131.28	-0.006808206
131.3	0.001771262
131.32	0.006980817
131.34	0.004711232
131.36	0.002787413
131.38	-0.001546348
131.4	-0.003795839
131.42	-0.003210824
131.44	-0.003572193
131.46	-0.00316729
131.48	-0.005858306
131.5	-0.005395105
131.52	0.00205616
131.54	0.0088129
131.56	0.008762482
131.58	0.004137386
131.6	0.002771793
131.62	0.006055245
131.64	0.008414756
131.66	0.009594431
131.68	0.004406003
131.7	-0.00357543
131.72	-0.010815707
131.74	-0.010297626
131.76	-0.010723409
131.78	-0.013431878
131.8	-0.017044746
131.82	-0.017504422
131.84	-0.010667443
131.86	-0.006776535
131.88	-0.002179662
131.9	-0.000554204
131.92	6.18372E-05
131.94	0.000279932
131.96	0.006938981
131.98	0.019457447
132	0.020493209
132.02	0.018280831
132.04	0.014454731
132.06	0.007378636
132.08	0.000651972
132.1	-0.006319549
132.12	-0.009871026
132.14	-0.016037859
132.16	-0.021633775
132.18	-0.015318652
132.2	-0.00583103
132.22	0.003551635
132.24	0.005582635
132.26	0.007544902
132.28	0.009583315
132.3	0.012639697
132.32	0.016240663
132.34	0.016734387
132.36	0.015684198
132.38	0.017622246
132.4	0.014452374
132.42	0.021518436
132.44	0.021308359
132.46	0.021632685
132.48	0.019086244
132.5	0.017294132
132.52	0.017441217
132.54	0.019020639
132.56	0.022538678
132.58	0.020433701
132.6	0.01648081
132.62	0.012885156
132.64	0.00397282
132.66	0.001317545
132.68	0.002321903
132.7	0.005007167
132.72	0.006222293
132.74	0.010212274
132.76	0.004833416
132.78	-0.010093924
132.8	-0.002848305
132.82	-0.004496772
132.84	-0.004051049
132.86	0.002336203
132.88	0.00819627
132.9	0.009880866
132.92	0.011934458
132.94	0.013935787
132.96	0.018864414
132.98	0.017010763
133	0.009983616
133.02	0.00637143
133.04	0.007240322
133.06	0.006527528
133.08	0.006219975
133.1	0.007404814
133.12	0.00700981
133.14	0.004969125
133.16	0.003536533
133.18	0.004120197
133.2	0.003278379
133.22	-0.00399541
133.24	-0.006099439
133.26	-0.002091275
133.28	-0.000997421
133.3	-0.001126299
133.32	-0.002508723
133.34	-0.005626568
133.36	-0.009949206
133.38	-0.018753019
133.4	-0.015594158
133.42	-0.017311833
133.44	-0.017302147
133.46	-0.016310481
133.48	-0.015420689
133.5	-0.013184191
133.52	-0.007756159
133.54	-0.007095357
133.56	-0.009050808
133.58	-0.00585281
133.6	-0.006720135
133.62	-0.009407227
133.64	-0.011864008
133.66	-0.015602886
133.68	-0.011721665
133.7	-0.006131751
133.72	-0.004119219
133.74	-0.004051802
133.76	-0.001271773
133.78	0.002597674
133.8	0.005037386
133.82	0.008286777
133.84	0.008589529
133.86	0.009576463
133.88	0.006230582
133.9	0.00388686
133.92	-9.11483E-05
133.94	-0.00252678
133.96	-0.003848078
133.98	0.000866532
134	-0.001865223
134.02	0.004036385
134.04	0.000432225
134.06	-0.004539957
134.08	-0.007917067
134.1	-0.006111915
134.12	-0.002722179
134.14	-0.001001558
134.16	-0.000200887
134.18	-5.26934E-05
134.2	-0.002508204
134.22	-0.004836289
134.24	-0.003373687
134.26	-0.002561611
134.28	-0.000157121
134.3	0.000805045
134.32	0.000903757
134.34	0.004473548
134.36	0.005808499
134.38	0.004100222
134.4	0.002044338
134.42	0.000999929
134.44	0.001356483
134.46	0.001007407
134.48	0.000319703
134.5	-0.003785852
134.52	-0.004347753
134.54	-0.002589249
134.56	-0.006295524
134.58	0.000775166
134.6	0.00197854
134.62	0.002550033
134.64	0.005057529
134.66	0.007021274
134.68	0.003280035
134.7	0.002127534
134.72	-0.004223209
134.74	-0.00399634
134.76	-0.000992869
134.78	-0.001973439
134.8	-0.004704637
134.82	-0.001533734
134.84	-0.00314949
134.86	-0.003515277
134.88	-0.003490642
134.9	-0.001784097
134.92	0.001916919
134.94	0.007142235
134.96	0.005333288
134.98	0.007038408
135	0.002246483
135.02	0.002278945
135.04	0.002111273
135.06	0.004111537
135.08	0.003802715
135.1	0.003965392
135.12	0.001071544
135.14	0.000387443
135.16	0.001203952
135.18	-0.001349139
135.2	-0.000282926
135.22	-0.003311299
135.24	-0.000704191
135.26	-0.002734715
135.28	-0.002097739
135.3	-0.002395276
135.32	-0.002872543
135.34	-0.001060698
135.36	0.001450822
135.38	0.0044102
135.4	0.002867275
135.42	0.001504633
135.44	-0.000227029
135.46	0.001203289
135.48	-0.001420203
135.5	-0.002068676
135.52	-0.004264987
135.54	-0.006286736
135.56	-0.006732798
135.58	-0.007407112
135.6	-0.005577495
135.62	-0.002889857
135.64	0.000568262
135.66	-0.000814371
135.68	0.001398089
135.7	-0.000521478
135.72	0.00195072
135.74	0.001014215
135.76	0.001410071
135.78	-0.003361229
135.8	-0.000241234
135.82	-0.004116726
135.84	-0.004550657
135.86	-0.00225858
135.88	0.000266582
135.9	0.00100959
135.92	0.00145381
135.94	0.001451806
135.96	0.004652067
135.98	0.004473735
136	0.003220788
136.02	0.002651051
136.04	0.004905604
136.06	0.003264518
136.08	0.002199664
136.1	0.001819329
136.12	0.003115089
136.14	0.003005268
136.16	0.001872534
136.18	0.000964984
136.2	0.000463117
136.22	0.000361114
136.24	-0.00055934
136.26	-0.000346995
136.28	0.000955374
136.3	0.000626406
136.32	0.000951442
136.34	0.00149053
136.36	0.00154201
136.38	0.004121453
136.4	0.004594504
136.42	0.003906899
136.44	0.003131236
136.46	0.001474485
136.48	-0.000861
136.5	-0.001020597
136.52	-0.000571063
136.54	-0.000399485
136.56	-0.000958242
136.58	-0.002280491
136.6	-0.001648796
136.62	-0.001122373
136.64	0.000983606
136.66	0.001993543
136.68	0.002153087
136.7	0.001943734
136.72	0.000545579
136.74	-1.38855E-05
136.76	-0.001045534
136.78	-0.000742796
136.8	-0.000274741
136.82	-0.000557027
136.84	-0.001747358
136.86	-0.000949352
136.88	-0.001181683
136.9	-0.000679956
136.92	-9.74975E-05
136.94	0.000298929
136.96	-0.000223304
136.98	-0.001292101
137	-0.001641833
137.02	-0.000890887
137.04	-0.001258098
137.06	-0.001260627
137.08	-0.00118881
137.1	-0.001272312
137.12	-0.001736952
137.14	-0.001663921
137.16	-0.001616597
137.18	-0.001213064
137.2	-0.001711744
137.22	-0.002389495
137.24	-0.00348161
137.26	-0.0023995
137.28	-0.002250448
137.3	-0.001124375
137.32	5.69435E-05
137.34	0.000395583
137.36	0.000352007
137.38	0.000514249
137.4	0.000490975
137.42	0.001662052
137.44	0.001618858
137.46	0.000480125
137.48	-0.000166058
137.5	-0.000569084
137.52	-0.000844533
137.54	0.000344527
137.56	0.001482379
137.58	0.001273035
137.6	0.002292211
137.62	0.001784599
137.64	0.002140377
137.66	0.002428945
137.68	0.002599816
137.7	0.002425549
137.72	0.001532488
137.74	0.000682938
137.76	0.000324835
137.78	0.000382971
137.8	0.000558765
137.82	0.001020318
137.84	0.001158732
137.86	0.000949905
137.88	0.000880472
137.9	0.000797262
137.92	0.000973142
137.94	0.001041925
137.96	0.001193038
137.98	0.000886045
138	0.000311895
138.02	0.000306143
138.04	0.000378113
138.06	0.000835539
138.08	0.0012656
138.1	0.001093358
138.12	0.000360696
138.14	-1.56248E-05
138.16	-0.000494085
138.18	-0.00063095
138.2	-0.00064754
138.22	-0.000735958
138.24	-0.000985356
138.26	-0.000770549
138.28	-0.000308974
138.3	0.000174571
138.32	0.00091326
138.34	0.000731559
138.36	0.000691918
138.38	0.000275832
138.4	-0.000239138
138.42	-0.000686445
138.44	-0.000976785
138.46	-0.00155072
138.48	-0.001833128
138.5	-0.002055734
138.52	-0.002090071
138.54	-0.001690109
138.56	-0.00114641
138.58	-0.000771339
138.6	-0.000558615
138.62	-0.000744178
138.64	-0.00090146
138.66	-0.001062743
138.68	-0.001175835
138.7	-0.001186597
138.72	-0.001245419
138.74	-0.001239412
138.76	-0.001409741
138.78	-0.001264282
138.8	-0.001069951
138.82	-0.000682921
138.84	-0.000248606
138.86	-0.000321981
138.88	-0.000471754
138.9	-0.000423697
138.92	-0.000595049
138.94	-0.000249036
138.96	8.16618E-05
138.98	0.000303421
139	0.000420067
139.02	0.000522977
139.04	0.000614153
139.06	0.001153046
139.08	0.00118186
139.1	0.000899507
139.12	0.000682597
139.14	0.000447456
139.16	0.000405434
139.18	0.00051608
139.2	0.000729231
139.22	0.000972947
139.24	0.001201769
139.26	0.001072739
139.28	0.001415733
139.3	0.001653607
139.32	0.00156832
139.34	0.001439179
139.36	0.001099392
139.38	0.00065129
139.4	0.000196553
139.42	-0.000134361
139.44	-6.61718E-05
139.46	0.00022287
139.48	0.000259743
139.5	0.00042991
139.52	0.000424272
139.54	0.000610824
139.56	0.000749031
139.58	0.000835158
139.6	0.000854084
139.62	0.000640257
139.64	0.000348422
139.66	4.49188E-05
139.68	-0.000178357
139.7	-6.60647E-05
139.72	9.84365E-05
139.74	0.000186013
139.76	0.000119596
139.78	-4.50746E-06
139.8	-8.96889E-05
139.82	-2.37755E-06
139.84	-5.48378E-05
139.86	-0.000119402
139.88	-0.00032407
139.9	-0.000624637
139.92	-0.000846861
139.94	-0.000807129
139.96	-0.000683677
139.98	-0.000666424
140	-0.000764058
140.02	-0.001017336
140.04	-0.001141988
140.06	-0.001260729
140.08	-0.001314805
140.1	-0.001359345
140.12	-0.001371238
140.14	-0.001439603
140.16	-0.001266356
140.18	-0.001080724
140.2	-0.000822128
140.22	-0.00047852
140.24	-0.000262675
140.26	-0.000154695
140.28	-0.000211957
140.3	-0.000325387
140.32	-0.000416499
140.34	-0.000525442
140.36	-0.000732723
140.38	-0.000721925
140.4	-0.000801922
140.42	-0.000640706
140.44	-0.000494944
140.46	-0.00026216
140.48	6.68329E-05
140.5	0.00029972
140.52	0.000406289
140.54	0.00051225
140.56	0.000520356
140.58	0.000480071
140.6	0.000488842
140.62	0.000483065
140.64	0.00045466
140.66	0.000458721
140.68	0.000480395
140.7	0.000622832
140.72	0.000732339
140.74	0.000751696
140.76	0.000707608
140.78	0.000650788
140.8	0.000584702
140.82	0.000577644
140.84	0.00058069
140.86	0.00058521
140.88	0.000551127
140.9	0.00053328
140.92	0.000589117
140.94	0.00066988
140.96	0.00073158
140.98	0.000689383
141	0.000585857
141.02	0.000446191
141.04	0.000395528
141.06	0.000299862
141.08	0.000312968
141.1	0.000371071
141.12	0.00047942
141.14	0.000527569
141.16	0.000553252
141.18	0.000657337
141.2	0.0005983
141.22	0.000605543
141.24	0.000407252
141.26	0.000195113
141.28	-0.000106443
141.3	-0.000360468
141.32	-0.000618455
141.34	-0.000591351
141.36	-0.000668961
141.38	-0.000629583
141.4	-0.000581126
141.42	-0.000586782
141.44	-0.000566166
141.46	-0.00050657
141.48	-0.000500368
141.5	-0.000507311
141.52	-0.000608121
141.54	-0.000781334
141.56	-0.000861987
141.58	-0.000889293
141.6	-0.000875275
141.62	-0.000794468
141.64	-0.000756519
141.66	-0.000727199
141.68	-0.000701342
141.7	-0.000639626
141.72	-0.000607966
141.74	-0.00058222
141.76	-0.00060311
141.78	-0.000599805
141.8	-0.000563518
141.82	-0.000486319
141.84	-0.000390169
141.86	-0.000295908
141.88	-0.000201924
141.9	-0.000156243
141.92	-9.76022E-05
141.94	-0.000112121
141.96	-9.93397E-05
141.98	-0.000113341
142	-0.000103531
142.02	-0.00013534
142.04	-5.86544E-05
142.06	8.50002E-05
142.08	0.000167016
142.1	0.000298471
142.12	0.000366827
142.14	0.000430068
142.16	0.000440318
142.18	0.000370816
142.2	0.000331043
142.22	0.000345051
142.24	0.000216258
142.26	0.000184357
142.28	0.000199457
142.3	0.000290773
142.32	0.000443782
142.34	0.00056289
142.36	0.000716505
142.38	0.000796033
142.4	0.000806949
142.42	0.000783845
142.44	0.000795726
142.46	0.000758301
142.48	0.000687933
142.5	0.000586826
142.52	0.00046158
142.54	0.000413581
142.56	0.000404645
142.58	0.000433165
142.6	0.000438654
142.62	0.00041926
142.64	0.000341256
142.66	0.000261533
142.68	0.000174688
142.7	0.000128139
142.72	0.000118004
142.74	7.17571E-05
142.76	6.41048E-06
142.78	-6.21618E-05
142.8	-9.48278E-05
142.82	-0.000119081
142.84	-0.000132429
142.86	-0.000171744
142.88	-0.000246453
142.9	-0.000385835
142.92	-0.000483003
142.94	-0.000547632
142.96	-0.00055949
142.98	-0.000540716
143	-0.000529829
143.02	-0.00049516
143.04	-0.000484124
143.06	-0.00046019
143.08	-0.00041695
143.1	-0.000411597
143.12	-0.000458859
143.14	-0.000513746
143.16	-0.000592796
143.18	-0.000628774
143.2	-0.000641773
143.22	-0.000609356
143.24	-0.000527957
143.26	-0.000457849
143.28	-0.000380915
143.3	-0.000298021
143.32	-0.00021643
143.34	-0.000172661
143.36	-0.000155203
143.38	-0.000176674
143.4	-0.000221984
143.42	-0.000269155
143.44	-0.000299386
143.46	-0.000285907
143.48	-0.000262723
143.5	-0.000235485
143.52	-0.000199827
143.54	-0.000118389
143.56	-6.25882E-05
143.58	1.38539E-06
143.6	5.42273E-05
143.62	9.87074E-05
143.64	0.000134896
143.66	0.000165146
143.68	0.000232926
143.7	0.000328843
143.72	0.000397147
143.74	0.000442081
143.76	0.000477166
143.78	0.000503482
143.8	0.000525926
143.82	0.000527319
143.84	0.000523054
143.86	0.000498142
143.88	0.000460563
143.9	0.000432403
143.92	0.000437257
143.94	0.000479849
143.96	0.000520043
143.98	0.000537521
144	0.000534334
144.02	0.000506783
144.04	0.000463182
144.06	0.000411359
144.08	0.000343456
144.1	0.000282201
144.12	0.000211554
144.14	0.000141162
144.16	0.000102547
144.18	0.000101635
144.2	0.000123924
144.22	0.000141032
144.24	0.00015498
144.26	0.00013863
144.28	9.84118E-05
144.3	4.15532E-05
144.32	-2.15714E-05
144.34	-8.39208E-05
144.36	-0.000164403
144.38	-0.000250414
144.4	-0.000292381
144.42	-0.000321587
144.44	-0.000327684
144.46	-0.000310637
144.48	-0.000295337
144.5	-0.000291496
144.52	-0.000301957
144.54	-0.000313701
144.56	-0.000312511
144.58	-0.000318196
144.6	-0.000337801
144.62	-0.000344773
144.64	-0.000357622
144.66	-0.000365743
144.68	-0.000364493
144.7	-0.00035758
144.72	-0.000360749
144.74	-0.000381152
144.76	-0.000404496
144.78	-0.000426914
144.8	-0.000438604
144.82	-0.000437981
144.84	-0.000421409
144.86	-0.000387866
144.88	-0.00034571
144.9	-0.000295568
144.92	-0.000234055
144.94	-0.000174223
144.96	-0.000137644
144.98	-0.000120323
145	-0.000102767
145.02	-9.67041E-05
145.04	-8.50347E-05
145.06	-6.51702E-05
145.08	-3.20544E-05
145.1	1.54503E-05
145.12	7.20614E-05
145.14	0.000132894
145.16	0.000219976
145.18	0.000290848
145.2	0.000330718
145.22	0.000361095
145.24	0.000360208
145.26	0.000349592
145.28	0.000335067
145.3	0.000315662
145.32	0.000312527
145.34	0.000313604
145.36	0.000312785
145.38	0.000329462
145.4	0.000356533
145.42	0.000380088
145.44	0.000399051
145.46	0.000402122
145.48	0.000392493
145.5	0.000372562