0	0
0.02	-2.45118E-06
0.04	-2.45127E-06
0.06	-2.45211E-06
0.08	-2.45819E-06
0.1	-2.47649E-06
0.12	-2.49735E-06
0.14	-2.51345E-06
0.16	-2.53327E-06
0.18	-2.5503E-06
0.2	-2.56936E-06
0.22	-2.58684E-06
0.24	-2.60529E-06
0.26	-2.62319E-06
0.28	-2.64091E-06
0.3	-2.65928E-06
0.32	-2.67671E-06
0.34	-2.6947E-06
0.36	-2.71258E-06
0.38	-2.72979E-06
0.4	-2.74757E-06
0.42	-2.76506E-06
0.44	-2.78187E-06
0.46	-2.79945E-06
0.48	-2.81661E-06
0.5	-2.8331E-06
0.52	-2.8503E-06
0.54	-2.86737E-06
0.56	-2.88361E-06
0.58	-2.90001E-06
0.6	-2.91676E-06
0.62	-2.93295E-06
0.64	-2.94891E-06
0.66	-2.96452E-06
0.68	-2.97989E-06
0.7	-2.99602E-06
0.72	-3.01256E-06
0.74	-3.02803E-06
0.76	-3.04262E-06
0.78	-3.05804E-06
0.8	-3.0759E-06
0.82	-3.09707E-06
0.84	-3.1216E-06
0.86	-3.14805E-06
0.88	-3.17424E-06
0.9	-3.19653E-06
0.92	-3.2147E-06
0.94	-3.23062E-06
0.96	-3.2433E-06
0.98	-3.24945E-06
1	-3.24968E-06
1.02	-3.24897E-06
1.04	-3.25042E-06
1.06	-3.25306E-06
1.08	-3.25604E-06
1.1	-3.25771E-06
1.12	-3.25811E-06
1.14	-3.2605E-06
1.16	-3.26438E-06
1.18	-3.26542E-06
1.2	-3.26599E-06
1.22	-3.26775E-06
1.24	-3.26884E-06
1.26	-3.26979E-06
1.28	-3.27078E-06
1.3	-3.27066E-06
1.32	-3.27023E-06
1.34	-3.27019E-06
1.36	-3.26998E-06
1.38	-3.26796E-06
1.4	-3.2665E-06
1.42	-3.26442E-06
1.44	-3.26155E-06
1.46	-3.25917E-06
1.48	-3.25508E-06
1.5	-3.25128E-06
1.52	-3.24713E-06
1.54	-3.24234E-06
1.56	-3.23716E-06
1.58	-3.23104E-06
1.6	-3.22423E-06
1.62	-3.21641E-06
1.64	-3.20872E-06
1.66	-3.20057E-06
1.68	-3.19024E-06
1.7	-3.17735E-06
1.72	-3.16176E-06
1.74	-3.14514E-06
1.76	-3.12969E-06
1.78	-3.11566E-06
1.8	-3.10385E-06
1.82	-3.09441E-06
1.84	-3.08802E-06
1.86	-3.08328E-06
1.88	-3.08018E-06
1.9	-3.07687E-06
1.92	-3.07227E-06
1.94	-3.06393E-06
1.96	-3.05238E-06
1.98	-3.03902E-06
2	-3.02562E-06
2.02	-3.01029E-06
2.04	-2.99257E-06
2.06	-2.97313E-06
2.08	-2.95289E-06
2.1	-2.93195E-06
2.12	-2.91011E-06
2.14	-2.88611E-06
2.16	-2.86027E-06
2.18	-2.83392E-06
2.2	-2.80735E-06
2.22	-2.77913E-06
2.24	-2.74912E-06
2.26	-2.71824E-06
2.28	-2.68686E-06
2.3	-2.65417E-06
2.32	-2.62056E-06
2.34	-2.58551E-06
2.36	-2.54901E-06
2.38	-2.51174E-06
2.4	-2.47374E-06
2.42	-2.43371E-06
2.44	-2.39255E-06
2.46	-2.35088E-06
2.48	-2.30816E-06
2.5	-2.26425E-06
2.52	-2.21914E-06
2.54	-2.17264E-06
2.56	-2.12539E-06
2.58	-2.07819E-06
2.6	-2.03048E-06
2.62	-1.98163E-06
2.64	-1.93053E-06
2.66	-1.87591E-06
2.68	-1.81758E-06
2.7	-1.75644E-06
2.72	-1.69206E-06
2.74	-1.62468E-06
2.76	-1.55547E-06
2.78	-1.48529E-06
2.8	-1.41586E-06
2.82	-1.34753E-06
2.84	-1.28004E-06
2.86	-1.21287E-06
2.88	-1.14539E-06
2.9	-1.07724E-06
2.92	-1.00792E-06
2.94	-9.38064E-07
2.96	-8.67515E-07
2.98	-7.95394E-07
3	-7.21624E-07
3.02	-6.46509E-07
3.04	-5.7053E-07
3.06	-4.9342E-07
3.08	-4.14391E-07
3.1	-3.33505E-07
3.12	-2.5105E-07
3.14	-1.6729E-07
3.16	-8.21052E-08
3.18	4.87797E-09
3.2	9.40775E-08
3.22	1.84848E-07
3.24	2.76631E-07
3.26	3.70108E-07
3.28	4.65659E-07
3.3	5.62907E-07
3.32	6.61749E-07
3.34	7.62392E-07
3.36	8.64928E-07
3.38	9.69498E-07
3.4	1.07611E-06
3.42	1.18418E-06
3.44	1.29406E-06
3.46	1.40635E-06
3.48	1.5212E-06
3.5	1.63771E-06
3.52	1.75515E-06
3.54	1.87325E-06
3.56	1.9917E-06
3.58	2.11086E-06
3.6	2.23124E-06
3.62	2.35325E-06
3.64	2.4773E-06
3.66	2.60441E-06
3.68	2.73529E-06
3.7	2.87052E-06
3.72	3.00994E-06
3.74	3.15277E-06
3.76	3.29814E-06
3.78	3.44605E-06
3.8	3.59623E-06
3.82	3.7484E-06
3.84	3.90257E-06
3.86	4.05857E-06
3.88	4.21626E-06
3.9	4.37594E-06
3.92	4.53741E-06
3.94	4.70078E-06
3.96	4.86613E-06
3.98	5.03328E-06
4	5.20199E-06
4.02	5.3726E-06
4.04	5.54537E-06
4.06	5.7201E-06
4.08	5.8967E-06
4.1	6.07518E-06
4.12	6.25576E-06
4.14	6.43859E-06
4.16	6.62372E-06
4.18	6.81089E-06
4.2	6.99988E-06
4.22	7.19098E-06
4.24	7.38434E-06
4.26	7.57985E-06
4.28	7.77741E-06
4.3	7.97698E-06
4.32	8.17902E-06
4.34	8.38325E-06
4.36	8.58948E-06
4.38	8.798E-06
4.4	9.00919E-06
4.42	9.22362E-06
4.44	9.44143E-06
4.46	9.66217E-06
4.48	9.88531E-06
4.5	1.01106E-05
4.52	1.03379E-05
4.54	1.05664E-05
4.56	1.07958E-05
4.58	1.10259E-05
4.6	1.12569E-05
4.62	1.14894E-05
4.64	1.17242E-05
4.66	1.19616E-05
4.68	1.22019E-05
4.7	1.24451E-05
4.72	1.26914E-05
4.74	1.29408E-05
4.76	1.31933E-05
4.78	1.34489E-05
4.8	1.37073E-05
4.82	1.39686E-05
4.84	1.42328E-05
4.86	1.45E-05
4.88	1.477E-05
4.9	1.50428E-05
4.92	1.53184E-05
4.94	1.55967E-05
4.96	1.58776E-05
4.98	1.61611E-05
5	1.64472E-05
5.02	1.67359E-05
5.04	1.70271E-05
5.06	1.73207E-05
5.08	1.76169E-05
5.1	1.79158E-05
5.12	1.82173E-05
5.14	1.85213E-05
5.16	1.88277E-05
5.18	1.91365E-05
5.2	1.9448E-05
5.22	1.97618E-05
5.24	2.00781E-05
5.26	2.03966E-05
5.28	2.07174E-05
5.3	2.10402E-05
5.32	2.13648E-05
5.34	2.16913E-05
5.36	2.20203E-05
5.38	2.23521E-05
5.4	2.26868E-05
5.42	2.30247E-05
5.44	2.33658E-05
5.46	2.37104E-05
5.48	2.40582E-05
5.5	2.44086E-05
5.52	2.47611E-05
5.54	2.51151E-05
5.56	2.54706E-05
5.58	2.58277E-05
5.6	2.61861E-05
5.62	2.6546E-05
5.64	2.69074E-05
5.66	2.72705E-05
5.68	2.76353E-05
5.7	2.80021E-05
5.72	2.83707E-05
5.74	2.87412E-05
5.76	2.91136E-05
5.78	2.94879E-05
5.8	2.98644E-05
5.82	3.02429E-05
5.84	3.06234E-05
5.86	3.10059E-05
5.88	3.13905E-05
5.9	3.17773E-05
5.92	3.2166E-05
5.94	3.25568E-05
5.96	3.29495E-05
5.98	3.33441E-05
6	3.37405E-05
6.02	3.41388E-05
6.04	3.45388E-05
6.06	3.49408E-05
6.08	3.53445E-05
6.1	3.575E-05
6.12	3.61572E-05
6.14	3.65661E-05
6.16	3.69768E-05
6.18	3.73893E-05
6.2	3.78036E-05
6.22	3.82194E-05
6.24	3.86367E-05
6.26	3.9055E-05
6.28	3.94742E-05
6.3	3.9894E-05
6.32	4.03144E-05
6.34	4.07355E-05
6.36	4.11574E-05
6.38	4.15803E-05
6.4	4.20046E-05
6.42	4.24307E-05
6.44	4.28586E-05
6.46	4.32881E-05
6.48	4.37191E-05
6.5	4.41514E-05
6.52	4.45848E-05
6.54	4.50192E-05
6.56	4.54542E-05
6.58	4.58897E-05
6.6	4.63255E-05
6.62	4.67617E-05
6.64	4.71981E-05
6.66	4.76345E-05
6.68	4.8071E-05
6.7	4.85072E-05
6.72	4.89433E-05
6.74	4.93791E-05
6.76	4.98146E-05
6.78	5.02497E-05
6.8	5.06843E-05
6.82	5.11184E-05
6.84	5.15519E-05
6.86	5.1985E-05
6.88	5.24173E-05
6.9	5.2849E-05
6.92	5.32798E-05
6.94	5.37098E-05
6.96	5.41388E-05
6.98	5.45667E-05
7	5.49935E-05
7.02	5.54191E-05
7.04	5.58434E-05
7.06	5.62662E-05
7.08	5.66875E-05
7.1	5.71073E-05
7.12	5.75257E-05
7.14	5.79426E-05
7.16	5.83581E-05
7.18	5.87722E-05
7.2	5.91847E-05
7.22	5.95954E-05
7.24	6.00041E-05
7.26	6.04104E-05
7.28	6.08139E-05
7.3	6.12144E-05
7.32	6.16116E-05
7.34	6.20055E-05
7.36	6.23962E-05
7.38	6.27839E-05
7.4	6.31684E-05
7.42	6.35499E-05
7.44	6.39283E-05
7.46	6.43036E-05
7.48	6.46759E-05
7.5	6.50448E-05
7.52	6.54104E-05
7.54	6.57724E-05
7.56	6.61308E-05
7.58	6.64854E-05
7.6	6.68361E-05
7.62	6.71826E-05
7.64	6.75249E-05
7.66	6.78628E-05
7.68	6.81961E-05
7.7	6.85247E-05
7.72	6.88482E-05
7.74	6.91666E-05
7.76	6.94797E-05
7.78	6.97873E-05
7.8	7.00893E-05
7.82	7.03856E-05
7.84	7.06759E-05
7.86	7.09602E-05
7.88	7.12382E-05
7.9	7.15098E-05
7.92	7.17749E-05
7.94	7.20332E-05
7.96	7.22847E-05
7.98	7.2529E-05
8	7.27661E-05
8.02	7.29955E-05
8.04	7.3217E-05
8.06	7.34306E-05
8.08	7.36361E-05
8.1	7.38333E-05
8.12	7.40223E-05
8.14	7.42031E-05
8.16	7.43756E-05
8.18	7.45398E-05
8.2	7.46955E-05
8.22	7.48423E-05
8.24	7.498E-05
8.26	7.51083E-05
8.28	7.52266E-05
8.3	7.53348E-05
8.32	7.54326E-05
8.34	7.55197E-05
8.36	7.55959E-05
8.38	7.56611E-05
8.4	7.5715E-05
8.42	7.57577E-05
8.44	7.57888E-05
8.46	7.58082E-05
8.48	7.58157E-05
8.5	7.58112E-05
8.52	7.57945E-05
8.54	7.57655E-05
8.56	7.57239E-05
8.58	7.56696E-05
8.6	7.56023E-05
8.62	7.55219E-05
8.64	7.54283E-05
8.66	7.53211E-05
8.68	7.52001E-05
8.7	7.5065E-05
8.72	7.49157E-05
8.74	7.47519E-05
8.76	7.45734E-05
8.78	7.43798E-05
8.8	7.41711E-05
8.82	7.39469E-05
8.84	7.37071E-05
8.86	7.34513E-05
8.88	7.31794E-05
8.9	7.28911E-05
8.92	7.25863E-05
8.94	7.22646E-05
8.96	7.19258E-05
8.98	7.15695E-05
9	7.11953E-05
9.02	7.08029E-05
9.04	7.0392E-05
9.06	6.99622E-05
9.08	6.95132E-05
9.1	6.90449E-05
9.12	6.85572E-05
9.14	6.80499E-05
9.16	6.75229E-05
9.18	6.69761E-05
9.2	6.6409E-05
9.22	6.58216E-05
9.24	6.52133E-05
9.26	6.4584E-05
9.28	6.39333E-05
9.3	6.32608E-05
9.32	6.25662E-05
9.34	6.18491E-05
9.36	6.11092E-05
9.38	6.03462E-05
9.4	5.95598E-05
9.42	5.87496E-05
9.44	5.79154E-05
9.46	5.70567E-05
9.48	5.61734E-05
9.5	5.52651E-05
9.52	5.43315E-05
9.54	5.33722E-05
9.56	5.23872E-05
9.58	5.1376E-05
9.6	5.03384E-05
9.62	4.9274E-05
9.64	4.81827E-05
9.66	4.7064E-05
9.68	4.59178E-05
9.7	4.47436E-05
9.72	4.35411E-05
9.74	4.23102E-05
9.76	4.10503E-05
9.78	3.97612E-05
9.8	3.84427E-05
9.82	3.70943E-05
9.84	3.57158E-05
9.86	3.4307E-05
9.88	3.28676E-05
9.9	3.13973E-05
9.92	2.9896E-05
9.94	2.83631E-05
9.96	2.67985E-05
9.98	2.52017E-05
10	2.35723E-05
10.02	2.19097E-05
10.04	2.02137E-05
10.06	1.84838E-05
10.08	1.67197E-05
10.1	1.49212E-05
10.12	1.30879E-05
10.14	1.12196E-05
10.16	9.31601E-06
10.18	7.3769E-06
10.2	5.40197E-06
10.22	3.39092E-06
10.24	1.34345E-06
10.26	-7.40761E-07
10.28	-2.86202E-06
10.3	-5.02067E-06
10.32	-7.21702E-06
10.34	-9.45143E-06
10.36	-1.17242E-05
10.38	-1.40358E-05
10.4	-1.63864E-05
10.42	-1.87764E-05
10.44	-2.12063E-05
10.46	-2.36763E-05
10.48	-2.61869E-05
10.5	-2.87383E-05
10.52	-3.13309E-05
10.54	-3.39651E-05
10.56	-3.66411E-05
10.58	-3.93593E-05
10.6	-4.212E-05
10.62	-4.49235E-05
10.64	-4.77702E-05
10.66	-5.06604E-05
10.68	-5.35943E-05
10.7	-5.65724E-05
10.72	-5.9595E-05
10.74	-6.26623E-05
10.76	-6.57749E-05
10.78	-6.8933E-05
10.8	-7.21369E-05
10.82	-7.53869E-05
10.84	-7.86834E-05
10.86	-8.20265E-05
10.88	-8.54164E-05
10.9	-8.88534E-05
10.92	-9.23377E-05
10.94	-9.58696E-05
10.96	-9.94494E-05
10.98	-0.000103077
11	-0.000106754
11.02	-0.00011048
11.04	-0.000114255
11.06	-0.000118079
11.08	-0.000121953
11.1	-0.000125878
11.12	-0.000129853
11.14	-0.000133879
11.16	-0.000137956
11.18	-0.000142084
11.2	-0.000146263
11.22	-0.000150494
11.24	-0.000154777
11.26	-0.000159113
11.28	-0.0001635
11.3	-0.000167941
11.32	-0.000172434
11.34	-0.00017698
11.36	-0.000181579
11.38	-0.000186232
11.4	-0.000190938
11.42	-0.000195698
11.44	-0.000200513
11.46	-0.000205381
11.48	-0.000210304
11.5	-0.000215282
11.52	-0.000220314
11.54	-0.000225402
11.56	-0.000230545
11.58	-0.000235743
11.6	-0.000240997
11.62	-0.000246307
11.64	-0.000251672
11.66	-0.000257094
11.68	-0.000262571
11.7	-0.000268105
11.72	-0.000273695
11.74	-0.000279342
11.76	-0.000285046
11.78	-0.000290807
11.8	-0.000296625
11.82	-0.0003025
11.84	-0.000308432
11.86	-0.000314422
11.88	-0.000320469
11.9	-0.000326573
11.92	-0.000332735
11.94	-0.000338954
11.96	-0.00034523
11.98	-0.000351564
12	-0.000357956
12.02	-0.000364404
12.04	-0.000370911
12.06	-0.000377475
12.08	-0.000384096
12.1	-0.000390775
12.12	-0.000397512
12.14	-0.000404306
12.16	-0.000411157
12.18	-0.000418066
12.2	-0.000425033
12.22	-0.000432057
12.24	-0.000439137
12.26	-0.000446276
12.28	-0.000453471
12.3	-0.000460723
12.32	-0.000468031
12.34	-0.000475396
12.36	-0.000482818
12.38	-0.000490296
12.4	-0.000497829
12.42	-0.000505419
12.44	-0.000513064
12.46	-0.000520765
12.48	-0.00052852
12.5	-0.000536331
12.52	-0.000544196
12.54	-0.000552115
12.56	-0.000560088
12.58	-0.000568115
12.6	-0.000576196
12.62	-0.000584329
12.64	-0.000592516
12.66	-0.000600754
12.68	-0.000609044
12.7	-0.000617386
12.72	-0.000625779
12.74	-0.000634222
12.76	-0.000642716
12.78	-0.00065126
12.8	-0.000659853
12.82	-0.000668495
12.84	-0.000677186
12.86	-0.000685925
12.88	-0.000694711
12.9	-0.000703544
12.92	-0.000712424
12.94	-0.000721349
12.96	-0.000730319
12.98	-0.000739333
13	-0.000748391
13.02	-0.000757493
13.04	-0.000766637
13.06	-0.000775822
13.08	-0.000785048
13.1	-0.000794315
13.12	-0.000803621
13.14	-0.000812966
13.16	-0.000822349
13.18	-0.00083177
13.2	-0.000841226
13.22	-0.000850718
13.24	-0.000860245
13.26	-0.000869806
13.28	-0.000879399
13.3	-0.000889024
13.32	-0.000898681
13.34	-0.000908367
13.36	-0.000918083
13.38	-0.000927826
13.4	-0.000937596
13.42	-0.000947392
13.44	-0.000957213
13.46	-0.000967058
13.48	-0.000976925
13.5	-0.000986813
13.52	-0.000996722
13.54	-0.001006649
13.56	-0.001016594
13.58	-0.001026556
13.6	-0.001036533
13.62	-0.001046523
13.64	-0.001056526
13.66	-0.00106654
13.68	-0.001076564
13.7	-0.001086595
13.72	-0.001096633
13.74	-0.001106677
13.76	-0.001116724
13.78	-0.001126774
13.8	-0.001136824
13.82	-0.001146873
13.84	-0.00115692
13.86	-0.001166962
13.88	-0.001176999
13.9	-0.001187028
13.92	-0.001197048
13.94	-0.001207057
13.96	-0.001217054
13.98	-0.001227035
14	-0.001237
14.02	-0.001246947
14.04	-0.001256873
14.06	-0.001266777
14.08	-0.001276657
14.1	-0.00128651
14.12	-0.001296335
14.14	-0.00130613
14.16	-0.001315892
14.18	-0.001325619
14.2	-0.001335309
14.22	-0.001344961
14.24	-0.001354571
14.26	-0.001364137
14.28	-0.001373658
14.3	-0.00138313
14.32	-0.001392552
14.34	-0.001401921
14.36	-0.001411235
14.38	-0.00142049
14.4	-0.001429685
14.42	-0.001438818
14.44	-0.001447884
14.46	-0.001456883
14.48	-0.001465811
14.5	-0.001474665
14.52	-0.001483443
14.54	-0.001492142
14.56	-0.00150076
14.58	-0.001509293
14.6	-0.001517739
14.62	-0.001526094
14.64	-0.001534357
14.66	-0.001542522
14.68	-0.001550589
14.7	-0.001558553
14.72	-0.001566411
14.74	-0.001574161
14.76	-0.001581799
14.78	-0.001589322
14.8	-0.001596726
14.82	-0.001604009
14.84	-0.001611167
14.86	-0.001618196
14.88	-0.001625094
14.9	-0.001631857
14.92	-0.00163848
14.94	-0.001644962
14.96	-0.001651298
14.98	-0.001657484
15	-0.001664451
15.02	-0.001670881
15.04	-0.001689882
15.06	-0.001951853
15.08	-0.002134316
15.1	-0.000915721
15.12	-0.002172055
15.14	-0.001052057
15.16	-0.002107248
15.18	-0.000862989
15.2	-0.001802782
15.22	-0.000355669
15.24	-0.000332671
15.26	0.005893181
15.28	0.016562045
15.3	0.023719636
15.32	-0.000523464
15.34	-0.006892983
15.36	-0.025388191
15.38	-0.032787293
15.4	-0.021056916
15.42	0.004278292
15.44	0.017339729
15.46	-0.002460216
15.48	-0.018030228
15.5	-0.019742763
15.52	-0.016313241
15.54	0.010531158
15.56	0.029179808
15.58	0.051798945
15.6	0.05647134
15.62	0.035118639
15.64	0.042830406
15.66	0.040504114
15.68	0.02346912
15.7	-0.050252705
15.72	-0.045837739
15.74	-0.026154894
15.76	-0.012701562
15.78	-0.010942795
15.8	-0.03682767
15.82	-0.061794869
15.84	-0.071279167
15.86	-0.069106373
15.88	-0.062747905
15.9	-0.0510794
15.92	-0.048761926
15.94	-0.039418989
15.96	-0.0216003
15.98	-0.005868665
16	-0.019282794
16.02	-0.016187351
16.04	-0.020999298
16.06	0.011326792
16.08	0.040510808
16.1	0.063949251
16.12	0.071592611
16.14	0.079128334
16.16	0.078077809
16.18	0.078305836
16.2	0.089880076
16.22	0.094402813
16.24	0.101303098
16.26	0.068582638
16.28	0.068423483
16.3	0.068704514
16.32	0.068321606
16.34	0.084518609
16.36	0.084139193
16.38	0.095929455
16.4	0.0846346
16.42	0.081927765
16.44	0.070935679
16.46	0.028380163
16.48	-0.05601614
16.5	-0.03730002
16.52	-0.017147193
16.54	0.014432613
16.56	0.007163209
16.58	-0.004950179
16.6	-0.030342146
16.62	-0.051437715
16.64	-0.061153089
16.66	-0.044699102
16.68	0.080543725
16.7	0.099706162
16.72	0.099563062
16.74	0.086037858
16.76	0.072141108
16.78	0.059185093
16.8	0.048815562
16.82	0.042801711
16.84	0.036930966
16.86	0.051169414
16.88	0.081588635
16.9	0.071467589
16.92	-0.063356462
16.94	-0.116161663
16.96	-0.126527449
16.98	-0.118038566
17	-0.133995834
17.02	-0.132935825
17.04	-0.133576852
17.06	-0.15596077
17.08	-0.174490026
17.1	-0.179874023
17.12	-0.209333192
17.14	-0.216345822
17.16	-0.215534754
17.18	-0.173717779
17.2	-0.193395222
17.22	-0.169183115
17.24	0.140871301
17.26	0.042127486
17.28	-0.015291534
17.3	0.104105337
17.32	0.201934545
17.34	0.249782722
17.36	0.293212129
17.38	0.334537675
17.4	0.345471639
17.42	0.34421761
17.44	0.328652413
17.46	0.336066655
17.48	0.303705617
17.5	-0.186628558
17.52	0.04814891
17.54	-0.056028171
17.56	-0.080867932
17.58	-0.074617627
17.6	0.142326749
17.62	0.17907297
17.64	0.19041046
17.66	0.164699016
17.68	0.164553554
17.7	0.135254732
17.72	-0.207335429
17.74	-0.164823026
17.76	-0.173655258
17.78	-0.19174348
17.8	-0.20257381
17.82	-0.196273514
17.84	-0.177797787
17.86	-0.205284914
17.88	-0.239853555
17.9	-0.313931244
17.92	-0.396680501
17.94	-0.371234869
17.96	-0.257261038
17.98	-0.281316965
18	-0.277015717
18.02	-0.24876673
18.04	-0.192210296
18.06	-0.146752828
18.08	-0.078752424
18.1	-0.065376279
18.12	-0.112083848
18.14	-0.134014951
18.16	-0.151313531
18.18	-0.184990251
18.2	-0.180081919
18.22	-0.155005881
18.24	-0.109674669
18.26	0.068342816
18.28	0.148970601
18.3	0.153464849
18.32	0.102871057
18.34	0.0884919
18.36	0.07904259
18.38	0.071411772
18.4	0.121931428
18.42	0.123100759
18.44	0.108933628
18.46	0.108241209
18.48	0.141861312
18.5	0.213821868
18.52	0.209641947
18.54	0.195046198
18.56	0.174795191
18.58	0.175204382
18.6	0.157923882
18.62	0.147540111
18.64	0.236742945
18.66	0.228825352
18.68	0.238803504
18.7	0.086652923
18.72	-0.015146876
18.74	-0.158220946
18.76	-0.12025781
18.78	-0.091180684
18.8	-0.079039794
18.82	-0.095110833
18.84	-0.096654014
18.86	-0.102068209
18.88	-0.133490066
18.9	-0.146674195
18.92	-0.126939227
18.94	-0.178126877
18.96	-0.184681041
18.98	-0.15886738
19	-0.130836689
19.02	-0.109196563
19.04	-0.046611708
19.06	0.035313323
19.08	-0.03834921
19.1	-0.04816306
19.12	0.011982567
19.14	0.076951685
19.16	0.101088196
19.18	0.056710864
19.2	0.070630595
19.22	0.097403817
19.24	0.149165334
19.26	0.222246375
19.28	0.249330248
19.3	0.081542319
19.32	0.118221141
19.34	0.192332224
19.36	0.207971099
19.38	0.174210335
19.4	0.166788259
19.42	0.137426553
19.44	0.105814539
19.46	0.107077346
19.48	0.124765722
19.5	0.17852036
19.52	0.170818118
19.54	0.210591496
19.56	0.217761254
19.58	0.264288527
19.6	0.206910382
19.62	0.234994064
19.64	0.21779959
19.66	0.233498344
19.68	0.083988028
19.7	-0.017001939
19.72	-0.075168752
19.74	-0.164184175
19.76	-0.174366392
19.78	-0.175092419
19.8	-0.18928452
19.82	-0.153724422
19.84	-0.139047997
19.86	-0.174169628
19.88	-0.159686659
19.9	-0.100331895
19.92	0.187849157
19.94	0.026897261
19.96	-0.07537435
19.98	-0.051769665
20	0.018358051
20.02	-0.03929745
20.04	-0.002948963
20.06	-0.00548189
20.08	0.082218275
20.1	0.124250074
20.12	0.127818561
20.14	0.10567502
20.16	-0.015974448
20.18	-0.089237965
20.2	-0.103933397
20.22	-0.068590946
20.24	-0.039560393
20.26	-0.026778638
20.28	-0.053281286
20.3	-0.058044249
20.32	-0.213600214
20.34	-0.193180934
20.36	-0.196174415
20.38	-0.200959122
20.4	-0.194414538
20.42	-0.185931997
20.44	-0.18274846
20.46	-0.133385184
20.48	-0.152483957
20.5	-0.166792649
20.52	-0.214345552
20.54	-0.17939295
20.56	-0.18978864
20.58	-0.176955108
20.6	-0.150482108
20.62	-0.121466673
20.64	-0.105657162
20.66	-0.135269074
20.68	-0.171005328
20.7	0.233331607
20.72	0.069979128
20.74	0.087072263
20.76	0.112663449
20.78	0.118852103
20.8	0.090418275
20.82	0.02669476
20.84	0.066435816
20.86	0.118102985
20.88	0.163327944
20.9	0.176075005
20.92	0.190157287
20.94	0.152269444
20.96	0.147782153
20.98	0.182023362
21	0.170334173
21.02	0.118963679
21.04	0.103838618
21.06	0.121375166
21.08	0.145765738
21.1	0.168704401
21.12	0.121741951
21.14	0.078549084
21.16	-0.004404718
21.18	0.035350661
21.2	-0.01005414
21.22	-0.039565322
21.24	-0.019652525
21.26	-0.009821777
21.28	-0.044993358
21.3	-0.071702616
21.32	-0.094557154
21.34	-0.122633288
21.36	-0.113633259
21.38	-0.122995895
21.4	-0.125748511
21.42	-0.145787789
21.44	-0.166309498
21.46	-0.124764009
21.48	-0.093453031
21.5	0.092463508
21.52	0.03398292
21.54	0.016747309
21.56	0.022328737
21.58	0.039296772
21.6	0.061835993
21.62	0.07811635
21.64	0.05831803
21.66	0.049776864
21.68	0.047340868
21.7	0.0165484
21.72	-0.019620311
21.74	-0.086392879
21.76	-0.106177536
21.78	-0.10400462
21.8	-0.075591805
21.82	-0.039216795
21.84	-0.042575517
21.86	-0.064565353
21.88	-0.078074543
21.9	-0.080748397
21.92	-0.075558179
21.94	-0.0758535
21.96	-0.047938833
21.98	-0.031302439
22	-0.008446164
22.02	0.005860465
22.04	0.018129913
22.06	0.050423229
22.08	0.065973548
22.1	0.066702009
22.12	0.097810147
22.14	0.143510148
22.16	0.148407373
22.18	0.113908229
22.2	-0.034440665
22.22	-0.034784346
22.24	-0.023341167
22.26	-0.013098486
22.28	-0.036460163
22.3	-0.057757108
22.32	-0.063382368
22.34	-0.062947341
22.36	-0.070089295
22.38	-0.072211494
22.4	-0.025655092
22.42	0.014114295
22.44	0.031121585
22.46	0.04649038
22.48	0.060703916
22.5	0.069844844
22.52	0.074868684
22.54	0.058876787
22.56	0.04858795
22.58	0.057719237
22.6	0.086710597
22.62	0.092346459
22.64	0.097307506
22.66	0.076685147
22.68	0.047973786
22.7	0.012341003
22.72	0.0209135
22.74	0.037873391
22.76	0.025224337
22.78	0.03785926
22.8	0.06829583
22.82	0.109649446
22.84	0.073397546
22.86	0.074373061
22.88	0.027351403
22.9	0.019453047
22.92	0.014924029
22.94	0.026151459
22.96	0.02772179
22.98	0.076396606
23	0.157458994
23.02	0.161737396
23.04	0.163615548
23.06	0.15571538
23.08	0.165666181
23.1	0.196896403
23.12	0.215114871
23.14	0.221284124
23.16	0.002093596
23.18	-0.164744449
23.2	-0.073965651
23.22	-0.014524352
23.24	-0.02437319
23.26	-0.028464986
23.28	-0.013129542
23.3	-0.037160668
23.32	-0.061737763
23.34	-0.116308704
23.36	-0.130129097
23.38	-0.1589743
23.4	-0.121844166
23.42	-0.099511835
23.44	-0.120015915
23.46	-0.134860466
23.48	-0.181140175
23.5	-0.171964798
23.52	-0.178193553
23.54	-0.173251369
23.56	-0.19700216
23.58	-0.199550586
23.6	-0.147424436
23.62	-0.09871807
23.64	-0.040034328
23.66	-0.01273519
23.68	0.095053526
23.7	0.059351421
23.72	0.031454723
23.74	0.043155158
23.76	0.061742926
23.78	0.040651237
23.8	0.007459597
23.82	-0.029794841
23.84	0.01542524
23.86	-0.009908072
23.88	0.069570269
23.9	0.037392947
23.92	0.044690648
23.94	-0.021158324
23.96	0.01233291
23.98	-0.020399996
24	0.045173893
24.02	0.025423182
24.04	0.026350675
24.06	0.003231287
24.08	0.021985202
24.1	-0.020389593
24.12	0.010224506
24.14	0.009305115
24.16	0.014823757
24.18	0.053934903
24.2	0.033667198
24.22	0.085398873
24.24	0.052623864
24.26	-0.150607828
24.28	-0.143123046
24.3	-0.141863509
24.32	-0.16143364
24.34	-0.131103266
24.36	-0.117787216
24.38	-0.074960868
24.4	-0.108038613
24.42	-0.105323341
24.44	-0.097823674
24.46	-0.107096632
24.48	0.13139843
24.5	0.092909509
24.52	0.08489135
24.54	0.10871915
24.56	0.071575417
24.58	0.046174031
24.6	0.045670999
24.62	-0.163432182
24.64	-0.147228872
24.66	-0.132449213
24.68	-0.123255491
24.7	-0.123953856
24.72	-0.044381119
24.74	-0.038982074
24.76	0.002205698
24.78	0.04596052
24.8	0.007445086
24.82	0.045979193
24.84	0.121997448
24.86	0.082912718
24.88	0.045173347
24.9	0.053603076
24.92	0.01796142
24.94	0.027803426
24.96	-0.008061736
24.98	-0.044035121
25	-0.033963602
25.02	-0.013470629
25.04	0.005046869
25.06	0.035292235
25.08	0.078900002
25.1	0.099219459
25.12	0.050507972
25.14	0.076325034
25.16	0.070842679
25.18	0.223223029
25.2	0.170215074
25.22	0.131596721
25.24	0.127852262
25.26	0.017106124
25.28	-0.080364103
25.3	-0.044855671
25.32	0.071411119
25.34	0.02698668
25.36	0.035908311
25.38	0.037429894
25.4	0.029439416
25.42	0.040136785
25.44	0.049702281
25.46	0.026216735
25.48	0.032802385
25.5	0.035839864
25.52	0.052790291
25.54	0.058810416
25.56	0.06413856
25.58	0.069169569
25.6	0.093207477
25.62	0.111887031
25.64	0.124937432
25.66	0.133758118
25.68	0.120576476
25.7	0.091398557
25.72	0.025137369
25.74	-0.017430786
25.76	-0.044308525
25.78	-0.039910513
25.8	-0.037131861
25.82	-0.043033882
25.84	-0.026946569
25.86	-0.046176092
25.88	-0.068489144
25.9	-0.091444637
25.92	-0.112907043
25.94	-0.120881701
25.96	-0.137610023
25.98	-0.129057839
26	-0.127238064
26.02	-0.128395577
26.04	-0.144003082
26.06	-0.166452888
26.08	-0.153443836
26.1	-0.166460646
26.12	-0.156915944
26.14	-0.157037707
26.16	-0.146195494
26.18	-0.143999437
26.2	-0.124716757
26.22	-0.096721576
26.24	0.040052116
26.26	0.026343446
26.28	0.100781979
26.3	0.106418989
26.32	0.093506022
26.34	0.046809545
26.36	0.039708215
26.38	0.043485621
26.4	0.074115714
26.42	0.092151246
26.44	0.118666171
26.46	0.149190904
26.48	0.15810538
26.5	0.159147663
26.52	0.12525617
26.54	0.101124357
26.56	0.078438551
26.58	0.057665533
26.6	-0.048344589
26.62	0.000184571
26.64	-0.012050189
26.66	-0.059722126
26.68	-0.061565033
26.7	-0.070957249
26.72	-0.095477001
26.74	-0.128937065
26.76	-0.144177583
26.78	-0.145210272
26.8	-0.139007315
26.82	-0.125383186
26.84	-0.12308335
26.86	-0.114529398
26.88	-0.106109676
26.9	-0.0005433
26.92	0.042829568
26.94	0.039965205
26.96	0.057399118
26.98	0.076803522
27	0.095447903
27.02	0.109653235
27.04	0.135416868
27.06	0.16926903
27.08	0.15486293
27.1	0.17825082
27.12	0.223037862
27.14	0.243845015
27.16	0.24345261
27.18	0.251949662
27.2	0.21912961
27.22	0.15721644
27.24	-0.021640736
27.26	-0.116779619
27.28	-0.056172877
27.3	-0.059018591
27.32	-0.094006741
27.34	-0.130850897
27.36	-0.134848602
27.38	-0.135033296
27.4	-0.136678835
27.42	-0.150935718
27.44	-0.16732254
27.46	-0.186066657
27.48	-0.190630326
27.5	-0.211178113
27.52	-0.218310718
27.54	-0.195890276
27.56	-0.172929385
27.58	-0.179839802
27.6	-0.137199172
27.62	-0.09646183
27.64	-0.122943724
27.66	-0.103813767
27.68	-0.090312097
27.7	-0.084051695
27.72	0.084512368
27.74	0.006153881
27.76	0.06514316
27.78	0.114888431
27.8	0.095380578
27.82	0.057344283
27.84	0.042933042
27.86	0.039191935
27.88	0.055128145
27.9	0.061744825
27.92	0.08023791
27.94	0.089725197
27.96	0.090493124
27.98	0.083702665
28	0.071916506
28.02	0.056178105
28.04	0.024443604
28.06	-0.010660283
28.08	-0.024729823
28.1	-0.015798255
28.12	0.031646933
28.14	0.028698689
28.16	0.012734082
28.18	0.029820849
28.2	0.021909268
28.22	0.02600189
28.24	0.107112318
28.26	0.099683912
28.28	0.040186792
28.3	0.036953221
28.32	0.033100713
28.34	0.032500489
28.36	0.031580914
28.38	0.06639741
28.4	0.100013253
28.42	0.145489275
28.44	0.142220511
28.46	0.140755933
28.48	0.110368949
28.5	-0.070932386
28.52	0.008119294
28.54	-0.086874935
28.56	-0.070068161
28.58	0.032653695
28.6	0.010668582
28.62	-0.002242154
28.64	-0.105470885
28.66	-0.016719972
28.68	-0.031878574
28.7	-0.007373793
28.72	0.009999837
28.74	-0.000454596
28.76	-0.111689331
28.78	-0.047761435
28.8	-0.090542046
28.82	-0.105311709
28.84	-0.091629069
28.86	-0.063077921
28.88	-0.021446041
28.9	-0.011906558
28.92	-0.014531727
28.94	-0.035195241
28.96	-0.034617243
28.98	-0.050881264
29	-0.057218628
29.02	-0.022043931
29.04	0.037776007
29.06	0.01813071
29.08	0.099973021
29.1	-0.010948832
29.12	-0.017386365
29.14	0.017320182
29.16	-0.042151488
29.18	-0.067716938
29.2	-0.07224317
29.22	-0.046645956
29.24	0.10294715
29.26	0.094285693
29.28	0.077456835
29.3	0.099852103
29.32	0.115121982
29.34	0.084935812
29.36	0.051686777
29.38	0.064766209
29.4	0.039705271
29.42	0.034815392
29.44	0.053651185
29.46	0.095829053
29.48	0.13694385
29.5	0.16248396
29.52	0.161866527
29.54	0.113081304
29.56	0.139052058
29.58	0.193802032
29.6	0.181349596
29.62	0.202185698
29.64	0.096397738
29.66	0.029729986
29.68	0.038679945
29.7	0.034193415
29.72	-0.033699102
29.74	-0.088482522
29.76	-0.096281828
29.78	-0.109657461
29.8	-0.119743665
29.82	-0.138857845
29.84	-0.129606434
29.86	-0.125296261
29.88	-0.101443394
29.9	-0.085047593
29.92	-0.102521912
29.94	-0.113429572
29.96	-0.135275379
29.98	-0.135126095
30	-0.118358893
30.02	-0.073989113
30.04	-0.037519773
30.06	0.041013229
30.08	-0.000492384
30.1	-0.023478385
30.12	0.001378572
30.14	0.022743011
30.16	0.057717465
30.18	0.087025662
30.2	0.096671337
30.22	0.094553862
30.24	0.064962755
30.26	0.02909681
30.28	0.01716375
30.3	0.054894641
30.32	0.06436326
30.34	0.075778195
30.36	0.069650298
30.38	0.041312768
30.4	-0.002355362
30.42	-0.039007417
30.44	-0.061785835
30.46	-0.076719765
30.48	-0.085205311
30.5	-0.07230119
30.52	-0.076004566
30.54	-0.075055746
30.56	-0.080890041
30.58	-0.096381749
30.6	-0.095563648
30.62	-0.110157945
30.64	-0.11181394
30.66	-0.07096651
30.68	0.003544355
30.7	0.102997943
30.72	0.11076953
30.74	0.102387124
30.76	0.131715689
30.78	0.157013123
30.8	0.171949938
30.82	0.18089726
30.84	0.182585256
30.86	0.178324726
30.88	0.178671633
30.9	0.166547298
30.92	0.162740935
30.94	0.165802188
30.96	0.139699414
30.98	0.085364117
31	0.085930878
31.02	0.066823869
31.04	0.045122175
31.06	-0.046047142
31.08	-0.132484072
31.1	-0.105488715
31.12	-0.094265408
31.14	-0.127112645
31.16	-0.137568824
31.18	-0.156807747
31.2	-0.176638189
31.22	-0.185396733
31.24	-0.200195817
31.26	-0.2136743
31.28	-0.207440738
31.3	-0.204720374
31.32	-0.211197753
31.34	-0.196497043
31.36	-0.169429949
31.38	-0.154452024
31.4	-0.133423732
31.42	-0.095251695
31.44	-0.051488225
31.46	-0.022668876
31.48	-0.033884832
31.5	-0.043225438
31.52	-0.025394676
31.54	0.014845698
31.56	0.062295196
31.58	0.079942965
31.6	0.090146914
31.62	0.097272875
31.64	0.123097304
31.66	0.133302266
31.68	0.139387141
31.7	0.134509991
31.72	0.141025842
31.74	0.134644537
31.76	0.129940414
31.78	0.121141362
31.8	0.112226853
31.82	0.090014399
31.84	0.02411972
31.86	-0.002514043
31.88	0.009823782
31.9	-0.033676391
31.92	-0.058491821
31.94	-0.033553428
31.96	-0.012700557
31.98	-0.045857987
32	-0.072311171
32.02	-0.068490515
32.04	-0.071635561
32.06	-0.060844248
32.08	-0.048087536
32.1	-0.028344881
32.12	-0.024427149
32.14	0.029940291
32.16	0.063884178
32.18	0.088259563
32.2	0.103816358
32.22	0.108224267
32.24	0.099678394
32.26	0.087754606
32.28	0.080000591
32.3	0.056866172
32.32	0.042321832
32.34	0.031017916
32.36	0.019735377
32.38	0.025974007
32.4	0.004572626
32.42	0.016775488
32.44	0.011180732
32.46	0.027441832
32.48	-0.107898222
32.5	-0.089140263
32.52	-0.075860988
32.54	-0.108606496
32.56	-0.125623743
32.58	-0.126594628
32.6	-0.114824815
32.62	-0.092398647
32.64	-0.094331015
32.66	-0.096854292
32.68	-0.123258168
32.7	-0.123809128
32.72	-0.124452669
32.74	-0.103649113
32.76	-0.084691467
32.78	-0.07873852
32.8	-0.05366489
32.82	-0.035866589
32.84	-0.021485566
32.86	-0.002251191
32.88	0.004682245
32.9	-0.007086238
32.92	-0.023334058
32.94	0.050887394
32.96	0.085553666
32.98	0.114566188
33	0.125318453
33.02	0.105141014
33.04	0.092281359
33.06	0.065918375
33.08	0.056503813
33.1	0.066586931
33.12	0.068302512
33.14	0.083492056
33.16	0.095409254
33.18	0.103969726
33.2	0.098382628
33.22	0.087711684
33.24	0.08737395
33.26	0.092496214
33.28	0.099592624
33.3	0.094959429
33.32	0.116095746
33.34	0.11810344
33.36	0.101816029
33.38	0.056552771
33.4	0.000770065
33.42	-0.025496312
33.44	-0.029505694
33.46	-0.05443643
33.48	-0.067846153
33.5	-0.083949254
33.52	-0.085861588
33.54	-0.086313292
33.56	-0.080963433
33.58	-0.086555311
33.6	-0.094609443
33.62	-0.074940833
33.64	-0.064774747
33.66	-0.039754088
33.68	-0.036722477
33.7	-0.034591754
33.72	0.014111767
33.74	0.023776117
33.76	0.024735318
33.78	0.030193515
33.8	0.029420493
33.82	0.034627966
33.84	0.034137853
33.86	0.010996874
33.88	-0.022770382
33.9	-0.036325721
33.92	-0.039355697
33.94	-0.029436175
33.96	-0.040439475
33.98	-0.059893289
34	-0.084999609
34.02	-0.074797994
34.04	-0.056556667
34.06	-0.045055437
34.08	-0.073858027
34.1	-0.017652408
34.12	-0.024739529
34.14	-0.011869151
34.16	-0.019329846
34.18	-0.031679237
34.2	-0.028703898
34.22	-0.022344792
34.24	-0.039405482
34.26	-0.057832075
34.28	-0.043964916
34.3	0.048450492
34.32	0.022614018
34.34	0.058873517
34.36	0.078195009
34.38	0.082260458
34.4	0.078504613
34.42	0.065108836
34.44	0.036850053
34.46	0.0171395
34.48	0.021496692
34.5	0.013343915
34.52	0.006022199
34.54	-0.009810465
34.56	-0.018141432
34.58	-0.027126869
34.6	-0.008597445
34.62	0.029795018
34.64	0.046481727
34.66	0.055079764
34.68	0.054998058
34.7	0.083810633
34.72	0.104271207
34.74	0.110806897
34.76	0.099115075
34.78	0.069073728
34.8	0.043343717
34.82	0.038102439
34.84	0.034252365
34.86	0.031913665
34.88	-0.025758858
34.9	-0.0693156
34.92	-0.086225462
34.94	-0.10154265
34.96	-0.109885271
34.98	-0.103517385
35	-0.095504998
35.02	-0.091303179
35.04	-0.079920228
35.06	-0.079071177
35.08	-0.10158871
35.1	-0.122420405
35.12	-0.143135991
35.14	-0.147316041
35.16	-0.132140655
35.18	-0.099358812
35.2	-0.057791591
35.22	-0.034198768
35.24	-0.035588441
35.26	-0.038213239
35.28	-0.034124171
35.3	0.05378537
35.32	0.084795424
35.34	0.087993608
35.36	0.102365748
35.38	0.108573966
35.4	0.099838568
35.42	0.062088324
35.44	-0.011387589
35.46	-0.015827801
35.48	-0.015973857
35.5	0.004325134
35.52	0.011829924
35.54	0.024000507
35.56	0.008992053
35.58	0.03812883
35.6	0.025265324
35.62	0.016135052
35.64	0.018836731
35.66	0.02954769
35.68	0.021541205
35.7	0.03921958
35.72	0.022975963
35.74	-0.039949425
35.76	-0.034898135
35.78	-0.026782695
35.8	-0.005444691
35.82	0.02827644
35.84	0.044880543
35.86	0.022911909
35.88	0.016847732
35.9	0.082508455
35.92	0.075771998
35.94	0.081144078
35.96	0.067735764
35.98	0.048598428
36	0.044716287
36.02	0.030277129
36.04	0.030655027
36.06	0.022748092
36.08	0.016159174
36.1	0.027570309
36.12	0.038993666
36.14	0.057550153
36.16	0.094292982
36.18	0.107708826
36.2	0.116479612
36.22	0.117574903
36.24	0.098171901
36.26	0.085975178
36.28	0.074308619
36.3	-0.059779944
36.32	-0.057902295
36.34	0.007938166
36.36	-0.003339665
36.38	-0.03340303
36.4	-0.051959068
36.42	-0.060105212
36.44	-0.045622594
36.46	-0.045910689
36.48	-0.030070358
36.5	-0.048029209
36.52	-0.077072222
36.54	-0.087726594
36.56	-0.091327307
36.58	-0.099482632
36.6	-0.122494989
36.62	-0.137647417
36.64	-0.155025253
36.66	-0.155701105
36.68	-0.155472856
36.7	-0.142057488
36.72	-0.11051562
36.74	-0.07024502
36.76	-0.009980115
36.78	0.080706453
36.8	0.096854953
36.82	0.08623065
36.84	0.081160648
36.86	0.063570601
36.88	0.046600531
36.9	0.050747487
36.92	0.071284699
36.94	0.076132613
36.96	0.061414726
36.98	0.043939427
37	0.001091127
37.02	-0.027188995
37.04	-0.025672749
37.06	-0.019304833
37.08	-0.003218383
37.1	0.039606247
37.12	0.051321162
37.14	0.051975588
37.16	0.025394486
37.18	-0.013993342
37.2	-0.020442378
37.22	-0.012405285
37.24	-0.022803118
37.26	-0.005822014
37.28	0.000758677
37.3	0.012551489
37.32	0.018910761
37.34	0.017604286
37.36	0.035595053
37.38	0.030807291
37.4	0.032863384
37.42	0.035565664
37.44	0.039626076
37.46	0.057338832
37.48	0.096770786
37.5	0.073721188
37.52	0.054657963
37.54	0.017476611
37.56	-0.00445897
37.58	-0.024598116
37.6	-0.05054929
37.62	-0.033839816
37.64	-0.033582839
37.66	-0.039335225
37.68	-0.055171627
37.7	-0.079658209
37.72	-0.097593722
37.74	-0.100788948
37.76	-0.087025399
37.78	-0.060387968
37.8	-0.041938822
37.82	-0.055336911
37.84	-0.06902652
37.86	-0.100869981
37.88	-0.124531789
37.9	-0.132728439
37.92	-0.124771299
37.94	-0.103726219
37.96	-0.067500315
37.98	-0.061151921
38	-0.07846089
38.02	-0.060198625
38.04	-0.024145502
38.06	-0.01692663
38.08	-0.041941887
38.1	-0.043316332
38.12	-0.056749292
38.14	-0.045546117
38.16	-0.031673014
38.18	-0.035894215
38.2	-0.040420602
38.22	-0.016774492
38.24	0.014121924
38.26	0.049750481
38.28	0.064111533
38.3	0.074119388
38.32	0.087187652
38.34	0.105062213
38.36	0.102070543
38.38	0.095344964
38.4	0.095544359
38.42	0.10079049
38.44	0.098071075
38.46	0.076763986
38.48	0.050208261
38.5	-0.017249897
38.52	-0.036749867
38.54	-0.060197941
38.56	-0.057076258
38.58	-0.064715461
38.6	-0.068498255
38.62	-0.076535858
38.64	-0.081850442
38.66	-0.078655565
38.68	-0.07006489
38.7	-0.053809459
38.72	-0.00664378
38.74	0.008680111
38.76	0.02088761
38.78	0.018416065
38.8	0.006483035
38.82	0.002900297
38.84	0.003485973
38.86	0.010162038
38.88	0.0182793
38.9	0.024715467
38.92	0.038914733
38.94	0.041752391
38.96	0.043203244
38.98	-0.021002224
39	-0.046084938
39.02	-0.096050586
39.04	-0.060619002
39.06	-0.031885831
39.08	-0.017330237
39.1	-0.009520231
39.12	-0.017222843
39.14	-0.035752963
39.16	-0.054528716
39.18	-0.084303242
39.2	-0.081304999
39.22	-0.053368179
39.24	-0.03974428
39.26	-0.019661747
39.28	-0.016498354
39.3	-0.007161628
39.32	0.002666345
39.34	0.00158662
39.36	-0.01048379
39.38	-0.012188179
39.4	-0.007943401
39.42	0.066013743
39.44	0.079205507
39.46	0.094617776
39.48	0.105854912
39.5	0.127079794
39.52	0.134616048
39.54	0.107280652
39.56	0.075875966
39.58	0.145646882
39.6	0.083109098
39.62	-0.036253141
39.64	0.02174456
39.66	0.018260051
39.68	0.015738723
39.7	0.029681696
39.72	0.067082666
39.74	0.108215217
39.76	0.129824966
39.78	0.114243722
39.8	0.106765256
39.82	0.086075013
39.84	0.060619141
39.86	0.065345336
39.88	0.109810788
39.9	0.164064011
39.92	0.165797653
39.94	0.13769366
39.96	0.097681172
39.98	0.074269643
40	0.038653109
40.02	0.001810488
40.04	-0.028394468
40.06	-0.022840036
40.08	-0.030649051
40.1	-0.046570516
40.12	-0.05805572
40.14	-0.068831801
40.16	-0.06574731
40.18	-0.070300302
40.2	-0.053713258
40.22	-0.050117042
40.24	-0.043702608
40.26	-0.03977641
40.28	-0.023165169
40.3	-0.003504472
40.32	0.005959071
40.34	0.011976345
40.36	0.00112878
40.38	0.011003683
40.4	0.010878645
40.42	0.032782443
40.44	0.03036939
40.46	0.008623622
40.48	-0.024535278
40.5	-0.040796917
40.52	-0.03807671
40.54	-0.005381164
40.56	-0.002584836
40.58	-0.011118963
40.6	-0.02091056
40.62	-0.027910202
40.64	-0.034376819
40.66	-0.039365394
40.68	-0.03603353
40.7	0.143368785
40.72	0.136523262
40.74	0.114148458
40.76	0.126531293
40.78	0.141527211
40.8	0.127668468
40.82	0.134510416
40.84	0.140798056
40.86	0.15106685
40.88	0.151334531
40.9	0.150597247
40.92	0.151237217
40.94	0.1482462
40.96	0.141089588
40.98	0.129449845
41	-0.005435568
41.02	-0.014800148
41.04	-0.053074487
41.06	-0.059586892
41.08	-0.046716233
41.1	-0.010314359
41.12	0.053332527
41.14	0.026025671
41.16	-0.006761945
41.18	-0.028618385
41.2	-0.031970047
41.22	-0.072555309
41.24	-0.088272118
41.26	-0.078096569
41.28	0.090139657
41.3	0.102782023
41.32	0.079814785
41.34	0.089474548
41.36	0.096871968
41.38	0.076953858
41.4	0.084239255
41.42	0.078392036
41.44	0.07216321
41.46	0.056040279
41.48	-0.04739943
41.5	-0.070169056
41.52	-0.104375209
41.54	-0.136711424
41.56	-0.154368464
41.58	-0.124958204
41.6	-0.165642852
41.62	-0.185669466
41.64	-0.10683043
41.66	-0.186865751
41.68	-0.101064261
41.7	-0.116988845
41.72	-0.072804718
41.74	-0.065163856
41.76	-0.058053685
41.78	-0.070634665
41.8	-0.084642982
41.82	-0.072258398
41.84	-0.071232497
41.86	-0.058616379
41.88	-0.064537608
41.9	-0.068671529
41.92	-0.083393813
41.94	-0.081700443
41.96	-0.035254626
41.98	0.120423461
42	0.152615603
42.02	0.106437793
42.04	0.086861682
42.06	0.079830383
42.08	0.04638602
42.1	0.004623848
42.12	-0.058690588
42.14	-0.038518683
42.16	-0.019937224
42.18	-0.012234951
42.2	0.000625178
42.22	0.006952991
42.24	0.023782512
42.26	0.045626722
42.28	0.063306017
42.3	0.079522731
42.32	0.08985945
42.34	0.078615557
42.36	0.070191701
42.38	0.05143146
42.4	-0.02736503
42.42	-0.066567071
42.44	-0.072615301
42.46	-0.093583591
42.48	-0.108080313
42.5	-0.114049332
42.52	-0.109098273
42.54	-0.10638594
42.56	-0.104547439
42.58	-0.089995276
42.6	-0.068878203
42.62	-0.048866407
42.64	-0.074899166
42.66	-0.094153863
42.68	-0.102028896
42.7	-0.104375043
42.72	-0.115445321
42.74	-0.100253665
42.76	-0.002745798
42.78	0.0016698
42.8	-0.015483356
42.82	-0.017595945
42.84	-0.020453168
42.86	-0.024016488
42.88	-0.028093457
42.9	-0.027209851
42.92	-0.028890005
42.94	-0.065904661
42.96	-0.083943922
42.98	-0.098167882
43	-0.100136416
43.02	-0.109514836
43.04	-0.108942638
43.06	-0.096129034
43.08	-0.079768398
43.1	-0.062259092
43.12	0.014894303
43.14	0.023593459
43.16	-0.024341168
43.18	-0.01309877
43.2	0.000114436
43.22	-0.015942928
43.24	-0.00363203
43.26	0.020244019
43.28	0.019446404
43.3	0.019921983
43.32	0.034980301
43.34	0.045864581
43.36	0.052205213
43.38	0.062690931
43.4	0.073387408
43.42	0.092068281
43.44	0.106420324
43.46	0.097103878
43.48	0.096738274
43.5	0.106275885
43.52	0.091233808
43.54	0.042699074
43.56	-0.007719516
43.58	-0.026583628
43.6	-0.033614831
43.62	-0.029559752
43.64	-0.0303365
43.66	-0.019096618
43.68	0.004587368
43.7	0.015443499
43.72	0.044372126
43.74	0.061562519
43.76	0.082386323
43.78	0.096163606
43.8	0.098272758
43.82	0.098666556
43.84	0.089472819
43.86	0.066037607
43.88	0.052123881
43.9	0.04485999
43.92	0.019326998
43.94	-0.05941356
43.96	-0.090683165
43.98	-0.057478079
44	-0.053561265
44.02	-0.052812705
44.04	-0.048847376
44.06	-0.050477013
44.08	-0.042824765
44.1	-0.034233783
44.12	-0.0277256
44.14	-0.040511742
44.16	-0.04509968
44.18	-0.043937489
44.2	-0.028369186
44.22	-0.008734178
44.24	0.010346617
44.26	0.009410736
44.28	0.006614232
44.3	-0.00013953
44.32	-0.004840822
44.34	-0.016972843
44.36	-0.029269795
44.38	-0.027322395
44.4	-0.035302024
44.42	-0.031328299
44.44	-0.038569912
44.46	-0.048432366
44.48	-0.054064014
44.5	-0.040805958
44.52	-0.035407292
44.54	-0.020351169
44.56	-0.007770799
44.58	0.01275087
44.6	0.021842748
44.62	0.019242627
44.64	0.016266372
44.66	0.039284415
44.68	0.095623367
44.7	0.075775526
44.72	0.063230808
44.74	0.080091906
44.76	0.074198579
44.78	0.058089158
44.8	0.051892177
44.82	0.051687233
44.84	0.066863123
44.86	0.067397434
44.88	0.068905258
44.9	0.05924772
44.92	0.048454959
44.94	0.027603544
44.96	0.000230888
44.98	-0.003670129
45	-0.054749094
45.02	-0.037349798
45.04	-0.030152228
45.06	-0.032921218
45.08	-0.012739509
45.1	0.005856749
45.12	0.009715291
45.14	-0.002130873
45.16	0.01810729
45.18	0.027312247
45.2	0.035322187
45.22	0.052058485
45.24	0.058896329
45.26	0.048559508
45.28	0.036665885
45.3	0.038022586
45.32	0.03091047
45.34	0.022302028
45.36	0.013943042
45.38	0.000157931
45.4	-0.029872969
45.42	-0.059230398
45.44	-0.078063302
45.46	-0.084222953
45.48	-0.087792915
45.5	-0.092258601
45.52	-0.086814673
45.54	-0.080423247
45.56	-0.082310677
45.58	-0.073421611
45.6	-0.07047467
45.62	-0.043962063
45.64	-0.070025784
45.66	-0.024245786
45.68	-0.03969624
45.7	-0.020262733
45.72	0.012028007
45.74	0.027761985
45.76	0.038923053
45.78	0.020612772
45.8	0.001454731
45.82	-0.006611803
45.84	-0.029717228
45.86	-0.038794135
45.88	-0.048863041
45.9	-0.045334835
45.92	-0.046587813
45.94	-0.04706673
45.96	-0.035211092
45.98	-0.01348622
46	0.032529005
46.02	0.028980376
46.04	0.04209428
46.06	0.041498444
46.08	0.036028892
46.1	0.017517319
46.12	0.019122137
46.14	0.027195023
46.16	0.036996896
46.18	0.04462599
46.2	0.063031557
46.22	0.073889256
46.24	0.082951374
46.26	0.076519989
46.28	0.074976374
46.3	0.063855482
46.32	0.066207621
46.34	0.053715499
46.36	0.048220877
46.38	0.044753563
46.4	0.031126995
46.42	-0.067478379
46.44	-0.079846134
46.46	-0.045224122
46.48	-0.035688036
46.5	-0.015432782
46.52	0.015304079
46.54	0.00316548
46.56	-0.018782291
46.58	-0.020662947
46.6	-0.027731613
46.62	-0.043957348
46.64	-0.046764406
46.66	-0.041056563
46.68	-0.0390097
46.7	-0.023665406
46.72	0.006324872
46.74	0.021995506
46.76	0.027383871
46.78	0.023825323
46.8	0.026970674
46.82	0.020392022
46.84	0.024144352
46.86	0.056517509
46.88	0.041668388
46.9	-0.056945572
46.92	-0.039121898
46.94	-0.038537672
46.96	-0.04116201
46.98	-0.043226615
47	-0.05739981
47.02	-0.060184881
47.04	-0.051992216
47.06	-0.042252359
47.08	-0.029594531
47.1	-0.014487707
47.12	0.023054504
47.14	0.044289867
47.16	0.050143532
47.18	0.057182372
47.2	0.059358559
47.22	0.053650247
47.24	0.055757185
47.26	0.067586024
47.28	0.070522262
47.3	0.080130693
47.32	0.083039999
47.34	0.096909665
47.36	0.097218183
47.38	0.072085449
47.4	0.056856105
47.42	0.049754283
47.44	0.074002156
47.46	0.06415288
47.48	0.062629595
47.5	0.06924746
47.52	0.057657834
47.54	0.03168305
47.56	0.014450732
47.58	0.019876759
47.6	0.040524454
47.62	0.054971831
47.64	0.070214406
47.66	0.063256641
47.68	0.045863078
47.7	0.044502414
47.72	0.03881276
47.74	0.0237812
47.76	0.015521075
47.78	0.011852152
47.8	0.013058357
47.82	-0.00711816
47.84	-0.01836382
47.86	-0.024958703
47.88	-0.024043543
47.9	-0.025013126
47.92	-0.035086831
47.94	-0.034531695
47.96	-0.035489877
47.98	-0.027758786
48	-0.032138031
48.02	-0.033890684
48.04	-0.035937679
48.06	-0.02795294
48.08	-0.027978044
48.1	-0.033695653
48.12	-0.023253607
48.14	-0.004829615
48.16	0.004555733
48.18	0.000314003
48.2	-0.010511856
48.22	-0.017886002
48.24	-0.022040792
48.26	-0.023149059
48.28	-0.023067001
48.3	-0.02677497
48.32	-0.020222673
48.34	-0.020101426
48.36	-0.018237813
48.38	-0.028428242
48.4	-0.035029119
48.42	-0.039053695
48.44	-0.033399749
48.46	-0.026354824
48.48	-0.017398394
48.5	-0.012493526
48.52	-0.012641748
48.54	-0.017089913
48.56	-0.017566178
48.58	-0.009422421
48.6	0.041347609
48.62	0.032496456
48.64	0.055434014
48.66	0.069656358
48.68	0.075373434
48.7	0.068379043
48.72	0.058097092
48.74	0.050130311
48.76	0.038293337
48.78	0.026515561
48.8	0.011513224
48.82	-0.00617711
48.84	-0.00440974
48.86	-0.013811925
48.88	-0.002585461
48.9	0.001435893
48.92	-0.000476662
48.94	-0.003641748
48.96	-0.007280369
48.98	-0.001109623
49	-0.00214469
49.02	-0.004218071
49.04	-0.046402716
49.06	-0.038507905
49.08	-0.040944641
49.1	-0.043234882
49.12	-0.048714757
49.14	-0.050231495
49.16	-0.046583793
49.18	-0.0398451
49.2	-0.026963472
49.22	-0.00915502
49.24	-0.004695151
49.26	-0.004076763
49.28	0.002656205
49.3	0.000368259
49.32	-0.008863549
49.34	-0.023323483
49.36	-0.04114865
49.38	-0.048267069
49.4	-0.042075462
49.42	-0.030774221
49.44	-0.035863228
49.46	-0.034355719
49.48	-0.034701247
49.5	-0.032525434
49.52	-0.02144684
49.54	-0.014984277
49.56	-0.005163842
49.58	-0.002021244
49.6	-0.003478123
49.62	-0.012508799
49.64	-0.014462974
49.66	-0.014869823
49.68	-0.019998296
49.7	-0.024005747
49.72	-0.028668689
49.74	-0.021310033
49.76	-0.024415956
49.78	-0.021911317
49.8	-0.009314267
49.82	-0.024099878
49.84	-0.027954373
49.86	-0.02957637
49.88	-0.01485995
49.9	-0.015261506
49.92	-0.00652772
49.94	-6.75233E-05
49.96	0.003917703
49.98	0.021733901
50	0.032390455
50.02	0.043244793
50.04	0.062674602
50.06	0.064493967
50.08	0.068016631
50.1	0.06946523
50.12	0.066318854
50.14	0.054802548
50.16	0.03831937
50.18	0.02757097
50.2	0.014447255
50.22	-0.001775
50.24	-0.02482301
50.26	-0.036724443
50.28	-0.043818219
50.3	-0.040585874
50.32	-0.023002492
50.34	-0.012058481
50.36	-0.009172464
50.38	-0.000608202
50.4	0.01610937
50.42	0.009687661
50.44	-0.002703515
50.46	-0.011121089
50.48	-0.026286343
50.5	-0.026483767
50.52	-0.029186984
50.54	-0.026298372
50.56	-0.028152503
50.58	-0.03045651
50.6	-0.028076607
50.62	-0.016984724
50.64	-0.013100507
50.66	-0.012328225
50.68	-0.015424733
50.7	-0.007058346
50.72	0.02206489
50.74	0.02765627
50.76	0.02139002
50.78	-0.006280217
50.8	-0.032688285
50.82	-0.035516336
50.84	-0.013636662
50.86	-0.027572199
50.88	-0.015185093
50.9	-0.023640824
50.92	-0.027240432
50.94	-0.031245503
50.96	-0.027989753
50.98	-0.020673109
51	-0.015240059
51.02	-0.007054637
51.04	0.007745115
51.06	0.023438015
51.08	0.02007328
51.1	0.004602239
51.12	-9.83169E-05
51.14	-0.006673071
51.16	-0.017930337
51.18	-0.002794214
51.2	0.000926198
51.22	0.008553479
51.24	0.012320979
51.26	0.026448473
51.28	0.03395669
51.3	0.042088477
51.32	0.048148167
51.34	0.047639934
51.36	0.041756619
51.38	0.036737267
51.4	0.034147592
51.42	0.033571886
51.44	0.032402746
51.46	0.030214106
51.48	0.038055007
51.5	0.02745043
51.52	0.047386367
51.54	0.04587783
51.56	0.031129015
51.58	-0.031368219
51.6	-0.017514384
51.62	-0.016890891
51.64	-0.020488539
51.66	-0.0403382
51.68	-0.049653818
51.7	-0.053674778
51.72	-0.052612608
51.74	-0.048803343
51.76	-0.045673608
51.78	-0.045498872
51.8	-0.030813059
51.82	-0.012863915
51.84	0.016974394
51.86	-0.001836614
51.88	-0.024477523
51.9	-0.013406416
51.92	-0.016162002
51.94	-0.040693925
51.96	-0.026214675
51.98	-0.021946721
52	-0.019716465
52.02	-0.021938965
52.04	-0.02341698
52.06	-0.022745456
52.08	-0.025457231
52.1	-0.027575209
52.12	-0.038046415
52.14	-0.034111032
52.16	-0.032828523
52.18	-0.028182113
52.2	-0.030863282
52.22	-0.041240359
52.24	-0.053785963
52.26	-0.05881011
52.28	-0.061861136
52.3	-0.039178323
52.32	-0.039087204
52.34	-0.04997653
52.36	-0.029274046
52.38	-0.024594507
52.4	-0.017486355
52.42	-0.011769614
52.44	0.023724931
52.46	0.019390013
52.48	0.022523717
52.5	0.02666626
52.52	0.021505143
52.54	0.015401755
52.56	0.012284905
52.58	0.006560601
52.6	0.009628486
52.62	0.021346068
52.64	0.034210096
52.66	0.041094478
52.68	0.055292924
52.7	0.071075189
52.72	0.084342022
52.74	0.084274997
52.76	0.081119996
52.78	0.076339326
52.8	0.066862001
52.82	0.061948857
52.84	0.049131525
52.86	0.03930087
52.88	0.031011033
52.9	0.025401329
52.92	0.016524188
52.94	0.015185231
52.96	0.015891758
52.98	0.01473002
53	0.014738072
53.02	0.013522393
53.04	0.009735729
53.06	0.005850312
53.08	-0.009877782
53.1	-0.014717225
53.12	-0.015405354
53.14	-0.013450992
53.16	-0.011361865
53.18	-0.004879002
53.2	-0.010439781
53.22	0.000529718
53.24	0.000380041
53.26	0.006321575
53.28	0.002269239
53.3	0.004745756
53.32	0.009562805
53.34	0.032765097
53.36	0.040430735
53.38	0.049515968
53.4	0.040032827
53.42	0.033067053
53.44	0.025736103
53.46	0.022885759
53.48	0.011950227
53.5	0.000697231
53.52	-0.01062108
53.54	-0.016307155
53.56	-0.020188784
53.58	-0.016970337
53.6	-0.016149672
53.62	-0.015574488
53.64	-0.016518301
53.66	-0.021756209
53.68	-0.011074977
53.7	-0.003843357
53.72	0.003182039
53.74	0.01518847
53.76	0.041046743
53.78	0.054731633
53.8	0.069721355
53.82	0.078380319
53.84	0.07782734
53.86	0.071795593
53.88	0.06528037
53.9	0.057471778
53.92	0.0406007
53.94	0.037633014
53.96	0.033632653
53.98	0.025089523
54	0.014514743
54.02	0.001321627
54.04	0.002463062
54.06	-0.013248342
54.08	-0.010098283
54.1	0.002147042
54.12	0.002246173
54.14	0.008037989
54.16	0.004133682
54.18	-0.002079261
54.2	-0.007218081
54.22	-0.017365611
54.24	-0.022362104
54.26	-0.02313773
54.28	-0.0234044
54.3	-0.018485851
54.32	-0.011497755
54.34	-0.000169007
54.36	0.000769723
54.38	-0.007135374
54.4	-0.007175414
54.42	-0.008241103
54.44	0.000173496
54.46	-0.00167486
54.48	-0.00514097
54.5	-0.004663933
54.52	-0.008502889
54.54	-0.015300086
54.56	-0.016564747
54.58	-0.011532732
54.6	-0.004919389
54.62	-0.001670879
54.64	-0.006261006
54.66	-0.011018804
54.68	-0.009364003
54.7	-0.016810619
54.72	-0.025932959
54.74	-0.025662126
54.76	-0.020576081
54.78	-0.015924894
54.8	-0.008905155
54.82	-0.001361338
54.84	-0.016307214
54.86	-0.021217943
54.88	-0.02565788
54.9	-0.021190552
54.92	-0.016316085
54.94	-0.008124606
54.96	-0.006726467
54.98	-0.005884792
55	-0.01005207
55.02	-0.022751175
55.04	-0.029001357
55.06	-0.037300577
55.08	-0.033345888
55.1	-0.015122728
55.12	-0.002385538
55.14	0.013341533
55.16	0.015527489
55.18	0.02477962
55.2	0.026627125
55.22	0.02571768
55.24	0.031265357
55.26	0.026969774
55.28	0.022481233
55.3	0.024859324
55.32	0.017724111
55.34	0.002551159
55.36	-0.006184515
55.38	-0.017545685
55.4	-0.016281018
55.42	-0.017630856
55.44	-0.013724552
55.46	-0.015236614
55.48	-0.046479382
55.5	-0.039674767
55.52	-0.039293847
55.54	-0.03483696
55.56	-0.031259646
55.58	-0.027194208
55.6	-0.031980624
55.62	-0.040657377
55.64	-0.046500199
55.66	-0.048245262
55.68	-0.049258299
55.7	-0.05159648
55.72	-0.043348668
55.74	-0.033615225
55.76	-0.023142602
55.78	-0.010257782
55.8	-0.007444394
55.82	0.000898444
55.84	0.003190952
55.86	0.012475511
55.88	0.016453178
55.9	0.010687064
55.92	-0.00193337
55.94	-0.033814234
55.96	-0.037023275
55.98	-0.041802089
56	-0.035909407
56.02	-0.038279854
56.04	-0.0402888
56.06	-0.050791451
56.08	-0.053272802
56.1	-0.051277654
56.12	-0.049216877
56.14	-0.041399066
56.16	-0.055436903
56.18	-0.044777889
56.2	-0.041338191
56.22	-0.033564424
56.24	-0.02701777
56.26	-0.028767398
56.28	-0.032545283
56.3	-0.03602663
56.32	-0.01392249
56.34	-0.011296188
56.36	0.001664285
56.38	0.014009212
56.4	0.024851256
56.42	0.030828094
56.44	0.037298219
56.46	0.036191151
56.48	0.036935785
56.5	0.042846385
56.52	0.046596022
56.54	0.047318622
56.56	0.042553812
56.58	0.034190762
56.6	0.029860237
56.62	0.02586536
56.64	0.020479044
56.66	0.021707422
56.68	0.019588813
56.7	0.022468511
56.72	0.030147889
56.74	0.038020679
56.76	0.038804944
56.78	0.036494912
56.8	0.028854528
56.82	0.016750674
56.84	0.00253317
56.86	-0.020014247
56.88	-0.003887845
56.9	-0.002100951
56.92	-0.012028964
56.94	-0.018196999
56.96	-0.010075647
56.98	-0.005828131
57	0.000354918
57.02	0.001366466
57.04	0.007786254
57.06	0.006307632
57.08	0.014547379
57.1	0.016104102
57.12	0.016464853
57.14	0.008389304
57.16	0.017295778
57.18	0.019732671
57.2	0.013118178
57.22	0.017128668
57.24	0.028288505
57.26	0.031022604
57.28	0.027458345
57.3	0.034565311
57.32	0.048570281
57.34	0.061704154
57.36	0.067263245
57.38	0.070271122
57.4	0.036114445
57.42	-0.001119575
57.44	-0.00504281
57.46	-0.008255904
57.48	-0.009786388
57.5	-0.018319845
57.52	-0.023645585
57.54	-0.022004211
57.56	-0.025494632
57.58	-0.027047305
57.6	-0.015993199
57.62	-0.008781943
57.64	-0.001571025
57.66	0.00031121
57.68	-0.009529656
57.7	-0.007041592
57.72	-0.003223634
57.74	-0.003222689
57.76	-0.001077514
57.78	-0.00557475
57.8	-0.005772098
57.82	-0.009809668
57.84	-0.006480137
57.86	0.003135285
57.88	0.011746017
57.9	0.029016791
57.92	0.039387517
57.94	0.041388711
57.96	0.034900139
57.98	0.029961266
58	0.024044716
58.02	0.015063811
58.04	0.008571172
58.06	0.010486087
58.08	0.015449932
58.1	0.011470659
58.12	0.011869951
58.14	0.013503416
58.16	0.013376252
58.18	0.006410362
58.2	0.00965995
58.22	0.008566036
58.24	-0.001917286
58.26	-0.005361436
58.28	-0.008039146
58.3	-0.012088294
58.32	-0.018009264
58.34	-0.018722653
58.36	-0.023523359
58.38	-0.030450204
58.4	-0.031482233
58.42	-0.03549987
58.44	-0.025022021
58.46	-0.016612306
58.48	-0.013700122
58.5	0.006689694
58.52	0.011904211
58.54	0.016589668
58.56	0.023301716
58.58	0.011535304
58.6	0.010868044
58.62	-0.002600502
58.64	-0.004556609
58.66	-0.003688773
58.68	0.003185244
58.7	0.015019996
58.72	0.019184784
58.74	0.030784243
58.76	0.030157853
58.78	0.035191636
58.8	0.029449134
58.82	0.018383699
58.84	0.009611517
58.86	-0.008202431
58.88	-0.016538178
58.9	-0.02911865
58.92	-0.035405776
58.94	-0.042759952
58.96	-0.023015918
58.98	-0.029219018
59	-0.032781178
59.02	-0.043496101
59.04	-0.039749735
59.06	-0.034068654
59.08	-0.023343093
59.1	-0.003833292
59.12	0.012617967
59.14	0.011049388
59.16	0.013710533
59.18	0.009767339
59.2	-0.003422809
59.22	-0.016065121
59.24	-0.016004883
59.26	-0.007762752
59.28	-0.015445859
59.3	0.005649032
59.32	0.010337175
59.34	0.016868538
59.36	0.0215212
59.38	0.013848376
59.4	0.003155981
59.42	-0.004982751
59.44	-0.009242329
59.46	-0.006762862
59.48	-0.013590374
59.5	-0.008373305
59.52	-0.013702438
59.54	-0.026887179
59.56	-0.019901877
59.58	-0.014111544
59.6	-0.014251109
59.62	-0.015111996
59.64	-0.00752707
59.66	-0.005943754
59.68	0.000434154
59.7	-0.006340017
59.72	-0.006551453
59.74	-0.009929766
59.76	-0.007370917
59.78	0.004885593
59.8	0.009794374
59.82	0.004265529
59.84	0.004791546
59.86	-0.002772514
59.88	-0.003526417
59.9	-0.008666627
59.92	-0.010768634
59.94	-0.016843469
59.96	-0.016249832
59.98	-0.01177454
60	-0.016541232
60.02	-0.014824951
60.04	-0.015132985
60.06	-0.01606382
60.08	-0.013814328
60.1	-0.012897703
60.12	-0.012578993
60.14	-0.011466718
60.16	-0.01080987
60.18	-0.01410321
60.2	-0.014111487
60.22	-0.010743619
60.24	-0.012496238
60.26	-0.009234875
60.28	-0.0097406
60.3	-0.007013636
60.32	0.001048608
60.34	0.009391516
60.36	0.023026212
60.38	0.028773493
60.4	0.032699417
60.42	0.030470149
60.44	0.022297948
60.46	0.010776739
60.48	-0.000855284
60.5	-0.006305034
60.52	-0.002068372
60.54	-0.000670473
60.56	-0.005109783
60.58	-0.007875465
60.6	-0.011201863
60.62	-0.004473653
60.64	-0.006741365
60.66	0.000166952
60.68	0.00962611
60.7	0.009373527
60.72	0.010999914
60.74	0.014423532
60.76	0.026718902
60.78	0.023770707
60.8	0.009906337
60.82	0.005740809
60.84	0.002105264
60.86	0.002813793
60.88	0.005473011
60.9	0.011384973
60.92	0.012994278
60.94	0.011756195
60.96	0.019229865
60.98	0.013885033
61	0.014548293
61.02	0.015296892
61.04	0.020851018
61.06	0.026758316
61.08	0.034836221
61.1	0.035129597
61.12	0.031608958
61.14	0.025044069
61.16	0.011722138
61.18	0.004248265
61.2	0.008785077
61.22	0.013557696
61.24	0.021348467
61.26	0.025326807
61.28	0.014952059
61.3	-0.007406203
61.32	-0.007114176
61.34	-0.018498435
61.36	-0.018523348
61.38	-0.017745577
61.4	-0.024258115
61.42	-0.017243546
61.44	-0.013025146
61.46	-0.005078228
61.48	-0.003257472
61.5	-0.008645427
61.52	-0.013242179
61.54	-0.010691615
61.56	-0.006130448
61.58	0.000371207
61.6	0.013736428
61.62	0.039274951
61.64	0.026582851
61.66	0.033648621
61.68	0.034473966
61.7	0.033216847
61.72	0.028658027
61.74	0.029202585
61.76	0.027577058
61.78	0.029380639
61.8	0.034614857
61.82	0.037081206
61.84	0.032050263
61.86	0.029176083
61.88	0.022528838
61.9	0.018082527
61.92	0.012906114
61.94	0.014328943
61.96	0.001603292
61.98	-0.001684154
62	-0.010715983
62.02	-0.016097843
62.04	-0.022927724
62.06	-0.027658021
62.08	-0.033082737
62.1	-0.032347685
62.12	-0.037908303
62.14	-0.034535656
62.16	-0.026777869
62.18	-0.016991855
62.2	-0.009520818
62.22	-0.010846264
62.24	-0.003449177
62.26	0.025900819
62.28	0.017047333
62.3	0.016294483
62.32	0.015220545
62.34	0.01490218
62.36	0.011277255
62.38	0.007026865
62.4	0.002017101
62.42	0.012003956
62.44	0.01730935
62.46	0.029738749
62.48	0.042976785
62.5	0.049798549
62.52	0.045964128
62.54	0.039705904
62.56	0.023565311
62.58	0.003464975
62.6	-0.011496684
62.62	-0.019135471
62.64	-0.017794307
62.66	-0.008092343
62.68	-0.001722041
62.7	0.006799707
62.72	-0.000314316
62.74	0.002115885
62.76	-0.000483262
62.78	-0.004647948
62.8	-0.010843194
62.82	-0.011779712
62.84	-0.009539439
62.86	0.005017993
62.88	0.011903615
62.9	0.00299923
62.92	-0.0072317
62.94	-0.0221939
62.96	-0.027193276
62.98	-0.025688301
63	-0.014858881
63.02	0.001756383
63.04	0.012839179
63.06	0.039628611
63.08	0.043556601
63.1	0.042180846
63.12	0.038307764
63.14	0.028909213
63.16	0.020225046
63.18	0.006729564
63.2	-0.002959996
63.22	-0.007985782
63.24	-0.011702302
63.26	-0.010568098
63.28	-0.010590145
63.3	-0.011514017
63.32	-0.017862013
63.34	-0.02088273
63.36	-0.02824789
63.38	-0.025224024
63.4	-0.031866001
63.42	-0.031774067
63.44	-0.033081836
63.46	-0.028405143
63.48	-0.055030354
63.5	-0.053914766
63.52	-0.066724856
63.54	-0.067028812
63.56	-0.068146742
63.58	-0.061126935
63.6	-0.059516019
63.62	-0.04948512
63.64	-0.042117978
63.66	-0.029042195
63.68	-0.022171958
63.7	0.035930124
63.72	0.006509801
63.74	0.006390573
63.76	0.010008849
63.78	0.00682583
63.8	0.000679218
63.82	0.002754056
63.84	0.001870482
63.86	0.00399742
63.88	0.001653212
63.9	0.007491633
63.92	0.007326842
63.94	0.008293708
63.96	0.013984734
63.98	0.013466545
64	0.000918244
64.02	-0.01157895
64.04	-0.022716325
64.06	-0.037994045
64.08	-0.044106988
64.1	-0.039815514
64.12	-0.043653082
64.14	-0.042070646
64.16	-0.03396775
64.18	-0.029727074
64.2	-0.023152294
64.22	-0.017293365
64.24	-0.012954502
64.26	-0.001279652
64.28	0.002312966
64.3	0.002701888
64.32	0.002156076
64.34	0.004331611
64.36	0.002963585
64.38	-0.010018182
64.4	-0.018418378
64.42	-0.05018555
64.44	-0.047288642
64.46	-0.042494898
64.48	-0.037753401
64.5	-0.02531591
64.52	-0.010249296
64.54	-0.010230079
64.56	-0.005709352
64.58	0.003475933
64.6	0.009473194
64.62	0.009920845
64.64	0.015424396
64.66	0.017355562
64.68	0.013727362
64.7	0.007976404
64.72	0.0023321
64.74	-0.032894332
64.76	-0.029934152
64.78	-0.033362497
64.8	-0.040498111
64.82	-0.049777916
64.84	-0.045909917
64.86	-0.044440774
64.88	-0.033278679
64.9	-0.033540033
64.92	-0.027468801
64.94	-0.025885213
64.96	-0.022572974
64.98	-0.017654749
65	-0.013354158
65.02	-0.015033443
65.04	-0.004508273
65.06	0.00321809
65.08	0.008429022
65.1	0.014698176
65.12	0.017488602
65.14	0.020627134
65.16	0.021958252
65.18	0.019697702
65.2	0.007276806
65.22	0.017350686
65.24	0.030105426
65.26	0.027721854
65.28	0.020466836
65.3	0.012410531
65.32	0.004500761
65.34	-0.004372328
65.36	-0.008019484
65.38	-0.009866693
65.4	-0.005359702
65.42	-0.007192502
65.44	-0.006342126
65.46	-0.007009656
65.48	-0.016724353
65.5	-0.017414013
65.52	-0.028376398
65.54	-0.037299764
65.56	-0.036475269
65.58	-0.027996409
65.6	-0.022939208
65.62	-0.010816184
65.64	-0.002258315
65.66	-0.003600218
65.68	-0.002588335
65.7	0.008667681
65.72	0.017369635
65.74	0.018392277
65.76	0.025038095
65.78	0.036554013
65.8	0.035721846
65.82	0.019819871
65.84	0.025731278
65.86	0.025772239
65.88	0.007350649
65.9	-0.007414178
65.92	-0.013622367
65.94	-0.007671366
65.96	-0.007561591
65.98	-0.005957299
66	-0.008734198
66.02	-0.009961379
66.04	-0.010622262
66.06	1.75629E-05
66.08	0.000417117
66.1	0.006627123
66.12	0.012546958
66.14	0.025862453
66.16	0.0360142
66.18	0.040205077
66.2	0.012432773
66.22	0.013311936
66.24	0.016539699
66.26	0.029234697
66.28	0.028354092
66.3	0.028774194
66.32	0.026541115
66.34	0.022309535
66.36	0.01472897
66.38	0.017469583
66.4	0.026557347
66.42	0.032021873
66.44	0.030336127
66.46	0.025563195
66.48	0.027406432
66.5	0.022531361
66.52	0.030370476
66.54	0.033156771
66.56	0.039601488
66.58	0.037431015
66.6	0.030641595
66.62	0.019648744
66.64	0.019361883
66.66	0.015774177
66.68	0.017988925
66.7	0.013769063
66.72	0.019810927
66.74	0.018830037
66.76	-0.004739281
66.78	0.002108846
66.8	-0.002910506
66.82	0.005252258
66.84	0.008728141
66.86	0.007420807
66.88	0.031566342
66.9	0.024772539
66.92	0.024364486
66.94	0.009367971
66.96	-0.000591233
66.98	-0.002290555
67	0.012266296
67.02	0.026476689
67.04	0.037721745
67.06	0.034345973
67.08	0.029045296
67.1	0.028086447
67.12	0.021885828
67.14	0.017619314
67.16	0.010720255
67.18	0.008091197
67.2	0.005189194
67.22	0.008417228
67.24	0.011048727
67.26	0.007446847
67.28	-0.005663925
67.3	-0.00986971
67.32	-0.01047007
67.34	-0.006005387
67.36	-0.000475762
67.38	0.0051964
67.4	0.00206979
67.42	0.000609718
67.44	-0.006164506
67.46	-0.007597503
67.48	-0.012125945
67.5	-0.013379112
67.52	-0.015279231
67.54	-0.010756706
67.56	-0.009454578
67.58	-0.007728961
67.6	0.003183691
67.62	0.029083838
67.64	0.042324705
67.66	0.048268321
67.68	0.056887157
67.7	0.056974518
67.72	0.050922154
67.74	0.045390065
67.76	0.029032183
67.78	0.015780412
67.8	-0.008647643
67.82	-0.004836616
67.84	-0.013315377
67.86	-0.020476838
67.88	-0.021406413
67.9	-0.021913082
67.92	-0.022195346
67.94	-0.018144457
67.96	-0.014402962
67.98	-0.013511357
68	-0.011809364
68.02	-0.007103227
68.04	-0.004646433
68.06	-0.008045039
68.08	-0.007138154
68.1	-0.001751473
68.12	0.007897569
68.14	0.011451539
68.16	0.014682453
68.18	0.011375733
68.2	0.00643554
68.22	0.006012594
68.24	0.009872766
68.26	0.012517018
68.28	0.01855246
68.3	0.017861996
68.32	0.017120499
68.34	0.012802149
68.36	0.008278699
68.38	0.004963722
68.4	-0.004341283
68.42	-0.006666893
68.44	-0.008585923
68.46	-0.006323634
68.48	-0.00339068
68.5	-0.003307461
68.52	-0.01087741
68.54	-0.016922554
68.56	-0.020915294
68.58	-0.028888346
68.6	-0.025935574
68.62	-0.02402555
68.64	-0.031321801
68.66	-0.031787453
68.68	-0.029957744
68.7	-0.036439408
68.72	-0.040139805
68.74	-0.038606981
68.76	-0.027941784
68.78	0.030119345
68.8	0.005733556
68.82	0.001697698
68.84	0.004503439
68.86	0.004046703
68.88	0.00754061
68.9	0.00743795
68.92	0.004191096
68.94	0.011061763
68.96	0.01777213
68.98	0.017921668
69	0.007917378
69.02	-0.002532423
69.04	-0.004931585
69.06	0.000290427
69.08	0.012019703
69.1	0.017373994
69.12	0.020458377
69.14	0.016710941
69.16	0.004689802
69.18	0.001355709
69.2	-0.007273345
69.22	-0.010596017
69.24	-0.01383388
69.26	-0.019926044
69.28	-0.020853337
69.3	-0.02087106
69.32	-0.020621318
69.34	-0.01307769
69.36	-0.020742145
69.38	-0.020411115
69.4	-0.022286849
69.42	-0.016475686
69.44	-0.010313322
69.46	-0.007229542
69.48	-0.006923251
69.5	-0.006906026
69.52	-0.003818541
69.54	0.001859746
69.56	0.007752009
69.58	0.006187598
69.6	0.007284097
69.62	0.012866041
69.64	0.012227166
69.66	0.017020699
69.68	0.020418506
69.7	0.021069201
69.72	0.021426588
69.74	0.021234891
69.76	0.016977104
69.78	0.008360037
69.8	-0.002419119
69.82	-0.007702914
69.84	-0.011611186
69.86	-0.01449582
69.88	-0.024291769
69.9	-0.020583209
69.92	-0.022707855
69.94	-0.026477453
69.96	-0.027514297
69.98	-0.025986273
70	-0.024137559
70.02	-0.014821042
70.04	-0.010980914
70.06	-0.003614518
70.08	0.000760293
70.1	0.000334027
70.12	0.004066645
70.14	0.006721333
70.16	0.015807527
70.18	0.013049855
70.2	0.01568602
70.22	0.012880426
70.24	0.005721089
70.26	0.005554471
70.28	0.012351881
70.3	0.013759886
70.32	0.017613858
70.34	0.017104163
70.36	0.017894419
70.38	0.021194633
70.4	0.024574784
70.42	0.023498655
70.44	0.015157072
70.46	0.014059511
70.48	0.017570152
70.5	0.020104584
70.52	0.025762534
70.54	0.026095873
70.56	0.021195651
70.58	0.011755785
70.6	0.009526759
70.62	0.008793365
70.64	0.015296428
70.66	0.012246952
70.68	0.010025854
70.7	0.006821991
70.72	0.00201455
70.74	-0.018978955
70.76	-0.013306909
70.78	-0.017708969
70.8	-0.016870113
70.82	-0.015191503
70.84	-0.011001593
70.86	-0.005828223
70.88	-0.008824515
70.9	-0.000113336
70.92	-0.005910139
70.94	-0.000431873
70.96	0.006691638
70.98	0.00631447
71	0.004015909
71.02	-0.003481399
71.04	-0.004874481
71.06	-0.004604977
71.08	-0.010330367
71.1	-0.004754548
71.12	-0.002704615
71.14	-0.00288873
71.16	-0.004779582
71.18	-0.007531731
71.2	-0.002351328
71.22	-0.000609859
71.24	0.002775202
71.26	0.002448954
71.28	-0.000802179
71.3	-0.008636183
71.32	-0.014097133
71.34	-0.021111803
71.36	-0.029582588
71.38	-0.033751018
71.4	-0.030695295
71.42	-0.027135313
71.44	-0.033776398
71.46	-0.03046113
71.48	-0.025669447
71.5	-0.023725165
71.52	-0.025127352
71.54	-0.020823337
71.56	-0.004125089
71.58	0.004548811
71.6	0.013066497
71.62	0.010115139
71.64	0.002443495
71.66	-0.005605076
71.68	-0.00465214
71.7	-0.000598229
71.72	-0.004519432
71.74	0.00250381
71.76	-4.61579E-05
71.78	0.001214618
71.8	-0.002293507
71.82	0.002155855
71.84	-0.000741097
71.86	-0.001937719
71.88	0.001001572
71.9	0.002652288
71.92	0.005293878
71.94	0.007264943
71.96	0.001621567
71.98	-0.007773396
72	-0.01647664
72.02	-0.017764503
72.04	-0.014887764
72.06	-0.009437209
72.08	-0.005883934
72.1	-0.005638789
72.12	-0.010626678
72.14	-0.016446995
72.16	-0.024864367
72.18	-0.029273207
72.2	-0.031992521
72.22	-0.02807536
72.24	-0.03171353
72.26	-0.026138154
72.28	-0.025708255
72.3	-0.025467879
72.32	-0.021382522
72.34	-0.010758222
72.36	0.003340114
72.38	0.007591625
72.4	0.004655138
72.42	-0.003642556
72.44	-0.003634476
72.46	-0.006724234
72.48	-0.012471383
72.5	-0.018676545
72.52	-0.023574019
72.54	-0.022797333
72.56	-0.017415996
72.58	-0.014936032
72.6	-0.019871703
72.62	-0.015149396
72.64	-0.009458545
72.66	0.000169781
72.68	0.004238086
72.7	-0.003160896
72.72	-0.01329407
72.74	-0.020889205
72.76	-0.03148856
72.78	-0.02430564
72.8	-0.027004178
72.82	-0.020414765
72.84	-0.023128709
72.86	-0.015800223
72.88	-0.016930168
72.9	-0.00761199
72.92	0.00232752
72.94	0.002202237
72.96	0.00676536
72.98	0.011676287
73	0.018737834
73.02	0.022024035
73.04	0.015711203
73.06	0.018743665
73.08	0.00450964
73.1	-0.003095607
73.12	0.000329091
73.14	0.001946153
73.16	0.006793845
73.18	0.00833346
73.2	0.010037059
73.22	0.005485182
73.24	0.000877268
73.26	-0.000984825
73.28	-0.005521682
73.3	-0.012927769
73.32	-0.013608025
73.34	-0.012011497
73.36	-0.011775437
73.38	-0.010441763
73.4	-0.008886274
73.42	-0.011830412
73.44	-0.009507443
73.46	-0.004972383
73.48	-0.001472541
73.5	0.003567923
73.52	0.002801485
73.54	0.002575061
73.56	0.002653536
73.58	0.002958235
73.6	-9.67085E-05
73.62	-0.001947502
73.64	8.01639E-05
73.66	0.008428367
73.68	0.006813969
73.7	-0.000245867
73.72	-0.004275477
73.74	-0.003042674
73.76	-0.002057984
73.78	0.010300226
73.8	0.0107004
73.82	0.003721552
73.84	0.000752852
73.86	0.001662032
73.88	0.001111094
73.9	-0.001598061
73.92	-0.002478156
73.94	0.00138896
73.96	7.09966E-05
73.98	0.005663748
74	0.00264933
74.02	0.001340577
74.04	-0.000648676
74.06	0.008907916
74.08	0.016309832
74.1	0.018853784
74.12	0.019407724
74.14	0.01647918
74.16	0.022259142
74.18	0.017618698
74.2	0.013212284
74.22	0.02084441
74.24	0.020217274
74.26	0.024852506
74.28	0.030509836
74.3	0.028683993
74.32	0.030615061
74.34	0.024199467
74.36	0.012152368
74.38	0.012793596
74.4	0.015372588
74.42	0.016618476
74.44	0.019827412
74.46	0.017080629
74.48	0.014123817
74.5	0.008588721
74.52	0.006549901
74.54	-0.001682731
74.56	-0.008243771
74.58	-0.005058316
74.6	-0.004945244
74.62	-0.000430636
74.64	0.005149592
74.66	0.012937165
74.68	0.011130313
74.7	0.01211792
74.72	0.015390578
74.74	0.017098373
74.76	0.012883046
74.78	0.008918899
74.8	0.002811271
74.82	0.003275984
74.84	0.002670452
74.86	0.008212284
74.88	0.014708269
74.9	0.014283173
74.92	0.012356168
74.94	0.010733189
74.96	0.010636605
74.98	0.013150989
75	0.01354791
75.02	0.012717863
75.04	0.007201332
75.06	0.003395822
75.08	-0.000394037
75.1	-0.003055551
75.12	-0.007345142
75.14	-0.003732477
75.16	-0.006941731
75.18	-0.007222413
75.2	-0.001335791
75.22	0.004520723
75.24	0.004861555
75.26	-0.001759475
75.28	-0.008248429
75.3	-0.002336259
75.32	-0.006661405
75.34	-0.002626134
75.36	0.000621121
75.38	0.001816589
75.4	0.006511954
75.42	0.012309116
75.44	0.017894644
75.46	0.0178378
75.48	0.017115293
75.5	0.018277271
75.52	0.022106994
75.54	0.02022319
75.56	0.019034591
75.58	0.010662029
75.6	0.008044835
75.62	0.00867088
75.64	0.009920343
75.66	0.011431708
75.68	0.009500974
75.7	0.011177421
75.72	0.01515599
75.74	0.025363452
75.76	0.020595427
75.78	0.018205056
75.8	0.010325663
75.82	0.005100584
75.84	0.003583174
75.86	0.000790557
75.88	-0.007165834
75.9	-0.012358173
75.92	-0.011600101
75.94	-0.005983475
75.96	-0.005068433
75.98	-0.006372
76	-0.007647654
76.02	-0.01151545
76.04	-0.008049405
76.06	-0.002583104
76.08	0.000287083
76.1	0.006272931
76.12	0.01147222
76.14	0.023025989
76.16	0.019233315
76.18	0.013035893
76.2	0.000206051
76.22	-0.00392835
76.24	-0.002227628
76.26	0.005655801
76.28	0.016922219
76.3	0.021181893
76.32	0.017733181
76.34	0.017300869
76.36	0.018355448
76.38	0.011387216
76.4	0.004072075
76.42	0.000946454
76.44	-0.007078211
76.46	-0.014613687
76.48	-0.015689901
76.5	-0.016982355
76.52	-0.020974122
76.54	-0.021625891
76.56	-0.016920818
76.58	-0.020464874
76.6	-0.021739504
76.62	-0.018909801
76.64	-0.014874518
76.66	-0.015133305
76.68	-0.015922847
76.7	-0.012750181
76.72	-0.008113874
76.74	-0.005721868
76.76	-0.001332201
76.78	0.000285209
76.8	0.001265017
76.82	-0.00028217
76.84	0.004740589
76.86	0.008721674
76.88	0.009555619
76.9	0.010416678
76.92	0.025751657
76.94	0.022776502
76.96	0.016659944
76.98	0.013822783
77	0.010293488
77.02	0.003547816
77.04	0.002526831
77.06	0.001554063
77.08	0.000221672
77.1	-0.001677279
77.12	-0.000193821
77.14	-0.002077448
77.16	-0.009663763
77.18	-0.008463881
77.2	-0.01361021
77.22	-0.014951501
77.24	-0.016915658
77.26	-0.023828339
77.28	-0.02759831
77.3	-0.028082083
77.32	-0.024639334
77.34	-0.019732619
77.36	-0.013329577
77.38	-0.010083132
77.4	-0.007423981
77.42	-0.003457456
77.44	-0.009246271
77.46	-0.013823654
77.48	-0.014003915
77.5	-0.010220596
77.52	-0.004675795
77.54	0.003362894
77.56	0.011961772
77.58	0.010851274
77.6	0.004456404
77.62	0.005914122
77.64	0.000128463
77.66	0.001018188
77.68	0.006407455
77.7	0.010459438
77.72	0.007908783
77.74	0.006181499
77.76	0.004052413
77.78	-0.000215172
77.8	-0.004743036
77.82	-0.009035664
77.84	-0.011112341
77.86	-0.014206397
77.88	-0.018612984
77.9	-0.022519619
77.92	-0.027164309
77.94	-0.032494835
77.96	-0.035866637
77.98	-0.035970304
78	-0.031955036
78.02	-0.028466526
78.04	-0.02339156
78.06	-0.018806648
78.08	-0.013455622
78.1	-0.00722058
78.12	0.013046778
78.14	0.008697015
78.16	0.018203166
78.18	0.020267103
78.2	0.023783276
78.22	0.027039203
78.24	0.024750202
78.26	0.021702891
78.28	0.013186023
78.3	0.00601381
78.32	0.006273368
78.34	0.003517969
78.36	0.00626855
78.38	0.005027427
78.4	0.003275215
78.42	0.000318826
78.44	-0.001852097
78.46	-0.001819253
78.48	-0.00298153
78.5	-0.004555174
78.52	-0.005541925
78.54	-0.009009779
78.56	-0.013010502
78.58	-0.016808825
78.6	-0.019538938
78.62	-0.017688708
78.64	-0.018744004
78.66	-0.017340047
78.68	-0.013913781
78.7	-0.010997964
78.72	-0.007080491
78.74	0.000925285
78.76	0.003386835
78.78	0.007316532
78.8	0.009209616
78.82	0.006246152
78.84	0.005176887
78.86	0.013981775
78.88	0.003147638
78.9	0.005442318
78.92	0.000336112
78.94	0.002575777
78.96	-0.000247026
78.98	-0.000994499
79	-0.003567691
79.02	-0.008466307
79.04	-0.002519974
79.06	-0.006024468
79.08	-0.001704186
79.1	-0.003507555
79.12	-0.006503943
79.14	-0.010540278
79.16	-0.014114045
79.18	-0.018639873
79.2	-0.01693576
79.22	-0.009691451
79.24	-0.001266464
79.26	0.002186096
79.28	0.001997236
79.3	0.007602397
79.32	0.011361592
79.34	0.011898806
79.36	0.008563144
79.38	0.004970407
79.4	0.00599534
79.42	0.005331211
79.44	0.012398394
79.46	0.011670567
79.48	0.005614392
79.5	0.000141595
79.52	-0.00059524
79.54	-0.000789037
79.56	-0.000462247
79.58	0.005826544
79.6	0.008977194
79.62	0.012985816
79.64	0.018761825
79.66	0.021811256
79.68	0.015889004
79.7	0.024662419
79.72	0.018951263
79.74	0.011354158
79.76	0.004954824
79.78	-0.00325553
79.8	-0.007563083
79.82	-0.0064695
79.84	-0.001668771
79.86	-0.000533113
79.88	0.00163064
79.9	0.003586576
79.92	0.003240475
79.94	0.003151535
79.96	0.004217496
79.98	0.006541678
80	0.00099454
80.02	-0.009383637
80.04	0.000734696
80.06	0.013051084
80.08	-0.000452931
80.1	0.000703569
80.12	0.002114684
80.14	0.000456462
80.16	0.004237422
80.18	0.015301803
80.2	0.018489723
80.22	0.016834861
80.24	0.01405738
80.26	0.015151114
80.28	0.01068098
80.3	0.008295916
80.32	0.007107149
80.34	0.004217945
80.36	0.002110124
80.38	-0.000108235
80.4	-0.008005146
80.42	-0.011476504
80.44	-0.012652864
80.46	-0.014008704
80.48	-0.008888245
80.5	-0.005168831
80.52	0.005160566
80.54	0.006762722
80.56	0.008747488
80.58	0.002602005
80.6	-0.001483672
80.62	-0.006028824
80.64	-0.002576158
80.66	0.006046589
80.68	0.012770614
80.7	0.028054702
80.72	0.022063401
80.74	0.021655561
80.76	0.018150035
80.78	0.013014629
80.8	0.009328023
80.82	0.004553638
80.84	0.003186282
80.86	0.003808108
80.88	0.008166175
80.9	0.001104795
80.92	-0.007655334
80.94	-0.008717132
80.96	-0.013742356
80.98	-0.012806052
81	-0.015589968
81.02	-0.017403345
81.04	-0.01905806
81.06	-0.017983975
81.08	-0.011984654
81.1	-0.008180124
81.12	-0.003497161
81.14	2.12308E-05
81.16	0.001518283
81.18	-0.001522013
81.2	-0.00512485
81.22	-0.003808269
81.24	-0.00447519
81.26	-0.000983696
81.28	0.005182478
81.3	0.014383102
81.32	0.007711415
81.34	0.005963955
81.36	0.000713627
81.38	0.00368578
81.4	0.002807203
81.42	0.00136423
81.44	-0.004723937
81.46	-0.007465116
81.48	-0.010802534
81.5	-0.006829676
81.52	-0.011552233
81.54	-0.013856266
81.56	-0.023679157
81.58	-0.012276104
81.6	-0.009434534
81.62	-0.010497623
81.64	-0.009852404
81.66	-0.006988739
81.68	-0.007987994
81.7	-0.005949318
81.72	-0.002169914
81.74	-0.002678336
81.76	-0.003615483
81.78	-0.002066475
81.8	-0.00168318
81.82	-0.002299168
81.84	-0.003887755
81.86	-0.011372924
81.88	-0.013710575
81.9	-0.013351463
81.92	-0.012204736
81.94	-0.006786589
81.96	-0.002823542
81.98	-0.001983086
82	-0.007392988
82.02	-0.008481884
82.04	-0.003220608
82.06	-0.000961048
82.08	0.003324576
82.1	0.004349551
82.12	0.006511677
82.14	0.005410092
82.16	0.007443
82.18	0.007910941
82.2	0.002823803
82.22	0.000744318
82.24	0.00231738
82.26	0.004096562
82.28	0.002664991
82.3	0.002893924
82.32	0.005249234
82.34	0.000623254
82.36	-0.002656595
82.38	-0.003072405
82.4	-0.0066472
82.42	-0.010192448
82.44	-0.011590636
82.46	-0.015822138
82.48	-0.021928859
82.5	-0.02051343
82.52	-0.019879193
82.54	-0.019268968
82.56	-0.018193071
82.58	-0.009188694
82.6	-0.007588513
82.62	-0.006322358
82.64	-0.00459272
82.66	-0.002150394
82.68	-0.000331223
82.7	0.010024876
82.72	0.012821333
82.74	0.010681219
82.76	0.007737909
82.78	0.010644551
82.8	0.007077409
82.82	0.00041809
82.84	-0.000819661
82.86	-0.005151079
82.88	-0.007076132
82.9	-0.005494306
82.92	-0.007574476
82.94	-0.009183138
82.96	-0.008305662
82.98	-0.000839805
83	0.002764591
83.02	0.008046551
83.04	0.010733821
83.06	0.008036774
83.08	-0.000437241
83.1	-0.00410068
83.12	-0.007106079
83.14	-0.011479698
83.16	-0.014462017
83.18	-0.012817954
83.2	-0.01027441
83.22	-0.003962865
83.24	0.002628213
83.26	0.003948556
83.28	0.004610803
83.3	0.004296132
83.32	0.003429132
83.34	0.009119669
83.36	0.009263861
83.38	0.009124796
83.4	0.008291737
83.42	0.006304453
83.44	0.003306748
83.46	0.002850454
83.48	-0.000270813
83.5	-0.005746082
83.52	-0.005583609
83.54	-0.001273745
83.56	0.00480444
83.58	0.016242853
83.6	0.019011031
83.62	0.01282061
83.64	0.022262494
83.66	0.024429294
83.68	0.022561396
83.7	0.021574154
83.72	0.021827302
83.74	0.012877327
83.76	0.004199696
83.78	0.000162044
83.8	-0.001360529
83.82	-0.007223018
83.84	-0.012780338
83.86	-0.00838067
83.88	-0.008735277
83.9	-0.014417517
83.92	-0.007112939
83.94	-0.011007109
83.96	-0.006456551
83.98	0.002695187
84	0.007032836
84.02	0.008127003
84.04	0.008637673
84.06	0.008086249
84.08	0.007693105
84.1	0.00561272
84.12	0.008425439
84.14	0.012388056
84.16	0.016547092
84.18	0.019527964
84.2	0.021491868
84.22	0.017678885
84.24	0.016555584
84.26	0.020849528
84.28	0.018160002
84.3	0.015256051
84.32	0.013440529
84.34	0.008415978
84.36	0.000336076
84.38	-0.006142183
84.4	-0.007171746
84.42	-0.003571216
84.44	-0.003441652
84.46	0.00236273
84.48	0.006178928
84.5	0.005732502
84.52	-0.002003592
84.54	-0.008210737
84.56	-0.009342447
84.58	-0.012610963
84.6	-0.021842191
84.62	-0.020187599
84.64	-0.01648638
84.66	-0.00840677
84.68	5.46756E-05
84.7	0.009163004
84.72	0.008364116
84.74	0.009279921
84.76	0.012939034
84.78	0.013856556
84.8	0.011076836
84.82	0.013015715
84.84	0.01380468
84.86	0.01262349
84.88	0.009034357
84.9	0.007713535
84.92	-0.01058507
84.94	-0.009875632
84.96	-0.010130928
84.98	-0.013848914
85	-0.014680576
85.02	-0.01378317
85.04	-0.002388212
85.06	0.000659512
85.08	-0.004529178
85.1	0.002438389
85.12	-0.001388977
85.14	-0.001082425
85.16	-0.003209312
85.18	-0.001591681
85.2	-0.006008661
85.22	-0.010605408
85.24	-0.003150663
85.26	-0.011444732
85.28	-0.010392197
85.3	-0.010248665
85.32	-0.015510963
85.34	-0.01401166
85.36	-0.0190744
85.38	-0.018576994
85.4	-0.015963138
85.42	-0.010349438
85.44	-0.002677024
85.46	0.003787638
85.48	-0.003773359
85.5	0.000277134
85.52	0.004817834
85.54	0.007897826
85.56	0.007681233
85.58	0.004242931
85.6	7.56924E-07
85.62	-0.01388925
85.64	-0.007836061
85.66	-0.002793676
85.68	-0.007893037
85.7	-0.006667143
85.72	-0.002067289
85.74	0.001110308
85.76	0.001297185
85.78	0.004655059
85.8	-0.003134516
85.82	-0.007480915
85.84	-0.009344586
85.86	-0.011777169
85.88	-0.01638358
85.9	-0.015532842
85.92	-0.019711428
85.94	-0.018025534
85.96	-0.016450802
85.98	-0.015210111
86	-0.018024982
86.02	-0.01335289
86.04	-0.003073607
86.06	0.000723422
86.08	0.006198783
86.1	0.009646317
86.12	0.007722203
86.14	0.006797815
86.16	0.004515279
86.18	0.001721839
86.2	-0.005704315
86.22	-0.005879807
86.24	-0.004623126
86.26	8.30586E-05
86.28	-4.46223E-05
86.3	0.002195692
86.32	0.001868226
86.34	-0.004823033
86.36	-0.012452513
86.38	-0.018506724
86.4	-0.026790707
86.42	-0.025278503
86.44	-0.022806676
86.46	-0.016155104
86.48	-0.011185653
86.5	-0.007618123
86.52	-0.006268699
86.54	-0.005766147
86.56	-0.004454546
86.58	-0.005871413
86.6	-0.000412321
86.62	0.004243071
86.64	0.009216216
86.66	0.010957937
86.68	0.012098054
86.7	0.008845589
86.72	0.00150897
86.74	0.000982828
86.76	0.003570133
86.78	-0.001295424
86.8	0.000967759
86.82	-0.001825529
86.84	-0.001850198
86.86	-0.001373965
86.88	-0.005362847
86.9	-0.010504897
86.92	-0.021153476
86.94	-0.012658565
86.96	-0.008401362
86.98	-0.000634137
87	0.00282383
87.02	0.006206427
87.04	0.000809763
87.06	-0.000228368
87.08	-0.00075098
87.1	-0.003312592
87.12	-0.001063846
87.14	0.002703416
87.16	0.005640041
87.18	0.009494662
87.2	0.01253836
87.22	0.019392004
87.24	0.023161376
87.26	0.015546135
87.28	0.013661581
87.3	0.012501996
87.32	0.010053782
87.34	0.004709316
87.36	0.003171644
87.38	0.001151541
87.4	-0.003476183
87.42	-0.006175226
87.44	-0.000336347
87.46	-0.0016564
87.48	-0.00077491
87.5	0.004579255
87.52	0.005958233
87.54	0.007055229
87.56	0.007849536
87.58	0.008405717
87.6	0.010199759
87.62	0.007869202
87.64	0.006996114
87.66	0.003809484
87.68	0.00129859
87.7	0.007727727
87.72	0.015723618
87.74	0.012684551
87.76	0.015816237
87.78	0.013044999
87.8	0.009946803
87.82	0.004943633
87.84	0.001862688
87.86	-0.008690882
87.88	-0.001502555
87.9	0.002866144
87.92	0.00491304
87.94	0.009283386
87.96	0.011322064
87.98	0.012988669
88	0.014723397
88.02	0.017785108
88.04	0.019671255
88.06	0.018632584
88.08	0.018661861
88.1	0.021485302
88.12	0.021723552
88.14	0.019350784
88.16	0.015594075
88.18	0.011872305
88.2	0.012351851
88.22	0.017592265
88.24	0.024070282
88.26	0.023113964
88.28	0.024762445
88.3	0.020795599
88.32	0.017242307
88.34	0.008048122
88.36	-0.006027608
88.38	-0.001760221
88.4	-0.004801442
88.42	-0.001753002
88.44	-0.000715174
88.46	-0.003709603
88.48	-0.002175448
88.5	0.002776826
88.52	0.005456195
88.54	0.011097252
88.56	0.012527262
88.58	0.014730778
88.6	0.016071832
88.62	0.017860054
88.64	0.015585114
88.66	0.014015445
88.68	0.016396072
88.7	0.012956734
88.72	0.009944341
88.74	0.009274983
88.76	0.007108668
88.78	0.005684662
88.8	0.006007634
88.82	0.004993151
88.84	0.002604337
88.86	0.003346527
88.88	0.003754821
88.9	-0.000572188
88.92	-0.008341751
88.94	-0.00872593
88.96	-0.011378864
88.98	-0.01161117
89	-0.006228464
89.02	-0.001847063
89.04	-0.000902867
89.06	-0.005377775
89.08	-0.003112814
89.1	-0.001812991
89.12	-0.001713714
89.14	0.002506758
89.16	-0.001779628
89.18	-0.003552404
89.2	-0.006547083
89.22	-0.000561962
89.24	0.001416196
89.26	-0.001355892
89.28	0.000824445
89.3	0.000293996
89.32	0.001775002
89.34	0.008285971
89.36	0.014154433
89.38	0.016550516
89.4	0.015525637
89.42	0.017160353
89.44	0.014337166
89.46	0.009330835
89.48	0.009672587
89.5	0.006174799
89.52	-0.004533712
89.54	-0.004630122
89.56	-0.008033325
89.58	-0.004003324
89.6	0.001064702
89.62	0.004905838
89.64	0.009420322
89.66	0.011507375
89.68	0.014200339
89.7	0.011381816
89.72	-0.000847823
89.74	-0.004416672
89.76	-0.009031935
89.78	-0.016868973
89.8	-0.026754951
89.82	-0.021834442
89.84	-0.020606702
89.86	-0.021298273
89.88	-0.016173228
89.9	-0.013421749
89.92	-0.006297061
89.94	0.001240237
89.96	0.007747641
89.98	0.00779424
90	0.004797762
90.02	0.005754432
90.04	0.004533388
90.06	0.005495214
90.08	0.007225774
90.1	0.009020676
90.12	0.008215882
90.14	0.003686506
90.16	0.001497218
90.18	-0.001573995
90.2	-0.004777357
90.22	-0.005023378
90.24	-0.007483739
90.26	-0.006993073
90.28	-0.005033766
90.3	-0.004964639
90.32	-0.007407512
90.34	-0.013698407
90.36	-0.020381923
90.38	-0.019067836
90.4	-0.016611344
90.42	-0.018847249
90.44	-0.018340455
90.46	-0.021825276
90.48	-0.020654444
90.5	-0.021911522
90.52	-0.017027651
90.54	-0.013605114
90.56	-0.008073032
90.58	-0.004105757
90.6	-0.000980124
90.62	-0.000974319
90.64	0.005945233
90.66	0.007933931
90.68	0.008475735
90.7	0.007142713
90.72	0.001654043
90.74	-0.001297485
90.76	-0.001842442
90.78	-0.004206573
90.8	-0.004352602
90.82	-0.002805768
90.84	-0.005722193
90.86	-0.010101264
90.88	-0.007017993
90.9	-0.008510925
90.92	-0.009050555
90.94	-0.013175813
90.96	-0.014418186
90.98	-0.016859334
91	-0.015899838
91.02	-0.015936096
91.04	-0.011316855
91.06	-0.010409243
91.08	-0.01019422
91.1	-0.012368795
91.12	-0.014293628
91.14	-0.015235027
91.16	-0.015089122
91.18	-0.013086675
91.2	-0.006493383
91.22	-0.008245883
91.24	-0.005528212
91.26	-0.008010601
91.28	-0.006813961
91.3	-0.006175768
91.32	-0.00233824
91.34	0.002432151
91.36	0.003932716
91.38	0.00220601
91.4	0.001622339
91.42	0.00080427
91.44	-0.002210017
91.46	-0.001913695
91.48	-0.003449273
91.5	-0.008352037
91.52	0.000362536
91.54	0.001127408
91.56	-0.004376762
91.58	-0.005499249
91.6	-0.001316643
91.62	-0.000385889
91.64	-0.003166088
91.66	-0.004709948
91.68	-0.006502015
91.7	-0.003622199
91.72	-0.003634381
91.74	-0.003397576
91.76	-0.008519151
91.78	-0.010872783
91.8	-0.013969957
91.82	-0.015990714
91.84	-0.015337858
91.86	-0.012908299
91.88	-0.011697972
91.9	-0.009094943
91.92	-0.001814878
91.94	-0.001333613
91.96	-0.000434583
91.98	0.00196423
92	0.00869985
92.02	0.013820237
92.04	0.014490849
92.06	0.012578709
92.08	0.012461479
92.1	0.010560749
92.12	0.009194345
92.14	0.007181396
92.16	0.006317029
92.18	0.00205459
92.2	-0.000867693
92.22	-0.003553231
92.24	-0.007516732
92.26	-0.005108933
92.28	-0.001272227
92.3	0.001669828
92.32	0.000832472
92.34	-0.001013342
92.36	-0.006516479
92.38	-0.003691206
92.4	-0.002985988
92.42	-0.002214574
92.44	0.000306517
92.46	0.002489179
92.48	0.004607311
92.5	0.00554051
92.52	0.004868116
92.54	0.000876344
92.56	-0.00059893
92.58	0.001694389
92.6	0.001518416
92.62	0.004938401
92.64	0.005395641
92.66	0.005974091
92.68	0.007476409
92.7	0.010301573
92.72	0.000128671
92.74	-0.000945826
92.76	-0.001052554
92.78	-0.002438199
92.8	-0.002712964
92.82	-0.005646164
92.84	-0.011187182
92.86	-0.015760463
92.88	-0.013458764
92.9	-0.019790954
92.92	-0.012715048
92.94	-0.012643619
92.96	-0.009624773
92.98	-0.007509383
93	-0.006490511
93.02	-0.001931562
93.04	0.000503859
93.06	0.007772563
93.08	0.008268601
93.1	0.010491988
93.12	0.008504865
93.14	0.008739553
93.16	0.005062323
93.18	0.003774692
93.2	0.001048722
93.22	0.000945652
93.24	0.003766375
93.26	0.003418391
93.28	0.001545799
93.3	0.000235887
93.32	-0.004211704
93.34	-0.004101273
93.36	-0.003212871
93.38	-0.001818627
93.4	-0.003445636
93.42	-0.002264709
93.44	0.000444138
93.46	0.002758602
93.48	0.00552178
93.5	0.006808667
93.52	0.007613725
93.54	0.008320051
93.56	0.010917253
93.58	0.012202968
93.6	0.011260755
93.62	0.008857584
93.64	0.006314334
93.66	0.005701058
93.68	0.005191623
93.7	0.005316498
93.72	0.007925214
93.74	0.015858891
93.76	0.00811656
93.78	0.008377536
93.8	0.00363433
93.82	0.00150414
93.84	0.00174766
93.86	0.001981445
93.88	-0.000943169
93.9	-0.005611339
93.92	-0.003364884
93.94	-0.006701254
93.96	-0.00597928
93.98	-0.006818444
94	-0.004916709
94.02	-0.003784248
94.04	-0.001576951
94.06	0.00043149
94.08	-0.001447635
94.1	-0.001258407
94.12	-0.003033392
94.14	-0.006893801
94.16	-0.008724089
94.18	-0.005588173
94.2	-0.006845787
94.22	-0.003900764
94.24	-0.007041878
94.26	-0.007297435
94.28	-0.012320603
94.3	-0.011345985
94.32	-0.007896223
94.34	-0.004959811
94.36	-0.005507697
94.38	-0.005440811
94.4	-0.006161148
94.42	-0.006850836
94.44	-0.004594575
94.46	-0.00265738
94.48	-0.000775096
94.5	0.00059344
94.52	0.002454716
94.54	0.002330808
94.56	0.000629012
94.58	0.000137507
94.6	0.001904247
94.62	0.000460608
94.64	0.003476704
94.66	0.002463319
94.68	0.001798641
94.7	-0.00054903
94.72	-0.000217798
94.74	0.000561805
94.76	-0.001515754
94.78	0.001419596
94.8	0.002788179
94.82	0.004025741
94.84	0.000767925
94.86	0.000886713
94.88	-0.002451665
94.9	0.000387988
94.92	0.000865554
94.94	0.001874836
94.96	0.002014184
94.98	0.002377239
95	0.003093823
95.02	0.004262
95.04	-0.006015067
95.06	-0.007108418
95.08	-0.011850579
95.1	-0.011370619
95.12	-0.007126131
95.14	-0.003347898
95.16	-0.000424213
95.18	0.002206996
95.2	0.003209018
95.22	0.005084676
95.24	0.005450078
95.26	0.008813479
95.28	0.009515927
95.3	0.008615996
95.32	0.00792814
95.34	0.005202196
95.36	0.002555739
95.38	-0.001452315
95.4	-0.004241709
95.42	-0.007380977
95.44	-0.010336181
95.46	-0.006504362
95.48	-0.005038077
95.5	-0.002046157
95.52	-0.001208129
95.54	0.000898907
95.56	0.004075683
95.58	0.006100447
95.6	0.00708694
95.62	0.0018516
95.64	-0.001638784
95.66	-0.007009766
95.68	-0.012216497
95.7	-0.005871913
95.72	-0.005960916
95.74	0.002026467
95.76	0.003074889
95.78	-0.001794941
95.8	-0.001941369
95.82	0.002033564
95.84	0.004595329
95.86	0.011741655
95.88	0.014085224
95.9	0.014277958
95.92	0.018843503
95.94	0.017973993
95.96	0.017428918
95.98	0.012164094
96	0.009866017
96.02	0.009676064
96.04	0.008178192
96.06	0.016159419
96.08	0.016935216
96.1	0.014534975
96.12	0.011515457
96.14	0.006509122
96.16	0.001394541
96.18	0.002003308
96.2	0.002122915
96.22	0.00631368
96.24	0.009958735
96.26	0.013146841
96.28	0.013864317
96.3	0.009636738
96.32	0.005617566
96.34	0.005039269
96.36	0.002459077
96.38	0.003753307
96.4	0.004246573
96.42	0.00419047
96.44	0.002717893
96.46	0.00031417
96.48	-0.002540807
96.5	-0.004141882
96.52	-0.00580536
96.54	-0.003487507
96.56	-0.000690317
96.58	0.006052394
96.6	0.003248013
96.62	0.013918628
96.64	0.013650661
96.66	0.015256355
96.68	0.016967083
96.7	0.015628568
96.72	0.014302731
96.74	0.011157945
96.76	0.002555652
96.78	0.005392897
96.8	-0.003162085
96.82	0.00019619
96.84	0.00401678
96.86	0.004776416
96.88	0.003623026
96.9	-0.003116432
96.92	-0.005595539
96.94	-5.26254E-05
96.96	0.002092082
96.98	0.001215893
97	-0.002464249
97.02	-0.00523169
97.04	-0.009281478
97.06	-0.006353167
97.08	-0.00438056
97.1	-0.006506321
97.12	-0.008517576
97.14	-0.006018829
97.16	0.000177744
97.18	0.006490701
97.2	0.010422333
97.22	0.010888198
97.24	0.010853829
97.26	0.013028411
97.28	0.014915975
97.3	0.017107952
97.32	0.015989799
97.34	0.016269622
97.36	0.01886128
97.38	0.014401145
97.4	0.012982838
97.42	0.009736239
97.44	0.012514766
97.46	0.011973125
97.48	0.016015914
97.5	0.017081325
97.52	0.013830874
97.54	0.008135731
97.56	-0.00062276
97.58	-0.006906763
97.6	-0.010477441
97.62	-0.008166954
97.64	-0.004895384
97.66	-0.001958771
97.68	0.003592634
97.7	0.009626585
97.72	0.007984351
97.74	0.004753251
97.76	-0.000576516
97.78	-0.002852277
97.8	-0.001292705
97.82	-0.001505596
97.84	-0.001660957
97.86	-0.001644886
97.88	0.000155981
97.9	-0.000512875
97.92	0.003143153
97.94	0.007833344
97.96	0.004850417
97.98	0.002594407
98	0.00627837
98.02	0.006939294
98.04	0.006681105
98.06	0.007045715
98.08	0.007876717
98.1	0.003194255
98.12	-0.000632085
98.14	-0.002976092
98.16	-0.018145521
98.18	-0.018816095
98.2	-0.015819345
98.22	-0.013610434
98.24	-0.010385659
98.26	-0.007356707
98.28	-0.005844291
98.3	-0.006943003
98.32	-0.006307802
98.34	0.000860172
98.36	-0.002608628
98.38	-0.003868208
98.4	-0.008097246
98.42	-0.008596979
98.44	-0.01267323
98.46	-0.014197128
98.48	-0.012326794
98.5	-0.013097807
98.52	-0.011668983
98.54	-0.011933303
98.56	-0.004606033
98.58	0.000475146
98.6	0.003824065
98.62	0.005250112
98.64	0.005465022
98.66	0.005470672
98.68	0.008491837
98.7	0.009125243
98.72	0.008109133
98.74	0.006422124
98.76	0.004367065
98.78	0.002189131
98.8	-0.009071511
98.82	-0.010868325
98.84	-0.015219241
98.86	-0.012121857
98.88	-0.00830766
98.9	-0.007477112
98.92	-0.002265975
98.94	0.000121278
98.96	-0.001894801
98.98	-0.003036858
99	-0.010461257
99.02	-0.010318849
99.04	-0.013236093
99.06	-0.011654384
99.08	-0.006827674
99.1	-0.004057601
99.12	-0.003880947
99.14	-0.002104513
99.16	-0.004457464
99.18	-0.002635598
99.2	-0.001446058
99.22	-0.004398843
99.24	-0.008281124
99.26	-0.011793738
99.28	-0.004767923
99.3	-0.003143308
99.32	0.005275001
99.34	0.005671925
99.36	0.005476284
99.38	0.004402522
99.4	-0.001404263
99.42	-0.008174302
99.44	-0.011406459
99.46	-0.00978113
99.48	-0.009161809
99.5	-0.009266372
99.52	-0.009312389
99.54	-0.009149148
99.56	-0.006636516
99.58	-0.005570439
99.6	-0.00655248
99.62	-0.008393056
99.64	-0.006951762
99.66	-0.00280766
99.68	0.006638337
99.7	0.0097639
99.72	0.009999299
99.74	0.007981411
99.76	0.00699525
99.78	0.005530181
99.8	0.002981648
99.82	0.001578338
99.84	0.001357112
99.86	-0.003528073
99.88	-0.004727535
99.9	-0.003435116
99.92	-0.003946653
99.94	-0.005389633
99.96	-0.00588473
99.98	-0.003593525
100	-0.006242154
100.02	-0.006343319
100.04	-0.006754792
100.06	-0.009105641
100.08	-0.008915852
100.1	-0.00733782
100.12	-0.002157679
100.14	0.001047798
100.16	0.000682795
100.18	0.001469901
100.2	-0.000261295
100.22	-0.001852741
100.24	-0.001256817
100.26	-0.001561428
100.28	-0.001716624
100.3	-0.00290844
100.32	-0.001488802
100.34	0.00046658
100.36	0.001315092
100.38	-0.000468384
100.4	-0.004909184
100.42	-0.007129806
100.44	-0.008424056
100.46	-0.006457067
100.48	-0.006022046
100.5	-0.007988674
100.52	-0.011193002
100.54	-0.014402954
100.56	-0.010029112
100.58	-0.007987062
100.6	-0.004353781
100.62	-0.000580933
100.64	0.001546742
100.66	0.002869898
100.68	0.004474972
100.7	0.006794821
100.72	0.006202136
100.74	0.004262708
100.76	0.003741143
100.78	0.001444208
100.8	-0.000812736
100.82	0.002618951
100.84	-0.002595256
100.86	-0.005074947
100.88	-0.012675889
100.9	-0.014197202
100.92	-0.016107784
100.94	-0.015468656
100.96	-0.015849151
100.98	-0.017088048
101	-0.013018876
101.02	-0.00744929
101.04	-0.000919453
101.06	0.001340903
101.08	0.00756532
101.1	0.008250381
101.12	0.007270703
101.14	0.005007137
101.16	0.002433231
101.18	0.002217563
101.2	0.0019518
101.22	0.00397589
101.24	0.006336214
101.26	0.009935804
101.28	0.012337555
101.3	0.013094733
101.32	0.011570546
101.34	0.007466462
101.36	0.00595179
101.38	0.008282975
101.4	0.006779459
101.42	0.006114552
101.44	0.00362454
101.46	-0.001241334
101.48	-0.003745917
101.5	-0.005234837
101.52	-0.008308702
101.54	-0.012738728
101.56	-0.010954101
101.58	-0.006069
101.6	0.000895623
101.62	0.00639847
101.64	0.011024431
101.66	0.012788024
101.68	0.014003389
101.7	0.015217128
101.72	0.016430948
101.74	0.011666489
101.76	0.009557935
101.78	0.012663803
101.8	0.006370695
101.82	0.006356776
101.84	0.004359516
101.86	0.003300684
101.88	0.002200734
101.9	0.002276189
101.92	-0.00100396
101.94	-0.003374107
101.96	-0.001612876
101.98	-0.005716414
102	-0.005557324
102.02	-0.008161492
102.04	-0.009342587
102.06	-0.006760669
102.08	-0.004255489
102.1	-0.003925879
102.12	-0.005150384
102.14	-0.002882526
102.16	-0.001180697
102.18	-0.002708328
102.2	-0.003778471
102.22	-0.006955818
102.24	-0.010204053
102.26	-0.011567349
102.28	-0.01094535
102.3	-0.007234659
102.32	-0.004605767
102.34	-0.00524009
102.36	-0.006209572
102.38	-0.00794819
102.4	-0.007512121
102.42	-0.008310251
102.44	-0.006629001
102.46	-0.006887273
102.48	-0.006022461
102.5	0.000287648
102.52	0.005326984
102.54	0.002050441
102.56	0.003174824
102.58	0.004131325
102.6	0.005754492
102.62	0.007913158
102.64	0.010220773
102.66	0.011615035
102.68	0.015370087
102.7	0.015918663
102.72	0.014207402
102.74	0.01025124
102.76	0.00550505
102.78	-0.00053838
102.8	-0.005624498
102.82	-0.005309749
102.84	-0.002872434
102.86	-0.00303521
102.88	-0.000129399
102.9	0.000845114
102.92	0.00070423
102.94	-0.002997264
102.96	-0.00557754
102.98	-0.008257044
103	-0.009767052
103.02	-0.006738403
103.04	-0.003629041
103.06	0.000427039
103.08	0.003387192
103.1	0.007617514
103.12	0.011488728
103.14	0.009608411
103.16	0.009250954
103.18	0.007110731
103.2	0.00470038
103.22	0.004099298
103.24	0.006083324
103.26	0.014936969
103.28	0.005659582
103.3	0.008715718
103.32	0.005032107
103.34	-0.00121797
103.36	-0.003239245
103.38	-0.007287821
103.4	-0.014405635
103.42	-0.016471585
103.44	-0.012973716
103.46	-0.011350912
103.48	-0.005071159
103.5	-0.007677686
103.52	-0.007574346
103.54	-0.008925536
103.56	-0.010569479
103.58	-0.00360575
103.6	-0.007719166
103.62	-0.007054349
103.64	-0.010404776
103.66	-0.009388819
103.68	-0.007153314
103.7	-0.005454888
103.72	-0.001734826
103.74	-0.000503336
103.76	0.003188754
103.78	0.009165239
103.8	0.011004341
103.82	0.005352507
103.84	0.004724028
103.86	0.003048294
103.88	0.006075246
103.9	0.011506016
103.92	0.012971318
103.94	0.011330265
103.96	0.0082727
103.98	0.007938212
104	0.006655121
104.02	0.001996189
104.04	-0.003269722
104.06	-0.002941618
104.08	-0.001680854
104.1	-0.003118648
104.12	0.003981693
104.14	0.004141576
104.16	0.002924663
104.18	-0.001696032
104.2	-0.004459543
104.22	-0.006883995
104.24	-0.010972369
104.26	-0.010835514
104.28	-0.011156818
104.3	-0.013843747
104.32	-0.013835759
104.34	-0.00942196
104.36	-0.010376302
104.38	-0.010476753
104.4	-0.009595558
104.42	-0.008604877
104.44	-0.005269411
104.46	0.003394893
104.48	0.008272079
104.5	0.006101267
104.52	0.006490431
104.54	0.009727398
104.56	0.008364597
104.58	0.007761469
104.6	0.004391559
104.62	-0.000580185
104.64	-0.005060582
104.66	-0.000484806
104.68	-0.000620658
104.7	-0.000560921
104.72	-0.003314795
104.74	-0.00509019
104.76	-0.006760361
104.78	-0.004563722
104.8	-0.009880584
104.82	-0.007727412
104.84	-0.010339346
104.86	-0.009766108
104.88	-0.009014109
104.9	-0.010250086
104.92	-0.011002275
104.94	-0.013201392
104.96	-0.007962389
104.98	-0.001812544
105	0.004807075
105.02	0.011255679
105.04	0.012660593
105.06	0.0135948
105.08	0.014301979
105.1	0.01547435
105.12	0.012797575
105.14	0.010531615
105.16	0.013489767
105.18	0.008718799
105.2	0.013142174
105.22	0.010740699
105.24	0.009019092
105.26	0.005478307
105.28	0.001296156
105.3	0.000155715
105.32	-0.002014607
105.34	0.001880019
105.36	0.001768418
105.38	0.005657211
105.4	0.005364385
105.42	0.003392008
105.44	-0.001214149
105.46	-0.004708857
105.48	-0.005358027
105.5	-0.001493148
105.52	0.00512451
105.54	0.011139076
105.56	0.014791711
105.58	0.019176227
105.6	0.019664921
105.62	0.021410643
105.64	0.023359496
105.66	0.025978476
105.68	0.022054853
105.7	0.017288755
105.72	0.019074551
105.74	-0.000415808
105.76	-0.000327595
105.78	0.001794189
105.8	-0.004650662
105.82	-0.007172642
105.84	-0.007466743
105.86	-0.003134231
105.88	-0.012096183
105.9	-0.003072631
105.92	-0.00432264
105.94	0.002925484
105.96	0.003952901
105.98	0.007789876
106	0.006995668
106.02	0.009836933
106.04	0.006295584
106.06	0.004311406
106.08	0.004949288
106.1	0.006769197
106.12	0.006016184
106.14	0.007724699
106.16	0.010465097
106.18	0.009456614
106.2	0.009450344
106.22	0.007650048
106.24	0.005895113
106.26	0.007738896
106.28	0.004035661
106.3	0.00021739
106.32	-0.00291133
106.34	-0.004801444
106.36	-0.00716679
106.38	-0.01042487
106.4	-0.008227926
106.42	-0.007148211
106.44	-0.004490776
106.46	0.000995997
106.48	0.000861627
106.5	-0.005595884
106.52	0.004124615
106.54	0.000416749
106.56	-0.002095618
106.58	2.24618E-05
106.6	0.001940233
106.62	0.001797161
106.64	0.004919918
106.66	0.007576894
106.68	0.011398004
106.7	0.007156678
106.72	0.006263175
106.74	0.001748243
106.76	0.001372537
106.78	0.003987476
106.8	0.00476931
106.82	0.001879158
106.84	0.002470861
106.86	0.000902703
106.88	-0.006304349
106.9	-0.007268594
106.92	-0.009270422
106.94	-0.005105594
106.96	-0.000961934
106.98	0.002257563
107	-0.001469982
107.02	-0.001750057
107.04	0.006861681
107.06	0.010004891
107.08	0.010823476
107.1	0.013988177
107.12	0.008027567
107.14	0.009579185
107.16	0.004279083
107.18	0.001833298
107.2	-0.002393727
107.22	-0.003162597
107.24	-0.004093562
107.26	-0.004318762
107.28	-0.002683176
107.3	-0.003258673
107.32	-0.005810165
107.34	-0.006174069
107.36	-0.005071701
107.38	-0.00589233
107.4	-0.00541158
107.42	-0.003325346
107.44	-0.004376183
107.46	-0.003563839
107.48	0.000869683
107.5	0.002992808
107.52	0.002545114
107.54	0.000145528
107.56	-6.26992E-05
107.58	-0.003995759
107.6	-0.002517153
107.62	-0.002331756
107.64	-0.002104264
107.66	-0.001540037
107.68	0.001310003
107.7	0.002663279
107.72	0.00167412
107.74	0.000948023
107.76	0.000332413
107.78	-0.00293403
107.8	-0.003846333
107.82	-0.004656122
107.84	-0.004273749
107.86	-0.004304463
107.88	-0.004000852
107.9	-0.004929926
107.92	-0.005863567
107.94	-0.010507426
107.96	-0.012775919
107.98	-0.008776318
108	-0.010073265
108.02	-0.007270175
108.04	-0.004004151
108.06	0.000743184
108.08	0.004111272
108.1	0.005610084
108.12	0.00558121
108.14	-0.003849892
108.16	-0.006074147
108.18	-0.012089075
108.2	-0.014098887
108.22	-0.014577271
108.24	-0.016020032
108.26	-0.01363562
108.28	-0.011262061
108.3	-0.009401482
108.32	-0.007820831
108.34	-0.007422981
108.36	-0.006050965
108.38	-0.004672561
108.4	-0.00561243
108.42	-0.002488854
108.44	0.001504639
108.46	-0.003046706
108.48	-0.003307408
108.5	-0.003195655
108.52	-0.004991775
108.54	-0.008491382
108.56	-0.004405145
108.58	-0.001295406
108.6	0.002386062
108.62	0.006929753
108.64	0.008682984
108.66	0.007800783
108.68	0.006215214
108.7	0.00479732
108.72	0.001366274
108.74	-0.00544201
108.76	-0.00810353
108.78	-0.007537056
108.8	-0.006918788
108.82	-0.007520579
108.84	-0.00902577
108.86	-0.010747472
108.88	-0.011287146
108.9	-0.008757585
108.92	-0.005951743
108.94	-0.002652738
108.96	0.002763196
108.98	0.008167223
109	0.011968914
109.02	0.011516328
109.04	0.014103905
109.06	0.017153537
109.08	0.018172143
109.1	0.013239061
109.12	0.014728067
109.14	0.011459444
109.16	0.00846133
109.18	0.007287112
109.2	0.005880898
109.22	0.003489551
109.24	-0.000665767
109.26	-0.000342938
109.28	-0.001637459
109.3	-0.001926681
109.32	-0.002424011
109.34	-0.002856035
109.36	-0.004591051
109.38	-0.004976155
109.4	-0.001769803
109.42	6.80001E-06
109.44	0.002554657
109.46	0.003922196
109.48	0.001166516
109.5	-0.000462362
109.52	0.002706177
109.54	0.00350721
109.56	0.004251351
109.58	0.001373208
109.6	-0.001460417
109.62	-0.001612966
109.64	0.001559503
109.66	0.008659657
109.68	0.012200264
109.7	0.0120045
109.72	0.015485345
109.74	0.01050145
109.76	0.008428214
109.78	0.007936589
109.8	0.000601542
109.82	-0.010104493
109.84	-0.009934833
109.86	-0.00588415
109.88	-0.001304603
109.9	0.007071402
109.92	0.012633688
109.94	0.010781548
109.96	0.008186522
109.98	0.006515361
110	0.004449615
110.02	0.00755599
110.04	0.00595462
110.06	0.004916854
110.08	-0.002514508
110.1	-0.004558425
110.12	-0.010308287
110.14	-0.011060386
110.16	-0.013472317
110.18	-0.01333368
110.2	-0.009419894
110.22	-0.007347026
110.24	-0.003730214
110.26	-0.002954174
110.28	-0.003703901
110.3	-0.005687289
110.32	-0.007340231
110.34	-0.006528096
110.36	-0.007041517
110.38	-0.002515601
110.4	0.000112333
110.42	0.003029453
110.44	0.003322265
110.46	0.003281488
110.48	0.006478049
110.5	0.008893777
110.52	0.008328473
110.54	0.010250706
110.56	0.005787145
110.58	0.010032388
110.6	0.007827994
110.62	0.009464402
110.64	0.007802322
110.66	0.001504147
110.68	0.001927848
110.7	-0.004160644
110.72	-0.003600818
110.74	-0.005737124
110.76	-0.006764204
110.78	-0.009443756
110.8	-0.011577374
110.82	-0.010850622
110.84	-0.007700761
110.86	-0.003521218
110.88	0.001952835
110.9	0.000717099
110.92	-0.001198459
110.94	0.000222115
110.96	0.003308202
110.98	0.010357915
111	0.010388521
111.02	0.011267628
111.04	0.006914898
111.06	0.006118556
111.08	0.008054387
111.1	0.010709074
111.12	0.014603962
111.14	0.011607873
111.16	0.006753553
111.18	0.007847469
111.2	0.006224729
111.22	0.002449839
111.24	-0.001398172
111.26	-0.006093172
111.28	-0.008768263
111.3	-0.007365611
111.32	-0.003220444
111.34	-0.002853394
111.36	-0.003879449
111.38	-0.00804858
111.4	-0.01012818
111.42	-0.00944193
111.44	-0.007487297
111.46	-0.007251112
111.48	-0.005536989
111.5	-0.00408678
111.52	-0.003474466
111.54	-0.003646459
111.56	-0.003250981
111.58	-0.007218392
111.6	-0.006159393
111.62	-0.006510282
111.64	-0.006390249
111.66	-0.006236273
111.68	-0.003191158
111.7	-0.004837878
111.72	-0.007021059
111.74	-0.00917051
111.76	-0.011050288
111.78	-0.013392533
111.8	-0.012710482
111.82	-0.011374112
111.84	-0.009755005
111.86	-0.008326762
111.88	-0.007112268
111.9	-0.006363312
111.92	-0.004594245
111.94	-0.003210647
111.96	-0.002233383
111.98	-0.004007986
112	-0.002461845
112.02	-0.00346406
112.04	-0.002773951
112.06	-0.001972576
112.08	-0.001641087
112.1	-0.002452093
112.12	-0.004478761
112.14	-0.004293808
112.16	-0.004158939
112.18	-0.003034656
112.2	-0.000379713
112.22	-0.000613187
112.24	-0.000800765
112.26	0.000617462
112.28	0.000652252
112.3	-0.002887352
112.32	-0.006389621
112.34	-0.008377045
112.36	-0.00815541
112.38	-0.006201945
112.4	-0.006950354
112.42	-0.008998432
112.44	-0.009761766
112.46	-0.01189969
112.48	-0.010492096
112.5	-0.010172063
112.52	-0.008733618
112.54	-0.004171162
112.56	0.001063986
112.58	0.006769353
112.6	0.010031197
112.62	0.011278865
112.64	0.009617328
112.66	0.00785865
112.68	0.006723733
112.7	0.000713955
112.72	-0.003378799
112.74	-0.009974125
112.76	-0.013673576
112.78	-0.015294059
112.8	-0.011881369
112.82	-0.007137169
112.84	-0.002735065
112.86	-0.000549804
112.88	0.001174908
112.9	0.003494317
112.92	0.006838858
112.94	0.005542122
112.96	0.003698858
112.98	0.000980069
113	-0.001942762
113.02	-0.000940089
113.04	-0.000536687
113.06	-0.002228838
113.08	-0.008178152
113.1	-0.010181501
113.12	-0.005596588
113.14	-0.003474894
113.16	0.002044826
113.18	0.002513505
113.2	-0.000375754
113.22	0.002313575
113.24	0.005706952
113.26	0.009264198
113.28	0.008674321
113.3	0.004260269
113.32	8.77612E-05
113.34	0.001890216
113.36	0.00611909
113.38	0.009155994
113.4	0.006354381
113.42	0.0036629
113.44	-0.003977606
113.46	-0.011253169
113.48	-0.003457219
113.5	-0.002275648
113.52	0.000910443
113.54	0.001491489
113.56	-0.001472073
113.58	0.000265441
113.6	-0.002487407
113.62	0.005444573
113.64	0.006638997
113.66	0.004020699
113.68	0.004237951
113.7	0.000114263
113.72	-0.006491697
113.74	-0.003091935
113.76	-0.010236011
113.78	-0.010471483
113.8	-0.009620496
113.82	-0.007569367
113.84	-0.005503848
113.86	-0.002688185
113.88	0.000450949
113.9	0.006385567
113.92	0.00645263
113.94	0.00815198
113.96	0.007875978
113.98	0.004678893
114	0.000236068
114.02	-0.002735292
114.04	-0.006187612
114.06	-0.005988625
114.08	-0.008822239
114.1	-0.010484001
114.12	-0.010870399
114.14	-0.010947032
114.16	-0.007379757
114.18	-0.001191203
114.2	0.000409914
114.22	0.002418582
114.24	0.004428928
114.26	0.009188925
114.28	0.011373757
114.3	0.013045966
114.32	0.01130108
114.34	0.002258273
114.36	-0.005176618
114.38	-0.00187231
114.4	-0.002988731
114.42	-0.00102887
114.44	0.004668792
114.46	0.007865113
114.48	0.008188207
114.5	0.00556004
114.52	0.002476658
114.54	-0.001343258
114.56	-0.002705211
114.58	0.000844256
114.6	0.000546072
114.62	0.003224217
114.64	0.005719927
114.66	0.00750667
114.68	0.005159524
114.7	0.001359497
114.72	-0.005654767
114.74	-0.009827764
114.76	-0.009566892
114.78	-0.005663892
114.8	-0.001718604
114.82	0.002042212
114.84	0.004579796
114.86	0.007463847
114.88	0.011408058
114.9	0.013868166
114.92	0.013269958
114.94	0.016582598
114.96	0.015154972
114.98	0.013856415
115	0.012831021
115.02	0.007743535
115.04	0.000616871
115.06	-0.00038765
115.08	0.004614334
115.1	0.004458342
115.12	0.004813696
115.14	0.00740746
115.16	0.005848498
115.18	0.006136241
115.2	0.007229361
115.22	0.006559623
115.24	0.002151189
115.26	0.001978559
115.28	0.002723392
115.3	0.001929269
115.32	0.001974749
115.34	0.003930305
115.36	0.005546392
115.38	0.00647463
115.4	0.006131006
115.42	0.006278617
115.44	0.00578272
115.46	0.005997546
115.48	0.004150343
115.5	0.00197045
115.52	0.00143263
115.54	0.007321813
115.56	0.005149343
115.58	0.007112793
115.6	0.004211191
115.62	0.002145274
115.64	0.006189199
115.66	0.009425054
115.68	0.010514041
115.7	0.010270595
115.72	0.005564314
115.74	0.005300483
115.76	0.002836617
115.78	0.002854103
115.8	0.000985266
115.82	-0.002882838
115.84	-0.002479219
115.86	-0.001407875
115.88	4.87648E-05
115.9	0.003054969
115.92	-0.001223088
115.94	-0.005144424
115.96	-0.009709698
115.98	-0.009570933
116	-0.010098031
116.02	-0.008416242
116.04	-0.007519267
116.06	-0.008491412
116.08	-0.007238097
116.1	-0.007918693
116.12	-0.007974648
116.14	-0.01023532
116.16	-0.008578134
116.18	-0.006094878
116.2	-0.002343518
116.22	-0.000661463
116.24	0.001466364
116.26	0.002142591
116.28	0.001309467
116.3	-0.000844648
116.32	0.000192029
116.34	0.001230876
116.36	0.004940598
116.38	0.009832931
116.4	0.017175141
116.42	0.017773385
116.44	0.016940408
116.46	0.016408839
116.48	0.008494458
116.5	0.007809866
116.52	0.003546267
116.54	0.003210378
116.56	0.001733609
116.58	0.000177801
116.6	-0.000604349
116.62	-0.001264362
116.64	-0.003047518
116.66	-0.002477899
116.68	-0.009311541
116.7	-0.005372358
116.72	-0.004315394
116.74	-0.002842756
116.76	-0.001369206
116.78	-0.000454216
116.8	0.001049259
116.82	0.003666213
116.84	0.003240933
116.86	0.001504599
116.88	0.000211109
116.9	0.002373493
116.92	0.002816549
116.94	0.007816033
116.96	0.020800644
116.98	0.008478258
117	0.007802864
117.02	0.00650659
117.04	0.006719096
117.06	0.006376643
117.08	0.002497267
117.1	0.000645528
117.12	-0.004651009
117.14	-0.002428659
117.16	-0.00129189
117.18	-0.001007363
117.2	-0.006626739
117.22	-0.007679887
117.24	-0.003193845
117.26	-0.001012426
117.28	0.001071089
117.3	0.002183897
117.32	-0.001325752
117.34	-0.007555326
117.36	-0.005429233
117.38	-0.010860522
117.4	-0.016303464
117.42	-0.014217253
117.44	-0.015987867
117.46	-0.015007543
117.48	-0.009252212
117.5	-0.00062142
117.52	0.00198896
117.54	0.003164951
117.56	0.003666969
117.58	0.005698692
117.6	0.002965174
117.62	0.003220775
117.64	-0.001408393
117.66	-0.002280037
117.68	-0.002990082
117.7	-0.000188159
117.72	-0.001849899
117.74	-0.000965288
117.76	-0.000320568
117.78	0.001680662
117.8	0.002657066
117.82	0.004607147
117.84	0.006642417
117.86	0.007877238
117.88	0.006923534
117.9	0.002406287
117.92	-0.000742205
117.94	-0.003000378
117.96	-0.007696576
117.98	-0.008454017
118	-0.008049031
118.02	-0.005694455
118.04	-0.004097625
118.06	0.001624718
118.08	-0.000822502
118.1	-0.004169343
118.12	-0.004761256
118.14	0.00040122
118.16	-0.002027425
118.18	-0.002609328
118.2	-0.00552011
118.22	-0.005921673
118.24	-0.004709287
118.26	-0.003423515
118.28	-0.000182064
118.3	-0.001911089
118.32	-0.006668788
118.34	-0.000505961
118.36	0.002324259
118.38	0.003716431
118.4	0.006907582
118.42	0.003971446
118.44	0.000209041
118.46	-0.002273227
118.48	0.00098751
118.5	-0.002140178
118.52	-0.004665019
118.54	-0.007571112
118.56	-0.004966278
118.58	0.001001229
118.6	0.003323063
118.62	0.005177032
118.64	0.007837074
118.66	0.010159051
118.68	0.01056446
118.7	0.010106618
118.72	0.012664433
118.74	0.011148101
118.76	0.004671455
118.78	0.002853603
118.8	0.003091852
118.82	0.006014072
118.84	0.006475888
118.86	0.010780617
118.88	0.008037856
118.9	0.008996174
118.92	0.005557542
118.94	0.005476021
118.96	0.004935122
118.98	0.001161307
119	0.005168589
119.02	0.00728817
119.04	0.008543818
119.06	0.010132216
119.08	0.011317942
119.1	0.009205421
119.12	0.010645385
119.14	0.009074012
119.16	0.008207182
119.18	0.009454578
119.2	0.010901793
119.22	0.012153204
119.24	0.008140319
119.26	0.006443792
119.28	0.006061183
119.3	0.002328549
119.32	0.002007421
119.34	-0.000458884
119.36	-0.005219095
119.38	-0.007526021
119.4	-0.007908723
119.42	-0.002535283
119.44	0.000925786
119.46	0.001569364
119.48	0.004519621
119.5	-0.000437211
119.52	-0.007874096
119.54	-0.008069877
119.56	-0.012190282
119.58	-0.014098593
119.6	-0.014001256
119.62	-0.013117179
119.64	-0.007639576
119.66	-0.004989038
119.68	-0.003741477
119.7	-0.004971285
119.72	-0.005555273
119.74	-0.006880063
119.76	-0.01100575
119.78	-0.010548864
119.8	-0.009084287
119.82	-0.004809124
119.84	-0.000418135
119.86	0.00156301
119.88	5.1494E-05
119.9	-0.003660428
119.92	-0.006368464
119.94	-0.008573342
119.96	-0.008168046
119.98	-0.006857762
120	-0.004145989
120.02	-0.0025847
120.04	-0.000931207
120.06	0.000313281
120.08	0.001260257
120.1	0.001419729
120.12	-0.007542505
120.14	-0.004999185
120.16	-0.004891843
120.18	-0.002118824
120.2	-0.000561363
120.22	0.001965998
120.24	0.003976781
120.26	0.002858431
120.28	0.00695818
120.3	0.005955806
120.32	-0.000159223
120.34	-0.001892108
120.36	-0.002544782
120.38	-0.010698331
120.4	-0.010803916
120.42	-0.010356058
120.44	-0.00561377
120.46	-0.005795547
120.48	-0.00421201
120.5	-0.000787851
120.52	-0.000499147
120.54	0.001450037
120.56	0.003092289
120.58	0.002209834
120.6	0.005150285
120.62	0.006098087
120.64	0.004556287
120.66	0.003565921
120.68	-0.000832739
120.7	-0.002789011
120.72	-0.002816043
120.74	-0.005599281
120.76	-0.007654171
120.78	-0.012933497
120.8	-0.013696172
120.82	-0.013942022
120.84	-0.009386261
120.86	-0.0094668
120.88	-0.005928309
120.9	-0.006295475
120.92	-0.005652378
120.94	-0.003750549
120.96	-0.005797052
120.98	-0.007881739
121	-0.011912716
121.02	-0.0119906
121.04	-0.013540603
121.06	-0.007282097
121.08	-0.003925427
121.1	-0.002028963
121.12	-0.001463166
121.14	-0.003147682
121.16	-0.005983186
121.18	-0.00842022
121.2	-0.010609147
121.22	-0.011734951
121.24	-0.008143302
121.26	-0.001591083
121.28	0.006072904
121.3	0.006977285
121.32	0.004120632
121.34	-6.31182E-05
121.36	-0.008045516
121.38	-0.014927145
121.4	-0.016559699
121.42	-0.017979221
121.44	-0.01664281
121.46	-0.01243252
121.48	-0.010071596
121.5	-0.006925091
121.52	-0.002897087
121.54	-0.001336791
121.56	0.004917805
121.58	0.002313125
121.6	0.00443769
121.62	0.00159913
121.64	0.002257241
121.66	0.00434951
121.68	0.003415016
121.7	0.001751999
121.72	-0.002271102
121.74	0.000660774
121.76	-0.002333407
121.78	-0.005816837
121.8	-0.007219471
121.82	-0.011680267
121.84	-0.010754666
121.86	-0.00755457
121.88	-0.006208338
121.9	-0.005301831
121.92	-0.005764786
121.94	-0.004490014
121.96	-0.003133235
121.98	-0.000784654
122	-0.001251943
122.02	-0.00783637
122.04	-0.008035593
122.06	-0.010515487
122.08	-0.01054925
122.1	-0.004017304
122.12	0.002398832
122.14	0.003452344
122.16	0.003429317
122.18	0.004499537
122.2	0.009503963
122.22	0.014458772
122.24	0.012757188
122.26	0.018959874
122.28	0.015093654
122.3	0.017052597
122.32	0.013972245
122.34	0.010957918
122.36	0.007512473
122.38	0.006905092
122.4	0.003336342
122.42	-0.003064738
122.44	-0.010703778
122.46	-0.010828007
122.48	-0.009072148
122.5	-0.00578924
122.52	-0.001796464
122.54	-0.003242889
122.56	-0.001490416
122.58	-0.001369789
122.6	8.2871E-05
122.62	-0.002904339
122.64	-0.002837938
122.66	0.000803338
122.68	0.00642904
122.7	0.012695696
122.72	0.01232565
122.74	0.007706369
122.76	0.006535675
122.78	0.004299632
122.8	0.003732262
122.82	0.004516212
122.84	0.006989093
122.86	0.005459472
122.88	0.009205222
122.9	0.009485123
122.92	0.012234573
122.94	0.010195137
122.96	0.007857123
122.98	0.00386586
123	0.004944453
123.02	0.010871845
123.04	0.016191884
123.06	0.020164855
123.08	0.02079023
123.1	0.017702548
123.12	0.000796203
123.14	0.008678495
123.16	0.003082425
123.18	-0.004857591
123.2	-0.002990586
123.22	0.001418747
123.24	0.002576862
123.26	0.003845568
123.28	0.011350278
123.3	0.001059032
123.32	0.002670171
123.34	0.000131471
123.36	-0.002531115
123.38	-0.00049972
123.4	0.004826762
123.42	0.00609046
123.44	0.002966061
123.46	0.002350348
123.48	-0.00015307
123.5	-0.000282829
123.52	-0.000388209
123.54	0.001029388
123.56	0.003523378
123.58	0.005329394
123.6	0.010060626
123.62	0.007952312
123.64	0.006036177
123.66	0.003759513
123.68	0.002066928
123.7	0.002461748
123.72	0.005041826
123.74	-0.000506037
123.76	-0.003820849
123.78	-0.003712851
123.8	-0.003612129
123.82	-0.006815794
123.84	-0.008962877
123.86	-0.011844926
123.88	-0.012679475
123.9	-0.020813553
123.92	-0.016617339
123.94	-0.015963032
123.96	-0.014465927
123.98	-0.014292437
124	-0.010123278
124.02	-0.010287935
124.04	-0.006986425
124.06	-0.00430016
124.08	-0.002151102
124.1	-0.003907851
124.12	-0.003126276
124.14	-0.00219115
124.16	-0.00064395
124.18	-0.005099145
124.2	-0.007007296
124.22	-0.007820414
124.24	-0.004905435
124.26	-0.001517481
124.28	0.002309317
124.3	0.003749889
124.32	0.002045755
124.34	0.002332994
124.36	0.003075109
124.38	0.001255999
124.4	-0.002457775
124.42	-0.002089177
124.44	0.001273043
124.46	0.002607677
124.48	0.005063258
124.5	-0.001970499
124.52	0.003496285
124.54	-0.003097003
124.56	0.000268501
124.58	0.00603158
124.6	0.006004815
124.62	0.008590831
124.64	0.011615797
124.66	0.010012619
124.68	0.014415636
124.7	0.007635122
124.72	0.004646465
124.74	-0.005093026
124.76	-0.010968388
124.78	-0.011368322
124.8	-0.010364616
124.82	-0.005182843
124.84	0.007798902
124.86	0.006571242
124.88	0.015014379
124.9	0.016610773
124.92	0.017353161
124.94	0.008229067
124.96	-0.000380187
124.98	-0.003072345
125	-0.003263642
125.02	-0.006298076
125.04	-0.003636208
125.06	0.003415522
125.08	0.007886538
125.1	0.008926428
125.12	0.010404003
125.14	0.007824848
125.16	0.006952191
125.18	0.004642417
125.2	-0.004132634
125.22	-0.005526939
125.24	-0.00947364
125.26	-0.009027247
125.28	-0.010949735
125.3	-0.00633884
125.32	-0.001895466
125.34	-0.003953871
125.36	-0.005227779
125.38	-0.010496051
125.4	-0.00857021
125.42	-0.012377161
125.44	-0.006184423
125.46	-0.006636635
125.48	-0.010951294
125.5	-0.012210178
125.52	0.001902598
125.54	0.005128981
125.56	0.006872143
125.58	0.003734404
125.6	0.002026287
125.62	-0.000670485
125.64	0.000727427
125.66	0.007446806
125.68	0.010866499
125.7	0.005901
125.72	0.007085799
125.74	0.006495884
125.76	0.003854742
125.78	0.00053146
125.8	-0.002826488
125.82	-0.004224959
125.84	-0.00571488
125.86	-0.000760653
125.88	0.008495128
125.9	0.014883827
125.92	0.015816862
125.94	0.014512945
125.96	0.011363231
125.98	0.010670923
126	0.007103402
126.02	0.004244317
126.04	0.002366544
126.06	0.001875954
126.08	0.005631518
126.1	0.00759902
126.12	0.013896195
126.14	0.008743761
126.16	0.010085584
126.18	0.006810548
126.2	0.006373225
126.22	0.003273281
126.24	0.00113636
126.26	-0.000575705
126.28	-0.001107997
126.3	0.001354888
126.32	0.003392774
126.34	-0.002810491
126.36	-0.003316011
126.38	-0.005577869
126.4	-0.002985637
126.42	-0.000113074
126.44	0.0023865
126.46	0.006639164
126.48	0.006688244
126.5	0.009262335
126.52	0.015070416
126.54	0.009761708
126.56	0.006446281
126.58	-0.001525809
126.6	-0.00866967
126.62	-0.007034993
126.64	-0.007447092
126.66	-0.005465619
126.68	-0.007464266
126.7	-0.004672832
126.72	0.004057568
126.74	0.007460842
126.76	0.011850616
126.78	0.008918318
126.8	0.003511632
126.82	-0.001268487
126.84	-0.00338844
126.86	-0.004319997
126.88	-0.011651914
126.9	-0.011586401
126.92	-0.01092998
126.94	-0.008709431
126.96	-0.003152644
126.98	0.003479275
127	0.006042083
127.02	0.017088311
127.04	0.016031829
127.06	0.017128315
127.08	0.016395264
127.1	0.011581783
127.12	0.007353816
127.14	0.007590191
127.16	0.011246004
127.18	0.007892165
127.2	0.005161127
127.22	0.000102093
127.24	-0.002747123
127.26	-0.002715998
127.28	-0.000787053
127.3	-5.09673E-05
127.32	0.00085326
127.34	0.001320217
127.36	0.003527471
127.38	0.002694753
127.4	-0.002810667
127.42	-0.00954786
127.44	-0.015151595
127.46	-0.016314501
127.48	-0.014980743
127.5	-0.010129676
127.52	-0.010650794
127.54	-0.008157095
127.56	-0.003947114
127.58	0.003275683
127.6	0.005888122
127.62	0.004815394
127.64	-0.000481766
127.66	-0.008114617
127.68	-0.011822028
127.7	-0.016316377
127.72	-0.014009071
127.74	-0.0147405
127.76	-0.019691509
127.78	-0.01555701
127.8	-0.014349757
127.82	-0.011974688
127.84	-0.010479442
127.86	-0.010593571
127.88	-0.013994864
127.9	-0.013577039
127.92	-0.009012775
127.94	-0.000483442
127.96	0.002086873
127.98	0.002088051
128	0.005086223
128.02	0.005417978
128.04	0.005558948
128.06	0.008430026
128.08	0.008238298
128.1	0.009399209
128.12	0.009224043
128.14	0.007945939
128.16	0.010669517
128.18	0.008156366
128.2	0.004017928
128.22	0.003346905
128.24	0.004944608
128.26	0.005558713
128.28	0.006313738
128.3	0.008830922
128.32	0.007690544
128.34	0.005613724
128.36	0.00372016
128.38	0.000796678
128.4	-0.001148511
128.42	-0.002321266
128.44	-0.000283986
128.46	-0.001637104
128.48	-0.00199076
128.5	-0.000507446
128.52	-0.003588861
128.54	-0.004353544
128.56	-0.005035762
128.58	-0.002647573
128.6	-0.000782857
128.62	0.001211575
128.64	0.00204552
128.66	0.001863023
128.68	0.002408517
128.7	0.014007963
128.72	0.001144602
128.74	0.012110199
128.76	0.011221775
128.78	0.014922691
128.8	0.01525897
128.82	0.012751583
128.84	0.011035812
128.86	0.007570391
128.88	0.006186212
128.9	0.013197426
128.92	0.010262165
128.94	0.009161949
128.96	0.01167373
128.98	0.006655474
129	0.004617071
129.02	0.002285813
129.04	0.001127968
129.06	-0.000162329
129.08	-0.006608246
129.1	-0.011236988
129.12	-0.011442918
129.14	-0.013058437
129.16	-0.011466197
129.18	-0.013068264
129.2	-0.016268773
129.22	-0.011468755
129.24	-0.004057616
129.26	0.004534858
129.28	0.00434743
129.3	0.004156259
129.32	0.006298364
129.34	0.005719058
129.36	0.00585204
129.38	0.007336382
129.4	0.005737929
129.42	0.003338536
129.44	0.001496616
129.46	0.001854515
129.48	0.003437407
129.5	0.005806529
129.52	0.008485825
129.54	0.010173586
129.56	0.008945603
129.58	0.008338199
129.6	0.004794336
129.62	-0.0006364
129.64	-0.006136895
129.66	-0.009674708
129.68	-0.009285708
129.7	-0.013759584
129.72	-0.020037038
129.74	-0.00994321
129.76	-0.011675856
129.78	-0.013928271
129.8	-0.014807326
129.82	-0.012387385
129.84	-0.008310869
129.86	-0.002240315
129.88	0.015125276
129.9	0.003846508
129.92	0.005770732
129.94	-0.001057364
129.96	-0.006621844
129.98	-0.009898319
130	-0.006494521
130.02	-0.000382437
130.04	0.00269862
130.06	0.004361217
130.08	0.003779894
130.1	0.001495533
130.12	-0.002426948
130.14	-0.007519367
130.16	-0.010833096
130.18	-0.013965593
130.2	-0.013379273
130.22	-0.011758235
130.24	-0.006213951
130.26	-0.006130596
130.28	-0.002035844
130.3	-0.000291999
130.32	-0.001631605
130.34	-0.007522151
130.36	-0.003617802
130.38	-0.000174159
130.4	-0.003831052
130.42	-0.006226712
130.44	-0.006175381
130.46	-0.006427294
130.48	-0.007127361
130.5	-0.002928222
130.52	-0.003149218
130.54	-0.003712944
130.56	0.00034817
130.58	-0.000261577
130.6	-0.002118465
130.62	-0.003408055
130.64	-0.004932097
130.66	-0.008539884
130.68	-0.013813481
130.7	-0.012812523
130.72	-0.017956422
130.74	-0.014420107
130.76	-0.016277343
130.78	-0.011450734
130.8	-0.009986782
130.82	-0.005231664
130.84	-0.001009477
130.86	-0.003046865
130.88	-0.002181519
130.9	-0.001090368
130.92	0.002943971
130.94	0.009987156
130.96	0.013109978
130.98	0.01230405
131	0.010320632
131.02	0.010275584
131.04	0.008207316
131.06	0.005894444
131.08	0.00321798
131.1	-0.004146397
131.12	-0.012689795
131.14	-0.019132252
131.16	-0.018917473
131.18	-0.019253257
131.2	-0.017964989
131.22	-0.01786106
131.24	-0.016047486
131.26	-0.010586419
131.28	-0.002676415
131.3	0.002328869
131.32	0.00691122
131.34	0.003057707
131.36	0.003227919
131.38	-0.001592198
131.4	-0.003521166
131.42	-0.00341336
131.44	-0.002354452
131.46	-0.004253539
131.48	-0.007143115
131.5	-0.003426398
131.52	0.003441285
131.54	0.008008167
131.56	0.010381415
131.58	0.001990582
131.6	0.004823787
131.62	0.004959126
131.64	0.010438613
131.66	0.008466424
131.68	0.002034471
131.7	-0.008096956
131.72	-0.010507491
131.74	-0.009182705
131.76	-0.011546634
131.78	-0.013693877
131.8	-0.016233464
131.82	-0.014839601
131.84	-0.009694327
131.86	-0.004365258
131.88	-0.001966914
131.9	-0.000763074
131.92	0.000138497
131.94	0.001529288
131.96	0.006397324
131.98	0.018652016
132	0.020224204
132.02	0.013654254
132.04	0.007935414
132.06	0.005162997
132.08	1.05674E-05
132.1	-0.003467256
132.12	-0.011084713
132.14	-0.016105246
132.16	-0.016510531
132.18	-0.009552558
132.2	-0.001276506
132.22	0.00478158
132.24	0.010279857
132.26	0.011106125
132.28	0.012528258
132.3	0.010728189
132.32	0.01371063
132.34	0.015576155
132.36	0.018215905
132.38	0.018095925
132.4	0.020757468
132.42	0.022362607
132.44	0.022326239
132.46	0.019980171
132.48	0.017908892
132.5	0.016461892
132.52	0.018339963
132.54	0.019381183
132.56	0.020078069
132.58	0.017049998
132.6	0.014781579
132.62	0.011296916
132.64	-0.001362114
132.66	0.001514318
132.68	0.006261864
132.7	0.007290914
132.72	0.010305935
132.74	0.005948598
132.76	-0.00104072
132.78	-0.009329408
132.8	-0.011745275
132.82	-0.004886999
132.84	0.000290876
132.86	0.007378204
132.88	0.006025549
132.9	0.00710476
132.92	0.008587043
132.94	0.009107176
132.96	0.013719558
132.98	0.012490416
133	0.008786873
133.02	0.00680162
133.04	0.007828658
133.06	0.007735215
133.08	0.007506092
133.1	0.008855371
133.12	0.00551372
133.14	0.002789675
133.16	0.003442592
133.18	0.003238751
133.2	0.000889814
133.22	-0.004817686
133.24	-0.004501091
133.26	-0.004241709
133.28	-0.00233389
133.3	-0.001253303
133.32	-0.0025872
133.34	-0.006470583
133.36	-0.009720109
133.38	-0.017628624
133.4	-0.018876227
133.42	-0.016281965
133.44	-0.017121604
133.46	-0.018282256
133.48	-0.014759355
133.5	-0.008229103
133.52	-0.009324083
133.54	-0.007768391
133.56	-0.008750877
133.58	-0.004855921
133.6	-0.011143095
133.62	-0.009673559
133.64	-0.013631681
133.66	-0.011755647
133.68	-0.010593889
133.7	-0.008289128
133.72	-0.003713369
133.74	-0.00031712
133.76	0.000968583
133.78	0.004058318
133.8	0.00740354
133.82	0.005806658
133.84	0.012782372
133.86	0.010443754
133.88	0.003538276
133.9	6.30811E-05
133.92	8.36782E-05
133.94	-0.003786944
133.96	-0.00467661
133.98	-0.000646236
134	0.001540832
134.02	-0.001274921
134.04	-0.000754333
134.06	-0.004210119
134.08	-0.005214686
134.1	-0.004000956
134.12	-0.002117686
134.14	-0.000179966
134.16	0.000383031
134.18	-0.001010878
134.2	-0.003161432
134.22	-0.003064963
134.24	-0.002774199
134.26	-0.003634011
134.28	0.000891085
134.3	0.000433902
134.32	0.002318819
134.34	0.003203447
134.36	0.005784675
134.38	0.005071201
134.4	0.001724356
134.42	0.000661058
134.44	0.002335058
134.46	0.001191615
134.48	-0.001745824
134.5	-0.007113967
134.52	-0.006841658
134.54	-0.002197074
134.56	-0.00256529
134.58	-0.001149438
134.6	0.000433254
134.62	0.004842297
134.64	0.00862062
134.66	0.00815152
134.68	0.0057006
134.7	-0.000645666
134.72	-0.004197609
134.74	-0.0022744
134.76	-0.004472992
134.78	-0.002955064
134.8	-0.005037929
134.82	-0.003881028
134.84	-0.002617992
134.86	-0.002783924
134.88	-0.003689706
134.9	-0.002678478
134.92	0.001793926
134.94	0.005290114
134.96	0.007221098
134.98	0.004858862
135	0.005185313
135.02	0.00168272
135.04	0.001935043
135.06	0.003710049
135.08	0.002390273
135.1	0.002105537
135.12	-0.000729061
135.14	0.001078216
135.16	0.001247009
135.18	-0.000247936
135.2	-0.000957084
135.22	-0.001533865
135.24	-0.002218009
135.26	-0.00045975
135.28	-0.003671075
135.3	-0.002063656
135.32	-0.002925073
135.34	-0.000675865
135.36	0.00181143
135.38	0.003770405
135.4	0.003877206
135.42	0.000445619
135.44	0.002204729
135.46	0.000300128
135.48	-0.000436714
135.5	-0.001830808
135.52	-0.003508391
135.54	-0.007002997
135.56	-0.005964656
135.58	-0.007238737
135.6	-0.005969241
135.62	-0.002730874
135.64	0.001521035
135.66	0.000977173
135.68	0.000229649
135.7	-0.000400422
135.72	0.001754013
135.74	6.47089E-05
135.76	0.001305963
135.78	-0.003490669
135.8	-0.004226108
135.82	-0.005450309
135.84	-0.001561036
135.86	-0.001691237
135.88	0.001415506
135.9	0.000985731
135.92	0.002838374
135.94	0.004087396
135.96	0.006425206
135.98	0.003320788
136	0.004836395
136.02	0.002418999
136.04	0.002753043
136.06	0.002238126
136.08	0.002483289
136.1	0.001235627
136.12	0.001584787
136.14	0.003000475
136.16	0.001340187
136.18	0.001171276
136.2	0.000848299
136.22	-0.000414909
136.24	-0.00073704
136.26	-0.000100801
136.28	0.000438722
136.3	0.000171224
136.32	0.000930674
136.34	0.001998678
136.36	0.001477559
136.38	0.002746806
136.4	0.004347963
136.42	0.00364196
136.44	0.002833114
136.46	0.002098728
136.48	-0.000466893
136.5	-0.001662016
136.52	-0.000618771
136.54	-0.000249658
136.56	-0.002147941
136.58	-0.00193765
136.6	-0.001784132
136.62	-0.000645075
136.64	0.00086719
136.66	0.003036405
136.68	0.002024285
136.7	0.002132701
136.72	0.001158225
136.74	0.000162573
136.76	-0.001099216
136.78	-0.001143042
136.8	-0.001254156
136.82	-0.001555655
136.84	-0.00095875
136.86	-0.001163454
136.88	-0.001724344
136.9	-0.000440269
136.92	0.000446795
136.94	0.000782712
136.96	-0.000160661
136.98	-0.001210533
137	-0.001939353
137.02	-0.001175666
137.04	-0.000750842
137.06	-0.000933898
137.08	-0.001178071
137.1	-0.001193015
137.12	-0.001206054
137.14	-0.001225909
137.16	-0.000922801
137.18	-0.001446116
137.2	-0.001982534
137.22	-0.00176969
137.24	-0.003185428
137.26	-0.00310885
137.28	-0.002099109
137.3	-0.000805312
137.32	-7.99525E-05
137.34	0.000225652
137.36	0.000594997
137.38	0.000172448
137.4	0.001279187
137.42	0.002039958
137.44	0.001110497
137.46	0.00068026
137.48	-0.000351079
137.5	-0.000673772
137.52	-0.000975037
137.54	-1.93528E-05
137.56	0.000777358
137.58	0.001228016
137.6	0.002029913
137.62	0.002284245
137.64	0.002211858
137.66	0.002443351
137.68	0.002507016
137.7	0.002124424
137.72	0.001098426
137.74	0.000410374
137.76	7.88365E-05
137.78	-6.52971E-05
137.8	0.000557607
137.82	0.00094189
137.84	0.001235905
137.86	0.001126978
137.88	0.000930286
137.9	0.000974462
137.92	0.000936111
137.94	0.000833112
137.96	0.000838355
137.98	0.000711698
138	0.000346674
138.02	0.00015069
138.04	0.000429055
138.06	0.000820171
138.08	0.001150723
138.1	0.001227743
138.12	0.00047355
138.14	-0.00010609
138.16	-0.000260514
138.18	-0.000524841
138.2	-0.00062857
138.22	-0.000926
138.24	-0.001002073
138.26	-0.00116236
138.28	-0.000329401
138.3	0.000358405
138.32	0.000746109
138.34	0.001004879
138.36	0.000988176
138.38	0.000657332
138.4	-7.9299E-06
138.42	-0.000472183
138.44	-0.001162608
138.46	-0.001766415
138.48	-0.001853848
138.5	-0.002214706
138.52	-0.002032418
138.54	-0.00158164
138.56	-0.001010065
138.58	-0.000481972
138.6	-0.000277777
138.62	-0.00040824
138.64	-0.000741696
138.66	-0.000992506
138.68	-0.001063753
138.7	-0.001227729
138.72	-0.00135149
138.74	-0.001224765
138.76	-0.001257453
138.78	-0.001120111
138.8	-0.000835185
138.82	-0.000583672
138.84	-0.000255199
138.86	-0.000133052
138.88	-0.000423094
138.9	-0.000530649
138.92	-0.000576691
138.94	-0.000307184
138.96	-5.80793E-05
138.98	0.000253862
139	0.000329824
139.02	0.000387384
139.04	0.000686717
139.06	0.001124905
139.08	0.001164581
139.1	0.001023776
139.12	0.000592613
139.14	0.000411239
139.16	0.000219315
139.18	0.00031366
139.2	0.00046155
139.22	0.000727927
139.24	0.001013021
139.26	0.001208009
139.28	0.001348093
139.3	0.001781443
139.32	0.001536413
139.34	0.001473923
139.36	0.001090415
139.38	0.000497849
139.4	5.18544E-05
139.42	-0.000349815
139.44	-0.000160978
139.46	-6.27979E-05
139.48	0.000122416
139.5	0.000451477
139.52	0.000446141
139.54	0.000688694
139.56	0.000868777
139.58	0.000890933
139.6	0.000796166
139.62	0.000549983
139.64	0.000277862
139.66	-3.78831E-05
139.68	-0.000148962
139.7	-0.000125101
139.72	-7.7278E-06
139.74	0.00017361
139.76	0.000214157
139.78	5.56053E-05
139.8	-2.06318E-05
139.82	-2.04103E-05
139.84	5.04519E-05
139.86	-4.8171E-05
139.88	-0.000298742
139.9	-0.000637174
139.92	-0.000831047
139.94	-0.000765606
139.96	-0.000626959
139.98	-0.000626074
140	-0.000687986
140.02	-0.000832147
140.04	-0.000957352
140.06	-0.001057304
140.08	-0.001174159
140.1	-0.0012713
140.12	-0.001374804
140.14	-0.001395668
140.16	-0.001325166
140.18	-0.00104277
140.2	-0.000755887
140.22	-0.000384485
140.24	-0.00012986
140.26	6.68569E-07
140.28	-3.93413E-05
140.3	-0.000206291
140.32	-0.000348241
140.34	-0.000555521
140.36	-0.000754931
140.38	-0.000812787
140.4	-0.000859582
140.42	-0.000688215
140.44	-0.000509674
140.46	-0.000173538
140.48	0.000102035
140.5	0.0003347
140.52	0.000445525
140.54	0.000496365
140.56	0.000488024
140.58	0.000419539
140.6	0.000340268
140.62	0.00041779
140.64	0.000360972
140.66	0.00033923
140.68	0.000373576
140.7	0.000552259
140.72	0.00067531
140.74	0.000718651
140.76	0.000729881
140.78	0.000600473
140.8	0.000526903
140.82	0.000526766
140.84	0.000521815
140.86	0.000462458
140.88	0.000415834
140.9	0.000451269
140.92	0.000530445
140.94	0.000640801
140.96	0.000710808
140.98	0.00068182
141	0.000597618
141.02	0.00043301
141.04	0.000320881
141.06	0.000251477
141.08	0.000174495
141.1	0.000264684
141.12	0.00034678
141.14	0.00048134
141.16	0.000514361
141.18	0.000668438
141.2	0.000697237
141.22	0.000619138
141.24	0.000433572
141.26	0.000241734
141.28	-6.83484E-05
141.3	-0.000391624
141.32	-0.000595758
141.34	-0.000659624
141.36	-0.000699578
141.38	-0.000574544
141.4	-0.000559654
141.42	-0.000443576
141.44	-0.000440711
141.46	-0.000398049
141.48	-0.000385165
141.5	-0.000408722
141.52	-0.000585225
141.54	-0.000743193
141.56	-0.000861464
141.58	-0.000835774
141.6	-0.000816641
141.62	-0.000732214
141.64	-0.000658828
141.66	-0.000630634
141.68	-0.000604179
141.7	-0.00054263
141.72	-0.000503979
141.74	-0.000536208
141.76	-0.000565359
141.78	-0.000568834
141.8	-0.000551123
141.82	-0.000473955
141.84	-0.000383622
141.86	-0.000285586
141.88	-0.000171591
141.9	-0.000102618
141.92	-6.37466E-05
141.94	-5.86374E-05
141.96	-7.02004E-05
141.98	-0.000107697
142	-0.000153757
142.02	-0.000138015
142.04	-0.000156493
142.06	-9.26152E-06
142.08	0.00013643
142.1	0.000297084
142.12	0.000391902
142.14	0.000388995
142.16	0.00045391
142.18	0.000357583
142.2	0.000330274
142.22	0.000257024
142.24	0.000125201
142.26	0.000109571
142.28	8.46929E-05
142.3	0.000227464
142.32	0.000376071
142.34	0.000527832
142.36	0.000681161
142.38	0.000760913
142.4	0.000798403
142.42	0.000779173
142.44	0.000730109
142.46	0.000684641
142.48	0.000584218
142.5	0.000483436
142.52	0.000389253
142.54	0.000344466
142.56	0.00034004
142.58	0.000389058
142.6	0.00042653
142.62	0.000398821
142.64	0.000343247
142.66	0.00025995
142.68	0.000182492
142.7	0.000118632
142.72	8.23671E-05
142.74	2.94549E-05
142.76	-1.78092E-05
142.78	-5.71142E-05
142.8	-8.40043E-05
142.82	-8.28832E-05
142.84	-8.71165E-05
142.86	-0.000112387
142.88	-0.00018805
142.9	-0.000327864
142.92	-0.000449777
142.94	-0.000515347
142.96	-0.000541826
142.98	-0.000526913
143	-0.000513112
143.02	-0.000465871
143.04	-0.000411878
143.06	-0.000377446
143.08	-0.000319281
143.1	-0.000333679
143.12	-0.000382446
143.14	-0.000459286
143.16	-0.00055234
143.18	-0.000602905
143.2	-0.000633021
143.22	-0.000589127
143.24	-0.000516709
143.26	-0.000426682
143.28	-0.000329756
143.3	-0.000243995
143.32	-0.000163789
143.34	-0.000116381
143.36	-0.000115859
143.38	-0.000146538
143.4	-0.000206019
143.42	-0.000261606
143.44	-0.000301848
143.46	-0.000296153
143.48	-0.000266626
143.5	-0.000230648
143.52	-0.000188893
143.54	-0.000116868
143.56	-4.69006E-05
143.58	1.33947E-05
143.6	5.88564E-05
143.62	8.33809E-05
143.64	0.00010926
143.66	0.000132787
143.68	0.000183675
143.7	0.000269593
143.72	0.000339056
143.74	0.000407228
143.76	0.000445616
143.78	0.000478348
143.8	0.000497343
143.82	0.000494684
143.84	0.000481282
143.86	0.000440501
143.88	0.000385785
143.9	0.000363913
143.92	0.000368049
143.94	0.000410024
143.96	0.000463672
143.98	0.000494391
144	0.000512257
144.02	0.000494096
144.04	0.000455065
144.06	0.00039347
144.08	0.000318782
144.1	0.000244426
144.12	0.000162624
144.14	0.000100428
144.16	6.67683E-05
144.18	7.09395E-05
144.2	0.000112737
144.22	0.000139532
144.24	0.000166979
144.26	0.000156671
144.28	0.000120005
144.3	6.57709E-05
144.32	-4.15877E-06
144.34	-7.1818E-05
144.36	-0.000158118
144.38	-0.000241647
144.4	-0.000287561
144.42	-0.000307697
144.44	-0.000305472
144.46	-0.000280505
144.48	-0.000258778
144.5	-0.000246488
144.52	-0.000251402
144.54	-0.000262915
144.56	-0.000271487
144.58	-0.000291655
144.6	-0.000310202
144.62	-0.000322643
144.64	-0.000336184
144.66	-0.000335832
144.68	-0.000325971
144.7	-0.000312204
144.72	-0.000307439
144.74	-0.000327238
144.76	-0.000357465
144.78	-0.000383484
144.8	-0.000406406
144.82	-0.000414363
144.84	-0.000405738
144.86	-0.000376612
144.88	-0.000330237
144.9	-0.000272372
144.92	-0.000204923
144.94	-0.000146047
144.96	-0.000102391
144.98	-8.86097E-05
145	-8.87987E-05
145.02	-8.90722E-05
145.04	-9.51085E-05
145.06	-8.51875E-05
145.08	-5.62167E-05
145.1	-1.25121E-05
145.12	4.78522E-05
145.14	0.00011608
145.16	0.000201925
145.18	0.000273749
145.2	0.000320271
145.22	0.00034231
145.24	0.000338851
145.26	0.000319204
145.28	0.000295996
145.3	0.000273849
145.32	0.000263522
145.34	0.000259638
145.36	0.000266917
145.38	0.00029008
145.4	0.00032054
145.42	0.000353181
145.44	0.00037251
145.46	0.000377292
145.48	0.000368377
145.5	0.000342983