0	0
0.02	-2.45217E-06
0.04	-2.46378E-06
0.06	-2.48394E-06
0.08	-2.5E-06
0.1	-2.51782E-06
0.12	-2.5354E-06
0.14	-2.55202E-06
0.16	-2.5697E-06
0.18	-2.58687E-06
0.2	-2.60352E-06
0.22	-2.62078E-06
0.24	-2.63773E-06
0.26	-2.65428E-06
0.28	-2.67118E-06
0.3	-2.68793E-06
0.32	-2.70429E-06
0.34	-2.72076E-06
0.36	-2.73727E-06
0.38	-2.75349E-06
0.4	-2.76953E-06
0.42	-2.78562E-06
0.44	-2.80148E-06
0.46	-2.81712E-06
0.48	-2.83267E-06
0.5	-2.84819E-06
0.52	-2.86363E-06
0.54	-2.87877E-06
0.56	-2.89375E-06
0.58	-2.90876E-06
0.6	-2.92362E-06
0.62	-2.93782E-06
0.64	-2.95201E-06
0.66	-2.96659E-06
0.68	-2.98079E-06
0.7	-2.99417E-06
0.72	-3.00715E-06
0.74	-3.02098E-06
0.76	-3.0354E-06
0.78	-3.04893E-06
0.8	-3.061E-06
0.82	-3.07306E-06
0.84	-3.08685E-06
0.86	-3.10357E-06
0.88	-3.12298E-06
0.9	-3.14324E-06
0.92	-3.16084E-06
0.94	-3.17274E-06
0.96	-3.17821E-06
0.98	-3.18262E-06
1	-3.19036E-06
1.02	-3.19979E-06
1.04	-3.20576E-06
1.06	-3.2097E-06
1.08	-3.21592E-06
1.1	-3.22344E-06
1.12	-3.22887E-06
1.14	-3.23332E-06
1.16	-3.23812E-06
1.18	-3.24218E-06
1.2	-3.2463E-06
1.22	-3.25055E-06
1.24	-3.25348E-06
1.26	-3.25566E-06
1.28	-3.25801E-06
1.3	-3.26042E-06
1.32	-3.26201E-06
1.34	-3.26285E-06
1.36	-3.26309E-06
1.38	-3.26321E-06
1.4	-3.26304E-06
1.42	-3.26205E-06
1.44	-3.25987E-06
1.46	-3.25824E-06
1.48	-3.25569E-06
1.5	-3.2526E-06
1.52	-3.24886E-06
1.54	-3.24453E-06
1.56	-3.24015E-06
1.58	-3.23461E-06
1.6	-3.22898E-06
1.62	-3.22216E-06
1.64	-3.21483E-06
1.66	-3.20619E-06
1.68	-3.19734E-06
1.7	-3.18886E-06
1.72	-3.17906E-06
1.74	-3.16648E-06
1.76	-3.15081E-06
1.78	-3.13484E-06
1.8	-3.12026E-06
1.82	-3.10887E-06
1.84	-3.0993E-06
1.86	-3.09083E-06
1.88	-3.08087E-06
1.9	-3.06896E-06
1.92	-3.05463E-06
1.94	-3.04007E-06
1.96	-3.02509E-06
1.98	-3.00929E-06
2	-2.99064E-06
2.02	-2.97084E-06
2.04	-2.95111E-06
2.06	-2.93185E-06
2.08	-2.91004E-06
2.1	-2.88652E-06
2.12	-2.86247E-06
2.14	-2.83848E-06
2.16	-2.81295E-06
2.18	-2.78626E-06
2.2	-2.75838E-06
2.22	-2.72942E-06
2.24	-2.6997E-06
2.26	-2.66955E-06
2.28	-2.6381E-06
2.3	-2.60488E-06
2.32	-2.57097E-06
2.34	-2.53663E-06
2.36	-2.501E-06
2.38	-2.46375E-06
2.4	-2.42552E-06
2.42	-2.38634E-06
2.44	-2.3463E-06
2.46	-2.30476E-06
2.48	-2.26183E-06
2.5	-2.2182E-06
2.52	-2.17396E-06
2.54	-2.12831E-06
2.56	-2.08115E-06
2.58	-2.0327E-06
2.6	-1.98314E-06
2.62	-1.93302E-06
2.64	-1.88274E-06
2.66	-1.83171E-06
2.68	-1.77799E-06
2.7	-1.72043E-06
2.72	-1.65907E-06
2.74	-1.59572E-06
2.76	-1.53197E-06
2.78	-1.46788E-06
2.8	-1.40345E-06
2.82	-1.33841E-06
2.84	-1.27256E-06
2.86	-1.20562E-06
2.88	-1.13771E-06
2.9	-1.06887E-06
2.92	-9.98909E-07
2.94	-9.27337E-07
2.96	-8.54133E-07
2.98	-7.79582E-07
3	-7.04283E-07
3.02	-6.27773E-07
3.04	-5.49211E-07
3.06	-4.68872E-07
3.08	-3.874E-07
3.1	-3.05066E-07
3.12	-2.20856E-07
3.14	-1.34592E-07
3.16	-4.67316E-08
3.18	4.2356E-08
3.2	1.32978E-07
3.22	2.25244E-07
3.24	3.19172E-07
3.26	4.15085E-07
3.28	5.12415E-07
3.3	6.11059E-07
3.32	7.11301E-07
3.34	8.1388E-07
3.36	9.18049E-07
3.38	1.02369E-06
3.4	1.13124E-06
3.42	1.24095E-06
3.44	1.35243E-06
3.46	1.46521E-06
3.48	1.57963E-06
3.5	1.69636E-06
3.52	1.8156E-06
3.54	1.93682E-06
3.56	2.05907E-06
3.58	2.18174E-06
3.6	2.30498E-06
3.62	2.4293E-06
3.64	2.55609E-06
3.66	2.6862E-06
3.68	2.81948E-06
3.7	2.95529E-06
3.72	3.09355E-06
3.74	3.23425E-06
3.76	3.37745E-06
3.78	3.52273E-06
3.8	3.66998E-06
3.82	3.81911E-06
3.84	3.97033E-06
3.86	4.12361E-06
3.88	4.27891E-06
3.9	4.43636E-06
3.92	4.59591E-06
3.94	4.75737E-06
3.96	4.92083E-06
3.98	5.08641E-06
4	5.25417E-06
4.02	5.42407E-06
4.04	5.59588E-06
4.06	5.76956E-06
4.08	5.9456E-06
4.1	6.12402E-06
4.12	6.30458E-06
4.14	6.4871E-06
4.16	6.67174E-06
4.18	6.85883E-06
4.2	7.04821E-06
4.22	7.2398E-06
4.24	7.43353E-06
4.26	7.62925E-06
4.28	7.82721E-06
4.3	8.02757E-06
4.32	8.2303E-06
4.34	8.43519E-06
4.36	8.64245E-06
4.38	8.85218E-06
4.4	9.06404E-06
4.42	9.27784E-06
4.44	9.49423E-06
4.46	9.714E-06
4.48	9.93708E-06
4.5	1.01628E-05
4.52	1.03905E-05
4.54	1.06195E-05
4.56	1.085E-05
4.58	1.10821E-05
4.6	1.13162E-05
4.62	1.15526E-05
4.64	1.17912E-05
4.66	1.20323E-05
4.68	1.2276E-05
4.7	1.25225E-05
4.72	1.27717E-05
4.74	1.30234E-05
4.76	1.32776E-05
4.78	1.35345E-05
4.8	1.3794E-05
4.82	1.40562E-05
4.84	1.43209E-05
4.86	1.45882E-05
4.88	1.4858E-05
4.9	1.51305E-05
4.92	1.54056E-05
4.94	1.56833E-05
4.96	1.59635E-05
4.98	1.62462E-05
5	1.65313E-05
5.02	1.68189E-05
5.04	1.71091E-05
5.06	1.74019E-05
5.08	1.76971E-05
5.1	1.79947E-05
5.12	1.82948E-05
5.14	1.85975E-05
5.16	1.89029E-05
5.18	1.92107E-05
5.2	1.95209E-05
5.22	1.98334E-05
5.24	2.01483E-05
5.26	2.04657E-05
5.28	2.07856E-05
5.3	2.11079E-05
5.32	2.14325E-05
5.34	2.17593E-05
5.36	2.20879E-05
5.38	2.24185E-05
5.4	2.27517E-05
5.42	2.30882E-05
5.44	2.34278E-05
5.46	2.37703E-05
5.48	2.41152E-05
5.5	2.44626E-05
5.52	2.48121E-05
5.54	2.51637E-05
5.56	2.55173E-05
5.58	2.58727E-05
5.6	2.623E-05
5.62	2.65893E-05
5.64	2.69507E-05
5.66	2.73141E-05
5.68	2.76795E-05
5.7	2.8047E-05
5.72	2.84164E-05
5.74	2.87878E-05
5.76	2.91614E-05
5.78	2.95369E-05
5.8	2.99143E-05
5.82	3.02938E-05
5.84	3.06752E-05
5.86	3.10587E-05
5.88	3.14441E-05
5.9	3.18315E-05
5.92	3.22207E-05
5.94	3.26118E-05
5.96	3.30048E-05
5.98	3.33996E-05
6	3.37962E-05
6.02	3.41945E-05
6.04	3.45945E-05
6.06	3.49961E-05
6.08	3.53994E-05
6.1	3.58045E-05
6.12	3.62112E-05
6.14	3.66195E-05
6.16	3.70292E-05
6.18	3.74404E-05
6.2	3.78531E-05
6.22	3.82673E-05
6.24	3.86832E-05
6.26	3.91005E-05
6.28	3.95189E-05
6.3	3.9938E-05
6.32	4.03578E-05
6.34	4.07783E-05
6.36	4.11997E-05
6.38	4.16223E-05
6.4	4.20461E-05
6.42	4.24711E-05
6.44	4.28972E-05
6.46	4.33246E-05
6.48	4.3753E-05
6.5	4.41824E-05
6.52	4.46125E-05
6.54	4.50432E-05
6.56	4.54745E-05
6.58	4.59063E-05
6.6	4.63386E-05
6.62	4.67712E-05
6.64	4.72041E-05
6.66	4.76371E-05
6.68	4.80702E-05
6.7	4.85035E-05
6.72	4.89367E-05
6.74	4.93697E-05
6.76	4.98025E-05
6.78	5.0235E-05
6.8	5.06673E-05
6.82	5.10991E-05
6.84	5.15305E-05
6.86	5.19614E-05
6.88	5.23916E-05
6.9	5.28212E-05
6.92	5.32502E-05
6.94	5.36782E-05
6.96	5.41054E-05
6.98	5.45315E-05
7	5.49564E-05
7.02	5.53801E-05
7.04	5.58027E-05
7.06	5.62239E-05
7.08	5.66437E-05
7.1	5.7062E-05
7.12	5.74784E-05
7.14	5.78931E-05
7.16	5.83062E-05
7.18	5.87176E-05
7.2	5.91274E-05
7.22	5.95354E-05
7.24	5.99413E-05
7.26	6.03448E-05
7.28	6.07456E-05
7.3	6.11436E-05
7.32	6.15387E-05
7.34	6.19309E-05
7.36	6.23201E-05
7.38	6.27062E-05
7.4	6.30892E-05
7.42	6.34691E-05
7.44	6.38458E-05
7.46	6.42192E-05
7.48	6.45892E-05
7.5	6.49556E-05
7.52	6.53183E-05
7.54	6.56773E-05
7.56	6.60323E-05
7.58	6.63833E-05
7.6	6.673E-05
7.62	6.70725E-05
7.64	6.74106E-05
7.66	6.7744E-05
7.68	6.80727E-05
7.7	6.83965E-05
7.72	6.87152E-05
7.74	6.90287E-05
7.76	6.93368E-05
7.78	6.96395E-05
7.8	6.99364E-05
7.82	7.02275E-05
7.84	7.05126E-05
7.86	7.07917E-05
7.88	7.10645E-05
7.9	7.13309E-05
7.92	7.15908E-05
7.94	7.18438E-05
7.96	7.20898E-05
7.98	7.23288E-05
8	7.25606E-05
8.02	7.2785E-05
8.04	7.30018E-05
8.06	7.32106E-05
8.08	7.34112E-05
8.1	7.36036E-05
8.12	7.37877E-05
8.14	7.39634E-05
8.16	7.41307E-05
8.18	7.42895E-05
8.2	7.44394E-05
8.22	7.45803E-05
8.24	7.47119E-05
8.26	7.4834E-05
8.28	7.49462E-05
8.3	7.50484E-05
8.32	7.51404E-05
8.34	7.52218E-05
8.36	7.52926E-05
8.38	7.53525E-05
8.4	7.54014E-05
8.42	7.54391E-05
8.44	7.54653E-05
8.46	7.54799E-05
8.48	7.54827E-05
8.5	7.54735E-05
8.52	7.5452E-05
8.54	7.54181E-05
8.56	7.53716E-05
8.58	7.53123E-05
8.6	7.52399E-05
8.62	7.51543E-05
8.64	7.50552E-05
8.66	7.49424E-05
8.68	7.48157E-05
8.7	7.46748E-05
8.72	7.45196E-05
8.74	7.43497E-05
8.76	7.41649E-05
8.78	7.3965E-05
8.8	7.37498E-05
8.82	7.35191E-05
8.84	7.32725E-05
8.86	7.30099E-05
8.88	7.2731E-05
8.9	7.24355E-05
8.92	7.21232E-05
8.94	7.17939E-05
8.96	7.14474E-05
8.98	7.10835E-05
9	7.07017E-05
9.02	7.03017E-05
9.04	6.98832E-05
9.06	6.94458E-05
9.08	6.89894E-05
9.1	6.85138E-05
9.12	6.80187E-05
9.14	6.75039E-05
9.16	6.69693E-05
9.18	6.64146E-05
9.2	6.58394E-05
9.22	6.52436E-05
9.24	6.46268E-05
9.26	6.39888E-05
9.28	6.33291E-05
9.3	6.26476E-05
9.32	6.19439E-05
9.34	6.12177E-05
9.36	6.04687E-05
9.38	5.96966E-05
9.4	5.89011E-05
9.42	5.8082E-05
9.44	5.72389E-05
9.46	5.63714E-05
9.48	5.54793E-05
9.5	5.45624E-05
9.52	5.36202E-05
9.54	5.26526E-05
9.56	5.16591E-05
9.58	5.06396E-05
9.6	4.95936E-05
9.62	4.8521E-05
9.64	4.74214E-05
9.66	4.62946E-05
9.68	4.51401E-05
9.7	4.39576E-05
9.72	4.2747E-05
9.74	4.15078E-05
9.76	4.02397E-05
9.78	3.89425E-05
9.8	3.76158E-05
9.82	3.62592E-05
9.84	3.48726E-05
9.86	3.34554E-05
9.88	3.20075E-05
9.9	3.05287E-05
9.92	2.90186E-05
9.94	2.74769E-05
9.96	2.59033E-05
9.98	2.42974E-05
10	2.26589E-05
10.02	2.09873E-05
10.04	1.92823E-05
10.06	1.75436E-05
10.08	1.57707E-05
10.1	1.39635E-05
10.12	1.21216E-05
10.14	1.02448E-05
10.16	8.33262E-06
10.18	6.38489E-06
10.2	4.40125E-06
10.22	2.3814E-06
10.24	3.25008E-07
10.26	-1.76824E-06
10.28	-3.89869E-06
10.3	-6.06665E-06
10.32	-8.27245E-06
10.34	-1.05164E-05
10.36	-1.27989E-05
10.38	-1.51201E-05
10.4	-1.74806E-05
10.42	-1.98805E-05
10.44	-2.23203E-05
10.46	-2.48002E-05
10.48	-2.73207E-05
10.5	-2.9882E-05
10.52	-3.24844E-05
10.54	-3.51284E-05
10.56	-3.78142E-05
10.58	-4.05421E-05
10.6	-4.33124E-05
10.62	-4.61256E-05
10.64	-4.89818E-05
10.66	-5.18815E-05
10.68	-5.48249E-05
10.7	-5.78123E-05
10.72	-6.08441E-05
10.74	-6.39206E-05
10.76	-6.70421E-05
10.78	-7.0209E-05
10.8	-7.34215E-05
10.82	-7.66801E-05
10.84	-7.99849E-05
10.86	-8.33363E-05
10.88	-8.67345E-05
10.9	-9.01798E-05
10.92	-9.36724E-05
10.94	-9.72126E-05
10.96	-0.000100801
10.98	-0.000104437
11	-0.000108122
11.02	-0.000111856
11.04	-0.000115639
11.06	-0.000119471
11.08	-0.000123353
11.1	-0.000127285
11.12	-0.000131268
11.14	-0.000135301
11.16	-0.000139384
11.18	-0.000143519
11.2	-0.000147705
11.22	-0.000151943
11.24	-0.000156233
11.26	-0.000160574
11.28	-0.000164968
11.3	-0.000169414
11.32	-0.000173913
11.34	-0.000178465
11.36	-0.000183071
11.38	-0.000187729
11.4	-0.000192441
11.42	-0.000197207
11.44	-0.000202027
11.46	-0.000206901
11.48	-0.00021183
11.5	-0.000216813
11.52	-0.000221851
11.54	-0.000226943
11.56	-0.000232091
11.58	-0.000237295
11.6	-0.000242553
11.62	-0.000247868
11.64	-0.000253238
11.66	-0.000258664
11.68	-0.000264146
11.7	-0.000269684
11.72	-0.000275279
11.74	-0.00028093
11.76	-0.000286637
11.78	-0.000292401
11.8	-0.000298222
11.82	-0.0003041
11.84	-0.000310035
11.86	-0.000316027
11.88	-0.000322077
11.9	-0.000328183
11.92	-0.000334346
11.94	-0.000340567
11.96	-0.000346845
11.98	-0.00035318
12	-0.000359572
12.02	-0.000366022
12.04	-0.000372529
12.06	-0.000379093
12.08	-0.000385715
12.1	-0.000392394
12.12	-0.00039913
12.14	-0.000405923
12.16	-0.000412774
12.18	-0.000419681
12.2	-0.000426646
12.22	-0.000433667
12.24	-0.000440746
12.26	-0.000447881
12.28	-0.000455073
12.3	-0.000462321
12.32	-0.000469625
12.34	-0.000476986
12.36	-0.000484403
12.38	-0.000491875
12.4	-0.000499404
12.42	-0.000506987
12.44	-0.000514626
12.46	-0.00052232
12.48	-0.000530069
12.5	-0.000537872
12.52	-0.000545729
12.54	-0.00055364
12.56	-0.000561605
12.58	-0.000569623
12.6	-0.000577695
12.62	-0.000585819
12.64	-0.000593995
12.66	-0.000602223
12.68	-0.000610503
12.7	-0.000618833
12.72	-0.000627215
12.74	-0.000635647
12.76	-0.000644128
12.78	-0.00065266
12.8	-0.00066124
12.82	-0.000669869
12.84	-0.000678545
12.86	-0.00068727
12.88	-0.000696041
12.9	-0.000704858
12.92	-0.000713722
12.94	-0.00072263
12.96	-0.000731584
12.98	-0.000740581
13	-0.000749621
13.02	-0.000758704
13.04	-0.000767829
13.06	-0.000776995
13.08	-0.000786202
13.1	-0.000795449
13.12	-0.000804734
13.14	-0.000814058
13.16	-0.000823419
13.18	-0.000832817
13.2	-0.000842251
13.22	-0.00085172
13.24	-0.000861222
13.26	-0.000870758
13.28	-0.000880327
13.3	-0.000889926
13.32	-0.000899556
13.34	-0.000909215
13.36	-0.000918903
13.38	-0.000928617
13.4	-0.000938359
13.42	-0.000948125
13.44	-0.000957915
13.46	-0.000967728
13.48	-0.000977563
13.5	-0.000987419
13.52	-0.000997294
13.54	-0.001007187
13.56	-0.001017098
13.58	-0.001027024
13.6	-0.001036964
13.62	-0.001046917
13.64	-0.001056882
13.66	-0.001066858
13.68	-0.001076842
13.7	-0.001086833
13.72	-0.001096831
13.74	-0.001106833
13.76	-0.001116838
13.78	-0.001126844
13.8	-0.001136851
13.82	-0.001146855
13.84	-0.001156857
13.86	-0.001166853
13.88	-0.001176843
13.9	-0.001186824
13.92	-0.001196795
13.94	-0.001206754
13.96	-0.0012167
13.98	-0.00122663
14	-0.001236543
14.02	-0.001246437
14.04	-0.001256309
14.06	-0.001266158
14.08	-0.001275982
14.1	-0.001285779
14.12	-0.001295547
14.14	-0.001305283
14.16	-0.001314986
14.18	-0.001324653
14.2	-0.001334283
14.22	-0.001343873
14.24	-0.00135342
14.26	-0.001362923
14.28	-0.001372379
14.3	-0.001381786
14.32	-0.001391142
14.34	-0.001400444
14.36	-0.001409689
14.38	-0.001418876
14.4	-0.001428001
14.42	-0.001437062
14.44	-0.001446057
14.46	-0.001454982
14.48	-0.001463836
14.5	-0.001472615
14.52	-0.001481317
14.54	-0.00148994
14.56	-0.001498479
14.58	-0.001506933
14.6	-0.001515298
14.62	-0.001523572
14.64	-0.001531752
14.66	-0.001539834
14.68	-0.001547815
14.7	-0.001555694
14.72	-0.001563465
14.74	-0.001571127
14.76	-0.001578676
14.78	-0.001586108
14.8	-0.001593422
14.82	-0.001600612
14.84	-0.001607676
14.86	-0.001614611
14.88	-0.001621413
14.9	-0.001628079
14.92	-0.001634605
14.94	-0.001640987
14.96	-0.001647222
14.98	-0.001653307
15	-0.001686835
15.02	-0.002264471
15.04	-0.001076257
15.06	-0.002356331
15.08	-0.000895981
15.1	-0.002327861
15.12	-0.000616375
15.14	-0.00238023
15.16	-9.54134E-05
15.18	-0.002013366
15.2	0.00245931
15.22	0.007884631
15.24	0.025834239
15.26	0.00798946
15.28	-0.000936951
15.3	-0.015175071
15.32	-0.029534252
15.34	-0.028790273
15.36	-0.008287294
15.38	0.018489349
15.4	0.005345234
15.42	-0.00621604
15.44	-0.029322741
15.46	-0.022974169
15.48	-0.001563801
15.5	0.02318625
15.52	0.044723084
15.54	0.058187657
15.56	0.040473286
15.58	0.044214103
15.6	0.040240984
15.62	0.022873952
15.64	-0.013728478
15.66	-0.040818497
15.68	-0.034169777
15.7	-0.015429507
15.72	-0.005905081
15.74	-0.027200788
15.76	-0.057098462
15.78	-0.073956511
15.8	-0.072635309
15.82	-0.06439479
15.84	-0.054138505
15.86	-0.047320905
15.88	-0.035354322
15.9	-0.012631518
15.92	0.019426268
15.94	-0.011361269
15.96	-0.01187748
15.98	-0.020113685
16	-0.004123814
16.02	0.025793636
16.04	0.059328107
16.06	0.073546913
16.08	0.081147434
16.1	0.075111772
16.12	0.075936901
16.14	0.089398942
16.16	0.099802406
16.18	0.092122982
16.2	0.071693334
16.22	0.073503706
16.24	0.070560509
16.26	0.089499334
16.28	0.083637472
16.3	0.097994247
16.32	0.080883213
16.34	0.087944378
16.36	0.05432801
16.38	0.051660007
16.4	-0.028570049
16.42	-0.052608443
16.44	-0.018819155
16.46	-0.002703524
16.48	0.016514075
16.5	0.015664775
16.52	-0.004089836
16.54	-0.042578711
16.56	-0.065340776
16.58	-0.065664303
16.6	-0.036073241
16.62	0.037653387
16.64	0.085009643
16.66	0.10211121
16.68	0.092643188
16.7	0.076165722
16.72	0.058285992
16.74	0.044290266
16.76	0.041996946
16.78	0.043261635
16.8	0.057712022
16.82	0.081928663
16.84	0.067598505
16.86	-0.052146249
16.88	-0.132384137
16.9	-0.156304477
16.92	-0.139149027
16.94	-0.134254159
16.96	-0.131741181
16.98	-0.139963064
17	-0.180161497
17.02	-0.178007137
17.04	-0.21251743
17.06	-0.224857563
17.08	-0.23247084
17.1	-0.217473548
17.12	-0.202774181
17.14	-0.14740851
17.16	-0.062089951
17.18	0.039730199
17.2	0.099834124
17.22	0.108747046
17.24	0.13550903
17.26	0.202077964
17.28	0.268723755
17.3	0.348283915
17.32	0.361053312
17.34	0.371022041
17.36	0.376152127
17.38	0.348651156
17.4	0.280583012
17.42	0.082640274
17.44	-0.076746627
17.46	-0.122271946
17.48	-0.122620807
17.5	-0.063087025
17.52	-0.050647119
17.54	0.090661732
17.56	0.134999005
17.58	0.17538751
17.6	0.191162878
17.62	0.167411659
17.64	0.121213704
17.66	-0.131333325
17.68	-0.181431976
17.7	-0.190803056
17.72	-0.213514928
17.74	-0.234109233
17.76	-0.179892076
17.78	-0.198211414
17.8	-0.240345337
17.82	-0.394958337
17.84	-0.414102884
17.86	-0.399956347
17.88	-0.325274814
17.9	-0.296941513
17.92	-0.218598021
17.94	-0.135699202
17.96	-0.061254669
17.98	-0.06072475
18	-0.109315689
18.02	-0.099783465
18.04	-0.152804367
18.06	-0.173265422
18.08	-0.170599021
18.1	-0.157363645
18.12	-0.096252753
18.14	-0.100290404
18.16	-0.059276571
18.18	0.001147172
18.2	0.099903641
18.22	0.162933643
18.24	0.178009577
18.26	0.104637203
18.28	0.103439525
18.3	0.069606188
18.32	0.132651347
18.34	0.118620877
18.36	0.121010632
18.38	0.105850108
18.4	0.16990529
18.42	0.202177566
18.44	0.20594871
18.46	0.162802195
18.48	0.165768288
18.5	0.156231059
18.52	0.159564925
18.54	0.241339128
18.56	0.249849677
18.58	0.241518839
18.6	-0.001696089
18.62	-0.039348659
18.64	-0.045204686
18.66	0.002288024
18.68	-0.075561256
18.7	-0.128072883
18.72	-0.142493036
18.74	-0.113882799
18.76	-0.113216889
18.78	-0.105371939
18.8	-0.132644241
18.82	-0.140461672
18.84	-0.120564276
18.86	-0.179094608
18.88	-0.152966857
18.9	-0.119780057
18.92	-0.123232717
18.94	-0.121008989
18.96	-0.114802507
18.98	-0.018740922
19	-0.038610332
19.02	-0.050866234
19.04	-0.041224344
19.06	-0.027544629
19.08	0.05908704
19.1	0.104008261
19.12	0.086683315
19.14	0.110078135
19.16	0.136516755
19.18	0.232692462
19.2	0.28269174
19.22	0.147504256
19.24	0.237397432
19.26	0.15787641
19.28	0.159481851
19.3	0.109000768
19.32	0.117263941
19.34	0.043028738
19.36	0.111801039
19.38	0.092607025
19.4	0.178556491
19.42	0.135765019
19.44	0.212924864
19.46	0.182910964
19.48	0.199767563
19.5	0.185083715
19.52	0.210769693
19.54	0.232883715
19.56	0.207513988
19.58	0.218763573
19.6	-0.052065106
19.62	-0.018882863
19.64	-0.071346435
19.66	-0.124383747
19.68	-0.197591093
19.7	-0.252074855
19.72	-0.220190548
19.74	-0.177639396
19.76	-0.194210788
19.78	-0.198177106
19.8	-0.113124835
19.82	-0.055592343
19.84	0.112160555
19.86	0.201187329
19.88	0.183793214
19.9	0.079771979
19.92	-0.08608475
19.94	-0.008758112
19.96	-0.031947011
19.98	-0.029118523
20	0.083500914
20.02	0.110079902
20.04	0.135722596
20.06	0.166011536
20.08	0.071916506
20.1	-0.096275286
20.12	-0.131317237
20.14	-0.105034377
20.16	-0.07797534
20.18	-0.059331391
20.2	-0.06125743
20.22	-0.228255683
20.24	-0.231533763
20.26	-0.17062639
20.28	-0.265240916
20.3	-0.18887992
20.32	-0.224920217
20.34	-0.16152372
20.36	-0.145155004
20.38	-0.164532986
20.4	-0.229556121
20.42	-0.21070205
20.44	-0.20952751
20.46	-0.19270554
20.48	-0.186214146
20.5	-0.117572277
20.52	-0.1016076
20.54	-0.119397544
20.56	-0.198615719
20.58	-0.171716214
20.6	-0.096866239
20.62	0.065982862
20.64	0.107617366
20.66	0.1538588
20.68	0.184121353
20.7	0.169820072
20.72	0.157237326
20.74	0.113047149
20.76	0.13639954
20.78	0.155712927
20.8	0.194078119
20.82	0.204636828
20.84	0.207795159
20.86	0.194268717
20.88	0.201647438
20.9	0.202966961
20.92	0.166915907
20.94	0.125507495
20.96	0.135875673
20.98	0.141343862
21	0.149833814
21.02	0.124335911
21.04	0.060654695
21.06	-0.037763922
21.08	-0.02981118
21.1	-0.015156506
21.12	-0.001072403
21.14	-0.010752554
21.16	-0.028761727
21.18	-0.05074361
21.2	-0.029826506
21.22	-0.04889921
21.24	-0.07272321
21.26	-0.100862363
21.28	-0.126903226
21.3	-0.133761079
21.32	-0.126878479
21.34	-0.122763246
21.36	-0.159302383
21.38	-0.13078621
21.4	-0.094552631
21.42	-0.051728636
21.44	0.028595021
21.46	0.032751548
21.48	0.020517179
21.5	0.005309897
21.52	0.029361615
21.54	0.066118974
21.56	0.086979551
21.58	0.070420631
21.6	0.064298552
21.62	0.050576211
21.64	0.019728392
21.66	-0.009639412
21.68	-0.05268094
21.7	-0.077141396
21.72	-0.078008034
21.74	-0.055029402
21.76	-0.042406716
21.78	-0.047077296
21.8	-0.078789906
21.82	-0.102622229
21.84	-0.118090997
21.86	-0.108083705
21.88	-0.095825304
21.9	-0.058612399
21.92	-0.032892275
21.94	-0.013261711
21.96	-0.010584951
21.98	-0.007764022
22	0.035845912
22.02	0.056736721
22.04	0.078274721
22.06	0.111204754
22.08	0.145697258
22.1	0.153243087
22.12	0.086197225
22.14	-0.025157848
22.16	-0.040233606
22.18	-0.031935312
22.2	-0.007066978
22.22	-0.011505531
22.24	-0.013537844
22.26	-0.012623083
22.28	-0.012900668
22.3	-0.017092884
22.32	-0.023658054
22.34	-0.017399872
22.36	0.042149436
22.38	0.056783131
22.4	0.058523175
22.42	0.051288882
22.44	0.051055657
22.46	0.037866271
22.48	0.011804644
22.5	0.019913843
22.52	0.064141552
22.54	0.081237707
22.56	0.099303595
22.58	0.070986794
22.6	0.055257952
22.62	0.014015693
22.64	0.031061578
22.66	0.041058825
22.68	0.046380672
22.7	0.109249161
22.72	0.066681722
22.74	0.084101313
22.76	0.052653555
22.78	0.027877401
22.8	0.009057133
22.82	0.037261671
22.84	0.02034112
22.86	0.024590616
22.88	0.108269268
22.9	0.154117218
22.92	0.139547787
22.94	0.150399149
22.96	0.128203154
22.98	0.174564485
23	0.182921437
23.02	0.209292207
23.04	0.159886472
23.06	0.146630288
23.08	0.033650159
23.1	-0.039809487
23.12	-0.095883962
23.14	-0.109331348
23.16	-0.096665671
23.18	-0.1070254
23.2	-0.053060708
23.22	-0.049705042
23.24	-0.084603363
23.26	-0.139412538
23.28	-0.113371498
23.3	-0.136398581
23.32	-0.087575102
23.34	-0.124377707
23.36	-0.126531224
23.38	-0.179138531
23.4	-0.185071772
23.42	-0.203506647
23.44	-0.189526971
23.46	-0.203971949
23.48	-0.210452979
23.5	-0.163815833
23.52	-0.109664286
23.54	-0.039798165
23.56	-0.012920666
23.58	0.038966678
23.6	0.044045583
23.62	0.059628945
23.64	0.029968104
23.66	0.031187463
23.68	0.025904385
23.7	0.03943287
23.72	0.030003981
23.74	0.018386795
23.76	-0.046344076
23.78	-0.003708246
23.8	0.008196245
23.82	0.062708715
23.84	0.028096174
23.86	0.039802395
23.88	0.018165507
23.9	0.031456243
23.92	-0.007696437
23.94	0.057378524
23.96	0.03851353
23.98	0.036957223
24	0.017459684
24.02	0.029846275
24.04	-0.010573279
24.06	0.008317939
24.08	-0.006425984
24.1	0.027197948
24.12	0.06009582
24.14	0.058021307
24.16	0.106269596
24.18	0.061313456
24.2	-0.088849147
24.22	-0.150106103
24.24	-0.156869727
24.26	-0.158159678
24.28	-0.117247168
24.3	-0.077800618
24.32	-0.118177584
24.34	-0.133237777
24.36	-0.17147007
24.38	-0.096412283
24.4	-0.036679045
24.42	0.089569891
24.44	0.161486503
24.46	0.187525637
24.48	0.163110623
24.5	0.077284463
24.52	0.068233658
24.54	-0.040434843
24.56	-0.126980457
24.58	-0.135758871
24.6	-0.137101078
24.62	-0.133851969
24.64	-0.122400131
24.66	-0.067760893
24.68	-0.038006078
24.7	0.002791386
24.72	0.053326694
24.74	0.056008791
24.76	0.106166364
24.78	0.01662992
24.8	0.004730728
24.82	0.023140202
24.84	-0.045115674
24.86	-0.021791552
24.88	-0.018897343
24.9	0.013376092
24.92	-0.048818355
24.94	-0.045691917
24.96	-0.024038047
24.98	-0.01026414
25	0.010558472
25.02	0.050228253
25.04	0.102924772
25.06	0.052706471
25.08	0.226902617
25.1	0.199742334
25.12	0.16843468
25.14	0.169357283
25.16	0.093868648
25.18	0.060837459
25.2	-0.051990852
25.22	-0.037165279
25.24	-0.005957726
25.26	0.042947192
25.28	0.069353539
25.3	0.033520581
25.32	0.027042096
25.34	0.044516178
25.36	0.034980438
25.38	0.024458192
25.4	0.023415889
25.42	0.029476393
25.44	0.033581532
25.46	0.047655806
25.48	0.047474013
25.5	0.061046291
25.52	0.096884728
25.54	0.120579876
25.56	0.123569395
25.58	0.125817275
25.6	0.104633262
25.62	0.072070498
25.64	0.037402803
25.66	-0.04563896
25.68	-0.0723148
25.7	-0.065835776
25.72	-0.055002459
25.74	-0.039282439
25.76	-0.050624785
25.78	-0.038250394
25.8	-0.067663631
25.82	-0.088002825
25.84	-0.12341994
25.86	-0.126366501
25.88	-0.139611179
25.9	-0.121051095
25.92	-0.141465008
25.94	-0.135664231
25.96	-0.156685857
25.98	-0.152701416
26	-0.166590803
26.02	-0.151289881
26.04	-0.15416784
26.06	-0.140615393
26.08	-0.133444852
26.1	-0.12681134
26.12	-0.105543529
26.14	-0.08345385
26.16	0.01108739
26.18	0.09414896
26.2	0.13641665
26.22	0.138709549
26.24	0.103159448
26.26	0.076333931
26.28	0.036360456
26.3	0.033320548
26.32	0.023992592
26.34	0.066741056
26.36	0.083723653
26.38	0.13274339
26.4	0.152260207
26.42	0.168273277
26.44	0.13482475
26.46	0.117279177
26.48	0.075841932
26.5	0.071067731
26.52	0.046457148
26.54	0.011958977
26.56	0.011381465
26.58	-0.019464036
26.6	-0.046380973
26.62	-0.070899655
26.64	-0.081381789
26.66	-0.115065763
26.68	-0.138777916
26.7	-0.14424238
26.72	-0.141840628
26.74	-0.114087934
26.76	-0.114762874
26.78	-0.099645103
26.8	-0.08960067
26.82	-0.071538825
26.84	-0.014615332
26.86	0.044872128
26.88	0.067754592
26.9	0.081192487
26.92	0.092363863
26.94	0.118220828
26.96	0.145997484
26.98	0.184817588
27	0.199275238
27.02	0.201519497
27.04	0.255640196
27.06	0.26197641
27.08	0.270070549
27.1	0.242464519
27.12	0.16095404
27.14	0.080564842
27.16	-0.032298551
27.18	-0.083077071
27.2	-0.087879249
27.22	-0.108036462
27.24	-0.127791339
27.26	-0.124839331
27.28	-0.134961623
27.3	-0.145255762
27.32	-0.174779459
27.34	-0.19717244
27.36	-0.221447529
27.38	-0.220289668
27.4	-0.237844868
27.42	-0.229692679
27.44	-0.22637928
27.46	-0.216215828
27.48	-0.205348432
27.5	-0.162105061
27.52	-0.122406168
27.54	-0.114565358
27.56	-0.106723066
27.58	-0.085768115
27.6	-0.083847529
27.62	-0.057062651
27.64	0.066635139
27.66	0.032938164
27.68	0.028834568
27.7	0.044779826
27.72	0.076514156
27.74	0.094147978
27.76	0.083813604
27.78	0.084360591
27.8	0.093853851
27.82	0.085451361
27.84	0.09471606
27.86	0.088385691
27.88	0.079030855
27.9	0.068906254
27.92	0.061903453
27.94	0.039437389
27.96	0.012523368
27.98	-0.02516213
28	-0.045863546
28.02	-0.035273379
28.04	-0.019435862
28.06	-0.006381346
28.08	0.01173859
28.1	0.023511965
28.12	0.013187153
28.14	0.072207455
28.16	0.082544912
28.18	0.070413138
28.2	0.009810976
28.22	0.021464255
28.24	0.04254124
28.26	0.025185261
28.28	0.049810703
28.3	0.059209589
28.32	0.118798946
28.34	0.157974583
28.36	0.159383473
28.38	0.149904432
28.4	0.09619626
28.42	0.019261338
28.44	-0.032590107
28.46	-0.055333008
28.48	-0.034251056
28.5	-0.013840674
28.52	0.006302491
28.54	0.029094126
28.56	-0.003865313
28.58	-0.064743878
28.6	-0.042137518
28.62	-0.013051603
28.64	0.026928599
28.66	0.006522044
28.68	-0.018522442
28.7	-0.069539352
28.72	-0.07764381
28.74	-0.08705519
28.76	-0.091453088
28.78	-0.085510988
28.8	-0.086077686
28.82	-0.076888638
28.84	-0.067091884
28.86	-0.068179829
28.88	-0.084022664
28.9	-0.088851287
28.92	-0.081919827
28.94	-0.025390608
28.96	0.012556379
28.98	0.031986694
29	0.018755063
29.02	0.082880405
29.04	0.036831365
29.06	-0.01475846
29.08	-0.015836414
29.1	-0.060896089
29.12	-0.05397601
29.14	-0.04524293
29.16	-0.026001549
29.18	0.051210074
29.2	0.061752914
29.22	0.080269403
29.24	0.096064619
29.26	0.109601773
29.28	0.089267795
29.3	0.061775718
29.32	0.062060785
29.34	0.031152965
29.36	0.047021781
29.38	0.079692692
29.4	0.118452183
29.42	0.155040362
29.44	0.168034066
29.46	0.130309881
29.48	0.238627135
29.5	0.206483192
29.52	0.179212513
29.54	0.113959707
29.56	0.061699652
29.58	0.042895098
29.6	0.055215211
29.62	0.04326851
29.64	0.032243265
29.66	-0.048750574
29.68	-0.072114345
29.7	-0.106845879
29.72	-0.122980199
29.74	-0.124112798
29.76	-0.135655873
29.78	-0.116488173
29.8	-0.101143043
29.82	-0.08597118
29.84	-0.101479478
29.86	-0.127690122
29.88	-0.152725608
29.9	-0.124538439
29.92	-0.109217537
29.94	-0.069942732
29.96	-0.046839233
29.98	-0.022551822
30	0.016657239
30.02	-0.006778484
30.04	-0.033071567
30.06	-0.030751262
30.08	0.020097221
30.1	0.04926082
30.12	0.082522326
30.14	0.096673539
30.16	0.089493338
30.18	0.052228338
30.2	0.012991054
30.22	0.00093605
30.24	0.02125953
30.26	0.051192706
30.28	0.086540088
30.3	0.079793531
30.32	0.044097219
30.34	-0.009410704
30.36	-0.033907253
30.38	-0.050949546
30.4	-0.071511894
30.42	-0.100456431
30.44	-0.105659268
30.46	-0.070435151
30.48	-0.09085077
30.5	-0.092283349
30.52	-0.105274442
30.54	-0.118043903
30.56	-0.096378186
30.58	-0.049990151
30.6	0.060964414
30.62	0.081250553
30.64	0.078105629
30.66	0.100674688
30.68	0.147122696
30.7	0.197313919
30.72	0.2381881
30.74	0.243615093
30.76	0.226427257
30.78	0.205715693
30.8	0.19009572
30.82	0.183317279
30.84	0.187231059
30.86	0.1538165
30.88	0.117738062
30.9	0.094406725
30.92	0.075218083
30.94	0.057773102
30.96	0.036732832
30.98	-0.033033923
31	-0.030801327
31.02	-0.059593516
31.04	-0.112828935
31.06	-0.155468244
31.08	-0.187028167
31.1	-0.203895145
31.12	-0.221928179
31.14	-0.224278231
31.16	-0.221667473
31.18	-0.218502873
31.2	-0.225079278
31.22	-0.231162283
31.24	-0.209527338
31.26	-0.186748749
31.28	-0.149416739
31.3	-0.129557988
31.32	-0.089983903
31.34	-0.053918957
31.36	-0.00449769
31.38	0.001631361
31.4	-0.018083689
31.42	-0.029360908
31.44	-0.062516749
31.46	0.008596453
31.48	0.043455457
31.5	0.07013821
31.52	0.097482526
31.54	0.10896095
31.56	0.124520781
31.58	0.145688743
31.6	0.154895644
31.62	0.133181991
31.64	0.130501952
31.66	0.127113867
31.68	0.125196364
31.7	0.104615832
31.72	0.093576194
31.74	0.052697353
31.76	0.013228986
31.78	-0.003615718
31.8	-0.000259588
31.82	0.011001221
31.84	-0.041563043
31.86	-0.059098144
31.88	-0.036355942
31.9	-0.020276663
31.92	-0.065793036
31.94	-0.084359822
31.96	-0.085246392
31.98	-0.08397386
32	-0.054597272
32.02	-0.029682858
32.04	-0.010829498
32.06	-0.008038506
32.08	0.040742393
32.1	0.082317475
32.12	0.126401474
32.14	0.145373115
32.16	0.151341333
32.18	0.134708672
32.2	0.123199791
32.22	0.091263623
32.24	0.068520022
32.26	0.035639249
32.28	0.035003916
32.3	0.014386623
32.32	0.011791998
32.34	0.003530287
32.36	0.016500999
32.38	0.012147633
32.4	-0.008489842
32.42	-0.054360294
32.44	-0.058587239
32.46	-0.077189864
32.48	-0.097033211
32.5	-0.120271645
32.52	-0.127870251
32.54	-0.124845268
32.56	-0.118903677
32.58	-0.132131056
32.6	-0.156694116
32.62	-0.171337716
32.64	-0.170187559
32.66	-0.152967083
32.68	-0.115541365
32.7	-0.094071096
32.72	-0.066861662
32.74	-0.039162647
32.76	-0.020732047
32.78	-0.000307252
32.8	0.010241199
32.82	-0.007448896
32.84	-0.0065525
32.86	0.015763852
32.88	0.099470972
32.9	0.145125855
32.92	0.170973166
32.94	0.166243136
32.96	0.132747573
32.98	0.099462622
33	0.05618777
33.02	0.071611202
33.04	0.058988419
33.06	0.077274249
33.08	0.084096204
33.1	0.080203242
33.12	0.077155423
33.14	0.077727909
33.16	0.075694167
33.18	0.079871436
33.2	0.080639937
33.22	0.087286983
33.24	0.116770072
33.26	0.119048923
33.28	0.075428114
33.3	0.020887659
33.32	-0.026127802
33.34	-0.045197524
33.36	-0.037352948
33.38	-0.038227935
33.4	-0.051623351
33.42	-0.066992091
33.44	-0.071195311
33.46	-0.069845654
33.48	-0.063232125
33.5	-0.063195251
33.52	-0.092007388
33.54	-0.073526256
33.56	-0.06257123
33.58	-0.032503452
33.6	-0.03642324
33.62	-0.034358349
33.64	-0.035089254
33.66	0.01158779
33.68	0.015427834
33.7	0.01954638
33.72	0.024536214
33.74	0.032565448
33.76	0.042184141
33.78	0.045457857
33.8	0.018890458
33.82	-0.018371324
33.84	-0.0459764
33.86	-0.056999842
33.88	-0.052633691
33.9	-0.070434096
33.92	-0.102822176
33.94	-0.133848698
33.96	-0.133117851
33.98	-0.066878675
34	-0.093193457
34.02	-0.036590933
34.04	-0.010877492
34.06	0.00453706
34.08	-0.025753246
34.1	-0.013288968
34.12	-0.01667232
34.14	-0.008303182
34.16	-0.040859724
34.18	-0.048244015
34.2	-0.038274294
34.22	0.017835035
34.24	0.030097945
34.26	0.026370731
34.28	0.032314823
34.3	0.058868015
34.32	0.105315256
34.34	0.115484386
34.36	0.096659287
34.38	0.066450452
34.4	0.039748661
34.42	0.038150448
34.44	0.036040391
34.46	0.018057335
34.48	-0.006694141
34.5	-0.01214588
34.52	-0.02019565
34.54	0.013690215
34.56	0.036637783
34.58	0.052108349
34.6	0.032608625
34.62	0.055807878
34.64	0.075724761
34.66	0.092004218
34.68	0.075903274
34.7	0.050567971
34.72	0.020624648
34.74	0.028843954
34.76	0.024213618
34.78	0.049326684
34.8	0.014829772
34.82	-0.047904062
34.84	-0.077610163
34.86	-0.096980604
34.88	-0.103697012
34.9	-0.105245437
34.92	-0.089392489
34.94	-0.077981034
34.96	-0.071994307
34.98	-0.062866828
35	-0.089498294
35.02	-0.113445188
35.04	-0.145855169
35.06	-0.150974725
35.08	-0.132219762
35.1	-0.08883028
35.12	-0.05565962
35.14	-0.032230031
35.16	-0.042614799
35.18	-0.051766644
35.2	-0.059120439
35.22	-0.015907215
35.24	0.032530376
35.26	0.058246088
35.28	0.082238836
35.3	0.102463576
35.32	0.107837285
35.34	0.080260578
35.36	0.03081616
35.38	-0.0287317
35.4	-0.01679981
35.42	-0.006232307
35.44	0.010684247
35.46	0.022221311
35.48	0.029316338
35.5	0.021396109
35.52	0.026206541
35.54	0.024470567
35.56	0.021821838
35.58	0.024878924
35.6	0.02951715
35.62	0.02508041
35.64	0.028457199
35.66	0.023466374
35.68	-0.026475785
35.7	-0.04911315
35.72	-0.03497244
35.74	-0.005796108
35.76	0.027783641
35.78	0.042671393
35.8	0.067985406
35.82	0.088383947
35.84	0.091925646
35.86	0.090326938
35.88	0.07984226
35.9	0.066840294
35.92	0.05172595
35.94	0.0307355
35.96	0.039795897
35.98	0.033393113
36	0.010431888
36.02	0.023282481
36.04	0.029121926
36.06	0.052472903
36.08	0.091471106
36.1	0.11431601
36.12	0.116629767
36.14	0.101187361
36.16	0.084673517
36.18	0.079179335
36.2	0.072046449
36.22	0.034985606
36.24	-0.011544846
36.26	-0.042276677
36.28	-0.06040192
36.3	-0.067250423
36.32	-0.076002071
36.34	-0.082200497
36.36	-0.067948726
36.38	-0.028595773
36.4	-0.015833492
36.42	-0.026449652
36.44	-0.059272262
36.46	-0.087412332
36.48	-0.096681256
36.5	-0.104008531
36.52	-0.12290391
36.54	-0.135690746
36.56	-0.156029244
36.58	-0.162038041
36.6	-0.14858695
36.62	-0.121521917
36.64	-0.082939625
36.66	-0.03853643
36.68	0.022032388
36.7	0.061029163
36.72	0.090870876
36.74	0.105196608
36.76	0.094964258
36.78	0.084649925
36.8	0.057361233
36.82	0.048625517
36.84	0.061727026
36.86	0.077309495
36.88	0.078334886
36.9	0.064235248
36.92	0.029638098
36.94	0.010381721
36.96	-0.02157235
36.98	-0.029726624
37	-0.031065594
37.02	-0.014817653
37.04	0.014917933
37.06	0.053609964
37.08	0.063006643
37.1	0.046809879
37.12	0.00706285
37.14	-0.018914028
37.16	-0.026993331
37.18	-0.025875828
37.2	-0.001615377
37.22	0.018087609
37.24	0.023906954
37.26	0.021097221
37.28	0.020379401
37.3	0.03380983
37.32	0.03387258
37.34	0.029534313
37.36	0.04332877
37.38	0.045450738
37.4	0.087146402
37.42	0.082341431
37.44	0.056504327
37.46	0.019093882
37.48	0.007897358
37.5	-0.013578495
37.52	-0.025795593
37.54	-0.031693094
37.56	-0.036965999
37.58	-0.033192016
37.6	-0.032565741
37.62	-0.045893098
37.64	-0.072013101
37.66	-0.09201951
37.68	-0.090835153
37.7	-0.080744162
37.72	-0.061344398
37.74	-0.062184113
37.76	-0.083801335
37.78	-0.130675263
37.8	-0.157685156
37.82	-0.167139537
37.84	-0.143568111
37.86	-0.103965129
37.88	-0.090972232
37.9	-0.062011917
37.92	-0.050660622
37.94	-0.037119731
37.96	-0.005455896
37.98	-0.021958275
38	-0.04150166
38.02	-0.041482613
38.04	-0.039822644
38.06	-0.03522246
38.08	-0.025837481
38.1	-0.037649191
38.12	-0.042204439
38.14	-0.012332024
38.16	0.038432177
38.18	0.057682165
38.2	0.065306005
38.22	0.07868346
38.24	0.098278384
38.26	0.103311586
38.28	0.107737948
38.3	0.110621395
38.32	0.107671894
38.34	0.103257927
38.36	0.096488753
38.38	0.07378199
38.4	0.051896939
38.42	0.013941718
38.44	-0.036053447
38.46	-0.060576337
38.48	-0.064590264
38.5	-0.053809728
38.52	-0.056057945
38.54	-0.05780092
38.56	-0.058895597
38.58	-0.057450285
38.6	-0.053052131
38.62	-0.040878336
38.64	-0.039020664
38.66	-0.012674767
38.68	0.007949501
38.7	0.021797989
38.72	0.016438015
38.74	0.007411521
38.76	-0.001747036
38.78	-0.002798354
38.8	0.012826071
38.82	0.03681778
38.84	0.050066067
38.86	0.047405454
38.88	0.033804434
38.9	-0.009859322
38.92	-0.036598073
38.94	-0.067011681
38.96	-0.07747785
38.98	-0.065699761
39	-0.053665538
39.02	-0.029024004
39.04	-0.008279011
39.06	-0.027494725
39.08	-0.072428767
39.1	-0.088445398
39.12	-0.101658395
39.14	-0.080682488
39.16	-0.055006885
39.18	-0.037742818
39.2	-0.019706171
39.22	-0.011334872
39.24	-0.005203138
39.26	-0.001347356
39.28	-0.007922157
39.3	-0.011037061
39.32	-0.009093341
39.34	-0.005826416
39.36	0.044637272
39.38	0.083679702
39.4	0.10922167
39.42	0.136803446
39.44	0.165487397
39.46	0.173673491
39.48	0.124623721
39.5	0.163118259
39.52	0.123704194
39.54	-0.004472024
39.56	-0.031165217
39.58	-0.00374709
39.6	0.050901435
39.62	0.043672482
39.64	0.05819889
39.66	0.106947403
39.68	0.126374618
39.7	0.107510653
39.72	0.079151555
39.74	0.060503968
39.76	0.038511579
39.78	0.074100093
39.8	0.14876107
39.82	0.162213842
39.84	0.151484608
39.86	0.111148174
39.88	0.070724568
39.9	0.047674054
39.92	0.045452893
39.94	0.03173514
39.96	0.006860086
39.98	-0.008672266
40	-0.017050961
40.02	-0.036283867
40.04	-0.048629321
40.06	-0.072075275
40.08	-0.075533789
40.1	-0.068828466
40.12	-0.067405959
40.14	-0.04649163
40.16	-0.048670408
40.18	-0.040026085
40.2	-0.031091171
40.22	-0.010985743
40.24	-0.004614903
40.26	0.005467923
40.28	-0.004369155
40.3	-0.000179133
40.32	-0.002203617
40.34	0.010688394
40.36	0.015228163
40.38	-0.001913281
40.4	-0.030698975
40.42	-0.042529841
40.44	-0.039959637
40.46	-0.014536593
40.48	-0.003348758
40.5	-0.012621622
40.52	-0.021374445
40.54	-0.029231158
40.56	-0.035336605
40.58	-0.039655424
40.6	-0.030229116
40.62	0.003076096
40.64	0.070591534
40.66	0.112069291
40.68	0.132136948
40.7	0.135260777
40.72	0.12984439
40.74	0.123934993
40.76	0.131042515
40.78	0.143057861
40.8	0.151127159
40.82	0.154759566
40.84	0.154114332
40.86	0.161428848
40.88	0.158830491
40.9	0.139417234
40.92	0.081587239
40.94	-0.011197321
40.96	-0.082820947
40.98	-0.095856629
41	-0.067221062
41.02	-0.018332176
41.04	0.020914968
41.06	0.069441698
41.08	0.051174175
41.1	0.013445938
41.12	0.000559511
41.14	-0.071333053
41.16	-0.108315556
41.18	-0.097724198
41.2	-0.057198542
41.22	0.052615284
41.24	0.075511934
41.26	0.084389652
41.28	0.084388879
41.3	0.082246748
41.32	0.07047901
41.34	0.080237671
41.36	0.070075008
41.38	0.061774696
41.4	0.033731958
41.42	-0.015944492
41.44	-0.063732065
41.46	-0.120067453
41.48	-0.156280344
41.5	-0.18184971
41.52	-0.175810509
41.54	-0.207589511
41.56	-0.183891872
41.58	-0.154641296
41.6	-0.137922719
41.62	-0.099930166
41.64	-0.077936614
41.66	-0.068636264
41.68	-0.072700435
41.7	-0.081625392
41.72	-0.081055065
41.74	-0.067445602
41.76	-0.056970267
41.78	-0.046109098
41.8	-0.059624388
41.82	-0.070313695
41.84	-0.078599007
41.86	-0.057410987
41.88	-0.036766646
41.9	0.063869968
41.92	0.078454716
41.94	0.105380353
41.96	0.120388027
41.98	0.11852929
42	0.101845992
42.02	0.060987675
42.04	0.027793548
42.06	-0.004314007
42.08	-0.020928075
42.1	-0.011859125
42.12	0.005900875
42.14	0.008516264
42.16	0.013202214
42.18	0.040497554
42.2	0.054392219
42.22	0.068554824
42.24	0.077074535
42.26	0.071931781
42.28	0.052440399
42.3	0.028621963
42.32	0.013650086
42.34	-0.014490469
42.36	-0.043314958
42.38	-0.075505714
42.4	-0.0924563
42.42	-0.099984177
42.44	-0.102420513
42.46	-0.096814302
42.48	-0.099331464
42.5	-0.083833514
42.52	-0.071104205
42.54	-0.040537219
42.56	-0.055021315
42.58	-0.070249063
42.6	-0.085494735
42.62	-0.09117446
42.64	-0.106751223
42.66	-0.091888874
42.68	-0.072722368
42.7	-0.02308231
42.72	-0.010191092
42.74	-0.007322179
42.76	-0.007837427
42.78	-0.017181078
42.8	-0.015693495
42.82	-0.015817476
42.84	-0.014367613
42.86	-0.037200495
42.88	-0.073201467
42.9	-0.113860249
42.92	-0.138862478
42.94	-0.152975518
42.96	-0.155099212
42.98	-0.146979054
43	-0.121810603
43.02	-0.075575488
43.04	-0.062474969
43.06	-0.018046068
43.08	0.000891695
43.1	0.013793883
43.12	0.003100275
43.14	-0.007150642
43.16	-0.00517557
43.18	0.001042817
43.2	0.009995965
43.22	0.016684572
43.24	0.031218187
43.26	0.049230113
43.28	0.063203709
43.3	0.075553278
43.32	0.090215257
43.34	0.105062012
43.36	0.127409995
43.38	0.143597455
43.4	0.133565549
43.42	0.133912397
43.44	0.069012341
43.46	0.019544684
43.48	-0.012923674
43.5	-0.026010033
43.52	-0.03948394
43.54	-0.030455805
43.56	-0.036876111
43.58	-0.018223455
43.6	-0.009613642
43.62	0.022417291
43.64	0.034379203
43.66	0.055693837
43.68	0.071115181
43.7	0.083764284
43.72	0.086752585
43.74	0.083468758
43.76	0.064719554
43.78	0.047409073
43.8	0.041335087
43.82	0.035804579
43.84	0.025056551
43.86	-0.040332354
43.88	-0.040398916
43.9	-0.063819387
43.92	-0.064461867
43.94	-0.052783459
43.96	-0.048532521
43.98	-0.039965029
44	-0.036922145
44.02	-0.034394991
44.04	-0.037844069
44.06	-0.046101969
44.08	-0.051489296
44.1	-0.048699282
44.12	-0.052938253
44.14	-0.033191222
44.16	-0.0086142
44.18	0.013293599
44.2	0.014960742
44.22	0.00783015
44.24	-0.012946771
44.26	-0.007577849
44.28	-0.01913468
44.3	-0.025730464
44.32	-0.041695325
44.34	-0.054581243
44.36	-0.049084248
44.38	-0.043167456
44.4	-0.048681078
44.42	-0.05302409
44.44	-0.047366144
44.46	-0.018095835
44.48	-0.003445133
44.5	0.010484922
44.52	0.016059884
44.54	0.011979006
44.56	-0.007333666
44.58	0.000480562
44.6	0.056578699
44.62	0.05968435
44.64	0.063210245
44.66	0.072660978
44.68	0.083681955
44.7	0.082840147
44.72	0.072635257
44.74	0.069014907
44.76	0.070581349
44.78	0.07865941
44.8	0.081234626
44.82	0.07816704
44.84	0.069158818
44.86	0.055222135
44.88	0.031259185
44.9	0.017362086
44.92	-0.002760784
44.94	-0.024046784
44.96	-0.031982105
44.98	-0.030046834
45	-0.022663576
45.02	-0.020597999
45.04	-0.003467816
45.06	0.00463211
45.08	0.024473594
45.1	0.024988415
45.12	0.028759708
45.14	0.039028999
45.16	0.034708228
45.18	0.039309736
45.2	0.030148032
45.22	0.031975272
45.24	0.02320461
45.26	0.012395654
45.28	0.009805324
45.3	0.013088826
45.32	0.002615397
45.34	-0.023741464
45.36	-0.056535671
45.38	-0.083251395
45.4	-0.092170324
45.42	-0.094652966
45.44	-0.09568497
45.46	-0.090712053
45.48	-0.094316962
45.5	-0.096581795
45.52	-0.094468671
45.54	-0.084221813
45.56	-0.066051978
45.58	-0.061491072
45.6	-0.043615451
45.62	-0.008969999
45.64	0.030799402
45.66	0.044959657
45.68	0.027617969
45.7	0.003888003
45.72	-0.002399431
45.74	-0.008834724
45.76	-0.022985682
45.78	-0.026016348
45.8	-0.027840105
45.82	-0.030720017
45.84	-0.028434003
45.86	-0.016710955
45.88	-0.011930857
45.9	-0.003794993
45.92	0.011590192
45.94	0.025752584
45.96	0.016898955
45.98	0.030857471
46	0.035765344
46.02	0.036684342
46.04	0.029863662
46.06	0.027391905
46.08	0.034305758
46.1	0.037997897
46.12	0.048237671
46.14	0.07324862
46.16	0.073729481
46.18	0.074468027
46.2	0.077272194
46.22	0.071450842
46.24	0.066772385
46.26	0.067291172
46.28	0.057250016
46.3	0.055201425
46.32	0.03807633
46.34	0.018465691
46.36	-0.03514385
46.38	-0.050902131
46.4	-0.049288783
46.42	-0.042029616
46.44	-0.014628256
46.46	0.007374527
46.48	0.004580987
46.5	-0.004771551
46.52	-0.012522295
46.54	-0.025458018
46.56	-0.037985462
46.58	-0.044349179
46.6	-0.038507846
46.62	-0.038257787
46.64	-0.026740842
46.66	-0.000461275
46.68	0.004351742
46.7	0.005125912
46.72	0.012758996
46.74	0.028953536
46.76	0.022543892
46.78	0.033600014
46.8	0.024784826
46.82	0.017851454
46.84	-0.024554271
46.86	-0.036078017
46.88	-0.049007686
46.9	-0.059393284
46.92	-0.063383766
46.94	-0.071284291
46.96	-0.06648125
46.98	-0.051819573
47	-0.030710181
47.02	-0.018577162
47.04	-0.002791622
47.06	0.023973624
47.08	0.047060087
47.1	0.056210208
47.12	0.059068368
47.14	0.058855857
47.16	0.056053817
47.18	0.057535043
47.2	0.061302924
47.22	0.066366519
47.24	0.075135839
47.26	0.083034042
47.28	0.091027053
47.3	0.09542808
47.32	0.06571273
47.34	0.096931623
47.36	0.084564291
47.38	0.076005701
47.4	0.077263403
47.42	0.082911274
47.44	0.067830712
47.46	0.031942714
47.48	0.01782777
47.5	0.026886019
47.52	0.048860467
47.54	0.049343867
47.56	0.054645151
47.58	0.048825681
47.6	0.040369058
47.62	0.034014278
47.64	0.025382592
47.66	0.015525636
47.68	-0.011404833
47.7	0.004198172
47.72	0.01175356
47.74	0.013817715
47.76	-0.00110295
47.78	-0.01034496
47.8	-0.017592048
47.82	-0.020728924
47.84	-0.02927665
47.86	-0.035973255
47.88	-0.039166081
47.9	-0.037910178
47.92	-0.037844012
47.94	-0.032437673
47.96	-0.024193961
47.98	-0.033111707
48	-0.039778317
48.02	-0.04485841
48.04	-0.038483818
48.06	-0.022177016
48.08	-0.012290602
48.1	-0.018911981
48.12	-0.023820726
48.14	-0.022098225
48.16	-0.017071684
48.18	-0.021470281
48.2	-0.019993213
48.22	-0.021399661
48.24	-0.015038084
48.26	-0.009111581
48.28	-0.010622828
48.3	-0.019388076
48.32	-0.033266825
48.34	-0.035839562
48.36	-0.031031001
48.38	-0.020694337
48.4	-0.007632024
48.42	-0.003010291
48.44	-0.004000995
48.46	-0.009804614
48.48	-0.007577675
48.5	0.000742923
48.52	0.01154009
48.54	0.016262554
48.56	0.036041153
48.58	0.048406211
48.6	0.064673727
48.62	0.078775924
48.64	0.080224486
48.66	0.07176333
48.68	0.059525518
48.7	0.052945421
48.72	0.042333062
48.74	0.023218222
48.76	-0.006794303
48.78	-0.017923744
48.8	-0.012901657
48.82	0.001340528
48.84	0.000753729
48.86	-0.007259314
48.88	-0.010080164
48.9	-0.003534384
48.92	-0.001636934
48.94	-0.001287294
48.96	-0.005136001
48.98	-0.026139324
49	-0.039143029
49.02	-0.041875773
49.04	-0.042053932
49.06	-0.043160056
49.08	-0.042735551
49.1	-0.041362877
49.12	-0.03416446
49.14	-0.02775114
49.16	-0.012804857
49.18	-0.010842715
49.2	-0.009752641
49.22	-0.007731489
49.24	-0.005250108
49.26	-0.010151247
49.28	-0.01913962
49.3	-0.028336275
49.32	-0.038947292
49.34	-0.042885654
49.36	-0.045479072
49.38	-0.048585186
49.4	-0.051006249
49.42	-0.049151335
49.44	-0.044373916
49.46	-0.029766217
49.48	-0.020352245
49.5	-0.010245701
49.52	-0.006686986
49.54	-0.006900128
49.56	-0.016363809
49.58	-0.010124099
49.6	-0.00900658
49.62	-0.015909464
49.64	-0.023240659
49.66	-0.024384511
49.68	-0.014052542
49.7	-0.010306155
49.72	-0.001068789
49.74	0.0023006
49.76	-0.007745971
49.78	-0.010573269
49.8	-0.010103538
49.82	-0.002145619
49.84	0.007885613
49.86	0.011106312
49.88	0.019646612
49.9	0.002705275
49.92	0.020186944
49.94	0.027319309
49.96	0.045045309
49.98	0.05749877
50	0.057020211
50.02	0.060471928
50.04	0.05644945
50.06	0.051498442
50.08	0.037563464
50.1	0.026218529
50.12	0.019517787
50.14	0.002075344
50.16	-0.007783359
50.18	-0.02715061
50.2	-0.037934466
50.22	-0.045128411
50.24	-0.039192323
50.26	-0.028501429
50.28	-0.016161029
50.3	-0.012254969
50.32	-0.003517871
50.34	0.007656237
50.36	0.007356482
50.38	0.000120602
50.4	-0.01196657
50.42	-0.030067475
50.44	-0.032421993
50.46	-0.034053449
50.48	-0.029224189
50.5	-0.033353303
50.52	-0.030259414
50.54	-0.028083638
50.56	-0.02392237
50.58	-0.019355448
50.6	-0.017860156
50.62	-0.009671685
50.64	0.000152124
50.66	0.021062251
50.68	0.026575302
50.7	0.023754175
50.72	0.004185534
50.74	-0.031216935
50.76	-0.040807689
50.78	-0.020973143
50.8	-0.027777639
50.82	-0.023025775
50.84	-0.029828336
50.86	-0.033068351
50.88	-0.031001314
50.9	-0.026198374
50.92	-0.023577119
50.94	-0.01583967
50.96	-0.00913508
50.98	0.007371193
51	0.019987846
51.02	0.015084055
51.04	0.006837554
51.06	0.000302792
51.08	0.0011909
51.1	-0.000898499
51.12	0.006272457
51.14	0.012489905
51.16	0.020233295
51.18	0.026299816
51.2	0.026609364
51.22	0.033962391
51.24	0.048181914
51.26	0.05239113
51.28	0.051603133
51.3	0.041238871
51.32	0.038034886
51.34	0.028856514
51.36	0.028411674
51.38	0.025825386
51.4	0.02789927
51.42	0.030699781
51.44	0.040955545
51.46	0.037621019
51.48	0.02233157
51.5	0.007146682
51.52	-0.001868809
51.54	-0.014443843
51.56	-0.020321073
51.58	-0.029565932
51.6	-0.044348012
51.62	-0.055791846
51.64	-0.054826487
51.66	-0.046361694
51.68	-0.043716071
51.7	-0.039932365
51.72	-0.037574686
51.74	-0.015544112
51.76	-2.16446E-05
51.78	0.009664611
51.8	0.007661261
51.82	-0.010951812
51.84	-0.020821461
51.86	-0.03597552
51.88	-0.029232235
51.9	-0.018855015
51.92	-0.019998361
51.94	-0.018981808
51.96	-0.02607808
51.98	-0.03306768
52	-0.03191849
52.02	-0.027780775
52.04	-0.038416386
52.06	-0.034792611
52.08	-0.035368533
52.1	-0.026748303
52.12	-0.026707289
52.14	-0.028340135
52.16	-0.043507589
52.18	-0.055477197
52.2	-0.060610305
52.22	-0.044046709
52.24	-0.04480315
52.26	-0.034541993
52.28	-0.031797476
52.3	-0.023230752
52.32	-0.015876712
52.34	-0.013017196
52.36	0.001657538
52.38	-0.003949032
52.4	0.016999703
52.42	0.026749313
52.44	0.04220539
52.46	0.039020127
52.48	0.032501052
52.5	0.023774846
52.52	0.022001983
52.54	0.0222081
52.56	0.028671066
52.58	0.032354802
52.6	0.042391357
52.62	0.058155448
52.64	0.078170663
52.66	0.081443133
52.68	0.078087278
52.7	0.073351458
52.72	0.061597085
52.74	0.052881167
52.76	0.037385836
52.78	0.028774779
52.8	0.020615565
52.82	0.015642354
52.84	0.006288415
52.86	0.011639323
52.88	0.014659056
52.9	0.018962086
52.92	0.015420151
52.94	0.013175409
52.96	0.007060191
52.98	0.010132401
53	0.001915033
53.02	-0.023659824
53.04	-0.01922807
53.06	-0.017286649
53.08	-0.009805221
53.1	-0.008179829
53.12	-0.006320056
53.14	-0.005394829
53.16	0.000376847
53.18	0.000375037
53.2	0.003396302
53.22	0.004057127
53.24	0.005416817
53.26	0.00409411
53.28	0.013362427
53.3	0.024414568
53.32	0.02715477
53.34	0.024048218
53.36	0.018417364
53.38	0.018706578
53.4	0.026506012
53.42	0.013382527
53.44	0.010490451
53.46	-0.006556875
53.48	-0.010380593
53.5	-0.019853239
53.52	-0.015156126
53.54	-0.014256142
53.56	-0.017132295
53.58	-0.019388903
53.6	-0.021606649
53.62	-0.011858096
53.64	-0.000433417
53.66	0.007435527
53.68	0.018173617
53.7	0.028046745
53.72	0.046686625
53.74	0.06278744
53.76	0.070596703
53.78	0.06865087
53.8	0.066196592
53.82	0.06363778
53.84	0.06349116
53.86	0.06269744
53.88	0.061094057
53.9	0.058009233
53.92	0.047157132
53.94	0.034725567
53.96	0.008721016
53.98	-0.005360675
54	-0.014692055
54.02	-0.01306166
54.04	-0.001435321
54.06	-0.003507596
54.08	0.007068351
54.1	0.005710199
54.12	-0.001374448
54.14	-0.015117268
54.16	-0.021001694
54.18	-0.023454031
54.2	-0.027030295
54.22	-0.030710115
54.24	-0.022014779
54.26	-0.008480112
54.28	-0.001265532
54.3	0.000206733
54.32	-0.002327261
54.34	-0.000875534
54.36	-0.002638639
54.38	-0.001082616
54.4	0.001786476
54.42	-0.001751195
54.44	-0.008087428
54.46	-0.012096838
54.48	-0.01685787
54.5	-0.006925912
54.52	-0.0049393
54.54	-0.007392135
54.56	-0.012478412
54.58	-0.016823265
54.6	-0.021277323
54.62	-0.025772673
54.64	-0.038217639
54.66	-0.035885608
54.68	-0.025100324
54.7	-0.009656601
54.72	0.001075337
54.74	-0.00014592
54.76	-0.007843664
54.78	-0.017140004
54.8	-0.019804511
54.82	-0.017251305
54.84	-0.011367661
54.86	-0.006119097
54.88	0.000348763
54.9	0.016549686
54.92	0.01096666
54.94	0.009229252
54.96	-0.008868919
54.98	-0.021377429
55	-0.027979864
55.02	-0.035443404
55.04	-0.018687124
55.06	-0.002025132
55.08	0.012080734
55.1	0.011722171
55.12	0.021352699
55.14	0.029913786
55.16	0.032939093
55.18	0.030574342
55.2	0.031055662
55.22	0.026910198
55.24	0.023804265
55.26	0.01197043
55.28	0.000781852
55.3	-0.00972131
55.32	-0.01695462
55.34	-0.019095539
55.36	-0.017717103
55.38	-0.014896325
55.4	-0.013886565
55.42	-0.033493867
55.44	-0.039101076
55.46	-0.040606848
55.48	-0.036718987
55.5	-0.031892581
55.52	-0.02640172
55.54	-0.03237739
55.56	-0.040084224
55.58	-0.048408225
55.6	-0.047785351
55.62	-0.047125254
55.64	-0.043230784
55.66	-0.034827632
55.68	-0.027020404
55.7	-0.021268781
55.72	-0.014470287
55.74	-0.006105094
55.76	-0.005620869
55.78	-0.001400285
55.8	0.003274892
55.82	0.011103407
55.84	0.005841751
55.86	-0.00801493
55.88	-0.026451348
55.9	-0.040676586
55.92	-0.04591108
55.94	-0.042676513
55.96	-0.04127865
55.98	-0.040788529
56	-0.049161165
56.02	-0.052584263
56.04	-0.054385854
56.06	-0.039648981
56.08	-0.056952271
56.1	-0.042721216
56.12	-0.036711753
56.14	-0.033626054
56.16	-0.027598392
56.18	-0.025037902
56.2	-0.021669478
56.22	-0.023069698
56.24	-0.02099162
56.26	-0.014152816
56.28	0.008469507
56.3	0.017286802
56.32	0.025888941
56.34	0.027105256
56.36	0.026785584
56.38	0.025765458
56.4	0.02627542
56.42	0.028127695
56.44	0.035942132
56.46	0.044742899
56.48	0.040440448
56.5	0.042181008
56.52	0.032003112
56.54	0.021060493
56.56	0.010567022
56.58	0.012611769
56.6	0.013572421
56.62	0.017272827
56.64	0.019496922
56.66	0.024954092
56.68	0.033174624
56.7	0.032123394
56.72	0.024317945
56.74	0.018430976
56.76	0.003808683
56.78	-0.002657274
56.8	-0.006952325
56.82	-0.002220909
56.84	0.012150666
56.86	-0.000348815
56.88	-0.010891398
56.9	-0.013595416
56.92	-0.002938469
56.94	0.00304237
56.96	0.006322687
56.98	4.97017E-05
57	0.004296674
57.02	0.005763791
57.04	0.014003515
57.06	0.017473121
57.08	0.011416473
57.1	0.013957716
57.12	0.006285227
57.14	0.003397071
57.16	0.001375847
57.18	0.009661613
57.2	0.021789929
57.22	0.026458884
57.24	0.050170241
57.26	0.073739753
57.28	0.068382369
57.3	0.060408016
57.32	0.036839327
57.34	0.023455268
57.36	-0.006278214
57.38	-0.005971156
57.4	-0.007309119
57.42	-0.010284999
57.44	-0.016563541
57.46	-0.026915593
57.48	-0.028538435
57.5	-0.026749332
57.52	-0.020901786
57.54	-0.0080177
57.56	0.000836831
57.58	0.005630975
57.6	0.006854697
57.62	0.004171531
57.64	0.015357143
57.66	0.014050182
57.68	0.012215448
57.7	0.009322382
57.72	0.004610665
57.74	-0.005968291
57.76	-0.004824145
57.78	-0.008618664
57.8	1.20131E-05
57.82	0.018260553
57.84	0.025711868
57.86	0.032864301
57.88	0.037602515
57.9	0.037480357
57.92	0.031754116
57.94	0.023801344
57.96	0.012628091
57.98	0.009295537
58	0.009282242
58.02	0.00916173
58.04	0.008854407
58.06	0.011149083
58.08	0.012034551
58.1	0.006725852
58.12	0.003609205
58.14	0.006547757
58.16	0.008840085
58.18	0.008886999
58.2	0.004214985
58.22	0.002886404
58.24	-0.003365122
58.26	-0.004722439
58.28	-0.008072963
58.3	-0.015842293
58.32	-0.020738185
58.34	-0.026560831
58.36	-0.017428091
58.38	-0.011560372
58.4	-0.007201501
58.42	-0.002908415
58.44	0.005420302
58.46	0.011030534
58.48	0.015308484
58.5	0.009853033
58.52	0.004830497
58.54	-0.003621217
58.56	-0.01437038
58.58	-0.014859658
58.6	-0.013115802
58.62	0.003277017
58.64	0.00262179
58.66	0.011673346
58.68	0.020627567
58.7	0.030467862
58.72	0.037760224
58.74	0.035000725
58.76	0.025914829
58.78	0.016226907
58.8	0.005810599
58.82	-0.003847025
58.84	-0.012317711
58.86	-0.021772504
58.88	-0.028381596
58.9	-0.028370578
58.92	-0.029640002
58.94	-0.039989903
58.96	-0.041616844
58.98	-0.035596586
59	-0.028919009
59.02	-0.014275554
59.04	0.003142709
59.06	0.008033521
59.08	0.010550931
59.1	0.010692005
59.12	0.008133333
59.14	-0.002117665
59.16	-0.016068238
59.18	-0.021367859
59.2	-0.016674018
59.22	-0.00793664
59.24	-0.004786907
59.26	0.004798756
59.28	0.013636912
59.3	0.020856853
59.32	0.01585673
59.34	0.003197238
59.36	0.00068103
59.38	-0.009515228
59.4	-0.011123747
59.42	-0.016976891
59.44	-0.014910131
59.46	-0.017577215
59.48	-0.022131573
59.5	-0.024351362
59.52	-0.025301218
59.54	-0.023970556
59.56	-0.011117888
59.58	-0.002156244
59.6	0.003810631
59.62	0.009298665
59.64	0.013303312
59.66	0.004634227
59.68	-0.010365708
59.7	-0.011647545
59.72	-0.002940582
59.74	0.006202707
59.76	-0.002962414
59.78	-0.007159919
59.8	-0.014628976
59.82	-0.016360058
59.84	-0.017106186
59.86	-0.018163035
59.88	-0.017906342
59.9	-0.005884559
59.92	-0.004221954
59.94	-0.000634199
59.96	-0.009235975
59.98	-0.009641545
60	-0.013747535
60.02	-0.012781089
60.04	-0.011553937
60.06	-0.013139343
60.08	-0.011640747
60.1	-0.011824856
60.12	-0.010600357
60.14	-0.00762147
60.16	-0.006220842
60.18	-0.003416203
60.2	-0.002129766
60.22	-0.003305018
60.24	-0.009830061
60.26	-0.006354652
60.28	0.002346386
60.3	0.012964041
60.32	0.019198944
60.34	0.02518687
60.36	0.022845863
60.38	0.014616057
60.4	0.004965389
60.42	-0.001792393
60.44	-0.004052883
60.46	-0.000995707
60.48	-5.57803E-06
60.5	-0.004582913
60.52	-0.003466881
60.54	-0.002724225
60.56	0.001074326
60.58	0.001531649
60.6	0.006084748
60.62	0.006826411
60.64	0.006936495
60.66	0.008698102
60.68	0.015339878
60.7	0.014999356
60.72	0.014402887
60.74	0.005357209
60.76	0.00179352
60.78	-0.004403571
60.8	0.000115364
60.82	0.006525931
60.84	0.012957098
60.86	0.012137688
60.88	0.01391358
60.9	0.013206618
60.92	0.009204334
60.94	0.008727902
60.96	0.011603968
60.98	0.019108799
61	0.026376389
61.02	0.035478099
61.04	0.035460926
61.06	0.025790272
61.08	0.018648901
61.1	0.005644545
61.12	0.002561948
61.14	0.008054882
61.16	0.012570617
61.18	0.021439746
61.2	0.022056205
61.22	0.020606554
61.24	0.007291337
61.26	-0.009632774
61.28	-0.008330482
61.3	-0.012130094
61.32	-0.017231547
61.34	-0.021801479
61.36	-0.014121188
61.38	-0.010776199
61.4	-0.007252331
61.42	-0.00822418
61.44	-0.010895805
61.46	-0.012974676
61.48	-0.014628156
61.5	-0.013576343
61.52	-0.003999786
61.54	0.010728658
61.56	0.026936358
61.58	0.024334066
61.6	0.03322572
61.62	0.035597848
61.64	0.035930223
61.66	0.031954482
61.68	0.0273474
61.7	0.02592838
61.72	0.031180583
61.74	0.033652631
61.76	0.036816949
61.78	0.03004149
61.8	0.028229702
61.82	0.022026162
61.84	0.020373774
61.86	0.016749165
61.88	0.014793392
61.9	0.008652484
61.92	-0.002926326
61.94	-0.008083498
61.96	-0.012404377
61.98	-0.020012555
62	-0.022998502
62.02	-0.028669205
62.04	-0.03444206
62.06	-0.038571288
62.08	-0.03091397
62.1	-0.018443688
62.12	-0.010877902
62.14	-0.008117067
62.16	-0.006289996
62.18	0.002791086
62.2	0.010367339
62.22	0.014501979
62.24	0.018582499
62.26	0.0150046
62.28	0.012386588
62.3	0.011403384
62.32	0.009490411
62.34	0.000307105
62.36	0.000517108
62.38	0.006515142
62.4	0.017703122
62.42	0.030187505
62.44	0.039273872
62.46	0.045489524
62.48	0.043939186
62.5	0.028632913
62.52	0.012397145
62.54	-0.009614146
62.56	-0.012037414
62.58	-0.016610915
62.6	-0.006358185
62.62	-0.005005933
62.64	0.00891049
62.66	0.009418542
62.68	0.012610912
62.7	0.00774547
62.72	0.004772147
62.74	-0.000269451
62.76	-0.006504799
62.78	-0.012394255
62.8	-0.00236853
62.82	0.004195027
62.84	0.00300946
62.86	-0.008820517
62.88	-0.018789435
62.9	-0.031428456
62.92	-0.028668552
62.94	-0.023352354
62.96	-0.014641589
62.98	-0.002099593
63	0.01580044
63.02	0.029526247
63.04	0.03581078
63.06	0.040294989
63.08	0.035467137
63.1	0.028066892
63.12	0.015777138
63.14	0.007942915
63.16	-0.004609252
63.18	-0.004449309
63.2	-0.006258541
63.22	-0.008935721
63.24	-0.013906904
63.26	-0.020560376
63.28	-0.020179854
63.3	-0.022625493
63.32	-0.01996875
63.34	-0.021601402
63.36	-0.024970598
63.38	-0.033306465
63.4	-0.047101695
63.42	-0.060022707
63.44	-0.0622619
63.46	-0.069633514
63.48	-0.067765371
63.5	-0.0649601
63.52	-0.055869062
63.54	-0.04878665
63.56	-0.041998902
63.58	-0.029268393
63.6	-0.025609249
63.62	-0.013884286
63.64	0.001978037
63.66	0.004416692
63.68	0.009508603
63.7	0.010364605
63.72	0.009722249
63.74	0.003741484
63.76	0.002931957
63.78	-0.004301481
63.8	-0.001102085
63.82	-0.000328327
63.84	-0.000440593
63.86	-0.001798427
63.88	0.000964744
63.9	0.009716347
63.92	0.011698093
63.94	0.007533204
63.96	0.001757741
63.98	-0.008310219
64	-0.023175827
64.02	-0.027054214
64.04	-0.030430627
64.06	-0.038827939
64.08	-0.043594083
64.1	-0.037482645
64.12	-0.028904191
64.14	-0.023593125
64.16	-0.020612231
64.18	-0.017030465
64.2	-0.006892423
64.22	0.001863683
64.24	0.003361668
64.26	0.009220887
64.28	0.010190318
64.3	0.006693367
64.32	-0.005296566
64.34	-0.021019706
64.36	-0.04192787
64.38	-0.047260726
64.4	-0.043713252
64.42	-0.033939769
64.44	-0.021454487
64.46	-0.005042152
64.48	-0.002120405
64.5	-0.001117519
64.52	-0.008243915
64.54	-0.003382102
64.56	-0.003290688
64.58	0.001668672
64.6	-0.001128395
64.62	0.000605671
64.64	-0.000576899
64.66	-0.005052236
64.68	-0.011984475
64.7	-0.026839038
64.72	-0.029071158
64.74	-0.038996955
64.76	-0.037431151
64.78	-0.034900554
64.8	-0.033746078
64.82	-0.028089062
64.84	-0.027710927
64.86	-0.0234911
64.88	-0.031076003
64.9	-0.020480585
64.92	-0.020156341
64.94	-0.008092558
64.96	-0.01561238
64.98	-0.006533708
65	-0.00116797
65.02	0.002657706
65.04	0.009037639
65.06	0.007365407
65.08	0.013708352
65.1	0.018810992
65.12	0.022129703
65.14	0.020357248
65.16	0.030501765
65.18	0.031076399
65.2	0.025593387
65.22	0.017971423
65.24	0.005811398
65.26	-0.005776505
65.28	-0.011847737
65.3	-0.011349741
65.32	-0.007639509
65.34	-0.007419963
65.36	-0.006936733
65.38	-0.00614061
65.4	-0.008190753
65.42	-0.01293699
65.44	-0.020230643
65.46	-0.030807419
65.48	-0.037036117
65.5	-0.033921353
65.52	-0.024814451
65.54	-0.003597756
65.56	-0.003692205
65.58	-0.001174675
65.6	-0.008922734
65.62	-0.002758255
65.64	0.011576898
65.66	0.015258054
65.68	0.021122986
65.7	0.02414612
65.72	0.030279997
65.74	0.027969494
65.76	0.009334891
65.78	0.027628741
65.8	0.012235348
65.82	-0.000560837
65.84	-0.01107877
65.86	-0.009007994
65.88	-0.010552178
65.9	-0.00611192
65.92	-0.006646874
65.94	-0.010183651
65.96	-0.007947899
65.98	-0.004185171
66	0.003478095
66.02	0.007356462
66.04	0.011042202
66.06	0.009539424
66.08	0.011280547
66.1	0.024362212
66.12	0.037039687
66.14	0.036907514
66.16	0.023982416
66.18	0.034176053
66.2	0.031898417
66.22	0.03915184
66.24	0.030708955
66.26	0.026331212
66.28	0.007219408
66.3	0.012967808
66.32	0.016565447
66.34	0.02697105
66.36	0.027444665
66.38	0.012458371
66.4	0.017773425
66.42	0.014498686
66.44	0.016936591
66.46	0.019635118
66.48	0.024128911
66.5	0.028731623
66.52	0.025486308
66.54	0.01934421
66.56	0.017650522
66.58	0.019260077
66.6	0.025418434
66.62	0.022417192
66.64	0.031545838
66.66	0.027077934
66.68	0.027133914
66.7	0.016460108
66.72	0.012022254
66.74	0.004762518
66.76	-0.006965102
66.78	0.006332388
66.8	0.009231257
66.82	0.023077828
66.84	0.018824124
66.86	0.01268375
66.88	0.003927578
66.9	-0.003878691
66.92	-0.002656005
66.94	0.00879364
66.96	0.02473716
66.98	0.039576503
67	0.037331808
67.02	0.027817327
67.04	0.026736501
67.06	0.024072883
67.08	0.01875503
67.1	0.016852449
67.12	0.010050912
67.14	0.006035314
67.16	0.00463968
67.18	0.005615662
67.2	0.003068502
67.22	-0.008592079
67.24	-0.010576636
67.26	-0.008738272
67.28	-0.004031475
67.3	0.000434505
67.32	0.007378476
67.34	0.006516901
67.36	0.004447103
67.38	-0.001694155
67.4	-0.002014792
67.42	-0.003896359
67.44	-0.004804732
67.46	-0.002687079
67.48	-0.000622815
67.5	-0.004038044
67.52	-0.000574025
67.54	0.008673927
67.56	0.031701466
67.58	0.031626598
67.6	0.041313754
67.62	0.049083972
67.64	0.053766023
67.66	0.050470732
67.68	0.045272638
67.7	0.033002254
67.72	0.017555963
67.74	0.007486107
67.76	-0.00772805
67.78	-0.014697533
67.8	-0.021881103
67.82	-0.024901955
67.84	-0.024344643
67.86	-0.019918411
67.88	-0.014481724
67.9	-0.012501222
67.92	-0.011211319
67.94	-0.006764033
67.96	-0.001397106
67.98	4.1542E-05
68	-0.001507176
68.02	-0.000709348
68.04	0.001555466
68.06	0.006957152
68.08	0.013906124
68.1	0.019102457
68.12	0.016401403
68.14	0.013002244
68.16	0.011387477
68.18	0.012246416
68.2	0.012143615
68.22	0.015179501
68.24	0.014511677
68.26	0.016045948
68.28	0.011000692
68.3	0.006233506
68.32	-0.003858337
68.34	-0.008934024
68.36	-0.016073471
68.38	-0.0171443
68.4	-0.013272018
68.42	-0.006855869
68.44	-0.002953872
68.46	-0.009856553
68.48	-0.013602549
68.5	-0.020585328
68.52	-0.022017116
68.54	-0.011597965
68.56	-0.018486604
68.58	-0.015400256
68.6	-0.015232498
68.62	-0.01812174
68.64	-0.028344698
68.66	-0.038306513
68.68	-0.035916317
68.7	-0.027226068
68.72	-0.006189597
68.74	-0.007958965
68.76	-0.006208812
68.78	-0.006509441
68.8	-0.001360688
68.82	0.000103852
68.84	-0.003403829
68.86	-0.005204177
68.88	0.003385094
68.9	0.009688658
68.92	0.014440097
68.94	0.013423955
68.96	0.007087381
68.98	0.003369413
69	0.004551798
69.02	0.012792104
69.04	0.020474083
69.06	0.0186221
69.08	0.015319403
69.1	0.010829957
69.12	0.006111936
69.14	-0.000206774
69.16	-0.005780503
69.18	-0.009857199
69.2	-0.017062393
69.22	-0.024283362
69.24	-0.021248579
69.26	-0.022536947
69.28	-0.018988512
69.3	-0.019001423
69.32	-0.018149251
69.34	-0.017385752
69.36	-0.015655487
69.38	-0.011137133
69.4	-0.000800068
69.42	-0.011267034
69.44	-0.009078958
69.46	-0.010934151
69.48	-0.001363056
69.5	0.004338876
69.52	0.007521927
69.54	0.003764371
69.56	0.004130819
69.58	0.00803278
69.6	0.010388369
69.62	0.013796261
69.64	0.015255563
69.66	0.018659623
69.68	0.021397748
69.7	0.017036294
69.72	0.011781296
69.74	0.002633452
69.76	-0.001732024
69.78	-0.007016118
69.8	-0.008547557
69.82	-0.014889095
69.84	-0.015503636
69.86	-0.023448828
69.88	-0.030497968
69.9	-0.031694894
69.92	-0.028521689
69.94	-0.018489443
69.96	-0.013368776
69.98	-0.003859867
70	0.001646023
70.02	0.007450371
70.04	0.004179078
70.06	0.000349643
70.08	0.004084841
70.1	0.01042522
70.12	0.010338867
70.14	0.008975339
70.16	0.004373885
70.18	0.000663115
70.2	-0.002208378
70.22	0.000758782
70.24	0.003989641
70.26	0.00974954
70.28	0.013334538
70.3	0.014569613
70.32	0.021198435
70.34	0.026445832
70.36	0.025605551
70.38	0.020516711
70.4	0.016355611
70.42	0.019084891
70.44	0.02421223
70.46	0.029138318
70.48	0.02549642
70.5	0.017442225
70.52	0.010322024
70.54	0.011948287
70.56	0.014596248
70.58	0.018194767
70.6	0.016557347
70.62	0.016068812
70.64	0.011539437
70.66	0.001710443
70.68	-0.008751915
70.7	-0.013681511
70.72	-0.015482599
70.74	-0.017455742
70.76	-0.017053078
70.78	-0.018059193
70.8	-0.01628487
70.82	-0.018675658
70.84	-0.015216067
70.86	-0.011551128
70.88	-0.002954362
70.9	0.004504207
70.92	0.011139741
70.94	0.00827091
70.96	0.008383204
70.98	-0.000377418
71	0.001131245
71.02	-0.002931103
71.04	-0.002551715
71.06	-0.000647041
71.08	0.000152489
71.1	0.000861072
71.12	-0.00625267
71.14	-0.007041935
71.16	-0.003372625
71.18	0.002123991
71.2	0.002172956
71.22	-0.002676571
71.24	-0.008874306
71.26	-0.013704793
71.28	-0.022613488
71.3	-0.029728701
71.32	-0.034166748
71.34	-0.024281293
71.36	-0.030195971
71.38	-0.030445067
71.4	-0.028807047
71.42	-0.023762999
71.44	-0.019507572
71.46	-0.015282087
71.48	-0.008765063
71.5	0.001770314
71.52	0.022487935
71.54	0.019289388
71.56	0.015011154
71.58	0.003469601
71.6	-0.005517155
71.62	-0.0084843
71.64	-0.003696616
71.66	-0.005374188
71.68	0.002893667
71.7	-0.002007052
71.72	-0.001952024
71.74	-0.002699668
71.76	-0.002490325
71.78	-0.005436784
71.8	-0.006823764
71.82	-0.004034922
71.84	-0.001294966
71.86	0.003449292
71.88	0.008222477
71.9	0.003292461
71.92	-0.005521411
71.94	-0.012830485
71.96	-0.014757562
71.98	-0.01387485
72	-0.008722911
72.02	-0.005942075
72.04	-0.004223271
72.06	-0.007279762
72.08	-0.012693649
72.1	-0.01947563
72.12	-0.024108085
72.14	-0.02639868
72.16	-0.026873358
72.18	-0.027163459
72.2	-0.026510462
72.22	-0.025089973
72.24	-0.021106778
72.26	-0.018886787
72.28	-0.009690064
72.3	-0.008248
72.32	-0.002973717
72.34	-0.004278711
72.36	-0.009525205
72.38	-0.013053313
72.4	-0.010710967
72.42	-0.003894182
72.44	-0.010151463
72.46	-0.015395338
72.48	-0.02426556
72.5	-0.01795756
72.52	-0.016814886
72.54	-0.019466163
72.56	-0.016732568
72.58	-0.012070906
72.6	-0.0021111
72.62	0.003040293
72.64	-5.32459E-05
72.66	-0.012371588
72.68	-0.019286178
72.7	-0.026551136
72.72	-0.024522884
72.74	-0.02528239
72.76	-0.021069868
72.78	-0.018450495
72.8	-0.018104117
72.82	-0.017902048
72.84	-0.008307556
72.86	-0.001860309
72.88	-0.000570375
72.9	0.002487544
72.92	0.010310875
72.94	0.016131548
72.96	0.020247492
72.98	0.01654548
73	0.011281709
73.02	0.000956289
73.04	-0.007704024
73.06	-0.006422178
73.08	-0.003081226
73.1	0.004307075
73.12	0.009592238
73.14	0.008400087
73.16	0.00513773
73.18	0.002295377
73.2	0.002929003
73.22	-0.000267546
73.24	-0.005022129
73.26	-0.005995236
73.28	-0.00620408
73.3	-0.00727255
73.32	-0.010203795
73.34	-0.014995321
73.36	-0.017875712
73.38	-0.016092626
73.4	-0.007930115
73.42	-0.000851261
73.44	0.005219994
73.46	0.008157228
73.48	0.008595686
73.5	0.007709943
73.52	0.003103928
73.54	-0.001986777
73.56	-0.005522027
73.58	-0.007249793
73.6	-0.004840283
73.62	-0.004626681
73.64	-0.00518238
73.66	-0.010560196
73.68	-0.009135004
73.7	-0.00533982
73.72	0.010843841
73.74	0.010015696
73.76	0.003028513
73.78	-0.002426219
73.8	0.001238852
73.82	0.00140265
73.84	0.002811893
73.86	0.002762666
73.88	0.003331284
73.9	0.003026666
73.92	0.006121437
73.94	0.003835553
73.96	0.000889229
73.98	0.000750987
74	0.005918133
74.02	0.012984476
74.04	0.016220826
74.06	0.020860863
74.08	0.024256949
74.1	0.012407635
74.12	0.004765363
74.14	0.002459728
74.16	0.015098509
74.18	0.020785768
74.2	0.022739858
74.22	0.02960793
74.24	0.032651138
74.26	0.026712746
74.28	0.023462094
74.3	0.013034569
74.32	0.014752761
74.34	0.015570403
74.36	0.019209921
74.38	0.021475063
74.4	0.01864279
74.42	0.017574205
74.44	0.009821902
74.46	0.006867078
74.48	0.001441008
74.5	-0.011156844
74.52	-0.004932344
74.54	-0.004405936
74.56	-0.002497182
74.58	0.000491171
74.6	0.011730611
74.62	0.011426239
74.64	0.014903319
74.66	0.013627636
74.68	0.014407908
74.7	0.011676271
74.72	0.01138313
74.74	0.004041638
74.76	0.000784947
74.78	0.000787777
74.8	0.005213516
74.82	0.011703143
74.84	0.012928464
74.86	0.014007022
74.88	0.012579507
74.9	0.011946542
74.92	0.014100521
74.94	0.016916878
74.96	0.016383513
74.98	0.009771345
75	0.005157436
75.02	0.001642569
75.04	-0.00028416
75.06	-0.005274635
75.08	-0.009974408
75.1	-0.008240957
75.12	-0.009833603
75.14	-0.004841457
75.16	-0.000360158
75.18	0.00298902
75.2	0.006415707
75.22	0.001674355
75.24	0.00319684
75.26	0.001265626
75.28	0.006701532
75.3	0.002569114
75.32	-0.000405515
75.34	-0.000436154
75.36	0.009879168
75.38	0.012188304
75.4	0.013161532
75.42	0.016002638
75.44	0.015383328
75.46	0.021549284
75.48	0.018557647
75.5	0.020296405
75.52	0.016284432
75.54	0.015037402
75.56	0.013985113
75.58	0.014527614
75.6	0.015106239
75.62	0.00820937
75.64	0.009799796
75.66	0.009160932
75.68	0.021795826
75.7	0.018303597
75.72	0.020122589
75.74	0.013141077
75.76	0.009732819
75.78	0.006827349
75.8	0.00526256
75.82	-0.001599728
75.84	-0.010358381
75.86	-0.013872232
75.88	-0.010430021
75.9	-0.004370753
75.92	-0.003686733
75.94	-0.006115218
75.96	-0.009389754
75.98	-0.0091326
76	-0.004277299
76.02	-0.000940946
76.04	0.001013849
76.06	0.008413148
76.08	0.015065976
76.1	0.01622423
76.12	0.008930834
76.14	-0.00153756
76.16	-0.007294509
76.18	-0.010216859
76.2	-0.000513455
76.22	0.018633962
76.24	0.023424372
76.26	0.022297521
76.28	0.020186453
76.3	0.022008402
76.32	0.016657997
76.34	0.007835058
76.36	0.004127685
76.38	-0.002853632
76.4	-0.009780824
76.42	-0.014168113
76.44	-0.019680871
76.46	-0.0227873
76.48	-0.024810535
76.5	-0.024439967
76.52	-0.023105269
76.54	-0.016731185
76.56	-0.012581745
76.58	-0.009957863
76.6	-0.01066282
76.62	-0.009999866
76.64	-0.010144884
76.66	-0.010038819
76.68	-0.008962826
76.7	-0.004911707
76.72	-0.002252575
76.74	-0.000175279
76.76	0.003486944
76.78	0.002553131
76.8	0.003016236
76.82	0.00357217
76.84	0.008827136
76.86	0.011843698
76.88	0.017500762
76.9	0.020258826
76.92	0.021717564
76.94	0.016451406
76.96	0.008187554
76.98	0.004960815
77	0.001867939
77.02	-0.000464652
77.04	-0.002773974
77.06	-0.002411355
77.08	-0.000193673
77.1	0.00071711
77.12	-0.001297458
77.14	-0.003874124
77.16	-0.006793957
77.18	-0.008442691
77.2	-0.017516036
77.22	-0.026511442
77.24	-0.02929255
77.26	-0.029068215
77.28	-0.024856023
77.3	-0.019296254
77.32	-0.013022512
77.34	-0.005012532
77.36	-0.002194554
77.38	-0.005582445
77.4	-0.010608476
77.42	-0.012930563
77.44	-0.012707361
77.46	-0.009449814
77.48	-0.001919892
77.5	0.001640174
77.52	0.00225042
77.54	-0.001613384
77.56	-0.002381575
77.58	-0.004962908
77.6	-0.001017041
77.62	0.005994451
77.64	0.011805607
77.66	0.008748441
77.68	0.010565757
77.7	0.007836842
77.72	0.004943683
77.74	0.001190205
77.76	-0.000282699
77.78	-0.002163679
77.8	-0.006967044
77.82	-0.013608986
77.84	-0.017201489
77.86	-0.024433299
77.88	-0.030330038
77.9	-0.035615561
77.92	-0.033758468
77.94	-0.032009968
77.96	-0.031836395
77.98	-0.024237335
78	-0.019115276
78.02	-0.017722425
78.04	-0.013852493
78.06	-0.005238696
78.08	0.001930869
78.1	0.008191105
78.12	0.01402446
78.14	0.01876887
78.16	0.024356941
78.18	0.026003914
78.2	0.017728109
78.22	0.013918295
78.24	0.005158772
78.26	0.007531209
78.28	0.006170307
78.3	0.010728021
78.32	0.01032236
78.34	0.00722028
78.36	0.001950645
78.38	-0.00066119
78.4	-0.001711223
78.42	-0.002253207
78.44	-0.003355067
78.46	-0.004017898
78.48	-0.006272194
78.5	-0.009895329
78.52	-0.012974876
78.54	-0.015542311
78.56	-0.016002943
78.58	-0.01518036
78.6	-0.013571148
78.62	-0.011560955
78.64	-0.009921748
78.66	-0.007279108
78.68	-0.001947176
78.7	0.000231005
78.72	0.003273262
78.74	0.004121341
78.76	0.004619208
78.78	0.002918988
78.8	0.006538328
78.82	-0.00138465
78.84	-0.002374138
78.86	-0.008591218
78.88	-0.004961514
78.9	-0.002860116
78.92	0.004208218
78.94	0.002243605
78.96	-0.002470768
78.98	0.001684005
79	-0.000257893
79.02	0.005754739
79.04	0.004410352
79.06	-4.23276E-05
79.08	-0.002439996
79.1	-0.009285762
79.12	-0.014568566
79.14	-0.0148269
79.16	-0.01075635
79.18	-0.003069398
79.2	0.000988537
79.22	0.004419225
79.24	0.006469031
79.26	0.009012287
79.28	0.010179521
79.3	0.006966826
79.32	8.51768E-05
79.34	-0.003819543
79.36	-0.001393643
79.38	0.004296013
79.4	0.00326437
79.42	0.001579525
79.44	-0.004581748
79.46	-0.003084691
79.48	-0.005001858
79.5	0.00084865
79.52	0.005811881
79.54	0.010253581
79.56	0.016346834
79.58	0.024415083
79.6	0.029018193
79.62	0.028677146
79.64	0.027138831
79.66	0.01923638
79.68	0.009101763
79.7	0.001796662
79.72	-0.002912995
79.74	-0.005667947
79.76	-0.005069836
79.78	-0.005287709
79.8	-0.002836336
79.82	-0.00034479
79.84	0.002280081
79.86	0.004334147
79.88	0.003247813
79.9	0.00718876
79.92	0.006159972
79.94	0.002716229
79.96	-0.002679052
79.98	-0.003138383
80	-0.000857999
80.02	0.000254766
80.04	0.005343309
80.06	-0.011007453
80.08	0.00071696
80.1	0.00067832
80.12	0.019278442
80.14	0.01839249
80.16	0.020644484
80.18	0.019797872
80.2	0.01488822
80.22	0.00774096
80.24	0.003214656
80.26	0.001327806
80.28	0.004097733
80.3	-0.000291696
80.32	-0.00658747
80.34	-0.011771388
80.36	-0.011602125
80.38	-0.01104744
80.4	-0.013473528
80.42	-0.00924143
80.44	-0.004226877
80.46	0.00392656
80.48	0.010648172
80.5	0.011720887
80.52	0.008786106
80.54	0.004226607
80.56	-0.000782159
80.58	-0.000486856
80.6	-0.000330023
80.62	0.009189938
80.64	0.013574726
80.66	0.022320689
80.68	0.016849446
80.7	0.017446299
80.72	0.016006907
80.74	0.011833075
80.76	0.007547661
80.78	0.00397083
80.8	0.004566246
80.82	0.005731241
80.84	0.001403774
80.86	-0.003928613
80.88	-0.010466386
80.9	-0.013609378
80.92	-0.013207328
80.94	-0.008911834
80.96	-0.013350546
80.98	-0.014884678
81	-0.015009931
81.02	-0.00974472
81.04	-0.003561382
81.06	-0.003612192
81.08	-0.000990567
81.1	-0.002600285
81.12	-0.002246527
81.14	-0.004219283
81.16	-0.004627214
81.18	-0.001252865
81.2	0.002471664
81.22	0.008098938
81.24	0.005730651
81.26	0.004368153
81.28	0.001056533
81.3	-0.003041162
81.32	-0.004227882
81.34	-0.003797406
81.36	0.002333833
81.38	-0.006813155
81.4	-0.006648386
81.42	-0.014478826
81.44	-0.003579076
81.46	-0.005046738
81.48	-0.00468375
81.5	-0.012916841
81.52	-0.010843144
81.54	-0.004681255
81.56	-0.001953364
81.58	-0.000750477
81.6	-0.005384159
81.62	-0.009238229
81.64	-0.006312756
81.66	-0.003844081
81.68	-0.009014749
81.7	-0.011473217
81.72	-0.008178504
81.74	-0.003872505
81.76	-0.006376909
81.78	-0.011167725
81.8	-0.01550239
81.82	-0.018231455
81.84	-0.016427244
81.86	-0.01592706
81.88	-0.006930382
81.9	0.000729478
81.92	0.002211666
81.94	-0.003287956
81.96	-0.00541771
81.98	-0.003696505
82	-0.000164048
82.02	0.004125953
82.04	0.009636376
82.06	0.011173178
82.08	0.01052066
82.1	0.014964279
82.12	0.013266034
82.14	0.008056187
82.16	-0.0010383
82.18	0.000775935
82.2	-0.003489136
82.22	-0.00146132
82.24	-0.003517846
82.26	-0.002410478
82.28	-0.005840025
82.3	-0.007685495
82.32	-0.008040273
82.34	-0.008510755
82.36	-0.008764446
82.38	-0.008098335
82.4	-0.013116431
82.42	-0.016500382
82.44	-0.016515162
82.46	-0.017542829
82.48	-0.017071803
82.5	-0.014215946
82.52	-0.008300607
82.54	-0.00703048
82.56	-0.004707528
82.58	-0.003413818
82.6	-0.00286208
82.62	-0.003236517
82.64	0.004129724
82.66	0.007813393
82.68	0.008784222
82.7	0.005494154
82.72	0.003795117
82.74	0.002368268
82.76	0.002780879
82.78	-0.000896421
82.8	-0.005867772
82.82	-0.007502528
82.84	-0.003013383
82.86	-0.006331928
82.88	-0.007972957
82.9	-0.007812531
82.92	-0.001495654
82.94	0.003861382
82.96	0.009099574
82.98	0.011753906
83	0.010410051
83.02	0.007490286
83.04	0.001820036
83.06	-0.002099023
83.08	-0.007288213
83.1	-0.010530228
83.12	-0.014015226
83.14	-0.014880254
83.16	-0.008498626
83.18	-0.002750623
83.2	0.001466362
83.22	0.000191988
83.24	0.001375462
83.26	0.000464067
83.28	0.00161517
83.3	0.003754134
83.32	0.001740353
83.34	0.002318705
83.36	-8.18718E-05
83.38	0.000311738
83.4	0.003649072
83.42	0.002960051
83.44	0.001903375
83.46	0.001422337
83.48	0.006282099
83.5	0.014490247
83.52	0.021887804
83.54	0.023682731
83.56	0.0210005
83.58	0.022707693
83.6	0.025723872
83.62	0.021264124
83.64	0.017394512
83.66	0.014364949
83.68	0.005197579
83.7	-0.00337417
83.72	-0.009111276
83.74	-0.009589292
83.76	-0.010165749
83.78	-0.007033503
83.8	-0.001676198
83.82	-0.001084007
83.84	-0.00316144
83.86	-0.00299251
83.88	-0.008336878
83.9	-0.009368519
83.92	-0.00412317
83.94	-0.000146943
83.96	0.002879645
83.98	0.003560772
84	0.004948237
84.02	0.005990526
84.04	0.007970603
84.06	0.010124499
84.08	0.012973455
84.1	0.018002702
84.12	0.020513603
84.14	0.0218231
84.16	0.016944218
84.18	0.01761504
84.2	0.016465858
84.22	0.01636571
84.24	0.011871139
84.26	0.012242361
84.28	0.00466068
84.3	0.000658347
84.32	-0.003537438
84.34	-0.005550831
84.36	-0.00435331
84.38	-0.002556472
84.4	-0.000313881
84.42	0.003922897
84.44	0.003933762
84.46	0.005491704
84.48	0.002759862
84.5	-0.002688065
84.52	-0.004560694
84.54	-0.010411676
84.56	-0.013297791
84.58	-0.017167574
84.6	-0.011280878
84.62	0.000197619
84.64	0.00655098
84.66	0.004509404
84.68	0.00439626
84.7	0.007741602
84.72	0.008381045
84.74	0.004946758
84.76	0.007049265
84.78	0.00831638
84.8	0.010736655
84.82	0.008737005
84.84	0.006759539
84.86	-0.00017223
84.88	-0.010551392
84.9	-0.011829923
84.92	-0.013891233
84.94	-0.008587914
84.96	-0.003485827
84.98	0.005475481
85	0.008356468
85.02	0.01034925
85.04	0.009762701
85.06	0.007222614
85.08	0.002804161
85.1	0.002744855
85.12	-0.004320077
85.14	-0.011705777
85.16	-0.010979409
85.18	-0.004649507
85.2	-0.010479684
85.22	-0.015491933
85.24	-0.017308891
85.26	-0.017840109
85.28	-0.018279215
85.3	-0.016632571
85.32	-0.012845432
85.34	-0.010042376
85.36	-0.00318174
85.38	0.000248484
85.4	0.000877436
85.42	-0.002721969
85.44	-0.001602746
85.46	-0.001450762
85.48	0.002721807
85.5	0.00540195
85.52	0.006243432
85.54	-0.001469975
85.56	-0.000110074
85.58	-0.001118507
85.6	0.004161934
85.62	0.001421753
85.64	8.29177E-05
85.66	0.000675841
85.68	-0.014549789
85.7	-0.004010227
85.72	-0.00795395
85.74	-0.003919408
85.76	-0.016440342
85.78	-0.017234345
85.8	-0.015569433
85.82	-0.011734521
85.84	-0.01012373
85.86	-0.014444466
85.88	-0.011850172
85.9	-0.010352383
85.92	-0.009051782
85.94	-0.015001637
85.96	-0.013528856
85.98	-0.008868541
86	-0.002096396
86.02	0.001569681
86.04	0.00339951
86.06	0.003684868
86.08	0.004851252
86.1	0.00582219
86.12	-0.002763137
86.14	-0.005843978
86.16	-0.009005934
86.18	-0.006900669
86.2	-0.004481725
86.22	-0.000300656
86.24	0.004176088
86.26	0.004145661
86.28	0.000923868
86.3	-0.007413581
86.32	-0.011335678
86.34	-0.020708201
86.36	-0.021394066
86.38	-0.021639985
86.4	-0.016804396
86.42	-0.01278121
86.44	-0.010053427
86.46	-0.007166467
86.48	-0.005356488
86.5	-0.00400295
86.52	-0.003327371
86.54	0.000370162
86.56	0.002916394
86.58	0.004058564
86.6	0.008178155
86.62	0.009144327
86.64	0.006353353
86.66	-0.000461994
86.68	-0.002686368
86.7	-0.005383265
86.72	-0.005693898
86.74	-0.006007453
86.76	-0.004184689
86.78	-0.003475408
86.8	-0.000767838
86.82	0.000757784
86.84	-0.004868773
86.86	-0.007511943
86.88	-0.009337661
86.9	-0.00318894
86.92	0.004101404
86.94	0.006792947
86.96	0.00388024
86.98	-0.002778756
87	-0.001737275
87.02	-0.001062703
87.04	-0.003561523
87.06	-0.001622108
87.08	0.003614606
87.1	0.007738948
87.12	0.010172647
87.14	0.010599334
87.16	0.01192111
87.18	0.011144457
87.2	0.009070355
87.22	0.007378871
87.24	0.00407696
87.26	0.002761438
87.28	0.004423944
87.3	0.007889484
87.32	0.001044639
87.34	-0.001565429
87.36	-0.002641058
87.38	0.00198761
87.4	0.001249479
87.42	0.00326757
87.44	0.008871734
87.46	0.013320993
87.48	0.012917657
87.5	0.012243264
87.52	0.010778002
87.54	0.007862605
87.56	0.006999263
87.58	0.00353111
87.6	0.001197696
87.62	-0.000933047
87.64	0.000958521
87.66	0.003153362
87.68	0.006038122
87.7	0.008275966
87.72	0.006854593
87.74	0.006043185
87.76	0.005513986
87.78	0.008107073
87.8	0.000669306
87.82	0.000251584
87.84	-0.000645812
87.86	0.006133151
87.88	0.009455982
87.9	0.011075828
87.92	0.011315027
87.94	0.010964954
87.96	0.013327054
87.98	0.014936866
88	0.017849163
88.02	0.022759352
88.04	0.027841493
88.06	0.029109899
88.08	0.02484867
88.1	0.018230727
88.12	0.007668008
88.14	0.007404443
88.16	0.00982176
88.18	0.017497692
88.2	0.016333271
88.22	0.019749497
88.24	0.017421027
88.26	0.016703702
88.28	0.010444969
88.3	0.005738459
88.32	0.002308054
88.34	0.002656393
88.36	0.002538189
88.38	0.002428807
88.4	0.000181505
88.42	-0.003417947
88.44	-0.002536542
88.46	0.002123649
88.48	0.010462993
88.5	0.011875807
88.52	0.014584892
88.54	0.018298191
88.56	0.018587236
88.58	0.01780458
88.6	0.013758323
88.62	0.01344421
88.64	0.010427036
88.66	0.007647923
88.68	0.005974137
88.7	0.004082099
88.72	0.002999003
88.74	0.006465682
88.76	0.005171265
88.78	0.004233404
88.8	0.003715567
88.82	0.005576113
88.84	0.003764028
88.86	-0.000748172
88.88	-0.003708625
88.9	-0.004577865
88.92	-0.007224983
88.94	-0.004513934
88.96	-0.001560278
88.98	-0.001970228
89	0.002171928
89.02	-0.001463508
89.04	0.003190024
89.06	0.000435702
89.08	0.006127962
89.1	-0.001049577
89.12	-0.007490152
89.14	-0.00724392
89.16	-0.003737765
89.18	0.002091327
89.2	-0.001176097
89.22	-0.002194168
89.24	-0.005332227
89.26	-0.003226323
89.28	0.003345933
89.3	0.00952148
89.32	0.014401643
89.34	0.018142405
89.36	0.018494707
89.38	0.016195426
89.4	0.014630162
89.42	0.015366202
89.44	0.012964833
89.46	0.006414642
89.48	0.002716784
89.5	-0.001719667
89.52	-0.003082872
89.54	-0.003467664
89.56	0.000397432
89.58	-0.004059338
89.6	0.008111715
89.62	0.005992404
89.64	0.01210053
89.66	0.004005349
89.68	0.002264483
89.7	-0.003552582
89.72	-0.011795816
89.74	-0.017385422
89.76	-0.021063095
89.78	-0.024900536
89.8	-0.023217161
89.82	-0.021112561
89.84	-0.016083607
89.86	-0.01019477
89.88	-0.000116639
89.9	0.004889671
89.92	0.005394463
89.94	0.005318665
89.96	0.004811546
89.98	0.00488932
90	0.006266536
90.02	0.008977837
90.04	0.007725811
90.06	0.005538086
90.08	0.003111447
90.1	0.002130813
90.12	-0.001721416
90.14	-0.005449792
90.16	-0.00468967
90.18	-0.004045598
90.2	-0.003715117
90.22	-0.004073868
90.24	-0.002730765
90.26	-0.003271635
90.28	-0.008007762
90.3	-0.018364565
90.32	-0.019706513
90.34	-0.024059526
90.36	-0.023606371
90.38	-0.022896605
90.4	-0.026734847
90.42	-0.023572724
90.44	-0.017565894
90.46	-0.014174081
90.48	-0.0119708
90.5	-0.00790049
90.52	-0.000871759
90.54	0.000418374
90.56	0.001702961
90.58	0.006246147
90.6	0.007856002
90.62	0.004361304
90.64	-0.003066797
90.66	-0.005689236
90.68	-0.006809208
90.7	-0.007448317
90.72	-0.005975324
90.74	-0.000618782
90.76	-0.003172103
90.78	-0.00446064
90.8	-0.005039754
90.82	-0.003246051
90.84	-0.003386364
90.86	-0.002407928
90.88	-0.002064216
90.9	-0.004750814
90.92	-0.01169257
90.94	-0.013072641
90.96	-0.013985292
90.98	-0.012062521
91	-0.012435644
91.02	-0.011775074
91.04	-0.014379539
91.06	-0.013816913
91.08	-0.01784508
91.1	-0.016001861
91.12	-0.016241142
91.14	-0.010750596
91.16	-0.010146147
91.18	-0.008852036
91.2	-0.007413209
91.22	-0.004708545
91.24	-0.002965252
91.26	-0.001754757
91.28	-0.004681114
91.3	-0.004424091
91.32	-0.008234908
91.34	-0.003710004
91.36	-0.002387886
91.38	0.008774251
91.4	0.003667586
91.42	0.004956118
91.44	0.000284174
91.46	0.004583638
91.48	-0.001337154
91.5	-0.005444135
91.52	-0.004968545
91.54	-0.001652766
91.56	-0.002750613
91.58	-0.006611925
91.6	-0.009062783
91.62	-0.010412817
91.64	-0.007653497
91.66	-0.005883866
91.68	-0.004445063
91.7	-0.005651944
91.72	-0.010480242
91.74	-0.014343951
91.76	-0.016826522
91.78	-0.015321016
91.8	-0.013603554
91.82	-0.011832612
91.84	-0.009750512
91.86	-0.006894144
91.88	-0.006521195
91.9	-0.00532412
91.92	-0.001697217
91.94	0.004864695
91.96	0.009971606
91.98	0.017131347
92	0.016491287
92.02	0.016284934
92.04	0.010309837
92.06	0.010753088
92.08	0.009626919
92.1	0.007231263
92.12	0.002287228
92.14	-0.002154783
92.16	-0.004946978
92.18	-0.008362251
92.2	-0.006879909
92.22	-0.002850358
92.24	0.001124271
92.26	0.001586449
92.28	0.000705626
92.3	-0.001379198
92.32	-0.002044772
92.34	-0.000626888
92.36	0.000177273
92.38	0.001164199
92.4	-0.000431575
92.42	-0.000815653
92.44	0.004919208
92.46	0.004163453
92.48	0.003388343
92.5	-0.001624184
92.52	0.001327182
92.54	0.000576583
92.56	0.003059575
92.58	0.002780726
92.6	0.004081544
92.62	0.004615723
92.64	0.002131093
92.66	-0.002246433
92.68	-0.005529156
92.7	-0.004620443
92.72	-0.004157824
92.74	0.000916198
92.76	0.001816721
92.78	-0.003483468
92.8	-0.010022357
92.82	-0.007790247
92.84	-0.007837443
92.86	-0.004590411
92.88	-0.005327385
92.9	-0.004791739
92.92	-0.005782301
92.94	-0.008251755
92.96	-0.010980363
92.98	-0.003858924
93	-0.000117659
93.02	0.003270469
93.04	0.003386295
93.06	0.004454316
93.08	0.005022197
93.1	0.003035217
93.12	0.002251058
93.14	0.000588944
93.16	0.000835146
93.18	0.001769668
93.2	0.005186314
93.22	0.004519198
93.24	0.003551163
93.26	-0.000649505
93.28	-0.001396926
93.3	-0.000734263
93.32	-0.001487338
93.34	-0.002439137
93.36	-0.001169102
93.38	0.000429016
93.4	0.00382808
93.42	0.007259999
93.44	0.008701229
93.46	0.008357026
93.48	0.007635399
93.5	0.009440117
93.52	0.010273678
93.54	0.010042878
93.56	0.007713229
93.58	0.006026572
93.6	0.004288456
93.62	0.003744402
93.64	0.003693075
93.66	0.005030588
93.68	0.006200386
93.7	0.005876559
93.72	0.00399928
93.74	0.001944325
93.76	-0.000344242
93.78	0.002857489
93.8	0.006565416
93.82	0.003287464
93.84	0.000408457
93.86	0.000834347
93.88	-0.001886311
93.9	-0.002147211
93.92	-0.006048539
93.94	-0.005597196
93.96	-0.004107822
93.98	-0.003543431
94	-0.00104497
94.02	-0.001595029
94.04	-0.000601604
94.06	-0.002285669
94.08	-0.006168807
94.1	-0.008194687
94.12	-0.010124051
94.14	-0.010641386
94.16	-0.01066365
94.18	-0.010994383
94.2	-0.013389809
94.22	-0.014324511
94.24	-0.010221398
94.26	-0.007382041
94.28	-0.003821723
94.3	-0.003743321
94.32	-0.002050594
94.34	-0.004573623
94.36	-0.005095508
94.38	-0.003278106
94.4	-0.000328154
94.42	0.001682173
94.44	0.003175061
94.46	0.005318062
94.48	0.005648716
94.5	0.005933261
94.52	0.004468949
94.54	0.003830237
94.56	0.002798922
94.58	0.003779602
94.6	0.002035533
94.62	-0.001090175
94.64	-0.003143428
94.66	-0.002194049
94.68	-0.001752029
94.7	-0.000792833
94.72	0.00021145
94.74	0.002586601
94.76	0.0029808
94.78	0.003562002
94.8	0.002722613
94.82	0.000614842
94.84	0.00036214
94.86	0.000189433
94.88	0.001987377
94.9	0.000483966
94.92	0.003835628
94.94	0.002520516
94.96	0.008249849
94.98	-0.001430915
95	-0.002627396
95.02	-0.010130354
95.04	-0.011160879
95.06	-0.008267023
95.08	-0.004697964
95.1	-0.002233577
95.12	-0.001335779
95.14	-0.000455323
95.16	0.00053285
95.18	0.001137308
95.2	0.001424705
95.22	0.002448821
95.24	0.005060433
95.26	0.0058186
95.28	0.004496534
95.3	0.002462256
95.32	0.002628617
95.34	7.42613E-05
95.36	-0.003961413
95.38	-0.006781029
95.4	-0.005481634
95.42	-0.003665627
95.44	-0.001959683
95.46	-0.000272999
95.48	0.000960893
95.5	0.003076723
95.52	0.004735473
95.54	0.003752118
95.56	-0.000155534
95.58	-0.006330169
95.6	-0.009897977
95.62	-0.012071435
95.64	-0.009348234
95.66	-0.00583798
95.68	-0.003137308
95.7	-0.000729327
95.72	-0.001473833
95.74	-0.001550986
95.76	0.004760977
95.78	0.007567923
95.8	0.013153488
95.82	0.014367777
95.84	0.012187311
95.86	0.012874484
95.88	0.014258998
95.9	0.015216374
95.92	0.013734336
95.94	0.008661407
95.96	0.008533353
95.98	0.009964125
96	0.015535336
96.02	0.01777834
96.04	0.018782656
96.06	0.016050952
96.08	0.012027145
96.1	0.005489472
96.12	0.004717465
96.14	0.004248975
96.16	0.005346628
96.18	0.007881705
96.2	0.009073291
96.22	0.009333163
96.24	0.006774939
96.26	0.001745556
96.28	0.000868913
96.3	0.00057568
96.32	0.003946834
96.34	0.006619446
96.36	0.007446481
96.38	0.007394169
96.4	0.006419774
96.42	0.002322897
96.44	-0.001671916
96.46	-0.004885989
96.48	-0.004519213
96.5	-0.003857386
96.52	-0.002355835
96.54	-0.000462728
96.56	0.004826733
96.58	0.009462456
96.6	0.011650262
96.62	0.014456358
96.64	0.021485463
96.66	0.014715027
96.68	0.018109174
96.7	0.004655392
96.72	0.01069296
96.74	0.00171741
96.76	-0.000464159
96.78	0.001393704
96.8	0.001974682
96.82	8.38746E-05
96.84	-0.003527764
96.86	-0.006069522
96.88	-0.000946832
96.9	0.002211574
96.92	0.003864774
96.94	0.000355311
96.96	-0.005546642
96.98	-0.005667441
97	-0.004787518
97.02	-0.003356466
97.04	-0.008505651
97.06	-0.009604088
97.08	-0.008358184
97.1	-0.004878261
97.12	0.005505495
97.14	0.010096866
97.16	0.01456328
97.18	0.011741708
97.2	0.014909927
97.22	0.015346804
97.24	0.017724318
97.26	0.016645355
97.28	0.014304121
97.3	0.01439814
97.32	0.011608684
97.34	0.009765462
97.36	0.007044437
97.38	0.007755539
97.4	0.01309779
97.42	0.019258643
97.44	0.021303801
97.46	0.020790105
97.48	0.014647644
97.5	0.008823672
97.52	-0.003660951
97.54	-0.00660739
97.56	-0.009259491
97.58	-0.004863873
97.6	-0.005053584
97.62	-0.000351452
97.64	0.004465429
97.66	0.005144979
97.68	0.003138382
97.7	-0.001612524
97.72	-0.002829222
97.74	-0.002247393
97.76	-0.000220973
97.78	-0.000490172
97.8	-0.000689121
97.82	0.000987899
97.84	0.001413356
97.86	0.004031025
97.88	0.00238426
97.9	0.001140582
97.92	-0.000565221
97.94	-4.04334E-05
97.96	-0.001196644
97.98	0.003004835
98	0.009356368
98.02	0.008925155
98.04	0.006114178
98.06	0.003852317
98.08	0.003527402
98.1	-0.00601524
98.12	-0.010764805
98.14	-0.013215395
98.16	-0.012245883
98.18	-0.009143709
98.2	-0.009544638
98.22	-0.010915299
98.24	-0.008172394
98.26	-0.00175433
98.28	0.004752752
98.3	0.001238396
98.32	-0.000666635
98.34	-0.006356215
98.36	-0.013926314
98.38	-0.017930305
98.4	-0.018086502
98.42	-0.012245713
98.44	-0.012450927
98.46	-0.009623538
98.48	-0.009377433
98.5	-0.004373687
98.52	0.000416943
98.54	0.003103622
98.56	0.005109063
98.58	0.005310495
98.6	0.005666636
98.62	0.007605518
98.64	0.008556206
98.66	0.008399172
98.68	0.006834737
98.7	0.004839296
98.72	0.003493534
98.74	0.001552242
98.76	-0.004536635
98.78	-0.0100305
98.8	-0.012426677
98.82	-0.009613308
98.84	-0.00604203
98.86	-0.007265893
98.88	0.001475176
98.9	0.003058182
98.92	0.00765072
98.94	-0.003630061
98.96	-0.005207439
98.98	-0.008608821
99	-0.010048685
99.02	-0.014082848
99.04	-0.01379786
99.06	-0.010768824
99.08	-0.006302189
99.1	-0.006448482
99.12	-0.004043193
99.14	0.001095932
99.16	-0.000303734
99.18	-0.004389467
99.2	-0.011899232
99.22	-0.007434575
99.24	-0.003867009
99.26	0.002544203
99.28	0.001508931
99.3	-0.000291186
99.32	-0.002798404
99.34	-0.00478233
99.36	-0.008646709
99.38	-0.00996854
99.4	-0.01004641
99.42	-0.00684961
99.44	-0.005378695
99.46	-0.004521766
99.48	-0.008097515
99.5	-0.002619284
99.52	-0.00244933
99.54	-0.001883208
99.56	-0.007316777
99.58	-0.008645691
99.6	-0.006038525
99.62	-0.001090563
99.64	0.002895918
99.66	0.002510262
99.68	0.003745042
99.7	0.003913714
99.72	0.004150645
99.74	0.005932929
99.76	0.003081616
99.78	0.000743794
99.8	-0.006689884
99.82	-0.006631921
99.84	-0.007591833
99.86	-0.006534584
99.88	-0.004420851
99.9	-0.001169488
99.92	-0.000953431
99.94	-0.002894068
99.96	-0.003302919
99.98	-0.005193252
100	-0.00990188
100.02	-0.010771542
100.04	-0.005910016
100.06	-8.28259E-05
100.08	0.004402976
100.1	0.006693247
100.12	0.007771992
100.14	0.00519622
100.16	0.000333958
100.18	-0.00282362
100.2	-0.004999042
100.22	-0.007538104
100.24	-0.006716448
100.26	-0.004666845
100.28	-0.001451825
100.3	0.000320149
100.32	0.000324524
100.34	-0.003817471
100.36	-0.008512454
100.38	-0.010311537
100.4	-0.00757761
100.42	-0.005067106
100.44	-0.005122359
100.46	-0.006338079
100.48	-0.006378673
100.5	-0.003743803
100.52	-0.002845658
100.54	-0.00065951
100.56	-0.001736928
100.58	-0.001672021
100.6	-0.003280222
100.62	-0.001162996
100.64	0.000125844
100.66	0.002171236
100.68	0.002729539
100.7	0.002827248
100.72	0.001643982
100.74	-5.68171E-05
100.76	-0.000382379
100.78	-0.00391919
100.8	-0.007624746
100.82	-0.012079876
100.84	-0.014229295
100.86	-0.015744714
100.88	-0.00892709
100.9	-0.0123918
100.92	-0.009468062
100.94	-0.010742383
100.96	-0.005416498
100.98	-0.003373354
101	-8.72783E-05
101.02	0.004232114
101.04	0.006632199
101.06	0.006606071
101.08	0.007266962
101.1	0.004671093
101.12	0.002819521
101.14	0.000516034
101.16	0.001565684
101.18	0.002423198
101.2	0.005837302
101.22	0.007158164
101.24	0.008445661
101.26	0.006852874
101.28	0.005335145
101.3	0.0050497
101.32	0.007993791
101.34	0.008914103
101.36	0.009277184
101.38	0.006294263
101.4	0.002032685
101.42	-0.002539359
101.44	-0.003520095
101.46	-0.007117074
101.48	-0.009481204
101.5	-0.010216514
101.52	-0.006421866
101.54	-7.10632E-06
101.56	0.005733844
101.58	0.009256595
101.6	0.010559412
101.62	0.011619292
101.64	0.013153016
101.66	0.01468364
101.68	0.012181221
101.7	0.007506879
101.72	0.002386497
101.74	0.000322767
101.76	-0.000744427
101.78	0.000731415
101.8	0.001257268
101.82	0.003509609
101.84	0.007809934
101.86	0.005858496
101.88	0.003186398
101.9	0.002411522
101.92	-0.000619596
101.94	-0.001223474
101.96	-0.006234347
101.98	-0.007797575
102	-0.008000675
102.02	-0.005921498
102.04	-0.006062523
102.06	-0.006250374
102.08	-0.005578488
102.1	-0.003170986
102.12	-7.2155E-05
102.14	0.002358227
102.16	-0.001386716
102.18	-0.005139411
102.2	-0.007382984
102.22	-0.007728648
102.24	-0.010189215
102.26	-0.011725243
102.28	-0.012283607
102.3	-0.012572443
102.32	-0.013279652
102.34	-0.010701955
102.36	-0.007420705
102.38	-0.003711121
102.4	-0.005217179
102.42	-0.002134744
102.44	0.00206857
102.46	0.00745632
102.48	0.009273473
102.5	0.009571277
102.52	0.011019675
102.54	0.009110811
102.56	0.010636084
102.58	0.011522992
102.6	0.010037611
102.62	0.012600286
102.64	0.011703076
102.66	0.012704637
102.68	0.009494507
102.7	0.004677288
102.72	-0.002902517
102.74	-0.005531191
102.76	-0.00536966
102.78	-0.002493116
102.8	-0.000861893
102.82	0.001299107
102.84	0.00104093
102.86	-0.00062499
102.88	-0.002088408
102.9	-0.004848776
102.92	-0.008819735
102.94	-0.010707366
102.96	-0.00919345
102.98	-0.004959517
103	-0.001360856
103.02	0.003150356
103.04	0.007973974
103.06	0.011649543
103.08	0.013191205
103.1	0.010372981
103.12	0.007424757
103.14	0.004133717
103.16	0.004178651
103.18	0.005043659
103.2	0.004020562
103.22	0.004140253
103.24	0.001109504
103.26	0.000164742
103.28	-0.004562897
103.3	-0.004557706
103.32	-0.002323121
103.34	-0.010994565
103.36	-0.012205853
103.38	-0.012906962
103.4	-0.012792446
103.42	-0.008761993
103.44	-0.011673624
103.46	-0.009177224
103.48	-0.00834142
103.5	-0.007359489
103.52	-0.000910348
103.54	-0.001709768
103.56	-0.001758144
103.58	-0.007421837
103.6	-0.008530508
103.62	-0.009439082
103.64	-0.003626768
103.66	-0.002652164
103.68	0.000796262
103.7	0.002415691
103.72	0.004056228
103.74	0.004284582
103.76	9.34203E-05
103.78	-0.002461752
103.8	-0.002674392
103.82	0.000352832
103.84	0.009241797
103.86	0.013460941
103.88	0.012817982
103.9	0.011843496
103.92	0.009680519
103.94	0.009980681
103.96	0.007432695
103.98	0.002568516
104	-0.00050293
104.02	-0.000941038
104.04	0.003293132
104.06	0.008527659
104.08	0.008184463
104.1	0.005924235
104.12	0.003418126
104.14	0.000990272
104.16	-0.011547521
104.18	-0.008339531
104.2	-0.012785886
104.22	-0.010509799
104.24	-0.017861184
104.26	-0.016078817
104.28	-0.010056817
104.3	-0.010212296
104.32	-0.011354436
104.34	-0.013395242
104.36	-0.011750572
104.38	-0.007890493
104.4	-0.001507939
104.42	0.000797281
104.44	0.003458809
104.46	0.005548554
104.48	0.007787099
104.5	0.007019394
104.52	0.013467066
104.54	0.010426543
104.56	0.006663712
104.58	-0.004594894
104.6	0.001102203
104.62	-0.000207859
104.64	0.001582665
104.66	-0.004934677
104.68	-0.005625057
104.7	-0.006407478
104.72	-0.001637571
104.74	-0.004079339
104.76	-0.005017315
104.78	-0.008981781
104.8	-0.010295602
104.82	-0.011468218
104.84	-0.013732992
104.86	-0.015810698
104.88	-0.012652666
104.9	-0.007168522
104.92	-0.000885429
104.94	0.004454013
104.96	0.010533375
104.98	0.011319356
105	0.007877536
105.02	0.010908917
105.04	0.012394062
105.06	0.012595054
105.08	0.004625214
105.1	0.003520408
105.12	0.002529414
105.14	0.006383009
105.16	0.005961898
105.18	0.005418367
105.2	0.009719821
105.22	0.007018416
105.24	0.004805289
105.26	0.001430263
105.28	0.006424832
105.3	0.007372607
105.32	0.010246884
105.34	0.008331622
105.36	0.007148843
105.38	0.004021879
105.4	-0.002227999
105.42	-0.005572539
105.44	-0.004294831
105.46	0.000824938
105.48	0.00656843
105.5	0.011130925
105.52	0.015482608
105.54	0.017708884
105.56	0.024922866
105.58	0.02664159
105.6	0.023908168
105.62	0.019888074
105.64	0.012027556
105.66	0.006841175
105.68	-0.000417286
105.7	-0.001536318
105.72	-0.007648441
105.74	-0.009155463
105.76	-0.005252531
105.78	-0.007961118
105.8	-0.005497752
105.82	-0.014572361
105.84	0.002746904
105.86	0.005122079
105.88	0.011253711
105.9	0.008247305
105.92	0.011100157
105.94	0.01051211
105.96	0.009577869
105.98	0.006509283
106	0.006579637
106.02	0.006997913
106.04	0.007297774
106.06	0.004222073
106.08	0.005399841
106.1	0.005151899
106.12	0.005885547
106.14	0.006437679
106.16	0.00772681
106.18	0.007621895
106.2	0.005522527
106.22	0.003567196
106.24	-0.003028669
106.26	-0.004177117
106.28	-0.008850963
106.3	-0.007955835
106.32	-0.007255475
106.34	-0.005757559
106.36	-0.004321663
106.38	-0.00281073
106.4	0.003635568
106.42	0.004099316
106.44	0.003471455
106.46	0.003888179
106.48	0.004723847
106.5	0.004236494
106.52	0.001831269
106.54	0.000136329
106.56	-0.002959335
106.58	0.005409578
106.6	0.003323155
106.62	0.00914539
106.64	0.003377362
106.66	0.001797546
106.68	-0.004196756
106.7	-0.005142051
106.72	-0.001774092
106.74	0.003535603
106.76	0.006147057
106.78	0.005212767
106.8	0.003233829
106.82	-0.00039467
106.84	0.000477003
106.86	-0.000644735
106.88	0.000376224
106.9	0.002984594
106.92	0.003280817
106.94	-3.69408E-05
106.96	0.000229134
106.98	0.002623533
107	0.011784982
107.02	0.010421313
107.04	0.013472993
107.06	0.002496491
107.08	0.003534741
107.1	0.000384336
107.12	-0.000757892
107.14	-0.001231448
107.16	-0.003338869
107.18	-0.005871647
107.2	-0.007097782
107.22	-0.007550563
107.24	-0.007114075
107.26	-0.007824329
107.28	-0.005838294
107.3	-0.002978838
107.32	-0.003207584
107.34	-0.002974722
107.36	-0.00400706
107.38	-0.003970295
107.4	-0.001618992
107.42	0.00265452
107.44	0.004936668
107.46	0.006184742
107.48	0.002869204
107.5	-0.001105608
107.52	-0.005907779
107.54	-0.004975172
107.56	-0.003945421
107.58	-0.002391146
107.6	-0.001818478
107.62	0.001554918
107.64	-0.000877144
107.66	0.000140596
107.68	-0.003752188
107.7	-0.001901367
107.72	-0.005307441
107.74	-0.00401477
107.76	-0.003990768
107.78	-0.004147776
107.8	-0.00400857
107.82	-0.004062346
107.84	-0.004063513
107.86	-0.004203999
107.88	-0.003832838
107.9	-0.002652692
107.92	-0.003470342
107.94	-0.003541965
107.96	-0.003010741
107.98	-0.000802451
108	-0.003967805
108.02	-0.000294236
108.04	0.001699853
108.06	0.003986801
108.08	-0.005099688
108.1	-0.007322954
108.12	-0.011831067
108.14	-0.013633481
108.16	-0.015370565
108.18	-0.015818219
108.2	-0.013873645
108.22	-0.009774429
108.24	-0.007030257
108.26	-0.005989397
108.28	-0.006363272
108.3	-0.003900167
108.32	-0.002082651
108.34	-0.00167946
108.36	-0.000169606
108.38	0.000665515
108.4	0.0016586
108.42	0.000703244
108.44	-0.000360938
108.46	-0.003986742
108.48	-0.004026351
108.5	-0.001534713
108.52	-0.002317479
108.54	0.000737738
108.56	0.002028365
108.58	0.005218827
108.6	0.001661629
108.62	0.004227442
108.64	0.002921344
108.66	0.000320864
108.68	-0.007157726
108.7	-0.00973311
108.72	-0.009178151
108.74	-0.008664694
108.76	-0.009191725
108.78	-0.010222916
108.8	-0.008745166
108.82	-0.007673422
108.84	-0.004704111
108.86	-0.003479424
108.88	0.001176469
108.9	0.004778907
108.92	0.006750517
108.94	0.006668312
108.96	0.007885915
108.98	0.009342063
109	0.010129884
109.02	0.008117599
109.04	0.008269415
109.06	0.009204605
109.08	0.006966987
109.1	0.006629344
109.12	0.007453048
109.14	0.009207013
109.16	0.005436094
109.18	0.003004487
109.2	0.003039126
109.22	0.000784227
109.24	-0.000290476
109.26	-0.001491747
109.28	-0.002989727
109.3	-0.004603814
109.32	-0.006327965
109.34	-0.0038556
109.36	-0.00148022
109.38	0.001037834
109.4	0.000591808
109.42	0.001668778
109.44	0.002652716
109.46	0.006030788
109.48	0.006709261
109.5	0.007175618
109.52	0.004978972
109.54	-0.001251379
109.56	-0.004632391
109.58	-0.004442289
109.6	-0.001508458
109.62	0.003239963
109.64	0.002078525
109.66	0.00626312
109.68	0.006730121
109.7	0.01316535
109.72	0.013496001
109.74	0.00822714
109.76	0.000343797
109.78	-0.003437015
109.8	-0.003302449
109.82	-0.001549728
109.84	0.009666854
109.86	0.01459199
109.88	0.01533734
109.9	0.011083461
109.92	0.009129379
109.94	0.007920653
109.96	0.0074753
109.98	0.005604537
110	0.003157413
110.02	-0.002817817
110.04	-0.005242972
110.06	-0.010767523
110.08	-0.009718379
110.1	-0.013659341
110.12	-0.01172466
110.14	-0.012515929
110.16	-0.007485043
110.18	-0.005714084
110.2	-0.001031571
110.22	-0.003881751
110.24	-0.005088038
110.26	-0.007368528
110.28	-0.006163684
110.3	-0.00392739
110.32	-0.000874721
110.34	0.004376775
110.36	0.004718971
110.38	0.005360328
110.4	0.003235221
110.42	0.00365388
110.44	0.005811652
110.46	0.008072136
110.48	0.012158229
110.5	0.013191869
110.52	0.01148464
110.54	0.011849631
110.56	0.006848026
110.58	0.003769254
110.6	-0.003411321
110.62	-0.007038767
110.64	-0.006653742
110.66	-0.006437821
110.68	-0.004068881
110.7	-0.005703262
110.72	-0.00762693
110.74	-0.0070152
110.76	-0.006276162
110.78	-0.003043525
110.8	0.000567133
110.82	0.002719845
110.84	0.001942897
110.86	-0.002948123
110.88	-0.002599971
110.9	-0.000459352
110.92	0.003658409
110.94	0.00528544
110.96	0.00477562
110.98	0.003374702
111	0.003773888
111.02	0.006440039
111.04	0.012616526
111.06	0.01189641
111.08	0.012326621
111.1	0.005217076
111.12	0.006627844
111.14	0.003476725
111.16	0.003129742
111.18	0.00284697
111.2	-0.002414994
111.22	-0.006154476
111.24	-0.007134292
111.26	-0.002198937
111.28	-0.001796394
111.3	-0.002233538
111.32	-0.003369819
111.34	-0.002297046
111.36	-0.003203954
111.38	-0.002101319
111.4	-0.003852275
111.42	-0.003238978
111.44	-0.006620147
111.46	-0.007082147
111.48	-0.007161291
111.5	-0.007499518
111.52	-0.012965995
111.54	-0.014504477
111.56	-0.014347177
111.58	-0.011002088
111.6	-0.010284218
111.62	-0.005837593
111.64	-0.004365327
111.66	-0.002480344
111.68	-0.004667659
111.7	-0.006375912
111.72	-0.008486045
111.74	-0.007012492
111.76	-0.00720282
111.78	-0.006233702
111.8	-0.006987718
111.82	-0.006143768
111.84	-0.005158496
111.86	-0.002707515
111.88	-0.001446574
111.9	0.000174346
111.92	-0.000121474
111.94	-0.000197833
111.96	-0.001894592
111.98	-0.001649075
112	-0.001827128
112.02	-0.002388943
112.04	-0.004247577
112.06	-0.005467987
112.08	-0.006319237
112.1	-0.006546934
112.12	-0.004590747
112.14	-0.002568876
112.16	-0.000786693
112.18	-0.00034176
112.2	0.001658892
112.22	0.001720493
112.24	-0.000953218
112.26	-0.004001208
112.28	-0.007601159
112.3	-0.007774305
112.32	-0.006032155
112.34	-0.003555543
112.36	-0.005191126
112.38	-0.006367835
112.4	-0.00857779
112.42	-0.009260223
112.44	-0.008774349
112.46	-0.011082495
112.48	-0.007597876
112.5	-0.003195432
112.52	0.003603993
112.54	0.007924976
112.56	0.008699086
112.58	0.008677771
112.6	0.004814277
112.62	0.002216394
112.64	-0.002649193
112.66	-0.006999538
112.68	-0.011537938
112.7	-0.013954923
112.72	-0.012737683
112.74	-0.008436719
112.76	-0.005872316
112.78	-0.001945997
112.8	-0.001151258
112.82	0.001678809
112.84	0.002357962
112.86	0.006188321
112.88	0.005871543
112.9	0.006283348
112.92	0.00361533
112.94	-0.000852246
112.96	-0.002376038
112.98	-0.001831485
113	-0.003070546
113.02	-0.006442524
113.04	-0.008037423
113.06	-0.005924391
113.08	-0.001341905
113.1	0.00089454
113.12	0.002386671
113.14	-8.02656E-05
113.16	0.001923452
113.18	0.00547992
113.2	0.007719054
113.22	0.007411566
113.24	0.002337887
113.26	-0.000478346
113.28	0.000433
113.3	0.004793501
113.32	0.009100735
113.34	0.009446365
113.36	0.005253295
113.38	-0.000124621
113.4	-0.000676442
113.42	0.001935599
113.44	0.005667476
113.46	0.005498158
113.48	0.005568381
113.5	-0.002335834
113.52	-0.007745675
113.54	-0.004990907
113.56	-0.003367542
113.58	0.000820845
113.6	-0.002076367
113.62	0.000124907
113.64	0.003352991
113.66	0.001168747
113.68	0.003700586
113.7	-0.000512689
113.72	-0.000314954
113.74	-0.004635584
113.76	-0.006572669
113.78	-0.00945877
113.8	-0.003939912
113.82	-0.003460734
113.84	0.000860657
113.86	0.000741013
113.88	0.004122299
113.9	0.004075187
113.92	0.002856621
113.94	0.002752433
113.96	0.002666165
113.98	0.000794464
114	-0.003337065
114.02	-0.007318533
114.04	-0.009811142
114.06	-0.011462332
114.08	-0.010828534
114.1	-0.008850852
114.12	-0.002753265
114.14	-0.002124839
114.16	-0.000803285
114.18	-0.0007744
114.2	0.004388306
114.22	0.01004051
114.24	0.013456283
114.26	0.011069573
114.28	0.005303119
114.3	-0.000482282
114.32	-0.003623367
114.34	-0.0043933
114.36	-0.001715602
114.38	0.000652249
114.4	0.005051044
114.42	0.006710896
114.44	0.008079154
114.46	0.003816127
114.48	0.000783543
114.5	-0.0048343
114.52	-0.004216485
114.54	-0.00493688
114.56	-0.002259788
114.58	0.001839095
114.6	0.005850511
114.62	0.006968458
114.64	0.004780502
114.66	-0.000396442
114.68	-0.004724647
114.7	-0.005905636
114.72	-0.001268088
114.74	0.000425202
114.76	0.002793242
114.78	0.002652386
114.8	0.004995777
114.82	0.006205609
114.84	0.006239819
114.86	0.007362721
114.88	0.008142715
114.9	0.010181061
114.92	0.00912978
114.94	0.009987648
114.96	0.008849566
114.98	0.00676499
115	0.008331364
115.02	0.008459069
115.04	0.010475795
115.06	0.009901563
115.08	0.007436126
115.1	0.000714962
115.12	-0.000794502
115.14	0.002341287
115.16	0.002643024
115.18	0.000668798
115.2	0.000646924
115.22	0.002990872
115.24	0.00487308
115.26	0.003329177
115.28	0.002353894
115.3	0.000836612
115.32	0.003324036
115.34	0.004393179
115.36	0.006270128
115.38	0.006225636
115.4	0.00839518
115.42	0.007854266
115.44	0.004914965
115.46	0.00041708
115.48	-0.000327159
115.5	0.001217831
115.52	0.001676267
115.54	0.000923328
115.56	0.00202479
115.58	0.006819615
115.6	0.014749389
115.62	0.014371507
115.64	0.016576436
115.66	0.011820125
115.68	0.009253258
115.7	0.006226473
115.72	0.003382517
115.74	-0.000180913
115.76	-0.003319568
115.78	-0.005331396
115.8	-0.003374444
115.82	-0.001937899
115.84	0.002039046
115.86	-0.000209926
115.88	-0.005514304
115.9	-0.009551167
115.92	-0.011240791
115.94	-0.00947126
115.96	-0.00738834
115.98	-0.006016478
116	-0.006322126
116.02	-0.005247427
116.04	-0.007465262
116.06	-0.008671994
116.08	-0.010570543
116.1	-0.009338709
116.12	-0.006032316
116.14	-0.001375703
116.16	0.002890159
116.18	0.005470661
116.2	0.005697139
116.22	0.005296747
116.24	0.002257214
116.26	0.00244387
116.28	0.000535543
116.3	0.002878852
116.32	0.006272371
116.34	0.010563834
116.36	0.014530816
116.38	0.014767897
116.4	0.015496013
116.42	0.013976692
116.44	0.012579407
116.46	0.01057162
116.48	0.008481878
116.5	0.004960987
116.52	0.001521102
116.54	-0.005679083
116.56	-0.003540981
116.58	-0.008563024
116.6	-0.004734986
116.62	-0.009927003
116.64	-0.005399952
116.66	-0.003817211
116.68	-0.002483747
116.7	-0.00149946
116.72	-0.000145493
116.74	0.001276888
116.76	0.002275355
116.78	0.002403495
116.8	0.00141653
116.82	-0.000197122
116.84	-0.000381453
116.86	0.001486842
116.88	0.006115731
116.9	0.008126983
116.92	0.008360633
116.94	0.007076192
116.96	0.006520319
116.98	0.004567951
117	0.006108037
117.02	0.011623925
117.04	0.001247163
117.06	-0.001682373
117.08	-0.00222814
117.1	0.002156916
117.12	0.001258613
117.14	-0.0051611
117.16	-0.008952192
117.18	-0.007648608
117.2	-0.005379893
117.22	-0.001102474
117.24	-0.000452938
117.26	-0.000276512
117.28	0.000457842
117.3	0.001932166
117.32	-0.000599593
117.34	-0.007442736
117.36	-0.011275534
117.38	-0.016238853
117.4	-0.01915875
117.42	-0.014908733
117.44	-0.010108401
117.46	-0.007159444
117.48	-0.001485311
117.5	-0.001214872
117.52	0.003681852
117.54	0.003911448
117.56	0.004475559
117.58	0.001881593
117.6	-0.001520886
117.62	-0.001432968
117.64	-0.000466245
117.66	-0.00098738
117.68	0.000296473
117.7	0.001208095
117.72	0.002478491
117.74	0.004253496
117.76	0.006913022
117.78	0.008993204
117.8	0.010926891
117.82	0.009857519
117.84	0.008719627
117.86	0.004865682
117.88	0.00113844
117.9	-0.00357648
117.92	-0.005438917
117.94	-0.006447672
117.96	-0.007635694
117.98	-0.005860022
118	-0.001904362
118.02	-0.003108475
118.04	-0.005310904
118.06	-0.007066515
118.08	-0.003406143
118.1	-0.002899468
118.12	-0.000454488
118.14	-0.002476797
118.16	-0.003095494
118.18	-0.001940731
118.2	0.000508395
118.22	-0.001985949
118.24	-0.006760485
118.26	-0.01211999
118.28	-0.007699113
118.3	-0.004520072
118.32	0.001641867
118.34	0.006921128
118.36	0.00698093
118.38	0.003293522
118.4	-0.000194365
118.42	0.0031387
118.44	-0.002238569
118.46	-0.001480601
118.48	-0.006958606
118.5	-0.004651332
118.52	-0.002694262
118.54	0.000724939
118.56	0.00067335
118.58	0.002550404
118.6	0.004739094
118.62	0.009889364
118.64	0.014050178
118.66	0.013757139
118.68	0.012806338
118.7	0.008779204
118.72	0.006756711
118.74	0.000577088
118.76	0.000767319
118.78	0.003749793
118.8	0.008236007
118.82	0.005191672
118.84	0.00128944
118.86	0.002678053
118.88	0.002398502
118.9	0.002181471
118.92	0.000341627
118.94	0.004159119
118.96	0.010571811
118.98	0.011776096
119	0.010961839
119.02	0.01024899
119.04	0.0074752
119.06	0.008788494
119.08	0.006484779
119.1	0.004986078
119.12	0.009594912
119.14	0.014101986
119.16	0.014791783
119.18	0.012736606
119.2	0.009385042
119.22	0.009715489
119.24	0.00624011
119.26	0.003213598
119.28	-0.000413614
119.3	-0.00606689
119.32	-0.009640391
119.34	-0.011361259
119.36	-0.00885591
119.38	-0.003331022
119.4	0.004091116
119.42	0.006535785
119.44	0.004447872
119.46	-0.000372154
119.48	-0.003226571
119.5	-0.005683823
119.52	-0.011459302
119.54	-0.011795534
119.56	-0.01346999
119.58	-0.010851812
119.6	-0.005847482
119.62	-0.004244309
119.64	-0.0041627
119.66	-0.007701569
119.68	-0.009901698
119.7	-0.011524332
119.72	-0.011666022
119.74	-0.011082264
119.76	-0.006355234
119.78	-9.89258E-05
119.8	0.004200115
119.82	0.003156946
119.84	0.000247475
119.86	-0.002472854
119.88	-0.005406561
119.9	-0.005738094
119.92	-0.005889696
119.94	-0.003448105
119.96	-0.002104433
119.98	-0.000595562
120	0.001069966
120.02	0.003249919
120.04	0.004501857
120.06	0.002949815
120.08	-0.000193103
120.1	-0.001361699
120.12	-0.002078487
120.14	-0.000457021
120.16	-0.000989271
120.18	-0.009369017
120.2	-0.002308059
120.22	-0.000376145
120.24	0.00608752
120.26	-0.000262002
120.28	0.001093626
120.3	0.001517626
120.32	-0.004350127
120.34	-0.00632948
120.36	-0.008041426
120.38	-0.006442756
120.4	-0.006941142
120.42	-0.006035794
120.44	-0.006145346
120.46	-0.003223051
120.48	-0.001133235
120.5	0.003216358
120.52	0.002797429
120.54	0.001723242
120.56	0.001661646
120.58	0.001983531
120.6	0.002633361
120.62	-0.000532304
120.64	-0.002204863
120.66	0.000125376
120.68	-0.001108644
120.7	-0.006502164
120.72	-0.013183196
120.74	-0.014252761
120.76	-0.015312375
120.78	-0.011425961
120.8	-0.012704287
120.82	-0.008790928
120.84	-0.00864436
120.86	-0.006201134
120.88	-0.0036339
120.9	-0.003145875
120.92	-0.005164071
120.94	-0.008527291
120.96	-0.010442895
120.98	-0.013555231
121	-0.012049473
121.02	-0.008653221
121.04	-0.003193303
121.06	-0.001081297
121.08	-0.00096408
121.1	-0.004470591
121.12	-0.003576848
121.14	-0.008179366
121.16	-0.010410311
121.18	-0.011627285
121.2	-0.005717212
121.22	0.000290464
121.24	0.004486432
121.26	0.002164687
121.28	-0.000703691
121.3	-0.006638829
121.32	-0.011115901
121.34	-0.015813965
121.36	-0.016518991
121.38	-0.015192358
121.4	-0.009363089
121.42	-0.006481797
121.44	-0.001997798
121.46	0.002038478
121.48	0.004962817
121.5	0.007810309
121.52	0.007543098
121.54	0.006108903
121.56	0.000682976
121.58	0.000251826
121.6	0.000944988
121.62	-0.00040061
121.64	-0.000235991
121.66	-0.001787184
121.68	-0.0028112
121.7	-0.005494153
121.72	-0.004459171
121.74	-0.005218534
121.76	-0.008282947
121.78	-0.010671565
121.8	-0.006951096
121.82	-0.005372549
121.84	-0.007088655
121.86	-0.008080175
121.88	-0.005258379
121.9	-0.00101325
121.92	3.91571E-05
121.94	-0.003620764
121.96	-0.006264138
121.98	-0.010252433
122	-0.011000844
122.02	-0.008005501
122.04	-0.000857088
122.06	0.00589694
122.08	0.005775731
122.1	0.006559561
122.12	0.004235315
122.14	0.007684385
122.16	0.011288591
122.18	0.012161939
122.2	0.011860376
122.22	0.007612981
122.24	0.006257031
122.26	0.004810873
122.28	0.006382485
122.3	0.002619197
122.32	0.007251297
122.34	0.004529174
122.36	0.00025036
122.38	-0.017481764
122.4	-0.010777002
122.42	-0.009390179
122.44	-0.004126065
122.46	0.000490397
122.48	0.001158241
122.5	0.001646359
122.52	0.000459365
122.54	0.001277509
122.56	-0.000214434
122.58	-0.002949241
122.6	-0.004679246
122.62	-0.001673962
122.64	0.005971504
122.66	0.007641692
122.68	0.005810644
122.7	0.004326417
122.72	0.005204316
122.74	0.006319442
122.76	0.006554141
122.78	0.005006956
122.8	0.002793325
122.82	0.005246846
122.84	0.007884786
122.86	0.010440933
122.88	0.012522516
122.9	0.009146011
122.92	0.006857184
122.94	0.006431204
122.96	0.010850078
122.98	0.017964316
123	0.020934094
123.02	0.020911487
123.04	0.016884277
123.06	0.011651266
123.08	0.008708834
123.1	0.005409931
123.12	0.003541081
123.14	0.004169501
123.16	0.001200598
123.18	-0.005376148
123.2	-0.001583509
123.22	0.008135435
123.24	-0.000969243
123.26	-0.002281569
123.28	-0.006873157
123.3	-0.003419243
123.32	0.002181546
123.34	0.006706056
123.36	0.004778498
123.38	0.001919429
123.4	0.002180709
123.42	0.001626567
123.44	0.00283201
123.46	0.003652691
123.48	0.005100604
123.5	0.007773238
123.52	0.007907879
123.54	0.00763258
123.56	0.007222505
123.58	0.004926391
123.6	0.003027488
123.62	0.000909372
123.64	0.002064962
123.66	0.003776974
123.68	-0.000354987
123.7	-0.003151582
123.72	-0.006004176
123.74	-0.00480934
123.76	-0.00648725
123.78	-0.007086132
123.8	-0.011279854
123.82	-0.013997794
123.84	-0.012934743
123.86	-0.011121565
123.88	-0.009677088
123.9	-0.009459324
123.92	-0.010247859
123.94	-0.008860017
123.96	-0.013895604
123.98	-0.00862772
124	-0.00733174
124.02	-0.000946295
124.04	-0.004628717
124.06	-0.003427411
124.08	-0.004213831
124.1	-0.002449158
124.12	-0.004123181
124.14	-0.007219635
124.16	-0.007245051
124.18	-0.003959918
124.2	0.000695348
124.22	0.004525001
124.24	0.00338687
124.26	0.00149449
124.28	0.000287431
124.3	0.000779716
124.32	-0.000607903
124.34	-0.002459819
124.36	-0.000783746
124.38	0.003602996
124.4	0.00828076
124.42	0.01096861
124.44	0.011466093
124.46	0.008880945
124.48	0.004869202
124.5	0.00066621
124.52	0.000957632
124.54	0.003987143
124.56	0.000208074
124.58	0.009597838
124.6	0.00631551
124.62	0.015212109
124.64	0.010434035
124.66	0.006877431
124.68	-0.004142994
124.7	-0.012258066
124.72	-0.013906604
124.74	-0.010084867
124.76	-0.005550273
124.78	-0.000719898
124.8	0.003909578
124.82	0.009361782
124.84	0.013119986
124.86	0.011323506
124.88	0.00642843
124.9	0.005858562
124.92	-0.000447968
124.94	0.001153446
124.96	-0.003945198
124.98	0.000922128
125	0.000859257
125.02	0.005533062
125.04	0.008748868
125.06	0.011957553
125.08	0.00945742
125.1	0.006941701
125.12	0.002659722
125.14	-0.001462919
125.16	-0.006929799
125.18	-0.009102878
125.2	-0.011337308
125.22	-0.014146857
125.24	-0.012463445
125.26	-0.009805674
125.28	-0.006397097
125.3	-0.004360251
125.32	-0.010308308
125.34	-0.009285563
125.36	-0.010237905
125.38	-0.008582592
125.4	-0.011623923
125.42	-0.010911418
125.44	-0.005749297
125.46	0.004490263
125.48	0.007064529
125.5	0.010325177
125.52	0.00555565
125.54	-0.001097369
125.56	-0.007891146
125.58	-0.000298076
125.6	0.004546578
125.62	0.009105897
125.64	0.005391787
125.66	0.008971295
125.68	0.009101928
125.7	0.006264632
125.72	0.004188963
125.74	-0.000260625
125.76	-0.005023003
125.78	-0.007229288
125.8	-0.003133683
125.82	0.00472006
125.84	0.010825923
125.86	0.012921551
125.88	0.015122863
125.9	0.015066292
125.92	0.015355304
125.94	0.013800029
125.96	0.012089657
125.98	0.008286148
126	0.001682095
126.02	0.008498308
126.04	0.008716804
126.06	0.016374769
126.08	0.003989935
126.1	0.006031717
126.12	0.000804033
126.14	0.002895709
126.16	0.00015117
126.18	-0.000382473
126.2	0.000275635
126.22	2.84381E-05
126.24	-0.00017
126.26	-0.003854163
126.28	-0.00703918
126.3	-0.008906646
126.32	-0.007886344
126.34	-0.006263326
126.36	-0.000269392
126.38	0.005891687
126.4	0.006186209
126.42	0.008376476
126.44	0.007625267
126.46	0.013761949
126.48	0.009212227
126.5	0.007808948
126.52	0.003576086
126.54	-0.00026087
126.56	-0.000686851
126.58	-0.002811653
126.6	-0.004394979
126.62	-0.008724504
126.64	-0.010959187
126.66	-0.01094536
126.68	-0.002422634
126.7	0.003500709
126.72	0.004512538
126.74	-0.000198966
126.76	-0.002002088
126.78	0.000756764
126.8	-0.001228906
126.82	-0.003711838
126.84	-0.0097716
126.86	-0.00931608
126.88	-0.007177292
126.9	-0.002316063
126.92	0.002834929
126.94	0.008650499
126.96	0.015317563
126.98	0.020357566
127	0.019969266
127.02	0.019388769
127.04	0.013944231
127.06	0.009866886
127.08	0.008690004
127.1	0.00873822
127.12	0.005329709
127.14	0.001230709
127.16	-0.0025253
127.18	-0.006483325
127.2	-0.007810447
127.22	-0.006137506
127.24	-0.001985797
127.26	0.000847507
127.28	0.00347955
127.3	0.006324523
127.32	0.009256323
127.34	0.005500301
127.36	-0.002146268
127.38	-0.007546126
127.4	-0.011917565
127.42	-0.01325767
127.44	-0.01264287
127.46	-0.011227739
127.48	-0.010155411
127.5	-0.007956044
127.52	-0.000350466
127.54	0.00620403
127.56	0.006216786
127.58	0.002696194
127.6	-0.005289806
127.62	-0.006128983
127.64	-0.00989919
127.66	-0.012782898
127.68	-0.016802166
127.7	-0.019681424
127.72	-0.018856651
127.74	-0.018627766
127.76	-0.015722983
127.78	-0.011509267
127.8	-0.009982692
127.82	-0.012537667
127.84	-0.011140399
127.86	-0.005614275
127.88	0.003399307
127.9	0.009527331
127.92	0.011892334
127.94	0.011679062
127.96	0.008944485
127.98	0.002405716
128	-0.000373248
128.02	0.001740207
128.04	0.001206308
128.06	0.004315149
128.08	0.004595057
128.1	0.010001949
128.12	0.009231181
128.14	0.005709885
128.16	0.003949225
128.18	0.004548276
128.2	0.004222102
128.22	0.005371532
128.24	0.00477574
128.26	0.00294969
128.28	0.000611443
128.3	-0.000340738
128.32	-0.001571513
128.34	-0.00125292
128.36	0.000266874
128.38	0.002441681
128.4	0.003228081
128.42	0.003144811
128.44	0.003173327
128.46	0.001617366
128.48	-0.00106331
128.5	-0.002750437
128.52	-0.00305609
128.54	-0.001645804
128.56	5.65343E-05
128.58	0.00049692
128.6	0.000339182
128.62	9.92063E-05
128.64	0.001842332
128.66	0.0021558
128.68	0.002563879
128.7	0.003824127
128.72	0.007453888
128.74	0.010052571
128.76	0.019543966
128.78	0.007303664
128.8	0.014554798
128.82	0.009289675
128.84	0.017686058
128.86	0.012349648
128.88	0.009261717
128.9	0.010800623
128.92	0.007946605
128.94	0.005824585
128.96	0.004474747
128.98	0.001481142
129	0.001048991
129.02	-0.002651594
129.04	-0.006484706
129.06	-0.008338217
129.08	-0.011495444
129.1	-0.014646538
129.12	-0.016397532
129.14	-0.020936456
129.16	-0.017034189
129.18	-0.0069521
129.2	0.001613074
129.22	0.00573868
129.24	0.00470839
129.26	0.004163527
129.28	0.004309975
129.3	0.004911636
129.32	0.008087441
129.34	0.006607386
129.36	0.005402637
129.38	0.004080193
129.4	0.005033379
129.42	0.005961116
129.44	0.006208513
129.46	0.008294357
129.48	0.00969351
129.5	0.01016726
129.52	0.01050162
129.54	0.008703192
129.56	0.003240121
129.58	-0.002582905
129.6	-0.005572082
129.62	-0.007468194
129.64	-0.00851827
129.66	-0.009479084
129.68	-0.008555896
129.7	-0.009426856
129.72	-0.012097521
129.74	-0.012341803
129.76	-0.016855029
129.78	-0.014715737
129.8	-0.003600594
129.82	0.013020204
129.84	0.006259736
129.86	0.00501937
129.88	-0.000526055
129.9	-0.002670495
129.92	-0.003535694
129.94	-0.003184927
129.96	-0.005476948
129.98	-0.004024765
130	-0.004536767
130.02	-0.002249955
130.04	-0.004421751
130.06	-0.005782868
130.08	-0.002078682
130.1	-0.00909745
130.12	-0.009926965
130.14	-0.011721008
130.16	-0.006097371
130.18	-0.004961939
130.2	-0.004716985
130.22	-0.000751227
130.24	0.000872324
130.26	-0.002991325
130.28	-0.003766379
130.3	-0.000303622
130.32	0.003610699
130.34	0.000348223
130.36	-0.001940927
130.38	-0.004562652
130.4	-0.008422301
130.42	-0.007467041
130.44	-0.007084909
130.46	-0.00678737
130.48	-0.009355792
130.5	-0.009177763
130.52	-0.008261501
130.54	-0.010204743
130.56	-0.008806711
130.58	-0.006828482
130.6	-0.004441472
130.62	-0.002264071
130.64	-0.00608359
130.66	-0.011182652
130.68	-0.01008766
130.7	-0.012777993
130.72	-0.013373155
130.74	-0.01358365
130.76	-0.009087697
130.78	-0.001293959
130.8	-0.001153312
130.82	-0.000303344
130.84	-0.000677902
130.86	0.000720485
130.88	0.006952982
130.9	0.007895463
130.92	0.005613863
130.94	0.005399137
130.96	0.004968078
130.98	0.006484151
131	0.004942583
131.02	0.005986001
131.04	-0.00075854
131.06	-0.005166781
131.08	-0.011151102
131.1	-0.011979013
131.12	-0.014553314
131.14	-0.014813749
131.16	-0.01647162
131.18	-0.017299495
131.2	-0.014619745
131.22	-0.006199008
131.24	0.000556436
131.26	0.004908649
131.28	0.003991087
131.3	0.002598998
131.32	-0.002774484
131.34	-0.006319723
131.36	-0.005881309
131.38	-0.001593022
131.4	-0.003411748
131.42	-0.004658598
131.44	-0.004269993
131.46	0.001679874
131.48	0.00545916
131.5	0.00368678
131.52	0.000265778
131.54	-0.002390842
131.56	0.001051745
131.58	0.006474848
131.6	0.009976773
131.62	0.007394789
131.64	-0.002802363
131.66	-0.007195038
131.68	-0.007800648
131.7	-0.008908987
131.72	-0.009499437
131.74	-0.013588287
131.76	-0.011194852
131.78	-0.007212296
131.8	-0.001502157
131.82	0.000941492
131.84	0.001767643
131.86	-0.001321947
131.88	-0.002272552
131.9	0.003342475
131.92	0.006263754
131.94	0.008874333
131.96	0.003434337
131.98	0.003654077
132	-0.001639531
132.02	-0.003932111
132.04	0.00170429
132.06	-0.002918967
132.08	-0.007793932
132.1	-0.013971036
132.12	-0.007428471
132.14	-0.001226737
132.16	0.004125515
132.18	0.00739492
132.2	0.008602269
132.22	0.00967975
132.24	0.009763066
132.26	0.013211997
132.28	0.016204705
132.3	0.018737978
132.32	0.019629505
132.34	0.021183032
132.36	0.022514985
132.38	0.021513635
132.4	0.023793745
132.42	0.022690123
132.44	0.022092677
132.46	0.020705253
132.48	0.01644092
132.5	0.015079674
132.52	0.008957962
132.54	0.004791704
132.56	-0.000899893
132.58	-0.00370847
132.6	-0.004472875
132.62	-0.00022515
132.64	0.003128722
132.66	0.025549109
132.68	0.016559111
132.7	0.009437849
132.72	-0.009990985
132.74	-0.007223351
132.76	-0.004094527
132.78	0.000753524
132.8	0.005496564
132.82	0.009980807
132.84	0.010250799
132.86	0.010276358
132.88	0.010712304
132.9	0.009730193
132.92	0.006438213
132.94	-0.001691194
132.96	-0.00238621
132.98	-0.001512784
133	0.000806775
133.02	0.006094771
133.04	0.009828446
133.06	0.010697888
133.08	0.008037059
133.1	0.010195435
133.12	0.007209563
133.14	0.003213318
133.16	-0.003983442
133.18	-0.005917954
133.2	-0.005217494
133.22	-0.003613477
133.24	-0.000555201
133.26	-0.001484904
133.28	-0.007563176
133.3	-0.008916001
133.32	-0.012070316
133.34	-0.012314693
133.36	-0.01169428
133.38	-0.012123184
133.4	-0.012584295
133.42	-0.01034377
133.44	-0.007727451
133.46	-0.01122508
133.48	-0.007768544
133.5	-0.008610285
133.52	-0.006126689
133.54	-0.010998124
133.56	-0.012507685
133.58	-0.016913663
133.6	-0.012902016
133.62	-0.008998283
133.64	-0.007742152
133.66	-0.006135958
133.68	-0.002060168
133.7	0.001913355
133.72	0.003840911
133.74	0.008700616
133.76	0.012838823
133.78	0.015805169
133.8	0.015127345
133.82	0.009736733
133.84	0.006125477
133.86	-0.00254469
133.88	-0.005841424
133.9	-0.004544344
133.92	0.0003798
133.94	-0.00209659
133.96	-0.002505508
133.98	-0.00137132
134	-0.002539458
134.02	-0.002789255
134.04	-0.002252425
134.06	0.001137943
134.08	0.002656498
134.1	0.001798373
134.12	-0.001395798
134.14	-0.004409495
134.16	-0.005610708
134.18	-0.00482591
134.2	-0.002769492
134.22	0.000126615
134.24	0.002224586
134.26	0.001353468
134.28	0.002323877
134.3	0.001112305
134.32	-0.002010679
134.34	-0.001940113
134.36	-0.004362416
134.38	-0.00120518
134.4	-0.001625875
134.42	0.000792816
134.44	-0.004187926
134.46	-0.007397293
134.48	-0.010095129
134.5	-0.007197386
134.52	-0.003698994
134.54	-0.002670785
134.56	-0.000654417
134.58	0.005443527
134.6	0.012539877
134.62	0.005723421
134.64	0.003858577
134.66	-0.003397797
134.68	0.002594748
134.7	0.002619018
134.72	0.00018913
134.74	-0.004927237
134.76	-0.002112144
134.78	-0.003584701
134.8	-0.006669211
134.82	-0.005919465
134.84	-0.002111731
134.86	-0.000352149
134.88	0.000582608
134.9	0.002148557
134.92	0.004453369
134.94	0.001729956
134.96	3.79378E-05
134.98	0.000992527
135	0.005368221
135.02	0.00502465
135.04	0.001912362
135.06	-0.000373642
135.08	-0.000616864
135.1	0.000398643
135.12	0.000446389
135.14	0.000943798
135.16	0.002380019
135.18	0.000548804
135.2	0.002259848
135.22	0.000112808
135.24	-0.00114514
135.26	-0.002830925
135.28	-0.00282521
135.3	0.000243211
135.32	0.000210212
135.34	0.000715059
135.36	0.000446147
135.38	0.000283683
135.4	0.00253929
135.42	0.00241546
135.44	0.003686489
135.46	0.001181906
135.48	-0.000770943
135.5	-0.001740578
135.52	-0.00220446
135.54	-0.001704372
135.56	-0.00234081
135.58	-0.002004357
135.6	-0.003989336
135.62	-0.001056966
135.64	-0.003066913
135.66	-0.000416037
135.68	0.001215404
135.7	0.007004486
135.72	0.002807666
135.74	0.000733399
135.76	-0.004027139
135.78	-0.000636528
135.8	-0.002002705
135.82	-0.001523803
135.84	-0.006415751
135.86	-0.000196224
135.88	-0.001458517
135.9	0.003553607
135.92	0.001954644
135.94	0.004614716
135.96	0.002339246
135.98	0.003301639
136	0.001281056
136.02	0.000694025
136.04	-0.000133496
136.06	0.000618968
136.08	-0.000170363
136.1	0.001136739
136.12	0.00162237
136.14	0.002513881
136.16	0.00083538
136.18	0.000818039
136.2	0.00134297
136.22	0.00026285
136.24	-0.00069498
136.26	-0.002178512
136.28	-0.000467405
136.3	-0.000654785
136.32	0.001076889
136.34	0.001235562
136.36	0.001763207
136.38	0.002333427
136.4	0.001593284
136.42	0.000265021
136.44	0.000872588
136.46	0.002482227
136.48	0.001853317
136.5	0.000675375
136.52	-0.001236901
136.54	-0.00230719
136.56	-0.002317229
136.58	-0.001023076
136.6	0.00070052
136.62	0.00051562
136.64	0.000863692
136.66	0.000277995
136.68	0.001414918
136.7	0.001675709
136.72	0.002159722
136.74	0.000584952
136.76	0.000821726
136.78	-0.001089523
136.8	-0.00151781
136.82	-0.002704333
136.84	-0.001290542
136.86	0.000132821
136.88	0.001043634
136.9	0.001408344
136.92	0.000555783
136.94	-0.00023096
136.96	-0.000535702
136.98	0.000104818
137	-0.000146196
137.02	-0.001014439
137.04	-0.001416272
137.06	-0.001079805
137.08	0.000379953
137.1	0.000320086
137.12	0.000640121
137.14	-0.000367073
137.16	-0.000230526
137.18	-0.000815871
137.2	-0.001151181
137.22	-0.00132343
137.24	-0.000906642
137.26	-0.000406161
137.28	-0.000764581
137.3	-0.001870684
137.32	-0.001302299
137.34	-0.000553142
137.36	0.001459774
137.38	0.001523836
137.4	0.001010686
137.42	0.000546827
137.44	0.000230804
137.46	3.26442E-05
137.48	-0.000241481
137.5	-0.000240025
137.52	-0.000558087
137.54	-0.000716101
137.56	-0.000610667
137.58	-0.000438897
137.6	0.001135815
137.62	0.001774644
137.64	0.001988826
137.66	0.001797007
137.68	0.000890851
137.7	0.000449509
137.72	-0.000278532
137.74	-1.48206E-05
137.76	-6.63514E-05
137.78	1.36768E-05
137.8	-0.000282106
137.82	3.64209E-05
137.84	0.000474175
137.86	0.000970165
137.88	0.001145181
137.9	0.000956098
137.92	0.000584757
137.94	-0.000109675
137.96	-0.000238098
137.98	-0.000252256
138	0.000167447
138.02	0.00056847
138.04	0.000754346
138.06	0.000495075
138.08	0.000151404
138.1	0.000163593
138.12	0.000469818
138.14	0.000817844
138.16	0.000527847
138.18	-0.000260634
138.2	-0.00061855
138.22	-0.000768627
138.24	-0.00062298
138.26	-0.000516413
138.28	-0.000362307
138.3	-1.3593E-05
138.32	0.000305899
138.34	0.000959531
138.36	0.000942864
138.38	0.001238288
138.4	0.000468945
138.42	7.99328E-05
138.44	-0.000733326
138.46	-0.00123706
138.48	-0.001438705
138.5	-0.001303787
138.52	-0.000797414
138.54	-0.000450822
138.56	-0.000176308
138.58	-0.000102415
138.6	0.000127244
138.62	0.000232461
138.64	0.000153386
138.66	-0.000200195
138.68	-0.000670869
138.7	-0.00095515
138.72	-0.001057989
138.74	-0.000796192
138.76	-0.000561391
138.78	-0.000241558
138.8	-3.36899E-05
138.82	-8.57467E-05
138.84	-0.000191003
138.86	-0.000427579
138.88	-0.000258675
138.9	-8.53795E-05
138.92	-7.17939E-05
138.94	-0.000420562
138.96	-0.00041915
138.98	-0.000422806
139	8.98537E-05
139.02	0.000231573
139.04	0.00045424
139.06	0.000418302
139.08	0.000420796
139.1	0.000325079
139.12	0.000471708
139.14	0.000341391
139.16	1.9747E-05
139.18	-0.000378862
139.2	-0.000407166
139.22	-0.000182178
139.24	0.000173483
139.26	0.000541035
139.28	0.000937316
139.3	0.001180676
139.32	0.00091877
139.34	0.000624866
139.36	0.000419578
139.38	0.000104093
139.4	2.55781E-05
139.42	-0.000382062
139.44	-0.000406249
139.46	-0.000467631
139.48	-0.00024238
139.5	0.000175655
139.52	0.000511191
139.54	0.000806015
139.56	0.000699044
139.58	0.00041093
139.6	0.000195416
139.62	8.97611E-05
139.64	7.71265E-05
139.66	2.04019E-06
139.68	-7.24978E-06
139.7	-9.62729E-06
139.72	-5.12737E-05
139.74	-0.000117542
139.76	-1.59572E-05
139.78	0.000228648
139.8	0.000405486
139.82	0.000313396
139.84	-1.87425E-05
139.86	-0.000207861
139.88	-0.000180355
139.9	-9.48894E-05
139.92	-0.000160587
139.94	-0.000322774
139.96	-0.000446385
139.98	-0.000400271
140	-0.000239781
140.02	-0.00011122
140.04	-8.25743E-05
140.06	-0.000161953
140.08	-0.000409147
140.1	-0.000625325
140.12	-0.000801269
140.14	-0.000805635
140.16	-0.000724943
140.18	-0.000542121
140.2	-0.000386468
140.22	-0.000156628
140.24	5.53582E-05
140.26	0.000154218
140.28	0.000232765
140.3	7.37703E-05
140.32	-5.08112E-05
140.34	-0.000381075
140.36	-0.000572126
140.38	-0.000668094
140.4	-0.000593496
140.42	-0.000482897
140.44	-0.000281934
140.46	-0.000154144
140.48	0.000107627
140.5	0.000140671
140.52	0.000235612
140.54	0.000217342
140.56	0.000223289
140.58	8.38546E-05
140.6	1.93597E-05
140.62	-3.87807E-05
140.64	-6.8746E-05
140.66	8.30782E-06
140.68	0.0001287
140.7	0.000202419
140.72	0.000189011
140.74	0.000194676
140.76	0.000327924
140.78	0.000371926
140.8	0.000296623
140.82	0.000121223
140.84	1.43765E-05
140.86	4.15562E-06
140.88	5.79193E-05
140.9	0.000149274
140.92	0.000204244
140.94	0.000273713
140.96	0.000316862
140.98	0.000356001
141	0.00033051
141.02	0.000283017
141.04	0.000180011
141.06	5.03528E-05
141.08	-0.000101466
141.1	-9.36752E-05
141.12	-2.56144E-05
141.14	0.000125425
141.16	0.000308238
141.18	0.000466139
141.2	0.000552785
141.22	0.000389876
141.24	0.000353662
141.26	0.000104943
141.28	5.63092E-05
141.3	-0.000250804
141.32	-0.000263227
141.34	-0.00035814
141.36	-0.000346802
141.38	-0.000378027
141.4	-0.000174504
141.42	-4.45257E-05
141.44	5.67223E-05
141.46	-1.61389E-06
141.48	-9.0749E-05
141.5	-0.000192245
141.52	-0.000269897
141.54	-0.000325475
141.56	-0.000320281
141.58	-0.00034732
141.6	-0.00040451
141.62	-0.000410792
141.64	-0.000292737
141.66	-0.000211955
141.68	-0.000142666
141.7	-0.000162824
141.72	-0.000166114
141.74	-0.000227248
141.76	-0.000257887
141.78	-0.000299444
141.8	-0.000319476
141.82	-0.000313931
141.84	-0.000270745
141.86	-0.000173532
141.88	-8.64005E-05
141.9	-7.50808E-06
141.92	1.72048E-05
141.94	3.56722E-05
141.96	-3.84505E-05
141.98	-0.000100729
142	-0.000196468
142.02	-0.000194418
142.04	-0.000193383
142.06	-0.00013975
142.08	-7.13015E-05
142.1	1.58372E-05
142.12	0.000189701
142.14	0.000231207
142.16	0.000334767
142.18	0.000186234
142.2	8.03642E-05
142.22	-1.46391E-05
142.24	-9.81598E-05
142.26	-9.30632E-05
142.28	-0.000105045
142.3	-4.51318E-06
142.32	7.59927E-05
142.34	0.000168602
142.36	0.000281348
142.38	0.000384321
142.4	0.000442997
142.42	0.000391164
142.44	0.00031767
142.46	0.000218208
142.48	0.000148912
142.5	0.000102459
142.52	0.000116943
142.54	0.000151782
142.56	0.000167591
142.58	0.000141415
142.6	0.000147584
142.62	0.000173215
142.64	0.000222332
142.66	0.000220081
142.68	0.000169189
142.7	7.931E-05
142.72	1.01825E-06
142.74	-4.98947E-05
142.76	-6.72716E-05
142.78	-1.25166E-05
142.8	3.29042E-05
142.82	7.62131E-05
142.84	4.0952E-05
142.86	1.5226E-05
142.88	-2.34272E-05
142.9	-5.22078E-05
142.92	-0.000109389
142.94	-0.000186627
142.96	-0.000274662
142.98	-0.0003086
143	-0.000272907
143.02	-0.000194677
143.04	-9.86141E-05
143.06	-6.07109E-05
143.08	-1.92922E-05
143.1	-5.43418E-05
143.12	-0.000103438
143.14	-0.000170178
143.16	-0.000241852
143.18	-0.000282691
143.2	-0.000327113
143.22	-0.000329079
143.24	-0.000289885
143.26	-0.00021495
143.28	-0.000124056
143.3	-5.34903E-05
143.32	-8.46037E-06
143.34	-1.16657E-05
143.36	-3.54846E-05
143.38	-7.2794E-05
143.4	-0.000109145
143.42	-0.000144568
143.44	-0.000179171
143.46	-0.00019837
143.48	-0.000192309
143.5	-0.000164602
143.52	-0.000109815
143.54	-5.807E-05
143.56	-2.1988E-05
143.58	-2.15547E-05
143.6	4.72991E-07
143.62	8.7965E-07
143.64	1.48886E-05
143.66	-3.57105E-06
143.68	-2.15024E-06
143.7	2.10304E-05
143.72	5.25953E-05
143.74	0.000108945
143.76	0.000175505
143.78	0.000237533
143.8	0.000245746
143.82	0.000205178
143.84	0.000156943
143.86	0.000128695
143.88	0.000109141
143.9	9.83311E-05
143.92	9.56929E-05
143.94	0.000112671
143.96	0.000152049
143.98	0.000191496
144	0.000244158
144.02	0.00027186
144.04	0.000268411
144.06	0.00021938
144.08	0.000140858
144.1	7.50587E-05
144.12	2.29663E-05
144.14	4.64391E-06
144.16	9.33208E-06
144.18	3.14979E-05
144.2	5.66141E-05
144.22	8.07049E-05
144.24	0.000110373
144.26	0.000136725
144.28	0.000130758
144.3	0.000107501
144.32	4.46072E-05
144.34	-1.01428E-05
144.36	-6.74856E-05
144.38	-9.92527E-05
144.4	-0.000112202
144.42	-0.000119224
144.44	-0.000118963
144.46	-0.000104526
144.48	-7.63072E-05
144.5	-5.44516E-05
144.52	-3.86532E-05
144.54	-4.972E-05
144.56	-6.69414E-05
144.58	-0.000106377
144.6	-0.000139557
144.62	-0.000152732
144.64	-0.000147163
144.66	-0.000130498
144.68	-0.0001164
144.7	-0.000104919
144.72	-9.92538E-05
144.74	-0.000100003
144.76	-0.000113318
144.78	-0.00013938
144.8	-0.000177017
144.82	-0.00020723
144.84	-0.000219062
144.86	-0.000205967
144.88	-0.000173675
144.9	-0.000133393
144.92	-8.49614E-05
144.94	-4.78651E-05
144.96	-2.69893E-05
144.98	-2.3894E-05
145	-3.24263E-05
145.02	-5.22317E-05
145.04	-8.60079E-05
145.06	-0.000103215
145.08	-0.000101708
145.1	-7.04783E-05
145.12	-3.04047E-05
145.14	1.70372E-05
145.16	6.66183E-05
145.18	0.000105779
145.2	0.000122694
145.22	0.000140894
145.24	0.000140995
145.26	0.000127545
145.28	9.89526E-05
145.3	6.60125E-05
145.32	5.29388E-05
145.34	5.30504E-05
145.36	6.6809E-05
145.38	9.16547E-05
145.4	0.000124206
145.42	0.000147565
145.44	0.000162933
145.46	0.000167551
145.48	0.000165826
145.5	0.000152492