0	0
0.02	-2.45325E-06
0.04	-2.46928E-06
0.06	-2.48712E-06
0.08	-2.50486E-06
0.1	-2.52128E-06
0.12	-2.53914E-06
0.14	-2.55622E-06
0.16	-2.57296E-06
0.18	-2.59028E-06
0.2	-2.60733E-06
0.22	-2.62382E-06
0.24	-2.64076E-06
0.26	-2.65764E-06
0.28	-2.67401E-06
0.3	-2.69061E-06
0.32	-2.70707E-06
0.34	-2.72338E-06
0.36	-2.73958E-06
0.38	-2.7557E-06
0.4	-2.77181E-06
0.42	-2.78758E-06
0.44	-2.8032E-06
0.46	-2.81893E-06
0.48	-2.83434E-06
0.5	-2.84945E-06
0.52	-2.86489E-06
0.54	-2.88005E-06
0.56	-2.89457E-06
0.58	-2.90945E-06
0.6	-2.92434E-06
0.62	-2.93835E-06
0.64	-2.95216E-06
0.66	-2.96665E-06
0.68	-2.98092E-06
0.7	-2.99386E-06
0.72	-3.00673E-06
0.74	-3.02045E-06
0.76	-3.03444E-06
0.78	-3.04771E-06
0.8	-3.05972E-06
0.82	-3.07155E-06
0.84	-3.08459E-06
0.86	-3.10023E-06
0.88	-3.11807E-06
0.9	-3.13664E-06
0.92	-3.15315E-06
0.94	-3.16514E-06
0.96	-3.17138E-06
0.98	-3.17622E-06
1	-3.18471E-06
1.02	-3.19477E-06
1.04	-3.20119E-06
1.06	-3.20541E-06
1.08	-3.21208E-06
1.1	-3.22022E-06
1.12	-3.22572E-06
1.14	-3.23014E-06
1.16	-3.23577E-06
1.18	-3.24007E-06
1.2	-3.24382E-06
1.22	-3.24888E-06
1.24	-3.25197E-06
1.26	-3.25387E-06
1.28	-3.25694E-06
1.3	-3.25926E-06
1.32	-3.26086E-06
1.34	-3.26211E-06
1.36	-3.26221E-06
1.38	-3.26262E-06
1.4	-3.26256E-06
1.42	-3.2615E-06
1.44	-3.25976E-06
1.46	-3.25784E-06
1.48	-3.25568E-06
1.5	-3.25253E-06
1.52	-3.2488E-06
1.54	-3.24476E-06
1.56	-3.24006E-06
1.58	-3.23495E-06
1.6	-3.22905E-06
1.62	-3.22242E-06
1.64	-3.21522E-06
1.66	-3.20674E-06
1.68	-3.19783E-06
1.7	-3.18934E-06
1.72	-3.17994E-06
1.74	-3.16768E-06
1.76	-3.15279E-06
1.78	-3.13747E-06
1.8	-3.12319E-06
1.82	-3.11123E-06
1.84	-3.10089E-06
1.86	-3.0912E-06
1.88	-3.08022E-06
1.9	-3.06746E-06
1.92	-3.0526E-06
1.94	-3.03738E-06
1.96	-3.02188E-06
1.98	-3.00573E-06
2	-2.98689E-06
2.02	-2.96674E-06
2.04	-2.9468E-06
2.06	-2.92734E-06
2.08	-2.90543E-06
2.1	-2.88161E-06
2.12	-2.85758E-06
2.14	-2.83359E-06
2.16	-2.80785E-06
2.18	-2.78108E-06
2.2	-2.75328E-06
2.22	-2.72436E-06
2.24	-2.69448E-06
2.26	-2.66435E-06
2.28	-2.633E-06
2.3	-2.59971E-06
2.32	-2.56572E-06
2.34	-2.53153E-06
2.36	-2.49592E-06
2.38	-2.4585E-06
2.4	-2.42055E-06
2.42	-2.38134E-06
2.44	-2.34125E-06
2.46	-2.29993E-06
2.48	-2.25702E-06
2.5	-2.2133E-06
2.52	-2.16919E-06
2.54	-2.12352E-06
2.56	-2.07626E-06
2.58	-2.02807E-06
2.6	-1.97835E-06
2.62	-1.92816E-06
2.64	-1.87763E-06
2.66	-1.82627E-06
2.68	-1.77273E-06
2.7	-1.71555E-06
2.72	-1.65507E-06
2.74	-1.59258E-06
2.76	-1.52973E-06
2.78	-1.46629E-06
2.8	-1.40213E-06
2.82	-1.33738E-06
2.84	-1.27165E-06
2.86	-1.20464E-06
2.88	-1.13668E-06
2.9	-1.06774E-06
2.92	-9.97501E-07
2.94	-9.25843E-07
2.96	-8.52452E-07
2.98	-7.77699E-07
3	-7.02127E-07
3.02	-6.25388E-07
3.04	-5.46644E-07
3.06	-4.66016E-07
3.08	-3.84333E-07
3.1	-3.01744E-07
3.12	-2.17326E-07
3.14	-1.30804E-07
3.16	-4.27669E-08
3.18	4.64724E-08
3.2	1.37311E-07
3.22	2.2985E-07
3.24	3.23882E-07
3.26	4.19934E-07
3.28	5.1758E-07
3.3	6.16318E-07
3.32	7.16762E-07
3.34	8.19523E-07
3.36	9.23884E-07
3.38	1.02961E-06
3.4	1.13726E-06
3.42	1.24712E-06
3.44	1.35867E-06
3.46	1.47157E-06
3.48	1.58613E-06
3.5	1.70289E-06
3.52	1.82211E-06
3.54	1.94331E-06
3.56	2.06572E-06
3.58	2.18876E-06
3.6	2.31259E-06
3.62	2.43766E-06
3.64	2.56493E-06
3.66	2.69539E-06
3.68	2.82883E-06
3.7	2.96452E-06
3.72	3.10263E-06
3.74	3.2431E-06
3.76	3.38592E-06
3.78	3.53094E-06
3.8	3.67785E-06
3.82	3.82666E-06
3.84	3.97767E-06
3.86	4.13068E-06
3.88	4.28571E-06
3.9	4.44295E-06
3.92	4.60229E-06
3.94	4.76356E-06
3.96	4.92686E-06
3.98	5.09232E-06
4	5.25994E-06
4.02	5.42972E-06
4.04	5.6015E-06
4.06	5.77514E-06
4.08	5.95108E-06
4.1	6.12954E-06
4.12	6.31006E-06
4.14	6.49251E-06
4.16	6.67723E-06
4.18	6.86427E-06
4.2	7.05367E-06
4.22	7.24526E-06
4.24	7.43901E-06
4.26	7.63482E-06
4.28	7.83284E-06
4.3	8.03328E-06
4.32	8.2361E-06
4.34	8.44107E-06
4.36	8.64835E-06
4.38	8.85817E-06
4.4	9.0702E-06
4.42	9.28408E-06
4.44	9.5005E-06
4.46	9.72021E-06
4.48	9.94304E-06
4.5	1.01685E-05
4.52	1.0396E-05
4.54	1.06251E-05
4.56	1.08557E-05
4.58	1.10882E-05
4.6	1.13227E-05
4.62	1.15595E-05
4.64	1.17987E-05
4.66	1.20402E-05
4.68	1.22842E-05
4.7	1.2531E-05
4.72	1.27804E-05
4.74	1.30324E-05
4.76	1.32868E-05
4.78	1.35438E-05
4.8	1.38034E-05
4.82	1.40656E-05
4.84	1.43304E-05
4.86	1.45977E-05
4.88	1.48675E-05
4.9	1.514E-05
4.92	1.5415E-05
4.94	1.56926E-05
4.96	1.59727E-05
4.98	1.62553E-05
5	1.65403E-05
5.02	1.68279E-05
5.04	1.7118E-05
5.06	1.74107E-05
5.08	1.77058E-05
5.1	1.80033E-05
5.12	1.83032E-05
5.14	1.86059E-05
5.16	1.89111E-05
5.18	1.92188E-05
5.2	1.95288E-05
5.22	1.98412E-05
5.24	2.0156E-05
5.26	2.04732E-05
5.28	2.07931E-05
5.3	2.11153E-05
5.32	2.14398E-05
5.34	2.17665E-05
5.36	2.20952E-05
5.38	2.2426E-05
5.4	2.27592E-05
5.42	2.30955E-05
5.44	2.34349E-05
5.46	2.37771E-05
5.48	2.41216E-05
5.5	2.44685E-05
5.52	2.48177E-05
5.54	2.5169E-05
5.56	2.55224E-05
5.58	2.58777E-05
5.6	2.62349E-05
5.62	2.65942E-05
5.64	2.69555E-05
5.66	2.7319E-05
5.68	2.76845E-05
5.7	2.8052E-05
5.72	2.84215E-05
5.74	2.87931E-05
5.76	2.91667E-05
5.78	2.95423E-05
5.8	2.99199E-05
5.82	3.02994E-05
5.84	3.0681E-05
5.86	3.10645E-05
5.88	3.145E-05
5.9	3.18374E-05
5.92	3.22267E-05
5.94	3.26179E-05
5.96	3.30109E-05
5.98	3.34057E-05
6	3.38023E-05
6.02	3.42006E-05
6.04	3.46005E-05
6.06	3.50021E-05
6.08	3.54054E-05
6.1	3.58104E-05
6.12	3.62171E-05
6.14	3.66253E-05
6.16	3.70349E-05
6.18	3.74459E-05
6.2	3.78585E-05
6.22	3.82726E-05
6.24	3.86882E-05
6.26	3.91053E-05
6.28	3.95235E-05
6.3	3.99425E-05
6.32	4.03623E-05
6.34	4.07828E-05
6.36	4.12042E-05
6.38	4.16268E-05
6.4	4.20506E-05
6.42	4.24755E-05
6.44	4.29015E-05
6.46	4.33285E-05
6.48	4.37567E-05
6.5	4.41857E-05
6.52	4.46154E-05
6.54	4.50458E-05
6.56	4.54767E-05
6.58	4.59081E-05
6.6	4.634E-05
6.62	4.67722E-05
6.64	4.72047E-05
6.66	4.76374E-05
6.68	4.80702E-05
6.7	4.85031E-05
6.72	4.89359E-05
6.74	4.93686E-05
6.76	4.98012E-05
6.78	5.02335E-05
6.8	5.06655E-05
6.82	5.10971E-05
6.84	5.15282E-05
6.86	5.19589E-05
6.88	5.23889E-05
6.9	5.28183E-05
6.92	5.3247E-05
6.94	5.36748E-05
6.96	5.41017E-05
6.98	5.45276E-05
7	5.49524E-05
7.02	5.53759E-05
7.04	5.57982E-05
7.06	5.62193E-05
7.08	5.66389E-05
7.1	5.70569E-05
7.12	5.74732E-05
7.14	5.78878E-05
7.16	5.83006E-05
7.18	5.87118E-05
7.2	5.91213E-05
7.22	5.95289E-05
7.24	5.99343E-05
7.26	6.03374E-05
7.28	6.07379E-05
7.3	6.11356E-05
7.32	6.15306E-05
7.34	6.19226E-05
7.36	6.23116E-05
7.38	6.26975E-05
7.4	6.30804E-05
7.42	6.34601E-05
7.44	6.38367E-05
7.46	6.42099E-05
7.48	6.45795E-05
7.5	6.49456E-05
7.52	6.53081E-05
7.54	6.56667E-05
7.56	6.60214E-05
7.58	6.63719E-05
7.6	6.67183E-05
7.62	6.70603E-05
7.64	6.73979E-05
7.66	6.77308E-05
7.68	6.8059E-05
7.7	6.83823E-05
7.72	6.87004E-05
7.74	6.90134E-05
7.76	6.9321E-05
7.78	6.96231E-05
7.8	6.99195E-05
7.82	7.021E-05
7.84	7.04946E-05
7.86	7.07731E-05
7.88	7.10454E-05
7.9	7.13112E-05
7.92	7.15705E-05
7.94	7.18229E-05
7.96	7.20684E-05
7.98	7.23068E-05
8	7.2538E-05
8.02	7.27619E-05
8.04	7.2978E-05
8.06	7.31863E-05
8.08	7.33865E-05
8.1	7.35784E-05
8.12	7.3762E-05
8.14	7.39372E-05
8.16	7.41039E-05
8.18	7.42621E-05
8.2	7.44113E-05
8.22	7.45516E-05
8.24	7.46825E-05
8.26	7.48039E-05
8.28	7.49154E-05
8.3	7.5017E-05
8.32	7.51082E-05
8.34	7.5189E-05
8.36	7.52592E-05
8.38	7.53186E-05
8.4	7.53669E-05
8.42	7.54041E-05
8.44	7.54297E-05
8.46	7.54438E-05
8.48	7.54461E-05
8.5	7.54363E-05
8.52	7.54143E-05
8.54	7.53799E-05
8.56	7.53328E-05
8.58	7.5273E-05
8.6	7.52E-05
8.62	7.51138E-05
8.64	7.50141E-05
8.66	7.49007E-05
8.68	7.47733E-05
8.7	7.46319E-05
8.72	7.4476E-05
8.74	7.43054E-05
8.76	7.41199E-05
8.78	7.39193E-05
8.8	7.37034E-05
8.82	7.34719E-05
8.84	7.32246E-05
8.86	7.29613E-05
8.88	7.26816E-05
8.9	7.23853E-05
8.92	7.20722E-05
8.94	7.17421E-05
8.96	7.13948E-05
8.98	7.103E-05
9	7.06473E-05
9.02	7.02464E-05
9.04	6.98271E-05
9.06	6.93889E-05
9.08	6.89317E-05
9.1	6.84553E-05
9.12	6.79595E-05
9.14	6.74439E-05
9.16	6.69084E-05
9.18	6.63528E-05
9.2	6.57768E-05
9.22	6.51801E-05
9.24	6.45623E-05
9.26	6.39233E-05
9.28	6.32627E-05
9.3	6.25802E-05
9.32	6.18755E-05
9.34	6.11483E-05
9.36	6.03983E-05
9.38	5.96252E-05
9.4	5.88287E-05
9.42	5.80086E-05
9.44	5.71645E-05
9.46	5.62961E-05
9.48	5.54031E-05
9.5	5.44852E-05
9.52	5.35421E-05
9.54	5.25735E-05
9.56	5.15792E-05
9.58	5.05587E-05
9.6	4.95118E-05
9.62	4.84383E-05
9.64	4.73378E-05
9.66	4.621E-05
9.68	4.50546E-05
9.7	4.38713E-05
9.72	4.26597E-05
9.74	4.14196E-05
9.76	4.01506E-05
9.78	3.88525E-05
9.8	3.75249E-05
9.82	3.61674E-05
9.84	3.47799E-05
9.86	3.33618E-05
9.88	3.1913E-05
9.9	3.04332E-05
9.92	2.89222E-05
9.94	2.73795E-05
9.96	2.58049E-05
9.98	2.4198E-05
10	2.25585E-05
10.02	2.08859E-05
10.04	1.91799E-05
10.06	1.74401E-05
10.08	1.56664E-05
10.1	1.38582E-05
10.12	1.20154E-05
10.14	1.01376E-05
10.16	8.22449E-06
10.18	6.27581E-06
10.2	4.29121E-06
10.22	2.27039E-06
10.24	2.13025E-07
10.26	-1.88122E-06
10.28	-4.01267E-06
10.3	-6.18165E-06
10.32	-8.38848E-06
10.34	-1.06335E-05
10.36	-1.2917E-05
10.38	-1.52393E-05
10.4	-1.76009E-05
10.42	-2.00019E-05
10.44	-2.24428E-05
10.46	-2.49238E-05
10.48	-2.74453E-05
10.5	-3.00077E-05
10.52	-3.26112E-05
10.54	-3.52562E-05
10.56	-3.79431E-05
10.58	-4.06721E-05
10.6	-4.34435E-05
10.62	-4.62576E-05
10.64	-4.91149E-05
10.66	-5.20156E-05
10.68	-5.49601E-05
10.7	-5.79485E-05
10.72	-6.09814E-05
10.74	-6.40588E-05
10.76	-6.71813E-05
10.78	-7.03491E-05
10.8	-7.35627E-05
10.82	-7.68221E-05
10.84	-8.01279E-05
10.86	-8.34802E-05
10.88	-8.68793E-05
10.9	-9.03254E-05
10.92	-9.38189E-05
10.94	-9.73601E-05
10.96	-0.000100949
10.98	-0.000104586
11	-0.000108272
11.02	-0.000112007
11.04	-0.000115791
11.06	-0.000119624
11.08	-0.000123507
11.1	-0.00012744
11.12	-0.000131423
11.14	-0.000135457
11.16	-0.000139541
11.18	-0.000143677
11.2	-0.000147864
11.22	-0.000152102
11.24	-0.000156393
11.26	-0.000160735
11.28	-0.000165129
11.3	-0.000169576
11.32	-0.000174076
11.34	-0.000178629
11.36	-0.000183234
11.38	-0.000187894
11.4	-0.000192606
11.42	-0.000197373
11.44	-0.000202193
11.46	-0.000207068
11.48	-0.000211997
11.5	-0.000216981
11.52	-0.000222019
11.54	-0.000227113
11.56	-0.000232261
11.58	-0.000237465
11.6	-0.000242724
11.62	-0.000248039
11.64	-0.00025341
11.66	-0.000258836
11.68	-0.000264319
11.7	-0.000269858
11.72	-0.000275452
11.74	-0.000281104
11.76	-0.000286812
11.78	-0.000292576
11.8	-0.000298398
11.82	-0.000304276
11.84	-0.000310211
11.86	-0.000316204
11.88	-0.000322253
11.9	-0.000328359
11.92	-0.000334523
11.94	-0.000340744
11.96	-0.000347022
11.98	-0.000353357
12	-0.00035975
12.02	-0.000366199
12.04	-0.000372706
12.06	-0.000379271
12.08	-0.000385892
12.1	-0.000392571
12.12	-0.000399307
12.14	-0.0004061
12.16	-0.000412951
12.18	-0.000419858
12.2	-0.000426823
12.22	-0.000433844
12.24	-0.000440922
12.26	-0.000448057
12.28	-0.000455248
12.3	-0.000462496
12.32	-0.0004698
12.34	-0.000477161
12.36	-0.000484577
12.38	-0.000492049
12.4	-0.000499576
12.42	-0.000507159
12.44	-0.000514798
12.46	-0.000522491
12.48	-0.000530238
12.5	-0.000538041
12.52	-0.000545897
12.54	-0.000553807
12.56	-0.000561771
12.58	-0.000569789
12.6	-0.000577859
12.62	-0.000585982
12.64	-0.000594157
12.66	-0.000602384
12.68	-0.000610662
12.7	-0.000618992
12.72	-0.000627372
12.74	-0.000635803
12.76	-0.000644283
12.78	-0.000652813
12.8	-0.000661392
12.82	-0.000670019
12.84	-0.000678694
12.86	-0.000687417
12.88	-0.000696187
12.9	-0.000705003
12.92	-0.000713864
12.94	-0.000722771
12.96	-0.000731722
12.98	-0.000740717
13	-0.000749756
13.02	-0.000758837
13.04	-0.00076796
13.06	-0.000777124
13.08	-0.000786328
13.1	-0.000795573
13.12	-0.000804856
13.14	-0.000814178
13.16	-0.000823536
13.18	-0.000832932
13.2	-0.000842363
13.22	-0.000851829
13.24	-0.000861329
13.26	-0.000870862
13.28	-0.000880428
13.3	-0.000890025
13.32	-0.000899651
13.34	-0.000909308
13.36	-0.000918992
13.38	-0.000928704
13.4	-0.000938442
13.42	-0.000948205
13.44	-0.000957992
13.46	-0.000967801
13.48	-0.000977633
13.5	-0.000987485
13.52	-0.000997356
13.54	-0.001007246
13.56	-0.001017152
13.58	-0.001027074
13.6	-0.001037011
13.62	-0.00104696
13.64	-0.001056921
13.66	-0.001066892
13.68	-0.001076872
13.7	-0.001086859
13.72	-0.001096852
13.74	-0.001106849
13.76	-0.00111685
13.78	-0.001126851
13.8	-0.001136853
13.82	-0.001146853
13.84	-0.001156849
13.86	-0.00116684
13.88	-0.001176825
13.9	-0.001186801
13.92	-0.001196767
13.94	-0.00120672
13.96	-0.001216661
13.98	-0.001226585
14	-0.001236492
14.02	-0.00124638
14.04	-0.001256246
14.06	-0.001266089
14.08	-0.001275907
14.1	-0.001285698
14.12	-0.001295459
14.14	-0.001305189
14.16	-0.001314886
14.18	-0.001324546
14.2	-0.001334169
14.22	-0.001343752
14.24	-0.001353293
14.26	-0.001362789
14.28	-0.001372238
14.3	-0.001381638
14.32	-0.001390986
14.34	-0.001400281
14.36	-0.001409518
14.38	-0.001418697
14.4	-0.001427815
14.42	-0.001436868
14.44	-0.001445855
14.46	-0.001454772
14.48	-0.001463618
14.5	-0.001472389
14.52	-0.001481083
14.54	-0.001489697
14.56	-0.001498227
14.58	-0.001506672
14.6	-0.001515029
14.62	-0.001523294
14.64	-0.001531464
14.66	-0.001539537
14.68	-0.001547509
14.7	-0.001555378
14.72	-0.00156314
14.74	-0.001570792
14.76	-0.001578331
14.78	-0.001585754
14.8	-0.001593057
14.82	-0.001600238
14.84	-0.001607292
14.86	-0.001614216
14.88	-0.001621008
14.9	-0.001627663
14.92	-0.001634178
14.94	-0.001640549
14.96	-0.001646773
14.98	-0.001652847
15	-0.00174496
15.02	-0.002376802
15.04	-0.000598299
15.06	-0.002454858
15.08	-0.000554754
15.1	-0.002565371
15.12	-0.000321118
15.14	-0.002630815
15.16	0.000284378
15.18	-0.002099555
15.2	0.003629598
15.22	0.010204378
15.24	0.028556521
15.26	0.002454238
15.28	-0.002564803
15.3	-0.019362944
15.32	-0.032444075
15.34	-0.026804388
15.36	-0.001758638
15.38	0.022511711
15.4	0.001844468
15.42	-0.009923843
15.44	-0.03254746
15.46	-0.016457632
15.48	0.005186258
15.5	0.024866306
15.52	0.05072168
15.54	0.059419344
15.56	0.036933633
15.58	0.04998231
15.6	0.033557256
15.62	0.018201331
15.64	-0.032911614
15.66	-0.043922252
15.68	-0.027440536
15.7	-0.012328179
15.72	-0.007591029
15.74	-0.03621401
15.76	-0.064264105
15.78	-0.075975187
15.8	-0.066880955
15.82	-0.059618169
15.84	-0.054025027
15.86	-0.042811277
15.88	-0.026245976
15.9	-0.005757926
15.92	0.010345859
15.94	-0.015165572
15.96	-0.009801728
15.98	-0.024264155
16	0.001925023
16.02	0.033508428
16.04	0.068075778
16.06	0.07734813
16.08	0.084566992
16.1	0.070210058
16.12	0.084390868
16.14	0.091063968
16.16	0.110078601
16.18	0.077811013
16.2	0.074643637
16.22	0.065290127
16.24	0.080059154
16.26	0.086514033
16.28	0.093433297
16.3	0.092087822
16.32	0.08233542
16.34	0.079029796
16.36	0.046947227
16.38	0.043694021
16.4	-0.010999879
16.42	-0.032126912
16.44	-0.012811239
16.46	-0.018726278
16.48	0.011732276
16.5	0.004439362
16.52	-0.011284086
16.54	-0.050959393
16.56	-0.069795074
16.58	-0.06694297
16.6	-0.011838539
16.62	0.047642133
16.64	0.08793977
16.66	0.101166894
16.68	0.08776842
16.7	0.070491646
16.72	0.055704702
16.74	0.040933739
16.76	0.04044357
16.78	0.044289596
16.8	0.071066829
16.82	0.083432601
16.84	0.040726203
16.86	-0.081251284
16.88	-0.152694824
16.9	-0.145370921
16.92	-0.140176545
16.94	-0.139172288
16.96	-0.134801241
16.98	-0.160039951
17	-0.177490469
17.02	-0.191527297
17.04	-0.217751429
17.06	-0.229099518
17.08	-0.221060506
17.1	-0.23315599
17.12	-0.170442212
17.14	-0.118516662
17.16	0.097042759
17.18	0.088228782
17.2	0.075137904
17.22	0.065768158
17.24	0.130270473
17.26	0.192687497
17.28	0.299749959
17.3	0.370226202
17.32	0.377938309
17.34	0.373531951
17.36	0.374797633
17.38	0.321304544
17.4	0.232605669
17.42	-0.223244783
17.44	-0.125939555
17.46	-0.134279144
17.48	-0.088305089
17.5	-0.05942446
17.52	-0.024762956
17.54	0.105915601
17.56	0.167601329
17.58	0.205978171
17.6	0.18287153
17.62	0.144915019
17.64	0.113660802
17.66	-0.16509931
17.68	-0.196421906
17.7	-0.215532933
17.72	-0.238482774
17.74	-0.210278896
17.76	-0.17492037
17.78	-0.208063268
17.8	-0.298261601
17.82	-0.428357707
17.84	-0.421650903
17.86	-0.33022296
17.88	-0.335707689
17.9	-0.250650983
17.92	-0.177386157
17.94	-0.075504572
17.96	-0.047897361
17.98	-0.0880654
18	-0.113134713
18.02	-0.126387045
18.04	-0.174573699
18.06	-0.158502307
18.08	-0.174101022
18.1	-0.107112083
18.12	-0.110172275
18.14	-0.057531824
18.16	-0.091850134
18.18	0.127102093
18.2	0.107208703
18.22	0.189311875
18.24	0.156169492
18.26	0.123491349
18.28	0.099570104
18.3	0.103450696
18.32	0.122736312
18.34	0.098296258
18.36	0.124997417
18.38	0.140511399
18.4	0.199533767
18.42	0.192794624
18.44	0.205120978
18.46	0.147672086
18.48	0.179751935
18.5	0.109999855
18.52	0.227212722
18.54	0.227345008
18.56	0.287267491
18.58	0.135070907
18.6	-0.002523581
18.62	0.064639749
18.64	0.019221403
18.66	-0.04068983
18.68	-0.163579378
18.7	-0.158729291
18.72	-0.138890895
18.74	-0.122522593
18.76	-0.135183661
18.78	-0.145821518
18.8	-0.164589055
18.82	-0.138275941
18.84	-0.115096323
18.86	-0.144837448
18.88	-0.145518941
18.9	-0.137881561
18.92	-0.127054258
18.94	-0.107288408
18.96	-0.083253437
18.98	-0.054351344
19	-0.053369829
19.02	-0.043117801
19.04	-0.017597849
19.06	0.010748261
19.08	0.11575433
19.1	0.105663054
19.12	0.118149675
19.14	0.125307503
19.16	0.174201781
19.18	0.253844741
19.2	0.282853179
19.22	0.200759987
19.24	0.206997925
19.26	0.158680667
19.28	0.135768043
19.3	0.103326264
19.32	0.06882103
19.34	0.081993772
19.36	0.097015604
19.38	0.147332336
19.4	0.143930775
19.42	0.184556947
19.44	0.210685358
19.46	0.177433402
19.48	0.188714166
19.5	0.174631267
19.52	0.243689064
19.54	0.219966593
19.56	0.231832795
19.58	-0.006333247
19.6	-0.136128348
19.62	-0.184247356
19.64	-0.166915341
19.66	-0.174026721
19.68	-0.168916653
19.7	-0.173543291
19.72	-0.2126212
19.74	-0.23920804
19.76	-0.182450279
19.78	-0.140467598
19.8	-0.101776616
19.82	-0.055913854
19.84	0.121459062
19.86	0.132863188
19.88	0.113774872
19.9	0.021047289
19.92	-0.091993287
19.94	-0.007725199
19.96	-0.043853137
19.98	-0.007686144
20	0.013955761
20.02	0.148246794
20.04	0.155670149
20.06	0.206590214
20.08	-0.086325045
20.1	-0.115775301
20.12	-0.129421416
20.14	-0.081935624
20.16	-0.080323001
20.18	-0.055838374
20.2	-0.161504648
20.22	-0.217675609
20.24	-0.199102816
20.26	-0.24894353
20.28	-0.184462872
20.3	-0.255351515
20.32	-0.174819932
20.34	-0.157111753
20.36	-0.139746676
20.38	-0.198056014
20.4	-0.232075726
20.42	-0.21369778
20.44	-0.201610389
20.46	-0.196704679
20.48	-0.144816028
20.5	-0.112259375
20.52	-0.099508304
20.54	-0.167705308
20.56	-0.200083382
20.58	-0.121782448
20.6	0.054060325
20.62	0.208858358
20.64	0.256599187
20.66	0.274587737
20.68	0.263096308
20.7	0.205742696
20.72	0.101566075
20.74	0.072643847
20.76	0.131435326
20.78	0.195262034
20.8	0.216596891
20.82	0.210118056
20.84	0.182964443
20.86	0.205822538
20.88	0.2175787
20.9	0.18566232
20.92	0.136049805
20.94	0.14993214
20.96	0.128111733
20.98	0.162300883
21	0.14861584
21.02	0.092332216
21.04	0.024062107
21.06	-0.034240763
21.08	0.03783808
21.1	-0.00274244
21.12	-0.002975088
21.14	-0.081808593
21.16	-0.081950735
21.18	-0.065139767
21.2	-0.025783254
21.22	-0.059219271
21.24	-0.070962239
21.26	-0.092102664
21.28	-0.110133585
21.3	-0.112477728
21.32	-0.120081178
21.34	-0.155898781
21.36	-0.157510835
21.38	-0.11314247
21.4	-0.071155334
21.42	-0.029521261
21.44	0.022511629
21.46	0.040597246
21.48	0.024382483
21.5	0.009132388
21.52	0.034879257
21.54	0.089246182
21.56	0.090102689
21.58	0.076759419
21.6	0.061587996
21.62	0.0388173
21.64	0.00344955
21.66	-0.034899323
21.68	-0.084307
21.7	-0.095819611
21.72	-0.083991945
21.74	-0.049002361
21.76	-0.051731175
21.78	-0.062360081
21.8	-0.081981888
21.82	-0.105102324
21.84	-0.116037038
21.86	-0.11220958
21.88	-0.089449891
21.9	-0.050648104
21.92	-0.02309334
21.94	-0.012924441
21.96	0.009823143
21.98	0.003892958
22	0.035272005
22.02	0.05224254
22.04	0.08588439
22.06	0.129412996
22.08	0.162994701
22.1	0.134643671
22.12	0.064901372
22.14	-0.012762872
22.16	-0.028569176
22.18	-0.039683635
22.2	-0.009336571
22.22	-0.023143538
22.24	-0.019594736
22.26	-0.014791781
22.28	-0.010996965
22.3	-0.02091552
22.32	-0.014200679
22.34	0.009354718
22.36	0.062317353
22.38	0.07207019
22.4	0.067795199
22.42	0.064280701
22.44	0.052954016
22.46	0.030381286
22.48	0.013876215
22.5	0.034478331
22.52	0.062134217
22.54	0.087437353
22.56	0.08911101
22.58	0.061921564
22.6	0.032200197
22.62	0.01613953
22.64	0.040926314
22.66	0.040967162
22.68	0.070330427
22.7	0.083695158
22.72	0.09631201
22.74	0.047759475
22.76	0.057292329
22.78	0.008002324
22.8	-0.022558594
22.82	0.002266091
22.84	0.005021492
22.86	0.058383583
22.88	0.141706144
22.9	0.137324532
22.92	0.154703992
22.94	0.124953404
22.96	0.15574859
22.98	0.182181493
23	0.208811387
23.02	0.178029154
23.04	0.155752731
23.06	0.086400374
23.08	-0.051330329
23.1	-0.063097168
23.12	-0.105997663
23.14	-0.079382971
23.16	-0.101267331
23.18	-0.077114217
23.2	-0.059257631
23.22	-0.052343371
23.24	-0.096207723
23.26	-0.132284789
23.28	-0.144440095
23.3	-0.119967585
23.32	-0.07747642
23.34	-0.125931612
23.36	-0.153338398
23.38	-0.189131623
23.4	-0.189485934
23.42	-0.198054459
23.44	-0.188979546
23.46	-0.223907341
23.48	-0.184469498
23.5	-0.152241399
23.52	-0.05292716
23.54	-0.051076657
23.56	0.003268666
23.58	0.043544149
23.6	0.041605525
23.62	0.090824459
23.64	0.047145647
23.66	0.06606248
23.68	0.036733873
23.7	0.073994063
23.72	0.025164467
23.74	0.018987076
23.76	-0.060273372
23.78	0.010103254
23.8	0.000123705
23.82	0.07825415
23.84	0.007049557
23.86	0.043563321
23.88	-0.000367637
23.9	0.033893703
23.92	-0.031914234
23.94	0.055684664
23.96	0.023822542
23.98	0.056676666
24	-0.040157678
24.02	0.032546792
24.04	-0.014258489
24.06	0.044497285
24.08	0.003902832
24.1	0.063040304
24.12	0.051288413
24.14	0.09907359
24.16	0.07799214
24.18	0.065855189
24.2	-0.178964913
24.22	-0.149623238
24.24	-0.177984528
24.26	-0.13778918
24.28	-0.125940325
24.3	-0.065939651
24.32	-0.173368481
24.34	-0.133864845
24.36	-0.119355962
24.38	-0.149919278
24.4	0.003107338
24.42	0.041827465
24.44	0.088746629
24.46	0.147580872
24.48	0.101780231
24.5	0.052489216
24.52	0.040939087
24.54	-0.016231826
24.56	-0.128748389
24.58	-0.142195216
24.6	-0.13853374
24.62	-0.135944808
24.64	-0.108030179
24.66	-0.031345515
24.68	-0.012704657
24.7	0.024889636
24.72	0.056546444
24.74	0.0558424
24.76	0.114759155
24.78	-0.002693988
24.8	-0.005255906
24.82	0.003175547
24.84	-0.045323802
24.86	-0.035387148
24.88	-0.009220035
24.9	-0.01555499
24.92	-0.04461833
24.94	-0.022120822
24.96	-0.016251112
24.98	-0.015823819
25	0.023661916
25.02	0.067890182
25.04	0.106941401
25.06	0.098923668
25.08	0.168405764
25.1	0.247582033
25.12	0.172266486
25.14	0.10883937
25.16	0.082379689
25.18	0.064390183
25.2	-0.00554665
25.22	-0.028951563
25.24	-0.010513014
25.26	0.043751727
25.28	0.0898523
25.3	0.046856577
25.32	0.039605327
25.34	0.03869674
25.36	0.018579686
25.38	0.041108531
25.4	0.010443151
25.42	0.036339799
25.44	0.043567124
25.46	0.045046417
25.48	0.045115617
25.5	0.085860635
25.52	0.101745493
25.54	0.130354679
25.56	0.118752869
25.58	0.114871455
25.6	0.080692056
25.62	0.064073361
25.64	-0.030656068
25.66	-0.07272463
25.68	-0.064441224
25.7	-0.057584489
25.72	-0.040117183
25.74	-0.042229904
25.76	-0.033259161
25.78	-0.054968911
25.8	-0.072147556
25.82	-0.110040684
25.84	-0.125113125
25.86	-0.128306283
25.88	-0.13144248
25.9	-0.127210112
25.92	-0.148969072
25.94	-0.135367601
25.96	-0.164753467
25.98	-0.158706508
26	-0.162868288
26.02	-0.144968171
26.04	-0.154807315
26.06	-0.124801792
26.08	-0.145634648
26.1	-0.108977012
26.12	-0.101175394
26.14	-0.058446086
26.16	0.096511455
26.18	0.089936581
26.2	0.127875948
26.22	0.109728416
26.24	0.087142552
26.26	0.044567327
26.28	0.037227814
26.3	0.0248005
26.32	0.054968463
26.34	0.076766646
26.36	0.103559437
26.38	0.139414142
26.4	0.163347334
26.42	0.160783186
26.44	0.115264016
26.46	0.097729446
26.48	0.071798183
26.5	0.06493956
26.52	0.026082011
26.54	-0.011715442
26.56	-0.001781275
26.58	-0.021664875
26.6	-0.040910809
26.62	-0.06398156
26.64	-0.076946048
26.66	-0.118898572
26.68	-0.139025335
26.7	-0.152473433
26.72	-0.137190475
26.74	-0.114053931
26.76	-0.100338008
26.78	-0.095682531
26.8	-0.081026477
26.82	-0.060133683
26.84	0.03355387
26.86	0.053659277
26.88	0.06812649
26.9	0.080431355
26.92	0.101700225
26.94	0.12792674
26.96	0.160084162
26.98	0.196738165
27	0.213306958
27.02	0.228291425
27.04	0.262280186
27.06	0.273087614
27.08	0.268883714
27.1	0.211277377
27.12	0.112058274
27.14	0.051846784
27.16	-0.030802435
27.18	-0.0152974
27.2	-0.051607537
27.22	-0.124496256
27.24	-0.142476414
27.26	-0.141582957
27.28	-0.147771377
27.3	-0.150381363
27.32	-0.164637518
27.34	-0.193611059
27.36	-0.229010351
27.38	-0.244446897
27.4	-0.243168466
27.42	-0.217708624
27.44	-0.231810304
27.46	-0.218120704
27.48	-0.195326627
27.5	-0.124156187
27.52	-0.127511321
27.54	-0.114827459
27.56	-0.090293824
27.58	-0.091083998
27.6	-0.071353647
27.62	-0.021481691
27.64	0.029967761
27.66	0.070767744
27.68	0.093556152
27.7	0.086562349
27.72	0.093925803
27.74	0.0838451
27.76	0.071188874
27.78	0.08024921
27.8	0.077921549
27.82	0.090605149
27.84	0.101851928
27.86	0.095618975
27.88	0.08652723
27.9	0.0749832
27.92	0.052552782
27.94	0.01810573
27.96	0.001930456
27.98	-0.026079794
28	-0.038704269
28.02	-0.024298344
28.04	-0.012787052
28.06	0.012751158
28.08	0.012306812
28.1	0.014544029
28.12	0.0420397
28.14	0.048358596
28.16	0.065804643
28.18	0.069805875
28.2	0.016099684
28.22	0.035227499
28.24	0.026254967
28.26	0.026914031
28.28	0.061827157
28.3	0.076721555
28.32	0.134658396
28.34	0.159239903
28.36	0.160796825
28.38	0.131740279
28.4	0.075258796
28.42	-0.0348921
28.44	-0.021927882
28.46	-0.033914762
28.48	-0.014652442
28.5	-0.001715418
28.52	0.018144643
28.54	0.019046219
28.56	-0.016776049
28.58	-0.066936435
28.6	-0.037452294
28.62	-0.02916074
28.64	0.026876014
28.66	0.00215104
28.68	-0.040108608
28.7	-0.061560277
28.72	-0.051332031
28.74	-0.089766059
28.76	-0.099243509
28.78	-0.091764244
28.8	-0.096802971
28.82	-0.081834722
28.84	-0.075718088
28.86	-0.088103123
28.88	-0.091369349
28.9	-0.09717054
28.92	-0.090178687
28.94	-0.021383769
28.96	0.040562519
28.98	0.019820141
29	0.024409408
29.02	0.06676744
29.04	0.004525761
29.06	-0.017132109
29.08	-0.066271539
29.1	-0.076409207
29.12	-0.055187447
29.14	-0.033623315
29.16	-0.003718772
29.18	0.04493258
29.2	0.062134974
29.22	0.080979733
29.24	0.112103192
29.26	0.116076813
29.28	0.077182205
29.3	0.073110629
29.32	0.046666379
29.34	0.032100276
29.36	0.050249549
29.38	0.08283591
29.4	0.137790584
29.42	0.158351909
29.44	0.184700674
29.46	0.185292794
29.48	0.235225302
29.5	0.209532763
29.52	0.134079546
29.54	0.086399638
29.56	0.050588832
29.58	0.031776303
29.6	0.05478609
29.62	0.059647127
29.64	-0.000376489
29.66	-0.03930281
29.68	-0.055090369
29.7	-0.104726907
29.72	-0.105789765
29.74	-0.121700307
29.76	-0.115739033
29.78	-0.10697426
29.8	-0.090837462
29.82	-0.101878425
29.84	-0.114134117
29.86	-0.138826669
29.88	-0.138615348
29.9	-0.113754786
29.92	-0.107195757
29.94	-0.049974581
29.96	-0.035887022
29.98	-0.017702118
30	0.005062088
30.02	0.001039225
30.04	-0.015349515
30.06	-0.015553322
30.08	0.028291228
30.1	0.054972019
30.12	0.083061485
30.14	0.096853269
30.16	0.077498042
30.18	0.035509871
30.2	0.002663245
30.22	-0.001800256
30.24	0.023599396
30.26	0.055242384
30.28	0.081780445
30.3	0.069014968
30.32	0.003907202
30.34	-0.038767625
30.36	-0.05197125
30.38	-0.057077733
30.4	-0.078656399
30.42	-0.097442192
30.44	-0.111523714
30.46	-0.078821779
30.48	-0.094255199
30.5	-0.097982056
30.52	-0.107501686
30.54	-0.118778754
30.56	-0.075651223
30.58	-0.026226288
30.6	0.046365697
30.62	0.055616805
30.64	0.0715966
30.66	0.121803854
30.68	0.168521075
30.7	0.21661259
30.72	0.237877755
30.74	0.234761552
30.76	0.222776813
30.78	0.203711781
30.8	0.190898087
30.82	0.185327792
30.84	0.177724329
30.86	0.14293526
30.88	0.107636697
30.9	0.087411897
30.92	0.065884503
30.94	0.05502381
30.96	0.013655808
30.98	-0.031384313
31	-0.074516988
31.02	-0.10010697
31.04	-0.139942858
31.06	-0.179605119
31.08	-0.213096656
31.1	-0.234972257
31.12	-0.231662526
31.14	-0.220190672
31.16	-0.218463679
31.18	-0.231459453
31.2	-0.228528889
31.22	-0.225553801
31.24	-0.19993557
31.26	-0.167226029
31.28	-0.148632511
31.3	-0.106937779
31.32	-0.070730571
31.34	-0.04721113
31.36	-0.00032763
31.38	-0.038728199
31.4	-0.030579087
31.42	-0.047226484
31.44	-0.041168708
31.46	0.042537505
31.48	0.048390126
31.5	0.084503753
31.52	0.111443209
31.54	0.113828922
31.56	0.135286065
31.58	0.142734437
31.6	0.155014226
31.62	0.138649217
31.64	0.125882346
31.66	0.124362933
31.68	0.126338319
31.7	0.098472246
31.72	0.074437877
31.74	0.033661891
31.76	-0.002412022
31.78	-0.005054295
31.8	0.021353953
31.82	0.018805642
31.84	-0.043438315
31.86	-0.064276085
31.88	-0.026390584
31.9	-0.034341491
31.92	-0.083231397
31.94	-0.08058476
31.96	-0.096353268
31.98	-0.076944521
32	-0.052888881
32.02	-0.022750586
32.04	-0.010023824
32.06	0.007246909
32.08	0.057653555
32.1	0.096698025
32.12	0.139607363
32.14	0.158198136
32.16	0.148982197
32.18	0.140365182
32.2	0.117489686
32.22	0.086651614
32.24	0.059111242
32.26	0.022405325
32.28	0.037086871
32.3	0.015368594
32.32	0.013576855
32.34	0.007635294
32.36	0.019095973
32.38	0.000130053
32.4	-0.021068549
32.42	-0.053503483
32.44	-0.080577204
32.46	-0.092308096
32.48	-0.118506843
32.5	-0.126920452
32.52	-0.13523086
32.54	-0.123896088
32.56	-0.126425975
32.58	-0.147005059
32.6	-0.168290215
32.62	-0.170271164
32.64	-0.163781936
32.66	-0.144665419
32.68	-0.112544472
32.7	-0.086335522
32.72	-0.065306498
32.74	-0.037027745
32.76	-0.007324557
32.78	0.002565447
32.8	0.00521905
32.82	-0.01766743
32.84	-0.000170682
32.86	0.08897039
32.88	0.13530464
32.9	0.16395357
32.92	0.175644983
32.94	0.1575841
32.96	0.126235897
32.98	0.084980385
33	0.068035604
33.02	0.076675686
33.04	0.068421453
33.06	0.076907289
33.08	0.07926834
33.1	0.086013275
33.12	0.072828762
33.14	0.076266554
33.16	0.072467919
33.18	0.086873283
33.2	0.073995938
33.22	0.119503661
33.24	0.102531411
33.26	0.099331025
33.28	0.064834607
33.3	-0.029110058
33.32	-0.028721502
33.34	-0.033283046
33.36	-0.023654102
33.38	-0.035730318
33.4	-0.051482667
33.42	-0.068095336
33.44	-0.066870194
33.46	-0.066814841
33.48	-0.060551984
33.5	-0.071649886
33.52	-0.075379303
33.54	-0.072153571
33.56	-0.049910437
33.58	-0.033921238
33.6	-0.028399673
33.62	-0.03776825
33.64	-0.021060724
33.66	0.009797238
33.68	0.025207075
33.7	0.024855411
33.72	0.029321631
33.74	0.028155239
33.76	0.045014987
33.78	0.03133389
33.8	0.014358699
33.82	-0.050037073
33.84	-0.052198538
33.86	-0.053487238
33.88	-0.04870237
33.9	-0.077681874
33.92	-0.114763395
33.94	-0.14288666
33.96	-0.115488724
33.98	-0.107153045
34	-0.057112113
34.02	-0.025593315
34.04	-0.014283569
34.06	-0.009983416
34.08	-0.02404661
34.1	-0.009520467
34.12	-0.015817
34.14	-0.021525096
34.16	-0.046503831
34.18	-0.038405577
34.2	-0.016368509
34.22	0.013643832
34.24	0.027610904
34.26	0.028722283
34.28	0.046971718
34.3	0.074939003
34.32	0.12062187
34.34	0.10665981
34.36	0.085498016
34.38	0.045542082
34.4	0.044441406
34.42	0.03637664
34.44	0.032172627
34.46	0.008920622
34.48	-0.00324274
34.5	-0.013071496
34.52	-0.005192236
34.54	0.025240226
34.56	0.04522495
34.58	0.042723028
34.6	0.040809983
34.62	0.068638299
34.64	0.081837095
34.66	0.082614057
34.68	0.06745521
34.7	0.035171526
34.72	0.023450841
34.74	0.017990529
34.76	0.02889547
34.78	0.044006776
34.8	-0.041593618
34.82	-0.070613254
34.84	-0.083629041
34.86	-0.10433643
34.88	-0.10525899
34.9	-0.096773482
34.92	-0.082479619
34.94	-0.077900709
34.96	-0.068762122
34.98	-0.073881159
35	-0.091119294
35.02	-0.121609593
35.04	-0.152451925
35.06	-0.146807463
35.08	-0.114888297
35.1	-0.07175728
35.12	-0.042076651
35.14	-0.037444835
35.16	-0.046656429
35.18	-0.057470775
35.2	-0.051794348
35.22	0.006877667
35.24	0.041098172
35.26	0.058738417
35.28	0.093681195
35.3	0.101652191
35.32	0.096409868
35.34	0.055408824
35.36	0.009311101
35.38	-0.022271473
35.4	-0.014190505
35.42	-0.007611892
35.44	0.01105904
35.46	0.016856983
35.48	0.030065076
35.5	0.016345784
35.52	0.035528597
35.54	0.024833744
35.56	0.026181771
35.58	0.027754329
35.6	0.024815653
35.62	0.045571867
35.64	0.033167937
35.66	0.009831669
35.68	-0.011420061
35.7	-0.050299603
35.72	-0.027417219
35.74	0.006910262
35.76	0.040111461
35.78	0.051999389
35.8	0.050476902
35.82	0.107120537
35.84	0.102998531
35.86	0.093180217
35.88	0.07320344
35.9	0.060072941
35.92	0.044087864
35.94	0.037493398
35.96	0.032696108
35.98	0.028849602
36	0.012975973
36.02	0.030761671
36.04	0.033275422
36.06	0.069223259
36.08	0.100844457
36.1	0.127296242
36.12	0.103605978
36.14	0.09295639
36.16	0.077489833
36.18	0.076456935
36.2	0.053316824
36.22	-0.012248472
36.24	-0.057672498
36.26	-0.066612138
36.28	-0.06341153
36.3	-0.055762559
36.32	-0.065848785
36.34	-0.074540993
36.36	-0.060323407
36.38	-0.035950314
36.4	-0.014053732
36.42	-0.037179994
36.44	-0.070461705
36.46	-0.10094496
36.48	-0.102081625
36.5	-0.109836683
36.52	-0.121232625
36.54	-0.144287716
36.56	-0.164914411
36.58	-0.157780799
36.6	-0.140471359
36.62	-0.103292498
36.64	-0.064184769
36.66	-0.018854233
36.68	0.057668499
36.7	0.065710629
36.72	0.092452923
36.74	0.09849903
36.76	0.094852185
36.78	0.077000725
36.8	0.047084631
36.82	0.047454162
36.84	0.060249737
36.86	0.077815379
36.88	0.080750404
36.9	0.05100829
36.92	0.020392998
36.94	-0.018694477
36.96	-0.034916289
36.98	-0.031958074
37	-0.022785416
37.02	-0.003471216
37.04	0.024612578
37.06	0.048054516
37.08	0.052419535
37.1	0.031270002
37.12	-0.002294093
37.14	-0.012897284
37.16	-0.013590707
37.18	-0.011013606
37.2	0.010268091
37.22	0.027109653
37.24	0.022003197
37.26	0.029497027
37.28	0.044071928
37.3	0.059220363
37.32	0.043311555
37.34	0.032370787
37.36	0.051714268
37.38	0.055934579
37.4	0.095680805
37.42	0.078668179
37.44	0.042102255
37.46	0.009317043
37.48	-0.000769076
37.5	-0.016600332
37.52	-0.019864548
37.54	-0.027386209
37.56	-0.033422722
37.58	-0.037119517
37.6	-0.030887856
37.62	-0.052915046
37.64	-0.081001247
37.66	-0.093269614
37.68	-0.085603421
37.7	-0.072991832
37.72	-0.056750083
37.74	-0.069862035
37.76	-0.09359677
37.78	-0.143762855
37.8	-0.165571604
37.82	-0.166374583
37.84	-0.133151207
37.86	-0.109926663
37.88	-0.06991873
37.9	-0.091270004
37.92	-0.033574804
37.94	-0.006249785
37.96	-0.026231406
37.98	-0.026324371
38	-0.031760504
38.02	-0.045771778
38.04	-0.035668311
38.06	-0.024745177
38.08	-0.033806943
38.1	-0.045396393
38.12	-0.038058233
38.14	0.039187385
38.16	0.039272975
38.18	0.042848706
38.2	0.054794379
38.22	0.076644264
38.24	0.090991627
38.26	0.101310391
38.28	0.105459714
38.3	0.105362649
38.32	0.099639271
38.34	0.10193826
38.36	0.09279992
38.38	0.067305427
38.4	0.035207256
38.42	-0.01622207
38.44	-0.055145123
38.46	-0.059068454
38.48	-0.061464516
38.5	-0.045191383
38.52	-0.055045552
38.54	-0.053058714
38.56	-0.057218809
38.58	-0.058548668
38.6	-0.0549549
38.62	-0.039325585
38.64	-0.036503289
38.66	-0.012882241
38.68	0.007281328
38.7	0.019556419
38.72	0.00665725
38.74	0.000454819
38.76	-0.001784816
38.78	-0.005043664
38.8	0.017684769
38.82	0.049272084
38.84	0.040675554
38.86	0.055518272
38.88	0.007698468
38.9	-0.054438436
38.92	-0.06289601
38.94	-0.073933539
38.96	-0.073251506
38.98	-0.058454899
39	-0.046298237
39.02	-0.028123403
39.04	-0.016340431
39.06	-0.045386318
39.08	-0.07621787
39.1	-0.107564289
39.12	-0.105055144
39.14	-0.073210821
39.16	-0.051036228
39.18	-0.026392492
39.2	-0.022204728
39.22	-0.012935287
39.24	-0.001755407
39.26	0.002584633
39.28	-0.005294792
39.3	-0.011950036
39.32	-0.017048455
39.34	0.001983488
39.36	0.040292829
39.38	0.085165581
39.4	0.109519283
39.42	0.14471679
39.44	0.170558531
39.46	0.146473881
39.48	0.22996189
39.5	0.115780309
39.52	0.061035312
39.54	-0.037521667
39.56	-0.035177778
39.58	0.009098455
39.6	0.037839495
39.62	0.051940142
39.64	0.093607781
39.66	0.104420337
39.68	0.120425485
39.7	0.100277173
39.72	0.06513946
39.74	0.050175008
39.76	0.041356652
39.78	0.112851482
39.8	0.162058755
39.82	0.157206031
39.84	0.134817866
39.86	0.083116287
39.88	0.05642773
39.9	0.043550451
39.92	0.045533592
39.94	-0.00224268
39.96	-0.001135073
39.98	-0.011172705
40	-0.024720043
40.02	-0.044368597
40.04	-0.062547247
40.06	-0.077763413
40.08	-0.063624185
40.1	-0.072602841
40.12	-0.058938301
40.14	-0.055276839
40.16	-0.045673536
40.18	-0.036335797
40.2	-0.024158432
40.22	-0.006071916
40.24	0.002787261
40.26	-0.001430968
40.28	-0.002573469
40.3	-0.001589677
40.32	0.006049812
40.34	0.013542265
40.36	0.010834416
40.38	-0.012333703
40.4	-0.040113207
40.42	-0.046533325
40.44	-0.031519449
40.46	-0.013023825
40.48	-0.005020519
40.5	-0.01655859
40.52	-0.023778358
40.54	-0.031824131
40.56	-0.036002299
40.58	-0.040424844
40.6	-0.016938115
40.62	0.030277969
40.64	0.098304119
40.66	0.142227521
40.68	0.139822253
40.7	0.139946367
40.72	0.1239115
40.74	0.13438584
40.76	0.148412847
40.78	0.153217195
40.8	0.154011604
40.82	0.150198794
40.84	0.15523081
40.86	0.159596579
40.88	0.154030252
40.9	0.12787777
40.92	-0.010802521
40.94	-0.066568528
40.96	-0.105017879
40.98	-0.090116521
41	-0.043718283
41.02	-0.001771928
41.04	0.031228229
41.06	0.065568132
41.08	0.064745053
41.1	0.021511925
41.12	-0.009010396
41.14	-0.073086176
41.16	-0.109068582
41.18	-0.092553501
41.2	-0.030835535
41.22	0.027408469
41.24	0.068018702
41.26	0.080450565
41.28	0.090887937
41.3	0.080087028
41.32	0.086749385
41.34	0.075665415
41.36	0.055686156
41.38	0.043569507
41.4	0.021342648
41.42	-0.039787399
41.44	-0.087185202
41.46	-0.153985433
41.48	-0.17859379
41.5	-0.195350888
41.52	-0.221735
41.54	-0.168596868
41.56	-0.19654597
41.58	-0.149141922
41.6	-0.111043554
41.62	-0.092940103
41.64	-0.071405327
41.66	-0.069662877
41.68	-0.078831662
41.7	-0.079191404
41.72	-0.083024898
41.74	-0.065730815
41.76	-0.053769301
41.78	-0.049030633
41.8	-0.062526581
41.82	-0.07892036
41.84	-0.06805473
41.86	-0.04911753
41.88	-0.010534318
41.9	0.045669231
41.92	0.10055395
41.94	0.134253362
41.96	0.142436125
41.98	0.125732308
42	0.096933505
42.02	0.057645477
42.04	0.014494733
42.06	-0.009832027
42.08	-0.023142344
42.1	-0.002563801
42.12	0.01376022
42.14	0.014307593
42.16	0.022218776
42.18	0.044743763
42.2	0.069326271
42.22	0.076080955
42.24	0.073828659
42.26	0.061820515
42.28	0.045735846
42.3	0.024518325
42.32	0.002740852
42.34	-0.063002724
42.36	-0.060291571
42.38	-0.085502881
42.4	-0.099785326
42.42	-0.111989096
42.44	-0.104939279
42.46	-0.093106159
42.48	-0.083830385
42.5	-0.076387832
42.52	-0.060374179
42.54	-0.049473533
42.56	-0.060124574
42.58	-0.074896007
42.6	-0.080965752
42.62	-0.09430576
42.64	-0.105256939
42.66	-0.088642662
42.68	-0.064007645
42.7	-0.02656518
42.72	-0.015729986
42.74	-0.018173018
42.76	-0.01073721
42.78	-0.013801438
42.8	-0.009480201
42.82	-0.006052414
42.84	-0.005934357
42.86	-0.040173943
42.88	-0.085580787
42.9	-0.123470492
42.92	-0.139173119
42.94	-0.151517813
42.96	-0.151453323
42.98	-0.145403545
43	-0.105823053
43.02	-0.095542788
43.04	-0.030317041
43.06	0.004393894
43.08	0.014624093
43.1	0.009840034
43.12	-0.00268685
43.14	-0.009496648
43.16	-0.009851318
43.18	0.000937583
43.2	0.009241117
43.22	0.015020849
43.24	0.034014626
43.26	0.049941306
43.28	0.067133074
43.3	0.081332451
43.32	0.098447239
43.34	0.115600185
43.36	0.134982845
43.38	0.14505118
43.4	0.131942307
43.42	0.109378279
43.44	0.056243794
43.46	0.002704851
43.48	-0.023961977
43.5	-0.030772544
43.52	-0.030850607
43.54	-0.032678347
43.56	-0.033448103
43.58	-0.013542949
43.6	-0.00159338
43.62	0.025642657
43.64	0.048217614
43.66	0.063341898
43.68	0.076887767
43.7	0.087163154
43.72	0.083862878
43.74	0.074676451
43.76	0.046664828
43.78	0.046891742
43.8	0.032601647
43.82	0.033816267
43.84	0.015186164
43.86	-0.019848485
43.88	-0.036576418
43.9	-0.069685657
43.92	-0.061643994
43.94	-0.054843509
43.96	-0.046982087
43.98	-0.04054727
44	-0.039376714
44.02	-0.036176676
44.04	-0.040308442
44.06	-0.048842554
44.08	-0.047661363
44.1	-0.057775134
44.12	-0.045241744
44.14	-0.028840898
44.16	-0.005430055
44.18	0.011851506
44.2	0.015139784
44.22	-0.000230797
44.24	-0.013692929
44.26	-0.012471695
44.28	-0.026528193
44.3	-0.025460456
44.32	-0.041226998
44.34	-0.046985432
44.36	-0.049632398
44.38	-0.054214411
44.4	-0.049808656
44.42	-0.044610915
44.44	-0.038007591
44.46	-0.020995292
44.48	-0.000972832
44.5	0.01872109
44.52	0.018274021
44.54	0.001585643
44.56	-0.003069425
44.58	0.008372086
44.6	0.042305755
44.62	0.053961654
44.64	0.068655619
44.66	0.078432481
44.68	0.089184527
44.7	0.083171568
44.72	0.077562881
44.74	0.069387395
44.76	0.080359056
44.78	0.081721434
44.8	0.080795204
44.82	0.074432366
44.84	0.061887695
44.86	0.044327004
44.88	0.030086076
44.9	-0.007186267
44.92	-0.008330488
44.94	-0.029765514
44.96	-0.02888902
44.98	-0.02728161
45	-0.019061101
45.02	-0.015969934
45.04	-0.001188743
45.06	-0.001425733
45.08	0.017312208
45.1	0.020757878
45.12	0.029080163
45.14	0.03783287
45.16	0.038699443
45.18	0.034362251
45.2	0.033275793
45.22	0.027922
45.24	0.01859771
45.26	0.010397997
45.28	0.007408709
45.3	0.00857285
45.32	0.008799151
45.34	-0.027989447
45.36	-0.062250592
45.38	-0.0874443
45.4	-0.090318417
45.42	-0.094414025
45.44	-0.090404386
45.46	-0.096441048
45.48	-0.100307296
45.5	-0.098056557
45.52	-0.079903644
45.54	-0.099112288
45.56	-0.072834202
45.58	-0.046845893
45.6	-0.03143339
45.62	-0.006064688
45.64	0.03253659
45.66	0.018829992
45.68	0.017115259
45.7	0.014766506
45.72	0.007900314
45.74	-0.020413234
45.76	-0.032853388
45.78	-0.021299811
45.8	-0.02866041
45.82	-0.026106841
45.84	-0.025077565
45.86	-0.020019684
45.88	-0.005321828
45.9	0.008449128
45.92	0.0085846
45.94	0.027402516
45.96	0.018646346
45.98	0.037195306
46	0.037286432
46.02	0.025820721
46.04	0.028199155
46.06	0.026784204
46.08	0.030535306
46.1	0.040167079
46.12	0.06842072
46.14	0.076360044
46.16	0.076086311
46.18	0.068167695
46.2	0.072300527
46.22	0.075327314
46.24	0.070889421
46.26	0.05801793
46.28	0.053461951
46.3	0.048100402
46.32	0.034573322
46.34	0.012105162
46.36	-0.027211006
46.38	-0.055603841
46.4	-0.045188807
46.42	-0.032329848
46.44	-0.000684843
46.46	0.015321814
46.48	0.001075183
46.5	-0.00938123
46.52	-0.012939167
46.54	-0.021973821
46.56	-0.037570458
46.58	-0.04467288
46.6	-0.039561665
46.62	-0.033781584
46.64	-0.019341014
46.66	0.002655317
46.68	0.008203573
46.7	0.004185673
46.72	0.006891278
46.74	0.026931259
46.76	0.02147966
46.78	0.031464249
46.8	0.019899562
46.82	0.013425802
46.84	-0.027572245
46.86	-0.046137278
46.88	-0.054096375
46.9	-0.058804461
46.92	-0.064531512
46.94	-0.071987148
46.96	-0.064843214
46.98	-0.04578434
47	-0.033773457
47.02	-0.015147734
47.04	0.009562887
47.06	0.036819021
47.08	0.052780463
47.1	0.059976819
47.12	0.06328262
47.14	0.057229345
47.16	0.059842242
47.18	0.059643287
47.2	0.065110149
47.22	0.072368168
47.24	0.072775847
47.26	0.085437892
47.28	0.093287087
47.3	0.081655068
47.32	0.085130889
47.34	0.069257009
47.36	0.07123761
47.38	0.091999809
47.4	0.086405573
47.42	0.071841319
47.44	0.047851734
47.46	0.034322703
47.48	0.024762898
47.5	0.037829215
47.52	0.040669477
47.54	0.059096108
47.56	0.059098705
47.58	0.040356791
47.6	0.034844678
47.62	0.032503447
47.64	0.023274726
47.66	0.005873845
47.68	-0.00498637
47.7	0.003291483
47.72	0.015715173
47.74	0.019325928
47.76	-0.000870348
47.78	-0.011949646
47.8	-0.019004827
47.82	-0.026351294
47.84	-0.030552252
47.86	-0.032229107
47.88	-0.039759443
47.9	-0.037116014
47.92	-0.037338857
47.94	-0.034837975
47.96	-0.032945811
47.98	-0.035624103
48	-0.045543224
48.02	-0.042299448
48.04	-0.031396598
48.06	-0.01546666
48.08	-0.015159681
48.1	-0.019465622
48.12	-0.02713503
48.14	-0.023247356
48.16	-0.020803348
48.18	-0.019373394
48.2	-0.024268321
48.22	-0.020931524
48.24	-0.013944154
48.26	-0.005633649
48.28	-0.013373951
48.3	-0.023276802
48.32	-0.034683115
48.34	-0.033235334
48.36	-0.025826623
48.38	-0.015725695
48.4	-0.007595007
48.42	0.001162265
48.44	-0.005135158
48.46	-0.011616009
48.48	-0.005796115
48.5	0.008982391
48.52	0.011878845
48.54	0.019381117
48.56	0.032415421
48.58	0.051149281
48.6	0.067922352
48.62	0.080542808
48.64	0.079280632
48.66	0.066257764
48.68	0.05727019
48.7	0.051049565
48.72	0.037140168
48.74	0.017891651
48.76	-0.020345622
48.78	-0.018226757
48.8	-0.001337669
48.82	0.006485735
48.84	0.002694174
48.86	-0.006354648
48.88	-0.012134708
48.9	-7.28215E-05
48.92	-0.001903785
48.94	-0.000141723
48.96	-0.009752838
48.98	-0.031475997
49	-0.039517555
49.02	-0.037864921
49.04	-0.042642401
49.06	-0.046502355
49.08	-0.046631946
49.1	-0.037603998
49.12	-0.0267945
49.14	-0.017541863
49.16	-0.008975294
49.18	-0.009179975
49.2	-0.01170984
49.22	-0.006660468
49.24	-0.004248032
49.26	-0.009670786
49.28	-0.021141925
49.3	-0.037667919
49.32	-0.047908521
49.34	-0.044831578
49.36	-0.038593893
49.38	-0.045866397
49.4	-0.052881541
49.42	-0.049905615
49.44	-0.043719443
49.46	-0.035867218
49.48	-0.020440021
49.5	-0.007427278
49.52	-0.002324227
49.54	-0.008447352
49.56	-0.012445869
49.58	-0.01099646
49.6	-0.015221274
49.62	-0.020014081
49.64	-0.022791565
49.66	-0.020118028
49.68	-0.00287426
49.7	-0.00265287
49.72	-0.002168561
49.74	-0.001070703
49.76	-0.009802707
49.78	-0.01027826
49.8	-0.003051271
49.82	0.003807361
49.84	0.002161865
49.86	0.017001716
49.88	0.025560762
49.9	0.014397102
49.92	0.02144948
49.94	0.032887419
49.96	0.051349495
49.98	0.052075201
50	0.053390409
50.02	0.054844232
50.04	0.05577121
50.06	0.050805495
50.08	0.031080579
50.1	0.016799308
50.12	0.012681306
50.14	0.001887841
50.16	-0.016330073
50.18	-0.030414603
50.2	-0.040399258
50.22	-0.049178632
50.24	-0.038907976
50.26	-0.022799202
50.28	-0.012616798
50.3	-0.007485295
50.32	-0.001082086
50.34	0.012491055
50.36	0.00419603
50.38	-0.003543511
50.4	-0.018058435
50.42	-0.032430922
50.44	-0.033444066
50.46	-0.039402749
50.48	-0.034161012
50.5	-0.034561812
50.52	-0.029993139
50.54	-0.023604976
50.56	-0.018278559
50.58	-0.016219386
50.6	-0.01327772
50.62	-0.005975432
50.64	0.005979261
50.66	0.022281361
50.68	0.028691399
50.7	0.019835935
50.72	-0.003665048
50.74	-0.030576951
50.76	-0.041218299
50.78	-0.024314798
50.8	-0.015407486
50.82	-0.019655409
50.84	-0.025227315
50.86	-0.029469815
50.88	-0.02706364
50.9	-0.02515216
50.92	-0.020398585
50.94	-0.014730537
50.96	-0.003925834
50.98	0.013933944
51	0.026880887
51.02	0.015767814
51.04	0.003293304
51.06	-0.002313763
51.08	-0.0012598
51.1	0.000600585
51.12	0.008449454
51.14	0.015516392
51.16	0.024125863
51.18	0.028638465
51.2	0.034536468
51.22	0.03541631
51.24	0.04881546
51.26	0.050864588
51.28	0.049033352
51.3	0.038612742
51.32	0.035279144
51.34	0.031236264
51.36	0.028613419
51.38	0.027107063
51.4	0.03134181
51.42	0.023858247
51.44	0.039317584
51.46	0.035308921
51.48	0.017201202
51.5	0.000733525
51.52	-0.017059
51.54	-0.027865117
51.56	-0.020766538
51.58	-0.024213637
51.6	-0.044655275
51.62	-0.056119138
51.64	-0.053103006
51.66	-0.047493388
51.68	-0.040770812
51.7	-0.043180155
51.72	-0.030482947
51.74	-0.013913846
51.76	0.00582358
51.78	0.013377781
51.8	0.00525786
51.82	-0.023844301
51.84	-0.019294853
51.86	-0.04433012
51.88	-0.036100705
51.9	-0.032343613
51.92	-0.02514679
51.94	-0.026869869
51.96	-0.030827631
51.98	-0.024038596
52	-0.027519574
52.02	-0.034244422
52.04	-0.041698883
52.06	-0.036849229
52.08	-0.026009834
52.1	-0.022959487
52.12	-0.031484462
52.14	-0.036663292
52.16	-0.048785448
52.18	-0.056888391
52.2	-0.057136333
52.22	-0.034406415
52.24	-0.043514784
52.26	-0.029426836
52.28	-0.027342885
52.3	-0.021869223
52.32	-0.016526966
52.34	-0.003636762
52.36	-0.002590349
52.38	-0.000837277
52.4	0.010579702
52.42	0.023794814
52.44	0.041300435
52.46	0.042262755
52.48	0.034856288
52.5	0.024267753
52.52	0.025760191
52.54	0.030040627
52.56	0.039152618
52.58	0.038553932
52.6	0.050479713
52.62	0.066359667
52.64	0.082847804
52.66	0.082728753
52.68	0.076526862
52.7	0.06528733
52.72	0.057614886
52.74	0.045733554
52.76	0.034297964
52.78	0.026431829
52.8	0.016836739
52.82	0.010541509
52.84	0.006333537
52.86	0.013542683
52.88	0.013185278
52.9	0.01615158
52.92	0.014565407
52.94	0.011553077
52.96	0.00458346
52.98	0.0083336
53	0.003129086
53.02	-0.010952354
53.04	-0.014768654
53.06	-0.018304636
53.08	-0.010864404
53.1	-0.008930584
53.12	-0.004030207
53.14	-0.004563
53.16	0.003138227
53.18	0.001308321
53.2	0.005791496
53.22	0.002795381
53.24	0.007446739
53.26	0.004633304
53.28	0.016500478
53.3	0.025037813
53.32	0.027278057
53.34	0.021337688
53.36	0.016479443
53.38	0.014877457
53.4	0.022746022
53.42	0.013269935
53.44	0.007130508
53.46	-0.009090626
53.48	-0.012099786
53.5	-0.016871546
53.52	-0.017754074
53.54	-0.01497251
53.56	-0.015495682
53.58	-0.022049357
53.6	-0.015682267
53.62	-0.010222616
53.64	0.001681924
53.66	0.0094552
53.68	0.021530098
53.7	0.032034526
53.72	0.049076335
53.74	0.065895234
53.76	0.073175529
53.78	0.066685203
53.8	0.062227458
53.82	0.05891447
53.84	0.063173997
53.86	0.058647659
53.88	0.060015941
53.9	0.053203207
53.92	0.046916385
53.94	0.03247101
53.96	0.02408209
53.98	0.005111101
54	-0.01421303
54.02	-0.014473476
54.04	-0.00277193
54.06	-0.001696167
54.08	0.007315987
54.1	-0.002889182
54.12	-0.010888049
54.14	-0.025083568
54.16	-0.02603102
54.18	-0.023049363
54.2	-0.024391255
54.22	-0.032541645
54.24	-0.019290624
54.26	-0.006871856
54.28	0.001402329
54.3	-0.002689004
54.32	-0.003505782
54.34	-0.008763651
54.36	-0.002349712
54.38	-0.002426567
54.4	-0.00156913
54.42	-0.004139143
54.44	-0.011504437
54.46	-0.014828089
54.48	-0.012089416
54.5	-0.004516476
54.52	-0.000717358
54.54	-0.009265683
54.56	-0.016305627
54.58	-0.019692284
54.6	-0.020670839
54.62	-0.029222073
54.64	-0.038166159
54.66	-0.039023074
54.68	-0.02381641
54.7	-0.003589656
54.72	0.00351625
54.74	-0.003755225
54.76	-0.013032002
54.78	-0.017195941
54.8	-0.020640929
54.82	-0.014976435
54.84	-0.005347714
54.86	0.001558234
54.88	0.001794045
54.9	0.012064395
54.92	0.013780009
54.94	-0.010282928
54.96	-0.010911097
54.98	-0.028153633
55	-0.013741009
55.02	-0.019632579
55.04	-0.020763012
55.06	0.006880887
55.08	0.025026963
55.1	0.017629845
55.12	0.017457299
55.14	0.019939818
55.16	0.031691258
55.18	0.02719195
55.2	0.027426795
55.22	0.024718648
55.24	0.018234821
55.26	0.005195094
55.28	-0.007081151
55.3	-0.018521509
55.32	-0.015948136
55.34	-0.022586362
55.36	-0.01584499
55.38	-0.017081483
55.4	-0.020547304
55.42	-0.044956718
55.44	-0.041630447
55.46	-0.039655608
55.48	-0.035617351
55.5	-0.033377255
55.52	-0.027553321
55.54	-0.036933206
55.56	-0.043744431
55.58	-0.0493096
55.6	-0.047525022
55.62	-0.048620523
55.64	-0.040595412
55.66	-0.03090367
55.68	-0.025739413
55.7	-0.019116659
55.72	-0.009033396
55.74	-0.005205676
55.76	-0.007351807
55.78	-0.002506487
55.8	0.006722327
55.82	0.010775037
55.84	0.006107904
55.86	-0.013417519
55.88	-0.036440009
55.9	-0.045024609
55.92	-0.049024902
55.94	-0.04279664
55.96	-0.043065432
55.98	-0.044562736
56	-0.047914261
56.02	-0.052807427
56.04	-0.052459884
56.06	-0.043712333
56.08	-0.049341671
56.1	-0.045791723
56.12	-0.037829454
56.14	-0.026419494
56.16	-0.022645425
56.18	-0.023626164
56.2	-0.025715959
56.22	-0.024980556
56.24	-0.017646601
56.26	-0.008368195
56.28	0.006184266
56.3	0.018749304
56.32	0.02988625
56.34	0.030401599
56.36	0.03033079
56.38	0.02855202
56.4	0.025429001
56.42	0.036224376
56.44	0.041559753
56.46	0.040907015
56.48	0.040650865
56.5	0.032527971
56.52	0.030377496
56.54	0.017453642
56.56	0.011241445
56.58	0.011693017
56.6	0.013665836
56.62	0.018064924
56.64	0.022307896
56.66	0.028650398
56.68	0.027570103
56.7	0.027660493
56.72	0.023203626
56.74	0.014915039
56.76	0.000295551
56.78	-0.006364397
56.8	-0.006759039
56.82	-0.001212042
56.84	-0.000461359
56.86	-0.00501896
56.88	-0.013736463
56.9	-0.006085156
56.92	-0.002187503
56.94	0.003869036
56.96	0.007272584
56.98	0.003654647
57	0.004737346
57.02	0.007535731
57.04	0.011599662
57.06	0.014619767
57.08	0.01399922
57.1	0.009924744
57.12	0.00091496
57.14	0.007745456
57.16	0.010050841
57.18	0.018284206
57.2	0.018301271
57.22	0.043604414
57.24	0.051494217
57.26	0.065503907
57.28	0.059837404
57.3	0.056500547
57.32	0.038399499
57.34	0.015342391
57.36	0.015808823
57.38	0.003305678
57.4	-0.014484686
57.42	-0.01983104
57.44	-0.024168096
57.46	-0.028364696
57.48	-0.02487057
57.5	-0.027454674
57.52	-0.014134539
57.54	-0.001600582
57.56	0.004957413
57.58	0.011638389
57.6	0.007430348
57.62	0.005746714
57.64	0.010229443
57.66	0.010299539
57.68	0.017792366
57.7	0.009092587
57.72	0.006025068
57.74	-0.0100377
57.76	-0.014279644
57.78	-0.005334741
57.8	0.012181703
57.82	0.016682543
57.84	0.02441722
57.86	0.034185811
57.88	0.039128097
57.9	0.035182074
57.92	0.028170078
57.94	0.019495578
57.96	0.010782503
57.98	0.008575832
58	0.008795702
58.02	0.009245245
58.04	0.009416451
58.06	0.008796746
58.08	0.010122988
58.1	0.007116692
58.12	0.001330943
58.14	0.004302639
58.16	0.004047931
58.18	0.004042363
58.2	0.002521583
58.22	-0.001824843
58.24	-0.007158051
58.26	-0.008472676
58.28	-0.009909223
58.3	-0.01683848
58.32	-0.023465186
58.34	-0.025145886
58.36	-0.015979572
58.38	-0.006597143
58.4	-0.003269709
58.42	0.001032816
58.44	0.016927289
58.46	0.011416728
58.48	0.015553967
58.5	0.007746293
58.52	0.000468743
58.54	-0.005882148
58.56	-0.015878851
58.58	-0.013927158
58.6	-0.012569316
58.62	0.001626313
58.64	0.001927662
58.66	0.013094445
58.68	0.025184164
58.7	0.029467438
58.72	0.037354794
58.74	0.030740125
58.76	0.02115871
58.78	0.010641285
58.8	-0.001775287
58.82	-0.003113957
58.84	-0.012871766
58.86	-0.025350512
58.88	-0.031657083
58.9	-0.019763376
58.92	-0.034774881
58.94	-0.033480054
58.96	-0.039216325
58.98	-0.034318888
59	-0.023074147
59.02	-0.009153681
59.04	-0.002175115
59.06	0.009607397
59.08	0.010461614
59.1	0.00789627
59.12	0.006506111
59.14	-0.003626478
59.16	-0.017643464
59.18	-0.017449163
59.2	-0.01134625
59.22	-0.002457236
59.24	0.00660151
59.26	0.009948881
59.28	0.01864066
59.3	0.025700076
59.32	0.021705665
59.34	0.008060968
59.36	0.00260773
59.38	-0.005631524
59.4	-0.009733457
59.42	-0.015573898
59.44	-0.018166461
59.46	-0.016870642
59.48	-0.024760297
59.5	-0.022593256
59.52	-0.023671393
59.54	-0.01778398
59.56	-0.004939741
59.58	0.002439226
59.6	0.004829538
59.62	0.010764446
59.64	0.00983662
59.66	0.004317721
59.68	-0.00916337
59.7	-0.010773975
59.72	0.000620908
59.74	0.004468972
59.76	-0.002483692
59.78	-0.007238593
59.8	-0.013791381
59.82	-0.017744487
59.84	-0.018275254
59.86	-0.019436404
59.88	-0.019929359
59.9	-0.007984096
59.92	-0.005242325
59.94	-0.005852397
59.96	-0.007204401
59.98	-0.007689907
60	-0.013676054
60.02	-0.01492949
60.04	-0.011516169
60.06	-0.01314208
60.08	-0.009176714
60.1	-0.011964756
60.12	-0.010027565
60.14	-0.003912106
60.16	-0.004080493
60.18	-0.00192488
60.2	0.00030173
60.22	-0.003286632
60.24	-0.005676524
60.26	-0.003506222
60.28	0.006170658
60.3	0.014168143
60.32	0.020844679
60.34	0.025146381
60.36	0.021564674
60.38	0.013280302
60.4	0.000106925
60.42	-0.005813908
60.44	-0.001922625
60.46	-0.002088825
60.48	-0.003194782
60.5	-0.002695908
60.52	-0.00301335
60.54	-0.001781239
60.56	0.001571678
60.58	0.002400569
60.6	0.006699563
60.62	0.008415653
60.64	0.010035898
60.66	0.011158062
60.68	0.023972057
60.7	0.019369904
60.72	0.013424041
60.74	0.005209227
60.76	0.002370326
60.78	-0.000619188
60.8	0.001135953
60.82	0.006723197
60.84	0.009783191
60.86	0.00800957
60.88	0.010404981
60.9	0.009428174
60.92	0.009684461
60.94	0.009739231
60.96	0.015371363
60.98	0.020406726
61	0.028041658
61.02	0.033012837
61.04	0.034568442
61.06	0.023954892
61.08	0.015475158
61.1	0.004234774
61.12	0.006174763
61.14	0.007470724
61.16	0.016226176
61.18	0.021868439
61.2	0.022256012
61.22	0.016017608
61.24	0.00410169
61.26	-0.003632517
61.28	-0.008053417
61.3	-0.00843852
61.32	-0.01777757
61.34	-0.031562338
61.36	-0.015112989
61.38	-0.009663246
61.4	-0.011621782
61.42	-0.013213547
61.44	-0.010643819
61.46	-0.014313659
61.48	-0.010352984
61.5	-0.010126574
61.52	0.00092397
61.54	0.015129646
61.56	0.03816076
61.58	0.02976747
61.6	0.032027512
61.62	0.034696362
61.64	0.034915637
61.66	0.030421707
61.68	0.028633412
61.7	0.025580892
61.72	0.029985751
61.74	0.03453418
61.76	0.03334502
61.78	0.027910523
61.8	0.02488097
61.82	0.019394979
61.84	0.017989551
61.86	0.01479618
61.88	0.013429452
61.9	0.005259898
61.92	-0.002956266
61.94	-0.007455058
61.96	-0.013230787
61.98	-0.022477495
62	-0.025231291
62.02	-0.028584128
62.04	-0.036299866
62.06	-0.034171329
62.08	-0.024892343
62.1	-0.014395344
62.12	-0.005059967
62.14	-0.005227997
62.16	-0.002912376
62.18	0.002730927
62.2	0.021311394
62.22	0.020263224
62.24	0.020271863
62.26	0.014806128
62.28	0.011886135
62.3	0.010207406
62.32	0.008765929
62.34	0.000865116
62.36	0.002542098
62.38	0.008253503
62.4	0.021049419
62.42	0.030373387
62.44	0.039663648
62.46	0.043475013
62.48	0.04041515
62.5	0.025102173
62.52	0.010455597
62.54	-0.003083026
62.56	-0.010356154
62.58	-0.014084449
62.6	-0.003372144
62.62	-0.002422456
62.64	0.010885694
62.66	0.012432154
62.68	0.01293543
62.7	0.007348479
62.72	0.003383798
62.74	-0.001006402
62.76	-0.004708437
62.78	-0.010114832
62.8	0.005737499
62.82	0.012750506
62.84	0.002258633
62.86	-0.011122716
62.88	-0.020939997
62.9	-0.034595928
62.92	-0.031067588
62.94	-0.022949883
62.96	-0.012546804
62.98	0.002294311
63	0.017514938
63.02	0.031563227
63.04	0.037194773
63.06	0.034855571
63.08	0.03267233
63.1	0.021367663
63.12	0.012750563
63.14	0.009172705
63.16	0.000796556
63.18	-0.003316102
63.2	-0.007302652
63.22	-0.010749072
63.24	-0.014482922
63.26	-0.020214011
63.28	-0.020832831
63.3	-0.022018131
63.32	-0.019215835
63.34	-0.025946013
63.36	-0.025938512
63.38	-0.029127941
63.4	-0.04861562
63.42	-0.056878982
63.44	-0.070399306
63.46	-0.071271536
63.48	-0.067600265
63.5	-0.059136804
63.52	-0.056482823
63.54	-0.043725517
63.56	-0.035783171
63.58	-0.026194246
63.6	-0.022904782
63.62	-0.011471321
63.64	0.014484201
63.66	0.005791165
63.68	0.005397407
63.7	0.009037152
63.72	0.009493036
63.74	0.005048207
63.76	0.005666624
63.78	-0.004727913
63.8	-0.002797191
63.82	-0.003756174
63.84	0.001600849
63.86	-0.00115588
63.88	0.001490704
63.9	0.010934519
63.92	0.009786141
63.94	0.003787619
63.96	0.001008745
63.98	-0.011024713
64	-0.025921524
64.02	-0.032111415
64.04	-0.030772935
64.06	-0.038095469
64.08	-0.040303202
64.1	-0.034938068
64.12	-0.027446015
64.14	-0.024026607
64.16	-0.017095592
64.18	-0.014285392
64.2	-0.004408325
64.22	0.004083553
64.24	0.00407389
64.26	0.007932327
64.28	0.010324241
64.3	0.000624487
64.32	-0.011836348
64.34	-0.025071837
64.36	-0.047153628
64.38	-0.046156823
64.4	-0.038123537
64.42	-0.031036907
64.44	-0.01965934
64.46	-0.002047841
64.48	0.002570756
64.5	0.000893382
64.52	-0.002617792
64.54	-0.005391113
64.56	-0.002708853
64.58	-0.000376818
64.6	-0.000997741
64.62	-0.003118202
64.64	-0.004443587
64.66	-0.007914807
64.68	-0.017652124
64.7	-0.028234766
64.72	-0.030461084
64.74	-0.040842098
64.76	-0.037512382
64.78	-0.03816511
64.8	-0.031810551
64.82	-0.029348033
64.84	-0.026344817
64.86	-0.019853407
64.88	-0.023801177
64.9	-0.019474581
64.92	-0.015684242
64.94	-0.013261301
64.96	-0.011717925
64.98	-0.007625511
65	0.000620389
65.02	0.00303741
65.04	0.011454428
65.06	0.008976758
65.08	0.012297578
65.1	0.017450853
65.12	0.021663908
65.14	0.012560199
65.16	0.026874801
65.18	0.030526107
65.2	0.026957339
65.22	0.016205165
65.24	0.005370384
65.26	-0.008871929
65.28	-0.014552621
65.3	-0.012940516
65.32	-0.007978684
65.34	-0.00749931
65.36	-0.006802752
65.38	-0.006563898
65.4	-0.008868704
65.42	-0.023808376
65.44	-0.026284714
65.46	-0.03552389
65.48	-0.036879425
65.5	-0.030189836
65.52	-0.021619936
65.54	-0.004474735
65.56	-0.005384451
65.58	-0.001342946
65.6	-0.001354003
65.62	-0.0072836
65.64	0.000879734
65.66	0.006810918
65.68	0.01471398
65.7	0.020130114
65.72	0.025772241
65.74	0.02771845
65.76	0.026764432
65.78	0.021421142
65.8	0.009399558
65.82	-0.006038771
65.84	-0.002363664
65.86	-0.001603109
65.88	-0.003531595
65.9	-0.002564425
65.92	-0.001881996
65.94	-0.004124126
65.96	-0.000480331
65.98	-0.003121537
66	0.00382922
66.02	0.003418863
66.04	0.010018481
66.06	0.013301521
66.08	0.015410738
66.1	0.028479883
66.12	0.040312582
66.14	0.031950564
66.16	0.025953019
66.18	0.028057457
66.2	0.037218206
66.22	0.039501964
66.24	0.032832578
66.26	0.019844188
66.28	0.009877207
66.3	0.015190539
66.32	0.019835331
66.34	0.024648754
66.36	0.022989883
66.38	0.015401152
66.4	0.013410256
66.42	0.013570509
66.44	0.018418652
66.46	0.022752229
66.48	0.024811694
66.5	0.026947651
66.52	0.019499992
66.54	0.016631126
66.56	0.018522854
66.58	0.019703796
66.6	0.02198573
66.62	0.026422284
66.64	0.031409606
66.66	0.028951239
66.68	0.023130603
66.7	-0.000969035
66.72	0.003566693
66.74	0.002704483
66.76	-0.001330888
66.78	0.010250666
66.8	0.017564613
66.82	0.027176214
66.84	0.020809476
66.86	0.012712339
66.88	0.002445558
66.9	-0.000509013
66.92	-0.001416701
66.94	0.010907257
66.96	0.025637821
66.98	0.0425862
67	0.037708831
67.02	0.027778551
67.04	0.028774371
67.06	0.026072097
67.08	0.017382573
67.1	0.016073744
67.12	0.011288837
67.14	0.010512865
67.16	0.005398794
67.18	0.00146284
67.2	-0.000232969
67.22	-0.009800934
67.24	-0.011871418
67.26	-0.006871799
67.28	-0.001583829
67.3	0.004673425
67.32	0.008146409
67.34	0.006095036
67.36	0.002161938
67.38	-0.001372286
67.4	-0.003079861
67.42	-0.005932516
67.44	-0.002577692
67.46	-0.000339054
67.48	-0.00116609
67.5	-0.000407409
67.52	0.001671991
67.54	0.012537756
67.56	0.026939854
67.58	0.035097093
67.6	0.041050569
67.62	0.049517119
67.64	0.0540898
67.66	0.048118127
67.68	0.038479654
67.7	0.028839507
67.72	0.013745852
67.74	0.004727822
67.76	-0.00697823
67.78	-0.013181153
67.8	-0.021208271
67.82	-0.024002858
67.84	-0.024319222
67.86	-0.018136872
67.88	-0.014291634
67.9	-0.011546108
67.92	-0.010623915
67.94	-0.005099725
67.96	-0.001611066
67.98	0.000405921
68	-0.002437424
68.02	0.000932676
68.04	0.004108258
68.06	0.012477136
68.08	0.015874747
68.1	0.020930955
68.12	0.012850231
68.14	0.008548725
68.16	0.009731732
68.18	0.012073869
68.2	0.013267787
68.22	0.013789419
68.24	0.014296882
68.26	0.013499735
68.28	0.006684774
68.3	0.00291758
68.32	-0.006385444
68.34	-0.012881993
68.36	-0.016754071
68.38	-0.016489996
68.4	-0.013684372
68.42	-0.0048568
68.44	0.000869987
68.46	-0.013153327
68.48	-0.019943969
68.5	-0.020561657
68.52	-0.021612971
68.54	-0.011595881
68.56	-0.015401334
68.58	-0.015552826
68.6	-0.016225358
68.62	-0.020850223
68.64	-0.026874684
68.66	-0.035816195
68.68	-0.035165544
68.7	-0.019693785
68.72	0.001045743
68.74	-0.008671373
68.76	-0.001791725
68.78	-0.004149843
68.8	-0.004274808
68.82	-0.000900995
68.84	-0.003594172
68.86	-0.002532462
68.88	0.004047278
68.9	0.0089484
68.92	0.011829567
68.94	0.011478386
68.96	0.006305373
68.98	0.003920576
69	0.006675874
69.02	0.014697132
69.04	0.021928344
69.06	0.020271454
69.08	0.013562294
69.1	0.01059264
69.12	0.008831596
69.14	0.001253222
69.16	-0.004675578
69.18	-0.009273911
69.2	-0.015758283
69.22	-0.022200949
69.24	-0.02109247
69.26	-0.02310963
69.28	-0.023585035
69.3	-0.024458934
69.32	-0.024711041
69.34	-0.023919289
69.36	-0.02011821
69.38	-0.015291731
69.4	-0.006289306
69.42	-0.011424089
69.44	-0.006753826
69.46	-0.00060511
69.48	0.001628325
69.5	0.006758676
69.52	0.009977047
69.54	0.005824266
69.56	0.005552608
69.58	0.00840268
69.6	0.009463657
69.62	0.012037268
69.64	0.013117358
69.66	0.015600296
69.68	0.019113773
69.7	0.014553426
69.72	0.006007413
69.74	-0.001287627
69.76	-0.002303164
69.78	-0.007618072
69.8	-0.007928123
69.82	-0.018263363
69.84	-0.017651472
69.86	-0.025285717
69.88	-0.0307983
69.9	-0.028669552
69.92	-0.023298811
69.94	-0.015976116
69.96	-0.009068146
69.98	-0.000706337
70	0.004709501
70.02	0.008798769
70.04	0.006848767
70.06	-0.001148012
70.08	0.004449885
70.1	0.013781517
70.12	0.011823488
70.14	0.008027977
70.16	0.003160602
70.18	-2.25159E-05
70.2	-0.002744914
70.22	0.001631803
70.24	0.005856027
70.26	0.01031078
70.28	0.013250507
70.3	0.014527939
70.32	0.021375468
70.34	0.025796873
70.36	0.02378833
70.38	0.019295513
70.4	0.017543659
70.42	0.019770428
70.44	0.026336293
70.46	0.028912763
70.48	0.023811424
70.5	0.015107329
70.52	0.009069297
70.54	0.010607232
70.56	0.017236059
70.58	0.015963864
70.6	0.014434564
70.62	0.012386977
70.64	0.009876272
70.66	-0.002249848
70.68	-0.011343534
70.7	-0.017472607
70.72	-0.019466367
70.74	-0.017753392
70.76	-0.01545366
70.78	-0.017170278
70.8	-0.018097229
70.82	-0.019303524
70.84	-0.013838483
70.86	-0.009957348
70.88	-0.001874503
70.9	0.005651664
70.92	0.014815459
70.94	0.006155432
70.96	0.005205045
70.98	0.003482052
71	-0.002254787
71.02	-0.006489387
71.04	0.001454459
71.06	0.001761211
71.08	-3.00848E-06
71.1	-0.00088038
71.12	-0.004066028
71.14	-0.005312722
71.16	-0.003177393
71.18	0.001204089
71.2	0.000647388
71.22	-0.003896641
71.24	-0.010678256
71.26	-0.015643175
71.28	-0.02392537
71.3	-0.033262001
71.32	-0.036946872
71.34	-0.033456343
71.36	-0.031670627
71.38	-0.027853216
71.4	-0.029803018
71.42	-0.023471895
71.44	-0.015036757
71.46	-0.009247998
71.48	-0.005490884
71.5	0.003002809
71.52	0.012373051
71.54	0.017925756
71.56	0.016176684
71.58	0.00280979
71.6	-0.008738004
71.62	-0.005084596
71.64	-0.005469992
71.66	-0.00682808
71.68	0.002772847
71.7	0.000277889
71.72	-0.000215801
71.74	-0.002978552
71.76	-0.003387136
71.78	-0.008402203
71.8	-0.005100139
71.82	-0.002823165
71.84	-0.000759918
71.86	0.002358609
71.88	0.007318099
71.9	0.002601366
71.92	-0.009307498
71.94	-0.016050596
71.96	-0.015037572
71.98	-0.013503479
72	-0.00750469
72.02	-0.00826623
72.04	-0.0074773
72.06	-0.009219098
72.08	-0.014060905
72.1	-0.020602005
72.12	-0.024513047
72.14	-0.027015609
72.16	-0.025899372
72.18	-0.025245661
72.2	-0.023889784
72.22	-0.024575399
72.24	-0.021117123
72.26	-0.01870863
72.28	-0.006328683
72.3	-0.004341569
72.32	-0.002592017
72.34	-0.003699046
72.36	-0.01152107
72.38	-0.013034368
72.4	-0.01041538
72.42	-0.008181546
72.44	-0.010620749
72.46	-0.019665626
72.48	-0.022622811
72.5	-0.016803237
72.52	-0.015841101
72.54	-0.021743225
72.56	-0.017576832
72.58	-0.01210266
72.6	-0.002594386
72.62	0.00302404
72.64	-0.002302559
72.66	-0.015102806
72.68	-0.022827263
72.7	-0.026132209
72.72	-0.023562965
72.74	-0.024720267
72.76	-0.019178853
72.78	-0.017002298
72.8	-0.015199814
72.82	-0.019968959
72.84	-0.007296547
72.86	-0.00144491
72.88	0.000343176
72.9	0.00360531
72.92	0.011983992
72.94	0.018096731
72.96	0.019440454
72.98	0.013524463
73	0.008312468
73.02	-0.003317149
73.04	-0.006326808
73.06	-0.004475492
73.08	-0.000433859
73.1	0.005420178
73.12	0.012009426
73.14	0.008776844
73.16	0.003215993
73.18	0.001027253
73.2	0.00235338
73.22	-0.004525046
73.24	-0.0051042
73.26	-0.005488317
73.28	-0.004497521
73.3	-0.006899706
73.32	-0.008770518
73.34	-0.0151239
73.36	-0.016482486
73.38	-0.013820794
73.4	-0.006290336
73.42	0.000601859
73.44	0.003944453
73.46	0.006048569
73.48	0.009460426
73.5	0.00514551
73.52	0.003982837
73.54	-0.001340345
73.56	-0.006307056
73.58	-0.007589939
73.6	-0.003807978
73.62	-0.004973275
73.64	-0.007519722
73.66	-0.011134417
73.68	-0.00768061
73.7	-0.004654246
73.72	0.017241329
73.74	0.007178158
73.76	0.003090306
73.78	0.004619792
73.8	-0.00346536
73.82	-0.002996665
73.84	-0.000363424
73.86	0.002701842
73.88	0.006623222
73.9	0.003224463
73.92	0.008793757
73.94	0.005125231
73.96	2.63926E-06
73.98	-0.002537371
74	0.00908616
74.02	0.022234322
74.04	0.022893879
74.06	0.022749357
74.08	0.019782576
74.1	0.005565766
74.12	0.007591237
74.14	0.011936901
74.16	0.014182626
74.18	0.017912455
74.2	0.024416958
74.22	0.024790229
74.24	0.03311841
74.26	0.027402847
74.28	0.017493723
74.3	0.014418535
74.32	0.017370723
74.34	0.016710089
74.36	0.02093385
74.38	0.021484766
74.4	0.017279071
74.42	0.012891293
74.44	0.008301742
74.46	0.004814213
74.48	0.002234042
74.5	-0.006530566
74.52	-0.007378633
74.54	-0.003663455
74.56	-0.00092907
74.58	0.004972278
74.6	0.015101371
74.62	0.00981189
74.64	0.011550936
74.66	0.015421678
74.68	0.016156038
74.7	0.012280981
74.72	0.007979156
74.74	-9.23364E-05
74.76	0.000354563
74.78	0.002894397
74.8	0.007553077
74.82	0.011112421
74.84	0.011344448
74.86	0.012072164
74.88	0.012533479
74.9	0.011289617
74.92	0.014405149
74.94	0.016549249
74.96	0.016703126
74.98	0.008523816
75	0.00309567
75.02	9.37303E-05
75.04	-0.002114895
75.06	-0.006839806
75.08	-0.010857748
75.1	-0.011904507
75.12	-0.009401399
75.14	-0.004788144
75.16	0.00025799
75.18	0.000731043
75.2	0.002643803
75.22	0.00238659
75.24	0.002738355
75.26	0.000605861
75.28	0.004910435
75.3	0.004006599
75.32	0.001374709
75.34	6.23368E-05
75.36	0.011883933
75.38	0.011448799
75.4	0.013702306
75.42	0.014110742
75.44	0.013511233
75.46	0.020762521
75.48	0.021434557
75.5	0.018903695
75.52	0.015177066
75.54	0.014539422
75.56	0.015295167
75.58	0.015212711
75.6	0.015727789
75.62	0.010514811
75.64	0.004922441
75.66	0.012296844
75.68	0.02366755
75.7	0.015325258
75.72	0.015196224
75.74	0.012492634
75.76	0.01057462
75.78	0.008734844
75.8	0.004623334
75.82	-0.002305188
75.84	-0.008699807
75.86	-0.011044303
75.88	-0.006447578
75.9	-0.002470447
75.92	-0.003793456
75.94	-0.007416443
75.96	-0.010066969
75.98	-0.009831659
76	-0.002046491
76.02	0.000535313
76.04	0.001560845
76.06	0.009745688
76.08	0.016776367
76.1	0.013977255
76.12	0.008116715
76.14	-0.002775489
76.16	-0.006742519
76.18	-0.009368203
76.2	0.00026621
76.22	0.020230093
76.24	0.024720195
76.26	0.018843487
76.28	0.020636288
76.3	0.021538598
76.32	0.014316496
76.34	0.005761771
76.36	0.002217354
76.38	-0.004978282
76.4	-0.00959321
76.42	-0.013896472
76.44	-0.019116171
76.46	-0.023779264
76.48	-0.023443117
76.5	-0.022292823
76.52	-0.021281692
76.54	-0.016179144
76.56	-0.01232593
76.58	-0.011611737
76.6	-0.011398012
76.62	-0.011151017
76.64	-0.007854756
76.66	-0.007600551
76.68	-0.008434834
76.7	-0.003300967
76.72	-0.001503711
76.74	0.000419492
76.76	0.002625032
76.78	0.001865389
76.8	0.005417132
76.82	0.003342974
76.84	0.011383251
76.86	0.014311635
76.88	0.016123695
76.9	0.019087856
76.92	0.020247783
76.94	0.016717986
76.96	0.008074964
76.98	0.005032626
77	0.001862381
77.02	-0.001725229
77.04	-0.0026405
77.06	-0.000446376
77.08	0.000910286
77.1	0.000953361
77.12	-0.001420713
77.14	-0.004732739
77.16	-0.00562551
77.18	-0.009517673
77.2	-0.016895022
77.22	-0.026889097
77.24	-0.02986794
77.26	-0.029249768
77.28	-0.023894724
77.3	-0.014644056
77.32	-0.011550749
77.34	-0.006524563
77.36	-0.001684002
77.38	-0.006869879
77.4	-0.011115956
77.42	-0.012271467
77.44	-0.011625963
77.46	-0.007872722
77.48	-0.000442598
77.5	0.002572623
77.52	0.000822851
77.54	-0.001835765
77.56	-0.003260181
77.58	-0.006213358
77.6	-0.001688056
77.62	0.007241462
77.64	0.013093794
77.66	0.008453922
77.68	0.01131656
77.7	0.008005817
77.72	0.003185681
77.74	0.002671737
77.76	-0.001226486
77.78	-0.004489544
77.8	-0.006682318
77.82	-0.013447106
77.84	-0.017611434
77.86	-0.02498815
77.88	-0.031981714
77.9	-0.033969662
77.92	-0.034207346
77.94	-0.030313792
77.96	-0.025565816
77.98	-0.022750976
78	-0.017016796
78.02	-0.015705112
78.04	-0.014076393
78.06	-0.003326748
78.08	0.002582514
78.1	0.008843188
78.12	0.013982965
78.14	0.018894669
78.16	0.023204683
78.18	0.024803252
78.2	0.015360283
78.22	0.008666449
78.24	0.00540084
78.26	0.005132324
78.28	0.005507575
78.3	0.010157302
78.32	0.010639137
78.34	0.006576019
78.36	0.002027051
78.38	0.000655142
78.4	-0.001406837
78.42	-0.002082455
78.44	-0.003465429
78.46	-0.005922985
78.48	-0.008084937
78.5	-0.010845364
78.52	-0.013633439
78.54	-0.01597162
78.56	-0.016008762
78.58	-0.014662758
78.6	-0.012221066
78.62	-0.010653366
78.64	-0.00850761
78.66	-0.006804623
78.68	-0.001565193
78.7	0.002473511
78.72	0.002775759
78.74	0.005022513
78.76	0.005303577
78.78	0.002063264
78.8	0.004663989
78.82	-0.001916502
78.84	-0.004635538
78.86	-0.00821979
78.88	-0.00432345
78.9	-0.00319131
78.92	0.006445541
78.94	7.85242E-05
78.96	-0.00261747
78.98	0.004731911
79	-0.001822313
79.02	0.003125767
79.04	0.006101315
79.06	0.00034422
79.08	-0.002262597
79.1	-0.007594914
79.12	-0.013480114
79.14	-0.013250082
79.16	-0.009467899
79.18	5.83059E-06
79.2	0.004966008
79.22	0.0079791
79.24	0.009891687
79.26	0.009278632
79.28	0.009152337
79.3	0.006060171
79.32	-0.000349207
79.34	-0.004162468
79.36	-0.000903985
79.38	0.002372202
79.4	0.002563426
79.42	-0.000361032
79.44	-0.005644909
79.46	-0.0027145
79.48	-0.005388614
79.5	0.000302975
79.52	0.009004968
79.54	0.010144474
79.56	0.01873132
79.58	0.02637792
79.6	0.029920846
79.62	0.031267736
79.64	0.026270678
79.66	0.019067579
79.68	0.010491754
79.7	-0.000813591
79.72	-0.007897277
79.74	-0.005995055
79.76	-0.005036833
79.78	-0.004934069
79.8	0.000836214
79.82	0.001197501
79.84	0.003447215
79.86	0.005293168
79.88	0.003196689
79.9	0.00538105
79.92	0.006249166
79.94	3.03388E-07
79.96	-0.003932572
79.98	-0.001701365
80	-0.000606603
80.02	-0.000280945
80.04	0.003277129
80.06	0.011279825
80.08	0.011204685
80.1	0.002752015
80.12	0.021047911
80.14	0.023621393
80.16	0.013326209
80.18	0.00542467
80.2	0.004138934
80.22	0.007875856
80.24	0.008592285
80.26	0.002990992
80.28	-0.000110647
80.3	-0.005270692
80.32	-0.01022194
80.34	-0.014537117
80.36	-0.014783363
80.38	-0.015666695
80.4	-0.016171863
80.42	-0.008032709
80.44	-0.001151371
80.46	0.005620965
80.48	0.01116388
80.5	0.009604019
80.52	0.005128665
80.54	0.001393662
80.56	-0.002349459
80.58	0.000947721
80.6	0.003977071
80.62	0.00952309
80.64	0.016937605
80.66	0.021144135
80.68	0.016292802
80.7	0.01615388
80.72	0.015295394
80.74	0.008073807
80.76	0.004576471
80.78	0.003052944
80.8	0.003836803
80.82	0.005014629
80.84	0.000379202
80.86	-0.004803863
80.88	-0.010927593
80.9	-0.01520469
80.92	-0.013617821
80.94	-0.01000896
80.96	-0.012616288
80.98	-0.012638324
81	-0.011108459
81.02	-0.004268056
81.04	0.001059866
81.06	-0.000691591
81.08	0.00173067
81.1	-0.0036657
81.12	-0.003647593
81.14	-0.003524887
81.16	-0.005090942
81.18	-0.00257954
81.2	0.003426764
81.22	0.007769267
81.24	0.009186371
81.26	0.005578408
81.28	0.001266377
81.3	-0.00351927
81.32	-0.004521619
81.34	-0.003809588
81.36	0.000300534
81.38	-0.005783976
81.4	-0.010568064
81.42	-0.013793468
81.44	-0.003443472
81.46	-0.00543991
81.48	-0.005777955
81.5	-0.011854929
81.52	-0.004977831
81.54	0.000139325
81.56	0.000245131
81.58	4.33232E-05
81.6	-0.003476953
81.62	-0.008857675
81.64	-0.004057009
81.66	-0.003492858
81.68	-0.008517141
81.7	-0.008579455
81.72	-0.006956556
81.74	-0.007041521
81.76	-0.007852783
81.78	-0.01170703
81.8	-0.018181638
81.82	-0.019651518
81.84	-0.017800626
81.86	-0.014761025
81.88	-0.007464774
81.9	-0.000470761
81.92	-0.000154911
81.94	-0.005378321
81.96	-0.003485667
81.98	-0.002342696
82	0.000429214
82.02	0.005421429
82.04	0.011260366
82.06	0.012746069
82.08	0.011187542
82.1	0.014599215
82.12	0.013691393
82.14	0.004174184
82.16	-0.002005157
82.18	-0.001159949
82.2	0.000407567
82.22	-0.00228975
82.24	-0.003695717
82.26	-0.004901594
82.28	-0.005613096
82.3	-0.00702832
82.32	-0.007189432
82.34	-0.010127653
82.36	-0.009985896
82.38	-0.008982229
82.4	-0.013078592
82.42	-0.018458133
82.44	-0.016430112
82.46	-0.017610772
82.48	-0.016178704
82.5	-0.012318439
82.52	-0.006579126
82.54	-0.006793917
82.56	-0.005053633
82.58	-0.002422754
82.6	-0.001722615
82.62	-0.002247486
82.64	0.00460859
82.66	0.007981979
82.68	0.008397035
82.7	0.00480945
82.72	0.004151916
82.74	0.001252903
82.76	0.001722202
82.78	-0.001123351
82.8	-0.009304799
82.82	-0.007602313
82.84	-0.002893454
82.86	-0.006398499
82.88	-0.009234671
82.9	-0.006908042
82.92	0.000338448
82.94	0.005085333
82.96	0.011072645
82.98	0.01333914
83	0.010438629
83.02	0.005350144
83.04	-8.60692E-05
83.06	-0.004324461
83.08	-0.007920284
83.1	-0.010793387
83.12	-0.012622278
83.14	-0.014033616
83.16	-0.006206916
83.18	-3.54167E-05
83.2	0.000620883
83.22	9.5605E-05
83.24	0.00157097
83.26	-0.00083096
83.28	0.001084258
83.3	0.003543588
83.32	0.001494108
83.34	0.000883942
83.36	0.000759268
83.38	-0.001556926
83.4	0.002964128
83.42	0.001784387
83.44	0.003235832
83.46	0.004401104
83.48	0.008051475
83.5	0.016960019
83.52	0.026070783
83.54	0.026567325
83.56	0.022117774
83.58	0.024312323
83.6	0.027245336
83.62	0.02145218
83.64	0.018301365
83.66	0.010251813
83.68	0.002933084
83.7	-0.0064475
83.72	-0.011231048
83.74	-0.01133491
83.76	-0.012356409
83.78	-0.009299198
83.8	0.001733552
83.82	-0.006084714
83.84	-0.006718919
83.86	0.002374119
83.88	-0.004610439
83.9	-0.007716984
83.92	-0.000734231
83.94	0.002515931
83.96	0.002496387
83.98	0.00473783
84	0.004315342
84.02	0.005692328
84.04	0.009718723
84.06	0.010015187
84.08	0.012827711
84.1	0.017403233
84.12	0.021159674
84.14	0.021154754
84.16	0.01644542
84.18	0.014479184
84.2	0.015838928
84.22	0.014630804
84.24	0.010945401
84.26	0.010529062
84.28	0.003936836
84.3	-0.002133133
84.32	-0.00435207
84.34	-0.007209034
84.36	-0.004466292
84.38	-0.002094593
84.4	0.001095434
84.42	0.00346597
84.44	0.003094643
84.46	0.00269093
84.48	0.002790172
84.5	-0.00478307
84.52	-0.008432632
84.54	-0.011557837
84.56	-0.011879976
84.58	-0.012549234
84.6	-0.009076866
84.62	0.002283984
84.64	0.00614861
84.66	0.00384427
84.68	0.006697981
84.7	0.003145438
84.72	0.006940607
84.74	0.005828298
84.76	0.007332159
84.78	0.008176698
84.8	0.009516953
84.82	0.008001748
84.84	0.006765954
84.86	-0.002899365
84.88	-0.010323599
84.9	-0.011917496
84.92	-0.011151726
84.94	-0.009528114
84.96	-0.001276482
84.98	0.00741558
85	0.007878228
85.02	0.008327883
85.04	0.009732074
85.06	0.007963778
85.08	0.002220488
85.1	0.000536269
85.12	-0.003799176
85.14	-0.024405751
85.16	-0.01365168
85.18	-0.005729979
85.2	-0.020112524
85.22	-0.018478648
85.24	-0.017055979
85.26	-0.021116721
85.28	-0.021835607
85.3	-0.017038926
85.32	-0.008988107
85.34	-0.007681546
85.36	-0.002614496
85.38	-0.001602496
85.4	-0.003194094
85.42	-0.002023029
85.44	0.002012709
85.46	2.59798E-05
85.48	0.00130741
85.5	0.004514218
85.52	0.004028305
85.54	0.000263857
85.56	0.001057049
85.58	-0.001403745
85.6	0.002486955
85.62	0.00175449
85.64	0.000398175
85.66	0.001555534
85.68	-0.008431387
85.7	-0.000720539
85.72	-0.000485485
85.74	-0.012330139
85.76	-0.014977337
85.78	-0.015001484
85.8	-0.015709814
85.82	-0.01441983
85.84	-0.01263939
85.86	-0.018165681
85.88	-0.014428638
85.9	-0.012130894
85.92	-0.012539897
85.94	-0.017473123
85.96	-0.01483073
85.98	-0.008814779
86	-0.00091994
86.02	0.002359475
86.04	0.003690629
86.06	0.002047203
86.08	0.003336695
86.1	0.003085361
86.12	-0.002856335
86.14	-0.007023394
86.16	-0.009202511
86.18	-0.00876141
86.2	-0.004284289
86.22	0.00033008
86.24	0.005645146
86.26	0.004557476
86.28	-0.00020411
86.3	-0.008492263
86.32	-0.013418164
86.34	-0.021063626
86.36	-0.022468019
86.38	-0.018933857
86.4	-0.014472933
86.42	-0.011819772
86.44	-0.009212015
86.46	-0.006454651
86.48	-0.004001694
86.5	-0.004053027
86.52	-0.002796583
86.54	0.001309974
86.56	0.0044318
86.58	0.005269205
86.6	0.00806369
86.62	0.009060426
86.64	0.004140194
86.66	-0.001935512
86.68	-0.004714779
86.7	-0.006431888
86.72	-0.00517518
86.74	-0.006033157
86.76	-0.0046724
86.78	-0.003521049
86.8	-0.002158885
86.82	-0.000293996
86.84	-0.005566383
86.86	-0.008132644
86.88	-0.006945625
86.9	-0.001631244
86.92	0.007252294
86.94	0.007137174
86.96	0.004180233
86.98	-0.004177022
87	-0.000810692
87.02	-0.0018522
87.04	-0.004226547
87.06	-0.000543225
87.08	0.005508918
87.1	0.007709443
87.12	0.010257934
87.14	0.012063718
87.16	0.011302722
87.18	0.010073562
87.2	0.008113679
87.22	0.005044045
87.24	0.001534965
87.26	0.000656801
87.28	0.002173703
87.3	0.005359932
87.32	0.000180944
87.34	-0.004056035
87.36	-0.002330983
87.38	0.0006031
87.4	0.004272154
87.42	0.004004722
87.44	0.009239649
87.46	0.012430943
87.48	0.012340753
87.5	0.011760132
87.52	0.012546871
87.54	0.007640386
87.56	0.005644541
87.58	0.003012196
87.6	-0.001368633
87.62	-0.000312235
87.64	0.001824689
87.66	0.002720742
87.68	0.006408887
87.7	0.00749775
87.72	0.00643981
87.74	0.004721878
87.76	0.003024903
87.78	0.005183448
87.8	0.000842163
87.82	0.003748145
87.84	0.00446021
87.86	0.008059399
87.88	0.012686077
87.9	0.011761093
87.92	0.012234859
87.94	0.011867517
87.96	0.012839184
87.98	0.015141198
88	0.018642802
88.02	0.023302623
88.04	0.028881788
88.06	0.028799185
88.08	0.024659037
88.1	0.016846396
88.12	0.007630269
88.14	0.005632349
88.16	0.011226906
88.18	0.015669111
88.2	0.016439954
88.22	0.016768797
88.24	0.015211776
88.26	0.014383313
88.28	0.009910444
88.3	0.00472211
88.32	0.002058087
88.34	0.002693242
88.36	0.003690902
88.38	0.002765483
88.4	0.001457294
88.42	-0.00249402
88.44	-0.002805633
88.46	0.00369992
88.48	0.01173136
88.5	0.012861774
88.52	0.016318197
88.54	0.018551155
88.56	0.019081023
88.58	0.016880091
88.6	0.013992398
88.62	0.013862301
88.64	0.009840785
88.66	0.006467256
88.68	0.004888236
88.7	0.001300412
88.72	0.000555586
88.74	0.005388084
88.76	0.006303672
88.78	0.003186988
88.8	0.004391744
88.82	0.006094996
88.84	0.003012196
88.86	-0.000774123
88.88	-0.004227191
88.9	-0.008896573
88.92	-0.008194984
88.94	-0.004166793
88.96	-0.001051909
88.98	-0.001604929
89	1.2269E-05
89.02	-0.000888257
89.04	0.001856495
89.06	0.001511495
89.08	0.002756219
89.1	-0.000783849
89.12	-0.005254918
89.14	-0.00818276
89.16	-0.002952247
89.18	0.001021461
89.2	-0.002176951
89.22	-0.003021369
89.24	-0.003600768
89.26	-0.001849631
89.28	0.006609699
89.3	0.011644446
89.32	0.014022879
89.34	0.018735726
89.36	0.019841627
89.38	0.016046539
89.4	0.015181205
89.42	0.015848651
89.44	0.011592245
89.46	0.004873735
89.48	0.003044898
89.5	-0.000361942
89.52	-0.005085006
89.54	-0.001485612
89.56	0.004549132
89.58	-0.000512988
89.6	0.003895326
89.62	0.0105083
89.64	0.011428303
89.66	0.00212244
89.68	-0.003418117
89.7	-0.00606348
89.72	-0.012712114
89.74	-0.019620564
89.76	-0.02078962
89.78	-0.024257644
89.8	-0.022941942
89.82	-0.020092213
89.84	-0.017323757
89.86	-0.01141304
89.88	-0.000876465
89.9	0.007313766
89.92	0.00603894
89.94	0.005197557
89.96	0.005474235
89.98	0.004709248
90	0.006869371
90.02	0.008158483
90.04	0.007841264
90.06	0.00501748
90.08	0.000740988
90.1	0.000308273
90.12	-0.00325816
90.14	-0.005723068
90.16	-0.00481891
90.18	-0.004466503
90.2	-0.002881135
90.22	-0.002981033
90.24	-0.002476018
90.26	-0.004071346
90.28	-0.009545007
90.3	-0.018266454
90.32	-0.02246574
90.34	-0.019593446
90.36	-0.020261725
90.38	-0.023838369
90.4	-0.022482954
90.42	-0.022299277
90.44	-0.016975973
90.46	-0.015659158
90.48	-0.010061763
90.5	-0.005102141
90.52	-1.65656E-05
90.54	0.004248613
90.56	0.002699433
90.58	0.004362614
90.6	0.007041763
90.62	0.003602947
90.64	0.00221891
90.66	0.000950289
90.68	-0.009971035
90.7	-0.006692622
90.72	-0.005654562
90.74	-0.005441292
90.76	-0.002392929
90.78	-0.005810487
90.8	-0.004492919
90.82	-0.002877379
90.84	-0.003902674
90.86	-0.000672863
90.88	-0.003837479
90.9	-0.004943277
90.92	-0.009958528
90.94	-0.014561101
90.96	-0.013865397
90.98	-0.011280461
91	-0.013133741
91.02	-0.013674577
91.04	-0.015485688
91.06	-0.0143951
91.08	-0.01808307
91.1	-0.015902689
91.12	-0.015284371
91.14	-0.010297057
91.16	-0.009380704
91.18	-0.008216214
91.2	-0.005439053
91.22	-0.004687656
91.24	-0.004458647
91.26	-0.002445432
91.28	-0.005539025
91.3	-0.004567264
91.32	-0.007148746
91.34	-0.001974358
91.36	-0.0010049
91.38	0.000754031
91.4	0.007561858
91.42	0.004592841
91.44	-0.005158285
91.46	0.000338147
91.48	0.002461121
91.5	-0.001880085
91.52	-0.006698918
91.54	-0.00378023
91.56	-0.003737225
91.58	-0.006252578
91.6	-0.006990718
91.62	-0.008530686
91.64	-0.006199412
91.66	-0.004395635
91.68	-0.004374897
91.7	-0.008266217
91.72	-0.012049699
91.74	-0.015910004
91.76	-0.017525113
91.78	-0.016100414
91.8	-0.013441126
91.82	-0.012439594
91.84	-0.010320817
91.86	-0.007928565
91.88	-0.006258636
91.9	-0.005008003
91.92	-0.000617769
91.94	0.005599806
91.96	0.011525149
91.98	0.01724947
92	0.014741164
92.02	0.013438111
92.04	0.01154965
92.06	0.010424104
92.08	0.008965961
92.1	0.00431184
92.12	-0.00019316
92.14	-0.002400465
92.16	-0.00486045
92.18	-0.007299464
92.2	-0.006200985
92.22	-0.002300225
92.24	0.001552706
92.26	0.00151165
92.28	0.000419251
92.3	-0.001218941
92.32	-0.002115571
92.34	-0.001405879
92.36	0.000419226
92.38	0.001174602
92.4	0.000932273
92.42	-0.000332822
92.44	0.00468574
92.46	0.005388892
92.48	0.000962699
92.5	-0.000938256
92.52	0.000744951
92.54	0.001022463
92.56	0.004274965
92.58	0.003545603
92.6	0.004232049
92.62	0.003226703
92.64	0.001036755
92.66	-0.003613552
92.68	-0.005594763
92.7	-0.004042266
92.72	-0.004065798
92.74	-0.000415892
92.76	0.002788321
92.78	-0.007429856
92.8	-0.009077694
92.82	-0.004795458
92.84	-0.00462726
92.86	-0.003851635
92.88	-0.005201937
92.9	-0.004580204
92.92	-0.004234967
92.94	-0.005373776
92.96	-0.008968414
92.98	-0.003248093
93	0.001210542
93.02	0.002268483
93.04	0.004976227
93.06	0.003766262
93.08	0.004470601
93.1	0.001899741
93.12	0.001245422
93.14	-0.000413647
93.16	0.000715013
93.18	0.002445451
93.2	0.0048265
93.22	0.004741511
93.24	0.002823149
93.26	-4.24938E-05
93.28	-0.000492469
93.3	0.000944098
93.32	0.000380302
93.34	-0.002695766
93.36	0.000966493
93.38	0.002387781
93.4	0.004712164
93.42	0.008022795
93.44	0.008827036
93.46	0.008927156
93.48	0.00800287
93.5	0.009677953
93.52	0.01103241
93.54	0.009064777
93.56	0.00752042
93.58	0.00522771
93.6	0.003864224
93.62	0.003178921
93.64	0.004173578
93.66	0.004806375
93.68	0.005348916
93.7	0.005202696
93.72	0.003114991
93.74	4.55829E-05
93.76	-0.001691066
93.78	0.001933469
93.8	0.00916707
93.82	0.001310893
93.84	0.000764405
93.86	0.000343028
93.88	-0.004069815
93.9	-0.001779742
93.92	-0.004315957
93.94	-0.0052808
93.96	-0.004458135
93.98	-0.002744105
94	-0.000444481
94.02	-0.002403531
94.04	-0.000766708
94.06	-0.003613903
94.08	-0.007530906
94.1	-0.008897444
94.12	-0.009550929
94.14	-0.011524851
94.16	-0.011335758
94.18	-0.011505321
94.2	-0.013883946
94.22	-0.014954947
94.24	-0.009953067
94.26	-0.007491132
94.28	-0.003467415
94.3	-0.004426459
94.32	-0.003059707
94.34	-0.0046257
94.36	-0.005231254
94.38	-0.003197906
94.4	-3.8224E-05
94.42	0.001564182
94.44	0.003427537
94.46	0.005302079
94.48	0.005524313
94.5	0.005282283
94.52	0.00569715
94.54	0.003324347
94.56	0.003393617
94.58	0.004403069
94.6	0.002494415
94.62	-0.000838854
94.64	-0.003439037
94.66	-0.002477547
94.68	-0.0016595
94.7	-0.000744572
94.72	0.001456424
94.74	0.002105019
94.76	0.003284148
94.78	0.002983004
94.8	0.003090445
94.82	0.000221238
94.84	0.000163324
94.86	0.000435445
94.88	0.001871594
94.9	0.002400803
94.92	0.001578809
94.94	0.006071193
94.96	0.006987073
94.98	-0.00607787
95	-0.005787265
95.02	-0.009434766
95.04	-0.009385774
95.06	-0.007869206
95.08	-0.00549095
95.1	-0.002860253
95.12	-0.001451811
95.14	-0.001081389
95.16	-0.000612525
95.18	-0.00063384
95.2	0.001577064
95.22	0.001713141
95.24	0.004326542
95.26	0.003907035
95.28	0.00345761
95.3	0.000749074
95.32	0.00121103
95.34	-0.000225461
95.36	-0.005292536
95.38	-0.006779133
95.4	-0.004282461
95.42	-0.003627648
95.44	-0.00099901
95.46	-0.000355099
95.48	0.002391063
95.5	0.003003334
95.52	0.004405007
95.54	0.002720363
95.56	-0.001407124
95.58	-0.006787858
95.6	-0.010919461
95.62	-0.012480215
95.64	-0.009592776
95.66	-0.005549007
95.68	-0.001932703
95.7	-0.000502204
95.72	-0.001436961
95.74	-0.001697312
95.76	0.006242806
95.78	0.005372651
95.8	0.010314676
95.82	0.015607501
95.84	0.01330254
95.86	0.01094894
95.88	0.012802955
95.9	0.012959369
95.92	0.010246554
95.94	0.008688376
95.96	0.007718223
95.98	0.011287894
96	0.017490785
96.02	0.018272113
96.04	0.018790557
96.06	0.014483619
96.08	0.010214303
96.1	0.005027369
96.12	0.005697533
96.14	0.005581656
96.16	0.005886163
96.18	0.007142268
96.2	0.009508987
96.22	0.009531788
96.24	0.00681917
96.26	0.001161692
96.28	0.00066302
96.3	-4.12E-06
96.32	0.004178894
96.34	0.007787382
96.36	0.00837403
96.38	0.006289257
96.4	0.005559604
96.42	0.001629591
96.44	-0.001355086
96.46	-0.004584662
96.48	-0.004726109
96.5	-0.003491003
96.52	-0.000857642
96.54	-0.000713106
96.56	0.006060088
96.58	0.010704023
96.6	0.01178043
96.62	0.01354914
96.64	0.018580013
96.66	0.020210628
96.68	0.013975885
96.7	0.000622432
96.72	0.010629567
96.74	0.006530442
96.76	-0.000331172
96.78	0.001874206
96.8	0.002397538
96.82	-0.001496564
96.84	-0.003720764
96.86	-0.005513754
96.88	-0.001793821
96.9	0.002000401
96.92	0.00382082
96.94	-0.000471152
96.96	-0.004909647
96.98	-0.006514607
97	-0.003817684
97.02	-0.004965198
97.04	-0.009340006
97.06	-0.007532592
97.08	-0.005604747
97.1	-0.003662954
97.12	0.005888406
97.14	0.012519419
97.16	0.013665034
97.18	0.013607592
97.2	0.016822126
97.22	0.015318903
97.24	0.017328933
97.26	0.016159532
97.28	0.014761065
97.3	0.014126887
97.32	0.010681795
97.34	0.008040788
97.36	0.007120995
97.38	0.008569953
97.4	0.014198951
97.42	0.01991066
97.44	0.022328253
97.46	0.01945786
97.48	0.013545389
97.5	0.005156625
97.52	-0.003716681
97.54	-0.008088429
97.56	-0.006686756
97.58	-0.004738006
97.6	-0.004326758
97.62	0.000165224
97.64	0.005810802
97.66	0.003758266
97.68	0.002221847
97.7	-0.002974574
97.72	-0.004005325
97.74	-0.00257611
97.76	0.001237101
97.78	-0.001421586
97.8	-0.002339698
97.82	0.001044615
97.84	0.001294895
97.86	0.003085886
97.88	0.002074522
97.9	-0.001700031
97.92	-0.001538574
97.94	-0.000488226
97.96	-0.000873474
97.98	0.00048693
98	0.008539202
98.02	0.010604479
98.04	0.002903913
98.06	0.002788038
98.08	0.001394852
98.1	-0.008039291
98.12	-0.011014312
98.14	-0.013494217
98.16	-0.011957174
98.18	-0.007718849
98.2	-0.007781073
98.22	-0.009641584
98.24	-0.008298676
98.26	0.000625573
98.28	0.003921581
98.3	-0.000364413
98.32	0.000314729
98.34	-0.006914627
98.36	-0.015293364
98.38	-0.019001213
98.4	-0.014952368
98.42	-0.014005779
98.44	-0.012152582
98.46	-0.008082763
98.48	-0.00913566
98.5	-0.003314375
98.52	0.00373504
98.54	0.004049854
98.56	0.004185539
98.58	0.005036722
98.6	0.006493356
98.62	0.007759213
98.64	0.007630461
98.66	0.007497283
98.68	0.006888154
98.7	0.003721034
98.72	0.002930775
98.74	6.0704E-05
98.76	-0.006310814
98.78	-0.01106769
98.8	-0.01134318
98.82	-0.008586871
98.84	-0.00400207
98.86	-0.003551705
98.88	-0.002379142
98.9	0.001840816
98.92	0.0039987
98.94	-0.006051341
98.96	-0.008228187
98.98	-0.009766247
99	-0.011054513
99.02	-0.013655081
99.04	-0.015466946
99.06	-0.010917028
99.08	-0.005825713
99.1	-0.007192186
99.12	-0.004051594
99.14	-0.000815892
99.16	-0.000158411
99.18	-0.006436035
99.2	-0.011256058
99.22	-0.006202941
99.24	-0.002201206
99.26	0.004051154
99.28	0.001476292
99.3	-0.000721391
99.32	-0.002354489
99.34	-0.00464606
99.36	-0.010014154
99.38	-0.010251249
99.4	-0.008084654
99.42	-0.00759078
99.44	-0.002338942
99.46	-0.005419225
99.48	-0.007625734
99.5	0.000650185
99.52	-0.001456187
99.54	-0.004505125
99.56	-0.005677802
99.58	-0.006189888
99.6	-0.003829857
99.62	-3.18598E-05
99.64	0.003916564
99.66	0.004035874
99.68	0.003630974
99.7	0.002411202
99.72	0.003233022
99.74	0.004482717
99.76	0.002361011
99.78	-0.001970007
99.8	-0.00824374
99.82	-0.006931032
99.84	-0.006613229
99.86	-0.007683093
99.88	-0.00495788
99.9	-0.001584022
99.92	-0.000873541
99.94	-0.003196057
99.96	-0.003112994
99.98	-0.005992984
100	-0.010589432
100.02	-0.010030158
100.04	-0.004360606
100.06	0.001043766
100.08	0.004327718
100.1	0.006579954
100.12	0.007759506
100.14	0.004806708
100.16	0.000218409
100.18	-0.002825546
100.2	-0.005118437
100.22	-0.007503878
100.24	-0.006733705
100.26	-0.003239958
100.28	-0.002316832
100.3	-0.000689578
100.32	-0.00076696
100.34	-0.004172469
100.36	-0.008819669
100.38	-0.009817508
100.4	-0.007506428
100.42	-0.005421527
100.44	-0.004882887
100.46	-0.006816783
100.48	-0.006073335
100.5	-0.003031144
100.52	-0.001662991
100.54	-8.21971E-05
100.56	-0.001488635
100.58	0.000132052
100.6	-0.00193524
100.62	-0.002630916
100.64	0.000515885
100.66	0.000946501
100.68	0.001557423
100.7	0.002919598
100.72	9.37475E-05
100.74	-0.000975942
100.76	-0.00150725
100.78	-0.005218095
100.8	-0.008789265
100.82	-0.012197774
100.84	-0.015193823
100.86	-0.016882099
100.88	-0.007555937
100.9	-0.010449002
100.92	-0.009857305
100.94	-0.008249677
100.96	-0.00402076
100.98	0.000930009
101	0.000888758
101.02	0.003875998
101.04	0.006861295
101.06	0.006509757
101.08	0.005879382
101.1	0.003547545
101.12	0.001837021
101.14	0.001123186
101.16	0.001615443
101.18	0.002676954
101.2	0.006358757
101.22	0.008025288
101.24	0.008825398
101.26	0.007702083
101.28	0.004294352
101.3	0.004364934
101.32	0.007987671
101.34	0.007884654
101.36	0.008550473
101.38	0.006788319
101.4	0.000921254
101.42	-0.003025734
101.44	-0.004222874
101.46	-0.007127394
101.48	-0.0102989
101.5	-0.008845518
101.52	-0.004029967
101.54	0.001914951
101.56	0.007135945
101.58	0.010172837
101.6	0.011428411
101.62	0.012626983
101.64	0.013435207
101.66	0.014116961
101.68	0.010187158
101.7	0.005647073
101.72	0.001117865
101.74	-0.000563944
101.76	-0.001236792
101.78	-0.00024364
101.8	-0.000272319
101.82	0.001907985
101.84	0.008748697
101.86	0.003815987
101.88	0.002286001
101.9	0.003102263
101.92	-0.002793415
101.94	-0.002386842
101.96	-0.005206213
101.98	-0.00902289
102	-0.008246053
102.02	-0.005545097
102.04	-0.005921038
102.06	-0.006324354
102.08	-0.004426148
102.1	-0.00307184
102.12	-0.000316025
102.14	0.000859037
102.16	-0.002026825
102.18	-0.005384613
102.2	-0.008773654
102.22	-0.007736775
102.24	-0.010274846
102.26	-0.012974282
102.28	-0.010927014
102.3	-0.013023723
102.32	-0.012807081
102.34	-0.012507549
102.36	-0.008929538
102.38	-0.002970351
102.4	-0.004734169
102.42	-0.001540499
102.44	0.00366069
102.46	0.008189957
102.48	0.010107607
102.5	0.010289659
102.52	0.011625151
102.54	0.009643233
102.56	0.011067682
102.58	0.012855458
102.6	0.011415518
102.62	0.014462931
102.64	0.01389764
102.66	0.011643623
102.68	0.008845782
102.7	0.003707062
102.72	-0.002216466
102.74	-0.004907669
102.76	-0.003914132
102.78	-0.001569908
102.8	0.000458292
102.82	0.00111171
102.84	0.00069147
102.86	-0.000860447
102.88	-0.003598906
102.9	-0.006101402
102.92	-0.011342308
102.94	-0.012417885
102.96	-0.008913896
102.98	-0.00373589
103	-0.000279277
103.02	0.003869347
103.04	0.008408489
103.06	0.011482337
103.08	0.013605306
103.1	0.010802386
103.12	0.00700702
103.14	0.004759306
103.16	0.004486336
103.18	0.005354948
103.2	0.005492847
103.22	0.002903389
103.24	0.000799623
103.26	-0.000403006
103.28	-0.004815691
103.3	-0.007262732
103.32	-0.003514648
103.34	-0.011107341
103.36	-0.013223123
103.38	-0.015369941
103.4	-0.014633789
103.42	-0.00628134
103.44	-0.01167201
103.46	-0.010805982
103.48	-0.007918015
103.5	-0.005674322
103.52	-0.000711873
103.54	-0.000784065
103.56	-0.002047675
103.58	-0.005955247
103.6	-0.007675983
103.62	-0.009073849
103.64	-0.004254888
103.66	-0.002217137
103.68	0.001480055
103.7	0.00286112
103.72	0.003524924
103.74	0.00495822
103.76	0.00070275
103.78	-0.00254918
103.8	-0.002438589
103.82	0.000166867
103.84	0.008422373
103.86	0.014093019
103.88	0.012733113
103.9	0.010578551
103.92	0.008365832
103.94	0.008646221
103.96	0.006996922
103.98	0.000794306
104	-0.000239476
104.02	0.001506491
104.04	0.004274507
104.06	0.007505354
104.08	0.008644284
104.1	0.006886929
104.12	0.003376546
104.14	-0.000388867
104.16	-0.009394371
104.18	-0.011783389
104.2	-0.012929268
104.22	-0.011946451
104.24	-0.015296494
104.26	-0.015904259
104.28	-0.011713908
104.3	-0.011267484
104.32	-0.011526291
104.34	-0.011460696
104.36	-0.009909361
104.38	-0.005598097
104.4	0.00141766
104.42	0.003283599
104.44	0.004616867
104.46	0.007432795
104.48	0.008853941
104.5	0.007026392
104.52	0.010706455
104.54	0.011525051
104.56	0.005336176
104.58	-0.002778913
104.6	0.001006222
104.62	-0.000441334
104.64	-0.001029336
104.66	-0.002785124
104.68	-0.004728185
104.7	-0.005833681
104.72	-0.003521091
104.74	-0.005592486
104.76	-0.005507458
104.78	-0.00940067
104.8	-0.010305556
104.82	-0.010807622
104.84	-0.012712737
104.86	-0.017102072
104.88	-0.012873458
104.9	-0.005748905
104.92	-0.000660945
104.94	0.005469634
104.96	0.011251217
104.98	0.012579645
105	0.011143238
105.02	0.011253563
105.04	0.012467029
105.06	0.009749057
105.08	0.004098527
105.1	0.002789663
105.12	0.002653549
105.14	0.006277836
105.16	0.005883948
105.18	0.003688556
105.2	0.006300775
105.22	0.007583273
105.24	0.003111923
105.26	0.003551799
105.28	0.007890387
105.3	0.007561615
105.32	0.010822005
105.34	0.008832442
105.36	0.00699425
105.38	0.003966002
105.4	-0.002988414
105.42	-0.006232126
105.44	-0.002673152
105.46	0.003053425
105.48	0.00886113
105.5	0.011775281
105.52	0.015623099
105.54	0.018815925
105.56	0.021804243
105.58	0.021527305
105.6	0.018125183
105.62	0.013505897
105.64	0.007184928
105.66	0.006483268
105.68	0.00370998
105.7	-0.002939604
105.72	-0.006970272
105.74	-0.007630711
105.76	-0.00894577
105.78	-3.28676E-05
105.8	-0.002709595
105.82	-0.011291738
105.84	0.005491415
105.86	0.000998395
105.88	0.003645245
105.9	0.00927568
105.92	0.011636348
105.94	0.00622934
105.96	0.006551671
105.98	0.005161173
106	0.003636785
106.02	0.00294446
106.04	0.005174365
106.06	0.003140601
106.08	0.005032407
106.1	0.005740584
106.12	0.006831775
106.14	0.006323989
106.16	0.006978679
106.18	0.005986565
106.2	0.006117744
106.22	0.003938658
106.24	-0.000574985
106.26	-0.003942578
106.28	-0.007318524
106.3	-0.007104197
106.32	-0.007109118
106.34	-0.003978969
106.36	-0.001975616
106.38	-0.000737512
106.4	0.005955427
106.42	0.005158518
106.44	0.003766139
106.46	0.004918743
106.48	0.004916301
106.5	0.003012741
106.52	0.002413444
106.54	0.003030506
106.56	0.000262265
106.58	0.001702023
106.6	0.007195186
106.62	0.010828224
106.64	0.000163855
106.66	-0.003720522
106.68	0.000576588
106.7	-0.002443536
106.72	-0.002251503
106.74	0.00282648
106.76	0.006475762
106.78	0.005477557
106.8	0.002606593
106.82	0.001157874
106.84	0.001021969
106.86	-0.001938668
106.88	0.002961193
106.9	0.0047759
106.92	0.001747928
106.94	0.001197909
106.96	0.003281621
106.98	0.003702294
107	0.00941486
107.02	0.013535824
107.04	0.012157584
107.06	0.003242919
107.08	0.006319208
107.1	0.004059042
107.12	-0.000911606
107.14	-0.004873988
107.16	-0.005118883
107.18	-0.007208949
107.2	-0.007011591
107.22	-0.007951112
107.24	-0.006556344
107.26	-0.00803724
107.28	-0.006739972
107.3	-0.0028807
107.32	-0.002868423
107.34	-0.002793426
107.36	-0.002566815
107.38	-0.003285587
107.4	-0.000186124
107.42	0.00096652
107.44	0.005277635
107.46	0.006823846
107.48	0.00204557
107.5	-0.004159348
107.52	-0.00707288
107.54	-0.004514531
107.56	-0.003330565
107.58	-0.003014406
107.6	-0.001621475
107.62	0.000694847
107.64	0.001400827
107.66	-0.000839074
107.68	-0.003441
107.7	-0.003094323
107.72	-0.003659579
107.74	-0.003143445
107.76	-0.00412447
107.78	-0.005223349
107.8	-0.003949395
107.82	-0.003982364
107.84	-0.002953897
107.86	-0.003372311
107.88	-0.00347777
107.9	-0.002953291
107.92	-0.003227341
107.94	-0.003523453
107.96	-0.001307521
107.98	0.000486136
108	-0.000914654
108.02	-0.002277616
108.04	0.003713052
108.06	0.001402907
108.08	-0.006645455
108.1	-0.008610453
108.12	-0.012813775
108.14	-0.015088446
108.16	-0.015128834
108.18	-0.015464373
108.2	-0.0124636
108.22	-0.009736051
108.24	-0.006128613
108.26	-0.005659737
108.28	-0.004856948
108.3	-0.00208311
108.32	-0.001488241
108.34	-0.001606696
108.36	0.001308878
108.38	0.001513481
108.4	0.001488054
108.42	-0.000644914
108.44	-0.001831357
108.46	-0.004750193
108.48	-0.005573512
108.5	-0.002428547
108.52	-0.001831984
108.54	0.001060379
108.56	0.004582955
108.58	0.004443056
108.6	0.002766645
108.62	0.002528976
108.64	0.002147773
108.66	-0.001717957
108.68	-0.006621189
108.7	-0.00901039
108.72	-0.010155183
108.74	-0.009349199
108.76	-0.010290796
108.78	-0.010681011
108.8	-0.009238478
108.82	-0.007517481
108.84	-0.004481285
108.86	-0.003194042
108.88	0.001907728
108.9	0.005993278
108.92	0.008307679
108.94	0.009071925
108.96	0.006623069
108.98	0.008322002
109	0.009637649
109.02	0.005770505
109.04	0.00542527
109.06	0.005476004
109.08	0.005198835
109.1	0.005434578
109.12	0.004897799
109.14	0.008168028
109.16	0.004804438
109.18	0.003723534
109.2	0.004576804
109.22	-0.000760729
109.24	-0.000672186
109.26	5.78669E-05
109.28	-0.001983617
109.3	-0.006123375
109.32	-0.005437589
109.34	-0.004113333
109.36	-0.001097663
109.38	0.00109038
109.4	0.001311307
109.42	0.002350703
109.44	0.003746606
109.46	0.006144418
109.48	0.007172411
109.5	0.007701214
109.52	0.00480996
109.54	-0.001609929
109.56	-0.004167266
109.58	-0.004667384
109.6	-0.000208156
109.62	0.00188432
109.64	0.003790226
109.66	0.006611988
109.68	0.006041526
109.7	0.011703762
109.72	0.011753598
109.74	0.006312153
109.76	0.000464705
109.78	-0.002693836
109.8	-0.001436261
109.82	0.000697252
109.84	0.010812868
109.86	0.014937872
109.88	0.011804948
109.9	0.010997306
109.92	0.008811802
109.94	0.007586295
109.96	0.006904492
109.98	0.006339599
110	0.002914838
110.02	-0.002367362
110.04	-0.006129231
110.06	-0.011262402
110.08	-0.011023027
110.1	-0.014147709
110.12	-0.012878947
110.14	-0.010121245
110.16	-0.008649109
110.18	-0.005621397
110.2	-0.003015886
110.22	-0.003199284
110.24	-0.005362158
110.26	-0.005997466
110.28	-0.005096658
110.3	-0.004355232
110.32	0.000847052
110.34	0.005102868
110.36	0.005688921
110.38	0.005817228
110.4	0.004157428
110.42	0.003952826
110.44	0.00734842
110.46	0.010346649
110.48	0.012896675
110.5	0.012421364
110.52	0.011363409
110.54	0.010096289
110.56	0.007109107
110.58	0.001166859
110.6	-0.003223043
110.62	-0.006772208
110.64	-0.008335842
110.66	-0.007961609
110.68	-0.005561787
110.7	-0.004972072
110.72	-0.007349391
110.74	-0.005473658
110.76	-0.004914608
110.78	-0.003577658
110.8	-0.000290817
110.82	0.002875074
110.84	0.002388624
110.86	-0.002603106
110.88	-0.004474244
110.9	-2.93507E-05
110.92	0.002232652
110.94	0.004323983
110.96	0.004497317
110.98	0.002133931
111	0.004090065
111.02	0.005491713
111.04	0.010391366
111.06	0.013827787
111.08	0.00945057
111.1	0.004448928
111.12	0.006264553
111.14	0.004883634
111.16	0.001657438
111.18	0.000611982
111.2	-0.002614009
111.22	-0.006842049
111.24	-0.006397803
111.26	-0.00133794
111.28	-0.001205878
111.3	-0.002873312
111.32	-0.002544272
111.34	-0.002795606
111.36	-0.00392185
111.38	-0.002276946
111.4	-0.003044964
111.42	-0.001649483
111.44	-0.004992596
111.46	-0.00929654
111.48	-0.006960103
111.5	-0.008182419
111.52	-0.013686495
111.54	-0.015521399
111.56	-0.014194772
111.58	-0.010758689
111.6	-0.010424689
111.62	-0.006343294
111.64	-0.004194841
111.66	-0.003589167
111.68	-0.005605492
111.7	-0.007166397
111.72	-0.00748214
111.74	-0.006647728
111.76	-0.00686509
111.78	-0.006103418
111.8	-0.005589761
111.82	-0.004576979
111.84	-0.00449893
111.86	-0.002103809
111.88	-0.000117334
111.9	0.000648328
111.92	1.70772E-05
111.94	4.04072E-05
111.96	-0.00092645
111.98	-0.000793205
112	-0.001745381
112.02	-0.002856337
112.04	-0.005253615
112.06	-0.005674494
112.08	-0.00644204
112.1	-0.006789762
112.12	-0.004855601
112.14	-0.002451298
112.16	-0.000875288
112.18	-4.73377E-05
112.2	0.001911647
112.22	0.001586797
112.24	-0.002208927
112.26	-0.00507998
112.28	-0.007183798
112.3	-0.007502673
112.32	-0.005024885
112.34	-0.003592847
112.36	-0.006086389
112.38	-0.006705128
112.4	-0.008650427
112.42	-0.008777873
112.44	-0.009183749
112.46	-0.010205865
112.48	-0.00586388
112.5	-0.000774359
112.52	0.004346713
112.54	0.007922749
112.56	0.008353687
112.58	0.007056836
112.6	0.002516187
112.62	0.001230017
112.64	-0.0028947
112.66	-0.008411714
112.68	-0.012866492
112.7	-0.015760149
112.72	-0.013698556
112.74	-0.007350373
112.76	-0.004630284
112.78	-0.001282842
112.8	0.000732229
112.82	0.001833962
112.84	0.003480744
112.86	0.0071118
112.88	0.004255418
112.9	0.00461719
112.92	0.003592827
112.94	-0.002335782
112.96	-0.003188031
112.98	-0.00164777
113	-0.004871518
113.02	-0.009559589
113.04	-0.010820594
113.06	-0.007331664
113.08	-0.00366818
113.1	-0.000633286
113.12	-8.40683E-05
113.14	-0.000897
113.16	-0.000576419
113.18	0.003877899
113.2	0.005759647
113.22	0.004335536
113.24	0.001281654
113.26	-0.000119771
113.28	0.001268989
113.3	0.004298299
113.32	0.00756263
113.34	0.007945279
113.36	0.005289885
113.38	-0.000769271
113.4	-0.001452795
113.42	0.003037193
113.44	0.005380016
113.46	0.006095405
113.48	0.004542887
113.5	-0.002234839
113.52	-0.008636874
113.54	-0.00471098
113.56	-0.002698983
113.58	-0.000485445
113.6	-0.002222248
113.62	-0.000498435
113.64	0.003895634
113.66	0.000850587
113.68	0.001132428
113.7	-0.000861284
113.72	-0.000781651
113.74	-0.004178109
113.76	-0.005429677
113.78	-0.007408009
113.8	-0.00544481
113.82	-0.001286943
113.84	0.001287064
113.86	0.000167
113.88	0.002919277
113.9	0.003985271
113.92	0.003380688
113.94	0.00227112
113.96	2.70692E-05
113.98	0.000669644
114	-0.003443894
114.02	-0.007391497
114.04	-0.007622416
114.06	-0.00936557
114.08	-0.010719512
114.1	-0.00701168
114.12	-0.002867397
114.14	-0.001179689
114.16	0.001025374
114.18	0.001474066
114.2	0.005672312
114.22	0.010383432
114.24	0.012040176
114.26	0.009711573
114.28	0.003916962
114.3	-0.001519362
114.32	-0.002891772
114.34	-0.003655304
114.36	0.000242646
114.38	0.000950671
114.4	0.007812542
114.42	0.010216631
114.44	0.006512308
114.46	0.004383701
114.48	0.00055605
114.5	-0.003422199
114.52	-0.002652511
114.54	-0.003156913
114.56	-0.000526363
114.58	0.003229574
114.6	0.005941307
114.62	0.005903951
114.64	0.00379443
114.66	-0.000995817
114.68	-0.005163603
114.7	-0.004138204
114.72	0.001233358
114.74	0.001347004
114.76	0.003315875
114.78	0.003630899
114.8	0.006025246
114.82	0.006322874
114.84	0.005520249
114.86	0.006719716
114.88	0.008126807
114.9	0.009551784
114.92	0.008202138
114.94	0.008083076
114.96	0.008054395
114.98	0.005732485
115	0.008513353
115.02	0.009920895
115.04	0.010101684
115.06	0.01002906
115.08	0.007589861
115.1	0.002438706
115.12	-0.00052165
115.14	0.002752033
115.16	0.003300115
115.18	0.000364892
115.2	0.001166776
115.22	0.003199111
115.24	0.003822152
115.26	0.003868924
115.28	0.00315009
115.3	0.000779985
115.32	0.003505815
115.34	0.006035758
115.36	0.004875291
115.38	0.004950743
115.4	0.007824855
115.42	0.006068271
115.44	0.00442274
115.46	0.001229165
115.48	0.000701651
115.5	0.0022134
115.52	0.002329306
115.54	0.001035469
115.56	0.003104285
115.58	0.006869921
115.6	0.015344725
115.62	0.015599921
115.64	0.016684751
115.66	0.011514914
115.68	0.006985772
115.7	0.006114999
115.72	0.003429878
115.74	-0.002317145
115.76	-0.003541688
115.78	-0.003525536
115.8	-0.002967913
115.82	-0.001665867
115.84	0.002702358
115.86	-0.001592963
115.88	-0.006406365
115.9	-0.009150887
115.92	-0.010494922
115.94	-0.009628275
115.96	-0.004573638
115.98	-0.006520902
116	-0.005322516
116.02	-0.004022002
116.04	-0.007583351
116.06	-0.00825229
116.08	-0.009819824
116.1	-0.00938274
116.12	-0.004624484
116.14	-0.000588019
116.16	0.003942592
116.18	0.005018323
116.2	0.005428256
116.22	0.00458818
116.24	0.0014151
116.26	0.0017383
116.28	0.000173669
116.3	0.002710976
116.32	0.006948411
116.34	0.010273425
116.36	0.014073452
116.38	0.01440246
116.4	0.014760188
116.42	0.012330498
116.44	0.011085783
116.46	0.01012565
116.48	0.007907352
116.5	0.004355077
116.52	0.001408483
116.54	-0.003985253
116.56	-0.006580932
116.58	-0.007794438
116.6	-0.004700476
116.62	-0.009509319
116.64	-0.008041411
116.66	-0.00506468
116.68	-0.001366353
116.7	-0.000225445
116.72	0.000694227
116.74	0.001459971
116.76	0.002527613
116.78	0.002498308
116.8	0.001192305
116.82	-0.000347251
116.84	0.001122233
116.86	0.00174659
116.88	0.007018436
116.9	0.008352805
116.92	0.008228408
116.94	0.006931911
116.96	0.006089053
116.98	0.003988224
117	0.004181629
117.02	0.0104914
117.04	0.001403024
117.06	-7.38492E-05
117.08	0.004176332
117.1	-0.001267305
117.12	-0.001056601
117.14	-0.005120927
117.16	-0.005855751
117.18	-0.004623641
117.2	-0.003628465
117.22	-0.001042265
117.24	0.000905014
117.26	0.000384575
117.28	-6.41929E-05
117.3	0.001159043
117.32	-0.002329693
117.34	-0.010709053
117.36	-0.009991212
117.38	-0.013725555
117.4	-0.02104829
117.42	-0.014651164
117.44	-0.009244914
117.46	-0.007345083
117.48	-0.00148791
117.5	-0.00215787
117.52	0.001706707
117.54	0.00360742
117.56	0.004058855
117.58	0.000559717
117.6	-0.001496726
117.62	-0.00093894
117.64	0.001634635
117.66	-0.000436702
117.68	0.000988314
117.7	0.002836609
117.72	0.004673739
117.74	0.004675749
117.76	0.007684154
117.78	0.009725548
117.8	0.011742733
117.82	0.009638206
117.84	0.008114108
117.86	0.004584734
117.88	0.000394087
117.9	-0.003568687
117.92	-0.005906623
117.94	-0.005666203
117.96	-0.00646054
117.98	-0.006200797
118	0.000107615
118.02	-0.003350223
118.04	-0.007323672
118.06	-0.006664351
118.08	-0.003124669
118.1	-0.002576733
118.12	-0.000644182
118.14	-0.002873156
118.16	-0.002142851
118.18	-0.000864425
118.2	0.001274466
118.22	-0.000443008
118.24	-0.006846684
118.26	-0.009896082
118.28	-0.005856298
118.3	-0.003720901
118.32	0.00169852
118.34	0.006313969
118.36	0.007509101
118.38	0.000758518
118.4	-0.000325552
118.42	0.001802831
118.44	-0.002263171
118.46	-0.001774235
118.48	-0.00725695
118.5	-0.007817808
118.52	0.000534953
118.54	0.002069846
118.56	0.000406706
118.58	0.002396104
118.6	0.006607807
118.62	0.011158375
118.64	0.014182049
118.66	0.013185336
118.68	0.011711569
118.7	0.008647657
118.72	0.006035072
118.74	0.001701573
118.76	0.00195353
118.78	0.003707162
118.8	0.007881846
118.82	0.004293294
118.84	0.002270545
118.86	0.001571342
118.88	0.001051118
118.9	0.000915038
118.92	0.000897197
118.94	0.00382999
118.96	0.011329461
118.98	0.011684793
119	0.01176871
119.02	0.00943967
119.04	0.006476869
119.06	0.01055273
119.08	0.007806777
119.1	0.003777785
119.12	0.009895639
119.14	0.014846382
119.16	0.015319321
119.18	0.012506746
119.2	0.009474488
119.22	0.008623173
119.24	0.006469126
119.26	0.00268271
119.28	-0.001286511
119.3	-0.006959423
119.32	-0.010753509
119.34	-0.010847356
119.36	-0.007242917
119.38	-0.002320724
119.4	0.00297828
119.42	0.005430242
119.44	0.003068431
119.46	-0.001326472
119.48	-0.003984
119.5	-0.009279497
119.52	-0.014032915
119.54	-0.011839706
119.56	-0.011542419
119.58	-0.01132488
119.6	-0.006117353
119.62	-0.003511343
119.64	-0.005784578
119.66	-0.007899468
119.68	-0.011327789
119.7	-0.0128167
119.72	-0.011589806
119.74	-0.010407798
119.76	-0.004778718
119.78	0.000501997
119.8	0.00365341
119.82	0.001720605
119.84	-0.000388508
119.86	-0.003235465
119.88	-0.005021348
119.9	-0.00519321
119.92	-0.005344687
119.94	-0.002249918
119.96	-0.00112533
119.98	-0.000858401
120	0.001600497
120.02	0.003723212
120.04	0.004310233
120.06	0.002216208
120.08	-0.000963384
120.1	-0.001526071
120.12	-0.001179015
120.14	0.000508918
120.16	-0.000266927
120.18	-0.009275757
120.2	-0.003880021
120.22	0.004454208
120.24	0.003463711
120.26	-0.003579692
120.28	-0.002869374
120.3	-0.001763995
120.32	-0.007763327
120.34	-0.008896814
120.36	-0.008235017
120.38	-0.005837791
120.4	-0.006081211
120.42	-0.004879463
120.44	-0.004871479
120.46	-0.002365206
120.48	0.000721063
120.5	0.002849503
120.52	0.001875066
120.54	0.000969553
120.56	0.000387157
120.58	0.001491373
120.6	0.001527477
120.62	-0.000906627
120.64	-0.003520967
120.66	-0.001218576
120.68	-0.001184541
120.7	-0.007875759
120.72	-0.011912478
120.74	-0.014488782
120.76	-0.015205887
120.78	-0.011698764
120.8	-0.011543674
120.82	-0.007590012
120.84	-0.007760612
120.86	-0.006303441
120.88	-0.003590352
120.9	-0.003050003
120.92	-0.005298075
120.94	-0.009706274
120.96	-0.011898752
120.98	-0.01375516
121	-0.009988044
121.02	-0.007156794
121.04	-0.003595347
121.06	0.000651968
121.08	-0.000864238
121.1	-0.004387744
121.12	-0.004130332
121.14	-0.007063982
121.16	-0.00966275
121.18	-0.010044969
121.2	-0.004392146
121.22	0.00231899
121.24	0.003646759
121.26	0.001704191
121.28	-0.003042209
121.3	-0.008576564
121.32	-0.013661761
121.34	-0.016322998
121.36	-0.018540817
121.38	-0.014653939
121.4	-0.008745981
121.42	-0.005745486
121.44	-0.001148198
121.46	0.00274987
121.48	0.005468351
121.5	0.009109724
121.52	0.008693897
121.54	0.006871781
121.56	0.001070713
121.58	0.004044576
121.6	0.000271985
121.62	-0.002202144
121.64	-0.0012891
121.66	-0.002064962
121.68	-0.003974883
121.7	-0.005740146
121.72	-0.003942833
121.74	-0.00603651
121.76	-0.010052429
121.78	-0.009228337
121.8	-0.006003543
121.82	-0.004921046
121.84	-0.006887359
121.86	-0.004872599
121.88	-0.00324893
121.9	-0.001390082
121.92	0.000860103
121.94	-0.00288878
121.96	-0.007320034
121.98	-0.010981594
122	-0.009743423
122.02	-0.006762403
122.04	-0.001195375
122.06	0.006798839
122.08	0.006322195
122.1	0.005852346
122.12	0.006298729
122.14	0.00615544
122.16	0.00837715
122.18	0.010066232
122.2	0.007750864
122.22	0.004109183
122.24	0.005424912
122.26	0.003148209
122.28	0.003261616
122.3	0.00389531
122.32	0.003814677
122.34	0.00465121
122.36	-0.00276558
122.38	-0.011459001
122.4	-0.004493956
122.42	-0.005763648
122.44	-0.005988737
122.46	-0.001986036
122.48	-0.000303317
122.5	0.001841564
122.52	0.001656244
122.54	0.002103875
122.56	-0.00105889
122.58	-0.002333422
122.6	-0.003958987
122.62	-0.000655068
122.64	0.005099062
122.66	0.007420865
122.68	0.004636034
122.7	0.004151803
122.72	0.004258113
122.74	0.005965135
122.76	0.006847718
122.78	0.005715603
122.8	0.002968209
122.82	0.006779178
122.84	0.008024399
122.86	0.009616088
122.88	0.011133468
122.9	0.009746146
122.92	0.006866557
122.94	0.009001175
122.96	0.011807202
122.98	0.018349076
123	0.020847287
123.02	0.020181164
123.04	0.016408065
123.06	0.009406242
123.08	0.00760959
123.1	0.0058777
123.12	0.002888957
123.14	0.00380836
123.16	0.003118023
123.18	-0.006934261
123.2	0.002919978
123.22	0.004941373
123.24	-0.008400581
123.26	-0.002134546
123.28	-0.00039909
123.3	-0.002648783
123.32	-0.001724792
123.34	0.004503567
123.36	0.004695683
123.38	0.002724445
123.4	0.00331156
123.42	0.001936658
123.44	0.002456777
123.46	0.003372065
123.48	0.005683594
123.5	0.008122173
123.52	0.00745247
123.54	0.007962731
123.56	0.006725647
123.58	0.004812721
123.6	0.001997814
123.62	0.000532013
123.64	0.001558601
123.66	0.003995762
123.68	-0.000879641
123.7	-0.004650463
123.72	-0.00552617
123.74	-0.00510288
123.76	-0.007506984
123.78	-0.006512651
123.8	-0.012680555
123.82	-0.01216608
123.84	-0.010509869
123.86	-0.010491766
123.88	-0.009217695
123.9	-0.008569686
123.92	-0.009838264
123.94	-0.007994241
123.96	-0.011926144
123.98	-0.0102829
124	-0.005334853
124.02	-0.002337789
124.04	-0.006684332
124.06	-0.004861197
124.08	-0.003284844
124.1	-0.004189096
124.12	-0.005136574
124.14	-0.008283075
124.16	-0.007141763
124.18	-0.003838775
124.2	-0.000728334
124.22	0.005484163
124.24	0.004137441
124.26	0.000311432
124.28	0.000563292
124.3	0.000917573
124.32	-0.000403403
124.34	-0.002415796
124.36	-7.66559E-05
124.38	0.005126817
124.4	0.009749021
124.42	0.011341198
124.44	0.011200978
124.46	0.009313935
124.48	0.004515481
124.5	0.003036226
124.52	0.000770856
124.54	-0.000796174
124.56	0.003729477
124.58	0.010434247
124.6	0.006350107
124.62	0.013029615
124.64	0.008792936
124.66	0.002784729
124.68	-0.004658846
124.7	-0.012115874
124.72	-0.014036588
124.74	-0.009669948
124.76	-0.004281558
124.78	0.002325013
124.8	0.005608533
124.82	0.010546214
124.84	0.011528889
124.86	0.008454212
124.88	0.00306188
124.9	0.001014308
124.92	0.003040717
124.94	-0.001814068
124.96	-0.006970922
124.98	0.003276503
125	0.000600286
125.02	0.004962086
125.04	0.007359685
125.06	0.008435093
125.08	0.007336413
125.1	0.005959948
125.12	0.000157778
125.14	-0.003833002
125.16	-0.007248293
125.18	-0.009617336
125.2	-0.012462825
125.22	-0.01530886
125.24	-0.009798651
125.26	-0.007980053
125.28	0.004310433
125.3	-0.002151287
125.32	-0.015849878
125.34	-0.00758634
125.36	-0.003894138
125.38	-0.004852869
125.4	-0.00741102
125.42	-0.008016662
125.44	-0.002209628
125.46	0.005654031
125.48	0.007406715
125.5	0.009363702
125.52	0.004814703
125.54	-0.000757789
125.56	-0.004022141
125.58	0.000119166
125.6	0.006976809
125.62	0.008772133
125.64	0.006599878
125.66	0.008929845
125.68	0.008990288
125.7	0.005161764
125.72	0.003944022
125.74	-0.001762345
125.76	-0.004571227
125.78	-0.006047888
125.8	-0.001969235
125.82	0.006289191
125.84	0.010947793
125.86	0.01199034
125.88	0.014274808
125.9	0.014860337
125.92	0.014194153
125.94	0.012863044
125.96	0.011005242
125.98	0.007752701
126	0.006276156
126.02	0.002887719
126.04	0.00793663
126.06	0.01379538
126.08	0.003352501
126.1	0.003797965
126.12	-0.00019017
126.14	0.001790907
126.16	0.001981382
126.18	-0.000838682
126.2	-0.000867811
126.22	0.000196853
126.24	0.002223121
126.26	-0.002009233
126.28	-0.006978493
126.3	-0.009110389
126.32	-0.008132208
126.34	-0.005841358
126.36	-0.000888968
126.38	0.006417755
126.4	0.009418695
126.42	0.006393229
126.44	0.009213406
126.46	0.013590539
126.48	0.008588385
126.5	0.007030074
126.52	0.002491755
126.54	-0.001929118
126.56	-0.001314942
126.58	-0.002567552
126.6	-0.00679586
126.62	-0.009517835
126.64	-0.007690519
126.66	-0.00949299
126.68	-0.001918487
126.7	0.004115836
126.72	0.00363375
126.74	-0.000448763
126.76	-0.001969993
126.78	0.000380507
126.8	0.000125381
126.82	-0.004863795
126.84	-0.009600111
126.86	-0.008801848
126.88	-0.004113702
126.9	-0.000338248
126.92	0.004356219
126.94	0.009670183
126.96	0.017454132
126.98	0.019853449
127	0.019787148
127.02	0.019348192
127.04	0.014656898
127.06	0.005963669
127.08	0.007100715
127.1	0.008969858
127.12	0.004652142
127.14	-0.000306822
127.16	-0.003915856
127.18	-0.007446019
127.2	-0.008513687
127.22	-0.004943666
127.24	6.28467E-05
127.26	0.002522701
127.28	0.005322537
127.3	0.006051137
127.32	0.008999904
127.34	0.005115394
127.36	-0.003295201
127.38	-0.008115156
127.4	-0.012057419
127.42	-0.012935577
127.44	-0.010678046
127.46	-0.011009046
127.48	-0.008361986
127.5	-0.006426794
127.52	0.00094735
127.54	0.004945846
127.56	0.007469066
127.58	0.000327768
127.6	-0.006924893
127.62	-0.006697385
127.64	-0.010557507
127.66	-0.013803203
127.68	-0.016698832
127.7	-0.018350571
127.72	-0.016484556
127.74	-0.018735526
127.76	-0.015484312
127.78	-0.011199193
127.8	-0.009387725
127.82	-0.013060909
127.84	-0.009889412
127.86	-0.002074882
127.88	0.005697512
127.9	0.009175181
127.92	0.011073552
127.94	0.011141695
127.96	0.010568602
127.98	0.00130194
128	-0.000756837
128.02	0.001458008
128.04	0.001544404
128.06	0.005379872
128.08	0.005398764
128.1	0.005844109
128.12	0.008639893
128.14	0.005918276
128.16	0.003908152
128.18	0.005181565
128.2	0.005097938
128.22	0.003612258
128.24	0.004653241
128.26	0.002155837
128.28	0.000970446
128.3	-0.000733545
128.32	-0.002813265
128.34	-0.003348238
128.36	7.39266E-05
128.38	0.002250829
128.4	0.001995886
128.42	0.002778014
128.44	0.003967896
128.46	0.000232747
128.48	-0.00163878
128.5	-0.003185634
128.52	-0.001471319
128.54	-0.001073143
128.56	0.001348964
128.58	0.000573258
128.6	-0.000612024
128.62	0.000255453
128.64	0.002565628
128.66	0.00170978
128.68	0.003275526
128.7	0.004296248
128.72	0.007317815
128.74	0.009108651
128.76	0.017764372
128.78	0.01032288
128.8	0.013957914
128.82	0.009442435
128.84	0.012674172
128.86	0.012333911
128.88	0.007964408
128.9	0.008778178
128.92	0.003892875
128.94	-0.000562135
128.96	0.000243437
128.98	-0.001023267
129	-0.001489135
129.02	-0.004821432
129.04	-0.008214875
129.06	-0.009623889
129.08	-0.012187563
129.1	-0.012977844
129.12	-0.015207661
129.14	-0.017839931
129.16	-0.014659498
129.18	-0.006751639
129.2	0.003663182
129.22	0.006551953
129.24	0.001795464
129.26	0.004012397
129.28	0.006165411
129.3	0.002056716
129.32	0.004828898
129.34	0.00705017
129.36	0.004081302
129.38	0.001530288
129.4	0.005083363
129.42	0.006980154
129.44	0.007529073
129.46	0.009640199
129.48	0.010298163
129.5	0.010867191
129.52	0.011045837
129.54	0.007621928
129.56	0.002341649
129.58	-0.003573213
129.6	-0.004689449
129.62	-0.005835012
129.64	-0.008178208
129.66	-0.00981041
129.68	-0.008495356
129.7	-0.010180965
129.72	-0.012114601
129.74	-0.011707831
129.76	-0.012219264
129.78	-0.016533698
129.8	-0.000246695
129.82	0.011109873
129.84	0.001302408
129.86	0.006244553
129.88	0.002904109
129.9	-0.00394748
129.92	-0.007534474
129.94	-0.005983684
129.96	-0.005637043
129.98	-0.003900176
130	-0.004827308
130.02	-0.003138148
130.04	-0.005489714
130.06	-0.006753078
130.08	-0.004149349
130.1	-0.008298565
130.12	-0.011665285
130.14	-0.010765392
130.16	-0.005902677
130.18	-0.003196162
130.2	-0.004216253
130.22	-0.000236701
130.24	0.002575563
130.26	-0.000720322
130.28	-0.005251457
130.3	-9.96188E-05
130.32	0.002540595
130.34	-0.001034456
130.36	-0.001323819
130.38	-0.003897169
130.4	-0.007998881
130.42	-0.008352538
130.44	-0.006315637
130.46	-0.007288789
130.48	-0.010188719
130.5	-0.009764087
130.52	-0.007609438
130.54	-0.011306086
130.56	-0.008082138
130.58	-0.006080645
130.6	-0.006670463
130.62	-0.004161002
130.64	-0.007109003
130.66	-0.010523887
130.68	-0.009931494
130.7	-0.014190064
130.72	-0.010949062
130.74	-0.011247728
130.76	-0.005580616
130.78	-0.001856157
130.8	-0.00206727
130.82	0.000250242
130.84	0.000603748
130.86	0.00174985
130.88	0.007823272
130.9	0.008663693
130.92	0.006501192
130.94	0.005732891
130.96	0.005212426
130.98	0.005407958
131	0.003386346
131.02	0.003908901
131.04	-0.000986347
131.06	-0.007486985
131.08	-0.011051757
131.1	-0.012809021
131.12	-0.014367472
131.14	-0.013534416
131.16	-0.015683511
131.18	-0.015303085
131.2	-0.012625534
131.22	-0.002671718
131.24	0.003203504
131.26	0.004455431
131.28	0.00156852
131.3	0.001173352
131.32	-0.003091489
131.34	-0.005799067
131.36	-0.006262867
131.38	-0.000962538
131.4	-0.003732648
131.42	-0.00459983
131.44	-0.003089816
131.46	0.00275349
131.48	0.005291053
131.5	0.004035193
131.52	-0.000350425
131.54	-0.001323061
131.56	0.00197112
131.58	0.006789259
131.6	0.008297942
131.62	0.006368576
131.64	-0.00541399
131.66	-0.007422253
131.68	-0.00805134
131.7	-0.008673965
131.72	-0.008931383
131.74	-0.013139792
131.76	-0.011150992
131.78	-0.004952505
131.8	-0.000804046
131.82	0.001161308
131.84	0.001523409
131.86	-0.000716265
131.88	-0.000411944
131.9	0.003180493
131.92	0.007890102
131.94	0.010125599
131.96	0.00353547
131.98	0.001562468
132	-0.003144381
132.02	-0.006298908
132.04	-0.000431991
132.06	-0.004113172
132.08	-0.014125033
132.1	-0.011944811
132.12	-0.002826172
132.14	0.002700868
132.16	0.004171913
132.18	0.006090476
132.2	0.008927834
132.22	0.011636306
132.24	0.0110103
132.26	0.013351488
132.28	0.013940948
132.3	0.018015275
132.32	0.019532314
132.34	0.020046079
132.36	0.019399064
132.38	0.020170269
132.4	0.020751781
132.42	0.02075171
132.44	0.019663613
132.46	0.019959253
132.48	0.01671226
132.5	0.01289423
132.52	0.008835251
132.54	0.005384495
132.56	-0.003977819
132.58	-0.00562278
132.6	-0.003175954
132.62	-0.001315208
132.64	0.001176133
132.66	0.013569829
132.68	0.004738581
132.7	0.005702955
132.72	0.003330309
132.74	-0.002023911
132.76	0.000590601
132.78	0.008198513
132.8	0.013793807
132.82	0.014933172
132.84	0.012569742
132.86	0.008322155
132.88	0.00718019
132.9	0.0080468
132.92	0.004949338
132.94	-0.001299268
132.96	-0.001656546
132.98	-8.41294E-05
133	-0.000768089
133.02	0.004959226
133.04	0.012499844
133.06	0.012094691
133.08	0.008091474
133.1	0.008904942
133.12	0.007399981
133.14	0.001645088
133.16	-0.004005515
133.18	-0.00385366
133.2	-0.003844608
133.22	-0.002528657
133.24	-0.001340789
133.26	-0.001970991
133.28	-0.007062937
133.3	-0.009714533
133.32	-0.010100218
133.34	-0.010941433
133.36	-0.010209325
133.38	-0.012099173
133.4	-0.007707168
133.42	-0.006467651
133.44	-0.005953009
133.46	-0.011422104
133.48	-0.008847205
133.5	-0.007622494
133.52	-0.008484177
133.54	-0.01212174
133.56	-0.017332915
133.58	-0.015352446
133.6	-0.01321382
133.62	-0.009814336
133.64	-0.008105405
133.66	-0.004695345
133.68	-0.002812501
133.7	0.002508992
133.72	0.006013275
133.74	0.010167808
133.76	0.013354316
133.78	0.015207717
133.8	0.014047541
133.82	0.009807573
133.84	0.006137251
133.86	-0.004297802
133.88	-0.001244462
133.9	-9.35315E-05
133.92	0.000658583
133.94	0.004743718
133.96	0.001571989
133.98	-0.002012095
134	-0.007334906
134.02	-0.005969805
134.04	-0.002434445
134.06	-0.000560757
134.08	1.26052E-05
134.1	0.001737932
134.12	-0.001468871
134.14	-0.004979561
134.16	-0.003538346
134.18	-0.002371015
134.2	-0.002058264
134.22	0.000173614
134.24	0.001469824
134.26	0.001787005
134.28	0.001779638
134.3	0.000439893
134.32	-0.002327608
134.34	-0.002139495
134.36	-0.003348731
134.38	-0.000322792
134.4	-0.002349203
134.42	-0.001133465
134.44	-0.006598177
134.46	-0.008686922
134.48	-0.009219032
134.5	-0.005632291
134.52	-0.003744193
134.54	-0.002230958
134.56	0.000354746
134.58	0.005226808
134.6	0.01060892
134.62	0.007605461
134.64	-0.000307042
134.66	-0.001868591
134.68	0.004426283
134.7	-0.000316691
134.72	-0.002111397
134.74	-0.002358574
134.76	-0.004803887
134.78	-0.004880866
134.8	-0.004800438
134.82	-0.004034391
134.84	0.000660001
134.86	0.001835399
134.88	0.000559186
134.9	0.002411037
134.92	0.002561441
134.94	0.001148918
134.96	-0.001345249
134.98	0.0004257
135	0.004179634
135.02	0.005228119
135.04	0.001418075
135.06	-0.000171527
135.08	-0.001003836
135.1	8.15104E-06
135.12	0.001578146
135.14	0.000608023
135.16	0.001712994
135.18	0.001523016
135.2	0.002614188
135.22	0.000315151
135.24	-0.00056161
135.26	-0.002749944
135.28	-0.002007621
135.3	-0.000956683
135.32	0.001218815
135.34	-5.03679E-05
135.36	-0.000552174
135.38	0.001850978
135.4	0.001290396
135.42	0.002319802
135.44	0.003565884
135.46	0.002174651
135.48	-0.000706096
135.5	-0.00234598
135.52	-0.001503417
135.54	-0.001264888
135.56	-0.002445349
135.58	-0.00200263
135.6	-0.003454348
135.62	-0.000714079
135.64	-0.001559115
135.66	0.000138838
135.68	0.000723634
135.7	0.004887658
135.72	0.003546356
135.74	-0.000770247
135.76	-0.00318361
135.78	9.47525E-05
135.8	-0.000783066
135.82	0.001139003
135.84	-0.00394189
135.86	-0.002855539
135.88	-0.000509156
135.9	0.003663678
135.92	-0.001373297
135.94	0.00188941
135.96	0.001868352
135.98	0.001709053
136	0.000286542
136.02	0.00065242
136.04	0.000724994
136.06	0.000823706
136.08	0.000242944
136.1	0.000615502
136.12	0.001299353
136.14	0.002168098
136.16	-1.00636E-05
136.18	0.000103427
136.2	0.0014946
136.22	0.000496799
136.24	-0.000530621
136.26	-0.00154426
136.28	-0.000267608
136.3	8.25864E-05
136.32	0.000978701
136.34	0.000774047
136.36	0.001770961
136.38	0.001804219
136.4	0.001381071
136.42	0.000443651
136.44	7.82703E-05
136.46	0.002749517
136.48	0.002291191
136.5	0.000417711
136.52	-0.000712196
136.54	-0.001947086
136.56	-0.002272077
136.58	-0.000867293
136.6	0.001024836
136.62	0.000344981
136.64	0.000573506
136.66	0.00039637
136.68	0.001157281
136.7	0.000894954
136.72	0.002019105
136.74	0.000758076
136.76	0.000230366
136.78	-0.000342913
136.8	-0.00110222
136.82	-0.002258336
136.84	-0.001084452
136.86	0.000313113
136.88	0.001522054
136.9	0.001357167
136.92	7.60835E-05
136.94	-6.04502E-06
136.96	-8.17566E-05
136.98	6.25644E-05
137	-0.000127638
137.02	-0.000613279
137.04	-0.000957063
137.06	-0.001187819
137.08	0.000212263
137.1	0.000739973
137.12	0.000202036
137.14	-0.000441871
137.16	1.5401E-05
137.18	-0.000730395
137.2	-0.001140476
137.22	-0.00091856
137.24	-0.000647762
137.26	-0.000349813
137.28	-0.000283378
137.3	-0.001435162
137.32	-0.001787581
137.34	-7.08164E-06
137.36	0.001370814
137.38	0.000653541
137.4	0.001040656
137.42	0.000643629
137.44	-0.000128852
137.46	0.000140608
137.48	-0.000140024
137.5	-0.000304896
137.52	-0.000482877
137.54	-0.000798917
137.56	-0.000684897
137.58	-0.000472304
137.6	0.000816987
137.62	0.001528377
137.64	0.001880734
137.66	0.001205081
137.68	0.000944931
137.7	0.000409614
137.72	-0.00038611
137.74	0.000191165
137.76	-0.000108426
137.78	9.5306E-05
137.8	-0.000239509
137.82	-8.9504E-05
137.84	0.000385239
137.86	0.000694661
137.88	0.001058392
137.9	0.000770965
137.92	0.000454276
137.94	-4.2682E-05
137.96	-0.000244444
137.98	-0.000158769
138	9.56824E-05
138.02	0.000470596
138.04	0.000745094
138.06	0.000435767
138.08	4.70247E-07
138.1	0.000130012
138.12	0.000431448
138.14	0.000641207
138.16	0.000600113
138.18	-9.75927E-05
138.2	-0.0007017
138.22	-0.000515797
138.24	-0.00036406
138.26	-0.00045969
138.28	-0.000298695
138.3	9.23575E-05
138.32	0.000167929
138.34	0.00073015
138.36	0.000983384
138.38	0.00081763
138.4	0.000477016
138.42	0.000190963
138.44	-0.000620212
138.46	-0.000975537
138.48	-0.001193881
138.5	-0.001001805
138.52	-0.000635498
138.54	-0.000298489
138.56	-7.9707E-05
138.58	-0.000120904
138.6	0.000147383
138.62	0.00018364
138.64	0.000154067
138.66	-0.000157853
138.68	-0.000548858
138.7	-0.000784668
138.72	-0.000917433
138.74	-0.00059434
138.76	-0.000502369
138.78	-0.000246087
138.8	3.24857E-05
138.82	-6.39257E-05
138.84	-0.000216137
138.86	-0.000373122
138.88	-0.000233489
138.9	-0.000125925
138.92	2.00905E-05
138.94	-0.000348447
138.96	-0.000531747
138.98	-0.000272575
139	1.01047E-05
139.02	0.000100179
139.04	0.000408272
139.06	0.000280794
139.08	0.000277006
139.1	0.000250654
139.12	0.000329145
139.14	0.000307566
139.16	2.75202E-05
139.18	-0.000381249
139.2	-0.000374751
139.22	-0.000185332
139.24	0.000159988
139.26	0.000401342
139.28	0.000693083
139.3	0.000940663
139.32	0.000776685
139.34	0.000368234
139.36	0.000326468
139.38	0.000194128
139.4	1.79898E-05
139.42	-0.000233116
139.44	-0.000275195
139.46	-0.000354874
139.48	-0.000244674
139.5	0.000109173
139.52	0.000415516
139.54	0.000650233
139.56	0.000588953
139.58	0.000325563
139.6	0.000124608
139.62	9.37389E-05
139.64	8.63176E-05
139.66	-1.97771E-05
139.68	-1.9476E-07
139.7	1.06359E-05
139.72	-4.53716E-05
139.74	-7.02307E-05
139.76	-4.79459E-05
139.78	0.000179083
139.8	0.00039832
139.82	0.000300846
139.84	-1.89154E-05
139.86	-0.000196457
139.88	-0.000146607
139.9	5.85418E-06
139.92	-0.000112224
139.94	-0.000264722
139.96	-0.000340648
139.98	-0.000328373
140	-0.000184835
140.02	-6.45438E-05
140.04	-2.80868E-05
140.06	-0.000124588
140.08	-0.000300356
140.1	-0.00049397
140.12	-0.000663237
140.14	-0.000645516
140.16	-0.000586077
140.18	-0.000454448
140.2	-0.000302213
140.22	-0.000183795
140.24	3.95517E-05
140.26	0.000130283
140.28	0.000139676
140.3	7.55366E-05
140.32	-5.70416E-05
140.34	-0.000307404
140.36	-0.000492517
140.38	-0.000579744
140.4	-0.000472242
140.42	-0.000400837
140.44	-0.000272141
140.46	-0.000123667
140.48	3.19739E-05
140.5	9.06224E-05
140.52	0.000177318
140.54	8.96662E-05
140.56	0.000150346
140.58	7.15941E-05
140.6	-2.61714E-05
140.62	-5.25994E-05
140.64	-5.82082E-05
140.66	-8.22904E-06
140.68	9.32418E-05
140.7	0.000154007
140.72	0.000120368
140.74	0.00011659
140.76	0.000250015
140.78	0.00031022
140.8	0.000243255
140.82	9.72471E-05
140.84	-2.46757E-05
140.86	-1.98352E-05
140.88	4.31725E-05
140.9	0.000106377
140.92	0.000145183
140.94	0.000209531
140.96	0.000265784
140.98	0.0002726
141	0.000264591
141.02	0.000242573
141.04	0.000146881
141.06	4.78603E-05
141.08	-8.3425E-05
141.1	-9.87151E-05
141.12	-5.31822E-06
141.14	8.68167E-05
141.16	0.0002485
141.18	0.000375666
141.2	0.000462115
141.22	0.000344847
141.24	0.000259738
141.26	0.000148792
141.28	2.94904E-05
141.3	-0.000171357
141.32	-0.000163984
141.34	-0.00033191
141.36	-0.000288609
141.38	-0.000284537
141.4	-0.000175322
141.42	-1.25663E-06
141.44	8.79415E-05
141.46	3.17086E-05
141.48	-1.40563E-05
141.5	-0.000138615
141.52	-0.00022041
141.54	-0.000258212
141.56	-0.000249141
141.58	-0.000279383
141.6	-0.000326665
141.62	-0.000330141
141.64	-0.000236467
141.66	-0.000163583
141.68	-0.000124797
141.7	-0.000138894
141.72	-0.000157816
141.74	-0.000206168
141.76	-0.000215627
141.78	-0.00024507
141.8	-0.000275031
141.82	-0.000265212
141.84	-0.000226435
141.86	-0.000162252
141.88	-8.8067E-05
141.9	-2.07772E-05
141.92	-5.15213E-06
141.94	6.45025E-06
141.96	-3.5626E-05
141.98	-9.9575E-05
142	-0.000167844
142.02	-0.000178565
142.04	-0.00017925
142.06	-0.00013249
142.08	-6.31944E-05
142.1	-3.12593E-05
142.12	0.000120244
142.14	0.00022883
142.16	0.000242547
142.18	0.000123852
142.2	5.60772E-05
142.22	-8.55446E-06
142.24	-7.4576E-05
142.26	-9.85891E-05
142.28	-9.34326E-05
142.3	-3.41115E-06
142.32	2.40399E-05
142.34	8.41507E-05
142.36	0.000194423
142.38	0.00028291
142.4	0.000353243
142.42	0.000309746
142.44	0.000252908
142.46	0.000182307
142.48	0.000118313
142.5	7.93728E-05
142.52	0.000102364
142.54	0.000130071
142.56	0.000139203
142.58	0.000129332
142.6	0.000115647
142.62	0.00013481
142.64	0.000190317
142.66	0.00019194
142.68	0.000138293
142.7	7.29886E-05
142.72	1.33535E-05
142.74	-3.15268E-05
142.76	-4.60238E-05
142.78	-2.30821E-06
142.8	4.73954E-05
142.82	7.61542E-05
142.84	4.59187E-05
142.86	1.7954E-05
142.88	-1.02773E-05
142.9	-2.77785E-05
142.92	-7.49841E-05
142.94	-0.000137006
142.96	-0.000207913
142.98	-0.000251648
143	-0.000213706
143.02	-0.000146842
143.04	-7.66066E-05
143.06	-3.91222E-05
143.08	-1.51507E-05
143.1	-3.00623E-05
143.12	-8.24808E-05
143.14	-0.000141707
143.16	-0.000183836
143.18	-0.000226434
143.2	-0.000266509
143.22	-0.000264591
143.24	-0.000238541
143.26	-0.000180199
143.28	-0.000107115
143.3	-5.17735E-05
143.32	-9.89755E-06
143.34	-1.56635E-05
143.36	-3.95541E-05
143.38	-6.76294E-05
143.4	-9.10954E-05
143.42	-0.000125319
143.44	-0.000156069
143.46	-0.00016717
143.48	-0.000166481
143.5	-0.000145592
143.52	-0.000101351
143.54	-5.34116E-05
143.56	-2.62919E-05
143.58	-3.18937E-05
143.6	-1.84551E-05
143.62	-4.04207E-06
143.64	-3.71507E-07
143.66	-2.11268E-05
143.68	-1.35176E-05
143.7	2.91922E-06
143.72	2.91806E-05
143.74	6.73218E-05
143.76	0.000125507
143.78	0.000186601
143.8	0.000189698
143.82	0.000154359
143.84	0.000115495
143.86	9.58583E-05
143.88	8.66826E-05
143.9	7.40458E-05
143.92	7.25499E-05
143.94	8.45795E-05
143.96	0.000117758
143.98	0.000151155
144	0.00018952
144.02	0.000223418
144.04	0.000221583
144.06	0.000180161
144.08	0.000119902
144.1	6.34411E-05
144.12	2.28061E-05
144.14	9.86788E-06
144.16	1.26636E-05
144.18	3.20409E-05
144.2	5.40695E-05
144.22	7.05338E-05
144.24	9.25332E-05
144.26	0.000120941
144.28	0.000118957
144.3	9.38099E-05
144.32	4.74366E-05
144.34	4.36496E-06
144.36	-4.57793E-05
144.38	-7.27428E-05
144.4	-8.01931E-05
144.42	-8.31948E-05
144.44	-8.69497E-05
144.46	-8.16387E-05
144.48	-4.98606E-05
144.5	-3.27128E-05
144.52	-2.66847E-05
144.54	-3.01258E-05
144.56	-4.59655E-05
144.58	-8.03159E-05
144.6	-0.000109516
144.62	-0.000121441
144.64	-0.000114532
144.66	-0.000100609
144.68	-9.19556E-05
144.7	-8.21526E-05
144.72	-7.72938E-05
144.74	-7.96832E-05
144.76	-9.05159E-05
144.78	-0.00010945
144.8	-0.000141499
144.82	-0.000171778
144.84	-0.000178904
144.86	-0.000169563
144.88	-0.000146661
144.9	-0.000113341
144.92	-7.60032E-05
144.94	-4.43597E-05
144.96	-2.81419E-05
144.98	-2.68357E-05
145	-3.32584E-05
145.02	-4.68084E-05
145.04	-7.53837E-05
145.06	-9.80623E-05
145.08	-9.00799E-05
145.1	-6.70305E-05
145.12	-3.81523E-05
145.14	4.88234E-06
145.16	4.12464E-05
145.18	7.49401E-05
145.2	9.00997E-05
145.22	9.97325E-05
145.24	0.000107308
145.26	9.87846E-05
145.28	6.98561E-05
145.3	4.80706E-05
145.32	3.66803E-05
145.34	3.56489E-05
145.36	4.97391E-05
145.38	6.71614E-05
145.4	9.50978E-05
145.42	0.000116819
145.44	0.000127485
145.46	0.000131249
145.48	0.00013352
145.5	0.000124166