0	0
0.02	-2.45874E-06
0.04	-2.47815E-06
0.06	-2.49484E-06
0.08	-2.51156E-06
0.1	-2.52924E-06
0.12	-2.54607E-06
0.14	-2.56285E-06
0.16	-2.57991E-06
0.18	-2.59677E-06
0.2	-2.61344E-06
0.22	-2.62998E-06
0.24	-2.64673E-06
0.26	-2.66316E-06
0.28	-2.67943E-06
0.3	-2.69589E-06
0.32	-2.71196E-06
0.34	-2.72804E-06
0.36	-2.74413E-06
0.38	-2.75981E-06
0.4	-2.77572E-06
0.42	-2.7913E-06
0.44	-2.80656E-06
0.46	-2.82213E-06
0.48	-2.83723E-06
0.5	-2.85207E-06
0.52	-2.86723E-06
0.54	-2.88203E-06
0.56	-2.89631E-06
0.58	-2.91088E-06
0.6	-2.92537E-06
0.62	-2.93918E-06
0.64	-2.95279E-06
0.66	-2.96679E-06
0.68	-2.98057E-06
0.7	-2.99352E-06
0.72	-3.00618E-06
0.74	-3.01929E-06
0.76	-3.03264E-06
0.78	-3.0453E-06
0.8	-3.05723E-06
0.82	-3.06883E-06
0.84	-3.08103E-06
0.86	-3.09433E-06
0.88	-3.10905E-06
0.9	-3.12415E-06
0.92	-3.13824E-06
0.94	-3.14997E-06
0.96	-3.15846E-06
0.98	-3.16519E-06
1	-3.17457E-06
1.02	-3.18468E-06
1.04	-3.19226E-06
1.06	-3.19803E-06
1.08	-3.20532E-06
1.1	-3.21361E-06
1.12	-3.21962E-06
1.14	-3.22474E-06
1.16	-3.23102E-06
1.18	-3.23588E-06
1.2	-3.23982E-06
1.22	-3.24526E-06
1.24	-3.24879E-06
1.26	-3.25103E-06
1.28	-3.25472E-06
1.3	-3.25694E-06
1.32	-3.25874E-06
1.34	-3.2605E-06
1.36	-3.26073E-06
1.38	-3.26134E-06
1.4	-3.26156E-06
1.42	-3.26041E-06
1.44	-3.25938E-06
1.46	-3.25723E-06
1.48	-3.25543E-06
1.5	-3.25228E-06
1.52	-3.24872E-06
1.54	-3.24496E-06
1.56	-3.23998E-06
1.58	-3.23531E-06
1.6	-3.22913E-06
1.62	-3.22283E-06
1.64	-3.21571E-06
1.66	-3.20765E-06
1.68	-3.19886E-06
1.7	-3.1902E-06
1.72	-3.18095E-06
1.74	-3.16944E-06
1.76	-3.15649E-06
1.78	-3.14244E-06
1.8	-3.12895E-06
1.82	-3.11594E-06
1.84	-3.10396E-06
1.86	-3.09158E-06
1.88	-3.07882E-06
1.9	-3.06431E-06
1.92	-3.04879E-06
1.94	-3.03234E-06
1.96	-3.016E-06
1.98	-2.99851E-06
2	-2.97979E-06
2.02	-2.95918E-06
2.04	-2.939E-06
2.06	-2.91847E-06
2.08	-2.89656E-06
2.1	-2.87249E-06
2.12	-2.84863E-06
2.14	-2.8241E-06
2.16	-2.79827E-06
2.18	-2.77132E-06
2.2	-2.74371E-06
2.22	-2.7147E-06
2.24	-2.68489E-06
2.26	-2.65454E-06
2.28	-2.62308E-06
2.3	-2.59006E-06
2.32	-2.55605E-06
2.34	-2.5218E-06
2.36	-2.4861E-06
2.38	-2.4489E-06
2.4	-2.41098E-06
2.42	-2.37197E-06
2.44	-2.33173E-06
2.46	-2.29072E-06
2.48	-2.24789E-06
2.5	-2.20428E-06
2.52	-2.1601E-06
2.54	-2.11427E-06
2.56	-2.06722E-06
2.58	-2.01906E-06
2.6	-1.96953E-06
2.62	-1.91904E-06
2.64	-1.86806E-06
2.66	-1.81591E-06
2.68	-1.7623E-06
2.7	-1.70603E-06
2.72	-1.64724E-06
2.74	-1.58685E-06
2.76	-1.52539E-06
2.78	-1.46322E-06
2.8	-1.39963E-06
2.82	-1.33527E-06
2.84	-1.26974E-06
2.86	-1.20266E-06
2.88	-1.13465E-06
2.9	-1.06533E-06
2.92	-9.94719E-07
2.94	-9.22774E-07
2.96	-8.49072E-07
2.98	-7.74118E-07
3	-6.97943E-07
3.02	-6.20636E-07
3.04	-5.41537E-07
3.06	-4.60568E-07
3.08	-3.78557E-07
3.1	-2.95237E-07
3.12	-2.10441E-07
3.14	-1.23541E-07
3.16	-3.52376E-08
3.18	5.43514E-08
3.2	1.45678E-07
3.22	2.38543E-07
3.24	3.32996E-07
3.26	4.29206E-07
3.28	5.27249E-07
3.3	6.26376E-07
3.32	7.27278E-07
3.34	8.30237E-07
3.36	9.34892E-07
3.38	1.04089E-06
3.4	1.14884E-06
3.42	1.25877E-06
3.44	1.37044E-06
3.46	1.48366E-06
3.48	1.5985E-06
3.5	1.71543E-06
3.52	1.83449E-06
3.54	1.95555E-06
3.56	2.07814E-06
3.58	2.20189E-06
3.6	2.32692E-06
3.62	2.45345E-06
3.64	2.58184E-06
3.66	2.71294E-06
3.68	2.84647E-06
3.7	2.98206E-06
3.72	3.11982E-06
3.74	3.25987E-06
3.76	3.40201E-06
3.78	3.54644E-06
3.8	3.69273E-06
3.82	3.84105E-06
3.84	3.99156E-06
3.86	4.14409E-06
3.88	4.29869E-06
3.9	4.45549E-06
3.92	4.61442E-06
3.94	4.77536E-06
3.96	4.9384E-06
3.98	5.10361E-06
4	5.27098E-06
4.02	5.44054E-06
4.04	5.6122E-06
4.06	5.78586E-06
4.08	5.96171E-06
4.1	6.14006E-06
4.12	6.32049E-06
4.14	6.50298E-06
4.16	6.68773E-06
4.18	6.87477E-06
4.2	7.06414E-06
4.22	7.25572E-06
4.24	7.44951E-06
4.26	7.64552E-06
4.28	7.84366E-06
4.3	8.04427E-06
4.32	8.24718E-06
4.34	8.45232E-06
4.36	8.65973E-06
4.38	8.86965E-06
4.4	9.08187E-06
4.42	9.29605E-06
4.44	9.51269E-06
4.46	9.73222E-06
4.48	9.95452E-06
4.5	1.01794E-05
4.52	1.04065E-05
4.54	1.06356E-05
4.56	1.08666E-05
4.58	1.10998E-05
4.6	1.13351E-05
4.62	1.15727E-05
4.64	1.18128E-05
4.66	1.20551E-05
4.68	1.22998E-05
4.7	1.25472E-05
4.72	1.27971E-05
4.74	1.30494E-05
4.76	1.33042E-05
4.78	1.35615E-05
4.8	1.38213E-05
4.82	1.40836E-05
4.84	1.43484E-05
4.86	1.46158E-05
4.88	1.48856E-05
4.9	1.5158E-05
4.92	1.54329E-05
4.94	1.57103E-05
4.96	1.59903E-05
4.98	1.62727E-05
5	1.65576E-05
5.02	1.6845E-05
5.04	1.71349E-05
5.06	1.74273E-05
5.08	1.77223E-05
5.1	1.80196E-05
5.12	1.83194E-05
5.14	1.86218E-05
5.16	1.89267E-05
5.18	1.92341E-05
5.2	1.95438E-05
5.22	1.9856E-05
5.24	2.01706E-05
5.26	2.04877E-05
5.28	2.08073E-05
5.3	2.11293E-05
5.32	2.14536E-05
5.34	2.17803E-05
5.36	2.21091E-05
5.38	2.24401E-05
5.4	2.27735E-05
5.42	2.31096E-05
5.44	2.34485E-05
5.46	2.379E-05
5.48	2.41338E-05
5.5	2.448E-05
5.52	2.48285E-05
5.54	2.51793E-05
5.56	2.55322E-05
5.58	2.58872E-05
5.6	2.62443E-05
5.62	2.66035E-05
5.64	2.69649E-05
5.66	2.73284E-05
5.68	2.7694E-05
5.7	2.80617E-05
5.72	2.84313E-05
5.74	2.88031E-05
5.76	2.91769E-05
5.78	2.95527E-05
5.8	2.99305E-05
5.82	3.03102E-05
5.84	3.0692E-05
5.86	3.10756E-05
5.88	3.14613E-05
5.9	3.18487E-05
5.92	3.22381E-05
5.94	3.26293E-05
5.96	3.30223E-05
5.98	3.34172E-05
6	3.38137E-05
6.02	3.4212E-05
6.04	3.4612E-05
6.06	3.50135E-05
6.08	3.54168E-05
6.1	3.58216E-05
6.12	3.62281E-05
6.14	3.66361E-05
6.16	3.70456E-05
6.18	3.74564E-05
6.2	3.78688E-05
6.22	3.82825E-05
6.24	3.86978E-05
6.26	3.91143E-05
6.28	3.95321E-05
6.3	3.99509E-05
6.32	4.03707E-05
6.34	4.07913E-05
6.36	4.12128E-05
6.38	4.16355E-05
6.4	4.20592E-05
6.42	4.24839E-05
6.44	4.29095E-05
6.46	4.33361E-05
6.48	4.37636E-05
6.5	4.4192E-05
6.52	4.4621E-05
6.54	4.50506E-05
6.56	4.54808E-05
6.58	4.59115E-05
6.6	4.63426E-05
6.62	4.67741E-05
6.64	4.72059E-05
6.66	4.76379E-05
6.68	4.80701E-05
6.7	4.85023E-05
6.72	4.89346E-05
6.74	4.93667E-05
6.76	4.97987E-05
6.78	5.02305E-05
6.8	5.06621E-05
6.82	5.10932E-05
6.84	5.15239E-05
6.86	5.19541E-05
6.88	5.23837E-05
6.9	5.28127E-05
6.92	5.32409E-05
6.94	5.36684E-05
6.96	5.40948E-05
6.98	5.45203E-05
7	5.49447E-05
7.02	5.53679E-05
7.04	5.57898E-05
7.06	5.62105E-05
7.08	5.66297E-05
7.1	5.70474E-05
7.12	5.74633E-05
7.14	5.78775E-05
7.16	5.829E-05
7.18	5.87007E-05
7.2	5.91095E-05
7.22	5.95163E-05
7.24	5.99211E-05
7.26	6.03234E-05
7.28	6.07233E-05
7.3	6.11205E-05
7.32	6.1515E-05
7.34	6.19066E-05
7.36	6.22954E-05
7.38	6.2681E-05
7.4	6.30636E-05
7.42	6.3443E-05
7.44	6.38192E-05
7.46	6.41919E-05
7.48	6.45611E-05
7.5	6.49266E-05
7.52	6.52885E-05
7.54	6.56464E-05
7.56	6.60004E-05
7.58	6.63502E-05
7.6	6.66957E-05
7.62	6.70369E-05
7.64	6.73736E-05
7.66	6.77056E-05
7.68	6.80328E-05
7.7	6.83551E-05
7.72	6.86723E-05
7.74	6.89842E-05
7.76	6.92908E-05
7.78	6.95918E-05
7.8	6.98872E-05
7.82	7.01767E-05
7.84	7.04603E-05
7.86	7.07377E-05
7.88	7.10089E-05
7.9	7.12736E-05
7.92	7.15318E-05
7.94	7.17831E-05
7.96	7.20275E-05
7.98	7.22649E-05
8	7.2495E-05
8.02	7.27177E-05
8.04	7.29328E-05
8.06	7.314E-05
8.08	7.33392E-05
8.1	7.35302E-05
8.12	7.37129E-05
8.14	7.38872E-05
8.16	7.40529E-05
8.18	7.42098E-05
8.2	7.43579E-05
8.22	7.44968E-05
8.24	7.46264E-05
8.26	7.47464E-05
8.28	7.48567E-05
8.3	7.49569E-05
8.32	7.5047E-05
8.34	7.51266E-05
8.36	7.51957E-05
8.38	7.5254E-05
8.4	7.53012E-05
8.42	7.53373E-05
8.44	7.5362E-05
8.46	7.5375E-05
8.48	7.53763E-05
8.5	7.53655E-05
8.52	7.53425E-05
8.54	7.5307E-05
8.56	7.52589E-05
8.58	7.5198E-05
8.6	7.51239E-05
8.62	7.50366E-05
8.64	7.49358E-05
8.66	7.48212E-05
8.68	7.46926E-05
8.7	7.45499E-05
8.72	7.43927E-05
8.74	7.42208E-05
8.76	7.40341E-05
8.78	7.38322E-05
8.8	7.36149E-05
8.82	7.3382E-05
8.84	7.31333E-05
8.86	7.28685E-05
8.88	7.25873E-05
8.9	7.22896E-05
8.92	7.1975E-05
8.94	7.16433E-05
8.96	7.12944E-05
8.98	7.09279E-05
9	7.05435E-05
9.02	7.0141E-05
9.04	6.97201E-05
9.06	6.92804E-05
9.08	6.88217E-05
9.1	6.83438E-05
9.12	6.78464E-05
9.14	6.73294E-05
9.16	6.67923E-05
9.18	6.62351E-05
9.2	6.56574E-05
9.22	6.50589E-05
9.24	6.44393E-05
9.26	6.37985E-05
9.28	6.3136E-05
9.3	6.24516E-05
9.32	6.1745E-05
9.34	6.10159E-05
9.36	6.0264E-05
9.38	5.94891E-05
9.4	5.86907E-05
9.42	5.78687E-05
9.44	5.70228E-05
9.46	5.61525E-05
9.48	5.52577E-05
9.5	5.4338E-05
9.52	5.33931E-05
9.54	5.24228E-05
9.56	5.14267E-05
9.58	5.04045E-05
9.6	4.93559E-05
9.62	4.82806E-05
9.64	4.71784E-05
9.66	4.60489E-05
9.68	4.48917E-05
9.7	4.37066E-05
9.72	4.24933E-05
9.74	4.12515E-05
9.76	3.99808E-05
9.78	3.86809E-05
9.8	3.73516E-05
9.82	3.59924E-05
9.84	3.46031E-05
9.86	3.31833E-05
9.88	3.17328E-05
9.9	3.02513E-05
9.92	2.87384E-05
9.94	2.71938E-05
9.96	2.56173E-05
9.98	2.40085E-05
10	2.23669E-05
10.02	2.06924E-05
10.04	1.89845E-05
10.06	1.72429E-05
10.08	1.54673E-05
10.1	1.36574E-05
10.12	1.18128E-05
10.14	9.93318E-06
10.16	8.0183E-06
10.18	6.06782E-06
10.2	4.0814E-06
10.22	2.05874E-06
10.24	-5.03324E-10
10.26	-2.09665E-06
10.28	-4.23002E-06
10.3	-6.40094E-06
10.32	-8.60974E-06
10.34	-1.08567E-05
10.36	-1.31423E-05
10.38	-1.54666E-05
10.4	-1.78302E-05
10.42	-2.02333E-05
10.44	-2.26762E-05
10.46	-2.51593E-05
10.48	-2.76829E-05
10.5	-3.02473E-05
10.52	-3.28529E-05
10.54	-3.55E-05
10.56	-3.81888E-05
10.58	-4.09198E-05
10.6	-4.36932E-05
10.62	-4.65094E-05
10.64	-4.93687E-05
10.66	-5.22713E-05
10.68	-5.52177E-05
10.7	-5.82081E-05
10.72	-6.12429E-05
10.74	-6.43223E-05
10.76	-6.74467E-05
10.78	-7.06164E-05
10.8	-7.38317E-05
10.82	-7.70929E-05
10.84	-8.04004E-05
10.86	-8.37544E-05
10.88	-8.71552E-05
10.9	-9.06031E-05
10.92	-9.40983E-05
10.94	-9.76411E-05
10.96	-0.000101232
10.98	-0.000104871
11	-0.000108559
11.02	-0.000112295
11.04	-0.00011608
11.06	-0.000119915
11.08	-0.0001238
11.1	-0.000127735
11.12	-0.000131719
11.14	-0.000135755
11.16	-0.000139841
11.18	-0.000143978
11.2	-0.000148166
11.22	-0.000152406
11.24	-0.000156697
11.26	-0.000161041
11.28	-0.000165437
11.3	-0.000169885
11.32	-0.000174386
11.34	-0.00017894
11.36	-0.000183547
11.38	-0.000188207
11.4	-0.000192921
11.42	-0.000197689
11.44	-0.00020251
11.46	-0.000207386
11.48	-0.000212317
11.5	-0.000217301
11.52	-0.000222341
11.54	-0.000227435
11.56	-0.000232585
11.58	-0.00023779
11.6	-0.00024305
11.62	-0.000248366
11.64	-0.000253738
11.66	-0.000259165
11.68	-0.000264648
11.7	-0.000270188
11.72	-0.000275784
11.74	-0.000281436
11.76	-0.000287145
11.78	-0.00029291
11.8	-0.000298732
11.82	-0.000304611
11.84	-0.000310547
11.86	-0.00031654
11.88	-0.000322589
11.9	-0.000328696
11.92	-0.00033486
11.94	-0.000341081
11.96	-0.000347359
11.98	-0.000353695
12	-0.000360088
12.02	-0.000366538
12.04	-0.000373045
12.06	-0.000379609
12.08	-0.000386231
12.1	-0.00039291
12.12	-0.000399646
12.14	-0.000406439
12.16	-0.000413289
12.18	-0.000420196
12.2	-0.00042716
12.22	-0.000434181
12.24	-0.000441258
12.26	-0.000448392
12.28	-0.000455583
12.3	-0.00046283
12.32	-0.000470133
12.34	-0.000477493
12.36	-0.000484908
12.38	-0.000492379
12.4	-0.000499905
12.42	-0.000507487
12.44	-0.000515124
12.46	-0.000522816
12.48	-0.000530562
12.5	-0.000538363
12.52	-0.000546218
12.54	-0.000554126
12.56	-0.000562088
12.58	-0.000570104
12.6	-0.000578172
12.62	-0.000586293
12.64	-0.000594466
12.66	-0.000602691
12.68	-0.000610967
12.7	-0.000619294
12.72	-0.000627672
12.74	-0.0006361
12.76	-0.000644578
12.78	-0.000653106
12.8	-0.000661682
12.82	-0.000670306
12.84	-0.000678978
12.86	-0.000687698
12.88	-0.000696464
12.9	-0.000705277
12.92	-0.000714135
12.94	-0.000723038
12.96	-0.000731986
12.98	-0.000740978
13	-0.000750012
13.02	-0.00075909
13.04	-0.000768209
13.06	-0.000777369
13.08	-0.000786569
13.1	-0.000795809
13.12	-0.000805088
13.14	-0.000814405
13.16	-0.000823759
13.18	-0.00083315
13.2	-0.000842576
13.22	-0.000852038
13.24	-0.000861533
13.26	-0.000871061
13.28	-0.000880621
13.3	-0.000890212
13.32	-0.000899833
13.34	-0.000909484
13.36	-0.000919162
13.38	-0.000928868
13.4	-0.0009386
13.42	-0.000948357
13.44	-0.000958137
13.46	-0.00096794
13.48	-0.000977765
13.5	-0.00098761
13.52	-0.000997475
13.54	-0.001007357
13.56	-0.001017256
13.58	-0.001027171
13.6	-0.001037099
13.62	-0.001047041
13.64	-0.001056994
13.66	-0.001066956
13.68	-0.001076928
13.7	-0.001086907
13.72	-0.001096891
13.74	-0.00110688
13.76	-0.001116872
13.78	-0.001126864
13.8	-0.001136857
13.82	-0.001146847
13.84	-0.001156834
13.86	-0.001166815
13.88	-0.00117679
13.9	-0.001186756
13.92	-0.001196712
13.94	-0.001206655
13.96	-0.001216585
13.98	-0.001226498
14	-0.001236394
14.02	-0.001246271
14.04	-0.001256126
14.06	-0.001265958
14.08	-0.001275764
14.1	-0.001285543
14.12	-0.001295292
14.14	-0.00130501
14.16	-0.001314694
14.18	-0.001324342
14.2	-0.001333952
14.22	-0.001343522
14.24	-0.00135305
14.26	-0.001362532
14.28	-0.001371968
14.3	-0.001381354
14.32	-0.001390689
14.34	-0.001399969
14.36	-0.001409192
14.38	-0.001418357
14.4	-0.001427459
14.42	-0.001436498
14.44	-0.00144547
14.46	-0.001454372
14.48	-0.001463202
14.5	-0.001471957
14.52	-0.001480635
14.54	-0.001489233
14.56	-0.001497747
14.58	-0.001506175
14.6	-0.001514515
14.62	-0.001522763
14.64	-0.001530916
14.66	-0.001538971
14.68	-0.001546926
14.7	-0.001554777
14.72	-0.00156252
14.74	-0.001570154
14.76	-0.001577674
14.78	-0.001585078
14.8	-0.001592362
14.82	-0.001599523
14.84	-0.001606558
14.86	-0.001613462
14.88	-0.001620234
14.9	-0.001626868
14.92	-0.001633363
14.94	-0.001639713
14.96	-0.001645917
14.98	-0.001651969
15	-0.002103461
15.02	-0.001696361
15.04	-0.001705529
15.06	-0.001541515
15.08	-0.001628181
15.1	-0.001422281
15.12	-0.001532514
15.14	-0.001105001
15.16	-0.001105929
15.18	0.000530779
15.2	0.005964185
15.22	0.020281646
15.24	0.016100099
15.26	-4.36456E-05
15.28	-0.010253211
15.3	-0.026384896
15.32	-0.031004855
15.34	-0.015402298
15.36	0.009956076
15.38	0.011562819
15.4	-0.003587046
15.42	-0.022298247
15.44	-0.026677507
15.46	-0.005665245
15.48	0.014123319
15.5	0.036715909
15.52	0.056937425
15.54	0.047822276
15.56	0.042179883
15.58	0.043392519
15.6	0.024859656
15.62	0.000650099
15.64	-0.034165639
15.66	-0.038716397
15.68	-0.018615357
15.7	-0.008366406
15.72	-0.020212965
15.74	-0.050807247
15.76	-0.073265432
15.78	-0.07333893
15.8	-0.062837566
15.82	-0.055924025
15.84	-0.048607517
15.86	-0.033764945
15.88	-0.012775341
15.9	0.012839357
15.92	-0.000886731
15.94	-0.013854756
15.96	-0.017670796
15.98	-0.01263767
16	0.01831237
16.02	0.048900805
16.04	0.072452862
16.06	0.083503218
16.08	0.079348911
16.1	0.073751395
16.12	0.088855655
16.14	0.098557712
16.16	0.096371475
16.18	0.070250082
16.2	0.07178838
16.22	0.072736083
16.24	0.085423778
16.26	0.090799934
16.28	0.098441937
16.3	0.081701364
16.32	0.086838179
16.34	0.048017292
16.36	0.048708783
16.38	-0.00604258
16.4	-0.03471869
16.42	-0.028838335
16.44	-0.011790045
16.46	0.000706627
16.48	0.015855495
16.5	0.002761532
16.52	-0.028223339
16.54	-0.056488356
16.56	-0.06674075
16.58	-0.039589889
16.6	0.021978799
16.62	0.063205897
16.64	0.098276228
16.66	0.098255051
16.68	0.081090441
16.7	0.063047463
16.72	0.049097482
16.74	0.038840208
16.76	0.037695473
16.78	0.056930457
16.8	0.083680873
16.82	0.071322792
16.84	-0.011339776
16.86	-0.126212878
16.88	-0.161722209
16.9	-0.141593749
16.92	-0.142427146
16.94	-0.137885175
16.96	-0.141347923
16.98	-0.174870068
17	-0.183942417
17.02	-0.218118934
17.04	-0.225709653
17.06	-0.232354272
17.08	-0.241788411
17.1	-0.184546219
17.12	-0.125350979
17.14	-0.031350868
17.16	0.068120463
17.18	0.086340561
17.2	0.075145023
17.22	0.107013678
17.24	0.188277642
17.26	0.267886
17.28	0.364342534
17.3	0.38017683
17.32	0.377635682
17.34	0.386274991
17.36	0.334740417
17.38	0.253309689
17.4	0.039339518
17.42	-0.132779764
17.44	-0.116475731
17.46	-0.114054871
17.48	-0.070847492
17.5	-0.060296031
17.52	0.046670487
17.54	0.131124864
17.56	0.190147763
17.58	0.21072669
17.6	0.176702098
17.62	0.134285368
17.64	-0.030917304
17.66	-0.197991867
17.68	-0.217879481
17.7	-0.227252619
17.72	-0.224526896
17.74	-0.187113576
17.76	-0.21351173
17.78	-0.256169432
17.8	-0.42121966
17.82	-0.423683392
17.84	-0.380810208
17.86	-0.348629239
17.88	-0.257629277
17.9	-0.16894376
17.92	-0.07436236
17.94	-0.043993596
17.96	-0.09115361
17.98	-0.090702184
18	-0.147871793
18.02	-0.167574463
18.04	-0.176000496
18.06	-0.143875155
18.08	-0.107805211
18.1	-0.093725604
18.12	-0.06818368
18.14	-0.094707578
18.16	0.011214275
18.18	0.113505479
18.2	0.155651006
18.22	0.185524327
18.24	0.127551559
18.26	0.111612381
18.28	0.081646376
18.3	0.132911701
18.32	0.101373743
18.34	0.118722819
18.36	0.123749492
18.38	0.211743166
18.4	0.208784038
18.42	0.204343363
18.44	0.148337605
18.46	0.194029958
18.48	0.101179921
18.5	0.207959507
18.52	0.210663986
18.54	0.29407894
18.56	0.138518799
18.58	-0.051855684
18.6	0.002658478
18.62	0.032727213
18.64	-0.007946005
18.66	-0.115014703
18.68	-0.181384575
18.7	-0.164436468
18.72	-0.124327045
18.74	-0.138503793
18.76	-0.148626621
18.78	-0.173101587
18.8	-0.143597631
18.82	-0.103705463
18.84	-0.150397061
18.86	-0.135509943
18.88	-0.113013608
18.9	-0.133389719
18.92	-0.133473306
18.94	-0.095000883
18.96	-0.002259773
18.98	-0.03097393
19	-0.061243116
19.02	-0.04071645
19.04	-0.017175066
19.06	0.053838316
19.08	0.112292995
19.1	0.097749658
19.12	0.119252018
19.14	0.168338907
19.16	0.257727567
19.18	0.293190507
19.2	0.198141812
19.22	0.183789109
19.24	0.172643507
19.26	0.127212638
19.28	0.132160335
19.3	0.040604378
19.32	0.088288029
19.34	0.085909782
19.36	0.159807446
19.38	0.130026893
19.4	0.196551345
19.42	0.189154176
19.44	0.201722659
19.46	0.169007522
19.48	0.187003165
19.5	0.204783299
19.52	0.235548539
19.54	0.224865116
19.56	0.120254362
19.58	-0.061841672
19.6	-0.143709547
19.62	-0.160083793
19.64	-0.186274335
19.66	-0.211281663
19.68	-0.20263428
19.7	-0.198646827
19.72	-0.210289404
19.74	-0.212645411
19.76	-0.176302982
19.78	-0.071070519
19.8	-0.0670635
19.82	0.097363107
19.84	0.14656084
19.86	0.127381861
19.88	0.052156538
19.9	-0.04539437
19.92	-0.044304208
19.94	-0.033931337
19.96	-0.013269538
19.98	0.075648497
20	0.093637377
20.02	0.146594403
20.04	0.169319157
20.06	0.113179088
20.08	-0.080395485
20.1	-0.124518603
20.12	-0.106517058
20.14	-0.086836395
20.16	-0.04874096
20.18	-0.145589822
20.2	-0.252065792
20.22	-0.171277149
20.24	-0.253102618
20.26	-0.208975077
20.28	-0.231351613
20.3	-0.188630739
20.32	-0.178433267
20.34	-0.121816863
20.36	-0.22172017
20.38	-0.197540194
20.4	-0.223045102
20.42	-0.208824456
20.44	-0.200279118
20.46	-0.149990853
20.48	-0.104923802
20.5	-0.113887815
20.52	-0.185340611
20.54	-0.179460081
20.56	-0.124050726
20.58	-0.044995841
20.6	0.113695075
20.62	0.224741
20.64	0.253537442
20.66	0.265751645
20.68	0.220429876
20.7	0.15269934
20.72	0.081895849
20.74	0.115733613
20.76	0.174996246
20.78	0.207633219
20.8	0.217401121
20.82	0.199295932
20.84	0.204757571
20.86	0.215426393
20.88	0.199647255
20.9	0.14652937
20.92	0.143467723
20.94	0.139219372
20.96	0.174140406
20.98	0.151330995
21	0.117340516
21.02	0.035487629
21.04	-0.055941288
21.06	-0.024321607
21.08	0.025682858
21.1	0.005453456
21.12	-0.013825345
21.14	-0.048240917
21.16	-0.073496489
21.18	-0.034134776
21.2	-0.028877065
21.22	-0.060696168
21.24	-0.091036464
21.26	-0.111618166
21.28	-0.121450345
21.3	-0.120679499
21.32	-0.128107302
21.34	-0.164736058
21.36	-0.142766418
21.38	-0.093935746
21.4	-0.0324915
21.42	0.025331228
21.44	0.032807339
21.46	0.040333751
21.48	0.018915849
21.5	0.016590739
21.52	0.058005657
21.54	0.096989555
21.56	0.07376844
21.58	0.072364112
21.6	0.056265067
21.62	0.020283065
21.64	-0.006442162
21.66	-0.055209356
21.68	-0.090509411
21.7	-0.082496544
21.72	-0.056388938
21.74	-0.031601716
21.76	-0.045492169
21.78	-0.073502956
21.8	-0.084340599
21.82	-0.116551
21.84	-0.120910124
21.86	-0.112487418
21.88	-0.069518747
21.9	-0.041351386
21.92	-0.015181612
21.94	-0.00391601
21.96	-0.009353904
21.98	0.011359798
22	0.039424252
22.02	0.069685691
22.04	0.108555355
22.06	0.149602319
22.08	0.161639224
22.1	0.095226849
22.12	0.007407755
22.14	-0.025951884
22.16	-0.027323699
22.18	-0.030159574
22.2	-0.020598196
22.22	-0.02377733
22.24	-0.027624625
22.26	-0.008648668
22.28	-0.008136137
22.3	-0.020327758
22.32	0.002960293
22.34	0.053192893
22.36	0.071828847
22.38	0.074403454
22.4	0.070774113
22.42	0.067556771
22.44	0.045177199
22.46	0.018302361
22.48	0.02139958
22.5	0.052784694
22.52	0.074509893
22.54	0.082807392
22.56	0.05481818
22.58	0.043093191
22.6	0.012888108
22.62	0.028020275
22.64	0.038274611
22.66	0.100604366
22.68	0.072571679
22.7	0.090109185
22.72	0.06362187
22.74	0.051802777
22.76	0.009231147
22.78	0.021284788
22.8	0.013876726
22.82	0.019475684
22.84	0.052263044
22.86	0.131737956
22.88	0.135919925
22.9	0.141969361
22.92	0.123549932
22.94	0.157470866
22.96	0.170532848
22.98	0.222338229
23	0.171735794
23.02	0.168968546
23.04	0.068434022
23.06	0.04438097
23.08	-0.028078696
23.1	-0.088151462
23.12	-0.115483258
23.14	-0.101158741
23.16	-0.111264147
23.18	-0.053757493
23.2	-0.049946808
23.22	-0.079396883
23.24	-0.127899475
23.26	-0.129623141
23.28	-0.1397136
23.3	-0.091113004
23.32	-0.118296623
23.34	-0.121209444
23.36	-0.190027308
23.38	-0.192788618
23.4	-0.20162547
23.42	-0.180865923
23.44	-0.220428647
23.46	-0.192335936
23.48	-0.162090892
23.5	-0.061731711
23.52	-0.05535181
23.54	0.031030358
23.56	0.011684797
23.58	0.017047774
23.6	0.043268872
23.62	0.058271425
23.64	0.035148394
23.66	0.029158227
23.68	0.043597378
23.7	0.046840554
23.72	0.013386191
23.74	-0.035896312
23.76	-0.034270901
23.78	-0.001042044
23.8	0.046873045
23.82	0.067191791
23.84	0.028309612
23.86	0.022316701
23.88	0.026039514
23.9	0.014184671
23.92	0.02534329
23.94	0.040980469
23.96	0.041427544
23.98	0.0410452
24	0.010375369
24.02	0.011637464
24.04	0.004617271
24.06	0.011391884
24.08	0.025869567
24.1	0.067263415
24.12	0.058868522
24.14	0.093316028
24.16	0.063653871
24.18	-0.02176574
24.2	-0.16245314
24.22	-0.144375567
24.24	-0.151632561
24.26	-0.124097045
24.28	-0.092431155
24.3	-0.130373509
24.32	-0.145341989
24.34	-0.124403327
24.36	-0.130127225
24.38	0.027334716
24.4	0.053538153
24.42	0.103565781
24.44	0.124035434
24.46	0.107729735
24.48	0.04327461
24.5	0.067193932
24.52	0.000835134
24.54	-0.074533645
24.56	-0.15334544
24.58	-0.16552866
24.6	-0.159053154
24.62	-0.14618464
24.64	-0.09291345
24.66	-0.035449826
24.68	0.011954414
24.7	0.063976401
24.72	0.099826709
24.74	0.131965127
24.76	0.012573015
24.78	-0.003306438
24.8	0.009949721
24.82	-0.051959882
24.84	-0.039421521
24.86	-0.036759961
24.88	-0.004649152
24.9	-0.049691391
24.92	-0.044222006
24.94	-0.012479725
24.96	-0.009309132
24.98	-0.001178607
25	0.039464936
25.02	0.094801027
25.04	0.082855108
25.06	0.159151834
25.08	0.232979494
25.1	0.17865036
25.12	0.133621723
25.14	0.082764858
25.16	0.066439673
25.18	-0.010699856
25.2	-0.037224657
25.22	-0.029958238
25.24	-0.001615767
25.26	0.051534099
25.28	0.057392366
25.3	0.052000321
25.32	0.055299436
25.34	0.017080695
25.36	0.034256812
25.38	0.014033949
25.4	0.03362734
25.42	0.040914413
25.44	0.047372128
25.46	0.041472075
25.48	0.078145429
25.5	0.097444918
25.52	0.129656696
25.54	0.116852015
25.56	0.116863111
25.58	0.075045811
25.6	0.055036568
25.62	0.037753707
25.64	-0.043122613
25.66	-0.075812908
25.68	-0.054605332
25.7	-0.043535432
25.72	-0.034529403
25.74	-0.048908037
25.76	-0.047536996
25.78	-0.076935589
25.8	-0.090947013
25.82	-0.125446672
25.84	-0.127721348
25.86	-0.133334366
25.88	-0.120044866
25.9	-0.146247689
25.92	-0.136709388
25.94	-0.167481058
25.96	-0.156824979
25.98	-0.168239167
26	-0.148762832
26.02	-0.154187062
26.04	-0.117059157
26.06	-0.147207496
26.08	-0.112141296
26.1	-0.107208207
26.12	-0.065358999
26.14	0.016840477
26.16	0.094400196
26.18	0.12330941
26.2	0.138152852
26.22	0.099465136
26.24	0.065235486
26.26	0.02830992
26.28	0.027583642
26.3	0.029380494
26.32	0.066477834
26.34	0.092435783
26.36	0.144992627
26.38	0.16035896
26.4	0.166965237
26.42	0.118718385
26.44	0.100768247
26.46	0.061556037
26.48	0.06514683
26.5	0.044455066
26.52	0.013436567
26.54	0.002320887
26.56	-0.008634577
26.58	-0.028222596
26.6	-0.059177435
26.62	-0.078276926
26.64	-0.108893129
26.66	-0.13807515
26.68	-0.14334927
26.7	-0.137125616
26.72	-0.118742784
26.74	-0.111092645
26.76	-0.096085428
26.78	-0.078946599
26.8	-0.056906711
26.82	-0.020215332
26.84	0.045248658
26.86	0.07018338
26.88	0.086923051
26.9	0.096473559
26.92	0.121079931
26.94	0.149568082
26.96	0.189342505
26.98	0.203438828
27	0.226405851
27.02	0.264990918
27.04	0.27336238
27.06	0.279890229
27.08	0.226861821
27.1	0.126164292
27.12	0.06231735
27.14	-0.060936282
27.16	-0.048103173
27.18	-0.038480198
27.2	-0.089095935
27.22	-0.140604004
27.24	-0.140194173
27.26	-0.147283111
27.28	-0.15242374
27.3	-0.171954067
27.32	-0.184751273
27.34	-0.225354146
27.36	-0.242268707
27.38	-0.257965548
27.4	-0.232840569
27.42	-0.23127479
27.44	-0.220146703
27.46	-0.21745652
27.48	-0.135885599
27.5	-0.121405005
27.52	-0.117078397
27.54	-0.100420034
27.56	-0.089962449
27.58	-0.07757967
27.6	-0.028389152
27.62	0.029857848
27.64	0.034894016
27.66	0.058384695
27.68	0.073510118
27.7	0.084415164
27.72	0.085257383
27.74	0.069286843
27.76	0.075759678
27.78	0.090353117
27.8	0.089748276
27.82	0.095000275
27.84	0.098316136
27.86	0.094281226
27.88	0.077354654
27.9	0.06919124
27.92	0.046836334
27.94	0.009462897
27.96	-0.036066789
27.98	-0.049218291
28	-0.055455369
28.02	-0.028684815
28.04	-0.010332263
28.06	0.017490839
28.08	0.022573131
28.1	0.034011138
28.12	0.051107443
28.14	0.063080212
28.16	0.066613129
28.18	0.006836004
28.2	0.037933833
28.22	0.039705635
28.24	0.023439395
28.26	0.047727493
28.28	0.061792871
28.3	0.128486564
28.32	0.148747771
28.34	0.152480564
28.36	0.143620785
28.38	0.088392507
28.4	0.023859372
28.42	-0.018609389
28.44	-0.027334734
28.46	-0.028871556
28.48	-0.010829329
28.5	0.014429316
28.52	0.027836017
28.54	0.016361816
28.56	-0.028462154
28.58	-0.038217057
28.6	-0.013076723
28.62	-0.00098447
28.64	0.008101151
28.66	-0.007914007
28.68	-0.077184195
28.7	-0.072524894
28.72	-0.069772152
28.74	-0.105982625
28.76	-0.097152849
28.78	-0.097389789
28.8	-0.090831405
28.82	-0.069051134
28.84	-0.070200047
28.86	-0.086455706
28.88	-0.082988091
28.9	-0.096717268
28.92	-0.087909553
28.94	-0.016496088
28.96	0.034761307
28.98	0.017173861
29	0.083526034
29.02	0.067566255
29.04	-0.003215794
29.06	-0.035154544
29.08	-0.079955405
29.1	-0.072752989
29.12	-0.044825383
29.14	-0.002655779
29.16	0.050371615
29.18	0.056650564
29.2	0.070977538
29.22	0.093275392
29.24	0.119786016
29.26	0.09009953
29.28	0.059986086
29.3	0.060061735
29.32	0.033691955
29.34	0.04746329
29.36	0.072669645
29.38	0.114635165
29.4	0.160465991
29.42	0.176816013
29.44	0.163430038
29.46	0.23381559
29.48	0.221279428
29.5	0.1514215
29.52	0.094944709
29.54	0.042271173
29.56	0.03001317
29.58	0.059137391
29.6	0.06229099
29.62	0.022487524
29.64	-0.026524796
29.66	-0.052796295
29.68	-0.091380563
29.7	-0.106182605
29.72	-0.111124521
29.74	-0.11771798
29.76	-0.107030456
29.78	-0.09692402
29.8	-0.086871374
29.82	-0.108656506
29.84	-0.133088047
29.86	-0.140966202
29.88	-0.124632421
29.9	-0.111800334
29.92	-0.050755287
29.94	-0.044657693
29.96	-0.028294754
29.98	-0.018293145
30	-0.004621692
30.02	-0.011684402
30.04	-0.016942926
30.06	0.001025854
30.08	0.038007597
30.1	0.076440817
30.12	0.085083339
30.14	0.08430964
30.16	0.045698788
30.18	0.013001603
30.2	-0.000631413
30.22	0.00733423
30.24	0.041739727
30.26	0.070425834
30.28	0.069621022
30.3	0.051979286
30.32	-0.015727271
30.34	-0.046844906
30.36	-0.060426137
30.38	-0.073785769
30.4	-0.092825587
30.42	-0.103491515
30.44	-0.096631839
30.46	-0.088086667
30.48	-0.094285736
30.5	-0.10714877
30.52	-0.120855756
30.54	-0.082058176
30.56	-0.037623457
30.58	0.042695921
30.6	0.067931484
30.62	0.06625173
30.64	0.092163249
30.66	0.147108343
30.68	0.194124983
30.7	0.245630893
30.72	0.252703253
30.74	0.22679498
30.76	0.206101551
30.78	0.200506709
30.8	0.196300329
30.82	0.185793216
30.84	0.14717258
30.86	0.120138652
30.88	0.101464765
30.9	0.070934469
30.92	0.057615626
30.94	0.030697321
30.96	-0.016416237
30.98	-0.052401773
31	-0.079508611
31.02	-0.127594625
31.04	-0.165515288
31.06	-0.196810983
31.08	-0.222841593
31.1	-0.236548538
31.12	-0.233893703
31.14	-0.230100781
31.16	-0.232944998
31.18	-0.233346532
31.2	-0.240319238
31.22	-0.201917642
31.24	-0.168247085
31.26	-0.157328906
31.28	-0.116133577
31.3	-0.076727254
31.32	-0.050181218
31.34	0.004621784
31.36	-0.011434659
31.38	-0.049919426
31.4	-0.054426548
31.42	-0.037368089
31.44	0.005361858
31.46	0.04524855
31.48	0.072842823
31.5	0.097371344
31.52	0.103432772
31.54	0.128838892
31.56	0.15242328
31.58	0.167502493
31.6	0.140776606
31.62	0.127060796
31.64	0.125011383
31.66	0.133017572
31.68	0.108575342
31.7	0.083415205
31.72	0.036321931
31.74	0.00029847
31.76	-0.008867959
31.78	-0.001753789
31.8	0.014950811
31.82	-0.02273594
31.84	-0.065010239
31.86	-0.056295877
31.88	-0.028337647
31.9	-0.06693051
31.92	-0.090695557
31.94	-0.093987216
31.96	-0.085283753
31.98	-0.057201071
32	-0.032598934
32.02	-0.018066686
32.04	-0.007684466
32.06	0.029332867
32.08	0.065213889
32.1	0.112757544
32.12	0.15093174
32.14	0.166684835
32.16	0.145909626
32.18	0.136698619
32.2	0.103828102
32.22	0.074513186
32.24	0.035210884
32.26	0.038645869
32.28	0.01979286
32.3	0.022258974
32.32	0.015666022
32.34	0.027232505
32.36	0.001735755
32.38	-0.015129869
32.4	-0.051582125
32.42	-0.069092605
32.44	-0.082047925
32.46	-0.098353286
32.48	-0.129341653
32.5	-0.132115359
32.52	-0.132954272
32.54	-0.121354774
32.56	-0.130917321
32.58	-0.159524192
32.6	-0.178758605
32.62	-0.171466908
32.64	-0.147403094
32.66	-0.121052281
32.68	-0.108276627
32.7	-0.081953959
32.72	-0.052138485
32.74	-0.026229968
32.76	-0.002629858
32.78	0.003806257
32.8	-0.015325063
32.82	-0.007433563
32.84	0.013039325
32.86	0.105604424
32.88	0.150037125
32.9	0.172317835
32.92	0.167497657
32.94	0.141475835
32.96	0.11223246
32.98	0.074835176
33	0.078450389
33.02	0.070049325
33.04	0.087273441
33.06	0.080272463
33.08	0.08877441
33.1	0.074319766
33.12	0.071532649
33.14	0.068754375
33.16	0.085776274
33.18	0.071054933
33.2	0.110089497
33.22	0.107197554
33.24	0.09678515
33.26	0.058299033
33.28	0.035172297
33.3	-0.020557153
33.32	-0.040944596
33.34	-0.037873147
33.36	-0.038593769
33.38	-0.052130916
33.4	-0.067204944
33.42	-0.076419705
33.44	-0.069828153
33.46	-0.059838319
33.48	-0.060476828
33.5	-0.073876016
33.52	-0.061164434
33.54	-0.056337108
33.56	-0.034418155
33.58	-0.02481071
33.6	-0.030055538
33.62	-0.031904269
33.64	0.004549463
33.66	0.022447695
33.68	0.027509118
33.7	0.025938445
33.72	0.031929563
33.74	0.036377059
33.76	0.039989989
33.78	0.015970611
33.8	-0.011288843
33.82	-0.044700559
33.84	-0.048426528
33.86	-0.046207059
33.88	-0.061516604
33.9	-0.097695075
33.92	-0.140054139
33.94	-0.147163839
33.96	-0.100178431
33.98	-0.075910696
34	-0.034734722
34.02	-0.023943105
34.04	-0.013790783
34.06	-0.032705195
34.08	-0.015347167
34.1	-0.017223809
34.12	-0.014476478
34.14	-0.047542236
34.16	-0.041621087
34.18	-0.015849408
34.2	0.028172578
34.22	0.006489304
34.24	0.025240849
34.26	0.03971853
34.28	0.054331532
34.3	0.092077255
34.32	0.120986822
34.34	0.097190312
34.36	0.057620625
34.38	0.039037917
34.4	0.041704863
34.42	0.03829717
34.44	0.023008962
34.46	0.007995505
34.48	0.002536816
34.5	-0.008299148
34.52	0.011354442
34.54	0.03601255
34.56	0.059468919
34.58	0.037106528
34.6	0.057301726
34.62	0.07933779
34.64	0.091715646
34.66	0.065267589
34.68	0.03849057
34.7	0.023124796
34.72	0.018467456
34.74	0.018748817
34.76	0.035854522
34.78	0.011711955
34.8	-0.044375284
34.82	-0.080600755
34.84	-0.094630182
34.86	-0.106168222
34.88	-0.10799427
34.9	-0.088683679
34.92	-0.079620564
34.94	-0.06783851
34.96	-0.063804081
34.98	-0.090076414
35	-0.108099663
35.02	-0.140778115
35.04	-0.148249875
35.06	-0.124260597
35.08	-0.075890232
35.1	-0.047361162
35.12	-0.037145624
35.14	-0.048154044
35.16	-0.055965741
35.18	-0.053378487
35.2	-0.026711493
35.22	0.01877603
35.24	0.053853992
35.26	0.07400692
35.28	0.09280637
35.3	0.0978166
35.32	0.07594144
35.34	0.029389997
35.36	-0.027523113
35.38	-0.024750099
35.4	-0.010386106
35.42	0.004256541
35.44	0.019956376
35.46	0.025316574
35.48	0.022425965
35.5	0.02428615
35.52	0.037384091
35.54	0.025697545
35.56	0.024027343
35.58	0.035979897
35.6	0.041034028
35.62	0.028760146
35.64	0.016333179
35.66	-0.021563564
35.68	-0.041803346
35.7	-0.04344198
35.72	-0.01003831
35.74	0.02234049
35.76	0.039244238
35.78	0.061329137
35.8	0.085453732
35.82	0.104718021
35.84	0.105955514
35.86	0.08241317
35.88	0.065509604
35.9	0.049162954
35.92	0.039699305
35.94	0.039193136
35.96	0.029774531
35.98	0.014263255
36	0.032517233
36.02	0.0298036
36.04	0.065365113
36.06	0.093167837
36.08	0.118724741
36.1	0.124785831
36.12	0.093431296
36.14	0.074843825
36.16	0.07756532
36.18	0.049447834
36.2	0.021200594
36.22	-0.024425686
36.24	-0.059082828
36.26	-0.064841012
36.28	-0.064974021
36.3	-0.064853441
36.32	-0.072977652
36.34	-0.072453705
36.36	-0.052070388
36.38	-0.036911629
36.4	-0.023177948
36.42	-0.056519225
36.44	-0.094681228
36.46	-0.102483431
36.48	-0.108010733
36.5	-0.11909731
36.52	-0.133028185
36.54	-0.158547455
36.56	-0.16218415
36.58	-0.147561333
36.6	-0.109696467
36.62	-0.072780101
36.64	-0.027137722
36.66	0.011203308
36.68	0.056144272
36.7	0.089628781
36.72	0.102947799
36.74	0.093760121
36.76	0.086711641
36.78	0.055175053
36.8	0.048676126
36.82	0.060002594
36.84	0.076165285
36.86	0.074635898
36.88	0.056907564
36.9	0.028812407
36.92	0.011904869
36.94	-0.014572981
36.96	-0.032435627
36.98	-0.032295402
37	-0.007508637
37.02	0.011753267
37.04	0.03798725
37.06	0.055430148
37.08	0.046430115
37.1	0.012541104
37.12	-0.010393737
37.14	-0.01970764
37.16	-0.026146976
37.18	-0.006712997
37.2	0.008822876
37.22	0.021605661
37.24	0.027630801
37.26	0.024552946
37.28	0.040081949
37.3	0.044503792
37.32	0.032922303
37.34	0.04427231
37.36	0.065139108
37.38	0.089836547
37.4	0.087397075
37.42	0.053400645
37.44	0.018052316
37.46	0.004386163
37.48	-0.018460042
37.5	-0.02898418
37.52	-0.030471026
37.54	-0.029711844
37.56	-0.032720334
37.58	-0.036030791
37.6	-0.038932688
37.62	-0.074532592
37.64	-0.094471269
37.66	-0.090888225
37.68	-0.079779759
37.7	-0.057681232
37.72	-0.060537869
37.74	-0.08087346
37.76	-0.119461791
37.78	-0.154668432
37.8	-0.177794272
37.82	-0.150881248
37.84	-0.123025239
37.86	-0.097750315
37.88	-0.096617228
37.9	-0.051564403
37.92	-0.01363828
37.94	-0.012246268
37.96	-0.025298488
37.98	-0.03718249
38	-0.033909959
38.02	-0.028254954
38.04	-0.027981935
38.06	-0.028686591
38.08	-0.03915042
38.1	-0.050655627
38.12	-0.011952203
38.14	0.0311065
38.16	0.039664251
38.18	0.05747824
38.2	0.072143805
38.22	0.089993164
38.24	0.101992187
38.26	0.112078966
38.28	0.106129755
38.3	0.103761009
38.32	0.09849269
38.34	0.094868485
38.36	0.079011671
38.38	0.043303398
38.4	0.002468807
38.42	-0.031596068
38.44	-0.052297845
38.46	-0.058969133
38.48	-0.057755681
38.5	-0.052025658
38.52	-0.058951804
38.54	-0.064719597
38.56	-0.055205617
38.58	-0.054930422
38.6	-0.04360858
38.62	-0.02507755
38.64	-0.015711806
38.66	4.46534E-05
38.68	0.027450059
38.7	0.0192085
38.72	0.009242797
38.74	0.005962352
38.76	-0.000321824
38.78	0.008990916
38.8	0.032531003
38.82	0.058614256
38.84	0.056518487
38.86	0.02199184
38.88	-0.020395105
38.9	-0.048620145
38.92	-0.06365223
38.94	-0.068634854
38.96	-0.067264037
38.98	-0.047235047
39	-0.024359715
39.02	-0.017773475
39.04	-0.017198885
39.06	-0.059781551
39.08	-0.083950179
39.1	-0.10587758
39.12	-0.095054912
39.14	-0.070504037
39.16	-0.041663757
39.18	-0.022402003
39.2	-0.019471649
39.22	-0.01533766
39.24	-0.003508477
39.26	-0.003630657
39.28	-0.012056558
39.3	-0.01235083
39.32	-0.000126251
39.34	0.0411713
39.36	0.069296124
39.38	0.106252247
39.4	0.139814847
39.42	0.16583322
39.44	0.182809189
39.46	0.217890919
39.48	0.136939295
39.5	0.089117898
39.52	0.001406902
39.54	-0.039113947
39.56	-0.010479351
39.58	0.054499993
39.6	0.073439759
39.62	0.086909798
39.64	0.102390766
39.66	0.121438796
39.68	0.097873651
39.7	0.06724452
39.72	0.054276868
39.74	0.038628127
39.76	0.098165725
39.78	0.153858501
39.8	0.161883173
39.82	0.138902401
39.84	0.088433564
39.86	0.052282856
39.88	0.041012413
39.9	0.044118202
39.92	0.031786716
39.94	0.010872384
39.96	-0.001354955
39.98	-0.011442558
40	-0.023976309
40.02	-0.043669002
40.04	-0.072234219
40.06	-0.078216129
40.08	-0.076741085
40.1	-0.063581505
40.12	-0.047932418
40.14	-0.050056512
40.16	-0.043019258
40.18	-0.033592749
40.2	-0.008522836
40.22	0.002327271
40.24	0.002930989
40.26	-0.006713367
40.28	0.000114342
40.3	0.001992268
40.32	0.01384129
40.34	0.013149591
40.36	-0.007441664
40.38	-0.035227008
40.4	-0.050834182
40.42	-0.040669581
40.44	-0.018406767
40.46	-0.009188099
40.48	-0.018709062
40.5	-0.022217742
40.52	-0.030996346
40.54	-0.03019798
40.56	-0.038420781
40.58	-0.027228538
40.6	0.011260007
40.62	0.059020173
40.64	0.109456079
40.66	0.142289288
40.68	0.148310411
40.7	0.139493496
40.72	0.132248357
40.74	0.138022136
40.76	0.14406517
40.78	0.157309151
40.8	0.160939523
40.82	0.154941678
40.84	0.14817139
40.86	0.149415379
40.88	0.141484859
40.9	0.085938237
40.92	-0.010898001
40.94	-0.078488364
40.96	-0.100278314
40.98	-0.07845595
41	-0.026939433
41.02	0.015513353
41.04	0.052101556
41.06	0.053989944
41.08	0.035585014
41.1	0.009971497
41.12	-0.048605781
41.14	-0.095410049
41.16	-0.099720262
41.18	-0.044856616
41.2	0.042179352
41.22	0.072254624
41.24	0.08705816
41.26	0.092455655
41.28	0.086176375
41.3	0.066916537
41.32	0.077211153
41.34	0.06561417
41.36	0.058435377
41.38	0.034693215
41.4	0.0056475
41.42	-0.059788531
41.44	-0.119525117
41.46	-0.175528869
41.48	-0.202859298
41.5	-0.206438919
41.52	-0.198700839
41.54	-0.201582191
41.56	-0.147728897
41.58	-0.121679742
41.6	-0.096547103
41.62	-0.069012693
41.64	-0.070623449
41.66	-0.081519101
41.68	-0.07836982
41.7	-0.079910127
41.72	-0.074779701
41.74	-0.062202969
41.76	-0.055992263
41.78	-0.064487892
41.8	-0.071079516
41.82	-0.069682759
41.84	-0.053063675
41.86	-0.011163256
41.88	0.045341775
41.9	0.079740928
41.92	0.11538206
41.94	0.145167835
41.96	0.139182274
41.98	0.105745532
42	0.063302255
42.02	0.031059176
42.04	0.002697308
42.06	-0.004432185
42.08	-0.009791123
42.1	-0.00372239
42.12	0.014032031
42.14	0.02791331
42.16	0.042996959
42.18	0.058411316
42.2	0.074940789
42.22	0.075948235
42.24	0.070798369
42.26	0.056370623
42.28	0.028542336
42.3	0.003303151
42.32	-0.020457922
42.34	-0.057045974
42.36	-0.073756303
42.38	-0.090428817
42.4	-0.101352152
42.42	-0.101637222
42.44	-0.096811536
42.46	-0.092368912
42.48	-0.078198543
42.5	-0.071627571
42.52	-0.037758468
42.54	-0.048983791
42.56	-0.06841545
42.58	-0.082791269
42.6	-0.088081192
42.62	-0.099040315
42.64	-0.092690908
42.66	-0.073990265
42.68	-0.033592811
42.7	-0.016076431
42.72	-0.002862314
42.74	-0.004668863
42.76	-0.007949996
42.78	-0.007560482
42.8	-0.014298991
42.82	-0.017644943
42.84	-0.030237955
42.86	-0.056692899
42.88	-0.104834659
42.9	-0.137242089
42.92	-0.148516949
42.94	-0.157652904
42.96	-0.15708106
42.98	-0.136196636
43	-0.115596897
43.02	-0.064585143
43.04	-0.032381521
43.06	-0.012541289
43.08	0.007908178
43.1	0.000125531
43.12	-0.00376191
43.14	-0.002539564
43.16	-0.001826603
43.18	0.011154523
43.2	0.018090044
43.22	0.027691707
43.24	0.043539235
43.26	0.059081353
43.28	0.076543643
43.3	0.093654449
43.32	0.112463142
43.34	0.136097182
43.36	0.148588201
43.38	0.137688977
43.4	0.122740206
43.42	0.075060363
43.44	0.020486593
43.46	-0.0160986
43.48	-0.028357912
43.5	-0.031862664
43.52	-0.028127444
43.54	-0.029892314
43.56	-0.016439432
43.58	-0.011049341
43.6	0.017545731
43.62	0.035881053
43.64	0.063267308
43.66	0.07663444
43.68	0.088261538
43.7	0.08377776
43.72	0.074850844
43.74	0.046700018
43.76	0.039458829
43.78	0.027376698
43.8	0.034024825
43.82	0.013899516
43.84	-0.019652792
43.86	-0.03688758
43.88	-0.057393971
43.9	-0.064961432
43.92	-0.06326921
43.94	-0.049882597
43.96	-0.036525634
43.98	-0.043074615
44	-0.032354291
44.02	-0.037805998
44.04	-0.044162378
44.06	-0.046028203
44.08	-0.054627648
44.1	-0.053436636
44.12	-0.032743944
44.14	-0.014773658
44.16	-0.002509965
44.18	0.001857404
44.2	0.01116752
44.22	-0.009281504
44.24	-0.014886513
44.26	-0.025597518
44.28	-0.017787714
44.3	-0.034862723
44.32	-0.048029178
44.34	-0.051429311
44.36	-0.049451663
44.38	-0.050030727
44.4	-0.046595951
44.42	-0.041586056
44.44	-0.026369585
44.46	-0.010754181
44.48	0.00758566
44.5	0.011406346
44.52	0.011389795
44.54	0.007725277
44.56	0.006091626
44.58	0.029789093
44.6	0.050847754
44.62	0.058120398
44.64	0.065957804
44.66	0.074851197
44.68	0.081425024
44.7	0.07653638
44.72	0.074250594
44.74	0.071714611
44.76	0.082591526
44.78	0.086778822
44.8	0.080531406
44.82	0.071569773
44.84	0.057595766
44.86	0.032411141
44.88	0.020294262
44.9	0.002849739
44.92	-0.013596495
44.94	-0.030637963
44.96	-0.023328684
44.98	-0.016949915
45	-0.0127838
45.02	-0.004710863
45.04	0.003179869
45.06	0.019717443
45.08	0.023823032
45.1	0.03276185
45.12	0.038389102
45.14	0.034515446
45.16	0.034110776
45.18	0.028225029
45.2	0.033111381
45.22	0.022783345
45.24	0.013176672
45.26	0.009180224
45.28	-0.000837088
45.3	-0.006345776
45.32	-0.011433701
45.34	-0.04832543
45.36	-0.079904442
45.38	-0.09440645
45.4	-0.099473805
45.42	-0.099727871
45.44	-0.098437307
45.46	-0.096216033
45.48	-0.091840552
45.5	-0.090620865
45.52	-0.100180891
45.54	-0.075727918
45.56	-0.056011892
45.58	-0.044281811
45.6	-0.0147906
45.62	0.019067977
45.64	0.031454289
45.66	0.020035854
45.68	0.017201999
45.7	-0.007659918
45.72	-0.015071366
45.74	-0.022672463
45.76	-0.028009781
45.78	-0.033217231
45.8	-0.019929656
45.82	-0.021327911
45.84	-0.022150676
45.86	-0.010818486
45.88	0.005329853
45.9	0.008887738
45.92	0.025278898
45.94	0.035063424
45.96	0.043125079
45.98	0.037895262
46	0.044554665
46.02	0.03187782
46.04	0.024711085
46.06	0.033620926
46.08	0.040443658
46.1	0.051907633
46.12	0.07436864
46.14	0.075125945
46.16	0.073838513
46.18	0.075605417
46.2	0.073248163
46.22	0.067220591
46.24	0.061282189
46.26	0.055807327
46.28	0.050945452
46.3	0.032698164
46.32	0.017740206
46.34	-0.019172896
46.36	-0.045261046
46.38	-0.052992077
46.4	-0.045709107
46.42	-0.020377763
46.44	-0.002337222
46.46	0.00439905
46.48	-0.004959178
46.5	-0.01405486
46.52	-0.024923835
46.54	-0.028267417
46.56	-0.041938344
46.58	-0.04631135
46.6	-0.036583788
46.62	-0.025169397
46.64	-0.012359829
46.66	0.003885306
46.68	0.007858839
46.7	0.00481692
46.72	0.013412933
46.74	0.033646145
46.76	0.034206253
46.78	0.01792995
46.8	0.007172808
46.82	-0.011038668
46.84	-0.027970711
46.86	-0.053774603
46.88	-0.068349843
46.9	-0.063643149
46.92	-0.070817291
46.94	-0.067458247
46.96	-0.055963674
46.98	-0.040890448
47	-0.020457197
47.02	0.000805372
47.04	0.022871226
47.06	0.05217194
47.08	0.060511652
47.1	0.059699957
47.12	0.058975684
47.14	0.055698049
47.16	0.060177103
47.18	0.06202889
47.2	0.068185425
47.22	0.074175221
47.24	0.075758178
47.26	0.088716693
47.28	0.095873661
47.3	0.091063407
47.32	0.07273759
47.34	0.066830781
47.36	0.084223205
47.38	0.084518653
47.4	0.077870517
47.42	0.056084546
47.44	0.03879209
47.46	0.030214807
47.48	0.035361164
47.5	0.042598119
47.52	0.058269041
47.54	0.058911241
47.56	0.046055524
47.58	0.04033876
47.6	0.031917166
47.62	0.020165452
47.64	0.013283831
47.66	-0.006891697
47.68	-0.004329282
47.7	0.002946874
47.72	0.015730573
47.74	0.008350762
47.76	-0.005483452
47.78	-0.020297626
47.8	-0.027758721
47.82	-0.028448886
47.84	-0.028071313
47.86	-0.035401495
47.88	-0.037667378
47.9	-0.038162352
47.92	-0.038923846
47.94	-0.036943515
47.96	-0.037742258
47.98	-0.0369455
48	-0.043895823
48.02	-0.038840282
48.04	-0.021937961
48.06	-0.01032082
48.08	-0.011764044
48.1	-0.025412524
48.12	-0.033767519
48.14	-0.030991045
48.16	-0.021731241
48.18	-0.019304311
48.2	-0.023982504
48.22	-0.02014563
48.24	-0.012939778
48.26	-0.009787507
48.28	-0.014949842
48.3	-0.03103017
48.32	-0.031500069
48.34	-0.026017436
48.36	-0.016441511
48.38	-0.00892137
48.4	-0.002729
48.42	-0.003032539
48.44	-0.006774456
48.46	-0.00660835
48.48	0.002977313
48.5	0.011291487
48.52	0.020399539
48.54	0.036337517
48.56	0.047901485
48.58	0.065142949
48.6	0.077360826
48.62	0.081550424
48.64	0.072661894
48.66	0.059123441
48.68	0.051730177
48.7	0.04154558
48.72	0.026879692
48.74	0.008015962
48.76	-0.005461241
48.78	-0.011067938
48.8	0.002419918
48.82	0.006266765
48.84	-0.005827389
48.86	-0.008976486
48.88	-0.006992797
48.9	-0.003083028
48.92	0.000349397
48.94	-0.004371454
48.96	-0.021249869
48.98	-0.032830667
49	-0.0381966
49.02	-0.041836439
49.04	-0.044739528
49.06	-0.047191893
49.08	-0.045813527
49.1	-0.03350425
49.12	-0.025121284
49.14	-0.011364656
49.16	-0.009036874
49.18	-0.007699457
49.2	-0.010865747
49.22	-0.004461569
49.24	-0.006138393
49.26	-0.016095212
49.28	-0.029107
49.3	-0.044953227
49.32	-0.048850918
49.34	-0.046330044
49.36	-0.045629453
49.38	-0.04850354
49.4	-0.04504591
49.42	-0.044128217
49.44	-0.032567787
49.46	-0.027496926
49.48	-0.017583682
49.5	-0.008319665
49.52	-0.006348161
49.54	-0.015921873
49.56	-0.010810139
49.58	-0.013042139
49.6	-0.016306982
49.62	-0.020706328
49.64	-0.022567544
49.66	-0.01495129
49.68	-0.004374824
49.7	0.001951945
49.72	0.003164726
49.74	-0.009744645
49.76	-0.009343612
49.78	-0.008607482
49.8	0.004382634
49.82	0.013949918
49.84	0.005885622
49.86	0.020384482
49.88	0.012936065
49.9	0.027936977
49.92	0.026025825
49.94	0.047055279
49.96	0.051567148
49.98	0.05319318
50	0.061238418
50.02	0.055234035
50.04	0.050010389
50.06	0.031722907
50.08	0.019111303
50.1	0.01327058
50.12	-0.000317392
50.14	-0.007984661
50.16	-0.027595951
50.18	-0.03615665
50.2	-0.042577529
50.22	-0.043213797
50.24	-0.033216166
50.26	-0.018003693
50.28	-0.01100581
50.3	-0.002215603
50.32	0.002081238
50.34	0.008081775
50.36	0.000930798
50.38	-0.01132304
50.4	-0.023725332
50.42	-0.029902755
50.44	-0.037188053
50.46	-0.032954195
50.48	-0.032920525
50.5	-0.030430099
50.52	-0.027240812
50.54	-0.019607818
50.56	-0.019832486
50.58	-0.020404373
50.6	-0.013066811
50.62	-0.002756334
50.64	0.017728551
50.66	0.023580297
50.68	0.022507981
50.7	0.009616701
50.72	-0.018557916
50.74	-0.032314086
50.76	-0.033131955
50.78	-0.028318661
50.8	-0.020190451
50.82	-0.024754716
50.84	-0.02772907
50.86	-0.027077419
50.88	-0.024296918
50.9	-0.022560093
50.92	-0.015917303
50.94	-0.010625602
50.96	0.003375219
50.98	0.023002254
51	0.025177915
51.02	0.008092709
51.04	-0.003982676
51.06	-0.004320643
51.08	-0.004566186
51.1	0.006187197
51.12	0.010218328
51.14	0.019034445
51.16	0.026701106
51.18	0.032788362
51.2	0.048581236
51.22	0.04587651
51.24	0.050810167
51.26	0.054908477
51.28	0.042105801
51.3	0.037367325
51.32	0.029055107
51.34	0.030291246
51.36	0.026970792
51.38	0.028543004
51.4	0.030790617
51.42	0.040717839
51.44	0.040196284
51.46	0.017805105
51.48	0.000700878
51.5	-0.005638943
51.52	-0.019300884
51.54	-0.026875792
51.56	-0.02721035
51.58	-0.034172165
51.6	-0.051086056
51.62	-0.058087987
51.64	-0.057181981
51.66	-0.05025963
51.68	-0.038363546
51.7	-0.034686288
51.72	-0.016334754
51.74	-0.00275787
51.76	0.010690216
51.78	0.010238559
51.8	-0.004759502
51.82	-0.022003796
51.84	-0.040931328
51.86	-0.035070109
51.88	-0.028897429
51.9	-0.021926155
51.92	-0.020727609
51.94	-0.030958746
51.96	-0.029916135
51.98	-0.034191868
52	-0.034808778
52.02	-0.039714878
52.04	-0.033070348
52.06	-0.031119426
52.08	-0.026948705
52.1	-0.02983109
52.12	-0.031124064
52.14	-0.04696407
52.16	-0.056667535
52.18	-0.05828003
52.2	-0.04303774
52.22	-0.044733643
52.24	-0.024835641
52.26	-0.026244425
52.28	-0.023315209
52.3	-0.016128874
52.32	-0.007621999
52.34	-0.00636098
52.36	-0.000506314
52.38	0.01557237
52.4	0.013854657
52.42	0.037593003
52.44	0.044459149
52.46	0.039427588
52.48	0.032585458
52.5	0.028459531
52.52	0.026963343
52.54	0.038722766
52.56	0.043607505
52.58	0.050473757
52.6	0.062898864
52.62	0.079015764
52.64	0.084642071
52.66	0.080711314
52.68	0.067119197
52.7	0.054268177
52.72	0.0483509
52.74	0.038734798
52.76	0.027210444
52.78	0.016232839
52.8	0.012748243
52.82	0.007042114
52.84	0.010900508
52.86	0.008659034
52.88	0.014494626
52.9	0.011439741
52.92	0.010812349
52.94	0.004736749
52.96	0.00772304
52.98	0.002799655
53	-0.006288505
53.02	-0.013237082
53.04	-0.016592125
53.06	-0.015711432
53.08	-0.01229854
53.1	-0.008111789
53.12	-0.004594336
53.14	-0.000517247
53.16	0.003278302
53.18	0.004060641
53.2	0.002739344
53.22	0.002014101
53.24	0.008213612
53.26	0.011287025
53.28	0.018990512
53.3	0.027464127
53.32	0.025278331
53.34	0.017261485
53.36	0.01413065
53.38	0.010529769
53.4	0.011007156
53.42	0.010323116
53.44	-0.008041613
53.46	-0.007039209
53.48	-0.016502026
53.5	-0.015504774
53.52	-0.01589465
53.54	-0.015192164
53.56	-0.017149237
53.58	-0.01922104
53.6	-0.009917845
53.62	-0.003988468
53.64	0.003957763
53.66	0.01810263
53.68	0.025054483
53.7	0.04536357
53.72	0.060571024
53.74	0.070257143
53.76	0.071678445
53.78	0.066100855
53.8	0.06039345
53.82	0.060980601
53.84	0.062069831
53.86	0.058129122
53.88	0.054762041
53.9	0.046738139
53.92	0.0387412
53.94	0.024675834
53.96	0.019949885
53.98	-0.000133877
54	-0.016472307
54.02	-0.007900046
54.04	-0.003711875
54.06	0.004448949
54.08	0.003474663
54.1	-0.001051519
54.12	-0.012894764
54.14	-0.026493407
54.16	-0.023183652
54.18	-0.021932154
54.2	-0.026733867
54.22	-0.025407199
54.24	-0.014373295
54.26	-0.001490195
54.28	0.004871607
54.3	-0.004831382
54.32	-0.007749417
54.34	-0.007893748
54.36	-0.001099427
54.38	0.001672499
54.4	-0.001334244
54.42	-0.006052669
54.44	-0.008728233
54.46	-0.014792786
54.48	-0.009912025
54.5	-0.005258565
54.52	-0.004584914
54.54	-0.009656772
54.56	-0.016915868
54.58	-0.020279598
54.6	-0.023833321
54.62	-0.036481489
54.64	-0.036692183
54.66	-0.032314607
54.68	-0.019840226
54.7	-0.001730945
54.72	0.000761661
54.74	-0.010391732
54.76	-0.018447761
54.78	-0.019722422
54.8	-0.015443862
54.82	-0.007982105
54.84	0.003792157
54.86	0.008055235
54.88	0.008859245
54.9	0.005325673
54.92	0.010314233
54.94	-0.00675086
54.96	-0.031434123
54.98	-0.013255
55	-0.009763166
55.02	-0.009523428
55.04	-0.008188473
55.06	0.025766999
55.08	0.022186569
55.1	0.019793932
55.12	0.021061454
55.14	0.022658137
55.16	0.029261592
55.18	0.029256231
55.2	0.020572078
55.22	0.020591242
55.24	0.011069047
55.26	-0.00249156
55.28	-0.010684051
55.3	-0.018815321
55.32	-0.020213509
55.34	-0.017093018
55.36	-0.020870259
55.38	-0.018440972
55.4	-0.026119584
55.42	-0.037275556
55.44	-0.038817392
55.46	-0.037250771
55.48	-0.030595796
55.5	-0.028937089
55.52	-0.032418697
55.54	-0.039006656
55.56	-0.047838869
55.58	-0.047886636
55.6	-0.047794939
55.62	-0.045197006
55.64	-0.036574953
55.66	-0.026975227
55.68	-0.020054692
55.7	-0.0129562
55.72	-0.00431487
55.74	-0.001709794
55.76	-0.003160416
55.78	-0.002612848
55.8	0.007054739
55.82	0.005184648
55.84	-0.001488169
55.86	-0.021736625
55.88	-0.039190023
55.9	-0.048539288
55.92	-0.049890424
55.94	-0.042331496
55.96	-0.041490262
55.98	-0.048392527
56	-0.049601685
56.02	-0.05514308
56.04	-0.0419524
56.06	-0.04971522
56.08	-0.044347993
56.1	-0.041215661
56.12	-0.030983545
56.14	-0.020784459
56.16	-0.020360428
56.18	-0.024192612
56.2	-0.027470414
56.22	-0.021490111
56.24	-0.011521197
56.26	0.01018312
56.28	0.015363667
56.3	0.024478441
56.32	0.032271994
56.34	0.036045891
56.36	0.033854232
56.38	0.03089068
56.4	0.032538302
56.42	0.035873129
56.44	0.038899154
56.46	0.034792233
56.48	0.035629655
56.5	0.029808756
56.52	0.020514352
56.54	0.012610004
56.56	0.010422305
56.58	0.013025023
56.6	0.017833902
56.62	0.019305433
56.64	0.026760476
56.66	0.027425791
56.68	0.02426944
56.7	0.020675761
56.72	0.015772404
56.74	0.003571424
56.76	-4.2257E-05
56.78	-0.00740528
56.8	-0.007141779
56.82	-0.004073101
56.84	-0.001692018
56.86	0.004341394
56.88	-0.010417807
56.9	-0.002664673
56.92	0.002492878
56.94	0.006084124
56.96	0.004501919
56.98	0.007824647
57	0.003712102
57.02	0.014632121
57.04	0.014871842
57.06	0.011960321
57.08	0.011637771
57.1	0.003112735
57.12	0.005607729
57.14	0.006230545
57.16	0.013880874
57.18	0.016370854
57.2	0.042130651
57.22	0.055180441
57.24	0.049660127
57.26	0.051702285
57.28	0.064766851
57.3	0.03895346
57.32	0.019358524
57.34	0.008436038
57.36	0.005570847
57.38	-0.01376324
57.4	-0.017835574
57.42	-0.025077651
57.44	-0.03139899
57.46	-0.024837766
57.48	-0.028433335
57.5	-0.022198581
57.52	-0.008557933
57.54	-0.002559453
57.56	0.007498973
57.58	0.009043561
57.6	0.007029216
57.62	0.010041205
57.64	0.011455161
57.66	0.020202701
57.68	0.012890318
57.7	0.005988458
57.72	-0.000333706
57.74	6.99883E-05
57.76	-0.006134188
57.78	0.001868979
57.8	0.015905175
57.82	0.020236256
57.84	0.02967564
57.86	0.035286172
57.88	0.037231343
57.9	0.033141741
57.92	0.022861592
57.94	0.012342042
57.96	0.008615705
57.98	0.006296336
58	0.010780234
58.02	0.009715471
58.04	0.005207206
58.06	0.007265623
58.08	0.008904902
58.1	0.00539453
58.12	0.003729998
58.14	0.008098984
58.16	0.006482487
58.18	0.002857905
58.2	0.004293209
58.22	-0.002251031
58.24	-0.003587414
58.26	-0.00660213
58.28	-0.012903527
58.3	-0.016805598
58.32	-0.02526214
58.34	-0.018101472
58.36	-0.00885745
58.38	-0.002105284
58.4	0.001255409
58.42	0.006486438
58.44	0.013741151
58.46	0.016026401
58.48	0.013574095
58.5	0.008351864
58.52	-0.001183859
58.54	-0.008544378
58.56	-0.015740346
58.58	-0.018536177
58.6	-0.011172329
58.62	-0.003946909
58.64	0.010890408
58.66	0.012791511
58.68	0.025294974
58.7	0.035168047
58.72	0.037867198
58.74	0.027253324
58.76	0.019359558
58.78	0.009428254
58.8	-0.004946486
58.82	-0.00768224
58.84	-0.016669337
58.86	-0.025792958
58.88	-0.030162715
58.9	-0.029834229
58.92	-0.03035738
58.94	-0.033603033
58.96	-0.031977887
58.98	-0.027217088
59	-0.011237937
59.02	0.006321281
59.04	0.006300921
59.06	0.0115775
59.08	0.008065629
59.1	0.007173217
59.12	0.001217323
59.14	-0.011470691
59.16	-0.0198635
59.18	-0.018641416
59.2	-0.012029747
59.22	-0.001928857
59.24	0.008743797
59.26	0.006379212
59.28	0.01522613
59.3	0.011887303
59.32	0.006333582
59.34	0.000264249
59.36	-0.010965946
59.38	-0.004237206
59.4	-0.013534507
59.42	-0.015656478
59.44	-0.01690982
59.46	-0.018662326
59.48	-0.026420961
59.5	-0.026268924
59.52	-0.02562717
59.54	-0.019206367
59.56	-0.008827356
59.58	0.003568266
59.6	0.005806047
59.62	0.009033307
59.64	0.008949853
59.66	0.006585203
59.68	-0.004700042
59.7	-0.006084174
59.72	0.004358159
59.74	-0.001264979
59.76	-0.003161327
59.78	-0.014164354
59.8	-0.016454735
59.82	-0.01799915
59.84	-0.019107209
59.86	-0.019550265
59.88	-0.017860008
59.9	-0.012145584
59.92	-0.00284397
59.94	-0.009973391
59.96	-0.003171161
59.98	-0.007539925
60	-0.009157389
60.02	-0.011689624
60.04	-0.012162405
60.06	-0.011449461
60.08	-0.011090491
60.1	-0.009869332
60.12	-0.007547882
60.14	-0.006670751
60.16	-0.004810958
60.18	-0.002780437
60.2	-0.002808216
60.22	-0.003911517
60.24	-0.00042267
60.26	-0.001937214
60.28	0.010101078
60.3	0.018226518
60.32	0.021601157
60.34	0.021067772
60.36	0.017117329
60.38	0.004191039
60.4	-0.005607037
60.42	-0.007539852
60.44	-0.003954086
60.46	-0.001278894
60.48	-0.00194242
60.5	-0.002399907
60.52	-0.00299553
60.54	0.001743719
60.56	-0.001096854
60.58	0.003747567
60.6	0.009136249
60.62	0.010946346
60.64	0.014546983
60.66	0.014370819
60.68	0.013812114
60.7	0.017164152
60.72	0.002736228
60.74	-0.001093069
60.76	-0.001706677
60.78	-0.001686924
60.8	0.001285893
60.82	0.010911256
60.84	0.010982703
60.86	0.011973217
60.88	0.011663259
60.9	0.008859166
60.92	0.008298585
60.94	0.011229185
60.96	0.01807792
60.98	0.024996103
61	0.032075594
61.02	0.030857064
61.04	0.028495014
61.06	0.020371784
61.08	0.005956
61.1	0.006392213
61.12	0.005911053
61.14	0.010434334
61.16	0.022005904
61.18	0.022241109
61.2	0.018697583
61.22	0.007484627
61.24	-0.009326469
61.26	-0.010863341
61.28	-0.011985568
61.3	-0.010395098
61.32	-0.019409666
61.34	-0.02031796
61.36	-0.012059705
61.38	-0.006186229
61.4	-0.00640813
61.42	-0.009172998
61.44	-0.012172178
61.46	-0.013867073
61.48	-0.010183916
61.5	-0.005211623
61.52	0.005108481
61.54	0.020778264
61.56	0.026540444
61.58	0.029343244
61.6	0.031451898
61.62	0.035025745
61.64	0.032019559
61.66	0.029532781
61.68	0.029029703
61.7	0.026155977
61.72	0.030945678
61.74	0.038434245
61.76	0.031301298
61.78	0.028585504
61.8	0.022679034
61.82	0.021026501
61.84	0.016770991
61.86	0.015157163
61.88	0.011268657
61.9	2.49644E-05
61.92	-0.007052595
61.94	-0.008395998
61.96	-0.016889751
61.98	-0.023633349
62	-0.029788305
62.02	-0.032339355
62.04	-0.034038077
62.06	-0.027606083
62.08	-0.017759125
62.1	-0.008381546
62.12	-0.003117548
62.14	-0.002575732
62.16	0.001387411
62.18	0.007534234
62.2	0.016138012
62.22	0.02042569
62.24	0.017652751
62.26	0.014372717
62.28	0.01045669
62.3	0.008603157
62.32	0.004897983
62.34	0.000532775
62.36	0.002422529
62.38	0.016537295
62.4	0.029095274
62.42	0.035629716
62.44	0.039702692
62.46	0.035841748
62.48	0.027676689
62.5	0.015198825
62.52	-0.008856175
62.54	-0.010063301
62.56	-0.013068243
62.58	-0.008000998
62.6	-0.005017648
62.62	0.006939047
62.64	0.008955102
62.66	0.015244517
62.68	0.00771493
62.7	0.004791765
62.72	0.000324251
62.74	-0.004319959
62.76	-0.003198954
62.78	-0.001274647
62.8	0.002073
62.82	0.004990171
62.84	-0.007093948
62.86	-0.016479171
62.88	-0.029267035
62.9	-0.034199848
62.92	-0.029364501
62.94	-0.015778309
62.96	-0.004195028
62.98	0.011148023
63	0.025348413
63.02	0.033285193
63.04	0.036096108
63.06	0.028566879
63.08	0.027288964
63.1	0.015674422
63.12	0.007113517
63.14	0.001353067
63.16	-0.000356
63.18	-0.005060395
63.2	-0.007145362
63.22	-0.011887471
63.24	-0.016806638
63.26	-0.019227653
63.28	-0.023123581
63.3	-0.021729227
63.32	-0.023907882
63.34	-0.025984445
63.36	-0.030863299
63.38	-0.041049918
63.4	-0.053986329
63.42	-0.061617111
63.44	-0.069953353
63.46	-0.069780915
63.48	-0.063986886
63.5	-0.05995071
63.52	-0.045397245
63.54	-0.037956643
63.56	-0.02620626
63.58	-0.023293964
63.6	-0.012186835
63.62	-0.008326653
63.64	0.001444546
63.66	0.00504217
63.68	0.006929396
63.7	0.008496845
63.72	0.005992605
63.74	0.006306924
63.76	0.00011492
63.78	-0.002510916
63.8	-0.003780311
63.82	-0.000556434
63.84	0.002473725
63.86	-0.000667511
63.88	0.002468658
63.9	0.006655066
63.92	0.007464687
63.94	0.002157555
63.96	-0.005629605
63.98	-0.014610114
64	-0.026129077
64.02	-0.030132361
64.04	-0.029638794
64.06	-0.032224306
64.08	-0.0339178
64.1	-0.031216627
64.12	-0.023646702
64.14	-0.021405798
64.16	-0.017010346
64.18	-0.01142901
64.2	-0.003257217
64.22	0.005227285
64.24	0.008257972
64.26	0.006459168
64.28	0.006645943
64.3	-0.00688745
64.32	-0.018872285
64.34	-0.028938193
64.36	-0.042754673
64.38	-0.043250688
64.4	-0.035179145
64.42	-0.027016774
64.44	-0.01453261
64.46	-0.001861671
64.48	0.005539507
64.5	-0.00380901
64.52	0.002339261
64.54	-0.003163578
64.56	-7.43016E-06
64.58	-0.001173857
64.6	-0.004940632
64.62	-0.009121996
64.64	-0.009491905
64.66	-0.016165263
64.68	-0.022978817
64.7	-0.028756625
64.72	-0.035495918
64.74	-0.036327345
64.76	-0.035920573
64.78	-0.032099558
64.8	-0.02692952
64.82	-0.02963208
64.84	-0.020129945
64.86	-0.019802332
64.88	-0.018483
64.9	-0.023731919
64.92	-0.010440878
64.94	-0.017697464
64.96	-0.004245641
64.98	-0.005211533
65	0.003019907
65.02	0.007872245
65.04	0.012193107
65.06	0.013551448
65.08	0.010951353
65.1	0.02099681
65.12	0.022736567
65.14	0.026352495
65.16	0.029218564
65.18	0.026269655
65.2	0.02006883
65.22	0.009512828
65.24	0.00020851
65.26	-0.009844822
65.28	-0.016055583
65.3	-0.011868838
65.32	-0.007701516
65.34	-0.007361009
65.36	-0.008768569
65.38	-0.008329691
65.4	-0.012536977
65.42	-0.023594157
65.44	-0.031164005
65.46	-0.034219363
65.48	-0.033868751
65.5	-0.027476333
65.52	-0.015835015
65.54	-0.007393194
65.56	0.007275156
65.58	-0.000663593
65.6	0.004351731
65.62	0.002968247
65.64	0.01388766
65.66	0.019873296
65.68	0.020748568
65.7	0.031193875
65.72	0.031068522
65.74	0.021984743
65.76	0.027015777
65.78	0.01374106
65.8	-0.000909986
65.82	-0.013955128
65.84	-0.002791615
65.86	-0.00853917
65.88	-0.009289182
65.9	-0.01015273
65.92	-0.008087776
65.94	-0.003975394
65.96	-0.001999723
65.98	0.000368434
66	0.005371519
66.02	0.005168543
66.04	0.010272633
66.06	0.018470174
66.08	0.022224404
66.1	0.032751499
66.12	0.03688772
66.14	0.022513916
66.16	0.031823801
66.18	0.035291827
66.2	0.033870624
66.22	0.029990281
66.24	0.029064009
66.26	0.019925466
66.28	0.016750758
66.3	0.014459388
66.32	0.027280122
66.34	0.023821895
66.36	0.012918835
66.38	0.015110036
66.4	0.010957609
66.42	0.014985303
66.44	0.020650228
66.46	0.025053952
66.48	0.027359388
66.5	0.019065343
66.52	0.012092148
66.54	0.014816435
66.56	0.017244966
66.58	0.018984487
66.6	0.021897486
66.62	0.032452138
66.64	0.0284047
66.66	0.025772852
66.68	0.021115141
66.7	0.015987735
66.72	0.00591058
66.74	0.007363889
66.76	0.009319959
66.78	0.00034617
66.8	0.024888151
66.82	0.018918728
66.84	0.008323719
66.86	0.004437612
66.88	-0.005745223
66.9	-0.004179365
66.92	0.005136387
66.94	0.015852501
66.96	0.026532741
66.98	0.038583179
67	0.036233002
67.02	0.027913622
67.04	0.024445862
67.06	0.020841078
67.08	0.012836047
67.1	0.011098151
67.12	0.010188823
67.14	0.00581591
67.16	0.004373487
67.18	0.001374033
67.2	-0.005908796
67.22	-0.012477967
67.24	-0.012622719
67.26	-0.006436305
67.28	-0.001088987
67.3	0.007255321
67.32	0.008132901
67.34	0.006235909
67.36	-0.000648558
67.38	-0.001734184
67.4	-0.005088085
67.42	-0.003811345
67.44	0.00033323
67.46	0.001114428
67.48	-0.000504402
67.5	0.00246283
67.52	0.007610106
67.54	0.022502631
67.56	0.034203241
67.58	0.040513481
67.6	0.044721668
67.62	0.055050257
67.64	0.051413288
67.66	0.042151209
67.68	0.030419419
67.7	0.018824586
67.72	0.006912055
67.74	-0.007530562
67.76	-0.009149547
67.78	-0.019553582
67.8	-0.023657925
67.82	-0.023454657
67.84	-0.026050871
67.86	-0.019730931
67.88	-0.012872087
67.9	-0.01003264
67.92	-0.005626029
67.94	-0.001011695
67.96	0.001123687
67.98	0.000728751
68	-0.002312104
68.02	0.001879164
68.04	0.009960747
68.06	0.014626996
68.08	0.018080451
68.1	0.018660649
68.12	0.012289576
68.14	0.007671037
68.16	0.011735416
68.18	0.015421692
68.2	0.016320504
68.22	0.016241081
68.24	0.01888329
68.26	0.012463414
68.28	0.005260392
68.3	-0.002887729
68.32	-0.009674415
68.34	-0.016520452
68.36	-0.014031072
68.38	-0.014636638
68.4	-0.011706073
68.42	-0.007551626
68.44	-0.009415137
68.46	-0.015702648
68.48	-0.020613723
68.5	-0.020652408
68.52	-0.020484268
68.54	-0.016859791
68.56	-0.015669984
68.58	-0.015911779
68.6	-0.016829342
68.62	-0.0247532
68.64	-0.030436616
68.66	-0.027326906
68.68	-0.023336975
68.7	-0.009844123
68.72	-0.008019928
68.74	-0.005635803
68.76	-0.00720578
68.78	-0.005582487
68.8	-0.004615254
68.82	-0.00521988
68.84	-0.007657719
68.86	-0.00019318
68.88	0.004996785
68.9	0.01093497
68.92	0.011215412
68.94	0.008338096
68.96	0.004617304
68.98	0.003611411
69	0.010253884
69.02	0.017239098
69.04	0.021530664
69.06	0.019366924
69.08	0.011318519
69.1	0.008405278
69.12	0.005213669
69.14	-0.002468059
69.16	-0.007595051
69.18	-0.013575777
69.2	-0.017563403
69.22	-0.018809122
69.24	-0.021967376
69.26	-0.019800205
69.28	-0.0223567
69.3	-0.019613357
69.32	-0.018937445
69.34	-0.016506113
69.36	-0.010844642
69.38	-0.010562917
69.4	-0.008438868
69.42	0.000374082
69.44	-0.010092802
69.46	0.000158457
69.48	0.002896879
69.5	0.004583397
69.52	0.005527643
69.54	0.00592627
69.56	0.005534987
69.58	0.010570128
69.6	0.012500502
69.62	0.012716875
69.64	0.012931842
69.66	0.01257945
69.68	0.014210197
69.7	0.01074155
69.72	-0.000665487
69.74	-0.001921557
69.76	-0.00517849
69.78	-0.007836091
69.8	-0.011505807
69.82	-0.014228131
69.84	-0.021467799
69.86	-0.028027728
69.88	-0.029861639
69.9	-0.02720443
69.92	-0.021138975
69.94	-0.01637567
69.96	-0.006323739
69.98	-0.002278141
70	0.007171655
70.02	0.008954635
70.04	0.007467286
70.06	0.00208581
70.08	0.008744492
70.1	0.01201371
70.12	0.008801633
70.14	0.005954755
70.16	0.000456859
70.18	-0.004628804
70.2	-0.00137494
70.22	0.001260582
70.24	0.005531595
70.26	0.010591467
70.28	0.014068211
70.3	0.016380155
70.32	0.020621959
70.34	0.025103151
70.36	0.021878333
70.38	0.018764184
70.4	0.021116279
70.42	0.022729623
70.44	0.027698849
70.46	0.0260133
70.48	0.020993686
70.5	0.012712553
70.52	0.011486643
70.54	0.014140908
70.56	0.018866009
70.58	0.014768093
70.6	0.014241427
70.62	0.009212886
70.64	0.006959738
70.66	-0.001350576
70.68	-0.012682779
70.7	-0.016940065
70.72	-0.016072084
70.74	-0.016167439
70.76	-0.016662215
70.78	-0.014765303
70.8	-0.018739573
70.82	-0.016519435
70.84	-0.01345914
70.86	-0.007188496
70.88	-0.002018445
70.9	0.005181255
70.92	0.009008435
70.94	0.005223166
70.96	0.001886057
70.98	0.007713609
71	-0.002808064
71.02	0.001151025
71.04	0.002924694
71.06	4.03255E-08
71.08	-0.000195002
71.1	-0.004101471
71.12	-0.002000115
71.14	-0.003482468
71.16	-0.000257157
71.18	0.002427258
71.2	-0.001515379
71.22	-0.008158294
71.24	-0.01595802
71.26	-0.023665229
71.28	-0.028517808
71.3	-0.034093116
71.32	-0.030199757
71.34	-0.030154387
71.36	-0.029479928
71.38	-0.031869675
71.4	-0.025336448
71.42	-0.017608078
71.44	-0.010436245
71.46	-0.007420303
71.48	-0.00060913
71.5	0.023439574
71.52	0.019897397
71.54	0.018954935
71.56	0.012946325
71.58	-0.000324906
71.6	-0.009200276
71.62	-0.00434413
71.64	-0.007774628
71.66	0.001406928
71.68	0.00095183
71.7	0.000294295
71.72	-0.003501002
71.74	-0.003626065
71.76	-0.004019915
71.78	-0.006671105
71.8	-0.004039585
71.82	-0.003512714
71.84	0.003568258
71.86	0.006862994
71.88	0.003692822
71.9	-0.001101554
71.92	-0.012724259
71.94	-0.016179856
71.96	-0.011438914
71.98	-0.008548813
72	-0.005820881
72.02	-0.004624202
72.04	-0.006863317
72.06	-0.010911636
72.08	-0.016616672
72.1	-0.022283873
72.12	-0.026950381
72.14	-0.027483416
72.16	-0.025086928
72.18	-0.024433185
72.2	-0.023190004
72.22	-0.022518003
72.24	-0.020628797
72.26	-0.014528807
72.28	-0.00707726
72.3	-0.001505578
72.32	-0.005134449
72.34	-0.005120381
72.36	-0.011863872
72.38	-0.014909663
72.4	-0.012701931
72.42	-0.012556075
72.44	-0.011756508
72.46	-0.023250489
72.48	-0.015154632
72.5	-0.018195208
72.52	-0.015717036
72.54	-0.014001851
72.56	-0.015126372
72.58	-0.007197626
72.6	0.001851124
72.62	0.001627397
72.64	-0.007344333
72.66	-0.015176576
72.68	-0.026621421
72.7	-0.026323653
72.72	-0.026716365
72.74	-0.022012838
72.76	-0.018230075
72.78	-0.016575912
72.8	-0.013393931
72.82	-0.014114158
72.84	-0.005211708
72.86	0.000830673
72.88	0.002882636
72.9	0.007393179
72.92	0.015580741
72.94	0.020658145
72.96	0.01703863
72.98	0.012367551
73	0.003206604
73.02	-0.006558694
73.04	-0.005293519
73.06	-0.005142518
73.08	-0.000512248
73.1	0.003409821
73.12	0.00839093
73.14	0.008374964
73.16	0.002111738
73.18	0.002238929
73.2	0.000597329
73.22	-0.005171078
73.24	-0.005584094
73.26	-0.005415085
73.28	-0.005848057
73.3	-0.007610833
73.32	-0.010016858
73.34	-0.014574152
73.36	-0.014974521
73.38	-0.009095866
73.4	-0.003749059
73.42	0.001607458
73.44	0.003505818
73.46	0.006105418
73.48	0.008682428
73.5	0.0048479
73.52	0.003259584
73.54	-0.001270185
73.56	-0.006781277
73.58	-0.006770584
73.6	-0.005353488
73.62	-0.006373689
73.64	-0.01092269
73.66	-0.009826561
73.68	-0.009978204
73.7	-0.002060472
73.72	0.006359028
73.74	0.011583963
73.76	0.000932405
73.78	0.002163244
73.8	0.005525503
73.82	-0.000372412
73.84	0.000719282
73.86	0.007965868
73.88	0.001426266
73.9	0.001369681
73.92	0.00604448
73.94	0.003131364
73.96	0.000672605
73.98	0.003928053
74	0.01151212
74.02	0.016734232
74.04	0.020083182
74.06	0.021785434
74.08	0.017163881
74.1	0.008415538
74.12	0.006672708
74.14	0.011070169
74.16	0.013210478
74.18	0.020195995
74.2	0.026685765
74.22	0.027798049
74.24	0.030105362
74.26	0.024647708
74.28	0.012583838
74.3	0.014500009
74.32	0.01494582
74.34	0.01881875
74.36	0.020681624
74.38	0.020946592
74.4	0.018356575
74.42	0.010166532
74.44	0.00966245
74.46	0.002830117
74.48	-0.001706299
74.5	-0.003730895
74.52	-0.0066808
74.54	-0.005338217
74.56	0.000459114
74.58	0.009735377
74.6	0.008974503
74.62	0.011739189
74.64	0.013204033
74.66	0.017358024
74.68	0.015038903
74.7	0.011733627
74.72	0.002419411
74.74	0.000580165
74.76	0.001369839
74.78	0.00433549
74.8	0.010916713
74.82	0.012488862
74.84	0.012147822
74.86	0.011842381
74.88	0.014376323
74.9	0.013499236
74.92	0.015363826
74.94	0.016965576
74.96	0.014792286
74.98	0.0079417
75	0.002876475
75.02	0.001028921
75.04	-0.003947224
75.06	-0.007231132
75.08	-0.010321341
75.1	-0.011668385
75.12	-0.004216607
75.14	-0.000475083
75.16	0.003496974
75.18	0.003438284
75.2	0.001170412
75.22	0.003829383
75.24	0.00082168
75.26	0.005423196
75.28	0.004785595
75.3	0.006575779
75.32	0.003719273
75.34	0.004588945
75.36	0.011431844
75.38	0.015662902
75.4	0.012258777
75.42	0.01193314
75.44	0.019048124
75.46	0.01683646
75.48	0.021069298
75.5	0.017337289
75.52	0.015249959
75.54	0.013090909
75.56	0.013733856
75.58	0.014330697
75.6	0.014240218
75.62	0.012588482
75.64	0.007392409
75.66	0.021061609
75.68	0.017286938
75.7	0.01738698
75.72	0.013309756
75.74	0.01128186
75.76	0.007105883
75.78	0.005845874
75.8	-0.0005837
75.82	-0.006883144
75.84	-0.01057282
75.86	-0.009974777
75.88	-0.005120742
75.9	-0.003977774
75.92	-0.005214067
75.94	-0.009898191
75.96	-0.012023865
75.98	-0.007901217
76	0.000189292
76.02	0.004349021
76.04	0.006406643
76.06	0.010817981
76.08	0.013815607
76.1	0.008992895
76.12	0.003922592
76.14	-0.005222862
76.16	-0.008901905
76.18	-0.004103364
76.2	0.00381635
76.22	0.019856668
76.24	0.029082652
76.26	0.01863744
76.28	0.021963279
76.3	0.020185671
76.32	0.010531612
76.34	0.005814633
76.36	-0.000736843
76.38	-0.006692485
76.4	-0.01211876
76.42	-0.018275589
76.44	-0.021072613
76.46	-0.024879796
76.48	-0.02466121
76.5	-0.021023429
76.52	-0.01872882
76.54	-0.01567835
76.56	-0.011320475
76.58	-0.013213581
76.6	-0.010672276
76.62	-0.008676041
76.64	-0.005976089
76.66	-0.003828408
76.68	-0.005351701
76.7	-0.003758823
76.72	0.00107379
76.74	-0.000612805
76.76	0.000568477
76.78	0.004819812
76.8	0.002255514
76.82	0.008281636
76.84	0.012834932
76.86	0.016110975
76.88	0.015073493
76.9	0.015572351
76.92	0.015924086
76.94	0.01320064
76.96	0.00619052
76.98	0.003727245
77	0.003445537
77.02	-0.002009023
77.04	-0.0019652
77.06	-0.000833844
77.08	-0.002533628
77.1	-0.000748447
77.12	-0.002210534
77.14	-0.007381872
77.16	-0.00728589
77.18	-0.012864767
77.2	-0.01764838
77.22	-0.026497295
77.24	-0.029589759
77.26	-0.024390759
77.28	-0.020810963
77.3	-0.013656574
77.32	-0.008920472
77.34	-0.007162665
77.36	-0.005053681
77.38	-0.009900248
77.4	-0.011695823
77.42	-0.010236394
77.44	-0.008749893
77.46	-0.004960593
77.48	0.000278179
77.5	0.003499101
77.52	-0.000992801
77.54	-0.002651814
77.56	-0.006568259
77.58	-0.006127036
77.6	-0.001608719
77.62	0.008039463
77.64	0.012568569
77.66	0.009801273
77.68	0.00671168
77.7	0.008678034
77.72	0.001886314
77.74	-0.00024481
77.76	-0.001706341
77.78	-0.00547228
77.8	-0.009135174
77.82	-0.014267878
77.84	-0.019241189
77.86	-0.025391592
77.88	-0.034233039
77.9	-0.034161184
77.92	-0.035463522
77.94	-0.031077905
77.96	-0.026705496
77.98	-0.020303057
78	-0.015780046
78.02	-0.012912645
78.04	-0.008112218
78.06	0.002930759
78.08	0.006299092
78.1	0.012612502
78.12	0.015894553
78.14	0.020383769
78.16	0.021718911
78.18	0.02057848
78.2	0.015343726
78.22	0.004702752
78.24	0.008698876
78.26	0.004123122
78.28	0.008185176
78.3	0.008266341
78.32	0.008480379
78.34	0.005364401
78.36	0.001380984
78.38	-0.000217983
78.4	-0.000702702
78.42	-0.002658367
78.44	-0.004394171
78.46	-0.006820556
78.48	-0.009350083
78.5	-0.01147614
78.52	-0.013913384
78.54	-0.015315466
78.56	-0.015630929
78.58	-0.013765519
78.6	-0.010662409
78.62	-0.008923873
78.64	-0.006208542
78.66	-0.003917733
78.68	-0.000262916
78.7	0.005194839
78.72	0.003642318
78.74	0.006036294
78.76	0.003388125
78.78	0.000891317
78.8	-0.001502686
78.82	-0.00031533
78.84	-0.010691149
78.86	-0.004729038
78.88	-0.006946243
78.9	-0.005394826
78.92	0.001859341
78.94	0.002379425
78.96	-0.000510923
78.98	-0.002356521
79	0.007092964
79.02	0.00517817
79.04	0.003818488
79.06	0.002501823
79.08	-0.003885157
79.1	-0.010079984
79.12	-0.014069814
79.14	-0.011744406
79.16	-0.007037599
79.18	-0.000638666
79.2	0.005307415
79.22	0.007022038
79.24	0.009097918
79.26	0.008584923
79.28	0.006242674
79.3	0.003024998
79.32	-0.001061921
79.34	-0.003405108
79.36	-0.001328204
79.38	9.69673E-06
79.4	0.0015828
79.42	-0.005152932
79.44	-0.005552161
79.46	-0.005375922
79.48	-0.0037278
79.5	0.00049942
79.52	0.010750463
79.54	0.013952139
79.56	0.022630448
79.58	0.028239926
79.6	0.029849352
79.62	0.031277532
79.64	0.024877417
79.66	0.015889774
79.68	0.009092371
79.7	-0.002232462
79.72	-0.008177106
79.74	-0.006554117
79.76	-0.007185475
79.78	-0.003326351
79.8	3.85815E-05
79.82	0.001601859
79.84	0.003756148
79.86	0.003762905
79.88	0.00467188
79.9	0.003866643
79.92	0.005358191
79.94	-0.00031286
79.96	-0.002123541
79.98	-0.000902031
80	-0.00042611
80.02	0.000816407
80.04	0.000499039
80.06	0.009617498
80.08	-0.009677036
80.1	0.00542599
80.12	0.013831564
80.14	0.023060114
80.16	0.02092622
80.18	0.012754034
80.2	0.005830435
80.22	0.008657633
80.24	0.008424342
80.26	0.001367473
80.28	-0.00395727
80.3	-0.004041506
80.32	-0.010125022
80.34	-0.013709894
80.36	-0.014424136
80.38	-0.016131162
80.4	-0.011936018
80.42	-0.004325071
80.44	0.005507036
80.46	0.010145218
80.48	0.012028862
80.5	0.009671373
80.52	0.003349094
80.54	0.001122519
80.56	0.001876859
80.58	0.003929443
80.6	0.010893411
80.62	0.011698293
80.64	0.02117199
80.66	0.016878376
80.68	0.01728634
80.7	0.011980109
80.72	0.010835184
80.74	0.009501381
80.76	0.005736322
80.78	0.003031592
80.8	0.003835583
80.82	0.004510578
80.84	-0.001053927
80.86	-0.008183435
80.88	-0.011082746
80.9	-0.014790841
80.92	-0.014110751
80.94	-0.012105898
80.96	-0.011103114
80.98	-0.015014974
81	-0.008933238
81.02	-0.001787508
81.04	0.000833272
81.06	0.002714592
81.08	-0.000738611
81.1	-0.000918637
81.12	-0.003970665
81.14	-0.003187618
81.16	-0.002869614
81.18	-0.002423285
81.2	0.004896488
81.22	0.007327716
81.24	0.009507221
81.26	0.002702163
81.28	-0.000292082
81.3	-0.003898747
81.32	-0.008712301
81.34	-0.004910866
81.36	-0.004846102
81.38	-0.004472152
81.4	-0.015236734
81.42	-0.006611717
81.44	-0.011187167
81.46	-0.004276725
81.48	-0.00727722
81.5	-0.01063954
81.52	-0.004660894
81.54	0.001623789
81.56	0.000881025
81.58	-0.001404164
81.6	-0.001692758
81.62	-0.008871973
81.64	-0.006891682
81.66	-0.001761495
81.68	-0.00687973
81.7	-0.011343109
81.72	-0.00720426
81.74	-0.00944375
81.76	-0.011809259
81.78	-0.015857175
81.8	-0.019817159
81.82	-0.018271118
81.84	-0.016990992
81.86	-0.009766978
81.88	-0.007151831
81.9	0.000478043
81.92	-0.000160293
81.94	-0.004666155
81.96	-0.001333801
81.98	0.000935616
82	0.002869682
82.02	0.00826898
82.04	0.012086752
82.06	0.014612408
82.08	0.013879017
82.1	0.013857815
82.12	0.011982426
82.14	0.003894724
82.16	0.002156977
82.18	-0.002924524
82.2	0.002485427
82.22	-0.006611014
82.24	-0.004132919
82.26	-0.006377614
82.28	-0.008100512
82.3	-0.008644222
82.32	-0.008358424
82.34	-0.011314394
82.36	-0.011822788
82.38	-0.01230123
82.4	-0.014128335
82.42	-0.01850115
82.44	-0.015979653
82.46	-0.01546006
82.48	-0.014558647
82.5	-0.008856512
82.52	-0.005308707
82.54	-0.004801356
82.56	-0.004699826
82.58	-0.001542635
82.6	-0.000901131
82.62	0.001634118
82.64	0.005560795
82.66	0.009561316
82.68	0.006215504
82.7	0.003906555
82.72	0.002568311
82.74	-0.001280588
82.76	-0.001036963
82.78	-0.001649464
82.8	-0.009554957
82.82	-0.007426727
82.84	-0.005775774
82.86	-0.004648853
82.88	-0.007886723
82.9	-0.003884874
82.92	0.001991465
82.94	0.007335747
82.96	0.011934816
82.98	0.012913509
83	0.008899218
83.02	0.002648392
83.04	-0.00081496
83.06	-0.006307637
83.08	-0.008742286
83.1	-0.011094975
83.12	-0.010964817
83.14	-0.010379018
83.16	-0.005157798
83.18	0.000574897
83.2	-0.000853584
83.22	0.000979994
83.24	-0.001006662
83.26	-9.11372E-05
83.28	0.003087005
83.3	0.001607361
83.32	0.000867528
83.34	-0.000523975
83.36	5.91881E-05
83.38	-0.00301438
83.4	0.00123281
83.42	0.00194695
83.44	-3.17841E-05
83.46	0.005521119
83.48	0.012708401
83.5	0.020589297
83.52	0.026937708
83.54	0.027125858
83.56	0.024233575
83.58	0.028185839
83.6	0.026503111
83.62	0.021197378
83.64	0.012955923
83.66	0.005911637
83.68	-0.002663571
83.7	-0.009594723
83.72	-0.010494748
83.74	-0.012011723
83.76	-0.01097685
83.78	-0.010241488
83.8	-0.005500138
83.82	-0.005098739
83.84	-0.005867029
83.86	-0.004502479
83.88	-0.001872258
83.9	-0.003354633
83.92	-0.001286904
83.94	0.003553089
83.96	0.001132973
83.98	0.002811775
84	0.004283063
84.02	0.006385544
84.04	0.009238137
84.06	0.012131339
84.08	0.01638107
84.1	0.019198404
84.12	0.023532032
84.14	0.021124991
84.16	0.018435136
84.18	0.014265365
84.2	0.017637878
84.22	0.013013568
84.24	0.010223277
84.26	0.006614035
84.28	0.002246615
84.3	-0.008262935
84.32	-0.005407473
84.34	-0.005096188
84.36	-0.004758211
84.38	0.001420348
84.4	0.005019959
84.42	0.003039868
84.44	0.006456434
84.46	0.001483239
84.48	-0.001121154
84.5	-0.006296567
84.52	-0.012412368
84.54	-0.010222253
84.56	-0.007747066
84.58	-0.005411974
84.6	-0.002665356
84.62	0.006229797
84.64	0.008878705
84.66	0.003877695
84.68	0.0043641
84.7	0.005459851
84.72	0.004925446
84.74	0.006195986
84.76	0.006658733
84.78	0.008389164
84.8	0.005410626
84.82	0.004684672
84.84	0.001236629
84.86	-0.006255619
84.88	-0.010913711
84.9	-0.011580722
84.92	-0.008184833
84.94	-0.004810264
84.96	0.004181428
84.98	0.008131364
85	0.009955542
85.02	0.009665602
85.04	0.00977048
85.06	0.007667652
85.08	0.002774596
85.1	-0.001777397
85.12	-0.002685416
85.14	-0.014530068
85.16	-0.010856421
85.18	-0.006992796
85.2	-0.010956586
85.22	-0.01712403
85.24	-0.019612357
85.26	-0.019011708
85.28	-0.019855004
85.3	-0.01609498
85.32	-0.00682759
85.34	-0.005051207
85.36	-0.00235414
85.38	0.002319809
85.4	-0.001651212
85.42	0.000757001
85.44	0.002691956
85.46	0.001902738
85.48	0.000864465
85.5	0.002825855
85.52	0.000160613
85.54	0.001726895
85.56	-0.00232594
85.58	0.002336438
85.6	0.000662027
85.62	0.001246582
85.64	0.001191481
85.66	0.002910048
85.68	0.001190391
85.7	-0.01429763
85.72	-0.000205777
85.74	-0.019426743
85.76	-0.018684596
85.78	-0.019829583
85.8	-0.018218304
85.82	-0.013408725
85.84	-0.011988466
85.86	-0.013455087
85.88	-0.012043665
85.9	-0.007319558
85.92	-0.010557632
85.94	-0.010974719
85.96	-0.010279843
85.98	-0.002607664
86	0.003102357
86.02	0.004457496
86.04	0.005475476
86.06	0.003036509
86.08	0.001527876
86.1	-0.000144543
86.12	-0.001769163
86.14	-0.012272338
86.16	-0.00770887
86.18	-0.005791003
86.2	-0.004904552
86.22	0.000934969
86.24	0.005365364
86.26	0.001297627
86.28	-0.004681543
86.3	-0.009932161
86.32	-0.018426031
86.34	-0.018378849
86.36	-0.022614789
86.38	-0.016629878
86.4	-0.012565715
86.42	-0.010007836
86.44	-0.006552572
86.46	-0.005860528
86.48	-0.005401468
86.5	-0.00496538
86.52	-0.001457927
86.54	0.001966575
86.56	0.007223156
86.58	0.008708569
86.6	0.00725964
86.62	0.007608484
86.64	0.000551673
86.66	-0.004276352
86.68	-0.006803521
86.7	-0.005818138
86.72	-0.006723713
86.74	-0.005637618
86.76	-0.003935507
86.78	-0.004275094
86.8	-0.005122533
86.82	-0.002529874
86.84	-0.005575537
86.86	-0.009573299
86.88	-0.000851653
86.9	0.001446768
86.92	0.006854525
86.94	0.01015459
86.96	0.003846657
86.98	-0.002841419
87	-0.001867962
87.02	-0.00257005
87.04	-0.002930127
87.06	0.000185678
87.08	0.006687628
87.1	0.010262033
87.12	0.011337072
87.14	0.011701917
87.16	0.010487915
87.18	0.009907357
87.2	0.007575415
87.22	0.004458566
87.24	0.003155625
87.26	0.000265525
87.28	0.000203449
87.3	0.003085987
87.32	0.001371403
87.34	-0.006497148
87.36	0.001362238
87.38	0.003229012
87.4	0.00460204
87.42	0.006466309
87.44	0.010424594
87.46	0.012054975
87.48	0.01325775
87.5	0.01266243
87.52	0.013027326
87.54	0.008841256
87.56	0.003968317
87.58	0.00299891
87.6	-0.001520904
87.62	0.000158968
87.64	0.002722184
87.66	0.004512356
87.68	0.006022795
87.7	0.006778061
87.72	0.006550382
87.74	0.001381472
87.76	0.000363904
87.78	0.001783094
87.8	0.002501842
87.82	-0.001073918
87.84	0.008672966
87.86	0.007699054
87.88	0.009839554
87.9	0.011276062
87.92	0.011263769
87.94	0.01231756
87.96	0.014837371
87.98	0.018287125
88	0.01937152
88.02	0.023316881
88.04	0.027681052
88.06	0.025233794
88.08	0.021259715
88.1	0.015186316
88.12	0.01119069
88.14	0.007476419
88.16	0.016510367
88.18	0.016354897
88.2	0.019142297
88.22	0.01424289
88.24	0.015144898
88.26	0.009544943
88.28	0.005738658
88.3	0.002225929
88.32	0.001403929
88.34	0.002347856
88.36	0.004809744
88.38	0.002489151
88.4	0.001946764
88.42	0.000494721
88.44	-0.000100851
88.46	0.007175913
88.48	0.01083949
88.5	0.015055031
88.52	0.016520531
88.54	0.017199112
88.56	0.019740103
88.58	0.014609236
88.6	0.01334957
88.62	0.011784618
88.64	0.009739252
88.66	0.006810744
88.68	0.003868299
88.7	0.001916799
88.72	0.002234188
88.74	0.003249692
88.76	0.006847516
88.78	0.002719954
88.8	0.004342035
88.82	0.004226835
88.84	0.000735957
88.86	-0.002245662
88.88	-0.006759892
88.9	-0.00728474
88.92	-0.004861985
88.94	-0.000957837
88.96	0.003087791
88.98	0.002149203
89	-0.000939604
89.02	0.004092749
89.04	-0.002199572
89.06	0.003043667
89.08	0.000471605
89.1	0.000994337
89.12	-0.005278809
89.14	-0.006432751
89.16	0.000238329
89.18	-0.003486908
89.2	-0.002815224
89.22	-0.004198849
89.24	-0.002548919
89.26	0.001030271
89.28	0.008477037
89.3	0.012151973
89.32	0.012776519
89.34	0.01705942
89.36	0.018377837
89.38	0.015324558
89.4	0.015101371
89.42	0.013569504
89.44	0.00911469
89.46	0.004420672
89.48	0.000888813
89.5	0.001484228
89.52	-0.001194695
89.54	0.000796481
89.56	0.004863725
89.58	0.006318988
89.6	-0.001563007
89.62	0.014637738
89.64	0.000406162
89.66	-0.000607079
89.68	-0.003375587
89.7	-0.011331349
89.72	-0.016738292
89.74	-0.020161682
89.76	-0.022074913
89.78	-0.020105866
89.8	-0.020021326
89.82	-0.014729719
89.84	-0.012343382
89.86	-0.006802729
89.88	0.000901639
89.9	0.008514378
89.92	0.005970321
89.94	0.005030145
89.96	0.005642709
89.98	0.003173189
90	0.007026494
90.02	0.008850135
90.04	0.007962057
90.06	0.004371466
90.08	0.001483641
90.1	-0.000872743
90.12	-0.004052309
90.14	-0.006269554
90.16	-0.006562068
90.18	-0.003354715
90.2	-0.001891292
90.22	-0.002805652
90.24	-0.003282341
90.26	-0.006109531
90.28	-0.01319386
90.3	-0.019666725
90.32	-0.025356649
90.34	-0.021424395
90.36	-0.020798928
90.38	-0.024919653
90.4	-0.021392447
90.42	-0.01925264
90.44	-0.016616131
90.46	-0.011363178
90.48	-0.00923361
90.5	-0.003261985
90.52	0.002342042
90.54	0.005105048
90.56	0.00514639
90.58	0.005707308
90.6	0.006708878
90.62	0.000662098
90.64	0.001397681
90.66	-0.003966971
90.68	-0.00864747
90.7	-0.009314501
90.72	-0.008302875
90.74	-0.007835757
90.76	-0.003610728
90.78	-0.006726173
90.8	-0.004105729
90.82	-0.001511305
90.84	-0.002794151
90.86	-0.001996577
90.88	-0.00184571
90.9	-0.006872034
90.92	-0.008864255
90.94	-0.013446626
90.96	-0.011324407
90.98	-0.010039742
91	-0.010979529
91.02	-0.015202884
91.04	-0.015771647
91.06	-0.017528954
91.08	-0.016155806
91.1	-0.017678186
91.12	-0.011126391
91.14	-0.011146205
91.16	-0.007608095
91.18	-0.007239878
91.2	-0.005938883
91.22	-0.0048789
91.24	-0.005621627
91.26	-0.003756466
91.28	-0.002293026
91.3	-0.005577103
91.32	-0.000596559
91.34	-0.003693705
91.36	-0.000456131
91.38	-0.001279378
91.4	0.008237806
91.42	-0.003594501
91.44	0.005077289
91.46	0.006575902
91.48	0.003260834
91.5	8.99623E-05
91.52	-0.003059645
91.54	-0.005630308
91.56	-0.007471199
91.58	-0.010372186
91.6	-0.010476615
91.62	-0.007854891
91.64	-0.007399026
91.66	-0.005637978
91.68	-0.007647826
91.7	-0.011810962
91.72	-0.012823165
91.74	-0.01653049
91.76	-0.015964397
91.78	-0.013357866
91.8	-0.011316699
91.82	-0.010924846
91.84	-0.008088044
91.86	-0.006412817
91.88	-0.004370696
91.9	-0.002850708
91.92	0.002492881
91.94	0.008150037
91.96	0.012669158
91.98	0.013455984
92	0.016700655
92.02	0.012771047
92.04	0.012851959
92.06	0.009262545
92.08	0.00992155
92.1	0.003015194
92.12	-0.00229033
92.14	-0.002707316
92.16	-0.006891272
92.18	-0.007644726
92.2	-0.005217244
92.22	-0.001536216
92.24	0.000443253
92.26	0.001595717
92.28	0.000247419
92.3	-0.001146455
92.32	-0.00203078
92.34	-0.001026833
92.36	0.002029727
92.38	0.002008254
92.4	0.003600292
92.42	0.001902269
92.44	0.001840863
92.46	0.005302628
92.48	-0.002850646
92.5	0.000186056
92.52	-0.000655983
92.54	0.003579103
92.56	0.004721463
92.58	0.004534252
92.6	0.003152072
92.62	0.000913739
92.64	-0.00147663
92.66	-0.005469532
92.68	-0.005359305
92.7	-0.004388347
92.72	-0.004095518
92.74	-0.004044871
92.76	-0.000463046
92.78	-0.007596443
92.8	-0.007172938
92.82	-0.005756345
92.84	-0.002417047
92.86	-0.004940971
92.88	-0.003916509
92.9	-0.004069541
92.92	-0.004115938
92.94	-0.003144625
92.96	-0.005135276
92.98	-0.005133343
93	0.003161124
93.02	0.001128479
93.04	0.003498372
93.06	0.003969444
93.08	0.00205296
93.1	0.000569264
93.12	-0.000373007
93.14	-0.000527727
93.16	0.001481635
93.18	0.003915301
93.2	0.003318816
93.22	0.003939159
93.24	-0.000560447
93.26	-0.000450304
93.28	-0.000709745
93.3	-0.000137252
93.32	-3.76241E-05
93.34	-0.002665211
93.36	0.001017885
93.38	0.0043825
93.4	0.005405952
93.42	0.008397406
93.44	0.008810554
93.46	0.008524298
93.48	0.010022498
93.5	0.010828298
93.52	0.010628537
93.54	0.0077281
93.56	0.006159198
93.58	0.003495282
93.6	0.003873418
93.62	0.003684724
93.64	0.004313882
93.66	0.005101803
93.68	0.005743454
93.7	0.004176713
93.72	0.00129349
93.74	4.93698E-05
93.76	-4.12115E-05
93.78	0.000223544
93.8	0.006505169
93.82	0.003382028
93.84	-0.000552583
93.86	-0.001355564
93.88	-0.000890491
93.9	-0.004098315
93.92	-0.002895294
93.94	-0.002962576
93.96	-0.003331129
93.98	-0.001356294
94	-0.001518545
94.02	-0.000997937
94.04	-0.002686262
94.06	-0.005431206
94.08	-0.007297362
94.1	-0.010223949
94.12	-0.009525519
94.14	-0.010596697
94.16	-0.011986649
94.18	-0.012907604
94.2	-0.014145265
94.22	-0.014268276
94.24	-0.009725206
94.26	-0.004620745
94.28	-0.003831189
94.3	-0.002721873
94.32	-0.00333952
94.34	-0.002943047
94.36	-0.003239122
94.38	-0.000751138
94.4	0.001832539
94.42	0.002926958
94.44	0.004561148
94.46	0.006039564
94.48	0.006798361
94.5	0.005175865
94.52	0.005405009
94.54	0.002645526
94.56	0.003726299
94.58	0.00379104
94.6	0.002513086
94.62	-0.001263873
94.64	-0.003944411
94.66	-0.002857631
94.68	-0.001708777
94.7	-0.001004508
94.72	0.002427519
94.74	0.002167475
94.76	0.003220983
94.78	0.002177567
94.8	0.002444952
94.82	0.000713158
94.84	-0.000376481
94.86	0.001715235
94.88	0.002470294
94.9	0.004355442
94.92	0.001623905
94.94	0.007171735
94.96	-0.002705231
94.98	-0.001505545
95	-0.007222333
95.02	-0.00799626
95.04	-0.006486697
95.06	-0.0051444
95.08	-0.001966029
95.1	-0.000365461
95.12	-0.0009148
95.14	0.000184037
95.16	0.000822691
95.18	-0.000165911
95.2	0.001742565
95.22	0.002532498
95.24	0.003690813
95.26	0.003702649
95.28	0.0020559
95.3	-0.000924595
95.32	-0.00123542
95.34	-0.001059068
95.36	-0.005253535
95.38	-0.005086867
95.4	-0.003577866
95.42	-0.001859076
95.44	0.001089463
95.46	0.001131763
95.48	0.003728487
95.5	0.00366212
95.52	0.003428528
95.54	0.001295667
95.56	-0.00367262
95.58	-0.008317885
95.6	-0.012508191
95.62	-0.011697923
95.64	-0.009458444
95.66	-0.004282722
95.68	-0.001456328
95.7	-0.001780399
95.72	0.000878827
95.74	0.000484657
95.76	0.003525946
95.78	0.010788288
95.8	0.012321131
95.82	0.016693292
95.84	0.017465829
95.86	0.013272749
95.88	0.01474982
95.9	0.011563338
95.92	0.007349372
95.94	0.009866961
95.96	0.00727651
95.98	0.014337972
96	0.019121992
96.02	0.017833614
96.04	0.016588897
96.06	0.01298979
96.08	0.007670463
96.1	0.006710696
96.12	0.005535739
96.14	0.007952658
96.16	0.008743944
96.18	0.008026761
96.2	0.010359503
96.22	0.00742747
96.24	0.003281323
96.26	0.000777738
96.28	-0.001614129
96.3	0.000968862
96.32	0.004562453
96.34	0.007060816
96.36	0.007388049
96.38	0.004900227
96.4	0.003628997
96.42	0.00165682
96.44	-0.001749948
96.46	-0.003116618
96.48	-0.003399507
96.5	-0.002199669
96.52	-0.000725801
96.54	0.002273735
96.56	0.008242901
96.58	0.010474813
96.6	0.011120033
96.62	0.013660877
96.64	0.01624873
96.66	0.020397691
96.68	0.003767067
96.7	0.012860559
96.72	0.002159868
96.74	0.003771443
96.76	0.003815543
96.78	0.000284713
96.8	0.000486614
96.82	-0.001459444
96.84	-0.005239325
96.86	-0.004194913
96.88	-0.001119489
96.9	0.002628497
96.92	0.000242548
96.94	-0.001315709
96.96	-0.003217168
96.98	-0.008123322
97	-0.003814765
97.02	-0.006914694
97.04	-0.008663344
97.06	-0.006764334
97.08	-0.001870084
97.1	0.002176857
97.12	0.005219593
97.14	0.012877753
97.16	0.011240154
97.18	0.016000941
97.2	0.015979378
97.22	0.017636437
97.24	0.01814493
97.26	0.016547264
97.28	0.01539406
97.3	0.012800398
97.32	0.01037237
97.34	0.006339245
97.36	0.007693212
97.38	0.010302177
97.4	0.014215777
97.42	0.020192348
97.44	0.020753145
97.46	0.014224721
97.48	0.011132756
97.5	0.001943863
97.52	-0.002920954
97.54	-0.008802636
97.56	-0.003150474
97.58	-0.004430915
97.6	0.000317046
97.62	0.003187588
97.64	0.004781966
97.66	0.003525143
97.68	-0.000377037
97.7	-0.003777099
97.72	-0.003646542
97.74	-0.001440745
97.76	-0.00035739
97.78	-0.000465793
97.8	0.000242923
97.82	0.001551456
97.84	0.003114092
97.86	0.003123255
97.88	0.002858491
97.9	-0.001098539
97.92	0.000534136
97.94	5.2698E-05
97.96	0.000822923
97.98	0.001682065
98	0.007291523
98.02	0.008709519
98.04	0.001352552
98.06	0.002211024
98.08	-0.002353746
98.1	-0.00693438
98.12	-0.011588488
98.14	-0.011814152
98.16	-0.008930706
98.18	-0.007463551
98.2	-0.006469159
98.22	-0.00671525
98.24	-0.00541895
98.26	0.000510351
98.28	0.000580185
98.3	1.42948E-05
98.32	-0.005572595
98.34	-0.008250193
98.36	-0.011973658
98.38	-0.018633322
98.4	-0.015961943
98.42	-0.015542737
98.44	-0.010340771
98.46	-0.010890707
98.48	-0.005009051
98.5	0.000629645
98.52	0.003033608
98.54	0.004942114
98.56	0.005149743
98.58	0.005269589
98.6	0.006875643
98.62	0.007676057
98.64	0.00806096
98.66	0.007306559
98.68	0.00587429
98.7	0.003626366
98.72	0.00162806
98.74	-0.003437482
98.76	-0.008034291
98.78	-0.011243828
98.8	-0.009717156
98.82	-0.006015217
98.84	-0.001084387
98.86	-0.000599634
98.88	-0.005919702
98.9	0.005895325
98.92	-0.001159945
98.94	-0.002325112
98.96	-0.00651474
98.98	-0.007083593
99	-0.008919583
99.02	-0.009713819
99.04	-0.012174659
99.06	-0.007428142
99.08	-0.005766233
99.1	-0.006835095
99.12	-0.005412206
99.14	-0.003207449
99.16	-0.001021849
99.18	-0.007829163
99.2	-0.006834701
99.22	-0.006246453
99.24	0.00027576
99.26	0.002096852
99.28	0.000963781
99.3	-0.002708807
99.32	-0.00530338
99.34	-0.008189258
99.36	-0.011277799
99.38	-0.012266604
99.4	-0.009516637
99.42	-0.008138763
99.44	-0.002373203
99.46	-0.004365948
99.48	-0.002844954
99.5	-0.004189743
99.52	-0.002138143
99.54	-0.005178193
99.56	-0.005418627
99.58	-0.006035486
99.6	-0.001861202
99.62	0.00073375
99.64	0.001641836
99.66	0.003906582
99.68	0.002179358
99.7	0.002105521
99.72	0.001803759
99.74	0.000369201
99.76	0.002216263
99.78	-0.003151397
99.8	-0.004823159
99.82	-0.006952414
99.84	-0.005190357
99.86	-0.00652408
99.88	-0.004635562
99.9	-0.001811424
99.92	-0.001424051
99.94	-0.003731518
99.96	-0.004502983
99.98	-0.005866747
100	-0.008578659
100.02	-0.007805803
100.04	-0.001726201
100.06	0.003225616
100.08	0.004554822
100.1	0.006776476
100.12	0.006530426
100.14	0.003595011
100.16	0.000520311
100.18	-0.00364769
100.2	-0.005505785
100.22	-0.005414664
100.24	-0.00595497
100.26	-0.002762659
100.28	-0.00307153
100.3	-0.00285061
100.32	-0.003470837
100.34	-0.005746857
100.36	-0.008440721
100.38	-0.008262984
100.4	-0.007552935
100.42	-0.005821291
100.44	-0.005536046
100.46	-0.006640864
100.48	-0.004228895
100.5	-0.002199343
100.52	-0.000306665
100.54	-2.71926E-05
100.56	0.001522387
100.58	0.000908931
100.6	-0.000483423
100.62	-0.002376705
100.64	0.000677417
100.66	-0.000656717
100.68	0.001148727
100.7	0.002402408
100.72	-0.001312204
100.74	-0.001631084
100.76	-0.002937463
100.78	-0.005922083
100.8	-0.01026899
100.82	-0.012784793
100.84	-0.016418815
100.86	-0.016158691
100.88	-0.012636905
100.9	-0.006252999
100.92	-0.013290045
100.94	-0.004680171
100.96	-0.001996103
100.98	0.001294694
101	0.004104987
101.02	0.006846735
101.04	0.006539159
101.06	0.005545867
101.08	0.004771833
101.1	0.004187494
101.12	0.001305242
101.14	0.00238489
101.16	0.002112425
101.18	0.003988358
101.2	0.005903729
101.22	0.008395129
101.24	0.007168502
101.26	0.005527911
101.28	0.002889993
101.3	0.004894171
101.32	0.006805679
101.34	0.007517978
101.36	0.007630701
101.38	0.005228598
101.4	-0.000620833
101.42	-0.002770452
101.44	-0.006833825
101.46	-0.008588374
101.48	-0.01086267
101.5	-0.006687722
101.52	-0.001043204
101.54	0.004061974
101.56	0.009333287
101.58	0.011505991
101.6	0.012505493
101.62	0.013425274
101.64	0.013315559
101.66	0.011840691
101.68	0.007405793
101.7	0.002725104
101.72	0.001076374
101.74	-0.000457316
101.76	-0.000786467
101.78	-0.000514826
101.8	0.000645548
101.82	0.000885557
101.84	0.005397385
101.86	0.006859345
101.88	0.003187093
101.9	0.001192331
101.92	0.00026444
101.94	-0.003100089
101.96	-0.003920135
101.98	-0.007226853
102	-0.005786311
102.02	-0.005998323
102.04	-0.006080838
102.06	-0.005168351
102.08	-0.003735286
102.1	-0.002846199
102.12	-8.8171E-05
102.14	-0.000948573
102.16	-0.002593494
102.18	-0.00626809
102.2	-0.00727219
102.22	-0.006122989
102.24	-0.009196543
102.26	-0.012174043
102.28	-0.011048223
102.3	-0.014160098
102.32	-0.012422374
102.34	-0.01279604
102.36	-0.009905663
102.38	-0.00471619
102.4	-0.0017677
102.42	0.000777211
102.44	0.008475955
102.46	0.010256984
102.48	0.010511994
102.5	0.011603297
102.52	0.011250315
102.54	0.011686887
102.56	0.011410402
102.58	0.014414794
102.6	0.014186904
102.62	0.012579432
102.64	0.013048516
102.66	0.006907731
102.68	0.004451
102.7	-0.001270626
102.72	-0.005618436
102.74	-0.006696399
102.76	-0.003213985
102.78	-0.002046615
102.8	0.00066531
102.82	0.000779153
102.84	0.000928153
102.86	-0.000339665
102.88	-0.004771668
102.9	-0.007182512
102.92	-0.01032721
102.94	-0.01126296
102.96	-0.005963565
102.98	-0.000445796
103	0.002394425
103.02	0.005523987
103.04	0.009485979
103.06	0.010718695
103.08	0.011588665
103.1	0.010302578
103.12	0.005090003
103.14	0.004818243
103.16	0.003845394
103.18	0.004725392
103.2	0.006432976
103.22	0.001328358
103.24	0.000518526
103.26	-0.003209177
103.28	-0.006056817
103.3	-0.009963571
103.32	-0.007631348
103.34	-0.009417085
103.36	-0.017103125
103.38	-0.010245417
103.4	-0.007666492
103.42	-0.011370239
103.44	-0.008013374
103.46	-0.008252222
103.48	-0.009036314
103.5	-0.005349236
103.52	-0.00387458
103.54	-0.001307405
103.56	-0.005228199
103.58	-0.003863967
103.6	-0.006859529
103.62	-0.006011136
103.64	-0.00276312
103.66	0.001508111
103.68	0.000269485
103.7	0.004138879
103.72	0.004547117
103.74	0.001519832
103.76	0.000127006
103.78	-0.003052271
103.8	-0.002230975
103.82	0.002884313
103.84	0.007657085
103.86	0.014492492
103.88	0.012258731
103.9	0.00896119
103.92	0.01119242
103.94	0.006839141
103.96	0.00416969
103.98	0.002590851
104	0.000514191
104.02	0.002822674
104.04	0.007393189
104.06	0.009445811
104.08	0.009021376
104.1	0.004255798
104.12	0.001169875
104.14	-0.001593716
104.16	-0.006860867
104.18	-0.019260606
104.2	-0.006806403
104.22	-0.016956376
104.24	-0.017734945
104.26	-0.013733242
104.28	-0.013244102
104.3	-0.011869598
104.32	-0.012909543
104.34	-0.012007177
104.36	-0.009805673
104.38	-0.004109489
104.4	-4.05326E-05
104.42	0.002031279
104.44	0.003343322
104.46	0.007983081
104.48	0.00845644
104.5	0.00780115
104.52	0.006459496
104.54	0.010800933
104.56	0.000556913
104.58	0.001805713
104.6	-0.001533135
104.62	0.001844019
104.64	-0.002998725
104.66	-0.002212808
104.68	-0.006491037
104.7	-0.003495412
104.72	-0.004213595
104.74	-0.004737918
104.76	-0.008623779
104.78	-0.009461306
104.8	-0.009966623
104.82	-0.010907161
104.84	-0.012608481
104.86	-0.015429515
104.88	-0.011514905
104.9	-0.003515598
104.92	0.001818285
104.94	0.009028038
104.96	0.011708553
104.98	0.013348867
105	0.01268287
105.02	0.009140638
105.04	0.011521168
105.06	0.005688587
105.08	0.003324953
105.1	0.001265909
105.12	0.005613053
105.14	0.005206099
105.16	0.005369138
105.18	0.002791819
105.2	0.001453995
105.22	0.007907273
105.24	0.002266478
105.26	0.00555991
105.28	0.008193933
105.3	0.010642861
105.32	0.010031748
105.34	0.009936409
105.36	0.005349429
105.38	0.001381136
105.4	-0.002188996
105.42	-0.00542984
105.44	-0.000133217
105.46	0.006728464
105.48	0.010733617
105.5	0.015154067
105.52	0.0169954
105.54	0.019965175
105.56	0.021052964
105.58	0.021003163
105.6	0.018715539
105.62	0.012239991
105.64	0.006530653
105.66	-0.001498
105.68	-0.003275744
105.7	-0.009373095
105.72	-0.009008842
105.74	-0.009179916
105.76	-0.011144091
105.78	0.001892343
105.8	-0.009849158
105.82	-0.000847079
105.84	-0.000282158
105.86	0.008194235
105.88	0.008468689
105.9	0.013478181
105.92	0.012502838
105.94	0.013491072
105.96	0.011105646
105.98	0.006430126
106	0.005069008
106.02	0.00489343
106.04	0.003590568
106.06	0.005719831
106.08	0.006023856
106.1	0.007788266
106.12	0.007331809
106.14	0.005594529
106.16	0.004839454
106.18	0.004004676
106.2	0.002844679
106.22	-0.00069202
106.24	-0.001552694
106.26	-0.008484812
106.28	-0.007556265
106.3	-0.010037879
106.32	-0.007738028
106.34	-0.003659307
106.36	-0.001990621
106.38	0.001911533
106.4	0.005417824
106.42	0.00730595
106.44	0.004042436
106.46	0.004215727
106.48	0.005019898
106.5	0.001906621
106.52	0.003067044
106.54	0.005110743
106.56	0.002542949
106.58	0.000682715
106.6	0.012055646
106.62	-0.001139797
106.64	0.001249606
106.66	0.000494842
106.68	-0.003990509
106.7	-0.003362768
106.72	0.001272602
106.74	-0.000210291
106.76	0.003063608
106.78	0.004883993
106.8	-0.000415169
106.82	0.001075282
106.84	0.000706021
106.86	0.000715744
106.88	0.003775086
106.9	0.00431432
106.92	0.003938846
106.94	0.004551914
106.96	0.003716853
106.98	0.007293887
107	0.008630383
107.02	0.013966791
107.04	0.004158665
107.06	0.007619936
107.08	0.001761188
107.1	-0.000344687
107.12	-0.002041724
107.14	-0.00685897
107.16	-0.006746386
107.18	-0.007213996
107.2	-0.00728687
107.22	-0.006988032
107.24	-0.006871165
107.26	-0.008244359
107.28	-0.007333207
107.3	-0.003550011
107.32	-0.003198894
107.34	-0.003386517
107.36	-0.0006879
107.38	-0.001911144
107.4	0.001086375
107.42	0.004482573
107.44	0.006371072
107.46	0.002584542
107.48	0.001242873
107.5	-0.002677436
107.52	-0.004826829
107.54	-0.003834743
107.56	-0.001582497
107.58	-0.003573929
107.6	-0.002002077
107.62	0.000252715
107.64	0.002412192
107.66	-0.004037375
107.68	-0.000572094
107.7	-0.006314707
107.72	-0.005850237
107.74	-0.005214819
107.76	-0.004996661
107.78	-0.005521172
107.8	-0.004517452
107.82	-0.004418332
107.84	-0.003969604
107.86	-0.00359271
107.88	-0.003213707
107.9	-0.003810009
107.92	-0.003300577
107.94	-0.002777931
107.96	0.000689989
107.98	0.00230055
108	0.003575218
108.02	-0.002153169
108.04	0.003767055
108.06	-0.003474043
108.08	-0.006300377
108.1	-0.012464713
108.12	-0.014623625
108.14	-0.015966974
108.16	-0.015514313
108.18	-0.014229142
108.2	-0.010839555
108.22	-0.008600894
108.24	-0.005507392
108.26	-0.006128616
108.28	-0.004382731
108.3	-0.002430236
108.32	-0.00126014
108.34	0.000585977
108.36	0.001507038
108.38	0.001207736
108.4	0.001579342
108.42	0.000508092
108.44	-0.001879655
108.46	-0.002655727
108.48	-0.004498473
108.5	-0.000500421
108.52	0.002984037
108.54	0.000323627
108.56	0.005622069
108.58	0.004223903
108.6	0.002863078
108.62	-0.001516119
108.64	0.000749483
108.66	-0.005396813
108.68	-0.008727659
108.7	-0.009694715
108.72	-0.009746031
108.74	-0.009111217
108.76	-0.010730176
108.78	-0.010353325
108.8	-0.008855051
108.82	-0.005571701
108.84	-0.003635544
108.86	-7.98666E-05
108.88	0.00368894
108.9	0.008314077
108.92	0.010140713
108.94	0.009451161
108.96	0.008360805
108.98	0.009940245
109	0.007847091
109.02	0.006522511
109.04	0.007085215
109.06	0.005706875
109.08	0.005872366
109.1	0.004434762
109.12	0.004602143
109.14	0.006703708
109.16	0.005425196
109.18	0.002404781
109.2	0.002358489
109.22	0.000650936
109.24	-0.001823863
109.26	-0.000852838
109.28	-0.00241182
109.3	-0.006459801
109.32	-0.004376999
109.34	-0.00378738
109.36	-0.000440945
109.38	0.001396229
109.4	0.001594699
109.42	0.001244337
109.44	0.003898234
109.46	0.005275843
109.48	0.006874905
109.5	0.005213189
109.52	0.002561814
109.54	-0.000339073
109.56	-0.004389902
109.58	-0.002969221
109.6	0.001847385
109.62	0.001895131
109.64	0.006269441
109.66	0.004229672
109.68	0.007534298
109.7	0.008116663
109.72	0.007011121
109.74	0.003423423
109.76	-0.001312435
109.78	0.000392252
109.8	0.002375611
109.82	0.0069933
109.84	0.01231614
109.86	0.017417781
109.88	0.01191899
109.9	0.011255962
109.92	0.008576256
109.94	0.007477786
109.96	0.007032684
109.98	0.004671464
110	-0.000513135
110.02	-0.002920158
110.04	-0.008820982
110.06	-0.010972477
110.08	-0.014520477
110.1	-0.012751693
110.12	-0.012921209
110.14	-0.006653565
110.16	-0.006674198
110.18	-0.002775117
110.2	-0.005066983
110.22	-0.003214266
110.24	-0.006375646
110.26	-0.005155393
110.28	-0.004448021
110.3	-0.003024282
110.32	0.002285386
110.34	0.004020134
110.36	0.007340498
110.38	0.005915273
110.4	0.005431555
110.42	0.005342193
110.44	0.007632163
110.46	0.010749131
110.48	0.011776574
110.5	0.012850304
110.52	0.010343858
110.54	0.005965255
110.56	0.008395505
110.58	-0.000255826
110.6	-0.002886432
110.62	-0.006823397
110.64	-0.011374906
110.66	-0.008106381
110.68	-0.007327607
110.7	-0.006270866
110.72	-0.006731144
110.74	-0.005606724
110.76	-0.00346781
110.78	-0.001481953
110.8	0.002906302
110.82	0.004340387
110.84	0.001855155
110.86	0.000300471
110.88	-0.002238339
110.9	0.00201729
110.92	0.002607979
110.94	0.004274909
110.96	0.004444125
110.98	0.002641852
111	0.005001667
111.02	0.006721444
111.04	0.009593036
111.06	0.013761146
111.08	0.005738861
111.1	0.009293127
111.12	0.004746273
111.14	0.002966183
111.16	9.96682E-05
111.18	-0.002400553
111.2	-0.003443761
111.22	-0.006501169
111.24	-0.003370753
111.26	-0.001743387
111.28	-0.000948717
111.3	-0.002409887
111.32	-0.002213574
111.34	-0.003781359
111.36	-0.002570756
111.38	-0.002935256
111.4	-0.001710467
111.42	-0.001086207
111.44	-0.002741753
111.46	-0.00894312
111.48	-0.007886018
111.5	-0.012264691
111.52	-0.015021673
111.54	-0.015184984
111.56	-0.01315958
111.58	-0.012153117
111.6	-0.009073613
111.62	-0.008410069
111.64	-0.005497719
111.66	-0.004964373
111.68	-0.004691343
111.7	-0.007291174
111.72	-0.007466179
111.74	-0.006929111
111.76	-0.004017537
111.78	-0.004960889
111.8	-0.004459232
111.82	-0.003698034
111.84	-0.002982523
111.86	-0.001360945
111.88	0.000853857
111.9	-0.000106383
111.92	-7.4092E-05
111.94	-0.000182756
111.96	-0.000189851
111.98	-0.001099133
112	-0.001159684
112.02	-0.003287114
112.04	-0.005911096
112.06	-0.006079023
112.08	-0.006270394
112.1	-0.0058277
112.12	-0.004068979
112.14	-0.002127582
112.16	-0.00108851
112.18	0.001155574
112.2	0.001314583
112.22	-4.07964E-06
112.24	-0.003711307
112.26	-0.006746415
112.28	-0.006029209
112.3	-0.0059459
112.32	-0.004182331
112.34	-0.004791091
112.36	-0.006273183
112.38	-0.008063769
112.4	-0.008099077
112.42	-0.008081768
112.44	-0.009062768
112.46	-0.006873141
112.48	-0.004938584
112.5	0.002156338
112.52	0.006165672
112.54	0.007488861
112.56	0.006755799
112.58	0.002936328
112.6	0.001270814
112.62	-0.001239659
112.64	-0.005072114
112.66	-0.010736151
112.68	-0.013614461
112.7	-0.015549422
112.72	-0.012958482
112.74	-0.006195881
112.76	-0.002134056
112.78	-0.000910592
112.8	0.003203864
112.82	0.002943213
112.84	0.005909142
112.86	0.005675561
112.88	0.004105916
112.9	0.002407357
112.92	0.001227461
112.94	-0.002304552
112.96	-0.002859151
112.98	-0.002050043
113	-0.005572756
113.02	-0.008563906
113.04	-0.007840207
113.06	-0.005209586
113.08	-0.001806308
113.1	0.003230622
113.12	0.002516751
113.14	0.00320952
113.16	0.002182772
113.18	0.004810033
113.2	0.005287602
113.22	0.002209947
113.24	0.002882256
113.26	0.001528671
113.28	0.001922451
113.3	0.005627656
113.32	0.006449525
113.34	0.005086098
113.36	0.004520351
113.38	0.00061372
113.4	-0.000796465
113.42	0.004782401
113.44	0.006076293
113.46	0.005948476
113.48	0.003220079
113.5	0.000899027
113.52	-0.006805875
113.54	-0.005089707
113.56	0.000916401
113.58	-0.004369545
113.6	-0.001073281
113.62	-0.000420988
113.64	-0.000312307
113.66	0.001895536
113.68	-0.002604905
113.7	-0.00048918
113.72	-0.002376894
113.74	-0.001383276
113.76	-0.002618383
113.78	-0.00395921
113.8	-0.004898907
113.82	0.002683856
113.84	-0.001523951
113.86	0.001514116
113.88	0.003720003
113.9	0.002456739
113.92	0.00281591
113.94	0.000711639
113.96	-0.002685413
113.98	-0.00175672
114	-0.005170614
114.02	-0.008141405
114.04	-0.00620413
114.06	-0.008216457
114.08	-0.010575567
114.1	-0.005759152
114.12	-0.004667983
114.14	-0.000189853
114.16	0.00214879
114.18	0.004857675
114.2	0.007043404
114.22	0.009820854
114.24	0.008749109
114.26	0.006208259
114.28	0.00155434
114.3	-0.002696381
114.32	-0.002567093
114.34	-0.001130845
114.36	0.001185101
114.38	0.004965381
114.4	0.007476596
114.42	0.006928927
114.44	0.002927459
114.46	0.001749003
114.48	-0.004151218
114.5	-0.002739727
114.52	-0.002840787
114.54	-0.001260135
114.56	0.000776774
114.58	0.003867478
114.6	0.004307965
114.62	0.002073486
114.64	5.84524E-05
114.66	-0.002943805
114.68	-0.005085181
114.7	-0.0013969
114.72	0.001557085
114.74	0.003674168
114.76	0.003864346
114.78	0.005710257
114.8	0.006711576
114.82	0.007632633
114.84	0.006446066
114.86	0.006052405
114.88	0.008731536
114.9	0.007929297
114.92	0.007578388
114.94	0.006078533
114.96	0.005970171
114.98	0.005446101
115	0.007941925
115.02	0.011718874
115.04	0.009235283
115.06	0.010760162
115.08	0.007949619
115.1	0.002292976
115.12	-0.000567275
115.14	0.001904869
115.16	0.001819686
115.18	-0.001640232
115.2	-0.000150599
115.22	0.002278357
115.24	0.002127896
115.26	0.004222396
115.28	0.003639939
115.3	0.002526508
115.32	0.003790047
115.34	0.007389717
115.36	0.005064989
115.38	0.005914122
115.4	0.006321901
115.42	0.004970989
115.44	0.003729842
115.46	0.002274091
115.48	0.001075766
115.5	0.001790856
115.52	0.001485404
115.54	0.000772356
115.56	0.003718982
115.58	0.007836138
115.6	0.013340248
115.62	0.01809938
115.64	0.013196838
115.66	0.013440399
115.68	0.008226302
115.7	0.004196247
115.72	0.002802486
115.74	-0.001522826
115.76	-0.003078883
115.78	-0.001806715
115.8	-0.003192655
115.82	-0.001219715
115.84	-0.001429347
115.86	-0.004253651
115.88	-0.008255555
115.9	-0.010345652
115.92	-0.009512485
115.94	-0.009414973
115.96	-0.006163239
115.98	-0.006443844
116	-0.005709676
116.02	-0.006238803
116.04	-0.007015876
116.06	-0.00932551
116.08	-0.009274042
116.1	-0.006977129
116.12	-0.001671319
116.14	0.001285735
116.16	0.004396679
116.18	0.006035223
116.2	0.005672482
116.22	0.003830881
116.24	0.003865252
116.26	0.002370209
116.28	0.003447333
116.3	0.005108342
116.32	0.009976517
116.34	0.013259463
116.36	0.013805493
116.38	0.01378002
116.4	0.012754788
116.42	0.010999601
116.44	0.009711381
116.46	0.009189843
116.48	0.006382957
116.5	0.003344569
116.52	0.000295831
116.54	-0.002420329
116.56	-0.008814993
116.58	-0.003234306
116.6	-0.011563945
116.62	-0.008187352
116.64	-0.007129437
116.66	-0.004501561
116.68	-0.000959118
116.7	0.000884256
116.72	0.001630867
116.74	0.001956493
116.76	0.001876835
116.78	0.001471697
116.8	0.000749447
116.82	0.000378024
116.84	0.001754285
116.86	0.003194074
116.88	0.00682711
116.9	0.008938753
116.92	0.007576472
116.94	0.005937659
116.96	0.004895326
116.98	0.004204076
117	0.001785432
117.02	0.005429993
117.04	0.006979392
117.06	-0.004638646
117.08	0.001354634
117.1	-0.001387752
117.12	-0.00498029
117.14	-0.006360598
117.16	-0.007135834
117.18	-0.006237358
117.2	-0.001833074
117.22	-0.001517845
117.24	0.000266194
117.26	8.43254E-05
117.28	-0.001776526
117.3	-0.002145441
117.32	-0.003510476
117.34	-0.008902189
117.36	-0.010943085
117.38	-0.011759898
117.4	-0.016194182
117.42	-0.011822693
117.44	-0.005685919
117.46	-0.005520612
117.48	-0.002876351
117.5	0.002461959
117.52	-0.000669827
117.54	0.003523933
117.56	0.003033432
117.58	-0.001972894
117.6	-0.000730882
117.62	-0.000715325
117.64	-0.000258344
117.66	0.000552435
117.68	0.000344767
117.7	0.002288459
117.72	0.004746099
117.74	0.005507804
117.76	0.009120174
117.78	0.011695444
117.8	0.010744823
117.82	0.008656521
117.84	0.006238754
117.86	0.003587205
117.88	-0.001477745
117.9	-0.00380449
117.92	-0.006254319
117.94	-0.004947096
117.96	-0.004016168
117.98	-0.004345455
118	-0.000804671
118.02	-0.004238956
118.04	-0.008828365
118.06	-0.004885303
118.08	-0.004207105
118.1	-0.001993609
118.12	-0.002441344
118.14	-0.002702622
118.16	-0.002982286
118.18	-0.001826928
118.2	-0.000165036
118.22	-0.002533323
118.24	-0.009443571
118.26	-0.007575977
118.28	-0.006181008
118.3	-0.00082197
118.32	0.001989069
118.34	0.003293497
118.36	0.004717161
118.38	0.000396788
118.4	0.001391316
118.42	0.00099459
118.44	0.000921477
118.46	-0.007327791
118.48	-0.004347161
118.5	-0.004201207
118.52	0.000969101
118.54	0.001301046
118.56	0.002766999
118.58	0.003283105
118.6	0.00741873
118.62	0.011303599
118.64	0.012861503
118.66	0.011504099
118.68	0.008459431
118.7	0.007834598
118.72	0.004511102
118.74	0.005127274
118.76	0.002575408
118.78	0.004566685
118.8	0.006828128
118.82	0.003411518
118.84	0.000537192
118.86	0.000156651
118.88	0.002088332
118.9	-0.000527147
118.92	0.002349977
118.94	0.006002275
118.96	0.010731632
118.98	0.012924136
119	0.010299579
119.02	0.007754142
119.04	0.009895527
119.06	0.008234114
119.08	0.0071423
119.1	0.006455328
119.12	0.008259666
119.14	0.014031279
119.16	0.014562979
119.18	0.009924265
119.2	0.009881065
119.22	0.007369051
119.24	0.005768111
119.26	0.00126869
119.28	-0.002972606
119.3	-0.00787084
119.32	-0.011732753
119.34	-0.007920615
119.36	-0.005048088
119.38	-0.002436296
119.4	0.003767622
119.42	0.00608634
119.44	-6.63516E-05
119.46	-0.00142609
119.48	-0.004126043
119.5	-0.010314769
119.52	-0.010324659
119.54	-0.011755501
119.56	-0.008138894
119.58	-0.006994678
119.6	-0.00492982
119.62	-0.002693114
119.64	-0.007301254
119.66	-0.008514909
119.68	-0.011843537
119.7	-0.012823654
119.72	-0.010214247
119.74	-0.007686405
119.76	-0.003407479
119.78	0.002054761
119.8	0.003426507
119.82	0.001350907
119.84	-0.001741396
119.86	-0.004659477
119.88	-0.004849487
119.9	-0.005263958
119.92	-0.003109616
119.94	-0.00137998
119.96	-0.000247161
119.98	0.000748415
120	0.00300415
120.02	0.004006659
120.04	0.003627471
120.06	0.001221511
120.08	-0.001352688
120.1	-0.001153131
120.12	0.000929381
120.14	0.000802967
120.16	0.000887274
120.18	-0.001870693
120.2	-0.007466068
120.22	0.007355297
120.24	-0.00047967
120.26	-0.001818771
120.28	-0.003381065
120.3	-0.004332096
120.32	-0.004823565
120.34	-0.007732251
120.36	-0.005485779
120.38	-0.005016474
120.4	-0.00535932
120.42	-0.00459208
120.44	-0.002976547
120.46	-0.003151668
120.48	0.001041381
120.5	0.001501273
120.52	0.002183252
120.54	0.00140678
120.56	0.0019197
120.58	0.003802293
120.6	0.000126211
120.62	-0.002063576
120.64	-0.004258517
120.66	-0.003947315
120.68	-0.002619927
120.7	-0.008870443
120.72	-0.012806433
120.74	-0.015885852
120.76	-0.013332588
120.78	-0.01322287
120.8	-0.00918226
120.82	-0.009652347
120.84	-0.006811965
120.86	-0.005566811
120.88	-0.005170143
120.9	-0.003958609
120.92	-0.006504525
120.94	-0.011279495
120.96	-0.011896977
120.98	-0.010730927
121	-0.009691663
121.02	-0.004393331
121.04	-0.001608262
121.06	-0.001321336
121.08	-0.004968405
121.1	-0.005666603
121.12	-0.008990171
121.14	-0.007000615
121.16	-0.008927425
121.18	-0.007125549
121.2	-0.001779136
121.22	0.004356399
121.24	0.00282069
121.26	0.000654837
121.28	-0.007146108
121.3	-0.012341658
121.32	-0.017245471
121.34	-0.016900182
121.36	-0.014921275
121.38	-0.009711833
121.4	-0.005800933
121.42	-0.000691275
121.44	0.000535789
121.46	0.004017682
121.48	0.008018173
121.5	0.007928423
121.52	0.007938932
121.54	0.006362614
121.56	0.002704512
121.58	0.001099706
121.6	0.000659217
121.62	-0.00185464
121.64	-0.004506146
121.66	-0.001718629
121.68	-0.004417626
121.7	-0.006179489
121.72	-0.005886636
121.74	-0.00741506
121.76	-0.010853068
121.78	-0.008984217
121.8	-0.006817506
121.82	-0.003846709
121.84	-0.004434693
121.86	-0.00447651
121.88	-0.003291287
121.9	-0.002495409
121.92	-0.002475845
121.94	-0.005542572
121.96	-0.009637059
121.98	-0.008481
122	-0.008238685
122.02	-0.005242322
122.04	0.001996581
122.06	0.007106263
122.08	0.007484289
122.1	0.006998467
122.12	0.011537261
122.14	0.008307771
122.16	0.008801587
122.18	0.009777704
122.2	0.006160422
122.22	0.00562411
122.24	0.003082887
122.26	0.003014321
122.28	0.00122954
122.3	0.002112344
122.32	-0.00210695
122.34	0.001301212
122.36	-0.010241249
122.38	-0.008993037
122.4	-0.00814919
122.42	-0.004037246
122.44	-0.002177396
122.46	-0.002132086
122.48	0.000392185
122.5	0.002509849
122.52	0.001835007
122.54	0.000149523
122.56	-0.000233946
122.58	-0.001135954
122.6	-0.001740021
122.62	0.002750685
122.64	0.005471232
122.66	0.00746151
122.68	0.003692597
122.7	0.002513349
122.72	0.003587269
122.74	0.005179107
122.76	0.005935868
122.78	0.006471968
122.8	0.005418525
122.82	0.006224531
122.84	0.009206213
122.86	0.009980278
122.88	0.007813152
122.9	0.008635567
122.92	0.006887695
122.94	0.011428132
122.96	0.014858117
122.98	0.01959499
123	0.02242058
123.02	0.019255713
123.04	0.015258403
123.06	0.009058767
123.08	0.006060425
123.1	0.004032126
123.12	0.000854876
123.14	0.003839173
123.16	0.005118456
123.18	-0.002816646
123.2	0.001131514
123.22	-0.000124065
123.24	0.001218782
123.26	-0.006047162
123.28	-0.005106461
123.3	-0.000893259
123.32	0.002325674
123.34	0.004068153
123.36	0.004703155
123.38	0.003203266
123.4	0.002494833
123.42	0.003287389
123.44	0.002334341
123.46	0.00369011
123.48	0.007590007
123.5	0.009038851
123.52	0.009794809
123.54	0.009156567
123.56	0.006033018
123.58	0.004840175
123.6	0.001500575
123.62	0.000898115
123.64	0.000726034
123.66	0.000744159
123.68	-0.001761402
123.7	-0.006270833
123.72	-0.004496479
123.74	-0.006866339
123.76	-0.008320294
123.78	-0.009863719
123.8	-0.012712648
123.82	-0.013707943
123.84	-0.011767351
123.86	-0.009998416
123.88	-0.010306179
123.9	-0.008935375
123.92	-0.006552137
123.94	-0.007315594
123.96	-0.007240148
123.98	-0.010123204
124	-0.001873571
124.02	-0.00492015
124.04	-0.004221008
124.06	-0.00436827
124.08	-0.002559907
124.1	-0.004413652
124.12	-0.00513494
124.14	-0.007675321
124.16	-0.006357697
124.18	-0.001415223
124.2	0.002152648
124.22	0.005333952
124.24	0.003612576
124.26	-1.38595E-05
124.28	0.001712929
124.3	0.000233926
124.32	-0.002392511
124.34	-0.00225705
124.36	0.000744871
124.38	0.006014697
124.4	0.01030033
124.42	0.011271023
124.44	0.010666623
124.46	0.008426403
124.48	0.003903778
124.5	0.004300211
124.52	0.00231994
124.54	0.002542696
124.56	0.010532768
124.58	0.003474612
124.6	0.012848152
124.62	0.004702313
124.64	0.005825105
124.66	-0.000803046
124.68	-0.008375984
124.7	-0.011908774
124.72	-0.011572605
124.74	-0.00763672
124.76	-0.00124985
124.78	0.003793778
124.8	0.008038721
124.82	0.010861692
124.84	0.010443483
124.86	0.006306845
124.88	0.000354431
124.9	-0.001820456
124.92	0.002511611
124.94	-0.005199025
124.96	-0.000404193
124.98	0.002972138
125	0.008068048
125.02	0.007464353
125.04	0.010225139
125.06	0.009796446
125.08	0.006321406
125.1	0.002528356
125.12	-0.000773197
125.14	-0.006483946
125.16	-0.008333237
125.18	-0.009955215
125.2	-0.01228305
125.22	-0.012705447
125.24	-0.009439698
125.26	-0.005663655
125.28	-0.005632164
125.3	-0.012110096
125.32	-0.014718481
125.34	-0.015695914
125.36	-0.007687386
125.38	-0.005940225
125.4	-0.007254338
125.42	-0.006402275
125.44	0.000304196
125.46	0.004831211
125.48	0.008816326
125.5	0.004520102
125.52	0.004886951
125.54	0.0005095
125.56	-0.002412421
125.58	1.32464E-05
125.6	0.009932529
125.62	0.004230146
125.64	0.007132599
125.66	0.007478599
125.68	0.006423519
125.7	0.004167448
125.72	0.000462075
125.74	-0.002839228
125.76	-0.003931991
125.78	-0.002891683
125.8	0.002716728
125.82	0.010230643
125.84	0.011878683
125.86	0.011971981
125.88	0.014347528
125.9	0.015330941
125.92	0.012316833
125.94	0.012317989
125.96	0.009369035
125.98	0.008163206
126	0.009884373
126.02	0.004003789
126.04	0.016073057
126.06	0.007840987
126.08	0.008509432
126.1	0.001950284
126.12	0.005073602
126.14	0.001200671
126.16	-0.000226354
126.18	-0.003151243
126.2	-0.003758615
126.22	-0.001553414
126.24	-0.001207001
126.26	-0.004284407
126.28	-0.008499801
126.3	-0.008653846
126.32	-0.007944921
126.34	-0.004489664
126.36	-0.000196112
126.38	0.006554697
126.4	0.010154963
126.42	0.007245067
126.44	0.014009662
126.46	0.008810533
126.48	0.009464781
126.5	0.004287659
126.52	-3.27928E-05
126.54	-0.000777411
126.56	-0.003647909
126.58	-0.003628977
126.6	-0.004738071
126.62	-0.00577432
126.64	-0.005876923
126.66	-0.003761057
126.68	-0.001989456
126.7	0.001443704
126.72	-0.000242501
126.74	-0.003380338
126.76	-0.005629519
126.78	-0.003311838
126.8	-0.001352713
126.82	-0.009156408
126.84	-0.007725344
126.86	-0.006972771
126.88	-0.002093603
126.9	0.003536044
126.92	0.007993143
126.94	0.012628912
126.96	0.018772082
126.98	0.020062288
127	0.020331365
127.02	0.016995887
127.04	0.013829472
127.06	0.006945508
127.08	0.008103744
127.1	0.007478327
127.12	0.002355893
127.14	-0.001595843
127.16	-0.005361337
127.18	-0.008897257
127.2	-0.008601691
127.22	-0.004122828
127.24	-0.000889021
127.26	0.003146042
127.28	0.005733725
127.3	0.005027959
127.32	0.00552071
127.34	0.002555161
127.36	-0.005235123
127.38	-0.008769495
127.4	-0.010405495
127.42	-0.012498066
127.44	-0.009492591
127.46	-0.008726066
127.48	-0.006628396
127.5	-0.002256274
127.52	0.001334855
127.54	0.004093001
127.56	0.005370978
127.58	-0.002951999
127.6	-0.005771188
127.62	-0.010429029
127.64	-0.012135575
127.66	-0.015207153
127.68	-0.017358581
127.7	-0.016920441
127.72	-0.015889747
127.74	-0.015934581
127.76	-0.016345572
127.78	-0.014204114
127.8	-0.010553954
127.82	-0.011170758
127.84	-0.007590491
127.86	0.002853821
127.88	0.007099966
127.9	0.010270965
127.92	0.013101166
127.94	0.010971204
127.96	0.009941235
127.98	0.005233365
128	-0.000538085
128.02	0.00099133
128.04	0.00417496
128.06	0.001057862
128.08	0.005333468
128.1	0.004859366
128.12	0.004908587
128.14	0.004634294
128.16	0.005588607
128.18	0.00584975
128.2	0.005193461
128.22	0.003443917
128.24	0.004494032
128.26	0.00106879
128.28	-0.000337936
128.3	-0.001469182
128.32	-0.0037127
128.34	-0.003841773
128.36	0.000434319
128.38	0.002666075
128.4	0.003814133
128.42	0.004929033
128.44	0.003290938
128.46	0.000206998
128.48	-0.001175322
128.5	-0.002355174
128.52	0.000524462
128.54	0.000633329
128.56	0.000828733
128.58	0.000853093
128.6	-0.001111624
128.62	0.000676202
128.64	0.002524121
128.66	0.002011384
128.68	0.003487885
128.7	0.005607478
128.72	0.007192622
128.74	0.009502335
128.76	0.011782647
128.78	0.017138935
128.8	0.001064427
128.82	0.017330431
128.84	0.011546492
128.86	0.011143424
128.88	0.014553546
128.9	0.008347937
128.92	0.005670612
128.94	0.003324187
128.96	0.000843327
128.98	0.00181868
129	-0.001481154
129.02	-0.004900284
129.04	-0.00785943
129.06	-0.010666645
129.08	-0.013973221
129.1	-0.014632685
129.12	-0.016340498
129.14	-0.014356041
129.16	-0.0114622
129.18	-0.003196984
129.2	0.003306684
129.22	0.002396428
129.24	0.004924689
129.26	0.005445932
129.28	0.003742475
129.3	0.006360441
129.32	0.006658447
129.34	0.006083085
129.36	0.00343167
129.38	0.004066327
129.4	0.006015808
129.42	0.007195848
129.44	0.009425201
129.46	0.009942436
129.48	0.010207396
129.5	0.011116162
129.52	0.009059874
129.54	0.003524141
129.56	-0.001342525
129.58	-0.004730467
129.6	-0.004855741
129.62	-0.004992878
129.64	-0.008169435
129.66	-0.009475339
129.68	-0.009569479
129.7	-0.010742837
129.72	-0.011284662
129.74	-0.010982272
129.76	-0.007744517
129.78	-0.011128562
129.8	0.004557891
129.82	0.007463103
129.84	0.006365222
129.86	0.002202105
129.88	-3.01241E-05
129.9	-0.003653737
129.92	-0.005035508
129.94	-0.003379374
129.96	-0.001390139
129.98	-0.00304735
130	-0.001878356
130.02	-0.004686919
130.04	-0.007139564
130.06	-0.008279615
130.08	-0.009519869
130.1	-0.007923289
130.12	-0.015457406
130.14	-0.006190253
130.16	-0.003794081
130.18	-0.003349395
130.2	-0.001078607
130.22	0.001050796
130.24	0.001519276
130.26	-0.000633974
130.28	-0.004424552
130.3	0.002063746
130.32	0.00081207
130.34	-0.002191147
130.36	-0.002363812
130.38	-0.004143316
130.4	-0.006186622
130.42	-0.007910439
130.44	-0.006042624
130.46	-0.009645117
130.48	-0.010101298
130.5	-0.009666754
130.52	-0.010036831
130.54	-0.010369348
130.56	-0.008420214
130.58	-0.008793307
130.6	-0.008774008
130.62	-0.005669079
130.64	-0.008005125
130.66	-0.010352359
130.68	-0.0106357
130.7	-0.009281187
130.72	-0.009337038
130.74	-0.009358599
130.76	-0.0030744
130.78	-0.002966626
130.8	-0.000176013
130.82	-0.001093609
130.84	-0.000326368
130.86	0.005189296
130.88	0.007220673
130.9	0.007586159
130.92	0.006421415
130.94	0.003833526
130.96	0.004166843
130.98	0.002358956
131	0.001968977
131.02	0.000377992
131.04	-0.001668804
131.06	-0.011399698
131.08	-0.010683338
131.1	-0.014483411
131.12	-0.014955167
131.14	-0.01340568
131.16	-0.014191684
131.18	-0.013244325
131.2	-0.008649074
131.22	-0.001318648
131.24	0.002505151
131.26	0.002433756
131.28	0.002566426
131.3	-0.001277239
131.32	-0.004784601
131.34	-0.006071466
131.36	-0.005494987
131.38	-0.002331297
131.4	-0.003004571
131.42	-0.005222814
131.44	-0.000343136
131.46	0.003604792
131.48	0.004374087
131.5	0.002762537
131.52	-0.002114183
131.54	4.56427E-05
131.56	0.002824749
131.58	0.005176756
131.6	0.005237822
131.62	0.00181464
131.64	-0.006469295
131.66	-0.008278615
131.68	-0.007820532
131.7	-0.009192045
131.72	-0.01130097
131.74	-0.009590016
131.76	-0.008403458
131.78	-0.002741034
131.8	-0.000116859
131.82	0.003032503
131.84	0.002011284
131.86	0.000813262
131.88	0.001902271
131.9	0.004465097
131.92	0.00976864
131.94	0.004422564
131.96	0.003238474
131.98	-0.002289141
132	-0.004644663
132.02	-0.00806457
132.04	-0.007705356
132.06	-0.005481436
132.08	-0.012126107
132.1	-0.005497697
132.12	-0.000780354
132.14	0.005594923
132.16	0.006192802
132.18	0.00689509
132.2	0.010780814
132.22	0.011295986
132.24	0.01186582
132.26	0.013762349
132.28	0.015455718
132.3	0.019779795
132.32	0.02258597
132.34	0.023560826
132.36	0.020270346
132.38	0.018976895
132.4	0.018284423
132.42	0.020060934
132.44	0.019628779
132.46	0.022042264
132.48	0.01447795
132.5	0.006015815
132.52	0.006940828
132.54	-0.000637827
132.56	-0.005003323
132.58	-0.004569535
132.6	-0.002175484
132.62	0.00065881
132.64	0.003830525
132.66	0.0065652
132.68	0.025484598
132.7	-0.004258415
132.72	-0.002702587
132.74	-0.003553218
132.76	-0.000848015
132.78	0.006124457
132.8	0.013188248
132.82	0.013565189
132.84	0.013504734
132.86	0.010035371
132.88	0.008743865
132.9	0.008185286
132.92	0.002323335
132.94	2.20404E-05
132.96	-0.003102513
132.98	-0.00144527
133	-0.000883147
133.02	0.003507688
133.04	0.01057886
133.06	0.009033935
133.08	0.00872854
133.1	0.007570212
133.12	0.005704171
133.14	-0.001698038
133.16	-0.001872585
133.18	-0.003343979
133.2	-0.003910235
133.22	-0.00130606
133.24	-0.004058736
133.26	-0.00499064
133.28	-0.007810637
133.3	-0.011908459
133.32	-0.01132452
133.34	-0.012734302
133.36	-0.013194074
133.38	-0.010392973
133.4	-0.008558768
133.42	-0.003755352
133.44	-0.004587166
133.46	-0.008654164
133.48	-0.010973397
133.5	-0.005159535
133.52	-0.012255402
133.54	-0.012799782
133.56	-0.015739109
133.58	-0.01430102
133.6	-0.011350265
133.62	-0.007996891
133.64	-0.007407666
133.66	-0.004232938
133.68	-0.000167419
133.7	0.003668272
133.72	0.010073655
133.74	0.012158534
133.76	0.012832912
133.78	0.013373911
133.8	0.010694464
133.82	0.008390263
133.84	0.005624599
133.86	0.00273367
133.88	-0.005671539
133.9	-0.002660005
133.92	-0.00243144
133.94	-0.0011663
133.96	-0.000234701
133.98	-0.004488576
134	-0.006377587
134.02	-0.004650834
134.04	0.000405868
134.06	0.001952816
134.08	0.001970801
134.1	0.001144347
134.12	-0.00246278
134.14	-0.005773256
134.16	-0.003579288
134.18	-0.002366923
134.2	-0.002236378
134.22	0.000791264
134.24	0.001421664
134.26	0.002910226
134.28	0.002478694
134.3	0.000191223
134.32	-0.002899434
134.34	-0.004597156
134.36	-0.001749591
134.38	-0.003802383
134.4	-0.002044749
134.42	-0.007311333
134.44	-0.007745098
134.46	-0.00853629
134.48	-0.0074536
134.5	-0.004790371
134.52	-0.001842131
134.54	-0.000687693
134.56	0.001143898
134.58	0.004945417
134.6	0.00686978
134.62	0.007443685
134.64	-0.003376235
134.66	0.001053832
134.68	-0.000408577
134.7	0.001563995
134.72	-0.001412396
134.74	0.000228459
134.76	-0.002380567
134.78	-0.004659622
134.8	-0.005393793
134.82	-0.004817496
134.84	-0.000878165
134.86	0.001976531
134.88	0.000339751
134.9	0.002387959
134.92	0.002626405
134.94	0.001586991
134.96	-0.000218963
134.98	0.000367277
135	0.002480165
135.02	0.004353999
135.04	0.000782941
135.06	-0.000611593
135.08	0.001036454
135.1	-0.000179594
135.12	0.001290335
135.14	0.001794811
135.16	-0.000317765
135.18	0.002402746
135.2	0.000663888
135.22	0.001489506
135.24	-1.41754E-05
135.26	-0.000774833
135.28	-0.000429107
135.3	-0.000189417
135.32	0.001888037
135.34	6.50425E-05
135.36	-5.5754E-05
135.38	0.001336217
135.4	0.000285914
135.42	0.001349615
135.44	0.001627905
135.46	0.002273785
135.48	-0.000963225
135.5	-0.001364131
135.52	0.00039899
135.54	-0.000612884
135.56	-0.00032925
135.58	-0.000925285
135.6	-0.001110095
135.62	-0.002149584
135.64	0.001671589
135.66	-0.002923133
135.68	0.000294204
135.7	0.002824828
135.72	0.003688625
135.74	-0.001271298
135.76	-0.000109203
135.78	-0.002641604
135.8	0.000561921
135.82	-0.001292707
135.84	-0.001036026
135.86	-0.00425272
135.88	0.00343497
135.9	5.75827E-05
135.92	0.00186667
135.94	0.000589664
135.96	0.003045861
135.98	0.001096514
136	0.000796473
136.02	-0.000188353
136.04	-5.18388E-05
136.06	-8.52137E-05
136.08	0.000280416
136.1	-0.000536507
136.12	0.001462571
136.14	0.001194913
136.16	0.000628038
136.18	-0.000185925
136.2	0.00135442
136.22	0.001299723
136.24	-0.001306548
136.26	-5.81819E-05
136.28	-0.000562884
136.3	0.000429575
136.32	0.000214404
136.34	0.000958344
136.36	0.000614052
136.38	0.001151684
136.4	0.001452992
136.42	-7.19208E-05
136.44	-0.00010774
136.46	0.001683069
136.48	0.001796511
136.5	-0.000412139
136.52	0.000123615
136.54	-0.000474544
136.56	-0.001533307
136.58	0.000155572
136.6	0.000837718
136.62	0.000217967
136.64	-0.000139962
136.66	0.001033921
136.68	1.37374E-05
136.7	0.001134501
136.72	0.001210627
136.74	0.000737851
136.76	-0.0003666
136.78	0.000798342
136.8	-0.001095742
136.82	-0.000894983
136.84	-0.000693028
136.86	0.000201982
136.88	0.000869151
136.9	0.00052512
136.92	0.000324335
136.94	-5.48232E-05
136.96	0.000243168
136.98	4.96033E-05
137	-1.12596E-05
137.02	-0.000212627
137.04	-0.000482257
137.06	-0.0003252
137.08	-0.000127324
137.1	0.00090369
137.12	-0.00020693
137.14	8.46542E-07
137.16	-3.7505E-05
137.18	-4.78679E-05
137.2	-0.000807108
137.22	-0.000535806
137.24	-0.000201981
137.26	-0.000401625
137.28	-2.25394E-05
137.3	-0.000576154
137.32	-0.001677429
137.34	0.0002961
137.36	0.000539517
137.38	0.000425213
137.4	0.000398945
137.42	0.000451346
137.44	-0.000138851
137.46	-0.000343987
137.48	0.000193332
137.5	-0.000295243
137.52	-0.000193279
137.54	-0.000145987
137.56	-0.000634553
137.58	-0.000153377
137.6	0.00010537
137.62	0.001051653
137.64	0.000779816
137.66	0.00050942
137.68	0.00070116
137.7	-1.57427E-05
137.72	3.49758E-05
137.74	-0.000140507
137.76	0.000221564
137.78	-8.93746E-05
137.8	-1.56763E-05
137.82	-4.49335E-05
137.84	0.000217009
137.86	0.000497276
137.88	0.000543042
137.9	0.000513199
137.92	0.000257964
137.94	9.15764E-05
137.96	-0.000183026
137.98	4.48795E-05
138	3.13796E-05
138.02	0.000240456
138.04	0.000538282
138.06	0.000317507
138.08	-1.77734E-05
138.1	0.000124272
138.12	0.000333599
138.14	0.00034872
138.16	0.00050597
138.18	7.81872E-05
138.2	-0.000524127
138.22	-7.63612E-05
138.24	-8.52451E-05
138.26	-0.000318089
138.28	-4.70318E-05
138.3	3.13226E-05
138.32	0.000100612
138.34	0.000334089
138.36	0.000777814
138.38	0.000260825
138.4	0.000544226
138.42	4.70986E-05
138.44	-0.000191549
138.46	-0.000484526
138.48	-0.000608934
138.5	-0.00045821
138.52	-0.000357054
138.54	-0.000133383
138.56	-0.00010972
138.58	-7.2122E-05
138.6	-1.72349E-05
138.62	0.00019021
138.64	6.23079E-05
138.66	-8.8268E-05
138.68	-0.00023252
138.7	-0.000500788
138.72	-0.000456487
138.74	-0.000394577
138.76	-0.000248756
138.78	-0.000236414
138.8	-3.45311E-05
138.82	4.99839E-06
138.84	-0.000302925
138.86	-0.000192298
138.88	-0.000249642
138.9	-0.000130406
138.92	-5.44286E-06
138.94	-0.000212615
138.96	-0.000512387
138.98	-9.71907E-05
139	-0.000148741
139.02	2.77504E-05
139.04	0.000107202
139.06	0.000149037
139.08	2.04451E-06
139.1	0.000113763
139.12	9.22192E-05
139.14	0.000167913
139.16	1.44175E-05
139.18	-0.000262292
139.2	-0.000304547
139.22	-7.13548E-05
139.24	-1.04363E-05
139.26	0.000148313
139.28	0.000345711
139.3	0.000454982
139.32	0.000515307
139.34	0.000163036
139.36	0.000126125
139.38	0.000254478
139.4	-0.000178362
139.42	-4.56222E-05
139.44	-0.000195921
139.46	-0.000215444
139.48	-0.000117249
139.5	1.93953E-05
139.52	0.000270405
139.54	0.000324985
139.56	0.000373296
139.58	0.000178937
139.6	2.29524E-05
139.62	0.000126076
139.64	7.19552E-05
139.66	2.07407E-05
139.68	3.91798E-05
139.7	5.23202E-05
139.72	1.2731E-05
139.74	-1.34675E-05
139.76	-1.76907E-05
139.78	0.000102747
139.8	0.000269188
139.82	0.000222956
139.84	1.56178E-05
139.86	-0.0001102
139.88	-2.36599E-05
139.9	3.81261E-05
139.92	-3.92005E-06
139.94	-0.000126637
139.96	-0.000167805
139.98	-0.000150715
140	-0.000103952
140.02	-7.92627E-06
140.04	-8.49663E-06
140.06	-6.96349E-05
140.08	-0.000119714
140.1	-0.000287866
140.12	-0.00034515
140.14	-0.00036867
140.16	-0.000334596
140.18	-0.000282732
140.2	-0.000190518
140.22	-0.000158931
140.24	-3.62689E-05
140.26	6.35482E-05
140.28	-2.00941E-05
140.3	4.19956E-05
140.32	-8.57016E-05
140.34	-0.000173945
140.36	-0.000327675
140.38	-0.00034374
140.4	-0.000314056
140.42	-0.000260582
140.44	-0.000238886
140.46	-0.000113994
140.48	-8.7645E-05
140.5	4.71553E-05
140.52	-2.27801E-05
140.54	3.15016E-05
140.56	1.43062E-05
140.58	1.44236E-05
140.6	-7.91783E-05
140.62	-8.83302E-05
140.64	-7.33316E-05
140.66	-9.65172E-05
140.68	1.2487E-05
140.7	6.82748E-05
140.72	1.26789E-05
140.74	2.97153E-05
140.76	8.91973E-05
140.78	0.000160068
140.8	9.79005E-05
140.82	2.85099E-05
140.84	-2.52813E-05
140.86	-3.25869E-05
140.88	2.16214E-05
140.9	4.38492E-05
140.92	6.3936E-05
140.94	9.06295E-05
140.96	0.000140187
140.98	0.000135446
141	0.000141068
141.02	0.000132626
141.04	9.84035E-05
141.06	3.04975E-05
141.08	-1.46833E-05
141.1	-7.12962E-05
141.12	2.29498E-05
141.14	6.21501E-05
141.16	0.000104864
141.18	0.00024429
141.2	0.000260858
141.22	0.000233915
141.24	0.000107712
141.26	0.00018368
141.28	-1.89718E-05
141.3	2.07033E-05
141.32	-0.000123048
141.34	-7.53635E-05
141.36	-0.000142175
141.38	-0.000101851
141.4	-7.84031E-05
141.42	2.74781E-05
141.44	2.94455E-05
141.46	2.56962E-05
141.48	-2.82636E-05
141.5	-6.25213E-05
141.52	-0.000110118
141.54	-0.000128431
141.56	-0.000118314
141.58	-0.000124795
141.6	-0.000191254
141.62	-0.000205174
141.64	-0.000154679
141.66	-8.73244E-05
141.68	-0.000104658
141.7	-6.83562E-05
141.72	-0.000106842
141.74	-0.000125169
141.76	-0.00014246
141.78	-0.000150665
141.8	-0.000186665
141.82	-0.00018539
141.84	-0.000155112
141.86	-0.000139971
141.88	-8.11938E-05
141.9	-5.0967E-05
141.92	-4.1232E-05
141.94	-4.36842E-05
141.96	-3.38544E-05
141.98	-0.000111598
142	-0.000117355
142.02	-0.000146778
142.04	-0.000127706
142.06	-0.000112816
142.08	-7.50694E-05
142.1	-5.03886E-05
142.12	-2.0997E-05
142.14	0.00012683
142.16	4.4111E-05
142.18	7.59371E-05
142.2	-1.32088E-05
142.22	-3.69774E-05
142.24	-3.59146E-05
142.26	-0.000138041
142.28	-5.87764E-05
142.3	-2.69784E-05
142.32	2.78485E-06
142.34	4.05384E-05
142.36	8.15828E-05
142.38	0.000146882
142.4	0.000174294
142.42	0.000167043
142.44	0.000112306
142.46	0.000103648
142.48	6.4144E-05
142.5	3.9894E-05
142.52	6.2409E-05
142.54	8.45667E-05
142.56	7.99777E-05
142.58	8.51845E-05
142.6	6.77332E-05
142.62	8.6034E-05
142.64	0.000120193
142.66	0.000136216
142.68	9.60283E-05
142.7	6.54782E-05
142.72	3.60588E-05
142.74	2.95704E-06
142.76	-1.71893E-06
142.78	1.07386E-05
142.8	5.7972E-05
142.82	5.51541E-05
142.84	5.78505E-05
142.86	2.23739E-05
142.88	2.29384E-05
142.9	1.23477E-05
142.92	-1.44502E-05
142.94	-4.84642E-05
142.96	-8.76705E-05
142.98	-0.000127957
143	-0.000107143
143.02	-6.28662E-05
143.04	-4.61936E-05
143.06	-5.73852E-06
143.08	-1.61688E-05
143.1	-4.4547E-06
143.12	-4.34304E-05
143.14	-7.93217E-05
143.16	-8.80382E-05
143.18	-0.000128748
143.2	-0.00014495
143.22	-0.000156306
143.24	-0.000144036
143.26	-0.000112749
143.28	-7.96661E-05
143.3	-4.38712E-05
143.32	-2.97975E-05
143.34	-2.56315E-05
143.36	-4.70555E-05
143.38	-5.82424E-05
143.4	-6.63715E-05
143.42	-8.83578E-05
143.44	-0.000105083
143.46	-0.00011317
143.48	-0.000115343
143.5	-0.000105854
143.52	-8.69535E-05
143.54	-5.59856E-05
143.56	-4.50845E-05
143.58	-4.50555E-05
143.6	-5.04831E-05
143.62	-1.94091E-05
143.64	-3.58673E-05
143.66	-3.5367E-05
143.68	-3.75458E-05
143.7	-2.80791E-05
143.72	-6.80708E-06
143.74	2.36326E-06
143.76	4.23893E-05
143.78	8.20266E-05
143.8	8.8251E-05
143.82	6.57696E-05
143.84	4.77108E-05
143.86	4.136E-05
143.88	3.95331E-05
143.9	3.2809E-05
143.92	3.30747E-05
143.94	4.12167E-05
143.96	5.83603E-05
143.98	8.48868E-05
144	9.7173E-05
144.02	0.000127669
144.04	0.000130398
144.06	0.000105333
144.08	8.1703E-05
144.1	4.83472E-05
144.12	3.06796E-05
144.14	2.23258E-05
144.16	2.53612E-05
144.18	3.39026E-05
144.2	4.70462E-05
144.22	5.53001E-05
144.24	6.34285E-05
144.26	8.39206E-05
144.28	8.99408E-05
144.3	6.37448E-05
144.32	5.72207E-05
144.34	2.15759E-05
144.36	-3.29235E-07
144.38	-1.52867E-05
144.4	-2.36021E-05
144.42	-2.07054E-05
144.44	-2.92686E-05
144.46	-3.23236E-05
144.48	-1.34055E-05
144.5	-1.31343E-06
144.52	-8.96593E-06
144.54	-1.59967E-07
144.56	-1.47469E-05
144.58	-3.25507E-05
144.6	-5.00792E-05
144.62	-6.01219E-05
144.64	-5.59105E-05
144.66	-5.10102E-05
144.68	-4.82218E-05
144.7	-4.55192E-05
144.72	-4.19817E-05
144.74	-4.55572E-05
144.76	-5.13306E-05
144.78	-6.15696E-05
144.8	-8.00585E-05
144.82	-0.000101522
144.84	-0.000106549
144.86	-0.00010265
144.88	-9.52161E-05
144.9	-7.72221E-05
144.92	-6.04497E-05
144.94	-4.27606E-05
144.96	-3.47855E-05
144.98	-3.56321E-05
145	-3.80746E-05
145.02	-4.38191E-05
145.04	-5.81831E-05
145.06	-7.73094E-05
145.08	-6.82962E-05
145.1	-5.75329E-05
145.12	-4.39279E-05
145.14	-2.20195E-05
145.16	4.06181E-07
145.18	1.65837E-05
145.2	3.02257E-05
145.22	3.04934E-05
145.24	4.374E-05
145.26	3.9921E-05
145.28	2.32876E-05
145.3	1.59022E-05
145.32	8.48345E-06
145.34	1.09183E-05
145.36	1.8297E-05
145.38	2.876E-05
145.4	4.41885E-05
145.42	6.13404E-05
145.44	6.41719E-05
145.46	6.93066E-05
145.48	7.39073E-05
145.5	7.0453E-05