0	0
0.02	-2.45117E-06
0.04	-2.45126E-06
0.06	-2.45139E-06
0.08	-2.45161E-06
0.1	-2.45188E-06
0.12	-2.45219E-06
0.14	-2.45244E-06
0.16	-2.45278E-06
0.18	-2.45315E-06
0.2	-2.4536E-06
0.22	-2.45411E-06
0.24	-2.4547E-06
0.26	-2.45542E-06
0.28	-2.45653E-06
0.3	-2.45921E-06
0.32	-2.46646E-06
0.34	-2.48306E-06
0.36	-2.51145E-06
0.38	-2.54428E-06
0.4	-2.57096E-06
0.42	-2.5949E-06
0.44	-2.62523E-06
0.46	-2.65525E-06
0.48	-2.68194E-06
0.5	-2.71119E-06
0.52	-2.73809E-06
0.54	-2.76788E-06
0.56	-2.80307E-06
0.58	-2.84273E-06
0.6	-2.89161E-06
0.62	-2.93931E-06
0.64	-2.98318E-06
0.66	-3.02041E-06
0.68	-3.05865E-06
0.7	-3.09557E-06
0.72	-3.12797E-06
0.74	-3.1562E-06
0.76	-3.1863E-06
0.78	-3.21189E-06
0.8	-3.23673E-06
0.82	-3.26101E-06
0.84	-3.28247E-06
0.86	-3.30111E-06
0.88	-3.32097E-06
0.9	-3.3372E-06
0.92	-3.35389E-06
0.94	-3.36733E-06
0.96	-3.37988E-06
0.98	-3.39216E-06
1	-3.40234E-06
1.02	-3.41208E-06
1.04	-3.41869E-06
1.06	-3.4268E-06
1.08	-3.43218E-06
1.1	-3.43591E-06
1.12	-3.43798E-06
1.14	-3.4389E-06
1.16	-3.43936E-06
1.18	-3.4366E-06
1.2	-3.42926E-06
1.22	-3.4163E-06
1.24	-3.39755E-06
1.26	-3.37589E-06
1.28	-3.3544E-06
1.3	-3.33608E-06
1.32	-3.32074E-06
1.34	-3.30528E-06
1.36	-3.28838E-06
1.38	-3.27238E-06
1.4	-3.25944E-06
1.42	-3.24753E-06
1.44	-3.23028E-06
1.46	-3.20928E-06
1.48	-3.18763E-06
1.5	-3.16712E-06
1.52	-3.14861E-06
1.54	-3.13458E-06
1.56	-3.12524E-06
1.58	-3.11834E-06
1.6	-3.11242E-06
1.62	-3.10889E-06
1.64	-3.10743E-06
1.66	-3.10685E-06
1.68	-3.10686E-06
1.7	-3.10593E-06
1.72	-3.10613E-06
1.74	-3.108E-06
1.76	-3.10861E-06
1.78	-3.10893E-06
1.8	-3.11014E-06
1.82	-3.11026E-06
1.84	-3.1099E-06
1.86	-3.11018E-06
1.88	-3.10941E-06
1.9	-3.10717E-06
1.92	-3.10427E-06
1.94	-3.10198E-06
1.96	-3.09843E-06
1.98	-3.0936E-06
2	-3.0893E-06
2.02	-3.08375E-06
2.04	-3.07795E-06
2.06	-3.07146E-06
2.08	-3.0645E-06
2.1	-3.06022E-06
2.12	-3.05731E-06
2.14	-3.0527E-06
2.16	-3.0449E-06
2.18	-3.03272E-06
2.2	-3.01566E-06
2.22	-2.99518E-06
2.24	-2.97162E-06
2.26	-2.94567E-06
2.28	-2.91707E-06
2.3	-2.88558E-06
2.32	-2.85292E-06
2.34	-2.82018E-06
2.36	-2.78816E-06
2.38	-2.75325E-06
2.4	-2.71316E-06
2.42	-2.66772E-06
2.44	-2.61811E-06
2.46	-2.5658E-06
2.48	-2.51002E-06
2.5	-2.45127E-06
2.52	-2.39179E-06
2.54	-2.33092E-06
2.56	-2.26889E-06
2.58	-2.20611E-06
2.6	-2.14326E-06
2.62	-2.07924E-06
2.64	-2.01436E-06
2.66	-1.94915E-06
2.68	-1.88354E-06
2.7	-1.8177E-06
2.72	-1.75107E-06
2.74	-1.68408E-06
2.76	-1.61655E-06
2.78	-1.54903E-06
2.8	-1.48098E-06
2.82	-1.41234E-06
2.84	-1.34314E-06
2.86	-1.27305E-06
2.88	-1.20162E-06
2.9	-1.13005E-06
2.92	-1.05823E-06
2.94	-9.84417E-07
2.96	-9.09529E-07
2.98	-8.33502E-07
3	-7.55485E-07
3.02	-6.76352E-07
3.04	-5.98252E-07
3.06	-5.22355E-07
3.08	-4.48506E-07
3.1	-3.75215E-07
3.12	-3.01749E-07
3.14	-2.27761E-07
3.16	-1.53514E-07
3.18	-7.8065E-08
3.2	-5.52365E-10
3.22	7.95686E-08
3.24	1.61658E-07
3.26	2.45863E-07
3.28	3.30115E-07
3.3	4.13383E-07
3.32	4.96788E-07
3.34	5.81094E-07
3.36	6.67543E-07
3.38	7.56613E-07
3.4	8.48041E-07
3.42	9.42506E-07
3.44	1.04084E-06
3.46	1.14314E-06
3.48	1.24855E-06
3.5	1.35699E-06
3.52	1.46886E-06
3.54	1.58409E-06
3.56	1.70247E-06
3.58	1.82395E-06
3.6	1.94857E-06
3.62	2.0761E-06
3.64	2.20656E-06
3.66	2.33992E-06
3.68	2.47641E-06
3.7	2.61534E-06
3.72	2.75672E-06
3.74	2.90064E-06
3.76	3.04675E-06
3.78	3.19521E-06
3.8	3.34621E-06
3.82	3.49959E-06
3.84	3.65517E-06
3.86	3.81247E-06
3.88	3.9717E-06
3.9	4.13354E-06
3.92	4.29896E-06
3.94	4.46819E-06
3.96	4.64121E-06
3.98	4.81801E-06
4	4.99728E-06
4.02	5.17795E-06
4.04	5.36015E-06
4.06	5.54416E-06
4.08	5.72924E-06
4.1	5.91458E-06
4.12	6.10064E-06
4.14	6.28802E-06
4.16	6.47773E-06
4.18	6.67026E-06
4.2	6.86529E-06
4.22	7.0622E-06
4.24	7.2604E-06
4.26	7.45923E-06
4.28	7.65839E-06
4.3	7.85825E-06
4.32	8.05846E-06
4.34	8.25907E-06
4.36	8.46028E-06
4.38	8.66268E-06
4.4	8.86663E-06
4.42	9.07207E-06
4.44	9.27919E-06
4.46	9.48786E-06
4.48	9.69859E-06
4.5	9.91167E-06
4.52	1.0127E-05
4.54	1.03444E-05
4.56	1.05643E-05
4.58	1.07868E-05
4.6	1.10121E-05
4.62	1.12403E-05
4.64	1.14715E-05
4.66	1.17055E-05
4.68	1.19424E-05
4.7	1.21822E-05
4.72	1.2425E-05
4.74	1.26707E-05
4.76	1.29196E-05
4.78	1.31714E-05
4.8	1.34255E-05
4.82	1.36814E-05
4.84	1.39392E-05
4.86	1.41997E-05
4.88	1.44632E-05
4.9	1.47304E-05
4.92	1.50014E-05
4.94	1.52765E-05
4.96	1.55556E-05
4.98	1.58388E-05
5	1.6126E-05
5.02	1.6417E-05
5.04	1.6711E-05
5.06	1.70072E-05
5.08	1.73058E-05
5.1	1.76074E-05
5.12	1.79125E-05
5.14	1.82212E-05
5.16	1.85336E-05
5.18	1.88498E-05
5.2	1.91696E-05
5.22	1.94927E-05
5.24	1.9819E-05
5.26	2.01479E-05
5.28	2.04792E-05
5.3	2.08126E-05
5.32	2.11481E-05
5.34	2.14855E-05
5.36	2.18249E-05
5.38	2.2166E-05
5.4	2.25087E-05
5.42	2.28531E-05
5.44	2.31991E-05
5.46	2.35467E-05
5.48	2.38959E-05
5.5	2.42463E-05
5.52	2.45981E-05
5.54	2.49516E-05
5.56	2.53067E-05
5.58	2.56635E-05
5.6	2.60219E-05
5.62	2.6382E-05
5.64	2.67437E-05
5.66	2.71074E-05
5.68	2.74732E-05
5.7	2.78413E-05
5.72	2.82117E-05
5.74	2.85842E-05
5.76	2.89583E-05
5.78	2.93335E-05
5.8	2.97097E-05
5.82	3.0087E-05
5.84	3.04654E-05
5.86	3.0845E-05
5.88	3.12258E-05
5.9	3.16083E-05
5.92	3.19929E-05
5.94	3.238E-05
5.96	3.27695E-05
5.98	3.31614E-05
6	3.35552E-05
6.02	3.39504E-05
6.04	3.43472E-05
6.06	3.47455E-05
6.08	3.51457E-05
6.1	3.55477E-05
6.12	3.59517E-05
6.14	3.63581E-05
6.16	3.67671E-05
6.18	3.71788E-05
6.2	3.7593E-05
6.22	3.80097E-05
6.24	3.84289E-05
6.26	3.88506E-05
6.28	3.92746E-05
6.3	3.97008E-05
6.32	4.01291E-05
6.34	4.05594E-05
6.36	4.09917E-05
6.38	4.14257E-05
6.4	4.18616E-05
6.42	4.22989E-05
6.44	4.27375E-05
6.46	4.31772E-05
6.48	4.36179E-05
6.5	4.40596E-05
6.52	4.45022E-05
6.54	4.49454E-05
6.56	4.5389E-05
6.58	4.58329E-05
6.6	4.6277E-05
6.62	4.67213E-05
6.64	4.71661E-05
6.66	4.76116E-05
6.68	4.80578E-05
6.7	4.85046E-05
6.72	4.89518E-05
6.74	4.93991E-05
6.76	4.98463E-05
6.78	5.02931E-05
6.8	5.07391E-05
6.82	5.11839E-05
6.84	5.16275E-05
6.86	5.207E-05
6.88	5.25115E-05
6.9	5.29522E-05
6.92	5.33922E-05
6.94	5.38313E-05
6.96	5.42693E-05
6.98	5.47059E-05
7	5.51409E-05
7.02	5.55742E-05
7.04	5.60055E-05
7.06	5.64346E-05
7.08	5.68617E-05
7.1	5.72866E-05
7.12	5.77096E-05
7.14	5.81304E-05
7.16	5.85493E-05
7.18	5.89661E-05
7.2	5.9381E-05
7.22	5.97938E-05
7.24	6.02047E-05
7.26	6.06135E-05
7.28	6.10202E-05
7.3	6.14248E-05
7.32	6.18274E-05
7.34	6.22279E-05
7.36	6.26263E-05
7.38	6.30224E-05
7.4	6.34161E-05
7.42	6.38075E-05
7.44	6.41963E-05
7.46	6.45826E-05
7.48	6.49661E-05
7.5	6.53467E-05
7.52	6.5724E-05
7.54	6.60977E-05
7.56	6.64677E-05
7.58	6.68337E-05
7.6	6.71958E-05
7.62	6.7554E-05
7.64	6.79084E-05
7.66	6.82589E-05
7.68	6.86055E-05
7.7	6.89482E-05
7.72	6.92868E-05
7.74	6.96211E-05
7.76	6.99507E-05
7.78	7.02751E-05
7.8	7.05941E-05
7.82	7.09076E-05
7.84	7.12155E-05
7.86	7.15177E-05
7.88	7.18141E-05
7.9	7.21047E-05
7.92	7.23892E-05
7.94	7.26676E-05
7.96	7.29395E-05
7.98	7.32046E-05
8	7.34626E-05
8.02	7.37133E-05
8.04	7.39563E-05
8.06	7.41915E-05
8.08	7.44185E-05
8.1	7.46371E-05
8.12	7.48471E-05
8.14	7.50483E-05
8.16	7.52406E-05
8.18	7.54237E-05
8.2	7.55973E-05
8.22	7.57613E-05
8.24	7.59154E-05
8.26	7.60596E-05
8.28	7.61938E-05
8.3	7.63177E-05
8.32	7.64312E-05
8.34	7.65342E-05
8.36	7.66264E-05
8.38	7.67079E-05
8.4	7.67786E-05
8.42	7.68383E-05
8.44	7.6887E-05
8.46	7.69245E-05
8.48	7.69505E-05
8.5	7.69646E-05
8.52	7.69665E-05
8.54	7.6956E-05
8.56	7.69328E-05
8.58	7.68967E-05
8.6	7.68474E-05
8.62	7.67849E-05
8.64	7.67092E-05
8.66	7.66202E-05
8.68	7.65179E-05
8.7	7.64019E-05
8.72	7.62721E-05
8.74	7.61282E-05
8.76	7.59697E-05
8.78	7.57965E-05
8.8	7.56083E-05
8.82	7.54049E-05
8.84	7.51861E-05
8.86	7.49518E-05
8.88	7.47018E-05
8.9	7.4436E-05
8.92	7.41542E-05
8.94	7.38561E-05
8.96	7.35415E-05
8.98	7.32102E-05
9	7.28617E-05
9.02	7.2496E-05
9.04	7.21125E-05
9.06	7.17111E-05
9.08	7.12914E-05
9.1	7.08531E-05
9.12	7.0396E-05
9.14	6.99196E-05
9.16	6.94237E-05
9.18	6.89077E-05
9.2	6.83715E-05
9.22	6.78147E-05
9.24	6.72369E-05
9.26	6.66379E-05
9.28	6.60171E-05
9.3	6.53742E-05
9.32	6.4709E-05
9.34	6.40211E-05
9.36	6.33104E-05
9.38	6.25765E-05
9.4	6.18194E-05
9.42	6.10387E-05
9.44	6.02342E-05
9.46	5.94056E-05
9.48	5.85525E-05
9.5	5.76746E-05
9.52	5.67714E-05
9.54	5.58424E-05
9.56	5.48874E-05
9.58	5.3906E-05
9.6	5.28979E-05
9.62	5.1863E-05
9.64	5.0801E-05
9.66	4.97117E-05
9.68	4.85947E-05
9.7	4.74497E-05
9.72	4.62765E-05
9.74	4.50746E-05
9.76	4.38437E-05
9.78	4.25833E-05
9.8	4.12933E-05
9.82	3.99733E-05
9.84	3.8623E-05
9.86	3.72422E-05
9.88	3.58306E-05
9.9	3.43879E-05
9.92	3.29139E-05
9.94	3.14083E-05
9.96	2.98708E-05
9.98	2.83012E-05
10	2.66991E-05
10.02	2.50644E-05
10.04	2.33967E-05
10.06	2.16957E-05
10.08	1.99613E-05
10.1	1.81929E-05
10.12	1.63904E-05
10.14	1.45535E-05
10.16	1.26817E-05
10.18	1.07749E-05
10.2	8.83267E-06
10.22	6.85461E-06
10.24	4.84032E-06
10.26	2.78938E-06
10.28	7.01366E-07
10.3	-1.42409E-06
10.32	-3.58736E-06
10.34	-5.78878E-06
10.36	-8.02866E-06
10.38	-1.03073E-05
10.4	-1.26249E-05
10.42	-1.49818E-05
10.44	-1.73782E-05
10.46	-1.98146E-05
10.48	-2.22913E-05
10.5	-2.48088E-05
10.52	-2.73676E-05
10.54	-2.99678E-05
10.56	-3.26101E-05
10.58	-3.52946E-05
10.6	-3.80218E-05
10.62	-4.07918E-05
10.64	-4.3605E-05
10.66	-4.64618E-05
10.68	-4.93625E-05
10.7	-5.23073E-05
10.72	-5.52968E-05
10.74	-5.83313E-05
10.76	-6.14111E-05
10.78	-6.45366E-05
10.8	-6.77083E-05
10.82	-7.09263E-05
10.84	-7.41912E-05
10.86	-7.75031E-05
10.88	-8.08624E-05
10.9	-8.42695E-05
10.92	-8.77247E-05
10.94	-9.12282E-05
10.96	-9.47804E-05
10.98	-9.83815E-05
11	-0.000102032
11.02	-0.000105732
11.04	-0.000109481
11.06	-0.000113281
11.08	-0.000117131
11.1	-0.000121031
11.12	-0.000124983
11.14	-0.000128984
11.16	-0.000133038
11.18	-0.000137142
11.2	-0.000141298
11.22	-0.000145506
11.24	-0.000149766
11.26	-0.000154078
11.28	-0.000158443
11.3	-0.000162861
11.32	-0.000167333
11.34	-0.000171857
11.36	-0.000176436
11.38	-0.000181068
11.4	-0.000185754
11.42	-0.000190495
11.44	-0.00019529
11.46	-0.000200139
11.48	-0.000205043
11.5	-0.000210002
11.52	-0.000215016
11.54	-0.000220086
11.56	-0.000225212
11.58	-0.000230393
11.6	-0.000235631
11.62	-0.000240924
11.64	-0.000246274
11.66	-0.00025168
11.68	-0.000257143
11.7	-0.000262662
11.72	-0.000268239
11.74	-0.000273872
11.76	-0.000279562
11.78	-0.00028531
11.8	-0.000291115
11.82	-0.000296978
11.84	-0.000302899
11.86	-0.000308877
11.88	-0.000314914
11.9	-0.000321008
11.92	-0.000327161
11.94	-0.000333372
11.96	-0.000339641
11.98	-0.000345969
12	-0.000352356
12.02	-0.000358801
12.04	-0.000365305
12.06	-0.000371867
12.08	-0.000378489
12.1	-0.000385169
12.12	-0.000391908
12.14	-0.000398705
12.16	-0.000405561
12.18	-0.000412475
12.2	-0.000419448
12.22	-0.000426479
12.24	-0.000433568
12.26	-0.000440716
12.28	-0.000447921
12.3	-0.000455185
12.32	-0.000462507
12.34	-0.000469886
12.36	-0.000477324
12.38	-0.000484818
12.4	-0.00049237
12.42	-0.000499979
12.44	-0.000507644
12.46	-0.000515366
12.48	-0.000523145
12.5	-0.00053098
12.52	-0.00053887
12.54	-0.000546817
12.56	-0.000554819
12.58	-0.000562876
12.6	-0.000570987
12.62	-0.000579153
12.64	-0.000587373
12.66	-0.000595647
12.68	-0.000603975
12.7	-0.000612355
12.72	-0.000620787
12.74	-0.000629272
12.76	-0.000637809
12.78	-0.000646396
12.8	-0.000655035
12.82	-0.000663723
12.84	-0.000672462
12.86	-0.000681249
12.88	-0.000690086
12.9	-0.00069897
12.92	-0.000707902
12.94	-0.000716882
12.96	-0.000725907
12.98	-0.000734979
13	-0.000744097
13.02	-0.000753259
13.04	-0.000762465
13.06	-0.000771715
13.08	-0.000781008
13.1	-0.000790343
13.12	-0.000799719
13.14	-0.000809136
13.16	-0.000818593
13.18	-0.000828089
13.2	-0.000837624
13.22	-0.000847196
13.24	-0.000856804
13.26	-0.000866449
13.28	-0.000876128
13.3	-0.000885842
13.32	-0.000895589
13.34	-0.000905368
13.36	-0.000915178
13.38	-0.000925018
13.4	-0.000934888
13.42	-0.000944785
13.44	-0.00095471
13.46	-0.000964661
13.48	-0.000974636
13.5	-0.000984636
13.52	-0.000994657
13.54	-0.001004701
13.56	-0.001014764
13.58	-0.001024847
13.6	-0.001034947
13.62	-0.001045063
13.64	-0.001055195
13.66	-0.00106534
13.68	-0.001075498
13.7	-0.001085667
13.72	-0.001095845
13.74	-0.001106031
13.76	-0.001116224
13.78	-0.001126422
13.8	-0.001136623
13.82	-0.001146826
13.84	-0.001157029
13.86	-0.001167231
13.88	-0.00117743
13.9	-0.001187624
13.92	-0.001197811
13.94	-0.00120799
13.96	-0.001218159
13.98	-0.001228316
14	-0.001238459
14.02	-0.001248587
14.04	-0.001258697
14.06	-0.001268788
14.08	-0.001278858
14.1	-0.001288904
14.12	-0.001298925
14.14	-0.001308918
14.16	-0.001318882
14.18	-0.001328814
14.2	-0.001338712
14.22	-0.001348575
14.24	-0.001358399
14.26	-0.001368183
14.28	-0.001377924
14.3	-0.00138762
14.32	-0.001397269
14.34	-0.001406868
14.36	-0.001416415
14.38	-0.001425908
14.4	-0.001435343
14.42	-0.001444719
14.44	-0.001454032
14.46	-0.001463281
14.48	-0.001472463
14.5	-0.001481574
14.52	-0.001490613
14.54	-0.001499576
14.56	-0.001508462
14.58	-0.001517266
14.6	-0.001525986
14.62	-0.00153462
14.64	-0.001543164
14.66	-0.001551615
14.68	-0.001559971
14.7	-0.001568228
14.72	-0.001576384
14.74	-0.001584434
14.76	-0.001592377
14.78	-0.001600209
14.8	-0.001607927
14.82	-0.001615527
14.84	-0.001623006
14.86	-0.00163036
14.88	-0.001637587
14.9	-0.001644683
14.92	-0.001651644
14.94	-0.001658467
14.96	-0.001665148
14.98	-0.001671683
15	-0.001678912
15.02	-0.001687334
15.04	-0.001688869
15.06	-0.001701604
15.08	-0.001701512
15.1	-0.001704846
15.12	-0.001710742
15.14	-0.001716341
15.16	-0.001718154
15.18	-0.001721353
15.2	-0.001703218
15.22	-0.00164652
15.24	-0.001561142
15.26	-0.001563213
15.28	-0.001584755
15.3	-0.001878796
15.32	-0.002486898
15.34	-0.001725085
15.36	-0.001814164
15.38	-0.001408348
15.4	-0.00194728
15.42	-0.000557558
15.44	-0.001771606
15.46	-0.0001904
15.48	-0.0005648
15.5	0.005655293
15.52	0.010960817
15.54	0.013169103
15.56	0.017375151
15.58	0.018509768
15.6	-0.004621166
15.62	-0.018706337
15.64	-0.022936768
15.66	-0.027773022
15.68	-0.01883799
15.7	0.037734448
15.72	-0.008425852
15.74	-0.024446627
15.76	-0.017029051
15.78	-0.011661843
15.8	-0.009352276
15.82	0.05481562
15.84	0.036721759
15.86	0.043756123
15.88	0.048369706
15.9	0.03562769
15.92	0.025553011
15.94	0.029429174
15.96	0.023229351
15.98	0.031699453
16	-0.058272329
16.02	-0.064504163
16.04	-0.026897868
16.06	-0.023975668
16.08	-0.020752703
16.1	-0.031097119
16.12	-0.052176207
16.14	-0.055019212
16.16	-0.057778626
16.18	-0.061486315
16.2	-0.059479475
16.22	-0.046381245
16.24	-0.040386234
16.26	-0.040452225
16.28	-0.040491043
16.3	-0.039654781
16.32	-0.043965667
16.34	-0.036419824
16.36	0.011461459
16.38	0.007643545
16.4	0.020646758
16.42	0.034288653
16.44	0.044283235
16.46	0.055939525
16.48	0.058391086
16.5	0.077528765
16.52	0.067661252
16.54	0.07726381
16.56	0.069088081
16.58	0.081938053
16.6	0.083626271
16.62	0.091788617
16.64	0.086204313
16.66	0.058903406
16.68	0.058843132
16.7	0.070974883
16.72	0.069321752
16.74	0.074736979
16.76	0.081348618
16.78	0.090433653
16.8	0.09994728
16.82	0.111314697
16.84	0.120417336
16.86	0.121627068
16.88	0.097290545
16.9	0.050518954
16.92	0.042653626
16.94	0.016242886
16.96	0.001863446
16.98	-0.020746907
17	0.036960837
17.02	0.123117325
17.04	0.090287141
17.06	0.130346511
17.08	0.111153554
17.1	0.081903017
17.12	0.057315467
17.14	0.065497052
17.16	0.071187636
17.18	0.084872534
17.2	0.06313192
17.22	0.015452905
17.24	0.030550879
17.26	0.020238704
17.28	0.00235427
17.3	-0.038188234
17.32	-0.061085747
17.34	-0.075325859
17.36	-0.101190205
17.38	-0.097961403
17.4	-0.113368161
17.42	-0.120169558
17.44	-0.1198116
17.46	-0.133721468
17.48	-0.159295854
17.5	-0.165162855
17.52	-0.169849346
17.54	-0.187188833
17.56	-0.182915858
17.58	-0.168362453
17.6	-0.162685389
17.62	-0.15559968
17.64	-0.163863199
17.66	-0.173681432
17.68	-0.173505162
17.7	-0.152565938
17.72	0.145726554
17.74	0.063286199
17.76	0.054767367
17.78	0.086267912
17.8	0.074180478
17.82	0.086415715
17.84	0.107580676
17.86	0.127567846
17.88	0.1368384
17.9	0.230126476
17.92	0.23886463
17.94	0.251848648
17.96	0.278446763
17.98	0.260443849
18	0.215806231
18.02	0.125988406
18.04	0.063708543
18.06	0.098075981
18.08	0.074171514
18.1	0.042381973
18.12	0.005167557
18.14	0.014326999
18.16	-0.076992409
18.18	-0.058311752
18.2	-0.080586772
18.22	-0.121650459
18.24	-0.151766296
18.26	-0.19230234
18.28	-0.229242919
18.3	-0.228503972
18.32	-0.249548054
18.34	-0.26743061
18.36	-0.292850414
18.38	-0.308590081
18.4	-0.322512959
18.42	-0.3045976
18.44	-0.304331662
18.46	-0.344321897
18.48	-0.334261684
18.5	-0.299685054
18.52	-0.23085285
18.54	-0.174278499
18.56	-0.189808745
18.58	-0.192059047
18.6	-0.157362258
18.62	-0.136113391
18.64	-0.164527315
18.66	-0.190596659
18.68	-0.205793697
18.7	-0.194463465
18.72	0.024069023
18.74	0.044012547
18.76	-0.000185148
18.78	0.01804227
18.8	0.014751373
18.82	-0.014514175
18.84	0.029112052
18.86	0.018651176
18.88	0.078180245
18.9	0.110310646
18.92	0.130602784
18.94	0.126083274
18.96	0.140615943
18.98	0.172527798
19	0.176820011
19.02	0.206861625
19.04	0.217730142
19.06	0.24784148
19.08	0.257102235
19.1	0.253538723
19.12	0.241027811
19.14	0.219596807
19.16	0.237821415
19.18	0.22936459
19.2	0.199399419
19.22	0.190959833
19.24	-0.066508106
19.26	0.01512815
19.28	0.009725688
19.3	-0.020155587
19.32	-0.005884082
19.34	-0.026519916
19.36	-0.022452051
19.38	-0.045354903
19.4	-0.064374363
19.42	-0.155203227
19.44	-0.157874554
19.46	-0.15455375
19.48	-0.17319203
19.5	0.028843935
19.52	-0.029655279
19.54	-0.018264771
19.56	-0.008618236
19.58	-0.000969933
19.6	0.006809533
19.62	0.028137571
19.64	0.081251096
19.66	0.101795083
19.68	0.129936044
19.7	0.173534922
19.72	0.217255149
19.74	0.172251611
19.76	0.139589726
19.78	0.160145673
19.8	0.153886039
19.82	0.124742015
19.84	0.128981006
19.86	0.164177052
19.88	0.18225528
19.9	0.178481358
19.92	0.178998792
19.94	0.182444811
19.96	0.185508271
19.98	0.190518
20	0.185109518
20.02	0.184620278
20.04	0.198437028
20.06	0.178585085
20.08	0.19810296
20.1	0.246383962
20.12	0.268946384
20.14	0.173687311
20.16	0.114485184
20.18	-0.000381813
20.2	-0.02625225
20.22	-0.030613656
20.24	-0.033734742
20.26	-0.077905067
20.28	-0.073725508
20.3	-0.061090439
20.32	-0.1041133
20.34	-0.161956494
20.36	-0.14651074
20.38	-0.163775094
20.4	-0.145909997
20.42	-0.117495629
20.44	-0.08713801
20.46	-0.03583267
20.48	-0.049975143
20.5	-0.028635622
20.52	-0.040988529
20.54	-0.053427821
20.56	-0.061009091
20.58	-0.056596994
20.6	-0.07401197
20.62	-0.041057302
20.64	-0.023314899
20.66	-0.043233346
20.68	-0.056101614
20.7	-0.054177407
20.72	-0.088007137
20.74	-0.056055837
20.76	-0.010972622
20.78	-0.016541773
20.8	-0.039189653
20.82	-0.036621501
20.84	-0.073817496
20.86	-0.099634325
20.88	-0.104813601
20.9	-0.166808898
20.92	-0.189492053
20.94	-0.210191651
20.96	-0.214887899
20.98	-0.204208494
21	-0.19849767
21.02	-0.194156319
21.04	-0.204422164
21.06	-0.218404084
21.08	-0.221036986
21.1	-0.219570977
21.12	-0.221882541
21.14	-0.19981377
21.16	-0.211712315
21.18	-0.219758275
21.2	-0.177824077
21.22	0.108951362
21.24	0.026745089
21.26	-0.013404924
21.28	0.007015683
21.3	0.013522312
21.32	0.024809332
21.34	0.03620145
21.36	0.057417372
21.38	0.105604258
21.4	0.144902388
21.42	0.167294652
21.44	0.157266385
21.46	0.188771232
21.48	0.206959394
21.5	0.220585892
21.52	0.240866276
21.54	0.254368306
21.56	0.26661057
21.58	0.261480526
21.6	0.243454729
21.62	0.222980842
21.64	0.230555585
21.66	0.233843036
21.68	0.020067425
21.7	0.002608431
21.72	0.018300828
21.74	0.019939285
21.76	0.007729697
21.78	-0.003239751
21.8	-0.014661056
21.82	-0.027851253
21.84	-0.082596044
21.86	-0.139507556
21.88	-0.134733973
21.9	-0.166983792
21.92	-0.183981211
21.94	-0.137695624
21.96	-0.053959768
21.98	-0.03273412
22	-0.031767397
22.02	-0.04168503
22.04	-0.044996573
22.06	-0.095485902
22.08	-0.061455212
22.1	-0.029133046
22.12	-0.04569553
22.14	-0.025008285
22.16	-0.035428475
22.18	-0.051940115
22.2	-0.04128056
22.22	-0.01645132
22.24	-0.0577368
22.26	-0.076569562
22.28	-0.109494284
22.3	-0.115078327
22.32	-0.124778594
22.34	-0.111229484
22.36	-0.086906133
22.38	-0.095038705
22.4	-0.009916959
22.42	-0.016327655
22.44	-0.000234227
22.46	0.002890051
22.48	0.00747143
22.5	0.026842772
22.52	0.03522437
22.54	0.058295846
22.56	0.092182895
22.58	0.118065832
22.6	0.099479278
22.62	0.005550946
22.64	0.002355491
22.66	0.011262436
22.68	0.018140685
22.7	0.041384888
22.72	0.064715662
22.74	0.027096378
22.76	-0.008505971
22.78	-0.024998729
22.8	-0.018271032
22.82	0.021206324
22.84	0.054598076
22.86	0.057984315
22.88	0.069202812
22.9	0.086124678
22.92	0.065611847
22.94	0.060150549
22.96	0.08123289
22.98	0.105104536
23	0.140785832
23.02	0.134896602
23.04	0.11915693
23.06	0.119024375
23.08	0.125905915
23.1	0.151503981
23.12	0.173091736
23.14	0.140180803
23.16	0.122070649
23.18	0.119669479
23.2	0.083970178
23.22	0.055980426
23.24	0.082936516
23.26	0.109852832
23.28	0.091984631
23.3	0.116244071
23.32	0.124266838
23.34	0.129126316
23.36	0.122351512
23.38	0.090392639
23.4	0.109326714
23.42	0.094755081
23.44	0.101217731
23.46	0.093120118
23.48	0.102401316
23.5	0.085921579
23.52	0.082909958
23.54	0.094719495
23.56	0.098111803
23.58	0.091831714
23.6	0.022305892
23.62	0.026879717
23.64	0.029783434
23.66	-0.013915545
23.68	-0.009190855
23.7	-0.013540754
23.72	-0.047581678
23.74	-0.034222898
23.76	-0.106192937
23.78	-0.090409702
23.8	-0.129893885
23.82	-0.129953982
23.84	-0.149446681
23.86	-0.14886127
23.88	-0.155302164
23.9	-0.146591714
23.92	-0.165674555
23.94	-0.153308747
23.96	-0.173230205
23.98	-0.18042626
24	-0.196549304
24.02	-0.219807599
24.04	-0.227489755
24.06	-0.236953315
24.08	-0.250402131
24.1	-0.253065712
24.12	-0.248382774
24.14	-0.252044792
24.16	-0.249330886
24.18	-0.074528422
24.2	-0.108331556
24.22	-0.051659342
24.24	-0.036672247
24.26	-0.081647191
24.28	-0.06548773
24.3	-0.068180897
24.32	-0.070124394
24.34	-0.071020148
24.36	-0.006499291
24.38	0.029079464
24.4	0.011247649
24.42	0.063181858
24.44	0.061391884
24.46	0.069657225
24.48	0.063926802
24.5	0.067082194
24.52	0.052189074
24.54	0.053222745
24.56	0.068456169
24.58	0.074468594
24.6	0.070440984
24.62	0.07303094
24.64	-0.040718269
24.66	-0.005411571
24.68	-0.05529792
24.7	-0.040073586
24.72	-0.054236958
24.74	-0.060606013
24.76	-0.073374197
24.78	-0.073421986
24.8	-0.103896509
24.82	-0.120050017
24.84	-0.030794215
24.86	-0.009588789
24.88	-0.006583484
24.9	-0.026555041
24.92	-0.013677847
24.94	-0.004863159
24.96	0.026097933
24.98	0.021895026
25	-0.076283839
25.02	-0.095215638
25.04	-0.027762032
25.06	-0.012953656
25.08	0.022440375
25.1	0.048078543
25.12	0.074819204
25.14	0.006060341
25.16	0.028962963
25.18	-0.029641777
25.2	0.057678912
25.22	0.036307558
25.24	0.080125675
25.26	0.066583901
25.28	0.040562225
25.3	0.037177722
25.32	0.036446807
25.34	-0.005113154
25.36	-0.005799408
25.38	0.013992788
25.4	0.024718496
25.42	0.024918406
25.44	0.033072251
25.46	0.032091109
25.48	0.026453898
25.5	0.019131284
25.52	0.019985892
25.54	0.031440654
25.56	0.045250339
25.58	0.038227993
25.6	0.067165648
25.62	0.067333938
25.64	0.061010526
25.66	0.089505181
25.68	0.095831349
25.7	0.104600937
25.72	0.146024579
25.74	0.17472116
25.76	0.188935588
25.78	0.189069814
25.8	0.148558051
25.82	0.128601209
25.84	0.110864566
25.86	0.077317294
25.88	0.051520813
25.9	0.054139579
25.92	0.065208171
25.94	0.079199549
25.96	0.104345352
25.98	0.110569684
26	0.123801641
26.02	0.113125869
26.04	0.06473892
26.06	0.072235875
26.08	0.080703635
26.1	0.057491239
26.12	0.018213766
26.14	-0.003263868
26.16	0.009591177
26.18	-0.00350064
26.2	-0.021207867
26.22	-0.009567007
26.24	-0.034931687
26.26	-0.061700959
26.28	-0.055100319
26.3	-0.096965615
26.32	-0.101621572
26.34	-0.117566255
26.36	-0.136312106
26.38	-0.150113817
26.4	-0.154660521
26.42	-0.167538231
26.44	-0.17162616
26.46	-0.15684991
26.48	-0.155464297
26.5	-0.173204406
26.52	-0.168768394
26.54	-0.174310034
26.56	-0.19356292
26.58	-0.202291243
26.6	-0.211142246
26.62	-0.217631085
26.64	-0.228851903
26.66	-0.227376968
26.68	-0.032223856
26.7	-0.060316376
26.72	-0.040764431
26.74	-0.035900098
26.76	-0.046790427
26.78	-0.041453059
26.8	-0.034767267
26.82	-0.032753805
26.84	0.012346048
26.86	0.077233577
26.88	0.109739765
26.9	0.099622828
26.92	0.145754101
26.94	0.16375562
26.96	0.157196038
26.98	0.18883657
27	0.187482268
27.02	0.200824562
27.04	0.067054336
27.06	0.080963988
27.08	0.024494643
27.1	0.005534332
27.12	0.027640218
27.14	-0.004721567
27.16	0.004262244
27.18	-0.033375562
27.2	-0.080829233
27.22	-0.096403766
27.24	-0.114341598
27.26	-0.144048984
27.28	-0.158738573
27.3	-0.111598764
27.32	-0.009896573
27.34	0.005075195
27.36	0.008430771
27.38	0.003494172
27.4	0.022296065
27.42	0.026805354
27.44	0.020117208
27.46	0.031257793
27.48	0.086414262
27.5	0.10406212
27.52	0.118904562
27.54	0.170379982
27.56	0.160048193
27.58	0.165124983
27.6	0.170058914
27.62	0.163931464
27.64	0.1598642
27.66	0.147167963
27.68	0.179370963
27.7	0.243426884
27.72	0.248514292
27.74	-0.028942339
27.76	0.040611804
27.78	0.000373402
27.8	-0.015320156
27.82	-0.035171095
27.84	-0.026092075
27.86	-0.071350089
27.88	-0.058810616
27.9	-0.081050189
27.92	-0.125468786
27.94	-0.201609222
27.96	-0.210069232
27.98	-0.212294882
28	-0.256366983
28.02	-0.262403597
28.04	-0.265320538
28.06	-0.293876619
28.08	-0.300011872
28.1	-0.296561996
28.12	-0.307680499
28.14	-0.304194684
28.16	-0.28462935
28.18	-0.040937635
28.2	-0.06635577
28.22	-0.107160744
28.24	-0.037196254
28.26	-0.055985858
28.28	-0.041410483
28.3	-0.031965637
28.32	-0.024933207
28.34	0.002704487
28.36	0.078857175
28.38	0.093040396
28.4	0.096918849
28.42	0.133040539
28.44	0.13078727
28.46	0.148215998
28.48	0.150390576
28.5	0.144649275
28.52	0.11435326
28.54	0.13028399
28.56	0.119012059
28.58	0.120386305
28.6	0.116795554
28.62	0.104771948
28.64	0.036785372
28.66	0.065211808
28.68	0.079199308
28.7	0.084152938
28.72	0.082833245
28.74	0.047175849
28.76	0.070782424
28.78	0.087883389
28.8	0.073368241
28.82	0.131860774
28.84	0.082590397
28.86	0.048445121
28.88	0.078208187
28.9	0.07509422
28.92	0.067503428
28.94	0.085794991
28.96	0.10417924
28.98	0.108478677
29	0.128442668
29.02	0.052044746
29.04	0.063466811
29.06	0.039490962
29.08	0.02063547
29.1	0.026865716
29.12	0.002927243
29.14	-0.003796389
29.16	-0.003345883
29.18	-0.033493737
29.2	-0.067014768
29.22	-0.059572599
29.24	-0.067597413
29.26	-0.07486762
29.28	-0.091372319
29.3	-0.097397791
29.32	-0.110549633
29.34	-0.112310779
29.36	-0.111220687
29.38	-0.113484756
29.4	-0.108649818
29.42	-0.104787119
29.44	-0.107635388
29.46	-0.108737046
29.48	-0.067355504
29.5	-0.035936994
29.52	-0.027154233
29.54	-0.03153988
29.56	-0.049952516
29.58	-0.054275061
29.6	-0.027683972
29.62	0.024426125
29.64	0.053586484
29.66	0.041756152
29.68	0.058789451
29.7	0.067260006
29.72	0.065318646
29.74	0.094715057
29.76	0.096694548
29.78	0.097100989
29.8	0.08756899
29.82	0.107517802
29.84	0.086263562
29.86	0.108030566
29.88	0.135841234
29.9	0.12496182
29.92	0.149392334
29.94	0.166535393
29.96	0.157664339
29.98	0.136416205
30	0.101319706
30.02	0.134320269
30.04	0.10367322
30.06	0.131568582
30.08	0.164810107
30.1	0.152273016
30.12	0.136181629
30.14	0.034252682
30.16	0.001464747
30.18	0.009629588
30.2	-0.041225716
30.22	-0.028166769
30.24	-0.033096731
30.26	-0.041631888
30.28	-0.048114304
30.3	-0.10033636
30.32	-0.123150417
30.34	-0.123045073
30.36	-0.128426634
30.38	-0.155272934
30.4	-0.149399254
30.42	-0.171566849
30.44	-0.191516545
30.46	-0.186705375
30.48	-0.179567873
30.5	-0.178691024
30.52	0.053701029
30.54	0.041341297
30.56	-0.008914186
30.58	0.003031085
30.6	0.005175632
30.62	-0.01163003
30.64	-0.025597873
30.66	-0.026605167
30.68	0.042074526
30.7	0.05813031
30.72	0.069378056
30.74	0.089294406
30.76	-0.016424447
30.78	-0.007389623
30.8	-0.015036256
30.82	-0.01855273
30.84	0.008411399
30.86	-0.013244966
30.88	-0.028258779
30.9	-0.052673573
30.92	-0.070334968
30.94	-0.090354562
30.96	-0.090488864
30.98	-0.095347195
31	-0.11014414
31.02	-0.111891826
31.04	-0.109925955
31.06	0.047449223
31.08	0.03128867
31.1	-0.001282395
31.12	0.012360799
31.14	0.053267283
31.16	0.029322323
31.18	0.051665673
31.2	0.071393797
31.22	0.120707789
31.24	0.152018216
31.26	0.148254807
31.28	0.185383546
31.3	0.192590963
31.32	0.206814611
31.34	0.208578913
31.36	0.207327315
31.38	0.205165188
31.4	0.17937157
31.42	0.197999743
31.44	0.210622236
31.46	0.185316765
31.48	0.19266565
31.5	-0.070707206
31.52	0.047465248
31.54	0.010237312
31.56	-0.008658365
31.58	-0.006198711
31.6	-0.055418569
31.62	-0.050075317
31.64	-0.076217739
31.66	-0.132726483
31.68	-0.176248423
31.7	-0.16665388
31.72	-0.213343286
31.74	-0.221379341
31.76	-0.239320546
31.78	-0.26384439
31.8	-0.264910692
31.82	-0.283258019
31.84	-0.296515162
31.86	-0.292027424
31.88	-0.284243882
31.9	-0.27182839
31.92	-0.279724587
31.94	-0.265132947
31.96	-0.006035891
31.98	-0.03258615
32	-0.037232248
32.02	-0.038237556
32.04	-0.018790217
32.06	-0.018037022
32.08	0.002378621
32.1	0.007824173
32.12	0.054808121
32.14	0.128375175
32.16	0.140709759
32.18	0.145798252
32.2	0.182402951
32.22	0.181696276
32.24	0.205368367
32.26	0.212397798
32.28	0.220629807
32.3	0.228581642
32.32	0.083084454
32.34	0.108759268
32.36	0.028291081
32.38	0.011083229
32.4	0.015442892
32.42	0.000512297
32.44	-0.004688047
32.46	-0.009235091
32.48	-0.032793719
32.5	0.025302044
32.52	-0.024382052
32.54	-0.01348743
32.56	-0.023053187
32.58	0.007420042
32.6	0.022362995
32.62	0.029385675
32.64	0.051346326
32.66	0.089295824
32.68	0.08606508
32.7	0.071736902
32.72	0.109898257
32.74	0.145574782
32.76	0.119938283
32.78	0.090808098
32.8	0.119344113
32.82	0.115705862
32.84	0.04964673
32.86	0.002016073
32.88	0.004176625
32.9	0.010192369
32.92	-0.012056901
32.94	-0.006894634
32.96	-0.023724442
32.98	-0.078440118
33	-0.102996581
33.02	-0.093560933
33.04	-0.133327652
33.06	-0.11970242
33.08	-0.142678895
33.1	-0.15630758
33.12	-0.169330383
33.14	-0.180940195
33.16	-0.192800626
33.18	-0.192132287
33.2	-0.198336154
33.22	-0.208419941
33.24	-0.197275981
33.26	-0.187082022
33.28	-0.121141893
33.3	-0.037213044
33.32	-0.02383107
33.34	0.023769798
33.36	-0.008915063
33.38	0.020801889
33.4	0.008551178
33.42	0.029672718
33.44	0.039542897
33.46	0.115338057
33.48	0.121912626
33.5	0.114704235
33.52	0.137904414
33.54	0.129901113
33.56	0.139449392
33.58	0.153602223
33.6	0.16220239
33.62	0.180440202
33.64	0.18138003
33.66	0.179329088
33.68	0.167544633
33.7	0.151079088
33.72	0.144110992
33.74	0.132930585
33.76	0.144041684
33.78	0.136345319
33.8	-0.00903152
33.82	-0.010033128
33.84	0.027318184
33.86	0.006136909
33.88	0.005680359
33.9	-0.020485791
33.92	-0.016172633
33.94	-0.040459029
33.96	-0.066400597
33.98	-0.109774791
34	-0.087249342
34.02	-0.122401906
34.04	-0.12213927
34.06	-0.135532773
34.08	-0.131404389
34.1	-0.012923238
34.12	-0.05218568
34.14	-0.018327783
34.16	-0.006003642
34.18	-0.018733391
34.2	-0.059458077
34.22	-0.043947436
34.24	0.011020097
34.26	0.012396258
34.28	0.026371561
34.3	-0.006939062
34.32	-0.025598193
34.34	-0.038825602
34.36	-0.036649558
34.38	-0.043749925
34.4	-0.056569325
34.42	-0.074691065
34.44	-0.091816243
34.46	-0.077373373
34.48	-0.070665725
34.5	-0.07544757
34.52	-0.076588532
34.54	-0.098306498
34.56	-0.133134548
34.58	-0.135832493
34.6	-0.11335346
34.62	-0.105986018
34.64	-0.072059174
34.66	-0.002740377
34.68	-0.008577864
34.7	0.007237642
34.72	0.008770776
34.74	0.002504257
34.76	0.012967059
34.78	0.046452433
34.8	0.091644506
34.82	0.080280532
34.84	0.090687245
34.86	0.09342663
34.88	0.089900032
34.9	0.084474692
34.92	0.087776787
34.94	0.108422809
34.96	0.084151118
34.98	0.047740194
35	0.055973289
35.02	0.061796138
35.04	0.081601607
35.06	0.079374482
35.08	0.080332857
35.1	0.080157982
35.12	0.061317382
35.14	0.041251737
35.16	0.080265264
35.18	0.089101847
35.2	0.099099432
35.22	0.1207402
35.24	-0.066554781
35.26	-0.024888961
35.28	-0.028419266
35.3	-0.045019031
35.32	-0.041428018
35.34	-0.037110449
35.36	-0.026429411
35.38	-0.04560137
35.4	-0.081589314
35.42	-0.126496144
35.44	-0.10620424
35.46	-0.116580841
35.48	-0.123454415
35.5	-0.127248734
35.52	-0.142747037
35.54	-0.143769658
35.56	-0.15134648
35.58	-0.175241254
35.6	-0.179016607
35.62	-0.147563898
35.64	-0.146292307
35.66	-0.123451131
35.68	-0.055621719
35.7	-0.02354223
35.72	0.032672424
35.74	2.35243E-05
35.76	0.009097112
35.78	0.012678398
35.8	0.007010751
35.82	0.026796988
35.84	0.007843133
35.86	0.023065681
35.88	0.045991328
35.9	0.068631675
35.92	0.082812125
35.94	0.072313392
35.96	0.061391699
35.98	0.02840268
36	0.04441685
36.02	0.055297403
36.04	0.060159237
36.06	0.056942753
36.08	0.04487408
36.1	-0.001666925
36.12	0.00768628
36.14	0.003502778
36.16	0.012274731
36.18	0.057290121
36.2	0.050841052
36.22	0.033922583
36.24	0.023460974
36.26	0.046090634
36.28	0.030739238
36.3	0.01320622
36.32	0.043491692
36.34	0.05292106
36.36	0.065412624
36.38	0.06603256
36.4	0.104866494
36.42	0.131930075
36.44	0.114196845
36.46	0.100183999
36.48	0.11402881
36.5	0.100736769
36.52	0.08961333
36.54	0.092100914
36.56	0.079439291
36.58	0.071900234
36.6	0.080417871
36.62	0.126394266
36.64	0.118609667
36.66	0.114604568
36.68	0.114649171
36.7	0.099004132
36.72	0.013168657
36.74	-0.001595033
36.76	0.004428047
36.78	-0.014180318
36.8	-0.00316282
36.82	-0.015290261
36.84	-0.0256607
36.86	-0.051730183
36.88	-0.065760428
36.9	-0.058124597
36.92	-0.088491368
36.94	-0.089476009
36.96	-0.115655056
36.98	-0.128937317
37	-0.148197327
37.02	-0.150665428
37.04	-0.140410655
37.06	-0.149750856
37.08	-0.154927319
37.1	-0.151272695
37.12	-0.171885495
37.14	-0.169691911
37.16	-0.176192668
37.18	-0.159684541
37.2	0.026602647
37.22	0.014527069
37.24	-0.026229317
37.26	-0.00500045
37.28	-0.014923237
37.3	-0.017702758
37.32	-3.33198E-05
37.34	-0.002110672
37.36	0.075009604
37.38	0.093697327
37.4	0.03715976
37.42	0.028949691
37.44	0.04010149
37.46	0.053985037
37.48	0.078542166
37.5	0.106984799
37.52	0.090966866
37.54	0.042720251
37.56	-0.030312424
37.58	0.016680503
37.6	0.014556141
37.62	0.016266459
37.64	0.018914782
37.66	0.015112363
37.68	0.048470793
37.7	0.051085447
37.72	0.04715505
37.74	0.043854431
37.76	0.041023086
37.78	0.025537568
37.8	0.01693916
37.82	0.046426679
37.84	0.03884499
37.86	0.050562621
37.88	0.036487369
37.9	0.053807917
37.92	0.053768721
37.94	0.054594174
37.96	0.070833971
37.98	-0.044319059
38	-0.025997459
38.02	-0.026676275
38.04	-0.029812255
38.06	-0.05253804
38.08	-0.049166168
38.1	-0.046963903
38.12	-0.075312229
38.14	-0.102500298
38.16	-0.098243131
38.18	-0.108280093
38.2	-0.101646622
38.22	-0.108636627
38.24	-0.111056494
38.26	-0.128856618
38.28	-0.140174223
38.3	-0.143502974
38.32	-0.153779443
38.34	-0.163313958
38.36	-0.164670583
38.38	-0.167209025
38.4	-0.127755249
38.42	-0.131069652
38.44	-0.141717495
38.46	-0.119777776
38.48	-0.102700534
38.5	-0.120416288
38.52	-0.136515159
38.54	-0.057351245
38.56	-0.057658319
38.58	-0.034911143
38.6	-0.01933547
38.62	-0.035284551
38.64	-0.008533262
38.66	0.013351761
38.68	0.062980298
38.7	0.059027603
38.72	0.077628352
38.74	0.098727128
38.76	0.106367826
38.78	0.11923828
38.8	0.126458812
38.82	0.151769481
38.84	0.147505835
38.86	0.15025794
38.88	0.140608096
38.9	0.142691301
38.92	0.074280475
38.94	0.035711942
38.96	0.021992385
38.98	0.002940739
39	-0.011329844
39.02	0.013189809
39.04	0.010281814
39.06	0.059158916
39.08	0.026527036
39.1	0.030647865
39.12	-0.003869058
39.14	-0.021527134
39.16	-0.030440961
39.18	-0.02124707
39.2	-0.016197669
39.22	0.016018117
39.24	0.037665146
39.26	0.030215454
39.28	0.046345372
39.3	0.027821674
39.32	-0.055374139
39.34	-0.035530732
39.36	-0.055172033
39.38	-0.031407712
39.4	-0.023505147
39.42	-0.012298353
39.44	0.016594985
39.46	-0.028699003
39.48	-0.050538203
39.5	-0.047999245
39.52	-0.051462049
39.54	-0.05699437
39.56	-0.08307918
39.58	-0.089016416
39.6	-0.106345369
39.62	-0.103794649
39.64	-0.099258954
39.66	-0.074082949
39.68	-0.071398403
39.7	-0.041685755
39.72	0.005196396
39.74	0.006119656
39.76	0.017142573
39.78	0.01636074
39.8	0.035464574
39.82	0.034234831
39.84	0.062724473
39.86	0.115521012
39.88	0.09917474
39.9	0.13298393
39.92	0.136300565
39.94	0.143027264
39.96	0.147145342
39.98	0.156700571
40	0.128977305
40.02	0.10844472
40.04	0.109928794
40.06	0.108277676
40.08	0.127805468
40.1	0.127874961
40.12	0.123586956
40.14	0.108936666
40.16	0.078327583
40.18	0.099340198
40.2	0.106802517
40.22	0.093187818
40.24	0.089471828
40.26	0.088785491
40.28	0.093852732
40.3	0.124587426
40.32	0.152674582
40.34	0.167040624
40.36	0.166935909
40.38	0.135106023
40.4	0.118858983
40.42	0.120654313
40.44	0.058758465
40.46	0.030962778
40.48	0.01631339
40.5	-0.020636555
40.52	0.010297962
40.54	-0.001552535
40.56	0.018620916
40.58	-0.011188269
40.6	-0.017096751
40.62	-0.086155751
40.64	-0.058204251
40.66	-0.084774217
40.68	-0.074471482
40.7	-0.086999856
40.72	-0.095237591
40.74	-0.088505243
40.76	-0.065801501
40.78	-0.075707162
40.8	-0.050281745
40.82	-0.052569317
40.84	-0.025210143
40.86	-0.023758377
40.88	-0.040235763
40.9	-0.058160207
40.92	-0.04360808
40.94	-0.056090578
40.96	-0.047811777
40.98	-0.027316978
41	-0.02384026
41.02	-0.045563292
41.04	-0.074848651
41.06	0.02182065
41.08	0.032590822
41.1	0.033274188
41.12	0.057309877
41.14	0.06620779
41.16	0.07298324
41.18	0.077925469
41.2	0.066432276
41.22	0.093371435
41.24	0.152202951
41.26	0.133202112
41.28	0.16988612
41.3	0.16066865
41.32	0.184915332
41.34	0.187988451
41.36	0.196500955
41.38	0.180039999
41.4	0.055230576
41.42	0.009714569
41.44	0.056407317
41.46	0.092474351
41.48	0.053350163
41.5	0.058035951
41.52	0.05364311
41.54	-0.023861732
41.56	-0.033729442
41.58	-0.034010137
41.6	-0.030194529
41.62	-0.054840964
41.64	-0.079348241
41.66	-0.057313471
41.68	-0.013101033
41.7	0.026454847
41.72	0.04967796
41.74	0.033059348
41.76	0.034239884
41.78	0.037269113
41.8	-0.002754644
41.82	0.023633784
41.84	-0.000719595
41.86	-0.010638544
41.88	-0.016273991
41.9	-0.017756949
41.92	-0.032385337
41.94	-0.053374647
41.96	-0.090990337
41.98	-0.063234547
42	-0.072381897
42.02	-0.091117311
42.04	-0.137418119
42.06	-0.16034144
42.08	-0.144864957
42.1	-0.168890278
42.12	-0.15082669
42.14	-0.158117418
42.16	-0.160323581
42.18	-0.166681863
42.2	-0.174733804
42.22	-0.178198708
42.24	-0.195459531
42.26	-0.223027512
42.28	-0.219451427
42.3	-0.200598643
42.32	-0.193198534
42.34	-0.18389969
42.36	-0.006102074
42.38	-0.033050092
42.4	-0.064571311
42.42	-0.023841492
42.44	-0.030486905
42.46	-0.019515025
42.48	-0.032493763
42.5	-0.007239915
42.52	0.017581843
42.54	0.051235708
42.56	-0.001852307
42.58	0.030591443
42.6	0.072925331
42.62	0.065157248
42.64	0.077897781
42.66	0.092108203
42.68	0.099652166
42.7	0.076930734
42.72	0.071824643
42.74	0.059060839
42.76	0.123093546
42.78	0.110844155
42.8	0.122798957
42.82	0.029352036
42.84	-0.042153299
42.86	-0.059351401
42.88	-0.059602688
42.9	-0.073212604
42.92	-0.075440136
42.94	-0.071815572
42.96	-0.09182219
42.98	-0.143904384
43	-0.111758303
43.02	-0.123203768
43.04	-0.119373134
43.06	-0.133436936
43.08	-0.145042087
43.1	-0.156938515
43.12	-0.148897537
43.14	-0.045817651
43.16	-0.069229963
43.18	-0.047364085
43.2	-0.045047114
43.22	-0.044698782
43.24	-0.031091947
43.26	-0.037726692
43.28	-0.062896171
43.3	-0.031796047
43.32	-0.085302523
43.34	-0.074231321
43.36	-0.082787503
43.38	-0.090022595
43.4	-0.106164992
43.42	-0.118745183
43.44	-0.10322656
43.46	-0.11972329
43.48	-0.031117729
43.5	-0.061271104
43.52	-0.055498606
43.54	-0.04368791
43.56	-0.040466572
43.58	-0.044015855
43.6	-0.027881933
43.62	-0.003147433
43.64	0.023290662
43.66	0.014611966
43.68	0.025228771
43.7	0.045646638
43.72	0.0579223
43.74	0.066338339
43.76	0.064362921
43.78	0.074566013
43.8	0.082225388
43.82	0.092512887
43.84	0.079654312
43.86	0.092302796
43.88	0.100964907
43.9	0.107355556
43.92	0.097876073
43.94	0.08790103
43.96	0.119157649
43.98	0.178160215
44	0.184671636
44.02	0.16695268
44.04	0.176397698
44.06	0.183261914
44.08	0.166463575
44.1	0.097494142
44.12	0.092588986
44.14	0.079339563
44.16	0.067036008
44.18	0.079784284
44.2	0.105070929
44.22	0.120683092
44.24	0.117487957
44.26	0.095841349
44.28	0.09343742
44.3	0.107560177
44.32	0.003152891
44.34	0.005719842
44.36	0.00019033
44.38	0.010158106
44.4	-0.023222537
44.42	-0.018533609
44.44	-0.014948211
44.46	-0.029970296
44.48	-0.07072975
44.5	-0.035966217
44.52	-0.082447194
44.54	-0.071690387
44.56	-0.087541047
44.58	-0.088312778
44.6	-0.094252221
44.62	-0.100686482
44.64	-0.094370938
44.66	-0.062531612
44.68	-0.055049969
44.7	-0.050233516
44.72	-0.059942542
44.74	-0.045975224
44.76	-0.051286829
44.78	-0.050917035
44.8	-0.064539958
44.82	-0.057035432
44.84	-0.012239296
44.86	-0.05088954
44.88	-0.036245228
44.9	-0.045182652
44.92	-0.051439316
44.94	-0.09115429
44.96	-0.074429176
44.98	-0.073405993
45	0.052687058
45.02	0.042739867
45.04	0.036783664
45.06	0.017886481
45.08	0.036572206
45.1	0.033912274
45.12	0.02153646
45.14	0.046099602
45.16	0.09769864
45.18	0.080449383
45.2	0.10012381
45.22	0.095062214
45.24	0.110675263
45.26	0.110638376
45.28	0.126241043
45.3	0.134030087
45.32	0.136894386
45.34	0.014874065
45.36	0.065922439
45.38	0.058305333
45.4	0.05714268
45.42	0.073434902
45.44	0.065324828
45.46	0.028241588
45.48	0.017516126
45.5	0.009150544
45.52	0.013457704
45.54	0.009482575
45.56	0.010707263
45.58	0.009297449
45.6	0.042659638
45.62	0.048003188
45.64	0.047720719
45.66	0.048467187
45.68	-0.021725178
45.7	-0.025952672
45.72	-0.030841545
45.74	-0.021783299
45.76	-0.006069576
45.78	-0.014536056
45.8	-0.021674921
45.82	-0.045783607
45.84	-0.087300683
45.86	-0.07759292
45.88	-0.099090511
45.9	-0.103308076
45.92	-0.096676787
45.94	-0.088291781
45.96	-0.106793627
45.98	-0.12646168
46	-0.1104998
46.02	-0.126981786
46.04	-0.124152369
46.06	-0.123563235
46.08	-0.121588337
46.1	-0.126442156
46.12	-0.108178632
46.14	-0.098094221
46.16	-0.096597805
46.18	-0.099458666
46.2	-0.065747141
46.22	-0.072336113
46.24	-0.073334332
46.26	-0.066530059
46.28	-0.078493449
46.3	-0.072567801
46.32	-0.024584214
46.34	0.014418641
46.36	-0.004489999
46.38	0.024051953
46.4	0.009326029
46.42	0.028554182
46.44	0.025443162
46.46	0.051219856
46.48	0.049376642
46.5	0.06284549
46.52	0.046562069
46.54	0.073962705
46.56	0.066985164
46.58	0.087285732
46.6	0.092647123
46.62	0.096623262
46.64	0.111020903
46.66	0.117305427
46.68	0.108408397
46.7	0.117499049
46.72	0.109777157
46.74	0.107449857
46.76	0.105520335
46.78	0.106264579
46.8	0.1095145
46.82	0.103768885
46.84	0.018784535
46.86	0.032550251
46.88	0.034564463
46.9	0.03098065
46.92	0.022642286
46.94	0.021428261
46.96	0.012511437
46.98	0.003664451
47	-0.045216403
47.02	-0.034598283
47.04	-0.043957217
47.06	-0.043884824
47.08	0.002732351
47.1	-0.011090801
47.12	-0.018674313
47.14	-0.014569379
47.16	-0.002944131
47.18	0.00941504
47.2	0.004145887
47.22	-0.01223691
47.24	0.010392889
47.26	-0.027959543
47.28	-0.04037073
47.3	-0.032037519
47.32	-0.03207205
47.34	-0.040875983
47.36	-0.045822724
47.38	-0.055717816
47.4	-0.067911762
47.42	-0.095682185
47.44	-0.099935869
47.46	-0.087959394
47.48	-0.001170224
47.5	0.004029817
47.52	0.00870984
47.54	0.01897694
47.56	0.034400196
47.58	0.026056092
47.6	0.027864558
47.62	0.034483433
47.64	0.100292984
47.66	0.082067803
47.68	0.097477766
47.7	0.108880943
47.72	0.112867134
47.74	0.12023852
47.76	0.1303704
47.78	0.128161443
47.8	0.123608502
47.82	0.135628402
47.84	0.114880678
47.86	0.091930701
47.88	0.074909172
47.9	0.091664239
47.92	0.09359155
47.94	0.09622668
47.96	0.090425926
47.98	0.096269231
48	0.122391461
48.02	0.120111161
48.04	0.082523396
48.06	0.069040565
48.08	0.012858075
48.1	0.016714778
48.12	0.022605598
48.14	0.031922632
48.16	0.023061058
48.18	0.021520002
48.2	0.024719481
48.22	-0.01655309
48.24	-0.027252085
48.26	-0.031449838
48.28	-0.037885362
48.3	-0.05118829
48.32	-0.051690944
48.34	-0.063139456
48.36	-0.063032344
48.38	-0.054429475
48.4	-0.064023448
48.42	-0.057668167
48.44	-0.065886571
48.46	-0.073386443
48.48	-0.066011733
48.5	-0.073245213
48.52	-0.075873283
48.54	-0.078515276
48.56	-0.079053821
48.58	-0.079898576
48.6	-0.077294082
48.62	-0.064115628
48.64	-0.0545168
48.66	-0.053099167
48.68	-0.058847245
48.7	-0.069170678
48.72	-0.077016944
48.74	-0.082883481
48.76	-0.082601867
48.78	-0.084013886
48.8	-0.08240709
48.82	-0.077440392
48.84	-0.067438931
48.86	-0.058083974
48.88	-0.057055085
48.9	-0.06523546
48.92	0.025321242
48.94	0.022683145
48.96	0.018068238
48.98	0.000428071
49	0.014223765
49.02	0.026536748
49.04	0.023365144
49.06	0.059887051
49.08	0.079109703
49.1	0.076838652
49.12	0.093108909
49.14	0.088975344
49.16	0.098290989
49.18	0.095531217
49.2	0.09964201
49.22	0.093086439
49.24	0.03309042
49.26	0.030340346
49.28	0.040433047
49.3	0.044734789
49.32	0.028691534
49.34	0.021268569
49.36	-0.02551799
49.38	-0.027575132
49.4	-0.035509498
49.42	-0.040907792
49.44	-0.040886738
49.46	-0.056075112
49.48	-0.053282416
49.5	-0.076724106
49.52	-0.065679896
49.54	-0.068476285
49.56	-0.053226881
49.58	-0.044330109
49.6	-0.03456582
49.62	-0.029323875
49.64	-0.030699672
49.66	-0.040174524
49.68	-0.04182909
49.7	-0.053658638
49.72	-0.033866496
49.74	-0.050995506
49.76	-0.044286692
49.78	-0.046590213
49.8	-0.055080278
49.82	-0.058186306
49.84	-0.054571834
49.86	-0.056767707
49.88	-0.044942697
49.9	-0.054255841
49.92	-0.067979792
49.94	-0.027130874
49.96	-0.031042052
49.98	-0.03002406
50	-0.034516352
50.02	-0.034694176
50.04	-0.038332997
50.06	-0.036201378
50.08	-0.015700693
50.1	-0.006916889
50.12	-0.005727363
50.14	-0.012654606
50.16	-0.013599319
50.18	-0.007548846
50.2	0.025143562
50.22	0.006204886
50.24	0.011682069
50.26	0.021594971
50.28	0.026969824
50.3	0.026551263
50.32	0.026532443
50.34	0.03655053
50.36	0.035204305
50.38	0.048623519
50.4	0.054919476
50.42	0.066134521
50.44	0.067472771
50.46	0.072693587
50.48	0.078551709
50.5	0.070149595
50.52	0.057631971
50.54	0.067175218
50.56	0.09841653
50.58	0.110907074
50.6	0.049814003
50.62	0.028962281
50.64	0.017841418
50.66	0.03026878
50.68	0.022369663
50.7	0.04668787
50.72	0.031585976
50.74	0.043159956
50.76	-0.038641656
50.78	-0.022952869
50.8	-0.03624544
50.82	-0.02837091
50.84	-0.031399306
50.86	-0.035849791
50.88	-0.051874137
50.9	-0.046986039
50.92	-0.053619328
50.94	-0.051024876
50.96	-0.050218106
50.98	-0.060145016
51	-0.060127161
51.02	-0.054983787
51.04	0.009364359
51.06	-0.02049982
51.08	-0.015040829
51.1	-0.023433156
51.12	-0.025201366
51.14	-0.025122764
51.16	0.000158509
51.18	-0.028373514
51.2	-0.03316809
51.22	-0.001034956
51.24	-0.027066822
51.26	-0.024860196
51.28	-0.021996855
51.3	-0.022188419
51.32	-0.030445075
51.34	-0.023619411
51.36	-0.029058871
51.38	-0.027424217
51.4	-0.018518729
51.42	-0.02212412
51.44	-0.015686298
51.46	-0.018445124
51.48	-0.004968985
51.5	-0.001998448
51.52	0.008392063
51.54	0.023611211
51.56	0.023723085
51.58	0.025296417
51.6	0.041448599
51.62	0.052858979
51.64	0.055103547
51.66	0.063668818
51.68	0.06932984
51.7	0.074008392
51.72	0.080131851
51.74	0.072999001
51.76	0.068775147
51.78	0.069734949
51.8	0.064762305
51.82	0.065093655
51.84	0.061316074
51.86	0.06371056
51.88	0.063774865
51.9	0.064191329
51.92	-0.023527492
51.94	-0.014464803
51.96	0.004055137
51.98	-0.005394296
52	-0.009604727
52.02	-0.026188253
52.04	-0.026307449
52.06	-0.074217531
52.08	-0.051683671
52.1	-0.084722268
52.12	-0.067264834
52.14	-0.089991964
52.16	-0.081886632
52.18	-0.089919871
52.2	-0.080015416
52.22	-0.015875565
52.24	-0.02389136
52.26	-0.035188541
52.28	-0.039490238
52.3	-0.0498362
52.32	-0.048185835
52.34	-0.055501318
52.36	-0.04630403
52.38	-0.040162936
52.4	-0.022087105
52.42	-0.03518959
52.44	-0.036948994
52.46	-0.032906353
52.48	-0.03787316
52.5	-0.040584993
52.52	-0.051985823
52.54	-0.057782144
52.56	-0.060045728
52.58	-0.062540441
52.6	-0.069526627
52.62	-0.065674486
52.64	-0.060218435
52.66	-0.055536372
52.68	-0.054870093
52.7	-0.067344013
52.72	-0.082813152
52.74	-0.086115265
52.76	-0.072082912
52.78	-0.03757587
52.8	-0.014390871
52.82	0.002497503
52.84	-0.007271339
52.86	0.012560262
52.88	0.010175475
52.9	0.00998616
52.92	0.046342994
52.94	0.050896916
52.96	0.046650441
52.98	0.058486165
53	0.060562725
53.02	0.070585306
53.04	0.07184273
53.06	0.070618161
53.08	0.088629297
53.1	0.082828713
53.12	0.092620087
53.14	0.093564022
53.16	0.104951215
53.18	0.108719392
53.2	0.113908882
53.22	0.122115764
53.24	0.121280155
53.26	0.12149857
53.28	0.123330661
53.3	0.116428084
53.32	0.109157088
53.34	0.111624071
53.36	0.040789958
53.38	0.03670165
53.4	0.053346879
53.42	0.04319834
53.44	0.041474649
53.46	0.041575711
53.48	0.025671351
53.5	0.003904805
53.52	-0.031334132
53.54	-0.007313535
53.56	-0.036073029
53.58	-0.027443817
53.6	-0.027325992
53.62	-0.031748964
53.64	-0.031381623
53.66	-0.021946491
53.68	-0.006216442
53.7	0.011257247
53.72	0.007751906
53.74	0.00806214
53.76	0.010240909
53.78	0.003098798
53.8	0.006511482
53.82	-0.003097096
53.84	-0.008633042
53.86	-0.015567273
53.88	-0.013106139
53.9	-0.013464591
53.92	-0.00990292
53.94	-0.017968643
53.96	-0.021111408
53.98	-0.017364252
54	-0.014284131
54.02	-0.02415052
54.04	-0.045812185
54.06	-0.038030184
54.08	-0.041088464
54.1	0.081013701
54.12	0.061768863
54.14	0.045105707
54.16	0.060621143
54.18	0.043893868
54.2	0.034683944
54.22	0.043933422
54.24	0.069278823
54.26	0.092681473
54.28	0.076044526
54.3	0.095736308
54.32	0.090461114
54.34	0.090572021
54.36	0.035714219
54.38	0.047229751
54.4	0.045383267
54.42	0.024794409
54.44	0.035043702
54.46	0.032026919
54.48	-0.007906316
54.5	-0.009986444
54.52	-0.024587265
54.54	-0.03037139
54.56	-0.038604479
54.58	-0.036249511
54.6	-0.042748267
54.62	-0.029026985
54.64	-0.0505008
54.66	-0.047041451
54.68	-0.040417239
54.7	-0.042440276
54.72	-0.045884363
54.74	-0.036440324
54.76	-0.028117203
54.78	-0.018091733
54.8	-0.01560526
54.82	-0.032193563
54.84	-0.036297862
54.86	-0.036238767
54.88	-0.038773153
54.9	-0.027255624
54.92	-0.034601694
54.94	-0.036941943
54.96	-0.036091968
54.98	-0.032102267
55	-0.032521789
55.02	-0.032926441
55.04	-0.028519554
55.06	-0.029078134
55.08	-0.034530118
55.1	-0.037544624
55.12	-0.036405121
55.14	-0.040970779
55.16	-0.04531377
55.18	-0.054279678
55.2	-0.054569243
55.22	-0.062015366
55.24	-0.053929657
55.26	-0.040022019
55.28	0.008770354
55.3	-0.006526107
55.32	-0.025365959
55.34	-0.034724644
55.36	-0.050401111
55.38	-0.023078175
55.4	-0.011093386
55.42	0.001083583
55.44	0.003138667
55.46	-0.001414159
55.48	0.016312072
55.5	0.021688325
55.52	0.035595834
55.54	0.03670749
55.56	0.044063639
55.58	0.045209721
55.6	0.0478599
55.62	0.057277233
55.64	0.059159882
55.66	0.056568838
55.68	0.058865623
55.7	0.050696137
55.72	0.044763893
55.74	0.002144511
55.76	-0.004028772
55.78	-0.008938784
55.8	-0.011404865
55.82	-0.01455429
55.84	-0.020689647
55.86	-0.018720806
55.88	-0.042399235
55.9	-0.060090125
55.92	-0.051532855
55.94	-0.056328083
55.96	-0.064083296
55.98	-0.07239121
56	-0.07834207
56.02	-0.077362062
56.04	-0.078874009
56.06	-0.069199026
56.08	-0.057154058
56.1	-0.053094764
56.12	-0.01880293
56.14	-0.007334054
56.16	-0.006326877
56.18	-0.005120273
56.2	0.001368181
56.22	-0.001721332
56.24	-0.046515166
56.26	-0.043535189
56.28	-0.008057819
56.3	-0.008918003
56.32	-0.028630562
56.34	-0.039278583
56.36	-0.033166766
56.38	-0.035672479
56.4	-0.068599223
56.42	-0.041226384
56.44	-0.0526409
56.46	-0.045779292
56.48	-0.037622457
56.5	-0.060403018
56.52	-0.063391899
56.54	-0.060244792
56.56	-0.060164693
56.58	-0.065526078
56.6	-0.066310442
56.62	-0.059272469
56.64	-0.058977296
56.66	-0.043203308
56.68	-0.01518415
56.7	0.002160903
56.72	0.013183851
56.74	0.00753079
56.76	0.012493226
56.78	0.043291698
56.8	0.049105678
56.82	0.052802801
56.84	0.056571288
56.86	0.05505094
56.88	0.063604257
56.9	0.071257421
56.92	0.069665834
56.94	0.082560554
56.96	0.077762544
56.98	0.080790522
57	0.075303896
57.02	0.078084824
57.04	0.075028043
57.06	0.071789466
57.08	0.06690429
57.1	0.061205107
57.12	0.059566997
57.14	0.067286338
57.16	0.075106186
57.18	0.078064512
57.2	0.074752071
57.22	0.017667085
57.24	0.009760647
57.26	0.015233714
57.28	0.01870682
57.3	0.028693234
57.32	0.007356088
57.34	-0.014027988
57.36	-0.010285092
57.38	0.002435984
57.4	0.010505196
57.42	0.011847848
57.44	0.006852171
57.46	0.013347407
57.48	0.011968154
57.5	0.012654585
57.52	0.007476496
57.54	0.017516126
57.56	0.01797281
57.58	0.031527681
57.6	0.04433953
57.62	0.037353624
57.64	0.044081068
57.66	0.057987869
57.68	0.04087029
57.7	0.069077105
57.72	0.064400219
57.74	0.05206239
57.76	0.008950201
57.78	-0.000942964
57.8	0.016767053
57.82	0.003791364
57.84	0.00252375
57.86	-0.01077393
57.88	-0.026332827
57.9	-0.01543604
57.92	-0.04310112
57.94	-0.032689299
57.96	-0.053584908
57.98	-0.039418365
58	-0.052265165
58.02	-0.036239481
58.04	-0.03666402
58.06	-0.026575487
58.08	-0.024438253
58.1	-0.030920137
58.12	-0.021382452
58.14	-0.022911479
58.16	-0.023135996
58.18	-0.011911203
58.2	0.02504789
58.22	0.02228985
58.24	0.03912702
58.26	0.030985926
58.28	0.04878412
58.3	0.033756542
58.32	0.052561683
58.34	0.042516863
58.36	0.016974338
58.38	0.032040168
58.4	0.034974707
58.42	0.030295658
58.44	0.023673049
58.46	0.012117557
58.48	-6.13849E-05
58.5	-0.005194596
58.52	-0.003574721
58.54	-0.017051165
58.56	-0.026134414
58.58	-0.029822796
58.6	-0.032013547
58.62	-0.031564806
58.64	-0.033814057
58.66	-0.035429612
58.68	-0.035281166
58.7	-0.030309574
58.72	-0.024170844
58.74	-0.022603671
58.76	-0.038184933
58.78	-0.031871531
58.8	-0.029369681
58.82	0.014759714
58.84	0.006228796
58.86	0.010930316
58.88	0.000918634
58.9	-0.001178729
58.92	-0.019794184
58.94	0.011769856
58.96	-0.000300139
58.98	-0.008904337
59	-0.003168152
59.02	-0.001847241
59.04	0.008496025
59.06	0.021368988
59.08	0.015629772
59.1	0.019068466
59.12	0.025471552
59.14	0.025600798
59.16	0.020960227
59.18	-0.027126543
59.2	-0.03490589
59.22	-0.025731333
59.24	-0.024649383
59.26	-0.014113237
59.28	-0.014051765
59.3	-0.023162651
59.32	-0.051117289
59.34	-0.036810839
59.36	-0.043773285
59.38	-0.053882745
59.4	-0.026957386
59.42	-0.004745294
59.44	0.013076332
59.46	0.005761392
59.48	6.84395E-05
59.5	0.008551499
59.52	-0.014990448
59.54	0.008339269
59.56	0.028628912
59.58	0.011098015
59.6	0.028315753
59.62	0.012745933
59.64	0.022684231
59.66	0.020868757
59.68	0.014490651
59.7	0.016814204
59.72	0.027129991
59.74	0.012914908
59.76	-0.022706039
59.78	-0.015840308
59.8	-0.014989583
59.82	-0.020695436
59.84	-0.017238616
59.86	-0.018647561
59.88	-0.046530886
59.9	-0.028409069
59.92	-0.043077695
59.94	-0.007201683
59.96	-0.019610267
59.98	0.000301602
60	-0.001789359
60.02	-0.005237968
60.04	-0.008929697
60.06	0.026679775
60.08	0.02657514
60.1	0.030615506
60.12	0.021551522
60.14	0.006709098
60.16	-0.012208454
60.18	-0.006783054
60.2	-0.00869508
60.22	-0.018291675
60.24	-0.020813618
60.26	-0.028545739
60.28	-0.0279598
60.3	-0.027768836
60.32	-0.029117467
60.34	-0.025378365
60.36	-0.025575783
60.38	-0.025420972
60.4	-0.025378711
60.42	-0.022097339
60.44	-0.022069223
60.46	-0.019198909
60.48	-0.019743191
60.5	0.00682773
60.52	0.00235039
60.54	-0.00295855
60.56	-0.003996625
60.58	-0.00322214
60.6	-0.004099226
60.62	0.018271543
60.64	0.015442935
60.66	0.02243722
60.68	0.029773852
60.7	0.025291816
60.72	0.031153155
60.74	0.034613967
60.76	0.034686934
60.78	0.02803677
60.8	0.026402228
60.82	0.022390414
60.84	0.008003025
60.86	0.009937085
60.88	0.005198007
60.9	0.004198468
60.92	0.007351544
60.94	0.008271267
60.96	-0.015668358
60.98	0.007647146
61	0.010661779
61.02	0.007084559
61.04	0.011238825
61.06	0.016851856
61.08	0.010640822
61.1	0.0123153
61.12	0.022215154
61.14	0.030823549
61.16	0.038371657
61.18	0.036976776
61.2	-0.000447781
61.22	0.016769857
61.24	0.021245439
61.26	0.026250044
61.28	0.031992594
61.3	0.033325948
61.32	0.010883204
61.34	0.034983491
61.36	0.032836595
61.38	0.032281334
61.4	0.030347545
61.42	0.032975121
61.44	0.03151492
61.46	0.033554966
61.48	0.033761836
61.5	0.051075407
61.52	0.022751031
61.54	0.023254066
61.56	0.015939193
61.58	0.001975406
61.6	-0.009158241
61.62	0.00453887
61.64	0.003251012
61.66	-0.010056516
61.68	-0.015581183
61.7	-0.017955553
61.72	-0.023568249
61.74	-0.032726864
61.76	-0.03021582
61.78	-0.029250796
61.8	-0.024145547
61.82	-0.022109949
61.84	-0.021396443
61.86	-0.024860556
61.88	-0.027139354
61.9	-0.030011262
61.92	-0.025511836
61.94	-0.005830647
61.96	0.012441588
61.98	0.038916003
62	0.018599966
62.02	0.020028638
62.04	0.024920882
62.06	0.035365133
62.08	0.049363904
62.1	0.042930531
62.12	0.045923467
62.14	0.050557688
62.16	0.049692374
62.18	0.04152324
62.2	0.044187658
62.22	0.030693481
62.24	0.002152615
62.26	-0.016291808
62.28	-0.003146551
62.3	-0.013158667
62.32	-0.014542954
62.34	-0.014107898
62.36	-0.024864433
62.38	-0.05957599
62.4	-0.036194009
62.42	-0.05457632
62.44	-0.055968357
62.46	-0.052031451
62.48	-0.055630354
62.5	-0.053473479
62.52	-0.040306802
62.54	-0.038596247
62.56	0.003970566
62.58	-0.015552324
62.6	0.005469113
62.62	0.011757763
62.64	0.004730548
62.66	0.017096768
62.68	0.01820513
62.7	0.028415769
62.72	0.033914542
62.74	0.034129069
62.76	0.03376242
62.78	0.03806221
62.8	0.041791699
62.82	0.042473264
62.84	0.033193121
62.86	0.044161048
62.88	0.046990557
62.9	0.043919095
62.92	-0.033235338
62.94	-0.022504858
62.96	-0.02500288
62.98	-0.003833668
63	0.027104683
63.02	0.024468876
63.04	-0.016706782
63.06	-0.00192652
63.08	-0.018952602
63.1	-0.015019278
63.12	-0.009096434
63.14	-0.005143209
63.16	0.011521688
63.18	0.005461757
63.2	5.15092E-05
63.22	-0.01624774
63.24	-0.014565282
63.26	-0.021252445
63.28	-0.010187598
63.3	-0.019080733
63.32	-0.017285116
63.34	-0.018496304
63.36	0.009487614
63.38	0.029952598
63.4	0.031783883
63.42	0.026446103
63.44	0.024085057
63.46	0.024244598
63.48	0.047206516
63.5	-0.028506905
63.52	-0.000308611
63.54	0.014995364
63.56	0.0061289
63.58	-0.00165921
63.6	-0.007972722
63.62	-0.030813258
63.64	-0.028490672
63.66	-0.03545216
63.68	-0.036943026
63.7	-0.04330548
63.72	-0.03803689
63.74	-0.047532441
63.76	-0.042539038
63.78	-0.041324404
63.8	-0.045582702
63.82	-0.052880686
63.84	-0.044964031
63.86	-0.041185409
63.88	-0.034765429
63.9	-0.045237812
63.92	-0.052365941
63.94	-0.06308963
63.96	-0.078562676
63.98	-0.088319711
64	-0.094198225
64.02	-0.103118265
64.04	-0.089303211
64.06	-0.080372264
64.08	0.011754703
64.1	-0.006441257
64.12	-0.011058665
64.14	-0.028026513
64.16	-0.037392043
64.18	-0.035966398
64.2	-0.034940022
64.22	-0.005867019
64.24	0.018600984
64.26	0.010141043
64.28	0.018318006
64.3	0.023645196
64.32	0.02316952
64.34	0.030466979
64.36	0.027763673
64.38	-0.055504398
64.4	-0.021253057
64.42	-0.029714729
64.44	-0.021242392
64.46	-0.029936608
64.48	-0.021766575
64.5	-0.033350588
64.52	-0.012380913
64.54	-0.01728699
64.56	-0.025708518
64.58	-0.017737549
64.6	-0.013457117
64.62	-0.00620036
64.64	0.000380317
64.66	-0.012021607
64.68	0.01317817
64.7	0.006786757
64.72	0.015308786
64.74	-0.029434442
64.76	-0.014135586
64.78	-0.010249356
64.8	0.003707013
64.82	-0.006573383
64.84	0.008640628
64.86	-0.028443487
64.88	0.000936695
64.9	-0.002605425
64.92	0.004037808
64.94	-0.003892858
64.96	0.007430003
64.98	0.008309661
65	0.014111497
65.02	0.018389663
65.04	0.014421396
65.06	0.011191839
65.08	-0.016925703
65.1	-0.017691466
65.12	-0.037192982
65.14	-0.037910642
65.16	-0.02267933
65.18	-0.028430555
65.2	-0.048678376
65.22	-0.051509098
65.24	-0.04043971
65.26	-0.041048717
65.28	-0.037751396
65.3	-0.008330572
65.32	-0.006264998
65.34	-0.003684477
65.36	0.004696376
65.38	0.010383315
65.4	0.004054868
65.42	0.028676156
65.44	0.032673825
65.46	0.039771902
65.48	0.032150395
65.5	0.044691993
65.52	0.038249935
65.54	0.019714552
65.56	0.026951555
65.58	0.01448182
65.6	0.025149805
65.62	0.022764194
65.64	0.023268404
65.66	0.028580328
65.68	0.041948765
65.7	0.03973681
65.72	-0.003240409
65.74	-0.001811563
65.76	-0.007630544
65.78	-0.013292246
65.8	-0.012592569
65.82	-0.011787849
65.84	-0.01916241
65.86	-0.022317749
65.88	-0.050053286
65.9	-0.04588511
65.92	-0.054867515
65.94	-0.039929803
65.96	-0.004693002
65.98	-0.01055633
66	0.00959899
66.02	0.005287999
66.04	0.014810022
66.06	0.011211436
66.08	0.03884375
66.1	0.042598025
66.12	0.043939356
66.14	0.044608316
66.16	0.04789334
66.18	0.049536594
66.2	0.015785707
66.22	0.011016005
66.24	0.000248779
66.26	0.010256111
66.28	-0.003839279
66.3	-0.006622131
66.32	-0.032564237
66.34	-0.013852326
66.36	-0.009834375
66.38	0.004219996
66.4	-0.008692456
66.42	0.014225909
66.44	0.019663295
66.46	0.020068465
66.48	0.028573782
66.5	0.028129848
66.52	0.033287879
66.54	0.041076807
66.56	0.046612307
66.58	0.043801112
66.6	0.022608799
66.62	0.03493152
66.64	0.040025441
66.66	0.034656585
66.68	0.033576758
66.7	0.035563418
66.72	0.034986982
66.74	0.039501813
66.76	0.053030568
66.78	0.051872968
66.8	0.038608297
66.82	0.038530599
66.84	0.034549761
66.86	0.041961926
66.88	0.044148039
66.9	0.048767591
66.92	0.05023724
66.94	0.050444379
66.96	0.041511898
66.98	0.029408637
67	0.033991334
67.02	0.044797967
67.04	0.034729373
67.06	0.013897835
67.08	0.006319206
67.1	0.004111842
67.12	-0.003800496
67.14	0.006325559
67.16	0.003101741
67.18	0.021004644
67.2	-1.11289E-05
67.22	-0.001379955
67.24	-0.004662991
67.26	-0.010372089
67.28	-0.002172676
67.3	0.008891954
67.32	-0.006401257
67.34	0.049085691
67.36	0.037532834
67.38	0.015459088
67.4	0.012947442
67.42	0.007050441
67.44	0.012262533
67.46	0.018991369
67.48	0.010930443
67.5	0.008589604
67.52	0.003124613
67.54	0.007193799
67.56	-0.001434493
67.58	0.002349193
67.6	0.002837276
67.62	-0.011659562
67.64	-0.013058151
67.66	-0.022614007
67.68	-0.031579846
67.7	-0.032717209
67.72	-0.030425361
67.74	-0.027171541
67.76	-0.020401515
67.78	-0.020162635
67.8	-0.019586115
67.82	-0.020883376
67.84	-0.03362987
67.86	-0.03042164
67.88	-0.030522267
67.9	-0.029857963
67.92	0.021841565
67.94	0.022079114
67.96	0.023973689
67.98	0.026368809
68	0.030336832
68.02	0.038602397
68.04	0.064335321
68.06	0.061696181
68.08	0.0695879
68.1	0.067781337
68.12	0.023867301
68.14	0.016242622
68.16	-0.007031846
68.18	-0.001418598
68.2	-0.015920546
68.22	-0.014609285
68.24	-0.013153805
68.26	-0.047074711
68.28	-0.040755366
68.3	-0.056676861
68.32	-0.04252135
68.34	-0.043513468
68.36	-0.039836456
68.38	-0.037489135
68.4	-0.014860344
68.42	0.008415748
68.44	0.004938939
68.46	0.021263372
68.48	0.017200387
68.5	0.020776252
68.52	0.03120022
68.54	0.034688076
68.56	0.032640003
68.58	0.042128121
68.6	0.040299491
68.62	0.040074293
68.64	0.037453907
68.66	0.035774048
68.68	-0.004533744
68.7	-0.000995687
68.72	-0.017801827
68.74	-0.005771391
68.76	-0.007105171
68.78	-0.009319824
68.8	-0.023970948
68.82	-0.0142943
68.84	-0.034527969
68.86	-0.041136718
68.88	-0.041058904
68.9	-0.038198383
68.92	-0.041055331
68.94	-0.034604487
68.96	-0.027245123
68.98	-0.025158481
69	-0.031047046
69.02	-0.033976837
69.04	-0.026529301
69.06	-0.023304673
69.08	-0.023833535
69.1	-0.030437906
69.12	-0.029645587
69.14	-0.032732903
69.16	-0.001445443
69.18	-0.010661578
69.2	-0.010277629
69.22	0.003390163
69.24	0.00676005
69.26	-0.001938273
69.28	0.0064445
69.3	0.02195257
69.32	0.015329346
69.34	0.007906555
69.36	0.003069573
69.38	0.010742754
69.4	0.008445202
69.42	0.018257817
69.44	0.019473013
69.46	0.023865799
69.48	0.017472959
69.5	0.013899538
69.52	0.013211728
69.54	-0.007934174
69.56	-0.005736725
69.58	-0.010976419
69.6	-0.01062648
69.62	-0.013037356
69.64	-0.014506175
69.66	-0.021444821
69.68	-0.03866124
69.7	-0.040831975
69.72	-0.030335095
69.74	-0.027314356
69.76	-0.022440514
69.78	-0.02048611
69.8	-0.015130979
69.82	0.003503542
69.84	0.001954832
69.86	0.013610398
69.88	0.015522268
69.9	0.014973436
69.92	0.020091029
69.94	0.032509947
69.96	0.026782964
69.98	0.032328064
70	0.030616799
70.02	0.027193208
70.04	0.022754536
70.06	0.018795131
70.08	0.027034885
70.1	0.030086565
70.12	0.029861118
70.14	-0.020476272
70.16	-0.009515174
70.18	-0.014599774
70.2	-0.016333816
70.22	-0.017258237
70.24	-0.016363145
70.26	-0.026193202
70.28	-0.051758213
70.3	-0.033119639
70.32	-0.045577313
70.34	-0.030991827
70.36	0.016144092
70.38	-0.004078561
70.4	0.005625594
70.42	0.011597137
70.44	0.009261803
70.46	0.011827569
70.48	0.029361285
70.5	0.031654555
70.52	0.039217647
70.54	0.02342683
70.56	0.016587564
70.58	0.024316957
70.6	0.02696048
70.62	0.018646909
70.64	0.021795345
70.66	0.015082418
70.68	0.0204627
70.7	0.021645916
70.72	0.014192127
70.74	0.010733374
70.76	0.021594798
70.78	0.011102468
70.8	0.022195584
70.82	0.023320785
70.84	0.024159814
70.86	0.026207997
70.88	0.029191506
70.9	0.034044945
70.92	0.034692647
70.94	0.035468245
70.96	0.027412927
70.98	0.022303593
71	0.026928439
71.02	-0.02154885
71.04	-0.000866583
71.06	0.008408985
71.08	-0.00659865
71.1	-0.0075655
71.12	-0.010451622
71.14	-0.03115898
71.16	-0.032562878
71.18	-0.024155977
71.2	-0.027111622
71.22	-0.034607383
71.24	-0.029956125
71.26	-0.032708926
71.28	-0.023710009
71.3	-0.019058933
71.32	0.008082838
71.34	-0.001234139
71.36	-0.009966745
71.38	-0.016248225
71.4	-0.015063838
71.42	-0.016439182
71.44	-0.01708214
71.46	-0.013748617
71.48	0.004927894
71.5	-0.008566829
71.52	-0.008421148
71.54	-0.009933959
71.56	0.01079427
71.58	-0.003113721
71.6	-0.004316305
71.62	-0.012077246
71.64	-0.01197496
71.66	-0.018708708
71.68	-0.021757265
71.7	-0.019170342
71.72	-0.021918808
71.74	-0.029535564
71.76	-0.036748909
71.78	-0.046656377
71.8	-0.047032808
71.82	-0.047531462
71.84	-0.053037779
71.86	-0.049403118
71.88	-0.046764961
71.9	-0.015260188
71.92	-0.024572408
71.94	-0.006197877
71.96	0.001664588
71.98	-0.020493686
72	-0.02639497
72.02	0.015870107
72.04	0.001415214
72.06	0.012963366
72.08	0.009910245
72.1	0.012238781
72.12	0.011029011
72.14	0.001219256
72.16	0.00711572
72.18	-0.001430692
72.2	-0.004667646
72.22	0.001005963
72.24	0.004972253
72.26	0.007373079
72.28	0.011037376
72.3	0.010306019
72.32	-0.000395072
72.34	-0.007164296
72.36	-0.008954655
72.38	-0.0087022
72.4	-0.005615144
72.42	-0.011735624
72.44	-0.014032299
72.46	-0.039275168
72.48	-0.031072776
72.5	-0.021648958
72.52	-0.03729273
72.54	-0.036449293
72.56	-0.028093224
72.58	-0.030959822
72.6	-0.029602063
72.62	-0.02651392
72.64	0.020980035
72.66	-0.001702603
72.68	0.003846195
72.7	-0.000936557
72.72	-0.002206923
72.74	-0.004505584
72.76	0.018288851
72.78	-0.009488557
72.8	-0.013426872
72.82	-0.017909669
72.84	-0.018543865
72.86	-0.010970841
72.88	-0.017697892
72.9	-0.012641304
72.92	-0.020639552
72.94	0.005007872
72.96	-0.008177885
72.98	-0.01451886
73	-0.026403532
73.02	-0.028756303
73.04	-0.025901522
73.06	-0.019722932
73.08	-0.024585004
73.1	-0.021289674
73.12	-0.027131677
73.14	-0.031642988
73.16	-0.041916332
73.18	-0.032353233
73.2	-0.003094072
73.22	-0.004616967
73.24	0.001424807
73.26	-0.000685716
73.28	0.009945617
73.3	0.017940666
73.32	0.029868345
73.34	0.028928158
73.36	0.028553822
73.38	0.020874355
73.4	0.018361801
73.42	0.022177939
73.44	0.025256351
73.46	0.012330206
73.48	0.016332392
73.5	0.017363186
73.52	0.01630212
73.54	0.009360125
73.56	0.018600671
73.58	0.015950314
73.6	0.017201394
73.62	-0.011197985
73.64	-0.011182617
73.66	-0.010601356
73.68	-0.007046769
73.7	-0.008906716
73.72	-0.007381082
73.74	-0.014547376
73.76	-0.007428279
73.78	0.002528371
73.8	0.009286097
73.82	0.012631683
73.84	0.013740129
73.86	0.008869435
73.88	0.031144477
73.9	0.005334182
73.92	0.014296918
73.94	0.007291258
73.96	0.017452568
73.98	0.008758932
74	-0.000444422
74.02	-0.000725998
74.04	-0.002176931
74.06	-0.00077565
74.08	0.007357219
74.1	0.006458941
74.12	-0.006142097
74.14	-0.013038429
74.16	-0.005078573
74.18	-0.004604182
74.2	-0.000327629
74.22	-0.004441529
74.24	0.005481317
74.26	-0.00022217
74.28	0.000114677
74.3	-0.000138577
74.32	-0.00197244
74.34	0.01694309
74.36	0.024505768
74.38	0.023257265
74.4	0.021296038
74.42	0.023794229
74.44	0.020698378
74.46	0.025571674
74.48	0.025898647
74.5	0.016940437
74.52	0.017737262
74.54	0.023096811
74.56	0.019743324
74.58	0.018777799
74.6	0.019888389
74.62	0.017359584
74.64	0.016495392
74.66	0.020353403
74.68	0.032298343
74.7	0.032374676
74.72	0.032358773
74.74	0.030605937
74.76	0.028305836
74.78	0.017835331
74.8	0.010193214
74.82	0.023626998
74.84	-0.004246222
74.86	-0.005352439
74.88	0.008734777
74.9	0.008135759
74.92	-0.003461709
74.94	0.001822488
74.96	-0.01778347
74.98	0.012031046
75	-0.002111861
75.02	0.010419484
75.04	0.015196251
75.06	0.009419328
75.08	0.00664459
75.1	0.004532465
75.12	0.002767016
75.14	0.007888398
75.16	0.012168198
75.18	0.014452964
75.2	0.022231827
75.22	0.011639985
75.24	0.008601612
75.26	0.008914899
75.28	0.015334771
75.3	0.008545281
75.32	0.010686841
75.34	-0.005071883
75.36	0.003059753
75.38	0.009882727
75.4	0.00299369
75.42	-0.000271149
75.44	-0.007334555
75.46	-0.020383944
75.48	-0.018243713
75.5	-0.023901957
75.52	-0.024414021
75.54	-0.026809498
75.56	-0.021178608
75.58	-0.015663886
75.6	-0.008376508
75.62	-0.006763772
75.64	-0.013124895
75.66	-0.014488441
75.68	-0.016433006
75.7	-0.006702817
75.72	0.016600431
75.74	0.010762569
75.76	0.014020918
75.78	0.012014341
75.8	0.015865956
75.82	0.024567502
75.84	0.032767291
75.86	0.025945031
75.88	0.025044069
75.9	0.028877482
75.92	0.022648154
75.94	0.022165131
75.96	0.016786277
75.98	0.015774404
76	0.015598173
76.02	0.016868622
76.04	0.016432798
76.06	0.018373979
76.08	0.021082497
76.1	0.026445824
76.12	0.024974242
76.14	0.021126015
76.16	-0.001185509
76.18	-0.010119594
76.2	-0.002986235
76.22	-0.001866774
76.24	-0.000202996
76.26	0.004521119
76.28	-0.004140342
76.3	-0.017239799
76.32	-0.020503356
76.34	-0.009372333
76.36	-0.020241786
76.38	-0.012136841
76.4	0.020763263
76.42	0.024770352
76.44	0.022556243
76.46	0.010561593
76.48	-0.012009434
76.5	-0.010604666
76.52	0.011062702
76.54	0.008324181
76.56	0.026748201
76.58	0.033504033
76.6	0.024655943
76.62	0.016980723
76.64	0.018513183
76.66	0.016867576
76.68	0.016549018
76.7	0.002953118
76.72	-0.002220533
76.74	-0.004438166
76.76	-0.00350313
76.78	-0.014688659
76.8	-0.013951708
76.82	-0.030697923
76.84	-0.026542232
76.86	-0.032508178
76.88	-0.042542314
76.9	-0.040345926
76.92	-0.043926417
76.94	-0.035396279
76.96	-0.027997518
76.98	-0.033207164
77	-0.028954102
77.02	-0.026401783
77.04	-0.025993892
77.06	-0.033364842
77.08	-0.037916114
77.1	0.00072753
77.12	-0.001144641
77.14	-0.005169976
77.16	-0.007642951
77.18	-0.003313962
77.2	0.00728426
77.22	0.026365411
77.24	0.023598832
77.26	0.028247759
77.28	0.023981315
77.3	0.028683127
77.32	0.031764547
77.34	0.025871475
77.36	0.018619788
77.38	-0.001711129
77.4	0.003315091
77.42	0.002545096
77.44	0.003920872
77.46	0.000787695
77.48	-0.001117014
77.5	-0.008419856
77.52	-0.01736849
77.54	-0.024493788
77.56	-0.036189223
77.58	-0.029633711
77.6	-0.033650432
77.62	-0.03520129
77.64	-0.033911937
77.66	-0.039565672
77.68	-0.02124805
77.7	-0.005987515
77.72	-0.004892709
77.74	-0.011792946
77.76	-0.018262823
77.78	-0.012452409
77.8	0.006066774
77.82	0.007496281
77.84	0.014602956
77.86	0.016791171
77.88	0.013435856
77.9	0.010869862
77.92	0.007674493
77.94	0.010122611
77.96	0.013199661
77.98	0.015356553
78	0.016058637
78.02	0.010233369
78.04	0.006706082
78.06	0.004204669
78.08	0.002939161
78.1	0.007502669
78.12	-0.002532644
78.14	-0.015194301
78.16	-0.01660829
78.18	-0.019375657
78.2	-0.02438669
78.22	-0.028057506
78.24	-0.033851351
78.26	-0.039903049
78.28	-0.034240214
78.3	-0.040124922
78.32	-0.043637774
78.34	-0.043808531
78.36	-0.041351095
78.38	-0.035255949
78.4	-0.02497852
78.42	0.007071323
78.44	-0.000466058
78.46	0.010390365
78.48	0.009145166
78.5	0.012812258
78.52	0.020963464
78.54	0.052377126
78.56	0.023207135
78.58	0.044931128
78.6	0.040334913
78.62	0.029006578
78.64	0.028636839
78.66	0.02798875
78.68	0.022431638
78.7	0.02362471
78.72	0.015099002
78.74	0.00806873
78.76	0.002642973
78.78	0.00224583
78.8	-0.001673941
78.82	-0.00445705
78.84	-0.00947238
78.86	-0.014796745
78.88	-0.02399179
78.9	-0.02385331
78.92	-0.020480898
78.94	-0.023226653
78.96	-0.026091386
78.98	-0.031696101
79	-0.02847957
79.02	-0.00962386
79.04	0.005920884
79.06	0.004457754
79.08	0.010786356
79.1	0.015683128
79.12	0.018884903
79.14	0.012729099
79.16	0.028461091
79.18	0.013980006
79.2	0.004760134
79.22	0.004377827
79.24	0.005995228
79.26	0.006944585
79.28	0.003524814
79.3	-0.002916606
79.32	-0.017266069
79.34	-0.016972894
79.36	-0.013016036
79.38	-0.007898261
79.4	-0.008689157
79.42	-0.004680557
79.44	-0.016308272
79.46	-0.015767888
79.48	-0.017411082
79.5	-0.013692035
79.52	-0.017644783
79.54	0.017292471
79.56	0.00972337
79.58	0.007222613
79.6	0.006866238
79.62	0.009836533
79.64	0.011463023
79.66	0.019405972
79.68	0.01598281
79.7	0.015525004
79.72	0.007431398
79.74	0.010420961
79.76	0.014243487
79.78	-0.001828196
79.8	-0.008181642
79.82	-0.007956731
79.84	-0.003940606
79.86	-0.001316892
79.88	0.015983083
79.9	-0.000239994
79.92	0.012997324
79.94	0.010478502
79.96	0.012329778
79.98	0.013299772
80	0.022680562
80.02	0.024504903
80.04	0.029226788
80.06	0.033096082
80.08	0.038717611
80.1	0.035046234
80.12	0.005651025
80.14	0.008323022
80.16	0.009913751
80.18	0.009341112
80.2	0.010884855
80.22	0.013297403
80.24	-0.015042308
80.26	-0.005189827
80.28	-0.001684154
80.3	0.000212526
80.32	0.003551658
80.34	-0.000670833
80.36	-0.000472075
80.38	0.005807294
80.4	0.001908422
80.42	0.000859454
80.44	0.004361956
80.46	0.03420141
80.48	0.016548668
80.5	0.020466584
80.52	0.0121927
80.54	0.008517732
80.56	0.012359383
80.58	0.024136192
80.6	0.01540997
80.62	-0.00044851
80.64	0.001848708
80.66	-0.000821403
80.68	-0.005592768
80.7	-0.009838769
80.72	-0.020805922
80.74	-0.028110774
80.76	-0.026988493
80.78	-0.031250157
80.8	-0.030484339
80.82	-0.029277764
80.84	-0.020173361
80.86	0.003093085
80.88	-0.006647622
80.9	-0.010766984
80.92	-0.017889529
80.94	-0.019330022
80.96	-0.007793875
80.98	0.031290374
81	0.018927989
81.02	0.028958688
81.04	0.014243346
81.06	0.020574159
81.08	0.026161679
81.1	0.030714433
81.12	0.016116941
81.14	0.007667902
81.16	0.011363792
81.18	0.003566882
81.2	-0.008578195
81.22	-0.015208208
81.24	-0.019750486
81.26	-0.026953024
81.28	-0.022549538
81.3	-0.026080358
81.32	-0.037256434
81.34	-0.036133295
81.36	-0.031321439
81.38	-0.033868526
81.4	-0.010181928
81.42	-0.006952656
81.44	-0.001424985
81.46	-0.00254157
81.48	-0.002899178
81.5	-0.003493861
81.52	0.002596654
81.54	0.01005285
81.56	0.011459826
81.58	0.019394046
81.6	0.020249401
81.62	0.016181854
81.64	0.015589858
81.66	0.012012984
81.68	0.009812966
81.7	-0.003025269
81.72	-0.002271489
81.74	-0.008400815
81.76	-0.016077135
81.78	-0.017893955
81.8	-0.018628373
81.82	-0.022335914
81.84	-0.023409726
81.86	-0.024830704
81.88	-0.031121258
81.9	-0.014640293
81.92	-0.011031449
81.94	-0.003848064
81.96	-0.006169145
81.98	-0.004796827
82	-5.79017E-05
82.02	0.013591728
82.04	0.006083618
82.06	0.003077739
82.08	0.007130962
82.1	0.003252804
82.12	-0.005953554
82.14	-0.0188951
82.16	-0.016240822
82.18	-0.019681605
82.2	-0.019203102
82.22	-0.021128565
82.24	-0.024355207
82.26	-0.01805393
82.28	-0.007529237
82.3	-0.014919649
82.32	-0.016020406
82.34	-0.000656021
82.36	0.005267688
82.38	0.012654095
82.4	0.012200019
82.42	0.013848679
82.44	0.015552662
82.46	0.028517818
82.48	0.025292342
82.5	0.019577279
82.52	0.017812355
82.54	0.017173714
82.56	0.014126404
82.58	0.014993017
82.6	0.013593766
82.62	0.012732202
82.64	0.006456653
82.66	-0.002604878
82.68	-0.012979721
82.7	-0.011511557
82.72	-0.012950854
82.74	-0.018047068
82.76	-0.025142803
82.78	-0.034575619
82.8	-0.027836812
82.82	-0.02642426
82.84	-0.034815374
82.86	-0.028895972
82.88	-0.024940632
82.9	-0.022707669
82.92	-0.002714199
82.94	-0.003086245
82.96	-0.001500033
82.98	0.007133437
83	0.013682033
83.02	0.01515292
83.04	0.022363403
83.06	0.022440745
83.08	0.019289929
83.1	0.022323892
83.12	0.014458236
83.14	0.010782683
83.16	0.000418422
83.18	-0.005114127
83.2	-0.005392431
83.22	-0.013794736
83.24	-0.01757286
83.26	-0.017166257
83.28	-0.014647033
83.3	0.001232206
83.32	0.001677736
83.34	0.001732313
83.36	-0.001434721
83.38	0.001974124
83.4	0.001970698
83.42	0.000373896
83.44	-0.007434273
83.46	-0.00450788
83.48	-0.002777705
83.5	-0.001309501
83.52	0.004783188
83.54	-0.000873663
83.56	-0.000534558
83.58	0.001198788
83.6	0.000274437
83.62	-0.000776055
83.64	0.008397058
83.66	0.006363939
83.68	0.012487651
83.7	0.011174187
83.72	0.010303556
83.74	-0.000606073
83.76	0.003669616
83.78	-0.007207092
83.8	-0.002263842
83.82	-0.002651717
83.84	0.013451108
83.86	0.012307008
83.88	0.017351569
83.9	0.011539655
83.92	0.013201094
83.94	0.029081087
83.96	0.033642961
83.98	0.03031606
84	0.041341501
84.02	0.0394932
84.04	0.02971873
84.06	0.029433402
84.08	0.035845138
84.1	0.016026983
84.12	0.005273493
84.14	-0.008498011
84.16	-0.003525113
84.18	0.002582349
84.2	-0.003140427
84.22	-0.026106154
84.24	-0.017484175
84.26	-0.021708939
84.28	-0.018022604
84.3	-0.017893068
84.32	-0.001337136
84.34	0.002376952
84.36	7.64501E-05
84.38	0.003004808
84.4	0.002455713
84.42	0.010511097
84.44	0.029234938
84.46	0.033258124
84.48	0.032097674
84.5	0.033081736
84.52	0.030006242
84.54	0.029615912
84.56	0.033584754
84.58	0.027556212
84.6	0.029587286
84.62	0.007098706
84.64	1.60928E-06
84.66	-0.00866256
84.68	-0.007265714
84.7	-0.010198443
84.72	-0.010973667
84.74	-0.020090647
84.76	-0.021257986
84.78	-0.021968737
84.8	-0.018084531
84.82	-0.012811743
84.84	-0.011179145
84.86	-0.013589924
84.88	-0.012792189
84.9	-0.019445633
84.92	-0.015014839
84.94	-0.005266492
84.96	-0.021645977
84.98	-0.01931141
85	-0.017866195
85.02	0.026681734
85.04	0.008354634
85.06	0.004372804
85.08	0.00565066
85.1	0.000880869
85.12	0.002168284
85.14	0.017488584
85.16	0.012344698
85.18	0.021000181
85.2	-0.008893305
85.22	-0.004547962
85.24	-0.008234728
85.26	-0.016306677
85.28	-0.0197112
85.3	-0.015695132
85.32	-0.040835028
85.34	-0.021352296
85.36	-0.010759529
85.38	0.000555202
85.4	0.000616441
85.42	-0.001803911
85.44	0.000800479
85.46	-0.000123138
85.48	0.004165904
85.5	-0.010920923
85.52	0.004248048
85.54	-0.002764293
85.56	-0.018872185
85.58	-0.019291832
85.6	-0.025304968
85.62	-0.019680486
85.64	-0.01801945
85.66	-0.028902368
85.68	-0.017783874
85.7	-0.024492752
85.72	-0.022333927
85.74	-0.017656824
85.76	-0.018697339
85.78	-0.005533092
85.8	0.009452356
85.82	0.007656959
85.84	0.005295416
85.86	0.009957935
85.88	0.013388386
85.9	0.013987796
85.92	0.001103272
85.94	-0.001421656
85.96	0.007054003
85.98	0.009617746
86	0.001511722
86.02	0.00477566
86.04	-0.001071305
86.06	0.0033618
86.08	0.002569822
86.1	-0.015272644
86.12	-0.007611375
86.14	-0.01980593
86.16	-0.01448959
86.18	-0.016047389
86.2	-0.013960315
86.22	-0.029310252
86.24	-0.021980704
86.26	-0.02976011
86.28	-0.016908387
86.3	-0.019728503
86.32	-0.023041295
86.34	0.009939617
86.36	0.004135154
86.38	0.01135218
86.4	0.010022097
86.42	0.012085753
86.44	0.009780573
86.46	0.031658732
86.48	0.011418775
86.5	-0.000869656
86.52	-0.000743251
86.54	0.004863399
86.56	0.001704527
86.58	0.00244125
86.6	0.0024993
86.62	-0.00698299
86.64	-0.012284375
86.66	-0.030904856
86.68	-0.029500878
86.7	-0.024457351
86.72	-0.025389575
86.74	-0.026470653
86.76	-0.026383097
86.78	-0.024570365
86.8	-0.013197763
86.82	0.006233859
86.84	-0.001331565
86.86	-0.005980422
86.88	-0.005747572
86.9	0.003210053
86.92	0.016673032
86.94	0.020752514
86.96	0.021594953
86.98	0.023907611
87	0.02172697
87.02	0.022789663
87.04	0.007518278
87.06	0.008607105
87.08	0.001655458
87.1	0.002028384
87.12	-0.000656387
87.14	-0.004140885
87.16	-0.013767412
87.18	-0.012840682
87.2	-0.02134107
87.22	-0.022491126
87.24	-0.015336379
87.26	-0.000310155
87.28	0.007106573
87.3	-0.002074909
87.32	0.005952139
87.34	0.004426071
87.36	0.001842149
87.38	0.017858645
87.4	0.017355023
87.42	0.01063496
87.44	0.017577764
87.46	0.013664664
87.48	0.019546913
87.5	0.021847819
87.52	0.016848497
87.54	0.023260988
87.56	0.023531017
87.58	0.024083247
87.6	0.022254091
87.62	0.023311531
87.64	0.017975309
87.66	0.006608859
87.68	0.00356939
87.7	-0.001876275
87.72	0.000316245
87.74	0.006672465
87.76	0.005510612
87.78	-0.005842483
87.8	0.000121004
87.82	0.009848418
87.84	0.016978647
87.86	0.014527135
87.88	0.01262819
87.9	0.018323815
87.92	0.018416795
87.94	0.016733491
87.96	0.008508119
87.98	0.014076302
88	0.016704395
88.02	0.016908529
88.04	0.012428696
88.06	0.006563209
88.08	0.000458495
88.1	0.003378244
88.12	-0.000379071
88.14	-0.002831326
88.16	-0.005989363
88.18	-0.004237842
88.2	-0.005111274
88.22	0.000544962
88.24	0.006611416
88.26	0.003551478
88.28	0.003439777
88.3	0.007190484
88.32	0.0102391
88.34	0.020098549
88.36	0.036341975
88.38	0.023762858
88.4	0.037036402
88.42	0.031802038
88.44	0.029620161
88.46	0.026823918
88.48	0.028196448
88.5	0.022726026
88.52	0.014571748
88.54	0.020029171
88.56	0.021559194
88.58	0.026026712
88.6	0.020748712
88.62	0.021722305
88.64	-0.01740223
88.66	-0.005746575
88.68	-0.002453598
88.7	-0.00158447
88.72	0.002773604
88.74	-0.003220624
88.76	-0.032915959
88.78	-0.010300535
88.8	-0.010626198
88.82	-0.009394712
88.84	0.012363284
88.86	0.01652365
88.88	0.020875381
88.9	0.018387492
88.92	0.019246304
88.94	0.016117087
88.96	0.02357757
88.98	0.019783502
89	0.022058976
89.02	0.018707127
89.04	0.013014109
89.06	0.003672471
89.08	0.001539974
89.1	-0.001091068
89.12	-0.005348566
89.14	-0.007188886
89.16	-0.010359803
89.18	-0.012649502
89.2	-0.014410668
89.22	-0.015178859
89.24	-0.010890358
89.26	-0.019696272
89.28	-0.015285353
89.3	-0.022672555
89.32	-0.015955333
89.34	-0.019061484
89.36	-0.016144687
89.38	-0.011834088
89.4	-0.007986091
89.42	0.003048766
89.44	-0.006844206
89.46	-0.008567803
89.48	-0.015502838
89.5	-0.011444091
89.52	0.002480276
89.54	-0.00117215
89.56	-0.004730996
89.58	-0.007145189
89.6	-0.005925096
89.62	0.005911867
89.64	0.014321784
89.66	0.014714305
89.68	0.011068604
89.7	0.009686555
89.72	0.01302969
89.74	0.013591244
89.76	0.015699753
89.78	0.014651614
89.8	0.017505913
89.82	0.01636032
89.84	0.012384564
89.86	0.004788025
89.88	-0.004172995
89.9	-0.000182477
89.92	0.006184274
89.94	0.013363257
89.96	0.010951389
89.98	0.008607067
90	0.007437428
90.02	0.009410342
90.04	0.010134953
90.06	-0.004183683
90.08	-0.01087387
90.1	-0.020324679
90.12	-0.020922703
90.14	-0.014615421
90.16	-0.018073056
90.18	-0.035962112
90.2	-0.014322154
90.22	-0.031965907
90.24	-0.010288651
90.26	0.024589397
90.28	0.007240801
90.3	0.000473936
90.32	0.002367102
90.34	0.002886543
90.36	0.006557695
90.38	0.04027521
90.4	0.023992888
90.42	0.020955441
90.44	0.019616578
90.46	0.010965313
90.48	0.006653146
90.5	1.15609E-05
90.52	-0.00560597
90.54	-0.011496692
90.56	-0.008632631
90.58	-0.012950225
90.6	-0.018633224
90.62	-0.020918816
90.64	-0.023563867
90.66	-0.028773006
90.68	-0.027820803
90.7	-0.023371532
90.72	-0.0235394
90.74	-0.027315732
90.76	-0.024043783
90.78	-0.028766236
90.8	-0.033733523
90.82	-0.029246847
90.84	-0.030795626
90.86	-0.033898091
90.88	-0.031544247
90.9	0.001815514
90.92	-0.00611167
90.94	-0.003743373
90.96	-0.005042746
90.98	0.001568942
91	-0.008389813
91.02	-0.003120176
91.04	-0.001405474
91.06	0.006814761
91.08	-0.001561313
91.1	-0.007710713
91.12	-0.007082145
91.14	-0.004159911
91.16	-0.011858801
91.18	-0.008271303
91.2	-0.00973322
91.22	-0.009279946
91.24	-0.012944986
91.26	-0.018690666
91.28	-0.021476782
91.3	-0.021402201
91.32	-0.011859078
91.34	-0.006447793
91.36	-0.003407252
91.38	-0.011161068
91.4	-0.013697453
91.42	-0.015596867
91.44	-0.012867007
91.46	-0.009353978
91.48	-0.00315451
91.5	-0.00531346
91.52	-0.001845254
91.54	-0.002123283
91.56	-0.000464721
91.58	-0.000624496
91.6	0.0054656
91.62	0.003522903
91.64	0.002513805
91.66	0.007855113
91.68	0.007027201
91.7	0.007913962
91.72	0.007371911
91.74	0.007598398
91.76	0.011190588
91.78	0.00560272
91.8	0.003645241
91.82	-0.000365106
91.84	0.00816892
91.86	0.00885488
91.88	0.010142373
91.9	0.009137339
91.92	0.005469086
91.94	-0.009169851
91.96	-0.000967494
91.98	0.002185195
92	0.002170181
92.02	0.002299605
92.04	-0.0069543
92.06	-0.02139637
92.08	-0.014330492
92.1	-0.020273356
92.12	-0.018769209
92.14	-0.017144532
92.16	-0.018169835
92.18	-0.015893934
92.2	-0.014922118
92.22	-0.016861354
92.24	-0.014267349
92.26	-0.006851617
92.28	0.009832828
92.3	0.016519712
92.32	0.013541721
92.34	0.01392344
92.36	0.015534909
92.38	0.023299892
92.4	0.033137199
92.42	0.026060995
92.44	0.014771935
92.46	0.022835871
92.48	0.019268417
92.5	0.001155503
92.52	-0.010328448
92.54	-0.00701745
92.56	-0.006672786
92.58	-0.00429516
92.6	-0.003511062
92.62	-0.015419372
92.64	-0.011428771
92.66	-0.01077864
92.68	-0.013592774
92.7	-0.008722837
92.72	-0.003232396
92.74	0.001816131
92.76	0.005537954
92.78	0.008810033
92.8	0.014871134
92.82	0.009985091
92.84	0.010618818
92.86	0.008206626
92.88	0.010414829
92.9	0.010975127
92.92	0.012887212
92.94	0.01647536
92.96	0.007941547
92.98	0.009842128
93	-0.003654544
93.02	-0.008839696
93.04	-0.005394838
93.06	-0.006493113
93.08	-0.006451959
93.1	-0.009057651
93.12	-0.012439271
93.14	-0.016293628
93.16	-0.021954889
93.18	-0.022039832
93.2	-0.01869523
93.22	-0.016242228
93.24	-0.01524751
93.26	-0.013324162
93.28	-0.012753568
93.3	-0.011623494
93.32	0.002141115
93.34	0.003866753
93.36	0.009292121
93.38	0.004050453
93.4	0.007500191
93.42	0.011198861
93.44	0.020483117
93.46	0.008369209
93.48	0.006248868
93.5	0.001722468
93.52	0.004145534
93.54	0.006815679
93.56	0.001919193
93.58	-0.004745338
93.6	-0.008613983
93.62	-0.013917536
93.64	-0.011307277
93.66	-0.006843454
93.68	-0.005948021
93.7	-0.004807955
93.72	0.001136783
93.74	-1.54795E-05
93.76	0.005067027
93.78	0.010128663
93.8	0.01017123
93.82	0.009297801
93.84	0.01678958
93.86	0.017395206
93.88	0.020585727
93.9	0.02031371
93.92	0.024163353
93.94	0.026388331
93.96	0.023673835
93.98	0.021006635
94	0.02219142
94.02	0.012282042
94.04	0.012467002
94.06	0.014940787
94.08	0.018545422
94.1	0.005182764
94.12	0.007561736
94.14	0.00065741
94.16	0.001793967
94.18	0.000816623
94.2	-0.000842535
94.22	-0.017148367
94.24	-0.004694042
94.26	-0.014354735
94.28	-0.008415992
94.3	-0.009591136
94.32	-0.007178325
94.34	-0.007077298
94.36	0.000447071
94.38	-0.002167314
94.4	-0.002380786
94.42	-0.003565355
94.44	-0.006329748
94.46	-0.009385354
94.48	-0.009292521
94.5	-0.013181185
94.52	-0.01306896
94.54	-0.015304243
94.56	-0.014767417
94.58	-0.017952346
94.6	-0.019606641
94.62	-0.025003202
94.64	-0.025644962
94.66	-0.028761805
94.68	-0.028487083
94.7	-0.0240577
94.72	-0.022472222
94.74	-0.021587904
94.76	-0.023268858
94.78	-0.027160026
94.8	-0.003078342
94.82	-0.007463744
94.84	-0.002483353
94.86	-0.000456948
94.88	0.004466181
94.9	0.001043907
94.92	0.014524547
94.94	0.009749124
94.96	0.008902055
94.98	0.009012041
95	0.006429564
95.02	0.005217589
95.04	0.00045719
95.06	0.001947573
95.08	-0.001795892
95.1	0.001981429
95.12	0.004031724
95.14	0.003502753
95.16	0.004607807
95.18	0.002948722
95.2	0.001857289
95.22	0.002796225
95.24	0.002220291
95.26	0.004204883
95.28	0.006266151
95.3	0.010427685
95.32	0.014092083
95.34	0.014719517
95.36	0.013663011
95.38	0.00619221
95.4	0.003973041
95.42	-0.002078354
95.44	0.003475574
95.46	0.018581169
95.48	0.009281869
95.5	0.00293239
95.52	0.014112435
95.54	0.005217343
95.56	0.006215688
95.58	0.016595801
95.6	0.013714445
95.62	0.015303261
95.64	0.021693163
95.66	0.007826733
95.68	0.006963671
95.7	0.002822561
95.72	-0.004587925
95.74	-0.003698641
95.76	-0.00358061
95.78	-0.00761068
95.8	-0.005342612
95.82	-0.002246438
95.84	-0.002202965
95.86	-0.000273043
95.88	0.004395753
95.9	0.001375118
95.92	-0.003697713
95.94	-0.006685377
95.96	-0.006664231
95.98	-0.007321452
96	-0.008797893
96.02	-0.011182178
96.04	-0.00936773
96.06	-0.008226399
96.08	-0.009493724
96.1	-0.008888782
96.12	-0.009482519
96.14	0.009631508
96.16	0.001897697
96.18	0.004280251
96.2	0.006611258
96.22	0.014802592
96.24	0.017029714
96.26	0.028621269
96.28	0.015798365
96.3	0.019300041
96.32	0.008543846
96.34	0.015264777
96.36	0.014613562
96.38	0.021527049
96.4	0.022829597
96.42	0.019411143
96.44	0.016047565
96.46	0.011136385
96.48	0.002289565
96.5	0.003214962
96.52	0.006712818
96.54	0.018721116
96.56	0.016238905
96.58	0.018748875
96.6	0.020204269
96.62	0.008917082
96.64	0.016231461
96.66	0.008097205
96.68	0.011866113
96.7	0.0118515
96.72	0.008518427
96.74	0.000571859
96.76	0.003824423
96.78	-0.007521907
96.8	-0.005084629
96.82	0.002992247
96.84	-0.001468511
96.86	-0.00227681
96.88	0.002001412
96.9	0.004661153
96.92	0.022287942
96.94	0.01476516
96.96	0.015833578
96.98	0.016151825
97	0.016605313
97.02	0.017082391
97.04	0.020794897
97.06	0.012020894
97.08	0.005677162
97.1	0.009380405
97.12	0.003024321
97.14	0.002318018
97.16	-0.003681841
97.18	-0.007689192
97.2	-0.012027598
97.22	-0.016953145
97.24	-0.016245494
97.26	-0.016646976
97.28	-0.011609155
97.3	-0.00938448
97.32	-0.009089154
97.34	-0.016127578
97.36	-0.01441362
97.38	-0.015439701
97.4	-0.018333238
97.42	-0.017338786
97.44	-0.017828554
97.46	-0.018807903
97.48	-0.017630802
97.5	-0.006663819
97.52	0.002750133
97.54	0.008473815
97.56	0.012376354
97.58	0.008612048
97.6	0.012327414
97.62	0.038294251
97.64	0.012882967
97.66	0.02850185
97.68	0.028865261
97.7	0.020508128
97.72	0.023023865
97.74	0.020247236
97.76	0.012884626
97.78	0.016675118
97.8	0.019238379
97.82	0.022677673
97.84	0.020122306
97.86	0.02233292
97.88	-0.001050054
97.9	0.007820124
97.92	-0.002611497
97.94	0.0005986
97.96	0.00642305
97.98	0.016257285
98	0.012475717
98.02	0.004526631
98.04	-0.016481578
98.06	-0.016328553
98.08	-0.000752213
98.1	0.005378736
98.12	0.006859765
98.14	0.00364432
98.16	0.001972403
98.18	0.002984458
98.2	0.004041573
98.22	0.008178107
98.24	0.004865982
98.26	1.53544E-06
98.28	0.00172201
98.3	0.00151792
98.32	0.001987395
98.34	0.007544535
98.36	0.008477345
98.38	0.007450765
98.4	-0.001308542
98.42	-0.0059065
98.44	-0.006442065
98.46	-0.007917791
98.48	-0.00956095
98.5	-0.015577943
98.52	-0.020405546
98.54	-0.021508034
98.56	-0.026873603
98.58	-0.023460753
98.6	-0.022674808
98.62	-0.022123943
98.64	-0.020561919
98.66	-0.004784177
98.68	-0.014377406
98.7	-0.021435811
98.72	-0.022174118
98.74	-0.031225103
98.76	-0.022741227
98.78	-0.014915921
98.8	-0.018547518
98.82	-0.021613177
98.84	-0.022495457
98.86	-0.019147794
98.88	-0.020352848
98.9	0.019251606
98.92	-0.002248532
98.94	-0.001410254
98.96	-8.23157E-05
98.98	0.000633633
99	0.004218984
99.02	0.017086134
99.04	0.004778146
99.06	0.018406176
99.08	0.009677692
99.1	0.011875695
99.12	0.003151039
99.14	-0.020786357
99.16	-0.011296128
99.18	-0.002352775
99.2	0.00568332
99.22	0.00447771
99.24	-0.008371261
99.26	-0.00262158
99.28	0.001894001
99.3	-0.00864368
99.32	-0.008027668
99.34	-0.00431215
99.36	-0.00472279
99.38	-0.008359235
99.4	-0.002161822
99.42	0.00164441
99.44	0.00512565
99.46	0.005549496
99.48	0.004489824
99.5	0.00075987
99.52	0.001062773
99.54	-0.00635802
99.56	0.002841884
99.58	0.008296625
99.6	0.012665193
99.62	0.014408669
99.64	0.013013743
99.66	0.002204221
99.68	0.002553201
99.7	-0.002009839
99.72	-0.010002639
99.74	-0.010614803
99.76	-0.006272359
99.78	-0.008897093
99.8	-0.009272555
99.82	-0.00956702
99.84	-0.009620943
99.86	-0.010564348
99.88	-0.009620641
99.9	-0.011384411
99.92	-0.013724486
99.94	-0.005181268
99.96	0.005235339
99.98	0.014641225
100	0.00883825
100.02	0.006542139
100.04	0.008068088
100.06	0.010560187
100.08	0.011392263
100.1	0.006269682
100.12	-0.001718954
100.14	-0.007787037
100.16	-0.005324644
100.18	-0.008601454
100.2	-0.009235942
100.22	-0.012494885
100.24	-0.019932545
100.26	-0.017620038
100.28	-0.014334332
100.3	-0.018082512
100.32	-0.014018822
100.34	-0.014072175
100.36	-0.011678415
100.38	-0.013578311
100.4	-0.005790341
100.42	-0.002223436
100.44	0.005033623
100.46	0.006581817
100.48	0.006219246
100.5	0.004490784
100.52	0.003404721
100.54	0.004369392
100.56	0.00689028
100.58	0.004591857
100.6	0.00371624
100.62	0.002820955
100.64	-0.002439466
100.66	-0.005756935
100.68	-0.011150011
100.7	-0.014972935
100.72	-0.015369013
100.74	-0.011645824
100.76	-0.010487827
100.78	-0.009702689
100.8	-0.014156766
100.82	-0.014975577
100.84	-0.010574978
100.86	-0.004678713
100.88	-0.002532882
100.9	0.000303975
100.92	0.002559852
100.94	0.005516713
100.96	0.009242544
100.98	0.011185682
101	0.012475091
101.02	0.014336112
101.04	0.013316792
101.06	0.008674642
101.08	0.009331852
101.1	0.003835536
101.12	-0.005179067
101.14	-0.013448866
101.16	-0.017533516
101.18	-0.016632486
101.2	-0.018091689
101.22	-0.022767879
101.24	-0.027193747
101.26	-0.023643211
101.28	-0.022932041
101.3	-0.026566761
101.32	-0.01458512
101.34	0.002156096
101.36	0.00465118
101.38	0.011216837
101.4	0.010622957
101.42	0.012687929
101.44	0.015776904
101.46	0.027972343
101.48	0.023410651
101.5	0.021318345
101.52	0.01339517
101.54	0.017081967
101.56	0.019782759
101.58	0.017071602
101.6	0.012012261
101.62	0.014119007
101.64	0.014175191
101.66	0.012473731
101.68	0.01033513
101.7	0.009557018
101.72	0.012672937
101.74	0.008051418
101.76	0.001218603
101.78	0.001411297
101.8	-0.000942366
101.82	-0.008335939
101.84	-0.007781635
101.86	-0.009911866
101.88	-0.018603704
101.9	0.004129677
101.92	0.009959247
101.94	0.013240337
101.96	0.013623191
101.98	0.014326667
102	0.015402167
102.02	0.034660318
102.04	0.028992661
102.06	0.03164097
102.08	0.017015876
102.1	0.01064789
102.12	0.011058637
102.14	0.007506692
102.16	0.002549273
102.18	-0.001989648
102.2	-0.008542565
102.22	-0.005744807
102.24	-0.012617434
102.26	-0.015732066
102.28	-0.00837004
102.3	-0.010922167
102.32	-0.01589581
102.34	-0.01279469
102.36	-0.01462764
102.38	-0.016803222
102.4	-0.0114677
102.42	-0.013105107
102.44	-0.01305791
102.46	-0.015176657
102.48	-0.011887476
102.5	-0.011441149
102.52	-0.009550808
102.54	-0.008990323
102.56	-0.01678484
102.58	-0.018864625
102.6	-0.018030028
102.62	-0.01523141
102.64	-0.018804573
102.66	-0.016284181
102.68	-0.014725136
102.7	-0.019786867
102.72	-0.022319668
102.74	-0.020968674
102.76	-0.023771674
102.78	-0.019300025
102.8	0.020302356
102.82	-0.011238479
102.84	-0.00370247
102.86	-0.00310542
102.88	0.002479639
102.9	0.005660143
102.92	0.021901403
102.94	0.008040352
102.96	0.023562847
102.98	0.016298953
103	0.024140096
103.02	0.022755502
103.04	0.026205834
103.06	0.022988545
103.08	0.021513102
103.1	0.018065655
103.12	0.011997923
103.14	0.011126858
103.16	0.01378795
103.18	0.013233872
103.2	0.015425616
103.22	0.009988377
103.24	0.001925938
103.26	-0.010067661
103.28	-0.010108331
103.3	-0.012856809
103.32	-0.013651889
103.34	-0.005360876
103.36	0.010523066
103.38	0.009791574
103.4	0.001506125
103.42	0.013327664
103.44	0.012249975
103.46	0.016173349
103.48	0.036419599
103.5	0.02990204
103.52	0.024653734
103.54	0.024807976
103.56	0.024110249
103.58	0.022050949
103.6	0.020164411
103.62	0.014505072
103.64	0.001877255
103.66	-0.006998117
103.68	-0.010248678
103.7	-0.013836674
103.72	-0.017678187
103.74	-0.014128558
103.76	-0.019445638
103.78	-0.021604955
103.8	-0.029956004
103.82	-0.020307986
103.84	-0.026628988
103.86	-0.026555412
103.88	-0.025632266
103.9	-0.023589183
103.92	-0.018102948
103.94	-0.015076503
103.96	-0.014711349
103.98	-0.017408247
104	-0.017986921
104.02	-0.01857037
104.04	0.010524395
104.06	0.007092454
104.08	0.010890589
104.1	0.006019129
104.12	0.001281248
104.14	-0.00262987
104.16	0.009881399
104.18	0.006423674
104.2	0.007015965
104.22	0.005842273
104.24	0.010221985
104.26	0.012157328
104.28	0.005496074
104.3	0.003416432
104.32	0.004149819
104.34	-0.000959341
104.36	-0.006437606
104.38	-0.000574136
104.4	0.003514278
104.42	0.007714296
104.44	0.008877913
104.46	0.007458183
104.48	0.005946292
104.5	-0.000406907
104.52	-0.031472126
104.54	-0.024631277
104.56	-0.009952555
104.58	-0.00891421
104.6	-0.013890076
104.62	-0.011810213
104.64	-0.023219518
104.66	-0.014413965
104.68	-0.017806313
104.7	-0.020870635
104.72	-0.009618606
104.74	0.004592203
104.76	0.006133018
104.78	0.007333267
104.8	0.006570154
104.82	0.009150088
104.84	0.013042157
104.86	0.025472171
104.88	0.012127725
104.9	0.02203061
104.92	0.022961857
104.94	0.014560145
104.96	0.003168104
104.98	0.006360114
105	0.002784146
105.02	-0.001421622
105.04	-0.007381663
105.06	-0.012762557
105.08	-0.008429853
105.1	-0.009919201
105.12	-0.012271425
105.14	-0.019655327
105.16	-0.017171149
105.18	-0.016289177
105.2	-0.013787899
105.22	-0.016552234
105.24	-0.017587537
105.26	-0.014313814
105.28	0.015572812
105.3	0.018083572
105.32	0.014366558
105.34	0.013158909
105.36	0.016289507
105.38	0.016382917
105.4	0.03288567
105.42	0.021855664
105.44	0.024252716
105.46	0.020785898
105.48	0.012225004
105.5	0.01066127
105.52	0.011310354
105.54	0.008980684
105.56	0.001543829
105.58	-0.000892174
105.6	-0.005276836
105.62	-0.007682719
105.64	0.001402537
105.66	0.007099479
105.68	0.008235164
105.7	0.011037053
105.72	0.000570148
105.74	-0.004102815
105.76	-0.007829087
105.78	0.00220728
105.8	0.007455251
105.82	0.022682421
105.84	0.025492744
105.86	0.016347404
105.88	0.020960706
105.9	0.015984568
105.92	0.023343141
105.94	0.028278594
105.96	0.030356919
105.98	0.033128508
106	0.030868083
106.02	0.038135122
106.04	0.025374229
106.06	0.022320366
106.08	-0.000557938
106.1	-0.010175373
106.12	-0.003559733
106.14	-0.011179921
106.16	-0.004872298
106.18	-0.026901465
106.2	-0.015971543
106.22	-0.019382785
106.24	-0.017674944
106.26	0.000345943
106.28	0.01295474
106.3	0.015170874
106.32	0.006019399
106.34	0.003661664
106.36	0.003602787
106.38	0.015612147
106.4	0.01267386
106.42	0.010834355
106.44	0.010045162
106.46	0.013635284
106.48	0.015114754
106.5	0.010596935
106.52	0.006086543
106.54	-0.003160591
106.56	-0.00938735
106.58	-0.006411503
106.6	-0.010363894
106.62	-0.012600634
106.64	-0.009080923
106.66	-0.01229433
106.68	-0.016254519
106.7	-0.024430383
106.72	-0.023030438
106.74	-0.023729391
106.76	-0.023831815
106.78	-0.019107771
106.8	0.002612316
106.82	-0.003997456
106.84	0.002050562
106.86	0.003015439
106.88	-0.004134147
106.9	-0.002331083
106.92	0.007605391
106.94	0.002718031
106.96	0.013809974
106.98	0.020492744
107	0.014570489
107.02	0.004291897
107.04	-0.000749339
107.06	-0.004814476
107.08	2.99668E-05
107.1	0.000331664
107.12	0.004570508
107.14	0.000735385
107.16	-0.003074831
107.18	-0.011965245
107.2	-0.008834581
107.22	-0.004523366
107.24	4.37828E-05
107.26	0.001349503
107.28	0.002683527
107.3	-0.001108925
107.32	0.004051163
107.34	0.014205566
107.36	0.012453885
107.38	0.024724269
107.4	0.02543845
107.42	0.023745046
107.44	0.023721211
107.46	0.021997661
107.48	0.021130978
107.5	0.017996643
107.52	-0.003050058
107.54	0.002922689
107.56	-0.000491447
107.58	-0.000961603
107.6	-0.004512967
107.62	-0.008594463
107.64	-0.020369568
107.66	-0.015661864
107.68	-0.013339536
107.7	-0.012092855
107.72	-0.01554325
107.74	-0.012482782
107.76	-0.009062387
107.78	0.01283349
107.8	0.011284059
107.82	0.009040577
107.84	0.001636901
107.86	-0.004908788
107.88	-0.004893631
107.9	0.000992649
107.92	0.0050825
107.94	0.001992813
107.96	0.000137807
107.98	-0.001426647
108	-0.00424752
108.02	-0.002245992
108.04	-0.005859613
108.06	-0.006693458
108.08	-0.015977523
108.1	-0.008516842
108.12	-0.012829028
108.14	-0.016755977
108.16	-0.015987299
108.18	-0.014949895
108.2	-0.016677447
108.22	-0.018363446
108.24	-0.019097084
108.26	-0.015390154
108.28	-0.013578854
108.3	-0.011673444
108.32	-0.008272002
108.34	0.005619958
108.36	0.002824544
108.38	0.00317438
108.4	0.002173529
108.42	0.003348332
108.44	0.001414483
108.46	-0.011278295
108.48	-0.015501416
108.5	-0.014555823
108.52	-0.017409564
108.54	-0.021783796
108.56	-0.021011106
108.58	-0.028692152
108.6	-0.021229573
108.62	-0.01873142
108.64	-0.01473745
108.66	-0.013207576
108.68	-0.005617812
108.7	0.003292938
108.72	0.008222631
108.74	0.008108205
108.76	0.006104702
108.78	0.013419093
108.8	0.010589276
108.82	0.00884902
108.84	0.004585323
108.86	0.006482402
108.88	0.008779199
108.9	0.012484756
108.92	0.009174561
108.94	0.011586624
108.96	0.008613681
108.98	0.012582574
109	0.014953669
109.02	0.014107684
109.04	0.009672215
109.06	0.002591632
109.08	-0.001946953
109.1	-0.004122622
109.12	-0.003193552
109.14	-0.004799383
109.16	-0.008331996
109.18	-0.022012449
109.2	-0.00852602
109.22	0.003367921
109.24	0.015493181
109.26	0.010188769
109.28	0.010983063
109.3	0.015487669
109.32	0.021851168
109.34	0.016239269
109.36	0.028740677
109.38	0.026412962
109.4	0.032148704
109.42	0.032643636
109.44	0.024444181
109.46	0.021000978
109.48	0.014129846
109.5	0.010172762
109.52	0.00961408
109.54	0.002474214
109.56	-0.000424183
109.58	0.000115417
109.6	-0.007557702
109.62	-0.004075911
109.64	-0.009374096
109.66	-0.00993269
109.68	-0.015302535
109.7	-0.011428413
109.72	-0.007443055
109.74	-0.004827476
109.76	-0.002335411
109.78	-0.000302805
109.8	-0.000101042
109.82	0.000207225
109.84	0.00562545
109.86	0.006590757
109.88	0.006054852
109.9	0.002246134
109.92	-0.005493899
109.94	-0.00356237
109.96	-0.001541571
109.98	0.005715435
110	0.010384166
110.02	0.008130538
110.04	0.003514698
110.06	0.00366095
110.08	-0.002467205
110.1	-0.011663566
110.12	-0.01401306
110.14	-0.010393486
110.16	-0.010227079
110.18	-0.007140152
110.2	0.008180056
110.22	0.007655739
110.24	0.000493136
110.26	0.003303494
110.28	0.003352118
110.3	0.005315784
110.32	0.015079115
110.34	0.010256923
110.36	0.011702076
110.38	-0.004915419
110.4	-0.006690918
110.42	-0.009811399
110.44	-0.012863897
110.46	-0.013588428
110.48	-0.020035385
110.5	-0.02372518
110.52	-0.024707797
110.54	-0.019064401
110.56	-0.011429184
110.58	-0.013375525
110.6	-0.013453266
110.62	-0.012765884
110.64	-0.011812907
110.66	-0.010113533
110.68	-0.000681722
110.7	-0.001418768
110.72	0.008878881
110.74	0.008725595
110.76	0.008467911
110.78	0.010401096
110.8	0.015653327
110.82	0.023629589
110.84	0.022669351
110.86	0.017590163
110.88	0.020941042
110.9	0.024767354
110.92	0.019697324
110.94	0.013941169
110.96	0.010397685
110.98	-0.010043385
111	-0.013475774
111.02	-0.004351599
111.04	-0.008300919
111.06	-0.00945403
111.08	-0.011704581
111.1	-0.02487527
111.12	-0.013575625
111.14	-0.007449772
111.16	-0.011257626
111.18	-0.0047609
111.2	-0.001412956
111.22	-0.001577628
111.24	0.00217047
111.26	0.01054705
111.28	0.017830418
111.3	0.018703325
111.32	0.018963176
111.34	0.018093765
111.36	0.017738004
111.38	0.021720169
111.4	0.019024848
111.42	0.016663688
111.44	0.017092108
111.46	0.011591517
111.48	0.005542753
111.5	0.002538923
111.52	0.000456516
111.54	-0.004630123
111.56	-0.008764405
111.58	-0.013229454
111.6	-0.014882437
111.62	-0.013045714
111.64	-0.010631393
111.66	-0.012815153
111.68	-0.009491051
111.7	-0.012994615
111.72	-0.012153182
111.74	-0.009344475
111.76	-0.007411387
111.78	-0.007678088
111.8	-0.005305828
111.82	-0.003690945
111.84	-0.004938662
111.86	-0.005871503
111.88	-0.010149134
111.9	-0.014078332
111.92	-0.018233115
111.94	-0.017891788
111.96	-0.017758071
111.98	-0.017575425
112	-0.018728877
112.02	-0.018834598
112.04	-0.018946689
112.06	-0.02046257
112.08	-0.023691767
112.1	-0.02500396
112.12	-0.026464595
112.14	-0.027396547
112.16	-0.026191748
112.18	-0.025562571
112.2	-0.021092433
112.22	-0.008368952
112.24	0.000423757
112.26	-0.002906065
112.28	-0.00594485
112.3	-0.005215723
112.32	-0.002546073
112.34	0.011402368
112.36	0.000894369
112.38	0.007185826
112.4	0.004378228
112.42	0.000859458
112.44	-0.001018813
112.46	-0.001956149
112.48	-0.004089542
112.5	-0.001996099
112.52	0.001483236
112.54	0.002732536
112.56	0.003686505
112.58	0.002822353
112.6	0.003643924
112.62	0.003116754
112.64	0.000549636
112.66	-0.004956005
112.68	-0.005664919
112.7	-0.000421426
112.72	0.003327802
112.74	0.005612749
112.76	0.001398129
112.78	-0.016531775
112.8	-0.00162173
112.82	-0.000922048
112.84	-0.000188102
112.86	0.010941785
112.88	0.006257003
112.9	0.006171133
112.92	0.00874937
112.94	0.014573091
112.96	0.019716859
112.98	0.033121843
113	0.023496336
113.02	0.019861127
113.04	-0.011490513
113.06	-0.007414305
113.08	-0.005295474
113.1	-0.002594504
113.12	-0.003249431
113.14	-0.004661034
113.16	-0.006203977
113.18	-0.005790545
113.2	0.003381305
113.22	0.007338692
113.24	0.007458725
113.26	0.007052812
113.28	0.00863694
113.3	0.003862665
113.32	0.005435305
113.34	0.006607658
113.36	0.003317399
113.38	-0.004164378
113.4	-0.011563502
113.42	-0.010477944
113.44	-0.011433603
113.46	-0.010807848
113.48	-0.009840948
113.5	-0.008323289
113.52	0.002518191
113.54	0.002761306
113.56	0.007284506
113.58	0.000611547
113.6	-0.001110645
113.62	0.002578217
113.64	0.002616362
113.66	0.008876703
113.68	0.008856098
113.7	0.000722212
113.72	-0.008045171
113.74	-0.006526046
113.76	-0.003767402
113.78	0.003605177
113.8	0.005013191
113.82	0.000512678
113.84	-0.003346118
113.86	-0.004559705
113.88	-0.003991771
113.9	-0.00231673
113.92	0.006090076
113.94	0.001683388
113.96	0.000278304
113.98	0.000652929
114	1.72383E-06
114.02	-0.003357895
114.04	-0.0012548
114.06	-0.011300714
114.08	-0.009629802
114.1	-0.008412613
114.12	-0.008373745
114.14	-0.00634586
114.16	-0.00181439
114.18	0.00362165
114.2	0.002412839
114.22	0.000799839
114.24	0.003924071
114.26	0.005655593
114.28	0.010321107
114.3	0.00631618
114.32	-0.000401683
114.34	-0.003404279
114.36	-0.007677251
114.38	-0.012299454
114.4	-0.012475967
114.42	-0.012401746
114.44	-0.014726305
114.46	-0.013539108
114.48	-0.014825142
114.5	-0.012265805
114.52	0.000885022
114.54	0.005382705
114.56	0.010789825
114.58	0.016981064
114.6	0.017958059
114.62	0.016068113
114.64	0.013355562
114.66	0.000453519
114.68	0.001515321
114.7	0.004639405
114.72	0.00937138
114.74	0.01254841
114.76	0.004395067
114.78	0.008505053
114.8	0.005051621
114.82	-0.000169342
114.84	-0.006598376
114.86	0.001558725
114.88	0.004991112
114.9	0.00683518
114.92	0.010868999
114.94	0.010085832
114.96	0.008152805
114.98	0.004824609
115	-0.008053936
115.02	-0.010788003
115.04	-0.005047541
115.06	0.002561616
115.08	0.008028462
115.1	0.006701073
115.12	0.007542474
115.14	0.011301129
115.16	0.012428157
115.18	0.013203754
115.2	0.013819676
115.22	0.015274021
115.24	0.021965048
115.26	0.023374261
115.28	0.019548711
115.3	0.021350752
115.32	0.013066673
115.34	0.003944554
115.36	0.00784159
115.38	0.010411876
115.4	0.008293217
115.42	0.009369141
115.44	0.001731495
115.46	-3.62581E-05
115.48	0.002049507
115.5	0.001984177
115.52	-0.001191776
115.54	-0.002555121
115.56	-0.001233851
115.58	-0.002233661
115.6	0.003756535
115.62	-0.001121706
115.64	0.000181616
115.66	0.002768347
115.68	0.00696103
115.7	0.006674007
115.72	0.004996179
115.74	0.004378832
115.76	0.004554535
115.78	-0.000412946
115.8	-0.000726714
115.82	-0.000721752
115.84	0.00163918
115.86	0.001696555
115.88	0.001505199
115.9	-0.00265339
115.92	-1.26707E-05
115.94	0.002708941
115.96	0.010646156
115.98	0.008420668
116	0.005894654
116.02	0.004179938
116.04	0.006032161
116.06	0.000224772
116.08	0.001003657
116.1	-0.004162326
116.12	-0.002553628
116.14	-0.003330245
116.16	-0.005693573
116.18	-0.008151735
116.2	-0.012953383
116.22	-0.013553437
116.24	-0.017169948
116.26	-0.016705092
116.28	-0.015307866
116.3	-0.009951446
116.32	-0.016962859
116.34	-0.015522128
116.36	-0.016055501
116.38	-0.016950805
116.4	-0.01693304
116.42	-0.014671529
116.44	-0.017731343
116.46	-0.02234649
116.48	-0.020408631
116.5	-0.002572449
116.52	-0.004578051
116.54	-0.007517067
116.56	-0.00197558
116.58	0.000309896
116.6	0.001020424
116.62	0.0104116
116.64	0.010561169
116.66	0.017777108
116.68	0.013479523
116.7	0.009701943
116.72	0.023089579
116.74	0.025479356
116.76	0.017744431
116.78	0.019010076
116.8	0.022380215
116.82	0.017974037
116.84	0.015563429
116.86	0.016348754
116.88	0.017979873
116.9	0.015889708
116.92	0.005173673
116.94	0.011554196
116.96	0.008495306
116.98	0.003312902
117	-0.003984581
117.02	-0.002308686
117.04	-0.009340936
117.06	-0.003877019
117.08	-0.008630051
117.1	-0.010999854
117.12	-0.005652045
117.14	-0.000358787
117.16	0.007890698
117.18	0.007006069
117.2	0.014860335
117.22	0.015768794
117.24	0.019535805
117.26	0.020561023
117.28	0.016937453
117.3	0.015141165
117.32	0.014686661
117.34	0.016319906
117.36	0.007664978
117.38	0.011928225
117.4	0.003461284
117.42	-0.00288716
117.44	-4.73408E-05
117.46	0.001375931
117.48	-0.007847158
117.5	-0.015588657
117.52	-0.012389148
117.54	-0.013050755
117.56	-0.016584302
117.58	-0.011106624
117.6	-0.008537148
117.62	-0.01182393
117.64	-0.009140377
117.66	-0.007375896
117.68	-0.010237743
117.7	-0.014232024
117.72	-0.015268349
117.74	-0.015836869
117.76	-0.022697245
117.78	-0.02057029
117.8	-0.021236314
117.82	-0.022824793
117.84	-0.018682005
117.86	0.01948457
117.88	4.08044E-05
117.9	-0.004620544
117.92	-0.009295068
117.94	-0.011478181
117.96	-0.018904301
117.98	0.008513955
118	-0.004135436
118.02	-0.010462165
118.04	-0.002636378
118.06	-0.002425588
118.08	0.002664716
118.1	0.000668835
118.12	0.011476675
118.14	0.00577649
118.16	0.009679231
118.18	0.009563524
118.2	0.008681463
118.22	0.006255447
118.24	0.006705365
118.26	0.006537656
118.28	-0.002596314
118.3	-0.001324614
118.32	-0.002501604
118.34	0.002365037
118.36	0.003027842
118.38	0.002980444
118.4	-0.003561342
118.42	-0.004910215
118.44	-0.003264511
118.46	-0.007338796
118.48	0.00270873
118.5	0.000901672
118.52	-0.000504724
118.54	0.001959339
118.56	-0.001672053
118.58	0.013834165
118.6	0.000198562
118.62	-0.005221973
118.64	3.85875E-05
118.66	0.007629054
118.68	0.013408975
118.7	0.012146437
118.72	0.007479778
118.74	0.008464421
118.76	0.005499993
118.78	0.008281808
118.8	0.005532352
118.82	0.000390852
118.84	-0.000777673
118.86	-9.98077E-05
118.88	-0.000460096
118.9	0.010161166
118.92	0.006343227
118.94	0.002873964
118.96	0.010321814
118.98	0.01555361
119	0.012698472
119.02	0.017143172
119.04	0.010308769
119.06	0.019314459
119.08	0.017932262
119.1	0.008730099
119.12	0.007178014
119.14	0.009103666
119.16	0.007101351
119.18	0.012260676
119.2	0.001080637
119.22	0.000994764
119.24	-0.004508941
119.26	-0.004251533
119.28	0.000370527
119.3	0.004425337
119.32	0.00704866
119.34	0.011871567
119.36	0.008472905
119.38	0.008515555
119.4	0.007959943
119.42	0.011940855
119.44	0.011744976
119.46	0.010659602
119.48	0.01167732
119.5	0.018287226
119.52	0.016966091
119.54	0.015835025
119.56	0.008777983
119.58	0.006378442
119.6	0.003728686
119.62	-0.000794407
119.64	-0.012381011
119.66	-0.011492393
119.68	-0.011881274
119.7	-0.01280306
119.72	-0.017200468
119.74	-0.012903447
119.76	-0.01233615
119.78	-0.009125693
119.8	-0.009339055
119.82	-0.013428629
119.84	-0.015406479
119.86	-0.015584106
119.88	-0.016856081
119.9	-0.020111074
119.92	-0.014672743
119.94	-0.022041612
119.96	-0.019116942
119.98	-0.018891414
120	-0.015708856
120.02	-0.016140631
120.04	-0.013703428
120.06	-0.01982962
120.08	-0.023552314
120.1	-0.026431331
120.12	-0.024820093
120.14	-0.024246642
120.16	-0.017346079
120.18	-0.021833229
120.2	-0.015381222
120.22	-0.010033826
120.24	-0.011209069
120.26	-0.012324425
120.28	0.005577918
120.3	-0.009989046
120.32	-0.005721621
120.34	0.002267202
120.36	-0.00151347
120.38	-0.000534385
120.4	0.004347889
120.42	0.001728705
120.44	0.001455953
120.46	0.001100038
120.48	0.004215997
120.5	0.002444618
120.52	0.007543765
120.54	0.00908984
120.56	0.007622557
120.58	0.010023387
120.6	0.008826142
120.62	0.010562547
120.64	0.012333234
120.66	0.008493674
120.68	0.003604935
120.7	-0.012189157
120.72	0.001082522
120.74	0.000974068
120.76	0.005533286
120.78	0.005773004
120.8	0.005614671
120.82	-0.007608166
120.84	0.005950584
120.86	0.011449896
120.88	0.00320666
120.9	0.008774596
120.92	0.010706542
120.94	0.01515286
120.96	0.020173875
120.98	0.01765785
121	0.016637269
121.02	0.001875668
121.04	-0.002636873
121.06	-0.006910922
121.08	-0.00639524
121.1	-0.008985709
121.12	-0.013904031
121.14	-0.01471177
121.16	-0.018257935
121.18	-0.015305364
121.2	-0.016725503
121.22	-0.016484356
121.24	-0.011920973
121.26	-0.014450319
121.28	-0.012473192
121.3	-0.013364422
121.32	-0.015310263
121.34	-0.019345403
121.36	-0.019307825
121.38	-0.017939282
121.4	-0.01377523
121.42	0.003955565
121.44	-0.003841995
121.46	-0.009534347
121.48	-0.01550384
121.5	-0.019694389
121.52	-0.020996319
121.54	-0.012677239
121.56	-0.010636644
121.58	-0.003325269
121.6	-0.000682316
121.62	-0.007883392
121.64	-0.023032473
121.66	-0.026340781
121.68	-0.015328634
121.7	-0.020397998
121.72	-0.011275789
121.74	-0.02027493
121.76	-0.041997218
121.78	-0.031211342
121.8	-0.004024797
121.82	-0.011919183
121.84	-0.001576111
121.86	0.000523968
121.88	0.002236438
121.9	0.004449248
121.92	0.010405639
121.94	0.017162074
121.96	0.012870937
121.98	0.018625524
122	0.014873101
122.02	0.017204636
122.04	0.010179949
122.06	0.009844607
122.08	-0.000344266
122.1	0.002062276
122.12	-0.004209382
122.14	-0.00598498
122.16	-0.004643657
122.18	-0.004465955
122.2	-0.007296558
122.22	-0.002941554
122.24	-0.004300527
122.26	-0.003558771
122.28	0.001653966
122.3	0.000370187
122.32	-0.016787762
122.34	-0.002382418
122.36	0.003407547
122.38	0.013383773
122.4	0.019342279
122.42	0.015376564
122.44	0.013213617
122.46	0.009177168
122.48	0.015011821
122.5	0.019226645
122.52	0.022571432
122.54	0.024079383
122.56	0.024178377
122.58	0.0229024
122.6	0.026902734
122.62	0.026774588
122.64	0.023174698
122.66	0.023291898
122.68	0.014566856
122.7	-0.022952478
122.72	-0.016802326
122.74	-0.011176911
122.76	-0.004105652
122.78	-0.002224194
122.8	-0.006947921
122.82	-0.028825798
122.84	-0.011051694
122.86	-0.007073175
122.88	-0.004882435
122.9	-0.008959331
122.92	-0.007147695
122.94	-0.002495769
122.96	-0.003063183
122.98	0.00950443
123	0.014219656
123.02	0.014251435
123.04	0.011331001
123.06	0.00730218
123.08	0.005433661
123.1	0.006400569
123.12	0.009911046
123.14	0.006148782
123.16	0.004309617
123.18	0.008383129
123.2	0.00970844
123.22	0.004706428
123.24	9.16001E-06
123.26	-0.001119578
123.28	0.002472688
123.3	0.015200692
123.32	0.014260008
123.34	0.016474517
123.36	0.019349008
123.38	0.019309484
123.4	0.020679853
123.42	0.020032514
123.44	0.017683211
123.46	0.009954935
123.48	0.006018224
123.5	0.004719412
123.52	0.008161387
123.54	0.006734316
123.56	0.005595898
123.58	0.009275719
123.6	-0.012173608
123.62	-0.011775112
123.64	-0.015346
123.66	-0.006202474
123.68	-0.006231365
123.7	-0.001501499
123.72	-0.001257516
123.74	-0.002913003
123.76	-0.00339333
123.78	0.000718119
123.8	0.00129474
123.82	-0.00014775
123.84	0.005856118
123.86	0.01750567
123.88	0.011879735
123.9	0.011280128
123.92	0.008995001
123.94	0.005120947
123.96	0.004810491
123.98	0.012668151
124	0.002857146
124.02	0.003719755
124.04	-0.002322081
124.06	-0.010882468
124.08	-0.010311284
124.1	-0.013536719
124.12	-0.013365771
124.14	-0.016776594
124.16	-0.020434101
124.18	-0.02549024
124.2	-0.02820567
124.22	-0.030897686
124.24	-0.02667349
124.26	-0.025486066
124.28	-0.026651196
124.3	-0.023716408
124.32	-0.024519474
124.34	-0.028068321
124.36	-0.02353594
124.38	-0.023337737
124.4	-0.002781191
124.42	-0.00801824
124.44	-0.010634522
124.46	-0.010717965
124.48	-0.011076247
124.5	-0.007212033
124.52	-0.011353038
124.54	-0.000211986
124.56	0.00354259
124.58	0.006344143
124.6	0.007141176
124.62	0.004891027
124.64	-0.001558442
124.66	0.00038641
124.68	-0.000562741
124.7	0.000604168
124.72	-0.000952942
124.74	-3.22079E-05
124.76	0.005519784
124.78	0.007056399
124.8	0.013262031
124.82	0.01440255
124.84	0.014008761
124.86	0.012433337
124.88	0.01156153
124.9	0.010602037
124.92	0.012450331
124.94	0.017239358
124.96	0.02027511
124.98	0.023065915
125	0.027851542
125.02	0.030006101
125.04	0.028884814
125.06	0.021625753
125.08	0.02094188
125.1	0.008463302
125.12	0.005356382
125.14	0.019561392
125.16	0.024765361
125.18	0.016330897
125.2	0.007160186
125.22	0.00673289
125.24	0.014406937
125.26	-0.005578141
125.28	0.000435177
125.3	0.00315602
125.32	0.001026147
125.34	0.00905811
125.36	0.01245623
125.38	0.006286071
125.4	0.014507873
125.42	0.012956714
125.44	0.00730105
125.46	0.00374561
125.48	0.003297398
125.5	0.001959181
125.52	0.002413501
125.54	-0.00619633
125.56	-0.004170299
125.58	-0.012328508
125.6	-0.012532958
125.62	-0.014094921
125.64	-0.014978357
125.66	-0.016278186
125.68	-0.018598538
125.7	-0.022558359
125.72	-0.023951572
125.74	-0.029752071
125.76	-0.034606169
125.78	-0.028916732
125.8	-0.027528594
125.82	-0.024886428
125.84	-0.022439627
125.86	-0.004854205
125.88	-0.007566291
125.9	-0.006489503
125.92	-0.011064553
125.94	-0.010205024
125.96	-0.010032639
125.98	0.013092991
126	0.007945118
126.02	0.01760523
126.04	0.013098035
126.06	0.006994108
126.08	0.006399202
126.1	0.005502516
126.12	-0.005788105
126.14	-0.00920553
126.16	-0.001220488
126.18	0.013695611
126.2	0.005444766
126.22	0.005081366
126.24	0.001891247
126.26	0.006790954
126.28	0.009925623
126.3	0.013458674
126.32	0.016384554
126.34	0.013262318
126.36	0.013751483
126.38	0.01496697
126.4	0.014114882
126.42	0.021387375
126.44	0.024819616
126.46	0.025743833
126.48	0.028517913
126.5	0.027376269
126.52	0.022850998
126.54	0.01716258
126.56	0.014929585
126.58	0.004571046
126.6	0.003395935
126.62	0.004890092
126.64	-0.000521282
126.66	-0.007654606
126.68	-0.001844855
126.7	-0.017179957
126.72	-0.002543124
126.74	-0.002369605
126.76	-0.000287933
126.78	-0.002951871
126.8	0.014622036
126.82	0.007567252
126.84	0.012779318
126.86	0.00781722
126.88	0.009884659
126.9	0.004406928
126.92	0.00087657
126.94	0.010922846
126.96	-0.000291183
126.98	0.003823644
127	-0.007525608
127.02	-0.009690528
127.04	-0.00444777
127.06	-0.00345842
127.08	0.001926744
127.1	-0.002641933
127.12	-0.010635984
127.14	-0.015832817
127.16	-0.012703225
127.18	-0.006489989
127.2	-0.014769939
127.22	-0.017647499
127.24	-0.019152561
127.26	-0.021285938
127.28	-0.02262565
127.3	0.044916178
127.32	0.019990279
127.34	0.017693323
127.36	0.007357677
127.38	0.007869569
127.4	0.007577482
127.42	0.021915924
127.44	0.01827226
127.46	0.014985326
127.48	0.013233387
127.5	0.020193259
127.52	-0.005686509
127.54	-0.002541227
127.56	-0.010680198
127.58	-0.009757625
127.6	-0.00581735
127.62	-0.008024257
127.64	-0.011212751
127.66	-0.013514216
127.68	-0.008707626
127.7	-0.012145676
127.72	-0.02437995
127.74	-0.017131655
127.76	-0.011759283
127.78	-0.012283205
127.8	-0.008004027
127.82	-0.01571801
127.84	-0.015366
127.86	-0.000844257
127.88	0.00552849
127.9	0.002514639
127.92	0.000245508
127.94	-0.00763106
127.96	-0.015442921
127.98	-0.001085361
128	-0.012628343
128.02	-0.003255412
128.04	-0.011351594
128.06	-0.012021994
128.08	-0.020034293
128.1	-0.018972269
128.12	-0.020401803
128.14	-0.024644376
128.16	-0.025161154
128.18	-0.02446064
128.2	-0.027742003
128.22	-0.026835636
128.24	-0.002900975
128.26	0.016100081
128.28	0.004212919
128.3	-0.001759882
128.32	0.005390839
128.34	0.01518203
128.36	0.026866885
128.38	0.003243488
128.4	0.022881716
128.42	0.016589824
128.44	0.024198407
128.46	0.019447945
128.48	0.020414744
128.5	0.018363945
128.52	0.013014342
128.54	0.015749294
128.56	0.01242025
128.58	0.011321049
128.6	0.013541385
128.62	0.012597732
128.64	0.013488411
128.66	0.014313226
128.68	0.011519256
128.7	-0.005596811
128.72	-0.004065719
128.74	-0.000318236
128.76	0.003657045
128.78	0.005157617
128.8	-0.001975456
128.82	-0.003107857
128.84	-0.011235163
128.86	-0.001334025
128.88	0.010122111
128.9	0.009765511
128.92	0.010634541
128.94	0.011841795
128.96	0.007573843
128.98	0.012704031
129	0.013563542
129.02	0.012198399
129.04	0.01825722
129.06	0.019202001
129.08	0.02186749
129.1	0.018560966
129.12	0.018148032
129.14	0.013248298
129.16	0.010344133
129.18	0.020096228
129.2	0.017191474
129.22	0.015533474
129.24	0.010871676
129.26	0.007543359
129.28	-0.00176813
129.3	0.001248322
129.32	-0.005191123
129.34	-0.003283559
129.36	-0.008138352
129.38	-0.009009189
129.4	-0.020781086
129.42	-0.017565985
129.44	-0.020165705
129.46	-0.020841144
129.48	-0.024591024
129.5	-0.024770864
129.52	-0.026034055
129.54	-0.027434094
129.56	-0.025079684
129.58	-0.022397525
129.6	0.002593209
129.62	-0.000885837
129.64	-0.003372426
129.66	-0.007184593
129.68	-0.008154416
129.7	-0.007381115
129.72	0.004492632
129.74	-0.004765781
129.76	0.001156771
129.78	0.010900815
129.8	0.014886135
129.82	0.014392603
129.84	0.009557435
129.86	0.007664993
129.88	0.013793627
129.9	0.013301806
129.92	-0.00428479
129.94	-0.003132107
129.96	-0.011114682
129.98	-0.009592572
130	-0.011948237
130.02	-0.015203827
130.04	-0.020562488
130.06	-0.019668769
130.08	-0.028671422
130.1	-0.027459082
130.12	-0.023718494
130.14	-0.002563757
130.16	0.011492738
130.18	0.004377647
130.2	0.003584226
130.22	0.008630423
130.24	0.005606124
130.26	0.00737863
130.28	0.005872679
130.3	0.009208283
130.32	0.00702652
130.34	0.007314296
130.36	0.008086235
130.38	-0.003246446
130.4	-0.003048083
130.42	-0.007427304
130.44	-0.01252926
130.46	-0.019712825
130.48	-0.018984504
130.5	-0.014692749
130.52	-0.011159537
130.54	-0.008109032
130.56	-0.005302429
130.58	-0.000589456
130.6	-0.000734142
130.62	-0.002842821
130.64	0.001992636
130.66	0.008026509
130.68	0.014156531
130.7	0.004859095
130.72	0.006070452
130.74	0.002889519
130.76	0.005062657
130.78	0.000190563
130.8	-0.002594387
130.82	-0.008057087
130.84	-0.012008633
130.86	-0.011933758
130.88	-0.012704816
130.9	-0.012964974
130.92	-0.012086268
130.94	-0.013017042
130.96	-0.015547199
130.98	-0.017621179
131	-0.01832903
131.02	-0.020051785
131.04	-0.02069594
131.06	-0.018780287
131.08	-0.017862089
131.1	-0.014127004
131.12	-0.013502792
131.14	-0.002587984
131.16	-0.002555465
131.18	-0.001458764
131.2	0.001426374
131.22	0.005770205
131.24	0.014862345
131.26	0.020708642
131.28	0.017617736
131.3	0.013207025
131.32	0.018130466
131.34	0.015741224
131.36	0.013302336
131.38	0.01124576
131.4	-0.017341986
131.42	-0.017034356
131.44	-0.015493719
131.46	-0.016980374
131.48	-0.021864576
131.5	-0.019426207
131.52	-0.037737251
131.54	-0.022844694
131.56	-0.02033986
131.58	0.00539857
131.6	-0.004896612
131.62	-0.000609483
131.64	-0.00021481
131.66	0.001278859
131.68	0.00437372
131.7	0.005649947
131.72	0.009071652
131.74	0.015682416
131.76	0.011861718
131.78	0.008252062
131.8	0.007718462
131.82	0.00984229
131.84	0.007984038
131.86	0.004107474
131.88	-0.001152755
131.9	0.003049023
131.92	0.011196481
131.94	0.01242281
131.96	0.013876344
131.98	0.00839081
132	-0.007821845
132.02	-0.010175262
132.04	-0.010448984
132.06	-0.013038816
132.08	-0.012713875
132.1	-0.018290759
132.12	-0.023000146
132.14	-0.014609766
132.16	0.0040642
132.18	0.006907687
132.2	0.000937942
132.22	0.002444383
132.24	0.011306422
132.26	0.01741696
132.28	0.027309218
132.3	0.019991432
132.32	0.018594918
132.34	0.023536864
132.36	0.006943495
132.38	-0.006201818
132.4	-0.008998585
132.42	-0.01256013
132.44	-0.015233789
132.46	-0.018698706
132.48	-0.025361056
132.5	-0.014227371
132.52	-0.003576773
132.54	0.004480735
132.56	0.002756045
132.58	0.006588354
132.6	0.01121716
132.62	0.020883574
132.64	0.026684193
132.66	0.027658448
132.68	0.027364206
132.7	0.031511553
132.72	0.032662884
132.74	0.028796286
132.76	0.028794016
132.78	0.034761079
132.8	0.031207312
132.82	0.031710022
132.84	0.027620276
132.86	0.028040167
132.88	0.031463579
132.9	0.030596284
132.92	0.03114627
132.94	-0.015804753
132.96	-0.015930428
132.98	0.009894668
133	0.011581797
133.02	0.010074248
133.04	0.010438003
133.06	-0.012680408
133.08	-0.009904522
133.1	-0.008951445
133.12	-0.021446724
133.14	-0.002891906
133.16	0.001279896
133.18	0.007058239
133.2	0.007830101
133.22	0.01262554
133.24	0.010712066
133.26	0.01167319
133.28	0.016286778
133.3	0.01118692
133.32	0.008648424
133.34	0.003653384
133.36	0.013655103
133.38	0.007779748
133.4	0.008731534
133.42	0.0039283
133.44	0.001527291
133.46	0.001559134
133.48	-0.005537684
133.5	-0.003795724
133.52	-0.0086192
133.54	-0.014690328
133.56	-0.016601527
133.58	-0.014024838
133.6	-0.017055036
133.62	-0.016335723
133.64	-0.016273923
133.66	-0.013591289
133.68	-0.017875085
133.7	-0.023582247
133.72	-0.026980053
133.74	-0.027863046
133.76	-0.031390964
133.78	-0.033012347
133.8	-0.033095361
133.82	-0.031892303
133.84	-0.031355912
133.86	-0.029824764
133.88	-0.027965886
133.9	-0.022072465
133.92	-0.021521631
133.94	-0.024226593
133.96	-0.023154373
133.98	-0.027739196
134	-0.026310931
134.02	-0.022170104
134.04	-0.016636015
134.06	0.009088884
134.08	0.001439316
134.1	0.004201587
134.12	0.007607151
134.14	0.00635655
134.16	0.008187729
134.18	0.029092506
134.2	0.014231727
134.22	0.016063245
134.24	0.010190038
134.26	0.007785691
134.28	0.009252955
134.3	0.007462733
134.32	0.007440931
134.34	0.005322494
134.36	0.003874765
134.38	0.009010941
134.4	0.001438171
134.42	-0.001640346
134.44	-0.001705798
134.46	0.006406708
134.48	0.00835504
134.5	0.007695667
134.52	0.008254378
134.54	0.009885525
134.56	0.004136996
134.58	0.002343491
134.6	0.008020995
134.62	0.013285619
134.64	0.017943529
134.66	0.015887294
134.68	0.017530647
134.7	0.01656146
134.72	0.014050061
134.74	0.011787108
134.76	0.010400948
134.78	0.011720633
134.8	-0.012023413
134.82	0.005169943
134.84	-0.001564608
134.86	0.003628945
134.88	0.001736054
134.9	0.001776683
134.92	-0.003771932
134.94	0.009838166
134.96	0.002590182
134.98	0.001709023
135	-0.002211027
135.02	0.00223717
135.04	0.001868706
135.06	0.004820437
135.08	0.003823854
135.1	-0.001963995
135.12	-0.000175572
135.14	-0.004888703
135.16	-0.006478586
135.18	-0.007680656
135.2	-0.0070607
135.22	-0.004883988
135.24	-0.002334358
135.26	-0.002694222
135.28	-0.000344618
135.3	-0.007475651
135.32	-0.006333001
135.34	-0.001550434
135.36	0.001174756
135.38	0.001651308
135.4	-0.007165931
135.42	-0.010275829
135.44	-0.008507744
135.46	-0.010296777
135.48	-0.009416849
135.5	-0.010366194
135.52	-0.011467991
135.54	-0.010767345
135.56	-0.009371229
135.58	-0.010820352
135.6	-0.006027198
135.62	-0.006625065
135.64	-0.004673687
135.66	-0.00183903
135.68	-0.001664023
135.7	-0.001666031
135.72	-0.001199483
135.74	-0.000913689
135.76	-0.000526458
135.78	0.001618117
135.8	-0.000996006
135.82	-0.002474158
135.84	-0.002458967
135.86	-0.001738614
135.88	-0.000767471
135.9	-0.001067301
135.92	-0.000948559
135.94	-0.000650032
135.96	0.002320102
135.98	0.003402743
136	0.006179888
136.02	0.006662481
136.04	0.009664104
136.06	0.007970935
136.08	0.006330236
136.1	0.00466944
136.12	0.007265144
136.14	0.007011097
136.16	0.007836653
136.18	0.005760672
136.2	0.00464377
136.22	0.002765921
136.24	0.010255876
136.26	0.007192652
136.28	0.008352247
136.3	0.008801645
136.32	0.005255401
136.34	0.007804443
136.36	0.007588736
136.38	0.006244667
136.4	0.00478567
136.42	0.004888428
136.44	0.003030005
136.46	0.001700955
136.48	0.001836793
136.5	-0.000881778
136.52	-0.001556725
136.54	0.001089164
136.56	0.001918383
136.58	0.001893531
136.6	-0.000417228
136.62	0.001058715
136.64	0.001558387
136.66	0.00086823
136.68	0.000615064
136.7	-0.001091382
136.72	-0.001994058
136.74	-0.000554181
136.76	-0.001570828
136.78	-0.002728345
136.8	-0.003112928
136.82	-0.001807653
136.84	-0.005440163
136.86	-0.007731062
136.88	-0.007099095
136.9	-0.007414315
136.92	-0.005635309
136.94	-0.004169652
136.96	-0.005896186
136.98	-0.006534689
137	-0.004893925
137.02	-0.00428472
137.04	-0.003840322
137.06	-0.003008266
137.08	-0.004237393
137.1	-0.004512851
137.12	-0.006223977
137.14	-0.004945165
137.16	-0.00530628
137.18	-0.004438265
137.2	-0.003656482
137.22	-0.003330398
137.24	-0.002859754
137.26	-0.003106468
137.28	-0.001297161
137.3	-0.001700802
137.32	-0.000392497
137.34	-7.91966E-05
137.36	-0.000332486
137.38	-0.000470501
137.4	-0.000236169
137.42	0.001148454
137.44	0.000802626
137.46	0.000930242
137.48	0.000607688
137.5	0.00082302
137.52	0.001938502
137.54	0.002430305
137.56	0.003139213
137.58	0.00325894
137.6	0.003192927
137.62	0.003606787
137.64	0.003512655
137.66	0.004004025
137.68	0.005273381
137.7	0.007143883
137.72	0.006452593
137.74	0.005310234
137.76	0.005514093
137.78	0.004704964
137.8	0.004945852
137.82	0.004781098
137.84	0.003686557
137.86	0.003447888
137.88	0.003326102
137.9	0.003137386
137.92	0.003044684
137.94	0.003843166
137.96	0.004141735
137.98	0.00380897
138	0.004245153
138.02	0.002942622
138.04	0.002893268
138.06	0.00255657
138.08	0.001513941
138.1	0.001340939
138.12	-0.000192486
138.14	-0.00052231
138.16	-0.001001766
138.18	-0.00074986
138.2	-0.000474555
138.22	-0.001051832
138.24	-0.000920808
138.26	-0.001642983
138.28	-0.001621019
138.3	-0.001786842
138.32	-0.002108998
138.34	-0.002233619
138.36	-0.003041739
138.38	-0.003265192
138.4	-0.003730619
138.42	-0.004062785
138.44	-0.00394206
138.46	-0.003604687
138.48	-0.003710222
138.5	-0.004147177
138.52	-0.004535053
138.54	-0.004863204
138.56	-0.004526779
138.58	-0.003896527
138.6	-0.004400722
138.62	-0.003847583
138.64	-0.00344988
138.66	-0.00303879
138.68	-0.002503279
138.7	-0.00234716
138.72	-0.00228072
138.74	-0.002981144
138.76	-0.003075034
138.78	-0.002975259
138.8	-0.003002764
138.82	-0.002683937
138.84	-0.002442455
138.86	-0.001827241
138.88	-0.001244941
138.9	-0.000507856
138.92	0.000234924
138.94	0.000822402
138.96	0.001698815
138.98	0.001493855
139	0.001470971
139.02	0.001431656
139.04	0.001440551
139.06	0.001536644
139.08	0.001583749
139.1	0.001920045
139.12	0.001921673
139.14	0.002074284
139.16	0.00253848
139.18	0.002927541
139.2	0.003387623
139.22	0.003533926
139.24	0.003605424
139.26	0.003707969
139.28	0.003606407
139.3	0.003369399
139.32	0.003434091
139.34	0.003876458
139.36	0.00371704
139.38	0.003627208
139.4	0.003358622
139.42	0.00311033
139.44	0.003223691
139.46	0.003192944
139.48	0.002936023
139.5	0.00254579
139.52	0.00195319
139.54	0.001965931
139.56	0.002093652
139.58	0.002161405
139.6	0.001927487
139.62	0.001609914
139.64	0.001242459
139.66	0.00071088
139.68	0.000209649
139.7	-0.000298457
139.72	-0.000594175
139.74	-0.001000146
139.76	-0.00174681
139.78	-0.001933945
139.8	-0.002174583
139.82	-0.002176533
139.84	-0.001934294
139.86	-0.001938444
139.88	-0.001816831
139.9	-0.001863888
139.92	-0.002090833
139.94	-0.002190516
139.96	-0.002297332
139.98	-0.002419436
140	-0.002786748
140.02	-0.003196808
140.04	-0.003360383
140.06	-0.003422467
140.08	-0.003606081
140.1	-0.003227488
140.12	-0.002946847
140.14	-0.002870129
140.16	-0.002817726
140.18	-0.00292894
140.2	-0.002892029
140.22	-0.00270778
140.24	-0.002476747
140.26	-0.002368957
140.28	-0.002421613
140.3	-0.00235844
140.32	-0.001992438
140.34	-0.001571613
140.36	-0.001239364
140.38	-0.001099572
140.4	-0.000888845
140.42	-0.000655375
140.44	-0.000436527
140.46	-0.000180699
140.48	4.90681E-05
140.5	0.000371445
140.52	0.000717529
140.54	0.001042867
140.56	0.001363677
140.58	0.001569698
140.6	0.001823359
140.62	0.001882313
140.64	0.001829194
140.66	0.001882802
140.68	0.001825349
140.7	0.001862485
140.72	0.001887041
140.74	0.001964864
140.76	0.002194355
140.78	0.002304605
140.8	0.002674075
140.82	0.00306304
140.84	0.003341917
140.86	0.003492058
140.88	0.003385453
140.9	0.003271768
140.92	0.003022283
140.94	0.002870512
140.96	0.002525154
140.98	0.002320337
141	0.002010041
141.02	0.001784028
141.04	0.001543701
141.06	0.00160708
141.08	0.00144492
141.1	0.00134191
141.12	0.001237406
141.14	0.000972
141.16	0.00055456
141.18	0.000263272
141.2	0.00011821
141.22	4.61849E-06
141.24	-0.000206942
141.26	-0.000448886
141.28	-0.000625513
141.3	-0.000730126
141.32	-0.000915132
141.34	-0.001080575
141.36	-0.00126231
141.38	-0.001466924
141.4	-0.001711993
141.42	-0.00185211
141.44	-0.00195578
141.46	-0.002012273
141.48	-0.00198862
141.5	-0.002067644
141.52	-0.002088065
141.54	-0.002141925
141.56	-0.002289328
141.58	-0.002336598
141.6	-0.002508696
141.62	-0.002601417
141.64	-0.002761473
141.66	-0.002788571
141.68	-0.002737167
141.7	-0.00263541
141.72	-0.002333383
141.74	-0.002172673
141.76	-0.00197322
141.78	-0.001605957
141.8	-0.001453104
141.82	-0.001290946
141.84	-0.001230386
141.86	-0.001206087
141.88	-0.001062567
141.9	-0.001053881
141.92	-0.000986059
141.94	-0.00080732
141.96	-0.000634881
141.98	-0.000373588
142	-8.60311E-05
142.02	0.00025129
142.04	0.00052155
142.06	0.000757368
142.08	0.000925782
142.1	0.001096653
142.12	0.001216263
142.14	0.001292595
142.16	0.001431931
142.18	0.00161556
142.2	0.001779246
142.22	0.001926405
142.24	0.002005137
142.26	0.002030407
142.28	0.002063049
142.3	0.002112887
142.32	0.002106995
142.34	0.002092123
142.36	0.002105986
142.38	0.002067784
142.4	0.002061325
142.42	0.002031646
142.44	0.002088067
142.46	0.002093233
142.48	0.002060711
142.5	0.001957256
142.52	0.001699235
142.54	0.0015477
142.56	0.001360253
142.58	0.001218344
142.6	0.00108885
142.62	0.000889371
142.64	0.000800062
142.66	0.000717078
142.68	0.000655505
142.7	0.000613092
142.72	0.000515341
142.74	0.000404054
142.76	0.000183733
142.78	-0.0001092
142.8	-0.000364916
142.82	-0.000602509
142.84	-0.000847006
142.86	-0.001044518
142.88	-0.001216169
142.9	-0.001325521
142.92	-0.001422934
142.94	-0.001455873
142.96	-0.001464415
142.98	-0.001448671
143	-0.001487456
143.02	-0.001601051
143.04	-0.001706351
143.06	-0.001793126
143.08	-0.001859539
143.1	-0.001897776
143.12	-0.001906023
143.14	-0.001916018
143.16	-0.001922835
143.18	-0.00192024
143.2	-0.001896789
143.22	-0.001860316
143.24	-0.001854499
143.26	-0.001766244
143.28	-0.001702489
143.3	-0.001621413
143.32	-0.001501059
143.34	-0.001341687
143.36	-0.001123718
143.38	-0.000957779
143.4	-0.00080211
143.42	-0.000602821
143.44	-0.000452551
143.46	-0.000315715
143.48	-0.000233394
143.5	-0.000128141
143.52	6.65617E-06
143.54	0.000119984
143.56	0.000281175
143.58	0.000453822
143.6	0.000645282
143.62	0.000833854
143.64	0.000987735
143.66	0.001144857
143.68	0.00126508
143.7	0.00133319
143.72	0.001369512
143.74	0.001373672
143.76	0.001359159
143.78	0.001345803
143.8	0.001354812
143.82	0.001408245
143.84	0.001478559
143.86	0.001557229
143.88	0.001626633
143.9	0.00169351
143.92	0.001751917
143.94	0.001753231
143.96	0.001742265
143.98	0.001697627
144	0.001595911
144.02	0.001490947
144.04	0.001393831
144.06	0.001310233
144.08	0.001219633
144.1	0.001096238
144.12	0.000992663
144.14	0.000875816
144.16	0.000714655
144.18	0.00057794
144.2	0.000461744
144.22	0.000345169
144.24	0.000215945
144.26	7.79771E-05
144.28	-3.02008E-05
144.3	-0.000121367
144.32	-0.000215587
144.34	-0.000312556
144.36	-0.000429089
144.38	-0.000553505
144.4	-0.000713835
144.42	-0.000865673
144.44	-0.000999866
144.46	-0.001137578
144.48	-0.001232082
144.5	-0.001310683
144.52	-0.001366325
144.54	-0.00139388
144.56	-0.001410157
144.58	-0.001408918
144.6	-0.001405605
144.62	-0.00141841
144.64	-0.00145534
144.66	-0.001495537
144.68	-0.001520749
144.7	-0.001574552
144.72	-0.001564365
144.74	-0.001536533
144.76	-0.001471166
144.78	-0.001377731
144.8	-0.001258418
144.82	-0.001115712
144.84	-0.000968074
144.86	-0.000865485
144.88	-0.000753679
144.9	-0.000641148
144.92	-0.000577998
144.94	-0.0005008
144.96	-0.000426471
144.98	-0.000336161
145	-0.000238482
145.02	-0.000139175
145.04	-3.01251E-05
145.06	8.91082E-05
145.08	0.000202789
145.1	0.000307173
145.12	0.00041828
145.14	0.000521713
145.16	0.000619846
145.18	0.000721384
145.2	0.000832542
145.22	0.000931697
145.24	0.001019131
145.26	0.001105799
145.28	0.001178602
145.3	0.00124333
145.32	0.001272253
145.34	0.001280627
145.36	0.001282303
145.38	0.001269011
145.4	0.001255315
145.42	0.001249079
145.44	0.001262513
145.46	0.001266162
145.48	0.001261978
145.5	0.001259675