0	0
0.02	-2.45117E-06
0.04	-2.45122E-06
0.06	-2.45134E-06
0.08	-2.4515E-06
0.1	-2.45174E-06
0.12	-2.45204E-06
0.14	-2.45236E-06
0.16	-2.45263E-06
0.18	-2.453E-06
0.2	-2.45339E-06
0.22	-2.45389E-06
0.24	-2.45453E-06
0.26	-2.45543E-06
0.28	-2.45724E-06
0.3	-2.46228E-06
0.32	-2.47499E-06
0.34	-2.4994E-06
0.36	-2.53157E-06
0.38	-2.56027E-06
0.4	-2.58324E-06
0.42	-2.6099E-06
0.44	-2.63852E-06
0.46	-2.66454E-06
0.48	-2.69391E-06
0.5	-2.72163E-06
0.52	-2.7473E-06
0.54	-2.77554E-06
0.56	-2.80468E-06
0.58	-2.84035E-06
0.6	-2.88117E-06
0.62	-2.92905E-06
0.64	-2.97494E-06
0.66	-3.01533E-06
0.68	-3.0507E-06
0.7	-3.08711E-06
0.72	-3.12212E-06
0.74	-3.15249E-06
0.76	-3.17943E-06
0.78	-3.20739E-06
0.8	-3.23168E-06
0.82	-3.25574E-06
0.84	-3.27811E-06
0.86	-3.29752E-06
0.88	-3.31548E-06
0.9	-3.33371E-06
0.92	-3.34894E-06
0.94	-3.36368E-06
0.96	-3.37639E-06
0.98	-3.38777E-06
1	-3.39856E-06
1.02	-3.4075E-06
1.04	-3.41617E-06
1.06	-3.42238E-06
1.08	-3.42813E-06
1.1	-3.43153E-06
1.12	-3.4336E-06
1.14	-3.43512E-06
1.16	-3.4345E-06
1.18	-3.42975E-06
1.2	-3.41989E-06
1.22	-3.40366E-06
1.24	-3.38362E-06
1.26	-3.36283E-06
1.28	-3.34426E-06
1.3	-3.32961E-06
1.32	-3.31663E-06
1.34	-3.30183E-06
1.36	-3.2858E-06
1.38	-3.27161E-06
1.4	-3.26102E-06
1.42	-3.24938E-06
1.44	-3.23508E-06
1.46	-3.2185E-06
1.48	-3.19988E-06
1.5	-3.1792E-06
1.52	-3.15945E-06
1.54	-3.14329E-06
1.56	-3.13158E-06
1.58	-3.12311E-06
1.6	-3.11786E-06
1.62	-3.11316E-06
1.64	-3.10878E-06
1.66	-3.10783E-06
1.68	-3.1086E-06
1.7	-3.10766E-06
1.72	-3.10659E-06
1.74	-3.10713E-06
1.76	-3.10809E-06
1.78	-3.10921E-06
1.8	-3.10921E-06
1.82	-3.10882E-06
1.84	-3.10888E-06
1.86	-3.10833E-06
1.88	-3.10762E-06
1.9	-3.10561E-06
1.92	-3.10255E-06
1.94	-3.09931E-06
1.96	-3.09603E-06
1.98	-3.0922E-06
2	-3.08701E-06
2.02	-3.08174E-06
2.04	-3.07558E-06
2.06	-3.06938E-06
2.08	-3.06517E-06
2.1	-3.06158E-06
2.12	-3.05855E-06
2.14	-3.05309E-06
2.16	-3.04272E-06
2.18	-3.02759E-06
2.2	-3.00816E-06
2.22	-2.98601E-06
2.24	-2.96167E-06
2.26	-2.93532E-06
2.28	-2.90611E-06
2.3	-2.8736E-06
2.32	-2.83948E-06
2.34	-2.80607E-06
2.36	-2.77274E-06
2.38	-2.73831E-06
2.4	-2.69982E-06
2.42	-2.65709E-06
2.44	-2.61076E-06
2.46	-2.55967E-06
2.48	-2.50471E-06
2.5	-2.44742E-06
2.52	-2.38879E-06
2.54	-2.32867E-06
2.56	-2.26697E-06
2.58	-2.20456E-06
2.6	-2.14103E-06
2.62	-2.07733E-06
2.64	-2.01338E-06
2.66	-1.94824E-06
2.68	-1.88191E-06
2.7	-1.81558E-06
2.72	-1.74987E-06
2.74	-1.68306E-06
2.76	-1.61508E-06
2.78	-1.54703E-06
2.8	-1.4793E-06
2.82	-1.41066E-06
2.84	-1.3413E-06
2.86	-1.27082E-06
2.88	-1.19924E-06
2.9	-1.12764E-06
2.92	-1.05549E-06
2.94	-9.81761E-07
2.96	-9.06155E-07
2.98	-8.28889E-07
3	-7.50553E-07
3.02	-6.72727E-07
3.04	-5.96425E-07
3.06	-5.22275E-07
3.08	-4.4983E-07
3.1	-3.77433E-07
3.12	-3.04134E-07
3.14	-2.30058E-07
3.16	-1.5498E-07
3.18	-7.91341E-08
3.2	-1.55487E-09
3.22	7.84903E-08
3.24	1.61386E-07
3.26	2.46438E-07
3.28	3.32662E-07
3.3	4.18675E-07
3.32	5.04113E-07
3.34	5.90343E-07
3.36	6.78004E-07
3.38	7.67369E-07
3.4	8.59212E-07
3.42	9.53958E-07
3.44	1.05237E-06
3.46	1.15427E-06
3.48	1.25922E-06
3.5	1.36741E-06
3.52	1.47919E-06
3.54	1.59429E-06
3.56	1.71233E-06
3.58	1.83343E-06
3.6	1.95773E-06
3.62	2.08502E-06
3.64	2.21549E-06
3.66	2.34897E-06
3.68	2.48463E-06
3.7	2.62326E-06
3.72	2.76486E-06
3.74	2.90866E-06
3.76	3.05434E-06
3.78	3.20251E-06
3.8	3.35356E-06
3.82	3.50697E-06
3.84	3.66209E-06
3.86	3.81897E-06
3.88	3.97805E-06
3.9	4.14044E-06
3.92	4.3069E-06
3.94	4.47752E-06
3.96	4.65167E-06
3.98	4.82845E-06
4	5.00742E-06
4.02	5.1876E-06
4.04	5.3691E-06
4.06	5.55215E-06
4.08	5.73635E-06
4.1	5.92134E-06
4.12	6.10688E-06
4.14	6.29337E-06
4.16	6.48162E-06
4.18	6.67254E-06
4.2	6.86615E-06
4.22	7.06223E-06
4.24	7.26016E-06
4.26	7.45913E-06
4.28	7.65891E-06
4.3	7.85931E-06
4.32	8.06032E-06
4.34	8.2618E-06
4.36	8.46391E-06
4.38	8.66702E-06
4.4	8.87161E-06
4.42	9.07769E-06
4.44	9.28516E-06
4.46	9.49442E-06
4.48	9.70569E-06
4.5	9.91913E-06
4.52	1.01346E-05
4.54	1.03524E-05
4.56	1.05725E-05
4.58	1.07953E-05
4.6	1.10209E-05
4.62	1.12493E-05
4.64	1.14806E-05
4.66	1.17147E-05
4.68	1.19517E-05
4.7	1.21917E-05
4.72	1.24344E-05
4.74	1.26803E-05
4.76	1.29293E-05
4.78	1.3181E-05
4.8	1.34343E-05
4.82	1.36893E-05
4.84	1.39467E-05
4.86	1.4207E-05
4.88	1.4471E-05
4.9	1.47389E-05
4.92	1.50108E-05
4.94	1.52865E-05
4.96	1.55663E-05
4.98	1.585E-05
5	1.61377E-05
5.02	1.64289E-05
5.04	1.67234E-05
5.06	1.70204E-05
5.08	1.73197E-05
5.1	1.76213E-05
5.12	1.79259E-05
5.14	1.82338E-05
5.16	1.85454E-05
5.18	1.88605E-05
5.2	1.91792E-05
5.22	1.95013E-05
5.24	1.98267E-05
5.26	2.01549E-05
5.28	2.04856E-05
5.3	2.08186E-05
5.32	2.11537E-05
5.34	2.14908E-05
5.36	2.183E-05
5.38	2.2171E-05
5.4	2.25136E-05
5.42	2.28579E-05
5.44	2.3204E-05
5.46	2.35516E-05
5.48	2.39007E-05
5.5	2.42511E-05
5.52	2.4603E-05
5.54	2.49566E-05
5.56	2.53118E-05
5.58	2.56687E-05
5.6	2.60272E-05
5.62	2.63873E-05
5.64	2.67492E-05
5.66	2.71131E-05
5.68	2.74792E-05
5.7	2.78478E-05
5.72	2.82186E-05
5.74	2.85912E-05
5.76	2.89649E-05
5.78	2.93395E-05
5.8	2.9715E-05
5.82	3.00918E-05
5.84	3.04698E-05
5.86	3.0849E-05
5.88	3.12298E-05
5.9	3.16122E-05
5.92	3.19967E-05
5.94	3.23837E-05
5.96	3.27733E-05
5.98	3.31653E-05
6	3.35595E-05
6.02	3.39557E-05
6.04	3.43534E-05
6.06	3.47526E-05
6.08	3.51534E-05
6.1	3.55561E-05
6.12	3.59606E-05
6.14	3.63673E-05
6.16	3.67763E-05
6.18	3.71877E-05
6.2	3.76018E-05
6.22	3.80182E-05
6.24	3.84371E-05
6.26	3.88584E-05
6.28	3.92819E-05
6.3	3.97077E-05
6.32	4.01356E-05
6.34	4.05655E-05
6.36	4.09973E-05
6.38	4.1431E-05
6.4	4.18664E-05
6.42	4.23033E-05
6.44	4.27415E-05
6.46	4.31807E-05
6.48	4.36211E-05
6.5	4.40625E-05
6.52	4.45047E-05
6.54	4.49475E-05
6.56	4.53906E-05
6.58	4.58339E-05
6.6	4.62776E-05
6.62	4.67217E-05
6.64	4.71665E-05
6.66	4.76122E-05
6.68	4.80586E-05
6.7	4.85056E-05
6.72	4.89528E-05
6.74	4.93998E-05
6.76	4.98467E-05
6.78	5.02931E-05
6.8	5.07387E-05
6.82	5.11831E-05
6.84	5.16262E-05
6.86	5.20681E-05
6.88	5.25089E-05
6.9	5.29487E-05
6.92	5.33878E-05
6.94	5.3826E-05
6.96	5.42633E-05
6.98	5.46994E-05
7	5.51342E-05
7.02	5.55673E-05
7.04	5.59985E-05
7.06	5.64278E-05
7.08	5.68551E-05
7.1	5.72802E-05
7.12	5.77033E-05
7.14	5.81243E-05
7.16	5.85433E-05
7.18	5.89603E-05
7.2	5.93752E-05
7.22	5.97881E-05
7.24	6.01989E-05
7.26	6.06076E-05
7.28	6.10142E-05
7.3	6.14186E-05
7.32	6.1821E-05
7.34	6.22214E-05
7.36	6.26195E-05
7.38	6.30153E-05
7.4	6.34088E-05
7.42	6.37998E-05
7.44	6.41883E-05
7.46	6.45743E-05
7.48	6.49575E-05
7.5	6.53376E-05
7.52	6.57143E-05
7.54	6.60872E-05
7.56	6.64564E-05
7.58	6.68217E-05
7.6	6.71832E-05
7.62	6.75411E-05
7.64	6.78951E-05
7.66	6.82454E-05
7.68	6.85917E-05
7.7	6.89341E-05
7.72	6.92725E-05
7.74	6.96065E-05
7.76	6.99359E-05
7.78	7.02602E-05
7.8	7.0579E-05
7.82	7.08922E-05
7.84	7.11997E-05
7.86	7.15013E-05
7.88	7.17969E-05
7.9	7.20865E-05
7.92	7.23701E-05
7.94	7.26474E-05
7.96	7.29183E-05
7.98	7.31823E-05
8	7.34394E-05
8.02	7.36892E-05
8.04	7.39314E-05
8.06	7.41657E-05
8.08	7.4392E-05
8.1	7.46099E-05
8.12	7.48194E-05
8.14	7.502E-05
8.16	7.52117E-05
8.18	7.53942E-05
8.2	7.55673E-05
8.22	7.57308E-05
8.24	7.58844E-05
8.26	7.60282E-05
8.28	7.61619E-05
8.3	7.62853E-05
8.32	7.63984E-05
8.34	7.65008E-05
8.36	7.65926E-05
8.38	7.66736E-05
8.4	7.67439E-05
8.42	7.68033E-05
8.44	7.68518E-05
8.46	7.68888E-05
8.48	7.69142E-05
8.5	7.69277E-05
8.52	7.69288E-05
8.54	7.69175E-05
8.56	7.68935E-05
8.58	7.68565E-05
8.6	7.68064E-05
8.62	7.67432E-05
8.64	7.66667E-05
8.66	7.65769E-05
8.68	7.64738E-05
8.7	7.63571E-05
8.72	7.62267E-05
8.74	7.60823E-05
8.76	7.59234E-05
8.78	7.57498E-05
8.8	7.55613E-05
8.82	7.53575E-05
8.84	7.51383E-05
8.86	7.49036E-05
8.88	7.46531E-05
8.9	7.43866E-05
8.92	7.4104E-05
8.94	7.38051E-05
8.96	7.34896E-05
8.98	7.31573E-05
9	7.28079E-05
9.02	7.2441E-05
9.04	7.20565E-05
9.06	7.1654E-05
9.08	7.12333E-05
9.1	7.0794E-05
9.12	7.03358E-05
9.14	6.98583E-05
9.16	6.93613E-05
9.18	6.88443E-05
9.2	6.8307E-05
9.22	6.77492E-05
9.24	6.71704E-05
9.26	6.65703E-05
9.28	6.59484E-05
9.3	6.53044E-05
9.32	6.46381E-05
9.34	6.39492E-05
9.36	6.32375E-05
9.38	6.25028E-05
9.4	6.17449E-05
9.42	6.09634E-05
9.44	6.01581E-05
9.46	5.93287E-05
9.48	5.84748E-05
9.5	5.7596E-05
9.52	5.66918E-05
9.54	5.5762E-05
9.56	5.4806E-05
9.58	5.38235E-05
9.6	5.28144E-05
9.62	5.17783E-05
9.64	5.07151E-05
9.66	4.96245E-05
9.68	4.85063E-05
9.7	4.73602E-05
9.72	4.61858E-05
9.74	4.49828E-05
9.76	4.37509E-05
9.78	4.24897E-05
9.8	4.11988E-05
9.82	3.9878E-05
9.84	3.8527E-05
9.86	3.71454E-05
9.88	3.57331E-05
9.9	3.42896E-05
9.92	3.28149E-05
9.94	3.13085E-05
9.96	2.97702E-05
9.98	2.81997E-05
10	2.65968E-05
10.02	2.49611E-05
10.04	2.32925E-05
10.06	2.15906E-05
10.08	1.98551E-05
10.1	1.80858E-05
10.12	1.62823E-05
10.14	1.44442E-05
10.16	1.25715E-05
10.18	1.06636E-05
10.2	8.72033E-06
10.22	6.74118E-06
10.24	4.72573E-06
10.26	2.67356E-06
10.28	5.84277E-07
10.3	-1.54246E-06
10.32	-3.70699E-06
10.34	-5.90962E-06
10.36	-8.15066E-06
10.38	-1.04304E-05
10.4	-1.27491E-05
10.42	-1.5107E-05
10.44	-1.75045E-05
10.46	-1.9942E-05
10.48	-2.24197E-05
10.5	-2.49382E-05
10.52	-2.74978E-05
10.54	-3.0099E-05
10.56	-3.27422E-05
10.58	-3.54278E-05
10.6	-3.8156E-05
10.62	-4.09271E-05
10.64	-4.37416E-05
10.66	-4.65996E-05
10.68	-4.95015E-05
10.7	-5.24477E-05
10.72	-5.54384E-05
10.74	-5.84741E-05
10.76	-6.15552E-05
10.78	-6.46819E-05
10.8	-6.78547E-05
10.82	-7.10739E-05
10.84	-7.43398E-05
10.86	-7.76527E-05
10.88	-8.1013E-05
10.9	-8.44211E-05
10.92	-8.78771E-05
10.94	-9.13816E-05
10.96	-9.49346E-05
10.98	-9.85366E-05
11	-0.000102188
11.02	-0.000105889
11.04	-0.000109639
11.06	-0.000113439
11.08	-0.00011729
11.1	-0.000121191
11.12	-0.000125143
11.14	-0.000129146
11.16	-0.0001332
11.18	-0.000137305
11.2	-0.000141461
11.22	-0.00014567
11.24	-0.000149931
11.26	-0.000154244
11.28	-0.00015861
11.3	-0.000163029
11.32	-0.000167501
11.34	-0.000172026
11.36	-0.000176606
11.38	-0.000181239
11.4	-0.000185926
11.42	-0.000190667
11.44	-0.000195462
11.46	-0.000200312
11.48	-0.000205217
11.5	-0.000210177
11.52	-0.000215192
11.54	-0.000220262
11.56	-0.000225388
11.58	-0.00023057
11.6	-0.000235808
11.62	-0.000241102
11.64	-0.000246452
11.66	-0.000251858
11.68	-0.000257322
11.7	-0.000262842
11.72	-0.000268418
11.74	-0.000274052
11.76	-0.000279743
11.78	-0.000285492
11.8	-0.000291297
11.82	-0.000297161
11.84	-0.000303082
11.86	-0.000309061
11.88	-0.000315098
11.9	-0.000321192
11.92	-0.000327346
11.94	-0.000333557
11.96	-0.000339826
11.98	-0.000346155
12	-0.000352541
12.02	-0.000358987
12.04	-0.000365491
12.06	-0.000372054
12.08	-0.000378675
12.1	-0.000385355
12.12	-0.000392094
12.14	-0.000398891
12.16	-0.000405747
12.18	-0.000412661
12.2	-0.000419633
12.22	-0.000426664
12.24	-0.000433753
12.26	-0.0004409
12.28	-0.000448105
12.3	-0.000455369
12.32	-0.00046269
12.34	-0.000470069
12.36	-0.000477506
12.38	-0.000485
12.4	-0.000492551
12.42	-0.000500159
12.44	-0.000507824
12.46	-0.000515546
12.48	-0.000523324
12.5	-0.000531158
12.52	-0.000539048
12.54	-0.000546993
12.56	-0.000554994
12.58	-0.00056305
12.6	-0.000571161
12.62	-0.000579326
12.64	-0.000587545
12.66	-0.000595817
12.68	-0.000604143
12.7	-0.000612522
12.72	-0.000620953
12.74	-0.000629437
12.76	-0.000637972
12.78	-0.000646558
12.8	-0.000655195
12.82	-0.000663882
12.84	-0.000672619
12.86	-0.000681405
12.88	-0.00069024
12.9	-0.000699123
12.92	-0.000708053
12.94	-0.000717031
12.96	-0.000726055
12.98	-0.000735125
13	-0.00074424
13.02	-0.0007534
13.04	-0.000762605
13.06	-0.000771853
13.08	-0.000781143
13.1	-0.000790476
13.12	-0.00079985
13.14	-0.000809265
13.16	-0.00081872
13.18	-0.000828214
13.2	-0.000837745
13.22	-0.000847315
13.24	-0.000856921
13.26	-0.000866562
13.28	-0.000876239
13.3	-0.000885949
13.32	-0.000895693
13.34	-0.000905469
13.36	-0.000915276
13.38	-0.000925113
13.4	-0.00093498
13.42	-0.000944874
13.44	-0.000954795
13.46	-0.000964743
13.48	-0.000974715
13.5	-0.000984711
13.52	-0.000994729
13.54	-0.001004768
13.56	-0.001014828
13.58	-0.001024907
13.6	-0.001035003
13.62	-0.001045115
13.64	-0.001055243
13.66	-0.001065384
13.68	-0.001075537
13.7	-0.001085701
13.72	-0.001095875
13.74	-0.001106056
13.76	-0.001116244
13.78	-0.001126437
13.8	-0.001136633
13.82	-0.001146831
13.84	-0.00115703
13.86	-0.001167226
13.88	-0.00117742
13.9	-0.001187608
13.92	-0.00119779
13.94	-0.001207963
13.96	-0.001218127
13.98	-0.001228278
14	-0.001238415
14.02	-0.001248537
14.04	-0.001258641
14.06	-0.001268726
14.08	-0.001278789
14.1	-0.001288829
14.12	-0.001298844
14.14	-0.001308831
14.16	-0.001318788
14.18	-0.001328713
14.2	-0.001338605
14.22	-0.00134846
14.24	-0.001358278
14.26	-0.001368054
14.28	-0.001377788
14.3	-0.001387477
14.32	-0.001397118
14.34	-0.00140671
14.36	-0.001416249
14.38	-0.001425734
14.4	-0.001435161
14.42	-0.001444529
14.44	-0.001453835
14.46	-0.001463075
14.48	-0.001472249
14.5	-0.001481352
14.52	-0.001490382
14.54	-0.001499337
14.56	-0.001508213
14.58	-0.001517009
14.6	-0.00152572
14.62	-0.001534344
14.64	-0.001542879
14.66	-0.001551321
14.68	-0.001559667
14.7	-0.001567915
14.72	-0.001576061
14.74	-0.001584102
14.76	-0.001592035
14.78	-0.001599857
14.8	-0.001607564
14.82	-0.001615153
14.84	-0.001622622
14.86	-0.001629966
14.88	-0.001637182
14.9	-0.001644267
14.92	-0.001651217
14.94	-0.001658028
14.96	-0.001664698
14.98	-0.001671222
15	-0.001678255
15.02	-0.001685321
15.04	-0.00169098
15.06	-0.001695977
15.08	-0.001702119
15.1	-0.001707621
15.12	-0.001708031
15.14	-0.001717271
15.16	-0.001718054
15.18	-0.001719928
15.2	-0.001717364
15.22	-0.001672041
15.24	-0.001607242
15.26	-0.001583236
15.28	-0.00166217
15.3	-0.002059118
15.32	-0.001939612
15.34	-0.001432128
15.36	-0.002395679
15.38	-0.001146955
15.4	-0.001644431
15.42	-0.000748339
15.44	-0.001053429
15.46	0.00014988
15.48	0.002270363
15.5	0.009101609
15.52	0.012877185
15.54	0.017435271
15.56	0.018642023
15.58	0.009130262
15.6	-0.017406306
15.62	-0.024631361
15.64	-0.029336143
15.66	-0.023752486
15.68	0.039506273
15.7	0.009123206
15.72	-0.016837873
15.74	-0.019995392
15.76	-0.014685731
15.78	-0.013726257
15.8	0.04781066
15.82	0.034673192
15.84	0.046156157
15.86	0.052023509
15.88	0.045190966
15.9	0.038892974
15.92	0.031019746
15.94	0.027404128
15.96	0.031890016
15.98	-0.068812587
16	-0.062480143
16.02	-0.016759409
16.04	-0.018952334
16.06	-0.024533447
16.08	-0.03595783
16.1	-0.049493075
16.12	-0.056208473
16.14	-0.067387396
16.16	-0.073139626
16.18	-0.065127993
16.2	-0.051540417
16.22	-0.046224314
16.24	-0.040309115
16.26	-0.040766714
16.28	-0.040730504
16.3	-0.038741549
16.32	-0.02881732
16.34	0.004251681
16.36	0.05811922
16.38	0.066142922
16.4	0.06594508
16.42	0.066702672
16.44	0.072382419
16.46	0.062320463
16.48	0.058298512
16.5	0.063519706
16.52	0.085345666
16.54	0.088827002
16.56	0.087571308
16.58	0.095050967
16.6	0.093118421
16.62	0.076753047
16.64	0.055979524
16.66	0.0635812
16.68	0.064349474
16.7	0.064184952
16.72	0.072593775
16.74	0.073275625
16.76	0.078129808
16.78	0.086580711
16.8	0.090763033
16.82	0.104270628
16.84	0.108218738
16.86	0.033801969
16.88	-0.008198304
16.9	-0.016094752
16.92	-0.027770175
16.94	-0.028412015
16.96	-0.031078918
16.98	0.055226449
17	0.14902743
17.02	0.140527378
17.04	0.102495037
17.06	0.062460094
17.08	0.081532831
17.1	0.070917765
17.12	0.051304948
17.14	0.048298457
17.16	0.077175679
17.18	0.061926015
17.2	0.037024475
17.22	0.018985694
17.24	0.007250526
17.26	-0.024674695
17.28	-0.025609859
17.3	-0.039278546
17.32	-0.065824204
17.34	-0.070905652
17.36	-0.092038395
17.38	-0.112630844
17.4	-0.120715403
17.42	-0.141899037
17.44	-0.148868278
17.46	-0.152688039
17.48	-0.151056941
17.5	-0.164077167
17.52	-0.183738094
17.54	-0.189417792
17.56	-0.16263163
17.58	-0.164814662
17.6	-0.172369164
17.62	-0.167946762
17.64	-0.170382294
17.66	-0.176098941
17.68	0.098761958
17.7	0.103803437
17.72	0.136068024
17.74	0.132919549
17.76	0.089283215
17.78	0.14357844
17.8	0.147233032
17.82	0.175401834
17.84	0.116732966
17.86	0.186214792
17.88	0.153245114
17.9	0.189418389
17.92	0.204846097
17.94	0.224537359
17.96	0.221618143
17.98	0.133456977
18	0.134055253
18.02	0.118127225
18.04	0.086725218
18.06	0.088291129
18.08	-0.032096755
18.1	-0.053538361
18.12	-0.059398774
18.14	-0.100622967
18.16	-0.099410717
18.18	-0.078713371
18.2	-0.103045691
18.22	-0.1252509
18.24	-0.14246321
18.26	-0.158517339
18.28	-0.201491605
18.3	-0.23057299
18.32	-0.260072108
18.34	-0.285825415
18.36	-0.303232952
18.38	-0.340487578
18.4	-0.354727285
18.42	-0.376024978
18.44	-0.365960832
18.46	-0.313353217
18.48	-0.224208013
18.5	-0.203842562
18.52	-0.219593652
18.54	-0.172089198
18.56	-0.167009016
18.58	-0.170036106
18.6	-0.170693742
18.62	-0.181912777
18.64	-0.203155248
18.66	-0.207702456
18.68	-0.011450104
18.7	-0.032356855
18.72	0.013549864
18.74	0.067523978
18.76	0.006891443
18.78	0.026776387
18.8	0.053105091
18.82	0.051888783
18.84	0.029379027
18.86	0.040148846
18.88	0.068206698
18.9	0.069446097
18.92	0.100302775
18.94	0.145876288
18.96	0.13744477
18.98	0.171881395
19	0.187889501
19.02	0.213220091
19.04	0.226745788
19.06	0.247195192
19.08	0.247468147
19.1	0.255993544
19.12	0.259573336
19.14	0.244888829
19.16	0.237838965
19.18	0.224631811
19.2	-0.01830442
19.22	-0.050845449
19.24	-0.083613942
19.26	-0.057804964
19.28	-0.059671007
19.3	0.000438414
19.32	-0.047912023
19.34	-0.057828013
19.36	-0.023412335
19.38	-0.056725522
19.4	-0.068806681
19.42	-0.059560193
19.44	-0.105480467
19.46	-0.117318066
19.48	0.080910721
19.5	0.03093699
19.52	0.015375926
19.54	0.028801177
19.56	0.021512686
19.58	0.03020288
19.6	0.044648464
19.62	0.03939887
19.64	0.065221957
19.66	0.088193068
19.68	0.135028241
19.7	0.158777371
19.72	0.169481212
19.74	0.183027953
19.76	0.152714606
19.78	0.137048922
19.8	0.11669924
19.82	0.123731811
19.84	0.132425061
19.86	0.138553427
19.88	0.152745976
19.9	0.155020245
19.92	0.166755411
19.94	0.160137392
19.96	0.150887078
19.98	0.149591395
20	0.160029133
20.02	0.190794419
20.04	0.234077385
20.06	0.249006426
20.08	0.253527793
20.1	0.214305414
20.12	0.125473483
20.14	0.110832983
20.16	0.041305921
20.18	-0.088366432
20.2	-0.033883478
20.22	-0.044235567
20.24	-0.07719959
20.26	-0.115850232
20.28	-0.078217696
20.3	-0.119752755
20.32	-0.092605812
20.34	-0.098677873
20.36	-0.097090852
20.38	-0.093599753
20.4	-0.049370371
20.42	-0.07309966
20.44	-0.073515004
20.46	-0.091353318
20.48	-0.029991436
20.5	-0.032192256
20.52	-0.048505372
20.54	-0.073651752
20.56	-0.073177169
20.58	-0.102400767
20.6	-0.086119131
20.62	-0.047704091
20.64	-0.049497394
20.66	-0.056997231
20.68	-0.048575283
20.7	-0.049484983
20.72	-0.05691576
20.74	-0.048978135
20.76	-0.030473484
20.78	-0.03790803
20.8	-0.05071728
20.82	-0.063056015
20.84	-0.109433204
20.86	-0.143832362
20.88	-0.170759052
20.9	-0.206407357
20.92	-0.214087233
20.94	-0.21892343
20.96	-0.225672342
20.98	-0.216392125
21	-0.234782873
21.02	-0.229529648
21.04	-0.222340641
21.06	-0.214168861
21.08	-0.207846211
21.1	-0.203678251
21.12	-0.196729237
21.14	-0.191415804
21.16	-0.133628132
21.18	-0.081151292
21.2	0.093530268
21.22	-0.005941466
21.24	0.085350982
21.26	0.019844121
21.28	0.032117226
21.3	0.094974884
21.32	0.056657644
21.34	0.06920832
21.36	0.076268188
21.38	0.093673184
21.4	0.098310063
21.42	0.150720579
21.44	0.165002863
21.46	0.187600987
21.48	0.188967215
21.5	0.212162932
21.52	0.216420649
21.54	0.234982676
21.56	0.232168209
21.58	0.250902203
21.6	0.235827503
21.62	0.239876346
21.64	0.104745556
21.66	0.066344025
21.68	-0.008956849
21.7	-0.064816251
21.72	0.023471306
21.74	0.009125296
21.76	-0.05409074
21.78	-0.02379499
21.8	-0.011719593
21.82	-0.051788444
21.84	-0.046457872
21.86	-0.063954978
21.88	-0.130692523
21.9	-0.119392473
21.92	-0.07638869
21.94	-0.016538047
21.96	0.012779811
21.98	0.013837206
22	-0.014951732
22.02	-0.049852672
22.04	-0.084206214
22.06	-0.068546836
22.08	-0.09561924
22.1	-0.093974191
22.12	-0.098076699
22.14	-0.090468879
22.16	-0.0563404
22.18	-0.063904777
22.2	-0.041393603
22.22	-0.047947618
22.24	-0.065882488
22.26	-0.07836085
22.28	-0.088954817
22.3	-0.104443278
22.32	-0.098378121
22.34	-0.094523409
22.36	-0.102288076
22.38	-0.005841567
22.4	-0.0187561
22.42	-0.010828857
22.44	0.022011256
22.46	0.032683055
22.48	0.032636839
22.5	0.012629974
22.52	0.048331352
22.54	0.055694265
22.56	0.094494328
22.58	0.056697269
22.6	-0.018343817
22.62	-0.055693946
22.64	-0.049349517
22.66	-0.010708176
22.68	0.052672194
22.7	0.060661101
22.72	0.052942337
22.74	0.058750358
22.76	0.033456264
22.78	-0.010652275
22.8	-0.001031919
22.82	0.042188166
22.84	0.059803349
22.86	0.059525327
22.88	0.074132909
22.9	0.051279753
22.92	0.068594404
22.94	0.082080023
22.96	0.113622391
22.98	0.105638818
23	0.126530394
23.02	0.1088388
23.04	0.126611384
23.06	0.136302642
23.08	0.145254655
23.1	0.167864863
23.12	0.147724126
23.14	0.166368822
23.16	0.110386482
23.18	0.07975241
23.2	0.088580563
23.22	0.081215303
23.24	0.074206265
23.26	0.078779614
23.28	0.071826457
23.3	0.114965867
23.32	0.099709109
23.34	0.116976125
23.36	0.117423006
23.38	0.120876199
23.4	0.088657455
23.42	0.099033446
23.44	0.095806708
23.46	0.102265982
23.48	0.08862325
23.5	0.103612029
23.52	0.09684288
23.54	0.098366006
23.56	0.096689699
23.58	-0.005794822
23.6	-0.000110862
23.62	0.03187109
23.64	0.005226014
23.66	-0.042910057
23.68	-0.033900848
23.7	-0.034479252
23.72	-0.05992332
23.74	-0.04324267
23.76	-0.102206623
23.78	-0.094794897
23.8	-0.133420108
23.82	-0.136889666
23.84	-0.149093559
23.86	-0.153768538
23.88	-0.167505758
23.9	-0.154552097
23.92	-0.168023459
23.94	-0.165542272
23.96	-0.190608884
23.98	-0.195796851
24	-0.21069333
24.02	-0.224999116
24.04	-0.227685233
24.06	-0.245017006
24.08	-0.243044762
24.1	-0.250284692
24.12	-0.253449311
24.14	-0.227271699
24.16	-0.152609848
24.18	-0.056561673
24.2	-0.075499983
24.22	-0.049235505
24.24	-0.0384901
24.26	-0.04836542
24.28	-0.02596749
24.3	-0.070296625
24.32	-0.081111653
24.34	-0.063021912
24.36	-0.061852933
24.38	-0.027292435
24.4	0.028235193
24.42	0.042310812
24.44	0.032852864
24.46	0.064703167
24.48	0.057228552
24.5	0.053159496
24.52	0.058740993
24.54	0.061922745
24.56	0.056481818
24.58	0.067592792
24.6	0.093931786
24.62	-0.040580314
24.64	-0.023776825
24.66	-0.024173815
24.68	-0.077379697
24.7	-0.052692628
24.72	-0.070464927
24.74	-0.057184615
24.76	-0.050153397
24.78	-0.066209734
24.8	-0.039069756
24.82	-0.00232171
24.84	-0.004966718
24.86	0.002359384
24.88	-0.010457055
24.9	-0.000529172
24.92	0.020734875
24.94	-0.017368069
24.96	-0.041113696
24.98	-0.072684973
25	-0.117261314
25.02	-0.072914551
25.04	-0.052226785
25.06	0.00260644
25.08	0.037938066
25.1	0.055701067
25.12	0.071282388
25.14	0.068395151
25.16	0.025082859
25.18	0.026221436
25.2	0.052012196
25.22	0.046713015
25.24	0.054702245
25.26	0.01854566
25.28	0.042951338
25.3	0.029942995
25.32	0.010650206
25.34	-0.016855774
25.36	-0.003127599
25.38	0.003738422
25.4	0.021297413
25.42	0.002784621
25.44	0.027411223
25.46	0.046230298
25.48	0.029040229
25.5	0.02809897
25.52	0.035219436
25.54	0.038406868
25.56	0.059572626
25.58	0.069321571
25.6	0.065763671
25.62	0.086663028
25.64	0.08438535
25.66	0.107335708
25.68	0.15152206
25.7	0.174599426
25.72	0.203813394
25.74	0.192182138
25.76	0.16688991
25.78	0.128190907
25.8	0.104513393
25.82	0.05594589
25.84	0.058722156
25.86	0.044115438
25.88	0.042414259
25.9	0.045586228
25.92	0.054866842
25.94	0.052715278
25.96	0.062996153
25.98	0.093266003
26	0.122072686
26.02	0.117148236
26.04	0.112973694
26.06	0.101902075
26.08	0.072733214
26.1	0.010784818
26.12	0.016166282
26.14	0.009680373
26.16	0.001164751
26.18	-0.020310529
26.2	-0.023588207
26.22	-0.037050099
26.24	-0.03077619
26.26	-0.050819995
26.28	-0.080925524
26.3	-0.087890328
26.32	-0.103994761
26.34	-0.136608033
26.36	-0.141640406
26.38	-0.151930894
26.4	-0.168017921
26.42	-0.166106358
26.44	-0.176652386
26.46	-0.184321032
26.48	-0.181629325
26.5	-0.182281536
26.52	-0.179534815
26.54	-0.192642343
26.56	-0.191456399
26.58	-0.196744453
26.6	-0.210308164
26.62	-0.214861856
26.64	-0.201042251
26.66	-0.129044038
26.68	-0.037169379
26.7	-0.042626013
26.72	-0.055510677
26.74	-0.006784469
26.76	-0.019098153
26.78	0.00081026
26.8	-0.032699223
26.82	0.00146434
26.84	0.02005367
26.86	0.025192221
26.88	0.068786546
26.9	0.139702484
26.92	0.131533049
26.94	0.165180022
26.96	0.169462261
26.98	0.179433707
27	0.175473043
27.02	-0.058980308
27.04	-0.012366202
27.06	0.011486091
27.08	-0.053532224
27.1	-0.028339702
27.12	-0.008430412
27.14	-0.039580463
27.16	-0.031874549
27.18	-0.030116906
27.2	-0.045628958
27.22	-0.060091505
27.24	-0.085727164
27.26	-0.095811401
27.28	0.027222829
27.3	0.035634456
27.32	0.067904252
27.34	0.097407761
27.36	0.055887653
27.38	0.026098218
27.4	0.035022955
27.42	0.049495477
27.44	0.022334772
27.46	0.030078633
27.48	0.056978749
27.5	0.080273441
27.52	0.140587679
27.54	0.16180154
27.56	0.163659153
27.58	0.180753354
27.6	0.152175671
27.62	0.140107252
27.64	0.163746867
27.66	0.234228846
27.68	0.216053878
27.7	0.170731883
27.72	0.061580323
27.74	-0.04712091
27.76	-0.028823321
27.78	-0.038485057
27.8	-0.054115652
27.82	-0.097264939
27.84	-0.047455452
27.86	-0.091099953
27.88	-0.09454787
27.9	-0.109936293
27.92	-0.122971051
27.94	-0.139928768
27.96	-0.179777161
27.98	-0.227414692
28	-0.229851593
28.02	-0.261005627
28.04	-0.255591806
28.06	-0.286383278
28.08	-0.273299656
28.1	-0.298611314
28.12	-0.298375303
28.14	-0.295424801
28.16	-0.164905574
28.18	-0.009034265
28.2	-0.0565205
28.22	-0.078159835
28.24	0.032777252
28.26	-0.01480191
28.28	-0.025191451
28.3	-0.007822489
28.32	0.007145667
28.34	-0.023263366
28.36	0.029864109
28.38	0.030345226
28.4	0.086020872
28.42	0.107165505
28.44	0.092400875
28.46	0.127843721
28.48	0.085358432
28.5	0.083731927
28.52	0.106498132
28.54	0.108614215
28.56	0.104686977
28.58	0.111917975
28.6	0.117908148
28.62	0.115746207
28.64	0.121677159
28.66	0.069135525
28.68	0.088873059
28.7	0.099148576
28.72	0.047553559
28.74	0.068600317
28.76	0.076382717
28.78	0.0836967
28.8	0.104054283
28.82	0.089857196
28.84	0.065956817
28.86	0.069347582
28.88	0.072443118
28.9	0.068241663
28.92	0.109160002
28.94	0.104416058
28.96	0.124772485
28.98	0.116726332
29	0.058728568
29.02	0.02414569
29.04	0.024062901
29.06	0.022131437
29.08	0.006576442
29.1	-0.018728191
29.12	-0.026237234
29.14	-0.01938148
29.16	-0.013020999
29.18	-0.024366961
29.2	-0.0462015
29.22	-0.068409035
29.24	-0.068998989
29.26	-0.074941916
29.28	-0.084351687
29.3	-0.088686541
29.32	-0.096050593
29.34	-0.103723438
29.36	-0.100288874
29.38	-0.110577602
29.4	-0.120961325
29.42	-0.119732154
29.44	-0.114884664
29.46	-0.010026999
29.48	-0.008347873
29.5	-0.029784207
29.52	-0.047557831
29.54	-0.053247825
29.56	-0.049278923
29.58	-0.023641604
29.6	0.026185665
29.62	0.012654626
29.64	0.046538495
29.66	0.059851911
29.68	0.071350114
29.7	0.070775512
29.72	0.075594048
29.74	0.063140003
29.76	0.070809685
29.78	0.089806989
29.8	0.075132388
29.82	0.087538358
29.84	0.084020752
29.86	0.133244708
29.88	0.152595901
29.9	0.15999278
29.92	0.189074638
29.94	0.169995056
29.96	0.132830036
29.98	0.149285853
30	0.127695512
30.02	0.140801594
30.04	0.154812522
30.06	0.142058987
30.08	0.158122458
30.1	-0.038072252
30.12	-0.028970581
30.14	-0.063749352
30.16	-0.063844061
30.18	-0.035983931
30.2	-0.022992111
30.22	-0.042568672
30.24	-0.06065071
30.26	-0.077275548
30.28	-0.034640417
30.3	-0.080105429
30.32	-0.070505575
30.34	-0.110728807
30.36	-0.130061641
30.38	-0.136559292
30.4	-0.153432311
30.42	-0.18244195
30.44	-0.17615215
30.46	-0.20030751
30.48	-0.18707203
30.5	-0.073836771
30.52	0.049203878
30.54	0.02442922
30.56	-0.037335832
30.58	0.023218864
30.6	0.027756258
30.62	-0.01403241
30.64	-0.023946289
30.66	-0.031600301
30.68	0.000255708
30.7	-0.006641201
30.72	0.061419058
30.74	-0.033670106
30.76	-0.017108025
30.78	-0.019039696
30.8	-0.007871313
30.82	-0.002026135
30.84	-0.021364766
30.86	-0.018617144
30.88	-0.023460109
30.9	-0.036390911
30.92	-0.059640362
30.94	-0.076096153
30.96	-0.109795068
30.98	-0.10505634
31	-0.100887032
31.02	-0.104998936
31.04	0.047994141
31.06	0.060158123
31.08	0.036787607
31.1	0.022031887
31.12	0.074646408
31.14	0.079517682
31.16	0.059021014
31.18	0.080266643
31.2	0.091443306
31.22	0.099000728
31.24	0.122681689
31.26	0.182614514
31.28	0.177758868
31.3	0.203515079
31.32	0.206781967
31.34	0.20905545
31.36	0.185461029
31.38	0.188946565
31.4	0.19831946
31.42	0.193219177
31.44	0.210215218
31.46	-0.031378364
31.48	-0.037549724
31.5	-0.074161092
31.52	-0.046374939
31.54	-0.018218832
31.56	-0.026862182
31.58	-0.065371423
31.6	-0.063346531
31.62	-0.0684899
31.64	-0.105664883
31.66	-0.100134157
31.68	-0.132648491
31.7	-0.168311164
31.72	-0.201452293
31.74	-0.211387287
31.76	-0.227821638
31.78	-0.259285296
31.8	-0.253526351
31.82	-0.287343995
31.84	-0.280219036
31.86	-0.299236937
31.88	-0.295060557
31.9	-0.295050919
31.92	-0.077409464
31.94	-0.062489882
31.96	0.010942545
31.98	0.056211563
32	-0.02960451
32.02	-0.021706132
32.04	0.054828845
32.06	0.01783938
32.08	0.010849108
32.1	0.049963763
32.12	0.033098416
32.14	0.057076742
32.16	0.098846137
32.18	0.122267648
32.2	0.166167567
32.22	0.145540451
32.24	0.198045392
32.26	0.17738368
32.28	0.210184748
32.3	0.003553127
32.32	0.050128127
32.34	0.028792313
32.36	-0.019514682
32.38	0.023103637
32.4	-0.004467496
32.42	-0.026830901
32.44	0.010093513
32.46	0.06331885
32.48	0.082380563
32.5	0.070865909
32.52	0.00352859
32.54	-0.02291326
32.56	0.036481931
32.58	0.041738126
32.6	0.036414678
32.62	0.04740122
32.64	0.056529902
32.66	0.05892528
32.68	0.077645245
32.7	0.097496152
32.72	0.088148908
32.74	0.095233558
32.76	0.090922378
32.78	0.123200635
32.8	0.054612493
32.82	0.01212525
32.84	-0.017964119
32.86	-0.044777539
32.88	-0.026394817
32.9	-0.001966156
32.92	-0.025525121
32.94	-0.03056857
32.96	-0.042435551
32.98	-0.035640189
33	-0.072299194
33.02	-0.107430459
33.04	-0.101908919
33.06	-0.133552012
33.08	-0.136736687
33.1	-0.153983508
33.12	-0.178062224
33.14	-0.182027026
33.16	-0.207915931
33.18	-0.201768934
33.2	-0.212496116
33.22	-0.198876989
33.24	-0.194084478
33.26	0.033715581
33.28	0.027291783
33.3	-0.022647938
33.32	0.041449307
33.34	0.094284235
33.36	0.027940519
33.38	0.039386577
33.4	0.033996889
33.42	0.06978957
33.44	0.022984803
33.46	0.056548045
33.48	0.071382565
33.5	0.09525553
33.52	0.112019523
33.54	0.10681562
33.56	0.127921569
33.58	0.144944996
33.6	0.147514184
33.62	0.179321281
33.64	0.173611691
33.66	0.191067906
33.68	0.169969561
33.7	0.16206932
33.72	0.162655844
33.74	0.140242404
33.76	0.152487408
33.78	0.001379189
33.8	-0.017141627
33.82	0.024953465
33.84	0.008431957
33.86	-0.00604294
33.88	-0.042234728
33.9	-0.040908783
33.92	-0.008859898
33.94	-0.043085787
33.96	-0.045534111
33.98	-0.064894733
34	-0.087742967
34.02	-0.121081097
34.04	-0.103741545
34.06	-0.11447827
34.08	-0.018200427
34.1	-0.030881361
34.12	-0.023236534
34.14	-0.003906017
34.16	-0.02319493
34.18	-0.059228401
34.2	-0.022649119
34.22	-0.05149608
34.24	-0.029673513
34.26	-0.034297053
34.28	-0.024577822
34.3	-0.025499105
34.32	-0.03836397
34.34	-0.041487275
34.36	-0.062531148
34.38	-0.059161853
34.4	-0.06250955
34.42	-0.068689063
34.44	-0.069950629
34.46	-0.073609176
34.48	-0.063437107
34.5	-0.063471881
34.52	-0.103179692
34.54	-0.108091054
34.56	-0.105009506
34.58	-0.10664795
34.6	-0.06972957
34.62	-0.082834451
34.64	-0.021911791
34.66	-0.014794294
34.68	0.000432815
34.7	0.017101643
34.72	0.031388897
34.74	0.038165087
34.76	0.029926073
34.78	0.037029276
34.8	0.040625787
34.82	0.071792756
34.84	0.084654979
34.86	0.065247043
34.88	0.075276044
34.9	0.06776121
34.92	0.082491334
34.94	0.076295505
34.96	0.064969027
34.98	0.058572584
35	0.067134772
35.02	0.081788871
35.04	0.095013338
35.06	0.080437888
35.08	0.080482118
35.1	0.070333203
35.12	0.112675802
35.14	0.095454157
35.16	0.102922191
35.18	0.098288259
35.2	0.089209155
35.22	0.015224267
35.24	-0.011121279
35.26	-0.011964937
35.28	-0.006226379
35.3	-0.039284216
35.32	-0.054070931
35.34	-0.081171584
35.36	-0.072066144
35.38	-0.040810371
35.4	-0.049504199
35.42	-0.074688257
35.44	-0.093474463
35.46	-0.113959861
35.48	-0.117949214
35.5	-0.125755488
35.52	-0.14164006
35.54	-0.16816582
35.56	-0.171667043
35.58	-0.161886188
35.6	-0.153624713
35.62	-0.174230034
35.64	-0.023400065
35.66	-0.011688594
35.68	-0.020015479
35.7	0.051764688
35.72	0.07817108
35.74	0.023610912
35.76	0.014585009
35.78	0.020407282
35.8	-0.020925777
35.82	-0.058883009
35.84	-0.041967633
35.86	0.03653186
35.88	0.037268784
35.9	0.053794624
35.92	0.072040502
35.94	0.094926059
35.96	0.09215019
35.98	0.078952509
36	0.040752579
36.02	0.042031323
36.04	0.05548847
36.06	0.052764155
36.08	0.023152511
36.1	0.014047244
36.12	-0.001050435
36.14	0.004502926
36.16	0.047865691
36.18	0.057162193
36.2	0.058149664
36.22	0.051514457
36.24	0.032673148
36.26	0.031523179
36.28	0.046476864
36.3	0.047800953
36.32	0.036849591
36.34	0.042114049
36.36	0.072977939
36.38	0.119033417
36.4	0.12628167
36.42	0.108298076
36.44	0.12557747
36.46	0.098012197
36.48	0.089666579
36.5	0.083757334
36.52	0.07661226
36.54	0.066823375
36.56	0.06524833
36.58	0.061637309
36.6	0.07188181
36.62	0.084431867
36.64	0.108816724
36.66	0.125910355
36.68	0.141130962
36.7	0.062468564
36.72	0.016535861
36.74	0.01414738
36.76	0.011575516
36.78	-0.011538859
36.8	-0.042096708
36.82	-0.02923809
36.84	-0.00615388
36.86	-0.02408114
36.88	-0.050833577
36.9	-0.066026306
36.92	-0.080812612
36.94	-0.109266701
36.96	-0.12262536
36.98	-0.136263816
37	-0.157458756
37.02	-0.156790208
37.04	-0.173105572
37.06	-0.166711129
37.08	-0.165214443
37.1	-0.174194298
37.12	-0.176012962
37.14	-0.179885549
37.16	-0.001063069
37.18	0.041805757
37.2	0.082415618
37.22	0.050161741
37.24	0.017598908
37.26	0.02673319
37.28	-0.013329715
37.3	0.001629919
37.32	0.030630335
37.34	0.004860098
37.36	-0.00152249
37.38	-0.024598189
37.4	0.01191782
37.42	0.011403373
37.44	0.042039607
37.46	0.074616956
37.48	0.098270648
37.5	0.088068812
37.52	0.065059623
37.54	0.037633353
37.56	0.014742759
37.58	0.011131148
37.6	0.002281699
37.62	4.30958E-05
37.64	0.032428894
37.66	0.057638626
37.68	0.05689382
37.7	0.047006904
37.72	0.052280944
37.74	0.049769347
37.76	0.039568574
37.78	0.033372814
37.8	0.021720725
37.82	0.028239024
37.84	0.036478461
37.86	0.049341019
37.88	0.034020437
37.9	0.065507524
37.92	0.062165176
37.94	0.074270897
37.96	0.014492609
37.98	-0.048365813
38	-0.070101113
38.02	-0.058810561
38.04	-0.052509392
38.06	-0.060579286
38.08	-0.047823964
38.1	-0.053784837
38.12	-0.07385178
38.14	-0.077722376
38.16	-0.085110469
38.18	-0.092843672
38.2	-0.100841545
38.22	-0.10812846
38.24	-0.113981539
38.26	-0.143355544
38.28	-0.162212372
38.3	-0.1684342
38.32	-0.18029778
38.34	-0.180690434
38.36	-0.166446238
38.38	-0.145373891
38.4	-0.145862964
38.42	-0.112631201
38.44	-0.101616869
38.46	-0.101356107
38.48	-0.115983372
38.5	-0.102231945
38.52	-0.054321031
38.54	-0.012926305
38.56	-0.015642421
38.58	-0.043622003
38.6	-0.031124656
38.62	-0.010569409
38.64	0.016992446
38.66	0.008709123
38.68	0.019514487
38.7	0.068200877
38.72	0.084727183
38.74	0.087723941
38.76	0.112818404
38.78	0.123211303
38.8	0.129797151
38.82	0.143154654
38.84	0.14503281
38.86	0.156324941
38.88	0.153936672
38.9	-0.057822409
38.92	-0.042529283
38.94	-0.003191977
38.96	0.0050149
38.98	-0.048080986
39	-0.045023719
39.02	0.030997183
39.04	0.065291724
39.06	0.071126609
39.08	0.064067865
39.1	0.033497914
39.12	-0.005554986
39.14	-0.03226864
39.16	-0.026307956
39.18	-0.03607901
39.2	-0.016293077
39.22	0.01140092
39.24	0.033238051
39.26	0.039724625
39.28	0.035521522
39.3	-0.034970413
39.32	-0.04398083
39.34	-0.038447648
39.36	-0.021995806
39.38	-0.032594285
39.4	-0.022839604
39.42	-0.001023656
39.44	0.007823455
39.46	-0.014011076
39.48	-0.022090875
39.5	-0.056481647
39.52	-0.072018061
39.54	-0.083777729
39.56	-0.096504697
39.58	-0.109074989
39.6	-0.1085123
39.62	-0.093645469
39.64	-0.091561993
39.66	-0.074612388
39.68	-0.007633188
39.7	0.038235997
39.72	0.029218565
39.74	0.034904756
39.76	0.04095348
39.78	0.05453211
39.8	0.050415829
39.82	0.048923809
39.84	0.057155589
39.86	0.078736472
39.88	0.120042786
39.9	0.134587702
39.92	0.134305474
39.94	0.151131544
39.96	0.114340782
39.98	0.11182659
40	0.115091493
40.02	0.117946713
40.04	0.128523551
40.06	0.135603953
40.08	0.13149747
40.1	0.133253941
40.12	0.074326967
40.14	0.122367814
40.16	0.111269325
40.18	0.096078534
40.2	0.106773808
40.22	0.099235172
40.24	0.108875219
40.26	0.103001518
40.28	0.122952536
40.3	0.155733086
40.32	0.150068368
40.34	0.141656005
40.36	0.165913152
40.38	0.141033366
40.4	0.112444157
40.42	-0.000363254
40.44	-0.004863595
40.46	0.031624445
40.48	-0.00178221
40.5	-0.00924442
40.52	-0.046560132
40.54	-0.031512443
40.56	-0.007774102
40.58	-0.010343987
40.6	-0.00819588
40.62	-0.036246981
40.64	-0.039685132
40.66	-0.074189537
40.68	-0.073575281
40.7	-0.075915087
40.72	-0.069843561
40.74	-0.077482728
40.76	-0.051870938
40.78	-0.04000245
40.8	-0.052326604
40.82	-0.043584426
40.84	-0.034303598
40.86	-0.029280382
40.88	-0.052301798
40.9	-0.056870953
40.92	-0.065479548
40.94	-0.04242879
40.96	-0.060113921
40.98	-0.066322303
41	-0.080178596
41.02	-0.051081398
41.04	0.09521173
41.06	0.074089277
41.08	0.041593545
41.1	0.044545626
41.12	0.055130385
41.14	0.092835081
41.16	0.103166448
41.18	0.090737081
41.2	0.09464334
41.22	0.082956446
41.24	0.121101522
41.26	0.134922611
41.28	0.162395749
41.3	0.168743086
41.32	0.187377508
41.34	0.178158939
41.36	0.182257909
41.38	0.116630115
41.4	0.013585624
41.42	0.028610004
41.44	0.059106447
41.46	0.080137599
41.48	0.046537058
41.5	0.041591446
41.52	0.035091655
41.54	0.026599632
41.56	0.006388628
41.58	-0.04796053
41.6	-0.048754126
41.62	-0.074624329
41.64	4.79608E-07
41.66	0.023071698
41.68	0.038444891
41.7	0.068557021
41.72	0.059570215
41.74	0.030263188
41.76	0.038791784
41.78	-0.02836843
41.8	-0.015685288
41.82	-0.029325079
41.84	-0.025547288
41.86	-0.032595367
41.88	-0.03703639
41.9	-0.05068009
41.92	-0.05002219
41.94	-0.052226309
41.96	-0.05772691
41.98	-0.069300128
42	-0.126771858
42.02	-0.130427471
42.04	-0.139387611
42.06	-0.157849477
42.08	-0.14203216
42.1	-0.15321337
42.12	-0.14908545
42.14	-0.168149103
42.16	-0.174420476
42.18	-0.17606334
42.2	-0.196787663
42.22	-0.202359241
42.24	-0.192877859
42.26	-0.176452327
42.28	-0.172141882
42.3	-0.160424061
42.32	-0.15942009
42.34	-0.005493735
42.36	0.005238212
42.38	-0.029239821
42.4	-0.034199937
42.42	0.056488226
42.44	-0.024181294
42.46	0.005225628
42.48	-0.020789054
42.5	-0.014993471
42.52	-0.064056333
42.54	-0.047799652
42.56	-0.01680167
42.58	0.017736074
42.6	0.01126287
42.62	0.070430047
42.64	0.091307405
42.66	0.093914452
42.68	0.101746905
42.7	0.096908718
42.72	0.092592435
42.74	0.113280341
42.76	0.116869362
42.78	0.076283457
42.8	0.058920191
42.82	-0.022634811
42.84	-0.080125386
42.86	-0.027273683
42.88	-0.048341743
42.9	-0.088687116
42.92	-0.095661615
42.94	-0.081968529
42.96	-0.066770792
42.98	-0.080308497
43	-0.083005518
43.02	-0.111516581
43.04	-0.113977444
43.06	-0.128455895
43.08	-0.151084677
43.1	-0.162814639
43.12	-0.067640694
43.14	-0.080043813
43.16	-0.056371711
43.18	-0.03366312
43.2	-0.038592993
43.22	-0.043842893
43.24	-0.069358231
43.26	-0.084473509
43.28	-0.063103734
43.3	-0.103722107
43.32	-0.105377684
43.34	-0.093692709
43.36	-0.100264749
43.38	-0.098906439
43.4	-0.092556586
43.42	-0.102317223
43.44	-0.117325478
43.46	-0.017421814
43.48	-0.069435218
43.5	-0.070118229
43.52	-0.058465485
43.54	-0.0579426
43.56	-0.047189929
43.58	-0.039824206
43.6	-0.010830725
43.62	-0.017780415
43.64	-0.002116809
43.66	0.01139478
43.68	0.046668502
43.7	0.049042009
43.72	0.063915821
43.74	0.073310098
43.76	0.087859314
43.78	0.09109079
43.8	0.084671056
43.82	0.103880029
43.84	0.105597338
43.86	0.111270679
43.88	0.096896687
43.9	0.080939439
43.92	0.097343038
43.94	0.138257392
43.96	0.155037726
43.98	0.143344373
44	0.186508842
44.02	0.17542356
44.04	0.163159696
44.06	0.134712093
44.08	0.078107495
44.1	0.004151874
44.12	0.045848896
44.14	0.105803928
44.16	0.098673479
44.18	0.069848744
44.2	0.085201581
44.22	0.105165674
44.24	0.115376555
44.26	0.111880498
44.28	0.131711468
44.3	0.054501311
44.32	0.011854653
44.34	-0.026711822
44.36	-0.008583629
44.38	-0.006572821
44.4	-0.007908647
44.42	-0.012566473
44.44	-0.040976434
44.46	-0.011095999
44.48	-0.044151301
44.5	-0.042033474
44.52	-0.074390505
44.54	-0.062961573
44.56	-0.087394215
44.58	-0.091650947
44.6	-0.090881542
44.62	-0.094556047
44.64	-0.063155494
44.66	-0.045123973
44.68	-0.049166861
44.7	-0.058269461
44.72	-0.065307556
44.74	-0.073609878
44.76	-0.05795118
44.78	-0.056042673
44.8	-0.05844213
44.82	-0.069295638
44.84	-0.071006592
44.86	-0.046598623
44.88	-0.018293306
44.9	-0.076645602
44.92	-0.05957253
44.94	-0.071033951
44.96	-0.0638406
44.98	-0.034494442
45	0.040144442
45.02	0.068682771
45.04	0.047385085
45.06	0.027027635
45.08	0.02573865
45.1	0.030876923
45.12	0.043391645
45.14	0.04987638
45.16	0.045082115
45.18	0.067820154
45.2	0.096236115
45.22	0.097008809
45.24	0.108739905
45.26	0.110734692
45.28	0.130849381
45.3	0.128336313
45.32	0.026613412
45.34	0.056615151
45.36	0.066947869
45.38	0.057697048
45.4	0.053753138
45.42	0.062713873
45.44	0.052265129
45.46	0.063288526
45.48	0.059712813
45.5	0.032720274
45.52	0.008341654
45.54	0.008716042
45.56	0.007304976
45.58	0.040295471
45.6	0.047495609
45.62	0.041196654
45.64	0.036453264
45.66	-0.011990324
45.68	-0.008685526
45.7	-0.011874396
45.72	-0.032063453
45.74	-0.031568078
45.76	-0.028636632
45.78	-0.019402915
45.8	-0.035114109
45.82	-0.04233857
45.84	-0.076514113
45.86	-0.090233279
45.88	-0.099808329
45.9	-0.103628893
45.92	-0.100656448
45.94	-0.119553885
45.96	-0.106260293
45.98	-0.122960253
46	-0.117296305
46.02	-0.122607993
46.04	-0.118161568
46.06	-0.121945494
46.08	-0.107569828
46.1	-0.10416131
46.12	-0.10203779
46.14	-0.106149099
46.16	-0.052556216
46.18	-0.031817717
46.2	-0.041034298
46.22	-0.080659053
46.24	-0.069452492
46.26	-0.076441969
46.28	-0.07094582
46.3	-0.04390464
46.32	-0.027924207
46.34	-0.016112483
46.36	0.008051121
46.38	0.025114849
46.4	0.028676311
46.42	0.024790458
46.44	0.029473778
46.46	0.038204142
46.48	0.032898593
46.5	0.055552228
46.52	0.055251887
46.54	0.073338088
46.56	0.0684242
46.58	0.094879002
46.6	0.094914404
46.62	0.1143193
46.64	0.115077091
46.66	0.122692112
46.68	0.124611134
46.7	0.124730397
46.72	0.119437915
46.74	0.118592074
46.76	0.112010048
46.78	0.104999198
46.8	0.074314708
46.82	0.037015842
46.84	-0.016640781
46.86	-0.005593417
46.88	0.007452976
46.9	0.003112796
46.92	0.008625584
46.94	-0.002155017
46.96	-0.007735541
46.98	0.013273322
47	0.003680136
47.02	-0.020309124
47.04	-0.033826951
47.06	0.009631065
47.08	0.006337416
47.1	-0.006306131
47.12	-0.010168366
47.14	-0.003469357
47.16	-0.00012689
47.18	-0.020087416
47.2	-0.019138267
47.22	-0.005136203
47.24	-0.040621495
47.26	-0.04168734
47.28	-0.042237036
47.3	-0.045437692
47.32	-0.040163751
47.34	-0.047271217
47.36	-0.035396028
47.38	-0.050043031
47.4	-0.083334817
47.42	-0.094000192
47.44	-0.096880004
47.46	0.036626162
47.48	0.030948713
47.5	0.017695174
47.52	0.020013941
47.54	0.031835577
47.56	0.050434183
47.58	0.061808132
47.6	0.040041006
47.62	0.032304945
47.64	0.043567449
47.66	0.082814404
47.68	0.110631947
47.7	0.097182554
47.72	0.113762009
47.74	0.128502748
47.76	0.109939381
47.78	0.129891072
47.8	0.135695564
47.82	0.122400979
47.84	0.105674891
47.86	0.087565516
47.88	0.10025034
47.9	0.084915384
47.92	0.087601972
47.94	0.097476587
47.96	0.112868011
47.98	0.120536443
48	0.089228245
48.02	0.089174786
48.04	0.078988688
48.06	0.03101662
48.08	0.021205484
48.1	0.015504623
48.12	0.017484499
48.14	0.020306474
48.16	0.008399118
48.18	0.01444314
48.2	0.006338764
48.22	0.007956253
48.24	-0.011408897
48.26	-0.039714755
48.28	-0.036377813
48.3	-0.049974176
48.32	-0.051491356
48.34	-0.063913583
48.36	-0.061507135
48.38	-0.06801124
48.4	-0.061259781
48.42	-0.06009761
48.44	-0.064256302
48.46	-0.06665983
48.48	-0.075903072
48.5	-0.079282145
48.52	-0.080008483
48.54	-0.080271631
48.56	-0.07792286
48.58	-0.068542922
48.6	-0.057579459
48.62	-0.051745373
48.64	-0.051891028
48.66	-0.058883545
48.68	-0.065867441
48.7	-0.071149543
48.72	-0.074460431
48.74	-0.075958574
48.76	-0.07998018
48.78	-0.082464972
48.8	-0.080450735
48.82	-0.077368632
48.84	-0.07268965
48.86	-0.070518225
48.88	-0.069513555
48.9	-0.000428593
48.92	0.012680724
48.94	0.019571821
48.96	0.001182212
48.98	-0.00891444
49	0.023962125
49.02	0.030978222
49.04	0.041953537
49.06	0.054132726
49.08	0.049429307
49.1	0.080785679
49.12	0.083621519
49.14	0.087825945
49.16	0.080264592
49.18	0.086313386
49.2	0.085766585
49.22	0.029043993
49.24	0.038751077
49.26	0.048095484
49.28	0.042710143
49.3	0.041259631
49.32	0.029015506
49.34	0.012010962
49.36	-0.008530495
49.38	-0.029473787
49.4	-0.045141511
49.42	-0.03926632
49.44	-0.052827218
49.46	-0.050954227
49.48	-0.047040238
49.5	-0.062421517
49.52	-0.050654748
49.54	-0.057044302
49.56	-0.034728544
49.58	-0.02623995
49.6	-0.024473176
49.62	-0.033297646
49.64	-0.04440023
49.66	-0.044579723
49.68	-0.051949449
49.7	-0.058038581
49.72	-0.06440704
49.74	-0.048473536
49.76	-0.049653735
49.78	-0.048411812
49.8	-0.049640237
49.82	-0.055780731
49.84	-0.053299226
49.86	-0.040414646
49.88	-0.060828075
49.9	-0.051952611
49.92	-0.05262229
49.94	-0.023727656
49.96	-0.013784447
49.98	-0.036528362
50	-0.049715881
50.02	-0.042797099
50.04	-0.033847298
50.06	-0.013893017
50.08	-0.008383529
50.1	-0.017957634
50.12	-0.014289216
50.14	-0.009655446
50.16	-0.005925669
50.18	0.004445656
50.2	0.007579067
50.22	0.025018743
50.24	0.018421499
50.26	0.02525382
50.28	0.030662928
50.3	0.031936435
50.32	0.035209608
50.34	0.036452187
50.36	0.050113975
50.38	0.054948671
50.4	0.060833487
50.42	0.069524818
50.44	0.077425718
50.46	0.077134179
50.48	0.058976736
50.5	0.057172177
50.52	0.077799071
50.54	0.094092349
50.56	0.098766265
50.58	-0.042083014
50.6	-0.030859247
50.62	-0.009114657
50.64	0.01673262
50.66	0.007339084
50.68	0.028882767
50.7	0.021163634
50.72	0.020143998
50.74	0.036422482
50.76	0.027928046
50.78	-0.01037139
50.8	-0.022147345
50.82	-0.04707577
50.84	-0.03658882
50.86	-0.038447349
50.88	-0.050514733
50.9	-0.048757165
50.92	-0.051500893
50.94	-0.050737646
50.96	-0.050010618
50.98	-0.050893041
51	-0.050224156
51.02	0.019097316
51.04	-0.006614848
51.06	-0.031859716
51.08	-0.041560905
51.1	-0.026534253
51.12	-0.024024142
51.14	-0.025679737
51.16	-0.01863034
51.18	-0.010996268
51.2	-0.033023481
51.22	-0.042213766
51.24	-0.029565461
51.26	-0.008998144
51.28	-0.027428379
51.3	-0.020034264
51.32	-0.02071237
51.34	-0.027783534
51.36	0.003836479
51.38	-0.000676082
51.4	-0.009909043
51.42	-0.018672804
51.44	-0.020304869
51.46	0.001797954
51.48	0.000140231
51.5	-0.00508873
51.52	0.009299106
51.54	0.019990083
51.56	0.033386256
51.58	0.035258241
51.6	0.043944299
51.62	0.055244667
51.64	0.058805707
51.66	0.062815116
51.68	0.074112902
51.7	0.076018029
51.72	0.080893137
51.74	0.07733592
51.76	0.072940885
51.78	0.06438461
51.8	0.06171841
51.82	0.058006181
51.84	0.059293092
51.86	0.059219091
51.88	0.057812877
51.9	-0.015630042
51.92	-0.023548662
51.94	-0.004803648
51.96	-0.00641965
51.98	-0.008983954
52	-0.018776148
52.02	-0.03249244
52.04	-0.025088965
52.06	-0.047224895
52.08	-0.052943561
52.1	-0.074959747
52.12	-0.069976405
52.14	-0.07976691
52.16	-0.074538249
52.18	-0.073565405
52.2	-0.028708417
52.22	-0.030941667
52.24	-0.037289417
52.26	-0.038494081
52.28	-0.047028476
52.3	-0.055629142
52.32	-0.061392912
52.34	-0.04578003
52.36	-0.051135094
52.38	-0.048401298
52.4	-0.039556717
52.42	-0.031685685
52.44	-0.028904806
52.46	-0.034246703
52.48	-0.036059405
52.5	-0.047130365
52.52	-0.052013969
52.54	-0.05839747
52.56	-0.070657716
52.58	-0.068025657
52.6	-0.061681448
52.62	-0.056661462
52.64	-0.056369911
52.66	-0.060287094
52.68	-0.0729482
52.7	-0.076870564
52.72	-0.085084453
52.74	0.003813603
52.76	0.009107817
52.78	0.008062554
52.8	0.024932799
52.82	0.024569821
52.84	0.02342833
52.86	0.025366177
52.88	0.007197329
52.9	0.006340215
52.92	0.016400643
52.94	0.03636024
52.96	0.044891151
52.98	0.051805773
53	0.064009997
53.02	0.076997622
53.04	0.08384338
53.06	0.090910242
53.08	0.092718504
53.1	0.099387181
53.12	0.105263852
53.14	0.114977748
53.16	0.116926428
53.18	0.116899458
53.2	0.122227776
53.22	0.112440491
53.24	0.113655098
53.26	0.108139244
53.28	0.101486572
53.3	0.100523654
53.32	0.090098173
53.34	0.015427488
53.36	0.020655523
53.38	0.049093982
53.4	0.038357162
53.42	0.033914788
53.44	0.019625025
53.46	0.031384796
53.48	0.031413369
53.5	0.038040984
53.52	0.008819125
53.54	-0.015155142
53.56	-0.011520827
53.58	-0.015591097
53.6	-0.01760212
53.62	-0.025031773
53.64	-0.030100494
53.66	-0.016016037
53.68	0.00682957
53.7	0.001703771
53.72	0.005366476
53.74	0.004439278
53.76	0.004224178
53.78	0.002032051
53.8	-0.008186563
53.82	-0.020800206
53.84	-0.023008561
53.86	-0.021977196
53.88	-0.018783834
53.9	-0.013777583
53.92	-0.019004412
53.94	-0.020723592
53.96	-0.012118738
53.98	-0.011026797
54	-0.032413596
54.02	-0.033277836
54.04	-0.033605472
54.06	-0.041550727
54.08	0.022968631
54.1	0.038666433
54.12	0.027771369
54.14	0.048929437
54.16	0.049405778
54.18	0.039442761
54.2	0.043240555
54.22	0.053243782
54.24	0.046366229
54.26	0.059925735
54.28	0.084158462
54.3	0.079097165
54.32	0.084703195
54.34	0.029373581
54.36	0.036544107
54.38	0.054732196
54.4	0.03823297
54.42	0.026274848
54.44	0.040239571
54.46	0.027731929
54.48	0.014324211
54.5	-0.007243216
54.52	-0.030687513
54.54	-0.03296543
54.56	-0.037045888
54.58	-0.032979084
54.6	-0.042873372
54.62	-0.040928269
54.64	-0.046533529
54.66	-0.048377926
54.68	-0.049274812
54.7	-0.041653575
54.72	-0.0305117
54.74	-0.023234489
54.76	-0.025631406
54.78	-0.022102636
54.8	-0.024533621
54.82	-0.024979736
54.84	-0.019862371
54.86	-0.031726111
54.88	-0.031451466
54.9	-0.039726917
54.92	-0.035347949
54.94	-0.036601756
54.96	-0.02926855
54.98	-0.031745076
55	-0.029896134
55.02	-0.03130934
55.04	-0.034478932
55.06	-0.03496634
55.08	-0.036054349
55.1	-0.033559339
55.12	-0.043191021
55.14	-0.054815824
55.16	-0.055566704
55.18	-0.065058726
55.2	-0.058592908
55.22	-0.048552067
55.24	-0.038455528
55.26	-0.013402599
55.28	0.005713892
55.3	-0.004602975
55.32	-0.02667219
55.34	-0.043141155
55.36	-0.017800158
55.38	-0.016432599
55.4	-0.013417243
55.42	0.002886073
55.44	0.018003277
55.46	0.006413148
55.48	0.014651489
55.5	0.021550519
55.52	0.0247058
55.54	0.040518403
55.56	0.045219482
55.58	0.048486746
55.6	0.053990062
55.62	0.057881691
55.64	0.053251771
55.66	0.059125223
55.68	0.048709623
55.7	0.049740315
55.72	-0.011488306
55.74	-0.01833317
55.76	-0.013528383
55.78	-0.013220622
55.8	-0.018062104
55.82	-0.025936081
55.84	-0.023425246
55.86	-0.025360712
55.88	-0.020262791
55.9	-0.032915967
55.92	-0.053334814
55.94	-0.054854617
55.96	-0.067857753
55.98	-0.077292756
56	-0.083227843
56.02	-0.077411061
56.04	-0.078600096
56.06	-0.078156583
56.08	-0.06348329
56.1	-0.022010466
56.12	0.006231751
56.14	0.014586682
56.16	0.011513028
56.18	0.003315685
56.2	0.009709785
56.22	-0.045481968
56.24	-0.070512629
56.26	-0.037761634
56.28	-0.036204648
56.3	-0.032452038
56.32	-0.033319884
56.34	-0.030163235
56.36	-0.034844873
56.38	-0.04932698
56.4	-0.036767048
56.42	-0.044236878
56.44	-0.046648064
56.46	-0.044299563
56.48	-0.047273469
56.5	-0.049222912
56.52	-0.045825199
56.54	-0.058012345
56.56	-0.063803505
56.58	-0.05644178
56.6	-0.075482669
56.62	-0.05722627
56.64	-0.034697468
56.66	-0.010598224
56.68	-0.002278865
56.7	0.018992255
56.72	0.026941915
56.74	0.01080743
56.76	0.016655085
56.78	0.027130839
56.8	0.038844687
56.82	0.060397966
56.84	0.057274357
56.86	0.068281504
56.88	0.063581928
56.9	0.075696738
56.92	0.073953522
56.94	0.078400456
56.96	0.079516462
56.98	0.076477297
57	0.074307089
57.02	0.070466532
57.04	0.06022591
57.06	0.056307025
57.08	0.05162906
57.1	0.048585874
57.12	0.057350848
57.14	0.059798733
57.16	0.069723431
57.18	0.077595192
57.2	0.028179027
57.22	0.011424207
57.24	0.002556333
57.26	0.021742862
57.28	0.04039769
57.3	0.015638717
57.32	0.013835089
57.34	0.025258277
57.36	-0.002301773
57.38	-0.003898402
57.4	0.00279604
57.42	0.010538155
57.44	0.013020959
57.46	0.008393792
57.48	0.008484986
57.5	0.000332612
57.52	0.013243931
57.54	0.024599859
57.56	0.026423861
57.58	0.038342534
57.6	0.038918137
57.62	0.045714345
57.64	0.044607826
57.66	0.050849789
57.68	0.066004146
57.7	0.054931603
57.72	0.045220726
57.74	0.00347628
57.76	-0.01657831
57.78	-0.006522376
57.8	-0.000867863
57.82	0.008274135
57.84	-0.001781212
57.86	0.003138681
57.88	-0.019086288
57.9	-0.035271409
57.92	-0.033159223
57.94	-0.036712413
57.96	-0.03911453
57.98	-0.038044735
58	-0.033928762
58.02	-0.026344678
58.04	-0.028803489
58.06	-0.017605449
58.08	-0.022278403
58.1	-0.019175241
58.12	-0.023895787
58.14	-0.018612928
58.16	-0.015959292
58.18	0.019785373
58.2	0.016140671
58.22	0.031362985
58.24	0.037064798
58.26	0.039409407
58.28	0.031314043
58.3	0.041283877
58.32	0.029360505
58.34	0.007077317
58.36	0.022694497
58.38	0.030382635
58.4	0.027421984
58.42	0.025433735
58.44	0.021246764
58.46	0.017406513
58.48	0.008841045
58.5	0.002431933
58.52	6.03268E-05
58.54	-0.012410385
58.56	-0.021690769
58.58	-0.029648484
58.6	-0.030204362
58.62	-0.034547843
58.64	-0.03533111
58.66	-0.030664473
58.68	-0.030862129
58.7	-0.034574756
58.72	-0.02135331
58.74	-0.028437157
58.76	-0.033005117
58.78	-0.035927766
58.8	0.010673623
58.82	0.000400846
58.84	0.003575161
58.86	0.01594453
58.88	0.00584731
58.9	-0.015165122
58.92	-0.009933409
58.94	-0.009893614
58.96	-0.005734616
58.98	-0.004528841
59	0.00301023
59.02	0.018619388
59.04	0.025141336
59.06	0.021522765
59.08	0.025181506
59.1	0.029101176
59.12	0.018698075
59.14	0.013303334
59.16	-0.013046761
59.18	-0.042798264
59.2	-0.042671611
59.22	-0.037607979
59.24	-0.026740972
59.26	-0.018899323
59.28	-0.010011683
59.3	-0.014012479
59.32	-0.02171694
59.34	-0.046029921
59.36	-0.043338441
59.38	-0.044559271
59.4	-0.011746441
59.42	0.01238757
59.44	0.015346286
59.46	-0.002244913
59.48	-0.000742888
59.5	-0.013025584
59.52	-0.011575362
59.54	0.00085021
59.56	0.003105387
59.58	0.035209384
59.6	0.037564664
59.62	0.037826108
59.64	0.022513005
59.66	0.018214944
59.68	0.020102722
59.7	0.008759387
59.72	0.008730204
59.74	-0.026738382
59.76	-0.022965552
59.78	-0.012758115
59.8	-0.01870779
59.82	-0.022141668
59.84	-0.021282241
59.86	-0.01881766
59.88	-0.021667558
59.9	-0.032214298
59.92	-0.007063344
59.94	-0.022264813
59.96	-0.013638098
59.98	-0.008832462
60	-0.007713495
60.02	-0.015341109
60.04	-0.012589868
60.06	0.002791452
60.08	0.032860514
60.1	0.020431744
60.12	0.016733486
60.14	-0.003812516
60.16	-0.006874832
60.18	-0.008118413
60.2	-0.012719057
60.22	-0.017100543
60.24	-0.016999189
60.26	-0.017117656
60.28	-0.023054905
60.3	-0.025588297
60.32	-0.027275185
60.34	-0.024527289
60.36	-0.025224596
60.38	-0.02353222
60.4	-0.0264323
60.42	-0.025688717
60.44	-0.022360544
60.46	-0.020212902
60.48	-0.001323065
60.5	-0.004252415
60.52	-0.005522909
60.54	-0.00250776
60.56	-0.00115886
60.58	-0.002282
60.6	0.008977531
60.62	0.013564196
60.64	0.02232387
60.66	0.025977399
60.68	0.030260924
60.7	0.03336681
60.72	0.030991566
60.74	0.034012724
60.76	0.02783983
60.78	0.025403113
60.8	0.019974986
60.82	0.011703961
60.84	0.001633657
60.86	-0.005446702
60.88	-0.004030706
60.9	0.000672209
60.92	0.00833619
60.94	0.011122259
60.96	0.023619809
60.98	0.004851014
61	0.004805159
61.02	0.011223807
61.04	0.010086884
61.06	0.013755342
61.08	0.013213346
61.1	0.016258301
61.12	0.019032477
61.14	0.03627486
61.16	0.027160439
61.18	0.012876011
61.2	0.015794852
61.22	0.020648824
61.24	0.025297736
61.26	0.022769565
61.28	0.026664261
61.3	0.032450402
61.32	0.033806868
61.34	0.013493519
61.36	0.025711234
61.38	0.033378316
61.4	0.040923095
61.42	0.035686962
61.44	0.033767139
61.46	0.034836481
61.48	0.046643955
61.5	0.032384551
61.52	0.023527796
61.54	0.009830313
61.56	-0.00880503
61.58	-0.018730718
61.6	-0.005834651
61.62	0.001886259
61.64	-0.002490468
61.66	-0.012920563
61.68	-0.018532111
61.7	-0.022530785
61.72	-0.024215343
61.74	-0.027267999
61.76	-0.027300216
61.78	-0.024360999
61.8	-0.022242859
61.82	-0.022472761
61.84	-0.023597062
61.86	-0.024344322
61.88	-0.024599935
61.9	-0.025443737
61.92	-0.01402638
61.94	0.009983241
61.96	0.041447028
61.98	0.03548915
62	0.025652321
62.02	0.024653225
62.04	0.022725534
62.06	0.023287196
62.08	0.030348856
62.1	0.046718991
62.12	0.044124721
62.14	0.051842332
62.16	0.054425895
62.18	0.053516798
62.2	0.035177763
62.22	0.023655276
62.24	-0.015015239
62.26	-0.007796248
62.28	-0.018288691
62.3	-0.02396995
62.32	-0.023346122
62.34	-0.024435521
62.36	-0.026823742
62.38	-0.035086076
62.4	-0.054570398
62.42	-0.042700455
62.44	-0.051521756
62.46	-0.052374226
62.48	-0.050291358
62.5	-0.049408888
62.52	-0.050284235
62.54	-0.005300158
62.56	-0.014933956
62.58	-0.000572315
62.6	0.01254306
62.62	0.000310235
62.64	0.008033693
62.66	0.010882923
62.68	0.00723012
62.7	0.011178365
62.72	0.01847363
62.74	0.029571338
62.76	0.039783802
62.78	0.041996287
62.8	0.051460841
62.82	0.055834146
62.84	0.054506498
62.86	0.055874742
62.88	0.043099541
62.9	-0.007035745
62.92	-0.022826509
62.94	-0.033952012
62.96	-0.024853094
62.98	0.008231247
63	0.019519505
63.02	0.018487426
63.04	0.013415698
63.06	-0.022726733
63.08	-0.00931553
63.1	-0.012092288
63.12	-0.014065858
63.14	0.002943306
63.16	0.004914739
63.18	0.001059278
63.2	-0.01086873
63.22	-0.015511329
63.24	-0.022694315
63.26	-0.024966806
63.28	-0.028435662
63.3	-0.022246895
63.32	-0.009124581
63.34	0.013125818
63.36	0.032562459
63.38	0.040880461
63.4	0.034262816
63.42	0.031423728
63.44	0.024793569
63.46	0.017003142
63.48	-0.048168032
63.5	-0.00729411
63.52	0.001521603
63.54	0.008447974
63.56	0.008226973
63.58	-0.00358985
63.6	-0.008458188
63.62	-0.014512916
63.64	-0.028557783
63.66	-0.033755257
63.68	-0.029914549
63.7	-0.039221577
63.72	-0.040652825
63.74	-0.048084332
63.76	-0.051055738
63.78	-0.049462688
63.8	-0.045655907
63.82	-0.047253367
63.84	-0.039797815
63.86	-0.039538683
63.88	-0.050017564
63.9	-0.04948924
63.92	-0.06493621
63.94	-0.081536736
63.96	-0.087709877
63.98	-0.100759008
64	-0.09652611
64.02	-0.086427327
64.04	-0.076650792
64.06	-0.059698331
64.08	-0.002999242
64.1	0.024601594
64.12	0.01545703
64.14	-0.004779189
64.16	-0.019653664
64.18	-0.026988318
64.2	-0.031257894
64.22	-0.037555015
64.24	-0.013602063
64.26	0.016526643
64.28	0.01487455
64.3	0.030036606
64.32	0.02030806
64.34	0.024940016
64.36	-0.037224715
64.38	-0.030252261
64.4	-0.033713875
64.42	-0.026806326
64.44	-0.025113267
64.46	-0.019986562
64.48	-0.017866792
64.5	-0.005737571
64.52	-0.013538628
64.54	-0.008147101
64.56	-0.015666319
64.58	-0.017862176
64.6	-0.01644753
64.62	-0.015374226
64.64	-0.00132917
64.66	0.003956879
64.68	0.001340174
64.7	-0.0045024
64.72	-0.017456317
64.74	-0.011667389
64.76	-0.010356801
64.78	-0.005961111
64.8	-0.016279877
64.82	0.00408657
64.84	0.013818133
64.86	0.009279856
64.88	-0.011292949
64.9	-0.008746807
64.92	-0.005030269
64.94	0.00753562
64.96	0.011617373
64.98	0.020550403
65	0.010352022
65.02	0.011483158
65.04	0.008684431
65.06	-0.012018355
65.08	-0.01710898
65.1	-0.03060926
65.12	-0.054122525
65.14	-0.043788396
65.16	-0.031734246
65.18	-0.023709043
65.2	-0.025480112
65.22	-0.035515159
65.24	-0.046346932
65.26	-0.032012392
65.28	-0.019130055
65.3	-0.01456771
65.32	-0.00966912
65.34	0.003720318
65.36	0.009888131
65.38	0.006962215
65.4	0.013762536
65.42	0.016722249
65.44	0.024364622
65.46	0.038552526
65.48	0.034681666
65.5	0.038988476
65.52	0.026638672
65.54	0.02592896
65.56	0.021041505
65.58	0.021871854
65.6	0.022912614
65.62	0.026698098
65.64	0.034653049
65.66	0.050555346
65.68	0.04420066
65.7	0.003824127
65.72	0.00218085
65.74	-0.016187355
65.76	-0.031587611
65.78	-0.029649283
65.8	-0.021260415
65.82	-0.028186542
65.84	-0.036933443
65.86	-0.032140046
65.88	-0.021260846
65.9	-0.04136097
65.92	-0.03926463
65.94	-0.017027236
65.96	-0.018034129
65.98	-0.00191807
66	0.002693935
66.02	0.015547289
66.04	0.007584486
66.06	0.014460024
66.08	0.024484229
66.1	0.034211837
66.12	0.047508669
66.14	0.030320558
66.16	0.046916297
66.18	0.021849959
66.2	0.012751985
66.22	0.006653762
66.24	0.014656913
66.26	0.005582625
66.28	0.00153157
66.3	-0.003860073
66.32	-0.002747505
66.34	-0.014083707
66.36	0.003161724
66.38	-0.004155731
66.4	0.011674504
66.42	0.015409361
66.44	0.017023891
66.46	0.020034819
66.48	0.017963672
66.5	0.029452291
66.52	0.030260932
66.54	0.034449646
66.56	0.037711892
66.58	0.029215224
66.6	0.035828783
66.62	0.038982406
66.64	0.034927414
66.66	0.039480788
66.68	0.037563199
66.7	0.038859418
66.72	0.051958141
66.74	0.049748506
66.76	0.049132305
66.78	0.031674143
66.8	0.030116444
66.82	0.040377037
66.84	0.037624916
66.86	0.045287179
66.88	0.050477636
66.9	0.029994411
66.92	0.03377661
66.94	0.042075
66.96	0.04936615
66.98	0.040772327
67	0.040110981
67.02	0.036193795
67.04	0.021163153
67.06	0.004288678
67.08	0.006124243
67.1	0.002872714
67.12	0.007874433
67.14	0.00395924
67.16	0.016454621
67.18	0.017849561
67.2	0.005724888
67.22	-0.002095333
67.24	-0.008155272
67.26	-0.015222538
67.28	-0.01364975
67.3	-6.72299E-05
67.32	0.039028398
67.34	0.037151168
67.36	0.028721459
67.38	0.024681556
67.4	0.012284187
67.42	0.00590228
67.44	0.001890613
67.46	0.013398961
67.48	0.012751689
67.5	0.005185942
67.52	0.00591495
67.54	0.002197101
67.56	0.009040089
67.58	-0.001370226
67.6	-0.007506666
67.62	-0.009857367
67.64	-0.021713961
67.66	-0.026324572
67.68	-0.02692927
67.7	-0.03041071
67.72	-0.024207977
67.74	-0.021580813
67.76	-0.014544324
67.78	-0.013470806
67.8	-0.0175614
67.82	-0.023328542
67.84	-0.028353964
67.86	-0.032490046
67.88	-0.037816987
67.9	0.021652401
67.92	0.029380007
67.94	0.017911961
67.96	0.033800926
67.98	0.036682376
68	0.039679754
68.02	0.03829223
68.04	0.045320492
68.06	0.056247194
68.08	0.068114509
68.1	0.026164044
68.12	0.013532589
68.14	-0.012626834
68.16	-0.006889849
68.18	-0.01079793
68.2	-0.022524318
68.22	-0.020075561
68.24	-0.012600272
68.26	-0.01648027
68.28	-0.02827779
68.3	-0.043492884
68.32	-0.040331623
68.34	-0.036671912
68.36	-0.0355231
68.38	-0.031588421
68.4	-0.00621858
68.42	-0.002630465
68.44	0.014933879
68.46	0.018189665
68.48	0.008040402
68.5	0.015733905
68.52	0.024782119
68.54	0.022976207
68.56	0.035593337
68.58	0.0353705
68.6	0.040276636
68.62	0.040810487
68.64	0.04199644
68.66	0.007511563
68.68	0.000419188
68.7	-0.013329153
68.72	-0.005719416
68.74	-0.000848612
68.76	-0.006359415
68.78	-0.010684232
68.8	-0.00837688
68.82	-0.023465648
68.84	-0.033257831
68.86	-0.049116839
68.88	-0.044581682
68.9	-0.046616848
68.92	-0.039645443
68.94	-0.02975132
68.96	-0.025808713
68.98	-0.030416388
69	-0.029857953
69.02	-0.025914103
69.04	-0.025311462
69.06	-0.024888434
69.08	-0.027726012
69.1	-0.037209661
69.12	-0.03328623
69.14	-0.023613615
69.16	0.007009128
69.18	0.0121418
69.2	0.008099057
69.22	0.007024337
69.24	0.005121319
69.26	8.69615E-05
69.28	-0.002448673
69.3	0.005241974
69.32	0.015601649
69.34	0.003899418
69.36	0.011631033
69.38	0.019268288
69.4	0.023975547
69.42	0.023854078
69.44	0.027454523
69.46	0.024956074
69.48	0.019987948
69.5	0.013733155
69.52	-0.008650227
69.54	-0.015878001
69.56	-0.019182419
69.58	-0.014411613
69.6	-0.013015374
69.62	-0.014132981
69.64	-0.016271866
69.66	-0.017391978
69.68	-0.02182003
69.7	-0.037967222
69.72	-0.032298084
69.74	-0.022928958
69.76	-0.017667762
69.78	-0.014571701
69.8	-0.001102314
69.82	-0.003427231
69.84	0.005433065
69.86	0.008110835
69.88	0.011944734
69.9	0.014836344
69.92	0.019550643
69.94	0.02541142
69.96	0.032178098
69.98	0.026936514
70	0.032713573
70.02	0.02932514
70.04	0.027631318
70.06	0.025779134
70.08	0.030146548
70.1	0.03058181
70.12	-0.011963261
70.14	-0.010875236
70.16	-0.009407942
70.18	-0.010448123
70.2	-0.019749574
70.22	-0.024587543
70.24	-0.026150333
70.26	-0.020181929
70.28	-0.022783216
70.3	-0.041995389
70.32	-0.033007157
70.34	-0.010573122
70.36	-0.014488971
70.38	-0.001965078
70.4	0.011335186
70.42	0.009130564
70.44	0.007503744
70.46	0.013386052
70.48	0.015545705
70.5	0.023308008
70.52	0.029700142
70.54	0.023774697
70.56	0.018138292
70.58	0.019935989
70.6	0.024771453
70.62	0.029861416
70.64	0.026053269
70.66	0.027600348
70.68	0.019897862
70.7	0.025394039
70.72	0.020203511
70.74	0.018580942
70.76	0.011373141
70.78	0.017872451
70.8	0.018251113
70.82	0.019441346
70.84	0.026229115
70.86	0.029371994
70.88	0.032663095
70.9	0.033210821
70.92	0.03156077
70.94	0.029975047
70.96	0.018374434
70.98	0.02290076
71	-0.019264896
71.02	-0.013502382
71.04	-0.002053912
71.06	-0.007267605
71.08	-0.011754935
71.1	-0.012431727
71.12	-0.008062828
71.14	-0.015927679
71.16	-0.030215218
71.18	-0.032721444
71.2	-0.027978531
71.22	-0.02838714
71.24	-0.030583315
71.26	-0.027156488
71.28	-0.02002354
71.3	-0.001605926
71.32	-0.005685101
71.34	-0.01073044
71.36	-0.013958183
71.38	-0.018303998
71.4	-0.015859696
71.42	-0.016068992
71.44	-0.014486035
71.46	-0.009080376
71.48	-0.010415855
71.5	-0.005858334
71.52	-0.006286874
71.54	0.010961136
71.56	-0.002254614
71.58	-0.008176906
71.6	-0.013350144
71.62	-0.017446173
71.64	-0.018476182
71.66	-0.017200225
71.68	-0.019904945
71.7	-0.026158136
71.72	-0.031043056
71.74	-0.036132763
71.76	-0.043938226
71.78	-0.039921716
71.8	-0.047590501
71.82	-0.043338826
71.84	-0.051647329
71.86	-0.040089847
71.88	-0.011971414
71.9	-0.015708296
71.92	-0.01100328
71.94	0.005968192
71.96	-0.001541864
71.98	-0.018069581
72	-0.015929666
72.02	-0.013851335
72.04	0.003338687
72.06	0.013765775
72.08	0.012011973
72.1	0.010661543
72.12	0.013204419
72.14	0.004839596
72.16	0.002149733
72.18	-0.001037372
72.2	-0.002870134
72.22	0.004481725
72.24	0.003334475
72.26	0.013291289
72.28	0.011605036
72.3	-0.008538952
72.32	-0.020787424
72.34	-0.013836758
72.36	-0.000236143
72.38	0.003720991
72.4	-0.009381591
72.42	-0.015359704
72.44	-0.025204227
72.46	-0.032434586
72.48	-0.038232033
72.5	-0.034238239
72.52	-0.027743443
72.54	-0.03267539
72.56	-0.031146756
72.58	-0.024611799
72.6	-0.026800249
72.62	0.009768229
72.64	0.002580698
72.66	0.002826229
72.68	0.00170848
72.7	-0.001004188
72.72	-0.008407577
72.74	-0.008308125
72.76	-0.01153135
72.78	-0.008249085
72.8	-0.017302834
72.82	-0.013407394
72.84	-0.013803434
72.86	-0.014905249
72.88	-0.013046074
72.9	-0.011034926
72.92	0.010748997
72.94	0.004005155
72.96	-0.010196421
72.98	-0.024750145
73	-0.029422563
73.02	-0.030702686
73.04	-0.032544494
73.06	-0.026363479
73.08	-0.023797545
73.1	-0.016598349
73.12	-0.023346912
73.14	-0.027348853
73.16	-0.027612124
73.18	-0.005037581
73.2	-0.005855943
73.22	-0.00583352
73.24	-0.000191432
73.26	0.007427295
73.28	0.010649017
73.3	0.015394834
73.32	0.025113049
73.34	0.029814228
73.36	0.0187427
73.38	0.019776927
73.4	0.02236116
73.42	0.019143797
73.44	0.010131095
73.46	0.009487806
73.48	0.008415373
73.5	0.01181792
73.52	0.014723614
73.54	0.015471501
73.56	0.019081349
73.58	0.0165638
73.6	0.002386275
73.62	-0.004277353
73.64	-0.011186001
73.66	-0.012475112
73.68	-0.009190716
73.7	-0.009306408
73.72	-0.012046184
73.74	-0.006153319
73.76	0.012760474
73.78	0.012767212
73.8	-0.001553431
73.82	0.00854089
73.84	0.01458024
73.86	0.00795524
73.88	0.007741401
73.9	0.020404002
73.92	0.002972097
73.94	0.015642278
73.96	0.01066688
73.98	0.001988679
74	-0.000581957
74.02	0.00309963
74.04	0.003917715
74.06	0.00919352
74.08	0.009123995
74.1	0.002334619
74.12	-0.002551099
74.14	-0.007397463
74.16	-0.01421821
74.18	-0.005472405
74.2	-0.003107812
74.22	0.00604031
74.24	0.003234273
74.26	0.00433054
74.28	0.001440895
74.3	0.00105613
74.32	0.017414326
74.34	0.022560381
74.36	0.018199175
74.38	0.019901756
74.4	0.02202528
74.42	0.02034227
74.44	0.021932505
74.46	0.017358591
74.48	0.017471228
74.5	0.016796975
74.52	0.021371047
74.54	0.019267037
74.56	0.020538901
74.58	0.020574638
74.6	0.019796759
74.62	0.021628409
74.64	0.034659702
74.66	0.02726806
74.68	0.030336671
74.7	0.028564406
74.72	0.032816628
74.74	0.025137932
74.76	0.012929035
74.78	0.017785675
74.8	0.016313091
74.82	-0.016680178
74.84	-0.019184984
74.86	0.000997797
74.88	0.008822834
74.9	0.008547901
74.92	0.011830843
74.94	0.01037531
74.96	0.015059264
74.98	-0.004088283
75	0.012651602
75.02	0.009624261
75.04	0.007323368
75.06	0.000654355
75.08	-0.005586923
75.1	0.003083695
75.12	0.004816303
75.14	0.004136835
75.16	0.011962455
75.18	0.021337142
75.2	0.023180969
75.22	0.014410308
75.24	0.016417455
75.26	0.016788765
75.28	0.011506496
75.3	0.005001692
75.32	-0.002006963
75.34	0.00548521
75.36	-0.00060276
75.38	-0.001659313
75.4	0.001809529
75.42	-0.004497312
75.44	-0.008428468
75.46	-0.015044798
75.48	-0.022121565
75.5	-0.024797926
75.52	-0.022033579
75.54	-0.019945193
75.56	-0.014306508
75.58	-0.010506143
75.6	-0.007809229
75.62	-0.012823266
75.64	-0.011861872
75.66	-0.015256416
75.68	-0.009392711
75.7	0.007480702
75.72	0.012611438
75.74	0.016245718
75.76	0.010360665
75.78	0.015697516
75.8	0.013509122
75.82	0.016090826
75.84	0.023358182
75.86	0.033326898
75.88	0.025880811
75.9	0.021023468
75.92	0.023918333
75.94	0.021339625
75.96	0.019655681
75.98	0.018368337
76	0.016176694
76.02	0.015258883
76.04	0.019592264
76.06	0.023688533
76.08	0.027693332
76.1	0.025568875
76.12	0.02105125
76.14	-0.002131132
76.16	-0.015116193
76.18	-0.007755451
76.2	-0.004938891
76.22	-0.003111553
76.24	0.00285
76.26	0.003152142
76.28	0.00289817
76.3	-0.003486312
76.32	-0.023824264
76.34	-0.025322967
76.36	-0.012064509
76.38	0.004079233
76.4	0.022633788
76.42	0.023084015
76.44	0.013423254
76.46	-0.002014002
76.48	-0.010695794
76.5	-0.010861215
76.52	-0.00501918
76.54	0.028301956
76.56	0.033849516
76.58	0.026224995
76.6	0.028356908
76.62	0.022648676
76.64	0.018446259
76.66	0.012974352
76.68	-0.002240718
76.7	-0.002353823
76.72	-0.005953469
76.74	-0.00637682
76.76	-0.008747201
76.78	-0.012772393
76.8	-0.01566991
76.82	-0.01343073
76.84	-0.031330412
76.86	-0.041622808
76.88	-0.038330091
76.9	-0.040821642
76.92	-0.034464512
76.94	-0.040163065
76.96	-0.03494365
76.98	-0.030939937
77	-0.025656036
77.02	-0.027156148
77.04	-0.024149192
77.06	-0.024840693
77.08	-0.002910654
77.1	-0.003106384
77.12	0.000462443
77.14	-0.003537801
77.16	-0.007194947
77.18	0.001817514
77.2	0.012606251
77.22	0.014953743
77.24	0.021655381
77.26	0.02996453
77.28	0.028127943
77.3	0.025629523
77.32	0.022944282
77.34	0.01884577
77.36	0.006796209
77.38	0.009231294
77.4	0.003051176
77.42	0.000905029
77.44	0.000524736
77.46	-0.000942931
77.48	-0.003874535
77.5	-0.008809563
77.52	-0.01748566
77.54	-0.032968659
77.56	-0.034653234
77.58	-0.037070289
77.6	-0.034856655
77.62	-0.033832592
77.64	-0.030540703
77.66	-0.024387249
77.68	-0.017960107
77.7	-0.009407302
77.72	-0.008205451
77.74	-0.01719635
77.76	-0.017375931
77.78	-0.012202647
77.8	0.001366553
77.82	0.018678247
77.84	0.015594622
77.86	0.017303395
77.88	0.013063687
77.9	0.005160891
77.92	0.002866907
77.94	0.006588547
77.96	0.018247456
77.98	0.020813634
78	0.018245197
78.02	0.013702807
78.04	0.007852902
78.06	0.001571288
78.08	0.003629809
78.1	-0.003017024
78.12	-0.013481477
78.14	-0.014640769
78.16	-0.018201229
78.18	-0.022525792
78.2	-0.02795886
78.22	-0.030521421
78.24	-0.031531518
78.26	-0.031490147
78.28	-0.042269652
78.3	-0.038309069
78.32	-0.042332145
78.34	-0.041159584
78.36	-0.036227488
78.38	-0.031703875
78.4	0.007972859
78.42	0.006087895
78.44	0.012985298
78.46	0.011729766
78.48	0.01668031
78.5	0.016133162
78.52	0.019327614
78.54	0.023347932
78.56	0.043437443
78.58	0.030648509
78.6	0.034872009
78.62	0.026592662
78.64	0.02156651
78.66	0.019992903
78.68	0.02239938
78.7	0.017964453
78.72	0.012424389
78.74	0.003980625
78.76	0.001844537
78.78	0.000877928
78.8	-0.002278745
78.82	-0.007760935
78.84	-0.0138268
78.86	-0.022432362
78.88	-0.021561258
78.9	-0.023549031
78.92	-0.024353176
78.94	-0.020679775
78.96	-0.020394393
78.98	-0.020388512
79	-0.022632506
79.02	-0.007713821
79.04	0.002986457
79.06	0.008952599
79.08	0.012779324
79.1	0.014834193
79.12	0.014014135
79.14	0.010850457
79.16	0.007763637
79.18	0.006973285
79.2	-5.90299E-05
79.22	0.006814983
79.24	0.008314913
79.26	0.006618805
79.28	0.004923042
79.3	-0.002966697
79.32	-0.004602164
79.34	-0.005824301
79.36	-0.010661644
79.38	-0.009913644
79.4	-0.009549126
79.42	-0.015127577
79.44	-0.016766238
79.46	-0.017606813
79.48	-0.014861087
79.5	-0.01745227
79.52	0.012526864
79.54	0.017885821
79.56	0.008485794
79.58	0.006290169
79.6	0.008244292
79.62	0.008304244
79.64	0.00778834
79.66	0.00343599
79.68	0.00823184
79.7	0.01181524
79.72	0.0101741
79.74	0.010008891
79.76	0.004488254
79.78	-0.006076599
79.8	-0.004471991
79.82	-0.001339779
79.84	-0.000182712
79.86	0.011018923
79.88	0.010142241
79.9	0.011486922
79.92	0.007914207
79.94	0.013972431
79.96	0.011017558
79.98	0.014669504
80	0.018402678
80.02	0.021169691
80.04	0.031959856
80.06	0.031144801
80.08	0.032600448
80.1	0.014578087
80.12	0.014766275
80.14	0.013075072
80.16	0.011711717
80.18	0.010174551
80.2	0.011725537
80.22	0.014674904
80.24	0.016196187
80.26	-0.005071633
80.28	-0.008184728
80.3	-0.008192621
80.32	-0.002615967
80.34	-0.000631069
80.36	0.00042949
80.38	0.002673802
80.4	0.005748839
80.42	0.002293036
80.44	0.027644256
80.46	0.019193954
80.48	0.019241495
80.5	0.014303262
80.52	0.01283986
80.54	0.011953046
80.56	0.009700211
80.58	0.0088087
80.6	0.005911546
80.62	0.005691985
80.64	0.000197772
80.66	-0.00171405
80.68	-0.004628612
80.7	-0.016936007
80.72	-0.021657456
80.74	-0.026791606
80.76	-0.029582417
80.78	-0.03111579
80.8	-0.030798476
80.82	-0.025345712
80.84	0.003392802
80.86	0.008963167
80.88	-0.006107268
80.9	-0.02195637
80.92	-0.019215989
80.94	-0.011968165
80.96	0.008642627
80.98	0.015568669
81	0.030239897
81.02	0.024321779
81.04	0.024270994
81.06	0.012419286
81.08	0.017066145
81.1	0.017145521
81.12	0.015589555
81.14	0.008283711
81.16	0.005403744
81.18	-0.002115416
81.2	-0.0119662
81.22	-0.013156605
81.24	-0.016462742
81.26	-0.025181088
81.28	-0.026297141
81.3	-0.021365697
81.32	-0.027553888
81.34	-0.034288731
81.36	-0.035404731
81.38	-0.017980562
81.4	-0.018736364
81.42	-0.005806824
81.44	-0.003152291
81.46	-0.001869013
81.48	-0.00162421
81.5	-0.001498397
81.52	0.000142824
81.54	0.007435956
81.56	0.019861272
81.58	0.020018177
81.6	0.019401061
81.62	0.015382763
81.64	0.010355248
81.66	0.005342767
81.68	-0.000169042
81.7	0.004390984
81.72	-0.006025635
81.74	-0.013844465
81.76	-0.014834868
81.78	-0.01469011
81.8	-0.017819235
81.82	-0.02171336
81.84	-0.023854378
81.86	-0.02489894
81.88	-0.018535133
81.9	-0.013733565
81.92	-0.010004203
81.94	-0.009093312
81.96	-0.004940567
81.98	-0.004618238
82	0.000519526
82.02	0.002495894
82.04	0.007487518
82.06	0.006389421
82.08	0.005080461
82.1	-0.002924421
82.12	-0.01601956
82.14	-0.013555083
82.16	-0.017542039
82.18	-0.020142455
82.2	-0.021636649
82.22	-0.017730987
82.24	-0.012137718
82.26	-0.013890304
82.28	-0.016737916
82.3	-0.012877311
82.32	-0.001806964
82.34	0.004080867
82.36	0.001780116
82.38	0.007731079
82.4	0.016938304
82.42	0.01380236
82.44	0.016405664
82.46	0.018111565
82.48	0.024542565
82.5	0.021980177
82.52	0.014145467
82.54	0.014314922
82.56	0.01379231
82.58	0.012513275
82.6	0.014144987
82.62	0.008965598
82.64	-0.00261099
82.66	-0.013614605
82.68	-0.011777168
82.7	-0.012996887
82.72	-0.018128935
82.74	-0.023509651
82.76	-0.021925262
82.78	-0.02377851
82.8	-0.032507277
82.82	-0.029782559
82.84	-0.03069309
82.86	-0.029590214
82.88	-0.019465748
82.9	-0.008320901
82.92	-0.006504946
82.94	-0.000175109
82.96	0.008264174
82.98	0.015131747
83	0.015141334
83.02	0.014682055
83.04	0.013027412
83.06	0.017122781
83.08	0.017888254
83.1	0.013941843
83.12	0.015892351
83.14	0.003146256
83.16	0.003031319
83.18	0.000364494
83.2	-0.008858896
83.22	-0.010969264
83.24	-0.012348099
83.26	-0.00639005
83.28	0.002906331
83.3	-0.002289699
83.32	0.004778252
83.34	0.003265591
83.36	-0.001884183
83.38	-0.008546679
83.4	-0.013519769
83.42	-0.014414349
83.44	-0.006771978
83.46	-0.00796982
83.48	-0.003276173
83.5	0.007716972
83.52	0.01385086
83.54	0.012008327
83.56	0.001948061
83.58	-0.002138761
83.6	-0.003052574
83.62	-0.002627359
83.64	0.000130693
83.66	0.008496941
83.68	0.00682632
83.7	0.00786728
83.72	0.002207892
83.74	0.006190513
83.76	0.000117727
83.78	-0.003089886
83.8	-0.002646579
83.82	0.016246749
83.84	0.01414774
83.86	0.01575194
83.88	0.014633195
83.9	0.01336961
83.92	0.026501621
83.94	0.024229497
83.96	0.030151234
83.98	0.040775045
84	0.036210104
84.02	0.035392223
84.04	0.031641765
84.06	0.031501043
84.08	0.021277122
84.1	0.00710858
84.12	-0.01045438
84.14	-0.020352874
84.16	-0.009159997
84.18	-0.001176954
84.2	-0.001274759
84.22	-0.009578666
84.24	-0.019224166
84.26	-0.019002489
84.28	-0.014506398
84.3	-2.49239E-05
84.32	0.004141565
84.34	-0.000815991
84.36	-0.001870381
84.38	-0.003999814
84.4	0.003410857
84.42	0.01401905
84.44	0.028842484
84.46	0.033201378
84.48	0.033230485
84.5	0.035155598
84.52	0.029707313
84.54	0.026608741
84.56	0.028255941
84.58	0.031686812
84.6	0.018436429
84.62	0.00817123
84.64	-0.005458474
84.66	-0.006544656
84.68	-0.008495745
84.7	-0.011194393
84.72	-0.010741798
84.74	-0.010055627
84.76	-0.012530891
84.78	-0.016593665
84.8	-0.017474004
84.82	-0.016025566
84.84	-0.015096947
84.86	-0.01637329
84.88	-0.020873429
84.9	-0.014720633
84.92	-0.018540362
84.94	-0.023809959
84.96	-0.019095981
84.98	-0.015252725
85	0.009993922
85.02	0.011651122
85.04	0.017015578
85.06	0.017962456
85.08	0.013751468
85.1	0.009271857
85.12	0.001784084
85.14	0.001056197
85.16	0.010494237
85.18	-0.008167657
85.2	-0.005682423
85.22	-0.002713614
85.24	-0.008711301
85.26	-0.016708206
85.28	-0.010488442
85.3	-0.010149322
85.32	-0.012640038
85.34	-0.017677705
85.36	-0.004518603
85.38	-0.007639709
85.4	-0.00704718
85.42	-0.008535194
85.44	-0.016251723
85.46	-0.012848417
85.48	-0.015400703
85.5	0.002945688
85.52	0.000127392
85.54	-0.009459703
85.56	-0.012848183
85.58	-0.020650608
85.6	-0.017819509
85.62	-0.024128776
85.64	-0.025199076
85.66	-0.013100334
85.68	-0.028404391
85.7	-0.027214747
85.72	-0.025533782
85.74	-0.014374454
85.76	-0.000108669
85.78	0.006544339
85.8	0.005758741
85.82	0.005941243
85.84	0.001941269
85.86	0.003678245
85.88	0.007287665
85.9	0.005139178
85.92	0.007206077
85.94	0.004822658
85.96	0.002873426
85.98	0.004258944
86	0.008816341
86.02	0.004531101
86.04	0.00679381
86.06	0.003460907
86.08	-0.008161419
86.1	-0.008047085
86.12	-0.017156925
86.14	-0.018089062
86.16	-0.019466927
86.18	-0.016769752
86.2	-0.017315907
86.22	-0.017795204
86.24	-0.025817855
86.26	-0.019971224
86.28	-0.02421203
86.3	-0.019458471
86.32	0.002649519
86.34	0.004670089
86.36	0.006453857
86.38	0.00834244
86.4	0.011076913
86.42	0.009058588
86.44	0.006555713
86.46	0.004137587
86.48	0.017002353
86.5	0.005569087
86.52	0.003325337
86.54	0.001552141
86.56	0.008407672
86.58	0.012162829
86.6	0.004817458
86.62	-0.010593165
86.64	-0.030681018
86.66	-0.02937097
86.68	-0.030840407
86.7	-0.030441459
86.72	-0.027362452
86.74	-0.023788506
86.76	-0.016151231
86.78	-0.015537806
86.8	0.001091536
86.82	0.001642108
86.84	-0.003001263
86.86	-0.005683814
86.88	-0.001310288
86.9	0.002849066
86.92	0.010231591
86.94	0.01876252
86.96	0.023914358
86.98	0.022006262
87	0.018506091
87.02	0.012104084
87.04	0.00870253
87.06	0.000339805
87.08	0.002951799
87.1	0.001336023
87.12	0.000439772
87.14	-0.001922866
87.16	-0.007782324
87.18	-0.019578744
87.2	-0.019508414
87.22	-0.02101112
87.24	-0.005015161
87.26	0.007656738
87.28	0.001343931
87.3	0.003677902
87.32	0.003829627
87.34	0.00063706
87.36	0.003686961
87.38	0.00219164
87.4	0.008985399
87.42	0.018203931
87.44	0.022656315
87.46	0.021855703
87.48	0.01778423
87.5	0.021360902
87.52	0.023224187
87.54	0.023513911
87.56	0.023460855
87.58	0.02680236
87.6	0.021284115
87.62	0.015757014
87.64	0.008963484
87.66	-0.000692976
87.68	-0.010859652
87.7	-0.005608454
87.72	0.00202428
87.74	0.006580993
87.76	0.010949058
87.78	0.012387493
87.8	0.005336513
87.82	0.005958373
87.84	0.009304177
87.86	0.013787012
87.88	0.013727332
87.9	0.009750086
87.92	0.010929994
87.94	0.007194114
87.96	0.011757171
87.98	0.014708049
88	0.016977699
88.02	0.018563252
88.04	0.018542779
88.06	0.011312614
88.08	0.000260637
88.1	-0.005990727
88.12	-0.004835783
88.14	-0.008163875
88.16	-0.005346659
88.18	-0.004409369
88.2	0.002447331
88.22	0.008999256
88.24	0.007947892
88.26	0.009743427
88.28	0.011119416
88.3	0.009928722
88.32	0.016445368
88.34	0.021859076
88.36	0.024662005
88.38	0.034904709
88.4	0.029272982
88.42	0.028856299
88.44	0.024995679
88.46	0.028112012
88.48	0.024007701
88.5	0.018340501
88.52	0.019625697
88.54	0.023840281
88.56	0.024324303
88.58	0.024964178
88.6	0.024527829
88.62	-0.011436047
88.64	-0.005623771
88.66	-0.004318475
88.68	-0.009788734
88.7	-0.005245702
88.72	-0.003458149
88.74	-0.003225375
88.76	-0.004536847
88.78	-0.02210463
88.8	-0.013082991
88.82	0.000480815
88.84	0.013871922
88.86	0.022732874
88.88	0.0191015
88.9	0.018490599
88.92	0.016412807
88.94	0.01418678
88.96	0.013932191
88.98	0.021732834
89	0.013137861
89.02	0.013215821
89.04	0.009367503
89.06	0.009241997
89.08	0.004361249
89.1	0.001104882
89.12	0.001647053
89.14	-0.006662017
89.16	-0.006326989
89.18	-0.010422381
89.2	-0.012524235
89.22	-0.018218559
89.24	-0.02101251
89.26	-0.019614128
89.28	-0.021682819
89.3	-0.019793163
89.32	-0.019231465
89.34	-0.014577567
89.36	-0.00956776
89.38	-0.006671596
89.4	0.003474182
89.42	0.000443758
89.44	-0.006333806
89.46	-0.016535635
89.48	-0.016632661
89.5	-0.014562034
89.52	-0.004761388
89.54	0.002713235
89.56	-0.007248467
89.58	-0.006618686
89.6	0.000141305
89.62	0.006440089
89.64	0.014175105
89.66	0.018770602
89.68	0.015293424
89.7	0.014817885
89.72	0.010796431
89.74	0.011988054
89.76	0.013041108
89.78	0.013819413
89.8	0.013876185
89.82	0.009863271
89.84	0.005439426
89.86	-0.001720163
89.88	0.000650314
89.9	0.003402395
89.92	0.01182829
89.94	0.012209198
89.96	0.011630946
89.98	0.01530366
90	0.016211838
90.02	0.003970445
90.04	-0.009932138
90.06	-0.01985434
90.08	-0.024025837
90.1	-0.027112985
90.12	-0.023833346
90.14	-0.020700501
90.16	-0.019843191
90.18	-0.018521924
90.2	-0.02653792
90.22	-0.014233565
90.24	0.0162272
90.26	0.015083962
90.28	0.008313597
90.3	0.004635225
90.32	0.001670895
90.34	0.004373661
90.36	0.009842729
90.38	0.013060895
90.4	0.032889228
90.42	0.020950169
90.44	0.012311865
90.46	0.010783268
90.48	0.000961077
90.5	-0.001569215
90.52	5.45434E-05
90.54	-0.002784936
90.56	-0.008470959
90.58	-0.008595043
90.6	-0.012797679
90.62	-0.022262281
90.64	-0.028333082
90.66	-0.032248061
90.68	-0.029086191
90.7	-0.025772244
90.72	-0.023788174
90.74	-0.02551246
90.76	-0.029892137
90.78	-0.032138597
90.8	-0.032002889
90.82	-0.033998793
90.84	-0.035198813
90.86	-0.031275416
90.88	-0.002976478
90.9	-0.001452478
90.92	-0.002946427
90.94	0.001549971
90.96	0.002435009
90.98	-0.007700662
91	-0.006648933
91.02	-0.011151333
91.04	-0.012983331
91.06	-0.009473393
91.08	0.002423235
91.1	-0.003154835
91.12	-0.005142884
91.14	-0.008587944
91.16	-0.006895161
91.18	-0.008687358
91.2	-0.005741625
91.22	-0.009974283
91.24	-0.016477779
91.26	-0.01798446
91.28	-0.021177473
91.3	-0.017546834
91.32	-0.012396299
91.34	-0.009332032
91.36	-0.008884713
91.38	-0.009008916
91.4	-0.015639866
91.42	-0.019343681
91.44	-0.014429311
91.46	-0.006341472
91.48	-0.002619199
91.5	0.000752001
91.52	-0.000745476
91.54	-0.000715351
91.56	-0.001607186
91.58	0.00011795
91.6	0.00270732
91.62	0.004113956
91.64	0.003192702
91.66	0.004873846
91.68	0.009400201
91.7	0.011266137
91.72	0.010721866
91.74	0.007814925
91.76	0.007526789
91.78	0.006089726
91.8	0.001632038
91.82	0.005175987
91.84	0.007408136
91.86	0.006172569
91.88	0.003879399
91.9	0.004995592
91.92	0.000724945
91.94	0.000168231
91.96	-0.002180498
91.98	-0.00239953
92	0.002140773
92.02	-0.000861163
92.04	-0.005626946
92.06	-0.015726728
92.08	-0.025818162
92.1	-0.019276763
92.12	-0.020213103
92.14	-0.016677576
92.16	-0.014798986
92.18	-0.014748423
92.2	-0.012592766
92.22	-0.011119693
92.24	-0.009484784
92.26	0.00777613
92.28	0.017273359
92.3	0.015623349
92.32	0.015722858
92.34	0.015795073
92.36	0.015300619
92.38	0.015470618
92.4	0.020043278
92.42	0.025841323
92.44	0.022925702
92.46	0.016661388
92.48	0.006696095
92.5	-0.004341671
92.52	-0.004536793
92.54	-0.004130143
92.56	-0.002274535
92.58	-0.002265533
92.6	-0.003645655
92.62	-0.006899554
92.64	-0.015708193
92.66	-0.014103779
92.68	-0.011463593
92.7	-0.00921985
92.72	-0.003751659
92.74	0.002485541
92.76	0.006742267
92.78	0.008282676
92.8	0.010547468
92.82	0.010318551
92.84	0.001731035
92.86	0.008047996
92.88	0.011252638
92.9	0.013947031
92.92	0.014440731
92.94	0.012367741
92.96	0.011112745
92.98	-0.00501662
93	-0.005175608
93.02	-0.004569791
93.04	-0.005999894
93.06	-0.005830379
93.08	-0.006129544
93.1	-0.007761306
93.12	-0.014300845
93.14	-0.020232107
93.16	-0.019837801
93.18	-0.019494305
93.2	-0.016479196
93.22	-0.014397105
93.24	-0.013155272
93.26	-0.01165567
93.28	-0.009089911
93.3	-0.004525417
93.32	0.001781763
93.34	0.009248533
93.36	0.006141091
93.38	0.006066757
93.4	0.007475199
93.42	0.005929867
93.44	0.005777158
93.46	0.01455544
93.48	0.002855869
93.5	0.00346065
93.52	0.005519094
93.54	0.005914493
93.56	0.004110115
93.58	-0.004304316
93.6	-0.01029096
93.62	-0.009859243
93.64	-0.011054702
93.66	-0.00781308
93.68	-0.006533079
93.7	-0.000707555
93.72	0.003247865
93.74	0.004281682
93.76	0.005587523
93.78	0.007305504
93.8	0.008357274
93.82	0.012859427
93.84	0.015983695
93.86	0.015529304
93.88	0.019945563
93.9	0.021191581
93.92	0.021885961
93.94	0.021890465
93.96	0.020702627
93.98	0.020633327
94	0.01589249
94.02	0.017357507
94.04	0.018445241
94.06	0.015426198
94.08	0.011070925
94.1	0.010006599
94.12	0.00442444
94.14	0.001899818
94.16	0.001385517
94.18	-0.00162209
94.2	-0.004398089
94.22	-0.002292562
94.24	-0.013513451
94.26	-0.011155081
94.28	-0.015031268
94.3	-0.005529416
94.32	-0.006698189
94.34	-0.002139279
94.36	-0.002411197
94.38	-0.000798092
94.4	-0.002178428
94.42	-0.006443629
94.44	-0.009179122
94.46	-0.012600894
94.48	-0.014691599
94.5	-0.014611985
94.52	-0.014525111
94.54	-0.014519861
94.56	-0.015640959
94.58	-0.02036548
94.6	-0.019344982
94.62	-0.021308293
94.64	-0.026037654
94.66	-0.021868916
94.68	-0.021747294
94.7	-0.020982813
94.72	-0.019876076
94.74	-0.020066267
94.76	-0.021522873
94.78	-0.008127082
94.8	-0.011070041
94.82	-0.002516336
94.84	-0.004831717
94.86	-0.000347212
94.88	0.002652161
94.9	0.002545634
94.92	0.002416445
94.94	0.011114865
94.96	0.012005702
94.98	0.00719727
95	0.004966164
95.02	0.002713179
95.04	0.00243172
95.06	0.001637242
95.08	0.002769128
95.1	0.003208735
95.12	0.004969938
95.14	0.006368962
95.16	0.004940824
95.18	0.002369706
95.2	0.00127933
95.22	-0.000893956
95.24	0.000923093
95.26	0.003231104
95.28	0.007626316
95.3	0.011687374
95.32	0.012638168
95.34	0.013618505
95.36	0.007993766
95.38	0.000660997
95.4	-0.005591996
95.42	-2.5536E-06
95.44	0.012958221
95.46	0.011819463
95.48	0.014180486
95.5	0.013543577
95.52	0.001781369
95.54	0.010721308
95.56	0.010363856
95.58	0.012395119
95.6	0.013115318
95.62	0.01728736
95.64	0.011016554
95.66	0.007934607
95.68	0.002507437
95.7	-0.004458914
95.72	-0.003284675
95.74	-0.004196342
95.76	-0.002369463
95.78	-0.000551357
95.8	-0.001319854
95.82	0.001253937
95.84	0.002620803
95.86	0.0026647
95.88	0.002147057
95.9	-0.003106243
95.92	-0.009680208
95.94	-0.015135212
95.96	-0.012936389
95.98	-0.010999164
96	-0.008817221
96.02	-0.008840977
96.04	-0.005427433
96.06	-0.001913394
96.08	-0.004326002
96.1	-0.004853416
96.12	0.014809156
96.14	0.009152845
96.16	0.002276167
96.18	0.0040773
96.2	0.009707808
96.22	0.010913591
96.24	0.015552146
96.26	0.014862775
96.28	0.018768802
96.3	0.011362003
96.32	0.014750393
96.34	0.015139914
96.36	0.02272503
96.38	0.022714789
96.4	0.02618857
96.42	0.020543872
96.44	0.014634893
96.46	0.001647408
96.48	-0.000935112
96.5	0.005361177
96.52	0.007314131
96.54	0.017322474
96.56	0.014854648
96.58	0.01615906
96.6	0.019321356
96.62	0.011329826
96.64	-0.002576683
96.66	0.009521589
96.68	0.012367838
96.7	0.010901105
96.72	0.005935728
96.74	0.001748954
96.76	-0.005819465
96.78	-0.003421855
96.8	-0.006050871
96.82	-0.001682174
96.84	0.00419873
96.86	0.004756917
96.88	0.005758489
96.9	0.019511694
96.92	0.01808441
96.94	0.015489846
96.96	0.016356704
96.98	0.016159667
97	0.013619514
97.02	0.007143492
97.04	0.006396838
97.06	0.010059815
97.08	0.008345071
97.1	0.004378121
97.12	0.009632272
97.14	0.002205067
97.16	0.000469871
97.18	-0.007185617
97.2	-0.012115253
97.22	-0.013227423
97.24	-0.015535578
97.26	-0.012440602
97.28	-0.013171355
97.3	-0.015881009
97.32	-0.015793894
97.34	-0.015156473
97.36	-0.017063801
97.38	-0.015450566
97.4	-0.015303933
97.42	-0.020984592
97.44	-0.020713612
97.46	-0.014047067
97.48	-0.003550936
97.5	0.006296632
97.52	0.011613679
97.54	0.01621448
97.56	0.013778447
97.58	0.013734394
97.6	0.013132175
97.62	0.012824098
97.64	0.03037802
97.66	0.021030286
97.68	0.025691571
97.7	0.020946257
97.72	0.019195351
97.74	0.018134411
97.76	0.017261069
97.78	0.019938837
97.8	0.02188527
97.82	0.023160868
97.84	0.02660746
97.86	0.006450241
97.88	0.002904624
97.9	-0.005030278
97.92	-0.002618711
97.94	0.004508063
97.96	0.015631029
97.98	0.015929409
98	0.011937066
98.02	-0.003745012
98.04	-0.004599836
98.06	-0.013271538
98.08	-0.012642077
98.1	-0.001093828
98.12	0.003016024
98.14	0.006624256
98.16	0.00683454
98.18	0.004580626
98.2	0.006247186
98.22	0.003504724
98.24	0.001909496
98.26	0.000827292
98.28	0.001771069
98.3	0.002608058
98.32	0.003713546
98.34	0.008925338
98.36	0.007649901
98.38	0.001897135
98.4	-0.001731722
98.42	-0.00652552
98.44	-0.007546941
98.46	-0.008733692
98.48	-0.018269566
98.5	-0.019343
98.52	-0.020980146
98.54	-0.018302378
98.56	-0.020796289
98.58	-0.020001124
98.6	-0.019848551
98.62	-0.017229475
98.64	-0.007687488
98.66	-0.005371105
98.68	-0.01813206
98.7	-0.023484897
98.72	-0.03102945
98.74	-0.03024476
98.76	-0.027042477
98.78	-0.020069203
98.8	-0.018656255
98.82	-0.016933954
98.84	-0.018028861
98.86	-0.022695088
98.88	0.012550161
98.9	0.002141398
98.92	0.000283172
98.94	-0.000343535
98.96	0.001064329
98.98	0.003331221
99	0.004290909
99.02	0.008216385
99.04	0.015061197
99.06	0.006468119
99.08	0.007938804
99.1	0.004758342
99.12	-0.018311762
99.14	-0.01429573
99.16	-0.004639842
99.18	0.002671654
99.2	0.005645285
99.22	0.005192779
99.24	0.00480536
99.26	-0.004928909
99.28	-0.008095487
99.3	-0.007952585
99.32	-0.013560604
99.34	-0.01166904
99.36	-0.010229893
99.38	-0.005230608
99.4	0.001070172
99.42	0.00710566
99.44	0.005340029
99.46	0.002713123
99.48	0.00446363
99.5	0.005025484
99.52	-0.01221436
99.54	-0.008951407
99.56	0.006989207
99.58	0.01376905
99.6	0.012925606
99.62	0.014038523
99.64	0.010544257
99.66	0.004169188
99.68	-0.004921806
99.7	-0.00860032
99.72	-0.00996722
99.74	-0.010169423
99.76	-0.008210949
99.78	-0.005024293
99.8	-0.004764364
99.82	-0.005385427
99.84	-0.005573789
99.86	-0.00413346
99.88	-0.013431988
99.9	-0.014501927
99.92	-0.010014291
99.94	-0.002474321
99.96	0.008814335
99.98	0.008817517
100	0.012242748
100.02	0.011419837
100.04	0.006794312
100.06	0.005438697
100.08	0.004658715
100.1	0.003954927
100.12	-0.004974039
100.14	-0.007824197
100.16	-0.007694084
100.18	-0.008021656
100.2	-0.009439459
100.22	-0.009921604
100.24	-0.010659264
100.26	-0.016822882
100.28	-0.018247229
100.3	-0.017873812
100.32	-0.01840089
100.34	-0.016098387
100.36	-0.015805312
100.38	-0.007216383
100.4	0.000455331
100.42	0.005694816
100.44	0.007035398
100.46	0.006972776
100.48	0.004488917
100.5	0.001486634
100.52	-0.001262262
100.54	-0.000815325
100.56	0.000101589
100.58	0.005549343
100.6	0.008129143
100.62	0.007218727
100.64	0.001030357
100.66	-0.008283492
100.68	-0.013269726
100.7	-0.015056253
100.72	-0.016223871
100.74	-0.012220086
100.76	-0.009338297
100.78	-0.011156337
100.8	-0.012006681
100.82	-0.012130388
100.84	-0.008418558
100.86	-0.00455603
100.88	0.00069615
100.9	0.002059923
100.92	0.003462939
100.94	0.004286666
100.96	0.006276555
100.98	0.009332981
101	0.012302968
101.02	0.013681729
101.04	0.013554574
101.06	0.011123969
101.08	0.004187981
101.1	-0.003834292
101.12	-0.012683988
101.14	-0.014885751
101.16	-0.015383747
101.18	-0.017080166
101.2	-0.018618386
101.22	-0.01779113
101.24	-0.019019676
101.26	-0.023008133
101.28	-0.022845768
101.3	-0.017532723
101.32	-0.004781847
101.34	0.004140839
101.36	0.009974578
101.38	0.010820357
101.4	0.012055319
101.42	0.010231752
101.44	0.009090221
101.46	0.011158373
101.48	0.024124072
101.5	0.021792873
101.52	0.023859992
101.54	0.018771647
101.56	0.019249889
101.58	0.018399692
101.6	0.016728287
101.62	0.016992788
101.64	0.010158065
101.66	0.009316186
101.68	0.007876686
101.7	0.009454188
101.72	0.006084102
101.74	0.004051635
101.76	-0.006023278
101.78	-0.00956168
101.8	-0.007310851
101.82	-0.006754137
101.84	-0.008818107
101.86	-0.002660148
101.88	0.005369439
101.9	0.002063914
101.92	0.009205047
101.94	0.012951271
101.96	0.014989751
101.98	0.011470539
102	0.012330952
102.02	0.019314919
102.04	0.025631834
102.06	0.012989589
102.08	0.009120982
102.1	0.009894357
102.12	0.009885796
102.14	0.011192466
102.16	0.006755219
102.18	0.001627298
102.2	0.0008619
102.22	-0.007547326
102.24	-0.009592118
102.26	-0.012399593
102.28	-0.016214079
102.3	-0.013839606
102.32	-0.014635833
102.34	-0.015607104
102.36	-0.013979071
102.38	-0.013275851
102.4	-0.014461876
102.42	-0.013147763
102.44	-0.011737036
102.46	-0.009091422
102.48	-0.008376501
102.5	-0.006344342
102.52	-0.01033432
102.54	-0.014987263
102.56	-0.017114374
102.58	-0.015625268
102.6	-0.019469219
102.62	-0.018312244
102.64	-0.021436312
102.66	-0.018719448
102.68	-0.017955845
102.7	-0.01710382
102.72	-0.018908216
102.74	-0.019129752
102.76	-0.019545672
102.78	0.01623878
102.8	-0.001540361
102.82	-0.001672536
102.84	-0.000962765
102.86	0.002156287
102.88	0.0038073
102.9	0.005571836
102.92	0.008158654
102.94	0.019464863
102.96	0.017385476
102.98	0.020739829
103	0.024575253
103.02	0.024927983
103.04	0.025457297
103.06	0.021788096
103.08	0.017614688
103.1	0.009992864
103.12	0.005113685
103.14	0.00048188
103.16	0.005758273
103.18	0.015584251
103.2	0.013728985
103.22	0.00963892
103.24	0.002621347
103.26	-0.007905144
103.28	-0.013687775
103.3	-0.013862883
103.32	-0.009755553
103.34	0.003089409
103.36	0.017996214
103.38	0.010048508
103.4	0.008731141
103.42	0.00943311
103.44	0.007097799
103.46	0.011206783
103.48	0.016175621
103.5	0.035374099
103.52	0.030065888
103.54	0.021754443
103.56	0.021041889
103.58	0.024844447
103.6	0.021095118
103.62	0.007964173
103.64	-0.003500328
103.66	-0.007173489
103.68	-0.009980305
103.7	-0.01811115
103.72	-0.0171609
103.74	-0.01686577
103.76	-0.012296503
103.78	-0.016885867
103.8	-0.020086183
103.82	-0.026109583
103.84	-0.023096393
103.86	-0.024259639
103.88	-0.022603744
103.9	-0.018777077
103.92	-0.016351752
103.94	-0.017984149
103.96	-0.017756097
103.98	-0.020034512
104	-0.017290503
104.02	0.00705417
104.04	0.002402471
104.06	0.004924939
104.08	0.005558859
104.1	0.006820129
104.12	0.002880578
104.14	-0.002366288
104.16	-0.003010665
104.18	0.013346925
104.2	0.016155463
104.22	0.016700895
104.24	0.011777828
104.26	0.007158176
104.28	0.005847551
104.3	0.00276973
104.32	-0.001265767
104.34	-0.008489117
104.36	-0.006297013
104.38	0.00428382
104.4	0.00897156
104.42	0.008830571
104.44	0.008294326
104.46	0.008780078
104.48	0.000758678
104.5	-0.02528277
104.52	-0.024044373
104.54	-0.012327743
104.56	-0.015903397
104.58	-0.01643841
104.6	-0.011741545
104.62	-0.01214183
104.64	-0.01227626
104.66	-0.020221537
104.68	-0.016780579
104.7	-0.015049831
104.72	-0.005798212
104.74	0.004609332
104.76	0.007984867
104.78	0.007833451
104.8	0.009160694
104.82	0.009759361
104.84	0.011105464
104.86	0.007354189
104.88	0.021193403
104.9	0.016789
104.92	0.015669782
104.94	0.00988196
104.96	0.012693478
104.98	0.00688553
105	0.001693979
105.02	-0.001308409
105.04	-0.004447382
105.06	-0.006303203
105.08	-0.010555749
105.1	-0.011931765
105.12	-0.015487436
105.14	-0.017866096
105.16	-0.019428923
105.18	-0.018009661
105.2	-0.018311728
105.22	-0.014864186
105.24	-0.013234441
105.26	0.011332069
105.28	0.017792203
105.3	0.016311383
105.32	0.015181815
105.34	0.017170207
105.36	0.015726913
105.38	0.016189298
105.4	0.016905619
105.42	0.024703744
105.44	0.019942961
105.46	0.018925254
105.48	0.012113434
105.5	0.015753184
105.52	0.015696823
105.54	0.010982838
105.56	0.000884729
105.58	-0.004935414
105.6	-0.005795747
105.62	6.04814E-05
105.64	0.005470095
105.66	0.008732311
105.68	0.007676679
105.7	0.006620974
105.72	-0.000578131
105.74	-0.010865326
105.76	-0.009396522
105.78	0.001831888
105.8	0.019033414
105.82	0.016910472
105.84	0.025230839
105.86	0.022994964
105.88	0.01438351
105.9	0.014280605
105.92	0.021813627
105.94	0.030312036
105.96	0.035449314
105.98	0.031859889
106	0.034818705
106.02	0.030530695
106.04	0.026367781
106.06	-0.005594228
106.08	-0.016539316
106.1	-0.006776885
106.12	-0.008988122
106.14	-0.010640688
106.16	-0.009008768
106.18	-0.008933803
106.2	-0.022209477
106.22	-0.0128972
106.24	-0.009103176
106.26	0.001980973
106.28	0.009713296
106.3	0.004534419
106.32	0.002227826
106.34	0.001072749
106.36	0.001498977
106.38	0.003793186
106.4	0.019053195
106.42	0.014627443
106.44	0.015577708
106.46	0.015708096
106.48	0.010881138
106.5	0.008192538
106.52	0.005510034
106.54	0.000631953
106.56	-0.008208112
106.58	-0.013639261
106.6	-0.00836219
106.62	-0.010764433
106.64	-0.009534472
106.66	-0.011658601
106.68	-0.02013494
106.7	-0.023872691
106.72	-0.025128595
106.74	-0.02397634
106.76	-0.020188396
106.78	-0.008390633
106.8	-0.00609671
106.82	0.001689651
106.84	0.003791203
106.86	-0.00012727
106.88	-0.00161955
106.9	-0.002102081
106.92	0.001806874
106.94	0.010006335
106.96	0.010991295
106.98	0.017825992
107	0.0099072
107.02	0.001952759
107.04	-0.003510171
107.06	-0.002069573
107.08	-0.001157086
107.1	0.000246812
107.12	0.003186046
107.14	0.002588015
107.16	-0.010623718
107.18	-0.009520554
107.2	-0.008287286
107.22	-0.004891344
107.24	0.003058654
107.26	0.006388874
107.28	0.002837078
107.3	0.004970604
107.32	0.01069502
107.34	0.010041512
107.36	0.016510607
107.38	0.022119305
107.4	0.0243812
107.42	0.021496433
107.44	0.0203139
107.46	0.020769889
107.48	0.015175004
107.5	-0.00305989
107.52	4.04912E-05
107.54	-0.003609251
107.56	-0.002638589
107.58	-0.002848109
107.6	-0.002765325
107.62	-0.003399217
107.64	-0.009801819
107.66	-0.02117189
107.68	-0.015169989
107.7	-0.013649598
107.72	-0.013078457
107.74	-0.011141193
107.76	0.006366191
107.78	0.006808644
107.8	0.005689153
107.82	0.001881204
107.84	-0.003186874
107.86	-0.006960677
107.88	-0.003692723
107.9	0.001264611
107.92	0.001959787
107.94	0.002312374
107.96	0.004938097
107.98	0.003145242
108	-0.000972264
108.02	-0.004848702
108.04	-0.00615014
108.06	-0.010219872
108.08	-0.009975284
108.1	-0.017997873
108.12	-0.014631067
108.14	-0.01753738
108.16	-0.018127147
108.18	-0.015783911
108.2	-0.012629243
108.22	-0.01481322
108.24	-0.016630759
108.26	-0.015404243
108.28	-0.015836641
108.3	-0.013467722
108.32	0.00219798
108.34	0.000945276
108.36	0.001900549
108.38	0.003190388
108.4	0.003899092
108.42	-0.002582633
108.44	-0.012296496
108.46	-0.015550229
108.48	-0.016138815
108.5	-0.016016264
108.52	-0.017692277
108.54	-0.017796725
108.56	-0.018090857
108.58	-0.012264564
108.6	-0.0186323
108.62	-0.015983821
108.64	-0.016522381
108.66	-0.010205687
108.68	-0.000749583
108.7	0.003556644
108.72	0.004788933
108.74	0.006097659
108.76	0.007727798
108.78	0.008059366
108.8	0.006493146
108.82	0.008243298
108.84	0.010704349
108.86	0.011012377
108.88	0.012524971
108.9	0.015265424
108.92	0.015248578
108.94	0.01268876
108.96	0.012979125
108.98	0.012867162
109	0.009721738
109.02	0.0070394
109.04	0.001608261
109.06	-0.008964399
109.08	-0.011036573
109.1	-0.008478884
109.12	-0.008170798
109.14	-0.005402133
109.16	-0.003591957
109.18	-0.003487587
109.2	-0.012096303
109.22	0.001460689
109.24	0.011242833
109.26	0.015419105
109.28	0.013676607
109.3	0.01428023
109.32	0.008327001
109.34	0.01795173
109.36	0.020115381
109.38	0.030788158
109.4	0.029207418
109.42	0.033108659
109.44	0.03057738
109.46	0.012657548
109.48	0.011934428
109.5	0.010438861
109.52	0.004351142
109.54	0.004196373
109.56	0.000124628
109.58	-0.005447498
109.6	-0.002345596
109.62	-0.004934227
109.64	-0.007603109
109.66	-0.013789196
109.68	-0.01107644
109.7	-0.009472017
109.72	-0.00546703
109.74	-0.003264432
109.76	-0.000284242
109.78	0.000674753
109.8	0.00107968
109.82	0.003671088
109.84	0.004529034
109.86	0.004856667
109.88	0.001300499
109.9	-0.003254165
109.92	-0.003572037
109.94	-0.002854054
109.96	0.002669586
109.98	0.008028337
110	0.011633973
110.02	0.011801991
110.04	0.010284693
110.06	-0.003613366
110.08	-0.012872076
110.1	-0.015309275
110.12	-0.013754306
110.14	-0.010859239
110.16	-0.005238841
110.18	0.015354096
110.2	0.016419164
110.22	0.003697835
110.24	0.001903046
110.26	0.001677885
110.28	0.002448082
110.3	0.001968913
110.32	0.004082187
110.34	0.006510586
110.36	-0.003456374
110.38	-0.005068122
110.4	-0.013891514
110.42	-0.013970279
110.44	-0.011187128
110.46	-0.009929754
110.48	-0.013397521
110.5	-0.019121784
110.52	-0.019746251
110.54	-0.017942883
110.56	-0.016272382
110.58	-0.014192199
110.6	-0.015002004
110.62	-0.014302381
110.64	-0.012856454
110.66	-0.007283098
110.68	-0.001333653
110.7	0.008558851
110.72	0.011154936
110.74	0.008933493
110.76	0.008860378
110.78	0.012242699
110.8	0.014865378
110.82	0.018138542
110.84	0.02584129
110.86	0.025629368
110.88	0.020730067
110.9	0.020507638
110.92	0.018786915
110.94	0.012040798
110.96	-0.007976423
110.98	-0.01242089
111	-0.006266957
111.02	-0.008587298
111.04	-0.010243417
111.06	-0.009902258
111.08	-0.010284076
111.1	-0.010187323
111.12	-0.017570203
111.14	-0.009210543
111.16	0.001450607
111.18	-0.005424067
111.2	-0.005316044
111.22	-0.001696634
111.24	0.001492344
111.26	0.010184729
111.28	0.014859856
111.3	0.017579116
111.32	0.01891695
111.34	0.017856926
111.36	0.01936709
111.38	0.019367461
111.4	0.021241326
111.42	0.021561885
111.44	0.016406958
111.46	0.006520406
111.48	0.003380331
111.5	0.003292283
111.52	-0.005642901
111.54	-0.009462545
111.56	-0.009984458
111.58	-0.01175559
111.6	-0.01066388
111.62	-0.008826349
111.64	-0.011256469
111.66	-0.013522441
111.68	-0.01325837
111.7	-0.010648189
111.72	-0.013326155
111.74	-0.011952273
111.76	-0.009603535
111.78	-0.005709274
111.8	-0.003692172
111.82	-0.004286683
111.84	-0.00647642
111.86	-0.008187264
111.88	-0.0129668
111.9	-0.01784385
111.92	-0.018368332
111.94	-0.019384978
111.96	-0.017813969
111.98	-0.016792467
112	-0.015490495
112.02	-0.01600959
112.04	-0.017682401
112.06	-0.019079344
112.08	-0.023012992
112.1	-0.024939919
112.12	-0.026008356
112.14	-0.025527097
112.16	-0.025259748
112.18	-0.022057897
112.2	-0.0103865
112.22	0.000575266
112.24	0.000297995
112.26	-0.003592462
112.28	-0.004162321
112.3	-0.004775515
112.32	-0.005644667
112.34	-0.000877056
112.36	0.011223545
112.38	0.004005612
112.4	0.004689706
112.42	0.001085633
112.44	-0.001939351
112.46	-0.002185852
112.48	-0.000590824
112.5	-8.48392E-05
112.52	0.002626575
112.54	0.004677091
112.56	0.004202878
112.58	0.005177466
112.6	0.002876823
112.62	-0.002185043
112.64	-0.008137942
112.66	-0.00942631
112.68	-0.004744452
112.7	0.001427566
112.72	0.00473935
112.74	0.001613354
112.76	-0.002068749
112.78	-0.005343889
112.8	-0.012042721
112.82	-0.000954777
112.84	0.009006654
112.86	0.010051326
112.88	0.006328601
112.9	0.008814795
112.92	0.011863483
112.94	0.020379241
112.96	0.017027431
112.98	0.020513273
113	0.024088597
113.02	-0.018648149
113.04	-0.018548188
113.06	-0.00763474
113.08	-0.003310559
113.1	-0.003191834
113.12	0.002046382
113.14	0.005182729
113.16	0.003982933
113.18	0.005177838
113.2	0.004047529
113.22	0.00541921
113.24	0.001963358
113.26	-0.000284287
113.28	-0.00329531
113.3	0.001896802
113.32	0.002713726
113.34	0.004662335
113.36	0.001253564
113.38	-0.003135485
113.4	-0.001899397
113.42	-0.009647026
113.44	-0.010637394
113.46	-0.008083543
113.48	-0.006861098
113.5	-0.001980241
113.52	0.000185655
113.54	0.00456477
113.56	0.001969629
113.58	-0.002186706
113.6	-0.00441813
113.62	0.000173819
113.64	0.007950105
113.66	0.009188549
113.68	0.008119151
113.7	-0.000177011
113.72	-0.006188165
113.74	-0.008711759
113.76	-0.004306801
113.78	0.003358127
113.8	0.006571474
113.82	0.003806939
113.84	-0.005625294
113.86	-0.009565513
113.88	-0.006341497
113.9	0.001164258
113.92	0.001232312
113.94	0.00024493
113.96	0.001702869
113.98	0.000565142
114	-0.002620424
114.02	-0.002956047
114.04	-0.007100629
114.06	-0.005806996
114.08	-0.011894008
114.1	-0.009870097
114.12	-0.004841351
114.14	-0.001337198
114.16	0.003226108
114.18	0.005017914
114.2	0.003450776
114.22	0.005343489
114.24	0.003389704
114.26	0.003130516
114.28	0.001951199
114.3	0.002112057
114.32	-0.002303403
114.34	-0.006588757
114.36	-0.010385316
114.38	-0.009775113
114.4	-0.008894401
114.42	-0.009118153
114.44	-0.008892487
114.46	-0.011167933
114.48	-0.011510613
114.5	-0.002511288
114.52	0.004599102
114.54	0.009559389
114.56	0.011885844
114.58	0.013426705
114.6	0.0131206
114.62	0.006909141
114.64	-0.001287121
114.66	0.002942796
114.68	0.006604022
114.7	0.009458205
114.72	0.014437543
114.74	0.016781438
114.76	0.013946211
114.78	0.003892968
114.8	0.000636036
114.82	-0.006644553
114.84	-0.005623957
114.86	-0.003614389
114.88	-0.000262162
114.9	0.005843165
114.92	0.011547042
114.94	0.013675402
114.96	0.007062577
114.98	-0.003764402
115	-0.010705066
115.02	-0.009317075
115.04	-0.005451925
115.06	0.003637345
115.08	0.010665685
115.1	0.014298912
115.12	0.013373132
115.14	0.01201859
115.16	0.013892502
115.18	0.013579207
115.2	0.012141263
115.22	0.01490847
115.24	0.018678709
115.26	0.019360041
115.28	0.019496054
115.3	0.019870188
115.32	0.011144171
115.34	0.005076538
115.36	0.007939822
115.38	0.011247821
115.4	0.011480745
115.42	0.005946552
115.44	0.002436686
115.46	-0.000341326
115.48	0.000294813
115.5	0.002290446
115.52	0.000374303
115.54	-0.001064725
115.56	-0.000118177
115.58	-0.001504292
115.6	-0.002915984
115.62	0.003027734
115.64	0.002125051
115.66	0.004154591
115.68	0.00670089
115.7	0.007791698
115.72	0.006135631
115.74	0.004392772
115.76	-0.000542992
115.78	-0.002367739
115.8	-0.003499795
115.82	0.00043169
115.84	0.002756848
115.86	0.002914956
115.88	0.001512647
115.9	0.003376508
115.92	0.0059668
115.94	0.009610493
115.96	0.007973229
115.98	0.006966168
116	0.005704841
116.02	0.002361116
116.04	-0.001315861
116.06	-0.002423186
116.08	-0.007701336
116.1	-0.003271222
116.12	-0.001815104
116.14	-0.001074673
116.16	-0.000598328
116.18	-0.005421293
116.2	-0.012383055
116.22	-0.020152869
116.24	-0.021052848
116.26	-0.021239688
116.28	-0.017529486
116.3	-0.014778943
116.32	-0.014307677
116.34	-0.013283162
116.36	-0.014489657
116.38	-0.015067681
116.4	-0.013567281
116.42	-0.015755246
116.44	-0.018880089
116.46	-0.018833115
116.48	-0.012295065
116.5	-0.007384607
116.52	-0.006847849
116.54	-0.003114788
116.56	-0.000613886
116.58	0.001197004
116.6	0.001517275
116.62	0.002711997
116.64	0.010776481
116.66	0.014642602
116.68	0.018935954
116.7	0.020176126
116.72	0.022900598
116.74	0.025081467
116.76	0.022067781
116.78	0.020070221
116.8	0.01857141
116.82	0.015542139
116.84	0.013289724
116.86	0.014066134
116.88	0.014426491
116.9	0.007073543
116.92	0.008106405
116.94	0.006325869
116.96	0.002225566
116.98	-0.001988322
117	-5.57847E-05
117.02	-0.001808261
117.04	0.001698862
117.06	-0.001571136
117.08	0.001517047
117.1	-0.003033428
117.12	-0.008574662
117.14	-0.006623609
117.16	-0.003566503
117.18	0.007996764
117.2	0.012736657
117.22	0.018865037
117.24	0.021330229
117.26	0.02007832
117.28	0.016667186
117.3	0.012659728
117.32	0.01533188
117.34	0.010146656
117.36	0.01058114
117.38	0.008003249
117.4	0.001119454
117.42	-0.001145074
117.44	0.002620386
117.46	-0.003950045
117.48	-0.007159217
117.5	-0.010433382
117.52	-0.011620672
117.54	-0.010893268
117.56	-0.009724193
117.58	-0.008970567
117.6	-0.011615147
117.62	-0.007548971
117.64	-0.010087369
117.66	-0.015865438
117.68	-0.015061549
117.7	-0.017859675
117.72	-0.019460437
117.74	-0.026302794
117.76	-0.020868319
117.78	-0.022238412
117.8	-0.019856004
117.82	-0.017232506
117.84	0.013574468
117.86	0.001231698
117.88	-0.001472351
117.9	-0.003225814
117.92	-0.008209429
117.94	-0.016612868
117.96	-0.016936945
117.98	-0.015045999
118	0.004381228
118.02	0.002507347
118.04	-0.002519641
118.06	0.00139376
118.08	0.001158972
118.1	0.011127875
118.12	0.007759476
118.14	0.009862281
118.16	0.010417895
118.18	0.009567955
118.2	0.007265716
118.22	0.0033064
118.24	9.0278E-05
118.26	-0.003305566
118.28	-0.004750661
118.3	-0.004817483
118.32	0.004511043
118.34	0.000787873
118.36	0.003489266
118.38	0.007082976
118.4	-0.004772845
118.42	-0.006434788
118.44	-0.000772589
118.46	-0.002789148
118.48	2.02694E-05
118.5	-0.000279631
118.52	-0.000794915
118.54	0.000598148
118.56	0.001562726
118.58	-0.000571223
118.6	0.00076095
118.62	-6.57261E-05
118.64	0.008666833
118.66	0.010685884
118.68	0.010974215
118.7	0.014186876
118.72	0.013636957
118.74	0.002773193
118.76	0.000259066
118.78	0.004502869
118.8	0.000925513
118.82	-0.000448997
118.84	0.000755816
118.86	0.001676466
118.88	0.009494392
118.9	0.007217659
118.92	0.009874451
118.94	0.014997129
118.96	0.015706496
118.98	0.011493146
119	0.011467559
119.02	0.0081718
119.04	0.016740295
119.06	0.01231327
119.08	0.010764205
119.1	0.011705149
119.12	0.013047036
119.14	0.013401039
119.16	0.01641746
119.18	0.006797064
119.2	0.003185186
119.22	-0.005228646
119.24	-0.002860112
119.26	0.001566162
119.28	0.002678191
119.3	0.006607789
119.32	0.011300948
119.34	0.010556661
119.36	0.008751181
119.38	0.007149576
119.4	0.007051408
119.42	0.009263739
119.44	0.012538964
119.46	0.01165934
119.48	0.017677366
119.5	0.018845431
119.52	0.017975981
119.54	0.01021311
119.56	0.008941972
119.58	0.004171499
119.6	-0.000363024
119.62	-0.010481897
119.64	-0.009561133
119.66	-0.011128025
119.68	-0.012931485
119.7	-0.012506903
119.72	-0.009780752
119.74	-0.007460025
119.76	-0.005609983
119.78	-0.006552772
119.8	-0.015205542
119.82	-0.01651233
119.84	-0.018883748
119.86	-0.020506408
119.88	-0.021590798
119.9	-0.021367437
119.92	-0.021776085
119.94	-0.01544854
119.96	-0.015647309
119.98	-0.015111927
120	-0.012231503
120.02	-0.009636663
120.04	-0.015120752
120.06	-0.019583471
120.08	-0.025737109
120.1	-0.027849951
120.12	-0.027840148
120.14	-0.023631718
120.16	-0.016271509
120.18	-0.008985008
120.2	-0.008733342
120.22	-0.015077552
120.24	-0.01609568
120.26	-0.013780436
120.28	-0.009876662
120.3	0.011304096
120.32	0.00347512
120.34	0.003643832
120.36	0.005401837
120.38	-0.001065276
120.4	1.87942E-05
120.42	1.94449E-06
120.44	-0.001206256
120.46	-0.000410753
120.48	0.00174939
120.5	0.006126539
120.52	0.009450327
120.54	0.010451472
120.56	0.009710743
120.58	0.009140386
120.6	0.010470792
120.62	0.011898122
120.64	0.005978186
120.66	0.004232822
120.68	-0.007375158
120.7	-0.002549109
120.72	-0.000291561
120.74	0.00465299
120.76	0.003570216
120.78	0.004998621
120.8	0.008397177
120.82	0.007832152
120.84	0.002098082
120.86	0.00390074
120.88	0.005505768
120.9	0.010376715
120.92	0.009090761
120.94	0.01392026
120.96	0.013085042
120.98	0.019474376
121	0.005471653
121.02	-0.004074181
121.04	-0.007696633
121.06	-0.007065065
121.08	-0.008588891
121.1	-0.009263075
121.12	-0.008903829
121.14	-0.010871298
121.16	-0.012576449
121.18	-0.013889014
121.2	-0.011745943
121.22	-0.011701933
121.24	-0.012170537
121.26	-0.011440276
121.28	-0.016708769
121.3	-0.018200158
121.32	-0.021666609
121.34	-0.022000928
121.36	-0.021706741
121.38	-0.015784921
121.4	0.007966321
121.42	0.003531807
121.44	-0.005127326
121.46	-0.006930949
121.48	-0.010630637
121.5	-0.019912863
121.52	-0.024549441
121.54	-0.014068179
121.56	0.001946712
121.58	-0.002359119
121.6	-0.006106931
121.62	-0.018252617
121.64	-0.02238662
121.66	-0.023986944
121.68	-0.022821727
121.7	-0.013361665
121.72	-0.02175469
121.74	-0.017300883
121.76	-0.022172296
121.78	-0.026518325
121.8	-0.019379221
121.82	-0.005908498
121.84	0.000887638
121.86	0.003319265
121.88	-0.000138951
121.9	0.001044994
121.92	0.001495335
121.94	0.005993888
121.96	0.016479625
121.98	0.014583809
122	0.015126503
122.02	0.013213003
122.04	0.011555097
122.06	0.004870897
122.08	0.002815442
122.1	-0.003515369
122.12	-0.005772627
122.14	-0.002215283
122.16	-0.00242849
122.18	-0.001548204
122.2	-0.00091741
122.22	-0.001759023
122.24	0.002370336
122.26	-0.00283671
122.28	-0.007378194
122.3	-0.011791869
122.32	-0.010278078
122.34	-0.007379199
122.36	0.009466614
122.38	0.015253107
122.4	0.01921365
122.42	0.01891109
122.44	0.00929964
122.46	0.012714593
122.48	0.014136419
122.5	0.018559429
122.52	0.02304686
122.54	0.024476727
122.56	0.025245293
122.58	0.031528684
122.6	0.024252854
122.62	0.024189244
122.64	0.023183414
122.66	0.018856802
122.68	-0.011959308
122.7	-0.016773095
122.72	-0.011156516
122.74	-0.012031798
122.76	-0.01016198
122.78	-0.003998392
122.8	-0.001620637
122.82	-0.00215398
122.84	-0.02114637
122.86	-0.01227045
122.88	-0.009219657
122.9	-0.008901002
122.92	-0.009305801
122.94	-0.008350131
122.96	0.001385101
122.98	0.008423514
123	0.015350478
123.02	0.012607279
123.04	0.007879409
123.06	0.0070226
123.08	0.005936838
123.1	0.003092815
123.12	0.005660589
123.14	0.010238914
123.16	0.013281475
123.18	0.012331604
123.2	0.006631494
123.22	0.00432995
123.24	-8.82908E-05
123.26	0.000210428
123.28	0.009576007
123.3	0.013036795
123.32	0.017726108
123.34	0.018831265
123.36	0.021214916
123.38	0.019400775
123.4	0.015334627
123.42	0.012083514
123.44	0.010047392
123.46	0.006793536
123.48	0.001533771
123.5	0.005776612
123.52	0.006090212
123.54	0.006947766
123.56	0.011229993
123.58	0.004880083
123.6	-0.001363362
123.62	-0.018281211
123.64	-0.0090396
123.66	-0.008982599
123.68	-0.005606252
123.7	0.000586067
123.72	-0.003469781
123.74	-0.006091723
123.76	-0.001016282
123.78	-0.000741409
123.8	-0.000538996
123.82	0.003402045
123.84	0.012575141
123.86	0.017257994
123.88	0.015035505
123.9	0.006837839
123.92	0.004061555
123.94	0.003930883
123.96	0.003556536
123.98	0.00382131
124	0.005911281
124.02	-0.001198501
124.04	-0.005093116
124.06	-0.008216985
124.08	-0.010110695
124.1	-0.01309257
124.12	-0.014336791
124.14	-0.017685203
124.16	-0.020786545
124.18	-0.024397599
124.2	-0.029842187
124.22	-0.030583612
124.24	-0.031953467
124.26	-0.027156743
124.28	-0.022992824
124.3	-0.024162827
124.32	-0.02197189
124.34	-0.019471856
124.36	-0.021419292
124.38	-0.001619757
124.4	-0.003817047
124.42	-0.009189433
124.44	-0.011664765
124.46	-0.012080081
124.48	-0.016599471
124.5	-0.017987456
124.52	-0.005099082
124.54	-0.001908183
124.56	0.008160725
124.58	0.010649986
124.6	0.00737528
124.62	0.001688586
124.64	0.00163671
124.66	0.000811029
124.68	-0.002223869
124.7	-0.004362989
124.72	0.000827092
124.74	0.004486555
124.76	0.008195942
124.78	0.012641492
124.8	0.013398556
124.82	0.015140372
124.84	0.01491407
124.86	0.01167698
124.88	0.008607194
124.9	0.008688507
124.92	0.01251315
124.94	0.015815101
124.96	0.019655302
124.98	0.024600638
125	0.028191988
125.02	0.029480564
125.04	0.025342201
125.06	0.0201383
125.08	-0.00325774
125.1	-0.002050563
125.12	0.017355541
125.14	0.023938307
125.16	0.023026359
125.18	0.021442524
125.2	0.01273819
125.22	0.005743702
125.24	-0.003024383
125.26	-0.004195199
125.28	-0.002279366
125.3	-0.001438949
125.32	0.006638971
125.34	0.012329638
125.36	0.015986288
125.38	0.019187761
125.4	0.013035681
125.42	0.010856911
125.44	0.00209079
125.46	-0.002152187
125.48	-0.00138324
125.5	-0.001011872
125.52	-0.006559861
125.54	-0.005657554
125.56	-0.006765625
125.58	-0.00976278
125.6	-0.012686926
125.62	-0.010977987
125.64	-0.011380677
125.66	-0.010251658
125.68	-0.014711987
125.7	-0.021276602
125.72	-0.027791009
125.74	-0.031227623
125.76	-0.028122167
125.78	-0.030067805
125.8	-0.027036855
125.82	-0.027152481
125.84	-0.007464952
125.86	-0.000635903
125.88	-0.002412527
125.9	-0.010110568
125.92	-0.015685679
125.94	-0.014816213
125.96	0.000538385
125.98	0.004064063
126	0.007595
126.02	0.010735327
126.04	0.019088266
126.06	0.005977643
126.08	-0.00290499
126.1	-0.005704921
126.12	-0.008161877
126.14	-0.001333009
126.16	0.014258905
126.18	0.01101627
126.2	0.011511885
126.22	0.012242982
126.24	0.015729852
126.26	0.014059131
126.28	0.009904628
126.3	0.008724046
126.32	0.009253307
126.34	0.011156287
126.36	0.00762078
126.38	0.009225409
126.4	0.015470854
126.42	0.0187657
126.44	0.02501526
126.46	0.028243047
126.48	0.027886201
126.5	0.02330899
126.52	0.0209453
126.54	0.016257688
126.56	0.008890626
126.58	-0.000526694
126.6	-0.001402143
126.62	-0.003654433
126.64	-0.009773369
126.66	0.000947887
126.68	-0.001524454
126.7	-0.000966049
126.72	-0.003623563
126.74	0.002121089
126.76	0.005552312
126.78	0.013236519
126.8	0.006345068
126.82	0.00793614
126.84	0.002921498
126.86	-0.001139308
126.88	-0.000528908
126.9	0.002930837
126.92	0.001083241
126.94	0.00185118
126.96	0.003804612
126.98	-0.001017423
127	-0.002585688
127.02	-0.001546827
127.04	0.001392268
127.06	0.005228662
127.08	0.001063132
127.1	-0.008401515
127.12	-0.012601966
127.14	-0.014770733
127.16	-0.018299568
127.18	-0.017076612
127.2	-0.016609041
127.22	-0.016681704
127.24	-0.021836759
127.26	-0.01984663
127.28	0.038792548
127.3	0.020616128
127.32	0.019609818
127.34	0.017713574
127.36	0.013612927
127.38	0.008944125
127.4	0.006340469
127.42	0.002700221
127.44	0.011404764
127.46	0.021217574
127.48	0.011733785
127.5	-0.008226497
127.52	-0.002197676
127.54	-0.004381452
127.56	-0.004212958
127.58	-0.002520313
127.6	-0.001699038
127.62	0.002366963
127.64	-0.00951632
127.66	-0.011167391
127.68	-0.02187747
127.7	-0.0240425
127.72	-0.018058508
127.74	-0.023907307
127.76	-0.019112111
127.78	-0.011143075
127.8	-0.00969998
127.82	-0.008900564
127.84	-0.0025437
127.86	0.007677175
127.88	0.008313289
127.9	0.004663293
127.92	-0.004607203
127.94	-0.017327506
127.96	-0.021428605
127.98	-0.01723294
128	-0.002769072
128.02	-0.009366748
128.04	-0.007514513
128.06	-0.017045783
128.08	-0.013775517
128.1	-0.014492489
128.12	-0.020280509
128.14	-0.018883637
128.16	-0.02337333
128.18	-0.023080745
128.2	-0.026029078
128.22	-0.002369527
128.24	0.019064366
128.26	0.01354117
128.28	0.002444255
128.3	0.003379007
128.32	0.005851298
128.34	0.008899133
128.36	0.009993364
128.38	0.022054975
128.4	0.01183912
128.42	0.024045428
128.44	0.017028375
128.46	0.023129358
128.48	0.019471498
128.5	0.019460062
128.52	0.014174488
128.54	0.011434462
128.56	0.010623332
128.58	0.011483898
128.6	0.012817676
128.62	0.011840674
128.64	0.012250132
128.66	0.009126548
128.68	-0.006668523
128.7	-0.005053378
128.72	-0.001999686
128.74	0.000520251
128.76	0.003172048
128.78	0.005335078
128.8	0.002787813
128.82	-0.0079316
128.84	-0.00408368
128.86	-0.001662354
128.88	0.005442367
128.9	0.010862563
128.92	0.010473227
128.94	0.007771115
128.96	0.012144572
128.98	0.012674203
129	0.009325825
129.02	0.013537286
129.04	0.018731261
129.06	0.022293462
129.08	0.019824095
129.1	0.018961717
129.12	0.014603313
129.14	0.012802309
129.16	0.014769271
129.18	0.015296152
129.2	0.01716333
129.22	0.018625421
129.24	0.011327707
129.26	0.001335508
129.28	-0.003295428
129.3	-0.002500215
129.32	-0.001417152
129.34	-0.006415144
129.36	-0.005161058
129.38	-0.012109679
129.4	-0.016066672
129.42	-0.022529496
129.44	-0.023254366
129.46	-0.023986029
129.48	-0.024974643
129.5	-0.026889436
129.52	-0.027530304
129.54	-0.024967143
129.56	-0.020936884
129.58	0.006150421
129.6	0.000810663
129.62	-0.008115077
129.64	-0.006854788
129.66	-0.006395884
129.68	-0.007236225
129.7	-0.00852513
129.72	-0.010285733
129.74	-0.000653647
129.76	-0.001273614
129.78	0.004016356
129.8	0.013114862
129.82	0.016265671
129.84	0.015624854
129.86	0.013401161
129.88	0.012077921
129.9	0.00563625
129.92	-0.002783042
129.94	-0.013911751
129.96	-0.011015141
129.98	-0.013706657
130	-0.013525551
130.02	-0.011871226
130.04	-0.014743416
130.06	-0.024411214
130.08	-0.021093744
130.1	-0.023576715
130.12	-0.012819655
130.14	0.007691446
130.16	0.005595044
130.18	0.001645171
130.2	0.002552847
130.22	0.003687927
130.24	-0.001185239
130.26	-0.005585389
130.28	0.003283102
130.3	0.0100662
130.32	0.010558146
130.34	0.009027205
130.36	0.009098945
130.38	0.003646279
130.4	-0.009333594
130.42	-0.014002597
130.44	-0.020399659
130.46	-0.02005763
130.48	-0.01408624
130.5	-0.009754648
130.52	-0.006627678
130.54	-0.004152848
130.56	0.00477928
130.58	0.0014272
130.6	-0.003590698
130.62	-0.000608155
130.64	0.004042118
130.66	0.003701076
130.68	0.002637219
130.7	0.010650049
130.72	0.002747419
130.74	0.003730182
130.76	0.004130533
130.78	0.003123191
130.8	-0.005247715
130.82	-0.007502258
130.84	-0.010006635
130.86	-0.01288885
130.88	-0.013624429
130.9	-0.011878871
130.92	-0.01186762
130.94	-0.014394363
130.96	-0.017369829
130.98	-0.01986846
131	-0.02377046
131.02	-0.024213806
131.04	-0.01885012
131.06	-0.016780003
131.08	-0.015011693
131.1	-0.013349361
131.12	0.000731113
131.14	0.004077864
131.16	0.002677825
131.18	0.001404391
131.2	0.005245913
131.22	0.006754934
131.24	0.009166199
131.26	0.016323662
131.28	0.019902768
131.3	0.014600213
131.32	0.014570913
131.34	0.015185502
131.36	0.010451858
131.38	-0.005491842
131.4	-0.017176467
131.42	-0.014270236
131.44	-0.01522093
131.46	-0.019532241
131.48	-0.019375976
131.5	-0.020601169
131.52	-0.01814722
131.54	-0.027456158
131.56	0.008821479
131.58	0.000561147
131.6	-0.0032026
131.62	-0.003178758
131.64	-0.004206268
131.66	-0.006675458
131.68	-0.005550639
131.7	0.004573541
131.72	0.010676086
131.74	0.010319575
131.76	0.010431101
131.78	0.012793022
131.8	0.018001094
131.82	0.015312251
131.84	0.006988357
131.86	0.002160537
131.88	0.002140938
131.9	0.004228689
131.92	0.006346129
131.94	0.009545468
131.96	0.012863484
131.98	-0.002065675
132	-0.010368425
132.02	-0.013525663
132.04	-0.014145943
132.06	-0.013207077
132.08	-0.013287064
132.1	-0.011613194
132.12	-0.010230937
132.14	-0.00591804
132.16	-0.001214366
132.18	0.000717382
132.2	0.002386537
132.22	0.009633894
132.24	0.011690998
132.26	0.015315248
132.28	0.018339119
132.3	0.02020157
132.32	0.015502026
132.34	0.007207395
132.36	0.003367448
132.38	-0.003647956
132.4	-0.012538358
132.42	-0.013561621
132.44	-0.014458259
132.46	-0.011520547
132.48	-0.007594474
132.5	-0.002857744
132.52	0.009889041
132.54	0.002935126
132.56	0.00442044
132.58	0.009461717
132.6	0.00972787
132.62	0.012009901
132.64	0.017174436
132.66	0.025606949
132.68	0.026719307
132.7	0.031053376
132.72	0.032513363
132.74	0.037939559
132.76	0.037838216
132.78	0.034423281
132.8	0.03213564
132.82	0.030497175
132.84	0.029383234
132.86	0.028553494
132.88	0.026473254
132.9	0.028419472
132.92	-0.016168541
132.94	-0.019366308
132.96	0.008536285
132.98	0.013226226
133	0.010436121
133.02	0.010010977
133.04	0.00558988
133.06	0.000388327
133.08	-0.01235307
133.1	-0.013233197
133.12	-0.009644542
133.14	-0.005049236
133.16	0.008697694
133.18	0.011209631
133.2	0.012721504
133.22	0.009538005
133.24	0.012040174
133.26	0.005953624
133.28	0.00203619
133.3	0.010759498
133.32	0.002725182
133.34	0.003843877
133.36	0.00228523
133.38	0.008996044
133.4	0.011817327
133.42	0.0121083
133.44	0.005780576
133.46	0.001449791
133.48	-0.002412468
133.5	-0.008861279
133.52	-0.011313887
133.54	-0.017260537
133.56	-0.015767595
133.58	-0.018373699
133.6	-0.015721532
133.62	-0.014429343
133.64	-0.014302969
133.66	-0.01781243
133.68	-0.01921703
133.7	-0.020293397
133.72	-0.025981896
133.74	-0.029323545
133.76	-0.032474558
133.78	-0.032745547
133.8	-0.03311927
133.82	-0.031346368
133.84	-0.028681618
133.86	-0.023391216
133.88	-0.020413997
133.9	-0.02081426
133.92	-0.020463985
133.94	-0.020674099
133.96	-0.022700211
133.98	-0.026878496
134	-0.029757838
134.02	-0.027097972
134.04	0.004665634
134.06	0.007797312
134.08	0.006098384
134.1	0.007419073
134.12	0.011078029
134.14	0.006560008
134.16	0.006882455
134.18	0.006533696
134.2	0.018123286
134.22	0.016710592
134.24	0.012124432
134.26	0.007261753
134.28	0.00764108
134.3	0.008095661
134.32	0.006499566
134.34	0.009664478
134.36	0.008965351
134.38	0.003374465
134.4	-0.001032314
134.42	0.001363851
134.44	0.005072959
134.46	0.006668071
134.48	0.006374329
134.5	0.00648712
134.52	0.003724172
134.54	0.003266125
134.56	0.007020359
134.58	0.009260605
134.6	0.007810372
134.62	0.008912804
134.64	0.012044447
134.66	0.018682191
134.68	0.017622727
134.7	0.015273094
134.72	0.014462071
134.74	0.008665212
134.76	0.008645561
134.78	-0.017001934
134.8	-0.001924038
134.82	-0.004683396
134.84	-0.000787331
134.86	0.007612033
134.88	0.009444193
134.9	0.007307233
134.92	0.010073789
134.94	-0.001409864
134.96	0.004910439
134.98	-0.00386273
135	-0.004654593
135.02	-0.000768442
135.04	-0.000747734
135.06	-0.001398379
135.08	0.001391741
135.1	0.005572537
135.12	0.000315056
135.14	-0.002239505
135.16	-0.006323672
135.18	-0.002970793
135.2	-0.004063953
135.22	0.000234573
135.24	-9.51913E-05
135.26	-0.003174305
135.28	-0.003953476
135.3	-0.004340867
135.32	-0.007122452
135.34	-0.006409998
135.36	-0.002144493
135.38	-0.00370863
135.4	-0.002884327
135.42	-0.007572783
135.44	-0.010287101
135.46	-0.008397217
135.48	-0.006417243
135.5	-0.009900937
135.52	-0.011231809
135.54	-0.010619318
135.56	-0.01161774
135.58	-0.010547722
135.6	-0.010410589
135.62	-0.00534889
135.64	-0.001147577
135.66	-0.00155174
135.68	-0.002327757
135.7	-0.002642315
135.72	-7.32761E-05
135.74	-0.00032998
135.76	-0.001933233
135.78	-0.002250168
135.8	-0.002516187
135.82	-0.003462738
135.84	-0.002259236
135.86	0.000993346
135.88	0.000546291
135.9	0.000133015
135.92	0.001081341
135.94	0.001174107
135.96	0.001443988
135.98	0.004844574
136	0.00488643
136.02	0.007500957
136.04	0.008149211
136.06	0.006958541
136.08	0.002362669
136.1	0.002359281
136.12	0.00705143
136.14	0.007856281
136.16	0.008589522
136.18	0.008734902
136.2	0.006926288
136.22	0.00769877
136.24	0.007499213
136.26	0.006586229
136.28	0.006122325
136.3	0.00568661
136.32	0.004322591
136.34	0.004007851
136.36	0.003678403
136.38	0.00657094
136.4	0.006431952
136.42	0.005305321
136.44	0.004759589
136.46	0.003111255
136.48	0.000795206
136.5	-0.001057529
136.52	-0.001359786
136.54	-0.000111867
136.56	0.000569791
136.58	0.000796988
136.6	0.001649518
136.62	0.00120707
136.64	0.001100605
136.66	0.001206523
136.68	0.001091497
136.7	-6.04891E-05
136.72	-0.00201705
136.74	-0.00293927
136.76	-0.001948499
136.78	-0.002685371
136.8	-0.001986555
136.82	-0.003521912
136.84	-0.005618408
136.86	-0.005940867
136.88	-0.005864312
136.9	-0.005429724
136.92	-0.004229798
136.94	-0.002945259
136.96	-0.00384822
136.98	-0.007046276
137	-0.005773786
137.02	-0.005096961
137.04	-0.004399087
137.06	-0.00381937
137.08	-0.004168279
137.1	-0.006279682
137.12	-0.004812429
137.14	-0.005086431
137.16	-0.004069067
137.18	-0.00275977
137.2	-0.002217242
137.22	-0.003218469
137.24	-0.003946474
137.26	-0.004078377
137.28	-0.002920757
137.3	-0.001258424
137.32	-0.001120967
137.34	6.43756E-05
137.36	-0.000225098
137.38	0.000197011
137.4	0.000961257
137.42	0.001033241
137.44	0.001163802
137.46	2.60998E-05
137.48	0.000442829
137.5	0.00098594
137.52	0.001059485
137.54	0.002108121
137.56	0.003319227
137.58	0.004119792
137.6	0.003930777
137.62	0.00367315
137.64	0.003680789
137.66	0.004046902
137.68	0.005907267
137.7	0.006349919
137.72	0.00550699
137.74	0.004950973
137.76	0.00419071
137.78	0.003955881
137.8	0.004166199
137.82	0.004898721
137.84	0.004545296
137.86	0.003718647
137.88	0.003634575
137.9	0.003632215
137.92	0.003753728
137.94	0.003825507
137.96	0.003658448
137.98	0.002479561
138	0.001588611
138.02	0.002276533
138.04	0.001807229
138.06	0.002354062
138.08	0.002484327
138.1	0.00164395
138.12	0.000922412
138.14	0.000116883
138.16	-0.000201237
138.18	-0.00050962
138.2	-0.000745429
138.22	-0.00106383
138.24	-0.001806235
138.26	-0.001958638
138.28	-0.001978136
138.3	-0.001725386
138.32	-0.001443295
138.34	-0.001646923
138.36	-0.002259867
138.38	-0.003136818
138.4	-0.003743144
138.42	-0.004060742
138.44	-0.003818209
138.46	-0.003543679
138.48	-0.003693444
138.5	-0.004126969
138.52	-0.004521627
138.54	-0.004654263
138.56	-0.004044148
138.58	-0.003457344
138.6	-0.003388388
138.62	-0.003540752
138.64	-0.003154981
138.66	-0.003166249
138.68	-0.002927161
138.7	-0.002622733
138.72	-0.0031947
138.74	-0.003323439
138.76	-0.003435811
138.78	-0.003352332
138.8	-0.002501199
138.82	-0.001873597
138.84	-0.001328727
138.86	-0.001143589
138.88	-0.00069336
138.9	-0.000517414
138.92	-0.000416444
138.94	0.000157989
138.96	0.00076776
138.98	0.001377225
139	0.001195198
139.02	0.001370862
139.04	0.001708739
139.06	0.002011517
139.08	0.00247842
139.1	0.002382662
139.12	0.002193818
139.14	0.002082936
139.16	0.002029818
139.18	0.002357969
139.2	0.002875649
139.22	0.003442192
139.24	0.003574373
139.26	0.003475131
139.28	0.003431716
139.3	0.003429832
139.32	0.0037073
139.34	0.003693882
139.36	0.00363705
139.38	0.003443444
139.4	0.003080761
139.42	0.002734827
139.44	0.002646915
139.46	0.002685358
139.48	0.002652257
139.5	0.002380599
139.52	0.002098727
139.54	0.002041369
139.56	0.002313844
139.58	0.002305719
139.6	0.002064176
139.62	0.001526075
139.64	0.00084874
139.66	0.000213287
139.68	-0.000248932
139.7	-0.00040739
139.72	-0.000562755
139.74	-0.000948854
139.76	-0.001063871
139.78	-0.001384968
139.8	-0.001545006
139.82	-0.001637239
139.84	-0.00170971
139.86	-0.001800556
139.88	-0.002192612
139.9	-0.002331921
139.92	-0.002436284
139.94	-0.002456359
139.96	-0.002210843
139.98	-0.002324352
140	-0.002421067
140.02	-0.002673
140.04	-0.002958637
140.06	-0.003183184
140.08	-0.00321009
140.1	-0.003238768
140.12	-0.003009514
140.14	-0.00308056
140.16	-0.003098116
140.18	-0.003037093
140.2	-0.002845318
140.22	-0.002542199
140.24	-0.002368617
140.26	-0.00235655
140.28	-0.00226243
140.3	-0.002058202
140.32	-0.001881575
140.34	-0.001514877
140.36	-0.001232559
140.38	-0.001112187
140.4	-0.001053311
140.42	-0.000820452
140.44	-0.000449457
140.46	-2.08954E-05
140.48	0.000421932
140.5	0.00067039
140.52	0.000876257
140.54	0.001140562
140.56	0.00131972
140.58	0.001457192
140.6	0.001519529
140.62	0.001519939
140.64	0.001570728
140.66	0.001570056
140.68	0.001701544
140.7	0.001882109
140.72	0.002118032
140.74	0.002293508
140.76	0.002326003
140.78	0.002468202
140.8	0.002497564
140.82	0.002641626
140.84	0.00283803
140.86	0.003001106
140.88	0.003062913
140.9	0.002967676
140.92	0.003228711
140.94	0.002639053
140.96	0.002437478
140.98	0.002390898
141	0.002218753
141.02	0.001863898
141.04	0.001556799
141.06	0.001306422
141.08	0.001373458
141.1	0.001270698
141.12	0.001039608
141.14	0.000835982
141.16	0.000661012
141.18	0.000390417
141.2	0.000135861
141.22	5.90117E-05
141.24	-2.97769E-05
141.26	-0.000259313
141.28	-0.000594767
141.3	-0.000824772
141.32	-0.000959771
141.34	-0.001122991
141.36	-0.001292066
141.38	-0.001508838
141.4	-0.001621053
141.42	-0.001689606
141.44	-0.001758256
141.46	-0.001798058
141.48	-0.001865505
141.5	-0.001954133
141.52	-0.002121638
141.54	-0.002330103
141.56	-0.002459863
141.58	-0.00256898
141.6	-0.002523776
141.62	-0.002579514
141.64	-0.002594345
141.66	-0.00251978
141.68	-0.002470754
141.7	-0.002327039
141.72	-0.002202206
141.74	-0.001952101
141.76	-0.00180315
141.78	-0.00182772
141.8	-0.001623183
141.82	-0.001420951
141.84	-0.001176494
141.86	-0.001061142
141.88	-0.000963124
141.9	-0.000861113
141.92	-0.0008305
141.94	-0.000727788
141.96	-0.000529535
141.98	-0.000300241
142	-7.59699E-05
142.02	8.26765E-05
142.04	0.000319915
142.06	0.000606028
142.08	0.000855029
142.1	0.001048577
142.12	0.001202692
142.14	0.001330499
142.16	0.001443363
142.18	0.001608283
142.2	0.00173657
142.22	0.001852406
142.24	0.001926244
142.26	0.001906455
142.28	0.001886039
142.3	0.00191991
142.32	0.001984473
142.34	0.002058746
142.36	0.002108501
142.38	0.00211932
142.4	0.002085172
142.42	0.00205395
142.44	0.002013976
142.46	0.001976551
142.48	0.001929928
142.5	0.001744606
142.52	0.001592541
142.54	0.001435471
142.56	0.001325497
142.58	0.001269829
142.6	0.001167368
142.62	0.001088707
142.64	0.00091105
142.66	0.000762727
142.68	0.000637666
142.7	0.000533039
142.72	0.00041244
142.74	0.000231586
142.76	5.34774E-05
142.78	-0.000174209
142.8	-0.000375597
142.82	-0.000560916
142.84	-0.000741347
142.86	-0.000908608
142.88	-0.001093249
142.9	-0.001290747
142.92	-0.001404105
142.94	-0.001463309
142.96	-0.001471362
142.98	-0.001483282
143	-0.001534927
143.02	-0.001615621
143.04	-0.00168417
143.06	-0.001714965
143.08	-0.001743061
143.1	-0.00174356
143.12	-0.001761305
143.14	-0.00179374
143.16	-0.001855823
143.18	-0.001894877
143.2	-0.001875812
143.22	-0.001826458
143.24	-0.001771677
143.26	-0.001746993
143.28	-0.001647336
143.3	-0.001525709
143.32	-0.001370332
143.34	-0.001195781
143.36	-0.001044377
143.38	-0.000921917
143.4	-0.000815521
143.42	-0.000708073
143.44	-0.00054747
143.46	-0.000398034
143.48	-0.000248025
143.5	-0.000103484
143.52	2.05495E-05
143.54	0.000182971
143.56	0.000348639
143.58	0.000517016
143.6	0.000661641
143.62	0.000798055
143.64	0.000908739
143.66	0.000995939
143.68	0.00110844
143.7	0.001205446
143.72	0.001287182
143.74	0.001342761
143.76	0.001357237
143.78	0.001363162
143.8	0.001387362
143.82	0.001424115
143.84	0.001481146
143.86	0.001538375
143.88	0.001579318
143.9	0.001599485
143.92	0.001634767
143.94	0.001668887
143.96	0.001678223
143.98	0.001647421
144	0.001579926
144.02	0.001502062
144.04	0.001404654
144.06	0.001312384
144.08	0.001211885
144.1	0.001087782
144.12	0.000927831
144.14	0.000767615
144.16	0.000621862
144.18	0.000507557
144.2	0.000423512
144.22	0.000333037
144.24	0.000227425
144.26	0.000117559
144.28	1.35486E-06
144.3	-0.00010945
144.32	-0.000211801
144.34	-0.000332918
144.36	-0.000459328
144.38	-0.000607584
144.4	-0.000749513
144.42	-0.000864415
144.44	-0.000958111
144.46	-0.00103332
144.48	-0.001117866
144.5	-0.001191996
144.52	-0.00126275
144.54	-0.001321819
144.56	-0.001362032
144.58	-0.001391974
144.6	-0.00140692
144.62	-0.00142976
144.64	-0.001460771
144.66	-0.001475689
144.68	-0.001478565
144.7	-0.001467576
144.72	-0.001468838
144.74	-0.001430131
144.76	-0.001386096
144.78	-0.001315574
144.8	-0.001214417
144.82	-0.001098857
144.84	-0.000984024
144.86	-0.000877765
144.88	-0.0007812
144.9	-0.000679964
144.92	-0.000574554
144.94	-0.000479114
144.96	-0.000377705
144.98	-0.000292212
145	-0.000209989
145.02	-0.000126531
145.04	-4.00641E-05
145.06	5.91602E-05
145.08	0.000163223
145.1	0.000267673
145.12	0.00037298
145.14	0.000491175
145.16	0.000613542
145.18	0.000739831
145.2	0.000852991
145.22	0.000947461
145.24	0.001025797
145.26	0.001080312
145.28	0.001128204
145.3	0.001167573
145.32	0.001203319
145.34	0.001225372
145.36	0.001234583
145.38	0.001242428
145.4	0.001248788
145.42	0.001264584
145.44	0.001266874
145.46	0.001255015
145.48	0.00123668
145.5	0.00120117