0	0
0.02	-2.45117E-06
0.04	-2.45119E-06
0.06	-2.45124E-06
0.08	-2.45131E-06
0.1	-2.4514E-06
0.12	-2.45155E-06
0.14	-2.45175E-06
0.16	-2.45204E-06
0.18	-2.45247E-06
0.2	-2.45329E-06
0.22	-2.45565E-06
0.24	-2.46306E-06
0.26	-2.48062E-06
0.28	-2.50769E-06
0.3	-2.53339E-06
0.32	-2.55329E-06
0.34	-2.57692E-06
0.36	-2.60193E-06
0.38	-2.62344E-06
0.4	-2.64775E-06
0.42	-2.67016E-06
0.44	-2.69427E-06
0.46	-2.7179E-06
0.48	-2.74044E-06
0.5	-2.76361E-06
0.52	-2.78676E-06
0.54	-2.8115E-06
0.56	-2.83531E-06
0.58	-2.8589E-06
0.6	-2.88158E-06
0.62	-2.90535E-06
0.64	-2.93272E-06
0.66	-2.9642E-06
0.68	-3.0018E-06
0.7	-3.0419E-06
0.72	-3.08024E-06
0.74	-3.11195E-06
0.76	-3.14184E-06
0.78	-3.17202E-06
0.8	-3.20009E-06
0.82	-3.22397E-06
0.84	-3.24545E-06
0.86	-3.26768E-06
0.88	-3.28677E-06
0.9	-3.30496E-06
0.92	-3.32224E-06
0.94	-3.33586E-06
0.96	-3.34947E-06
0.98	-3.36287E-06
1	-3.37312E-06
1.02	-3.3822E-06
1.04	-3.38907E-06
1.06	-3.39538E-06
1.08	-3.40128E-06
1.1	-3.40284E-06
1.12	-3.40061E-06
1.14	-3.39216E-06
1.16	-3.37998E-06
1.18	-3.36568E-06
1.2	-3.3516E-06
1.22	-3.34106E-06
1.24	-3.33246E-06
1.26	-3.32338E-06
1.28	-3.31256E-06
1.3	-3.30368E-06
1.32	-3.29656E-06
1.34	-3.28946E-06
1.36	-3.28042E-06
1.38	-3.27236E-06
1.4	-3.26545E-06
1.42	-3.25788E-06
1.44	-3.24835E-06
1.46	-3.24044E-06
1.48	-3.23246E-06
1.5	-3.22392E-06
1.52	-3.21396E-06
1.54	-3.20091E-06
1.56	-3.18374E-06
1.58	-3.16714E-06
1.6	-3.15175E-06
1.62	-3.13917E-06
1.64	-3.13052E-06
1.66	-3.12399E-06
1.68	-3.11836E-06
1.7	-3.11434E-06
1.72	-3.1109E-06
1.74	-3.10926E-06
1.76	-3.10831E-06
1.78	-3.10592E-06
1.8	-3.10358E-06
1.82	-3.10206E-06
1.84	-3.10107E-06
1.86	-3.09856E-06
1.88	-3.09575E-06
1.9	-3.09342E-06
1.92	-3.09029E-06
1.94	-3.0874E-06
1.96	-3.08344E-06
1.98	-3.07886E-06
2	-3.07497E-06
2.02	-3.0734E-06
2.04	-3.0729E-06
2.06	-3.06996E-06
2.08	-3.06401E-06
2.1	-3.05411E-06
2.12	-3.04032E-06
2.14	-3.02324E-06
2.16	-3.00385E-06
2.18	-2.98203E-06
2.2	-2.95855E-06
2.22	-2.93253E-06
2.24	-2.90357E-06
2.26	-2.87384E-06
2.28	-2.84319E-06
2.3	-2.81069E-06
2.32	-2.77602E-06
2.34	-2.73994E-06
2.36	-2.70323E-06
2.38	-2.66484E-06
2.4	-2.62482E-06
2.42	-2.58526E-06
2.44	-2.54595E-06
2.46	-2.50576E-06
2.48	-2.46208E-06
2.5	-2.41442E-06
2.52	-2.36253E-06
2.54	-2.3072E-06
2.56	-2.24953E-06
2.58	-2.19017E-06
2.6	-2.12857E-06
2.62	-2.06574E-06
2.64	-2.00187E-06
2.66	-1.93761E-06
2.68	-1.8723E-06
2.7	-1.80668E-06
2.72	-1.74044E-06
2.74	-1.67298E-06
2.76	-1.60523E-06
2.78	-1.53677E-06
2.8	-1.46773E-06
2.82	-1.39795E-06
2.84	-1.32719E-06
2.86	-1.2559E-06
2.88	-1.18395E-06
2.9	-1.10983E-06
2.92	-1.03416E-06
2.94	-9.58315E-07
2.96	-8.83465E-07
2.98	-8.10675E-07
3	-7.39747E-07
3.02	-6.68851E-07
3.04	-5.97581E-07
3.06	-5.2615E-07
3.08	-4.54203E-07
3.1	-3.80971E-07
3.12	-3.06193E-07
3.14	-2.30372E-07
3.16	-1.52725E-07
3.18	-7.3222E-08
3.2	8.31548E-09
3.22	9.14953E-08
3.24	1.76188E-07
3.26	2.62737E-07
3.28	3.51861E-07
3.3	4.43544E-07
3.32	5.37403E-07
3.34	6.33324E-07
3.36	7.30755E-07
3.38	8.28282E-07
3.4	9.25262E-07
3.42	1.02313E-06
3.44	1.1227E-06
3.46	1.22464E-06
3.48	1.32898E-06
3.5	1.436E-06
3.52	1.54616E-06
3.54	1.65948E-06
3.56	1.77629E-06
3.58	1.89634E-06
3.6	2.01926E-06
3.62	2.14494E-06
3.64	2.27378E-06
3.66	2.40548E-06
3.68	2.5398E-06
3.7	2.67681E-06
3.72	2.81666E-06
3.74	2.95926E-06
3.76	3.1041E-06
3.78	3.25118E-06
3.8	3.40054E-06
3.82	3.55255E-06
3.84	3.70805E-06
3.86	3.86773E-06
3.88	4.03143E-06
3.9	4.19834E-06
3.92	4.36745E-06
3.94	4.53829E-06
3.96	4.71091E-06
3.98	4.88528E-06
4	5.06098E-06
4.02	5.2378E-06
4.04	5.41567E-06
4.06	5.59475E-06
4.08	5.77542E-06
4.1	5.95738E-06
4.12	6.14048E-06
4.14	6.3254E-06
4.16	6.51195E-06
4.18	6.69963E-06
4.2	6.88861E-06
4.22	7.07933E-06
4.24	7.27251E-06
4.26	7.46863E-06
4.28	7.66783E-06
4.3	7.86965E-06
4.32	8.07372E-06
4.34	8.27926E-06
4.36	8.4858E-06
4.38	8.69339E-06
4.4	8.90228E-06
4.42	9.11228E-06
4.44	9.32323E-06
4.46	9.53555E-06
4.48	9.74956E-06
4.5	9.96551E-06
4.52	1.01835E-05
4.54	1.04036E-05
4.56	1.06259E-05
4.58	1.08505E-05
4.6	1.10776E-05
4.62	1.13073E-05
4.64	1.15395E-05
4.66	1.17744E-05
4.68	1.20122E-05
4.7	1.22527E-05
4.72	1.24954E-05
4.74	1.27398E-05
4.76	1.29862E-05
4.78	1.32351E-05
4.8	1.34872E-05
4.82	1.37429E-05
4.84	1.40024E-05
4.86	1.42657E-05
4.88	1.45328E-05
4.9	1.48036E-05
4.92	1.50784E-05
4.94	1.53568E-05
4.96	1.56387E-05
4.98	1.59237E-05
5	1.62119E-05
5.02	1.65032E-05
5.04	1.67976E-05
5.06	1.70949E-05
5.08	1.7395E-05
5.1	1.76979E-05
5.12	1.80033E-05
5.14	1.83106E-05
5.16	1.86197E-05
5.18	1.89308E-05
5.2	1.92446E-05
5.22	1.95614E-05
5.24	1.98813E-05
5.26	2.02046E-05
5.28	2.05311E-05
5.3	2.08606E-05
5.32	2.1193E-05
5.34	2.15281E-05
5.36	2.18656E-05
5.38	2.22053E-05
5.4	2.2547E-05
5.42	2.28905E-05
5.44	2.32359E-05
5.46	2.35832E-05
5.48	2.39322E-05
5.5	2.42829E-05
5.52	2.46354E-05
5.54	2.49895E-05
5.56	2.53452E-05
5.58	2.57027E-05
5.6	2.60621E-05
5.62	2.64237E-05
5.64	2.67876E-05
5.66	2.71534E-05
5.68	2.75206E-05
5.7	2.78888E-05
5.72	2.82579E-05
5.74	2.86282E-05
5.76	2.89997E-05
5.78	2.93723E-05
5.8	2.97464E-05
5.82	3.0122E-05
5.84	3.04993E-05
5.86	3.08786E-05
5.88	3.126E-05
5.9	3.16435E-05
5.92	3.20292E-05
5.94	3.24171E-05
5.96	3.28071E-05
5.98	3.31995E-05
6	3.35943E-05
6.02	3.39916E-05
6.04	3.43915E-05
6.06	3.47939E-05
6.08	3.51984E-05
6.1	3.56045E-05
6.12	3.60119E-05
6.14	3.64207E-05
6.16	3.68309E-05
6.18	3.72428E-05
6.2	3.76562E-05
6.22	3.80713E-05
6.24	3.84885E-05
6.26	3.89077E-05
6.28	3.93291E-05
6.3	3.97525E-05
6.32	4.01779E-05
6.34	4.06053E-05
6.36	4.10345E-05
6.38	4.14653E-05
6.4	4.18978E-05
6.42	4.23318E-05
6.44	4.27672E-05
6.46	4.32039E-05
6.48	4.36416E-05
6.5	4.40801E-05
6.52	4.45193E-05
6.54	4.49593E-05
6.56	4.54002E-05
6.58	4.58423E-05
6.6	4.62855E-05
6.62	4.67296E-05
6.64	4.71744E-05
6.66	4.76196E-05
6.68	4.8065E-05
6.7	4.85104E-05
6.72	4.89556E-05
6.74	4.94003E-05
6.76	4.98442E-05
6.78	5.02875E-05
6.8	5.07299E-05
6.82	5.11713E-05
6.84	5.16119E-05
6.86	5.20514E-05
6.88	5.24899E-05
6.9	5.2927E-05
6.92	5.33628E-05
6.94	5.37974E-05
6.96	5.42309E-05
6.98	5.46635E-05
7	5.50954E-05
7.02	5.55264E-05
7.04	5.59564E-05
7.06	5.63852E-05
7.08	5.68125E-05
7.1	5.72381E-05
7.12	5.76619E-05
7.14	5.80836E-05
7.16	5.85032E-05
7.18	5.89204E-05
7.2	5.93355E-05
7.22	5.97484E-05
7.24	6.0159E-05
7.26	6.05673E-05
7.28	6.09734E-05
7.3	6.13771E-05
7.32	6.17786E-05
7.34	6.21776E-05
7.36	6.25742E-05
7.38	6.29683E-05
7.4	6.33601E-05
7.42	6.37492E-05
7.44	6.41353E-05
7.46	6.45182E-05
7.48	6.48977E-05
7.5	6.52739E-05
7.52	6.56466E-05
7.54	6.6016E-05
7.56	6.63821E-05
7.58	6.67448E-05
7.6	6.7104E-05
7.62	6.74597E-05
7.64	6.78118E-05
7.66	6.81601E-05
7.68	6.85045E-05
7.7	6.88446E-05
7.72	6.91803E-05
7.74	6.95113E-05
7.76	6.98375E-05
7.78	7.01586E-05
7.8	7.04745E-05
7.82	7.07849E-05
7.84	7.10894E-05
7.86	7.13878E-05
7.88	7.16797E-05
7.9	7.1965E-05
7.92	7.22435E-05
7.94	7.25152E-05
7.96	7.27801E-05
7.98	7.30382E-05
8	7.32893E-05
8.02	7.35332E-05
8.04	7.37699E-05
8.06	7.39992E-05
8.08	7.42206E-05
8.1	7.4434E-05
8.12	7.46391E-05
8.14	7.48356E-05
8.16	7.50233E-05
8.18	7.5202E-05
8.2	7.53715E-05
8.22	7.55316E-05
8.24	7.5682E-05
8.26	7.58225E-05
8.28	7.5953E-05
8.3	7.60733E-05
8.32	7.61834E-05
8.34	7.62831E-05
8.36	7.63724E-05
8.38	7.6451E-05
8.4	7.65186E-05
8.42	7.6575E-05
8.44	7.66198E-05
8.46	7.66528E-05
8.48	7.66738E-05
8.5	7.66827E-05
8.52	7.66791E-05
8.54	7.6663E-05
8.56	7.66343E-05
8.58	7.65928E-05
8.6	7.65385E-05
8.62	7.64712E-05
8.64	7.63907E-05
8.66	7.62969E-05
8.68	7.61896E-05
8.7	7.60686E-05
8.72	7.59338E-05
8.74	7.5785E-05
8.76	7.56221E-05
8.78	7.54448E-05
8.8	7.52529E-05
8.82	7.50459E-05
8.84	7.48234E-05
8.86	7.45852E-05
8.88	7.43309E-05
8.9	7.40603E-05
8.92	7.3773E-05
8.94	7.3469E-05
8.96	7.31479E-05
8.98	7.28097E-05
9	7.24541E-05
9.02	7.2081E-05
9.04	7.169E-05
9.06	7.12809E-05
9.08	7.08534E-05
9.1	7.04072E-05
9.12	6.9942E-05
9.14	6.94576E-05
9.16	6.89536E-05
9.18	6.84297E-05
9.2	6.78854E-05
9.22	6.73205E-05
9.24	6.67346E-05
9.26	6.61274E-05
9.28	6.54987E-05
9.3	6.48482E-05
9.32	6.41757E-05
9.34	6.34809E-05
9.36	6.27636E-05
9.38	6.20233E-05
9.4	6.12598E-05
9.42	6.04727E-05
9.44	5.96615E-05
9.46	5.8826E-05
9.48	5.79658E-05
9.5	5.70804E-05
9.52	5.61696E-05
9.54	5.52331E-05
9.56	5.42705E-05
9.58	5.32816E-05
9.6	5.2266E-05
9.62	5.12234E-05
9.64	5.01535E-05
9.66	4.90559E-05
9.68	4.79306E-05
9.7	4.67774E-05
9.72	4.55959E-05
9.74	4.43861E-05
9.76	4.31475E-05
9.78	4.18801E-05
9.8	4.05833E-05
9.82	3.92569E-05
9.84	3.79004E-05
9.86	3.65136E-05
9.88	3.5096E-05
9.9	3.36474E-05
9.92	3.21673E-05
9.94	3.06555E-05
9.96	2.91118E-05
9.98	2.75357E-05
10	2.59271E-05
10.02	2.42856E-05
10.04	2.2611E-05
10.06	2.09029E-05
10.08	1.91612E-05
10.1	1.73854E-05
10.12	1.55754E-05
10.14	1.37308E-05
10.16	1.18512E-05
10.18	9.93619E-06
10.2	7.98546E-06
10.22	5.99862E-06
10.24	3.97536E-06
10.26	1.91537E-06
10.28	-1.81661E-07
10.3	-2.31603E-06
10.32	-4.48803E-06
10.34	-6.69795E-06
10.36	-8.94607E-06
10.38	-1.12328E-05
10.4	-1.35583E-05
10.42	-1.59232E-05
10.44	-1.83276E-05
10.46	-2.07721E-05
10.48	-2.3257E-05
10.5	-2.57825E-05
10.52	-2.83492E-05
10.54	-3.09573E-05
10.56	-3.36073E-05
10.58	-3.62997E-05
10.6	-3.90348E-05
10.62	-4.1813E-05
10.64	-4.46347E-05
10.66	-4.75002E-05
10.68	-5.04098E-05
10.7	-5.33638E-05
10.72	-5.63624E-05
10.74	-5.9406E-05
10.76	-6.24948E-05
10.78	-6.56291E-05
10.8	-6.88092E-05
10.82	-7.20355E-05
10.84	-7.53084E-05
10.86	-7.8628E-05
10.88	-8.19949E-05
10.9	-8.54093E-05
10.92	-8.88716E-05
10.94	-9.2382E-05
10.96	-9.59408E-05
10.98	-9.95485E-05
11	-0.000103205
11.02	-0.000106911
11.04	-0.000110667
11.06	-0.000114473
11.08	-0.000118328
11.1	-0.000122234
11.12	-0.000126191
11.14	-0.000130198
11.16	-0.000134257
11.18	-0.000138367
11.2	-0.000142528
11.22	-0.000146742
11.24	-0.000151008
11.26	-0.000155326
11.28	-0.000159697
11.3	-0.000164122
11.32	-0.000168599
11.34	-0.000173129
11.36	-0.000177713
11.38	-0.000182351
11.4	-0.000187042
11.42	-0.000191788
11.44	-0.000196588
11.46	-0.000201442
11.48	-0.000206351
11.5	-0.000211315
11.52	-0.000216334
11.54	-0.000221408
11.56	-0.000226537
11.58	-0.000231722
11.6	-0.000236963
11.62	-0.00024226
11.64	-0.000247613
11.66	-0.000253023
11.68	-0.000258489
11.7	-0.000264012
11.72	-0.000269592
11.74	-0.000275229
11.76	-0.000280924
11.78	-0.000286675
11.8	-0.000292484
11.82	-0.00029835
11.84	-0.000304274
11.86	-0.000310256
11.88	-0.000316295
11.9	-0.000322393
11.92	-0.000328548
11.94	-0.000334761
11.96	-0.000341033
11.98	-0.000347363
12	-0.000353751
12.02	-0.000360197
12.04	-0.000366702
12.06	-0.000373265
12.08	-0.000379887
12.1	-0.000386566
12.12	-0.000393304
12.14	-0.000400101
12.16	-0.000406955
12.18	-0.000413868
12.2	-0.000420839
12.22	-0.000427868
12.24	-0.000434955
12.26	-0.0004421
12.28	-0.000449303
12.3	-0.000456564
12.32	-0.000463882
12.34	-0.000471259
12.36	-0.000478692
12.38	-0.000486183
12.4	-0.000493731
12.42	-0.000501335
12.44	-0.000508996
12.46	-0.000516714
12.48	-0.000524487
12.5	-0.000532316
12.52	-0.000540201
12.54	-0.000548141
12.56	-0.000556135
12.58	-0.000564185
12.6	-0.000572288
12.62	-0.000580446
12.64	-0.000588658
12.66	-0.000596922
12.68	-0.00060524
12.7	-0.000613611
12.72	-0.000622033
12.74	-0.000630508
12.76	-0.000639034
12.78	-0.00064761
12.8	-0.000656238
12.82	-0.000664915
12.84	-0.000673642
12.86	-0.000682417
12.88	-0.000691241
12.9	-0.000700113
12.92	-0.000709033
12.94	-0.000717999
12.96	-0.000727011
12.98	-0.000736069
13	-0.000745173
13.02	-0.00075432
13.04	-0.000763512
13.06	-0.000772746
13.08	-0.000782023
13.1	-0.000791341
13.12	-0.000800701
13.14	-0.0008101
13.16	-0.000819539
13.18	-0.000829016
13.2	-0.000838531
13.22	-0.000848084
13.24	-0.000857672
13.26	-0.000867296
13.28	-0.000876954
13.3	-0.000886645
13.32	-0.000896369
13.34	-0.000906125
13.36	-0.000915912
13.38	-0.000925728
13.4	-0.000935573
13.42	-0.000945446
13.44	-0.000955346
13.46	-0.000965271
13.48	-0.00097522
13.5	-0.000985192
13.52	-0.000995187
13.54	-0.001005202
13.56	-0.001015236
13.58	-0.001025289
13.6	-0.001035359
13.62	-0.001045444
13.64	-0.001055544
13.66	-0.001065657
13.68	-0.001075782
13.7	-0.001085916
13.72	-0.00109606
13.74	-0.001106211
13.76	-0.001116368
13.78	-0.001126529
13.8	-0.001136693
13.82	-0.001146857
13.84	-0.001157022
13.86	-0.001167184
13.88	-0.001177343
13.9	-0.001187496
13.92	-0.001197642
13.94	-0.001207778
13.96	-0.001217905
13.98	-0.001228018
14	-0.001238118
14.02	-0.001248201
14.04	-0.001258266
14.06	-0.001268311
14.08	-0.001278333
14.1	-0.001288332
14.12	-0.001298305
14.14	-0.001308249
14.16	-0.001318164
14.18	-0.001328045
14.2	-0.001337893
14.22	-0.001347703
14.24	-0.001357474
14.26	-0.001367204
14.28	-0.001376891
14.3	-0.001386532
14.32	-0.001396124
14.34	-0.001405666
14.36	-0.001415155
14.38	-0.001424589
14.4	-0.001433965
14.42	-0.00144328
14.44	-0.001452533
14.46	-0.00146172
14.48	-0.001470839
14.5	-0.001479887
14.52	-0.001488861
14.54	-0.00149776
14.56	-0.001506579
14.58	-0.001515316
14.6	-0.001523969
14.62	-0.001532534
14.64	-0.001541008
14.66	-0.001549389
14.68	-0.001557674
14.7	-0.001565859
14.72	-0.001573941
14.74	-0.001581917
14.76	-0.001589785
14.78	-0.00159754
14.8	-0.001605181
14.82	-0.001612702
14.84	-0.001620102
14.86	-0.001627376
14.88	-0.001634521
14.9	-0.001641534
14.92	-0.001648412
14.94	-0.00165515
14.96	-0.001661745
14.98	-0.001668194
15	-0.001674936
15.02	-0.001681133
15.04	-0.001687119
15.06	-0.001692237
15.08	-0.001699469
15.1	-0.001703939
15.12	-0.00171126
15.14	-0.001714439
15.16	-0.001720078
15.18	-0.0017215
15.2	-0.001750615
15.22	-0.001946283
15.24	-0.002141022
15.26	-0.001047789
15.28	-0.002361438
15.3	-0.000445919
15.32	-0.002455704
15.34	-0.000203537
15.36	-0.00227807
15.38	0.000757509
15.4	-0.000963716
15.42	0.007669013
15.44	0.012084099
15.46	0.018594403
15.48	0.018248724
15.5	0.001598083
15.52	-0.024648172
15.54	-0.026611751
15.56	-0.029904372
15.58	-0.019459193
15.6	0.032639426
15.62	0.002333373
15.64	-0.017656293
15.66	-0.023117324
15.68	-0.012127468
15.7	-0.017081049
15.72	0.046931167
15.74	0.032866336
15.76	0.04558903
15.78	0.050887598
15.8	0.038286906
15.82	0.033557162
15.84	0.03305985
15.86	0.036930618
15.88	0.024206668
15.9	0.004654456
15.92	-0.018940935
15.94	-0.019273379
15.96	-0.003348652
15.98	-0.017677003
16	-0.042790389
16.02	-0.063840587
16.04	-0.071481394
16.06	-0.071441909
16.08	-0.07322957
16.1	-0.05916704
16.12	-0.051529671
16.14	-0.051487846
16.16	-0.053302811
16.18	-0.049698812
16.2	-0.029836578
16.22	-0.014853219
16.24	0.021448224
16.26	0.017969502
16.28	0.04263179
16.3	0.057193657
16.32	0.061134988
16.34	0.074044032
16.36	0.081742076
16.38	0.085210057
16.4	0.083850525
16.42	0.088548996
16.44	0.097377111
16.46	0.107594444
16.48	0.107243222
16.5	0.075974847
16.52	0.07645706
16.54	0.07295295
16.56	0.075321083
16.58	0.07581213
16.6	0.078179675
16.62	0.079484651
16.64	0.087110131
16.66	0.094109741
16.68	0.095144471
16.7	0.08876229
16.72	0.035866267
16.74	0.021309648
16.76	-0.043265113
16.78	-0.012238824
16.8	0.016199846
16.82	0.005121334
16.84	-0.017954387
16.86	-0.030456063
16.88	0.073491257
16.9	0.048506675
16.92	0.050841124
16.94	0.087709847
16.96	0.070911528
16.98	0.074246447
17	0.057064891
17.02	0.051015655
17.04	0.054714462
17.06	0.064727623
17.08	0.06403394
17.1	0.044519608
17.12	-0.022441934
17.14	-0.025699023
17.16	-0.03785685
17.18	-0.056046383
17.2	-0.067654035
17.22	-0.08638895
17.24	-0.094364019
17.26	-0.098928102
17.28	-0.101907675
17.3	-0.112522992
17.32	-0.119175297
17.34	-0.124625594
17.36	-0.14633799
17.38	-0.161889422
17.4	-0.165831613
17.42	-0.149458065
17.44	-0.151587315
17.46	-0.158013424
17.48	-0.16126204
17.5	-0.155579668
17.52	-0.151410218
17.54	0.133470795
17.56	0.043131905
17.58	0.06680542
17.6	0.147577778
17.62	0.180868029
17.64	0.158523487
17.66	0.189272869
17.68	0.230063553
17.7	0.233905848
17.72	0.262448983
17.74	0.248868246
17.76	0.266107993
17.78	0.200422898
17.8	0.006772977
17.82	0.035730962
17.84	0.046119478
17.86	0.032679374
17.88	0.101061544
17.9	0.077952786
17.92	0.112599697
17.94	0.110920659
17.96	-0.179821953
17.98	-0.111708823
18	-0.163212513
18.02	-0.155127159
18.04	-0.137653451
18.06	-0.168945756
18.08	-0.160019517
18.1	-0.162782447
18.12	-0.146756965
18.14	-0.165104129
18.16	-0.183408952
18.18	-0.207259371
18.2	-0.246859221
18.22	-0.272004612
18.24	-0.307279162
18.26	-0.329700701
18.28	-0.293917409
18.3	-0.166971286
18.32	-0.11284471
18.34	-0.122633546
18.36	-0.148110652
18.38	-0.203806734
18.4	-0.208750584
18.42	-0.212606062
18.44	-0.211037217
18.46	-0.219693319
18.48	-0.221988757
18.5	-0.22045183
18.52	-0.172851089
18.54	-0.032140792
18.56	0.032961884
18.58	-0.018928972
18.6	-0.039260917
18.62	-0.014907899
18.64	0.020602124
18.66	0.020994128
18.68	0.076182902
18.7	0.042500747
18.72	0.115235952
18.74	0.079452524
18.76	0.083622169
18.78	0.115285737
18.8	0.099055784
18.82	0.112921273
18.84	0.15240973
18.86	0.158601765
18.88	0.202435256
18.9	0.14954618
18.92	0.185030765
18.94	0.158313145
18.96	0.171108953
18.98	0.1666668
19	0.168980157
19.02	0.156227157
19.04	0.130979063
19.06	-0.02560216
19.08	-0.027810247
19.1	-0.032793392
19.12	-0.043975812
19.14	-0.055587974
19.16	-0.084416107
19.18	-0.137002542
19.2	-0.07901989
19.22	-0.051918264
19.24	-0.103431949
19.26	-0.104207719
19.28	-0.040669913
19.3	-0.055406791
19.32	-0.032732452
19.34	0.112490819
19.36	0.091542608
19.38	0.066533624
19.4	0.111467107
19.42	0.111686142
19.44	0.130012652
19.46	0.15318128
19.48	0.168781873
19.5	0.177138519
19.52	0.206016874
19.54	0.218783564
19.56	0.186838385
19.58	0.11568187
19.6	0.058139204
19.62	0.081774625
19.64	0.112289262
19.66	0.086934826
19.68	0.100041839
19.7	0.108487956
19.72	0.126973724
19.74	0.059297998
19.76	0.055465487
19.78	0.065922926
19.8	0.139767725
19.82	0.192024384
19.84	0.168381867
19.86	0.14814537
19.88	0.15963826
19.9	0.142642497
19.92	0.117899218
19.94	0.159984526
19.96	0.185984189
19.98	0.204914349
20	0.026250845
20.02	0.028651459
20.04	-0.013760461
20.06	-0.064617409
20.08	-0.177728337
20.1	-0.094360568
20.12	-0.097882597
20.14	-0.120824665
20.16	-0.129166878
20.18	-0.127180736
20.2	-0.010386341
20.22	0.013058213
20.24	0.008357136
20.26	0.011120897
20.28	0.007797876
20.3	0.192264003
20.32	0.142775011
20.34	0.070594688
20.36	-0.001643894
20.38	0.070339035
20.4	0.047084249
20.42	0.01645363
20.44	-0.002086633
20.46	-0.052574614
20.48	-0.013413237
20.5	-0.041911721
20.52	-0.07978155
20.54	-0.081509329
20.56	-0.095612996
20.58	-0.090260277
20.6	-0.097940135
20.62	-0.078129824
20.64	-0.119008895
20.66	-0.147502901
20.68	-0.211265166
20.7	-0.262582422
20.72	-0.267411503
20.74	-0.230099258
20.76	-0.202203542
20.78	-0.231534721
20.8	-0.226105009
20.82	-0.214512601
20.84	-0.201847966
20.86	-0.191053386
20.88	-0.187648783
20.9	-0.198186306
20.92	-0.213546724
20.94	-0.24310583
20.96	-0.24312336
20.98	-0.207205588
21	-0.065423038
21.02	-0.050625856
21.04	-0.000275202
21.06	-0.042662142
21.08	0.026498385
21.1	0.095377757
21.12	0.074968528
21.14	0.099011281
21.16	0.123407363
21.18	0.120920304
21.2	0.181728476
21.22	0.158657543
21.24	0.124007511
21.26	0.195036643
21.28	0.136679797
21.3	0.150005028
21.32	0.162597892
21.34	0.143182716
21.36	0.209548125
21.38	0.154101772
21.4	0.144174983
21.42	0.143206057
21.44	0.127261166
21.46	0.137892116
21.48	0.111065223
21.5	-0.056727582
21.52	-0.022927557
21.54	-0.05093644
21.56	-0.077242146
21.58	-0.074334927
21.6	-0.07477988
21.62	-0.061210324
21.64	-0.072625678
21.66	-0.121875477
21.68	-0.094665057
21.7	-0.066580856
21.72	-0.089512169
21.74	-0.073483165
21.76	0.079376016
21.78	0.063520501
21.8	0.07608933
21.82	0.08283078
21.84	0.082774226
21.86	0.071501996
21.88	0.093177727
21.9	0.126946136
21.92	0.060330715
21.94	0.042558338
21.96	0.045544376
21.98	-0.00671708
22	-0.045268414
22.02	-0.06924965
22.04	-0.098373501
22.06	-0.075290413
22.08	-0.080018128
22.1	-0.078439353
22.12	-0.106611715
22.14	-0.130912946
22.16	-0.139892868
22.18	-0.150961972
22.2	-0.147226779
22.22	-0.154882543
22.24	-0.135794408
22.26	-0.094540252
22.28	0.007255541
22.3	0.036893205
22.32	0.072367891
22.34	0.067053253
22.36	0.064469127
22.38	0.079080024
22.4	0.086610147
22.42	0.061296622
22.44	0.008565379
22.46	-0.053318397
22.48	-0.089940792
22.5	-0.07560993
22.52	-0.023939303
22.54	-0.022202189
22.56	-0.037401474
22.58	-0.035779861
22.6	-0.017683945
22.62	-0.023558969
22.64	-0.012816006
22.66	0.006643349
22.68	0.022523349
22.7	0.025565239
22.72	0.09645511
22.74	0.106800142
22.76	0.091056056
22.78	0.11217549
22.8	0.118205871
22.82	0.122378403
22.84	0.112101056
22.86	0.101284247
22.88	0.110702398
22.9	0.07718347
22.92	0.115649183
22.94	0.118952203
22.96	0.10970064
22.98	0.076737144
23	0.083417715
23.02	0.066507733
23.04	0.049643991
23.06	0.045404646
23.08	0.056633946
23.1	0.068510053
23.12	0.067724667
23.14	0.085211707
23.16	0.074458417
23.18	0.085902592
23.2	0.098020279
23.22	0.144776048
23.24	0.146820352
23.26	0.108325014
23.28	0.101086842
23.3	0.084074289
23.32	0.085060021
23.34	0.088696195
23.36	0.090463062
23.38	0.083645203
23.4	0.109867344
23.42	0.176816934
23.44	0.210346976
23.46	-0.058054994
23.48	-0.083979991
23.5	-0.076824349
23.52	-0.063657989
23.54	-0.045820638
23.56	-0.034180653
23.58	-0.048281899
23.6	-0.037341351
23.62	-0.070441136
23.64	-0.093501237
23.66	-0.098241362
23.68	-0.082741602
23.7	-0.108137783
23.72	-0.111348191
23.74	-0.093359329
23.76	-0.135680597
23.78	-0.14378161
23.8	-0.15079021
23.82	-0.177227854
23.84	-0.179213529
23.86	-0.191982396
23.88	-0.187188774
23.9	-0.190171853
23.92	-0.199789344
23.94	-0.196320655
23.96	-0.202824087
23.98	0.053690561
24	-0.008169426
24.02	-0.096880527
24.04	-0.084289501
24.06	-0.040955107
24.08	-0.016783795
24.1	-0.028710614
24.12	-0.030104453
24.14	0.006038322
24.16	-0.024619035
24.18	-0.026828617
24.2	-0.025823642
24.22	-0.031514124
24.24	-0.02478675
24.26	-0.026417216
24.28	-0.026742211
24.3	-0.015255637
24.32	-0.009622713
24.34	-0.022849939
24.36	-0.020466072
24.38	-0.028974626
24.4	-0.008288047
24.42	-0.032833342
24.44	0.010133608
24.46	0.006436907
24.48	0.027125709
24.5	-0.054086919
24.52	-0.162274798
24.54	-0.212511967
24.56	-0.178666342
24.58	-0.140007977
24.6	-0.081283779
24.62	-0.038020475
24.64	-0.049228133
24.66	-0.056239975
24.68	0.077280774
24.7	0.108279356
24.72	0.09821022
24.74	0.077795734
24.76	0.067552979
24.78	0.052441704
24.8	0.075499005
24.82	0.079098326
24.84	0.070805537
24.86	0.005193956
24.88	-0.068691282
24.9	-0.066559438
24.92	-0.053003297
24.94	-0.066257947
24.96	-0.009714641
24.98	0.016690163
25	0.005436654
25.02	-0.02276156
25.04	0.02713728
25.06	0.03753081
25.08	0.033460289
25.1	-0.018472258
25.12	0.048369479
25.14	0.010793679
25.16	0.039992907
25.18	-0.072718868
25.2	-0.031200948
25.22	0.020128893
25.24	0.037668429
25.26	0.025432826
25.28	0.036173378
25.3	0.007145445
25.32	0.00233991
25.34	-0.027750958
25.36	0.008304894
25.38	0.083864694
25.4	0.053816486
25.42	0.06414305
25.44	0.077983387
25.46	0.0610752
25.48	0.110908501
25.5	0.130789484
25.52	0.195035507
25.54	0.209587435
25.56	0.165709171
25.58	0.140415335
25.6	0.077040079
25.62	0.060463179
25.64	0.036568293
25.66	0.047323962
25.68	0.041772372
25.7	0.051552967
25.72	0.060576258
25.74	0.071562407
25.76	0.069838886
25.78	0.06741873
25.8	0.073407836
25.82	0.058893048
25.84	0.034868031
25.86	0.041649489
25.88	0.047531927
25.9	0.062699037
25.92	0.082126577
25.94	0.09202232
25.96	0.105498564
25.98	0.006324715
26	-0.068761208
26.02	-0.06933777
26.04	-0.059398656
26.06	-0.075261909
26.08	-0.02965114
26.1	0.016543111
26.12	-0.027026798
26.14	-0.033742468
26.16	-0.054432418
26.18	-0.07631186
26.2	-0.105158286
26.22	-0.098173923
26.24	-0.111164467
26.26	-0.121042774
26.28	-0.123397402
26.3	-0.134631904
26.32	-0.134964813
26.34	-0.142958997
26.36	-0.152594114
26.38	-0.160071884
26.4	-0.167655385
26.42	-0.17393754
26.44	-0.180943374
26.46	-0.185948838
26.48	-0.187630138
26.5	-0.169783698
26.52	-0.058740062
26.54	-0.067450551
26.56	-0.061360041
26.58	-0.046372557
26.6	0.003548556
26.62	0.004254797
26.64	-0.009988782
26.66	0.053628548
26.68	0.046696672
26.7	0.042423156
26.72	0.079811438
26.74	0.086414063
26.76	0.087269921
26.78	0.081952758
26.8	0.112251559
26.82	0.104113122
26.84	0.103152049
26.86	0.069862262
26.88	-0.075094038
26.9	-0.181211857
26.92	-0.163922352
26.94	-0.117234449
26.96	-0.110295941
26.98	-0.133185374
27	-0.14603749
27.02	-0.150436862
27.04	-0.126167137
27.06	-0.1396874
27.08	-0.103676219
27.1	-0.075600319
27.12	0.012481037
27.14	0.146476173
27.16	0.125903801
27.18	0.086480385
27.2	0.074685571
27.22	0.092428833
27.24	0.10730171
27.26	0.141793719
27.28	0.154622567
27.3	0.144817607
27.32	0.132250846
27.34	0.144196247
27.36	0.141143953
27.38	0.156940177
27.4	0.156803585
27.42	0.145257287
27.44	0.125267752
27.46	0.267812896
27.48	0.209048436
27.5	0.248548869
27.52	0.227150445
27.54	0.050242651
27.56	-0.102774412
27.58	-0.176535736
27.6	-0.138465897
27.62	-0.176317647
27.64	-0.128406004
27.66	-0.089390012
27.68	-0.083695659
27.7	-0.127107114
27.72	-0.145632986
27.74	-0.186347072
27.76	-0.148779409
27.78	-0.18617361
27.8	-0.204581726
27.82	-0.174318072
27.84	-0.185203147
27.86	-0.185767763
27.88	-0.183127931
27.9	-0.227822976
27.92	-0.202574447
27.94	-0.193210357
27.96	-0.182180514
27.98	-0.144944614
28	0.047568489
28.02	0.170268051
28.04	0.126431089
28.06	0.09118505
28.08	0.083085135
28.1	0.10194232
28.12	0.087182819
28.14	0.063969367
28.16	0.082981794
28.18	0.033847976
28.2	0.030147897
28.22	0.057465048
28.24	0.047553548
28.26	0.008964031
28.28	0.014524109
28.3	-0.003467375
28.32	-0.073962927
28.34	-0.029570994
28.36	-0.013446109
28.38	-0.012401413
28.4	-0.020666172
28.42	-0.009471978
28.44	-0.025051864
28.46	-0.013752248
28.48	-0.019794313
28.5	-0.032927788
28.52	-0.009987317
28.54	-0.013422737
28.56	0.032532411
28.58	0.063256169
28.6	0.088391305
28.62	0.081620776
28.64	0.108244075
28.66	0.114460421
28.68	0.122817979
28.7	0.129426925
28.72	0.158267792
28.74	0.154613935
28.76	0.130008887
28.78	0.2023164
28.8	0.19857807
28.82	0.052801338
28.84	0.112953449
28.86	0.07620272
28.88	0.002157498
28.9	-0.02041995
28.92	-0.016971111
28.94	0.003266106
28.96	-0.012429669
28.98	0.017794828
29	-0.039110321
29.02	-0.060747622
29.04	-0.042767724
29.06	-0.049776533
29.08	-0.031464451
29.1	-0.042212032
29.12	-0.052915857
29.14	-0.071741468
29.16	-0.055139219
29.18	-0.048042096
29.2	-0.053153427
29.22	-0.064071176
29.24	-0.057458692
29.26	-0.07096255
29.28	-0.064492705
29.3	-0.060985338
29.32	-0.032657977
29.34	0.009114263
29.36	-0.006069479
29.38	-0.011850489
29.4	-0.012183644
29.42	-0.023703039
29.44	-0.042694705
29.46	-0.053451106
29.48	-0.051209607
29.5	-0.010464847
29.52	0.016731014
29.54	0.048227819
29.56	0.072695166
29.58	0.053352021
29.6	0.027212883
29.62	0.056347432
29.64	0.045687874
29.66	0.036361421
29.68	0.02708286
29.7	0.048369817
29.72	0.069435079
29.74	0.09161469
29.76	0.110201421
29.78	0.130464394
29.8	0.150975846
29.82	0.1533477
29.84	0.134222695
29.86	0.128218123
29.88	0.134794776
29.9	0.148848152
29.92	0.154410588
29.94	0.140398631
29.96	0.112479178
29.98	0.012653093
30	0.011273417
30.02	-0.0419645
30.04	-0.05570571
30.06	-0.032431096
30.08	-0.018713395
30.1	-0.087638986
30.12	-0.071275911
30.14	-0.079424341
30.16	-0.082040527
30.18	-0.079470123
30.2	-0.079135047
30.22	-0.07672452
30.24	-0.102598417
30.26	-0.114807279
30.28	-0.125486878
30.3	-0.116727551
30.32	-0.094765204
30.34	-0.081246334
30.36	0.048365375
30.38	0.166365165
30.4	0.145479427
30.42	0.111671718
30.44	0.098596625
30.46	0.083280479
30.48	0.011138427
30.5	0.033453939
30.52	0.03370647
30.54	0.001707256
30.56	-0.002925855
30.58	0.001112971
30.6	-0.069736883
30.62	-0.122340852
30.64	-0.105338222
30.66	-0.074939327
30.68	-0.067253924
30.7	-0.064862353
30.72	-0.046801269
30.74	-0.07767855
30.76	-0.090203686
30.78	-0.083799148
30.8	-0.087514415
30.82	-0.07569878
30.84	-0.057352782
30.86	-0.05538113
30.88	-0.073067467
30.9	-0.083682912
30.92	0.11843066
30.94	0.094358457
30.96	0.115551761
30.98	0.074798489
31	0.111839261
31.02	0.121848953
31.04	0.132476973
31.06	0.143302484
31.08	0.150311806
31.1	0.152042599
31.12	0.172295302
31.14	0.165628275
31.16	0.17713496
31.18	0.165556975
31.2	0.181467547
31.22	0.184178734
31.24	0.180509284
31.26	0.175970229
31.28	0.144694162
31.3	0.114817455
31.32	0.031404262
31.34	-0.007763109
31.36	-0.008122307
31.38	-0.048703366
31.4	-0.053221062
31.42	-0.082300826
31.44	-0.106202427
31.46	-0.168620406
31.48	-0.141717603
31.5	-0.136019008
31.52	-0.158242405
31.54	-0.175303104
31.56	-0.151674848
31.58	-0.171070291
31.6	-0.175709525
31.62	-0.168573311
31.64	-0.203139056
31.66	-0.201693287
31.68	-0.201362403
31.7	-0.174936658
31.72	-0.169546483
31.74	-0.141354411
31.76	-0.120325917
31.78	0.102748564
31.8	0.058945472
31.82	0.057573533
31.84	0.065667917
31.86	0.04062594
31.88	0.043667423
31.9	0.094884339
31.92	0.123186784
31.94	0.097489729
31.96	0.067769718
31.98	0.0957132
32	0.09673371
32.02	0.057563177
32.04	0.074603671
32.06	0.087293871
32.08	0.066699168
32.1	0.100473737
32.12	0.063352112
32.14	-0.10963236
32.16	-0.057340986
32.18	-0.08432057
32.2	-0.120145478
32.22	-0.132711114
32.24	-0.121651879
32.26	-0.110991582
32.28	-0.117705838
32.3	-0.113862617
32.32	0.002288551
32.34	0.03448162
32.36	0.050289569
32.38	0.052880625
32.4	0.067659475
32.42	0.097446686
32.44	0.098765459
32.46	0.114345238
32.48	0.128829379
32.5	0.151158517
32.52	0.157679145
32.54	0.143925137
32.56	0.151697811
32.58	0.140702247
32.6	0.154097817
32.62	0.13983419
32.64	0.093356113
32.66	0.070772902
32.68	0.016014803
32.7	-0.063625751
32.72	-0.052648329
32.74	-0.064554633
32.76	-0.053755227
32.78	-0.058830192
32.8	-0.065602804
32.82	-0.083580954
32.84	-0.091251578
32.86	-0.100042167
32.88	-0.08961329
32.9	-0.081883054
32.92	-0.092186168
32.94	-0.10259021
32.96	-0.11889022
32.98	-0.13069497
33	-0.125656817
33.02	-0.135563779
33.04	-0.131815899
33.06	-0.117541847
33.08	-0.114392908
33.1	-0.099020287
33.12	-0.076725833
33.14	0.100739844
33.16	0.13883658
33.18	0.116060912
33.2	0.091199627
33.22	0.085792986
33.24	0.081438984
33.26	0.072065658
33.28	0.076778023
33.3	0.064455536
33.32	0.074143538
33.34	0.051871985
33.36	0.030940603
33.38	0.045067617
33.4	0.051872758
33.42	0.054065783
33.44	0.09208156
33.46	0.089645678
33.48	0.089275973
33.5	0.093046884
33.52	0.07806186
33.54	0.07751347
33.56	0.069108351
33.58	0.068905241
33.6	0.071708483
33.62	0.076223431
33.64	0.073885469
33.66	-0.024825473
33.68	-0.102996885
33.7	-0.095901865
33.72	-0.070717604
33.74	-0.047406801
33.76	-0.045096841
33.78	-0.031032149
33.8	-0.00520801
33.82	0.002560048
33.84	-0.04765704
33.86	-0.055623272
33.88	-0.030747273
33.9	-0.033648249
33.92	-0.040111194
33.94	0.003155764
33.96	0.052168517
33.98	0.038784746
34	0.061171558
34.02	0.082459628
34.04	0.086712826
34.06	0.032172797
34.08	0.007488303
34.1	0.00265266
34.12	-0.001761895
34.14	-0.017902765
34.16	-0.068301991
34.18	-0.085204224
34.2	-0.077442342
34.22	-0.073693061
34.24	-0.090214065
34.26	-0.107382311
34.28	-0.142246617
34.3	-0.124404329
34.32	-0.141334674
34.34	-0.144997672
34.36	-0.112329575
34.38	-0.093603588
34.4	-0.0929083
34.42	-0.033015921
34.44	-0.05208746
34.46	-0.037259339
34.48	-0.029540769
34.5	-0.055677845
34.52	-0.019574263
34.54	0.042073149
34.56	0.062186211
34.58	0.077605339
34.6	0.06012557
34.62	0.068255955
34.64	0.074494976
34.66	0.073922781
34.68	0.058286831
34.7	0.034430345
34.72	0.022027067
34.74	0.014288254
34.76	0.026544316
34.78	0.017381231
34.8	0.016401345
34.82	0.005859047
34.84	-0.005533757
34.86	0.003455588
34.88	0.007457292
34.9	0.023935322
34.92	0.052786196
34.94	0.057988764
34.96	0.067485225
34.98	0.089657529
35	0.102193505
35.02	0.121905008
35.04	0.136285558
35.06	0.139239417
35.08	0.130845928
35.1	0.02202674
35.12	-0.018041091
35.14	-0.048768401
35.16	-0.022877274
35.18	-0.051547628
35.2	-0.050040417
35.22	-0.073526771
35.24	-0.067706083
35.26	-0.068371497
35.28	-0.077014076
35.3	-0.076944495
35.32	-0.080457473
35.34	-0.074922276
35.36	-0.091555865
35.38	-0.118222073
35.4	-0.121645903
35.42	-0.134154341
35.44	-0.128546472
35.46	-0.14250071
35.48	-0.125142632
35.5	-0.100887082
35.52	0.091587873
35.54	0.046381759
35.56	0.016559541
35.58	0.017539406
35.6	0.016795782
35.62	0.015054137
35.64	0.038758553
35.66	-0.004013397
35.68	-0.034228799
35.7	-0.020365139
35.72	-0.013506668
35.74	-0.028736968
35.76	-0.017628896
35.78	-0.012177608
35.8	-0.011467512
35.82	-0.009705661
35.84	0.00707733
35.86	0.023461475
35.88	-0.002665175
35.9	0.01605028
35.92	0.010065776
35.94	-0.000906156
35.96	0.006984632
35.98	-0.027079566
36	-0.027305762
36.02	0.027290405
36.04	0.025451469
36.06	0.063868923
36.08	0.053842127
36.1	0.079988516
36.12	0.074360429
36.14	0.071051225
36.16	0.063818223
36.18	0.070750174
36.2	0.10158178
36.22	0.104983262
36.24	0.130032818
36.26	0.119483032
36.28	0.097350942
36.3	0.105346694
36.32	0.084019335
36.34	0.061740895
36.36	0.073670724
36.38	0.054975635
36.4	0.051185524
36.42	0.059182858
36.44	0.060736454
36.46	0.072530687
36.48	0.081802309
36.5	0.098918558
36.52	0.110327071
36.54	0.11094847
36.56	0.022147258
36.58	-0.068015175
36.6	-0.077079141
36.62	-0.073343804
36.64	-0.084064719
36.66	-0.032962653
36.68	-0.021628001
36.7	-0.039768106
36.72	-0.03191539
36.74	-0.031589822
36.76	-0.031113377
36.78	-0.051923016
36.8	-0.051745823
36.82	-0.062970409
36.84	-0.090224603
36.86	-0.096313904
36.88	-0.091783869
36.9	-0.110574524
36.92	-0.119159478
36.94	-0.133611037
36.96	-0.150252581
36.98	-0.150550514
37	-0.151473818
37.02	-0.105605132
37.04	-0.004494357
37.06	0.066477575
37.08	0.070442153
37.1	0.018680719
37.12	-0.019264546
37.14	-0.039046134
37.16	0.024967206
37.18	0.068000791
37.2	0.061721453
37.22	0.035979223
37.24	-0.094804374
37.26	-0.068665431
37.28	-0.053269437
37.3	-0.032151527
37.32	0.004437588
37.34	0.043177208
37.36	0.023523612
37.38	0.012891065
37.4	-0.01542144
37.42	-0.057424212
37.44	-0.063101242
37.46	-0.038326846
37.48	-0.035170213
37.5	-0.041132943
37.52	0.004508542
37.54	0.048541662
37.56	0.059777126
37.58	0.055633229
37.6	0.063662609
37.62	0.089757051
37.64	0.098291866
37.66	0.063760096
37.68	0.058312061
37.7	0.056320146
37.72	0.058340673
37.74	0.083795743
37.76	0.088400047
37.78	0.11579283
37.8	0.108185801
37.82	0.046239451
37.84	0.01438806
37.86	-0.038788079
37.88	-0.047148449
37.9	-0.054650835
37.92	-0.055112396
37.94	-0.086775769
37.96	-0.082146282
37.98	-0.080252429
38	-0.074188541
38.02	-0.056698445
38.04	-0.053685805
38.06	-0.056664941
38.08	-0.06731849
38.1	-0.082266403
38.12	-0.101437414
38.14	-0.121292444
38.16	-0.135011305
38.18	-0.142787328
38.2	-0.146202003
38.22	-0.141235978
38.24	-0.101429867
38.26	-0.060789426
38.28	-0.091436906
38.3	-0.109356122
38.32	-0.105215703
38.34	-0.114189026
38.36	-0.1095273
38.38	-0.107286085
38.4	-0.083283293
38.42	0.009109664
38.44	-0.021808922
38.46	-0.001773077
38.48	0.016121999
38.5	0.005897172
38.52	0.025250849
38.54	0.041732395
38.56	0.048042596
38.58	0.061912583
38.6	0.072013118
38.62	0.071291931
38.64	0.074353362
38.66	0.082322917
38.68	0.086698005
38.7	0.078860497
38.72	0.082247475
38.74	0.06938225
38.76	0.017959987
38.78	-0.051041628
38.8	-0.108214237
38.82	-0.110432209
38.84	-0.066846296
38.86	-0.038356067
38.88	-0.033527546
38.9	0.0042449
38.92	0.025596664
38.94	0.045023247
38.96	0.058555629
38.98	0.069515076
39	0.041438814
39.02	0.030215845
39.04	0.022716063
39.06	0.035785887
39.08	0.040601361
39.1	0.045705212
39.12	0.058227756
39.14	0.063588947
39.16	0.056696681
39.18	0.072297193
39.2	0.004024295
39.22	-0.033263092
39.24	-0.070112821
39.26	-0.054548251
39.28	-0.049544553
39.3	-0.050623405
39.32	-0.017892307
39.34	-0.024839499
39.36	-0.023307851
39.38	-0.055779234
39.4	-0.069710714
39.42	-0.075797046
39.44	-0.090851144
39.46	-0.076277081
39.48	-0.081530042
39.5	-0.067133722
39.52	-0.049985807
39.54	-0.034408583
39.56	-0.021429162
39.58	-0.015245339
39.6	0.004754169
39.62	0.028218203
39.64	0.029074872
39.66	0.0455771
39.68	0.044955905
39.7	0.062236045
39.72	0.069961929
39.74	0.085559711
39.76	0.096175427
39.78	0.107892082
39.8	0.097577376
39.82	0.033273985
39.84	0.078088588
39.86	0.098102327
39.88	0.080634478
39.9	0.064409557
39.92	0.111179844
39.94	0.100248146
39.96	0.050161767
39.98	0.015654831
40	0.015072496
40.02	0.038153568
40.04	0.065619372
40.06	0.100235076
40.08	0.144908111
40.1	0.16655468
40.12	0.149609429
40.14	0.177927973
40.16	0.139737443
40.18	0.146430899
40.2	0.1058373
40.22	0.120206247
40.24	0.115189511
40.26	0.172240088
40.28	0.174233018
40.3	0.081125444
40.32	0.093143209
40.34	0.079414641
40.36	0.0150258
40.38	-0.017709587
40.4	-0.032098554
40.42	-0.034613042
40.44	-0.053679623
40.46	-0.043047285
40.48	-0.005332211
40.5	-0.023463925
40.52	-0.033897004
40.54	-0.023932878
40.56	-0.019697207
40.58	-0.046086475
40.6	-0.017585401
40.62	0.001295542
40.64	-0.010925179
40.66	-0.002400177
40.68	0.002789408
40.7	0.000932216
40.72	0.022337389
40.74	0.029281937
40.76	0.013978679
40.78	-0.016480607
40.8	-0.052617926
40.82	-0.085286799
40.84	-0.087318856
40.86	-0.08160458
40.88	-0.064900054
40.9	-0.058862985
40.92	-0.072457756
40.94	0.087332899
40.96	0.057663839
40.98	0.046251488
41	0.056625237
41.02	0.078385217
41.04	0.053872246
41.06	0.095203762
41.08	0.089493694
41.1	0.104016457
41.12	0.112366434
41.14	0.130654552
41.16	0.131441216
41.18	0.146470967
41.2	0.150721183
41.22	0.151278189
41.24	0.108827794
41.26	0.003187633
41.28	-0.020930392
41.3	-0.011503311
41.32	0.075832368
41.34	0.010220905
41.36	-0.001911969
41.38	-0.007506502
41.4	-0.001469751
41.42	0.012913043
41.44	0.02430791
41.46	0.00934081
41.48	-0.041039333
41.5	-0.032628923
41.52	0.118545869
41.54	0.067418176
41.56	0.069580977
41.58	0.136553293
41.6	0.143059632
41.62	0.118499604
41.64	0.136919191
41.66	0.078789982
41.68	-0.016953342
41.7	-0.02549932
41.72	-0.010806692
41.74	-0.038972506
41.76	-0.083961401
41.78	-0.079463002
41.8	-0.095783258
41.82	-0.139939406
41.84	-0.147595367
41.86	-0.137337729
41.88	-0.157802153
41.9	-0.166809457
41.92	-0.132276891
41.94	-0.132650442
41.96	-0.135553136
41.98	-0.12871661
42	-0.140921208
42.02	-0.173924948
42.04	-0.171558755
42.06	-0.147290129
42.08	-0.115197402
42.1	-0.114140974
42.12	-0.099113672
42.14	-0.096487109
42.16	-0.104939162
42.18	-0.120815433
42.2	-0.107057983
42.22	0.105484087
42.24	0.057318726
42.26	0.099201984
42.28	0.076872679
42.3	0.045751141
42.32	0.028066023
42.34	0.032935629
42.36	0.017004999
42.38	-0.015953574
42.4	-0.043857772
42.42	-0.032545609
42.44	-0.022564435
42.46	-0.040602859
42.48	-0.017659735
42.5	0.00435179
42.52	0.013932215
42.54	0.022802285
42.56	0.041514771
42.58	0.042825826
42.6	0.050338271
42.62	0.048893237
42.64	0.039968441
42.66	-0.015968526
42.68	-0.092760463
42.7	-0.139165607
42.72	-0.136375198
42.74	-0.118474806
42.76	-0.115013932
42.78	-0.084164415
42.8	-0.047525993
42.82	-0.028510671
42.84	-0.042685901
42.86	-0.050375799
42.88	-0.055354571
42.9	-0.035491027
42.92	-0.047419068
42.94	-0.067013988
42.96	-0.081652075
42.98	-0.063940364
43	-0.026932648
43.02	0.01092505
43.04	0.022820586
43.06	-0.00063778
43.08	-0.008656588
43.1	-0.009741436
43.12	-0.057557572
43.14	-0.085887633
43.16	-0.055248966
43.18	-0.083892311
43.2	-0.128530634
43.22	-0.121476208
43.24	-0.147571257
43.26	-0.148009335
43.28	-0.140231939
43.3	-0.13846082
43.32	-0.136098572
43.34	-0.144790637
43.36	-0.120696959
43.38	-0.068806856
43.4	-0.024172037
43.42	-0.029672228
43.44	-0.028879228
43.46	0.00335204
43.48	0.007642274
43.5	0.001327044
43.52	0.006110551
43.54	0.009011435
43.56	0.01838934
43.58	0.035843711
43.6	0.04829388
43.62	0.045895132
43.64	0.053924826
43.66	0.06289477
43.68	0.072992448
43.7	0.07441708
43.72	0.052065083
43.74	0.058257026
43.76	0.113436893
43.78	0.120520934
43.8	0.13206369
43.82	0.149642371
43.84	0.14414373
43.86	0.137214731
43.88	0.117073596
43.9	-0.012993608
43.92	0.029070191
43.94	0.066721243
43.96	0.037441394
43.98	0.029656569
44	0.037333688
44.02	0.04394391
44.04	0.04904428
44.06	0.064101308
44.08	0.046427916
44.1	0.062114408
44.12	0.112074139
44.14	0.159799706
44.16	0.151720374
44.18	0.031704844
44.2	-0.087485153
44.22	-0.071953851
44.24	-0.058668585
44.26	-0.008314419
44.28	-0.00227897
44.3	-0.012285525
44.32	0.008660412
44.34	0.022501842
44.36	0.013238224
44.38	-0.006019997
44.4	-0.020817867
44.42	-0.02186429
44.44	-0.027318905
44.46	-0.050570235
44.48	-0.030652667
44.5	-0.020644719
44.52	-0.007527247
44.54	0.005744233
44.56	0.011035128
44.58	-0.004360861
44.6	-0.023429457
44.62	-0.029694129
44.64	-0.050204696
44.66	-0.059231787
44.68	-0.077214198
44.7	-0.085568022
44.72	-0.100569791
44.74	-0.104902623
44.76	-0.1046009
44.78	-0.098270402
44.8	-0.096895041
44.82	-0.094730763
44.84	-0.083160486
44.86	-0.014837839
44.88	0.027459428
44.9	0.012512264
44.92	0.031539013
44.94	0.026193066
44.96	0.032945327
44.98	0.061784171
45	0.074308084
45.02	0.06294633
45.04	0.058950129
45.06	0.052062446
45.08	0.061754399
45.1	0.062915299
45.12	0.082903171
45.14	0.078493609
45.16	0.084016001
45.18	0.07453457
45.2	0.060622262
45.22	0.024115819
45.24	-0.008512382
45.26	-0.035861363
45.28	0.005721844
45.3	0.045571936
45.32	0.034937595
45.34	0.020003449
45.36	0.050660005
45.38	0.051209687
45.4	0.060532817
45.42	0.06733877
45.44	0.062296623
45.46	0.064169912
45.48	0.079674062
45.5	0.09020309
45.52	0.088675503
45.54	0.081071019
45.56	0.053743178
45.58	0.008459281
45.6	-0.022539624
45.62	-0.032655649
45.64	-0.037177658
45.66	-0.056369691
45.68	-0.071615733
45.7	-0.069364988
45.72	-0.076704738
45.74	-0.080094722
45.76	-0.092193594
45.78	-0.088634939
45.8	-0.093765465
45.82	-0.106666958
45.84	-0.100018754
45.86	-0.103964805
45.88	-0.098092595
45.9	-0.083061435
45.92	-0.067507818
45.94	-0.066383909
45.96	-0.063255331
45.98	-0.06876516
46	-0.071146052
46.02	-0.029325172
46.04	-0.065817329
46.06	-0.056504228
46.08	-0.031526717
46.1	-0.050570402
46.12	-0.072591326
46.14	-0.032257992
46.16	-0.035019918
46.18	-0.071158848
46.2	-0.026900438
46.22	-0.018451631
46.24	-0.003643848
46.26	0.013205329
46.28	0.00476757
46.3	-0.004191364
46.32	0.004453787
46.34	0.004395853
46.36	0.007230458
46.38	0.011397522
46.4	0.01434587
46.42	0.018814479
46.44	0.031366848
46.46	0.050556073
46.48	0.064835401
46.5	0.071279022
46.52	0.087311253
46.54	0.08612998
46.56	0.086410515
46.58	0.088714493
46.6	0.088865116
46.62	0.089050061
46.64	0.093569828
46.66	0.090480796
46.68	0.036347359
46.7	0.076809045
46.72	0.001768677
46.74	-0.008937145
46.76	0.009189615
46.78	0.008221963
46.8	-0.007428238
46.82	-0.013119447
46.84	-0.01943227
46.86	-0.019493174
46.88	-0.018433149
46.9	-0.011294108
46.92	0.008366453
46.94	0.045010227
46.96	0.035074556
46.98	0.034350738
47	0.03246669
47.02	0.049756928
47.04	0.052635504
47.06	0.047141355
47.08	0.018904457
47.1	0.032484061
47.12	0.032534918
47.14	-0.023321043
47.16	-0.052432012
47.18	-0.069474563
47.2	-0.073129377
47.22	-0.082189574
47.24	-0.081740266
47.26	-0.092449078
47.28	-0.104444963
47.3	-0.091339573
47.32	-0.089636928
47.34	0.008774458
47.36	0.065764893
47.38	0.030013468
47.4	0.041693727
47.42	0.049298767
47.44	0.03390031
47.46	0.050900171
47.48	0.062083679
47.5	0.062983727
47.52	0.063782935
47.54	0.060026763
47.56	0.052369972
47.58	0.055779126
47.6	0.07590886
47.62	0.099971671
47.64	0.083185953
47.66	0.081518732
47.68	0.06380008
47.7	0.050432656
47.72	0.050586716
47.74	0.056348893
47.76	0.06437905
47.78	0.081241241
47.8	0.097305493
47.82	0.099588212
47.84	0.107016181
47.86	0.086086024
47.88	0.056560714
47.9	0.084624011
47.92	0.091798865
47.94	0.100428581
47.96	0.091917984
47.98	0.04988685
48	0.032207772
48.02	0.011879259
48.04	0.011115057
48.06	0.018733137
48.08	0.002132137
48.1	-0.003727737
48.12	-0.0018449
48.14	-0.006380785
48.16	-0.015436778
48.18	-0.017158861
48.2	-0.027354912
48.22	-0.034077689
48.24	-0.034315851
48.26	-0.029838796
48.28	-0.032395967
48.3	-0.030039595
48.32	-0.034222153
48.34	-0.036175195
48.36	-0.037955816
48.38	-0.049299566
48.4	-0.058695633
48.42	-0.056091649
48.44	-0.044376536
48.46	-0.039667862
48.48	-0.04549169
48.5	-0.057358856
48.52	-0.064849784
48.54	-0.069050374
48.56	-0.065455231
48.58	-0.062583101
48.6	-0.065948459
48.62	-0.063305745
48.64	-0.063760043
48.66	-0.06074951
48.68	-0.059119734
48.7	-0.065389604
48.72	-0.073975624
48.74	-0.07845602
48.76	-0.075891941
48.78	-0.048754959
48.8	0.028858112
48.82	0.028118238
48.84	0.03469379
48.86	0.021834516
48.88	0.028416848
48.9	0.033959005
48.92	0.044147228
48.94	0.047551759
48.96	0.043587774
48.98	0.046494196
49	0.048840824
49.02	0.051083202
49.04	0.042144556
49.06	0.036583777
49.08	0.018275674
49.1	-0.005973926
49.12	-0.00969842
49.14	-0.008411558
49.16	0.004541225
49.18	0.007522452
49.2	0.005549013
49.22	0.013151953
49.24	0.02593142
49.26	0.002204849
49.28	-0.007254698
49.3	-0.026139744
49.32	-0.016289921
49.34	-0.008806567
49.36	-0.014174179
49.38	-0.016087152
49.4	-0.011728729
49.42	-0.003198349
49.44	0.008993651
49.46	0.017948568
49.48	0.012631342
49.5	-0.002469443
49.52	-0.009484996
49.54	-0.025086332
49.56	-0.022127747
49.58	-0.031479895
49.6	-0.055858253
49.62	-0.063523724
49.64	-0.073232327
49.66	-0.064888775
49.68	-0.072785183
49.7	-0.077956033
49.72	-0.080430035
49.74	-0.078959695
49.76	-0.071977354
49.78	-0.059929386
49.8	-0.037273128
49.82	-0.029435246
49.84	-0.025419672
49.86	-0.02905942
49.88	-0.032187946
49.9	-0.041527984
49.92	-0.051268363
49.94	-0.040060218
49.96	-0.02126789
49.98	-0.007641809
50	-0.019913972
50.02	-0.022450451
50.04	-0.030818776
50.06	-0.018158679
50.08	-0.007187426
50.1	-0.001026293
50.12	0.001624362
50.14	0.008268446
50.16	0.015950644
50.18	0.024805
50.2	0.025787448
50.22	0.037439623
50.24	0.047280806
50.26	0.048164169
50.28	0.059723737
50.3	0.067699048
50.32	0.070344379
50.34	0.056731979
50.36	0.060011141
50.38	0.084713517
50.4	0.093264913
50.42	0.080578825
50.44	0.079969332
50.46	-0.063863647
50.48	-0.014029135
50.5	-0.003856186
50.52	-0.024077753
50.54	-0.017290524
50.56	0.002529278
50.58	0.032937563
50.6	0.005880922
50.62	-0.000877892
50.64	0.001998687
50.66	-0.002971906
50.68	-0.004032485
50.7	-0.007513333
50.72	-0.02059452
50.74	-0.017917235
50.76	-0.02087403
50.78	-0.02073553
50.8	-0.011016349
50.82	-0.014630072
50.84	-0.011124924
50.86	-0.011803647
50.88	-0.009403391
50.9	-0.010749673
50.92	-0.011769818
50.94	0.012960567
50.96	0.002519088
50.98	-0.004046668
51	-0.03835228
51.02	-0.037855166
51.04	-0.023389084
51.06	-0.026154242
51.08	-0.039795672
51.1	-0.046908806
51.12	-0.049357269
51.14	-0.046046311
51.16	-0.045856573
51.18	-0.046829678
51.2	-0.053678354
51.22	-0.048423321
51.24	-0.017568141
51.26	-0.007502901
51.28	0.009042665
51.3	-0.00877256
51.32	-0.023332561
51.34	-0.017721119
51.36	0.006002909
51.38	4.70795E-05
51.4	0.012144849
51.42	0.015191667
51.44	0.01842553
51.46	0.026786304
51.48	0.034977263
51.5	0.04229065
51.52	0.041877803
51.54	0.043678577
51.56	0.0490385
51.58	0.051326853
51.6	0.053519864
51.62	0.052538246
51.64	0.049015444
51.66	0.045596455
51.68	0.051639335
51.7	0.049263864
51.72	0.051322814
51.74	0.052424399
51.76	0.051787824
51.78	0.045849939
51.8	-0.004762947
51.82	-0.006254327
51.84	-0.009179208
51.86	0.003241653
51.88	-0.014088157
51.9	-0.04341155
51.92	-0.04101762
51.94	-0.038555745
51.96	-0.041936688
51.98	-0.041668192
52	-0.038065921
52.02	-0.036820225
52.04	-0.037450241
52.06	-0.017207305
52.08	0.008806685
52.1	0.008776818
52.12	-0.00199904
52.14	-0.015430985
52.16	-0.013982291
52.18	-0.021005524
52.2	-0.035275759
52.22	-0.056878865
52.24	-0.054637906
52.26	-0.053688559
52.28	-0.058428967
52.3	-0.058980984
52.32	-0.065798324
52.34	-0.055775603
52.36	-0.058322744
52.38	-0.062923616
52.4	-0.067181103
52.42	-0.067725531
52.44	-0.063675222
52.46	-0.059400929
52.48	-0.054845593
52.5	-0.060994843
52.52	-0.071299125
52.54	-0.078212232
52.56	-0.080025518
52.58	-0.073437275
52.6	-0.061728154
52.62	-0.017964739
52.64	0.016737345
52.66	0.011407709
52.68	0.008164282
52.7	0.005734481
52.72	0.01500245
52.74	0.030827798
52.76	0.022570998
52.78	0.022808876
52.8	0.025384176
52.82	0.026080935
52.84	0.022703101
52.86	0.022098377
52.88	0.033990513
52.9	0.050525935
52.92	0.048893579
52.94	0.057065126
52.96	0.065871536
52.98	0.078534948
53	0.087738323
53.02	0.091465144
53.04	0.093549209
53.06	0.089355283
53.08	0.091024181
53.1	0.095701854
53.12	0.096098626
53.14	0.088827071
53.16	0.082664227
53.18	0.074563491
53.2	0.065422835
53.22	0.047623993
53.24	0.042886275
53.26	0.019082423
53.28	0.013375307
53.3	-0.005565371
53.32	0.008747226
53.34	0.009092736
53.36	0.000743096
53.38	-0.002675228
53.4	0.007686264
53.42	0.016081673
53.44	0.021940662
53.46	0.022594294
53.48	0.017664366
53.5	0.024628429
53.52	0.024618332
53.54	0.037131777
53.56	0.041145429
53.58	0.066741232
53.6	0.059561529
53.62	0.045150909
53.64	0.042049589
53.66	-0.008958763
53.68	-0.012738307
53.7	-0.003774704
53.72	-0.026582061
53.74	-0.050400096
53.76	-0.046458928
53.78	-0.043496861
53.8	-0.046738124
53.82	-0.05339903
53.84	-0.043135803
53.86	-0.04299332
53.88	-0.049516842
53.9	-0.038035073
53.92	-0.043089222
53.94	-0.043491553
53.96	0.075851027
53.98	0.065738289
54	0.058842696
54.02	0.046464753
54.04	0.055338177
54.06	0.052426342
54.08	0.065458346
54.1	0.062020172
54.12	0.055682865
54.14	0.054979805
54.16	0.055321672
54.18	0.052484029
54.2	0.052585607
54.22	0.054262023
54.24	-0.002273888
54.26	0.001571685
54.28	0.013525096
54.3	0.014949975
54.32	0.006817158
54.34	0.001948067
54.36	0.001945268
54.38	0.008458802
54.4	-0.002442463
54.42	0.003158657
54.44	0.000447791
54.46	0.000187872
54.48	-0.003686495
54.5	-0.004471096
54.52	-0.013000186
54.54	-0.009412085
54.56	-0.000317965
54.58	0.000783017
54.6	0.006347068
54.62	0.006566812
54.64	-0.010648106
54.66	-0.021973435
54.68	-0.025916321
54.7	-0.023667241
54.72	-0.025809487
54.74	-0.02249139
54.76	-0.026536561
54.78	-0.025631558
54.8	-0.032556555
54.82	-0.035830836
54.84	-0.030066182
54.86	-0.013875066
54.88	-0.02463765
54.9	-0.03009485
54.92	-0.034979312
54.94	-0.030036907
54.96	-0.037813477
54.98	-0.053085623
55	-0.056601397
55.02	-0.060235636
55.04	-0.057113235
55.06	-0.056556314
55.08	-0.034218777
55.1	-0.03546883
55.12	-0.040369807
55.14	-0.033446637
55.16	0.010303258
55.18	0.002880824
55.2	-0.021316572
55.22	-0.024756639
55.24	-0.031391025
55.26	-0.019164376
55.28	-0.013530612
55.3	-0.013879048
55.32	-0.000283432
55.34	0.014945912
55.36	0.01651605
55.38	0.018882414
55.4	0.025791737
55.42	0.029740039
55.44	0.030234493
55.46	0.025341037
55.48	0.026421605
55.5	0.029145279
55.52	0.028179199
55.54	0.031769881
55.56	0.035152075
55.58	0.021416275
55.6	0.012543582
55.62	-0.001906641
55.64	-0.008582628
55.66	-0.030185396
55.68	-0.023409012
55.7	-0.021348575
55.72	-0.022897052
55.74	-0.027846611
55.76	-0.022473497
55.78	-0.020696701
55.8	-0.021847971
55.82	-0.023979596
55.84	-0.034789337
55.86	-0.045057027
55.88	-0.047390527
55.9	-0.04841713
55.92	-0.042216775
55.94	-0.042901759
55.96	-0.034805535
55.98	-0.025430006
56	0.015017241
56.02	-0.020470798
56.04	-0.024398949
56.06	-0.004365923
56.08	-0.002323324
56.1	-0.009753529
56.12	-0.0685393
56.14	-0.063070217
56.16	-0.061430171
56.18	-0.031755143
56.2	-0.037452656
56.22	-0.045324704
56.24	-0.041943959
56.26	-0.05407015
56.28	-0.054234277
56.3	-0.047248666
56.32	-0.05354705
56.34	-0.05687154
56.36	-0.041694699
56.38	-0.040832813
56.4	-0.036775153
56.42	-0.036877859
56.44	-0.05783896
56.46	-0.066061497
56.48	-0.056776646
56.5	-0.049294243
56.52	-0.018920351
56.54	-0.002978845
56.56	0.030683736
56.58	0.031108084
56.6	0.04019352
56.62	0.034326624
56.64	0.041102193
56.66	0.035907591
56.68	0.031454277
56.7	0.025901475
56.72	0.027295875
56.74	0.037333708
56.76	0.04407347
56.78	0.054019716
56.8	0.049762054
56.82	0.05085677
56.84	0.046877969
56.86	0.046302677
56.88	0.037692571
56.9	0.028639244
56.92	0.027680592
56.94	0.027249184
56.96	0.041540269
56.98	0.045639844
57	0.051519629
57.02	0.056001622
57.04	0.052847445
57.06	0.061089945
57.08	0.049653746
57.1	0.029078809
57.12	0.01720161
57.14	0.009607454
57.16	0.016358947
57.18	0.016340704
57.2	0.018254678
57.22	0.021512279
57.24	0.027897881
57.26	0.034981514
57.28	0.040634134
57.3	0.036550787
57.32	0.042762982
57.34	0.035448396
57.36	0.031254932
57.38	0.029921615
57.4	0.018978209
57.42	0.011996962
57.44	0.029560871
57.46	0.015517998
57.48	0.027360136
57.5	0.025940123
57.52	0.036358966
57.54	0.039284547
57.56	0.041045974
57.58	0.052137035
57.6	0.042174226
57.62	-0.005205616
57.64	-0.016454163
57.66	-0.015116915
57.68	-0.006452914
57.7	-0.016671399
57.72	-0.026084711
57.74	-0.01892137
57.76	-0.028065695
57.78	-0.022260811
57.8	-0.023520567
57.82	-0.031048066
57.84	-0.019671684
57.86	-0.01657368
57.88	-0.006656393
57.9	0.002589435
57.92	0.004124906
57.94	0.003943695
57.96	0.004395506
57.98	0.014975712
58	0.014896184
58.02	0.009293399
58.04	0.001078952
58.06	-0.008732057
58.08	0.009500906
58.1	0.032364222
58.12	0.045653459
58.14	0.037951125
58.16	0.031125049
58.18	0.022400391
58.2	0.019228735
58.22	-0.000702907
58.24	-0.012850809
58.26	-0.011552866
58.28	-0.004281347
58.3	-0.001072392
58.32	-0.002203377
58.34	0.000544799
58.36	0.009334489
58.38	-0.002180712
58.4	0.003032187
58.42	0.000713671
58.44	0.004174292
58.46	-0.00293069
58.48	0.006357835
58.5	0.002188313
58.52	-0.001116757
58.54	-0.001111439
58.56	-0.00312861
58.58	-0.003952271
58.6	-0.002205914
58.62	0.004313782
58.64	-0.00961669
58.66	-0.027899267
58.68	-0.036747929
58.7	-0.031018429
58.72	-0.006263336
58.74	-0.000483707
58.76	-0.00061975
58.78	-0.013479579
58.8	-0.02076257
58.82	-0.01154654
58.84	-0.008425618
58.86	-0.019243051
58.88	-0.01916781
58.9	-0.013521811
58.92	0.011896532
58.94	0.025504881
58.96	0.022950894
58.98	0.02827432
59	0.020591857
59.02	0.016398244
59.04	0.01059694
59.06	-0.0262928
59.08	-0.024344218
59.1	-0.027368161
59.12	-0.032544963
59.14	-0.034831567
59.16	-0.032742789
59.18	-0.023843841
59.2	-0.031416524
59.22	-0.031144928
59.24	-0.034226876
59.26	-0.031342858
59.28	-0.028691381
59.3	0.026308208
59.32	0.02021216
59.34	0.020121289
59.36	0.008678946
59.38	0.005796708
59.4	-0.000416326
59.42	-0.03220801
59.44	-0.025966769
59.46	-0.00998636
59.48	0.007043314
59.5	0.002231418
59.52	0.003745576
59.54	0.005317276
59.56	0.017206254
59.58	0.019387378
59.6	0.016699331
59.62	0.00382695
59.64	0.003153465
59.66	-0.006024989
59.68	0.009343416
59.7	-0.007257242
59.72	-0.012776507
59.74	-0.021567275
59.76	-0.02215155
59.78	-0.0255919
59.8	-0.02417746
59.82	-0.007453456
59.84	0.01784368
59.86	-0.002955477
59.88	0.009045092
59.9	0.007107947
59.92	0.001938158
59.94	0.000264954
59.96	0.011076602
59.98	0.010454231
60	-0.001786912
60.02	-0.004602845
60.04	-0.021052841
60.06	-0.024567972
60.08	-0.025132291
60.1	-0.025923687
60.12	-0.029142861
60.14	-0.026218554
60.16	-0.015165474
60.18	-0.009386402
60.2	-0.006419059
60.22	-0.010897058
60.24	-0.012513051
60.26	-0.013104479
60.28	-0.010052352
60.3	-0.01096774
60.32	-0.008792601
60.34	-0.012733148
60.36	-0.01115585
60.38	-0.015839271
60.4	-0.015297275
60.42	-0.013738575
60.44	-0.009686819
60.46	-0.007101343
60.48	-0.008607632
60.5	-0.002920157
60.52	0.009958873
60.54	0.011451242
60.56	0.020203335
60.58	0.023078442
60.6	0.028181696
60.62	0.028644774
60.64	0.024343323
60.66	0.017752886
60.68	0.015205888
60.7	0.001213362
60.72	-0.008349192
60.74	0.000219327
60.76	-0.001144834
60.78	-0.005475276
60.8	-0.001708629
60.82	-2.35235E-05
60.84	0.004969451
60.86	0.006640371
60.88	0.018594267
60.9	0.018662709
60.92	0.015766441
60.94	0.019453176
60.96	0.017829716
60.98	0.022414395
61	0.04114968
61.02	0.035783093
61.04	0.024817989
61.06	0.003301688
61.08	0.00350585
61.1	0.010800467
61.12	0.008196753
61.14	0.020347064
61.16	0.01813162
61.18	0.012654305
61.2	0.012857734
61.22	0.014171515
61.24	0.011007455
61.26	0.020585717
61.28	0.032179561
61.3	0.031102174
61.32	0.03778816
61.34	0.048391166
61.36	0.04860597
61.38	0.033031293
61.4	0.030395857
61.42	0.026528594
61.44	0.019376871
61.46	0.022942883
61.48	0.003731203
61.5	-0.005282354
61.52	-0.002652265
61.54	-0.008952339
61.56	-0.009994452
61.58	-0.013910069
61.6	-0.013634306
61.62	-0.020522231
61.64	-0.011598742
61.66	-0.006578901
61.68	-0.011350429
61.7	-0.007489239
61.72	-0.009275529
61.74	-0.014687702
61.76	-0.01638271
61.78	-0.014826196
61.8	-0.012938326
61.82	0.011646415
61.84	0.029600286
61.86	0.02850671
61.88	0.024156091
61.9	0.025477835
61.92	0.02846175
61.94	0.02413725
61.96	0.020797064
61.98	0.023729315
62	0.025413399
62.02	0.028262655
62.04	0.032021862
62.06	0.028744318
62.08	0.02519292
62.1	0.018567703
62.12	0.013428826
62.14	0.007268076
62.16	-0.01289787
62.18	-0.019590657
62.2	-0.005870308
62.22	-0.00955224
62.24	-0.013534091
62.26	-0.017382563
62.28	-0.018780816
62.3	-0.023085682
62.32	-0.022759882
62.34	-0.033091528
62.36	-0.028120897
62.38	-0.029412228
62.4	-0.036540068
62.42	-0.024196972
62.44	-0.016252569
62.46	0.006563766
62.48	0.024713761
62.5	0.023302946
62.52	0.006814925
62.54	0.005843094
62.56	-0.000501852
62.58	-0.003874892
62.6	-0.013042194
62.62	-0.009771498
62.64	-0.00019237
62.66	0.012158759
62.68	0.02741345
62.7	0.030671844
62.72	0.040890185
62.74	0.038740878
62.76	0.038726452
62.78	0.031783251
62.8	-0.022278575
62.82	0.005122075
62.84	0.004471089
62.86	0.009211504
62.88	0.025693447
62.9	0.020065841
62.92	0.021455366
62.94	0.013477079
62.96	0.011402048
62.98	0.004416417
63	-0.003685689
63.02	-0.002220638
63.04	0.001248095
63.06	0.014933837
63.08	0.009541975
63.1	-0.00151377
63.12	-0.006689788
63.14	-0.01636299
63.16	-0.037046754
63.18	-0.040619846
63.2	-0.032931848
63.22	-0.02217535
63.24	0.044880474
63.26	0.027484098
63.28	0.03121844
63.3	0.030463322
63.32	0.029587356
63.34	0.027486269
63.36	0.019207462
63.38	0.0081201
63.4	-0.00393543
63.42	-0.004285164
63.44	-0.007076108
63.46	-0.01091616
63.48	-0.013999313
63.5	-0.022559556
63.52	-0.024220425
63.54	-0.026013741
63.56	-0.026870925
63.58	-0.021402555
63.6	-0.016424505
63.62	-0.025841656
63.64	-0.025074483
63.66	-0.025321568
63.68	-0.022860524
63.7	-0.014477666
63.72	-0.019884021
63.74	-0.027775533
63.76	-0.040679637
63.78	-0.069460909
63.8	-0.072777146
63.82	-0.092022689
63.84	-0.089570731
63.86	-0.081579394
63.88	-0.080268884
63.9	-0.078971113
63.92	-0.071067042
63.94	-0.055196901
63.96	-0.028523659
63.98	-0.004763545
64	0.000709341
64.02	-0.00542677
64.04	-0.008468316
64.06	-0.003836674
64.08	-0.000886399
64.1	-0.006168817
64.12	-0.001796087
64.14	-0.004918401
64.16	-0.007239823
64.18	-0.001005985
64.2	0.008350111
64.22	0.004229426
64.24	-0.005263124
64.26	-0.030970588
64.28	-0.049141543
64.3	-0.068725509
64.32	-0.063818696
64.34	-0.047515571
64.36	-0.025574839
64.38	-0.020698872
64.4	-0.009218199
64.42	0.006240185
64.44	0.013612377
64.46	0.013039104
64.48	0.005252236
64.5	0.012910063
64.52	0.01054161
64.54	0.012858019
64.56	0.013249224
64.58	0.024440914
64.6	0.020908839
64.62	-0.014222746
64.64	-0.044694363
64.66	-0.039518423
64.68	-0.026910974
64.7	-0.00983115
64.72	-0.007772285
64.74	-0.005556253
64.76	0.000558438
64.78	-0.002263827
64.8	0.001715692
64.82	0.006488912
64.84	0.004670872
64.86	0.009078004
64.88	0.009872079
64.9	0.012725257
64.92	0.019036006
64.94	-0.005847911
64.96	-0.019442239
64.98	-0.032370476
65	-0.048809542
65.02	-0.047007604
65.04	-0.041626126
65.06	-0.040023969
65.08	-0.037312249
65.1	-0.033885624
65.12	-0.030014665
65.14	-0.021892065
65.16	-0.018421827
65.18	-0.019727411
65.2	-0.002130824
65.22	0.006866113
65.24	0.008258241
65.26	0.016010231
65.28	0.016099505
65.3	0.02477813
65.32	0.018100889
65.34	0.011885598
65.36	0.013037525
65.38	0.013453324
65.4	0.014425285
65.42	0.004256592
65.44	0.006104487
65.46	0.009310036
65.48	0.011766393
65.5	0.033445555
65.52	0.039609865
65.54	0.030971278
65.56	0.029409
65.58	0.014585821
65.6	0.0011868
65.62	-0.003248629
65.64	0.004834057
65.66	-0.000761532
65.68	-0.011692446
65.7	-0.01268904
65.72	-0.027820195
65.74	-0.025838175
65.76	-0.031362374
65.78	-0.027567255
65.8	-0.019713587
65.82	-0.018754942
65.84	-0.015513555
65.86	0.013378314
65.88	0.003802104
65.9	0.016816528
65.92	0.028401932
65.94	0.026038698
65.96	0.033829141
65.98	0.036284012
66	0.019710656
66.02	0.017512411
66.04	0.007867057
66.06	0.013966926
66.08	-0.043535281
66.1	-0.038613843
66.12	-0.016039712
66.14	-0.005681249
66.16	-0.015284883
66.18	-0.016795928
66.2	-0.012273931
66.22	0.004929579
66.24	0.00208895
66.26	0.024752729
66.28	0.017571272
66.3	0.025263871
66.32	0.029669293
66.34	0.034233057
66.36	0.03237317
66.38	0.027800049
66.4	0.035480333
66.42	0.022659475
66.44	0.014046783
66.46	0.01331934
66.48	0.024826147
66.5	0.020348074
66.52	0.024481227
66.54	0.022342846
66.56	0.0389347
66.58	0.040979399
66.6	0.037061745
66.62	0.030423899
66.64	0.031282487
66.66	0.025960925
66.68	0.039490035
66.7	0.04768934
66.72	0.058756306
66.74	0.041961066
66.76	0.023783981
66.78	0.03072391
66.8	0.038286133
66.82	0.035567599
66.84	0.036436147
66.86	0.031428312
66.88	0.023481058
66.9	0.025873899
66.92	0.028312266
66.94	0.03120528
66.96	-0.001464478
66.98	0.013722725
67	0.0055622
67.02	0.007291507
67.04	0.031185312
67.06	0.034757113
67.08	0.031072626
67.1	0.028109046
67.12	0.021257009
67.14	0.012240837
67.16	-0.000334435
67.18	-1.6947E-05
67.2	-0.00049983
67.22	0.01722892
67.24	0.019022563
67.26	0.019835015
67.28	0.020418707
67.3	0.008742979
67.32	0.001295652
67.34	0.001968033
67.36	0.001728251
67.38	0.003280269
67.4	0.006508263
67.42	0.003726935
67.44	0.003635464
67.46	0.00790971
67.48	0.001447572
67.5	-0.009137708
67.52	-0.023443696
67.54	-0.026353264
67.56	-0.022462996
67.58	-0.010035165
67.6	-0.003241292
67.62	-0.002040423
67.64	-0.002944807
67.66	-0.00549511
67.68	-0.007967881
67.7	-0.010695103
67.72	-0.015733879
67.74	-0.018056918
67.76	-0.017949276
67.78	-0.012477848
67.8	0.006062743
67.82	0.003824698
67.84	0.029336771
67.86	0.039188579
67.88	0.039531359
67.9	0.045700304
67.92	0.049222355
67.94	0.04493822
67.96	0.038131483
67.98	0.029053056
68	-0.056373371
68.02	-0.041620331
68.04	-0.024217208
68.06	-0.024159068
68.08	-0.02659842
68.1	-0.031225935
68.12	-0.034325982
68.14	-0.030280401
68.16	-0.020716909
68.18	-0.012371424
68.2	-0.012255021
68.22	-0.001776897
68.24	-0.004738751
68.26	0.002763166
68.28	0.001072391
68.3	0.005407966
68.32	0.013330267
68.34	0.023540359
68.36	0.024665736
68.38	0.014811047
68.4	-0.003625393
68.42	-0.003663259
68.44	0.000856312
68.46	0.002465987
68.48	0.003772538
68.5	0.008458336
68.52	0.011552419
68.54	0.017090683
68.56	0.009423768
68.58	-0.033701825
68.6	-0.030896005
68.62	-0.0156739
68.64	-0.009649402
68.66	-0.001939567
68.68	-7.85294E-05
68.7	-0.00028255
68.72	-0.010705017
68.74	-0.017859806
68.76	-0.020342639
68.78	-0.021915624
68.8	-0.026016749
68.82	-0.012764266
68.84	-0.021129309
68.86	-0.023196488
68.88	-0.021453128
68.9	-0.018916901
68.92	-0.013607361
68.94	-0.025835895
68.96	-0.040337447
68.98	-0.046297046
69	-0.052441134
69.02	0.007503373
69.04	-0.004769331
69.06	-0.00865543
69.08	-0.008945725
69.1	-0.010611859
69.12	-0.002512325
69.14	0.002519282
69.16	0.006554709
69.18	0.005407513
69.2	-0.000235283
69.22	-0.005638816
69.24	-0.006079189
69.26	0.003850855
69.28	0.007077767
69.3	0.00946118
69.32	0.014841548
69.34	0.020197962
69.36	0.018451148
69.38	0.009241183
69.4	0.007512872
69.42	0.011890869
69.44	-0.018848604
69.46	-0.00559894
69.48	-0.01064813
69.5	-0.009548306
69.52	-0.012265694
69.54	-0.017898112
69.56	-0.018392878
69.58	-0.020574705
69.6	-0.021122843
69.62	-0.018633282
69.64	-0.015707103
69.66	-0.015698408
69.68	-0.010508515
69.7	-0.004558396
69.72	0.012603918
69.74	0.008795519
69.76	0.014665419
69.78	0.002268758
69.8	0.003852565
69.82	0.002475176
69.84	0.006806392
69.86	0.008300976
69.88	0.007763659
69.9	0.004955447
69.92	0.004707607
69.94	0.014528444
69.96	0.024839698
69.98	0.019593497
70	0.022948423
70.02	0.015106075
70.04	-0.027019023
70.06	-0.007201845
70.08	-0.004763083
70.1	-0.01573753
70.12	-0.015712171
70.14	-0.023019238
70.16	-0.023376265
70.18	-0.022788007
70.2	-0.017488061
70.22	-0.012487501
70.24	-0.006309339
70.26	0.021678751
70.28	0.017810144
70.3	0.010310101
70.32	0.011983114
70.34	0.018750633
70.36	0.028399127
70.38	0.019116841
70.4	0.004630047
70.42	0.001841372
70.44	-0.006734892
70.46	0.001991002
70.48	0.005328387
70.5	0.005806725
70.52	0.009667868
70.54	0.013626
70.56	0.01297809
70.58	0.015116864
70.6	0.023664394
70.62	0.035316288
70.64	0.026414415
70.66	0.023364265
70.68	0.030152645
70.7	0.028319921
70.72	0.026797191
70.74	0.027416886
70.76	0.031773796
70.78	0.025893648
70.8	0.030975802
70.82	0.018011311
70.84	0.01883177
70.86	0.014901592
70.88	0.018421372
70.9	0.012789308
70.92	-0.011316957
70.94	-0.015039115
70.96	-0.012580522
70.98	-0.008957646
71	-0.00959369
71.02	-0.017457301
71.04	-0.017216133
71.06	-0.015081283
71.08	-0.016164414
71.1	-0.01612211
71.12	-0.01367713
71.14	-0.014217096
71.16	-0.006994393
71.18	0.001911374
71.2	0.004729808
71.22	0.006937224
71.24	-0.001770749
71.26	-0.009265963
71.28	-0.0313651
71.3	-0.026187101
71.32	-0.018683741
71.34	-0.018574022
71.36	-0.016815184
71.38	-0.012912482
71.4	-0.005775978
71.42	-0.015505872
71.44	-0.012768228
71.46	0.000852995
71.48	-0.005837858
71.5	-0.014920217
71.52	-0.020587512
71.54	-0.020528192
71.56	-0.018043681
71.58	-0.023892586
71.6	-0.030434444
71.62	-0.0372908
71.64	-0.031542248
71.66	-0.03439575
71.68	-0.039027113
71.7	-0.037707794
71.72	-0.032974582
71.74	-0.035577653
71.76	-0.015288069
71.78	-0.000173279
71.8	0.009404306
71.82	0.00866705
71.84	0.001315744
71.86	-0.0043164
71.88	-0.006254641
71.9	-0.001961762
71.92	-0.001327743
71.94	-0.00574575
71.96	-0.002146617
71.98	-0.007252723
72	-0.002267475
72.02	-0.008710225
72.04	-0.008384321
72.06	-0.009470057
72.08	-0.011153244
72.1	-0.009785691
72.12	-0.002192143
72.14	-0.003250571
72.16	0.008901341
72.18	0.018256591
72.2	-0.00308302
72.22	-0.019903909
72.24	-0.011868314
72.26	-0.003483494
72.28	-0.004233586
72.3	-0.007059824
72.32	-0.015719566
72.34	-0.014325327
72.36	-0.024441685
72.38	-0.022373447
72.4	-0.02948227
72.42	-0.031091378
72.44	-0.026817246
72.46	-0.025124245
72.48	-0.023506362
72.5	-0.020780745
72.52	-0.015557519
72.54	0.013039093
72.56	-0.001849589
72.58	-0.006791454
72.6	-0.001961069
72.62	-0.007276458
72.64	-0.008411131
72.66	-0.013340827
72.68	-0.016939154
72.7	-0.031250238
72.72	-0.029817107
72.74	-0.019160474
72.76	-0.02074777
72.78	-0.020390646
72.8	-0.017158573
72.82	-0.009933923
72.84	0.004190713
72.86	0.015893179
72.88	0.003385697
72.9	-0.010342474
72.92	-0.018469498
72.94	-0.021707515
72.96	-0.019435528
72.98	-0.022073673
73	-0.02084303
73.02	-0.023174111
73.04	-0.02183689
73.06	-0.024498864
73.08	-0.021399093
73.1	-0.00097818
73.12	-0.006985933
73.14	-0.000841546
73.16	0.011642864
73.18	0.018493712
73.2	0.02382765
73.22	0.022546926
73.24	0.013148374
73.26	0.004462258
73.28	0.006362693
73.3	0.000144779
73.32	-0.001504864
73.34	-0.01065338
73.36	-0.00365839
73.38	-0.000466139
73.4	0.004344581
73.42	0.008165973
73.44	0.01338709
73.46	0.012494303
73.48	0.011969548
73.5	0.005081921
73.52	0.001318381
73.54	-0.002636446
73.56	-0.004049465
73.58	-0.002186443
73.6	-0.002016876
73.62	-0.006597979
73.64	-0.008891276
73.66	0.004405558
73.68	0.014279009
73.7	0.019348412
73.72	0.009257475
73.74	0.006683489
73.76	0.008586652
73.78	0.004825881
73.8	0.003992092
73.82	0.002358434
73.84	0.000485523
73.86	-0.003579194
73.88	-0.001657789
73.9	-0.01102821
73.92	-0.009693913
73.94	-0.003422378
73.96	0.007217416
73.98	0.01716403
74	0.007043554
74.02	0.005231184
74.04	0.005264333
74.06	0.000950044
74.08	0.004695417
74.1	0.003414106
74.12	0.005916233
74.14	0.00622898
74.16	0.003211278
74.18	0.007599882
74.2	0.002055259
74.22	0.002850276
74.24	0.004321529
74.26	0.019790305
74.28	0.020052547
74.3	0.021153345
74.32	0.020760531
74.34	0.021786826
74.36	0.01849592
74.38	0.011226473
74.4	0.011504723
74.42	0.016001665
74.44	0.015862832
74.46	0.01335384
74.48	0.023206458
74.5	0.025715467
74.52	0.026470368
74.54	0.029487401
74.56	0.030717139
74.58	0.029395458
74.6	0.029877057
74.62	0.016191074
74.64	0.017914452
74.66	0.020378457
74.68	0.025675923
74.7	0.025789895
74.72	-0.015759616
74.74	-0.002559868
74.76	-0.002097433
74.78	-0.004466342
74.8	-0.004637145
74.82	-0.003522169
74.84	0.007046239
74.86	0.014270062
74.88	0.009247181
74.9	0.012389
74.92	0.019756766
74.94	0.019984014
74.96	0.016227786
74.98	0.011621413
75	0.004382326
75.02	0.007821758
75.04	0.006244235
75.06	0.006814988
75.08	0.009699445
75.1	0.006526237
75.12	0.005314772
75.14	0.00185075
75.16	0.012272256
75.18	0.016984909
75.2	0.017526048
75.22	0.012100002
75.24	0.003088046
75.26	0.00489606
75.28	0.00348745
75.3	0.006046352
75.32	-5.66967E-05
75.34	-0.007374478
75.36	-0.014984423
75.38	-0.018139042
75.4	-0.015579699
75.42	-0.011304164
75.44	-0.004051433
75.46	0.000793744
75.48	-0.003357108
75.5	-0.003795438
75.52	-0.008307204
75.54	-0.005825302
75.56	-0.00426233
75.58	-0.004232151
75.6	-0.005146213
75.62	0.017724553
75.64	0.005374733
75.66	0.007877288
75.68	0.008716472
75.7	0.013588578
75.72	0.016620526
75.74	0.016844953
75.76	0.011713101
75.78	0.007502944
75.8	0.00782807
75.82	0.011462021
75.84	0.015295367
75.86	0.012535803
75.88	0.011348699
75.9	0.009578791
75.92	0.014487519
75.94	0.020531817
75.96	0.032500625
75.98	0.034049176
76	0.023631662
76.02	0.02110193
76.04	0.016962785
76.06	0.006631275
76.08	-0.012984951
76.1	-0.009054674
76.12	-0.008997351
76.14	-0.003069032
76.16	-0.002652303
76.18	-0.005972495
76.2	-0.007833335
76.22	-0.010527167
76.24	-0.01146078
76.26	-0.008870952
76.28	-0.000643097
76.3	0.014672938
76.32	0.023468533
76.34	0.019227272
76.36	0.01286066
76.38	0.001071328
76.4	-0.011852375
76.42	-0.012552077
76.44	-0.006164771
76.46	0.012001019
76.48	0.020794852
76.5	0.021470963
76.52	0.018895508
76.54	0.023678435
76.56	0.019059723
76.58	0.00602316
76.6	-0.001908401
76.62	-0.007052722
76.64	-0.001904837
76.66	-0.00716752
76.68	-0.006238114
76.7	-0.008424307
76.72	-0.012623352
76.74	-0.031388918
76.76	-0.024392473
76.78	-0.025288379
76.8	-0.017883905
76.82	-0.016816659
76.84	-0.022017875
76.86	-0.017591934
76.88	-0.017364447
76.9	-0.017078586
76.92	-0.019956352
76.94	-0.017134598
76.96	-0.020084143
76.98	-0.02000303
77	-0.010203556
77.02	-0.009675894
77.04	-0.00714643
77.06	-0.010132457
77.08	0.002839745
77.1	0.01885106
77.12	0.014408541
77.14	0.014558857
77.16	0.014966685
77.18	0.009835845
77.2	0.007393477
77.22	0.006444697
77.24	-0.002145575
77.26	-0.00399505
77.28	-0.006002612
77.3	-0.005522024
77.32	-0.003381409
77.34	-0.000804669
77.36	0.003072206
77.38	0.004313634
77.4	-0.003338727
77.42	-0.001878034
77.44	-0.015552712
77.46	-0.018778024
77.48	-0.022079396
77.5	-0.025223533
77.52	-0.021940584
77.54	-0.017349196
77.56	-0.011659878
77.58	-0.005214786
77.6	-0.00357702
77.62	-0.009628497
77.64	-0.014262458
77.66	-0.020536256
77.68	-0.019758847
77.7	-0.011045201
77.72	-0.001767355
77.74	0.002968122
77.76	-0.000112049
77.78	-0.00461998
77.8	-0.003656122
77.82	-0.004330656
77.84	-0.008424355
77.86	-0.004830606
77.88	0.003185868
77.9	0.011697032
77.92	0.021597383
77.94	0.010752203
77.96	0.00991326
77.98	0.008096817
78	0.002257148
78.02	0.003144924
78.04	0.001618704
78.06	-0.001354333
78.08	-0.01122342
78.1	-0.018284207
78.12	-0.023320071
78.14	-0.028790487
78.16	-0.033165636
78.18	-0.033416728
78.2	-0.031441808
78.22	-0.029079729
78.24	-0.027680431
78.26	-0.025100579
78.28	-0.020046332
78.3	-0.008706337
78.32	0.009404846
78.34	0.010533511
78.36	0.00965695
78.38	0.013059461
78.4	0.018138604
78.42	0.015299997
78.44	0.017037115
78.46	0.014458559
78.48	0.009521515
78.5	0.004965242
78.52	0.003688099
78.54	0.007359559
78.56	0.006039239
78.58	0.008105634
78.6	0.007778071
78.62	0.003446579
78.64	-0.000837502
78.66	0.005913564
78.68	0.006698079
78.7	0.015692494
78.72	0.012679786
78.74	0.00562029
78.76	-0.007440426
78.78	-0.009223846
78.8	-0.011310097
78.82	-0.011792015
78.84	-0.012803145
78.86	-0.012000854
78.88	-0.010758382
78.9	-0.011267199
78.92	-0.01026095
78.94	-0.003321674
78.96	0.005565351
78.98	0.009922939
79	0.012755613
79.02	0.001960034
79.04	0.003049327
79.06	-0.002083369
79.08	-0.014588488
79.1	-0.018338463
79.12	-0.013927799
79.14	-0.005267787
79.16	-0.005470872
79.18	-0.005013026
79.2	-0.005935412
79.22	-0.006648265
79.24	0.002848544
79.26	0.008851106
79.28	0.007794859
79.3	0.011040685
79.32	0.002819371
79.34	-0.0044896
79.36	-0.008840295
79.38	-0.008029038
79.4	-0.007730825
79.42	-0.004003724
79.44	0.004054893
79.46	0.003859912
79.48	0.011277277
79.5	0.008040721
79.52	0.012123654
79.54	0.010571072
79.56	0.003671209
79.58	0.004531697
79.6	0.001754379
79.62	0.007722663
79.64	0.008529932
79.66	0.002006248
79.68	-0.005659713
79.7	-0.00455896
79.72	-0.01047552
79.74	-0.009380384
79.76	-0.002794644
79.78	0.014112113
79.8	0.011327161
79.82	0.01939003
79.84	0.030735474
79.86	0.022093438
79.88	0.021359608
79.9	0.018651617
79.92	0.027568743
79.94	0.019964143
79.96	0.02557524
79.98	0.016503536
80	0.008637162
80.02	-0.002430782
80.04	-0.00454101
80.06	-0.001444095
80.08	0.002018983
80.1	0.002715173
80.12	0.004547294
80.14	0.008776758
80.16	0.012735427
80.18	0.01374766
80.2	0.006701558
80.22	0.004680501
80.24	0.00574579
80.26	0.006338041
80.28	0.008781503
80.3	0.008481946
80.32	0.009330805
80.34	0.003418253
80.36	0.018229537
80.38	0.008342155
80.4	0.013885741
80.42	0.016263954
80.44	0.010795859
80.46	0.009691625
80.48	0.009924618
80.5	0.00444721
80.52	-0.002110035
80.54	-0.004419885
80.56	-0.006029024
80.58	-0.005978639
80.6	-0.016147443
80.62	-0.020129336
80.64	-0.021527763
80.66	-0.020901727
80.68	-0.016568086
80.7	-0.009842799
80.72	-0.008323601
80.74	0.006742746
80.76	0.008488771
80.78	0.010707215
80.8	-0.004626574
80.82	-0.010700784
80.84	-0.01477258
80.86	0.001830156
80.88	0.023683196
80.9	0.012017921
80.92	0.010770293
80.94	0.013608317
80.96	0.016313055
80.98	0.009352551
81	-0.000692932
81.02	-0.001417203
81.04	-0.00354881
81.06	-0.003139636
81.08	-0.00280447
81.1	-0.002935555
81.12	-0.014008459
81.14	-0.011923468
81.16	-0.016107539
81.18	-0.010629041
81.2	-0.005771501
81.22	-0.009914634
81.24	-0.014207361
81.26	-0.014176566
81.28	-0.006704101
81.3	-0.003346334
81.32	-0.000538957
81.34	-0.001061961
81.36	-0.000691051
81.38	-0.007092502
81.4	-0.00900272
81.42	-0.010692599
81.44	-0.013287072
81.46	-0.000234397
81.48	0.004678661
81.5	0.009088874
81.52	0.000289918
81.54	0.001519523
81.56	0.000269573
81.58	-0.00139434
81.6	-0.002729256
81.62	-0.004338054
81.64	-0.00784106
81.66	-0.005985727
81.68	-0.007056364
81.7	-0.001599682
81.72	-0.008444183
81.74	-0.008983387
81.76	-0.013287859
81.78	-0.004746397
81.8	0.002556704
81.82	0.001564524
81.84	-1.49057E-06
81.86	-0.001648346
81.88	-0.004066272
81.9	-0.003625747
81.92	-0.00336459
81.94	-0.006139526
81.96	-0.010673843
81.98	-0.011195227
82	-0.010436457
82.02	-0.013965319
82.04	-0.022367545
82.06	-0.019870451
82.08	-0.021464592
82.1	-0.017367787
82.12	-0.010390133
82.14	-0.005591164
82.16	-0.000245271
82.18	-0.002621643
82.2	-0.005959851
82.22	-0.005530571
82.24	0.002290708
82.26	0.008239206
82.28	0.009719454
82.3	0.010158458
82.32	0.012556541
82.34	0.013240276
82.36	0.01010267
82.38	0.011491216
82.4	0.008482586
82.42	0.004057262
82.44	0.005040512
82.46	0.00499346
82.48	0.006815375
82.5	0.006022134
82.52	0.006328283
82.54	-0.002350144
82.56	-0.002855693
82.58	0.004676665
82.6	-0.001326481
82.62	-0.01086264
82.64	-0.019019391
82.66	-0.018500823
82.68	-0.017937884
82.7	-0.017820794
82.72	-0.018348508
82.74	-0.019756559
82.76	-0.016886161
82.78	-0.011165992
82.8	-0.00607421
82.82	-0.006634614
82.84	-0.00252588
82.86	-0.000725725
82.88	0.00606595
82.9	0.005080415
82.92	0.008291494
82.94	0.006592123
82.96	0.004469021
82.98	0.003434443
83	0.00020541
83.02	-0.002278962
83.04	-0.005143513
83.06	-0.012374471
83.08	-0.009239765
83.1	-0.00828864
83.12	-0.011590798
83.14	-0.007655648
83.16	0.004263086
83.18	0.012695329
83.2	0.023183254
83.22	0.021800827
83.24	0.022563262
83.26	0.019726186
83.28	0.013093117
83.3	-0.004545716
83.32	-0.009151821
83.34	-0.014241683
83.36	-0.017359363
83.38	-0.017812938
83.4	-0.015140153
83.42	-0.003055564
83.44	-0.000924949
83.46	-0.003680495
83.48	-0.003769148
83.5	-0.000635173
83.52	0.008436858
83.54	0.008266263
83.56	0.010760967
83.58	0.009244135
83.6	0.006933105
83.62	0.00440498
83.64	-0.009203733
83.66	-0.005149315
83.68	-0.012166476
83.7	-0.010507191
83.72	-0.003650054
83.74	0.011903917
83.76	0.023452184
83.78	0.018003918
83.8	0.02511886
83.82	0.026536517
83.84	0.027065289
83.86	0.034677416
83.88	0.03385153
83.9	0.020580238
83.92	0.031606632
83.94	0.030493929
83.96	0.02603039
83.98	0.001764805
84	-0.008141844
84.02	-0.008802129
84.04	-0.007122265
84.06	-0.00249107
84.08	-0.007681386
84.1	-0.009561843
84.12	-0.002947429
84.14	-0.003655131
84.16	-0.004456164
84.18	0.00085138
84.2	0.004589776
84.22	0.011766037
84.24	0.009742307
84.26	0.008059112
84.28	0.011726294
84.3	0.016331649
84.32	0.013744562
84.34	0.007137904
84.36	0.016477531
84.38	0.01723562
84.4	0.015425317
84.42	0.014407156
84.44	0.012762414
84.46	0.015010968
84.48	0.012426745
84.5	0.01050122
84.52	0.007137022
84.54	-0.008763535
84.56	-0.001360282
84.58	-0.003085924
84.6	-0.002811685
84.62	-0.002588792
84.64	-0.000695624
84.66	0.00416499
84.68	0.006986184
84.7	0.004740622
84.72	0.005095518
84.74	-0.001415339
84.76	-0.004986797
84.78	-0.011537027
84.8	-0.014776331
84.82	-0.018004704
84.84	-0.022457074
84.86	-0.021677792
84.88	-0.025191235
84.9	-0.002647492
84.92	0.00140062
84.94	0.0011152
84.96	0.006139131
84.98	0.004842106
85	0.010964789
85.02	0.005876134
85.04	0.009815412
85.06	0.012106312
85.08	0.004753168
85.1	-0.014847467
85.12	-0.009208099
85.14	-0.014275041
85.16	-0.013958816
85.18	-0.016511369
85.2	-0.01899802
85.22	-0.017290276
85.24	0.008378367
85.26	0.013282842
85.28	0.013004365
85.3	0.011695229
85.32	0.007329786
85.34	0.005000451
85.36	-0.002392146
85.38	-0.005044434
85.4	-0.005943251
85.42	-0.010999349
85.44	-0.019721773
85.46	-0.028842685
85.48	-0.026100687
85.5	-0.023213141
85.52	-0.020788644
85.54	-0.023997165
85.56	-0.02000325
85.58	-0.016548001
85.6	-0.014120365
85.62	-0.011647731
85.64	0.014880898
85.66	0.005353254
85.68	0.004135071
85.7	0.003511052
85.72	0.000947164
85.74	0.001668973
85.76	0.002038943
85.78	-0.004811914
85.8	-0.007211223
85.82	-0.00616251
85.84	-0.002447749
85.86	0.002289984
85.88	-0.000863524
85.9	-0.00107961
85.92	0.002053133
85.94	0.003812707
85.96	0.002455708
85.98	0.007895397
86	-0.01298857
86.02	-0.005559724
86.04	-0.013235242
86.06	-0.013258158
86.08	-0.010476922
86.1	-0.013307662
86.12	-0.017847477
86.14	-0.017080438
86.16	-0.016125498
86.18	-0.016369701
86.2	-0.019210769
86.22	-0.014729398
86.24	0.001445012
86.26	0.005466013
86.28	0.008361174
86.3	0.010111256
86.32	0.006471879
86.34	-5.20891E-05
86.36	0.000329919
86.38	-0.009362813
86.4	-0.014187767
86.42	-0.011955681
86.44	-0.008187597
86.46	-0.002514809
86.48	0.003281857
86.5	0.005091293
86.52	0.002549089
86.54	-0.006984739
86.56	-0.008301183
86.58	-0.020059427
86.6	-0.014590599
86.62	-0.017894682
86.64	-0.017550022
86.66	-0.008416825
86.68	-0.006829952
86.7	-0.006451326
86.72	-0.005619232
86.74	-0.006193312
86.76	-0.00706082
86.78	-0.004012699
86.8	0.003020128
86.82	0.011255661
86.84	0.012543554
86.86	0.013009492
86.88	0.009199424
86.9	0.005220904
86.92	-0.001394832
86.94	-0.007024858
86.96	-0.011001549
86.98	-0.008571822
87	-0.00893572
87.02	-0.006053495
87.04	0.008630253
87.06	-0.000489927
87.08	-0.002534765
87.1	-0.006322876
87.12	-0.008414199
87.14	-0.00212838
87.16	0.00382032
87.18	0.015784183
87.2	0.013195924
87.22	0.007136552
87.24	0.004224262
87.26	0.002286051
87.28	-0.002610601
87.3	-0.004138101
87.32	0.000447059
87.34	0.003779151
87.36	0.007772061
87.38	0.011946621
87.4	0.014516322
87.42	0.016679888
87.44	0.019568045
87.46	0.016052653
87.48	0.0151542
87.5	0.014078175
87.52	0.018505596
87.54	0.015552124
87.56	0.012748742
87.58	0.002456057
87.6	-0.008902053
87.62	0.004488768
87.64	0.002940907
87.66	0.004623594
87.68	0.008359141
87.7	0.011544384
87.72	0.014832132
87.74	0.014360718
87.76	0.015530095
87.78	0.014461043
87.8	0.018836533
87.82	0.01548323
87.84	0.014952383
87.86	0.0057262
87.88	-0.003225153
87.9	0.003414605
87.92	0.00384008
87.94	0.006119234
87.96	0.008444418
87.98	0.006945936
88	0.007145168
88.02	0.003210337
88.04	-0.001786817
88.06	-0.00206136
88.08	0.003264088
88.1	0.007116964
88.12	0.01170811
88.14	0.016251412
88.16	0.010240193
88.18	0.006421984
88.2	0.011247369
88.22	0.018547159
88.24	0.023782108
88.26	0.024554123
88.28	0.026710923
88.3	0.027247845
88.32	0.024000143
88.34	0.022295001
88.36	0.01775787
88.38	0.011304103
88.4	0.008427218
88.42	0.011123457
88.44	0.015614575
88.46	0.024791516
88.48	0.026084162
88.5	0.027121424
88.52	0.019378832
88.54	-0.006619153
88.56	0.003761584
88.58	-0.000149436
88.6	0.000383348
88.62	0.000527251
88.64	-0.001070998
88.66	-0.00181616
88.68	-0.001629363
88.7	0.000357334
88.72	0.006853002
88.74	0.010127381
88.76	0.016288318
88.78	0.014702208
88.8	0.019503563
88.82	0.021463046
88.84	0.020018674
88.86	0.009078534
88.88	0.003807344
88.9	-0.000800349
88.92	0.003386262
88.94	0.001554505
88.96	-0.000575049
88.98	3.8791E-05
89	0.000195867
89.02	-0.0015987
89.04	-0.004470488
89.06	0.004625979
89.08	0.006889202
89.1	0.003165324
89.12	2.9459E-05
89.14	-0.002621508
89.16	-0.008508085
89.18	-0.009278954
89.2	-0.008761664
89.22	-0.007415961
89.24	-0.005653049
89.26	-0.005546221
89.28	-0.007037323
89.3	-0.008263363
89.32	-0.008378771
89.34	-0.009019535
89.36	-0.005130363
89.38	-0.01189459
89.4	-0.011457785
89.42	-0.007111311
89.44	-0.000410268
89.46	-0.009580928
89.48	-0.010804984
89.5	-0.007883933
89.52	-0.001671745
89.54	0.003734835
89.56	0.00485792
89.58	0.006889508
89.6	0.010593353
89.62	0.015094989
89.64	0.015573727
89.66	0.012941766
89.68	0.011326841
89.7	0.008751681
89.72	0.004605091
89.74	0.000235482
89.76	4.69772E-05
89.78	-0.001043177
89.8	0.001078283
89.82	0.004550665
89.84	0.007247928
89.86	0.011983763
89.88	0.015741202
89.9	0.017864652
89.92	0.014451364
89.94	-0.006057856
89.96	-0.014394104
89.98	-0.016127079
90	-0.021289479
90.02	-0.01939427
90.04	-0.023034843
90.06	-0.022255854
90.08	-0.018023312
90.1	-0.016351904
90.12	-0.015951907
90.14	-0.005696445
90.16	0.004098623
90.18	0.002126101
90.2	0.005003456
90.22	0.009827589
90.24	0.010931398
90.26	0.013033415
90.28	0.009284757
90.3	0.002180942
90.32	0.007019208
90.34	-0.001105144
90.36	0.002293159
90.38	-0.006584029
90.4	-0.012811923
90.42	-0.01237605
90.44	-0.006731171
90.46	-0.0040205
90.48	0.008508988
90.5	-0.003435884
90.52	0.000266687
90.54	-0.011971444
90.56	-0.011425957
90.58	-0.013851716
90.6	-0.008235787
90.62	-0.012090742
90.64	-0.021393989
90.66	-0.023468105
90.68	-0.02519998
90.7	-0.029606289
90.72	-0.031486187
90.74	-0.030348387
90.76	-0.032756053
90.78	-0.025388232
90.8	0.006693037
90.82	-0.00785067
90.84	0.006880957
90.86	0.002199912
90.88	-0.003334646
90.9	-0.002874276
90.92	-0.005717368
90.94	-0.009271567
90.96	-0.007779476
90.98	-0.009414613
91	-0.008546253
91.02	-0.007744812
91.04	-0.010037423
91.06	-0.013352107
91.08	-0.012051103
91.1	-0.010578358
91.12	-0.009141866
91.14	0.005350057
91.16	0.005094591
91.18	-0.007742983
91.2	-0.011105126
91.22	-0.005577221
91.24	-0.004582174
91.26	-0.008403907
91.28	-0.014277979
91.3	-0.016726805
91.32	-0.018617155
91.34	-0.018005393
91.36	-0.017048674
91.38	-0.012467909
91.4	-0.012673409
91.42	-0.006207209
91.44	-0.003461732
91.46	0.000235315
91.48	-0.003792207
91.5	-0.002213986
91.52	-0.002599089
91.54	-0.002120276
91.56	0.000126159
91.58	0.00488271
91.6	0.006030439
91.62	0.009109526
91.64	0.006290521
91.66	0.003981559
91.68	0.00198644
91.7	0.001706803
91.72	0.010891693
91.74	0.009320641
91.76	0.009522122
91.78	0.006371911
91.8	0.001716518
91.82	0.003188218
91.84	-0.002214165
91.86	-0.000462046
91.88	0.002823206
91.9	0.000918566
91.92	-0.00026759
91.94	-0.007529986
91.96	-0.01253972
91.98	-0.013104816
92	-0.013787266
92.02	-0.01460119
92.04	-0.014424601
92.06	-0.014163363
92.08	-0.012948228
92.1	-0.009380193
92.12	-0.006787329
92.14	-0.005970292
92.16	-0.006981378
92.18	0.008229821
92.2	0.015005169
92.22	0.012760724
92.24	0.013485677
92.26	0.014003999
92.28	0.013926157
92.3	0.01290734
92.32	0.011855151
92.34	0.007325923
92.36	0.008107227
92.38	0.001006328
92.4	-0.003812307
92.42	-0.010353466
92.44	-0.004876985
92.46	-0.002230429
92.48	-4.21032E-05
92.5	0.010152476
92.52	0.005920642
92.54	0.007941682
92.56	0.004781442
92.58	0.003123126
92.6	0.003480506
92.62	0.003083629
92.64	0.00352426
92.66	0.004264981
92.68	0.005170148
92.7	0.003161403
92.72	-0.006730324
92.74	-0.010192569
92.76	-0.006980685
92.78	-0.004196823
92.8	-0.002055378
92.82	0.003088054
92.84	0.005091629
92.86	0.004391058
92.88	0.00437384
92.9	0.000333272
92.92	-0.004684192
92.94	-0.003859813
92.96	-0.002675326
92.98	-0.001492103
93	-0.002379446
93.02	-0.007004211
93.04	-0.011577593
93.06	-0.012791447
93.08	-0.012019883
93.1	-0.008993423
93.12	-0.00927482
93.14	-0.009460869
93.16	-0.006761262
93.18	-0.004457359
93.2	-0.002460081
93.22	0.000280256
93.24	0.005978738
93.26	0.006687238
93.28	0.003604397
93.3	0.008422589
93.32	0.004844973
93.34	0.003492541
93.36	-0.00109657
93.38	-0.004283602
93.4	-0.00588034
93.42	-0.003049376
93.44	0.000532491
93.46	0.001760197
93.48	-0.001759113
93.5	-0.006135709
93.52	-0.005093572
93.54	0.009278652
93.56	0.000384486
93.58	0.001805332
93.6	0.001322486
93.62	0.007613279
93.64	0.009509633
93.66	0.008886611
93.68	0.007036393
93.7	0.005222058
93.72	0.006806885
93.74	0.008722816
93.76	0.011262479
93.78	0.012389319
93.8	0.013333892
93.82	0.012651351
93.84	0.011501305
93.86	0.008240185
93.88	0.005588179
93.9	0.007250512
93.92	0.007509139
93.94	0.009556367
93.96	0.011347671
93.98	0.008926928
94	0.006283699
94.02	0.004441534
94.04	0.003005241
94.06	0.007449314
94.08	0.00669288
94.1	-0.003194648
94.12	0.002741528
94.14	-0.000272858
94.16	-0.001363751
94.18	-0.002842974
94.2	-0.000241789
94.22	2.51264E-05
94.24	-0.001057981
94.26	0.000851605
94.28	0.000717264
94.3	-0.001354591
94.32	-0.006446646
94.34	-0.013547518
94.36	-0.014782719
94.38	-0.016271361
94.4	-0.015247188
94.42	-0.015822183
94.44	-0.015226861
94.46	-0.017918168
94.48	-0.018365532
94.5	-0.018573023
94.52	-0.018901348
94.54	-0.016629426
94.56	-0.013650687
94.58	-0.012259686
94.6	-0.011637234
94.62	-0.01239392
94.64	-0.012753137
94.66	-0.009825423
94.68	-0.005507458
94.7	-0.002777714
94.72	-0.00041296
94.74	0.001003059
94.76	0.006299238
94.78	0.001925979
94.8	0.00071362
94.82	-0.000960513
94.84	-0.000254424
94.86	-0.001355412
94.88	-0.005521367
94.9	-0.007574416
94.92	-0.004813195
94.94	-0.005025156
94.96	-0.003393943
94.98	-0.000175597
95	0.002053044
95.02	0.003820685
95.04	0.007685053
95.06	0.010523799
95.08	0.006875277
95.1	0.005147773
95.12	0.003999254
95.14	0.004145988
95.16	0.006819018
95.18	0.007761524
95.2	0.008472664
95.22	0.00682474
95.24	0.004156439
95.26	-0.005542431
95.28	-0.006266217
95.3	-0.010203133
95.32	-0.006069183
95.34	-0.002543714
95.36	0.004455561
95.38	0.005409922
95.4	0.010309183
95.42	0.00965936
95.44	0.00887784
95.46	0.009214851
95.48	0.010064846
95.5	0.010567203
95.52	0.011639624
95.54	0.009508058
95.56	0.008893648
95.58	0.004648707
95.6	-0.007436966
95.62	-0.0107737
95.64	-0.008404208
95.66	-0.003837414
95.68	0.001307775
95.7	0.000569756
95.72	0.008022984
95.74	0.010153902
95.76	0.012822593
95.78	0.012485975
95.8	0.008384211
95.82	0.001546476
95.84	-0.002716555
95.86	-0.009982395
95.88	-0.011100107
95.9	-0.011007872
95.92	-0.01060981
95.94	-0.010445238
95.96	-0.007557488
95.98	-0.005090459
96	-0.004731672
96.02	-0.002944331
96.04	0.006085394
96.06	0.01098124
96.08	0.018543211
96.1	0.01405616
96.12	0.015888413
96.14	0.017235122
96.16	0.016315038
96.18	0.009950492
96.2	0.005285697
96.22	0.005199493
96.24	0.00850709
96.26	0.010938877
96.28	0.014327039
96.3	0.015597642
96.32	0.011423967
96.34	0.010246527
96.36	0.007538662
96.38	0.007515338
96.4	0.01130685
96.42	0.017085131
96.44	0.009389023
96.46	0.01484823
96.48	0.022845696
96.5	0.017295391
96.52	-0.000500446
96.54	0.00124702
96.56	0.001402547
96.58	0.004859022
96.6	0.006470559
96.62	0.002279867
96.64	0.002266794
96.66	0.0020968
96.68	-0.00163386
96.7	-0.000711292
96.72	-0.008336056
96.74	-0.002042027
96.76	0.000570745
96.78	0.003417046
96.8	0.009363084
96.82	0.015659215
96.84	0.014646346
96.86	0.010137866
96.88	0.017547931
96.9	0.01701556
96.92	0.01475895
96.94	0.009324931
96.96	0.009133542
96.98	0.002744401
97	0.004597476
97.02	-0.001392499
97.04	0.000851549
97.06	0.000174618
97.08	-0.004835314
97.1	-0.004262911
97.12	-0.004479942
97.14	0.004070673
97.16	0.004709473
97.18	0.001380431
97.2	-0.001911723
97.22	-0.002226415
97.24	-0.006374038
97.26	-0.009361269
97.28	-0.010314171
97.3	-0.015427475
97.32	-0.018618871
97.34	-0.020979812
97.36	-0.017446128
97.38	0.005126342
97.4	0.008420706
97.42	0.006652308
97.44	0.009071036
97.46	0.012483309
97.48	0.016588866
97.5	0.017927731
97.52	0.013748616
97.54	0.014881205
97.56	0.015761315
97.58	0.012928529
97.6	0.012459177
97.62	0.007127322
97.64	0.007677926
97.66	0.01210635
97.68	0.015046304
97.7	0.015085368
97.72	0.015972331
97.74	0.021446284
97.76	0.021130222
97.78	-0.024043095
97.8	-0.001057892
97.82	0.005112528
97.84	0.005075525
97.86	0.007549622
97.88	0.010063495
97.9	0.013162068
97.92	0.008489916
97.94	0.003494446
97.96	-0.002774594
97.98	-0.012282252
98	-0.00380946
98.02	-0.001280947
98.04	0.001330459
98.06	0.004790256
98.08	0.007479837
98.1	0.004039816
98.12	-0.010428198
98.14	-0.004478
98.16	-0.000391962
98.18	0.005860505
98.2	0.004786332
98.22	0.005929505
98.24	0.008164061
98.26	0.007445754
98.28	0.003019335
98.3	-0.003050186
98.32	-0.002653985
98.34	-0.003323228
98.36	-0.005259232
98.38	-0.014035099
98.4	-0.01386272
98.42	-0.015613097
98.44	-0.011547413
98.46	-0.009461274
98.48	-0.008873218
98.5	-0.010789581
98.52	-0.006220317
98.54	-0.001261483
98.56	0.001479775
98.58	-0.004917468
98.6	-0.010450025
98.62	-0.014208343
98.64	-0.018654173
98.66	-0.015251662
98.68	-0.021204157
98.7	-0.020334475
98.72	-0.019861087
98.74	-0.021363059
98.76	-0.021761836
98.78	-0.024940015
98.8	0.004296195
98.82	-0.004923402
98.84	-0.003035297
98.86	-0.00019001
98.88	0.007312103
98.9	0.008899853
98.92	0.007070071
98.94	0.003756698
98.96	0.000818477
98.98	-0.000946104
99	-0.000217
99.02	-0.012469967
99.04	-0.018984287
99.06	-0.015454877
99.08	-0.010046644
99.1	-0.001524395
99.12	0.003037607
99.14	0.00548548
99.16	0.003118236
99.18	0.007211269
99.2	-0.001641373
99.22	-0.004757361
99.24	-0.008557283
99.26	-0.006895588
99.28	-0.006480016
99.3	-0.002460708
99.32	0.000909563
99.34	-0.002301114
99.36	-0.00451141
99.38	-0.002180284
99.4	-0.003430887
99.42	-0.007067271
99.44	-0.008758539
99.46	-0.004521846
99.48	0.002669821
99.5	0.007264915
99.52	0.010219954
99.54	0.009801601
99.56	0.00453716
99.58	0.000531405
99.6	-0.00379815
99.62	-0.009449125
99.64	-0.005405595
99.66	-0.004703884
99.68	-0.00728341
99.7	-0.001120511
99.72	-0.000983321
99.74	-5.98012E-05
99.76	-0.001487547
99.78	-0.003227593
99.8	-0.006151167
99.82	-0.004118797
99.84	-0.001888636
99.86	0.004815527
99.88	0.010815001
99.9	0.008867531
99.92	0.007494265
99.94	0.006104648
99.96	0.002916725
99.98	-0.001417185
100	-0.004253883
100.02	-0.00845057
100.04	-0.009921181
100.06	-0.009035119
100.08	-0.005489692
100.1	-0.00685825
100.12	-0.008664751
100.14	-0.007065877
100.16	-0.007459057
100.18	-0.00395319
100.2	-0.00778475
100.22	-0.006495985
100.24	-0.009989892
100.26	-0.01364924
100.28	-0.009554451
100.3	-0.004265265
100.32	0.001723701
100.34	0.002443524
100.36	-0.001387392
100.38	-0.001299875
100.4	-0.004538014
100.42	-0.003692479
100.44	-0.004288811
100.46	-0.006566219
100.48	-0.004328015
100.5	-0.000473683
100.52	0.002212894
100.54	0.001109672
100.56	-0.000126597
100.58	-0.004872007
100.6	-0.009576084
100.62	-0.009237817
100.64	-0.0006485
100.66	-0.00201742
100.68	-0.006153223
100.7	-0.005988648
100.72	-0.005130648
100.74	-0.006241111
100.76	-0.006185315
100.78	-0.006012941
100.8	-0.003144498
100.82	-0.000261219
100.84	0.003175243
100.86	0.004301002
100.88	0.003814083
100.9	0.003390554
100.92	0.004060942
100.94	0.002764712
100.96	0.004102511
100.98	0.000731729
101	-0.001645961
101.02	-0.005117481
101.04	-0.008588563
101.06	-0.013894704
101.08	-0.015766982
101.1	-0.013996034
101.12	-0.011798433
101.14	-0.012302107
101.16	-0.013603195
101.18	-0.014567888
101.2	-0.006396082
101.22	-0.002982056
101.24	0.00589058
101.26	0.014705016
101.28	0.010976674
101.3	0.012861598
101.32	0.009921215
101.34	0.004592118
101.36	0.00055088
101.38	-0.001007163
101.4	0.000547354
101.42	0.00306407
101.44	0.006847494
101.46	0.009602139
101.48	0.009813537
101.5	0.012699561
101.52	0.012855649
101.54	0.009110921
101.56	0.008299367
101.58	0.020273488
101.6	0.019096635
101.62	0.017550593
101.64	0.006867019
101.66	0.005074548
101.68	-0.001713453
101.7	-0.005145194
101.72	-0.011265085
101.74	-0.014160305
101.76	-0.007769822
101.78	-0.00062901
101.8	0.007969625
101.82	0.012145246
101.84	0.010992815
101.86	0.017880857
101.88	0.020163313
101.9	0.022198484
101.92	0.020111349
101.94	0.010908124
101.96	0.004595556
101.98	0.002350412
102	-0.003211156
102.02	-0.001873892
102.04	-0.004571546
102.06	-0.001998857
102.08	-0.005417647
102.1	-0.004297434
102.12	0.007667324
102.14	0.005707486
102.16	0.005120464
102.18	-0.001768738
102.2	-0.000623136
102.22	-0.003308918
102.24	-0.00399797
102.26	-0.004934358
102.28	-0.007845692
102.3	-0.007697007
102.32	-0.011940848
102.34	-0.012248263
102.36	-0.010535194
102.38	-0.009023204
102.4	-0.00820504
102.42	-0.008738372
102.44	-0.012699446
102.46	-0.013857881
102.48	-0.013880759
102.5	-0.015175735
102.52	-0.014974383
102.54	-0.016227537
102.56	-0.01702487
102.58	-0.018424615
102.6	-0.020194618
102.62	-0.017429968
102.64	-0.019505455
102.66	-0.018265253
102.68	-0.01456071
102.7	0.013546662
102.72	0.002211687
102.74	0.005212242
102.76	0.007889866
102.78	0.009165914
102.8	0.014127177
102.82	0.013340526
102.84	0.01105676
102.86	0.012410239
102.88	0.01364101
102.9	0.018900968
102.92	0.01492789
102.94	0.014944621
102.96	0.007422944
102.98	0.003968826
103	-0.003113153
103.02	-0.008689871
103.04	-0.005341902
103.06	0.000242689
103.08	0.003108703
103.1	0.009967715
103.12	0.003331827
103.14	0.002749375
103.16	-0.003994087
103.18	-0.009117233
103.2	-0.011314155
103.22	-0.007563288
103.24	0.003654992
103.26	0.009390781
103.28	0.01762277
103.3	0.015366544
103.32	0.021772065
103.34	0.019124356
103.36	0.008480141
103.38	0.009934058
103.4	0.009706297
103.42	0.007443781
103.44	0.010077505
103.46	0.007251479
103.48	0.008107343
103.5	0.006076067
103.52	0.002353443
103.54	-0.013481909
103.56	-0.01171498
103.58	-0.009229927
103.6	-0.00865253
103.62	-0.003900471
103.64	-0.002315171
103.66	-0.004983346
103.68	-0.006617326
103.7	-0.007010803
103.72	-0.009479456
103.74	-0.007965025
103.76	-0.008369464
103.78	-0.006984464
103.8	-0.004949643
103.82	-0.010034805
103.84	-0.011140006
103.86	-0.011508939
103.88	-0.010482217
103.9	-0.011854421
103.92	-0.009652921
103.94	-0.008082227
103.96	-0.002279515
103.98	-0.00342908
104	-0.003961214
104.02	-0.005412698
104.04	-0.006878821
104.06	-0.006972813
104.08	-0.000235856
104.1	0.004213951
104.12	0.007738468
104.14	0.008744221
104.16	0.004872832
104.18	0.006661936
104.2	0.007652242
104.22	0.002944819
104.24	-0.002082501
104.26	-0.006458998
104.28	0.01026348
104.3	0.014343438
104.32	0.009599403
104.34	0.007794957
104.36	0.008929377
104.38	0.004747999
104.4	-0.000556009
104.42	-0.01320508
104.44	-0.012161088
104.46	-0.008389243
104.48	-0.013810085
104.5	-0.01325698
104.52	-0.014476831
104.54	-0.01181181
104.56	-0.013809767
104.58	-0.015580177
104.6	-0.018145359
104.62	-0.014998027
104.64	-0.002410255
104.66	0.003859563
104.68	0.00772472
104.7	0.008013447
104.72	0.011456933
104.74	0.00663047
104.76	0.003352004
104.78	0.007689902
104.8	0.007473897
104.82	0.00082561
104.84	-0.003791429
104.86	0.000871498
104.88	0.000148631
104.9	0.002359195
104.92	-0.003579473
104.94	-0.004765324
104.96	0.005493681
104.98	0.004153678
105	0.003075936
105.02	-0.002437535
105.04	-0.004715469
105.06	-0.002886942
105.08	-0.006043957
105.1	-0.011523805
105.12	-0.01137536
105.14	-0.010860356
105.16	-0.006619297
105.18	0.00224519
105.2	0.016253596
105.22	0.008662547
105.24	0.011805839
105.26	0.010306955
105.28	0.014424872
105.3	0.0156187
105.32	0.011045114
105.34	0.004261245
105.36	0.004785823
105.38	0.007225601
105.4	0.009516713
105.42	0.010502137
105.44	0.00722399
105.46	0.00127983
105.48	-0.00057276
105.5	-0.00170362
105.52	0.011918176
105.54	0.01605383
105.56	0.01384841
105.58	0.019774168
105.6	0.015734035
105.62	0.008659177
105.64	0.002137051
105.66	-0.00345401
105.68	-0.002864164
105.7	0.004091049
105.72	0.011078551
105.74	0.016474991
105.76	0.016685013
105.78	0.014283181
105.8	0.014190847
105.82	0.022364714
105.84	0.024360033
105.86	0.024767298
105.88	0.026213737
105.9	0.025718112
105.92	0.021061241
105.94	-0.020543158
105.96	-0.008451031
105.98	-0.003284477
106	-0.00449983
106.02	-0.007547844
106.04	-0.01104685
106.06	-0.004069741
106.08	-0.004399707
106.1	-0.005178905
106.12	0.00590202
106.14	0.007238607
106.16	0.006722042
106.18	0.012432054
106.2	0.012492963
106.22	0.009999609
106.24	0.012606613
106.26	0.008500288
106.28	0.009045108
106.3	-0.003752996
106.32	-0.001137973
106.34	0.000820746
106.36	0.001641311
106.38	0.00210672
106.4	0.002172376
106.42	0.001783688
106.44	0.000659318
106.46	-0.001253243
106.48	0.002967641
106.5	-0.000876902
106.52	-0.00347495
106.54	0.003194351
106.56	-0.002521886
106.58	-0.005990767
106.6	-0.010607041
106.62	-0.011015063
106.64	-0.01308356
106.66	-0.010372236
106.68	-0.009558678
106.7	-0.00171126
106.72	-0.00362027
106.74	0.000264452
106.76	-0.000211204
106.78	-0.006292374
106.8	-0.003346562
106.82	-0.001822589
106.84	0.000278255
106.86	0.002380127
106.88	0.00733294
106.9	0.003577967
106.92	-0.000368743
106.94	-0.001815735
106.96	-0.001329047
106.98	-0.005299905
107	-0.001764467
107.02	0.001056929
107.04	0.004572269
107.06	0.002225284
107.08	0.002241106
107.1	0.007546525
107.12	0.005499098
107.14	-0.002368387
107.16	2.30937E-05
107.18	0.003113023
107.2	0.006013956
107.22	0.015140598
107.24	0.008432467
107.26	0.018435048
107.28	0.017990075
107.3	0.015845745
107.32	0.014064602
107.34	0.011854297
107.36	0.013228581
107.38	0.006700744
107.4	-0.001270454
107.42	-0.015163688
107.44	-0.008681265
107.46	-0.007689874
107.48	-0.006540917
107.5	-0.004011657
107.52	-0.00523369
107.54	-0.003902156
107.56	-0.002520969
107.58	-0.002792066
107.6	-0.003537019
107.62	-0.003134313
107.64	-0.0009787
107.66	0.002876501
107.68	0.010062773
107.7	0.010821827
107.72	0.008874319
107.74	-0.003085897
107.76	-0.01162961
107.78	-0.013038923
107.8	-0.007830222
107.82	-0.000880757
107.84	-0.004607871
107.86	-0.005183319
107.88	-0.000598012
107.9	0.002673065
107.92	0.000577204
107.94	-0.002026336
107.96	-0.002732135
107.98	-0.006819245
108	-0.005782269
108.02	-0.006172497
108.04	-0.006849008
108.06	-0.00825833
108.08	-0.008180575
108.1	-0.010489629
108.12	-0.011114463
108.14	-0.010403534
108.16	-0.011520299
108.18	-0.011521301
108.2	-0.012818662
108.22	-0.01209376
108.24	0.001749355
108.26	-0.000496667
108.28	0.000246148
108.3	0.001424689
108.32	-0.001807043
108.34	-0.013394956
108.36	-0.017257028
108.38	-0.021781772
108.4	-0.019616111
108.42	-0.020802799
108.44	-0.02162257
108.46	-0.018451543
108.48	-0.013093624
108.5	-0.010190046
108.52	-0.008455548
108.54	-0.007883081
108.56	-0.004050256
108.58	-0.002379412
108.6	0.003799932
108.62	0.007263646
108.64	0.001317922
108.66	0.003844177
108.68	-0.003654907
108.7	-0.008096651
108.72	-0.009340099
108.74	-0.00641442
108.76	0.000447006
108.78	0.003867095
108.8	0.007652796
108.82	0.009794989
108.84	0.013258908
108.86	0.014665065
108.88	0.015391521
108.9	0.013181652
108.92	0.013006431
108.94	-0.003387527
108.96	-0.002146545
108.98	-0.005419723
109	-0.004856275
109.02	-0.008047829
109.04	-0.011882792
109.06	-0.011116161
109.08	-0.008504239
109.1	-0.003477637
109.12	0.000980101
109.14	0.006364552
109.16	0.015601024
109.18	0.016240317
109.2	0.01888968
109.22	0.017412967
109.24	0.0193569
109.26	0.015363803
109.28	0.014460183
109.3	0.012077571
109.32	0.010966727
109.34	0.010421024
109.36	0.006931547
109.38	0.007958144
109.4	0.002769133
109.42	0.002382302
109.44	0.00382555
109.46	0.002684547
109.48	0.012503939
109.5	0.007427402
109.52	0.008368557
109.54	0.002949413
109.56	-0.008411423
109.58	-0.003383798
109.6	-0.004345861
109.62	0.000248376
109.64	0.003582915
109.66	0.002372435
109.68	0.002725088
109.7	0.003507714
109.72	0.003454274
109.74	0.003883713
109.76	0.001707824
109.78	-0.002461122
109.8	-0.009180407
109.82	-0.006429663
109.84	-0.005720304
109.86	0.00098666
109.88	0.004593818
109.9	0.00476501
109.92	0.006054391
109.94	0.004323747
109.96	0.009138839
109.98	0.005148818
110	-0.014136781
110.02	-0.008077816
110.04	-0.008877532
110.06	-0.003133969
110.08	0.005857093
110.1	0.015301181
110.12	0.014419459
110.14	0.012542036
110.16	0.006970943
110.18	0.006025054
110.2	0.002718134
110.22	0.004300683
110.24	0.003138202
110.26	-0.00275915
110.28	-0.006395729
110.3	-0.011869904
110.32	-0.016393975
110.34	-0.018711616
110.36	-0.01925899
110.38	-0.017722366
110.4	-0.016952197
110.42	-0.007990175
110.44	-0.00631813
110.46	-0.004111144
110.48	-0.005252211
110.5	-0.008438847
110.52	-0.008156482
110.54	-0.006868839
110.56	-0.005863088
110.58	-0.000955808
110.6	0.000816548
110.62	0.002784684
110.64	-0.0034852
110.66	0.001974815
110.68	0.008069361
110.7	0.008752725
110.72	0.011780149
110.74	0.012496093
110.76	0.014415787
110.78	0.016355281
110.8	0.01608192
110.82	0.01404518
110.84	0.010302405
110.86	0.00168573
110.88	-0.000151332
110.9	-0.01398915
110.92	-0.003417548
110.94	-0.001884402
110.96	-0.003998899
110.98	-0.008419735
111	-0.005533394
111.02	-0.002432157
111.04	-0.000539971
111.06	0.002954745
111.08	0.004059176
111.1	0.003899875
111.12	0.00364362
111.14	0.003918857
111.16	0.007336966
111.18	0.007650297
111.2	-0.002239495
111.22	0.000461341
111.24	-0.001064432
111.26	0.003711485
111.28	0.005549077
111.3	0.005658055
111.32	0.008506944
111.34	0.008209742
111.36	0.007267063
111.38	0.011000212
111.4	0.01090105
111.42	0.007118925
111.44	0.000688097
111.46	-0.00470797
111.48	-0.00210155
111.5	0.000769348
111.52	0.002353012
111.54	2.23781E-05
111.56	-0.002361765
111.58	-0.004194465
111.6	-0.003523109
111.62	-0.005498901
111.64	-0.00550522
111.66	-0.004551661
111.68	-0.003811927
111.7	-0.004778765
111.72	-0.006625315
111.74	-0.009448345
111.76	-0.014047665
111.78	-0.016524594
111.8	-0.0184803
111.82	-0.021047445
111.84	-0.017616833
111.86	-0.016266858
111.88	-0.014890352
111.9	-0.012762023
111.92	-0.013592308
111.94	-0.01464306
111.96	-0.015814209
111.98	-0.01711188
112	-0.017084284
112.02	-0.018166892
112.04	-0.016599701
112.06	-0.01502453
112.08	-0.012201841
112.1	-0.009383027
112.12	-0.006334961
112.14	0.008065301
112.16	0.001276223
112.18	-0.002183727
112.2	-0.005034839
112.22	-0.006488321
112.24	-0.004974741
112.26	-0.004015947
112.28	-0.004529682
112.3	-0.005738185
112.32	-0.005917842
112.34	-0.006587497
112.36	-0.007093617
112.38	-0.005816901
112.4	-0.003843739
112.42	-0.002775369
112.44	0.000696383
112.46	0.008062404
112.48	0.008152938
112.5	0.004491651
112.52	-0.002745865
112.54	-0.006113975
112.56	-0.005700321
112.58	-0.003243579
112.6	-0.000166585
112.62	-0.00303947
112.64	-0.005496029
112.66	-0.007524559
112.68	-0.008647
112.7	-0.006619804
112.72	-0.006473085
112.74	-0.001839733
112.76	0.00502056
112.78	0.006057272
112.8	0.010669694
112.82	0.017774467
112.84	0.021148685
112.86	0.020829183
112.88	0.012206427
112.9	0.003363875
112.92	0.000261255
112.94	-0.015974533
112.96	-0.007489836
112.98	-0.008310245
113	-0.007360589
113.02	-0.005207206
113.04	-0.000324354
113.06	0.004626494
113.08	0.011757277
113.1	0.017352917
113.12	0.014730214
113.14	0.011424025
113.16	0.01148858
113.18	0.008608463
113.2	0.001298654
113.22	0.002866572
113.24	-0.001852199
113.26	-0.015131154
113.28	-0.010638277
113.3	-0.014690028
113.32	-0.011208392
113.34	-0.007648449
113.36	-0.004019962
113.38	0.00355801
113.4	0.003728489
113.42	0.010263224
113.44	0.011226901
113.46	0.01328129
113.48	0.006899575
113.5	0.0019247
113.52	-0.006383031
113.54	-0.002711999
113.56	8.41837E-06
113.58	-0.001658824
113.6	-0.005060649
113.62	-0.004383352
113.64	-0.005012884
113.66	-0.005799347
113.68	-0.002779068
113.7	0.002398332
113.72	0.009243939
113.74	0.005285305
113.76	0.000143669
113.78	-0.000808459
113.8	-0.003916455
113.82	0.000629437
113.84	-0.002295417
113.86	-0.001937164
113.88	0.001893983
113.9	-0.000662695
113.92	-0.006229427
113.94	-0.00854473
113.96	-0.010393356
113.98	-0.008385294
114	-0.00702106
114.02	-0.005432142
114.04	-0.003531416
114.06	0.001046151
114.08	0.003656569
114.1	0.005613002
114.12	0.004709221
114.14	0.008756758
114.16	0.005497244
114.18	0.00230349
114.2	0.002797601
114.22	-0.002960933
114.24	-0.006052169
114.26	-0.009126955
114.28	-0.012750049
114.3	-0.01288323
114.32	-0.01229862
114.34	-0.010196344
114.36	-0.004136996
114.38	3.60663E-05
114.4	0.003715729
114.42	0.006120151
114.44	0.009717853
114.46	0.015973692
114.48	0.015928794
114.5	0.012416468
114.52	0.003158088
114.54	-0.004211188
114.56	-0.00999915
114.58	-0.01012887
114.6	-0.00673492
114.62	0.001254873
114.64	0.007219086
114.66	0.009013313
114.68	0.011068271
114.7	0.00949008
114.72	0.00551856
114.74	0.000592133
114.76	-0.000622394
114.78	0.005270353
114.8	0.007045816
114.82	0.009611345
114.84	0.008780467
114.86	0.001584048
114.88	-0.001367764
114.9	-0.00501947
114.92	-0.011206235
114.94	-0.008236612
114.96	-0.003064737
114.98	0.003542659
115	0.008891319
115.02	0.011855937
115.04	0.012546399
115.06	0.011723197
115.08	0.014503283
115.1	0.011825415
115.12	0.013012167
115.14	0.015238783
115.16	0.015986131
115.18	0.016360937
115.2	0.013626166
115.22	0.007349252
115.24	0.005571172
115.26	0.004611841
115.28	0.00786638
115.3	0.008607488
115.32	0.008743522
115.34	0.009688811
115.36	0.010117766
115.38	0.011087413
115.4	0.010352274
115.42	0.006716384
115.44	0.002413638
115.46	0.00278149
115.48	0.001378806
115.5	0.000993182
115.52	0.00046947
115.54	-0.003824665
115.56	-0.002770965
115.58	0.003272686
115.6	0.006578799
115.62	0.0056761
115.64	0.005532213
115.66	0.004055659
115.68	-0.00062887
115.7	-0.000519802
115.72	-0.000506043
115.74	0.001686001
115.76	0.001633533
115.78	0.001493087
115.8	0.000192949
115.82	0.005458792
115.84	0.008370364
115.86	0.011298372
115.88	0.0105952
115.9	0.009985531
115.92	0.010712113
115.94	0.007472015
115.96	0.003631687
115.98	-0.000998954
116	-0.005879339
116.02	-0.006051208
116.04	-0.005174936
116.06	-0.003991058
116.08	-0.002658195
116.1	-0.006189244
116.12	-0.012343007
116.14	-0.013224695
116.16	-0.011301497
116.18	-0.009244513
116.2	-0.011933304
116.22	-0.011451664
116.24	-0.010759504
116.26	-0.013885688
116.28	-0.01467373
116.3	-0.017392033
116.32	-0.023078113
116.34	-0.020796012
116.36	-0.019044023
116.38	-0.013091354
116.4	-0.00495417
116.42	0.0024981
116.44	0.005089051
116.46	0.00290001
116.48	0.001172951
116.5	0.002475256
116.52	0.004010122
116.54	0.003911664
116.56	0.00385753
116.58	0.00754482
116.6	0.015776859
116.62	0.017953403
116.64	0.01905265
116.66	0.019388887
116.68	0.016552379
116.7	0.012228543
116.72	0.012250778
116.74	0.016765383
116.76	0.018042101
116.78	0.011375536
116.8	0.008828971
116.82	-0.00618449
116.84	-0.00185955
116.86	0.000957173
116.88	-0.004257877
116.9	-0.006528099
116.92	-0.005896537
116.94	-0.000728516
116.96	0.002359856
116.98	0.005426691
117	0.006611371
117.02	0.005079271
117.04	0.00702328
117.06	0.007508347
117.08	0.005204571
117.1	0.006864099
117.12	0.009349134
117.14	0.007540376
117.16	0.006331618
117.18	0.002293121
117.2	0.002483535
117.22	0.001122754
117.24	0.002814704
117.26	0.000865069
117.28	0.004039947
117.3	0.003358222
117.32	0.002303378
117.34	0.008525883
117.36	0.000194396
117.38	-0.002587532
117.4	-0.006739677
117.42	-0.003659979
117.44	0.001915373
117.46	0.00146429
117.48	0.001367378
117.5	0.000722232
117.52	0.000189273
117.54	-0.00126923
117.56	-0.003301126
117.58	-0.007491135
117.6	-0.010531564
117.62	-0.017373196
117.64	-0.01955533
117.66	-0.020038357
117.68	-0.022116569
117.7	-0.019467928
117.72	-0.01200471
117.74	-0.007462358
117.76	0.000544879
117.78	-0.004817964
117.8	-0.00345573
117.82	-0.005595555
117.84	-0.008622792
117.86	-0.009265175
117.88	-0.008316163
117.9	-0.008962458
117.92	-0.006024136
117.94	-0.005227034
117.96	-0.002035177
117.98	-0.000793307
118	0.005861166
118.02	0.004164153
118.04	0.005640243
118.06	0.005520706
118.08	0.008853525
118.1	0.009583577
118.12	0.011658566
118.14	-0.000249558
118.16	-0.002385584
118.18	-0.004361458
118.2	-0.005153182
118.22	-0.003991817
118.24	-0.000570732
118.26	0.003133216
118.28	0.001004794
118.3	-0.005474027
118.32	-0.006553169
118.34	-0.00293798
118.36	-0.001758602
118.38	0.001711277
118.4	-0.000423749
118.42	0.002785061
118.44	0.001785786
118.46	0.004192314
118.48	0.003823129
118.5	-0.007985599
118.52	-0.009896597
118.54	-0.001678281
118.56	0.001082648
118.58	0.005590589
118.6	0.009291744
118.62	0.008079572
118.64	0.004768941
118.66	-0.000639664
118.68	0.003407205
118.7	0.00769841
118.72	0.003762604
118.74	-0.004596487
118.76	0.002054596
118.78	0.010064288
118.8	0.008246584
118.82	0.004888182
118.84	0.006968968
118.86	0.014636202
118.88	0.022906253
118.9	0.018202124
118.92	0.017885855
118.94	0.016673585
118.96	0.014633658
118.98	0.007710647
119	0.004297378
119.02	0.007949393
119.04	0.008429128
119.06	0.008389305
119.08	0.006204435
119.1	0.000809995
119.12	0.002836011
119.14	0.003284515
119.16	0.001404948
119.18	0.00273174
119.2	0.010033839
119.22	0.011868643
119.24	0.012181787
119.26	0.011008855
119.28	0.008328106
119.3	0.006489873
119.32	0.005473372
119.34	0.004167727
119.36	0.004501582
119.38	0.008502519
119.4	0.014566775
119.42	0.011955852
119.44	0.008155686
119.46	0.007353025
119.48	0.005729371
119.5	0.004728296
119.52	0.00153671
119.54	-0.004533749
119.56	-0.004738522
119.58	-0.005544277
119.6	-0.006492516
119.62	-0.005637838
119.64	-0.002027806
119.66	0.002005218
119.68	0.001150495
119.7	-0.004540085
119.72	-0.007614155
119.74	-0.010642289
119.76	-0.013234211
119.78	-0.015365419
119.8	-0.018400727
119.82	-0.018085484
119.84	-0.017625594
119.86	-0.016211626
119.88	-0.01491565
119.9	-0.013318612
119.92	-0.016848253
119.94	-0.020205948
119.96	-0.019600037
119.98	-0.020388354
120	-0.020587782
120.02	-0.019482428
120.04	-0.013811933
120.06	0.015574324
120.08	0.000133385
120.1	-0.006948285
120.12	-0.009112916
120.14	-0.011648263
120.16	-0.012539394
120.18	-0.015344595
120.2	-0.010127601
120.22	-0.008245054
120.24	-0.001026687
120.26	0.001458244
120.28	0.000517631
120.3	0.002955968
120.32	0.000247133
120.34	-0.002246177
120.36	-0.004181454
120.38	-0.000950081
120.4	0.0104682
120.42	0.004815706
120.44	0.007915211
120.46	0.00167622
120.48	0.001057415
120.5	0.008048383
120.52	0.003485021
120.54	0.00114064
120.56	-0.002115637
120.58	-0.004697895
120.6	-0.008708227
120.62	-0.003120858
120.64	-0.004650906
120.66	0.000157803
120.68	-0.001508279
120.7	0.00064214
120.72	0.004090283
120.74	0.005891503
120.76	0.006466663
120.78	0.008027256
120.8	0.003240783
120.82	0.008316019
120.84	0.009342958
120.86	0.01324596
120.88	0.011421203
120.9	0.005590933
120.92	-0.000867952
120.94	-0.002140025
120.96	-0.01845903
120.98	-0.01916388
121	-0.016629847
121.02	-0.013809452
121.04	-0.007112934
121.06	-0.00343467
121.08	-0.001621407
121.1	-0.000819908
121.12	-0.000974512
121.14	0.000291023
121.16	-0.002376894
121.18	-0.005422527
121.2	-0.009128271
121.22	-0.011511584
121.24	-0.016120674
121.26	-0.016233398
121.28	-0.012361329
121.3	-0.007117365
121.32	-0.0041855
121.34	-0.008969092
121.36	-0.013091116
121.38	-0.017464527
121.4	-0.015571248
121.42	-0.016118674
121.44	-0.014444717
121.46	0.005671681
121.48	0.007748313
121.5	0.001232921
121.52	-0.003097723
121.54	-0.010611688
121.56	-0.014709546
121.58	-0.018506017
121.6	-0.023661681
121.62	-0.025481795
121.64	-0.02433432
121.66	-0.018162598
121.68	-0.012785299
121.7	0.009790149
121.72	0.007710865
121.74	0.00383605
121.76	0.003407461
121.78	0.00349554
121.8	0.009666581
121.82	0.003820099
121.84	0.006318597
121.86	0.000921709
121.88	-0.003598917
121.9	-0.001742554
121.92	-0.002181416
121.94	-0.008216665
121.96	-0.007844138
121.98	-0.006890001
122	-0.009830458
122.02	-0.012314103
122.04	-0.010240923
122.06	0.005255629
122.08	0.000435613
122.1	0.003239468
122.12	0.005583209
122.14	0.00815781
122.16	0.006191642
122.18	0.002293786
122.2	-0.004347309
122.22	-0.007386081
122.24	-0.002288009
122.26	0.00150458
122.28	0.0058052
122.3	0.002399218
122.32	0.006925763
122.34	0.004582395
122.36	0.009608471
122.38	0.010719244
122.4	0.012586578
122.42	0.014338459
122.44	0.013761609
122.46	0.021448872
122.48	0.024430853
122.5	0.025914156
122.52	0.021595538
122.54	0.016539306
122.56	0.013901372
122.58	0.011291481
122.6	-0.018720795
122.62	-0.017080514
122.64	-0.006436772
122.66	-0.006556502
122.68	-0.001349081
122.7	-0.003028384
122.72	0.00203023
122.74	0.001690081
122.76	0.003778424
122.78	0.00263606
122.8	-0.000631579
122.82	-0.002346671
122.84	-0.003959547
122.86	-0.001084686
122.88	0.007785784
122.9	0.015288986
122.92	0.012126853
122.94	0.001884963
122.96	-0.003689999
122.98	-0.005167812
123	-0.003645006
123.02	-0.000982734
123.04	-0.00079692
123.06	0.003735602
123.08	0.010207278
123.1	0.013844931
123.12	0.012970608
123.14	0.007730857
123.16	0.005904917
123.18	0.008780388
123.2	0.015058417
123.22	0.02021121
123.24	0.023685117
123.26	0.024086833
123.28	0.021087806
123.3	0.016157732
123.32	0.008411488
123.34	0.005434249
123.36	0.000643946
123.38	-0.002714545
123.4	0.000564204
123.42	0.002568975
123.44	0.000211508
123.46	0.004665796
123.48	0.00544157
123.5	-0.005272564
123.52	-0.002199922
123.54	-0.001673756
123.56	-0.003720291
123.58	0.001302869
123.6	0.005219779
123.62	0.003592951
123.64	0.001333392
123.66	0.001171768
123.68	0.002001351
123.7	-0.002364566
123.72	-0.005757597
123.74	0.000563804
123.76	0.006159892
123.78	0.006174371
123.8	0.008301178
123.82	0.005732943
123.84	0.00398597
123.86	0.002473192
123.88	0.002432167
123.9	0.004217553
123.92	-0.000113326
123.94	-0.001008003
123.96	-0.006065717
123.98	-0.004319416
124	-0.008044458
124.02	-0.009071637
124.04	-0.012950777
124.06	-0.013556307
124.08	-0.017979096
124.1	-0.014360269
124.12	-0.016122257
124.14	-0.015018613
124.16	-0.013807698
124.18	-0.017869615
124.2	-0.017821827
124.22	-0.017838959
124.24	-0.016021505
124.26	-0.016704185
124.28	-0.01220682
124.3	-0.007642497
124.32	-0.012013099
124.34	-0.01576884
124.36	-0.010251405
124.38	-0.005968698
124.4	-0.012281022
124.42	-0.014768962
124.44	-0.01186793
124.46	-0.005892463
124.48	0.000752185
124.5	-0.000957806
124.52	-0.004931518
124.54	-0.005954241
124.56	-0.004006195
124.58	-0.004292789
124.6	-0.004934162
124.62	0.004959417
124.64	0.003623945
124.66	0.012573602
124.68	0.013988616
124.7	0.015362985
124.72	0.015060632
124.74	0.010274704
124.76	0.007284279
124.78	0.007492395
124.8	0.009869172
124.82	0.011885829
124.84	0.013735732
124.86	0.017436318
124.88	0.018950112
124.9	0.01819779
124.92	0.0181058
124.94	0.013121662
124.96	-0.032836481
124.98	-0.015504098
125	-0.004187131
125.02	0.004120766
125.04	0.012533404
125.06	0.014035643
125.08	0.014257047
125.1	0.017394503
125.12	0.021423508
125.14	0.018317439
125.16	-0.000581861
125.18	-0.004081889
125.2	0.00522228
125.22	0.00250408
125.24	0.013200185
125.26	0.012843153
125.28	0.014935259
125.3	0.006766325
125.32	0.01134548
125.34	0.007940325
125.36	0.00288287
125.38	0.001033807
125.4	0.002102672
125.42	-0.006011118
125.44	-0.00476396
125.46	-0.006991535
125.48	-0.010317403
125.5	-0.012291351
125.52	-0.008934947
125.54	-0.009531834
125.56	-0.009748128
125.58	-0.010300876
125.6	-0.014025747
125.62	-0.016471302
125.64	-0.011437139
125.66	-0.011898599
125.68	-0.010565959
125.7	-0.012513719
125.72	-0.010907324
125.74	-0.004114628
125.76	0.003931102
125.78	0.004460012
125.8	-0.003258179
125.82	-0.010126678
125.84	-0.0099454
125.86	-0.003270674
125.88	0.003262488
125.9	-0.003586374
125.92	-0.000916266
125.94	0.004650811
125.96	0.005107629
125.98	-0.000847848
126	-0.005106874
126.02	-0.013597532
126.04	-0.016259781
126.06	-0.010767099
126.08	0.002474303
126.1	0.025613568
126.12	0.012674125
126.14	0.015883
126.16	0.016353394
126.18	0.011759515
126.2	0.014968677
126.22	0.012259672
126.24	0.009433893
126.26	0.006126458
126.28	0.011419345
126.3	0.014280906
126.32	0.015986271
126.34	0.017264598
126.36	0.014632939
126.38	0.005663079
126.4	0.003913434
126.42	0.004416299
126.44	0.005589026
126.46	0.005268561
126.48	0.000361144
126.5	-0.001397035
126.52	9.64553E-05
126.54	-0.011584776
126.56	0.001647782
126.58	-0.002431647
126.6	0.002440434
126.62	0.006192876
126.64	0.007929119
126.66	0.00930999
126.68	0.007840174
126.7	0.019870191
126.72	0.015128484
126.74	0.009746012
126.76	0.006164985
126.78	0.003023935
126.8	-0.006121618
126.82	-0.007108
126.84	-0.009969052
126.86	-0.009797556
126.88	-0.009385193
126.9	-0.006953012
126.92	-0.00409745
126.94	0.003074699
126.96	0.008503883
126.98	0.007026286
127	0.002440414
127.02	-0.001907064
127.04	-0.001652098
127.06	0.00115477
127.08	-0.001012921
127.1	-0.009323287
127.12	-0.012417134
127.14	-0.014556272
127.16	-0.010635332
127.18	-0.00428482
127.2	0.023650637
127.22	0.016417427
127.24	0.014801649
127.26	0.012571676
127.28	0.014176089
127.3	0.015745536
127.32	0.011907552
127.34	0.009073578
127.36	0.010780752
127.38	0.005182508
127.4	0.000728804
127.42	-0.014544994
127.44	-0.008029206
127.46	-0.008735085
127.48	-0.009336312
127.5	-0.008206392
127.52	-0.005727458
127.54	0.008685694
127.56	0.001373389
127.58	0.004804448
127.6	-0.006907634
127.62	-0.009794171
127.64	-0.009067993
127.66	-0.014248021
127.68	-0.016289368
127.7	-0.013763256
127.72	-0.01392811
127.74	-0.021864651
127.76	-0.007143151
127.78	-0.001409841
127.8	-0.00061793
127.82	-0.000237724
127.84	-0.009052058
127.86	-0.011030846
127.88	-0.007976089
127.9	-0.011673246
127.92	-0.01395427
127.94	-0.018396285
127.96	-0.018597621
127.98	-0.017067514
128	-0.017285705
128.02	-0.017060193
128.04	-0.022157606
128.06	-0.020397656
128.08	-0.018030251
128.1	-0.012235806
128.12	0.030644033
128.14	0.014235871
128.16	0.013578572
128.18	0.011735526
128.2	0.011720608
128.22	0.011218146
128.24	0.007089674
128.26	0.004537864
128.28	0.00562676
128.3	0.008261945
128.32	0.007794617
128.34	0.009919127
128.36	0.00893163
128.38	0.010104732
128.4	0.006491819
128.42	0.002886098
128.44	0.006222771
128.46	0.006381456
128.48	0.011490186
128.5	0.01720612
128.52	0.008584255
128.54	0.011397215
128.56	0.0062657
128.58	0.009071234
128.6	-0.002468892
128.62	0.001107897
128.64	0.000935638
128.66	0.000884427
128.68	0.003778065
128.7	0.004365063
128.72	0.000929217
128.74	-0.000797405
128.76	0.00194178
128.78	0.005612732
128.8	0.008159935
128.82	0.005268041
128.84	0.00526773
128.86	0.004387551
128.88	0.007650518
128.9	0.004001079
128.92	0.00406503
128.94	0.00462799
128.96	0.013523196
128.98	0.017304548
129	0.017739123
129.02	0.017597262
129.04	0.014508236
129.06	0.010366303
129.08	0.017068542
129.1	0.015050782
129.12	0.019331162
129.14	0.018005091
129.16	0.016176403
129.18	0.006291086
129.2	0.003517385
129.22	0.00375728
129.24	-0.000949835
129.26	-0.002254231
129.28	-0.004332636
129.3	-0.007133949
129.32	-0.009392394
129.34	-0.014397883
129.36	-0.017940498
129.38	-0.020921093
129.4	-0.021537611
129.42	-0.02035826
129.44	-0.018866537
129.46	-0.010695754
129.48	-0.003181515
129.5	-0.001748922
129.52	-0.009503957
129.54	-0.008866042
129.56	-0.002634354
129.58	-0.00014824
129.6	-0.001517687
129.62	-0.003322743
129.64	-0.007594771
129.66	-0.004243546
129.68	0.000558103
129.7	0.001728927
129.72	0.003023519
129.74	0.002324301
129.76	0.003669076
129.78	0.004081105
129.8	-0.000748491
129.82	-0.007052299
129.84	-0.003660935
129.86	-0.00796708
129.88	-0.005138808
129.9	-0.003527374
129.92	-0.005615876
129.94	-0.008437847
129.96	-0.012191965
129.98	-0.012984926
130	-0.010054746
130.02	-0.012439404
130.04	-0.005908007
130.06	0.019626414
130.08	0.003930626
130.1	0.00774198
130.12	0.003345898
130.14	-0.002883419
130.16	-0.01520385
130.18	-0.011403512
130.2	-0.009334205
130.22	-0.00875026
130.24	-0.00418404
130.26	-0.001453442
130.28	-0.00479978
130.3	-0.006939964
130.32	-0.009965319
130.34	-0.013879671
130.36	-0.018026348
130.38	-0.005492
130.4	0.001501078
130.42	-0.00078948
130.44	0.000679826
130.46	0.005081677
130.48	0.002107829
130.5	0.00144752
130.52	-0.003183676
130.54	2.70587E-05
130.56	0.00338672
130.58	0.000728018
130.6	0.001228802
130.62	-0.002966678
130.64	-0.004798009
130.66	-0.003154744
130.68	-0.004085487
130.7	-0.005667004
130.72	-0.00833269
130.74	-0.005888395
130.76	-0.005340914
130.78	0.000300391
130.8	-0.004997434
130.82	-0.003693019
130.84	-0.005003503
130.86	-0.005794693
130.88	-0.011566783
130.9	-0.018150386
130.92	-0.019752736
130.94	-0.018202236
130.96	-0.017411523
130.98	-0.015375137
131	-0.015632403
131.02	-0.008089376
131.04	-0.000623292
131.06	0.000335893
131.08	-0.002535996
131.1	0.001465204
131.12	0.006893362
131.14	0.009989746
131.16	0.010876129
131.18	0.009331068
131.2	0.008876368
131.22	0.009509068
131.24	0.008388194
131.26	0.00260922
131.28	-0.00266852
131.3	-0.010304655
131.32	-0.018566774
131.34	-0.017615526
131.36	-0.015043244
131.38	-0.014158303
131.4	-0.017318275
131.42	-0.015147527
131.44	-0.009840949
131.46	-0.000569995
131.48	0.018178388
131.5	0.009685159
131.52	0.005079408
131.54	0.002366703
131.56	-0.002611982
131.58	-0.001459609
131.6	-0.002756181
131.62	-0.005713521
131.64	-0.013771446
131.66	-0.010836656
131.68	-0.005671777
131.7	-0.00423783
131.72	0.002020213
131.74	0.002785557
131.76	-3.50873E-05
131.78	0.000708726
131.8	0.025431833
131.82	0.022691645
131.84	0.022682796
131.86	0.018993139
131.88	0.004448877
131.9	-0.009330421
131.92	-0.012802539
131.94	-0.010034407
131.96	-0.012999866
131.98	-0.014686078
132	-0.014148556
132.02	-0.008686882
132.04	0.000302276
132.06	0.003839807
132.08	0.004880938
132.1	0.004096642
132.12	0.002472976
132.14	0.016037621
132.16	0.01650935
132.18	0.015684893
132.2	0.010546509
132.22	-0.000350947
132.24	-0.001129948
132.26	-0.006765555
132.28	-0.009065124
132.3	-0.017268556
132.32	-0.02116001
132.34	-0.022717591
132.36	-0.014872346
132.38	-0.002046714
132.4	0.009265157
132.42	0.013509148
132.44	0.021328204
132.46	0.023999425
132.48	0.018566313
132.5	0.01630359
132.52	0.019280374
132.54	0.018929697
132.56	0.02047382
132.58	0.015713404
132.6	0.013946391
132.62	0.014396982
132.64	0.018153885
132.66	0.019892254
132.68	0.020037767
132.7	0.02178623
132.72	0.02145797
132.74	0.020944462
132.76	0.025662278
132.78	0.028392513
132.8	0.031823364
132.82	0.014057947
132.84	0.018484649
132.86	0.012899921
132.88	0.009724629
132.9	0.012445787
132.92	0.009000359
132.94	0.001878096
132.96	-0.007998741
132.98	-0.00651404
133	-0.002173163
133.02	0.002565553
133.04	0.002525194
133.06	0.015763184
133.08	0.019818356
133.1	0.015513814
133.12	0.016784897
133.14	0.017662367
133.16	0.01758405
133.18	-0.008189675
133.2	-0.004368575
133.22	-0.003259906
133.24	-0.005297962
133.26	-0.003083166
133.28	-0.001525527
133.3	0.003029253
133.32	0.002690658
133.34	0.000780143
133.36	0.002370872
133.38	0.00339516
133.4	0.001536877
133.42	-0.004568174
133.44	-0.008205593
133.46	-0.00855588
133.48	-0.004649101
133.5	-0.001037858
133.52	-0.002959552
133.54	-0.006871449
133.56	-0.011955212
133.58	-0.015720766
133.6	-0.016947212
133.62	-0.020689865
133.64	-0.023764272
133.66	-0.024399242
133.68	-0.025883092
133.7	-0.024322927
133.72	-0.020217607
133.74	-0.014794872
133.76	-0.01338497
133.78	-0.01563592
133.8	-0.014780403
133.82	-0.013565186
133.84	-0.01714197
133.86	-0.023709212
133.88	-0.024374772
133.9	-0.02796485
133.92	-0.024228562
133.94	-0.020978813
133.96	0.001515704
133.98	0.002929944
134	0.004577794
134.02	0.006737141
134.04	0.000713682
134.06	0.00610641
134.08	0.000160418
134.1	-0.00304284
134.12	-0.003804599
134.14	0.00136003
134.16	0.002948629
134.18	0.003817205
134.2	0.002571024
134.22	0.003623863
134.24	0.003521319
134.26	0.000449857
134.28	-0.002772609
134.3	0.002225891
134.32	0.021002788
134.34	0.009507798
134.36	0.005420502
134.38	0.009930748
134.4	0.011258985
134.42	0.006814034
134.44	0.002459354
134.46	0.005471777
134.48	0.008052049
134.5	0.010124519
134.52	0.007686101
134.54	0.005424552
134.56	0.007449409
134.58	0.010360812
134.6	0.005620576
134.62	0.001051213
134.64	0.001588888
134.66	0.005723213
134.68	0.004930285
134.7	-0.019455013
134.72	-0.012153823
134.74	-0.004410027
134.76	0.002148659
134.78	0.004100995
134.8	0.005718804
134.82	0.00877657
134.84	0.010173563
134.86	0.007577971
134.88	0.005326601
134.9	-0.002274414
134.92	0.004348301
134.94	0.003095006
134.96	0.004033013
134.98	0.002256861
135	-0.000719086
135.02	-0.004532422
135.04	-0.007713474
135.06	-0.002274666
135.08	-0.00443168
135.1	-0.000129662
135.12	0.003633339
135.14	0.003077286
135.16	0.007392902
135.18	0.004439057
135.2	0.006073992
135.22	0.003303479
135.24	0.00339798
135.26	0.001499531
135.28	-0.001609086
135.3	-0.004943129
135.32	-0.006645398
135.34	-0.005834377
135.36	-0.007227048
135.38	-0.008577419
135.4	-0.012010153
135.42	-0.009695476
135.44	-0.006407192
135.46	-0.001197748
135.48	-0.00552158
135.5	-0.004651609
135.52	-0.006861167
135.54	-0.004506553
135.56	-0.004422047
135.58	-0.004458505
135.6	-0.011916024
135.62	-0.006897562
135.64	-0.003238974
135.66	-0.004767445
135.68	-0.005885428
135.7	-0.003595631
135.72	-0.003071343
135.74	-0.004234124
135.76	-0.004106376
135.78	-0.002569013
135.8	-0.002150139
135.82	-0.000889936
135.84	-0.001688472
135.86	0.00158416
135.88	0.004585573
135.9	0.006364023
135.92	0.004571413
135.94	0.006693679
135.96	0.006925764
135.98	0.003750348
136	-0.000303962
136.02	-0.000586697
136.04	0.001868603
136.06	0.002631031
136.08	0.002281564
136.1	0.004422396
136.12	0.005569044
136.14	0.011273707
136.16	0.00875251
136.18	0.006628551
136.2	0.006783458
136.22	0.009280303
136.24	0.006089878
136.26	0.00549786
136.28	0.004248524
136.3	0.00210924
136.32	0.001099937
136.34	0.001894501
136.36	0.002365529
136.38	0.001944076
136.4	0.001984356
136.42	0.001380714
136.44	0.001129011
136.46	0.002610834
136.48	0.002567974
136.5	0.001482244
136.52	0.003746211
136.54	0.002703612
136.56	0.002309801
136.58	0.000243343
136.6	-0.000567515
136.62	0.000791986
136.64	0.00086893
136.66	-4.96921E-05
136.68	-0.000635394
136.7	-0.000287338
136.72	-0.000284656
136.74	-0.00186988
136.76	-0.003699116
136.78	-0.003810573
136.8	-0.004130836
136.82	-0.003039996
136.84	-0.000302022
136.86	-0.000924244
136.88	-0.001179747
136.9	-0.001354779
136.92	-0.001235352
136.94	-0.002577602
136.96	-0.003231943
136.98	-0.004383374
137	-0.00510649
137.02	-0.005632106
137.04	-0.005141253
137.06	-0.007741998
137.08	-0.005144991
137.1	-0.003677815
137.12	-0.00244658
137.14	-0.002051433
137.16	-0.002329016
137.18	-0.002624345
137.2	-0.002686993
137.22	-0.002761221
137.24	-0.002989307
137.26	-0.002958033
137.28	-0.002803716
137.3	-0.003094195
137.32	-0.002415115
137.34	-0.002187749
137.36	-0.000749236
137.38	-0.000269376
137.4	0.000272157
137.42	0.001479357
137.44	0.001065024
137.46	0.001338022
137.48	0.001771658
137.5	0.002126376
137.52	0.002140265
137.54	0.002278655
137.56	0.002332849
137.58	0.003044437
137.6	0.004611697
137.62	0.004673278
137.64	0.004291954
137.66	0.004147886
137.68	0.003560802
137.7	0.002673011
137.72	0.002812695
137.74	0.002739229
137.76	0.00242876
137.78	0.003383492
137.8	0.003795736
137.82	0.004052912
137.84	0.004491616
137.86	0.00452641
137.88	0.004258447
137.9	0.003705009
137.92	0.003044417
137.94	0.001721887
137.96	0.0009944
137.98	0.000708366
138	0.000474393
138.02	0.00036095
138.04	0.000291626
138.06	0.00050062
138.08	0.000767916
138.1	0.001915909
138.12	0.001585905
138.14	0.001806142
138.16	0.001270766
138.18	0.000627696
138.2	4.1216E-05
138.22	-0.000841741
138.24	-0.001078578
138.26	-0.001489231
138.28	-0.001468621
138.3	-0.001769005
138.32	-0.002095266
138.34	-0.002120315
138.36	-0.001777734
138.38	-0.001555896
138.4	-0.001928513
138.42	-0.002333926
138.44	-0.003122571
138.46	-0.003396693
138.48	-0.003132765
138.5	-0.003162927
138.52	-0.003018367
138.54	-0.00256825
138.56	-0.002122805
138.58	-0.002247501
138.6	-0.002431377
138.62	-0.002833259
138.64	-0.003592387
138.66	-0.003515189
138.68	-0.003852431
138.7	-0.004252815
138.72	-0.0037198
138.74	-0.003270789
138.76	-0.002413534
138.78	-0.001694261
138.8	-0.001098973
138.82	-0.000817576
138.84	-0.000560714
138.86	-0.000410967
138.88	-0.000217492
138.9	-0.000347071
138.92	-0.000559633
138.94	-0.000856111
138.96	-0.000712319
138.98	-0.000202178
139	0.000365128
139.02	0.001101969
139.04	0.001727422
139.06	0.002467169
139.08	0.002447041
139.1	0.002445406
139.12	0.002850437
139.14	0.002678366
139.16	0.002616441
139.18	0.002351213
139.2	0.002016751
139.22	0.00198074
139.24	0.002247063
139.26	0.002498833
139.28	0.002774743
139.3	0.003034971
139.32	0.002994253
139.34	0.002707551
139.36	0.002623249
139.38	0.002346225
139.4	0.002062618
139.42	0.001836518
139.44	0.001795389
139.46	0.001999172
139.48	0.002150488
139.5	0.002011679
139.52	0.001965944
139.54	0.001926631
139.56	0.001747193
139.58	0.001311854
139.6	0.000639609
139.62	0.000360933
139.64	0.000276012
139.66	1.99099E-06
139.68	7.55947E-05
139.7	-0.000117744
139.72	-4.46341E-05
139.74	-3.98706E-06
139.76	0.000122508
139.78	9.0368E-05
139.8	-0.00027622
139.82	-0.000637666
139.84	-0.001173315
139.86	-0.001601798
139.88	-0.001930496
139.9	-0.002286877
139.92	-0.002477819
139.94	-0.002501311
139.96	-0.002534971
139.98	-0.002421071
140	-0.002133913
140.02	-0.00196299
140.04	-0.001734562
140.06	-0.001827472
140.08	-0.002083431
140.1	-0.002444824
140.12	-0.002648544
140.14	-0.002720646
140.16	-0.002816169
140.18	-0.002922127
140.2	-0.002764182
140.22	-0.002578627
140.24	-0.002135076
140.26	-0.00182242
140.28	-0.001623322
140.3	-0.001504169
140.32	-0.001397747
140.34	-0.001320222
140.36	-0.001215979
140.38	-0.000947439
140.4	-0.000655074
140.42	-0.000266867
140.44	0.000120262
140.46	0.000404742
140.48	0.000564812
140.5	0.000725069
140.52	0.000853695
140.54	0.000850527
140.56	0.000844745
140.58	0.000673797
140.6	0.000655286
140.62	0.000792921
140.64	0.001072794
140.66	0.001380278
140.68	0.001650853
140.7	0.001925689
140.72	0.002151032
140.74	0.002251354
140.76	0.002289615
140.78	0.002224535
140.8	0.002106835
140.82	0.00191611
140.84	0.001685651
140.86	0.001539549
140.88	0.001572712
140.9	0.001671028
140.92	0.001840066
140.94	0.002053475
140.96	0.002196261
140.98	0.002097974
141	0.002194994
141.02	0.001872962
141.04	0.001724018
141.06	0.001334947
141.08	0.001027021
141.1	0.000780738
141.12	0.000635995
141.14	0.000504486
141.16	0.000521572
141.18	0.000482911
141.2	0.000443324
141.22	0.000354107
141.24	0.000143885
141.26	-0.000110493
141.28	-0.000378688
141.3	-0.000626406
141.32	-0.00080958
141.34	-0.000937978
141.36	-0.001040699
141.38	-0.001066592
141.4	-0.001094404
141.42	-0.001161476
141.44	-0.001260077
141.46	-0.0015108
141.48	-0.001752337
141.5	-0.001996057
141.52	-0.002107965
141.54	-0.0023199
141.56	-0.002356098
141.58	-0.002342584
141.6	-0.002231738
141.62	-0.002061602
141.64	-0.001814964
141.66	-0.00164598
141.68	-0.001500858
141.7	-0.001449668
141.72	-0.001530074
141.74	-0.001553352
141.76	-0.00160353
141.78	-0.001585956
141.8	-0.001496333
141.82	-0.001372173
141.84	-0.001253691
141.86	-0.001081208
141.88	-0.000625291
141.9	-0.00036736
141.92	-0.000138237
141.94	-7.27894E-05
141.96	-4.56458E-05
141.98	1.50096E-05
142	-5.11564E-05
142.02	-3.17858E-05
142.04	5.21432E-05
142.06	0.00016092
142.08	0.000358244
142.1	0.000558908
142.12	0.000797374
142.14	0.00103822
142.16	0.001214397
142.18	0.001308484
142.2	0.001350312
142.22	0.00134032
142.24	0.001300789
142.26	0.001354836
142.28	0.001436692
142.3	0.001553099
142.32	0.00165386
142.34	0.001714464
142.36	0.001744555
142.38	0.001774975
142.4	0.001795473
142.42	0.001634979
142.44	0.001552364
142.46	0.001417712
142.48	0.001321292
142.5	0.001249611
142.52	0.001203786
142.54	0.001290633
142.56	0.001296377
142.58	0.001317911
142.6	0.001266565
142.62	0.001188001
142.64	0.001032791
142.66	0.000807316
142.68	0.000548839
142.7	0.000279409
142.72	2.24897E-05
142.74	-0.000189846
142.76	-0.000297032
142.78	-0.000368384
142.8	-0.000398923
142.82	-0.000458815
142.84	-0.000475034
142.86	-0.000549625
142.88	-0.0006581
142.9	-0.000781467
142.92	-0.000983814
142.94	-0.001189985
142.96	-0.001349562
142.98	-0.001468854
143	-0.00150895
143.02	-0.00149167
143.04	-0.001433582
143.06	-0.001371708
143.08	-0.001351614
143.1	-0.001349858
143.12	-0.001368011
143.14	-0.001364213
143.16	-0.001391957
143.18	-0.001421024
143.2	-0.001431006
143.22	-0.001403862
143.24	-0.00133282
143.26	-0.001218052
143.28	-0.001095827
143.3	-0.001012511
143.32	-0.000943193
143.34	-0.000942822
143.36	-0.000879422
143.38	-0.000857632
143.4	-0.00080154
143.42	-0.000717971
143.44	-0.000627857
143.46	-0.000472829
143.48	-0.000312489
143.5	-0.000113086
143.52	0.000103644
143.54	0.000292433
143.56	0.000415039
143.58	0.000466833
143.6	0.000490756
143.62	0.000512099
143.64	0.000541112
143.66	0.000578462
143.68	0.000630339
143.7	0.000716856
143.72	0.000844748
143.74	0.000980667
143.76	0.001146501
143.78	0.001296656
143.8	0.001391236
143.82	0.001430666
143.84	0.001414902
143.86	0.001378763
143.88	0.001334288
143.9	0.001272431
143.92	0.001245948
143.94	0.001240229
143.96	0.001243974
143.98	0.001247889
144	0.001255354
144.02	0.001262016
144.04	0.001192909
144.06	0.001093115
144.08	0.000967158
144.1	0.000840418
144.12	0.000716958
144.14	0.000598002
144.16	0.00049844
144.18	0.000407864
144.2	0.000316988
144.22	0.000244738
144.24	0.000178061
144.26	7.99068E-05
144.28	-1.36979E-05
144.3	-0.000145383
144.32	-0.000282944
144.34	-0.000408598
144.36	-0.000519133
144.38	-0.000582752
144.4	-0.00062263
144.42	-0.000647465
144.44	-0.000668629
144.46	-0.000692074
144.48	-0.000727826
144.5	-0.000778075
144.52	-0.000844825
144.54	-0.000944639
144.56	-0.001067648
144.58	-0.001164306
144.6	-0.001243287
144.62	-0.001275863
144.64	-0.001267403
144.66	-0.001227104
144.68	-0.001163151
144.7	-0.001090349
144.72	-0.001017886
144.74	-0.000956266
144.76	-0.000922817
144.78	-0.000916933
144.8	-0.000932593
144.82	-0.000943395
144.84	-0.000932668
144.86	-0.000885004
144.88	-0.000800077
144.9	-0.000692898
144.92	-0.000576945
144.94	-0.000457266
144.96	-0.000355633
144.98	-0.000245862
145	-0.000151542
145.02	-8.25949E-05
145.04	-1.76918E-05
145.06	4.0065E-05
145.08	0.000115339
145.1	0.000213876
145.12	0.000318213
145.14	0.000428824
145.16	0.000546228
145.18	0.000641734
145.2	0.000718725
145.22	0.000777991
145.24	0.000822904
145.26	0.000856837
145.28	0.00088019
145.3	0.000904825
145.32	0.000936768
145.34	0.000985348
145.36	0.001031218
145.38	0.001074134
145.4	0.001113413
145.42	0.001118329
145.44	0.00109434
145.46	0.00104891
145.48	0.000980634
145.5	0.000906115