0	0
0.02	-2.45118E-06
0.04	-2.45121E-06
0.06	-2.45126E-06
0.08	-2.45135E-06
0.1	-2.4515E-06
0.12	-2.45201E-06
0.14	-2.45457E-06
0.16	-2.46412E-06
0.18	-2.48493E-06
0.2	-2.50871E-06
0.22	-2.52633E-06
0.24	-2.54684E-06
0.26	-2.56776E-06
0.28	-2.58672E-06
0.3	-2.60786E-06
0.32	-2.62702E-06
0.34	-2.64776E-06
0.36	-2.66679E-06
0.38	-2.68759E-06
0.4	-2.70702E-06
0.42	-2.72697E-06
0.44	-2.7468E-06
0.46	-2.76672E-06
0.48	-2.78655E-06
0.5	-2.80546E-06
0.52	-2.82559E-06
0.54	-2.84508E-06
0.56	-2.86444E-06
0.58	-2.88326E-06
0.6	-2.90188E-06
0.62	-2.92202E-06
0.64	-2.94171E-06
0.66	-2.96099E-06
0.68	-2.97987E-06
0.7	-2.99829E-06
0.72	-3.01898E-06
0.74	-3.04372E-06
0.76	-3.07182E-06
0.78	-3.10427E-06
0.8	-3.13723E-06
0.82	-3.16536E-06
0.84	-3.18925E-06
0.86	-3.21235E-06
0.88	-3.2359E-06
0.9	-3.25648E-06
0.92	-3.27236E-06
0.94	-3.28734E-06
0.96	-3.30263E-06
0.98	-3.31531E-06
1	-3.32593E-06
1.02	-3.33379E-06
1.04	-3.33499E-06
1.06	-3.33207E-06
1.08	-3.32657E-06
1.1	-3.31881E-06
1.12	-3.31304E-06
1.14	-3.31018E-06
1.16	-3.30715E-06
1.18	-3.30328E-06
1.2	-3.29886E-06
1.22	-3.29672E-06
1.24	-3.29472E-06
1.26	-3.29172E-06
1.28	-3.28819E-06
1.3	-3.28493E-06
1.32	-3.28251E-06
1.34	-3.27874E-06
1.36	-3.27562E-06
1.38	-3.27199E-06
1.4	-3.26735E-06
1.42	-3.26359E-06
1.44	-3.25973E-06
1.46	-3.25462E-06
1.48	-3.24952E-06
1.5	-3.24438E-06
1.52	-3.23759E-06
1.54	-3.23097E-06
1.56	-3.22369E-06
1.58	-3.21674E-06
1.6	-3.2085E-06
1.62	-3.19736E-06
1.64	-3.183E-06
1.66	-3.16729E-06
1.68	-3.15168E-06
1.7	-3.1384E-06
1.72	-3.12717E-06
1.74	-3.11907E-06
1.76	-3.11157E-06
1.78	-3.10499E-06
1.8	-3.0989E-06
1.82	-3.09411E-06
1.84	-3.09075E-06
1.86	-3.08653E-06
1.88	-3.08098E-06
1.9	-3.0766E-06
1.92	-3.0755E-06
1.94	-3.07536E-06
1.96	-3.07446E-06
1.98	-3.0721E-06
2	-3.06689E-06
2.02	-3.05795E-06
2.04	-3.04596E-06
2.06	-3.03158E-06
2.08	-3.01501E-06
2.1	-2.99673E-06
2.12	-2.97664E-06
2.14	-2.95472E-06
2.16	-2.93051E-06
2.18	-2.90597E-06
2.2	-2.88036E-06
2.22	-2.85242E-06
2.24	-2.82261E-06
2.26	-2.79242E-06
2.28	-2.76088E-06
2.3	-2.728E-06
2.32	-2.69347E-06
2.34	-2.65755E-06
2.36	-2.62061E-06
2.38	-2.583E-06
2.4	-2.54419E-06
2.42	-2.5043E-06
2.44	-2.46258E-06
2.46	-2.41993E-06
2.48	-2.37645E-06
2.5	-2.33245E-06
2.52	-2.28821E-06
2.54	-2.24381E-06
2.56	-2.19758E-06
2.58	-2.14751E-06
2.6	-2.09364E-06
2.62	-2.03679E-06
2.64	-1.97706E-06
2.66	-1.91558E-06
2.68	-1.85215E-06
2.7	-1.7868E-06
2.72	-1.7206E-06
2.74	-1.65328E-06
2.76	-1.58509E-06
2.78	-1.51606E-06
2.8	-1.44556E-06
2.82	-1.37292E-06
2.84	-1.29904E-06
2.86	-1.22579E-06
2.88	-1.15432E-06
2.9	-1.08441E-06
2.92	-1.01494E-06
2.94	-9.45708E-07
2.96	-8.76691E-07
2.98	-8.07293E-07
3	-7.36656E-07
3.02	-6.64887E-07
3.04	-5.9218E-07
3.06	-5.17807E-07
3.08	-4.42094E-07
3.1	-3.64988E-07
3.12	-2.8615E-07
3.14	-2.05744E-07
3.16	-1.24088E-07
3.18	-4.04646E-08
3.2	4.51361E-08
3.22	1.3219E-07
3.24	2.20705E-07
3.26	3.11407E-07
3.28	4.04422E-07
3.3	4.99298E-07
3.32	5.95673E-07
3.34	6.93665E-07
3.36	7.93832E-07
3.38	8.96204E-07
3.4	1.00129E-06
3.42	1.10834E-06
3.44	1.21668E-06
3.46	1.32581E-06
3.48	1.4353E-06
3.5	1.54508E-06
3.52	1.65611E-06
3.54	1.76915E-06
3.56	1.88458E-06
3.58	2.00235E-06
3.6	2.12249E-06
3.62	2.24588E-06
3.64	2.37245E-06
3.66	2.50184E-06
3.68	2.63367E-06
3.7	2.76791E-06
3.72	2.90492E-06
3.74	3.04533E-06
3.76	3.18995E-06
3.78	3.33874E-06
3.8	3.49141E-06
3.82	3.64709E-06
3.84	3.805E-06
3.86	3.96499E-06
3.88	4.12721E-06
3.9	4.291E-06
3.92	4.45601E-06
3.94	4.6225E-06
3.96	4.79064E-06
3.98	4.96045E-06
4	5.13186E-06
4.02	5.30469E-06
4.04	5.47928E-06
4.06	5.65559E-06
4.08	5.83364E-06
4.1	6.01348E-06
4.12	6.19505E-06
4.14	6.37829E-06
4.16	6.56334E-06
4.18	6.75032E-06
4.2	6.93908E-06
4.22	7.1299E-06
4.24	7.32309E-06
4.26	7.51817E-06
4.28	7.71473E-06
4.3	7.91334E-06
4.32	8.1145E-06
4.34	8.31865E-06
4.36	8.52599E-06
4.38	8.73632E-06
4.4	8.94908E-06
4.42	9.164E-06
4.44	9.38061E-06
4.46	9.59871E-06
4.48	9.81824E-06
4.5	1.00392E-05
4.52	1.02617E-05
4.54	1.04856E-05
4.56	1.07114E-05
4.58	1.09393E-05
4.6	1.11696E-05
4.62	1.14015E-05
4.64	1.16348E-05
4.66	1.18695E-05
4.68	1.21061E-05
4.7	1.23451E-05
4.72	1.25871E-05
4.74	1.28324E-05
4.76	1.30812E-05
4.78	1.33336E-05
4.8	1.35896E-05
4.82	1.38492E-05
4.84	1.41123E-05
4.86	1.43788E-05
4.88	1.46483E-05
4.9	1.4921E-05
4.92	1.51968E-05
4.94	1.54757E-05
4.96	1.57574E-05
4.98	1.60418E-05
5	1.63292E-05
5.02	1.66194E-05
5.04	1.69124E-05
5.06	1.72081E-05
5.08	1.75063E-05
5.1	1.7807E-05
5.12	1.81102E-05
5.14	1.8416E-05
5.16	1.87243E-05
5.18	1.90352E-05
5.2	1.93484E-05
5.22	1.96636E-05
5.24	1.99806E-05
5.26	2.02994E-05
5.28	2.06206E-05
5.3	2.09447E-05
5.32	2.12715E-05
5.34	2.16013E-05
5.36	2.19343E-05
5.38	2.22702E-05
5.4	2.2609E-05
5.42	2.29506E-05
5.44	2.32945E-05
5.46	2.36407E-05
5.48	2.3989E-05
5.5	2.43395E-05
5.52	2.46924E-05
5.54	2.50478E-05
5.56	2.54054E-05
5.58	2.57647E-05
5.6	2.61254E-05
5.62	2.64871E-05
5.64	2.68498E-05
5.66	2.72137E-05
5.68	2.75786E-05
5.7	2.79447E-05
5.72	2.83123E-05
5.74	2.86816E-05
5.76	2.90526E-05
5.78	2.94256E-05
5.8	2.98005E-05
5.82	3.01774E-05
5.84	3.05564E-05
5.86	3.09375E-05
5.88	3.13207E-05
5.9	3.17061E-05
5.92	3.20935E-05
5.94	3.24829E-05
5.96	3.28745E-05
5.98	3.32684E-05
6	3.36644E-05
6.02	3.40625E-05
6.04	3.44625E-05
6.06	3.48645E-05
6.08	3.52686E-05
6.1	3.56747E-05
6.12	3.60831E-05
6.14	3.64935E-05
6.16	3.69057E-05
6.18	3.73193E-05
6.2	3.77341E-05
6.22	3.81499E-05
6.24	3.85669E-05
6.26	3.89851E-05
6.28	3.94044E-05
6.3	3.98249E-05
6.32	4.02469E-05
6.34	4.06705E-05
6.36	4.10958E-05
6.38	4.15225E-05
6.4	4.19505E-05
6.42	4.23797E-05
6.44	4.28102E-05
6.46	4.32421E-05
6.48	4.36756E-05
6.5	4.41107E-05
6.52	4.45475E-05
6.54	4.49856E-05
6.56	4.54249E-05
6.58	4.58651E-05
6.6	4.63059E-05
6.62	4.67471E-05
6.64	4.71883E-05
6.66	4.76295E-05
6.68	4.80705E-05
6.7	4.85113E-05
6.72	4.89517E-05
6.74	4.93917E-05
6.76	4.98311E-05
6.78	5.02699E-05
6.8	5.07083E-05
6.82	5.11459E-05
6.84	5.15828E-05
6.86	5.20189E-05
6.88	5.2454E-05
6.9	5.28882E-05
6.92	5.33216E-05
6.94	5.3754E-05
6.96	5.41854E-05
6.98	5.46155E-05
7	5.50444E-05
7.02	5.5472E-05
7.04	5.58984E-05
7.06	5.63236E-05
7.08	5.67478E-05
7.1	5.71709E-05
7.12	5.75927E-05
7.14	5.80132E-05
7.16	5.8432E-05
7.18	5.88489E-05
7.2	5.92638E-05
7.22	5.96764E-05
7.24	6.00865E-05
7.26	6.04941E-05
7.28	6.08992E-05
7.3	6.13018E-05
7.32	6.17019E-05
7.34	6.2099E-05
7.36	6.24931E-05
7.38	6.2884E-05
7.4	6.32717E-05
7.42	6.36561E-05
7.44	6.40373E-05
7.46	6.44155E-05
7.48	6.47906E-05
7.5	6.51626E-05
7.52	6.55316E-05
7.54	6.58975E-05
7.56	6.62602E-05
7.58	6.66194E-05
7.6	6.6975E-05
7.62	6.73268E-05
7.64	6.76746E-05
7.66	6.80183E-05
7.68	6.83576E-05
7.7	6.86922E-05
7.72	6.90222E-05
7.74	6.93472E-05
7.76	6.96672E-05
7.78	6.99819E-05
7.8	7.0291E-05
7.82	7.05944E-05
7.84	7.0892E-05
7.86	7.11835E-05
7.88	7.14688E-05
7.9	7.17478E-05
7.92	7.20201E-05
7.94	7.22855E-05
7.96	7.25438E-05
7.98	7.27948E-05
8	7.30382E-05
8.02	7.32742E-05
8.04	7.35026E-05
8.06	7.37233E-05
8.08	7.39363E-05
8.1	7.41415E-05
8.12	7.43387E-05
8.14	7.45277E-05
8.16	7.47082E-05
8.18	7.488E-05
8.2	7.50428E-05
8.22	7.51964E-05
8.24	7.53408E-05
8.26	7.54759E-05
8.28	7.56012E-05
8.3	7.57166E-05
8.32	7.58218E-05
8.34	7.59163E-05
8.36	7.59999E-05
8.38	7.60724E-05
8.4	7.61335E-05
8.42	7.61829E-05
8.44	7.62207E-05
8.46	7.62467E-05
8.48	7.62607E-05
8.5	7.62626E-05
8.52	7.62524E-05
8.54	7.62298E-05
8.56	7.61947E-05
8.58	7.6147E-05
8.6	7.60865E-05
8.62	7.60129E-05
8.64	7.59262E-05
8.66	7.5826E-05
8.68	7.57122E-05
8.7	7.55846E-05
8.72	7.5443E-05
8.74	7.52872E-05
8.76	7.51168E-05
8.78	7.49316E-05
8.8	7.47315E-05
8.82	7.45162E-05
8.84	7.42855E-05
8.86	7.40393E-05
8.88	7.37771E-05
8.9	7.34986E-05
8.92	7.32035E-05
8.94	7.28914E-05
8.96	7.25621E-05
8.98	7.22152E-05
9	7.18504E-05
9.02	7.14676E-05
9.04	7.10665E-05
9.06	7.0647E-05
9.08	7.02088E-05
9.1	6.97516E-05
9.12	6.92752E-05
9.14	6.87793E-05
9.16	6.82636E-05
9.18	6.77278E-05
9.2	6.71719E-05
9.22	6.65956E-05
9.24	6.59986E-05
9.26	6.53807E-05
9.28	6.47415E-05
9.3	6.40808E-05
9.32	6.33981E-05
9.34	6.26931E-05
9.36	6.19654E-05
9.38	6.12145E-05
9.4	6.04402E-05
9.42	5.96421E-05
9.44	5.88198E-05
9.46	5.79731E-05
9.48	5.71015E-05
9.5	5.62049E-05
9.52	5.5283E-05
9.54	5.43354E-05
9.56	5.33618E-05
9.58	5.23619E-05
9.6	5.13355E-05
9.62	5.02823E-05
9.64	4.9202E-05
9.66	4.80942E-05
9.68	4.69589E-05
9.7	4.57955E-05
9.72	4.46038E-05
9.74	4.33835E-05
9.76	4.21343E-05
9.78	4.08561E-05
9.8	3.95485E-05
9.82	3.82113E-05
9.84	3.68443E-05
9.86	3.54471E-05
9.88	3.40194E-05
9.9	3.25608E-05
9.92	3.1071E-05
9.94	2.95495E-05
9.96	2.7996E-05
9.98	2.64103E-05
10	2.47918E-05
10.02	2.31405E-05
10.04	2.14559E-05
10.06	1.97376E-05
10.08	1.79854E-05
10.1	1.61988E-05
10.12	1.43775E-05
10.14	1.25212E-05
10.16	1.06296E-05
10.18	8.70245E-06
10.2	6.73946E-06
10.22	4.74038E-06
10.24	2.70498E-06
10.26	6.32975E-07
10.28	-1.47594E-06
10.3	-3.6221E-06
10.32	-5.80581E-06
10.34	-8.02743E-06
10.36	-1.02873E-05
10.38	-1.25858E-05
10.4	-1.49234E-05
10.42	-1.73003E-05
10.44	-1.9717E-05
10.46	-2.21737E-05
10.48	-2.46709E-05
10.5	-2.72089E-05
10.52	-2.97881E-05
10.54	-3.24089E-05
10.56	-3.50716E-05
10.58	-3.77765E-05
10.6	-4.05239E-05
10.62	-4.33143E-05
10.64	-4.6148E-05
10.66	-4.90253E-05
10.68	-5.19467E-05
10.7	-5.49124E-05
10.72	-5.79227E-05
10.74	-6.09781E-05
10.76	-6.40788E-05
10.78	-6.72251E-05
10.8	-7.04172E-05
10.82	-7.36553E-05
10.84	-7.69398E-05
10.86	-8.0271E-05
10.88	-8.36491E-05
10.9	-8.70745E-05
10.92	-9.05474E-05
10.94	-9.40683E-05
10.96	-9.76373E-05
10.98	-0.000101255
11	-0.000104921
11.02	-0.000108636
11.04	-0.000112401
11.06	-0.000116215
11.08	-0.000120079
11.1	-0.000123994
11.12	-0.000127959
11.14	-0.000131975
11.16	-0.000136042
11.18	-0.000140161
11.2	-0.000144332
11.22	-0.000148554
11.24	-0.000152828
11.26	-0.000157155
11.28	-0.000161535
11.3	-0.000165967
11.32	-0.000170451
11.34	-0.00017499
11.36	-0.000179581
11.38	-0.000184226
11.4	-0.000188925
11.42	-0.000193677
11.44	-0.000198484
11.46	-0.000203345
11.48	-0.000208261
11.5	-0.000213232
11.52	-0.000218257
11.54	-0.000223338
11.56	-0.000228474
11.58	-0.000233665
11.6	-0.000238912
11.62	-0.000244215
11.64	-0.000249574
11.66	-0.000254989
11.68	-0.000260461
11.7	-0.000265989
11.72	-0.000271574
11.74	-0.000277216
11.76	-0.000282915
11.78	-0.000288671
11.8	-0.000294485
11.82	-0.000300355
11.84	-0.000306284
11.86	-0.000312269
11.88	-0.000318313
11.9	-0.000324414
11.92	-0.000330573
11.94	-0.000336789
11.96	-0.000343064
11.98	-0.000349396
12	-0.000355786
12.02	-0.000362233
12.04	-0.000368739
12.06	-0.000375302
12.08	-0.000381923
12.1	-0.000388602
12.12	-0.00039534
12.14	-0.000402135
12.16	-0.000408988
12.18	-0.000415899
12.2	-0.000422867
12.22	-0.000429894
12.24	-0.000436978
12.26	-0.00044412
12.28	-0.000451319
12.3	-0.000458576
12.32	-0.00046589
12.34	-0.000473261
12.36	-0.000480689
12.38	-0.000488173
12.4	-0.000495714
12.42	-0.000503312
12.44	-0.000510965
12.46	-0.000518675
12.48	-0.000526439
12.5	-0.00053426
12.52	-0.000542135
12.54	-0.000550065
12.56	-0.00055805
12.58	-0.000566089
12.6	-0.000574181
12.62	-0.000582327
12.64	-0.000590526
12.66	-0.000598778
12.68	-0.000607082
12.7	-0.000615439
12.72	-0.000623847
12.74	-0.000632306
12.76	-0.000640817
12.78	-0.000649377
12.8	-0.000657988
12.82	-0.000666649
12.84	-0.000675358
12.86	-0.000684116
12.88	-0.000692922
12.9	-0.000701775
12.92	-0.000710676
12.94	-0.000719622
12.96	-0.000728615
12.98	-0.000737652
13	-0.000746734
13.02	-0.00075586
13.04	-0.000765028
13.06	-0.000774239
13.08	-0.000783492
13.1	-0.000792785
13.12	-0.000802119
13.14	-0.000811492
13.16	-0.000820904
13.18	-0.000830354
13.2	-0.000839841
13.22	-0.000849364
13.24	-0.000858923
13.26	-0.000868516
13.28	-0.000878143
13.3	-0.000887803
13.32	-0.000897494
13.34	-0.000907217
13.36	-0.000916969
13.38	-0.00092675
13.4	-0.000936559
13.42	-0.000946395
13.44	-0.000956257
13.46	-0.000966143
13.48	-0.000976053
13.5	-0.000985985
13.52	-0.000995938
13.54	-0.001005911
13.56	-0.001015903
13.58	-0.001025912
13.6	-0.001035937
13.62	-0.001045977
13.64	-0.00105603
13.66	-0.001066095
13.68	-0.001076171
13.7	-0.001086256
13.72	-0.001096349
13.74	-0.001106448
13.76	-0.001116552
13.78	-0.001126659
13.8	-0.001136768
13.82	-0.001146877
13.84	-0.001156984
13.86	-0.001167089
13.88	-0.001177188
13.9	-0.001187282
13.92	-0.001197367
13.94	-0.001207442
13.96	-0.001217506
13.98	-0.001227556
14	-0.001237591
14.02	-0.001247608
14.04	-0.001257606
14.06	-0.001267583
14.08	-0.001277537
14.1	-0.001287466
14.12	-0.001297367
14.14	-0.00130724
14.16	-0.00131708
14.18	-0.001326888
14.2	-0.001336659
14.22	-0.001346393
14.24	-0.001356087
14.26	-0.001365738
14.28	-0.001375345
14.3	-0.001384904
14.32	-0.001394414
14.34	-0.001403873
14.36	-0.001413277
14.38	-0.001422625
14.4	-0.001431914
14.42	-0.001441141
14.44	-0.001450303
14.46	-0.0014594
14.48	-0.001468426
14.5	-0.001477381
14.52	-0.001486261
14.54	-0.001495063
14.56	-0.001503786
14.58	-0.001512425
14.6	-0.001520978
14.62	-0.001529442
14.64	-0.001537814
14.66	-0.001546091
14.68	-0.001554271
14.7	-0.001562349
14.72	-0.001570324
14.74	-0.001578191
14.76	-0.001585948
14.78	-0.001593591
14.8	-0.001601117
14.82	-0.001608524
14.84	-0.001615806
14.86	-0.001622962
14.88	-0.001629988
14.9	-0.00163688
14.92	-0.001643635
14.94	-0.00165025
14.96	-0.00165672
14.98	-0.001663042
15	-0.001670161
15.02	-0.001674761
15.04	-0.00168276
15.06	-0.001685649
15.08	-0.001695027
15.1	-0.001700505
15.12	-0.00176201
15.14	-0.002099098
15.16	-0.001851598
15.18	-0.001216597
15.2	-0.001791712
15.22	-0.001527763
15.24	-0.001456395
15.26	-0.001467462
15.28	-0.000929432
15.3	-0.000875376
15.32	0.001685771
15.34	0.00881929
15.36	0.017683951
15.38	0.021270711
15.4	-0.000372095
15.42	-0.008369284
15.44	-0.026388563
15.46	-0.031546925
15.48	-0.020770205
15.5	0.006751977
15.52	0.012103127
15.54	-0.006378162
15.56	-0.023978788
15.58	-0.01356471
15.6	-0.020050849
15.62	0.026873051
15.64	0.031140829
15.66	0.048902664
15.68	0.051513356
15.7	0.037362647
15.72	0.035514018
15.74	0.040607913
15.76	0.036934423
15.78	-0.039302422
15.8	-0.02521044
15.82	-0.016527911
15.84	-0.009653412
15.86	-0.012706997
15.88	-0.026661308
15.9	-0.047046212
15.92	-0.06549154
15.94	-0.072974738
15.96	-0.069759744
15.98	-0.055549915
16	-0.04710995
16.02	-0.05145483
16.04	-0.039561158
16.06	0.019372187
16.08	0.003823262
16.1	-0.015889778
16.12	-0.026177386
16.14	0.027587393
16.16	0.03692655
16.18	0.051129291
16.2	0.058119588
16.22	0.066703478
16.24	0.07189122
16.26	0.068971057
16.28	0.069255851
16.3	0.084629127
16.32	0.09024671
16.34	0.096910371
16.36	0.071331523
16.38	0.067592782
16.4	0.069937115
16.42	0.070346513
16.44	0.073990186
16.46	0.083489815
16.48	0.095240715
16.5	0.095577913
16.52	0.102081145
16.54	0.097740693
16.56	0.082215462
16.58	0.049318923
16.6	0.035908271
16.62	0.040333851
16.64	0.039140427
16.66	0.00496418
16.68	-0.019384283
16.7	-0.036381562
16.72	-0.04553603
16.74	-0.054397839
16.76	-0.041411892
16.78	0.070389639
16.8	0.102983062
16.82	0.105945479
16.84	0.087302901
16.86	0.072598913
16.88	0.055439191
16.9	0.039296381
16.92	0.032527245
16.94	0.038991503
16.96	0.05131018
16.98	0.068149071
17	-0.060689652
17.02	-0.051444615
17.04	-0.082769397
17.06	-0.101306294
17.08	-0.095546266
17.1	-0.09689763
17.12	-0.116923379
17.14	-0.111659195
17.16	-0.121370974
17.18	-0.13221626
17.2	-0.152729789
17.22	-0.161211639
17.24	-0.163943151
17.26	-0.191453117
17.28	-0.186468257
17.3	-0.169404238
17.32	-0.153779071
17.34	-0.148764617
17.36	-0.138074866
17.38	-0.007251533
17.4	0.024267557
17.42	0.088775965
17.44	0.125093718
17.46	0.190410348
17.48	0.250605772
17.5	0.255629196
17.52	0.264943926
17.54	0.29640912
17.56	0.305180001
17.58	0.30634752
17.6	0.320757665
17.62	-0.008266175
17.64	-0.125442561
17.66	-0.107980835
17.68	-0.036793351
17.7	0.100729777
17.72	0.113096206
17.74	0.103230445
17.76	0.119578007
17.78	0.091033178
17.8	0.134419699
17.82	-0.179993323
17.84	-0.125971519
17.86	-0.066445847
17.88	-0.140114286
17.9	-0.175860394
17.92	-0.188337921
17.94	-0.183027365
17.96	-0.163874049
17.98	-0.205045769
18	-0.234041557
18.02	-0.245950514
18.04	-0.298920146
18.06	-0.354587813
18.08	-0.334068782
18.1	-0.201519132
18.12	-0.178542728
18.14	-0.249359023
18.16	-0.270725713
18.18	-0.266884664
18.2	-0.26071907
18.22	-0.237487824
18.24	-0.210299136
18.26	-0.165695443
18.28	-0.116376434
18.3	-0.090807559
18.32	-0.099912728
18.34	-0.103674779
18.36	-0.125905035
18.38	0.001450019
18.4	0.041378394
18.42	0.080505584
18.44	0.141412834
18.46	0.097679627
18.48	0.027588274
18.5	0.086661042
18.52	0.103509249
18.54	0.095084995
18.56	0.125738235
18.58	0.128347078
18.6	0.115151643
18.62	0.146846018
18.64	0.15850215
18.66	0.176208038
18.68	0.172644281
18.7	0.166589663
18.72	0.171378264
18.74	0.147924985
18.76	0.147798344
18.78	0.141439428
18.8	0.152911531
18.82	0.201179251
18.84	0.176375598
18.86	-0.244569344
18.88	-0.212900165
18.9	-0.161467743
18.92	-0.135859679
18.94	-0.129786144
18.96	-0.131653387
18.98	-0.147276154
19	-0.172848674
19.02	-0.160933811
19.04	-0.110751516
19.06	-0.115174627
19.08	-0.178016211
19.1	-0.155621219
19.12	-0.115411231
19.14	-0.109490593
19.16	-0.03186202
19.18	0.002261252
19.2	0.008683364
19.22	0.026151303
19.24	0.075680032
19.26	0.102005416
19.28	0.102621696
19.3	0.10985874
19.32	0.127454689
19.34	0.134925528
19.36	0.162357032
19.38	0.223179326
19.4	0.237145246
19.42	0.136517549
19.44	0.092059826
19.46	0.137983631
19.48	0.142002954
19.5	0.155279098
19.52	0.23783788
19.54	0.24089722
19.56	0.230158198
19.58	0.191828451
19.6	0.184483379
19.62	0.166041595
19.64	0.146037608
19.66	0.14818289
19.68	0.182725508
19.7	0.201910817
19.72	0.236070902
19.74	0.216296268
19.76	0.228887512
19.78	0.224254536
19.8	-0.07548684
19.82	-0.169188263
19.84	-0.194834774
19.86	-0.157730522
19.88	-0.101659239
19.9	-0.131016111
19.92	-0.22144317
19.94	-0.178974286
19.96	-0.188659407
19.98	-0.228009114
20	-0.167500205
20.02	-0.130000219
20.04	-0.088228515
20.06	-0.095688126
20.08	-0.045122646
20.1	-0.052091872
20.12	-0.021185766
20.14	0.015875292
20.16	0.141554861
20.18	0.105198361
20.2	0.101836816
20.22	0.121248775
20.24	0.014513486
20.26	0.036276877
20.28	-0.072082033
20.3	-0.03992733
20.32	-0.0294925
20.34	-0.035622991
20.36	-0.02432929
20.38	-0.008113089
20.4	-0.007316535
20.42	0.002907033
20.44	-0.037923867
20.46	-0.084200397
20.48	-0.184567121
20.5	-0.204211342
20.52	-0.15933916
20.54	-0.191818663
20.56	-0.195407549
20.58	-0.187433602
20.6	-0.182018176
20.62	-0.175677367
20.64	-0.163147743
20.66	-0.158331195
20.68	-0.191772627
20.7	-0.208268967
20.72	-0.227514242
20.74	-0.226750801
20.76	-0.221795411
20.78	-0.235044061
20.8	-0.201436802
20.82	0.18649897
20.84	0.141531213
20.86	0.078002784
20.88	0.028715183
20.9	0.093926089
20.92	0.084109937
20.94	0.037916901
20.96	0.078807911
20.98	0.134889361
21	0.108236482
21.02	0.162685342
21.04	0.192702227
21.06	0.161671564
21.08	0.173440632
21.1	0.163767823
21.12	0.173525469
21.14	0.174047132
21.16	0.169863124
21.18	0.173193263
21.2	0.151222417
21.22	0.144273182
21.24	0.162022077
21.26	0.157376229
21.28	0.156958875
21.3	-0.001814109
21.32	-0.082234761
21.34	-0.090576696
21.36	-0.068914886
21.38	-0.082918589
21.4	-0.086832308
21.42	-0.092105872
21.44	-0.112709573
21.46	-0.116007646
21.48	-0.11626969
21.5	-0.109180235
21.52	-0.100731967
21.54	-0.125674666
21.56	-0.159121572
21.58	-0.153341442
21.6	-0.096291992
21.62	-0.02898837
21.64	-0.033565202
21.66	-0.042766375
21.68	-0.026108115
21.7	0.027227212
21.72	0.071095933
21.74	0.083712944
21.76	0.070760303
21.78	0.065918599
21.8	0.071537554
21.82	-0.056861548
21.84	-0.02711907
21.86	-0.018667198
21.88	-0.025641187
21.9	-0.008768356
21.92	0.005598449
21.94	-0.018345465
21.96	-0.025736294
21.98	-0.070218651
22	-0.062691515
22.02	-0.06085733
22.04	-0.065584985
22.06	-0.059736907
22.08	-0.039819717
22.1	-0.035592627
22.12	-0.018333086
22.14	-0.012702786
22.16	0.04249846
22.18	0.065124527
22.2	0.060618898
22.22	0.065216534
22.24	0.076151611
22.26	0.072970872
22.28	0.049288911
22.3	-0.102385777
22.32	-0.100487679
22.34	-0.076364982
22.36	-0.056922947
22.38	-0.055041733
22.4	-0.0551692
22.42	-0.04278432
22.44	-0.032014166
22.46	-0.038048395
22.48	-0.011810846
22.5	0.013853801
22.52	0.014083435
22.54	0.038492349
22.56	0.040263214
22.58	0.051601967
22.6	0.070551368
22.62	0.069411303
22.64	0.067422202
22.66	0.069314305
22.68	0.058468036
22.7	0.052660223
22.72	0.082126634
22.74	0.08890897
22.76	0.099317544
22.78	0.09793652
22.8	0.068204844
22.82	0.054606395
22.84	0.042277758
22.86	0.045214931
22.88	0.048875413
22.9	0.051006499
22.92	0.052800908
22.94	0.068495413
22.96	0.070929216
22.98	0.109175122
23	0.145805651
23.02	0.110349301
23.04	0.016745426
23.06	0.027760217
23.08	0.073272905
23.1	0.073622132
23.12	0.06743632
23.14	0.058333438
23.16	0.073296885
23.18	0.153928409
23.2	0.189520978
23.22	0.155110831
23.24	0.158612451
23.26	0.17507998
23.28	0.173183315
23.3	-0.121034801
23.32	-0.156647646
23.34	-0.107189814
23.36	-0.08307897
23.38	-0.024289259
23.4	-0.019671678
23.42	-0.044607157
23.44	-0.082593386
23.46	-0.106966816
23.48	-0.090095047
23.5	-0.086665704
23.52	-0.129168415
23.54	-0.117769723
23.56	-0.080261962
23.58	-0.125323638
23.6	-0.132025302
23.62	-0.137990279
23.64	-0.180750868
23.66	-0.179878175
23.68	-0.177324118
23.7	-0.184206767
23.72	-0.172852642
23.74	-0.189437867
23.76	-0.159614671
23.78	-0.038768268
23.8	0.025054435
23.82	0.092961739
23.84	0.077219064
23.86	0.057388077
23.88	0.007119049
23.9	-0.052048751
23.92	-0.018417109
23.94	0.01934246
23.96	0.052390299
23.98	0.007234051
24	0.011302601
24.02	0.017423853
24.04	-0.011176796
24.06	-0.020812802
24.08	-0.002305393
24.1	0.001207175
24.12	0.005015849
24.14	0.003371625
24.16	0.003194042
24.18	-0.01365462
24.2	-0.043932939
24.22	-0.004603288
24.24	-0.014463297
24.26	-0.017056435
24.28	0.027745382
24.3	0.059154974
24.32	0.034721261
24.34	0.062538695
24.36	-0.203023782
24.38	-0.171689344
24.4	-0.12579675
24.42	-0.162154596
24.44	-0.143496151
24.46	-0.127793531
24.48	-0.104946584
24.5	-0.097255876
24.52	-0.115527566
24.54	-0.110037903
24.56	-0.094865722
24.58	0.026639372
24.6	0.048303203
24.62	0.037927023
24.64	0.052964066
24.66	0.05985638
24.68	0.076398459
24.7	0.078577709
24.72	0.003320868
24.74	-0.04628049
24.76	-0.04776829
24.78	-0.038709253
24.8	-0.042940408
24.82	0.016887803
24.84	0.081336666
24.86	0.096387688
24.88	0.081805597
24.9	0.02760683
24.92	0.066749419
24.94	0.097499322
24.96	0.10367268
24.98	0.07149915
25	0.043604648
25.02	-0.011568788
25.04	-0.008884536
25.06	-0.056093794
25.08	-0.058080096
25.1	-0.036116964
25.12	-0.034506297
25.14	-0.032932748
25.16	0.035515447
25.18	0.052496619
25.2	0.02066528
25.22	0.034895795
25.24	0.039648871
25.26	0.03722672
25.28	0.038256955
25.3	0.092123959
25.32	0.193778669
25.34	0.179072747
25.36	0.162630295
25.38	0.133572334
25.4	0.02867436
25.42	0.070631651
25.44	0.063490948
25.46	0.041117526
25.48	0.019397411
25.5	0.031106268
25.52	0.058579721
25.54	0.032440436
25.56	0.052724212
25.58	0.071384036
25.6	0.060361543
25.62	0.055035806
25.64	0.042119716
25.66	0.048721339
25.68	0.05359495
25.7	0.061969958
25.72	0.062996224
25.74	0.085562936
25.76	0.105498471
25.78	0.142738609
25.8	0.14280341
25.82	0.105359833
25.84	0.029150891
25.86	-0.007412479
25.88	0.011892095
25.9	0.03631901
25.92	-0.012986562
25.94	-0.048043618
25.96	-0.056929839
25.98	-0.064552485
26	-0.073749572
26.02	-0.110621789
26.04	-0.118084633
26.06	-0.108701275
26.08	-0.118759452
26.1	-0.120724966
26.12	-0.115458539
26.14	-0.130995865
26.16	-0.143723821
26.18	-0.144683472
26.2	-0.165120124
26.22	-0.166185328
26.24	-0.161571821
26.26	-0.141902554
26.28	-0.138489501
26.3	-0.138730657
26.32	-0.126915489
26.34	-0.104440934
26.36	0.16464203
26.38	0.126896455
26.4	0.112777631
26.42	0.100234711
26.44	0.088305841
26.46	0.046517108
26.48	0.008448514
26.5	0.008058001
26.52	0.050614533
26.54	0.077997454
26.56	0.114082643
26.58	0.125767605
26.6	0.12366806
26.62	0.128992809
26.64	0.12436035
26.66	0.099597526
26.68	0.080561016
26.7	0.049799987
26.72	-0.044098333
26.74	-0.086719002
26.76	-0.096008263
26.78	-0.09367052
26.8	-0.091674193
26.82	-0.111416336
26.84	-0.13167572
26.86	-0.136204255
26.88	-0.143004508
26.9	-0.157648559
26.92	-0.164110233
26.94	-0.143171212
26.96	-0.128894243
26.98	-0.115280222
27	0.060070279
27.02	0.022279849
27.04	-0.008936224
27.06	0.026781713
27.08	0.052409674
27.1	0.060581878
27.12	0.082747606
27.14	0.096824889
27.16	0.077934104
27.18	0.13295689
27.2	0.162038018
27.22	0.170672739
27.24	0.205673223
27.26	0.228856757
27.28	0.260985297
27.3	0.28239701
27.32	0.287832309
27.34	0.280913326
27.36	0.257366415
27.38	-0.052367814
27.4	-0.027028041
27.42	-0.055887632
27.44	-0.077238545
27.46	-0.06445868
27.48	-0.050598479
27.5	-0.073174711
27.52	-0.135019843
27.54	-0.135730444
27.56	-0.141751276
27.58	-0.184173461
27.6	-0.207084282
27.62	-0.204104284
27.64	-0.215557508
27.66	-0.212591345
27.68	-0.216209476
27.7	-0.226006775
27.72	-0.237821327
27.74	-0.23382832
27.76	-0.200259445
27.78	-0.173122906
27.8	-0.147314806
27.82	-0.13507711
27.84	0.11548887
27.86	0.080985145
27.88	0.065022641
27.9	0.073997362
27.92	0.08020782
27.94	0.063286992
27.96	0.045034382
27.98	0.072407616
28	0.093991937
28.02	0.096838076
28.04	0.099188457
28.06	0.085539141
28.08	0.09748828
28.1	0.085721732
28.12	0.079743701
28.14	0.081899903
28.16	-0.040149561
28.18	-0.013404787
28.2	0.019989892
28.22	0.043449039
28.24	0.031242537
28.26	0.009103501
28.28	0.046216822
28.3	0.029299792
28.32	0.012755056
28.34	0.008661821
28.36	0.015718957
28.38	0.021972174
28.4	0.040434096
28.42	0.000817754
28.44	-0.013725583
28.46	-0.01969381
28.48	0.000295753
28.5	0.006760489
28.52	0.03112235
28.54	0.077746036
28.56	0.085516688
28.58	0.122279779
28.6	0.116527697
28.62	0.09370972
28.64	0.002104693
28.66	-0.033060164
28.68	-0.052769519
28.7	-0.03143677
28.72	-0.044189925
28.74	-0.003742301
28.76	0.027189066
28.78	0.039688568
28.8	0.042038596
28.82	0.046602334
28.84	0.067786393
28.86	0.00040797
28.88	-0.00052306
28.9	-0.038089537
28.92	-0.038239405
28.94	-0.031284369
28.96	-0.04915253
28.98	-0.055450284
29	-0.048417123
29.02	-0.042186873
29.04	-0.040168771
29.06	-0.047932615
29.08	-0.052446564
29.1	-0.049533173
29.12	-0.059807446
29.14	-0.037753548
29.16	0.014665315
29.18	-0.018883662
29.2	-0.004887526
29.22	0.01017501
29.24	0.00110417
29.26	0.006161847
29.28	-0.000534743
29.3	-0.072467651
29.32	-0.093581175
29.34	-0.049066688
29.36	0.014043142
29.38	0.035460259
29.4	0.048870033
29.42	0.061925351
29.44	0.096655048
29.46	0.089143685
29.48	0.073391914
29.5	0.051040985
29.52	0.016726588
29.54	0.049482521
29.56	0.069848279
29.58	0.086646741
29.6	0.101552065
29.62	0.119320544
29.64	0.139321698
29.66	0.121072601
29.68	0.086450181
29.7	0.127087273
29.72	0.143295892
29.74	0.07882094
29.76	0.133824376
29.78	0.196545626
29.8	0.081842407
29.82	-0.095795311
29.84	-0.087173117
29.86	-0.122853401
29.88	-0.131035384
29.9	-0.092645368
29.92	-0.102989721
29.94	-0.106951386
29.96	-0.08803224
29.98	-0.079789417
30	-0.092788413
30.02	-0.100144078
30.04	-0.082010374
30.06	-0.097597764
30.08	-0.125154287
30.1	-0.112178782
30.12	-0.089107178
30.14	-0.093702291
30.16	-0.070643112
30.18	0.006407366
30.2	0.013660868
30.22	0.00735689
30.24	0.055432932
30.26	0.056426554
30.28	0.061168449
30.3	0.075621857
30.32	0.072737139
30.34	0.06328198
30.36	7.71041E-05
30.38	0.025433187
30.4	0.036109212
30.42	0.04123974
30.44	0.060135064
30.46	0.079749285
30.48	-0.055367664
30.5	-0.022427453
30.52	-0.023257012
30.54	-0.039625164
30.56	-0.062049609
30.58	-0.068575583
30.6	-0.019017829
30.62	-0.05208807
30.64	-0.074857321
30.66	-0.106365632
30.68	-0.109219625
30.7	-0.124041059
30.72	-0.132452234
30.74	-0.154460325
30.76	-0.142029545
30.78	-0.072893163
30.8	-0.013966753
30.82	0.01160813
30.84	0.02682278
30.86	0.078641237
30.88	0.142612997
30.9	0.127500526
30.92	0.129898564
30.94	0.188875646
30.96	0.1786991
30.98	0.185012927
31	0.201301704
31.02	0.18756253
31.04	0.181640837
31.06	0.196224794
31.08	0.18632714
31.1	0.177396403
31.12	0.12682188
31.14	0.112429425
31.16	-0.001863781
31.18	-0.071487088
31.2	-0.058242027
31.22	-0.045795356
31.24	-0.096547166
31.26	-0.143557106
31.28	-0.151735354
31.3	-0.143949409
31.32	-0.172391185
31.34	-0.193084072
31.36	-0.18232
31.38	-0.195658506
31.4	-0.208237033
31.42	-0.207940981
31.44	-0.220470025
31.46	-0.219763205
31.48	-0.219531781
31.5	-0.217793364
31.52	-0.186456296
31.54	-0.173078106
31.56	-0.141706863
31.58	-0.105048722
31.6	-0.01069369
31.62	0.053515786
31.64	0.05531472
31.66	0.054708475
31.68	0.082877382
31.7	0.097618687
31.72	0.092242897
31.74	0.118679349
31.76	0.13155774
31.78	0.143579024
31.8	0.153493214
31.82	0.146616397
31.84	0.140724531
31.86	0.150858796
31.88	0.15405018
31.9	0.150651607
31.92	0.14180104
31.94	0.138631934
31.96	0.036907421
31.98	-0.032259441
32	-0.046445577
32.02	-0.054945025
32.04	-0.039866154
32.06	-0.044745664
32.08	-0.06507856
32.1	-0.090019205
32.12	-0.100155946
32.14	-0.11918232
32.16	-0.134377016
32.18	-0.113933174
32.2	-0.095165992
32.22	-0.020880614
32.24	0.035115949
32.26	0.029593315
32.28	0.042174679
32.3	0.058832489
32.32	0.062832033
32.34	0.076818581
32.36	0.079141426
32.38	0.072225513
32.4	0.080592542
32.42	0.079575945
32.44	0.068148455
32.46	0.051640138
32.48	0.045450137
32.5	0.046143421
32.52	0.049606511
32.54	0.064577325
32.56	0.061485736
32.58	0.030077109
32.6	0.007914775
32.62	-0.018300379
32.64	-0.041163709
32.66	-0.05195937
32.68	-0.057796918
32.7	-0.0668461
32.72	-0.057943983
32.74	-0.077463586
32.76	-0.080779394
32.78	-0.112223873
32.8	-0.121977175
32.82	-0.143868171
32.84	-0.151362101
32.86	-0.160518154
32.88	-0.142597746
32.9	-0.140095703
32.92	-0.119154873
32.94	-0.10731738
32.96	-0.076277042
32.98	-0.056240209
33	-0.046871628
33.02	0.065147679
33.04	0.061908348
33.06	0.103513986
33.08	0.101164405
33.1	0.109049345
33.12	0.133407336
33.14	0.115050779
33.16	0.105452145
33.18	0.098032027
33.2	0.085930823
33.22	0.086042724
33.24	0.09432972
33.26	0.096926484
33.28	0.107013012
33.3	0.109311456
33.32	0.10412542
33.34	0.086982972
33.36	0.081473272
33.38	0.078192767
33.4	0.07761025
33.42	0.08009533
33.44	0.079155352
33.46	0.087350903
33.48	0.070904976
33.5	-0.000742479
33.52	-0.006796886
33.54	-0.051191788
33.56	-0.079563785
33.58	-0.084950015
33.6	-0.080621696
33.62	-0.076238475
33.64	-0.07244261
33.66	-0.071079536
33.68	-0.085694924
33.7	-0.103927141
33.72	-0.101937243
33.74	-0.08794349
33.76	-0.077958826
33.78	-0.045436449
33.8	0.033021673
33.82	0.011724812
33.84	0.033895179
33.86	0.059597155
33.88	0.077672997
33.9	0.077501222
33.92	0.079569567
33.94	0.081926099
33.96	0.042779532
33.98	-0.003327262
34	-0.005511947
34.02	-0.010153968
34.04	-0.019083311
34.06	-0.032638564
34.08	-0.051589988
34.1	-0.063040657
34.12	-0.070719685
34.14	-0.077502445
34.16	-0.084775992
34.18	-0.058252976
34.2	-0.06400752
34.22	-0.08233256
34.24	-0.030146238
34.26	-0.016516565
34.28	-0.043543608
34.3	-0.046367471
34.32	-0.06920322
34.34	-0.071458637
34.36	-0.069876008
34.38	-0.069046803
34.4	-0.093398544
34.42	-0.053380211
34.44	-0.0212347
34.46	0.014558153
34.48	0.046138805
34.5	0.074685164
34.52	0.067370246
34.54	0.05272879
34.56	0.046992163
34.58	0.040924846
34.6	0.041827688
34.62	0.038654071
34.64	0.031985777
34.66	0.015577782
34.68	0.010595847
34.7	0.012848839
34.72	0.009633376
34.74	0.043403623
34.76	0.05924207
34.78	0.074842252
34.8	0.064171778
34.82	0.068645637
34.84	0.085230921
34.86	0.091318577
34.88	0.093894198
34.9	0.080040416
34.92	0.050428457
34.94	0.033301869
34.96	-0.004916872
34.98	-0.030328494
35	-0.033693961
35.02	-0.074056098
35.04	-0.101715798
35.06	-0.110807143
35.08	-0.10483536
35.1	-0.088261085
35.12	-0.070271922
35.14	-0.069568406
35.16	-0.065252614
35.18	-0.066913868
35.2	-0.080960008
35.22	-0.082019053
35.24	-0.106502822
35.26	-0.128598349
35.28	-0.115911655
35.3	-0.095387909
35.32	-0.06455405
35.34	-0.028432398
35.36	-0.015565702
35.38	-0.029888174
35.4	0.078326227
35.42	0.082406826
35.44	0.087984065
35.46	0.101072892
35.48	0.102292161
35.5	0.075309518
35.52	0.032788483
35.54	0.008898955
35.56	0.022346442
35.58	0.024461456
35.6	0.025568109
35.62	0.021038807
35.64	0.020379879
35.66	0.026106692
35.68	0.030311399
35.7	0.017277834
35.72	0.004734939
35.74	0.012818982
35.76	0.015678287
35.78	0.014592092
35.8	0.011691788
35.82	0.017205046
35.84	-0.085499785
35.86	-0.054114412
35.88	-0.001437939
35.9	-0.008718691
35.92	-0.007436829
35.94	0.009153989
35.96	0.035687513
35.98	0.029053401
36	0.014756826
36.02	0.067212308
36.04	0.096625304
36.06	0.081819034
36.08	0.082874162
36.1	0.062753477
36.12	0.056784835
36.14	0.035524433
36.16	0.05270952
36.18	0.074574298
36.2	0.076228538
36.22	0.062590286
36.24	0.059788085
36.26	0.068471841
36.28	0.079029374
36.3	0.116770468
36.32	0.115903089
36.34	0.132901532
36.36	0.131575055
36.38	0.13625988
36.4	0.118514575
36.42	0.053140002
36.44	0.03674882
36.46	0.00465696
36.48	-0.023268488
36.5	-0.070120393
36.52	-0.071158715
36.54	-0.04036012
36.56	-0.031913746
36.58	-0.046432797
36.6	-0.042381681
36.62	-0.046634708
36.64	-0.088560725
36.66	-0.104453943
36.68	-0.101937459
36.7	-0.105327736
36.72	-0.115532516
36.74	-0.128212315
36.76	-0.134841747
36.78	-0.151795298
36.8	-0.158314685
36.82	-0.14950851
36.84	-0.142582312
36.86	-0.085692022
36.88	-0.002096935
36.9	0.040567535
36.92	0.058725762
36.94	0.050370466
36.96	0.061024176
36.98	0.076338244
37	0.090498
37.02	0.087222301
37.04	0.081891379
37.06	0.085747621
37.08	0.079020243
37.1	-0.068291059
37.12	-0.054610652
37.14	-0.027279012
37.16	-0.007703773
37.18	0.012824441
37.2	0.03068048
37.22	0.030179393
37.24	0.017782367
37.26	-0.048129243
37.28	-0.054918948
37.3	-0.042013985
37.32	-0.05119454
37.34	-0.036908405
37.36	-0.011686622
37.38	-0.015527615
37.4	0.002225949
37.42	0.01234842
37.44	0.008327964
37.46	0.031061831
37.48	0.036029153
37.5	0.025404176
37.52	0.017888243
37.54	0.0298752
37.56	0.033141481
37.58	0.046419526
37.6	0.058248038
37.62	0.076476901
37.64	0.063995305
37.66	0.031124853
37.68	-0.057846225
37.7	-0.029456426
37.72	-0.008561103
37.74	0.011639003
37.76	-0.001783656
37.78	-0.020015257
37.8	-0.046094227
37.82	-0.072320735
37.84	-0.070946759
37.86	-0.067727824
37.88	-0.04897295
37.9	-0.03705787
37.92	-0.048743903
37.94	-0.066443098
37.96	-0.08667919
37.98	-0.122648777
38	-0.137736899
38.02	-0.141212305
38.04	-0.139294607
38.06	-0.117914055
38.08	-0.077415865
38.1	-0.092256934
38.12	-0.084624264
38.14	-0.0691503
38.16	-0.08628597
38.18	-0.068236218
38.2	-0.025886588
38.22	-0.036368316
38.24	-0.039587949
38.26	-0.055888326
38.28	-0.052228012
38.3	-0.002086257
38.32	0.013894083
38.34	0.022240068
38.36	0.046279309
38.38	0.063241148
38.4	0.059339833
38.42	0.07510076
38.44	0.08999099
38.46	0.073787223
38.48	0.07408418
38.5	0.080375158
38.52	0.088533867
38.54	0.079118782
38.56	0.077509216
38.58	0.075524307
38.6	0.004969148
38.62	-0.049756162
38.64	-0.082032397
38.66	-0.08052623
38.68	-0.079648059
38.7	-0.089005812
38.72	-0.080617717
38.74	-0.07125402
38.76	-0.067233775
38.78	-0.057297257
38.8	0.004121527
38.82	-0.012475756
38.84	-0.005858968
38.86	-0.004483543
38.88	-0.004475797
38.9	-0.015449812
38.92	-0.013132854
38.94	-0.006696923
38.96	0.003261447
38.98	0.025751839
39	0.037212759
39.02	0.044830318
39.04	0.056248357
39.06	0.07697613
39.08	0.051337316
39.1	0.011023262
39.12	-8.4878E-05
39.14	-0.006581876
39.16	-0.009485157
39.18	0.000888881
39.2	0.00578155
39.22	-0.011653181
39.24	-0.03017002
39.26	-0.036327286
39.28	-0.063385298
39.3	-0.060898029
39.32	-0.061051271
39.34	-0.052239322
39.36	-0.058329536
39.38	-0.034222919
39.4	-0.040800521
39.42	-0.038081319
39.44	-0.035358778
39.46	-0.037606811
39.48	-0.041908077
39.5	0.024171534
39.52	0.041323978
39.54	0.074725553
39.56	0.077895249
39.58	0.080757107
39.6	0.107784741
39.62	0.122279292
39.64	0.120967624
39.66	0.11331537
39.68	0.085544357
39.7	0.064788652
39.72	0.091051913
39.74	0.138855771
39.76	0.011097034
39.78	0.017830019
39.8	0.018411315
39.82	0.016044899
39.84	0.026924761
39.86	0.060341945
39.88	0.098779494
39.9	0.116173374
39.92	0.128025434
39.94	0.113939357
39.96	0.094650183
39.98	0.071885596
40	0.067523725
40.02	0.07742202
40.04	0.122635575
40.06	0.161004834
40.08	0.163648436
40.1	0.136414937
40.12	0.110459087
40.14	0.04142338
40.16	0.030425735
40.18	-0.00187991
40.2	-0.021857804
40.22	-0.023224484
40.24	-0.045965745
40.26	-0.05023044
40.28	-0.036754141
40.3	-0.03193907
40.32	-0.021414214
40.34	-0.036184829
40.36	-0.029452905
40.38	-0.023637007
40.4	-0.005024108
40.42	0.007465455
40.44	0.012800413
40.46	0.029873305
40.48	0.018734226
40.5	0.00601283
40.52	0.013253407
40.54	0.024164977
40.56	0.028583879
40.58	0.006884864
40.6	-0.013828681
40.62	-0.046810213
40.64	-0.045255441
40.66	-0.028878783
40.68	-0.010843612
40.7	-0.010520652
40.72	-0.018957744
40.74	-0.039801342
40.76	-0.05103537
40.78	-0.061116049
40.8	-0.03478504
40.82	0.034493708
40.84	0.074557387
40.86	0.09357603
40.88	0.132822846
40.9	0.159091749
40.92	0.127969409
40.94	0.111750241
40.96	0.116776384
40.98	0.132172486
41	0.126157226
41.02	0.114387509
41.04	0.128257387
41.06	0.131322156
41.08	0.125698881
41.1	-0.008885012
41.12	-0.092792339
41.14	-0.107970908
41.16	-0.046626814
41.18	-0.007329658
41.2	0.049298968
41.22	0.021686308
41.24	-0.003626509
41.26	-0.025631676
41.28	-0.044537944
41.3	-0.02870405
41.32	-0.024283933
41.34	-0.094851638
41.36	-0.073116836
41.38	0.077612243
41.4	0.09989554
41.42	0.073679338
41.44	0.053244687
41.46	0.066380448
41.48	0.082743638
41.5	0.090079827
41.52	0.099087527
41.54	0.082820024
41.56	0.05188704
41.58	0.001854645
41.6	-0.038368214
41.62	-0.054877775
41.64	-0.082205639
41.66	-0.093103433
41.68	-0.098308169
41.7	-0.100021947
41.72	-0.121035897
41.74	-0.154245148
41.76	-0.112871406
41.78	-0.086721702
41.8	-0.121643651
41.82	-0.161634025
41.84	-0.145900916
41.86	-0.112062145
41.88	-0.124801742
41.9	-0.080825986
41.92	-0.100697606
41.94	-0.0941805
41.96	-0.121963409
41.98	-0.112604614
42	-0.112054971
42.02	-0.09975355
42.04	-0.100544683
42.06	-0.096220564
42.08	0.121171904
42.1	0.109942197
42.12	0.080389796
42.14	0.063470975
42.16	0.061519769
42.18	0.088002213
42.2	0.079499072
42.22	0.008545458
42.24	-0.049654051
42.26	-0.004811812
42.28	0.013145782
42.3	0.003871453
42.32	0.014883595
42.34	0.010225621
42.36	0.024879746
42.38	0.045063984
42.4	0.057877585
42.42	0.067673517
42.44	0.069986816
42.46	0.066170127
42.48	0.058662399
42.5	0.04086274
42.52	-0.059613483
42.54	-0.05398793
42.56	-0.068609498
42.58	-0.089846257
42.6	-0.116995681
42.62	-0.131175905
42.64	-0.133172312
42.66	-0.118336579
42.68	-0.104696587
42.7	-0.104971133
42.72	-0.087558194
42.74	-0.097452639
42.76	-0.0966663
42.78	-0.10076938
42.8	-0.117854166
42.82	-0.110231564
42.84	-0.112688886
42.86	0.014372727
42.88	0.026248041
42.9	0.033359475
42.92	0.02381079
42.94	0.016417001
42.96	0.020123886
42.98	0.010837664
43	0.011701171
43.02	-0.019914334
43.04	-0.062060842
43.06	-0.068551374
43.08	-0.086333666
43.1	-0.088479403
43.12	-0.098288507
43.14	-0.102406942
43.16	-0.102768347
43.18	-0.107108236
43.2	-0.100048717
43.22	-0.064993003
43.24	-0.039621553
43.26	-0.051251776
43.28	-0.055973165
43.3	-0.046780022
43.32	-0.045137376
43.34	-0.045019847
43.36	-0.027241526
43.38	-0.025018644
43.4	0.005181221
43.42	0.010990273
43.44	0.028690255
43.46	0.030799553
43.48	0.035040652
43.5	0.058521793
43.52	0.070161445
43.54	0.091791611
43.56	0.092738561
43.58	0.100906056
43.6	0.118977824
43.62	0.124528101
43.64	0.12278916
43.66	0.119501936
43.68	0.077557772
43.7	0.025196846
43.72	-0.019792588
43.74	0.008474384
43.76	0.013834215
43.78	0.005505849
43.8	0.00302757
43.82	-0.003232169
43.84	0.0038708
43.86	0.003277061
43.88	0.072190343
43.9	0.063158695
43.92	0.098200986
43.94	0.097098565
43.96	0.105277428
43.98	0.110446739
44	0.103630488
44.02	0.096014986
44.04	-0.083977773
44.06	-0.07290997
44.08	-0.049098069
44.1	-0.04134717
44.12	-0.038836334
44.14	-0.030804874
44.16	-0.019559476
44.18	-0.022136108
44.2	-0.011075237
44.22	-0.03068574
44.24	-0.041728133
44.26	-0.030621184
44.28	-0.020150273
44.3	-0.026782058
44.32	-0.019490847
44.34	-0.001535572
44.36	0.008531222
44.38	0.017636433
44.4	0.015625202
44.42	0.014929087
44.44	-0.001395573
44.46	-0.004621833
44.48	-0.001923473
44.5	-0.004660929
44.52	-0.021814396
44.54	-0.033091245
44.56	-0.034942994
44.58	-0.044850673
44.6	-0.050021113
44.62	-0.051145918
44.64	-0.054176648
44.66	-0.046299212
44.68	-0.034550698
44.7	-0.01848188
44.72	-0.005418543
44.74	0.006170125
44.76	0.053213217
44.78	0.039369345
44.8	0.037239565
44.82	0.028611222
44.84	0.033184432
44.86	0.040539312
44.88	0.040701782
44.9	0.036890931
44.92	0.029420716
44.94	0.040243123
44.96	0.051302931
44.98	0.058855319
45	0.057240832
45.02	0.059006121
45.04	0.049851153
45.06	0.032780472
45.08	-0.059365951
45.1	-0.066310337
45.12	-0.038210048
45.14	-0.007096389
45.16	0.002416875
45.18	0.020787253
45.2	0.022501497
45.22	0.025424735
45.24	0.017880378
45.26	0.031095284
45.28	0.024106169
45.3	0.020935415
45.32	0.0207387
45.34	0.058610772
45.36	0.039580163
45.38	0.049484125
45.4	0.057861028
45.42	0.044238667
45.44	0.06323275
45.46	-0.006872132
45.48	-0.006730207
45.5	-0.009713446
45.52	-0.012845027
45.54	-0.030686339
45.56	-0.051104043
45.58	-0.061653321
45.6	-0.054726295
45.62	-0.063107211
45.64	-0.064963502
45.66	-0.069747287
45.68	-0.071855471
45.7	-0.07686695
45.72	-0.069748824
45.74	-0.062287175
45.76	-0.060297562
45.78	-0.067062549
45.8	-0.091106581
45.82	-0.057292654
45.84	-0.030245446
45.86	-0.001936672
45.88	0.005135621
45.9	-0.013288311
45.92	-0.019843129
45.94	-0.039364183
45.96	-0.038201671
45.98	-0.044706473
46	-0.045263922
46.02	-0.045355623
46.04	-0.05810781
46.06	-0.053917876
46.08	-0.023020674
46.1	0.000802462
46.12	0.015279016
46.14	0.02717344
46.16	0.019922418
46.18	0.018234719
46.2	0.024757242
46.22	0.015620827
46.24	0.013694214
46.26	0.026950204
46.28	0.029357277
46.3	0.043088546
46.32	0.059608718
46.34	0.066456828
46.36	0.06481368
46.38	0.064196006
46.4	0.066100037
46.42	0.071104079
46.44	0.068066536
46.46	0.063088926
46.48	0.052240951
46.5	0.043267797
46.52	0.027261888
46.54	-0.007015778
46.56	-0.022050147
46.58	-0.013804567
46.6	-0.004842264
46.62	-0.01885716
46.64	0.0029834
46.66	0.005201451
46.68	-0.019397657
46.7	-0.026928788
46.72	-0.018293827
46.74	-0.012094129
46.76	-0.010692277
46.78	0.000199007
46.8	0.035946646
46.82	0.030773672
46.84	0.035436979
46.86	0.053046999
46.88	0.063347091
46.9	0.035319808
46.92	0.036282657
46.94	0.048608877
46.96	0.042914336
46.98	0.009785214
47	-0.023681771
47.02	-0.03598043
47.04	-0.034415614
47.06	-0.052998176
47.08	-0.054092744
47.1	-0.056202082
47.12	-0.054771618
47.14	-0.065660265
47.16	-0.05826921
47.18	-0.045826611
47.2	-0.028357409
47.22	0.081102962
47.24	0.086972153
47.26	0.068662707
47.28	0.045798058
47.3	0.04085788
47.32	0.037816827
47.34	0.045309207
47.36	0.050950348
47.38	0.052068574
47.4	0.058370323
47.42	0.053576939
47.44	0.063105067
47.46	0.075380141
47.48	0.086138628
47.5	0.076552914
47.52	0.051708963
47.54	0.037342491
47.56	0.060702994
47.58	0.076355527
47.6	0.087418201
47.62	0.080947553
47.64	0.091578622
47.66	0.060807679
47.68	0.045651819
47.7	0.027752442
47.72	0.017574965
47.74	0.037557997
47.76	0.05540301
47.78	0.061371438
47.8	0.077062582
47.82	0.056916363
47.84	-0.006114337
47.86	0.032960804
47.88	0.044331289
47.9	0.024529964
47.92	0.003666252
47.94	-0.004777326
47.96	-0.000899084
47.98	0.004126288
48	-0.006948551
48.02	-0.009069265
48.04	-0.007371584
48.06	-0.012178753
48.08	-0.012784639
48.1	-0.014531881
48.12	-0.01298844
48.14	-0.01480096
48.16	-0.030338089
48.18	-0.028842057
48.2	-0.030232335
48.22	-0.034456247
48.24	-0.030834089
48.26	-0.014128476
48.28	-0.005952702
48.3	-0.007499782
48.32	-0.019775884
48.34	-0.025068071
48.36	-0.034669827
48.38	-0.036941714
48.4	-0.037854036
48.42	-0.038056412
48.44	-0.038885838
48.46	-0.032377271
48.48	-0.030392764
48.5	-0.026645657
48.52	-0.034281473
48.54	-0.042300174
48.56	-0.051761564
48.58	-0.054283952
48.6	-0.050003962
48.62	-0.039480015
48.64	-0.030271097
48.66	-0.029261745
48.68	-0.033648121
48.7	0.01908599
48.72	0.034388461
48.74	0.044784316
48.76	0.044044238
48.78	0.046747981
48.8	0.049176901
48.82	0.054722692
48.84	0.050856848
48.86	0.041312278
48.88	0.033635295
48.9	0.028526236
48.92	0.014662425
48.94	-0.010233961
48.96	-0.012189763
48.98	-0.011508118
49	-0.004598914
49.02	0.004692464
49.04	-0.001822593
49.06	-0.014272248
49.08	-0.007706313
49.1	0.001225266
49.12	-0.000994859
49.14	-0.052464282
49.16	-0.052546963
49.18	-0.048209858
49.2	-0.043424549
49.22	-0.049346842
49.24	-0.047157397
49.26	-0.041663742
49.28	-0.031126131
49.3	-0.017546988
49.32	-0.000309677
49.34	0.012455135
49.36	0.014348845
49.38	0.021645605
49.4	0.018389998
49.42	0.004820905
49.44	-0.007842344
49.46	-0.015784
49.48	-0.023494941
49.5	-0.026634394
49.52	-0.030721125
49.54	-0.033126487
49.56	-0.037071105
49.58	-0.038725226
49.6	-0.036508544
49.62	-0.035023576
49.64	-0.035401621
49.66	-0.037822274
49.68	-0.023026961
49.7	-0.026013367
49.72	-0.020963997
49.74	-0.036652073
49.76	-0.048875993
49.78	-0.046855438
49.8	-0.054452031
49.82	-0.057910415
49.84	-0.054491987
49.86	-0.040767031
49.88	-0.020175813
49.9	-0.025247798
49.92	-0.03040935
49.94	-0.020278703
49.96	-0.010310373
49.98	0.003056078
50	0.009592078
50.02	0.0140164
50.04	0.014081904
50.06	0.020187687
50.08	0.023824852
50.1	0.039186317
50.12	0.044995316
50.14	0.053150147
50.16	0.065075168
50.18	0.055490545
50.2	0.051358409
50.22	0.07621945
50.24	0.07022668
50.26	0.064450163
50.28	0.05362372
50.3	0.038219665
50.32	0.000331879
50.34	-0.020522474
50.36	-0.020393723
50.38	-0.017021228
50.4	-0.015559294
50.42	-0.011274569
50.44	-0.00461928
50.46	0.002341907
50.48	0.030655881
50.5	0.007100911
50.52	0.005371008
50.54	-0.00736056
50.56	-0.009771558
50.58	-0.022733785
50.6	-0.024329424
50.62	-0.025550802
50.64	-0.024008587
50.66	-0.022595532
50.68	-0.024607062
50.7	-0.026499987
50.72	-0.02307584
50.74	-0.019903946
50.76	-0.0162883
50.78	-0.013184217
50.8	0.056860711
50.82	0.041353426
50.84	0.027400801
50.86	-0.002850293
50.88	-0.018243995
50.9	-0.007332283
50.92	-0.00764663
50.94	-0.003759604
50.96	-0.0148171
50.98	-0.020484687
51	-0.013362183
51.02	-0.024754804
51.04	-0.031213553
51.06	-0.044745017
51.08	-0.040072716
51.1	-0.037447254
51.12	-0.033476924
51.14	0.031791507
51.16	0.008417761
51.18	-0.01431014
51.2	-0.027545151
51.22	-0.0277096
51.24	-0.027750252
51.26	-0.018022893
51.28	-0.012464686
51.3	0.007011006
51.32	0.014180965
51.34	0.014295412
51.36	0.02919754
51.38	0.046175021
51.4	0.049183285
51.42	0.051504535
51.44	0.052464098
51.46	0.052049495
51.48	0.059064644
51.5	0.052085586
51.52	0.04417881
51.54	0.045469598
51.56	0.040824476
51.58	0.043489868
51.6	0.040232983
51.62	0.030105991
51.64	0.041988981
51.66	0.041535198
51.68	-0.050515764
51.7	-0.060040589
51.72	-0.052483383
51.74	-0.051029607
51.76	-0.0583489
51.78	-0.05395837
51.8	-0.046714887
51.82	-0.040651274
51.84	-0.047399888
51.86	-0.044758737
51.88	-0.040225108
51.9	-0.027834031
51.92	-0.003755114
51.94	-0.01048461
51.96	0.004628278
51.98	0.004314167
52	-0.00444617
52.02	-0.011604722
52.04	-0.019899128
52.06	-0.035894938
52.08	-0.02684847
52.1	-0.02649876
52.12	-0.016040584
52.14	-0.024801356
52.16	-0.027079119
52.18	-0.026672264
52.2	-0.033281276
52.22	-0.039702083
52.24	-0.040251745
52.26	-0.041330743
52.28	-0.037598387
52.3	-0.035416603
52.32	-0.033473459
52.34	-0.041937709
52.36	-0.055472837
52.38	-0.076087536
52.4	-0.086190267
52.42	-0.081702123
52.44	-0.061198947
52.46	-0.056830326
52.48	-0.079686799
52.5	-0.042988565
52.52	-0.000328531
52.54	-0.001628348
52.56	0.012130428
52.58	0.021866699
52.6	0.025708878
52.62	0.020094646
52.64	0.017225966
52.66	0.017174384
52.68	0.019354783
52.7	0.025945859
52.72	0.03009145
52.74	0.039315882
52.76	0.048939559
52.78	0.058274025
52.8	0.067035528
52.82	0.075664847
52.84	0.084818076
52.86	0.087999092
52.88	0.092414207
52.9	0.091249432
52.92	0.078874537
52.94	0.071735574
52.96	0.063575991
52.98	0.051129928
53	0.039517979
53.02	0.028421415
53.04	0.021639969
53.06	0.020241773
53.08	0.020000117
53.1	0.019814899
53.12	0.01851302
53.14	0.016291738
53.16	-0.046370668
53.18	-0.024458412
53.2	-0.017223883
53.22	-0.014030637
53.24	-0.008408775
53.26	0.006719609
53.28	0.01519239
53.3	0.014928546
53.32	0.022097172
53.34	0.018782532
53.36	0.023145087
53.38	0.019522912
53.4	0.022077093
53.42	0.022916523
53.44	0.035690571
53.46	0.042549459
53.48	0.03931314
53.5	0.032165426
53.52	0.029389797
53.54	0.020013536
53.56	0.025521811
53.58	0.011244203
53.6	0.003502913
53.62	-0.009566812
53.64	-0.010404447
53.66	-0.012591027
53.68	-0.012904215
53.7	-0.00786208
53.72	-0.01290561
53.74	-0.006729904
53.76	-0.011052211
53.78	-0.015829068
53.8	-0.014011237
53.82	-0.025633256
53.84	-0.022835705
53.86	0.04219446
53.88	0.04495391
53.9	0.037423591
53.92	0.038408142
53.94	0.041855394
53.96	0.043228799
53.98	0.041324518
54	0.049918166
54.02	0.051083484
54.04	0.043562633
54.06	0.041622107
54.08	0.039098732
54.1	0.035561156
54.12	0.022694887
54.14	-0.007061521
54.16	0.001940064
54.18	0.004539078
54.2	0.0136623
54.22	0.0168916
54.24	0.015434622
54.26	0.000906919
54.28	-0.018266539
54.3	-0.016515481
54.32	-0.017039893
54.34	-0.016260797
54.36	-0.023888913
54.38	-0.028400866
54.4	-0.024730958
54.42	-0.01560147
54.44	-0.008891682
54.46	-0.006054837
54.48	-0.00989436
54.5	0.002997186
54.52	0.002268083
54.54	0.003581413
54.56	0.010100697
54.58	0.008186638
54.6	0.006176901
54.62	0.004353463
54.64	1.6718E-05
54.66	-0.016410248
54.68	-0.002780313
54.7	0.007520526
54.72	-0.003878869
54.74	-0.001440565
54.76	-0.013690584
54.78	-0.018997025
54.8	-0.021685165
54.82	-0.033696219
54.84	-0.052416073
54.86	-0.050808902
54.88	-0.047907001
54.9	-0.038950027
54.92	-0.023859472
54.94	-0.023337593
54.96	-0.032816577
54.98	-0.045791451
55	-0.039752584
55.02	-0.048195844
55.04	-0.016733993
55.06	-0.012733665
55.08	-0.019125577
55.1	-0.033049001
55.12	-0.027041902
55.14	-0.04141837
55.16	-0.028356839
55.18	-0.027512726
55.2	-0.002523273
55.22	0.01053235
55.24	0.012191035
55.26	0.017068727
55.28	0.024074282
55.3	0.026488891
55.32	0.027702034
55.34	0.037416009
55.36	0.03390522
55.38	0.03087465
55.4	0.026546352
55.42	0.023815429
55.44	0.01312202
55.46	0.001324717
55.48	-0.00520707
55.5	-0.013284504
55.52	-0.012448834
55.54	-0.014154385
55.56	-0.045679163
55.58	-0.029067672
55.6	-0.042724016
55.62	-0.042161527
55.64	-0.036951115
55.66	-0.031440581
55.68	-0.025600353
55.7	-0.038241891
55.72	-0.042302237
55.74	-0.048602482
55.76	-0.045356875
55.78	-0.042745283
55.8	-0.040247214
55.82	-0.033108839
55.84	-0.024581509
55.86	-0.018245322
55.88	0.024944894
55.9	0.021418534
55.92	0.018136767
55.94	0.017709859
55.96	0.020856731
55.98	0.012253634
56	-0.000401837
56.02	-0.036378572
56.04	-0.032336133
56.06	-0.038457962
56.08	-0.019320347
56.1	-0.0418891
56.12	-0.041439971
56.14	-0.047161131
56.16	-0.063063745
56.18	-0.060367274
56.2	-0.070422792
56.22	-0.056803552
56.24	-0.059899241
56.26	-0.067431588
56.28	-0.072713351
56.3	-0.06717984
56.32	-0.06335089
56.34	-0.044533481
56.36	-0.009052939
56.38	-0.029613036
56.4	-0.024040037
56.42	0.000999098
56.44	0.003338119
56.46	0.013589691
56.48	0.020023954
56.5	0.029394815
56.52	0.032045371
56.54	0.038199673
56.56	0.037083839
56.58	0.038344914
56.6	0.04622092
56.62	0.054890678
56.64	0.059257035
56.66	0.061299698
56.68	0.051595646
56.7	0.043481804
56.72	0.030917867
56.74	0.032689245
56.76	0.020074915
56.78	0.023214804
56.8	0.020686968
56.82	0.023727501
56.84	0.027709545
56.86	0.028769185
56.88	0.031341018
56.9	0.031114114
56.92	0.025113908
56.94	0.020375157
56.96	-0.01853497
56.98	-0.002547944
57	0.004270753
57.02	-0.002537379
57.04	-0.002756887
57.06	0.003695847
57.08	0.013493145
57.1	0.018359558
57.12	0.018520833
57.14	0.02014161
57.16	0.02098035
57.18	0.019171763
57.2	0.024054678
57.22	0.029157541
57.24	0.034314304
57.26	0.029933371
57.28	0.020747228
57.3	0.025265588
57.32	0.028930542
57.34	0.032237827
57.36	0.03717495
57.38	0.04997032
57.4	0.051496071
57.42	0.052516978
57.44	0.052450249
57.46	0.058626164
57.48	0.06269037
57.5	0.027023551
57.52	0.015910822
57.54	0.012544851
57.56	-0.001919158
57.58	-0.005722426
57.6	-0.0154384
57.62	-0.028347397
57.64	-0.033824491
57.66	-0.036301387
57.68	-0.039103626
57.7	-0.030555755
57.72	-0.023240177
57.74	-0.013215908
57.76	-0.004828483
57.78	-0.000727097
57.8	-0.004419312
57.82	-0.002710963
57.84	0.00356547
57.86	0.005252234
57.88	0.006098328
57.9	0.000656312
57.92	0.00270603
57.94	-0.004854128
57.96	0.052080332
57.98	0.049257728
58	0.043287005
58.02	0.048716775
58.04	0.050967028
58.06	0.043684404
58.08	0.036758717
58.1	0.022953168
58.12	0.014440933
58.14	0.011961542
58.16	0.008017649
58.18	0.00082303
58.2	-0.004486361
58.22	-0.003025573
58.24	-0.00476379
58.26	-0.008111922
58.28	-0.005411271
58.3	-0.006299664
58.32	-0.010903246
58.34	-0.018249932
58.36	-0.019036457
58.38	-0.019200907
58.4	-0.019851553
58.42	-0.02048092
58.44	-0.016641661
58.46	-0.010937614
58.48	-0.014579598
58.5	-0.019889711
58.52	-0.016883408
58.54	-0.016536408
58.56	-0.006055175
58.58	0.040944489
58.6	0.035327014
58.62	0.040530844
58.64	0.035404824
58.66	0.027887462
58.68	0.009229206
58.7	-0.00616135
58.72	0.000525915
58.74	-0.005291739
58.76	-0.00635723
58.78	-0.007394183
58.8	-0.007588742
58.82	0.020334027
58.84	0.014389724
58.86	0.019014627
58.88	0.016740556
58.9	0.007191027
58.92	0.000856407
58.94	-0.008059758
58.96	-0.02905633
58.98	-0.035401886
59	-0.036154092
59.02	-0.039533639
59.04	-0.033019259
59.06	-0.020417554
59.08	-0.025095672
59.1	-0.029588776
59.12	-0.036273493
59.14	-0.027565487
59.16	-0.020699629
59.18	0.002465117
59.2	0.019952802
59.22	0.018859744
59.24	0.017473092
59.26	0.00957344
59.28	0.002762872
59.3	-0.008311728
59.32	-0.022872751
59.34	-0.018420728
59.36	-0.011893069
59.38	0.001545789
59.4	0.007521837
59.42	0.012339905
59.44	0.026038483
59.46	0.025064748
59.48	0.019731661
59.5	0.017592588
59.52	0.002901922
59.54	-0.011882367
59.56	-0.027030631
59.58	-0.019592177
59.6	-0.022907246
59.62	-0.029316336
59.64	-0.030373555
59.66	-0.029582261
59.68	-0.024841309
59.7	-0.012863666
59.72	-0.0024856
59.74	0.003374774
59.76	0.015100639
59.78	0.013468662
59.8	0.015740475
59.82	0.003149459
59.84	-0.001783506
59.86	0.004997766
59.88	0.008754945
59.9	0.006809179
59.92	0.00130096
59.94	-0.011700049
59.96	-0.015598458
59.98	-0.015024592
60	-0.021034608
60.02	-0.018364138
60.04	-0.016069228
60.06	-0.014399851
60.08	-0.013999684
60.1	-0.027189775
60.12	-0.022771585
60.14	-0.026953664
60.16	-0.023464409
60.18	-0.025596834
60.2	-0.017986113
60.22	-0.01651656
60.24	-0.017411254
60.26	-0.013885933
60.28	-0.004827908
60.3	-0.000323074
60.32	0.001921362
60.34	0.000947995
60.36	0.00357032
60.38	-0.001162581
60.4	0.004397838
60.42	0.014851041
60.44	0.023568413
60.46	0.02635068
60.48	0.027371132
60.5	0.019288265
60.52	0.018644552
60.54	0.014324374
60.56	0.004654696
60.58	-0.00554028
60.6	-0.010260583
60.62	-0.00770444
60.64	-0.007268877
60.66	-0.009387711
60.68	-0.007459676
60.7	-0.006390741
60.72	-0.00110852
60.74	0.000492276
60.76	0.006453289
60.78	0.01124341
60.8	0.012813112
60.82	0.015559943
60.84	0.019295987
60.86	0.034113755
60.88	0.023435265
60.9	0.016898393
60.92	0.006817977
60.94	0.007344216
60.96	0.010048346
60.98	0.010898181
61	0.0177983
61.02	0.018636138
61.04	0.017464494
61.06	0.016856563
61.08	0.013649815
61.1	0.014143216
61.12	0.022561345
61.14	0.02857075
61.16	0.027446894
61.18	0.029071475
61.2	0.033364651
61.22	0.037268354
61.24	0.026074295
61.26	0.016854485
61.28	0.01230729
61.3	0.0127591
61.32	0.023080648
61.34	0.020656282
61.36	0.021010412
61.38	-0.000651297
61.4	-0.002227369
61.42	-0.011736536
61.44	-0.009464724
61.46	-0.013785462
61.48	-0.016045952
61.5	-0.016585207
61.52	-0.008838099
61.54	-0.012069316
61.56	-0.002617171
61.58	-0.006049765
61.6	-0.010094567
61.62	-0.011881661
61.64	-0.014206755
61.66	-0.009313913
61.68	-0.003449295
61.7	0.053973662
61.72	0.02671314
61.74	0.031099169
61.76	0.034736844
61.78	0.038281043
61.8	0.033254848
61.82	0.026563083
61.84	0.028166948
61.86	0.031015072
61.88	0.032968667
61.9	0.033635074
61.92	0.031850335
61.94	0.028625133
61.96	0.024498889
61.98	0.015572591
62	0.010317685
62.02	0.006184605
62.04	0.001695883
62.06	-0.003801713
62.08	-0.011222501
62.1	-0.017392258
62.12	-0.027222291
62.14	-0.02928585
62.16	-0.02955318
62.18	-0.030256714
62.2	-0.029805695
62.22	-0.035733728
62.24	-0.044442313
62.26	-0.029305229
62.28	-0.020808894
62.3	-0.010759277
62.32	-0.004075657
62.34	0.046752841
62.36	0.024009789
62.38	0.031054298
62.4	0.025338239
62.42	0.021067106
62.44	0.013702705
62.46	0.012150261
62.48	0.001472823
62.5	-3.19497E-05
62.52	0.009988471
62.54	0.018655869
62.56	0.028706995
62.58	0.041521994
62.6	0.040977536
62.62	0.036708594
62.64	0.027340019
62.66	0.017505608
62.68	-0.045569048
62.7	-0.040033509
62.72	-0.032664202
62.74	-0.02255952
62.76	-0.013909377
62.78	0.004271148
62.8	0.005329287
62.82	0.005243747
62.84	0.003766587
62.86	0.003936375
62.88	-0.00304304
62.9	-0.004412563
62.92	0.004194169
62.94	0.017348037
62.96	0.024784955
62.98	0.023888002
63	0.006353244
63.02	-0.01105339
63.04	-0.022666673
63.06	-0.020002949
63.08	-0.01911087
63.1	-0.014114541
63.12	-0.008619174
63.14	0.035947041
63.16	0.029952937
63.18	0.0365119
63.2	0.03954639
63.22	0.035660036
63.24	0.028076168
63.26	0.009643906
63.28	-0.008749279
63.3	-0.016372639
63.32	-0.008066197
63.34	-0.010760054
63.36	-0.010788926
63.38	-0.015889975
63.4	-0.022509456
63.42	-0.027038674
63.44	-0.02656816
63.46	-0.024871061
63.48	-0.028926085
63.5	-0.027759164
63.52	-0.031399226
63.54	-0.031018542
63.56	-0.016566742
63.58	-0.039361921
63.6	-0.047317961
63.62	-0.050913645
63.64	-0.068212461
63.66	-0.07051508
63.68	-0.073043609
63.7	-0.074047372
63.72	-0.06379048
63.74	-0.056950038
63.76	-0.043730314
63.78	-0.03590502
63.8	0.002951985
63.82	0.007897156
63.84	0.015614384
63.86	0.01448159
63.88	0.013726647
63.9	0.003005816
63.92	-0.006554161
63.94	-0.01387124
63.96	-0.008063159
63.98	-0.00973086
64	-0.003590841
64.02	-0.008395693
64.04	-0.004616209
64.06	0.002321121
64.08	0.000322868
64.1	-0.008889377
64.12	-0.015302405
64.14	-0.056622744
64.16	-0.037122508
64.18	-0.031214633
64.2	-0.041091287
64.22	-0.046604912
64.24	-0.042254585
64.26	-0.035650338
64.28	-0.028560429
64.3	-0.017655684
64.32	-0.009735322
64.34	-0.001150261
64.36	-0.006243729
64.38	-0.011113716
64.4	-0.019696812
64.42	-0.000664008
64.44	-0.000284441
64.46	0.003288122
64.48	0.003030218
64.5	-0.045475462
64.52	-0.023377204
64.54	-0.02025854
64.56	-0.013914361
64.58	-0.005542701
64.6	0.005540125
64.62	0.007191152
64.64	0.000506456
64.66	0.003822573
64.68	0.01019591
64.7	0.012408945
64.72	-0.003088478
64.74	0.006240703
64.76	-0.007169328
64.78	0.00161737
64.8	0.006047803
64.82	-0.001608313
64.84	-0.021756997
64.86	-0.036478099
64.88	-0.046016866
64.9	-0.048780341
64.92	-0.046538992
64.94	-0.041020563
64.96	-0.036057751
64.98	-0.036939268
65	-0.030890314
65.02	-0.021355318
65.04	-0.017244187
65.06	-0.013211047
65.08	-0.012015946
65.1	-0.017688498
65.12	0.000283896
65.14	0.000511614
65.16	0.000745607
65.18	0.006988937
65.2	0.014476885
65.22	0.015598077
65.24	0.019404245
65.26	0.021151325
65.28	0.01060371
65.3	0.007168549
65.32	0.025722694
65.34	0.029449077
65.36	0.032190914
65.38	0.030239961
65.4	0.030478287
65.42	0.022248013
65.44	0.007431701
65.46	-0.024106331
65.48	-0.010587905
65.5	-0.003510409
65.52	-0.008123615
65.54	-0.012336195
65.56	-0.02865298
65.58	-0.033283941
65.6	-0.041232861
65.62	-0.035905756
65.64	-0.033351257
65.66	-0.027735194
65.68	-0.01396514
65.7	-0.002919984
65.72	0.005065153
65.74	0.009654923
65.76	0.033577343
65.78	0.028512208
65.8	0.020709586
65.82	0.020488575
65.84	0.025246181
65.86	0.033845986
65.88	0.034639999
65.9	0.030992673
65.92	0.014644957
65.94	0.02204763
65.96	0.012999046
65.98	-0.017155618
66	-0.016494268
66.02	-0.009743989
66.04	-0.005966116
66.06	-0.005024383
66.08	-0.005925452
66.1	-0.011330741
66.12	-0.019673995
66.14	-0.008994278
66.16	-0.005429519
66.18	-0.000965768
66.2	0.002106501
66.22	0.017384681
66.24	0.023216781
66.26	0.024593664
66.28	0.01936721
66.3	0.021218348
66.32	0.025884298
66.34	0.030859689
66.36	0.036567151
66.38	0.043080721
66.4	0.04686602
66.42	0.052029313
66.44	0.044177525
66.46	0.039659665
66.48	0.023309812
66.5	0.029857736
66.52	0.035177905
66.54	0.038467696
66.56	0.034067968
66.58	0.021921135
66.6	0.014634379
66.62	0.020440217
66.64	0.013732397
66.66	0.024541749
66.68	0.026512742
66.7	0.030288014
66.72	0.027427216
66.74	0.014752504
66.76	0.012536252
66.78	0.015743496
66.8	0.016950684
66.82	0.02336564
66.84	0.031652294
66.86	0.000315635
66.88	-0.009326068
66.9	0.000323174
66.92	0.008585189
66.94	0.016016606
66.96	0.034423914
66.98	0.023610776
67	0.017872389
67.02	0.011375705
67.04	0.000325037
67.06	0.003963257
67.08	0.005970609
67.1	0.019780556
67.12	0.048343504
67.14	0.040731167
67.16	0.032323053
67.18	0.025839836
67.2	0.02648709
67.22	0.021038502
67.24	0.016956626
67.26	0.013912434
67.28	0.012242957
67.3	0.006175513
67.32	0.003949033
67.34	-0.001878161
67.36	-0.003008712
67.38	-0.012026715
67.4	-0.021659699
67.42	-0.024948719
67.44	-0.017923101
67.46	-0.017041728
67.48	-0.009756711
67.5	-0.004021878
67.52	-0.001946963
67.54	-0.002496419
67.56	-0.006779682
67.58	-0.009720828
67.6	-0.012826356
67.62	-0.012117936
67.64	-0.007368828
67.66	-0.009731831
67.68	-0.008556549
67.7	0.049161211
67.72	0.047762267
67.74	0.048581157
67.76	0.04947233
67.78	0.054112016
67.8	0.055033937
67.82	0.050676496
67.84	0.042902473
67.86	0.034159534
67.88	0.001647721
67.9	-0.003775399
67.92	-0.016165645
67.94	-0.020287008
67.96	-0.026700164
67.98	-0.025199703
68	-0.025276603
68.02	-0.022421748
68.04	-0.023674888
68.06	-0.022626602
68.08	-0.022527285
68.1	-0.018460202
68.12	-0.014518361
68.14	-0.008983319
68.16	-0.009735191
68.18	-0.007888092
68.2	0.019875867
68.22	0.017172315
68.24	0.017809835
68.26	0.015957001
68.28	0.020241816
68.3	0.02130165
68.32	0.021807678
68.34	0.024241503
68.36	0.020102045
68.38	0.028157088
68.4	0.024399474
68.42	0.02729194
68.44	0.021701274
68.46	0.006676023
68.48	-0.005863167
68.5	-0.028081167
68.52	-0.021690116
68.54	-0.026039401
68.56	-0.017946469
68.58	-0.019126269
68.6	-0.026080771
68.62	-0.033285387
68.64	-0.030651398
68.66	-0.031615995
68.68	-0.028243903
68.7	-0.017314949
68.72	-0.020802206
68.74	-0.018776233
68.76	-0.016691133
68.78	-0.014536601
68.8	-0.011624482
68.82	-0.022850617
68.84	-0.028456392
68.86	-0.025085854
68.88	0.003318775
68.9	0.010610282
68.92	0.014266575
68.94	0.00706215
68.96	-0.002415842
68.98	-0.012491016
69	-0.009161625
69.02	0.005753192
69.04	0.012447733
69.06	0.009491162
69.08	0.002056945
69.1	-0.005601142
69.12	-0.008262051
69.14	-0.0039458
69.16	0.006664403
69.18	0.014002936
69.2	0.017293455
69.22	0.016442132
69.24	0.015379198
69.26	0.012484398
69.28	0.006942303
69.3	-0.001057667
69.32	-0.007991847
69.34	-0.016745819
69.36	-0.015679649
69.38	-0.012294405
69.4	-0.01765213
69.42	-0.019242061
69.44	-0.021009132
69.46	-0.021963692
69.48	-0.024577511
69.5	-0.020348291
69.52	-0.010516638
69.54	-0.001588393
69.56	-0.003106032
69.58	-0.00014457
69.6	0.000617254
69.62	0.011200144
69.64	0.009974434
69.66	0.007461515
69.68	0.009429463
69.7	0.008994367
69.72	0.011640625
69.74	0.010028167
69.76	0.011893094
69.78	0.012429374
69.8	0.01385962
69.82	0.022250742
69.84	0.022780569
69.86	0.019448168
69.88	0.00924671
69.9	-0.006433884
69.92	-0.01195476
69.94	-0.031458387
69.96	-0.034836275
69.98	-0.028284899
70	-0.031761669
70.02	-0.034233617
70.04	-0.035213175
70.06	-0.029922844
70.08	-0.023672776
70.1	-0.016488055
70.12	-0.006252247
70.14	0.003316523
70.16	0.010731301
70.18	0.017678854
70.2	0.018629413
70.22	0.01944469
70.24	0.021666397
70.26	0.022873502
70.28	0.019350897
70.3	0.016193984
70.32	0.009817096
70.34	0.005490556
70.36	0.002989287
70.38	0.008613366
70.4	0.008373846
70.42	0.011306238
70.44	0.016331011
70.46	0.022309958
70.48	0.020811976
70.5	0.015319544
70.52	0.014846907
70.54	0.011788175
70.56	0.00638401
70.58	0.013462454
70.6	0.022651644
70.62	0.022530709
70.64	0.026140159
70.66	0.021072981
70.68	0.012929642
70.7	0.0076743
70.72	0.014255859
70.74	0.022384111
70.76	0.031841976
70.78	0.024543245
70.8	0.01382417
70.82	-0.01566973
70.84	-0.012177421
70.86	-0.010325325
70.88	-0.012953337
70.9	-0.011704076
70.92	-0.015638419
70.94	-0.015615113
70.96	-0.018670821
70.98	-0.02092689
71	-0.014018853
71.02	-0.011000397
71.04	-0.007570698
71.06	-0.001380992
71.08	0.001356406
71.1	0.00219379
71.12	-0.003159812
71.14	-0.006222725
71.16	-0.004526685
71.18	-0.008832794
71.2	-0.00540618
71.22	-0.000736658
71.24	-0.003359142
71.26	-0.003890373
71.28	-0.005442414
71.3	-0.003053839
71.32	-0.001764255
71.34	0.003814949
71.36	0.005731661
71.38	-0.002208756
71.4	-0.013055159
71.42	-0.018919175
71.44	-0.026402483
71.46	-0.042633743
71.48	-0.032874671
71.5	-0.036181659
71.52	-0.042947662
71.54	-0.033476332
71.56	-0.041104583
71.58	-0.036357024
71.6	-0.035234786
71.62	-0.033042396
71.64	-0.026507247
71.66	0.013114759
71.68	0.014296943
71.7	0.007968105
71.72	0.008025931
71.74	0.004738951
71.76	-0.000650612
71.78	0.002035987
71.8	0.002582192
71.82	0.000510574
71.84	0.004899646
71.86	0.000672736
71.88	0.000123657
71.9	1.14068E-05
71.92	-0.001106825
71.94	-0.005596971
71.96	-0.004017968
71.98	-0.001509618
72	0.004280608
72.02	0.004922587
72.04	0.003538471
72.06	-0.005456528
72.08	-0.016245959
72.1	-0.026117142
72.12	-0.020180219
72.14	-0.015351
72.16	-0.010369042
72.18	-0.010552537
72.2	-0.011668794
72.22	-0.021139067
72.24	-0.026495485
72.26	-0.042280414
72.28	-0.024513076
72.3	-0.027039518
72.32	-0.021379649
72.34	-0.020902013
72.36	-0.019829218
72.38	-0.017274263
72.4	-0.016488589
72.42	-0.011801578
72.44	0.003711118
72.46	0.002918277
72.48	0.002023566
72.5	-0.00040624
72.52	-0.00793738
72.54	-0.009071878
72.56	-0.009609754
72.58	-0.014289235
72.6	-0.022039652
72.62	-0.024894083
72.64	-0.01864344
72.66	-0.019442938
72.68	-0.024976201
72.7	-0.014006478
72.72	-0.012366641
72.74	-0.001959767
72.76	-0.001218567
72.78	-0.004039573
72.8	-0.017291252
72.82	-0.023827754
72.84	-0.027445305
72.86	-0.028561753
72.88	-0.028633042
72.9	-0.025221442
72.92	-0.022740744
72.94	-0.015670741
72.96	-0.006999391
72.98	-0.000256534
73	0.00385704
73.02	0.007302886
73.04	0.009785563
73.06	0.015329429
73.08	0.021995054
73.1	0.024005255
73.12	0.018696136
73.14	0.010384202
73.16	0.011116539
73.18	0.000686585
73.2	-0.009318481
73.22	-0.008524406
73.24	-0.00438457
73.26	0.00069545
73.28	0.006665319
73.3	0.011326948
73.32	0.006255282
73.34	0.003943943
73.36	-0.001109971
73.38	-0.004117842
73.4	-0.012817726
73.42	-0.012495728
73.44	-0.011862906
73.46	-0.010292007
73.48	-0.013048221
73.5	-0.012727815
73.52	-0.015915102
73.54	-0.013694454
73.56	0.010883375
73.58	0.005353411
73.6	0.011854617
73.62	0.008865389
73.64	0.012458591
73.66	0.010093926
73.68	0.007086873
73.7	0.006673886
73.72	0.003105525
73.74	0.004911042
73.76	0.006569902
73.78	0.004913113
73.8	-0.007471616
73.82	-0.008253953
73.84	-0.007271686
73.86	0.002341591
73.88	0.004872007
73.9	0.005082459
73.92	-0.001948405
73.94	-0.001053047
73.96	-0.007916064
73.98	-0.008128462
74	-0.00353298
74.02	0.001571424
74.04	0.003898455
74.06	0.006269683
74.08	0.009460078
74.1	0.007469347
74.12	0.007605334
74.14	0.015812722
74.16	0.02885283
74.18	0.02667362
74.2	0.02339766
74.22	0.020736563
74.24	0.02480121
74.26	0.015412691
74.28	0.012547398
74.3	0.017060197
74.32	0.018453049
74.34	0.021253874
74.36	0.018856849
74.38	0.020771741
74.4	0.029797327
74.42	0.0291502
74.44	0.028064351
74.46	0.01301888
74.48	0.012473281
74.5	0.017840513
74.52	0.015979645
74.54	0.018875505
74.56	0.019077682
74.58	0.018719958
74.6	0.01269207
74.62	-0.01482882
74.64	-0.006740946
74.66	-0.002993537
74.68	-0.005095731
74.7	-0.003910107
74.72	0.005882969
74.74	0.014084528
74.76	0.01407695
74.78	0.017528307
74.8	0.018530231
74.82	0.019016981
74.84	0.014607968
74.86	0.010436629
74.88	0.000198117
74.9	-0.002527176
74.92	-0.001333056
74.94	0.003425546
74.96	0.013434489
74.98	0.011831581
75	0.008702886
75.02	0.008122632
75.04	0.00967742
75.06	0.018027075
75.08	0.019135136
75.1	0.018707243
75.12	0.013237001
75.14	0.005986299
75.16	-0.001832087
75.18	-0.00908674
75.2	-0.000633911
75.22	-0.008685884
75.24	-0.014190724
75.26	-0.01158276
75.28	-0.011558758
75.3	-0.000525686
75.32	0.001859275
75.34	0.002925009
75.36	-0.001349504
75.38	-0.003215433
75.4	-0.000510902
75.42	-0.000222847
75.44	0.004294439
75.46	0.002816314
75.48	0.002349665
75.5	0.0021301
75.52	0.014005862
75.54	0.015554326
75.56	0.013385814
75.58	0.017107159
75.6	0.017074307
75.62	0.021352703
75.64	0.020558689
75.66	0.016660199
75.68	0.014769018
75.7	0.009481821
75.72	0.008413293
75.74	0.009252817
75.76	0.006762397
75.78	0.0061508
75.8	0.009505981
75.82	0.014179115
75.84	0.02433081
75.86	0.016352668
75.88	0.012071463
75.9	0.005935307
75.92	0.004918427
75.94	0.004999896
75.96	0.00331575
75.98	-0.014121918
76	-0.008402319
76.02	-0.005778546
76.04	-0.002599268
76.06	-0.000105729
76.08	0.004299004
76.1	-0.003852943
76.12	-0.007449421
76.14	-0.001974741
76.16	0.004787257
76.18	0.010129238
76.2	0.013950164
76.22	0.02575427
76.24	0.017003522
76.26	0.008148084
76.28	-0.001608211
76.3	-0.010724131
76.32	-0.007990721
76.34	-0.000260447
76.36	0.011063596
76.38	0.018702007
76.4	0.018498298
76.42	0.018694564
76.44	0.022143458
76.46	0.016542848
76.48	0.006963158
76.5	-0.000139378
76.52	-0.015557528
76.54	-0.017068601
76.56	-0.017052469
76.58	-0.019261997
76.6	-0.01552438
76.62	-0.023682136
76.64	-0.024707426
76.66	-0.017945741
76.68	-0.019552019
76.7	-0.023920018
76.72	-0.017411021
76.74	-0.010271079
76.76	-0.009562177
76.78	-0.010092483
76.8	-0.009559558
76.82	-0.006710206
76.84	-0.006853325
76.86	-0.005554542
76.88	-0.003401501
76.9	0.000533477
76.92	0.00186978
76.94	0.003650658
76.96	0.006666686
76.98	0.005673491
77	0.025226469
77.02	0.014053727
77.04	0.018672017
77.06	0.014960023
77.08	0.007626053
77.1	-0.002155242
77.12	-0.007521994
77.14	-0.005942879
77.16	-0.00831961
77.18	-0.010336813
77.2	-0.005147429
77.22	-0.00249098
77.24	-0.004228436
77.26	-0.005857888
77.28	-0.009851933
77.3	-0.013863573
77.32	-0.015438779
77.34	-0.020727718
77.36	-0.02835782
77.38	-0.031530328
77.4	-0.030015143
77.42	-0.0243128
77.44	-0.016202563
77.46	-0.003785273
77.48	0.003929265
77.5	0.006583056
77.52	0.000356517
77.54	-0.002828478
77.56	-0.00387001
77.58	-0.004435221
77.6	-0.001778086
77.62	0.003760609
77.64	0.009008721
77.66	0.008465498
77.68	0.001389711
77.7	-0.00107149
77.72	-0.008126524
77.74	-0.007965545
77.76	-0.005959643
77.78	0.002193731
77.8	0.004050857
77.82	0.002288495
77.84	0.002345598
77.86	-0.001669866
77.88	-0.009432267
77.9	-0.007227775
77.92	-0.007883029
77.94	-0.012488678
77.96	-0.017628109
77.98	-0.022189783
78	-0.026334049
78.02	-0.023785897
78.04	-0.025152767
78.06	-0.027333336
78.08	-0.02492367
78.1	-0.024212058
78.12	-0.021810977
78.14	-0.015397638
78.16	-0.008623413
78.18	-0.005652724
78.2	0.000648795
78.22	0.007640009
78.24	0.016327244
78.26	0.016165645
78.28	0.018446656
78.3	0.020462475
78.32	0.023210403
78.34	0.019611685
78.36	0.015195714
78.38	0.005470375
78.4	0.003309769
78.42	0.00429194
78.44	0.004714866
78.46	0.006287588
78.48	0.00328834
78.5	-0.002254875
78.52	-0.003908631
78.54	-0.004477557
78.56	-0.006923725
78.58	-0.005354559
78.6	-0.007816948
78.62	-0.010882425
78.64	-0.012463579
78.66	-0.013667454
78.68	-0.020508574
78.7	-0.01710095
78.72	-0.017082849
78.74	-0.014447992
78.76	-0.00623067
78.78	0.002988228
78.8	0.010400551
78.82	0.004670288
78.84	0.008150542
78.86	0.01362352
78.88	0.014533227
78.9	0.018938344
78.92	0.011948019
78.94	0.006741142
78.96	0.001589967
78.98	-0.004830062
79	-0.012971107
79.02	-0.007346138
79.04	-0.008635467
79.06	-0.007703324
79.08	-0.007529417
79.1	-0.012352765
79.12	-0.011369308
79.14	-0.007819867
79.16	-0.002434526
79.18	-0.008852009
79.2	-0.010885286
79.22	-0.010372014
79.24	-0.012317055
79.26	-0.017395454
79.28	-0.015501871
79.3	-0.008752324
79.32	0.002785025
79.34	0.011454746
79.36	0.01786935
79.38	0.020942061
79.4	0.021205833
79.42	0.021369844
79.44	0.018065088
79.46	0.013268422
79.48	0.008793759
79.5	0.007328275
79.52	0.0089087
79.54	0.004128672
79.56	-0.004716148
79.58	-0.008512209
79.6	-0.009977344
79.62	-0.011109607
79.64	-0.007451743
79.66	-0.00298403
79.68	0.005465278
79.7	0.012778404
79.72	0.018387103
79.74	0.019423575
79.76	0.019875895
79.78	0.01832645
79.8	0.02558451
79.82	0.021282584
79.84	0.01678729
79.86	0.007575303
79.88	-0.000163207
79.9	0.003661477
79.92	0.000752549
79.94	0.000354213
79.96	0.003885189
79.98	0.00682649
80	0.008249398
80.02	0.007622841
80.04	0.005331366
80.06	0.005123339
80.08	0.00616768
80.1	-0.002466767
80.12	-0.003237982
80.14	0.000661556
80.16	-0.000505881
80.18	-0.000363536
80.2	-0.000522014
80.22	0.005358678
80.24	0.007069077
80.26	0.025802993
80.28	0.022649304
80.3	0.017713966
80.32	0.015750394
80.34	0.014591064
80.36	0.013926765
80.38	0.013990339
80.4	0.008523749
80.42	0.003033556
80.44	-0.003265596
80.46	-0.010251012
80.48	-0.013937747
80.5	-0.013660648
80.52	-0.019973191
80.54	-0.021286748
80.56	-0.018032338
80.58	-0.012087231
80.6	-0.004359691
80.62	0.004381977
80.64	0.009827413
80.66	0.009952615
80.68	0.003900592
80.7	-0.001940822
80.72	-0.0037245
80.74	-0.002670661
80.76	0.004815594
80.78	0.025864808
80.8	0.027446929
80.82	0.022595371
80.84	0.019615969
80.86	0.016408247
80.88	0.010907949
80.9	0.005930139
80.92	0.002147059
80.94	-0.000928392
80.96	-0.000888133
80.98	-0.005708035
81	-0.013367618
81.02	-0.018536651
81.04	-0.016503476
81.06	-0.014438406
81.08	-0.015269208
81.1	-0.020606501
81.12	-0.019148653
81.14	-0.022617677
81.16	-0.019744265
81.18	-0.011197342
81.2	-0.002202291
81.22	0.00322471
81.24	-0.00013998
81.26	-0.000666348
81.28	0.000687834
81.3	0.003516384
81.32	0.00568587
81.34	0.006866158
81.36	0.012317511
81.38	0.013243257
81.4	0.014474395
81.42	0.006431217
81.44	0.003344442
81.46	-0.004386711
81.48	-0.007552837
81.5	-0.010149356
81.52	-0.014312979
81.54	-0.019293701
81.56	-0.02215049
81.58	-0.017563461
81.6	-0.016897233
81.62	-0.014055441
81.64	-0.019517357
81.66	-0.016162387
81.68	-0.007956352
81.7	-0.001054116
81.72	-0.001065109
81.74	0.001944429
81.76	0.00660461
81.78	0.003004822
81.8	0.006950548
81.82	0.005325611
81.84	0.000603978
81.86	0.002399764
81.88	0.003031919
81.9	-0.000903968
81.92	-0.005432819
81.94	-0.017024408
81.96	-0.016203095
81.98	-0.017953267
82	-0.020648643
82.02	-0.025114668
82.04	-0.014052165
82.06	-0.010992488
82.08	-0.014117186
82.1	-0.016026835
82.12	-0.010932311
82.14	-0.005009681
82.16	0.000100736
82.18	0.005895806
82.2	0.012377024
82.22	0.020117496
82.24	0.020102525
82.26	0.019063389
82.28	0.018310574
82.3	0.011432408
82.32	0.007607348
82.34	0.007203309
82.36	0.00829755
82.38	0.002287829
82.4	0.00125029
82.42	-0.001881609
82.44	-0.003359716
82.46	-0.009356584
82.48	-0.010780953
82.5	-0.012499858
82.52	-0.014927564
82.54	-0.026332216
82.56	-0.022468419
82.58	-0.022305549
82.6	-0.019150929
82.62	-0.016166478
82.64	-0.016943443
82.66	-0.01109932
82.68	-0.002470511
82.7	0.001714625
82.72	0.001311727
82.74	0.00159816
82.76	0.003132962
82.78	0.007413677
82.8	0.017316572
82.82	0.018177353
82.84	0.011541682
82.86	0.007165541
82.88	0.004268973
82.9	-0.000391494
82.92	-0.002045928
82.94	-0.007304863
82.96	-0.011754988
82.98	-0.010451839
83	-0.015481644
83.02	-0.014491814
83.04	-0.015796194
83.06	-0.005945209
83.08	0.000644266
83.1	0.005235348
83.12	0.009956305
83.14	0.010128263
83.16	0.007060372
83.18	0.000889809
83.2	-0.00011477
83.22	-0.007167905
83.24	-0.009620699
83.26	-0.007846684
83.28	-0.003586853
83.3	0.00347057
83.32	0.011188533
83.34	0.013224442
83.36	0.011047231
83.38	0.009707701
83.4	0.004151345
83.42	0.004530923
83.44	0.002541492
83.46	0.000581277
83.48	-0.004533041
83.5	-0.008409086
83.52	-0.008069401
83.54	-0.009760216
83.56	-0.008548574
83.58	-0.010029459
83.6	-0.009489783
83.62	0.001288605
83.64	0.016621688
83.66	0.018647901
83.68	0.024278717
83.7	0.029202702
83.72	0.025960864
83.74	0.026866933
83.76	0.026411001
83.78	0.024776349
83.8	0.024426155
83.82	0.020255735
83.84	0.014626923
83.86	-0.00089334
83.88	0.006955555
83.9	-0.00115118
83.92	-0.00032027
83.94	-0.003617536
83.96	-0.00255105
83.98	-0.005374284
84	-0.008819387
84.02	-0.008326907
84.04	-0.009393586
84.06	-0.007225428
84.08	0.001803563
84.1	0.004670166
84.12	0.005678732
84.14	0.005680614
84.16	0.006760934
84.18	0.009887784
84.2	0.012008168
84.22	0.016354293
84.24	0.021754209
84.26	0.021999298
84.28	0.024110939
84.3	0.02224257
84.32	0.020301131
84.34	0.021537594
84.36	0.021158649
84.38	0.018614297
84.4	0.015500215
84.42	0.010696734
84.44	-0.00752064
84.46	-0.009272167
84.48	-0.015429113
84.5	-0.015594918
84.52	-0.013237723
84.54	-0.007313336
84.56	-0.004233608
84.58	-0.003501333
84.6	-0.001128352
84.62	-0.004157008
84.64	-0.004629054
84.66	-0.005962659
84.68	-0.010088807
84.7	-0.013032883
84.72	-0.012529781
84.74	-0.009448174
84.76	-0.002080519
84.78	0.007313764
84.8	0.018222169
84.82	0.014748994
84.84	0.012134272
84.86	0.012112256
84.88	0.009827322
84.9	0.00601892
84.92	0.003020862
84.94	0.00502184
84.96	0.003577753
84.98	-0.004800716
85	-0.019341269
85.02	-0.012548508
85.04	-0.016226344
85.06	-0.016498078
85.08	-0.016817676
85.1	-0.0138915
85.12	-0.00506165
85.14	0.00606624
85.16	0.007126416
85.18	0.007341237
85.2	0.009106133
85.22	0.010071125
85.24	0.002017726
85.26	-0.00370034
85.28	-0.008780758
85.3	-0.01352024
85.32	-0.008226352
85.34	-0.011781993
85.36	-0.00600477
85.38	-0.016084838
85.4	-0.01140756
85.42	-0.018351893
85.44	-0.016699306
85.46	-0.01903295
85.48	-0.014979696
85.5	-0.011959922
85.52	-0.010403426
85.54	-0.010043147
85.56	-0.007351983
85.58	-0.008900298
85.6	-0.002445705
85.62	0.000792537
85.64	-0.000161662
85.66	0.004697002
85.68	0.002472736
85.7	2.18063E-05
85.72	-0.000331101
85.74	0.005907836
85.76	0.003642629
85.78	0.003844971
85.8	-0.001071123
85.82	-0.000113888
85.84	0.00062123
85.86	-0.00095402
85.88	-0.000363216
85.9	-0.019902009
85.92	-0.016144761
85.94	-0.015506593
85.96	-0.009718952
85.98	-0.015427246
86	-0.019233756
86.02	-0.016321646
86.04	-0.01484601
86.06	-0.013529029
86.08	-0.012178025
86.1	-0.008801465
86.12	-0.004015895
86.14	0.007472841
86.16	0.00852875
86.18	0.013440877
86.2	0.011635103
86.22	0.008775619
86.24	0.004492423
86.26	-0.001308449
86.28	-0.008138938
86.3	-0.013180204
86.32	-0.010564558
86.34	-0.009351284
86.36	-0.003147706
86.38	0.003055887
86.4	0.003674749
86.42	-0.002160841
86.44	-0.014164451
86.46	-0.020913604
86.48	-0.026310528
86.5	-0.026203637
86.52	-0.028208142
86.54	-0.018312174
86.56	-0.012907873
86.58	-0.009246742
86.6	-0.003570561
86.62	-0.000290522
86.64	-0.000687933
86.66	0.00361594
86.68	0.010358725
86.7	0.010854104
86.72	0.016168708
86.74	0.017373429
86.76	0.016718294
86.78	0.015485762
86.8	0.005741606
86.82	-0.006701585
86.84	-0.010043629
86.86	-0.01054591
86.88	-0.009767528
86.9	-0.007771743
86.92	-0.006629998
86.94	-0.006500807
86.96	-0.008738609
86.98	-0.011683797
87	-0.018305948
87.02	-0.015656813
87.04	-0.008097399
87.06	-0.003322786
87.08	0.002712133
87.1	0.004356505
87.12	0.001882996
87.14	0.010082998
87.16	0.007129675
87.18	0.008026256
87.2	0.005112321
87.22	0.011791842
87.24	0.015120047
87.26	0.013477712
87.28	0.016565875
87.3	0.018846541
87.32	0.02022773
87.34	0.016844622
87.36	0.015589334
87.38	0.005711777
87.4	0.00400652
87.42	0.000114346
87.44	-0.001123273
87.46	-0.004463202
87.48	-0.004881704
87.5	-0.012822151
87.52	-0.003220414
87.54	-0.003217488
87.56	0.002837301
87.58	0.003497891
87.6	0.01013018
87.62	0.018727012
87.64	0.018432784
87.66	0.020717819
87.68	0.017766146
87.7	0.016766947
87.72	0.011728311
87.74	0.010742655
87.76	0.006312393
87.78	0.006171953
87.8	0.007198809
87.82	0.010564207
87.84	0.011387712
87.86	0.01045615
87.88	0.010251905
87.9	0.009577741
87.92	0.00534482
87.94	-0.00237311
87.96	-0.004901272
87.98	-0.008577684
88	0.001790094
88.02	0.00064604
88.04	0.008327929
88.06	0.009711175
88.08	0.008653607
88.1	0.013059605
88.12	0.018417222
88.14	0.025849464
88.16	0.026490675
88.18	0.029979427
88.2	0.029242793
88.22	0.028734577
88.24	0.025536543
88.26	0.015447932
88.28	0.009633652
88.3	0.01005578
88.32	0.016277229
88.34	0.018895768
88.36	0.022308902
88.38	0.019466812
88.4	0.016686751
88.42	0.010067579
88.44	-0.008923555
88.46	0.001794978
88.48	6.84565E-05
88.5	0.00020582
88.52	-0.002109112
88.54	-0.003605388
88.56	-0.003863599
88.58	-0.002704339
88.6	0.007522201
88.62	0.014628825
88.64	0.015571826
88.66	0.020093367
88.68	0.021276875
88.7	0.022566417
88.72	0.020561461
88.74	0.017944757
88.76	0.018558681
88.78	0.013797042
88.8	0.010518009
88.82	0.00618441
88.84	-0.003495688
88.86	0.000166257
88.88	-0.002327336
88.9	0.001759456
88.92	0.002892413
88.94	0.001666801
88.96	-0.001919663
88.98	-0.010578829
89	-0.009615063
89.02	-0.013069439
89.04	-0.011864704
89.06	-0.010361504
89.08	-0.009449734
89.1	-0.007288361
89.12	-0.001672807
89.14	-0.000456842
89.16	-0.000136131
89.18	0.004864736
89.2	0.006978947
89.22	0.003689861
89.24	0.004596353
89.26	0.000531251
89.28	0.00036532
89.3	-0.003178865
89.32	0.004077377
89.34	0.002379861
89.36	-0.003887375
89.38	-0.008143373
89.4	-0.007891294
89.42	-0.004831764
89.44	-0.005772626
89.46	0.011182139
89.48	0.010501366
89.5	0.01118502
89.52	0.010811362
89.54	0.011484089
89.56	0.010175174
89.58	0.009814199
89.6	0.003843763
89.62	-0.002760413
89.64	-0.007233369
89.66	-0.006976579
89.68	-0.005711786
89.7	-0.001721905
89.72	0.005600518
89.74	0.013029772
89.76	0.014613604
89.78	0.014368861
89.8	0.009048088
89.82	0.00118376
89.84	-0.004254039
89.86	-0.016274397
89.88	-0.014782206
89.9	-0.018338126
89.92	-0.023265406
89.94	-0.024064099
89.96	-0.022486367
89.98	-0.016366966
90	-0.011062082
90.02	-0.000869578
90.04	0.006101672
90.06	0.008778592
90.08	0.00637363
90.1	0.006773158
90.12	0.008138839
90.14	0.007235922
90.16	0.002527958
90.18	0.008514739
90.2	0.006204666
90.22	0.000421431
90.24	-0.002077061
90.26	-0.005385747
90.28	-0.004082725
90.3	-0.007602617
90.32	-0.00746742
90.34	-0.00496894
90.36	-0.001024353
90.38	-0.001945246
90.4	-0.008246326
90.42	-0.012201548
90.44	-0.023958884
90.46	-0.020117903
90.48	-0.019183298
90.5	-0.020978331
90.52	-0.026022317
90.54	-0.023905726
90.56	-0.024068154
90.58	-0.020421837
90.6	-0.014598183
90.62	-0.015534827
90.64	-0.007914736
90.66	-0.008832167
90.68	-8.46688E-05
90.7	0.022877591
90.72	0.009889228
90.74	0.010873903
90.76	0.005734143
90.78	0.000643994
90.8	-0.002173431
90.82	-0.007095856
90.84	-0.009676334
90.86	-0.015107685
90.88	-0.014464821
90.9	-0.016049764
90.92	-0.014019899
90.94	-0.015432695
90.96	-0.009743096
90.98	-0.010316272
91	-0.009533631
91.02	-0.008554879
91.04	-0.012002977
91.06	-0.015461846
91.08	-0.015204238
91.1	-0.014089092
91.12	-0.006773155
91.14	-0.008256335
91.16	-0.00661163
91.18	-0.013441672
91.2	-0.016222603
91.22	-0.018222052
91.24	-0.010428517
91.26	-0.014396355
91.28	-0.009688034
91.3	-0.004260132
91.32	-0.000827282
91.34	-0.002288026
91.36	-0.00250899
91.38	-0.004965598
91.4	-0.005706851
91.42	-0.005076599
91.44	-0.006744609
91.46	-0.007004361
91.48	-0.001328818
91.5	-0.000880391
91.52	0.002731146
91.54	-2.26891E-05
91.56	0.002366546
91.58	-0.002202178
91.6	0.002960079
91.62	0.002828373
91.64	0.006227873
91.66	0.001932512
91.68	-0.00049778
91.7	-0.000353866
91.72	-0.000416469
91.74	-0.004831471
91.76	-0.005220264
91.78	-0.003666082
91.8	-0.000510863
91.82	-0.001453265
91.84	-0.002672024
91.86	-0.011827189
91.88	-0.014143171
91.9	-0.017390385
91.92	-0.014485594
91.94	-0.012928587
91.96	-0.012118833
91.98	-0.009939412
92	-0.007867865
92.02	-0.006936902
92.04	-0.005151928
92.06	0.00012876
92.08	0.007648766
92.1	0.01620789
92.12	0.015178064
92.14	0.015187228
92.16	0.014111934
92.18	0.011874139
92.2	0.01426871
92.22	0.011906315
92.24	0.007929597
92.26	-0.00189991
92.28	-0.008156766
92.3	-0.003726093
92.32	-0.008996675
92.34	-0.007088692
92.36	-0.004784567
92.38	-0.000473285
92.4	0.000406803
92.42	-0.000455461
92.44	-0.0030287
92.46	-0.004047931
92.48	-0.00183084
92.5	-0.000864184
92.52	0.000708013
92.54	0.002131893
92.56	0.005757152
92.58	0.00739283
92.6	0.013990553
92.62	0.011747838
92.64	0.005435078
92.66	0.006383347
92.68	0.007479265
92.7	0.008258252
92.72	0.006915025
92.74	0.006850355
92.76	0.00363754
92.78	-0.000907529
92.8	-0.00820754
92.82	-0.017851785
92.84	-0.011870275
92.86	-0.009704805
92.88	-0.010159113
92.9	-0.011042818
92.92	-0.014403564
92.94	-0.020428973
92.96	-0.014982117
92.98	-0.008873786
93	-0.005711575
93.02	-0.00492758
93.04	-0.004680275
93.06	-0.001841603
93.08	-9.75441E-05
93.1	0.00295558
93.12	0.005494397
93.14	0.00942146
93.16	0.012213576
93.18	0.008220939
93.2	0.009379385
93.22	0.007829653
93.24	0.002017556
93.26	-0.000797888
93.28	-0.001581206
93.3	-0.001886578
93.32	-0.000296689
93.34	0.000752183
93.36	-0.000190155
93.38	-0.003549821
93.4	-0.006319993
93.42	-0.006300043
93.44	-0.005196483
93.46	-0.003472992
93.48	-0.004434438
93.5	-0.004878442
93.52	-0.0002195
93.54	0.004503704
93.56	0.007900234
93.58	0.009099747
93.6	0.009090005
93.62	0.010157164
93.64	0.018003028
93.66	0.018342267
93.68	0.020657419
93.7	0.013730669
93.72	0.012293532
93.74	0.008817695
93.76	0.007369118
93.78	0.007136092
93.8	0.005871781
93.82	0.00664832
93.84	0.006619248
93.86	0.003117718
93.88	0.001088348
93.9	-0.001725949
93.92	-0.002096466
93.94	-0.000561098
93.96	0.000437737
93.98	-0.004352847
94	-0.005827737
94.02	-0.003578441
94.04	-0.006051531
94.06	-0.005421381
94.08	-0.004899999
94.1	-0.001289314
94.12	0.005655875
94.14	0.00477798
94.16	0.007370253
94.18	0.005110804
94.2	0.000677362
94.22	-0.002413119
94.24	-0.003177559
94.26	-0.006568575
94.28	-0.007003439
94.3	-0.00813407
94.32	-0.009505934
94.34	-0.01168347
94.36	-0.014253986
94.38	-0.016802775
94.4	-0.015088373
94.42	-0.012472628
94.44	-0.011255468
94.46	-0.01305422
94.48	-0.014494345
94.5	-0.012940888
94.52	-0.01255939
94.54	-0.007140523
94.56	-0.004960067
94.58	-0.001210675
94.6	-0.000540982
94.62	0.0027438
94.64	0.004893473
94.66	0.00369902
94.68	0.004156563
94.7	0.003356846
94.72	0.002642189
94.74	0.004020873
94.76	0.004128572
94.78	-2.45915E-05
94.8	-6.38248E-05
94.82	-0.001815206
94.84	-0.000933997
94.86	-0.003042811
94.88	-0.00133581
94.9	-0.000597836
94.92	0.001658887
94.94	-0.000927857
94.96	-0.001733785
94.98	-0.003343431
95	-0.003980953
95.02	-0.002726619
95.04	2.53138E-05
95.06	0.001991527
95.08	0.00380079
95.1	0.006111268
95.12	0.005109954
95.14	-0.004347748
95.16	-0.000752024
95.18	-0.002403982
95.2	-0.002476202
95.22	0.001276144
95.24	0.002645283
95.26	0.004530505
95.28	0.004671945
95.3	0.004259241
95.32	0.006447567
95.34	0.004133305
95.36	0.00630901
95.38	0.006932682
95.4	0.007581245
95.42	0.004977427
95.44	0.001052169
95.46	-0.00192005
95.48	-0.003417787
95.5	-0.003182689
95.52	-0.006921883
95.54	-0.005393088
95.56	-0.002225789
95.58	-0.00381199
95.6	0.002967767
95.62	0.004164905
95.64	0.00767584
95.66	0.010700046
95.68	0.011218531
95.7	0.004572692
95.72	-0.000964711
95.74	-0.011451661
95.76	-0.014940187
95.78	-0.006788101
95.8	-0.005680521
95.82	-0.001104182
95.84	0.001877322
95.86	0.001952954
95.88	0.001928402
95.9	0.003289526
95.92	0.007363908
95.94	0.009561797
95.96	0.012243658
95.98	0.016946472
96	0.014336764
96.02	0.01139525
96.04	0.011394775
96.06	0.008233387
96.08	0.003306347
96.1	0.003828427
96.12	0.005076618
96.14	0.012023603
96.16	0.01675054
96.18	0.018956914
96.2	0.018510275
96.22	0.01184926
96.24	0.00860237
96.26	0.006357973
96.28	0.006481756
96.3	0.007209482
96.32	0.006985667
96.34	0.009757295
96.36	0.011933575
96.38	0.006222763
96.4	0.002246342
96.42	-0.001810526
96.44	-0.000889229
96.46	0.00141437
96.48	0.00669663
96.5	0.019144114
96.52	0.006761361
96.54	0.006828439
96.56	0.005683074
96.58	0.001300554
96.6	0.000981151
96.62	-0.001744047
96.64	-0.004384365
96.66	-0.001523544
96.68	0.002336904
96.7	0.006648338
96.72	0.010792104
96.74	0.016054308
96.76	0.017581565
96.78	0.018646484
96.8	0.018301875
96.82	0.009207363
96.84	0.003030977
96.86	0.006172172
96.88	0.000589009
96.9	0.006882438
96.92	0.002936266
96.94	0.00013745
96.96	-0.002935154
96.98	-0.003344044
97	-0.005374856
97.02	6.14156E-05
97.04	0.002468311
97.06	0.000469521
97.08	-0.00317926
97.1	-0.005249756
97.12	-0.00672941
97.14	-0.009336706
97.16	-0.007632558
97.18	-0.012362319
97.2	-0.011561425
97.22	-0.010845673
97.24	-0.00488395
97.26	0.003380397
97.28	0.012608022
97.3	0.016757678
97.32	0.014821069
97.34	0.017275357
97.36	0.018234731
97.38	0.016042942
97.4	0.014644792
97.42	0.013366862
97.44	0.011511705
97.46	0.007081101
97.48	0.005397061
97.5	0.002633831
97.52	0.00539359
97.54	0.008789177
97.56	0.012109381
97.58	0.015287194
97.6	0.019858088
97.62	0.014901863
97.64	0.008553427
97.66	-0.000923195
97.68	-0.008019036
97.7	-0.007266369
97.72	-0.002364438
97.74	-0.004575025
97.76	0.001312132
97.78	0.006078512
97.8	0.008151788
97.82	0.001325363
97.84	0.001286791
97.86	0.004799582
97.88	0.000393109
97.9	0.005234716
97.92	0.00560438
97.94	0.005074867
97.96	0.004404266
97.98	0.00464362
98	0.005123726
98.02	0.004741599
98.04	0.004301573
98.06	6.85003E-06
98.08	-0.002889567
98.1	-0.001446273
98.12	-0.00088292
98.14	0.004802688
98.16	0.009206719
98.18	0.005946215
98.2	-0.000950143
98.22	-0.012042302
98.24	-0.010072019
98.26	-0.018583537
98.28	-0.018228969
98.3	-0.013047859
98.32	-0.010274162
98.34	-0.008914534
98.36	-0.009760434
98.38	-0.008582712
98.4	-0.002755613
98.42	0.002218711
98.44	0.00410253
98.46	-0.002447069
98.48	-0.004609047
98.5	-0.011473049
98.52	-0.0139872
98.54	-0.014380039
98.56	-0.015457061
98.58	-0.01313964
98.6	-0.014824848
98.62	-0.013009401
98.64	-0.013663641
98.66	-0.006056044
98.68	-0.001949161
98.7	0.003961248
98.72	0.005182394
98.74	0.005718259
98.76	0.006203739
98.78	0.00863373
98.8	0.006284524
98.82	0.004710393
98.84	0.004164555
98.86	-1.5495E-05
98.88	-0.005860144
98.9	-0.014168914
98.92	-0.018958944
98.94	-0.023712181
98.96	-0.016693335
98.98	-0.009734103
99	0.003012657
99.02	0.001548774
99.04	0.001150012
99.06	-0.000860598
99.08	-0.003707027
99.1	-0.004826186
99.12	-0.00902722
99.14	-0.010329835
99.16	-0.01179219
99.18	-0.008467121
99.2	-0.00747393
99.22	-0.000691785
99.24	0.002496813
99.26	0.000666175
99.28	0.008362274
99.3	0.000196016
99.32	-0.00503586
99.34	-0.007298354
99.36	-0.003937658
99.38	0.001129781
99.4	0.00560027
99.42	0.004456911
99.44	-0.000689632
99.46	-0.004336679
99.48	-0.005896558
99.5	-0.009345453
99.52	-0.012784811
99.54	-0.015041041
99.56	-0.010617912
99.58	-0.00842686
99.6	0.001575684
99.62	0.000717045
99.64	-0.001199653
99.66	-0.000763665
99.68	-0.002603961
99.7	-0.006393795
99.72	-0.003725011
99.74	0.001474364
99.76	0.006877558
99.78	0.010361823
99.8	0.012325344
99.82	0.011429945
99.84	0.008979884
99.86	0.004585184
99.88	0.003069899
99.9	0.000946542
99.92	-0.002434582
99.94	-0.005994466
99.96	-0.005881962
99.98	-0.005408579
100	-0.006661008
100.02	-0.009355822
100.04	-0.007647571
100.06	-0.008101289
100.08	-0.010540612
100.1	-0.012625164
100.12	-0.01288095
100.14	-0.013732283
100.16	-0.011994123
100.18	-0.004734346
100.2	-0.001173657
100.22	0.00294023
100.24	0.003383586
100.26	0.006111216
100.28	0.007657331
100.3	0.002794644
100.32	0.000970254
100.34	-0.002380132
100.36	-0.001626718
100.38	-0.003223473
100.4	-0.002476501
100.42	-0.000270307
100.44	-0.005357943
100.46	-0.008653538
100.48	-0.009946244
100.5	-0.013848498
100.52	-0.013806107
100.54	-0.009744107
100.56	-0.008040081
100.58	-0.007223702
100.6	-0.006903046
100.62	-0.007026735
100.64	-0.005996723
100.66	-0.002856099
100.68	-0.002359625
100.7	-0.000239415
100.72	0.003244242
100.74	0.010455436
100.76	0.007934774
100.78	0.008236519
100.8	0.011637978
100.82	0.008046865
100.84	0.004200087
100.86	0.001028818
100.88	-0.003593305
100.9	-0.005136205
100.92	-0.006586145
100.94	-0.009298626
100.96	-0.01431393
100.98	-0.018797295
101	-0.021219076
101.02	-0.020074683
101.04	-0.018052755
101.06	-0.016865914
101.08	-0.015883986
101.1	-0.007635072
101.12	-0.00274661
101.14	0.003044799
101.16	0.011929845
101.18	0.012599727
101.2	0.013773421
101.22	0.013755404
101.24	0.00974051
101.26	0.006530808
101.28	0.004221732
101.3	0.006847626
101.32	0.00698664
101.34	0.009720336
101.36	0.011311668
101.38	0.011093856
101.4	0.009831217
101.42	0.007689648
101.44	0.006060491
101.46	0.006361004
101.48	0.004886668
101.5	0.0038942
101.52	0.002698746
101.54	-0.002015534
101.56	-0.004770213
101.58	-0.007229382
101.6	-0.010480949
101.62	-0.012914205
101.64	-0.011498867
101.66	-0.002749938
101.68	0.006190568
101.7	0.018057764
101.72	0.02051972
101.74	0.019210996
101.76	0.020412764
101.78	0.020288166
101.8	0.021253522
101.82	0.015084161
101.84	0.007931127
101.86	0.003814565
101.88	0.001471013
101.9	0.000107411
101.92	-6.71388E-05
101.94	-0.001619654
101.96	-0.002498941
101.98	-0.00108244
102	0.002000904
102.02	-9.2913E-05
102.04	-0.002867123
102.06	-0.003384549
102.08	-0.005027337
102.1	-0.011036302
102.12	-0.011019339
102.14	-0.010645688
102.16	-0.010684456
102.18	-0.011417924
102.2	-0.009208911
102.22	-0.003003466
102.24	0.004700114
102.26	0.006257172
102.28	0.004998735
102.3	0.000284571
102.32	-0.001568378
102.34	-0.005456012
102.36	-0.007559242
102.38	-0.006281569
102.4	-0.01030096
102.42	-0.011584605
102.44	-0.014059107
102.46	-0.018239515
102.48	-0.018291219
102.5	-0.018146454
102.52	-0.016812451
102.54	-0.01411045
102.56	-0.012666059
102.58	-0.007571854
102.6	0.012622022
102.62	0.008558264
102.64	0.006743545
102.66	0.008117556
102.68	0.008898941
102.7	0.00997141
102.72	0.009960412
102.74	0.012501886
102.76	0.012510607
102.78	0.014240665
102.8	0.015510128
102.82	0.014165285
102.84	0.008395209
102.86	0.003524661
102.88	-0.0025451
102.9	-0.004280366
102.92	-0.000946825
102.94	-0.000855072
102.96	-7.78606E-06
102.98	0.001022544
103	-0.000124823
103.02	0.000484816
103.04	-0.002953542
103.06	-0.009272906
103.08	-0.012308957
103.1	-0.015096454
103.12	-0.011634857
103.14	-0.003723719
103.16	0.014479963
103.18	0.011942531
103.2	0.021238463
103.22	0.016260912
103.24	0.016098283
103.26	0.014312092
103.28	0.011368968
103.3	0.009878151
103.32	0.006239057
103.34	0.007982573
103.36	0.009164148
103.38	0.010937171
103.4	0.008051932
103.42	0.005280929
103.44	-0.004108553
103.46	-0.01339584
103.48	-0.01657477
103.5	-0.019718046
103.52	-0.01581837
103.54	-0.014456212
103.56	-0.015337499
103.58	-0.011398329
103.6	-0.015551913
103.62	-0.013386765
103.64	-0.010737422
103.66	-0.008434568
103.68	-0.004386465
103.7	-0.001023194
103.72	-0.002314121
103.74	-0.002483908
103.76	-0.004954426
103.78	-0.00021989
103.8	0.003847228
103.82	0.0058655
103.84	0.004251761
103.86	0.008136711
103.88	0.00790928
103.9	0.006715941
103.92	0.000780361
103.94	-0.004246397
103.96	-0.001004561
103.98	0.003107138
104	0.009016915
104.02	0.001560936
104.04	0.00187283
104.06	0.002692089
104.08	0.000799887
104.1	-0.003495001
104.12	-0.005648653
104.14	-0.009071408
104.16	-0.008150607
104.18	-0.001992408
104.2	0.004030519
104.22	0.006879982
104.24	0.007174527
104.26	0.005182697
104.28	0.001020504
104.3	-0.002924715
104.32	-0.006721664
104.34	-0.009791805
104.36	-0.00930923
104.38	-0.010318551
104.4	-0.005195471
104.42	-0.002853283
104.44	-0.010146522
104.46	-0.010919803
104.48	-0.014600367
104.5	-0.009488396
104.52	-0.007131731
104.54	-0.000616217
104.56	0.001397459
104.58	0.00414848
104.6	0.004579126
104.62	0.007699333
104.64	0.007354192
104.66	0.00775009
104.68	0.004343069
104.7	-0.002078172
104.72	-0.009919917
104.74	-0.002504257
104.76	-0.00154083
104.78	0.001593981
104.8	-0.00227801
104.82	-0.00114071
104.84	-0.003970453
104.86	-0.007103826
104.88	-0.0085238
104.9	-0.008693799
104.92	-0.009293774
104.94	-0.012467672
104.96	-0.011178427
104.98	-0.011069741
105	-0.011180354
105.02	-0.009565394
105.04	-0.006045681
105.06	0.008156664
105.08	0.014578246
105.1	0.024101257
105.12	0.018308952
105.14	0.019892241
105.16	0.019058699
105.18	0.019798614
105.2	0.017239537
105.22	0.007571925
105.24	0.00665127
105.26	0.002259177
105.28	0.004149111
105.3	0.004009584
105.32	0.003045689
105.34	-0.001912547
105.36	-0.003579825
105.38	-0.003414407
105.4	-0.004750328
105.42	0.002020872
105.44	0.004514227
105.46	0.006249834
105.48	0.006839317
105.5	0.008569066
105.52	0.003929241
105.54	0.000526962
105.56	-0.004125449
105.58	-0.002030025
105.6	0.00513397
105.62	0.026820736
105.64	0.017867808
105.66	0.019208693
105.68	0.022791094
105.7	0.022733952
105.72	0.023958673
105.74	0.026238677
105.76	0.028807144
105.78	0.024978595
105.8	0.015349394
105.82	0.009236918
105.84	0.002321994
105.86	-0.005015796
105.88	-0.007710368
105.9	-0.009184868
105.92	-0.012415197
105.94	-0.012104897
105.96	-0.00975941
105.98	-0.011774759
106	0.0018965
106.02	0.003048872
106.04	0.008752264
106.06	0.014226078
106.08	0.013815411
106.1	0.009816018
106.12	0.011595162
106.14	0.01002324
106.16	0.00994999
106.18	0.011091671
106.2	0.010468748
106.22	0.007898421
106.24	0.012291814
106.26	0.012815707
106.28	0.008614741
106.3	0.00872076
106.32	0.006670163
106.34	0.003795238
106.36	0.003849166
106.38	-0.003750641
106.4	-0.019185962
106.42	-0.005778876
106.44	-0.007844435
106.46	-0.012442684
106.48	-0.013411668
106.5	-0.011499251
106.52	-0.012808602
106.54	-0.007859526
106.56	-0.00115569
106.58	0.002369306
106.6	0.006930129
106.62	0.006395685
106.64	0.008096473
106.66	0.004503437
106.68	0.001700354
106.7	0.005706473
106.72	0.006576842
106.74	0.005295955
106.76	0.00943546
106.78	0.009866609
106.8	-0.000877932
106.82	-0.002299045
106.84	-0.005131061
106.86	-0.007208482
106.88	-0.004396089
106.9	-0.005979384
106.92	-0.005482969
106.94	-0.002491769
106.96	-0.006052208
106.98	-0.008597012
107	-0.005897757
107.02	-0.005583338
107.04	-0.002773138
107.06	0.000404461
107.08	0.001616512
107.1	0.000754563
107.12	0.012634742
107.14	0.015747301
107.16	0.019246663
107.18	0.019971092
107.2	0.017172
107.22	0.012469187
107.24	0.013155094
107.26	0.006679248
107.28	0.000410025
107.3	-0.002825999
107.32	-0.003095891
107.34	-0.007875916
107.36	-0.009384814
107.38	-0.009681388
107.4	-0.009292932
107.42	-0.00990623
107.44	-0.00787772
107.46	-0.00516016
107.48	-0.002446786
107.5	-0.004293022
107.52	-0.003757165
107.54	-0.004351495
107.56	0.000782289
107.58	0.005833647
107.6	0.009229362
107.62	0.006418552
107.64	0.002243636
107.66	-0.002185142
107.68	-0.000553009
107.7	0.002132094
107.72	0.00225101
107.74	0.001836063
107.76	0.002855113
107.78	0.00299202
107.8	0.003140913
107.82	-0.000232171
107.84	-0.002090199
107.86	-0.014916691
107.88	-0.008239312
107.9	-0.012319212
107.92	-0.010674807
107.94	-0.011463078
107.96	-0.009275403
107.98	-0.008448465
108	-0.007807942
108.02	-0.007465637
108.04	-0.006140026
108.06	-0.007398012
108.08	-0.006222088
108.1	-0.004661014
108.12	7.15962E-05
108.14	0.002379575
108.16	0.005049171
108.18	0.00519487
108.2	0.006151192
108.22	0.000578777
108.24	-0.007817097
108.26	-0.010615386
108.28	-0.016719472
108.3	-0.019759777
108.32	-0.02306217
108.34	-0.020087873
108.36	-0.017523747
108.38	-0.015360376
108.4	-0.012198845
108.42	-0.011623782
108.44	-0.012102947
108.46	-0.01094495
108.48	-0.007212133
108.5	-0.000833372
108.52	0.006931791
108.54	0.001215338
108.56	-0.001092713
108.58	-0.001534861
108.6	-0.002615831
108.62	-0.003326225
108.64	-0.001523928
108.66	0.006314399
108.68	0.004161729
108.7	0.007734188
108.72	0.010151873
108.74	0.011118502
108.76	0.009461534
108.78	0.006881091
108.8	-0.000425709
108.82	-0.007909448
108.84	-0.011484002
108.86	-0.011867718
108.88	-0.012222195
108.9	-0.010962538
108.92	-0.010897824
108.94	-0.009957495
108.96	-0.007444201
108.98	0.00121589
109	0.000779588
109.02	0.00652521
109.04	0.010462844
109.06	0.016709993
109.08	0.012317709
109.1	0.015536588
109.12	0.016595893
109.14	0.014158536
109.16	0.013704851
109.18	0.01050077
109.2	0.010580003
109.22	0.010865633
109.24	0.007458878
109.26	0.004211723
109.28	0.0056825
109.3	0.003754575
109.32	0.004877376
109.34	0.003547353
109.36	0.004885826
109.38	-0.000886135
109.4	-0.002788673
109.42	-0.004250046
109.44	-0.003081981
109.46	-0.008820538
109.48	-0.003215675
109.5	-0.005153214
109.52	-0.002242373
109.54	0.00207798
109.56	0.007736409
109.58	0.013691617
109.6	0.01318943
109.62	0.015474551
109.64	0.010736001
109.66	0.006132644
109.68	-0.001281195
109.7	-0.00139108
109.72	-0.003766776
109.74	0.001183901
109.76	0.005361926
109.78	0.005180786
109.8	0.006264736
109.82	0.006991844
109.84	0.004881248
109.86	0.004351985
109.88	-0.00150425
109.9	-0.01124043
109.92	-0.013523507
109.94	-0.009314655
109.96	-0.004466195
109.98	0.007308594
110	0.012023754
110.02	0.01054698
110.04	0.006746172
110.06	0.009236607
110.08	0.009258347
110.1	0.009869017
110.12	0.008803542
110.14	0.003270038
110.16	0.00128878
110.18	-0.002754081
110.2	-0.004852571
110.22	-0.009089988
110.24	-0.013189318
110.26	-0.017143984
110.28	-0.015787366
110.3	-0.013730789
110.32	-0.010632498
110.34	-0.006963051
110.36	-0.00756875
110.38	-0.008163662
110.4	-0.007247537
110.42	-0.011133976
110.44	-0.010289982
110.46	-0.009275564
110.48	-0.004386821
110.5	-0.001046665
110.52	0.009206794
110.54	0.009376356
110.56	0.010595716
110.58	0.012580753
110.6	0.012587203
110.62	0.015169883
110.64	0.014449555
110.66	0.014680003
110.68	0.012360776
110.7	0.007823074
110.72	0.00128254
110.74	-0.00287149
110.76	-0.005154403
110.78	-0.005514595
110.8	-0.009117909
110.82	-0.008965355
110.84	-0.010409609
110.86	-0.009655322
110.88	-0.010261568
110.9	-0.00028033
110.92	-0.002055145
110.94	0.000104868
110.96	0.003599614
110.98	0.004318153
111	0.002545898
111.02	0.003676191
111.04	0.008615721
111.06	0.010832256
111.08	0.010225105
111.1	0.010134037
111.12	0.008843112
111.14	0.005797136
111.16	0.008356852
111.18	0.009195364
111.2	0.0116251
111.22	0.011056572
111.24	0.00687851
111.26	0.007198287
111.28	0.003729745
111.3	-0.004673821
111.32	-0.009471792
111.34	-0.011450164
111.36	-0.013149974
111.38	-0.014789068
111.4	-0.00856667
111.42	-0.006759644
111.44	-0.005405297
111.46	-0.004708341
111.48	-0.00068759
111.5	0.00077155
111.52	0.001636258
111.54	6.3487E-05
111.56	0.00225226
111.58	0.003865827
111.6	0.004823461
111.62	0.000652057
111.64	-0.001006556
111.66	-0.007463865
111.68	-0.012998757
111.7	-0.013248553
111.72	-0.012098557
111.74	-0.012507884
111.76	-0.011409402
111.78	-0.011104687
111.8	-0.012581589
111.82	-0.014784539
111.84	-0.017345158
111.86	-0.018565128
111.88	-0.020605729
111.9	-0.017847926
111.92	-0.015836099
111.94	-0.014227196
111.96	-0.012709787
111.98	-0.009543049
112	-0.005883224
112.02	-0.003357732
112.04	-0.000728511
112.06	0.000452821
112.08	-0.001305026
112.1	0.000415906
112.12	-0.000697361
112.14	-0.001001361
112.16	-0.001558475
112.18	-0.002246336
112.2	-0.004225051
112.22	-0.005495656
112.24	-0.005969762
112.26	-0.005483699
112.28	-0.004584845
112.3	-0.003692683
112.32	-0.003746666
112.34	-0.002063097
112.36	-0.001543327
112.38	-0.001750913
112.4	-0.006580162
112.42	-0.009088904
112.44	-0.008524875
112.46	-0.006881763
112.48	-0.00451625
112.5	-0.00427593
112.52	-0.006917056
112.54	-0.00823384
112.56	-0.007376439
112.58	-0.002209293
112.6	-0.003226796
112.62	-0.00080159
112.64	0.002492412
112.66	0.008774939
112.68	0.008177327
112.7	0.010227851
112.72	0.013253052
112.74	0.013608818
112.76	0.010654227
112.78	0.005303357
112.8	-0.000927082
112.82	-0.006167998
112.84	-0.019089414
112.86	-0.013308216
112.88	-0.012668764
112.9	-0.008121506
112.92	-0.001554658
112.94	0.003237986
112.96	0.005404466
112.98	0.005875979
113	0.004340667
113.02	0.008541655
113.04	0.006876635
113.06	0.007903366
113.08	0.003812899
113.1	-0.001421679
113.12	-0.001636162
113.14	-0.0004241
113.16	-0.002986328
113.18	-0.003003584
113.2	-0.000739298
113.22	-0.000908122
113.24	-0.001296079
113.26	0.003621685
113.28	0.003139888
113.3	0.006644316
113.32	0.006940128
113.34	0.007665303
113.36	-0.000514406
113.38	-0.002836658
113.4	-0.00531357
113.42	-0.002609017
113.44	-0.001963779
113.46	0.001272419
113.48	0.004781122
113.5	0.003762678
113.52	0.00016963
113.54	0.000209692
113.56	0.002379798
113.58	0.005748116
113.6	0.005161335
113.62	0.001650456
113.64	-0.004024525
113.66	-0.006169279
113.68	-0.005481385
113.7	-0.004558378
113.72	1.18909E-05
113.74	-0.002746133
113.76	-0.001490968
113.78	-0.001774333
113.8	-0.000578403
113.82	0.00068291
113.84	-0.001226778
113.86	-0.003620175
113.88	-0.004972579
113.9	-0.007788334
113.92	-0.009419263
113.94	-0.004435351
113.96	-0.002466151
113.98	0.005224106
114	0.004091557
114.02	0.002767982
114.04	0.001372878
114.06	0.002209394
114.08	0.002700427
114.1	0.002873907
114.12	-0.000610208
114.14	-0.003736955
114.16	-0.007016102
114.18	-0.011460719
114.2	-0.008990133
114.22	-0.00788597
114.24	-0.006780722
114.26	-0.002802457
114.28	-0.002887619
114.3	0.001743301
114.32	0.002673663
114.34	0.006848392
114.36	0.013715269
114.38	0.011705834
114.4	0.008436449
114.42	0.001872481
114.44	-0.003474004
114.46	-0.005988239
114.48	-0.002602774
114.5	0.00148855
114.52	0.005006835
114.54	0.010154294
114.56	0.01158502
114.58	0.011011773
114.6	0.003826563
114.62	-4.39757E-05
114.64	-0.004919288
114.66	-0.006260956
114.68	-0.006446183
114.7	-0.005239654
114.72	0.000513923
114.74	0.005459109
114.76	0.005541316
114.78	0.00187222
114.8	-0.000602788
114.82	-0.004147245
114.84	-0.003661879
114.86	0.003563749
114.88	0.005943148
114.9	0.006376523
114.92	0.008409487
114.94	0.009003585
114.96	0.006657141
114.98	0.008755541
115	0.00979466
115.02	0.009466226
115.04	0.01046255
115.06	0.01067649
115.08	0.011288755
115.1	0.011187695
115.12	0.008199517
115.14	0.004910811
115.16	0.006314813
115.18	0.01012925
115.2	0.007181013
115.22	0.008087937
115.24	0.00486794
115.26	0.004686962
115.28	0.007590643
115.3	0.008760869
115.32	0.005285994
115.34	0.002606021
115.36	0.003303299
115.38	0.001948066
115.4	-0.000254699
115.42	0.001139951
115.44	0.004291332
115.46	0.011020898
115.48	0.012041367
115.5	0.011732916
115.52	0.00762281
115.54	0.006232281
115.56	0.0056342
115.58	0.002103404
115.6	-0.001350455
115.62	-0.001484006
115.64	-0.002428737
115.66	-0.001451457
115.68	-0.00029779
115.7	0.000903999
115.72	0.005372399
115.74	0.007248615
115.76	0.009364933
115.78	0.010404928
115.8	0.010035396
115.82	0.010172343
115.84	0.005580609
115.86	0.003846376
115.88	0.001101614
115.9	-0.003516208
115.92	-0.002771419
115.94	-0.001190862
115.96	-0.000298157
115.98	0.000536326
116	-0.000478714
116.02	-0.005456748
116.04	-0.006957371
116.06	-0.010498545
116.08	-0.010281458
116.1	-0.012257573
116.12	-0.010716915
116.14	-0.012414447
116.16	-0.012046292
116.18	-0.010996347
116.2	-0.013993874
116.22	-0.015178293
116.24	-0.014141908
116.26	-0.009645821
116.28	-0.003028843
116.3	0.001951399
116.32	0.004839967
116.34	0.004088747
116.36	0.003078456
116.38	0.001600218
116.4	-0.007917606
116.42	-0.003211725
116.44	-0.000444234
116.46	0.004577643
116.48	0.009910801
116.5	0.015817566
116.52	0.017089293
116.54	0.016870951
116.56	0.0162727
116.58	0.012007268
116.6	0.011505417
116.62	0.010426039
116.64	0.007680776
116.66	0.004687306
116.68	0.000719184
116.7	-0.003522058
116.72	-0.002476862
116.74	-0.002908117
116.76	-0.004642454
116.78	-0.009652973
116.8	-0.004737013
116.82	-0.005023695
116.84	-0.002765051
116.86	0.011421012
116.88	0.009712182
116.9	0.009672614
116.92	0.006818135
116.94	0.005077581
116.96	0.003405284
116.98	0.002245174
117	0.004989865
117.02	0.005180123
117.04	0.008292759
117.06	0.008790208
117.08	0.009522862
117.1	0.00917151
117.12	0.00763823
117.14	0.00955661
117.16	0.007230097
117.18	0.004658458
117.2	0.002421838
117.22	-0.00392655
117.24	-0.001865115
117.26	-0.013944067
117.28	-0.013033917
117.3	-0.008177412
117.32	-0.008871152
117.34	-0.004517335
117.36	-0.004979878
117.38	-0.00156806
117.4	0.003625816
117.42	0.003815127
117.44	0.000136829
117.46	-0.00151151
117.48	-0.004069462
117.5	-0.013542087
117.52	-0.012320503
117.54	-0.013530873
117.56	-0.012046583
117.58	-0.009655706
117.6	-0.001385222
117.62	-0.002758758
117.64	0.001583248
117.66	0.001089001
117.68	0.002468166
117.7	0.000253746
117.72	-0.002107826
117.74	-0.008492363
117.76	-0.009543721
117.78	-0.0085931
117.8	-0.00613853
117.82	-0.008946353
117.84	-0.005863081
117.86	-0.004145594
117.88	-0.004853825
117.9	0.001311821
117.92	0.008646536
117.94	0.010421105
117.96	0.009166909
117.98	0.006742748
118	0.004663533
118.02	-2.36333E-05
118.04	-0.002642362
118.06	-0.003115868
118.08	-0.007537675
118.1	-0.005141229
118.12	-0.005165622
118.14	-0.003833086
118.16	-0.002101252
118.18	-0.005908279
118.2	-0.001606125
118.22	-0.000446631
118.24	0.003219639
118.26	-0.001291896
118.28	0.001184142
118.3	-0.000559692
118.32	-0.001795242
118.34	-0.001193302
118.36	0.000776793
118.38	-0.003894105
118.4	-0.008601881
118.42	-0.006950741
118.44	-0.001267661
118.46	0.003372293
118.48	0.007806001
118.5	0.009014789
118.52	0.004244166
118.54	0.002272228
118.56	0.002256828
118.58	0.003677136
118.6	-0.002953093
118.62	-0.009345214
118.64	-0.00574025
118.66	-0.004826224
118.68	0.001905056
118.7	0.002078436
118.72	0.005353471
118.74	0.006246716
118.76	0.013131168
118.78	0.013495995
118.8	0.021698307
118.82	0.015854217
118.84	0.017262457
118.86	0.010429824
118.88	0.007119941
118.9	0.00835566
118.92	0.007890435
118.94	0.008391324
118.96	0.012010883
118.98	0.008729614
119	0.009261882
119.02	0.005907367
119.04	0.004443532
119.06	0.003621144
119.08	0.003812297
119.1	0.006435771
119.12	0.009708807
119.14	0.011099548
119.16	0.007173072
119.18	0.005350909
119.2	0.00424166
119.22	0.006551147
119.24	0.006291587
119.26	0.007342914
119.28	0.012978328
119.3	0.016072612
119.32	0.015938291
119.34	0.011056289
119.36	0.008519978
119.38	0.006183696
119.4	0.00429359
119.42	-0.002388303
119.44	-0.011950948
119.46	-0.010410799
119.48	-0.012972804
119.5	-0.006761598
119.52	-0.003549893
119.54	0.000117745
119.56	0.003004626
119.58	0.000180559
119.6	-0.003349238
119.62	-0.004160827
119.64	-0.005894969
119.66	-0.009768339
119.68	-0.011038954
119.7	-0.011898343
119.72	-0.010578995
119.74	-0.006668745
119.76	-0.004147181
119.78	-0.003523921
119.8	-0.009409601
119.82	-0.011166392
119.84	-0.013265979
119.86	-0.014438691
119.88	-0.015395
119.9	-0.01350298
119.92	-0.009537676
119.94	-0.00347491
119.96	-0.00195649
119.98	-0.004693442
120	-0.007667943
120.02	-0.011319149
120.04	-0.023214146
120.06	-0.017227889
120.08	-0.01260931
120.1	-0.007020454
120.12	-0.004196775
120.14	-0.003437113
120.16	0.004427245
120.18	0.002639442
120.2	0.002660779
120.22	-0.001315301
120.24	-0.000731749
120.26	-0.000391558
120.28	-0.001461351
120.3	-0.001475367
120.32	-0.001150522
120.34	-0.000760757
120.36	0.002047004
120.38	0.006246797
120.4	0.001796878
120.42	-0.000600633
120.44	-0.004518315
120.46	-0.005956617
120.48	-0.010642615
120.5	-0.007617456
120.52	-0.001922128
120.54	-0.003515223
120.56	-0.002869166
120.58	-0.0039693
120.6	0.00222057
120.62	0.003041364
120.64	0.005148992
120.66	0.006679499
120.68	0.004042866
120.7	0.005055011
120.72	0.005639331
120.74	0.009039235
120.76	0.006919219
120.78	0.002670347
120.8	-0.001768782
120.82	-0.002009685
120.84	-0.004944864
120.86	-0.016854257
120.88	-0.015970111
120.9	-0.014676352
120.92	-0.013489878
120.94	-0.009675479
120.96	-0.006859353
120.98	-0.003801192
121	-0.002382012
121.02	-0.004630994
121.04	-0.006658869
121.06	-0.0055976
121.08	-0.011095357
121.1	-0.01340257
121.12	-0.015364766
121.14	-0.013080448
121.16	-0.007416369
121.18	0.000731241
121.2	0.002421735
121.22	0.001181909
121.24	-0.003113255
121.26	-0.004982186
121.28	-0.008990562
121.3	-0.009187414
121.32	-0.008075819
121.34	-0.00348533
121.36	0.003091851
121.38	0.005190367
121.4	-0.002836972
121.42	-0.007051057
121.44	-0.015001357
121.46	-0.02238683
121.48	-0.022712276
121.5	-0.023828788
121.52	-0.022207283
121.54	-0.017252447
121.56	-0.01158183
121.58	-0.0077443
121.6	-0.003373674
121.62	0.007448414
121.64	0.006105975
121.66	0.007357928
121.68	0.006947573
121.7	0.003643724
121.72	-0.000575759
121.74	0.000848046
121.76	0.003287424
121.78	0.002279095
121.8	0.000297651
121.82	-0.002415094
121.84	-0.005708889
121.86	-0.008182631
121.88	-0.006724633
121.9	-0.005628953
121.92	-0.007362916
121.94	-0.00719433
121.96	-0.006938735
121.98	-0.0113199
122	-0.011439856
122.02	-0.004603227
122.04	-0.002444575
122.06	-0.004012447
122.08	-0.003844885
122.1	-0.008886332
122.12	-0.012049461
122.14	-0.008853309
122.16	-0.00338411
122.18	0.013456466
122.2	0.017331812
122.22	0.013933362
122.24	0.017930725
122.26	0.012435614
122.28	0.012248649
122.3	0.014230218
122.32	0.020267467
122.34	0.01719265
122.36	0.018250247
122.38	0.015118351
122.4	0.013547179
122.42	0.012461867
122.44	0.008427407
122.46	0.003891092
122.48	0.000521607
122.5	-0.005863443
122.52	-0.014666246
122.54	-0.01208674
122.56	-0.009706068
122.58	-0.002957941
122.6	0.001121067
122.62	0.00387335
122.64	0.005456444
122.66	0.002239374
122.68	0.002337919
122.7	0.001303588
122.72	6.57008E-05
122.74	0.003265089
122.76	0.007933597
122.78	0.013303148
122.8	0.014031565
122.82	0.009493894
122.84	0.008884851
122.86	0.005818911
122.88	0.004713718
122.9	0.001909931
122.92	0.001041716
122.94	0.001851974
122.96	0.003658162
122.98	0.006932309
123	0.012279023
123.02	0.010145593
123.04	-0.006933372
123.06	-0.008502948
123.08	-0.000202512
123.1	0.007799165
123.12	0.014944615
123.14	0.018579692
123.16	0.01930323
123.18	0.018985326
123.2	0.017743817
123.22	0.013554568
123.24	0.009539806
123.26	0.006424474
123.28	0.004591408
123.3	0.00572263
123.32	0.005799851
123.34	0.005641675
123.36	0.010049339
123.38	0.004160433
123.4	-0.00283114
123.42	-0.007065029
123.44	-0.001977351
123.46	-0.002710217
123.48	-0.004147214
123.5	-0.001317771
123.52	0.002261015
123.54	0.000195681
123.56	0.000438016
123.58	-0.000986078
123.6	-0.00118337
123.62	0.00293249
123.64	0.006868432
123.66	0.009629684
123.68	0.009604283
123.7	0.010939371
123.72	0.009932652
123.74	0.007400495
123.76	0.004457338
123.78	0.004322314
123.8	0.000704574
123.82	-0.008137312
123.84	-0.007365027
123.86	-0.010476544
123.88	-0.010263278
123.9	-0.009548873
123.92	-0.011867301
123.94	-0.01257069
123.96	-0.012406571
123.98	-0.016828998
124	-0.016931752
124.02	-0.013621848
124.04	-0.013923339
124.06	-0.011698958
124.08	-0.013809687
124.1	-0.011371885
124.12	-0.011007754
124.14	-0.006961984
124.16	-0.002814109
124.18	-0.001333616
124.2	-0.00397518
124.22	-0.001643546
124.24	-0.000190371
124.26	-0.002044909
124.28	-0.00543939
124.3	-0.009044966
124.32	-0.010501967
124.34	-0.005857731
124.36	-0.002558338
124.38	0.000276469
124.4	-0.002695691
124.42	-0.016103209
124.44	-0.010086727
124.46	-0.005812648
124.48	-0.005975539
124.5	-0.005218064
124.52	-0.000987314
124.54	0.001975679
124.56	0.004346203
124.58	0.006753855
124.6	0.0074933
124.62	0.004972818
124.64	0.001332895
124.66	0.001846405
124.68	0.005432602
124.7	0.00664857
124.72	0.010325247
124.74	0.019018091
124.76	0.018462608
124.78	0.017958399
124.8	0.015211704
124.82	0.014305973
124.84	0.000673218
124.86	-0.011930229
124.88	-0.010472478
124.9	-0.003825759
124.92	0.001881851
124.94	0.010077867
124.96	0.013769217
124.98	0.015917262
125	0.017245334
125.02	0.012386858
125.04	0.005726242
125.06	-0.00215075
125.08	-0.002579603
125.1	-0.005601654
125.12	-0.007226358
125.14	0.004350104
125.16	0.005595621
125.18	0.009232199
125.2	0.016125024
125.22	0.018180213
125.24	0.013195108
125.26	0.002334184
125.28	-0.000496007
125.3	-0.005636061
125.32	-0.007090686
125.34	-0.005146275
125.36	-0.006401011
125.38	-0.008957317
125.4	-0.016162958
125.42	-0.00765065
125.44	-0.008918891
125.46	-0.008178554
125.48	-0.015036946
125.5	-0.011474497
125.52	-0.010743695
125.54	-0.008092138
125.56	-0.010846611
125.58	-0.010621758
125.6	-0.00543751
125.62	0.001440478
125.64	0.004609933
125.66	0.004960579
125.68	0.000472849
125.7	-0.002063569
125.72	-0.001674006
125.74	0.001767861
125.76	0.008398639
125.78	0.011655823
125.8	0.008523084
125.82	0.01176963
125.84	0.007541558
125.86	-0.002229926
125.88	-0.001226395
125.9	-0.009982441
125.92	-0.00965824
125.94	-0.01205635
125.96	-0.008262941
125.98	0.007071463
126	0.007400822
126.02	0.006946957
126.04	0.010791727
126.06	0.012608594
126.08	0.01354826
126.1	0.009030834
126.12	0.005656641
126.14	0.003200397
126.16	0.005367071
126.18	0.008405382
126.2	0.012998954
126.22	0.022669521
126.24	0.013727893
126.26	0.015583157
126.28	0.007912389
126.3	0.011059948
126.32	0.007245421
126.34	0.004355927
126.36	0.002789504
126.38	0.001613706
126.4	0.000517819
126.42	-0.000223505
126.44	-0.006270268
126.46	-0.005174351
126.48	-0.007857035
126.5	-0.006890179
126.52	-0.004780491
126.54	0.000518717
126.56	0.005494171
126.58	0.005617338
126.6	0.012926144
126.62	0.012536959
126.64	0.014096259
126.66	0.008415022
126.68	0.004897794
126.7	0.002089755
126.72	0.000146961
126.74	-0.002334415
126.76	-0.005183519
126.78	-0.007169231
126.8	-0.001163937
126.82	0.00273574
126.84	0.006929126
126.86	0.009023701
126.88	0.003450551
126.9	-0.003480277
126.92	-0.008632756
126.94	-0.00842519
126.96	-0.011343425
126.98	-0.01632893
127	-0.016549023
127.02	-0.016883358
127.04	-0.012307127
127.06	-0.003277806
127.08	0.007571361
127.1	0.023913358
127.12	0.021855951
127.14	0.020908086
127.16	0.021397052
127.18	0.021920883
127.2	0.017405813
127.22	0.012127453
127.24	0.013792616
127.26	0.008572023
127.28	0.002380589
127.3	-0.002971787
127.32	-0.008867679
127.34	-0.013692354
127.36	-0.013795107
127.38	-0.00959588
127.4	-0.001519534
127.42	0.000188224
127.44	0.001996899
127.46	0.000831512
127.48	-0.000829936
127.5	-0.006243176
127.52	-0.011968775
127.54	-0.013535766
127.56	-0.017449737
127.58	-0.018959996
127.6	-0.016764977
127.62	-0.014376825
127.64	-0.000599523
127.66	0.004133106
127.68	0.009049331
127.7	0.006925428
127.72	0.004330474
127.74	-0.001707826
127.76	-0.004221957
127.78	-0.010484169
127.8	-0.015546508
127.82	-0.018681345
127.84	-0.023618887
127.86	-0.025956522
127.88	-0.026361319
127.9	-0.022729877
127.92	-0.01848408
127.94	-0.019625557
127.96	-0.012484455
127.98	-0.014141931
128	-0.010397788
128.02	0.017616265
128.04	0.011298944
128.06	0.010182522
128.08	0.010909211
128.1	0.010191835
128.12	0.009396646
128.14	0.005542802
128.16	0.006211241
128.18	0.008194139
128.2	0.01162377
128.22	0.013997408
128.24	0.01534013
128.26	0.014064954
128.28	0.010792849
128.3	0.007347128
128.32	0.005991344
128.34	0.008433049
128.36	0.00639593
128.38	0.003869807
128.4	0.003476984
128.42	-0.000407201
128.44	-0.001166861
128.46	-0.003071385
128.48	-0.005009125
128.5	-0.005582982
128.52	-0.004955905
128.54	-0.001684179
128.56	-0.002505494
128.58	0.001249813
128.6	0.004252555
128.62	0.009382124
128.64	0.00371893
128.66	0.002418972
128.68	0.0075535
128.7	0.007704115
128.72	0.009505145
128.74	0.009353978
128.76	0.003795147
128.78	0.005697106
128.8	0.0077761
128.82	0.008043662
128.84	0.010396022
128.86	0.012729008
128.88	0.013881154
128.9	0.014920431
128.92	0.013349744
128.94	0.010960378
128.96	0.007386296
128.98	0.016509494
129	0.00476659
129.02	0.008571914
129.04	0.01114891
129.06	0.007653854
129.08	0.002735075
129.1	0.004718257
129.12	0.00759085
129.14	0.002930689
129.16	-0.00326202
129.18	-0.00487751
129.2	-0.007538643
129.22	-0.009677769
129.24	-0.010413598
129.26	-0.01057742
129.28	-0.013385253
129.3	-0.014051619
129.32	-0.010142543
129.34	-0.002793697
129.36	0.003873406
129.38	0.003359274
129.4	0.003576469
129.42	0.003470101
129.44	0.003565581
129.46	0.002355311
129.48	0.002975284
129.5	8.41191E-05
129.52	-0.002001086
129.54	-0.002318589
129.56	-0.001722287
129.58	-0.000596056
129.6	0.003006139
129.62	-0.004965122
129.64	0.008682394
129.66	0.00769993
129.68	0.00781638
129.7	-0.000507621
129.72	-0.008371885
129.74	-0.013063492
129.76	-0.013281144
129.78	-0.01148997
129.8	-0.012616179
129.82	-0.014823491
129.84	-0.013038927
129.86	-0.0173728
129.88	-0.017492758
129.9	-0.016411336
129.92	-0.012378783
129.94	0.002934717
129.96	0.022258581
129.98	0.008896066
130	0.010895171
130.02	0.005278603
130.04	0.002633044
130.06	-0.000785394
130.08	-0.001430854
130.1	-0.000777669
130.12	-0.003299193
130.14	-0.003780265
130.16	0.000197694
130.18	-0.003566343
130.2	-0.006215869
130.22	-0.009262681
130.24	-0.014846513
130.26	-0.023109334
130.28	-0.021117904
130.3	-0.015882814
130.32	-0.012491687
130.34	-0.0115659
130.36	-0.005264222
130.38	-0.002362512
130.4	-0.002798992
130.42	-0.004048642
130.44	0.001070201
130.46	0.006775201
130.48	0.008584374
130.5	0.004379327
130.52	0.002494879
130.54	0.002373804
130.56	0.001885835
130.58	0.000241041
130.6	-0.004464949
130.62	-0.006942736
130.64	-0.005824689
130.66	-0.004731248
130.68	-0.008450454
130.7	-0.006564501
130.72	-0.008157024
130.74	-0.009919516
130.76	-0.011428542
130.78	-0.015579615
130.8	-0.020404602
130.82	-0.017351762
130.84	-0.016528652
130.86	-0.011586281
130.88	-0.005668944
130.9	-0.001191718
130.92	0.004784458
130.94	0.004044159
130.96	0.003315087
130.98	0.002517251
131	0.006358318
131.02	0.010496486
131.04	0.009612409
131.06	0.007695009
131.08	0.006485135
131.1	0.003828547
131.12	0.004026206
131.14	0.001139196
131.16	-0.00073054
131.18	-0.005451208
131.2	-0.012523802
131.22	-0.018082351
131.24	-0.013842529
131.26	-0.020212518
131.28	-0.018887725
131.3	-0.018619416
131.32	-0.016830096
131.34	-0.009407747
131.36	-0.002082923
131.38	0.004270918
131.4	0.0053868
131.42	0.004105029
131.44	0.003707954
131.46	0.001654146
131.48	0.001967305
131.5	-0.00233746
131.52	0.002388212
131.54	0.000130667
131.56	-0.001786259
131.58	0.001337913
131.6	0.005639178
131.62	0.006150003
131.64	0.005499831
131.66	0.001436512
131.68	0.00180752
131.7	0.003857386
131.72	0.005428142
131.74	0.001225135
131.76	-0.001270613
131.78	-0.012075918
131.8	-0.014744312
131.82	-0.015269351
131.84	-0.014015789
131.86	-0.016228985
131.88	-0.01814008
131.9	-0.00441859
131.92	0.000494629
131.94	0.009422765
131.96	0.011302499
131.98	0.01382657
132	0.009120527
132.02	0.008227403
132.04	0.010729952
132.06	0.01530038
132.08	0.014372285
132.1	0.008918219
132.12	0.006918115
132.14	0.003374076
132.16	0.000412376
132.18	-0.005152654
132.2	-0.014103005
132.22	-0.018675334
132.24	-0.018550469
132.26	-0.011992366
132.28	-0.003802494
132.3	0.002187332
132.32	0.000893847
132.34	0.007359304
132.36	0.009365939
132.38	0.013289921
132.4	0.012714185
132.42	0.010383447
132.44	0.016236351
132.46	0.020082525
132.48	0.021792625
132.5	0.026395217
132.52	0.030245549
132.54	0.028896705
132.56	0.028354564
132.58	0.027247158
132.6	0.024395766
132.62	0.026807674
132.64	0.024282831
132.66	0.025131351
132.68	0.017348755
132.7	0.011000705
132.72	-0.027848077
132.74	-0.007851898
132.76	-0.003325954
132.78	0.001821295
132.8	0.002058132
132.82	0.001290902
132.84	-0.004928357
132.86	-0.011671197
132.88	0.001997521
132.9	0.00540712
132.92	0.00682247
132.94	0.011475367
132.96	0.016178737
132.98	0.013672903
133	0.014492226
133.02	0.014441804
133.04	0.011625837
133.06	0.008643928
133.08	0.001731402
133.1	0.001071023
133.12	0.005182041
133.14	0.004471954
133.16	0.005024406
133.18	0.009781576
133.2	0.010610464
133.22	0.005251128
133.24	0.006045029
133.26	0.002785809
133.28	-0.004573189
133.3	-0.015946552
133.32	-0.010105412
133.34	-0.009791595
133.36	-0.011266742
133.38	-0.009940152
133.4	-0.008728367
133.42	-0.012021704
133.44	-0.011591396
133.46	-0.0122026
133.48	-0.015971409
133.5	-0.018444645
133.52	-0.015290483
133.54	-0.013580697
133.56	-0.015508034
133.58	-0.009979427
133.6	-0.006917015
133.62	-0.003892504
133.64	-0.00358518
133.66	-0.007107735
133.68	-0.004794517
133.7	-0.012189885
133.72	-0.015650875
133.74	-0.018209469
133.76	-0.019111852
133.78	-0.016066008
133.8	-0.012701246
133.82	-0.012576382
133.84	-0.010521076
133.86	-0.005135397
133.88	0.010734867
133.9	0.010301668
133.92	0.008070653
133.94	0.009276128
133.96	0.004272355
133.98	-0.000129558
134	-0.003732495
134.02	-0.004529195
134.04	-0.006845674
134.06	-0.003229879
134.08	-0.003133351
134.1	0.001086876
134.12	-0.001593786
134.14	-0.003383346
134.16	-0.008185602
134.18	-0.004360477
134.2	-0.004373557
134.22	-0.000775673
134.24	5.43339E-06
134.26	0.003398614
134.28	0.004436189
134.3	0.000887562
134.32	0.000396925
134.34	0.001941407
134.36	0.004754094
134.38	0.005254099
134.4	0.005329139
134.42	0.006429835
134.44	0.014237736
134.46	0.01323761
134.48	0.006692093
134.5	0.004382339
134.52	0.006903823
134.54	0.007231966
134.56	0.003625631
134.58	-0.0006
134.6	-0.010164447
134.62	-0.009576592
134.64	-0.007346707
134.66	-0.006224235
134.68	-0.003453627
134.7	0.001394333
134.72	0.004506475
134.74	0.005370941
134.76	0.004997706
134.78	0.002991481
134.8	-0.002951604
134.82	-0.000934077
134.84	-0.001198746
134.86	0.001814976
134.88	0.001151013
134.9	0.002363724
134.92	-0.002466101
134.94	-0.003794537
134.96	-0.00153259
134.98	0.002383175
135	0.003580025
135.02	0.006190492
135.04	0.005580241
135.06	0.007346919
135.08	0.004215498
135.1	0.001648172
135.12	0.000616748
135.14	0.000130527
135.16	0.002434752
135.18	-0.001086724
135.2	-0.003644236
135.22	-0.00246325
135.24	-0.001993056
135.26	-0.001020497
135.28	0.001596948
135.3	0.003027398
135.32	0.001014393
135.34	-0.000490686
135.36	-0.00176975
135.38	-0.002954762
135.4	-0.004175441
135.42	-0.004507654
135.44	-0.0038123
135.46	-0.005676525
135.48	-0.002097998
135.5	-0.004372125
135.52	-0.005846581
135.54	-0.002916964
135.56	0.000189219
135.58	-0.00172747
135.6	-0.001529272
135.62	-0.006472075
135.64	-0.006581265
135.66	-0.004910658
135.68	-0.003462611
135.7	-0.009168831
135.72	-0.003424028
135.74	-0.003238149
135.76	-0.001719101
135.78	-8.6878E-05
135.8	0.003367321
135.82	0.002561525
135.84	0.00515419
135.86	0.003521325
135.88	0.001167799
135.9	-0.001629205
135.92	0.000123958
135.94	0.000227084
135.96	0.003050672
135.98	0.003348917
136	0.004398886
136.02	0.004227054
136.04	0.007944846
136.06	0.007543262
136.08	0.005725217
136.1	0.004014338
136.12	0.003969389
136.14	0.00190076
136.16	0.001147752
136.18	0.001642121
136.2	0.002562874
136.22	0.002303216
136.24	0.003563935
136.26	0.002901512
136.28	0.002273238
136.3	0.002699138
136.32	0.003909982
136.34	0.003212412
136.36	0.003235791
136.38	0.001369255
136.4	-0.001023566
136.42	0.000248957
136.44	0.001106809
136.46	0.001929967
136.48	0.001075419
136.5	0.001903559
136.52	0.001038788
136.54	0.001110303
136.56	0.001457357
136.58	0.001417258
136.6	0.000711315
136.62	0.001548716
136.64	-0.00086342
136.66	-0.003367451
136.68	-0.003385765
136.7	-0.003066035
136.72	-0.000904959
136.74	0.000477245
136.76	0.000538226
136.78	0.000145485
136.8	0.000427515
136.82	0.000495568
136.84	-0.000299908
136.86	-0.000390904
136.88	-0.00194216
136.9	-0.002937646
136.92	-0.00382486
136.94	-0.002406659
136.96	-0.003123749
136.98	-0.00163864
137	-0.000944743
137.02	-0.000406483
137.04	-0.00136001
137.06	-0.002561605
137.08	-0.003185103
137.1	-0.003355862
137.12	-0.00291923
137.14	-0.003409969
137.16	-0.004903623
137.18	-0.00385443
137.2	-0.003183809
137.22	-0.002262726
137.24	-0.001136986
137.26	-0.000426825
137.28	-0.001143263
137.3	-0.00116645
137.32	-0.00102142
137.34	-0.001128494
137.36	-0.001318338
137.38	-0.000534275
137.4	-0.000837324
137.42	-0.000862657
137.44	-0.000504545
137.46	0.000737768
137.48	0.002150602
137.5	0.003567843
137.52	0.004026451
137.54	0.002898884
137.56	0.002708938
137.58	0.002064583
137.6	0.001552063
137.62	0.001729916
137.64	0.001821606
137.66	0.001404727
137.68	0.001728694
137.7	0.002146041
137.72	0.002932328
137.74	0.003780254
137.76	0.003928417
137.78	0.003592497
137.8	0.002324992
137.82	0.001519375
137.84	0.000938421
137.86	0.000687032
137.88	0.001067875
137.9	0.001413513
137.92	0.001351712
137.94	0.001171705
137.96	0.001546083
137.98	0.00169052
138	0.002270046
138.02	0.002077087
138.04	0.000982979
138.06	0.000411293
138.08	-9.69058E-05
138.1	-0.000530059
138.12	-0.000598588
138.14	-0.000315438
138.16	-0.000320994
138.18	-8.81781E-06
138.2	0.000563577
138.22	0.000199694
138.24	0.000632799
138.26	0.000700494
138.28	0.000356674
138.3	-0.000424687
138.32	-0.001328133
138.34	-0.002007495
138.36	-0.002271276
138.38	-0.001741921
138.4	-0.001660814
138.42	-0.00147986
138.44	-0.001138771
138.46	-0.000824067
138.48	-0.000614066
138.5	-0.000813372
138.52	-0.00114922
138.54	-0.002225954
138.56	-0.002718121
138.58	-0.003306635
138.6	-0.003416068
138.62	-0.003170284
138.64	-0.002564383
138.66	-0.001819515
138.68	-0.001605604
138.7	-0.001384018
138.72	-0.001386358
138.74	-0.001365653
138.76	-0.001142359
138.78	-0.001237009
138.8	-0.001846128
138.82	-0.001771711
138.84	-0.001805949
138.86	-0.001358281
138.88	-0.000746954
138.9	-0.000165644
138.92	0.000194993
138.94	0.000462369
138.96	0.000712117
138.98	0.000807195
139	0.000822436
139.02	0.000809949
139.04	0.000571504
139.06	0.000615325
139.08	0.000697344
139.1	0.000775483
139.12	0.001224078
139.14	0.001943677
139.16	0.002392539
139.18	0.002459632
139.2	0.002402024
139.22	0.002412205
139.24	0.001990962
139.26	0.001856696
139.28	0.001485561
139.3	0.001064764
139.32	0.000746167
139.34	0.000698068
139.36	0.001169368
139.38	0.001637353
139.4	0.00198808
139.42	0.002085733
139.44	0.001779852
139.46	0.001483918
139.48	0.00109288
139.5	0.000614259
139.52	0.000488511
139.54	0.000382169
139.56	0.000152623
139.58	0.000284859
139.6	0.000206339
139.62	0.000448432
139.64	0.000806995
139.66	0.001087962
139.68	0.001030343
139.7	0.000589365
139.72	0.000234609
139.74	-2.60906E-05
139.76	-0.000167755
139.78	-0.000272361
139.8	-0.000534014
139.82	-0.000689478
139.84	-0.000773059
139.86	-0.000738687
139.88	-0.000721604
139.9	-0.000721814
139.92	-0.000721557
139.94	-0.000928167
139.96	-0.001282503
139.98	-0.001757834
140	-0.002112609
140.02	-0.002208898
140.04	-0.002139386
140.06	-0.002137138
140.08	-0.002047221
140.1	-0.001838416
140.12	-0.001588454
140.14	-0.001290846
140.16	-0.001152872
140.18	-0.001135673
140.2	-0.001372388
140.22	-0.001601747
140.24	-0.001726357
140.26	-0.001736832
140.28	-0.001597175
140.3	-0.001287524
140.32	-0.001007881
140.34	-0.000581245
140.36	-0.000329249
140.38	-0.000163052
140.4	2.72707E-06
140.42	4.79321E-05
140.44	-8.82843E-05
140.46	-0.000157801
140.48	-0.000246197
140.5	-0.00025215
140.52	-9.10269E-05
140.54	0.000243131
140.56	0.000522306
140.58	0.000762165
140.6	0.000985648
140.62	0.001261285
140.64	0.001373101
140.66	0.001358648
140.68	0.001207129
140.7	0.001089366
140.72	0.000995656
140.74	0.000973858
140.76	0.000939848
140.78	0.001029397
140.8	0.001165427
140.82	0.001264869
140.84	0.001377939
140.86	0.001380168
140.88	0.001342963
140.9	0.001282358
140.92	0.001157242
140.94	0.000922787
140.96	0.00073267
140.98	0.000667984
141	0.000685289
141.02	0.000862939
141.04	0.001092286
141.06	0.001236252
141.08	0.001199571
141.1	0.00126272
141.12	0.00104098
141.14	0.000928048
141.16	0.00060813
141.18	0.000322711
141.2	5.7845E-05
141.22	-0.000140782
141.24	-0.000241598
141.26	-0.000166701
141.28	-5.5998E-05
141.3	-1.12579E-05
141.32	-4.16161E-05
141.34	-0.000197538
141.36	-0.000495309
141.38	-0.000785597
141.4	-0.001048963
141.42	-0.001179926
141.44	-0.001390011
141.46	-0.001467429
141.48	-0.001513389
141.5	-0.001394839
141.52	-0.00131756
141.54	-0.001130855
141.56	-0.001088335
141.58	-0.001066084
141.6	-0.001132256
141.62	-0.001231843
141.64	-0.001340976
141.66	-0.001411219
141.68	-0.001410644
141.7	-0.001350605
141.72	-0.001232027
141.74	-0.001099874
141.76	-0.000947669
141.78	-0.000767397
141.8	-0.000579097
141.82	-0.00052707
141.84	-0.000527353
141.86	-0.000561553
141.88	-0.000595141
141.9	-0.000566468
141.92	-0.000497843
141.94	-0.000405511
141.96	-0.000279402
141.98	3.14294E-05
142	0.000187508
142.02	0.000369185
142.04	0.000462996
142.06	0.000455778
142.08	0.000452534
142.1	0.000314676
142.12	0.000264883
142.14	0.000250175
142.16	0.000302763
142.18	0.000403759
142.2	0.000549148
142.22	0.000735206
142.24	0.000941803
142.26	0.001098132
142.28	0.0011675
142.3	0.001186931
142.32	0.001040138
142.34	0.00095395
142.36	0.00087878
142.38	0.000899322
142.4	0.000927734
142.42	0.000984422
142.44	0.001084635
142.46	0.001120052
142.48	0.001170837
142.5	0.001212018
142.52	0.00120623
142.54	0.001122152
142.56	0.000958143
142.58	0.000750364
142.6	0.000558279
142.62	0.000431944
142.64	0.000371639
142.66	0.000350047
142.68	0.000353204
142.7	0.000294992
142.72	0.000222091
142.74	0.000159724
142.76	6.9951E-05
142.78	-3.14184E-05
142.8	-0.000176469
142.82	-0.000385429
142.84	-0.000573209
142.86	-0.000667657
142.88	-0.000715616
142.9	-0.000690711
142.92	-0.000654046
142.94	-0.000606614
142.96	-0.000617416
142.98	-0.000699282
143	-0.000772857
143.02	-0.000885502
143.04	-0.000974078
143.06	-0.001069752
143.08	-0.0011447
143.1	-0.001159931
143.12	-0.00111352
143.14	-0.000999574
143.16	-0.000848314
143.18	-0.000725536
143.2	-0.000668229
143.22	-0.00064016
143.24	-0.000655092
143.26	-0.000681211
143.28	-0.000728114
143.3	-0.000748225
143.32	-0.000741451
143.34	-0.00071824
143.36	-0.000645656
143.38	-0.000530966
143.4	-0.000406733
143.42	-0.000301352
143.44	-0.000239144
143.46	-0.000174664
143.48	-0.000164769
143.5	-0.000162671
143.52	-0.000164176
143.54	-0.000146213
143.56	-9.89987E-05
143.58	-4.36587E-05
143.6	6.34148E-05
143.62	0.000217402
143.64	0.000375852
143.66	0.000505772
143.68	0.000594937
143.7	0.000653968
143.72	0.000685759
143.74	0.000700764
143.76	0.000716082
143.78	0.000736547
143.8	0.000748664
143.82	0.000798939
143.84	0.000858873
143.86	0.000945637
143.88	0.001022641
143.9	0.001058431
143.92	0.001057779
143.94	0.000987213
143.96	0.000873893
143.98	0.000759076
144	0.000674718
144.02	0.000616641
144.04	0.00058134
144.06	0.000558236
144.08	0.000549675
144.1	0.000561316
144.12	0.000575766
144.14	0.000546541
144.16	0.000494517
144.18	0.000402174
144.2	0.000262788
144.22	0.000122569
144.24	4.80885E-06
144.26	-8.04563E-05
144.28	-0.00013898
144.3	-0.000183854
144.32	-0.000201228
144.34	-0.000207454
144.36	-0.000226728
144.38	-0.000245465
144.4	-0.000284493
144.42	-0.000346414
144.44	-0.000437993
144.46	-0.000538119
144.48	-0.000606251
144.5	-0.000657591
144.52	-0.000671601
144.54	-0.000666702
144.56	-0.000644576
144.58	-0.000622207
144.6	-0.000607501
144.62	-0.000594836
144.64	-0.000598935
144.66	-0.000640235
144.68	-0.000694584
144.7	-0.000735903
144.72	-0.000774404
144.74	-0.000778558
144.76	-0.000752578
144.78	-0.000696135
144.8	-0.000628705
144.82	-0.000570287
144.84	-0.000523424
144.86	-0.000486629
144.88	-0.000468109
144.9	-0.00047625
144.92	-0.000471178
144.94	-0.000455763
144.96	-0.000414855
144.98	-0.000342595
145	-0.000237709
145.02	-0.000119809
145.04	-6.20362E-07
145.06	0.000102263
145.08	0.000196201
145.1	0.000266652
145.12	0.000301227
145.14	0.000322515
145.16	0.000330682
145.18	0.000343528
145.2	0.000369649
145.22	0.000414573
145.24	0.000486566
145.26	0.000563856
145.28	0.000628503
145.3	0.00068315
145.32	0.000718797
145.34	0.000731691
145.36	0.000725139
145.38	0.000696569
145.4	0.000663558
145.42	0.000619363
145.44	0.000584162
145.46	0.000573459
145.48	0.000578683
145.5	0.000594769