0	0
0.02	-2.45117E-06
0.04	-2.45121E-06
0.06	-2.45132E-06
0.08	-2.45193E-06
0.1	-2.45584E-06
0.12	-2.46986E-06
0.14	-2.49273E-06
0.16	-2.51062E-06
0.18	-2.52891E-06
0.2	-2.5487E-06
0.22	-2.56657E-06
0.24	-2.58597E-06
0.26	-2.60437E-06
0.28	-2.62308E-06
0.3	-2.64192E-06
0.32	-2.66021E-06
0.34	-2.67919E-06
0.36	-2.69717E-06
0.38	-2.71598E-06
0.4	-2.73403E-06
0.42	-2.75205E-06
0.44	-2.77075E-06
0.46	-2.78845E-06
0.48	-2.80625E-06
0.5	-2.82463E-06
0.52	-2.84222E-06
0.54	-2.85959E-06
0.56	-2.87731E-06
0.58	-2.89477E-06
0.6	-2.91246E-06
0.62	-2.92941E-06
0.64	-2.94576E-06
0.66	-2.96292E-06
0.68	-2.98071E-06
0.7	-2.99776E-06
0.72	-3.01416E-06
0.74	-3.03055E-06
0.76	-3.04787E-06
0.78	-3.06764E-06
0.8	-3.09151E-06
0.82	-3.11912E-06
0.84	-3.14901E-06
0.86	-3.17626E-06
0.88	-3.19787E-06
0.9	-3.21705E-06
0.92	-3.237E-06
0.94	-3.25561E-06
0.96	-3.26907E-06
0.98	-3.27759E-06
1	-3.28265E-06
1.02	-3.28309E-06
1.04	-3.27988E-06
1.06	-3.27763E-06
1.08	-3.27738E-06
1.1	-3.27764E-06
1.12	-3.27821E-06
1.14	-3.27719E-06
1.16	-3.27669E-06
1.18	-3.27811E-06
1.2	-3.2784E-06
1.22	-3.27737E-06
1.24	-3.2776E-06
1.26	-3.27735E-06
1.28	-3.27661E-06
1.3	-3.27588E-06
1.32	-3.2755E-06
1.34	-3.27355E-06
1.36	-3.27128E-06
1.38	-3.27044E-06
1.4	-3.26756E-06
1.42	-3.26472E-06
1.44	-3.26162E-06
1.46	-3.25767E-06
1.48	-3.25416E-06
1.5	-3.24978E-06
1.52	-3.24466E-06
1.54	-3.23962E-06
1.56	-3.23388E-06
1.58	-3.22668E-06
1.6	-3.2194E-06
1.62	-3.21197E-06
1.64	-3.20429E-06
1.66	-3.19341E-06
1.68	-3.18021E-06
1.7	-3.16415E-06
1.72	-3.14781E-06
1.74	-3.13265E-06
1.76	-3.11981E-06
1.78	-3.10985E-06
1.8	-3.10168E-06
1.82	-3.09355E-06
1.84	-3.08595E-06
1.86	-3.08054E-06
1.88	-3.07841E-06
1.9	-3.07749E-06
1.92	-3.07547E-06
1.94	-3.07076E-06
1.96	-3.06436E-06
1.98	-3.05519E-06
2	-3.04284E-06
2.02	-3.02828E-06
2.04	-3.01302E-06
2.06	-2.99582E-06
2.08	-2.9766E-06
2.1	-2.95572E-06
2.12	-2.93391E-06
2.14	-2.91094E-06
2.16	-2.8865E-06
2.18	-2.86041E-06
2.2	-2.83323E-06
2.22	-2.80499E-06
2.24	-2.77591E-06
2.26	-2.74523E-06
2.28	-2.71347E-06
2.3	-2.68058E-06
2.32	-2.64654E-06
2.34	-2.61136E-06
2.36	-2.57555E-06
2.38	-2.53761E-06
2.4	-2.49834E-06
2.42	-2.45876E-06
2.44	-2.41823E-06
2.46	-2.376E-06
2.48	-2.33275E-06
2.5	-2.28853E-06
2.52	-2.24296E-06
2.54	-2.19675E-06
2.56	-2.15047E-06
2.58	-2.1041E-06
2.6	-2.05654E-06
2.62	-2.00612E-06
2.64	-1.95129E-06
2.66	-1.89321E-06
2.68	-1.83252E-06
2.7	-1.7693E-06
2.72	-1.70432E-06
2.74	-1.63754E-06
2.76	-1.56821E-06
2.78	-1.49718E-06
2.8	-1.42533E-06
2.82	-1.35421E-06
2.84	-1.28485E-06
2.86	-1.21626E-06
2.88	-1.14802E-06
2.9	-1.07947E-06
2.92	-1.01119E-06
2.94	-9.42303E-07
2.96	-8.72026E-07
2.98	-8.0082E-07
3	-7.28462E-07
3.02	-6.55126E-07
3.04	-5.80174E-07
3.06	-5.036E-07
3.08	-4.2581E-07
3.1	-3.46632E-07
3.12	-2.65525E-07
3.14	-1.82866E-07
3.16	-9.85649E-08
3.18	-1.26572E-08
3.2	7.49489E-08
3.22	1.64231E-07
3.24	2.55311E-07
3.26	3.48087E-07
3.28	4.42325E-07
3.3	5.38452E-07
3.32	6.36465E-07
3.34	7.36616E-07
3.36	8.38635E-07
3.38	9.4214E-07
3.4	1.04726E-06
3.42	1.15487E-06
3.44	1.26506E-06
3.46	1.37727E-06
3.48	1.49115E-06
3.5	1.60616E-06
3.52	1.72147E-06
3.54	1.83666E-06
3.56	1.95279E-06
3.58	2.07093E-06
3.6	2.19122E-06
3.62	2.31369E-06
3.64	2.43828E-06
3.66	2.56533E-06
3.68	2.6957E-06
3.7	2.82994E-06
3.72	2.9683E-06
3.74	3.11086E-06
3.76	3.25712E-06
3.78	3.40609E-06
3.8	3.55742E-06
3.82	3.71122E-06
3.84	3.86703E-06
3.86	4.0246E-06
3.88	4.18384E-06
3.9	4.34472E-06
3.92	4.50744E-06
3.94	4.67212E-06
3.96	4.83826E-06
3.98	5.00602E-06
4	5.1757E-06
4.02	5.34722E-06
4.04	5.52047E-06
4.06	5.69554E-06
4.08	5.8725E-06
4.1	6.05147E-06
4.12	6.23238E-06
4.14	6.41537E-06
4.16	6.60037E-06
4.18	6.78741E-06
4.2	6.97645E-06
4.22	7.16743E-06
4.24	7.3605E-06
4.26	7.5557E-06
4.28	7.75309E-06
4.3	7.95281E-06
4.32	8.15434E-06
4.34	8.35768E-06
4.36	8.56345E-06
4.38	8.77215E-06
4.4	8.98428E-06
4.42	9.19961E-06
4.44	9.4177E-06
4.46	9.63814E-06
4.48	9.86046E-06
4.5	1.00843E-05
4.52	1.03097E-05
4.54	1.05369E-05
4.56	1.07657E-05
4.58	1.09952E-05
4.6	1.12257E-05
4.62	1.14575E-05
4.64	1.1691E-05
4.66	1.19267E-05
4.68	1.21652E-05
4.7	1.24066E-05
4.72	1.26514E-05
4.74	1.28993E-05
4.76	1.31506E-05
4.78	1.34051E-05
4.8	1.36629E-05
4.82	1.39238E-05
4.84	1.41877E-05
4.86	1.44547E-05
4.88	1.47247E-05
4.9	1.49976E-05
4.92	1.52733E-05
4.94	1.55518E-05
4.96	1.5833E-05
4.98	1.6117E-05
5	1.64037E-05
5.02	1.66928E-05
5.04	1.69845E-05
5.06	1.72789E-05
5.08	1.75759E-05
5.1	1.78754E-05
5.12	1.81776E-05
5.14	1.84822E-05
5.16	1.87892E-05
5.18	1.90987E-05
5.2	1.94108E-05
5.22	1.97253E-05
5.24	2.00423E-05
5.26	2.03614E-05
5.28	2.06822E-05
5.3	2.10047E-05
5.32	2.13293E-05
5.34	2.16566E-05
5.36	2.19868E-05
5.38	2.232E-05
5.4	2.26562E-05
5.42	2.29954E-05
5.44	2.33375E-05
5.46	2.36826E-05
5.48	2.40307E-05
5.5	2.43817E-05
5.52	2.4735E-05
5.54	2.50901E-05
5.56	2.54467E-05
5.58	2.58046E-05
5.6	2.61639E-05
5.62	2.65243E-05
5.64	2.6886E-05
5.66	2.72492E-05
5.68	2.76139E-05
5.7	2.79802E-05
5.72	2.83483E-05
5.74	2.87183E-05
5.76	2.90902E-05
5.78	2.9464E-05
5.8	2.98398E-05
5.82	3.02177E-05
5.84	3.05977E-05
5.86	3.09797E-05
5.88	3.13639E-05
5.9	3.17501E-05
5.92	3.21385E-05
5.94	3.2529E-05
5.96	3.29214E-05
5.98	3.33157E-05
6	3.37119E-05
6.02	3.41101E-05
6.04	3.45104E-05
6.06	3.49124E-05
6.08	3.53163E-05
6.1	3.57219E-05
6.12	3.61293E-05
6.14	3.65387E-05
6.16	3.695E-05
6.18	3.73633E-05
6.2	3.77783E-05
6.22	3.81947E-05
6.24	3.8612E-05
6.26	3.90302E-05
6.28	3.94492E-05
6.3	3.98692E-05
6.32	4.02902E-05
6.34	4.07121E-05
6.36	4.11349E-05
6.38	4.15589E-05
6.4	4.19842E-05
6.42	4.24111E-05
6.44	4.28396E-05
6.46	4.327E-05
6.48	4.37021E-05
6.5	4.41357E-05
6.52	4.45706E-05
6.54	4.50065E-05
6.56	4.54434E-05
6.58	4.58808E-05
6.6	4.63185E-05
6.62	4.67566E-05
6.64	4.71948E-05
6.66	4.7633E-05
6.68	4.80711E-05
6.7	4.8509E-05
6.72	4.89467E-05
6.74	4.9384E-05
6.76	4.98209E-05
6.78	5.02573E-05
6.8	5.06932E-05
6.82	5.11285E-05
6.84	5.15633E-05
6.86	5.19974E-05
6.88	5.24309E-05
6.9	5.28635E-05
6.92	5.32953E-05
6.94	5.37261E-05
6.96	5.4156E-05
6.98	5.45848E-05
7	5.50126E-05
7.02	5.5439E-05
7.04	5.58641E-05
7.06	5.62876E-05
7.08	5.67097E-05
7.1	5.71305E-05
7.12	5.755E-05
7.14	5.79684E-05
7.16	5.83854E-05
7.18	5.88008E-05
7.2	5.92144E-05
7.22	5.96259E-05
7.24	6.00354E-05
7.26	6.04425E-05
7.28	6.08469E-05
7.3	6.12484E-05
7.32	6.16468E-05
7.34	6.20419E-05
7.36	6.24337E-05
7.38	6.28224E-05
7.4	6.32078E-05
7.42	6.35902E-05
7.44	6.39695E-05
7.46	6.43458E-05
7.48	6.47191E-05
7.5	6.50892E-05
7.52	6.54561E-05
7.54	6.58197E-05
7.56	6.61797E-05
7.58	6.65361E-05
7.6	6.68887E-05
7.62	6.72373E-05
7.64	6.75818E-05
7.66	6.79219E-05
7.68	6.82575E-05
7.7	6.85884E-05
7.72	6.89144E-05
7.74	6.92352E-05
7.76	6.95509E-05
7.78	6.98611E-05
7.8	7.01657E-05
7.82	7.04647E-05
7.84	7.07577E-05
7.86	7.10446E-05
7.88	7.13253E-05
7.9	7.15996E-05
7.92	7.18674E-05
7.94	7.21285E-05
7.96	7.23827E-05
7.98	7.26297E-05
8	7.28692E-05
8.02	7.31009E-05
8.04	7.33249E-05
8.06	7.35409E-05
8.08	7.3749E-05
8.1	7.39491E-05
8.12	7.41411E-05
8.14	7.43248E-05
8.16	7.45002E-05
8.18	7.46671E-05
8.2	7.48255E-05
8.22	7.49751E-05
8.24	7.51155E-05
8.26	7.52465E-05
8.28	7.53677E-05
8.3	7.54789E-05
8.32	7.55795E-05
8.34	7.56695E-05
8.36	7.57485E-05
8.38	7.58164E-05
8.4	7.5873E-05
8.42	7.59181E-05
8.44	7.59517E-05
8.46	7.59735E-05
8.48	7.59834E-05
8.5	7.59813E-05
8.52	7.59671E-05
8.54	7.59404E-05
8.56	7.59013E-05
8.58	7.58494E-05
8.6	7.57847E-05
8.62	7.5707E-05
8.64	7.5616E-05
8.66	7.55114E-05
8.68	7.53932E-05
8.7	7.5261E-05
8.72	7.51146E-05
8.74	7.49539E-05
8.76	7.47784E-05
8.78	7.45881E-05
8.8	7.43827E-05
8.82	7.41618E-05
8.84	7.39253E-05
8.86	7.3673E-05
8.88	7.34047E-05
8.9	7.31202E-05
8.92	7.28192E-05
8.94	7.25013E-05
8.96	7.21662E-05
8.98	7.18135E-05
9	7.14429E-05
9.02	7.10542E-05
9.04	7.0647E-05
9.06	7.0221E-05
9.08	6.9776E-05
9.1	6.93117E-05
9.12	6.88281E-05
9.14	6.83248E-05
9.16	6.78019E-05
9.18	6.72591E-05
9.2	6.66962E-05
9.22	6.61128E-05
9.24	6.55089E-05
9.26	6.48839E-05
9.28	6.42377E-05
9.3	6.35697E-05
9.32	6.28796E-05
9.34	6.21671E-05
9.36	6.14318E-05
9.38	6.06735E-05
9.4	5.98916E-05
9.42	5.9086E-05
9.44	5.82562E-05
9.46	5.74021E-05
9.48	5.65232E-05
9.5	5.56192E-05
9.52	5.46899E-05
9.54	5.3735E-05
9.56	5.27542E-05
9.58	5.17473E-05
9.6	5.07139E-05
9.62	4.96537E-05
9.64	4.85665E-05
9.66	4.7452E-05
9.68	4.63098E-05
9.7	4.51397E-05
9.72	4.39414E-05
9.74	4.27145E-05
9.76	4.14587E-05
9.78	4.01737E-05
9.8	3.88592E-05
9.82	3.75149E-05
9.84	3.61407E-05
9.86	3.47362E-05
9.88	3.33012E-05
9.9	3.18354E-05
9.92	3.03384E-05
9.94	2.881E-05
9.96	2.72497E-05
9.98	2.56571E-05
10	2.4032E-05
10.02	2.23738E-05
10.04	2.06822E-05
10.06	1.89568E-05
10.08	1.71972E-05
10.1	1.54031E-05
10.12	1.35742E-05
10.14	1.17104E-05
10.16	9.81118E-06
10.18	7.87647E-06
10.2	5.90595E-06
10.22	3.89936E-06
10.24	1.8564E-06
10.26	-2.2324E-07
10.28	-2.33986E-06
10.3	-4.4938E-06
10.32	-6.68539E-06
10.34	-8.91497E-06
10.36	-1.11829E-05
10.38	-1.34895E-05
10.4	-1.58352E-05
10.42	-1.82203E-05
10.44	-2.06451E-05
10.46	-2.31102E-05
10.48	-2.56157E-05
10.5	-2.81621E-05
10.52	-3.07497E-05
10.54	-3.33788E-05
10.56	-3.60498E-05
10.58	-3.8763E-05
10.6	-4.15188E-05
10.62	-4.43175E-05
10.64	-4.71593E-05
10.66	-5.00446E-05
10.68	-5.29738E-05
10.7	-5.59471E-05
10.72	-5.89651E-05
10.74	-6.20279E-05
10.76	-6.51361E-05
10.78	-6.82898E-05
10.8	-7.14893E-05
10.82	-7.47349E-05
10.84	-7.8027E-05
10.86	-8.13656E-05
10.88	-8.47512E-05
10.9	-8.81839E-05
10.92	-9.1664E-05
10.94	-9.51918E-05
10.96	-9.87675E-05
10.98	-0.000102391
11	-0.000106064
11.02	-0.000109786
11.04	-0.000113556
11.06	-0.000117377
11.08	-0.000121247
11.1	-0.000125168
11.12	-0.00012914
11.14	-0.000133162
11.16	-0.000137235
11.18	-0.00014136
11.2	-0.000145536
11.22	-0.000149764
11.24	-0.000154043
11.26	-0.000158376
11.28	-0.00016276
11.3	-0.000167197
11.32	-0.000171687
11.34	-0.00017623
11.36	-0.000180827
11.38	-0.000185477
11.4	-0.00019018
11.42	-0.000194937
11.44	-0.000199749
11.46	-0.000204615
11.48	-0.000209535
11.5	-0.00021451
11.52	-0.00021954
11.54	-0.000224625
11.56	-0.000229765
11.58	-0.000234961
11.6	-0.000240212
11.62	-0.000245519
11.64	-0.000250882
11.66	-0.000256301
11.68	-0.000261777
11.7	-0.000267308
11.72	-0.000272897
11.74	-0.000278542
11.76	-0.000284244
11.78	-0.000290003
11.8	-0.000295819
11.82	-0.000301692
11.84	-0.000307623
11.86	-0.000313612
11.88	-0.000319657
11.9	-0.000325761
11.92	-0.000331921
11.94	-0.00033814
11.96	-0.000344415
11.98	-0.000350748
12	-0.000357139
12.02	-0.000363588
12.04	-0.000370094
12.06	-0.000376657
12.08	-0.000383279
12.1	-0.000389958
12.12	-0.000396694
12.14	-0.000403489
12.16	-0.000410341
12.18	-0.000417251
12.2	-0.000424218
12.22	-0.000431243
12.24	-0.000438325
12.26	-0.000445465
12.28	-0.000452661
12.3	-0.000459915
12.32	-0.000467226
12.34	-0.000474593
12.36	-0.000482017
12.38	-0.000489497
12.4	-0.000497034
12.42	-0.000504626
12.44	-0.000512275
12.46	-0.000519978
12.48	-0.000527738
12.5	-0.000535552
12.52	-0.000543421
12.54	-0.000551344
12.56	-0.000559322
12.58	-0.000567353
12.6	-0.000575438
12.62	-0.000583577
12.64	-0.000591768
12.66	-0.000600011
12.68	-0.000608307
12.7	-0.000616654
12.72	-0.000625052
12.74	-0.000633502
12.76	-0.000642002
12.78	-0.000650552
12.8	-0.000659152
12.82	-0.000667801
12.84	-0.000676499
12.86	-0.000685245
12.88	-0.000694038
12.9	-0.000702879
12.92	-0.000711767
12.94	-0.0007207
12.96	-0.000729678
12.98	-0.000738702
13	-0.000747769
13.02	-0.000756879
13.04	-0.000766033
13.06	-0.000775228
13.08	-0.000784464
13.1	-0.000793741
13.12	-0.000803057
13.14	-0.000812413
13.16	-0.000821807
13.18	-0.000831238
13.2	-0.000840706
13.22	-0.00085021
13.24	-0.000859749
13.26	-0.000869322
13.28	-0.000878928
13.3	-0.000888566
13.32	-0.000898236
13.34	-0.000907936
13.36	-0.000917665
13.38	-0.000927423
13.4	-0.000937208
13.42	-0.000947019
13.44	-0.000956855
13.46	-0.000966716
13.48	-0.000976599
13.5	-0.000986503
13.52	-0.000996429
13.54	-0.001006374
13.56	-0.001016336
13.58	-0.001026316
13.6	-0.001036311
13.62	-0.00104632
13.64	-0.001056342
13.66	-0.001066376
13.68	-0.001076419
13.7	-0.00108647
13.72	-0.001096529
13.74	-0.001106594
13.76	-0.001116662
13.78	-0.001126733
13.8	-0.001136805
13.82	-0.001146877
13.84	-0.001156947
13.86	-0.001167013
13.88	-0.001177073
13.9	-0.001187127
13.92	-0.001197171
13.94	-0.001207205
13.96	-0.001217227
13.98	-0.001227234
14	-0.001237226
14.02	-0.001247199
14.04	-0.001257152
14.06	-0.001267084
14.08	-0.001276991
14.1	-0.001286873
14.12	-0.001296727
14.14	-0.001306551
14.16	-0.001316343
14.18	-0.0013261
14.2	-0.001335821
14.22	-0.001345503
14.24	-0.001355145
14.26	-0.001364743
14.28	-0.001374296
14.3	-0.001383802
14.32	-0.001393257
14.34	-0.00140266
14.36	-0.001412007
14.38	-0.001421298
14.4	-0.001430528
14.42	-0.001439696
14.44	-0.001448799
14.46	-0.001457834
14.48	-0.001466799
14.5	-0.001475692
14.52	-0.001484508
14.54	-0.001493246
14.56	-0.001501903
14.58	-0.001510477
14.6	-0.001518963
14.62	-0.001527359
14.64	-0.001535663
14.66	-0.001543871
14.68	-0.00155198
14.7	-0.001559987
14.72	-0.001567889
14.74	-0.001575683
14.76	-0.001583366
14.78	-0.001590934
14.8	-0.001598384
14.82	-0.001605714
14.84	-0.001612919
14.86	-0.001619996
14.88	-0.001626942
14.9	-0.001633753
14.92	-0.001640426
14.94	-0.001646958
14.96	-0.001653344
14.98	-0.001659582
15	-0.001666302
15.02	-0.001672348
15.04	-0.001678796
15.06	-0.001689767
15.08	-0.001825587
15.1	-0.00221775
15.12	-0.001041054
15.14	-0.002615058
15.16	-0.000691382
15.18	-0.002439863
15.2	-0.000434515
15.22	-0.002485287
15.24	0.000322157
15.26	-0.001652017
15.28	0.004604189
15.3	0.012259111
15.32	0.025887838
15.34	0.007331349
15.36	-0.002163275
15.38	-0.02394228
15.4	-0.030714508
15.42	-0.027041715
15.44	-0.010934395
15.46	0.024527573
15.48	0.001461946
15.5	-0.010779656
15.52	-0.027145092
15.54	-0.022616222
15.56	-0.002716712
15.58	0.027140946
15.6	0.044275193
15.62	0.054117622
15.64	0.042597938
15.66	0.034865118
15.68	0.044060218
15.7	0.034848809
15.72	0.009228935
15.74	-0.023400822
15.76	-0.028152643
15.78	-0.016853636
15.8	-0.010915497
15.82	-0.021360736
15.84	-0.04947408
15.86	-0.067176071
15.88	-0.072646524
15.9	-0.066415375
15.92	-0.056858625
15.94	-0.048612068
15.96	-0.045748807
15.98	-0.036847252
16	0.035944003
16.02	0.002642326
16.04	-0.011399742
16.06	-0.024215841
16.08	0.000580369
16.1	0.033735952
16.12	0.049448299
16.14	0.067315778
16.16	0.073816352
16.18	0.077271592
16.2	0.068502371
16.22	0.075892178
16.24	0.087452245
16.26	0.094720571
16.28	0.089860283
16.3	0.066905516
16.32	0.069846238
16.34	0.070198767
16.36	0.068212489
16.38	0.081239217
16.4	0.08377801
16.42	0.092061438
16.44	0.091983637
16.46	0.080323411
16.48	0.082286234
16.5	-0.054778595
16.52	-0.068431126
16.54	-0.002446783
16.56	0.0228374
16.58	0.034118663
16.6	0.005865672
16.62	-0.022867108
16.64	-0.05077404
16.66	-0.057176553
16.68	-0.055756772
16.7	-0.028492849
16.72	0.050308633
16.74	0.079246873
16.76	0.089681484
16.78	0.0854929
16.8	0.066018882
16.82	0.050195431
16.84	0.041535145
16.86	0.038956065
16.88	0.038581274
16.9	0.057683055
16.92	0.078677069
16.94	-0.026635082
16.96	-0.08110951
16.98	-0.111942964
17	-0.112674901
17.02	-0.11352908
17.04	-0.131452948
17.06	-0.129700995
17.08	-0.134912608
17.1	-0.143137381
17.12	-0.169371069
17.14	-0.171559033
17.16	-0.19030103
17.18	-0.206905919
17.2	-0.207944505
17.22	-0.162840036
17.24	-0.163213132
17.26	-0.179393451
17.28	-0.050461319
17.3	0.156232622
17.32	0.152579481
17.34	0.103641448
17.36	0.108848896
17.38	0.164819862
17.4	0.238391125
17.42	0.316626431
17.44	0.339459102
17.46	0.322624447
17.48	0.308714623
17.5	0.322914792
17.52	0.32977035
17.54	-0.14222002
17.56	-0.145881915
17.58	-0.026329072
17.6	0.013288074
17.62	0.014345291
17.64	0.177032143
17.66	0.150902354
17.68	0.140715444
17.7	0.135999356
17.72	0.09959539
17.74	0.117230609
17.76	-0.145391968
17.78	-0.144809751
17.8	-0.148859506
17.82	-0.158182429
17.84	-0.183421951
17.86	-0.186298147
17.88	-0.173115821
17.9	-0.199802519
17.92	-0.234544212
17.94	-0.279321888
17.96	-0.358066668
17.98	-0.37592186
18	-0.263587792
18.02	-0.232663474
18.04	-0.269623132
18.06	-0.266713645
18.08	-0.258561983
18.1	-0.221658828
18.12	-0.17308267
18.14	-0.11433818
18.16	-0.073508274
18.18	-0.08614032
18.2	-0.115716711
18.22	-0.147711402
18.24	-0.150595925
18.26	-0.186531999
18.28	-0.173758823
18.3	-0.059443399
18.32	0.026465725
18.34	0.066880323
18.36	0.051715948
18.38	0.078637865
18.4	0.07346826
18.42	0.074114452
18.44	0.119493246
18.46	0.13757081
18.48	0.097667951
18.5	0.102472213
18.52	0.132697185
18.54	0.180261446
18.56	0.187010571
18.58	0.185328107
18.6	0.205491259
18.62	0.167064366
18.64	0.167497139
18.66	0.18758117
18.68	0.177888462
18.7	0.227806658
18.72	0.239149596
18.74	0.202229442
18.76	-0.058287732
18.78	-0.230418977
18.8	-0.211559419
18.82	-0.153692464
18.84	-0.133280205
18.86	-0.162804438
18.88	-0.173894203
18.9	-0.18086464
18.92	-0.188926493
18.94	-0.168703196
18.96	-0.136909509
18.98	-0.158332188
19	-0.151430011
19.02	-0.114405338
19.04	-0.116831915
19.06	-0.152695784
19.08	-0.075391063
19.1	-0.011770182
19.12	-0.025947898
19.14	-0.061962073
19.16	-0.025555598
19.18	0.05850094
19.2	0.082849387
19.22	0.073647728
19.24	0.092738513
19.26	0.101110501
19.28	0.122869951
19.3	0.191579587
19.32	0.232274557
19.34	0.119260221
19.36	0.109127579
19.38	0.138717767
19.4	0.214375052
19.42	0.245159849
19.44	0.207071623
19.46	0.16574973
19.48	0.171517091
19.5	0.140536538
19.52	0.12051439
19.54	0.13705308
19.56	0.171884892
19.58	0.192920429
19.6	0.212439777
19.62	0.226277849
19.64	0.235907744
19.66	0.233315042
19.68	0.217445684
19.7	0.226404394
19.72	-0.209064938
19.74	-0.074920351
19.76	0.013040561
19.78	-0.091640732
19.8	-0.157450829
19.82	-0.20242884
19.84	-0.202323227
19.86	-0.151135199
19.88	-0.173604308
19.9	-0.200413062
19.92	-0.205082989
19.94	-0.124113744
19.96	0.210023863
19.98	0.005595597
20	-0.165960779
20.02	-0.064405157
20.04	0.064752375
20.06	-0.042087017
20.08	-0.073252153
20.1	0.115635072
20.12	0.150303505
20.14	0.146921368
20.16	0.120924881
20.18	-0.062214517
20.2	-0.050925073
20.22	-0.055240781
20.24	-0.069704351
20.26	-0.064971034
20.28	-0.04419516
20.3	-0.028764775
20.32	-0.01471438
20.34	-0.030401172
20.36	-0.080522567
20.38	-0.216665641
20.4	-0.181848297
20.42	-0.17931812
20.44	-0.194134226
20.46	-0.191784478
20.48	-0.166210586
20.5	-0.170638781
20.52	-0.124147528
20.54	-0.138254404
20.56	-0.167758316
20.58	-0.210638829
20.6	-0.203968796
20.62	-0.191242709
20.64	-0.195495947
20.66	-0.170529462
20.68	-0.140970593
20.7	-0.115923792
20.72	-0.118654864
20.74	0.092372082
20.76	0.291397415
20.78	0.257368043
20.8	0.225978856
20.82	0.214901156
20.84	0.134440578
20.86	0.035999298
20.88	0.020978946
20.9	0.071491836
20.92	0.178098349
20.94	0.191553989
20.96	0.118704672
20.98	0.128036116
21	0.178319911
21.02	0.179534011
21.04	0.166460457
21.06	0.170726888
21.08	0.138773445
21.1	0.118831427
21.12	0.144586268
21.14	0.172331824
21.16	0.167906368
21.18	0.134876919
21.2	0.054739194
21.22	-0.006941158
21.24	-0.049410677
21.26	-0.038123901
21.28	-0.023966573
21.3	-0.029343029
21.32	-0.045623749
21.34	-0.073610699
21.36	-0.094663008
21.38	-0.115881844
21.4	-0.119159932
21.42	-0.111779588
21.44	-0.11178467
21.46	-0.130377088
21.48	-0.157438371
21.5	-0.138098036
21.52	-0.111440719
21.54	0.057838337
21.56	-0.006793045
21.58	-0.015478203
21.6	-9.8432E-05
21.62	0.026710161
21.64	0.066127278
21.66	0.0651556
21.68	0.065371104
21.7	0.051608299
21.72	0.033457029
21.74	0.008627409
21.76	-0.109194536
21.78	-0.110291517
21.8	-0.086267285
21.82	-0.067789199
21.84	-0.046536178
21.86	-0.030358408
21.88	-0.029664663
21.9	-0.04304183
21.92	-0.050082635
21.94	-0.058095628
21.96	-0.068614292
21.98	-0.055485007
22	-0.046270972
22.02	-0.038965359
22.04	-0.018516098
22.06	-0.016666228
22.08	-0.007524454
22.1	0.068664776
22.12	0.06934929
22.14	0.09434523
22.16	0.128006861
22.18	0.142352686
22.2	0.138257336
22.22	0.085078899
22.24	-0.004078557
22.26	-0.047440852
22.28	-0.05997122
22.3	-0.056378049
22.32	-0.062926302
22.34	-0.073647296
22.36	-0.080955121
22.38	-0.086212658
22.4	-0.094132253
22.42	-0.055056919
22.44	0.027162925
22.46	0.038073514
22.48	0.05947914
22.5	0.070256511
22.52	0.076355832
22.54	0.070168719
22.56	0.071771703
22.58	0.064647508
22.6	0.04519971
22.62	0.043809699
22.64	0.075637234
22.66	0.097226618
22.68	0.092497786
22.7	0.074640835
22.72	0.061122413
22.74	0.034940892
22.76	0.016238557
22.78	0.046517797
22.8	0.04123029
22.82	0.031124533
22.84	0.040660976
22.86	0.068777949
22.88	0.11239431
22.9	0.072730854
22.92	0.066302267
22.94	0.036151755
22.96	0.031859918
22.98	0.032749314
23	0.043675535
23.02	0.062675974
23.04	0.078795936
23.06	0.188532252
23.08	0.184170476
23.1	0.164343334
23.12	0.176154447
23.14	0.152462458
23.16	0.205858849
23.18	0.212101339
23.2	0.206717129
23.22	0.087039145
23.24	-0.030481876
23.26	-0.125463059
23.28	-0.138830956
23.3	-0.102886968
23.32	-0.047555511
23.34	-0.025091642
23.36	-0.036579081
23.38	-0.091339312
23.4	-0.13018112
23.42	-0.131059025
23.44	-0.116508258
23.46	-0.067925459
23.48	-0.101158061
23.5	-0.147528079
23.52	-0.156766156
23.54	-0.17674559
23.56	-0.161673899
23.58	-0.181165496
23.6	-0.18233612
23.62	-0.19148439
23.64	-0.196886086
23.66	-0.152658233
23.68	-0.092109807
23.7	0.057271025
23.72	-0.000612717
23.74	0.0149284
23.76	0.067098806
23.78	0.052066203
23.8	0.043003849
23.82	-0.008389693
23.84	-0.035083267
23.86	0.003992784
23.88	0.037069075
23.9	0.039748207
23.92	0.028647853
23.94	0.012772188
23.96	0.02793665
23.98	0.008472604
24	-0.001994576
24.02	0.021495284
24.04	0.02209207
24.06	0.017457911
24.08	0.026669095
24.1	-0.038460399
24.12	-0.008543319
24.14	-0.027918942
24.16	-0.01718802
24.18	-0.005305092
24.2	0.018117467
24.22	0.041635461
24.24	0.024178296
24.26	0.069576588
24.28	0.049759242
24.3	-0.211580664
24.32	-0.163992831
24.34	-0.153437234
24.36	-0.148819826
24.38	-0.126163628
24.4	-0.119987591
24.42	-0.077753586
24.44	-0.119154483
24.46	-0.111830323
24.48	-0.110722085
24.5	-0.119229901
24.52	0.029397884
24.54	0.07819605
24.56	0.107750576
24.58	0.123501059
24.6	0.060635008
24.62	0.029175505
24.64	0.021982283
24.66	-0.138041088
24.68	-0.093935349
24.7	-0.105402
24.72	-0.123864885
24.74	-0.10400193
24.76	-0.0142892
24.78	0.004945986
24.8	0.046190762
24.82	0.059021048
24.84	-0.000331224
24.86	0.048889929
24.88	0.086202243
24.9	0.082744159
24.92	0.049200829
24.94	0.064115281
24.96	0.030020279
24.98	0.03534215
25	-0.037000988
25.02	-0.03705957
25.04	-0.013577245
25.06	0.002303131
25.08	0.005126237
25.1	0.068270227
25.12	0.067935099
25.14	0.055377109
25.16	0.047408378
25.18	0.050500028
25.2	0.043731737
25.22	0.159783443
25.24	0.174426675
25.26	0.168485636
25.28	0.100401109
25.3	0.073109241
25.32	0.004593696
25.34	-0.036241257
25.36	-0.002618417
25.38	-0.00032758
25.4	0.035773222
25.42	0.044785897
25.44	0.040016081
25.46	0.047408667
25.48	0.064088899
25.5	0.058679951
25.52	0.040307826
25.54	0.045757757
25.56	0.036389559
25.58	0.047607052
25.6	0.048518387
25.62	0.06549999
25.64	0.060351324
25.66	0.106262788
25.68	0.133153011
25.7	0.14777251
25.72	0.14329621
25.74	0.118058826
25.76	0.03801253
25.78	0.00238905
25.8	-0.029781254
25.82	-0.02911278
25.84	-0.034326064
25.86	-0.043308981
25.88	-0.029891742
25.9	-0.058016709
25.92	-0.068397068
25.94	-0.086453534
25.96	-0.114702548
25.98	-0.11615449
26	-0.127679518
26.02	-0.119163774
26.04	-0.121103854
26.06	-0.142126621
26.08	-0.145015271
26.1	-0.160169041
26.12	-0.173524576
26.14	-0.165555103
26.16	-0.163941769
26.18	-0.148656022
26.2	-0.146004997
26.22	-0.133416801
26.24	-0.122491659
26.26	-0.12010887
26.28	0.147083252
26.3	0.025420087
26.32	0.005490453
26.34	0.030654097
26.36	0.052228814
26.38	0.017884556
26.4	0.015565958
26.42	0.017232795
26.44	0.052356947
26.46	0.082335952
26.48	0.106333497
26.5	0.139626774
26.52	0.145194279
26.54	0.156017722
26.56	0.132164674
26.58	0.109263572
26.6	0.084505559
26.62	0.049723839
26.64	-0.023126961
26.66	-0.021694823
26.68	-0.014116375
26.7	-0.051128043
26.72	-0.093816659
26.74	-0.107372794
26.76	-0.127035229
26.78	-0.152378542
26.8	-0.159734383
26.82	-0.163138446
26.84	-0.161797479
26.86	-0.12841809
26.88	-0.114577907
26.9	-0.111608733
26.92	-0.103582031
26.94	0.085324409
26.96	0.060635338
26.98	0.040000771
27	0.041052935
27.02	0.074738143
27.04	0.10137837
27.06	0.103705014
27.08	0.128872928
27.1	0.125490687
27.12	0.137698019
27.14	0.156763793
27.16	0.191395347
27.18	0.227196602
27.2	0.238369974
27.22	0.250265433
27.24	0.248289183
27.26	0.221723368
27.28	0.146051771
27.3	0.02895579
27.32	-0.08800324
27.34	-0.123788269
27.36	-0.116014391
27.38	-0.123820826
27.4	-0.098479375
27.42	-0.086191717
27.44	-0.090893228
27.46	-0.131036712
27.48	-0.169561317
27.5	-0.179642499
27.52	-0.174639265
27.54	-0.175122865
27.56	-0.185798078
27.58	-0.202863536
27.6	-0.203751127
27.62	-0.200897055
27.64	-0.189170001
27.66	-0.149022055
27.68	-0.124884418
27.7	-0.140076225
27.72	-0.110782928
27.74	-0.108572656
27.76	0.077456334
27.78	0.078887521
27.8	0.010239033
27.82	-0.004329645
27.84	0.016363984
27.86	0.002418733
27.88	0.020940432
27.9	0.051648721
27.92	0.08053089
27.94	0.094517823
27.96	0.096287379
27.98	0.099623778
28	0.082421462
28.02	0.067884481
28.04	0.068383957
28.06	0.072644707
28.08	0.04657065
28.1	0.002641739
28.12	-0.02622683
28.14	-0.023310092
28.16	0.030314098
28.18	0.040668451
28.2	0.015842083
28.22	0.03368395
28.24	0.028967602
28.26	0.05481265
28.28	0.047003635
28.3	0.094570675
28.32	0.048082591
28.34	0.000335507
28.36	0.040362157
28.38	0.040341475
28.4	0.035040514
28.42	0.04700033
28.44	0.053740991
28.46	0.09551104
28.48	0.117624773
28.5	0.116284315
28.52	0.100387196
28.54	0.014729926
28.56	-0.069970321
28.58	-0.10704936
28.6	-0.047403482
28.62	-0.02525591
28.64	-0.007551812
28.66	0.004421224
28.68	-0.047729021
28.7	-0.040611457
28.72	-0.026874435
28.74	-0.023175892
28.76	-0.010314858
28.78	0.011720733
28.8	-0.102452909
28.82	-0.014649566
28.84	0.011056487
28.86	-0.029329468
28.88	-0.037393901
28.9	-0.046206091
28.92	-0.03822456
28.94	-0.029736441
28.96	-0.031679902
28.98	-0.034032616
29	-0.023535683
29.02	-0.035949748
29.04	-0.06156031
29.06	-0.044364802
29.08	0.012516145
29.1	0.025535822
29.12	0.026827285
29.14	-0.037099577
29.16	0.002272235
29.18	0.0079935
29.2	-0.018994292
29.22	-0.081730371
29.24	-0.066286097
29.26	-0.063061629
29.28	0.099890092
29.3	0.057611685
29.32	0.048271401
29.34	0.087977977
29.36	0.105840319
29.38	0.08484181
29.4	0.049827121
29.42	0.063010148
29.44	0.030530255
29.46	0.035720956
29.48	0.060874846
29.5	0.099034598
29.52	0.141443638
29.54	0.156840282
29.56	0.161920077
29.58	0.127769702
29.6	0.102493089
29.62	0.155027609
29.64	0.12834076
29.66	0.23545162
29.68	0.118270532
29.7	0.057455846
29.72	0.069311265
29.74	-0.019161298
29.76	-0.085308439
29.78	-0.084725995
29.8	-0.092959767
29.82	-0.10677198
29.84	-0.102913683
29.86	-0.098655327
29.88	-0.103180903
29.9	-0.108584349
29.92	-0.103685902
29.94	-0.097990865
29.96	-0.104981091
29.98	-0.112681316
30	-0.132169084
30.02	-0.124439498
30.04	-0.114284281
30.06	-0.089581043
30.08	-0.038726065
30.1	0.032538485
30.12	-0.038870043
30.14	-0.021027327
30.16	0.024131133
30.18	0.066473722
30.2	0.090100346
30.22	0.098104468
30.24	0.106163992
30.26	0.10187739
30.28	0.075250414
30.3	0.021430081
30.32	0.032898902
30.34	0.055508408
30.36	0.050993038
30.38	0.053888257
30.4	0.075175837
30.42	-0.05472404
30.44	-0.054244263
30.46	-0.050458649
30.48	-0.053657092
30.5	-0.069584884
30.52	-0.082605269
30.54	-0.044581193
30.56	-0.06509652
30.58	-0.073434589
30.6	-0.075787589
30.62	-0.091114754
30.64	-0.098589031
30.66	-0.103751545
30.68	-0.125752914
30.7	-0.113936363
30.72	-0.016155536
30.74	0.023147661
30.76	0.08427483
30.78	0.112686263
30.8	0.1286905
30.82	0.13151247
30.84	0.145888745
30.86	0.164069791
30.88	0.191527704
30.9	0.198935347
30.92	0.162892282
30.94	0.152306197
30.96	0.165622851
30.98	0.168239315
31	0.137296045
31.02	0.110396591
31.04	0.095152411
31.06	0.101330095
31.08	0.083567952
31.1	0.009222231
31.12	-0.057216733
31.14	-0.112371448
31.16	-0.132194026
31.18	-0.138420554
31.2	-0.141807826
31.22	-0.148019299
31.24	-0.159786681
31.26	-0.185963979
31.28	-0.197461698
31.3	-0.188199693
31.32	-0.203183673
31.34	-0.226776618
31.36	-0.226589301
31.38	-0.206668769
31.4	-0.191773671
31.42	-0.175094433
31.44	-0.152024857
31.46	-0.129011524
31.48	-0.092688568
31.5	-0.032455568
31.52	-0.030404303
31.54	-0.04212813
31.56	0.029506599
31.58	0.044286401
31.6	0.063408182
31.62	0.069671418
31.64	0.085852691
31.66	0.10269817
31.68	0.117619879
31.7	0.131239645
31.72	0.138831325
31.74	0.146186185
31.76	0.137269919
31.78	0.140499073
31.8	0.140267194
31.82	0.143342325
31.84	0.13185623
31.86	0.103200501
31.88	0.018942807
31.9	-0.024892286
31.92	-0.005399716
31.94	0.00961192
31.96	-0.017385143
31.98	-0.014276849
32	-0.017030295
32.02	-0.050812647
32.04	-0.078402726
32.06	-0.075315728
32.08	-0.08680913
32.1	-0.081030971
32.12	-0.062269039
32.14	-0.051631014
32.16	-0.034560715
32.18	0.048400933
32.2	0.073224044
32.22	0.065586452
32.24	0.07775616
32.26	0.091567499
32.28	0.092448612
32.3	0.10331546
32.32	0.079126916
32.34	0.065114793
32.36	0.054479878
32.38	0.036951882
32.4	0.020717103
32.42	0.023434809
32.44	0.028434789
32.46	0.005359866
32.48	0.013873104
32.5	0.016303589
32.52	-0.105330736
32.54	-0.099321143
32.56	-0.044005358
32.58	-0.04016363
32.6	-0.06023382
32.62	-0.054503049
32.64	-0.061032055
32.66	-0.044302333
32.68	-0.070249507
32.7	-0.088014693
32.72	-0.111868677
32.74	-0.126099626
32.76	-0.120422656
32.78	-0.10724767
32.8	-0.095004891
32.82	-0.081593216
32.84	-0.076065971
32.86	-0.053525215
32.88	-0.056028685
32.9	-0.032288321
32.92	-0.016226811
32.94	-0.024593759
32.96	0.067645771
32.98	0.063018057
33	0.078829524
33.02	0.103782653
33.04	0.117514351
33.06	0.107836943
33.08	0.097088636
33.1	0.081051829
33.12	0.066135193
33.14	0.082515606
33.16	0.078850695
33.18	0.089562667
33.2	0.098182855
33.22	0.099800894
33.24	0.105092647
33.26	0.100280194
33.28	0.102594246
33.3	0.096713914
33.32	0.106843388
33.34	0.103407563
33.36	0.104716727
33.38	0.119658232
33.4	0.102044899
33.42	0.036825007
33.44	-0.030499868
33.46	-0.070717421
33.48	-0.071166807
33.5	-0.075725979
33.52	-0.082688893
33.54	-0.091694223
33.56	-0.091901445
33.58	-0.094828857
33.6	-0.093494507
33.62	-0.100178338
33.64	-0.10042421
33.66	-0.073707593
33.68	-0.057003791
33.7	-0.034615269
33.72	-0.035769048
33.74	-0.014352344
33.76	-0.005829318
33.78	0.004799955
33.8	0.013202278
33.82	0.026823425
33.84	0.032258652
33.86	0.044436498
33.88	0.045685062
33.9	0.031746501
33.92	-0.049884727
33.94	-0.027181703
33.96	-0.015887089
33.98	-0.013534471
34	-0.037202838
34.02	-0.059203993
34.04	-0.065715431
34.06	-0.077358009
34.08	-0.083195037
34.1	-0.054577576
34.12	-0.081983315
34.14	-0.05312819
34.16	-0.013795157
34.18	-0.008875749
34.2	-0.013504423
34.22	-0.036154703
34.24	-0.020488222
34.26	-0.030584753
34.28	-0.028192292
34.3	-0.055491855
34.32	-0.058078291
34.34	0.048338124
34.36	0.042487627
34.38	0.01390866
34.4	0.0249061
34.42	0.064702569
34.44	0.068911658
34.46	0.053353571
34.48	0.028690417
34.5	0.001592978
34.52	0.004365259
34.54	0.015160509
34.56	0.006340626
34.58	-0.001306927
34.6	-0.010103223
34.62	-0.006760025
34.64	0.008634541
34.66	0.040394811
34.68	0.065264501
34.7	0.078062771
34.72	0.064189517
34.74	0.074303169
34.76	0.100250895
34.78	0.112537571
34.8	0.104280452
34.82	0.076755926
34.84	0.051155249
34.86	0.034381764
34.88	0.034410977
34.9	-0.079255708
34.92	-0.095224583
34.94	-0.08841096
34.96	-0.098830604
34.98	-0.111263431
35	-0.111329915
35.02	-0.096177027
35.04	-0.080553245
35.06	-0.081943858
35.08	-0.077722449
35.1	-0.08537124
35.12	-0.107181424
35.14	-0.122270813
35.16	-0.141762795
35.18	-0.143183638
35.2	-0.126255907
35.22	-0.091554821
35.24	-0.054332551
35.26	-0.025871183
35.28	-0.016124147
35.3	-0.031567417
35.32	0.001469343
35.34	0.092664344
35.36	0.118835022
35.38	0.116194889
35.4	0.112632736
35.42	0.10568758
35.44	0.087276242
35.46	0.025683862
35.48	-0.010936876
35.5	-0.026259282
35.52	-0.016084606
35.54	0.008444234
35.56	0.010879599
35.58	-0.000111791
35.6	0.010367512
35.62	0.030145826
35.64	0.019992326
35.66	0.017560847
35.68	0.019089412
35.7	0.031112828
35.72	0.038304073
35.74	0.04516561
35.76	0.014080529
35.78	-0.032098787
35.8	-0.042436502
35.82	-0.010593293
35.84	0.02114385
35.86	0.027400125
35.88	0.02672326
35.9	0.020156359
35.92	0.012491103
35.94	0.061548512
35.96	0.08618743
35.98	0.078711997
36	0.06204381
36.02	0.054056773
36.04	0.048746255
36.06	0.039752199
36.08	0.037710952
36.1	0.039629264
36.12	0.024831043
36.14	0.024482749
36.16	0.041140745
36.18	0.043394864
36.2	0.074657775
36.22	0.083898494
36.24	0.111885792
36.26	0.126611101
36.28	0.15408332
36.3	0.134386386
36.32	0.11600147
36.34	-0.092549081
36.36	-0.042917803
36.38	-0.021520235
36.4	-0.025475826
36.42	-0.050796687
36.44	-0.051238276
36.46	-0.046413025
36.48	-0.034904033
36.5	-0.031944968
36.52	-0.0376032
36.54	-0.047158224
36.56	-0.065644952
36.58	-0.0885613
36.6	-0.104547474
36.62	-0.107803445
36.64	-0.121201307
36.66	-0.13567322
36.68	-0.144874268
36.7	-0.165256228
36.72	-0.167998157
36.74	-0.159741973
36.76	-0.127154192
36.78	-0.080630372
36.8	0.000534988
36.82	0.087702501
36.84	0.115618729
36.86	0.112063209
36.88	0.114412492
36.9	0.092185029
36.92	0.065640436
36.94	0.06425371
36.96	0.075376114
36.98	0.074915863
37	0.073427533
37.02	0.061638043
37.04	-0.025459143
37.06	-0.026895525
37.08	-0.028188704
37.1	-0.017540198
37.12	0.011518804
37.14	0.053529949
37.16	0.05016378
37.18	0.038498785
37.2	-0.016749633
37.22	-0.022226164
37.24	-0.033770305
37.26	-0.032983189
37.28	-0.032860787
37.3	-0.009433235
37.32	0.007003583
37.34	0.003754525
37.36	0.013663578
37.38	0.022536553
37.4	0.035857012
37.42	0.029170398
37.44	0.027591747
37.46	0.019933971
37.48	0.038784458
37.5	0.045456053
37.52	0.074295508
37.54	0.091387615
37.56	0.063675758
37.58	0.032850878
37.6	-0.027855684
37.62	-0.064033686
37.64	-0.055297338
37.66	-0.030320953
37.68	-0.039171354
37.7	-0.045321236
37.72	-0.074276914
37.74	-0.084771954
37.76	-0.073989913
37.78	-0.069576355
37.8	-0.050885154
37.82	-0.03796744
37.84	-0.03171075
37.86	-0.04506493
37.88	-0.079419405
37.9	-0.120190474
37.92	-0.133350523
37.94	-0.139806635
37.96	-0.125088134
37.98	-0.106683062
38	-0.073236012
38.02	-0.064128089
38.04	-0.062767767
38.06	-0.087965815
38.08	-0.05963238
38.1	-0.026161499
38.12	-0.034714956
38.14	-0.045534852
38.16	-0.050737558
38.18	-0.055572996
38.2	-0.042231957
38.22	-0.034239536
38.24	-0.016568763
38.26	0.017456754
38.28	0.051688007
38.3	0.062056463
38.32	0.070919222
38.34	0.078577522
38.36	0.081819741
38.38	0.097036139
38.4	0.094627228
38.42	0.101578222
38.44	0.101639724
38.46	0.098279453
38.48	0.095218932
38.5	0.08300931
38.52	0.050798444
38.54	-0.009697789
38.56	-0.055899736
38.58	-0.088386972
38.6	-0.078342596
38.62	-0.071008995
38.64	-0.068580828
38.66	-0.065985929
38.68	-0.067416611
38.7	-0.066777303
38.72	-0.051873348
38.74	-0.004771915
38.76	0.003193326
38.78	0.022115308
38.8	0.021002062
38.82	0.009450807
38.84	0.000208703
38.86	-0.006248381
38.88	-0.000988628
38.9	0.004441582
38.92	0.016315209
38.94	0.021671394
38.96	0.033844128
38.98	0.038601986
39	0.041092319
39.02	-0.082455091
39.04	-0.025134712
39.06	-0.042484048
39.08	-0.063601367
39.1	-0.061756501
39.12	-0.006185349
39.14	0.010756325
39.16	-0.016407303
39.18	-0.026822288
39.2	-0.049386298
39.22	-0.065744381
39.24	-0.064977209
39.26	-0.04206721
39.28	-0.035648052
39.3	-0.01619329
39.32	-0.014159087
39.34	-0.00877445
39.36	0.003669683
39.38	0.003773474
39.4	-0.008536544
39.42	-0.018749892
39.44	-0.025309776
39.46	0.029713326
39.48	0.046428225
39.5	0.066109183
39.52	0.102504113
39.54	0.116213751
39.56	0.130514978
39.58	0.117741187
39.6	0.082224175
39.62	0.055631431
39.64	0.184586142
39.66	-0.053685922
39.68	0.002473928
39.7	0.012790232
39.72	0.014377344
39.74	0.033639291
39.76	0.054876593
39.78	0.093177758
39.8	0.122576965
39.82	0.138555902
39.84	0.125757945
39.86	0.096415971
39.88	0.073200957
39.9	0.044585719
39.92	0.073494022
39.94	0.123629315
39.96	0.162694424
39.98	0.152048255
40	0.127314494
40.02	0.099252299
40.04	0.05334555
40.06	-0.024119975
40.08	-0.067071175
40.1	-0.041836726
40.12	-0.019947669
40.14	-0.021155347
40.16	-0.03623094
40.18	-0.050562458
40.2	-0.048248858
40.22	-0.055698146
40.24	-0.039478038
40.26	-0.038413517
40.28	-0.041139977
40.3	-0.032535029
40.32	-0.031908037
40.34	-0.002226675
40.36	0.0216922
40.38	0.03111328
40.4	0.01765715
40.42	0.003087049
40.44	0.007977812
40.46	0.036245554
40.48	0.027275175
40.5	0.013997172
40.52	-0.01101708
40.54	-0.032738531
40.56	-0.034352683
40.58	-0.022461971
40.6	-0.005016879
40.62	-0.011828459
40.64	-0.029193162
40.66	-0.029203568
40.68	-0.040224994
40.7	-0.046525467
40.72	-0.046038601
40.74	0.174253625
40.76	0.122363905
40.78	0.098389609
40.8	0.10519255
40.82	0.11127487
40.84	0.096570271
40.86	0.110089484
40.88	0.123398966
40.9	0.14273623
40.92	0.155240988
40.94	0.152605365
40.96	0.153288986
40.98	0.163326943
41	0.160540694
41.02	0.133540147
41.04	0.031025146
41.06	-0.033777664
41.08	-0.07306075
41.1	-0.077839123
41.12	-0.050001844
41.14	0.00125106
41.16	0.02775587
41.18	0.002188719
41.2	-0.011998415
41.22	-0.022881497
41.24	-0.024411051
41.26	-0.07259887
41.28	-0.087722314
41.3	-0.078360893
41.32	0.104121314
41.34	0.082979464
41.36	0.078737142
41.38	0.088972411
41.4	0.086202556
41.42	0.080624911
41.44	0.096039503
41.46	0.080694268
41.48	0.069319143
41.5	0.039699246
41.52	-0.032243328
41.54	-0.072042124
41.56	-0.103985415
41.58	-0.12525987
41.6	-0.121017753
41.62	-0.103996037
41.64	-0.13285057
41.66	-0.162442367
41.68	-0.093982077
41.7	-0.107475831
41.72	-0.181370225
41.74	-0.105155172
41.76	-0.111366393
41.78	-0.070932591
41.8	-0.066908976
41.82	-0.067523771
41.84	-0.082433226
41.86	-0.085276403
41.88	-0.077245238
41.9	-0.069515996
41.92	-0.059198512
41.94	-0.071259868
41.96	-0.084119724
41.98	-0.104376395
42	-0.07365468
42.02	0.060527117
42.04	0.131758974
42.06	0.129730071
42.08	0.11088554
42.1	0.086718455
42.12	0.055874643
42.14	0.008852309
42.16	-0.051834771
42.18	-0.048706156
42.2	-0.02706746
42.22	0.012044414
42.24	0.023583938
42.26	0.018166
42.28	0.029200544
42.3	0.051606401
42.32	0.071669626
42.34	0.091562765
42.36	0.084751031
42.38	0.082103232
42.4	0.075516982
42.42	0.050060581
42.44	-0.12380555
42.46	-0.109502799
42.48	-0.08020409
42.5	-0.085967391
42.52	-0.111455674
42.54	-0.11486913
42.56	-0.114188112
42.58	-0.103225414
42.6	-0.092558939
42.62	-0.085546945
42.64	-0.074075123
42.66	-0.06038057
42.68	-0.086556424
42.7	-0.088308069
42.72	-0.098408526
42.74	-0.105357027
42.76	-0.118536594
42.78	-0.111353041
42.8	-0.042466886
42.82	-0.027012439
42.84	-0.032363976
42.86	-0.023669545
42.88	-0.023610705
42.9	-0.013714676
42.92	0.004468987
42.94	0.008330103
42.96	0.006077927
42.98	-0.081494924
43	-0.084651964
43.02	-0.09072379
43.04	-0.107856248
43.06	-0.104554464
43.08	-0.100643001
43.1	-0.099059453
43.12	-0.085787109
43.14	-0.064088978
43.16	0.040899036
43.18	0.024111191
43.2	-0.02871704
43.22	-0.021824351
43.24	0.005749691
43.26	0.008303734
43.28	0.004606011
43.3	-0.001809571
43.32	-0.002793618
43.34	0.004866038
43.36	0.014997614
43.38	0.027437723
43.4	0.037529192
43.42	0.037168256
43.44	0.056079796
43.46	0.07599956
43.48	0.112433347
43.5	0.107430806
43.52	0.103030286
43.54	0.101036759
43.56	0.108719706
43.58	0.061999855
43.6	0.018340207
43.62	-0.014924896
43.64	-0.013681792
43.66	-0.012619778
43.68	-0.01648141
43.7	-0.002061565
43.72	0.008797696
43.74	0.007495803
43.76	0.020622116
43.78	0.043606916
43.8	0.078054469
43.82	0.096246451
43.84	0.09348651
43.86	0.107702557
43.88	0.100630938
43.9	0.08601464
43.92	0.059666518
43.94	0.05593389
43.96	0.002469019
43.98	-0.094877678
44	-0.109287348
44.02	-0.074497365
44.04	-0.051710414
44.06	-0.022457159
44.08	-0.007747822
44.1	-0.011758632
44.12	-0.018815851
44.14	-0.019630153
44.16	-0.02531227
44.18	-0.035351617
44.2	-0.031058362
44.22	-0.036570334
44.24	-0.030953901
44.26	-0.020278063
44.28	0.003941057
44.3	0.006185376
44.32	0.01104081
44.34	0.012213958
44.36	-0.004692348
44.38	0.000762667
44.4	-0.014673151
44.42	-0.027635536
44.44	-0.039585073
44.46	-0.041857847
44.48	-0.046954405
44.5	-0.042316469
44.52	-0.04242999
44.54	-0.038776598
44.56	-0.026867562
44.58	-0.01385851
44.6	-0.001067072
44.62	0.010361764
44.64	0.021352722
44.66	0.015875349
44.68	0.005360182
44.7	0.058814098
44.72	0.076227501
44.74	0.0611171
44.76	0.052448793
44.78	0.056090465
44.8	0.055481698
44.82	0.049249505
44.84	0.047045905
44.86	0.044478387
44.88	0.049758881
44.9	0.054116955
44.92	0.051097055
44.94	0.048520072
44.96	0.037750194
44.98	0.022730624
45	0.002318917
45.02	-0.029473665
45.04	-0.068479648
45.06	-0.052448802
45.08	-0.009065281
45.1	0.000434298
45.12	-0.009204154
45.14	-0.000886888
45.16	0.02342699
45.18	0.011601162
45.2	0.038622302
45.22	0.037169216
45.24	0.046534826
45.26	0.048907789
45.28	0.049167529
45.3	0.046419421
45.32	0.044818972
45.34	0.043893841
45.36	0.035772417
45.38	0.021919218
45.4	-0.032699701
45.42	-0.037668676
45.44	-0.051612165
45.46	-0.066407644
45.48	-0.076353257
45.5	-0.070251584
45.52	-0.07880922
45.54	-0.070716298
45.56	-0.069600736
45.58	-0.073206548
45.6	-0.069524875
45.62	-0.070937632
45.64	-0.064902714
45.66	-0.048151751
45.68	-0.032549385
45.7	-0.072939638
45.72	-0.031114568
45.74	-0.026714195
45.76	0.016939499
45.78	0.016234402
45.8	0.012613237
45.82	0.000809759
45.84	-0.004557489
45.86	-0.025001005
45.88	-0.043408635
45.9	-0.064183183
45.92	-0.05552063
45.94	-0.036458106
45.96	-0.060077286
45.98	-0.051402981
46	-0.036455793
46.02	0.03823561
46.04	0.031889365
46.06	0.022610352
46.08	0.024637217
46.1	0.03262039
46.12	0.034097332
46.14	0.026234463
46.16	0.022383689
46.18	0.034675972
46.2	0.04662966
46.22	0.048350108
46.24	0.065979487
46.26	0.065637816
46.28	0.071687845
46.3	0.057864047
46.32	0.067398402
46.34	0.069065493
46.36	0.063386942
46.38	0.057466423
46.4	0.051214228
46.42	0.045901459
46.44	0.033473515
46.46	-0.089297396
46.48	-0.048993245
46.5	-0.011560958
46.52	0.001811374
46.54	-0.006194618
46.56	-0.015110661
46.58	0.001436932
46.6	-0.00529792
46.62	-0.024979683
46.64	-0.033403352
46.66	-0.036236491
46.68	-0.034343596
46.7	-0.036117944
46.72	-0.016774212
46.74	0.02513718
46.76	0.02461936
46.78	0.026923668
46.8	0.026951658
46.82	0.03307765
46.84	0.023672986
46.86	0.027400544
46.88	0.041030311
46.9	0.05081952
46.92	0.046704116
46.94	-0.000751018
46.96	-0.02579213
46.98	-0.037886929
47	-0.04445691
47.02	-0.050282374
47.04	-0.059447863
47.06	-0.063729919
47.08	-0.056821937
47.1	-0.048333068
47.12	-0.04106086
47.14	-0.025497438
47.16	0.07594682
47.18	0.055320387
47.2	0.057228811
47.22	0.062102115
47.24	0.055718327
47.26	0.062700067
47.28	0.065680325
47.3	0.075706193
47.32	0.079728069
47.34	0.070210142
47.36	0.066246688
47.38	0.077285294
47.4	0.077772041
47.42	0.068380215
47.44	0.050525955
47.46	0.051044773
47.48	0.05978784
47.5	0.063639724
47.52	0.072155055
47.54	0.068531908
47.56	0.061264716
47.58	0.054627726
47.6	0.032306467
47.62	0.02700834
47.64	0.040065338
47.66	0.051129908
47.68	0.060100167
47.7	0.074728791
47.72	0.06447791
47.74	0.048505036
47.76	0.018429531
47.78	-0.004067086
47.8	-0.002571178
47.82	0.011846258
47.84	0.003579908
47.86	-0.006594806
47.88	-0.015654446
47.9	-0.024329617
47.92	-0.028460168
47.94	-0.030096439
47.96	-0.035632841
47.98	-0.03950045
48	-0.04095997
48.02	-0.025991897
48.04	-0.015215977
48.06	-0.020313101
48.08	-0.022765636
48.1	-0.021843899
48.12	-0.021218658
48.14	-0.024563154
48.16	-0.01952654
48.18	-0.007633348
48.2	0.00123873
48.22	-0.008844772
48.24	-0.017599821
48.26	-0.022943219
48.28	-0.019974956
48.3	-0.024469035
48.32	-0.026708371
48.34	-0.028339078
48.36	-0.024756416
48.38	-0.023127925
48.4	-0.019918463
48.42	-0.026385196
48.44	-0.036976384
48.46	-0.05012385
48.48	-0.046905162
48.5	-0.037952187
48.52	-0.026631323
48.54	-0.017857154
48.56	-0.010308663
48.58	-0.011394865
48.6	-0.014543766
48.62	-0.009416042
48.64	0.025952782
48.66	0.017154806
48.68	0.038352683
48.7	0.061627545
48.72	0.064931128
48.74	0.0594535
48.76	0.05196904
48.78	0.046668526
48.8	0.042126974
48.82	0.032045993
48.84	0.014449856
48.86	-0.013048889
48.88	-0.028322778
48.9	-0.010659569
48.92	0.006676753
48.94	0.003125604
48.96	-0.003107491
48.98	-0.00825036
49	-0.008163639
49.02	0.004538276
49.04	0.000394386
49.06	0.00076591
49.08	-0.024422656
49.1	-0.047664766
49.12	-0.050159609
49.14	-0.047304764
49.16	-0.046311874
49.18	-0.041906736
49.2	-0.036406011
49.22	-0.030037157
49.24	-0.013782215
49.26	-0.00324681
49.28	0.000803446
49.3	-0.006149182
49.32	-0.004338529
49.34	-0.000493854
49.36	-0.009703717
49.38	-0.024992572
49.4	-0.025036342
49.42	-0.032649726
49.44	-0.026527494
49.46	-0.02768521
49.48	-0.034931727
49.5	-0.03070645
49.52	-0.031007848
49.54	-0.028201327
49.56	-0.021641869
49.58	-0.017019886
49.6	-0.010887039
49.62	-0.00874799
49.64	-0.00861578
49.66	-0.016576524
49.68	-0.014194409
49.7	-0.017234451
49.72	-0.031999441
49.74	-0.041734648
49.76	-0.03925965
49.78	-0.035832831
49.8	-0.027611043
49.82	-0.023242999
49.84	-0.026474244
49.86	-0.0397228
49.88	-0.036490976
49.9	-0.026584368
49.92	-0.010082544
49.94	-0.005749963
49.96	0.005794151
49.98	0.013563589
50	0.01778784
50.02	0.036961524
50.04	0.040494157
50.06	0.052419671
50.08	0.06647017
50.1	0.061778137
50.12	0.057925517
50.14	0.06926153
50.16	0.066528456
50.18	0.061626882
50.2	0.046072282
50.22	0.028741797
50.24	0.020230282
50.26	-0.066173031
50.28	-0.05612195
50.3	-0.044819319
50.32	-0.036690654
50.34	-0.032299613
50.36	-0.024398929
50.38	-0.015917122
50.4	-0.006296806
50.42	0.017151958
50.44	0.012798526
50.46	0.002691245
50.48	-0.009574603
50.5	-0.022982296
50.52	-0.021264241
50.54	-0.024470829
50.56	-0.034981172
50.58	-0.023576527
50.6	-0.027013272
50.62	-0.023748022
50.64	-0.026546684
50.66	-0.024492396
50.68	-0.018328811
50.7	-0.013359084
50.72	-0.010333977
50.74	0.042250893
50.76	0.027570387
50.78	0.022740791
50.8	0.009703423
50.82	-0.024972544
50.84	-0.027949973
50.86	-0.007624528
50.88	-0.009183874
50.9	-0.028152697
50.92	-0.021900945
50.94	-0.027334867
50.96	-0.02855757
50.98	-0.02126787
51	-0.018264306
51.02	-0.017069785
51.04	-0.014670628
51.06	-0.006702429
51.08	0.05724004
51.1	0.044102724
51.12	0.000841919
51.14	-0.023724322
51.16	-0.017107469
51.18	-0.012343537
51.2	-0.010079129
51.22	-0.005306056
51.24	0.006581866
51.26	0.012993318
51.28	0.017348409
51.3	0.026125742
51.32	0.036236426
51.34	0.042589255
51.36	0.050829036
51.38	0.050894408
51.4	0.0461257
51.42	0.03991818
51.44	0.03881626
51.46	0.042448944
51.48	0.0370253
51.5	0.034385954
51.52	0.035328816
51.54	0.022952937
51.56	0.046428648
51.58	0.058580225
51.6	0.041309888
51.62	-0.012890944
51.64	-0.016933648
51.66	-0.024225136
51.68	-0.032197858
51.7	-0.040153547
51.72	-0.045216347
51.74	-0.047243211
51.76	-0.05079105
51.78	-0.049061999
51.8	-0.044972221
51.82	-0.042273997
51.84	-0.025605464
51.86	-0.003198632
51.88	0.007972207
51.9	-0.005211358
51.92	-0.011657995
51.94	-0.010122896
51.96	-0.018788689
51.98	-0.032162431
52	-0.01771498
52.02	-0.019684418
52.04	-0.016512081
52.06	-0.01854293
52.08	-0.02031844
52.1	-0.020739432
52.12	-0.02830477
52.14	-0.038814512
52.16	-0.042677954
52.18	-0.037546406
52.2	-0.037406778
52.22	-0.027192791
52.24	-0.032718037
52.26	-0.038638466
52.28	-0.050825513
52.3	-0.063568753
52.32	-0.064409544
52.34	-0.049168715
52.36	-0.028107397
52.38	-0.04964224
52.4	-0.039278903
52.42	-0.027625575
52.44	-0.028850128
52.46	-0.021872178
52.48	-0.0129804
52.5	0.000768228
52.52	0.012380307
52.54	0.019639841
52.56	0.017135186
52.58	0.011753664
52.6	0.012303684
52.62	0.007870241
52.64	0.012771594
52.66	0.025074693
52.68	0.037104015
52.7	0.043614789
52.72	0.058201176
52.74	0.073351954
52.76	0.086569279
52.78	0.093482422
52.8	0.092223874
52.82	0.084225561
52.84	0.076149961
52.86	0.068384608
52.88	0.053270071
52.9	0.040997768
52.92	0.029882043
52.94	0.021312381
52.96	0.017238261
52.98	0.017947467
53	0.021206202
53.02	0.019365338
53.04	0.021759008
53.06	0.014651264
53.08	0.010941236
53.1	-0.033207919
53.12	-0.0063325
53.14	-0.009139023
53.16	-0.015375336
53.18	-0.012091578
53.2	-0.01180547
53.22	-0.004959645
53.24	-0.004591632
53.26	0.003369058
53.28	0.005241388
53.3	0.014419486
53.32	0.021117184
53.34	0.023442598
53.36	0.027379601
53.38	0.044851131
53.4	0.045790853
53.42	0.04215038
53.44	0.035779548
53.46	0.030130248
53.48	0.022624299
53.5	0.015933864
53.52	0.002317815
53.54	-0.004716494
53.56	-0.010487053
53.58	-0.012365142
53.6	-0.017900468
53.62	-0.015597921
53.64	-0.016079048
53.66	-0.016136799
53.68	-0.018910153
53.7	-0.021637628
53.72	-0.008703337
53.74	0.000126451
53.76	0.008385773
53.78	0.020761042
53.8	0.080911865
53.82	0.074994407
53.84	0.073246225
53.86	0.071401914
53.88	0.050104988
53.9	0.04214773
53.92	0.040149217
53.94	0.042463597
53.96	0.037292135
53.98	0.036103798
54	0.033722791
54.02	0.02322457
54.04	0.015996583
54.06	0.001949227
54.08	0.004887335
54.1	-0.009388474
54.12	-0.004091268
54.14	0.005384296
54.16	0.011258521
54.18	0.01355321
54.2	-0.001094587
54.22	-0.017021623
54.24	-0.014836059
54.26	-0.012033817
54.28	-0.017524354
54.3	-0.020750171
54.32	-0.027586553
54.34	-0.021234037
54.36	-0.014990743
54.38	-0.000841411
54.4	0.002663082
54.42	-0.004440896
54.44	-0.00811051
54.46	-0.009219337
54.48	-0.00371875
54.5	-0.005128609
54.52	-0.009678859
54.54	-0.012541033
54.56	-0.007032662
54.58	-0.003069982
54.6	-0.001879034
54.62	0.001323969
54.64	0.006013158
54.66	0.001745627
54.68	-0.002753238
54.7	-0.010458599
54.72	-0.015082577
54.74	-0.029933847
54.76	-0.038364685
54.78	-0.023707406
54.8	-0.024924116
54.82	-0.012186451
54.84	-0.004646984
54.86	-0.005499944
54.88	-0.019463847
54.9	-0.031299394
54.92	-0.041074138
54.94	-0.040392267
54.96	-0.033065032
54.98	-0.014096922
55	-0.000253714
55.02	-0.010276188
55.04	-0.028054467
55.06	-0.021856708
55.08	-0.042411568
55.1	-0.039647738
55.12	-0.032287115
55.14	0.007369718
55.16	0.010938542
55.18	0.012841848
55.2	0.012754952
55.22	0.017316681
55.24	0.022471214
55.26	0.030416399
55.28	0.032975072
55.3	0.030103062
55.32	0.026247841
55.34	0.023105274
55.36	0.015881701
55.38	0.003842223
55.4	-0.007488062
55.42	-0.015754279
55.44	-0.017452828
55.46	-0.016793138
55.48	-0.012529498
55.5	-0.036940025
55.52	-0.03303993
55.54	-0.036823953
55.56	-0.032078774
55.58	-0.030345727
55.6	-0.031445028
55.62	-0.029864092
55.64	-0.039019698
55.66	-0.049774872
55.68	-0.05372046
55.7	-0.051400818
55.72	-0.048532283
55.74	-0.040572474
55.76	-0.03864105
55.78	-0.02926363
55.8	-0.02047241
55.82	0.01138051
55.84	0.007360086
55.86	0.009403181
55.88	0.011785558
55.9	0.017868259
55.92	0.011947922
55.94	0.005383989
55.96	-0.02410064
55.98	-0.033146819
56	-0.04001847
56.02	-0.037157003
56.04	-0.039637895
56.06	-0.04310945
56.08	-0.044540825
56.1	-0.049039046
56.12	-0.049587253
56.14	-0.044861065
56.16	-0.033707142
56.18	-0.050780214
56.2	-0.054159016
56.22	-0.056680466
56.24	-0.052326463
56.26	-0.055616196
56.28	-0.044061946
56.3	-0.037310691
56.32	-0.043799253
56.34	-0.035752537
56.36	0.003443688
56.38	0.001131785
56.4	0.013644688
56.42	0.022177702
56.44	0.023380691
56.46	0.030469652
56.48	0.030091815
56.5	0.035325291
56.52	0.041121368
56.54	0.041841621
56.56	0.049223816
56.58	0.052174712
56.6	0.048258353
56.62	0.047317491
56.64	0.034210965
56.66	0.026262513
56.68	0.021210188
56.7	0.02422944
56.72	0.024864658
56.74	0.031848346
56.76	0.031256583
56.78	0.034147576
56.8	0.035221967
56.82	0.032571131
56.84	0.026782744
56.86	0.019194241
56.88	0.007344499
56.9	0.000588984
56.92	-0.009036035
56.94	-0.012353091
56.96	-0.021687652
56.98	-0.019538891
57	0.00097391
57.02	0.001293716
57.04	0.000606735
57.06	0.004615022
57.08	0.01204966
57.1	0.010978834
57.12	0.00715358
57.14	0.019575759
57.16	0.032483809
57.18	0.028648524
57.2	0.023759538
57.22	0.015700337
57.24	0.019937753
57.26	0.020249863
57.28	0.025904276
57.3	0.031270431
57.32	0.042200716
57.34	0.040540404
57.36	0.047162957
57.38	0.060078064
57.4	0.054702505
57.42	0.064311239
57.44	-0.001835925
57.46	-0.028811479
57.48	-0.013921847
57.5	0.004203158
57.52	-0.0038928
57.54	-0.011236526
57.56	-0.018568907
57.58	-0.025004174
57.6	-0.027199061
57.62	-0.024879705
57.64	-0.018942191
57.66	-0.009498867
57.68	-0.004090484
57.7	-0.002268552
57.72	-0.00815919
57.74	-0.003168417
57.76	0.000224791
57.78	0.002840835
57.8	0.004710793
57.82	-0.001628553
57.84	-0.000194757
57.86	-0.006217305
57.88	-0.003518132
57.9	0.052052693
57.92	0.035283767
57.94	0.032495641
57.96	0.041623233
57.98	0.04888411
58	0.04226843
58.02	0.033905535
58.04	0.023028932
58.06	0.011436944
58.08	0.01242412
58.1	0.018231134
58.12	0.018349107
58.14	0.013349286
58.16	0.009020714
58.18	0.01043698
58.2	0.005737635
58.22	0.000329872
58.24	-0.000298613
58.26	-0.004537854
58.28	-0.009138166
58.3	-0.01138208
58.32	-0.013942257
58.34	-0.015728621
58.36	-0.02041598
58.38	-0.023632035
58.4	-0.024118931
58.42	-0.024978941
58.44	-0.029466254
58.46	-0.036791818
58.48	-0.023131241
58.5	-0.013227676
58.52	0.027185319
58.54	0.015631626
58.56	0.020142619
58.58	0.021095312
58.6	0.020032978
58.62	0.010394338
58.64	0.003628129
58.66	-0.002867047
58.68	-0.004416572
58.7	-0.000609032
58.72	0.00265451
58.74	0.016280134
58.76	0.021632587
58.78	0.031738922
58.8	0.03177297
58.82	0.031692022
58.84	0.021121349
58.86	0.004969339
58.88	-0.008496037
58.9	-0.024390347
58.92	-0.029192736
58.94	-0.033927788
58.96	-0.04021291
58.98	-0.036592471
59	-0.02379856
59.02	-0.029103484
59.04	-0.029508669
59.06	-0.048988845
59.08	-0.041968028
59.1	-0.037443348
59.12	0.036320559
59.14	0.026110234
59.16	0.007787606
59.18	0.010828716
59.2	0.016960203
59.22	0.018521866
59.24	0.001062064
59.26	-0.019319742
59.28	-0.019006157
59.3	-0.009426763
59.32	-0.007326383
59.34	0.00527823
59.36	0.004616801
59.38	0.018197964
59.4	0.021371525
59.42	0.013267442
59.44	0.005103512
59.46	-0.004457831
59.48	-0.005245872
59.5	-0.007711345
59.52	-0.008204998
59.54	-0.015609104
59.56	-0.015327523
59.58	-0.024936746
59.6	-0.02992421
59.62	-0.027369581
59.64	-0.02192656
59.66	-0.013162838
59.68	-0.003154867
59.7	-0.003447151
59.72	0.003085441
59.74	0.001235915
59.76	-0.002469672
59.78	-0.005537708
59.8	0.003643953
59.82	0.017479462
59.84	0.015326227
59.86	0.014343882
59.88	0.001708468
59.9	-0.009885476
59.92	-0.014314918
59.94	-0.016918386
59.96	-0.018454981
59.98	-0.016639943
60	-0.016796386
60.02	-0.014881191
60.04	-0.017766609
60.06	-0.014041372
60.08	-0.013375402
60.1	-0.012389694
60.12	-0.01495706
60.14	-0.013639778
60.16	-0.02108905
60.18	-0.01923776
60.2	-0.01845572
60.22	-0.014997279
60.24	-0.012268312
60.26	-0.007268409
60.28	-0.006879326
60.3	-0.007541931
60.32	-0.006116131
60.34	0.005607115
60.36	0.015590331
60.38	0.02241524
60.4	0.027371261
60.42	0.033020146
60.44	0.030947023
60.46	0.023514191
60.48	0.020535912
60.5	0.007865805
60.52	-0.003108018
60.54	-0.00768073
60.56	-0.012770072
60.58	-0.009052956
60.6	-0.013146081
60.62	-0.010644725
60.64	-0.005487899
60.66	-0.002563661
60.68	-0.004139784
60.7	0.004657746
60.72	0.011280882
60.74	0.01212418
60.76	0.014059049
60.78	0.018088183
60.8	0.028041531
60.82	0.02286207
60.84	0.008446336
60.86	0.003869733
60.88	0.001342938
60.9	0.001619785
60.92	0.012449042
60.94	0.01790336
60.96	0.016519903
60.98	0.015082394
61	0.014558901
61.02	0.014037197
61.04	0.014518914
61.06	0.015455499
61.08	0.020687501
61.1	0.02745543
61.12	0.036016995
61.14	0.037299609
61.16	0.031725368
61.18	0.025732565
61.2	0.017692234
61.22	0.01028332
61.24	0.005572749
61.26	0.013382007
61.28	0.024285702
61.3	0.019997187
61.32	0.010771577
61.34	-0.017340978
61.36	-0.012241326
61.38	-0.01056803
61.4	-0.019057609
61.42	-0.01949222
61.44	-0.021448501
61.46	-0.007198595
61.48	-0.010340586
61.5	-0.005142181
61.52	-0.004804473
61.54	-0.006475132
61.56	-0.010654118
61.58	-0.0083988
61.6	-0.008355781
61.62	0.001471546
61.64	0.033091609
61.66	0.024373788
61.68	0.029389479
61.7	0.032467373
61.72	0.035731774
61.74	0.036112461
61.76	0.031906594
61.78	0.029461429
61.8	0.02765924
61.82	0.03092138
61.84	0.037195301
61.86	0.035363465
61.88	0.028878061
61.9	0.02708996
61.92	0.02268273
61.94	0.017587679
61.96	0.012293536
61.98	0.00907174
62	-0.005947151
62.02	-0.009656687
62.04	-0.01785547
62.06	-0.02583179
62.08	-0.030040697
62.1	-0.03052685
62.12	-0.028527139
62.14	-0.028754234
62.16	-0.038727986
62.18	-0.036883289
62.2	-0.027232669
62.22	-0.018337757
62.24	-0.007936814
62.26	-0.010130121
62.28	0.010086612
62.3	0.015768553
62.32	0.018741612
62.34	0.013847263
62.36	0.015107042
62.38	0.017480978
62.4	0.018183769
62.42	0.013521668
62.44	0.009383296
62.46	0.014258089
62.48	0.022027981
62.5	0.027964201
62.52	0.038966146
62.54	0.043064874
62.56	0.040887234
62.58	0.034603167
62.6	0.019889846
62.62	-0.029541609
62.64	-0.017208197
62.66	-0.018608476
62.68	-0.017979043
62.7	-0.010496444
62.72	-0.000627531
62.74	0.001099973
62.76	0.002555373
62.78	-0.002213393
62.8	-0.003518488
62.82	-0.007844292
62.84	-0.008746122
62.86	-0.004949252
62.88	-0.0020351
62.9	0.008718935
62.92	0.012505597
62.94	0.001673998
62.96	-0.015237076
62.98	-0.017432898
63	-0.01681124
63.02	-0.012049926
63.04	-0.002919053
63.06	0.005830987
63.08	0.022970128
63.1	0.031617948
63.12	0.039017164
63.14	0.038395165
63.16	0.030029049
63.18	0.01894858
63.2	0.013108641
63.22	0.003148039
63.24	-0.014508603
63.26	-0.003949872
63.28	-0.005908736
63.3	-0.010008463
63.32	-0.020643425
63.34	-0.02461157
63.36	-0.027559603
63.38	-0.020549219
63.4	-0.025013077
63.42	-0.022304916
63.44	-0.029187256
63.46	-0.034252304
63.48	-0.034902847
63.5	-0.036701678
63.52	-0.053129909
63.54	-0.047111682
63.56	-0.057705219
63.58	-0.067913038
63.6	-0.068640999
63.62	-0.062063171
63.64	-0.059436898
63.66	-0.054412221
63.68	-0.045978723
63.7	-0.034498265
63.72	-0.024746597
63.74	-0.013992543
63.76	-0.006227966
63.78	0.002485896
63.8	0.014187519
63.82	0.013789315
63.84	0.008121229
63.86	0.006893536
63.88	0.001079974
63.9	0.003248998
63.92	0.004743664
63.94	0.009574197
63.96	0.000806049
63.98	-0.00215742
64	-0.000313433
64.02	-4.75159E-05
64.04	-0.007455035
64.06	-0.012340594
64.08	-0.034099403
64.1	-0.036091517
64.12	-0.038527367
64.14	-0.038803579
64.16	-0.044613666
64.18	-0.039693009
64.2	-0.033804038
64.22	-0.024467873
64.24	-0.017616132
64.26	-0.016050534
64.28	-0.008336187
64.3	-0.004447887
64.32	0.001564292
64.34	-0.003378464
64.36	0.010645731
64.38	0.009794095
64.4	0.003940579
64.42	-0.014417271
64.44	-0.048821747
64.46	-0.050808453
64.48	-0.050286846
64.5	-0.039569684
64.52	-0.02639695
64.54	-0.004846335
64.56	0.002988132
64.58	0.005262054
64.6	0.006090277
64.62	0.014396762
64.64	0.014828306
64.66	0.011431658
64.68	0.018877249
64.7	0.01445217
64.72	0.010362628
64.74	0.000998632
64.76	-0.00542566
64.78	-0.03479236
64.8	-0.038603846
64.82	-0.041822778
64.84	-0.046897465
64.86	-0.044932217
64.88	-0.044482801
64.9	-0.038538681
64.92	-0.037583304
64.94	-0.032403802
64.96	-0.025241582
64.98	-0.025322316
65	-0.019818815
65.02	-0.01177753
65.04	-0.012198016
65.06	-0.005721731
65.08	0.003980735
65.1	0.010344669
65.12	0.012308418
65.14	0.014604632
65.16	0.007017212
65.18	0.01388572
65.2	0.020670092
65.22	0.015641751
65.24	0.01577039
65.26	0.023349245
65.28	0.032017601
65.3	0.027700573
65.32	0.024765288
65.34	0.016125989
65.36	0.00631123
65.38	-0.00605629
65.4	-0.011310718
65.42	-0.011638827
65.44	-0.001618088
65.46	-0.00145109
65.48	0.003619867
65.5	-0.00910869
65.52	-0.035166611
65.54	-0.038020097
65.56	-0.038484967
65.58	-0.033411255
65.6	-0.027561777
65.62	-0.022312209
65.64	-0.01487315
65.66	-0.006515969
65.68	-0.004832256
65.7	0.015432179
65.72	0.010792196
65.74	0.016127875
65.76	0.022609924
65.78	0.025906104
65.8	0.036033348
65.82	0.040145248
65.84	0.034854527
65.86	0.015758557
65.88	0.025196251
65.9	0.014662103
65.92	-0.026631857
65.94	-0.014493679
65.96	-0.010664382
65.98	-0.008137858
66	-0.008285092
66.02	-0.008492598
66.04	-0.015185677
66.06	-0.006903302
66.08	1.05279E-05
66.1	0.005295158
66.12	0.006874936
66.14	0.014732085
66.16	0.017571736
66.18	0.012480319
66.2	0.024218262
66.22	0.018382529
66.24	0.017234242
66.26	0.014980856
66.28	0.023652577
66.3	0.033091292
66.32	0.032777639
66.34	0.036388857
66.36	0.027155928
66.38	0.024909642
66.4	0.017444473
66.42	0.02745812
66.44	0.034354152
66.46	0.039813385
66.48	0.045296209
66.5	0.030157926
66.52	0.03179006
66.54	0.025690047
66.56	0.02800899
66.58	0.030585773
66.6	0.034132509
66.62	0.034533286
66.64	0.027570271
66.66	0.00988909
66.68	0.008228945
66.7	0.012582933
66.72	0.012856428
66.74	0.013942137
66.76	0.026246378
66.78	0.018845272
66.8	0.000346875
66.82	0.002150644
66.84	0.000416364
66.86	0.002393124
66.88	0.02049513
66.9	0.039267126
66.92	0.024860806
66.94	0.018090673
66.96	0.013124793
66.98	0.001600189
67	0.007633676
67.02	0.01034418
67.04	0.021208092
67.06	0.029984165
67.08	0.034219546
67.1	0.032393788
67.12	0.0266788
67.14	0.02452054
67.16	0.019175199
67.18	0.013697936
67.2	0.011210717
67.22	0.01420714
67.24	0.008063529
67.26	0.00670282
67.28	0.005217868
67.3	0.002650543
67.32	-0.006964016
67.34	-0.009598818
67.36	-0.010977862
67.38	-0.006875058
67.4	-0.004447744
67.42	0.000925545
67.44	-0.001382014
67.46	-0.002066604
67.48	-0.013812671
67.5	-0.013782255
67.52	-0.016110535
67.54	-0.018012877
67.56	-0.012033348
67.58	-0.007209641
67.6	-0.004232303
67.62	-0.000499614
67.64	0.052993966
67.66	0.036082514
67.68	0.040873924
67.7	0.047929863
67.72	0.050651595
67.74	0.054071068
67.76	0.051333391
67.78	0.046274641
67.8	0.033014842
67.82	0.014142552
67.84	-0.009277312
67.86	-0.014182728
67.88	-0.018850021
67.9	-0.02287178
67.92	-0.019704242
67.94	-0.023330813
67.96	-0.023122011
67.98	-0.020905302
68	-0.017886689
68.02	-0.019229221
68.04	-0.012755143
68.06	-0.008270179
68.08	-0.00456867
68.1	-0.007044584
68.12	-0.008392313
68.14	-0.0028436
68.16	0.013303114
68.18	0.014473384
68.2	0.015713002
68.22	0.01280479
68.24	0.011339796
68.26	0.01290696
68.28	0.011301191
68.3	0.0118472
68.32	0.018108598
68.34	0.027281642
68.36	0.028876703
68.38	0.020494275
68.4	0.013685557
68.42	-0.005928716
68.44	-0.008165711
68.46	-0.010704748
68.48	-0.005204738
68.5	0.000320322
68.52	-0.001539944
68.54	-0.008869888
68.56	-0.031218548
68.58	-0.030031414
68.6	-0.036158558
68.62	-0.031508193
68.64	-0.024884884
68.66	-0.036260053
68.68	-0.028903135
68.7	-0.02644392
68.72	-0.024253249
68.74	-0.026777132
68.76	-0.039791028
68.78	-0.038095272
68.8	-0.025840979
68.82	-0.000526701
68.84	-0.005151839
68.86	0.007470087
68.88	0.013509994
68.9	0.006803173
68.92	0.003237965
68.94	0.00572081
68.96	0.009711008
68.98	0.004742817
69	0.008333906
69.02	0.005951183
69.04	-0.002679215
69.06	-0.005413019
69.08	0.001198185
69.1	0.011351891
69.12	0.009034707
69.14	0.010862055
69.16	0.010292612
69.18	0.005880993
69.2	0.003138467
69.22	0.002304971
69.24	-0.00374462
69.26	-0.009774081
69.28	-0.015737257
69.3	-0.018489002
69.32	-0.016726676
69.34	-0.017055843
69.36	-0.016878262
69.38	-0.019465464
69.4	-0.01973036
69.42	-0.021597239
69.44	-0.018276994
69.46	-0.013707616
69.48	-0.010793615
69.5	-0.009534281
69.52	-0.008953521
69.54	-0.011349811
69.56	0.001757886
69.58	0.005998083
69.6	0.010672537
69.62	0.01014269
69.64	0.010366188
69.66	0.016037537
69.68	0.015718436
69.7	0.018050759
69.72	0.017288602
69.74	0.019845401
69.76	0.018647367
69.78	0.01722041
69.8	0.012787463
69.82	0.003606444
69.84	-0.005380895
69.86	-0.005040831
69.88	-0.009950528
69.9	-0.021371718
69.92	-0.015485334
69.94	-0.021691972
69.96	-0.03254118
69.98	-0.035020842
70	-0.032852637
70.02	-0.027265813
70.04	-0.022557211
70.06	-0.012729905
70.08	-0.004948807
70.1	0.009393853
70.12	0.006278592
70.14	0.008196462
70.16	0.011045124
70.18	0.013713142
70.2	0.023002816
70.22	0.020189189
70.24	0.020195448
70.26	0.013527651
70.28	0.010873867
70.3	0.007636877
70.32	0.009653812
70.34	0.012523548
70.36	0.016738456
70.38	0.01788131
70.4	0.016385242
70.42	0.018871927
70.44	0.021533636
70.46	0.017689399
70.48	0.014070482
70.5	0.017590291
70.52	0.023922039
70.54	0.026505678
70.56	0.025162883
70.58	0.019437037
70.6	0.011691484
70.62	0.006468571
70.64	0.009287005
70.66	0.016113434
70.68	0.020189515
70.7	0.014260734
70.72	0.010631704
70.74	0.005962406
70.76	-0.001713811
70.78	-0.015958681
70.8	-0.010923772
70.82	-0.002752853
70.84	-0.00859366
70.86	-0.003231849
70.88	-0.007483974
70.9	-0.009553701
70.92	-0.009125505
70.94	-0.009281117
70.96	-0.007200279
70.98	-0.002629839
71	0.002806724
71.02	0.004135706
71.04	-0.003120125
71.06	-0.005921004
71.08	-0.005735931
71.1	-0.007039934
71.12	-0.009553038
71.14	-0.003278451
71.16	-0.002067925
71.18	-0.001719963
71.2	-0.003016512
71.22	-0.006278872
71.24	-0.002499333
71.26	-0.00040962
71.28	0.002469829
71.3	0.002884394
71.32	-0.003983196
71.34	-0.01222406
71.36	-0.01473654
71.38	-0.024560128
71.4	-0.029685674
71.42	-0.025209313
71.44	-0.030895905
71.46	-0.030470443
71.48	-0.042119082
71.5	-0.033684622
71.52	-0.034610108
71.54	-0.033400295
71.56	-0.02812642
71.58	-0.019045325
71.6	0.024646717
71.62	0.008709231
71.64	0.010253522
71.66	0.008495999
71.68	-0.00519409
71.7	-0.009889736
71.72	-0.006448235
71.74	-0.003649715
71.76	-0.001719992
71.78	0.005926656
71.8	0.005325111
71.82	0.001324665
71.84	-0.001681953
71.86	-0.001167667
71.88	-0.003492235
71.9	7.05324E-05
71.92	-0.001051534
71.94	0.002149184
71.96	0.007181693
71.98	0.006366441
72	-0.000810875
72.02	-0.013618234
72.04	-0.01921098
72.06	-0.015450941
72.08	-0.012761482
72.1	-0.007913019
72.12	-0.009372404
72.14	-0.011672767
72.16	-0.014799165
72.18	-0.019027487
72.2	-0.028336949
72.22	-0.036145781
72.24	-0.034075176
72.26	-0.033282919
72.28	-0.034323667
72.3	-0.028334759
72.32	-0.021534784
72.34	-0.009463293
72.36	-0.010354338
72.38	0.000466971
72.4	0.005362709
72.42	0.001608866
72.44	-0.000860271
72.46	-0.009972769
72.48	-0.010290012
72.5	-0.007384526
72.52	-0.011891073
72.54	-0.020595488
72.56	-0.025642081
72.58	-0.021665899
72.6	-0.020762006
72.62	-0.017994432
72.64	-0.016572482
72.66	-0.010601162
72.68	-0.000829267
72.7	0.004077633
72.72	-0.003854363
72.74	-0.012691612
72.76	-0.019512189
72.78	-0.028249319
72.8	-0.030307468
72.82	-0.029849314
72.84	-0.024881056
72.86	-0.024047824
72.88	-0.019631779
72.9	-0.014843724
72.92	-0.011796889
72.94	-0.003483985
72.96	0.001353019
72.98	0.004418702
73	0.013353788
73.02	0.024019918
73.04	0.025526291
73.06	0.02002888
73.08	0.017106576
73.1	0.014709025
73.12	0.003139683
73.14	-0.002125119
73.16	-0.000272522
73.18	0.001647074
73.2	0.005007901
73.22	0.006200751
73.24	0.004019537
73.26	-0.000326963
73.28	-0.005328808
73.3	-0.004767443
73.32	-0.009211702
73.34	-0.011613241
73.36	-0.007575322
73.38	-0.005797349
73.4	-0.006211049
73.42	-0.008765802
73.44	-0.014470288
73.46	-0.017897648
73.48	-0.01380466
73.5	-0.005556954
73.52	0.006546563
73.54	0.00099161
73.56	0.002968726
73.58	0.004532267
73.6	0.004925473
73.62	0.013510106
73.64	0.005765892
73.66	0.004037031
73.68	0.002868031
73.7	0.005419632
73.72	0.004136883
73.74	-0.000698814
73.76	-0.004741159
73.78	-0.002502328
73.8	0.003208096
73.82	0.009742571
73.84	0.008755734
73.86	-0.001384615
73.88	-0.000413966
73.9	-0.007510742
73.92	-0.006119336
73.94	-0.001717875
73.96	0.002270403
73.98	0.003784427
74	-0.000316049
74.02	0.001714453
74.04	-0.001900308
74.06	0.000739747
74.08	0.003514328
74.1	0.020204777
74.12	0.026678777
74.14	0.026289399
74.16	0.019093347
74.18	0.025557217
74.2	0.017465669
74.22	0.014713361
74.24	0.018583041
74.26	0.021560288
74.28	0.02493696
74.3	0.024817596
74.32	0.026467743
74.34	0.029601276
74.36	0.031900132
74.38	0.025056833
74.4	0.014192154
74.42	0.011866243
74.44	0.012517191
74.46	0.014075998
74.48	0.017235971
74.5	0.019521698
74.52	0.014898494
74.54	0.007687908
74.56	0.00710417
74.58	-0.010550419
74.6	-0.002006688
74.62	-0.008015643
74.64	-0.005478588
74.66	0.002462308
74.68	0.0081227
74.7	0.011988146
74.72	0.014043497
74.74	0.014029616
74.76	0.016132217
74.78	0.017207848
74.8	0.012780065
74.82	0.004929748
74.84	0.001549044
74.86	0.001794682
74.88	0.005721009
74.9	0.010640312
74.92	0.013228044
74.94	0.0109171
74.96	0.009063775
74.98	0.00998413
75	0.010386629
75.02	0.016492361
75.04	0.014545578
75.06	0.00936126
75.08	0.00367802
75.1	0.003250137
75.12	0.005411059
75.14	0.000730277
75.16	-0.002719606
75.18	-0.005977979
75.2	-0.007906721
75.22	-0.011495394
75.24	-0.011587913
75.26	0.002121237
75.28	-0.003471434
75.3	-0.00132385
75.32	-0.003852554
75.34	-0.003370991
75.36	-0.001795414
75.38	0.003577668
75.4	0.003272915
75.42	0.003319016
75.44	0.006547643
75.46	0.014671719
75.48	0.020183581
75.5	0.019462534
75.52	0.01937769
75.54	0.008424007
75.56	0.016440323
75.58	0.017768379
75.6	0.012888405
75.62	0.011058908
75.64	0.010475588
75.66	0.011711121
75.68	0.01240707
75.7	0.010564483
75.72	0.009886389
75.74	0.012246649
75.76	0.01594243
75.78	0.020595434
75.8	0.015407823
75.82	0.01220259
75.84	0.009378834
75.86	0.005963427
75.88	0.0044373
75.9	-3.71511E-05
75.92	-0.009121044
75.94	-0.015100362
75.96	-0.015305207
75.98	-0.007184734
76	-0.003210145
76.02	-0.003060719
76.04	-0.006994025
76.06	-0.008398029
76.08	-0.008631544
76.1	-0.001224328
76.12	0.007614858
76.14	0.01798226
76.16	0.01974608
76.18	0.020840649
76.2	0.014029538
76.22	0.005122161
76.24	-0.006235931
76.26	-0.006492723
76.28	-0.002859925
76.3	0.008116917
76.32	0.020768939
76.34	0.021398783
76.36	0.017472289
76.38	0.021072621
76.4	0.015097168
76.42	0.00526348
76.44	0.00076685
76.46	-0.004439289
76.48	-0.009061467
76.5	-0.012711444
76.52	-0.013384906
76.54	-0.018571721
76.56	-0.02607949
76.58	-0.027460399
76.6	-0.020905507
76.62	-0.023631976
76.64	-0.021799575
76.66	-0.013900898
76.68	-0.012933704
76.7	-0.01530004
76.72	-0.012403305
76.74	-0.013340343
76.76	-0.00970808
76.78	-0.007605039
76.8	-0.001807933
76.82	0.006655185
76.84	0.008401963
76.86	0.005316818
76.88	0.00754169
76.9	0.006538696
76.92	0.004882771
76.94	0.023605932
76.96	0.013308389
76.98	0.016624995
77	0.018878426
77.02	0.016196449
77.04	0.008029777
77.06	0.002789869
77.08	0.000457092
77.1	-0.000615807
77.12	-0.006455653
77.14	-0.007905512
77.16	-0.008182696
77.18	-0.008142918
77.2	-0.007736704
77.22	-0.011584868
77.24	-0.014392847
77.26	-0.011066395
77.28	-0.016420507
77.3	-0.025818505
77.32	-0.029112482
77.34	-0.029026599
77.36	-0.025803861
77.38	-0.020506519
77.4	-0.010354575
77.42	-0.007168938
77.44	-0.005511247
77.46	-0.006402786
77.48	-0.011096985
77.5	-0.01089975
77.52	-0.004758535
77.54	0.001341048
77.56	0.006905606
77.58	0.010484606
77.6	0.012126802
77.62	0.007711567
77.64	0.004217671
77.66	-0.000999018
77.68	-0.002407685
77.7	0.002115557
77.72	0.007683885
77.74	0.00764491
77.76	0.004340122
77.78	0.000184536
77.8	-0.000373237
77.82	-0.008604525
77.84	-0.005623984
77.86	-0.006341534
77.88	-0.011505181
77.9	-0.015200036
77.92	-0.022045632
77.94	-0.027748455
77.96	-0.033321692
77.98	-0.034134168
78	-0.033292225
78.02	-0.034377731
78.04	-0.029313722
78.06	-0.026010669
78.08	-0.014697052
78.1	-0.00966604
78.12	-0.007834347
78.14	-0.00013283
78.16	0.016089368
78.18	0.016768079
78.2	0.019272466
78.22	0.024818505
78.24	0.026350541
78.26	0.025501223
78.28	0.021916582
78.3	0.014909251
78.32	0.005747181
78.34	0.004834071
78.36	0.003826683
78.38	0.00606848
78.4	0.007274661
78.42	0.005666748
78.44	0.000549446
78.46	-0.002183445
78.48	-0.002434755
78.5	-0.00285684
78.52	-0.004144144
78.54	-0.006187225
78.56	-0.010766635
78.58	-0.013064944
78.6	-0.014470099
78.62	-0.020092849
78.64	-0.019596669
78.66	-0.020998166
78.68	-0.018561482
78.7	-0.013013643
78.72	-0.006011131
78.74	-0.005326772
78.76	-0.001882578
78.78	0.000671142
78.8	0.004948822
78.82	0.015119809
78.84	0.022673284
78.86	0.020653129
78.88	0.008119124
78.9	0.00608985
78.92	0.002526725
78.94	-0.001867578
78.96	0.001975185
78.98	-0.000594028
79	-0.001076214
79.02	-0.001509467
79.04	-0.006189036
79.06	-0.013249967
79.08	-0.006546414
79.1	-0.003668369
79.12	-0.005913364
79.14	-0.003051283
79.16	-0.007841924
79.18	-0.01389074
79.2	-0.017016055
79.22	-0.020953746
79.24	-0.018689149
79.26	-0.010746383
79.28	0.000361309
79.3	0.009178722
79.32	0.010986816
79.34	0.013843178
79.36	0.015782482
79.38	0.013460309
79.4	0.012432023
79.42	0.012407936
79.44	0.008663118
79.46	0.012216412
79.48	0.012325291
79.5	0.008852769
79.52	0.002622976
79.54	-0.001995543
79.56	-0.004544959
79.58	-0.004162116
79.6	-0.005495814
79.62	-0.000422149
79.64	0.00664558
79.66	0.016087186
79.68	0.021332284
79.7	0.022597624
79.72	0.019454633
79.74	0.026742526
79.76	0.019395975
79.78	0.01092764
79.8	0.006207821
79.82	-0.002395179
79.84	-0.006300029
79.86	-0.005251214
79.88	-0.004860965
79.9	-0.000474326
79.92	0.001623707
79.94	0.003781102
79.96	0.018872586
79.98	0.007167942
80	0.009359264
80.02	0.010368025
80.04	0.007133187
80.06	0.003891398
80.08	0.001384685
80.1	-0.001170246
80.12	0.001991564
80.14	0.003804893
80.16	0.003270367
80.18	-0.001632264
80.2	0.016102398
80.22	0.010802593
80.24	0.009736059
80.26	0.009820986
80.28	0.009134729
80.3	0.011171742
80.32	0.011055593
80.34	0.007023279
80.36	0.005951443
80.38	0.005884098
80.4	-0.001627862
80.42	-0.009754757
80.44	-0.01019451
80.46	-0.012584062
80.48	-0.014088143
80.5	-0.017981793
80.52	-0.014446429
80.54	-0.005341776
80.56	0.0031991
80.58	0.007018154
80.6	0.008585961
80.62	0.003237149
80.64	-0.001819165
80.66	-0.002416536
80.68	-6.27894E-05
80.7	0.006554278
80.72	0.016374207
80.74	0.025362081
80.76	0.020254552
80.78	0.017960331
80.8	0.011975704
80.82	0.010202777
80.84	0.007309986
80.86	0.007648125
80.88	0.003916448
80.9	0.005181894
80.92	0.003112811
80.94	-0.00444036
80.96	-0.01256005
80.98	-0.014126479
81	-0.019066796
81.02	-0.017727595
81.04	-0.019376567
81.06	-0.020163118
81.08	-0.020305012
81.1	-0.015149842
81.12	-0.009186251
81.14	-0.003841761
81.16	-0.003734901
81.18	-0.002861673
81.2	-0.004598285
81.22	-0.006411432
81.24	-0.003987596
81.26	-0.000553092
81.28	0.005800933
81.3	0.006870751
81.32	0.009568033
81.34	0.012811975
81.36	0.010695642
81.38	0.008775793
81.4	0.00228019
81.42	5.05902E-05
81.44	0.001734409
81.46	-0.00260443
81.48	-0.008496889
81.5	-0.015173294
81.52	-0.017073974
81.54	-0.016208998
81.56	-0.016745965
81.58	-0.019662524
81.6	-0.021907334
81.62	-0.012536691
81.64	-0.008804248
81.66	-0.006167861
81.68	-0.005074382
81.7	-0.00564258
81.72	-0.005786619
81.74	-0.002076279
81.76	0.001701985
81.78	-0.002912901
81.8	0.001907966
81.82	0.006039464
81.84	0.00028797
81.86	-0.001527229
81.88	-0.007944348
81.9	-0.012123335
81.92	-0.014167841
81.94	-0.015114596
81.96	-0.01041406
81.98	-0.006444347
82	-0.004042806
82.02	-0.006084459
82.04	-0.01099527
82.06	-0.00930664
82.08	-0.010719598
82.1	-0.001303687
82.12	-0.002844866
82.14	0.00220734
82.16	0.008375611
82.18	0.008728669
82.2	0.009292289
82.22	0.010044409
82.24	0.002876593
82.26	0.004662179
82.28	0.008223679
82.3	0.011057169
82.32	0.005130773
82.34	0.006311196
82.36	0.001450206
82.38	-0.001721414
82.4	-0.004236134
82.42	-0.006040835
82.44	-0.011187658
82.46	-0.014506339
82.48	-0.015406648
82.5	-0.021099091
82.52	-0.023838673
82.54	-0.023444197
82.56	-0.022264251
82.58	-0.018798571
82.6	-0.014598351
82.62	-0.007940716
82.64	-0.00721756
82.66	-0.002259767
82.68	0.002280514
82.7	-0.000214886
82.72	0.004433083
82.74	0.014124674
82.76	0.018492029
82.78	0.011831364
82.8	0.008734161
82.82	0.005694467
82.84	0.002149022
82.86	0.0016225
82.88	-0.00178223
82.9	-0.007778547
82.92	-0.008064431
82.94	-0.007401014
82.96	-0.010556633
82.98	-0.010654815
83	-0.005607792
83.02	0.000431342
83.04	0.002682029
83.06	0.005681503
83.08	0.008417421
83.1	0.003521424
83.12	-0.000547197
83.14	-0.00441761
83.16	-0.010069479
83.18	-0.010521806
83.2	-0.011942412
83.22	-0.010425919
83.24	-0.006433024
83.26	0.003400342
83.28	0.005748802
83.3	0.006722605
83.32	0.01016806
83.34	0.011265284
83.36	0.01278959
83.38	0.012838499
83.4	0.011496534
83.42	0.009260634
83.44	0.004594605
83.46	-0.000542814
83.48	-0.002984665
83.5	-0.004419353
83.52	-0.009221184
83.54	-0.012405624
83.56	-0.009273672
83.58	-0.000784924
83.6	0.010939328
83.62	0.015361927
83.64	0.016899143
83.66	0.017755798
83.68	0.029510403
83.7	0.034199567
83.72	0.028245913
83.74	0.028289767
83.76	0.02545635
83.78	0.013052093
83.8	4.76205E-05
83.82	-0.01327573
83.84	-0.014493219
83.86	-0.007336801
83.88	-0.010705825
83.9	-0.011987741
83.92	-0.009241428
83.94	-0.008737177
83.96	-0.003847303
83.98	-0.004371814
84	-0.004162626
84.02	0.005917706
84.04	0.010324911
84.06	0.006725869
84.08	0.005330688
84.1	0.006460265
84.12	0.005912552
84.14	0.007415802
84.16	0.010033504
84.18	0.01534499
84.2	0.018456985
84.22	0.021890605
84.24	0.021991382
84.26	0.020828738
84.28	0.019844359
84.3	0.021865572
84.32	0.01449011
84.34	0.013342821
84.36	0.010389871
84.38	0.004941096
84.4	-0.004332031
84.42	-0.003377642
84.44	-0.004106822
84.46	-0.004249749
84.48	-0.001815644
84.5	-0.006933161
84.52	5.57265E-05
84.54	-0.004781274
84.56	-0.007881401
84.58	-0.008230592
84.6	-0.013186482
84.62	-0.015618086
84.64	-0.019312521
84.66	-0.017051529
84.68	-0.013630164
84.7	-0.004161018
84.72	0.008371143
84.74	0.018659674
84.76	0.011697049
84.78	0.014103193
84.8	0.011611339
84.82	0.014084818
84.84	0.011855113
84.86	0.01456262
84.88	0.014832078
84.9	0.012310502
84.92	0.006788814
84.94	0.000452654
84.96	-0.012489218
84.98	-0.019791894
85	-0.013383731
85.02	-0.014670704
85.04	-0.018201065
85.06	-0.013229185
85.08	-0.004839273
85.1	-0.000745401
85.12	0.005092348
85.14	0.004992721
85.16	0.002623892
85.18	0.002027265
85.2	0.000441702
85.22	-0.002085802
85.24	-0.009672547
85.26	-0.001204038
85.28	-2.41411E-05
85.3	-0.011166537
85.32	-0.017983945
85.34	-0.020669031
85.36	-0.022578253
85.38	-0.020201636
85.4	-0.017844775
85.42	-0.012707217
85.44	-0.010196769
85.46	-0.006125744
85.48	-0.001516533
85.5	2.83675E-05
85.52	0.003051909
85.54	0.003545104
85.56	0.005909683
85.58	0.003212489
85.6	-0.002911229
85.62	-0.003420754
85.64	-0.013127315
85.66	-0.008171063
85.68	-0.006019045
85.7	-0.006707699
85.72	-0.002561278
85.74	-0.000731884
85.76	0.003183853
85.78	0.00253606
85.8	0.002967615
85.82	0.006099954
85.84	-0.013031398
85.86	-0.013907548
85.88	-0.016884897
85.9	-0.015697648
85.92	-0.016712202
85.94	-0.017730984
85.96	-0.021076091
85.98	-0.017908821
86	-0.013695977
86.02	-0.011068307
86.04	-0.01367423
86.06	-0.009694711
86.08	0.000250308
86.1	0.004288918
86.12	0.007366172
86.14	0.012448483
86.16	0.009359942
86.18	0.006677033
86.2	0.00426373
86.22	-0.003366007
86.24	-0.00743788
86.26	-0.006949962
86.28	-0.006536222
86.3	-0.002655672
86.32	0.001408967
86.34	0.00246969
86.36	-0.003104685
86.38	-0.010370209
86.4	-0.018611871
86.42	-0.022225626
86.44	-0.023827317
86.46	-0.024538455
86.48	-0.018867988
86.5	-0.017469973
86.52	-0.011101604
86.54	-0.008193183
86.56	-0.004805281
86.58	-0.005453672
86.6	-0.002517506
86.62	-0.000364121
86.64	0.003275517
86.66	0.00916597
86.68	0.012583959
86.7	0.013965321
86.72	0.01774907
86.74	0.011403312
86.76	0.00475236
86.78	0.000403633
86.8	-0.001121528
86.82	-0.001832976
86.84	-0.001446063
86.86	-0.00368348
86.88	-0.011532178
86.9	-0.010643016
86.92	-0.013974173
86.94	-0.016265328
86.96	-0.016985222
86.98	-0.006514165
87	-0.003241653
87.02	0.004541432
87.04	0.004134296
87.06	4.57855E-05
87.08	-0.0002659
87.1	-0.001087276
87.12	-0.001133245
87.14	-0.003920787
87.16	0.001658631
87.18	0.009207295
87.2	0.01971177
87.22	0.015537885
87.24	0.020153152
87.26	0.02060198
87.28	0.019532067
87.3	0.016777169
87.32	0.010058315
87.34	0.009019663
87.36	0.006974765
87.38	0.005828857
87.4	0.001965088
87.42	-0.000277117
87.44	-0.012232733
87.46	-0.007125146
87.48	-0.005082787
87.5	-0.002335828
87.52	3.55826E-05
87.54	0.006477622
87.56	0.007629423
87.58	0.009285938
87.6	0.01018815
87.62	0.010808749
87.64	0.010242888
87.66	0.010546263
87.68	0.015707663
87.7	0.008645473
87.72	0.010337973
87.74	0.009720022
87.76	0.011561639
87.78	0.012197566
87.8	0.013079011
87.82	0.01129025
87.84	0.007398191
87.86	0.001259766
87.88	-0.000221036
87.9	-0.008615473
87.92	-0.003555175
87.94	0.006813993
87.96	0.008973975
87.98	0.015553865
88	0.013691179
88.02	0.010352452
88.04	0.006407378
88.06	0.012085795
88.08	0.014479203
88.1	0.020023484
88.12	0.024720103
88.14	0.024723993
88.16	0.023811
88.18	0.023928395
88.2	0.018474867
88.22	0.015307725
88.24	0.016654614
88.26	0.022913288
88.28	0.025556184
88.3	0.023655762
88.32	0.019029523
88.34	0.013281331
88.36	0.008788099
88.38	0.002688933
88.4	0.005982194
88.42	0.001156123
88.44	-0.00255815
88.46	0.000334869
88.48	-0.001016194
88.5	-0.001515772
88.52	-0.002943966
88.54	0.001121847
88.56	0.008749061
88.58	0.011003175
88.6	0.012306575
88.62	0.015746499
88.64	0.018387676
88.66	0.021931544
88.68	0.01751339
88.7	0.017316621
88.72	0.016234806
88.74	0.013076971
88.76	0.010672051
88.78	0.006295366
88.8	0.00444383
88.82	0.004597674
88.84	0.003364757
88.86	0.003375124
88.88	-0.00158932
88.9	-0.003681022
88.92	-0.001373957
88.94	-0.007510112
88.96	-0.006305059
88.98	-0.008400513
89	-0.006630986
89.02	-0.013811725
89.04	-0.01205255
89.06	-0.004667962
89.08	-0.003096589
89.1	-0.001481795
89.12	0.000111141
89.14	8.49707E-05
89.16	-0.000372077
89.18	0.001302671
89.2	-0.002055548
89.22	-0.003806963
89.24	-0.000741311
89.26	0.006392212
89.28	0.004968942
89.3	0.001357746
89.32	-0.000644049
89.34	0.000197559
89.36	0.001909237
89.38	0.01069741
89.4	0.013341678
89.42	0.011694005
89.44	0.011639206
89.46	0.010491874
89.48	0.006089548
89.5	-0.001074932
89.52	0.009437669
89.54	0.006814167
89.56	-0.000150336
89.58	-0.003741197
89.6	-0.003479696
89.62	-0.00371691
89.64	0.0008632
89.66	0.007295639
89.68	0.006477518
89.7	0.007135974
89.72	0.014451147
89.74	0.003973249
89.76	-0.002446509
89.78	-0.007737019
89.8	-0.005815744
89.82	-0.012202559
89.84	-0.01838993
89.86	-0.020543714
89.88	-0.021435491
89.9	-0.019558454
89.92	-0.013362404
89.94	-0.009129503
89.96	-0.004481362
89.98	0.000307342
90	0.005875261
90.02	0.005599267
90.04	0.006085429
90.06	0.006352728
90.08	0.006230298
90.1	0.010205358
90.12	0.008463322
90.14	0.007312525
90.16	0.006345694
90.18	0.003041185
90.2	0.000229336
90.22	-0.010287311
90.24	-0.00365619
90.26	-0.005794005
90.28	-0.00934137
90.3	-0.007283101
90.32	-0.007168112
90.34	-0.003541486
90.36	-0.009333794
90.38	-0.01814444
90.4	-0.018531514
90.42	-0.01232058
90.44	-0.019382303
90.46	-0.022404882
90.48	-0.023527502
90.5	-0.024717351
90.52	-0.020297222
90.54	-0.018744391
90.56	-0.017398237
90.58	-0.016330789
90.6	-0.009778246
90.62	-0.003538533
90.64	0.006792108
90.66	0.015628136
90.68	0.013553847
90.7	0.009436922
90.72	0.006577507
90.74	0.004034876
90.76	-0.000877124
90.78	-0.004403993
90.8	-0.002455148
90.82	-0.002469623
90.84	-0.01090179
90.86	-0.009538666
90.88	-0.011519242
90.9	-0.014721801
90.92	-0.01375436
90.94	-0.01369532
90.96	-0.011444488
90.98	-0.011908632
91	-0.015020109
91.02	-0.01376047
91.04	-0.017329716
91.06	-0.013075371
91.08	-0.009344488
91.1	-0.009123048
91.12	-0.011526067
91.14	-0.01255397
91.16	-0.01379906
91.18	-0.01319879
91.2	-0.015047395
91.22	-0.010721692
91.24	-0.011080081
91.26	-0.009626863
91.28	-0.009324512
91.3	0.00659482
91.32	-0.000959719
91.34	-0.005835254
91.36	-0.000406532
91.38	0.000492507
91.4	-0.001469484
91.42	-0.001826436
91.44	0.000136615
91.46	0.003408544
91.48	-0.001351371
91.5	-0.003212858
91.52	-0.007371425
91.54	-0.004131703
91.56	-0.001988556
91.58	0.001895248
91.6	0.000534536
91.62	-0.001889812
91.64	-0.004374581
91.66	-0.005668471
91.68	-0.007117144
91.7	-0.003838976
91.72	-0.003019325
91.74	-0.000880105
91.76	-0.000187032
91.78	-0.002853677
91.8	-0.010047224
91.82	-0.013908725
91.84	-0.016152687
91.86	-0.013027711
91.88	-0.011200685
91.9	-0.009653281
91.92	-0.009482855
91.94	-0.006328668
91.96	-0.006021077
91.98	-0.002856612
92	0.000103115
92.02	0.004923023
92.04	0.010910686
92.06	0.01167263
92.08	0.012517701
92.1	0.011901401
92.12	0.01161755
92.14	0.013144192
92.16	0.011901926
92.18	0.009239266
92.2	0.001599895
92.22	-0.002475903
92.24	-0.003942414
92.26	-0.004578188
92.28	-0.005252406
92.3	-0.002731184
92.32	-0.003503802
92.34	-0.003947781
92.36	0.000563616
92.38	-0.003313856
92.4	-0.002575622
92.42	-0.003595741
92.44	-0.001571165
92.46	0.000683174
92.48	0.001103898
92.5	0.002579022
92.52	0.003986718
92.54	0.007276895
92.56	0.00548581
92.58	-0.000268804
92.6	0.001462049
92.62	0.001960589
92.64	0.005313711
92.66	0.013236905
92.68	0.011712407
92.7	0.011533398
92.72	0.007126894
92.74	0.00352674
92.76	-0.002617325
92.78	-0.004159691
92.8	-0.00374915
92.82	-0.005803142
92.84	-0.007622774
92.86	-0.015106865
92.88	-0.024603099
92.9	-0.020429116
92.92	-0.01479711
92.94	-0.012714219
92.96	-0.012004174
92.98	-0.008618837
93	-0.006846257
93.02	-0.00252098
93.04	0.000954971
93.06	0.00372785
93.08	0.007841182
93.1	0.01100102
93.12	0.009949025
93.14	0.013122068
93.16	0.01091474
93.18	0.007876776
93.2	0.004626067
93.22	0.001394429
93.24	-0.002231462
93.26	2.26841E-05
93.28	0.00207847
93.3	0.001018376
93.32	-0.000117155
93.34	-0.002836721
93.36	-0.003649525
93.38	-0.004565442
93.4	-0.004068192
93.42	-0.004130004
93.44	-0.006288066
93.46	-0.000686875
93.48	0.002185729
93.5	0.005287245
93.52	0.008570462
93.54	0.007695325
93.56	0.007756399
93.58	0.01014128
93.6	0.012526314
93.62	0.014026975
93.64	0.009914296
93.66	0.007920042
93.68	0.006427988
93.7	0.012422496
93.72	0.010142468
93.74	0.013084254
93.76	0.008458208
93.78	0.010382781
93.8	0.007931302
93.82	0.003745014
93.84	-0.000376908
93.86	-0.00348001
93.88	-0.001013217
93.9	-0.000156027
93.92	-0.004589048
93.94	-0.005616118
93.96	-0.004020992
93.98	-0.006641924
94	-0.006132668
94.02	-0.004496291
94.04	-0.004634964
94.06	-0.003539807
94.08	-0.001079001
94.1	0.000892434
94.12	-8.63904E-05
94.14	-0.000936151
94.16	-0.000829468
94.18	0.000521397
94.2	-0.005174707
94.22	-0.00343231
94.24	-0.005774879
94.26	-0.007413494
94.28	-0.010577794
94.3	-0.011405144
94.32	-0.013896464
94.34	-0.010502183
94.36	-0.007984091
94.38	-0.006246164
94.4	-0.006980817
94.42	-0.007717683
94.44	-0.009480142
94.46	-0.008148862
94.48	-0.004883873
94.5	-0.003558854
94.52	-0.002869641
94.54	-0.003584724
94.56	0.00068486
94.58	0.00172645
94.6	0.003487998
94.62	0.003554823
94.64	0.002475323
94.66	0.001990267
94.68	0.004534403
94.7	0.003752626
94.72	0.000334181
94.74	-0.000615092
94.76	-0.000980011
94.78	1.12215E-05
94.8	-0.000912309
94.82	-0.003099899
94.84	0.001391437
94.86	0.005998944
94.88	0.002860154
94.9	0.003337832
94.92	-0.001059313
94.94	-0.001800649
94.96	-0.001307885
94.98	-0.000195724
95	0.001477862
95.02	0.001420525
95.04	0.003256505
95.06	0.000370203
95.08	-0.009793021
95.1	-0.007883027
95.12	-0.010178775
95.14	-0.008065633
95.16	-0.003603009
95.18	0.001085549
95.2	0.003464982
95.22	0.00784325
95.24	0.009914611
95.26	0.008141104
95.28	0.007135032
95.3	0.007646043
95.32	0.007604042
95.34	0.008158624
95.36	0.005325826
95.38	0.003397797
95.4	-0.001546988
95.42	-0.002916621
95.44	-0.005473504
95.46	-0.008722094
95.48	-0.01024632
95.5	-0.007836509
95.52	-0.005235455
95.54	-0.000327433
95.56	0.003183718
95.58	0.006388813
95.6	0.009572036
95.62	0.007728685
95.64	0.003380786
95.66	0.000788724
95.68	-0.005583834
95.7	-0.011147287
95.72	-0.007223222
95.74	-0.004729871
95.76	-0.005417543
95.78	-0.001754621
95.8	-0.001230676
95.82	-0.000661484
95.84	0.003336591
95.86	0.006994227
95.88	0.011662581
95.9	0.012657631
95.92	0.01751092
95.94	0.016330812
95.96	0.016373659
95.98	0.015908286
96	0.013298577
96.02	0.009708388
96.04	0.008419459
96.06	0.006318408
96.08	0.007497793
96.1	0.012627048
96.12	0.013516894
96.14	0.013218286
96.16	0.008125092
96.18	0.003978145
96.2	0.001651539
96.22	0.00417301
96.24	0.008247047
96.26	0.010391465
96.28	0.012065005
96.3	0.015483271
96.32	0.013234969
96.34	0.008170988
96.36	0.00102148
96.38	-0.00164396
96.4	-3.68465E-05
96.42	0.003115295
96.44	0.003279234
96.46	0.004153231
96.48	0.001757634
96.5	0.000249263
96.52	-0.002030666
96.54	-0.0012743
96.56	0.008785568
96.58	-0.001620779
96.6	-0.001391612
96.62	0.006405605
96.64	0.007767514
96.66	0.012545513
96.68	0.014724487
96.7	0.01442635
96.72	0.015027505
96.74	0.014777201
96.76	0.011620966
96.78	0.004627412
96.8	0.005325273
96.82	0.005623619
96.84	0.006815179
96.86	0.001274504
96.88	-0.001121843
96.9	0.003463397
96.92	-0.001795872
96.94	-0.003339252
96.96	-4.5586E-05
96.98	0.000490763
97	-0.001521144
97.02	-0.003766683
97.04	-0.003760262
97.06	-0.005128091
97.08	-0.004575852
97.1	-0.003408433
97.12	-0.008626234
97.14	-0.01015642
97.16	-0.010825682
97.18	-0.006981117
97.2	-0.000220629
97.22	0.006594869
97.24	0.011895216
97.26	0.010461068
97.28	0.012409205
97.3	0.014827516
97.32	0.018434058
97.34	0.019123664
97.36	0.019981033
97.38	0.019514698
97.4	0.017316895
97.42	0.012399638
97.44	0.006098073
97.46	0.00872151
97.48	0.009950557
97.5	0.012796531
97.52	0.013874128
97.54	0.015501769
97.56	0.010029471
97.58	0.007051581
97.6	-0.003337389
97.62	-0.006878874
97.64	-0.01001981
97.66	-0.001470809
97.68	-0.002254138
97.7	0.000782192
97.72	0.003740846
97.74	0.00857468
97.76	0.006850451
97.78	0.004826638
97.8	-0.002743959
97.82	-0.004367191
97.84	-0.002120188
97.86	-0.001163255
97.88	-0.0032989
97.9	0.001499616
97.92	0.009109319
97.94	0.004701958
97.96	0.00984505
97.98	0.008223151
98	0.004136508
98.02	0.003855799
98.04	0.00263365
98.06	0.002985876
98.08	0.004858615
98.1	0.007405517
98.12	0.004336395
98.14	-0.005488693
98.16	-0.003528272
98.18	-0.008222937
98.2	-0.013899903
98.22	-0.011666079
98.24	-0.012672777
98.26	-0.013937005
98.28	-0.018057839
98.3	-0.01256668
98.32	-0.013088782
98.34	-0.002326014
98.36	0.006492976
98.38	0.00525607
98.4	-0.003095354
98.42	-0.004645876
98.44	-0.010534565
98.46	-0.012614733
98.48	-0.014785133
98.5	-0.015283433
98.52	-0.012836697
98.54	-0.014316664
98.56	-0.010557036
98.58	-0.01032753
98.6	-0.00332566
98.62	0.002142673
98.64	0.004939611
98.66	0.005342417
98.68	0.00645326
98.7	0.006177151
98.72	0.00732364
98.74	0.007743954
98.76	0.006374912
98.78	0.00090276
98.8	0.002770406
98.82	0.001778272
98.84	-0.005238075
98.86	-0.013065925
98.88	-0.017441079
98.9	-0.01422597
98.92	-0.011152097
98.94	-0.009546499
98.96	-0.005980476
98.98	-0.005051028
99	-0.003356536
99.02	-0.002596815
99.04	-0.005964044
99.06	-0.002776036
99.08	-0.008914566
99.1	-0.010967784
99.12	-0.013142392
99.14	-0.008520309
99.16	-0.001953346
99.18	-0.001106751
99.2	-0.004262718
99.22	-0.003717972
99.24	-0.001670283
99.26	-0.005938323
99.28	-0.007007295
99.3	-0.006658713
99.32	7.37344E-05
99.34	0.009310466
99.36	0.006072599
99.38	0.001874219
99.4	0.001489533
99.42	0.000462126
99.44	-0.005103396
99.46	-0.007951105
99.48	-0.013333046
99.5	-0.012564692
99.52	-0.014569543
99.54	-0.009035013
99.56	-0.007098584
99.58	-0.007334037
99.6	-0.004230669
99.62	-0.004250204
99.64	-0.005332396
99.66	0.000248433
99.68	0.000764006
99.7	0.001768244
99.72	0.005736021
99.74	0.007520923
99.76	0.007743369
99.78	0.007815618
99.8	0.00928121
99.82	0.007897857
99.84	0.005024465
99.86	0.00224788
99.88	-0.002694048
99.9	-0.006418326
99.92	-0.00880429
99.94	-0.006356042
99.96	-0.007768416
99.98	-0.004337218
100	-0.003153556
100.02	-0.002398564
100.04	-0.005216145
100.06	-0.00788798
100.08	-0.011408412
100.1	-0.014054014
100.12	-0.01204088
100.14	-0.008254505
100.16	-0.002020081
100.18	0.000256445
100.2	0.004455507
100.22	0.006511708
100.24	0.005280579
100.26	0.000508997
100.28	-0.002465591
100.3	-0.004633308
100.32	-0.003311658
100.34	0.000134307
100.36	0.001522248
100.38	0.001459343
100.4	-0.000152568
100.42	-0.001506006
100.44	-0.007288941
100.46	-0.010508964
100.48	-0.010697112
100.5	-0.011901506
100.52	-0.013229905
100.54	-0.012171326
100.56	-0.01259294
100.58	-0.00979342
100.6	-0.004272964
100.62	-0.003737964
100.64	0.000300769
100.66	0.002044083
100.68	0.004279277
100.7	0.005202823
100.72	0.003744558
100.74	0.005614757
100.76	0.004590062
100.78	0.007183255
100.8	0.009093797
100.82	0.003445777
100.84	0.000942885
100.86	0.000335611
100.88	-0.005422955
100.9	-0.013024124
100.92	-0.022706154
100.94	-0.021311684
100.96	-0.019522727
100.98	-0.01581875
101	-0.013708277
101.02	-0.016891317
101.04	-0.007266299
101.06	-0.005783224
101.08	0.000808832
101.1	0.005171583
101.12	0.008359092
101.14	0.009415585
101.16	0.008980226
101.18	0.004964604
101.2	0.003235234
101.22	0.003811061
101.24	0.006191797
101.26	0.008590722
101.28	0.012085253
101.3	0.012068538
101.32	0.013396407
101.34	0.011163019
101.36	0.009117615
101.38	0.005841027
101.4	0.006717374
101.42	0.007626159
101.44	0.006114414
101.46	0.005119449
101.48	0.001762339
101.5	-0.003530465
101.52	-0.006344377
101.54	-0.010494176
101.56	-0.012929157
101.58	-0.013521607
101.6	-0.008248107
101.62	-0.001427503
101.64	0.004769084
101.66	0.009395962
101.68	0.012116663
101.7	0.014302457
101.72	0.018907014
101.74	0.02406711
101.76	0.023082143
101.78	0.017773122
101.8	0.00748378
101.82	0.00469537
101.84	0.003783885
101.86	0.004076597
101.88	8.52342E-05
101.9	-0.000388345
101.92	-0.000710368
101.94	0.000259353
101.96	-0.001927982
101.98	-0.004608827
102	-0.003776604
102.02	-0.006456222
102.04	-0.007594468
102.06	-0.005143756
102.08	-0.006143309
102.1	-0.006213037
102.12	-0.005639802
102.14	-0.007532473
102.16	-0.009335437
102.18	-0.004962843
102.2	-0.004137941
102.22	-0.002856476
102.24	-0.006034327
102.26	-0.00744805
102.28	-0.004900929
102.3	-0.003278298
102.32	-0.004021154
102.34	-0.005562014
102.36	-0.006056314
102.38	-0.007115133
102.4	-0.009798647
102.42	-0.009120862
102.44	-0.009861348
102.46	-0.011069428
102.48	-0.009910312
102.5	-0.009826506
102.52	-0.007737085
102.54	0.000584373
102.56	0.000641636
102.58	0.003814108
102.6	0.006690224
102.62	0.006825526
102.64	0.006923598
102.66	0.009629769
102.68	0.011225526
102.7	0.015539026
102.72	0.016240457
102.74	0.016574477
102.76	0.011492441
102.78	0.007720978
102.8	0.00283662
102.82	-0.005118963
102.84	-0.007024841
102.86	-0.004427285
102.88	-0.001401036
102.9	-0.000833814
102.92	0.000683216
102.94	0.000236514
102.96	0.001459871
102.98	-0.000485285
103	-0.004921976
103.02	-0.009922922
103.04	-0.012225418
103.06	-0.008603873
103.08	-0.002563659
103.1	0.002368892
103.12	0.003181378
103.14	0.008130628
103.16	0.009401023
103.18	0.010920005
103.2	0.008169152
103.22	0.01299886
103.24	0.005511955
103.26	0.012733838
103.28	0.007112883
103.3	0.009613261
103.32	0.008405057
103.34	0.005707625
103.36	0.003513557
103.38	-0.002644193
103.4	-0.00644245
103.42	-0.009355689
103.44	-0.012160826
103.46	-0.011792535
103.48	-0.007582997
103.5	-0.012897177
103.52	-0.012842075
103.54	-0.014071548
103.56	-0.01384259
103.58	-0.007578681
103.6	-0.007327881
103.62	-0.005103035
103.64	-0.006668358
103.66	-0.009984238
103.68	-0.00960836
103.7	-0.0109736
103.72	-0.007750117
103.74	-0.002088398
103.76	0.005855634
103.78	0.008256647
103.8	0.010997826
103.82	0.008404341
103.84	0.009737138
103.86	0.00576717
103.88	0.001013612
103.9	0.003618639
103.92	0.006854972
103.94	0.009603706
103.96	0.011064797
103.98	0.008522034
104	0.00563793
104.02	0.005586764
104.04	0.002970352
104.06	0.000281231
104.08	-0.01286064
104.1	-0.009226528
104.12	-0.002197334
104.14	0.00119439
104.16	0.005252481
104.18	0.003973997
104.2	0.002605649
104.22	-0.000479694
104.24	-0.004929068
104.26	-0.009261637
104.28	-0.011572002
104.3	-0.007448585
104.32	-0.014569655
104.34	-0.011224495
104.36	-0.008253181
104.38	-0.00786521
104.4	-0.009584043
104.42	-0.012575283
104.44	-0.002555905
104.46	-0.002666357
104.48	0.002959395
104.5	0.002302023
104.52	0.003230017
104.54	0.002243603
104.56	0.008272798
104.58	0.00747441
104.6	0.008517663
104.62	0.006571178
104.64	0.004523063
104.66	-0.003430445
104.68	-0.003292456
104.7	-0.00135225
104.72	-6.97863E-05
104.74	-0.004346615
104.76	-0.007823029
104.78	-0.008164542
104.8	-0.004229598
104.82	-0.004190517
104.84	-0.004594251
104.86	-0.006698672
104.88	-0.007901722
104.9	-0.011169888
104.92	-0.015196096
104.94	-0.014255244
104.96	-0.014389586
104.98	-0.008917274
105	-0.004072073
105.02	0.002104472
105.04	0.010676583
105.06	0.012631677
105.08	0.015249151
105.1	0.016071336
105.12	0.025558033
105.14	0.020833311
105.16	0.01603431
105.18	0.009989832
105.2	0.010096731
105.22	0.009747261
105.24	0.008947552
105.26	0.007980523
105.28	0.003544606
105.3	0.000850125
105.32	-0.003235754
105.34	-0.005915907
105.36	-0.001256123
105.38	0.002481194
105.4	0.001992395
105.42	0.004808273
105.44	0.005935027
105.46	0.003219344
105.48	-0.000216214
105.5	-0.004410398
105.52	-0.005311871
105.54	0.002286461
105.56	0.010100052
105.58	0.01532811
105.6	0.018814876
105.62	0.019664712
105.64	0.020315596
105.66	0.021571514
105.68	0.034529637
105.7	0.023290511
105.72	0.024700489
105.74	0.017814103
105.76	0.012094666
105.78	0.00128159
105.8	0.000769612
105.82	-0.004060964
105.84	-0.00929594
105.86	-0.013736184
105.88	-0.013547232
105.9	-0.011712572
105.92	-0.013106809
105.94	5.38235E-06
105.96	-0.00089408
105.98	0.002126882
106	0.007206884
106.02	0.007420473
106.04	0.00439627
106.06	0.008401846
106.08	0.008796879
106.1	0.009370659
106.12	0.008399806
106.14	0.009327366
106.16	0.006494744
106.18	0.008040586
106.2	0.009740531
106.22	0.011173217
106.24	0.012093197
106.26	0.009548498
106.28	0.006924224
106.3	0.007767673
106.32	0.001009951
106.34	-0.005491397
106.36	-0.006206069
106.38	-0.009200019
106.4	-0.008320304
106.42	-0.008461967
106.44	-0.009722751
106.46	-0.013292764
106.48	-0.006095668
106.5	-0.005504511
106.52	-0.00132971
106.54	0.003543246
106.56	0.001247405
106.58	0.00128617
106.6	0.00079643
106.62	-0.001149874
106.64	0.001902467
106.66	0.00911751
106.68	0.009823438
106.7	0.013520072
106.72	0.013498035
106.74	0.00449994
106.76	0.003734541
106.78	0.001661343
106.8	-0.0014363
106.82	0.001783425
106.84	0.000567727
106.86	-0.00496421
106.88	-0.005681653
106.9	-0.006808521
106.92	-0.004489076
106.94	-0.003059944
106.96	-0.008699067
106.98	-0.005954101
107	-0.003151941
107.02	-0.001919007
107.04	-0.000274417
107.06	0.006094473
107.08	0.015237894
107.1	0.014234654
107.12	0.012839126
107.14	0.011573001
107.16	0.006670023
107.18	0.006948823
107.2	0.008392279
107.22	0.003690495
107.24	-0.001526638
107.26	-0.001990024
107.28	-0.004679807
107.3	-0.004775255
107.32	-0.007814908
107.34	-0.005062707
107.36	-0.004575254
107.38	-0.004688836
107.4	-0.005237543
107.42	-0.008509971
107.44	-0.009342343
107.46	-0.007964247
107.48	-0.007053276
107.5	-0.000167382
107.52	0.003946812
107.54	0.009508083
107.56	0.003686294
107.58	-0.002383811
107.6	-0.007053332
107.62	-0.00459499
107.64	0.001378866
107.66	0.003208712
107.68	0.000935159
107.7	0.001743767
107.72	0.001407899
107.74	0.00320487
107.76	0.00168394
107.78	0.001448596
107.8	-0.001420811
107.82	-0.001933042
107.84	-0.004132471
107.86	-0.004806314
107.88	-0.006420994
107.9	-0.007242097
107.92	-0.015128923
107.94	-0.008812762
107.96	-0.011657348
107.98	-0.00960724
108	-0.0106071
108.02	-0.009059441
108.04	-0.007371727
108.06	-0.001993084
108.08	0.001056396
108.1	0.004356062
108.12	0.004260148
108.14	0.007147372
108.16	0.003089257
108.18	-0.004629156
108.2	-0.00801191
108.22	-0.013081137
108.24	-0.015681977
108.26	-0.017253176
108.28	-0.018497944
108.3	-0.015112252
108.32	-0.01164623
108.34	-0.009252518
108.36	-0.010771285
108.38	-0.010358276
108.4	-0.00573638
108.42	-0.006030412
108.44	-0.004890983
108.46	0.001778142
108.48	0.00021342
108.5	-0.000313369
108.52	-0.006259855
108.54	-0.00669621
108.56	-0.004304418
108.58	-0.002484865
108.6	0.001778283
108.62	0.001186719
108.64	0.006327085
108.66	0.010415795
108.68	0.009183451
108.7	0.00870052
108.72	0.006424195
108.74	0.004414002
108.76	-0.002094681
108.78	-0.00597743
108.8	-0.008202603
108.82	-0.009895072
108.84	-0.009533371
108.86	-0.013844432
108.88	-0.012863492
108.9	-0.01277181
108.92	-0.009420309
108.94	-0.006666174
108.96	-0.003239918
108.98	0.003543899
109	0.011352978
109.02	0.010135464
109.04	0.01805269
109.06	0.01542957
109.08	0.019743657
109.1	0.018116689
109.12	0.014514529
109.14	0.012450096
109.16	0.012049473
109.18	0.009135929
109.2	0.005051793
109.22	0.005059636
109.24	0.002308863
109.26	0.002656229
109.28	0.000357593
109.3	0.001115709
109.32	-0.002904855
109.34	-0.00168073
109.36	-0.000372459
109.38	-0.001707987
109.4	-0.002985826
109.42	-0.001791296
109.44	-0.001690461
109.46	-0.001146483
109.48	-0.001468342
109.5	0.000873152
109.52	-0.001202686
109.54	0.002352387
109.56	0.003260932
109.58	0.004091572
109.6	0.007009443
109.62	0.007209809
109.64	0.008056175
109.66	0.004957322
109.68	0.006345367
109.7	0.007730041
109.72	0.007010983
109.74	0.008468979
109.76	0.010469286
109.78	0.007666006
109.8	0.008851316
109.82	0.004745004
109.84	-0.00537641
109.86	-0.010099618
109.88	-0.008985861
109.9	-0.005974418
109.92	0.002855747
109.94	0.007711993
109.96	0.010083391
109.98	0.00649179
110	0.008718134
110.02	0.009079912
110.04	0.009358387
110.06	0.006039524
110.08	0.003436977
110.1	0.000597285
110.12	-0.00217439
110.14	-0.006262706
110.16	-0.008570138
110.18	-0.012527102
110.2	-0.014647583
110.22	-0.011374805
110.24	-0.006764753
110.26	-0.004730124
110.28	-0.001718254
110.3	-0.005889479
110.32	-0.009099469
110.34	-0.010943427
110.36	-0.009069605
110.38	-0.007218213
110.4	-0.006006312
110.42	-0.00047793
110.44	0.000805612
110.46	0.004922569
110.48	0.001780267
110.5	0.002682151
110.52	0.003398213
110.54	0.004127363
110.56	0.008755455
110.58	0.015694567
110.6	0.015540373
110.62	0.014033573
110.64	0.012451656
110.66	0.009382541
110.68	0.003125126
110.7	-0.000691874
110.72	-0.000833409
110.74	-0.006003414
110.76	-0.007520039
110.78	-0.013558729
110.8	-0.011134979
110.82	-0.013717147
110.84	-0.009838614
110.86	-0.006764319
110.88	-0.005172781
110.9	0.000696754
110.92	0.002197849
110.94	0.002913573
110.96	0.007991742
110.98	0.004031798
111	0.007907279
111.02	0.008555096
111.04	0.007894174
111.06	0.007559229
111.08	0.007780891
111.1	0.012273686
111.12	0.011464075
111.14	0.011782817
111.16	0.013236961
111.18	0.008336772
111.2	0.006645473
111.22	0.006410747
111.24	0.004156472
111.26	-0.000887409
111.28	-0.004866549
111.3	-0.007669859
111.32	-0.009260865
111.34	-0.00821433
111.36	-0.011305913
111.38	-0.008606896
111.4	-0.008198484
111.42	-0.006450219
111.44	-0.007697731
111.46	-0.006803105
111.48	-0.006010415
111.5	-0.004579647
111.52	-0.00081195
111.54	0.002328509
111.56	0.002054155
111.58	0.002741305
111.6	-0.003939723
111.62	-0.007503665
111.64	-0.007917746
111.66	-0.006685861
111.68	-0.007327025
111.7	-0.007595091
111.72	-0.007996063
111.74	-0.00945037
111.76	-0.011127389
111.78	-0.011668211
111.8	-0.014227651
111.82	-0.01392958
111.84	-0.014107366
111.86	-0.012224472
111.88	-0.011390871
111.9	-0.010562804
111.92	-0.00926102
111.94	-0.009223273
111.96	-0.005456532
111.98	-0.0030558
112	-0.002538054
112.02	-0.003598355
112.04	-0.001948364
112.06	-0.001349747
112.08	-0.000303524
112.1	0.000265796
112.12	-0.00100805
112.14	-0.00284669
112.16	-0.003545265
112.18	-0.004163446
112.2	-0.005359491
112.22	-0.003725147
112.24	-0.00199742
112.26	-0.00122327
112.28	0.000733124
112.3	0.001628576
112.32	-0.000140964
112.34	-0.006576751
112.36	-0.010675319
112.38	-0.011745519
112.4	-0.009789926
112.42	-0.007305225
112.44	-0.006452392
112.46	-0.009178643
112.48	-0.009464716
112.5	-0.00957172
112.52	-0.008551499
112.54	-0.008517421
112.56	-0.006526993
112.58	-0.001326301
112.6	0.004998185
112.62	0.010622496
112.64	0.015458403
112.66	0.015432436
112.68	0.01264301
112.7	0.007497282
112.72	0.003217521
112.74	-0.003075731
112.76	-0.008462216
112.78	-0.013602765
112.8	-0.015002739
112.82	-0.013322086
112.84	-0.011833678
112.86	-0.007374736
112.88	-0.003932073
112.9	-0.001373525
112.92	0.000421524
112.94	0.002962094
112.96	0.006819763
112.98	0.009356963
113	0.008961505
113.02	0.005021823
113.04	-0.001628865
113.06	-0.005458752
113.08	-0.001146932
113.1	-0.003789446
113.12	-0.003071605
113.14	-0.005454658
113.16	-0.00521208
113.18	-0.004639995
113.2	0.000517729
113.22	0.003025879
113.24	0.006733019
113.26	0.009647734
113.28	0.006781846
113.3	0.007793184
113.32	0.004494008
113.34	0.001790212
113.36	0.001902899
113.38	0.004126577
113.4	0.003828916
113.42	-0.002108313
113.44	0.000718484
113.46	-0.006519139
113.48	-0.004779429
113.5	-0.00627873
113.52	-0.001857557
113.54	0.004516593
113.56	0.004959361
113.58	0.005144385
113.6	0.002791219
113.62	0.003540684
113.64	0.001141291
113.66	0.003550123
113.68	-0.003421558
113.7	-0.003559103
113.72	-0.004641877
113.74	-0.003083896
113.76	-0.004650003
113.78	-0.00420236
113.8	-0.007105505
113.82	-0.007309006
113.84	-0.008307114
113.86	-0.005498086
113.88	0.000457911
113.9	0.000539416
113.92	0.005308816
113.94	0.005842091
113.96	0.001189274
113.98	0.00224877
114	0.003025698
114.02	0.002593813
114.04	0.003501815
114.06	-0.000957797
114.08	-0.006334785
114.1	-0.010452303
114.12	-0.012590724
114.14	-0.009126344
114.16	-0.005528981
114.18	-0.006621915
114.2	-0.004124391
114.22	-0.000601464
114.24	-0.00275964
114.26	0.001862188
114.28	0.004197044
114.3	0.010358491
114.32	0.010475452
114.34	0.009973214
114.36	0.007169293
114.38	-0.00042232
114.4	-0.004572063
114.42	-0.003492911
114.44	-0.00229467
114.46	-0.000254821
114.48	0.003969147
114.5	0.007984897
114.52	0.010499627
114.54	0.004917351
114.56	0.00459933
114.58	-1.16707E-05
114.6	-0.001761715
114.62	-0.000908741
114.64	-0.000166722
114.66	0.001891053
114.68	0.004172384
114.7	0.004265334
114.72	-0.000146755
114.74	-0.004692382
114.76	-0.010034714
114.78	-0.009676919
114.8	-0.004930097
114.82	0.000554606
114.84	0.00251748
114.86	0.00709012
114.88	0.009814585
114.9	0.014141215
114.92	0.015934191
114.94	0.014958615
114.96	0.01393021
114.98	0.01383691
115	0.009819885
115.02	0.005841056
115.04	0.006068538
115.06	0.003725635
115.08	0.000556065
115.1	0.00325449
115.12	0.00748136
115.14	0.008553758
115.16	0.012121454
115.18	0.008201771
115.2	0.004101574
115.22	0.003719308
115.24	0.006517595
115.26	0.004242258
115.28	0.001841329
115.3	0.002780816
115.32	0.004206598
115.34	0.004258151
115.36	0.003823177
115.38	0.002146014
115.4	0.002984148
115.42	0.004023385
115.44	0.006127782
115.46	0.005168653
115.48	0.00563924
115.5	0.010747005
115.52	0.008540969
115.54	0.006808509
115.56	0.003385156
115.58	0.001522156
115.6	0.002212269
115.62	0.003256042
115.64	0.000872446
115.66	0.002824983
115.68	0.0049589
115.7	0.005945509
115.72	0.00808103
115.74	0.008757618
115.76	0.008507789
115.78	0.005931773
115.8	0.004316572
115.82	0.000199118
115.84	-0.003713733
115.86	-0.000642476
115.88	0.000160805
115.9	0.00105691
115.92	0.001411083
115.94	0.001672553
115.96	-0.004822543
115.98	-0.009871522
116	-0.01190634
116.02	-0.011011239
116.04	-0.010995268
116.06	-0.006987932
116.08	-0.007497293
116.1	-0.00684491
116.12	-0.006070943
116.14	-0.009665859
116.16	-0.011659903
116.18	-0.013262467
116.2	-0.011609163
116.22	-0.00609932
116.24	-0.002300734
116.26	0.000751195
116.28	0.001132178
116.3	0.001747799
116.32	0.001828818
116.34	0.001922384
116.36	0.004073865
116.38	0.00499455
116.4	0.007049369
116.42	0.012030427
116.44	0.016534812
116.46	0.010079322
116.48	0.011414826
116.5	0.011870833
116.52	0.009817569
116.54	0.00833541
116.56	0.008796959
116.58	0.007575178
116.6	0.003693494
116.62	0.000611717
116.64	-0.002173732
116.66	-0.00244092
116.68	-0.002643878
116.7	-0.004575252
116.72	-0.0079474
116.74	-0.007407477
116.76	-0.005918714
116.78	-0.001083572
116.8	0.00054774
116.82	0.001064395
116.84	0.002718425
116.86	0.003173153
116.88	0.002059179
116.9	0.001190463
116.92	0.00819626
116.94	0.001611624
116.96	0.006457705
116.98	0.010743516
117	0.01342076
117.02	0.012354327
117.04	0.007949952
117.06	0.005631456
117.08	0.00411011
117.1	0.003621336
117.12	0.002945007
117.14	0.001998196
117.16	-0.005203177
117.18	0.001742295
117.2	-0.002682857
117.22	-0.001010018
117.24	-0.003119715
117.26	-0.003875853
117.28	-0.003093216
117.3	-0.007317883
117.32	-0.006139457
117.34	-0.007710221
117.36	-0.006553614
117.38	-0.007639134
117.4	-0.007758565
117.42	-0.010620017
117.44	-0.011201957
117.46	-0.010123588
117.48	-0.011075786
117.5	-0.013119785
117.52	-0.005946817
117.54	0.001974475
117.56	-0.000464956
117.58	0.003681989
117.6	0.003016907
117.62	0.004583901
117.64	0.003111656
117.66	0.001640033
117.68	-0.004095303
117.7	-0.004090287
117.72	-0.004447773
117.74	-0.000728049
117.76	-0.001837281
117.78	-0.002081436
117.8	-0.001542397
117.82	-0.001426611
117.84	0.000601406
117.86	0.003379739
117.88	0.004351847
117.9	0.006295219
117.92	0.004302984
117.94	-0.000408843
117.96	-0.001220906
117.98	-0.004614219
118	-0.005833744
118.02	-0.006556361
118.04	-0.005881159
118.06	-0.002450796
118.08	-0.001865241
118.1	0.003394224
118.12	-0.000727526
118.14	-0.006493925
118.16	-0.00514275
118.18	-0.004905294
118.2	-0.004973848
118.22	-0.005416312
118.24	-0.003851286
118.26	0.001795882
118.28	0.001274924
118.3	0.003253627
118.32	-0.002909233
118.34	-0.005496952
118.36	-0.004849273
118.38	-0.001619807
118.4	0.001145882
118.42	0.007474659
118.44	0.006774977
118.46	0.002228076
118.48	-0.002686547
118.5	-0.001888445
118.52	0.000718487
118.54	-0.001142676
118.56	-0.0034089
118.58	-0.00331172
118.6	-0.001908538
118.62	0.00459297
118.64	0.004905362
118.66	0.00137877
118.68	0.002371676
118.7	0.009495494
118.72	0.01226943
118.74	0.01347383
118.76	0.011247352
118.78	0.010432619
118.8	0.005482433
118.82	0.004598697
118.84	0.003632681
118.86	0.010524108
118.88	0.011051467
118.9	0.014537003
118.92	0.007127877
118.94	0.005232319
118.96	0.006180953
118.98	0.0021406
119	9.55463E-05
119.02	0.002795214
119.04	0.008142792
119.06	0.013659615
119.08	0.014039497
119.1	0.010958794
119.12	0.009422257
119.14	0.008010246
119.16	0.008019909
119.18	0.007727627
119.2	0.005313653
119.22	0.008582839
119.24	0.0115415
119.26	0.009817152
119.28	0.007361633
119.3	0.007116199
119.32	0.007499606
119.34	0.006171087
119.36	0.003716756
119.38	0.000837771
119.4	-0.00882426
119.42	-0.01097537
119.44	-0.008527702
119.46	-0.005546685
119.48	-0.003128151
119.5	0.0002175
119.52	0.000901688
119.54	-0.003819352
119.56	-0.004093509
119.58	-0.010139473
119.6	-0.013141963
119.62	-0.01399358
119.64	-0.013870804
119.66	-0.011011638
119.68	-0.006635625
119.7	-0.001268323
119.72	-0.000795866
119.74	-0.004180638
119.76	-0.007441983
119.78	-0.008741602
119.8	-0.011985329
119.82	-0.012135311
119.84	-0.010281315
119.86	-0.005986553
119.88	-0.002786784
119.9	-0.000422181
119.92	-0.001880904
119.94	-0.004763172
119.96	-0.007306125
119.98	-0.009685725
120	-0.008943341
120.02	-0.007795361
120.04	-0.006110853
120.06	-0.004537338
120.08	-0.004110737
120.1	-0.008287559
120.12	0.002445419
120.14	0.002027646
120.16	-0.003248318
120.18	-0.002806901
120.2	-0.001396213
120.22	0.002785603
120.24	0.002233602
120.26	0.002921398
120.28	0.000676049
120.3	0.002969546
120.32	0.008029848
120.34	-0.001852372
120.36	-0.004358129
120.38	-0.005748369
120.4	-0.006533494
120.42	-0.008599117
120.44	-0.008330537
120.46	-0.007178537
120.48	-0.005675807
120.5	-0.00655803
120.52	-0.003994637
120.54	-0.000988998
120.56	0.002540468
120.58	0.009510599
120.6	0.006506747
120.62	0.004526696
120.64	0.000999882
120.66	0.003843855
120.68	0.004158435
120.7	0.002476915
120.72	0.000124773
120.74	-0.00344713
120.76	-0.003710696
120.78	-0.006098978
120.8	-0.00887746
120.82	-0.010743203
120.84	-0.012929493
120.86	-0.01316712
120.88	-0.008142008
120.9	-0.006615695
120.92	-0.008296242
120.94	-0.006167015
120.96	-0.004231258
120.98	-0.004553283
121	-0.004005439
121.02	-0.007505711
121.04	-0.009435612
121.06	-0.011687654
121.08	-0.015078459
121.1	-0.011217468
121.12	-0.003668053
121.14	-0.002287208
121.16	0.000147048
121.18	-0.004200647
121.2	-0.005948941
121.22	-0.008112429
121.24	-0.006429009
121.26	-0.007893935
121.28	-0.003571196
121.3	0.002046114
121.32	0.007563339
121.34	0.005532298
121.36	0.00160537
121.38	-0.005066021
121.4	-0.013063936
121.42	-0.015632595
121.44	-0.018889491
121.46	-0.022603193
121.48	-0.019210895
121.5	-0.01582962
121.52	-0.012718719
121.54	-0.006909578
121.56	0.002332245
121.58	0.007769843
121.6	0.009159957
121.62	0.006030842
121.64	0.003660107
121.66	0.001134094
121.68	0.004325814
121.7	0.005538916
121.72	0.002626211
121.74	0.001910515
121.76	-0.001653027
121.78	-0.006598776
121.8	-0.007118264
121.82	-0.004846928
121.84	-0.006149935
121.86	-0.01064023
121.88	-0.00881755
121.9	-0.008361744
121.92	-0.009542068
121.94	-0.007818552
121.96	-0.000901741
121.98	0.001191562
122	-0.000878096
122.02	-0.002744628
122.04	-0.010793586
122.06	-0.01431655
122.08	-0.011662973
122.1	-0.010144058
122.12	-0.005704022
122.14	0.000491935
122.16	0.003926517
122.18	0.006540251
122.2	0.007777161
122.22	0.013147121
122.24	0.021326303
122.26	0.022193564
122.28	0.018408413
122.3	0.017770609
122.32	0.013431318
122.34	0.012901034
122.36	0.012160806
122.38	0.009949266
122.4	0.007045063
122.42	0.005153193
122.44	-0.00064398
122.46	-0.024243565
122.48	-0.011247587
122.5	-0.011793604
122.52	-0.009445135
122.54	-0.008429643
122.56	-0.003684927
122.58	-0.001313925
122.6	-0.001730612
122.62	0.00028764
122.64	0.004310033
122.66	0.004941597
122.68	0.003548783
122.7	0.00449122
122.72	0.007750418
122.74	0.009957008
122.76	0.010975953
122.78	0.007630219
122.8	0.008643583
122.82	0.00698369
122.84	0.006495485
122.86	0.005081699
122.88	0.004375423
122.9	0.006493866
122.92	0.008550401
122.94	0.01067298
122.96	0.008250961
122.98	0.004994529
123	0.004628796
123.02	0.003042126
123.04	0.009511993
123.06	0.017552308
123.08	0.015524373
123.1	0.014930421
123.12	0.007327684
123.14	0.009142631
123.16	0.008474831
123.18	0.006459951
123.2	0.002197077
123.22	0.000839096
123.24	0.004637753
123.26	0.005729873
123.28	0.005341313
123.3	0.00922088
123.32	0.007334565
123.34	0.000720782
123.36	-0.002632758
123.38	0.003721199
123.4	0.003075148
123.42	0.00047076
123.44	0.000559596
123.46	-0.000618699
123.48	-0.000528654
123.5	-0.001235471
123.52	-0.002350542
123.54	-0.002692417
123.56	0.000687839
123.58	0.005152062
123.6	0.005552389
123.62	0.007746803
123.64	0.007249555
123.66	0.006830806
123.68	0.007589252
123.7	0.004192075
123.72	0.00527897
123.74	0.003615565
123.76	0.003026594
123.78	-0.00072545
123.8	-0.004558745
123.82	-0.004048082
123.84	-0.006091676
123.86	-0.01254777
123.88	-0.018624646
123.9	-0.016055427
123.92	-0.017426107
123.94	-0.01731367
123.96	-0.014462755
123.98	-0.01427526
124	-0.012968569
124.02	-0.011810837
124.04	-0.010520971
124.06	-0.008089881
124.08	-0.005147791
124.1	-0.001452542
124.12	-0.000307248
124.14	-0.00286007
124.16	-0.003931832
124.18	-0.002415322
124.2	-0.004162907
124.22	-0.006826263
124.24	-0.007908157
124.26	-0.006532772
124.28	-0.001187227
124.3	0.003401534
124.32	0.006551766
124.34	0.003862345
124.36	-0.000414323
124.38	-0.000284533
124.4	-0.000884131
124.42	-0.003589062
124.44	-0.01480366
124.46	-0.007871243
124.48	-0.005310689
124.5	0.000991692
124.52	0.00754407
124.54	0.008992675
124.56	0.006603225
124.58	0.002319883
124.6	0.002611048
124.62	0.004185888
124.64	0.005191173
124.66	0.009568365
124.68	0.013208204
124.7	0.010767527
124.72	0.013683479
124.74	0.008472136
124.76	0.003154347
124.78	-0.005247155
124.8	-0.008865655
124.82	-0.007946481
124.84	-0.005379786
124.86	0.004749375
124.88	0.012778992
124.9	0.011751862
124.92	0.01199968
124.94	0.014137344
124.96	0.012065489
124.98	0.003377469
125	-0.000791574
125.02	-0.002710427
125.04	-0.002135803
125.06	-0.005955247
125.08	0.004158578
125.1	0.00468644
125.12	0.00733837
125.14	0.011595954
125.16	0.00884698
125.18	0.008684958
125.2	0.004092043
125.22	0.001699408
125.24	-0.002934765
125.26	-0.006937876
125.28	-0.00657995
125.3	-0.007802443
125.32	-0.01028928
125.34	-0.00677564
125.36	-0.003398396
125.38	-0.00416973
125.4	-0.002007276
125.42	-0.009791459
125.44	-0.009132886
125.46	-0.017599926
125.48	-0.013401142
125.5	-0.012710491
125.52	-0.009760473
125.54	-0.004598972
125.56	0.004706311
125.58	0.007367779
125.6	0.006965671
125.62	0.003727847
125.64	0.000521426
125.66	-0.000102524
125.68	-0.000174944
125.7	0.007634419
125.72	0.007559897
125.74	0.003926772
125.76	0.007340805
125.78	0.007962301
125.8	0.004762143
125.82	0.002479156
125.84	-0.001991825
125.86	-0.003864271
125.88	-0.003250973
125.9	0.001104944
125.92	0.007008877
125.94	0.01300025
125.96	0.006568912
125.98	0.009516531
126	0.007735193
126.02	0.005613336
126.04	0.004059127
126.06	0.002027598
126.08	2.96664E-05
126.1	0.00394676
126.12	0.009207116
126.14	0.013543187
126.16	0.016360514
126.18	0.007381931
126.2	0.00585539
126.22	0.006167159
126.24	0.006819918
126.26	0.005244574
126.28	0.006388002
126.3	0.00613033
126.32	0.00301013
126.34	0.002559522
126.36	-0.000542842
126.38	-0.006063455
126.4	-0.00496134
126.42	-0.00520304
126.44	-0.003430681
126.46	0.000680406
126.48	0.00802189
126.5	0.007146102
126.52	0.005416851
126.54	0.008229104
126.56	0.005939173
126.58	0.00244172
126.6	0.001680339
126.62	0.00089551
126.64	-0.002424302
126.66	-0.003458444
126.68	-0.004593395
126.7	-0.001559897
126.72	-0.002032506
126.74	0.000633982
126.76	0.003860167
126.78	0.007822528
126.8	0.009571477
126.82	0.003199091
126.84	-0.001425446
126.86	-0.001862098
126.88	-0.003307599
126.9	-0.005249181
126.92	-0.011539527
126.94	-0.012545201
126.96	-0.015904248
126.98	-0.011534913
127	-0.005185115
127.02	0.002338015
127.04	0.012903264
127.06	0.015975485
127.08	0.015571316
127.1	0.014574821
127.12	0.016983178
127.14	0.015083365
127.16	0.012021777
127.18	0.012456166
127.2	0.011457661
127.22	0.008643481
127.24	0.006001039
127.26	-0.001130479
127.28	-0.007560727
127.3	-0.007913296
127.32	-0.005143942
127.34	-0.002988353
127.36	-0.00077621
127.38	0.000787513
127.4	0.000495921
127.42	-0.001731154
127.44	-0.006773093
127.46	-0.008195713
127.48	-0.013621331
127.5	-0.014912539
127.52	-0.015036932
127.54	-0.010486073
127.56	-0.00858962
127.58	-0.005066756
127.6	0.000301234
127.62	0.002994033
127.64	0.001232091
127.66	-0.001085498
127.68	-0.005686683
127.7	-0.002498561
127.72	-0.008840033
127.74	-0.009565223
127.76	-0.014188829
127.78	-0.015863411
127.8	-0.017631166
127.82	-0.013257844
127.84	-0.014787646
127.86	-0.012689661
127.88	-0.017249674
127.9	-0.020591408
127.92	-0.024642671
127.94	-0.018568704
127.96	0.005896783
127.98	0.004284343
128	0.005955686
128.02	0.011915381
128.04	0.01122754
128.06	0.010761225
128.08	0.007687011
128.1	0.006771756
128.12	0.00797949
128.14	0.009866239
128.16	0.008511509
128.18	0.010343653
128.2	0.008912491
128.22	0.006938224
128.24	0.004576178
128.26	0.006857119
128.28	0.009619143
128.3	0.009845022
128.32	0.008536321
128.34	0.008309668
128.36	0.004567505
128.38	0.002764592
128.4	0.000204705
128.42	-0.003668723
128.44	-0.005035778
128.46	-0.003996403
128.48	-0.002908253
128.5	-0.003075885
128.52	-0.001778409
128.54	-0.000902451
128.56	-0.004068879
128.58	-0.004349226
128.6	-0.003769573
128.62	-0.000577288
128.64	0.001608068
128.66	0.007095476
128.68	0.009790249
128.7	0.010142063
128.72	0.009565319
128.74	0.014085305
128.76	0.008443277
128.78	0.010031836
128.8	0.010741854
128.82	0.012182643
128.84	0.012537755
128.86	0.013278375
128.88	0.011835002
128.9	0.005738261
128.92	0.013313589
128.94	0.008529748
128.96	0.014038339
128.98	0.01067811
129	0.00932075
129.02	0.005224653
129.04	0.001124464
129.06	-0.003085585
129.08	-0.003892061
129.1	-0.001886301
129.12	-0.002510358
129.14	-0.008559419
129.16	-0.009690626
129.18	-0.012034439
129.2	-0.016454201
129.22	-0.016758248
129.24	-0.014018148
129.26	-0.006997237
129.28	9.47174E-05
129.3	0.007362592
129.32	0.006194079
129.34	0.003781237
129.36	0.004522249
129.38	0.004974265
129.4	0.003785324
129.42	0.004572019
129.44	0.005591098
129.46	0.002059096
129.48	1.32928E-06
129.5	0.00423059
129.52	0.003435772
129.54	0.00297982
129.56	0.005030936
129.58	0.007275547
129.6	0.008492523
129.62	0.008262524
129.64	0.001732494
129.66	-0.004283451
129.68	-0.02273441
129.7	-0.00993559
129.72	-0.01150238
129.74	-0.01235304
129.76	-0.013524948
129.78	-0.012098273
129.8	-0.015122931
129.82	-0.014818106
129.84	-0.012824051
129.86	-0.01062804
129.88	-0.007693682
129.9	0.016068954
129.92	0.003341526
129.94	0.002851342
129.96	0.000292163
129.98	-0.001112245
130	0.002153372
130.02	-0.003069588
130.04	0.000193607
130.06	0.00287675
130.08	0.00176356
130.1	0.002586131
130.12	0.001259418
130.14	-0.00057365
130.16	-0.004494573
130.18	-0.013741294
130.2	-0.016458373
130.22	-0.017803386
130.24	-0.011382198
130.26	-0.009814098
130.28	-0.007275129
130.3	-0.004788765
130.32	-0.006365435
130.34	-0.004900428
130.36	-0.007401658
130.38	-0.006283054
130.4	-0.000221812
130.42	-0.002314691
130.44	-0.004297513
130.46	-0.003219644
130.48	-0.003774412
130.5	-0.003649123
130.52	0.001919688
130.54	0.005495262
130.56	0.00044515
130.58	-0.0025744
130.6	-0.002059012
130.62	-0.003478009
130.64	-0.007624549
130.66	-0.0078797
130.68	-0.010536405
130.7	-0.009532466
130.72	-0.011221779
130.74	-0.016862303
130.76	-0.015626577
130.78	-0.014997412
130.8	-0.013646147
130.82	-0.012298044
130.84	-0.009302727
130.86	-0.002866844
130.88	-0.002513722
130.9	-0.000146196
130.92	0.000396731
130.94	0.007454023
130.96	0.009398039
130.98	0.012342824
131	0.012680534
131.02	0.011474524
131.04	0.011135609
131.06	0.009442812
131.08	0.00387483
131.1	-0.001066375
131.12	-0.004947519
131.14	-0.010219689
131.16	-0.018062232
131.18	-0.017362625
131.2	-0.02066388
131.22	-0.020505848
131.24	-0.019464372
131.26	-0.019134828
131.28	-0.013141369
131.3	-0.002748495
131.32	0.003083057
131.34	0.006126941
131.36	0.005709165
131.38	0.003408241
131.4	0.000141666
131.42	-0.004211659
131.44	-0.004991314
131.46	-0.004095088
131.48	-0.00318793
131.5	-0.003573968
131.52	0.000123184
131.54	0.005384503
131.56	0.006991681
131.58	0.008080944
131.6	0.006044572
131.62	0.002406949
131.64	0.005611032
131.66	0.006868759
131.68	0.008060111
131.7	0.004001331
131.72	-0.003562012
131.74	-0.010413064
131.76	-0.011500121
131.78	-0.014112227
131.8	-0.019000712
131.82	-0.016655725
131.84	-0.016720127
131.86	-0.011628182
131.88	-0.005875611
131.9	-0.001161022
131.92	0.000303838
131.94	0.001935501
131.96	0.011989149
131.98	0.01499008
132	0.021046052
132.02	0.022114072
132.04	0.016503217
132.06	0.010111375
132.08	0.000537131
132.1	-0.001844431
132.12	-0.006582484
132.14	-0.010866286
132.16	-0.016269221
132.18	-0.018809795
132.2	-0.010318644
132.22	-0.002314115
132.24	0.002157483
132.26	0.002178145
132.28	0.007003165
132.3	0.013107227
132.32	0.014759241
132.34	0.014580045
132.36	0.014214234
132.38	0.009957068
132.4	0.017671752
132.42	0.015730252
132.44	0.021069614
132.46	0.02163617
132.48	0.022167871
132.5	0.020975545
132.52	0.019321907
132.54	0.022353276
132.56	0.02400399
132.58	0.025449828
132.6	0.024364899
132.62	0.018855213
132.64	0.014603244
132.66	-0.000233064
132.68	0.003213163
132.7	0.001317084
132.72	0.003512357
132.74	0.005522436
132.76	0.006737158
132.78	-0.001685926
132.8	-0.012378073
132.82	-0.004141387
132.84	-0.007232619
132.86	-0.004659236
132.88	0.002862094
132.9	0.006722849
132.92	0.008817647
132.94	0.017113274
132.96	0.018232226
132.98	0.018551253
133	0.016749289
133.02	0.012383052
133.04	0.005688852
133.06	0.004467003
133.08	0.005504724
133.1	0.001681627
133.12	0.004575438
133.14	0.00623197
133.16	0.004909171
133.18	0.007111972
133.2	0.004392588
133.22	0.002894569
133.24	-0.001846782
133.26	-0.002551091
133.28	-0.003730561
133.3	-0.004051264
133.32	-0.003432812
133.34	-0.006485753
133.36	-0.014028398
133.38	-0.010989577
133.4	-0.013980106
133.42	-0.017365493
133.44	-0.017202433
133.46	-0.017382155
133.48	-0.01902067
133.5	-0.016326471
133.52	-0.012346631
133.54	-0.006608417
133.56	-0.008183773
133.58	-0.006371775
133.6	-0.005135721
133.62	-0.003770425
133.64	-0.011119981
133.66	-0.011304995
133.68	-0.013120608
133.7	-0.009628955
133.72	-0.008234634
133.74	-0.006812036
133.76	-0.007059695
133.78	-0.005411603
133.8	-0.004906796
133.82	0.007471895
133.84	0.011925798
133.86	0.012301949
133.88	0.010361933
133.9	0.004057998
133.92	0.002656396
133.94	0.00192862
133.96	-0.000312468
133.98	-0.005706275
134	-0.003778816
134.02	-0.005757177
134.04	0.002530761
134.06	-2.86975E-05
134.08	-0.005063633
134.1	-0.010258522
134.12	-0.007564594
134.14	-0.000829681
134.16	0.001680442
134.18	0.001193575
134.2	-2.74795E-05
134.22	-0.004142586
134.24	-0.006378965
134.26	-0.002408536
134.28	-0.001888744
134.3	-0.000806215
134.32	0.003603134
134.34	0.005515924
134.36	0.007083702
134.38	0.006451841
134.4	0.004733525
134.42	0.001980978
134.44	-0.000475138
134.46	0.000903357
134.48	0.002917797
134.5	0.005734725
134.52	0.003330718
134.54	-0.007531761
134.56	-0.004179879
134.58	-0.002538526
134.6	-0.002569878
134.62	-0.000705179
134.64	0.002125784
134.66	0.002542206
134.68	0.005367729
134.7	0.004036004
134.72	0.001435223
134.74	-0.003971563
134.76	-0.003026521
134.78	-0.001383883
134.8	-0.00219663
134.82	-0.002182591
134.84	4.96367E-05
134.86	-0.005228053
134.88	-0.004409804
134.9	-0.001308158
134.92	0.003040872
134.94	0.003775827
134.96	0.006113231
134.98	0.003247215
135	0.005515974
135.02	0.003402629
135.04	0.003371404
135.06	0.001749921
135.08	0.004787807
135.1	0.005144525
135.12	0.004293205
135.14	0.000749667
135.16	-0.002779159
135.18	-0.001274343
135.2	-0.003682203
135.22	0.001130869
135.24	-0.003042153
135.26	-0.001851911
135.28	-0.000788649
135.3	-0.001894593
135.32	-0.001389969
135.34	-0.000221319
135.36	0.001856452
135.38	0.001201067
135.4	0.000692801
135.42	0.000915645
135.44	0.00046512
135.46	-0.002055844
135.48	-0.000664295
135.5	-0.004339938
135.52	-0.004178956
135.54	-0.00441903
135.56	-0.00625099
135.58	-0.00736434
135.6	-0.005116723
135.62	-0.000430537
135.64	-0.002508269
135.66	-0.001375197
135.68	-0.002831787
135.7	-0.001025953
135.72	-0.000164431
135.74	0.00034556
135.76	-0.004379501
135.78	0.001243908
135.8	0.00120169
135.82	-0.000498442
135.84	-0.003423388
135.86	-0.001764303
135.88	0.000688829
135.9	0.001374898
135.92	0.001923149
135.94	0.001925407
135.96	0.001978665
135.98	0.005614427
136	0.005254159
136.02	0.004467124
136.04	0.00536495
136.06	0.005346142
136.08	0.002813356
136.1	0.003094774
136.12	0.002931064
136.14	0.002126679
136.16	0.001002658
136.18	0.000421659
136.2	0.000727955
136.22	0.000959242
136.24	0.000960341
136.26	0.000963728
136.28	0.000981139
136.3	0.002368923
136.32	0.001201563
136.34	-5.89761E-05
136.36	0.002832351
136.38	0.003873926
136.4	0.004099027
136.42	0.003504593
136.44	0.001914914
136.46	0.00029184
136.48	8.51519E-05
136.5	7.9207E-05
136.52	-0.000507655
136.54	-0.000745937
136.56	8.02817E-05
136.58	-0.000181821
136.6	-0.001907651
136.62	-4.60773E-05
136.64	-2.66415E-05
136.66	0.000375233
136.68	0.001631036
136.7	0.001028954
136.72	-0.000417309
136.74	-0.001177209
136.76	-0.000414701
136.78	0.000388082
136.8	0.000385935
136.82	-0.000471131
136.84	-0.000853434
136.86	-0.001852798
136.88	-0.001244033
136.9	-0.001964826
136.92	-0.001726551
136.94	-0.001102079
136.96	-0.000811685
136.98	-0.000391651
137	-0.000187729
137.02	-0.00141661
137.04	-0.001253404
137.06	-0.001287641
137.08	-0.001843231
137.1	-0.002374825
137.12	-0.002320169
137.14	-0.002412033
137.16	-0.002110676
137.18	-0.001517869
137.2	-0.001818799
137.22	-0.003899146
137.24	-0.002628445
137.26	-0.002216659
137.28	-0.001874354
137.3	-0.000964894
137.32	2.7816E-05
137.34	0.000120975
137.36	0.000300625
137.38	0.000217116
137.4	0.000272841
137.42	0.000228825
137.44	0.001252497
137.46	0.001039281
137.48	7.51475E-05
137.5	0.000293704
137.52	0.000857611
137.54	0.001186299
137.56	0.001401194
137.58	0.002462183
137.6	0.001584779
137.62	0.001838471
137.64	0.001766363
137.66	0.002019896
137.68	0.002443041
137.7	0.002449379
137.72	0.002278153
137.74	0.00179068
137.76	0.001211024
137.78	0.001314684
137.8	0.001157809
137.82	0.000873764
137.84	0.001009201
137.86	0.000752437
137.88	0.000686582
137.9	0.000751785
137.92	0.000984868
137.94	0.00165046
137.96	0.001560017
137.98	0.001152485
138	0.000803595
138.02	0.000529479
138.04	0.000660836
138.06	0.000914018
138.08	0.000926039
138.1	0.000375355
138.12	0.000369317
138.14	-9.85126E-06
138.16	-0.000553234
138.18	-0.000879495
138.2	-0.000637789
138.22	-0.000620185
138.24	-0.000324312
138.26	4.69562E-05
138.28	-0.000185072
138.3	0.000115991
138.32	0.000361518
138.34	0.000306508
138.36	-0.000279241
138.38	-0.000587831
138.4	-0.000722812
138.42	-0.000896254
138.44	-0.000944641
138.46	-0.001001176
138.48	-0.001644247
138.5	-0.001735976
138.52	-0.001843895
138.54	-0.001910202
138.56	-0.001779826
138.58	-0.001595446
138.6	-0.001520677
138.62	-0.001427322
138.64	-0.001290562
138.66	-0.001283996
138.68	-0.001238281
138.7	-0.001023033
138.72	-0.000997225
138.74	-0.001314589
138.76	-0.001461312
138.78	-0.001580985
138.8	-0.001359335
138.82	-0.000897147
138.84	-0.000714024
138.86	-0.000738523
138.88	-0.000463972
138.9	-0.000408838
138.92	-0.000248026
138.94	-7.31133E-05
138.96	0.000176611
138.98	0.000409936
139	0.000615131
139.02	0.000754784
139.04	0.000916574
139.06	0.000824506
139.08	0.000931082
139.1	0.00082664
139.12	0.000713589
139.14	0.000874601
139.16	0.000857046
139.18	0.001064559
139.2	0.001391843
139.22	0.001617373
139.24	0.001389005
139.26	0.00141905
139.28	0.001308787
139.3	0.001318665
139.32	0.001406255
139.34	0.001312356
139.36	0.00109706
139.38	0.000854261
139.4	0.000682173
139.42	0.000579356
139.44	0.000465665
139.46	0.000524241
139.48	0.000564802
139.5	0.000273636
139.52	0.000401586
139.54	0.000427349
139.56	0.000516809
139.58	0.000684782
139.6	0.000813979
139.62	0.000788484
139.64	0.000565959
139.66	0.000231353
139.68	8.72604E-05
139.7	0.000136001
139.72	0.000250054
139.74	0.00012176
139.76	-7.73738E-05
139.78	-0.000143474
139.8	-5.9883E-05
139.82	-0.000190978
139.84	-0.00025299
139.86	-0.000393716
139.88	-0.000465143
139.9	-0.000549209
139.92	-0.000696723
139.94	-0.000845779
139.96	-0.000905338
139.98	-0.000897903
140	-0.001069849
140.02	-0.001353811
140.04	-0.001605197
140.06	-0.001664929
140.08	-0.001659431
140.1	-0.001520481
140.12	-0.001477303
140.14	-0.001285919
140.16	-0.001204757
140.18	-0.001080577
140.2	-0.000907953
140.22	-0.0007893
140.24	-0.000642318
140.26	-0.000632279
140.28	-0.000635002
140.3	-0.000574489
140.32	-0.000584391
140.34	-0.000580281
140.36	-0.00050242
140.38	-0.000616233
140.4	-0.000484686
140.42	-0.000501904
140.44	-0.000465728
140.46	-0.000288665
140.48	-7.46212E-05
140.5	0.000140033
140.52	0.000305338
140.54	0.000419785
140.56	0.000544193
140.58	0.000651681
140.6	0.000710654
140.62	0.000690577
140.64	0.000646073
140.66	0.000710196
140.68	0.00078874
140.7	0.000767846
140.72	0.000782284
140.74	0.000748647
140.76	0.000735746
140.78	0.000762829
140.8	0.000774543
140.82	0.000738443
140.84	0.000773365
140.86	0.000845416
140.88	0.000847552
140.9	0.00080022
140.92	0.000758517
140.94	0.000727455
140.96	0.000709824
140.98	0.000655707
141	0.000544979
141.02	0.000532728
141.04	0.000487984
141.06	0.000560748
141.08	0.000605533
141.1	0.000711903
141.12	0.000720865
141.14	0.00064596
141.16	0.000651017
141.18	0.000486505
141.2	0.000482449
141.22	0.000411497
141.24	0.000254929
141.26	8.54906E-05
141.28	-6.90038E-05
141.3	-0.000306072
141.32	-0.000389745
141.34	-0.000571194
141.36	-0.000583667
141.38	-0.000690263
141.4	-0.000780793
141.42	-0.000817418
141.44	-0.000852
141.46	-0.000787062
141.48	-0.000736675
141.5	-0.000773083
141.52	-0.000792254
141.54	-0.000831032
141.56	-0.00090917
141.58	-0.000942857
141.6	-0.000954812
141.62	-0.000961306
141.64	-0.0009316
141.66	-0.000904147
141.68	-0.00088753
141.7	-0.000895169
141.72	-0.000837886
141.74	-0.000759338
141.76	-0.000678317
141.78	-0.000619133
141.8	-0.000540953
141.82	-0.000477349
141.84	-0.000406387
141.86	-0.000325378
141.88	-0.000308971
141.9	-0.000277506
141.92	-0.000266615
141.94	-0.000210315
141.96	-0.00017007
141.98	-7.98821E-05
142	-7.00614E-05
142.02	2.17929E-05
142.04	0.00017315
142.06	0.000220065
142.08	0.000265125
142.1	0.000285719
142.12	0.000344732
142.14	0.000373227
142.16	0.000346164
142.18	0.000367862
142.2	0.000415014
142.22	0.000417568
142.24	0.000481492
142.26	0.000428745
142.28	0.000465277
142.3	0.000546009
142.32	0.000601143
142.34	0.000683345
142.36	0.000733214
142.38	0.000808719
142.4	0.000841709
142.42	0.000873559
142.44	0.000889963
142.46	0.000915756
142.48	0.000880141
142.5	0.000779939
142.52	0.000673254
142.54	0.000596342
142.56	0.000567416
142.58	0.000509779
142.6	0.000471203
142.62	0.000416069
142.64	0.000343917
142.66	0.000247696
142.68	0.000194863
142.7	0.000174025
142.72	0.000162001
142.74	0.000141781
142.76	5.85398E-05
142.78	-3.86739E-05
142.8	-0.000119419
142.82	-0.000188428
142.84	-0.000263791
142.86	-0.00033634
142.88	-0.000432775
142.9	-0.000481804
142.92	-0.000542291
142.94	-0.000573403
142.96	-0.000578502
142.98	-0.00057413
143	-0.000554451
143.02	-0.00059247
143.04	-0.000626939
143.06	-0.000639855
143.08	-0.000657183
143.1	-0.000648888
143.12	-0.000638401
143.14	-0.000661106
143.16	-0.000656965
143.18	-0.00066352
143.2	-0.000638186
143.22	-0.000606224
143.24	-0.000575259
143.26	-0.000524235
143.28	-0.000485716
143.3	-0.000424913
143.32	-0.000370449
143.34	-0.000317917
143.36	-0.000280561
143.38	-0.000261252
143.4	-0.000262791
143.42	-0.000268172
143.44	-0.000263515
143.46	-0.00026342
143.48	-0.000253724
143.5	-0.000236421
143.52	-0.000185524
143.54	-0.000150884
143.56	-9.14809E-05
143.58	-3.16953E-05
143.6	4.08546E-05
143.62	0.000119779
143.64	0.00018864
143.66	0.000273517
143.68	0.00036828
143.7	0.000448017
143.72	0.000507855
143.74	0.000527254
143.76	0.000539827
143.78	0.000566198
143.8	0.000578429
143.82	0.000597043
143.84	0.000605751
143.86	0.000624978
143.88	0.000634334
143.9	0.000622355
143.92	0.000627021
143.94	0.000634278
143.96	0.00063423
143.98	0.000617544
144	0.000571349
144.02	0.000523844
144.04	0.000481237
144.06	0.000440061
144.08	0.000408139
144.1	0.000364455
144.12	0.000318869
144.14	0.000261904
144.16	0.000215702
144.18	0.000184535
144.2	0.000151874
144.22	0.000136395
144.24	0.000111995
144.26	7.61694E-05
144.28	3.31966E-05
144.3	-1.31297E-05
144.32	-6.20254E-05
144.34	-0.000123828
144.36	-0.00018732
144.38	-0.000237136
144.4	-0.000297916
144.42	-0.000337934
144.44	-0.000362579
144.46	-0.000381927
144.48	-0.000394938
144.5	-0.000407353
144.52	-0.000418828
144.54	-0.000419922
144.56	-0.000413039
144.58	-0.000398159
144.6	-0.000390456
144.62	-0.000400712
144.64	-0.000407737
144.66	-0.000427129
144.68	-0.000447963
144.7	-0.000471646
144.72	-0.000495926
144.74	-0.000506934
144.76	-0.000515893
144.78	-0.000517163
144.8	-0.000504044
144.82	-0.000479073
144.84	-0.000444993
144.86	-0.000409833
144.88	-0.000375498
144.9	-0.00034049
144.92	-0.000301405
144.94	-0.000262432
144.96	-0.000232336
144.98	-0.000189545
145	-0.000149606
145.02	-0.000105469
145.04	-5.73903E-05
145.06	-1.22996E-05
145.08	3.6418E-05
145.1	8.61271E-05
145.12	0.000132671
145.14	0.000195047
145.16	0.000249906
145.18	0.000304507
145.2	0.000353838
145.22	0.000378101
145.24	0.000403843
145.26	0.000415425
145.28	0.000419394
145.3	0.000427434
145.32	0.000430674
145.34	0.000434456
145.36	0.00043366
145.38	0.000430873
145.4	0.000437013
145.42	0.000443991
145.44	0.000446875
145.46	0.000448994
145.48	0.000442776
145.5	0.00043391