0	0
0.02	-2.45165E-06
0.04	-2.4593E-06
0.06	-2.47978E-06
0.08	-2.49576E-06
0.1	-2.51442E-06
0.12	-2.53091E-06
0.14	-2.5487E-06
0.16	-2.56613E-06
0.18	-2.58298E-06
0.2	-2.60037E-06
0.22	-2.6176E-06
0.24	-2.63423E-06
0.26	-2.65134E-06
0.28	-2.66847E-06
0.3	-2.6848E-06
0.32	-2.70166E-06
0.34	-2.71842E-06
0.36	-2.73467E-06
0.38	-2.75115E-06
0.4	-2.76757E-06
0.42	-2.78359E-06
0.44	-2.79949E-06
0.46	-2.81548E-06
0.48	-2.83114E-06
0.5	-2.84666E-06
0.52	-2.86236E-06
0.54	-2.8777E-06
0.56	-2.89281E-06
0.58	-2.90794E-06
0.6	-2.923E-06
0.62	-2.93737E-06
0.64	-2.9517E-06
0.66	-2.96651E-06
0.68	-2.98081E-06
0.7	-2.9943E-06
0.72	-3.00754E-06
0.74	-3.02175E-06
0.76	-3.03627E-06
0.78	-3.0499E-06
0.8	-3.06239E-06
0.82	-3.07474E-06
0.84	-3.08918E-06
0.86	-3.10707E-06
0.88	-3.12809E-06
0.9	-3.14962E-06
0.92	-3.16815E-06
0.94	-3.17993E-06
0.96	-3.185E-06
0.98	-3.18921E-06
1	-3.19617E-06
1.02	-3.20456E-06
1.04	-3.21018E-06
1.06	-3.21415E-06
1.08	-3.21987E-06
1.1	-3.22652E-06
1.12	-3.23198E-06
1.14	-3.23648E-06
1.16	-3.24045E-06
1.18	-3.24436E-06
1.2	-3.24872E-06
1.22	-3.25213E-06
1.24	-3.25504E-06
1.26	-3.25741E-06
1.28	-3.25905E-06
1.3	-3.26159E-06
1.32	-3.26314E-06
1.34	-3.26346E-06
1.36	-3.264E-06
1.38	-3.26384E-06
1.4	-3.26342E-06
1.42	-3.26247E-06
1.44	-3.26015E-06
1.46	-3.25851E-06
1.48	-3.25565E-06
1.5	-3.25264E-06
1.52	-3.24891E-06
1.54	-3.2443E-06
1.56	-3.24009E-06
1.58	-3.23437E-06
1.6	-3.22877E-06
1.62	-3.22187E-06
1.64	-3.21434E-06
1.66	-3.20567E-06
1.68	-3.19686E-06
1.7	-3.18825E-06
1.72	-3.17808E-06
1.74	-3.16505E-06
1.76	-3.14878E-06
1.78	-3.1323E-06
1.8	-3.11762E-06
1.82	-3.1065E-06
1.84	-3.09784E-06
1.86	-3.09035E-06
1.88	-3.08143E-06
1.9	-3.0702E-06
1.92	-3.05676E-06
1.94	-3.04268E-06
1.96	-3.02828E-06
1.98	-3.0126E-06
2	-2.99439E-06
2.02	-2.97489E-06
2.04	-2.95553E-06
2.06	-2.93613E-06
2.08	-2.91461E-06
2.1	-2.89135E-06
2.12	-2.86742E-06
2.14	-2.84326E-06
2.16	-2.81803E-06
2.18	-2.79131E-06
2.2	-2.76343E-06
2.22	-2.73446E-06
2.24	-2.70488E-06
2.26	-2.67466E-06
2.28	-2.64314E-06
2.3	-2.61002E-06
2.32	-2.57616E-06
2.34	-2.5417E-06
2.36	-2.50597E-06
2.38	-2.46893E-06
2.4	-2.43041E-06
2.42	-2.39137E-06
2.44	-2.35119E-06
2.46	-2.30948E-06
2.48	-2.26666E-06
2.5	-2.22304E-06
2.52	-2.17861E-06
2.54	-2.13303E-06
2.56	-2.08598E-06
2.58	-2.03724E-06
2.6	-1.98789E-06
2.62	-1.93789E-06
2.64	-1.88782E-06
2.66	-1.83695E-06
2.68	-1.78303E-06
2.7	-1.72508E-06
2.72	-1.66293E-06
2.74	-1.59884E-06
2.76	-1.5342E-06
2.78	-1.46946E-06
2.8	-1.40471E-06
2.82	-1.33941E-06
2.84	-1.2734E-06
2.86	-1.20653E-06
2.88	-1.13868E-06
2.9	-1.06998E-06
2.92	-1.0002E-06
2.94	-9.28718E-07
2.96	-8.55749E-07
2.98	-7.81429E-07
3	-7.06369E-07
3.02	-6.30012E-07
3.04	-5.51694E-07
3.06	-4.71653E-07
3.08	-3.90418E-07
3.1	-3.08286E-07
3.12	-2.24256E-07
3.14	-1.38279E-07
3.16	-5.06344E-08
3.18	3.83312E-08
3.2	1.28736E-07
3.22	2.20744E-07
3.24	3.14585E-07
3.26	4.10299E-07
3.28	5.07351E-07
3.3	6.05866E-07
3.32	7.06012E-07
3.34	8.08304E-07
3.36	9.12311E-07
3.38	1.01788E-06
3.4	1.12533E-06
3.42	1.23492E-06
3.44	1.34626E-06
3.46	1.45892E-06
3.48	1.57329E-06
3.5	1.68998E-06
3.52	1.80921E-06
3.54	1.93039E-06
3.56	2.05243E-06
3.58	2.17476E-06
3.6	2.2974E-06
3.62	2.42111E-06
3.64	2.54746E-06
3.66	2.67718E-06
3.68	2.81027E-06
3.7	2.9462E-06
3.72	3.08461E-06
3.74	3.22555E-06
3.76	3.36908E-06
3.78	3.51465E-06
3.8	3.66221E-06
3.82	3.81168E-06
3.84	3.96314E-06
3.86	4.11666E-06
3.88	4.27223E-06
3.9	4.42992E-06
3.92	4.58963E-06
3.94	4.7513E-06
3.96	4.91492E-06
3.98	5.08063E-06
4	5.24855E-06
4.02	5.41851E-06
4.04	5.59036E-06
4.06	5.76413E-06
4.08	5.94023E-06
4.1	6.11865E-06
4.12	6.29923E-06
4.14	6.48179E-06
4.16	6.66642E-06
4.18	6.85352E-06
4.2	7.04287E-06
4.22	7.23449E-06
4.24	7.42814E-06
4.26	7.62381E-06
4.28	7.82173E-06
4.3	8.02199E-06
4.32	8.22463E-06
4.34	8.42946E-06
4.36	8.63668E-06
4.38	8.84632E-06
4.4	9.05799E-06
4.42	9.27175E-06
4.44	9.48817E-06
4.46	9.70798E-06
4.48	9.93128E-06
4.5	1.01572E-05
4.52	1.0385E-05
4.54	1.06141E-05
4.56	1.08443E-05
4.58	1.10761E-05
4.6	1.13098E-05
4.62	1.15458E-05
4.64	1.1784E-05
4.66	1.20246E-05
4.68	1.22679E-05
4.7	1.25141E-05
4.72	1.27631E-05
4.74	1.30146E-05
4.76	1.32686E-05
4.78	1.35253E-05
4.8	1.37848E-05
4.82	1.40468E-05
4.84	1.43115E-05
4.86	1.45788E-05
4.88	1.48487E-05
4.9	1.51212E-05
4.92	1.53963E-05
4.94	1.56741E-05
4.96	1.59543E-05
4.98	1.62371E-05
5	1.65224E-05
5.02	1.68101E-05
5.04	1.71004E-05
5.06	1.73933E-05
5.08	1.76886E-05
5.1	1.79863E-05
5.12	1.82865E-05
5.14	1.85894E-05
5.16	1.88949E-05
5.18	1.92028E-05
5.2	1.95131E-05
5.22	1.98257E-05
5.24	2.01407E-05
5.26	2.04582E-05
5.28	2.07783E-05
5.3	2.11007E-05
5.32	2.14254E-05
5.34	2.17521E-05
5.36	2.20807E-05
5.38	2.24112E-05
5.4	2.27445E-05
5.42	2.3081E-05
5.44	2.34209E-05
5.46	2.37637E-05
5.48	2.4109E-05
5.5	2.44567E-05
5.52	2.48066E-05
5.54	2.51585E-05
5.56	2.55122E-05
5.58	2.58678E-05
5.6	2.62252E-05
5.62	2.65845E-05
5.64	2.69459E-05
5.66	2.73093E-05
5.68	2.76747E-05
5.7	2.8042E-05
5.72	2.84114E-05
5.74	2.87827E-05
5.76	2.91562E-05
5.78	2.95316E-05
5.8	2.99089E-05
5.82	3.02882E-05
5.84	3.06696E-05
5.86	3.1053E-05
5.88	3.14383E-05
5.9	3.18256E-05
5.92	3.22148E-05
5.94	3.26059E-05
5.96	3.29989E-05
5.98	3.33937E-05
6	3.37903E-05
6.02	3.41886E-05
6.04	3.45886E-05
6.06	3.49902E-05
6.08	3.53936E-05
6.1	3.57987E-05
6.12	3.62055E-05
6.14	3.66139E-05
6.16	3.70237E-05
6.18	3.74349E-05
6.2	3.78477E-05
6.22	3.82622E-05
6.24	3.86783E-05
6.26	3.90957E-05
6.28	3.95143E-05
6.3	3.99336E-05
6.32	4.03534E-05
6.34	4.07738E-05
6.36	4.11952E-05
6.38	4.16178E-05
6.4	4.20416E-05
6.42	4.24667E-05
6.44	4.28931E-05
6.46	4.33207E-05
6.48	4.37494E-05
6.5	4.41791E-05
6.52	4.46096E-05
6.54	4.50407E-05
6.56	4.54724E-05
6.58	4.59046E-05
6.6	4.63373E-05
6.62	4.67702E-05
6.64	4.72034E-05
6.66	4.76368E-05
6.68	4.80703E-05
6.7	4.85039E-05
6.72	4.89374E-05
6.74	4.93707E-05
6.76	4.98037E-05
6.78	5.02366E-05
6.8	5.06691E-05
6.82	5.11012E-05
6.84	5.15328E-05
6.86	5.19638E-05
6.88	5.23943E-05
6.9	5.28242E-05
6.92	5.32533E-05
6.94	5.36816E-05
6.96	5.41089E-05
6.98	5.45352E-05
7	5.49604E-05
7.02	5.53843E-05
7.04	5.5807E-05
7.06	5.62284E-05
7.08	5.66485E-05
7.1	5.70669E-05
7.12	5.74835E-05
7.14	5.78984E-05
7.16	5.83117E-05
7.18	5.87234E-05
7.2	5.91335E-05
7.22	5.95419E-05
7.24	5.99481E-05
7.26	6.03519E-05
7.28	6.07531E-05
7.3	6.11513E-05
7.32	6.15467E-05
7.34	6.1939E-05
7.36	6.23284E-05
7.38	6.27146E-05
7.4	6.30977E-05
7.42	6.34778E-05
7.44	6.38548E-05
7.46	6.42284E-05
7.48	6.45986E-05
7.5	6.49653E-05
7.52	6.53283E-05
7.54	6.56876E-05
7.56	6.6043E-05
7.58	6.63944E-05
7.6	6.67416E-05
7.62	6.70845E-05
7.64	6.7423E-05
7.66	6.7757E-05
7.68	6.80861E-05
7.7	6.84104E-05
7.72	6.87296E-05
7.74	6.90437E-05
7.76	6.93523E-05
7.78	6.96555E-05
7.8	6.99529E-05
7.82	7.02446E-05
7.84	7.05303E-05
7.86	7.08099E-05
7.88	7.10833E-05
7.9	7.13503E-05
7.92	7.16106E-05
7.94	7.18642E-05
7.96	7.21108E-05
7.98	7.23504E-05
8	7.25828E-05
8.02	7.28077E-05
8.04	7.30251E-05
8.06	7.32344E-05
8.08	7.34355E-05
8.1	7.36284E-05
8.12	7.38129E-05
8.14	7.39892E-05
8.16	7.4157E-05
8.18	7.43163E-05
8.2	7.44669E-05
8.22	7.46085E-05
8.24	7.47408E-05
8.26	7.48635E-05
8.28	7.49765E-05
8.3	7.50793E-05
8.32	7.51719E-05
8.34	7.52539E-05
8.36	7.53252E-05
8.38	7.53858E-05
8.4	7.54352E-05
8.42	7.54734E-05
8.44	7.55001E-05
8.46	7.55153E-05
8.48	7.55186E-05
8.5	7.55099E-05
8.52	7.5489E-05
8.54	7.54556E-05
8.56	7.54096E-05
8.58	7.53508E-05
8.6	7.5279E-05
8.62	7.51939E-05
8.64	7.50954E-05
8.66	7.49832E-05
8.68	7.48572E-05
8.7	7.4717E-05
8.72	7.45624E-05
8.74	7.43932E-05
8.76	7.4209E-05
8.78	7.40098E-05
8.8	7.37953E-05
8.82	7.35653E-05
8.84	7.33195E-05
8.86	7.30576E-05
8.88	7.27794E-05
8.9	7.24846E-05
8.92	7.21731E-05
8.94	7.18447E-05
8.96	7.14991E-05
8.98	7.1136E-05
9	7.0755E-05
9.02	7.03559E-05
9.04	6.99382E-05
9.06	6.95016E-05
9.08	6.9046E-05
9.1	6.85711E-05
9.12	6.80768E-05
9.14	6.75628E-05
9.16	6.7029E-05
9.18	6.64751E-05
9.2	6.59008E-05
9.22	6.53059E-05
9.24	6.46901E-05
9.26	6.40529E-05
9.28	6.33943E-05
9.3	6.27137E-05
9.32	6.2011E-05
9.34	6.12857E-05
9.36	6.05377E-05
9.38	5.97666E-05
9.4	5.89721E-05
9.42	5.81539E-05
9.44	5.73118E-05
9.46	5.64453E-05
9.48	5.55541E-05
9.5	5.46381E-05
9.52	5.36969E-05
9.54	5.27301E-05
9.56	5.17376E-05
9.58	5.07189E-05
9.6	4.96739E-05
9.62	4.86021E-05
9.64	4.75035E-05
9.66	4.63775E-05
9.68	4.52239E-05
9.7	4.40423E-05
9.72	4.28326E-05
9.74	4.15942E-05
9.76	4.03271E-05
9.78	3.90307E-05
9.8	3.77049E-05
9.82	3.63493E-05
9.84	3.49635E-05
9.86	3.35472E-05
9.88	3.21002E-05
9.9	3.06223E-05
9.92	2.91131E-05
9.94	2.75724E-05
9.96	2.59998E-05
9.98	2.43949E-05
10	2.27574E-05
10.02	2.10868E-05
10.04	1.93828E-05
10.06	1.7645E-05
10.08	1.58731E-05
10.1	1.40668E-05
10.12	1.22258E-05
10.14	1.03499E-05
10.16	8.43866E-06
10.18	6.49185E-06
10.2	4.50915E-06
10.22	2.49024E-06
10.24	4.34817E-07
10.26	-1.65746E-06
10.28	-3.78692E-06
10.3	-5.95387E-06
10.32	-8.15866E-06
10.34	-1.04016E-05
10.36	-1.2683E-05
10.38	-1.50032E-05
10.4	-1.73626E-05
10.42	-1.97615E-05
10.44	-2.22002E-05
10.46	-2.46791E-05
10.48	-2.71985E-05
10.5	-2.97587E-05
10.52	-3.23601E-05
10.54	-3.5003E-05
10.56	-3.76878E-05
10.58	-4.04146E-05
10.6	-4.3184E-05
10.62	-4.5996E-05
10.64	-4.88513E-05
10.66	-5.17499E-05
10.68	-5.46923E-05
10.7	-5.76788E-05
10.72	-6.07096E-05
10.74	-6.37851E-05
10.76	-6.69056E-05
10.78	-7.00715E-05
10.8	-7.32831E-05
10.82	-7.65408E-05
10.84	-7.98447E-05
10.86	-8.31953E-05
10.88	-8.65926E-05
10.9	-9.0037E-05
10.92	-9.35287E-05
10.94	-9.7068E-05
10.96	-0.000100655
10.98	-0.000104291
11	-0.000107975
11.02	-0.000111708
11.04	-0.00011549
11.06	-0.000119321
11.08	-0.000123202
11.1	-0.000127134
11.12	-0.000131115
11.14	-0.000135148
11.16	-0.000139231
11.18	-0.000143365
11.2	-0.00014755
11.22	-0.000151787
11.24	-0.000156076
11.26	-0.000160417
11.28	-0.00016481
11.3	-0.000169256
11.32	-0.000173754
11.34	-0.000178305
11.36	-0.00018291
11.38	-0.000187568
11.4	-0.000192279
11.42	-0.000197045
11.44	-0.000201864
11.46	-0.000206737
11.48	-0.000211665
11.5	-0.000216648
11.52	-0.000221685
11.54	-0.000226777
11.56	-0.000231925
11.58	-0.000237128
11.6	-0.000242386
11.62	-0.0002477
11.64	-0.000253069
11.66	-0.000258495
11.68	-0.000263976
11.7	-0.000269514
11.72	-0.000275108
11.74	-0.000280759
11.76	-0.000286466
11.78	-0.00029223
11.8	-0.00029805
11.82	-0.000303928
11.84	-0.000309863
11.86	-0.000315854
11.88	-0.000321903
11.9	-0.000328009
11.92	-0.000334173
11.94	-0.000340393
11.96	-0.000346671
11.98	-0.000353006
12	-0.000359398
12.02	-0.000365848
12.04	-0.000372355
12.06	-0.000378919
12.08	-0.00038554
12.1	-0.000392219
12.12	-0.000398956
12.14	-0.000405749
12.16	-0.0004126
12.18	-0.000419507
12.2	-0.000426472
12.22	-0.000433494
12.24	-0.000440573
12.26	-0.000447708
12.28	-0.0004549
12.3	-0.000462149
12.32	-0.000469454
12.34	-0.000476815
12.36	-0.000484232
12.38	-0.000491706
12.4	-0.000499234
12.42	-0.000506819
12.44	-0.000514458
12.46	-0.000522153
12.48	-0.000529902
12.5	-0.000537706
12.52	-0.000545564
12.54	-0.000553476
12.56	-0.000561442
12.58	-0.000569461
12.6	-0.000577533
12.62	-0.000585658
12.64	-0.000593836
12.66	-0.000602065
12.68	-0.000610346
12.7	-0.000618678
12.72	-0.00062706
12.74	-0.000635493
12.76	-0.000643976
12.78	-0.000652509
12.8	-0.000661091
12.82	-0.000669721
12.84	-0.000678399
12.86	-0.000687125
12.88	-0.000695898
12.9	-0.000704717
12.92	-0.000713582
12.94	-0.000722493
12.96	-0.000731448
12.98	-0.000740447
13	-0.000749489
13.02	-0.000758574
13.04	-0.000767701
13.06	-0.000776869
13.08	-0.000786078
13.1	-0.000795327
13.12	-0.000804615
13.14	-0.000813941
13.16	-0.000823304
13.18	-0.000832705
13.2	-0.000842141
13.22	-0.000851612
13.24	-0.000861118
13.26	-0.000870656
13.28	-0.000880227
13.3	-0.000889829
13.32	-0.000899462
13.34	-0.000909124
13.36	-0.000918815
13.38	-0.000928533
13.4	-0.000938277
13.42	-0.000948046
13.44	-0.00095784
13.46	-0.000967657
13.48	-0.000977495
13.5	-0.000987354
13.52	-0.000997233
13.54	-0.00100713
13.56	-0.001017044
13.58	-0.001026974
13.6	-0.001036918
13.62	-0.001046875
13.64	-0.001056845
13.66	-0.001066824
13.68	-0.001076812
13.7	-0.001086808
13.72	-0.00109681
13.74	-0.001106817
13.76	-0.001116826
13.78	-0.001126837
13.8	-0.001136848
13.82	-0.001146858
13.84	-0.001156864
13.86	-0.001166865
13.88	-0.00117686
13.9	-0.001186847
13.92	-0.001196823
13.94	-0.001206788
13.96	-0.001216739
13.98	-0.001226675
14	-0.001236593
14.02	-0.001246492
14.04	-0.00125637
14.06	-0.001266226
14.08	-0.001276056
14.1	-0.001285858
14.12	-0.001295632
14.14	-0.001305375
14.16	-0.001315084
14.18	-0.001324758
14.2	-0.001334394
14.22	-0.00134399
14.24	-0.001353545
14.26	-0.001363055
14.28	-0.001372518
14.3	-0.001381932
14.32	-0.001391295
14.34	-0.001400604
14.36	-0.001409856
14.38	-0.00141905
14.4	-0.001428183
14.42	-0.001437252
14.44	-0.001446254
14.46	-0.001455188
14.48	-0.00146405
14.5	-0.001472837
14.52	-0.001481547
14.54	-0.001490178
14.56	-0.001498726
14.58	-0.001507188
14.6	-0.001515562
14.62	-0.001523845
14.64	-0.001532033
14.66	-0.001540124
14.68	-0.001548115
14.7	-0.001556003
14.72	-0.001563783
14.74	-0.001571455
14.76	-0.001579013
14.78	-0.001586456
14.8	-0.001593779
14.82	-0.001600979
14.84	-0.001608053
14.86	-0.001614999
14.88	-0.001621811
14.9	-0.001628487
14.92	-0.001635023
14.94	-0.001641416
14.96	-0.001647663
14.98	-0.001653758
15	-0.001668659
15.02	-0.002031675
15.04	-0.001753596
15.06	-0.001676336
15.08	-0.001596147
15.1	-0.001672018
15.12	-0.001471389
15.14	-0.001560675
15.16	-0.001059487
15.18	-0.001126164
15.2	0.000750423
15.22	0.006347698
15.24	0.020274755
15.26	0.016872916
15.28	-0.000433056
15.3	-0.010784075
15.32	-0.026796834
15.34	-0.03152581
15.36	-0.017038268
15.38	0.009564709
15.4	0.011520682
15.42	-0.00434336
15.44	-0.023345677
15.46	-0.025079949
15.48	-0.006955404
15.5	0.015532085
15.52	0.035946904
15.54	0.056731701
15.56	0.050801108
15.58	0.039361313
15.6	0.047038291
15.62	0.027248862
15.64	0.007189481
15.66	-0.028153382
15.68	-0.037861881
15.7	-0.020689367
15.72	-0.008593268
15.74	-0.018788199
15.76	-0.048592528
15.78	-0.06922208
15.8	-0.074632511
15.82	-0.065045042
15.84	-0.051375128
15.86	-0.049727332
15.88	-0.041328602
15.9	-0.0193154
15.92	0.020137047
15.94	0.001282465
15.96	-0.015429643
15.98	-0.018314423
16	-0.015129956
16.02	0.018677045
16.04	0.051472584
16.06	0.071293248
16.08	0.079838797
16.1	0.083019744
16.12	0.072025375
16.14	0.091659009
16.16	0.094689257
16.18	0.111181293
16.2	0.07116687
16.22	0.074559136
16.24	0.066034931
16.26	0.083357965
16.28	0.084238824
16.3	0.093877708
16.32	0.087320457
16.34	0.084444596
16.36	0.073593254
16.38	0.046004169
16.4	0.036100348
16.42	-0.012910484
16.44	-0.037632003
16.46	-0.021649688
16.48	-0.013388779
16.5	0.015503516
16.52	0.004860774
16.54	-0.027445558
16.56	-0.060822355
16.58	-0.067870006
16.6	-0.056157201
16.62	0.013833676
16.64	0.062444465
16.66	0.098514192
16.68	0.101047633
16.7	0.085411488
16.72	0.062971705
16.74	0.048662202
16.76	0.040406514
16.78	0.038408729
16.8	0.043045165
16.82	0.07448194
16.84	0.078178957
16.86	-0.0107847
16.88	-0.101740746
16.9	-0.152320252
16.92	-0.13516348
16.94	-0.138567683
16.96	-0.140950908
16.98	-0.137360372
17	-0.169924448
17.02	-0.172095803
17.04	-0.197781393
17.06	-0.223516851
17.08	-0.229190067
17.1	-0.201708318
17.12	-0.22418702
17.14	-0.169374479
17.16	-0.117787664
17.18	0.053509991
17.2	0.034907414
17.22	0.048649691
17.24	0.065140273
17.26	0.158432182
17.28	0.219145703
17.3	0.318054222
17.32	0.367024406
17.34	0.370010085
17.36	0.364172235
17.38	0.363247796
17.4	0.316191613
17.42	0.225650267
17.44	-0.078427214
17.46	-0.049544733
17.48	-0.092841981
17.5	-0.060057362
17.52	-0.08194474
17.54	-0.002915762
17.56	0.105249792
17.58	0.15948738
17.6	0.195592439
17.62	0.176862943
17.64	0.125180491
17.66	0.036270892
17.68	-0.161840849
17.7	-0.196886406
17.72	-0.215459656
17.74	-0.219466806
17.76	-0.181694687
17.78	-0.184832032
17.8	-0.215747197
17.82	-0.328646285
17.84	-0.424300528
17.86	-0.398669657
17.88	-0.313007659
17.9	-0.323493143
17.92	-0.252313909
17.94	-0.193037574
17.96	-0.099998537
17.98	-0.058885114
18	-0.07074868
18.02	-0.110920766
18.04	-0.114580054
18.06	-0.177985505
18.08	-0.171681206
18.1	-0.167167213
18.12	-0.133919599
18.14	-0.0945372
18.16	-0.093228468
18.18	-0.062724758
18.2	0.077751252
18.22	0.110981998
18.24	0.175523111
18.26	0.132019745
18.28	0.131831646
18.3	0.092416757
18.32	0.102411746
18.34	0.116350195
18.36	0.109444681
18.38	0.114762058
18.4	0.131206176
18.42	0.197230101
18.44	0.193255886
18.46	0.198514081
18.48	0.146504019
18.5	0.189903855
18.52	0.140277509
18.54	0.211406689
18.56	0.233968176
18.58	0.270347675
18.6	0.147924566
18.62	0.037694211
18.64	0.040195782
18.66	-0.000256901
18.68	-0.077582945
18.7	-0.150039313
18.72	-0.146814091
18.74	-0.105899409
18.76	-0.102493229
18.78	-0.122862883
18.8	-0.159028139
18.82	-0.162941797
18.84	-0.118492454
18.86	-0.138641289
18.88	-0.169766964
18.9	-0.147796585
18.92	-0.117363488
18.94	-0.114841624
18.96	-0.12428428
18.98	-0.070031399
19	-0.020708363
19.02	-0.015443271
19.04	-0.011362831
19.06	-0.001359787
19.08	0.049691563
19.1	0.129373193
19.12	0.098185737
19.14	0.105952681
19.16	0.109028235
19.18	0.189384689
19.2	0.271648933
19.22	0.233143728
19.24	0.188425164
19.26	0.207432972
19.28	0.141493366
19.3	0.16237119
19.32	0.098404193
19.34	0.098106728
19.36	0.046703769
19.38	0.126890025
19.4	0.117227299
19.42	0.177503492
19.44	0.140270743
19.46	0.230767148
19.48	0.181861401
19.5	0.220484137
19.52	0.17480155
19.54	0.235685175
19.56	0.226502874
19.58	0.214725699
19.6	-0.194855275
19.62	-0.250082275
19.64	-0.218140746
19.66	-0.146749485
19.68	-0.136189965
19.7	-0.156899541
19.72	-0.204322791
19.74	-0.223785519
19.76	-0.206089887
19.78	-0.176775214
19.8	-0.151088268
19.82	-0.08548069
19.84	-0.019112537
19.86	0.075095815
19.88	0.117660497
19.9	0.075690628
19.92	-0.032586197
19.94	-0.044865249
19.96	-0.030331923
19.98	-0.048152938
20	0.045519297
20.02	0.114089676
20.04	0.184476511
20.06	0.173490119
20.08	0.161654118
20.1	-0.135298336
20.12	-0.121522598
20.14	-0.119388012
20.16	-0.081539575
20.18	-0.080687849
20.2	-0.060038039
20.22	-0.119231927
20.24	-0.231124988
20.26	-0.212756
20.28	-0.209796923
20.3	-0.220603312
20.32	-0.213277646
20.34	-0.181594895
20.36	-0.169806999
20.38	-0.142360916
20.4	-0.197122983
20.42	-0.223206656
20.44	-0.199974693
20.46	-0.208680127
20.48	-0.185613906
20.5	-0.155013185
20.52	-0.10361594
20.54	-0.109896578
20.56	-0.149151431
20.58	-0.203889835
20.6	-0.12982335
20.62	0.1763952
20.64	0.243267313
20.66	0.255686886
20.68	0.270076505
20.7	0.224897719
20.72	0.175698741
20.74	0.083383056
20.76	0.081569305
20.78	0.153538294
20.8	0.211519186
20.82	0.197342235
20.84	0.185900201
20.86	0.190531644
20.88	0.216987024
20.9	0.197692458
20.92	0.178284345
20.94	0.138092358
20.96	0.129589512
20.98	0.120834108
21	0.152435891
21.02	0.136932106
21.04	0.100553461
21.06	0.03140155
21.08	0.009586276
21.1	0.012328597
21.12	-0.020815836
21.14	-0.001165482
21.16	-0.058574697
21.18	-0.047301773
21.2	-0.022982163
21.22	-0.012454935
21.24	-0.048064426
21.26	-0.080755816
21.28	-0.112775095
21.3	-0.121066711
21.32	-0.124668637
21.34	-0.120180208
21.36	-0.142732933
21.38	-0.136136011
21.4	-0.118966889
21.42	-0.076110748
21.44	0.042378986
21.46	0.056720533
21.48	0.047790158
21.5	0.027461618
21.52	0.035478739
21.54	0.05521272
21.56	0.089081194
21.58	0.067273679
21.6	0.068613628
21.62	0.055920154
21.64	0.027814773
21.66	-0.00163572
21.68	-0.061595295
21.7	-0.094296343
21.72	-0.096270398
21.74	-0.071883528
21.76	-0.039290885
21.78	-0.046854782
21.8	-0.080150361
21.82	-0.09800996
21.84	-0.107286214
21.86	-0.102132868
21.88	-0.094303815
21.9	-0.062033209
21.92	-0.038422656
21.94	-0.025511018
21.96	-0.00811491
21.98	0.014036169
22	0.014651341
22.02	0.041364109
22.04	0.072380649
22.06	0.10566531
22.08	0.139869116
22.1	0.156884342
22.12	0.103839365
22.14	0.019743183
22.16	-0.044706155
22.18	-0.031953293
22.2	-0.019745608
22.22	-0.008113506
22.24	-0.01408264
22.26	-0.015365104
22.28	-0.014092584
22.3	-0.015006715
22.32	-0.025679788
22.34	-0.02790079
22.36	0.047056979
22.38	0.064987777
22.4	0.065167814
22.42	0.052155633
22.44	0.054965334
22.46	0.048840619
22.48	0.022776263
22.5	0.013771769
22.52	0.05487957
22.54	0.084763485
22.56	0.099629085
22.58	0.081876732
22.6	0.062990298
22.62	0.033112141
22.64	0.021550971
22.66	0.034887456
22.68	0.043672624
22.7	0.049254808
22.72	0.110022055
22.74	0.072892568
22.76	0.055014911
22.78	0.064566728
22.8	-0.004293754
22.82	-0.024200511
22.84	-0.001315806
22.86	0.014338643
22.88	0.047325321
22.9	0.144090633
22.92	0.152695087
22.94	0.143294421
22.96	0.141885753
22.98	0.139503489
23	0.180650203
23.02	0.196635767
23.04	0.198266625
23.06	0.150166882
23.08	0.110577136
23.1	-0.035971719
23.12	-0.031288174
23.14	-0.083777196
23.16	-0.070593886
23.18	-0.114284657
23.2	-0.058075396
23.22	-0.051529294
23.24	-0.069071886
23.26	-0.121772262
23.28	-0.123595777
23.3	-0.127862454
23.32	-0.10895585
23.34	-0.106338938
23.36	-0.133048077
23.38	-0.151519656
23.4	-0.182882327
23.42	-0.196222438
23.44	-0.205042706
23.46	-0.182464479
23.48	-0.217123638
23.5	-0.181793933
23.52	-0.14737115
23.54	-0.060914196
23.56	-0.033780066
23.58	0.020795553
23.6	0.069265551
23.62	0.071736693
23.64	0.072493694
23.66	0.042777332
23.68	0.050226428
23.7	0.023591284
23.72	0.045292876
23.74	0.009434612
23.76	-0.018337626
23.78	-0.039289896
23.8	0.010378072
23.82	0.023215307
23.84	0.05592086
23.86	0.036048041
23.88	0.048997532
23.9	0.024548192
23.92	0.010101001
23.94	0.006507045
23.96	0.038413094
23.98	0.013621531
24	0.043411414
24.02	-0.002372485
24.04	0.022249799
24.06	0.005043111
24.08	0.020244969
24.1	0.018716237
24.12	0.076097534
24.14	0.047217695
24.16	0.110990822
24.18	0.051441519
24.2	0.037483399
24.22	-0.136850563
24.24	-0.134586959
24.26	-0.163422982
24.28	-0.118211783
24.3	-0.116789295
24.32	-0.084032506
24.34	-0.169006471
24.36	-0.101877367
24.38	-0.174752174
24.4	-0.094250156
24.42	0.014144796
24.44	0.084319575
24.46	0.123030732
24.48	0.138447578
24.5	0.075798877
24.52	0.074342533
24.54	0.009638541
24.56	-0.080604853
24.58	-0.130305848
24.6	-0.126199609
24.62	-0.113122054
24.64	-0.111909956
24.66	-0.07439832
24.68	-0.017953764
24.7	-0.025130538
24.72	0.020381362
24.74	0.061735529
24.76	0.072316728
24.78	0.08729525
24.8	-0.000960903
24.82	0.001614509
24.84	0.000335246
24.86	-0.012382162
24.88	-0.01919068
24.9	0.001517775
24.92	-0.043062155
24.94	-0.049365333
24.96	-0.015045801
24.98	0.004830573
25	0.010534824
25.02	0.059208106
25.04	0.090934456
25.06	0.068925516
25.08	0.115518487
25.1	0.192018598
25.12	0.248872554
25.14	0.142597456
25.16	0.111044963
25.18	0.092261994
25.2	-0.015943719
25.22	-0.072705876
25.24	-0.053186682
25.26	0.004430748
25.28	0.060574755
25.3	0.060228082
25.32	0.030438517
25.34	0.03089286
25.36	0.046451786
25.38	0.025272268
25.4	0.03479746
25.42	0.006150182
25.44	0.04537227
25.46	0.042239861
25.48	0.042267096
25.5	0.05357794
25.52	0.087651161
25.54	0.100912685
25.56	0.134060069
25.58	0.128638615
25.6	0.123803666
25.62	0.087428619
25.64	0.061233106
25.66	-0.019613621
25.68	-0.058261364
25.7	-0.05160008
25.72	-0.047027502
25.74	-0.027451075
25.76	-0.049711352
25.78	-0.025843963
25.8	-0.060882325
25.82	-0.081430603
25.84	-0.116171842
25.86	-0.122738463
25.88	-0.133836116
25.9	-0.133768982
25.92	-0.126408704
25.94	-0.141190486
25.96	-0.140513436
25.98	-0.161496242
26	-0.152408437
26.02	-0.165313457
26.04	-0.154254777
26.06	-0.151392451
26.08	-0.125734485
26.1	-0.140173848
26.12	-0.105819581
26.14	-0.10967418
26.16	-0.055114984
26.18	0.041434402
26.2	0.077987452
26.22	0.113948842
26.24	0.0842385
26.26	0.082957814
26.28	0.044433347
26.3	0.046240438
26.32	0.027714522
26.34	0.059179571
26.36	0.067794905
26.38	0.114231409
26.4	0.146043372
26.42	0.169263785
26.44	0.157182505
26.46	0.12609155
26.48	0.097237956
26.5	0.062036905
26.52	0.055779885
26.54	-0.016030659
26.56	-0.009393985
26.58	-0.011696505
26.6	-0.031244033
26.62	-0.055134734
26.64	-0.07060015
26.66	-0.098779812
26.68	-0.140048703
26.7	-0.149458487
26.72	-0.151070622
26.74	-0.119140896
26.76	-0.111124149
26.78	-0.105678228
26.8	-0.104512708
26.82	-0.083148341
26.84	-0.050783614
26.86	0.019461455
26.88	0.047000213
26.9	0.063921637
26.92	0.078466689
26.94	0.105523955
26.96	0.139333709
26.98	0.174941446
27	0.189408034
27.02	0.191585833
27.04	0.229877346
27.06	0.256717863
27.08	0.266224583
27.1	0.256088711
27.12	0.205107424
27.14	0.122993938
27.16	0.055107661
27.18	0.001550397
27.2	-0.041411916
27.22	-0.093095323
27.24	-0.142329015
27.26	-0.141609652
27.28	-0.135441674
27.3	-0.135789294
27.32	-0.153873198
27.34	-0.16950914
27.36	-0.200745197
27.38	-0.223100641
27.4	-0.2323821
27.42	-0.233883647
27.44	-0.213413034
27.46	-0.221600797
27.48	-0.209919803
27.5	-0.190013778
27.52	-0.126453651
27.54	-0.123507863
27.56	-0.107048413
27.58	-0.091339108
27.6	-0.092665226
27.62	-0.069108072
27.64	0.026809183
27.66	0.084136556
27.68	0.097145815
27.7	0.078403092
27.72	0.073977584
27.74	0.088369621
27.76	0.078212594
27.78	0.074470714
27.8	0.088774359
27.82	0.076720568
27.84	0.088194915
27.86	0.100794743
27.88	0.096049684
27.9	0.068817542
27.92	0.048188985
27.94	0.048630295
27.96	0.029375524
27.98	-0.009513337
28	-0.045279086
28.02	-0.038942019
28.04	-0.021636611
28.06	-0.017928791
28.08	0.014369512
28.1	0.02142242
28.12	0.009314508
28.14	0.034162159
28.16	0.057816894
28.18	0.086178863
28.2	0.06191902
28.22	0.021793235
28.24	0.020098256
28.26	0.033146951
28.28	0.041527871
28.3	0.063665481
28.32	0.090405801
28.34	0.147452879
28.36	0.158159329
28.38	0.157280279
28.4	0.12564257
28.42	0.058923847
28.44	0.002700584
28.46	-0.012565809
28.48	-0.017543051
28.5	-0.008058142
28.52	-0.006586113
28.54	0.019877747
28.56	0.012989962
28.58	-0.041854354
28.6	-0.058262939
28.62	-0.021326897
28.64	-0.007097241
28.66	-0.001831613
28.68	0.000136708
28.7	-0.054351848
28.72	-0.085565761
28.74	-0.078271283
28.76	-0.091114417
28.78	-0.092817099
28.8	-0.090477598
28.82	-0.092886521
28.84	-0.082639156
28.86	-0.078104607
28.88	-0.095077724
28.9	-0.088533297
28.92	-0.06005371
28.94	-0.028531983
28.96	-0.006960451
28.98	0.030832651
29	0.011326876
29.02	0.065585713
29.04	0.060605745
29.06	0.002358847
29.08	0.018077542
29.1	-0.060107395
29.12	-0.07420979
29.14	-0.068208269
29.16	-0.028964629
29.18	0.03504588
29.2	0.073514489
29.22	0.091711686
29.24	0.098218769
29.26	0.120408798
29.28	0.108167217
29.3	0.064765972
29.32	0.074108828
29.34	0.031112434
29.36	0.031196622
29.38	0.065271463
29.4	0.097181548
29.42	0.150694742
29.44	0.167586615
29.46	0.165120991
29.48	0.189398178
29.5	0.230604908
29.52	0.193556776
29.54	0.148044252
29.56	0.091616647
29.58	0.037668348
29.6	0.038570181
29.62	0.058506582
29.64	0.054249792
29.66	0.002661459
29.68	-0.04830844
29.7	-0.080119699
29.72	-0.118212189
29.74	-0.111061442
29.76	-0.12614459
29.78	-0.110149888
29.8	-0.112549265
29.82	-0.094766916
29.84	-0.10753697
29.86	-0.118550893
29.88	-0.126516305
29.9	-0.140607942
29.92	-0.123807969
29.94	-0.092563525
29.96	-0.039226666
29.98	-0.033182224
30	-0.011873079
30.02	0.00897369
30.04	-0.009972765
30.06	-0.022540729
30.08	0.010062759
30.1	0.047305722
30.12	0.083779306
30.14	0.099128434
30.16	0.094865901
30.18	0.065514746
30.2	0.026988298
30.22	0.002595599
30.24	0.004757773
30.26	0.039881544
30.28	0.076051555
30.3	0.075039231
30.32	0.056933288
30.34	-0.030495954
30.36	-0.040082262
30.38	-0.050776427
30.4	-0.063185849
30.42	-0.093564127
30.44	-0.103293121
30.46	-0.091524344
30.48	-0.087613699
30.5	-0.091531918
30.52	-0.095415318
30.54	-0.113109939
30.56	-0.114785308
30.58	-0.071536415
30.6	-0.019218373
30.62	0.04080645
30.64	0.071738465
30.66	0.091809046
30.68	0.137076439
30.7	0.175979769
30.72	0.219309695
30.74	0.23525223
30.76	0.229115949
30.78	0.212343606
30.8	0.190189344
30.82	0.183275087
30.84	0.18660605
30.86	0.166174793
30.88	0.127888845
30.9	0.105812809
30.92	0.082575548
30.94	0.060795403
30.96	0.053449567
30.98	-0.037363676
31	-0.080011027
31.02	-0.087707704
31.04	-0.117603567
31.06	-0.157203385
31.08	-0.193830747
31.1	-0.212711383
31.12	-0.222565521
31.14	-0.214003022
31.16	-0.213573839
31.18	-0.213481664
31.2	-0.219371436
31.22	-0.2330742
31.24	-0.222427482
31.26	-0.190011719
31.28	-0.16763553
31.3	-0.139250096
31.32	-0.105984681
31.34	-0.072087189
31.36	-0.039829385
31.38	-0.023017147
31.4	-0.033888566
31.42	-0.031787177
31.44	-0.046308818
31.46	-0.048367615
31.48	0.01762772
31.5	0.053684902
31.52	0.079050456
31.54	0.101064334
31.56	0.107883342
31.58	0.134783673
31.6	0.146214128
31.62	0.148160229
31.64	0.136182572
31.66	0.121020726
31.68	0.117943687
31.7	0.121627816
31.72	0.101116066
31.74	0.07155921
31.76	0.032387902
31.78	0.004839031
31.8	0.011402701
31.82	0.019587414
31.84	-0.034644218
31.86	-0.061867063
31.88	-0.052097974
31.9	-0.018021799
31.92	-0.051801145
31.94	-0.089292883
31.96	-0.082476377
31.98	-0.094171659
32	-0.065176876
32.02	-0.039527451
32.04	-0.011731492
32.06	-0.010121681
32.08	0.015223151
32.1	0.063436627
32.12	0.115204677
32.14	0.13888093
32.16	0.155763661
32.18	0.135664003
32.2	0.124705734
32.22	0.101673572
32.24	0.079940572
32.26	0.048646733
32.28	0.01544751
32.3	0.030548448
32.32	0.005791735
32.34	0.001348366
32.36	0.010011142
32.38	0.023565326
32.4	-0.002414198
32.42	-0.068670071
32.44	-0.08236758
32.46	-0.098209102
32.48	-0.096177693
32.5	-0.122761672
32.52	-0.126704321
32.54	-0.129709896
32.56	-0.127102449
32.58	-0.133340951
32.6	-0.144496395
32.62	-0.166665439
32.64	-0.175049626
32.66	-0.157323876
32.68	-0.121353542
32.7	-0.097204321
32.72	-0.073459111
32.74	-0.046051565
32.76	-0.027851572
32.78	0.001270949
32.8	0.003149154
32.82	0.002632876
32.84	-0.009262292
32.86	-0.000155385
32.88	0.094947671
32.9	0.131819813
32.92	0.159757611
32.94	0.161365576
32.96	0.136782055
32.98	0.109859605
33	0.068941767
33.02	0.068558276
33.04	0.062192662
33.06	0.06489449
33.08	0.077846764
33.1	0.080959933
33.12	0.088163812
33.14	0.075637048
33.16	0.075462708
33.18	0.077733382
33.2	0.088383524
33.22	0.078086289
33.24	0.118500131
33.26	0.102808647
33.28	0.108330657
33.3	0.057183306
33.32	-0.003662452
33.34	-0.013350838
33.36	-0.016001363
33.38	-0.012965414
33.4	-0.031916505
33.42	-0.052060602
33.44	-0.067205584
33.46	-0.068589321
33.48	-0.069183322
33.5	-0.064006568
33.52	-0.089835394
33.54	-0.074496618
33.56	-0.071820375
33.58	-0.048779749
33.6	-0.039053699
33.62	-0.025391842
33.64	-0.037790355
33.66	0.011246446
33.68	0.02518569
33.7	0.03047097
33.72	0.027089479
33.74	0.037736195
33.76	0.038619446
33.78	0.051126176
33.8	0.02095761
33.82	-0.002372338
33.84	-0.048829568
33.86	-0.057361791
33.88	-0.053707789
33.9	-0.058055556
33.92	-0.087760587
33.94	-0.118707158
33.96	-0.135500743
33.98	-0.063782791
34	-0.107263746
34.02	-0.038641519
34.04	-0.014095942
34.06	-0.00540277
34.08	-0.0072204
34.1	-0.018315721
34.12	-0.012978363
34.14	-0.013120398
34.16	-0.024488582
34.18	-0.056320644
34.2	-0.050670936
34.22	-0.012980978
34.24	-0.006740543
34.26	0.02169473
34.28	0.034417633
34.3	0.057175149
34.32	0.090083309
34.34	0.12278038
34.36	0.103901266
34.38	0.079671772
34.4	0.034728089
34.42	0.038116191
34.44	0.031914725
34.46	0.016300385
34.48	-0.006612068
34.5	-0.009855063
34.52	-0.019003848
34.54	0.004408567
34.56	0.02538896
34.58	0.049236296
34.6	0.03900179
34.62	0.044644038
34.64	0.068009114
34.66	0.092802599
34.68	0.082054673
34.7	0.06690005
34.72	0.033282236
34.74	0.0231347
34.76	0.031644647
34.78	0.043929271
34.8	0.040506183
34.82	-0.040346611
34.84	-0.074854722
34.86	-0.08580498
34.88	-0.096259833
34.9	-0.103034976
34.92	-0.096288822
34.94	-0.083730486
34.96	-0.077112874
34.98	-0.065381341
35	-0.082035616
35.02	-0.101929322
35.04	-0.134334546
35.06	-0.154268469
35.08	-0.146549019
35.1	-0.108529008
35.12	-0.064202252
35.14	-0.035504226
35.16	-0.039074512
35.18	-0.051251844
35.2	-0.052301182
35.22	-0.050704948
35.24	-0.007033726
35.26	0.044806261
35.28	0.066325117
35.3	0.099881004
35.32	0.106591139
35.34	0.086827178
35.36	0.046704332
35.38	-0.01552559
35.4	-0.023784419
35.42	-0.016162554
35.44	-0.005292246
35.46	0.015133917
35.48	0.023592544
35.5	0.030461873
35.52	0.023178197
35.54	0.033767902
35.56	0.023929596
35.58	0.02613635
35.6	0.034401837
35.62	0.018491416
35.64	0.04220845
35.66	0.026182331
35.68	-0.026379923
35.7	-0.04359005
35.72	-0.046793654
35.74	-0.016965314
35.76	0.021523747
35.78	0.047450437
35.8	0.072552824
35.82	0.044594351
35.84	0.102123529
35.86	0.096443912
35.88	0.088440241
35.9	0.069510743
35.92	0.054285902
35.94	0.034958354
35.96	0.040115225
35.98	0.03032068
36	0.022157922
36.02	0.013073659
36.04	0.025786545
36.06	0.038801366
36.08	0.079693592
36.1	0.103369905
36.12	0.125024535
36.14	0.105795147
36.16	0.09671308
36.18	0.0840116
36.2	0.077602279
36.22	0.054386889
36.24	-0.068238304
36.26	-0.059803485
36.28	-0.056851441
36.3	-0.059758097
36.32	-0.063487489
36.34	-0.072053712
36.36	-0.062670084
36.38	-0.02677603
36.4	-0.02287499
36.42	-0.021607122
36.44	-0.053185084
36.46	-0.078388114
36.48	-0.097644419
36.5	-0.103471376
36.52	-0.116807601
36.54	-0.127697449
36.56	-0.147556207
36.58	-0.162360464
36.6	-0.156809096
36.62	-0.134353214
36.64	-0.098202329
36.66	-0.063160223
36.68	-0.012617537
36.7	0.030298277
36.72	0.068796437
36.74	0.100874258
36.76	0.093010766
36.78	0.08402703
36.8	0.06083666
36.82	0.042891012
36.84	0.055353147
36.86	0.075195626
36.88	0.080713915
36.9	0.072010907
36.92	0.039290597
36.94	0.01713116
36.96	-0.01487828
36.98	-0.017000677
37	-0.021198913
37.02	-0.016629858
37.04	0.010194507
37.06	0.042593292
37.08	0.050213782
37.1	0.042283675
37.12	0.010527428
37.14	-0.017263755
37.16	-0.0264797
37.18	-0.02056999
37.2	-0.001600201
37.22	0.013596683
37.24	0.023185725
37.26	0.027529689
37.28	0.042945156
37.3	0.051782771
37.32	0.048083386
37.34	0.035411038
37.36	0.037683933
37.38	0.041730714
37.4	0.069630614
37.42	0.092287311
37.44	0.069334744
37.46	0.03513467
37.48	0.01092669
37.5	-0.004050755
37.52	-0.024151574
37.54	-0.035907179
37.56	-0.048053083
37.58	-0.04001028
37.6	-0.036277024
37.62	-0.035740913
37.64	-0.058795962
37.66	-0.087450062
37.68	-0.094524995
37.7	-0.081900679
37.72	-0.06600198
37.74	-0.059208343
37.76	-0.084728918
37.78	-0.114606025
37.8	-0.146385193
37.82	-0.161125667
37.84	-0.148818207
37.86	-0.110418044
37.88	-0.097322281
37.9	-0.047120119
37.92	-0.082548258
37.94	-0.030303346
37.96	-0.021140655
37.98	-0.019857625
38	-0.026490623
38.02	-0.05080248
38.04	-0.047726035
38.06	-0.029338522
38.08	-0.033433319
38.1	-0.028230053
38.12	-0.038081205
38.14	-0.040747367
38.16	0.005981297
38.18	0.016594073
38.2	0.041864247
38.22	0.063737172
38.24	0.087848224
38.26	0.094464686
38.28	0.101080939
38.3	0.101220509
38.32	0.108864859
38.34	0.102212043
38.36	0.095176703
38.38	0.091506238
38.4	0.066987782
38.42	0.027583526
38.44	-0.047265718
38.46	-0.060638931
38.48	-0.055926921
38.5	-0.056341778
38.52	-0.051437116
38.54	-0.061123157
38.56	-0.059357746
38.58	-0.057750001
38.6	-0.057587686
38.62	-0.060036953
38.64	-0.052936515
38.66	-0.028929731
38.68	-0.005924563
38.7	0.014738071
38.72	0.02138989
38.74	0.010348802
38.76	-0.00656536
38.78	-0.006410229
38.8	0.002961255
38.82	0.026067315
38.84	0.056425597
38.86	0.040200292
38.88	0.052702141
38.9	0.003753342
38.92	-0.048461485
38.94	-0.058249479
38.96	-0.068929358
38.98	-0.066089917
39	-0.058777431
39.02	-0.035991813
39.04	-0.014190586
39.06	-0.015296998
39.08	-0.058421091
39.1	-0.06248758
39.12	-0.098774691
39.14	-0.087465459
39.16	-0.056520917
39.18	-0.042482472
39.2	-0.014399308
39.22	-0.00839171
39.24	-0.002269805
39.26	0.004486263
39.28	-0.004373231
39.3	-0.019759008
39.32	-0.018847282
39.34	-0.013497509
39.36	0.047763881
39.38	0.076886559
39.4	0.102482344
39.42	0.119409591
39.44	0.150042843
39.46	0.173682543
39.48	0.122903011
39.5	0.217986611
39.52	0.083790052
39.54	0.046306351
39.56	-0.000688728
39.58	-0.024339406
39.6	0.011091839
39.62	0.015338401
39.64	0.057908638
39.66	0.094161759
39.68	0.111257098
39.7	0.127999102
39.72	0.094855257
39.74	0.057381935
39.76	0.05643903
39.78	0.049576549
39.8	0.115265604
39.82	0.162045112
39.84	0.155936362
39.86	0.140342511
39.88	0.085423549
39.9	0.06133504
39.92	0.042841132
39.94	0.049462078
39.96	0.021906615
39.98	0.001423337
40	-0.009192592
40.02	-0.034063023
40.04	-0.046313507
40.06	-0.063229352
40.08	-0.081728285
40.1	-0.069549507
40.12	-0.072320157
40.14	-0.048926364
40.16	-0.055451276
40.18	-0.041552697
40.2	-0.032200412
40.22	-0.019356442
40.24	-0.009064891
40.26	0.005474191
40.28	-0.002337797
40.3	-0.002825625
40.32	-0.002197533
40.34	0.011424811
40.36	0.014625589
40.38	0.005026414
40.4	-0.014355339
40.42	-0.037486296
40.44	-0.045808482
40.46	-0.020992632
40.48	-0.004836475
40.5	-0.005738609
40.52	-0.016839257
40.54	-0.031121386
40.56	-0.036311226
40.58	-0.03265543
40.6	-0.038068886
40.62	-0.01040538
40.64	0.097324699
40.66	0.126698674
40.68	0.142792819
40.7	0.140524105
40.72	0.142180607
40.74	0.126477972
40.76	0.131874741
40.78	0.14485192
40.8	0.148827568
40.82	0.152320494
40.84	0.159014847
40.86	0.164448846
40.88	0.156990762
40.9	0.141378091
40.92	0.114351599
40.94	-0.034177333
40.96	-0.059243949
40.98	-0.079376011
41	-0.068183722
41.02	-0.031659882
41.04	0.005630862
41.06	0.053322202
41.08	0.068574774
41.1	0.045218197
41.12	0.015132215
41.14	-0.051344542
41.16	-0.09834059
41.18	-0.110567704
41.2	-0.083769838
41.22	0.008294438
41.24	0.066264843
41.26	0.094004436
41.28	0.089146125
41.3	0.090893021
41.32	0.066452464
41.34	0.07563585
41.36	0.069435542
41.38	0.054281609
41.4	0.038924034
41.42	0.025510764
41.44	-0.053192638
41.46	-0.109540942
41.48	-0.154678409
41.5	-0.176425979
41.52	-0.149450844
41.54	-0.215848248
41.56	-0.156137329
41.58	-0.197264242
41.6	-0.140530904
41.62	-0.110813707
41.64	-0.092131704
41.66	-0.067283805
41.68	-0.069168689
41.7	-0.082639472
41.72	-0.072898968
41.74	-0.074775731
41.76	-0.054900498
41.78	-0.051328495
41.8	-0.056453485
41.82	-0.062220921
41.84	-0.077698554
41.86	-0.073677902
41.88	-0.050937359
41.9	0.041791743
41.92	0.107558403
41.94	0.12917883
41.96	0.139080398
41.98	0.138420068
42	0.121768606
42.02	0.081293447
42.04	0.037749444
42.06	-0.029453258
42.08	-0.025670199
42.1	-0.008786666
42.12	0.011908942
42.14	0.010249802
42.16	0.012728119
42.18	0.033873678
42.2	0.053056668
42.22	0.069393864
42.24	0.06632586
42.26	0.067224812
42.28	0.061758258
42.3	0.046701689
42.32	0.025364153
42.34	0.006886652
42.36	-0.045575719
42.38	-0.067894007
42.4	-0.088179126
42.42	-0.092229288
42.44	-0.094535081
42.46	-0.096697805
42.48	-0.101075269
42.5	-0.082002559
42.52	-0.077935929
42.54	-0.058922244
42.56	-0.057912871
42.58	-0.060740719
42.6	-0.076598229
42.62	-0.089365522
42.64	-0.10129671
42.66	-0.103571546
42.68	-0.083682688
42.7	-0.051636561
42.72	-0.036345667
42.74	-0.011504279
42.76	-0.00874615
42.78	-0.011266831
42.8	-0.00814884
42.82	-0.00757588
42.84	-0.013586092
42.86	-0.027519761
42.88	-0.059569512
42.9	-0.108839676
42.92	-0.131942775
42.94	-0.141836532
42.96	-0.149845459
42.98	-0.142828177
43	-0.127994151
43.02	-0.078023834
43.04	-0.080033452
43.06	0.011316042
43.08	0.012908257
43.1	0.009907475
43.12	-0.009064938
43.14	-0.022055794
43.16	-0.012085977
43.18	-0.003983154
43.2	0.005585262
43.22	0.015285326
43.24	0.024388695
43.26	0.043189727
43.28	0.056263835
43.3	0.071178221
43.32	0.081972293
43.34	0.093285791
43.36	0.116852757
43.38	0.141146658
43.4	0.140461569
43.42	0.124726138
43.44	0.093094172
43.46	0.044903673
43.48	-0.005054448
43.5	-0.026222426
43.52	-0.033379769
43.54	-0.03725593
43.56	-0.033969437
43.58	-0.027098046
43.6	-0.00793347
43.62	0.009468592
43.64	0.026628777
43.66	0.046895375
43.68	0.062680795
43.7	0.07968075
43.72	0.09085496
43.74	0.085235701
43.76	0.082626534
43.78	0.054386417
43.8	0.046242358
43.82	0.03711273
43.84	0.035336594
43.86	0.001041034
43.88	-0.032985062
43.9	-0.060966642
43.92	-0.071819921
43.94	-0.056636307
43.96	-0.052686137
43.98	-0.046079861
44	-0.040066126
44.02	-0.037288014
44.04	-0.037824247
44.06	-0.044317032
44.08	-0.055650761
44.1	-0.046686569
44.12	-0.056671487
44.14	-0.036875466
44.16	-0.012357021
44.18	0.011942467
44.2	0.012434547
44.22	0.005894325
44.24	-0.010740277
44.26	-0.010959209
44.28	-0.014929953
44.3	-0.027423343
44.32	-0.029113166
44.34	-0.041813469
44.36	-0.052084481
44.38	-0.053286004
44.4	-0.049221003
44.42	-0.049924482
44.44	-0.045890696
44.46	-0.027366729
44.48	-0.009011314
44.5	0.011572662
44.52	0.01294704
44.54	0.004461401
44.56	-0.001200559
44.58	0.005128149
44.6	0.018747746
44.62	0.046705694
44.64	0.063170867
44.66	0.077816719
44.68	0.087306453
44.7	0.089629884
44.72	0.077159723
44.74	0.077121286
44.76	0.065604171
44.78	0.073937244
44.8	0.079463559
44.82	0.075966921
44.84	0.066757838
44.86	0.057603332
44.88	0.038769977
44.9	0.028696469
44.92	-0.003657931
44.94	-0.012795249
44.96	-0.030713987
44.98	-0.030772036
45	-0.023580067
45.02	-0.019478964
45.04	-0.010211532
45.06	0.004137232
45.08	0.017975389
45.1	0.019656866
45.12	0.021542069
45.14	0.03306092
45.16	0.039600057
45.18	0.045238014
45.2	0.031295369
45.22	0.031154557
45.24	0.024297702
45.26	0.016737901
45.28	0.020298916
45.3	0.017989564
45.32	0.006387485
45.34	-0.010485013
45.36	-0.043860245
45.38	-0.068623848
45.4	-0.084822831
45.42	-0.088447184
45.44	-0.09680329
45.46	-0.092916113
45.48	-0.098804606
45.5	-0.100994425
45.52	-0.096880559
45.54	-0.072196073
45.56	-0.096074857
45.58	-0.06245229
45.6	-0.03757411
45.62	-0.022393321
45.64	-0.002356661
45.66	0.011434535
45.68	0.025617241
45.7	0.027483314
45.72	0.00690789
45.74	-0.004236581
45.76	-0.018947116
45.78	-0.030230752
45.8	-0.024342535
45.82	-0.031114784
45.84	-0.029661341
45.86	-0.023194593
45.88	-0.015332491
45.9	-0.003722596
45.92	0.001099503
45.94	0.00571462
45.96	0.023658436
45.98	0.030510075
46	0.035524181
46.02	0.040006136
46.04	0.023939986
46.06	0.020656702
46.08	0.031159018
46.1	0.044574672
46.12	0.043288642
46.14	0.06552057
46.16	0.067288898
46.18	0.07586458
46.2	0.074844594
46.22	0.074841592
46.24	0.073185527
46.26	0.069102644
46.28	0.056822204
46.3	0.057255397
46.32	0.050586962
46.34	0.024751924
46.36	-0.032344485
46.38	-0.059366347
46.4	-0.066305501
46.42	-0.047860668
46.44	-0.021057888
46.46	-0.001569938
46.48	0.002103405
46.5	-0.00707654
46.52	-0.014042234
46.54	-0.022668687
46.56	-0.030386533
46.58	-0.038527146
46.6	-0.041263883
46.62	-0.046766973
46.64	-0.03494839
46.66	-0.007928262
46.68	0.003898254
46.7	0.003218729
46.72	0.00677473
46.74	0.014090292
46.76	0.009151063
46.78	0.027390985
46.8	0.044586534
46.82	0.023744695
46.84	-0.001279039
46.86	-0.030006629
46.88	-0.048399157
46.9	-0.0515107
46.92	-0.053443256
46.94	-0.06563629
46.96	-0.066446275
46.98	-0.062079099
47	-0.041383605
47.02	-0.021556046
47.04	-0.003221982
47.06	0.016622064
47.08	0.055413583
47.1	0.058489155
47.12	0.057374312
47.14	0.059817261
47.16	0.050842051
47.18	0.057479151
47.2	0.063372846
47.22	0.06491067
47.24	0.074724814
47.26	0.077522937
47.28	0.087609804
47.3	0.094192458
47.32	0.077029719
47.34	0.080416402
47.36	0.066878104
47.38	0.082653847
47.4	0.097452634
47.42	0.0784952
47.44	0.060937213
47.46	0.041902277
47.48	0.030589631
47.5	0.019725135
47.52	0.033292155
47.54	0.044945339
47.56	0.061810603
47.58	0.051166364
47.6	0.037442325
47.62	0.041755282
47.64	0.029854103
47.66	0.018047042
47.68	-0.021606626
47.7	-0.003513972
47.72	0.010860186
47.74	0.018053278
47.76	0.010808428
47.78	-0.003536451
47.8	-0.016522264
47.82	-0.019192599
47.84	-0.026814221
47.86	-0.035135797
47.88	-0.038183814
47.9	-0.040337381
47.92	-0.034940889
47.94	-0.031238742
47.96	-0.028219088
47.98	-0.038608856
48	-0.037232005
48.02	-0.044182516
48.04	-0.041545484
48.06	-0.030959017
48.08	-0.015324598
48.1	-0.016370153
48.12	-0.014844623
48.14	-0.016371882
48.16	-0.016646191
48.18	-0.02595564
48.2	-0.020240144
48.22	-0.017706242
48.24	-0.012971962
48.26	-0.013709209
48.28	-0.010438564
48.3	-0.018311403
48.32	-0.029443183
48.34	-0.036199228
48.36	-0.034210306
48.38	-0.026381383
48.4	-0.010039441
48.42	-0.00636167
48.44	-0.004187511
48.46	-0.007532437
48.48	-0.00823084
48.5	-0.004506827
48.52	0.007327191
48.54	0.012573386
48.56	0.03660942
48.58	0.037628616
48.6	0.057888353
48.62	0.076745444
48.64	0.081290329
48.66	0.076758441
48.68	0.063705525
48.7	0.056117871
48.72	0.046723363
48.74	0.027053049
48.76	0.000755243
48.78	-0.011023448
48.8	-0.00534025
48.82	3.91603E-05
48.84	0.000270493
48.86	-0.001644392
48.88	-0.003788688
48.9	-0.008641096
48.92	0.000810318
48.94	0.001029181
48.96	0.000668254
48.98	-0.01597988
49	-0.02820444
49.02	-0.038583007
49.04	-0.042413831
49.06	-0.047551598
49.08	-0.047130011
49.1	-0.043151417
49.12	-0.033926188
49.14	-0.02733016
49.16	-0.013906959
49.18	-0.012954606
49.2	-0.01030298
49.22	-0.010257307
49.24	-0.00337701
49.26	-0.003718777
49.28	-0.015499444
49.3	-0.028249569
49.32	-0.043577844
49.34	-0.050554503
49.36	-0.054612124
49.38	-0.052074648
49.4	-0.050831526
49.42	-0.052674288
49.44	-0.049954195
49.46	-0.033927328
49.48	-0.022052625
49.5	-0.010990094
49.52	-0.008019486
49.54	-0.006139912
49.56	-0.015702785
49.58	-0.010584764
49.6	-0.008152582
49.62	-0.015325296
49.64	-0.022098573
49.66	-0.025032067
49.68	-0.019286845
49.7	-0.0058511
49.72	-0.000951798
49.74	-0.001054008
49.76	-0.004212972
49.78	-0.007560548
49.8	-0.014337817
49.82	-0.023260098
49.84	-0.001883624
49.86	-0.001226663
49.88	0.014775744
49.9	0.007909748
49.92	0.025176805
49.94	0.031033204
49.96	0.037558248
49.98	0.048151953
50	0.049192508
50.02	0.061803214
50.04	0.058348924
50.06	0.05524311
50.08	0.048170724
50.1	0.032652296
50.12	0.02058123
50.14	0.007579599
50.16	0.000992669
50.18	-0.032914756
50.2	-0.040407276
50.22	-0.044030951
50.24	-0.041074588
50.26	-0.031595749
50.28	-0.017794347
50.3	-0.014668144
50.32	-0.006353835
50.34	0.001333247
50.36	0.007701492
50.38	0.000235505
50.4	-0.008360293
50.42	-0.024671666
50.44	-0.03378016
50.46	-0.028671162
50.48	-0.030110806
50.5	-0.030736895
50.52	-0.027591662
50.54	-0.028289747
50.56	-0.024342477
50.58	-0.017281749
50.6	-0.016963724
50.62	-0.011460987
50.64	-0.005561056
50.66	0.019882678
50.68	0.026741305
50.7	0.028764062
50.72	0.013350416
50.74	-0.02223042
50.76	-0.035694845
50.78	-0.030573349
50.8	-0.032938942
50.82	-0.016296152
50.84	-0.023041604
50.86	-0.029335456
50.88	-0.03126712
50.9	-0.026383878
50.92	-0.023962167
50.94	-0.016423833
50.96	-0.010918688
50.98	0.002851727
51	0.030974436
51.02	0.024546221
51.04	0.013545344
51.06	0.000608055
51.08	-0.002556675
51.1	-0.002458033
51.12	0.004010224
51.14	0.010859164
51.16	0.019771023
51.18	0.026593868
51.2	0.020234776
51.22	0.030942962
51.24	0.043044805
51.26	0.052579669
51.28	0.052051143
51.3	0.045346582
51.32	0.039469801
51.34	0.03060578
51.36	0.031846565
51.38	0.028375456
51.4	0.026372624
51.42	0.032873936
51.44	0.027400215
51.46	0.041088109
51.48	0.037132573
51.5	0.013846709
51.52	-0.004760346
51.54	-0.024607436
51.56	-0.020186716
51.58	-0.024541683
51.6	-0.034559006
51.62	-0.04974693
51.64	-0.051898745
51.66	-0.04502252
51.68	-0.048889425
51.7	-0.041062588
51.72	-0.042462792
51.74	-0.02077895
51.76	-0.006629366
51.78	0.007896647
51.8	0.012040903
51.82	-0.005679406
51.84	-0.024996289
51.86	-0.020386891
51.88	-0.046369032
51.9	-0.038837739
51.92	-0.033663482
51.94	-0.025395406
51.96	-0.019946141
51.98	-0.020771971
52	-0.025254956
52.02	-0.032219146
52.04	-0.036990217
52.06	-0.036085868
52.08	-0.036857301
52.1	-0.025494814
52.12	-0.02157507
52.14	-0.029887136
52.16	-0.041564685
52.18	-0.051879924
52.2	-0.056408709
52.22	-0.054515289
52.24	-0.041080759
52.26	-0.044339041
52.28	-0.028609412
52.3	-0.02983749
52.32	-0.018174254
52.34	-0.010936551
52.36	-0.005300985
52.38	-0.004776529
52.4	0.009488602
52.42	0.020451738
52.44	0.040302782
52.46	0.041761875
52.48	0.037170775
52.5	0.029426
52.52	0.021463368
52.54	0.020749442
52.56	0.022032486
52.58	0.029980215
52.6	0.03891148
52.62	0.054902284
52.64	0.070898232
52.66	0.08176542
52.68	0.083610801
52.7	0.079328179
52.72	0.063525178
52.74	0.053918351
52.76	0.045536915
52.78	0.035515708
52.8	0.023907239
52.82	0.014476291
52.84	0.011243908
52.86	0.011591718
52.88	0.015822579
52.9	0.017253703
52.92	0.018949648
52.94	0.0144932
52.96	0.011010198
52.98	0.006685421
53	0.005102137
53.02	-0.013476516
53.04	-0.017902975
53.06	-0.017675493
53.08	-0.012641965
53.1	-0.009290742
53.12	-0.009276391
53.14	-0.005020136
53.16	-0.003020849
53.18	0.001172805
53.2	0.002656823
53.22	0.008134608
53.24	0.003379111
53.26	0.004256106
53.28	0.007649774
53.3	0.020563019
53.32	0.026247727
53.34	0.025342031
53.36	0.019502834
53.38	0.020824972
53.4	0.025426681
53.42	0.018674807
53.44	0.011668278
53.46	-0.002167874
53.48	-0.008417568
53.5	-0.019313692
53.52	-0.014430948
53.54	-0.015884491
53.56	-0.017912768
53.58	-0.016940316
53.6	-0.025761562
53.62	-0.012556017
53.64	-0.0045595
53.66	0.005088138
53.68	0.014320458
53.7	0.023608734
53.72	0.053077937
53.74	0.062176757
53.76	0.070169254
53.78	0.071215232
53.8	0.066845407
53.82	0.0648237
53.84	0.0615965
53.86	0.065558024
53.88	0.060385928
53.9	0.060996774
53.92	0.047747438
53.94	0.037211249
53.96	0.014475058
53.98	0.001193585
54	-0.008863617
54.02	-0.015780334
54.04	-0.008792234
54.06	-0.004281166
54.08	0.00030968
54.1	0.006329929
54.12	-0.005113797
54.14	-0.020540895
54.16	-0.02176395
54.18	-0.020045452
54.2	-0.023262112
54.22	-0.024659097
54.24	-0.025604613
54.26	-0.013951452
54.28	-0.005590036
54.3	0.001935155
54.32	-0.00551708
54.34	-0.00177841
54.36	-0.007455268
54.38	-0.00172394
54.4	0.000707792
54.42	-0.004424244
54.44	-0.009445602
54.46	-0.010755699
54.48	-0.009971062
54.5	-0.004915949
54.52	-0.005776059
54.54	-0.007925998
54.56	-0.012434616
54.58	-0.016552251
54.6	-0.021361135
54.62	-0.023499684
54.64	-0.036677684
54.66	-0.034388886
54.68	-0.024573897
54.7	-0.014833291
54.72	-0.00188526
54.74	0.004173526
54.76	-0.003797525
54.78	-0.016684693
54.8	-0.019470684
54.82	-0.020348579
54.84	-0.016777078
54.86	-0.011542457
54.88	0.00205907
54.9	0.013719353
54.92	0.010432836
54.94	0.01230288
54.96	-0.011266904
54.98	-0.010871207
55	-0.036150169
55.02	-0.030156119
55.04	-0.026101121
55.06	0.008248742
55.08	0.018836546
55.1	0.014565656
55.12	0.018991996
55.14	0.029381707
55.16	0.026198731
55.18	0.033562364
55.2	0.034543634
55.22	0.026613124
55.24	0.023232798
55.26	0.01357212
55.28	0.001101002
55.3	-0.006604054
55.32	-0.021283037
55.34	-0.018545099
55.36	-0.01947383
55.38	-0.015245072
55.4	-0.017150756
55.42	-0.022436
55.44	-0.036072336
55.46	-0.039170143
55.48	-0.036215495
55.5	-0.031875619
55.52	-0.030923741
55.54	-0.030584744
55.56	-0.039505649
55.58	-0.047413877
55.6	-0.048902001
55.62	-0.045784343
55.64	-0.044365489
55.66	-0.038360285
55.68	-0.03022242
55.7	-0.023772027
55.72	-0.018319909
55.74	-0.007964406
55.76	-0.005653652
55.78	-0.003803326
55.8	0.001229
55.82	0.013072516
55.84	0.006883942
55.86	-0.001555539
55.88	-0.019283497
55.9	-0.038509246
55.92	-0.043997194
55.94	-0.044465514
55.96	-0.039890116
55.98	-0.038182915
56	-0.048078638
56.02	-0.049335174
56.04	-0.053547224
56.06	-0.040668967
56.08	-0.050872823
56.1	-0.046101267
56.12	-0.043894543
56.14	-0.038808838
56.16	-0.026384138
56.18	-0.023559833
56.2	-0.023638056
56.22	-0.024254487
56.24	-0.022801522
56.26	-0.015623914
56.28	0.017567719
56.3	0.017092571
56.32	0.023503185
56.34	0.025701411
56.36	0.024827321
56.38	0.023669489
56.4	0.032361643
56.42	0.032338006
56.44	0.035977742
56.46	0.045745465
56.48	0.042633594
56.5	0.04530486
56.52	0.030630191
56.54	0.02615503
56.56	0.01669056
56.58	0.010699304
56.6	0.010434885
56.62	0.016846628
56.64	0.019769337
56.66	0.023033415
56.68	0.033652656
56.7	0.033496209
56.72	0.02908137
56.74	0.021037389
56.76	0.008071811
56.78	-0.001557616
56.8	-0.002793032
56.82	-0.002357337
56.84	0.00521306
56.86	-0.002565836
56.88	-0.012124962
56.9	-0.018621888
56.92	-0.000392165
56.94	0.005276585
56.96	0.00795654
56.98	0.002462945
57	0.004815293
57.02	0.003962007
57.04	0.012520007
57.06	0.015845073
57.08	0.013589017
57.1	0.017416848
57.12	0.01202806
57.14	0.004833135
57.16	0.004766959
57.18	0.012280479
57.2	0.013960636
57.22	0.020005985
57.24	0.061162077
57.26	0.060686933
57.28	0.058651893
57.3	0.066408365
57.32	0.055684678
57.34	0.032888761
57.36	0.012164719
57.38	0.004626014
57.4	-0.007101294
57.42	-0.017192698
57.44	-0.019406397
57.46	-0.022918204
57.48	-0.026226807
57.5	-0.019407286
57.52	-0.017542073
57.54	-0.004852117
57.56	0.004081219
57.58	0.007006152
57.6	0.010528745
57.62	0.001944463
57.64	0.006323837
57.66	0.01447063
57.68	0.012275589
57.7	0.00880716
57.72	-0.004650946
57.74	-0.007427297
57.76	-0.005953204
57.78	-0.007990897
57.8	-0.001495763
57.82	0.029429415
57.84	0.022157224
57.86	0.027667784
57.88	0.035135824
57.9	0.037418279
57.92	0.031009424
57.94	0.02501549
57.96	0.014948603
57.98	0.008357347
58	0.007224109
58.02	0.007489453
58.04	0.006463127
58.06	0.009202174
58.08	0.008429123
58.1	0.003909354
58.12	0.003493302
58.14	0.003595472
58.16	0.009807671
58.18	0.011101365
58.2	0.005750592
58.22	0.003200511
58.24	-0.00489469
58.26	-0.003944532
58.28	-0.008256362
58.3	-0.018355236
58.32	-0.02125674
58.34	-0.024208706
58.36	-0.022562448
58.38	-0.016870708
58.4	-0.007937964
58.42	-0.004670358
58.44	0.001655306
58.46	0.016428308
58.48	0.01425934
58.5	0.012335762
58.52	0.00916532
58.54	-0.000529729
58.56	-0.008732581
58.58	-0.015841934
58.6	-0.013271893
58.62	-0.00386642
58.64	0.001366331
58.66	0.007481032
58.68	0.013629336
58.7	0.029573536
58.72	0.031506577
58.74	0.037755619
58.76	0.028881179
58.78	0.017187575
58.8	0.009103888
58.82	-0.003844586
58.84	-0.009692815
58.86	-0.019186716
58.88	-0.028722628
58.9	-0.032135678
58.92	-0.022340865
58.94	-0.042737322
58.96	-0.040798303
58.98	-0.037785579
59	-0.033823728
59.02	-0.022770826
59.04	0.008818156
59.06	0.002436425
59.08	0.009994446
59.1	0.013795281
59.12	0.009782734
59.14	0.00388505
59.16	-0.004898634
59.18	-0.015117324
59.2	-0.012644491
59.22	-0.006487147
59.24	-0.006085683
59.26	0.008760924
59.28	0.017406048
59.3	0.025650986
59.32	0.020785978
59.34	0.012634486
59.36	0.005941822
59.38	-0.004914595
59.4	-0.009726371
59.42	-0.016960866
59.44	-0.015308917
59.46	-0.023078357
59.48	-0.022495951
59.5	-0.026268009
59.52	-0.025152179
59.54	-0.023170338
59.56	-0.010503005
59.58	-0.001176187
59.6	0.003985964
59.62	0.006710577
59.64	0.014359436
59.66	0.004427539
59.68	-0.0084012
59.7	-0.010350487
59.72	-0.00510423
59.74	0.007791606
59.76	0.002543143
59.78	-0.001327785
59.8	-0.00911292
59.82	-0.011920963
59.84	-0.015750717
59.86	-0.018168104
59.88	-0.017719499
59.9	-0.011269583
59.92	-0.008018111
59.94	-0.002749945
59.96	-0.01093791
59.98	-0.011469691
60	-0.014258755
60.02	-0.012882167
60.04	-0.013478773
60.06	-0.010966998
60.08	-0.013427411
60.1	-0.011562463
60.12	-0.00908011
60.14	-0.007601106
60.16	-0.002566658
60.18	-0.001346337
60.2	-0.003555483
60.22	-0.003790727
60.24	-0.012430778
60.26	-0.007468316
60.28	-0.000901626
60.3	0.009353868
60.32	0.016950457
60.34	0.024531297
60.36	0.024887255
60.38	0.015950085
60.4	0.009604345
60.42	0.003179698
60.44	-0.004349081
60.46	-0.001618624
60.48	-0.000104464
60.5	-0.003937362
60.52	-0.003228466
60.54	-0.004051828
60.56	-0.000793279
60.58	0.0006318
60.6	0.004851816
60.62	0.006892799
60.64	0.004709233
60.66	0.011560874
60.68	0.008960794
60.7	0.024425258
60.72	0.02356937
60.74	0.013690034
60.76	0.006283068
60.78	-0.001058944
60.8	-0.000264576
60.82	0.00163017
60.84	0.008872891
60.86	0.010172504
60.88	0.01012188
60.9	0.011653387
60.92	0.007887577
60.94	0.008475602
60.96	0.009865302
60.98	0.018496047
61	0.022920675
61.02	0.035169166
61.04	0.034558814
61.06	0.028967181
61.08	0.021767267
61.1	0.010946229
61.12	0.004102466
61.14	0.007403134
61.16	0.00873798
61.18	0.021932302
61.2	0.022644572
61.22	0.019446207
61.24	0.010915327
61.26	-0.011669022
61.28	-0.002086684
61.3	-0.014004366
61.32	-0.024738445
61.34	-0.022052307
61.36	-0.021320342
61.38	-0.014465906
61.4	-0.007690406
61.42	-0.00779886
61.44	-0.012847893
61.46	-0.011689698
61.48	-0.018892466
61.5	-0.013911981
61.52	-0.005265958
61.54	0.010066605
61.56	0.020737486
61.58	0.022847539
61.6	0.029428419
61.62	0.032519576
61.64	0.03485684
61.66	0.034150495
61.68	0.027608918
61.7	0.02724667
61.72	0.030307827
61.74	0.030761621
61.76	0.034401288
61.78	0.031364719
61.8	0.028239777
61.82	0.022310245
61.84	0.019337644
61.86	0.017082361
61.88	0.015188129
61.9	0.012270592
61.92	0.002252237
61.94	-0.003209236
61.96	-0.009891408
61.98	-0.016739566
62	-0.023750861
62.02	-0.030002552
62.04	-0.030742595
62.06	-0.03786169
62.08	-0.031762096
62.1	-0.02180556
62.12	-0.013635829
62.14	-0.006936902
62.16	-0.008220673
62.18	-0.00035001
62.2	0.006203726
62.22	0.017566692
62.24	0.020312025
62.26	0.016530246
62.28	0.012370216
62.3	0.012239943
62.32	0.011658921
62.34	0.003920108
62.36	0.000182153
62.38	0.005865027
62.4	0.014856323
62.42	0.028866585
62.44	0.039699849
62.46	0.048099251
62.48	0.046780111
62.5	0.034715593
62.52	0.017460042
62.54	-0.010757363
62.56	-0.010730346
62.58	-0.016939883
62.6	-0.012028676
62.62	-0.006152798
62.64	0.003297973
62.66	0.008222589
62.68	0.011660903
62.7	0.007993284
62.72	0.005072181
62.74	-0.001866045
62.76	-0.009921522
62.78	-0.009371527
62.8	-0.00429476
62.82	0.003010761
62.84	0.007547041
62.86	-0.004508606
62.88	-0.017894844
62.9	-0.028824069
62.92	-0.031166764
62.94	-0.026742983
62.96	-0.01700248
62.98	-0.00637802
63	0.012376202
63.02	0.029909451
63.04	0.037545085
63.06	0.046703762
63.08	0.036416868
63.1	0.029847615
63.12	0.018494301
63.14	0.008629883
63.16	-0.002559239
63.18	-0.005569461
63.2	-0.008499295
63.22	-0.010571515
63.24	-0.015735497
63.26	-0.021320511
63.28	-0.020342167
63.3	-0.02158542
63.32	-0.021736335
63.34	-0.017963533
63.36	-0.024278755
63.38	-0.030766302
63.4	-0.041711711
63.42	-0.058262563
63.44	-0.052949621
63.46	-0.070357814
63.48	-0.067111583
63.5	-0.064997605
63.52	-0.059340177
63.54	-0.054182909
63.56	-0.04468155
63.58	-0.035733213
63.6	-0.026301324
63.62	-0.020347896
63.64	-0.00964622
63.66	-0.005967954
63.68	0.00531201
63.7	0.009157048
63.72	0.012229886
63.74	0.009972049
63.76	0.004239127
63.78	-0.002023374
63.8	-0.005466975
63.82	-0.001933423
63.84	-0.003760779
63.86	0.000799288
63.88	0.003839673
63.9	0.006994077
63.92	0.011466773
63.94	0.011804366
63.96	0.003558571
63.98	-0.004518898
64	-0.017044837
64.02	-0.023091482
64.04	-0.030349966
64.06	-0.035252179
64.08	-0.040592344
64.1	-0.036899098
64.12	-0.031297308
64.14	-0.025170418
64.16	-0.024743049
64.18	-0.018242163
64.2	-0.009353403
64.22	-0.004971895
64.24	-0.00051164
64.26	0.006206464
64.28	0.007216384
64.3	0.008650196
64.32	-0.002244468
64.34	-0.020786154
64.36	-0.035582576
64.38	-0.039825655
64.4	-0.043101082
64.42	-0.035893786
64.44	-0.024333545
64.46	-0.010184578
64.48	-0.002631288
64.5	-0.000853511
64.52	-0.008189279
64.54	0.000148808
64.56	-0.004821118
64.58	0.000538404
64.6	0.000537018
64.62	0.003224486
64.64	0.002034266
64.66	-0.003461079
64.68	-0.006557631
64.7	-0.021963032
64.72	-0.02339947
64.74	-0.033063397
64.76	-0.039996066
64.78	-0.034885369
64.8	-0.036241413
64.82	-0.030002162
64.84	-0.030195435
64.86	-0.029039408
64.88	-0.03002455
64.9	-0.02162051
64.92	-0.023835589
64.94	-0.008957685
64.96	-0.015080255
64.98	-0.00682565
65	-0.004729626
65.02	0.004408739
65.04	0.007380495
65.06	0.007380324
65.08	0.010500823
65.1	0.014365277
65.12	0.017483604
65.14	0.021729328
65.16	0.021713376
65.18	0.027776918
65.2	0.027737732
65.22	0.023454023
65.24	0.009021815
65.26	-0.002238444
65.28	-0.009807052
65.3	-0.011770778
65.32	-0.009956102
65.34	-0.006210921
65.36	-0.006071677
65.38	-0.006309973
65.4	-0.008123128
65.42	-0.010173403
65.44	-0.025699879
65.46	-0.031650044
65.48	-0.036805304
65.5	-0.034772043
65.52	-0.023391652
65.54	-0.011314644
65.56	-0.002868461
65.58	0.003026278
65.6	-0.006230907
65.62	0.00794166
65.64	0.006158412
65.66	0.004851583
65.68	0.009745544
65.7	0.013820655
65.72	0.023363343
65.74	0.025674823
65.76	0.019762661
65.78	0.034708721
65.8	0.015593745
65.82	0.004243146
65.84	-0.0139078
65.86	-0.004016935
65.88	-0.005734322
65.9	-0.002064995
65.92	0.000230524
65.94	-0.001635826
65.96	-0.007048525
65.98	-0.005789187
66	-0.005407484
66.02	0.00233427
66.04	0.006143798
66.06	0.007589242
66.08	0.012539927
66.1	0.022325525
66.12	0.031791308
66.14	0.040318099
66.16	0.021437047
66.18	0.029122264
66.2	0.032753868
66.22	0.039599357
66.24	0.034018968
66.26	0.027722166
66.28	0.009255115
66.3	0.010068095
66.32	0.014259642
66.34	0.025217312
66.36	0.028181641
66.38	0.017274369
66.4	0.01944472
66.42	0.015240489
66.44	0.014061288
66.46	0.018787646
66.48	0.024446129
66.5	0.02779423
66.52	0.029733432
66.54	0.024028184
66.56	0.018939934
66.58	0.019489965
66.6	0.024284035
66.62	0.021614049
66.64	0.028597948
66.66	0.03006504
66.68	0.026620977
66.7	0.019634588
66.72	0.009814477
66.74	0.00471369
66.76	-0.006276227
66.78	0.00328595
66.8	0.011031484
66.82	0.021183267
66.84	0.019351595
66.86	0.014700323
66.88	0.005003331
66.9	-0.007652935
66.92	-0.003839776
66.94	0.003249748
66.96	0.022403369
66.98	0.036925894
67	0.040313801
67.02	0.033303697
67.04	0.0266424
67.06	0.02199576
67.08	0.018061624
67.1	0.013768421
67.12	0.009994989
67.14	0.004763014
67.16	0.004821983
67.18	0.007974843
67.2	0.004773528
67.22	-0.003281044
67.24	-0.009822414
67.26	-0.011603897
67.28	-0.004395413
67.3	0.001929333
67.32	0.007919822
67.34	0.005615509
67.36	0.004443235
67.38	-0.000315002
67.4	-0.00200928
67.42	-0.004271398
67.44	-0.006107376
67.46	-0.002946643
67.48	-0.000924238
67.5	-0.004994052
67.52	-0.001368609
67.54	0.003897744
67.56	0.025603883
67.58	0.02410687
67.6	0.037273889
67.62	0.046480309
67.64	0.052706966
67.66	0.054069471
67.68	0.050529137
67.7	0.03616767
67.72	0.022628607
67.74	0.009554971
67.76	-0.010348101
67.78	-0.01351428
67.8	-0.020893113
67.82	-0.024824526
67.84	-0.023646868
67.86	-0.021221091
67.88	-0.015207951
67.9	-0.01429024
67.92	-0.010683224
67.94	-0.008059744
67.96	-0.002337613
67.98	-0.000923149
68	-0.000430895
68.02	-0.00249208
68.04	0.000664389
68.06	0.004581795
68.08	0.013558399
68.1	0.018586431
68.12	0.015698235
68.14	0.010436804
68.16	0.007733689
68.18	0.010269249
68.2	0.010246343
68.22	0.01321875
68.24	0.012445727
68.26	0.015006474
68.28	0.014398281
68.3	0.008765963
68.32	-0.000914846
68.34	-0.008536107
68.36	-0.017992821
68.38	-0.020132514
68.4	-0.009164897
68.42	0.000912631
68.44	0.001914169
68.46	-0.004264963
68.48	-0.013267349
68.5	-0.025093971
68.52	-0.022808031
68.54	-0.02219429
68.56	-0.019433123
68.58	-0.013417807
68.6	-0.014631536
68.62	-0.016330965
68.64	-0.028559358
68.66	-0.040424977
68.68	-0.036961747
68.7	-0.034704894
68.72	-0.018193405
68.74	-0.006114992
68.76	-0.007443733
68.78	-0.006195629
68.8	-0.001075791
68.82	-0.001802735
68.84	-0.001012048
68.86	-0.002538914
68.88	0.002698402
68.9	0.007241089
68.92	0.012722779
68.94	0.014856162
68.96	0.011107015
68.98	0.004428563
69	0.002171046
69.02	0.008998732
69.04	0.014597502
69.06	0.01496525
69.08	0.017173916
69.1	0.014105491
69.12	0.009349321
69.14	0.005311285
69.16	1.68547E-05
69.18	-0.004772355
69.2	-0.014017699
69.22	-0.021097866
69.24	-0.019860692
69.26	-0.020571443
69.28	-0.018833439
69.3	-0.020625623
69.32	-0.022149222
69.34	-0.023854107
69.36	-0.02196807
69.38	-0.014350817
69.4	-0.005434056
69.42	-0.006498464
69.44	-0.004960709
69.46	-0.007724599
69.48	0.00578063
69.5	0.00707585
69.52	0.008736592
69.54	0.006390943
69.56	0.004842638
69.58	0.006715907
69.6	0.009056277
69.62	0.010607891
69.64	0.012940216
69.66	0.01891592
69.68	0.021159124
69.7	0.017941714
69.72	0.013699688
69.74	0.005778561
69.76	-0.00049921
69.78	-0.003046861
69.8	-0.008214268
69.82	-0.010470749
69.84	-0.017399471
69.86	-0.024852329
69.88	-0.030453115
69.9	-0.0322739
69.92	-0.028702932
69.94	-0.01811649
69.96	-0.013440585
69.98	-0.005063948
70	0.001112061
70.02	0.007171262
70.04	0.004256286
70.06	0.003077032
70.08	0.003814311
70.1	0.006705005
70.12	0.012110611
70.14	0.01255366
70.16	0.007561409
70.18	0.001252588
70.2	-0.001271076
70.22	-0.000460139
70.24	0.003373329
70.26	0.009726648
70.28	0.013589162
70.3	0.016042638
70.32	0.021801058
70.34	0.026837951
70.36	0.026769746
70.38	0.021134605
70.4	0.015363978
70.42	0.017813909
70.44	0.021927488
70.46	0.028068912
70.48	0.028125935
70.5	0.019288779
70.52	0.010666977
70.54	0.010974431
70.56	0.00960826
70.58	0.018247421
70.6	0.017061411
70.62	0.01636365
70.64	0.008404838
70.66	0.002753599
70.68	-0.0093815
70.7	-0.019557252
70.72	-0.017864108
70.74	-0.015305822
70.76	-0.015102538
70.78	-0.016083117
70.8	-0.015468547
70.82	-0.018448382
70.84	-0.017459073
70.86	-0.012937277
70.88	-0.003966723
70.9	0.006942747
70.92	0.009486611
70.94	0.013510126
70.96	0.009357815
70.98	-0.004539706
71	-0.001145084
71.02	-0.001810855
71.04	-0.002669533
71.06	0.001054451
71.08	-0.001775954
71.1	-0.003542282
71.12	-0.006586252
71.14	-0.004227143
71.16	-0.00182366
71.18	7.84686E-05
71.2	0.001346797
71.22	-0.000285898
71.24	-0.005430786
71.26	-0.011524495
71.28	-0.02079271
71.3	-0.029477894
71.32	-0.03550494
71.34	-0.031290007
71.36	-0.034777621
71.38	-0.03337849
71.4	-0.027829712
71.42	-0.024896069
71.44	-0.02266689
71.46	-0.01572087
71.48	-0.007170285
71.5	-0.003155438
71.52	0.028030126
71.54	0.022287673
71.56	0.017221677
71.58	0.005988627
71.6	0.000217581
71.62	-0.010764693
71.64	-0.005282868
71.66	-0.003941654
71.68	0.000707383
71.7	0.00059502
71.72	0.000233594
71.74	-0.000148062
71.76	-0.002849929
71.78	-0.00280101
71.8	-0.006253312
71.82	-0.00370437
71.84	-0.001180172
71.86	0.004803457
71.88	0.008983631
71.9	0.006143344
71.92	4.07102E-05
71.94	-0.009389132
71.96	-0.014992295
71.98	-0.014605277
72	-0.012587988
72.02	-0.007016559
72.04	-0.005020791
72.06	-0.007872972
72.08	-0.011476824
72.1	-0.016981321
72.12	-0.023193131
72.14	-0.025479535
72.16	-0.027321111
72.18	-0.027997559
72.2	-0.028581028
72.22	-0.026005653
72.24	-0.023766535
72.26	-0.019399964
72.28	-0.014696716
72.3	-0.010469573
72.32	-0.003929431
72.34	-0.004279449
72.36	-0.005953188
72.38	-0.010750848
72.4	-0.009125593
72.42	-0.000877357
72.44	-0.009784917
72.46	-0.013377606
72.48	-0.022892305
72.5	-0.019929135
72.52	-0.018378971
72.54	-0.017120269
72.56	-0.019851797
72.58	-0.014036819
72.6	-0.002944762
72.62	0.001655898
72.64	0.000523943
72.66	-0.00906856
72.68	-0.016220733
72.7	-0.024886079
72.72	-0.024642856
72.74	-0.023243705
72.76	-0.0213527
72.78	-0.019016742
72.8	-0.022056538
72.82	-0.016361274
72.84	-0.012923826
72.86	-0.00436201
72.88	-0.001876627
72.9	0.002078451
72.92	0.008977987
72.94	0.014658842
72.96	0.020596098
72.98	0.020516351
73	0.013967899
73.02	0.005374848
73.04	-0.00560876
73.06	-0.005534729
73.08	-0.002393092
73.1	0.004852383
73.12	0.007529647
73.14	0.008331846
73.16	0.007012991
73.18	0.004337691
73.2	0.002472891
73.22	0.00224423
73.24	-0.005529238
73.26	-0.005725636
73.28	-0.00690472
73.3	-0.007138636
73.32	-0.011007205
73.34	-0.012749173
73.36	-0.01716674
73.38	-0.017106602
73.4	-0.009917075
73.42	-0.002998351
73.44	0.005156547
73.46	0.00907597
73.48	0.007737075
73.5	0.010150085
73.52	0.002338125
73.54	-0.002996079
73.56	-0.005713526
73.58	-0.00644616
73.6	-0.004783938
73.62	-0.002476262
73.64	-0.003770388
73.66	-0.008009581
73.68	-0.008777266
73.7	-0.002311218
73.72	-0.004573152
73.74	0.007216215
73.76	0.009332004
73.78	0.003667951
73.8	0.00800474
73.82	-0.001474516
73.84	-0.002680412
73.86	0.00033006
73.88	0.003757184
73.9	0.008144512
73.92	0.006650262
73.94	0.002843941
73.96	-0.002005014
73.98	0.000532272
74	0.004590479
74.02	0.013410434
74.04	0.023049281
74.06	0.023572967
74.08	0.015576524
74.1	0.016750588
74.12	0.011472716
74.14	0.00818465
74.16	0.015316108
74.18	0.015724401
74.2	0.017406602
74.22	0.0300031
74.24	0.029351607
74.26	0.027772128
74.28	0.027043589
74.3	0.016173053
74.32	0.01567443
74.34	0.017378196
74.36	0.017694191
74.38	0.019862626
74.4	0.019417861
74.42	0.017250669
74.44	0.011073736
74.46	0.009615461
74.48	0.002036815
74.5	-0.004012016
74.52	-0.005516174
74.54	-0.007842493
74.56	-0.001409947
74.58	0.002387026
74.6	0.006196564
74.62	0.010521859
74.64	0.01430064
74.66	0.012153908
74.68	0.015025431
74.7	0.012475536
74.72	0.011464506
74.74	0.007173141
74.76	0.001680777
74.78	0.000713707
74.8	0.003704132
74.82	0.010395831
74.84	0.013232054
74.86	0.015172377
74.88	0.012971302
74.9	0.0123826
74.92	0.013958402
74.94	0.018421166
74.96	0.017660056
74.98	0.012604405
75	0.006483842
75.02	0.00197006
75.04	-0.000424913
75.06	-0.00370603
75.08	-0.008192432
75.1	-0.010203715
75.12	-0.012703458
75.14	-0.007429442
75.16	-0.002187605
75.18	0.004594327
75.2	0.009511131
75.22	0.003823039
75.24	0.002305793
75.26	0.000859319
75.28	0.003106737
75.3	0.000474996
75.32	-0.001413384
75.34	0.002637582
75.36	0.006059044
75.38	0.013032345
75.4	0.011744247
75.42	0.013212516
75.44	0.016071692
75.46	0.018887096
75.48	0.018461223
75.5	0.021208445
75.52	0.017272634
75.54	0.016360219
75.56	0.01510372
75.58	0.015605421
75.6	0.014311616
75.62	0.004349934
75.64	0.011044176
75.66	0.010773218
75.68	0.016953563
75.7	0.019389624
75.72	0.017995056
75.74	0.012343435
75.76	0.011180055
75.78	0.008671461
75.8	0.008300089
75.82	0.002435385
75.84	-0.007559657
75.86	-0.012260025
75.88	-0.011035489
75.9	-0.006048517
75.92	-0.004192504
75.94	-0.005764129
75.96	-0.009741245
75.98	-0.009615442
76	-0.009530536
76.02	-0.005089379
76.04	1.78968E-05
76.06	0.00670801
76.08	0.015285694
76.1	0.020495922
76.12	0.012244465
76.14	0.003527898
76.16	-0.006187742
76.18	-0.008711549
76.2	-0.001340194
76.22	0.011920652
76.24	0.018615797
76.26	0.021886115
76.28	0.019682848
76.3	0.022445487
76.32	0.018890062
76.34	0.01051829
76.36	0.005048863
76.38	0.00048903
76.4	-0.00696913
76.42	-0.013509569
76.44	-0.017184426
76.46	-0.021787125
76.48	-0.026045141
76.5	-0.02379479
76.52	-0.022158583
76.54	-0.018425768
76.56	-0.014750327
76.58	-0.009992268
76.6	-0.010130212
76.62	-0.009347866
76.64	-0.012825312
76.66	-0.013591275
76.68	-0.009345932
76.7	-0.005765263
76.72	-0.001506373
76.74	0.000375333
76.76	0.002391592
76.78	0.003973159
76.8	0.002135168
76.82	0.005288634
76.84	0.004974299
76.86	0.009800515
76.88	0.015273112
76.9	0.021115477
76.92	0.024319437
76.94	0.01867621
76.96	0.011499688
76.98	0.005425021
77	0.000476437
77.02	-0.001392362
77.04	-0.002411296
77.06	-0.001925857
77.08	0.000585201
77.1	0.000482375
77.12	-0.002130147
77.14	-0.003653071
77.16	-0.006782781
77.18	-0.006869538
77.2	-0.016605827
77.22	-0.024366149
77.24	-0.029782037
77.26	-0.030081278
77.28	-0.025604116
77.3	-0.023078652
77.32	-0.01405157
77.34	-0.005544065
77.36	-0.004305514
77.38	-0.004731148
77.4	-0.010277342
77.42	-0.013707173
77.44	-0.013178929
77.46	-0.009415861
77.48	-0.003402058
77.5	0.000605635
77.52	0.003116695
77.54	-0.000149215
77.56	-0.000787831
77.58	-0.002448676
77.6	-0.000118191
77.62	0.004490323
77.64	0.009667756
77.66	0.011470122
77.68	0.009265249
77.7	0.007951952
77.72	0.006410324
77.74	-0.000748892
77.76	0.000150275
77.78	-0.000745542
77.8	-0.00630578
77.82	-0.011193278
77.84	-0.016337129
77.86	-0.0232934
77.88	-0.028254487
77.9	-0.035572949
77.92	-0.033713606
77.94	-0.032643035
77.96	-0.028551585
77.98	-0.026527414
78	-0.023745861
78.02	-0.019905052
78.04	-0.013187768
78.06	-0.007789702
78.08	0.010017815
78.1	0.0087623
78.12	0.01378812
78.14	0.019315278
78.16	0.026149487
78.18	0.025613846
78.2	0.019296775
78.22	0.01562043
78.24	0.004561532
78.26	0.007240441
78.28	0.007671393
78.3	0.011804951
78.32	0.011388668
78.34	0.008095849
78.36	0.002085401
78.38	-0.002258585
78.4	-0.002319803
78.42	-0.002605797
78.44	-0.003304175
78.46	-0.002617432
78.48	-0.005284633
78.5	-0.009083877
78.52	-0.012670148
78.54	-0.015778723
78.56	-0.016625715
78.58	-0.016297096
78.6	-0.015123098
78.62	-0.012773139
78.64	-0.011739943
78.66	-0.007973197
78.68	-0.003409022
78.7	-0.002174463
78.72	0.002853278
78.74	0.002875661
78.76	0.008933651
78.78	0.006587882
78.8	0.006638199
78.82	-0.001306427
78.84	-0.004941183
78.86	-0.009776691
78.88	-0.00674836
78.9	0.001147107
78.92	0.002497775
78.94	0.006831398
78.96	-0.001569082
78.98	-0.005684329
79	0.002529646
79.02	0.005004782
79.04	0.002073183
79.06	0.003656279
79.08	0.000788023
79.1	-0.006521837
79.12	-0.012659072
79.14	-0.017092016
79.16	-0.014121569
79.18	-0.008405834
79.2	-0.001151356
79.22	0.004703489
79.24	0.005859352
79.26	0.008457436
79.28	0.009404858
79.3	0.00608245
79.32	0.000254691
79.34	-0.003159424
79.36	-0.002723488
79.38	0.003914492
79.4	0.002873128
79.42	0.002127961
79.44	-0.001168027
79.46	-0.00392349
79.48	-0.003112201
79.5	0.001343721
79.52	0.002126303
79.54	0.010647554
79.56	0.014214167
79.58	0.022071864
79.6	0.028200682
79.62	0.0290348
79.64	0.030745454
79.66	0.02624977
79.68	0.015243333
79.7	0.005955111
79.72	-0.000646405
79.74	-0.008019107
79.76	-0.006553704
79.78	-0.003892394
79.8	-0.004166011
79.82	0.000875113
79.84	0.003643579
79.86	0.004033743
79.88	0.004145354
79.9	0.007487535
79.92	0.00473005
79.94	0.003624246
79.96	-0.00076728
79.98	-0.00359451
80	-0.001063611
80.02	0.000376896
80.04	0.01467382
80.06	0.004924299
80.08	0.008875041
80.1	0.008143624
80.12	0.018706436
80.14	0.012363904
80.16	0.007086902
80.18	0.003632505
80.2	0.007740086
80.22	0.011569198
80.24	0.012728568
80.26	0.007156067
80.28	0.002231029
80.3	-0.00197977
80.32	-0.007099533
80.34	-0.010968225
80.36	-0.01184861
80.38	-0.011217398
80.4	-0.012505229
80.42	-0.011447651
80.44	-0.006061458
80.46	0.002595542
80.48	0.009046064
80.5	0.012689744
80.52	0.010685565
80.54	0.005105598
80.56	0.001055151
80.58	-0.002235453
80.6	-0.003122959
80.62	0.007685632
80.64	0.011355651
80.66	0.024682771
80.68	0.019267988
80.7	0.017084885
80.72	0.014150071
80.74	0.013697919
80.76	0.006630502
80.78	0.001807249
80.8	0.004122284
80.82	0.006137485
80.84	0.004250607
80.86	-0.002121442
80.88	-0.009340586
80.9	-0.011712031
80.92	-0.012132509
80.94	-0.008819865
80.96	-0.011133007
80.98	-0.014121442
81	-0.012874206
81.02	-0.009409599
81.04	-0.003899088
81.06	-0.000986636
81.08	-0.002927571
81.1	-0.001315013
81.12	-0.002070554
81.14	-0.004540736
81.16	-0.003838111
81.18	-0.002392122
81.2	0.000281968
81.22	0.007683972
81.24	0.006903392
81.26	0.006933335
81.28	0.00141539
81.3	-0.002369597
81.32	-0.002969165
81.34	-0.000766311
81.36	0.002675045
81.38	-0.00585038
81.4	-0.006137362
81.42	-0.011979722
81.44	-0.007161513
81.46	-0.005957764
81.48	-0.006874562
81.5	-0.010198158
81.52	-0.009965096
81.54	-0.002604407
81.56	0.00022425
81.58	-0.000535014
81.6	-0.006120687
81.62	-0.005791173
81.64	-0.007456751
81.66	-0.003796997
81.68	-0.005983632
81.7	-0.010976003
81.72	-0.008631972
81.74	-0.004422157
81.76	-0.008041009
81.78	-0.011885563
81.8	-0.01335268
81.82	-0.017281544
81.84	-0.016034252
81.86	-0.016177666
81.88	-0.008594158
81.9	-0.002757067
81.92	-0.000206307
81.94	-0.001837611
81.96	-0.006101885
81.98	-0.003691486
82	-0.000183576
82.02	0.003296142
82.04	0.008315681
82.06	0.011600883
82.08	0.013493955
82.1	0.015723841
82.12	0.011472653
82.14	0.008863249
82.16	-0.001145363
82.18	0.001191015
82.2	-0.004262758
82.22	-0.000920846
82.24	-0.003065649
82.26	-0.000519671
82.28	-0.004765226
82.3	-0.005557905
82.32	-0.007241889
82.34	-0.006394026
82.36	-0.007303727
82.38	-0.007904243
82.4	-0.012046311
82.42	-0.01456774
82.44	-0.018016232
82.46	-0.017745246
82.48	-0.017882443
82.5	-0.015509146
82.52	-0.011171427
82.54	-0.007594637
82.56	-0.004852611
82.58	-0.003692046
82.6	-0.003659138
82.62	-0.00374764
82.64	0.001657575
82.66	0.006506421
82.68	0.008471804
82.7	0.007874858
82.72	0.005867899
82.74	0.005695084
82.76	0.003838789
82.78	-0.001632775
82.8	-0.002959507
82.82	-0.006326541
82.84	-0.004423186
82.86	-0.007174018
82.88	-0.008527982
82.9	-0.009492768
82.92	-0.004000047
82.94	0.003676388
82.96	0.008408741
82.98	0.011702657
83	0.011249916
83.02	0.008705853
83.04	0.002307904
83.06	-0.002133897
83.08	-0.007460827
83.1	-0.011048589
83.12	-0.015386074
83.14	-0.014347905
83.16	-0.009759715
83.18	-0.004304088
83.2	0.002106637
83.22	0.001418932
83.24	0.000402191
83.26	0.00099212
83.28	0.001292132
83.3	0.002641191
83.32	0.003000894
83.34	0.003859676
83.36	-0.000129491
83.38	0.002021128
83.4	0.003345876
83.42	0.005833889
83.44	0.003179825
83.46	0.000861475
83.48	0.004351848
83.5	0.010063145
83.52	0.016891435
83.54	0.0222821
83.56	0.024108258
83.58	0.024946484
83.6	0.024872594
83.62	0.024297922
83.64	0.020496101
83.66	0.018559552
83.68	0.006663809
83.7	-0.001691571
83.72	-0.008763082
83.74	-0.010735038
83.76	-0.009628058
83.78	-0.006781789
83.8	-0.00811695
83.82	-0.002673513
83.84	-0.004756357
83.86	-0.011769937
83.88	-0.008815989
83.9	-0.009131034
83.92	-0.006938017
83.94	-0.000477006
83.96	0.005188534
83.98	0.004248717
84	0.007076595
84.02	0.007979411
84.04	0.00711117
84.06	0.010706229
84.08	0.012934229
84.1	0.017110357
84.12	0.020300986
84.14	0.021802609
84.16	0.017539257
84.18	0.017801811
84.2	0.013935708
84.22	0.014554979
84.24	0.011649415
84.26	0.012026788
84.28	0.007011215
84.3	0.003528709
84.32	-0.002655752
84.34	-0.003609087
84.36	-0.005958594
84.38	-0.00287888
84.4	-0.001075976
84.42	0.002222672
84.44	0.003687625
84.46	0.006730649
84.48	0.002275864
84.5	0.000168104
84.52	-0.004473836
84.54	-0.013424319
84.56	-0.015597848
84.58	-0.019686246
84.6	-0.012743336
84.62	-0.006182447
84.64	0.004074515
84.66	0.007661628
84.68	0.002584661
84.7	0.008381434
84.72	0.005154232
84.74	0.006105
84.76	0.008863151
84.78	0.010074912
84.8	0.012377349
84.82	0.010923676
84.84	0.006993219
84.86	0.003926546
84.88	-0.010636092
84.9	-0.00925268
84.92	-0.012140908
84.94	-0.00768137
84.96	-0.006236787
84.98	-2.57288E-05
85	0.005120892
85.02	0.007577942
85.04	0.007234565
85.06	0.005638189
85.08	0.004386925
85.1	0.002692674
85.12	-0.009138999
85.14	-0.007567893
85.16	-0.017261915
85.18	-0.013140899
85.2	-0.006073256
85.22	-0.013150947
85.24	-0.014587653
85.26	-0.015702615
85.28	-0.016465304
85.3	-0.016015427
85.32	-0.014546441
85.34	-0.009081279
85.36	-0.007270425
85.38	-0.004235437
85.4	-0.001226518
85.42	-0.004094392
85.44	-0.004078094
85.46	-0.000109949
85.48	0.004797917
85.5	0.005710636
85.52	0.009221812
85.54	0.001021633
85.56	-0.001658043
85.58	0.00022868
85.6	0.002915737
85.62	-0.000106108
85.64	-0.000538444
85.66	-0.002816109
85.68	-0.007050866
85.7	-0.002001616
85.72	-0.008138994
85.74	0.002096559
85.76	-0.016218866
85.78	-0.016828893
85.8	-0.014221366
85.82	-0.012249391
85.84	-0.013938186
85.86	-0.014689052
85.88	-0.01413099
85.9	-0.01276949
85.92	-0.011922931
85.94	-0.016159259
85.96	-0.016031668
85.98	-0.010282607
86	-0.002923588
86.02	0.001944732
86.04	0.004153547
86.06	0.007525952
86.08	0.006914878
86.1	0.007134161
86.12	-0.000663585
86.14	-0.005307363
86.16	-0.0104693
86.18	-0.008905155
86.2	-0.008282894
86.22	-0.001421594
86.24	0.003479971
86.26	0.005363571
86.28	0.003662486
86.3	-0.004462715
86.32	-0.010314832
86.34	-0.019233609
86.36	-0.021170993
86.38	-0.023378914
86.4	-0.018999314
86.42	-0.014858192
86.44	-0.012441876
86.46	-0.008416428
86.48	-0.005764148
86.5	-0.002697986
86.52	-0.002545347
86.54	-0.001242209
86.56	0.000928721
86.58	0.003400682
86.6	0.008327394
86.62	0.008406038
86.64	0.007785883
86.66	0.000869012
86.68	-0.002008769
86.7	-0.004217727
86.72	-0.006324119
86.74	-0.005384679
86.76	-0.003539429
86.78	-0.003107277
86.8	0.00081105
86.82	0.000577349
86.84	-0.003434443
86.86	-0.007544677
86.88	-0.01015994
86.9	-0.003778606
86.92	9.50449E-05
86.94	0.005832894
86.96	0.001355662
86.98	-0.000300568
87	-0.001792249
87.02	0.000448422
87.04	-0.000677151
87.06	-0.001378492
87.08	0.001616668
87.1	0.005954909
87.12	0.007999044
87.14	0.008874091
87.16	0.013148859
87.18	0.012085335
87.2	0.009894655
87.22	0.007796742
87.24	0.005747427
87.26	0.004593526
87.28	0.007078793
87.3	0.007537874
87.32	0.001915685
87.34	-0.001868837
87.36	-0.005440028
87.38	0.000695346
87.4	-0.002157477
87.42	0.003943151
87.44	0.007059068
87.46	0.010868199
87.48	0.01143777
87.5	0.011618973
87.52	0.008860546
87.54	0.009457397
87.56	0.007906746
87.58	0.003770138
87.6	0.003438486
87.62	-0.000816156
87.64	-9.39415E-05
87.66	0.003614322
87.68	0.005130231
87.7	0.008083616
87.72	0.008253082
87.74	0.007831947
87.76	0.008791008
87.78	0.007877749
87.8	0.001435639
87.82	-0.003023169
87.84	0.000153475
87.86	0.007341248
87.88	0.007142999
87.9	0.011113356
87.92	0.009755144
87.94	0.008988183
87.96	0.01149288
87.98	0.012273423
88	0.01558119
88.02	0.022554438
88.04	0.028341809
88.06	0.030951633
88.08	0.025787215
88.1	0.018692528
88.12	0.008106326
88.14	0.008437285
88.16	0.009158097
88.18	0.017678183
88.2	0.015979122
88.22	0.019301235
88.24	0.018375548
88.26	0.017646674
88.28	0.011772742
88.3	0.007413941
88.32	0.00305357
88.34	0.002735191
88.36	0.002473905
88.38	0.003201951
88.4	-0.000313056
88.42	-0.003328969
88.44	-0.001672336
88.46	0.001777119
88.48	0.00885733
88.5	0.012341997
88.52	0.013721763
88.54	0.017433731
88.56	0.017571595
88.58	0.018275979
88.6	0.015299579
88.62	0.013926092
88.64	0.011975933
88.66	0.009165257
88.68	0.005091633
88.7	0.003533144
88.72	0.003277815
88.74	0.005542859
88.76	0.004865423
88.78	0.005904632
88.8	0.003913461
88.82	0.005411947
88.84	0.004509932
88.86	-0.000746874
88.88	-0.00337596
88.9	-0.005237269
88.92	-0.008241586
88.94	-0.007134776
88.96	-0.004607806
88.98	-0.004053636
89	-5.13131E-05
89.02	-0.001920037
89.04	0.002269292
89.06	-4.58513E-05
89.08	0.005099186
89.1	-0.000867775
89.12	-0.007835495
89.14	-0.005965255
89.16	-0.005485113
89.18	0.000156499
89.2	0.00046525
89.22	-0.001405008
89.24	-0.005076583
89.26	-0.002869802
89.28	0.000721406
89.3	0.007651801
89.32	0.014658124
89.34	0.017695248
89.36	0.017800088
89.38	0.017652919
89.4	0.015702178
89.42	0.0154103
89.44	0.014140345
89.46	0.009264822
89.48	0.00334653
89.5	-0.003388594
89.52	-0.001181672
89.54	-0.002200454
89.56	-0.001310031
89.58	0.00199612
89.6	0.011912089
89.62	0.006715602
89.64	0.009189929
89.66	0.000788682
89.68	-0.00129512
89.7	-0.008799868
89.72	-0.01265894
89.74	-0.014290296
89.76	-0.019453305
89.78	-0.022313403
89.8	-0.022714011
89.82	-0.0226443
89.84	-0.018088622
89.86	-0.011844768
89.88	-0.001151371
89.9	0.002717889
89.92	0.006183818
89.94	0.006408461
89.96	0.005718729
89.98	0.006322867
90	0.006257777
90.02	0.009290997
90.04	0.006463867
90.06	0.004491696
90.08	0.003637188
90.1	0.001388171
90.12	-0.00056338
90.14	-0.003776895
90.16	-0.003801229
90.18	-0.003064805
90.2	-0.004332413
90.22	-0.004203548
90.24	-0.002221788
90.26	-0.001893967
90.28	-0.006454752
90.3	-0.018214947
90.32	-0.016928551
90.34	-0.02226229
90.36	-0.024026706
90.38	-0.021707369
90.4	-0.02602525
90.42	-0.020444285
90.44	-0.020358504
90.46	-0.01497191
90.48	-0.011405643
90.5	-0.008025728
90.52	-0.004089233
90.54	-0.004292678
90.56	0.000870913
90.58	0.005856219
90.6	0.005357484
90.62	0.01187677
90.64	0.004102991
90.66	-0.004585368
90.68	-0.002091717
90.7	-0.009072011
90.72	-0.00584295
90.74	0.001741879
90.76	-0.006376614
90.78	-0.003922352
90.8	-0.006295731
90.82	-0.004175527
90.84	-0.000984091
90.86	-0.003444681
90.88	-0.000492539
90.9	-0.003979216
90.92	-0.010053671
90.94	-0.011487612
90.96	-0.016037608
90.98	-0.016464746
91	-0.014972591
91.02	-0.012254351
91.04	-0.011855518
91.06	-0.011976521
91.08	-0.015655216
91.1	-0.017209185
91.12	-0.017257848
91.14	-0.012448515
91.16	-0.009986236
91.18	-0.007651191
91.2	-0.007486413
91.22	-0.004763932
91.24	-0.002891323
91.26	-0.003130059
91.28	-0.004410118
91.3	-0.006349299
91.32	-0.007864927
91.34	-0.004603812
91.36	-0.001496434
91.38	0.016490291
91.4	0.003592166
91.42	0.00228249
91.44	0.001966707
91.46	0.005536318
91.48	0.002254884
91.5	0.001457803
91.52	0.000745118
91.54	-0.003344577
91.56	-0.006473137
91.58	-0.009522982
91.6	-0.012021829
91.62	-0.010946801
91.64	-0.00764358
91.66	-0.005184514
91.68	-0.00349588
91.7	-0.00381294
91.72	-0.01024201
91.74	-0.014082655
91.76	-0.016678847
91.78	-0.014977968
91.8	-0.01372744
91.82	-0.011501926
91.84	-0.010251516
91.86	-0.007959522
91.88	-0.00790692
91.9	-0.006175111
91.92	-0.003158307
91.94	0.003346477
91.96	0.008586902
91.98	0.013908732
92	0.015298919
92.02	0.016239995
92.04	0.011377767
92.06	0.013007247
92.08	0.010705966
92.1	0.007800632
92.12	0.001999105
92.14	-0.003233312
92.16	-0.004316265
92.18	-0.006873304
92.2	-0.005859135
92.22	-0.002498444
92.24	0.00053496
92.26	0.001794481
92.28	0.000829156
92.3	-0.001172687
92.32	-0.001892139
92.34	-0.000997543
92.36	-0.001467616
92.38	-0.000471828
92.4	-0.002309505
92.42	-0.000475145
92.44	0.004785706
92.46	0.003932315
92.48	0.005200285
92.5	-0.000993351
92.52	0.001149268
92.54	0.000925364
92.56	0.002309424
92.58	0.003620531
92.6	0.004607614
92.62	0.005421579
92.64	0.002229411
92.66	-0.001552333
92.68	-0.005250227
92.7	-0.004881554
92.72	-0.002864534
92.74	0.002690763
92.76	-0.00015486
92.78	-0.001059457
92.8	-0.009362751
92.82	-0.009260719
92.84	-0.007560932
92.86	-0.006165675
92.88	-0.006832662
92.9	-0.006825634
92.92	-0.007604047
92.94	-0.010288332
92.96	-0.009963243
92.98	-0.004517028
93	-0.000475952
93.02	0.004619627
93.04	0.002999859
93.06	0.007340741
93.08	0.00660289
93.1	0.005655654
93.12	0.003850876
93.14	0.001503887
93.16	-4.88399E-05
93.18	0.000432859
93.2	0.00389927
93.22	0.004436756
93.24	0.003953917
93.26	-0.000282329
93.28	-0.001081224
93.3	-0.001626694
93.32	-0.002114187
93.34	-0.000775265
93.36	-0.002579768
93.38	-0.0004498
93.4	0.002999928
93.42	0.006439066
93.44	0.008707939
93.46	0.007382403
93.48	0.00707393
93.5	0.008462263
93.52	0.009424376
93.54	0.011577242
93.56	0.009152591
93.58	0.007108691
93.6	0.004929907
93.62	0.004029554
93.64	0.003024819
93.66	0.004788032
93.68	0.006372721
93.7	0.006401516
93.72	0.004310105
93.74	0.00282247
93.76	0.00170242
93.78	0.005731372
93.8	0.004457223
93.82	0.006428583
93.84	-0.000880468
93.86	-0.002010766
93.88	-0.000664483
93.9	-0.004335549
93.92	-0.006425961
93.94	-0.005745693
93.96	-0.004036455
93.98	-0.003579992
94	-0.001894848
94.02	-6.46132E-05
94.04	-0.001100854
94.06	-0.001862793
94.08	-0.004545124
94.1	-0.007720467
94.12	-0.010569348
94.14	-0.010058251
94.16	-0.010519209
94.18	-0.010669978
94.2	-0.012385824
94.22	-0.013113328
94.24	-0.010849722
94.26	-0.007522467
94.28	-0.006113844
94.3	-0.003291638
94.32	-0.001860769
94.34	-0.003987586
94.36	-0.00436904
94.38	-0.003308812
94.4	-0.001407088
94.42	0.001129523
94.44	0.002134525
94.46	0.003119055
94.48	0.004064214
94.5	0.005233667
94.52	0.00331615
94.54	0.005102728
94.56	0.003396531
94.58	0.003173442
94.6	0.002104202
94.62	-0.001008227
94.64	-0.002402235
94.66	-0.00201912
94.68	-0.001599409
94.7	-0.000881693
94.72	-0.000768332
94.74	0.002688262
94.76	0.002965049
94.78	0.004591777
94.8	0.002661262
94.82	0.001877483
94.84	0.000276207
94.86	-7.77637E-05
94.88	0.001210616
94.9	-0.001598012
94.92	0.00646621
94.94	0.001943763
94.96	0.004761507
94.98	0.001514826
95	-0.004741195
95.02	-0.009217839
95.04	-0.008654002
95.06	-0.006554627
95.08	-0.003456306
95.1	-0.002111712
95.12	-0.001967965
95.14	-0.001236113
95.16	-0.000538148
95.18	0.00120648
95.2	0.000466882
95.22	0.0027634
95.24	0.004328213
95.26	0.006354938
95.28	0.004557214
95.3	0.004357469
95.32	0.003735622
95.34	-0.000622123
95.36	-0.003403572
95.38	-0.006575042
95.4	-0.006950927
95.42	-0.003887552
95.44	-0.003251184
95.46	-0.000119435
95.48	2.78794E-05
95.5	0.003486563
95.52	0.004644792
95.54	0.004381813
95.56	0.001359071
95.58	-0.004823928
95.6	-0.008310007
95.62	-0.011332369
95.64	-0.010215744
95.66	-0.006596169
95.68	-0.003938145
95.7	-0.001598974
95.72	-0.001477486
95.74	-0.000136403
95.76	0.000132083
95.78	0.007798362
95.8	0.01267441
95.82	0.011372464
95.84	0.011527973
95.86	0.013344878
95.88	0.013937138
95.9	0.015268497
95.92	0.015248735
95.94	0.008285286
95.96	0.008976978
95.98	0.009259571
96	0.013619832
96.02	0.018027495
96.04	0.01895628
96.06	0.018073149
96.08	0.013367261
96.1	0.008182411
96.12	0.004751783
96.14	0.003264419
96.16	0.003720477
96.18	0.006558954
96.2	0.008841637
96.22	0.010782749
96.24	0.008997646
96.26	0.004862469
96.28	0.000492788
96.3	0.000535956
96.32	0.002789007
96.34	0.005428969
96.36	0.007532399
96.38	0.009161601
96.4	0.006723352
96.42	0.002971076
96.44	-0.002205227
96.46	-0.005276796
96.48	-0.004788691
96.5	-0.004147646
96.52	-0.004165956
96.54	-5.14299E-05
96.56	0.003243051
96.58	0.008670188
96.6	0.012288123
96.62	0.01514632
96.64	0.023436355
96.66	0.011312117
96.68	0.014262539
96.7	0.01094935
96.72	0.008355086
96.74	0.002701001
96.76	0.005074377
96.78	0.000444172
96.8	0.000440815
96.82	0.000999429
96.84	-0.004306236
96.86	-0.006611383
96.88	-0.001998277
96.9	0.00138833
96.92	0.002749864
96.94	0.001456948
96.96	-0.00504617
96.98	-0.004426514
97	-0.004832355
97.02	-0.002178551
97.04	-0.00494279
97.06	-0.00993676
97.08	-0.011388435
97.1	-0.006652209
97.12	0.002904548
97.14	0.008861271
97.16	0.016080798
97.18	0.013571171
97.2	0.014291987
97.22	0.016528913
97.24	0.01780616
97.26	0.017540977
97.28	0.015952504
97.3	0.015058579
97.32	0.012710599
97.34	0.009988574
97.36	0.006066326
97.38	0.006724482
97.4	0.011793561
97.42	0.018551224
97.44	0.021677587
97.46	0.022005689
97.48	0.015357449
97.5	0.009255617
97.52	-0.003805811
97.54	-0.005788878
97.56	-0.010138056
97.58	-0.0063404
97.6	-0.005831349
97.62	-0.001038259
97.64	0.003357395
97.66	0.008430507
97.68	0.004965592
97.7	0.000460474
97.72	-0.00188671
97.74	-0.001370142
97.76	-0.002261287
97.78	-0.000781368
97.8	-0.000856539
97.82	-0.000898539
97.84	0.001827145
97.86	0.004024692
97.88	0.001498116
97.9	0.000973625
97.92	-0.001422442
97.94	-0.00147754
97.96	-0.002160703
97.98	0.004875068
98	0.00967877
98.02	0.007327218
98.04	0.008921879
98.06	0.003600999
98.08	0.001831111
98.1	-0.003557382
98.12	-0.011800956
98.14	-0.012187258
98.16	-0.011155942
98.18	-0.01012222
98.2	-0.009984901
98.22	-0.012083469
98.24	-0.007662952
98.26	-0.004150768
98.28	0.004068574
98.3	0.005137993
98.32	-0.001720721
98.34	-0.006583598
98.36	-0.014618549
98.38	-0.016617927
98.4	-0.01821144
98.42	-0.009754838
98.44	-0.010402809
98.46	-0.012009223
98.48	-0.009156917
98.5	-0.005271825
98.52	-0.002042751
98.54	0.003529768
98.56	0.005196045
98.58	0.004337929
98.6	0.004504577
98.62	0.005896051
98.64	0.007838465
98.66	0.008009605
98.68	0.006491829
98.7	0.006262837
98.72	0.004463507
98.74	0.003008927
98.76	-0.002315675
98.78	-0.008672031
98.8	-0.013186174
98.82	-0.010856833
98.84	-0.008588346
98.86	-0.010190833
98.88	0.00082049
98.9	0.000339394
98.92	0.002534959
98.94	-0.004427537
98.96	-0.006048358
98.98	-0.007528249
99	-0.008083818
99.02	-0.01329216
99.04	-0.012796028
99.06	-0.011082074
99.08	-0.006736436
99.1	-0.003223924
99.12	-0.00250012
99.14	0.002059817
99.16	-0.002622997
99.18	-0.005408097
99.2	-0.012041039
99.22	-0.009390628
99.24	-0.003895666
99.26	1.00784E-06
99.28	0.00202836
99.3	0.000880203
99.32	-0.001344985
99.34	-0.003949756
99.36	-0.005688868
99.38	-0.007816171
99.4	-0.009589312
99.42	-0.004123439
99.44	-0.008921144
99.46	-0.005505932
99.48	-0.005219145
99.5	-0.003956072
99.52	-0.001222931
99.54	-0.000967349
99.56	-0.009410093
99.58	-0.010492956
99.6	-0.007856689
99.62	-0.002213803
99.64	0.002128751
99.66	0.002363328
99.68	0.003556422
99.7	0.00543148
99.72	0.006076826
99.74	0.007526076
99.76	0.003602615
99.78	-6.88285E-05
99.8	-0.005596316
99.82	-0.006748258
99.84	-0.007030899
99.86	-0.004905955
99.88	-0.004123618
99.9	-0.001351762
99.92	-0.000933647
99.94	-0.001387022
99.96	-0.003705511
99.98	-0.00538054
100	-0.009996524
100.02	-0.011493182
100.04	-0.007719863
100.06	-0.002262716
100.08	0.003029055
100.1	0.005632667
100.12	0.007045115
100.14	0.005220041
100.16	0.001169883
100.18	-0.002104116
100.2	-0.005104996
100.22	-0.00751498
100.24	-0.00707399
100.26	-0.00563441
100.28	-0.00042079
100.3	0.001186929
100.32	0.001397112
100.34	-0.003394212
100.36	-0.008115981
100.38	-0.01056835
100.4	-0.008104083
100.42	-0.004500711
100.44	-0.00521593
100.46	-0.005453689
100.48	-0.006337116
100.5	-0.004412327
100.52	-0.003248907
100.54	-0.002050986
100.56	-0.00164061
100.58	-0.004057192
100.6	-0.003998741
100.62	-0.000436286
100.64	-0.001078167
100.66	0.002588495
100.68	0.003618378
100.7	0.002663229
100.72	0.003416343
100.74	0.001203845
100.76	-0.000335582
100.78	-0.002900019
100.8	-0.006489104
100.82	-0.011232518
100.84	-0.013230935
100.86	-0.014079784
100.88	-0.010725723
100.9	-0.011629518
100.92	-0.011206578
100.94	-0.013207367
100.96	-0.006717406
100.98	-0.007804056
101	-0.00222487
101.02	0.002653927
101.04	0.005938748
101.06	0.007944834
101.08	0.009035533
101.1	0.005409734
101.12	0.003359276
101.14	0.000530116
101.16	0.001266146
101.18	0.00244561
101.2	0.004612633
101.22	0.006962865
101.24	0.009480095
101.26	0.008164406
101.28	0.007811265
101.3	0.006235605
101.32	0.007258389
101.34	0.009654481
101.36	0.009771798
101.38	0.006194217
101.4	0.00315733
101.42	-0.001560543
101.44	-0.003608661
101.46	-0.006856112
101.48	-0.008624674
101.5	-0.010989586
101.52	-0.007920617
101.54	-0.001657588
101.56	0.004390596
101.58	0.008062635
101.6	0.009970443
101.62	0.011114084
101.64	0.012783055
101.66	0.014568002
101.68	0.013690123
101.7	0.008499093
101.72	0.003274066
101.74	0.000627153
101.76	-0.000396498
101.78	0.000656084
101.8	0.002910026
101.82	0.00680655
101.84	0.005905664
101.86	0.007289574
101.88	0.002795554
101.9	0.000114109
101.92	0.001997089
101.94	-0.001092484
101.96	-0.00644128
101.98	-0.006698166
102	-0.007812876
102.02	-0.00681117
102.04	-0.006171119
102.06	-0.006493496
102.08	-0.007383854
102.1	-0.004027618
102.12	-0.000754215
102.14	0.003163686
102.16	0.000292401
102.18	-0.004512767
102.2	-0.006483746
102.22	-0.009814632
102.24	-0.011508415
102.26	-0.010582414
102.28	-0.01282824
102.3	-0.011801585
102.32	-0.014386545
102.34	-0.010644008
102.36	-0.006463635
102.38	-0.004900835
102.4	-0.004261878
102.42	-0.00311433
102.44	0.000101777
102.46	0.006329762
102.48	0.009272665
102.5	0.010698326
102.52	0.011074688
102.54	0.009704713
102.56	0.010067015
102.58	0.009977216
102.6	0.010598333
102.62	0.011412171
102.64	0.010763045
102.66	0.013098124
102.68	0.01014711
102.7	0.00702814
102.72	0.000137503
102.74	-0.00319324
102.76	-0.004668009
102.78	-0.002886484
102.8	-0.001634097
102.82	0.001240652
102.84	0.000885022
102.86	-8.41831E-05
102.88	-0.000311422
102.9	-0.004722396
102.92	-0.00828454
102.94	-0.011565827
102.96	-0.011489784
102.98	-0.007674239
103	-0.002839761
103.02	0.00195842
103.04	0.007220855
103.06	0.011847735
103.08	0.012783912
103.1	0.011421654
103.12	0.008818625
103.14	0.005393973
103.16	0.00503332
103.18	0.004931412
103.2	0.002935993
103.22	0.004991205
103.24	0.003175222
103.26	0.002145649
103.28	-0.001710001
103.3	-0.00046919
103.32	-0.003042046
103.34	-0.006973234
103.36	-0.015496096
103.38	-0.014356196
103.4	-0.010231473
103.42	-0.013090266
103.44	-0.009921402
103.46	-0.009904609
103.48	-0.010800486
103.5	-0.007756867
103.52	-0.001120192
103.54	-0.001225773
103.56	-0.001797057
103.58	-0.00696598
103.6	-0.009236038
103.62	-0.009499648
103.64	-0.005453699
103.66	-0.003147656
103.68	-0.000765093
103.7	0.001894197
103.72	0.005476955
103.74	0.003782795
103.76	0.00230667
103.78	-0.000803435
103.8	-0.003137994
103.82	0.000765218
103.84	0.008542987
103.86	0.012693936
103.88	0.013542057
103.9	0.011556081
103.92	0.010386147
103.94	0.009854589
103.96	0.006756133
103.98	0.005243851
104	0.000145655
104.02	-0.00253585
104.04	0.001490488
104.06	0.007454588
104.08	0.0078276
104.1	0.006951588
104.12	0.005381137
104.14	0.001558359
104.16	-0.012539972
104.18	-0.011048372
104.2	-0.01358632
104.22	-0.01178135
104.24	-0.019413361
104.26	-0.016945203
104.28	-0.014154852
104.3	-0.013187011
104.32	-0.013005689
104.34	-0.014356492
104.36	-0.011777032
104.38	-0.007524946
104.4	-0.001930952
104.42	0.001959362
104.44	0.005036198
104.46	0.005197822
104.48	0.006547781
104.5	0.007370669
104.52	0.014871117
104.54	0.01061492
104.56	0.007621274
104.58	-0.003246624
104.6	-0.00188348
104.62	-0.000916771
104.64	0.002803081
104.66	-0.004015322
104.68	-0.004145961
104.7	-0.00589432
104.72	-0.003037904
104.74	-0.00428376
104.76	-0.006259775
104.78	-0.007955562
104.8	-0.009814601
104.82	-0.011408398
104.84	-0.014193672
104.86	-0.013503692
104.88	-0.012459789
104.9	-0.009454836
104.92	-0.002589231
104.94	0.001832694
104.96	0.008615075
104.98	0.010256899
105	0.008001395
105.02	0.012273599
105.04	0.01304279
105.06	0.014605356
105.08	0.006914718
105.1	0.00435125
105.12	0.003497465
105.14	0.00554855
105.16	0.006008958
105.18	0.007052892
105.2	0.010908623
105.22	0.005407691
105.24	0.00582551
105.26	0.000916912
105.28	0.003853222
105.3	0.007040621
105.32	0.007885455
105.34	0.008850428
105.36	0.008517751
105.38	0.004771027
105.4	-0.000386817
105.42	-0.004689684
105.44	-0.005228095
105.46	-0.000660992
105.48	0.004058687
105.5	0.010351463
105.52	0.014885383
105.54	0.018054808
105.56	0.01900607
105.58	0.02114059
105.6	0.022610822
105.62	0.020625879
105.64	0.01606312
105.66	0.010255266
105.68	0.001448703
105.7	0.001777024
105.72	-0.003564619
105.74	-0.007359982
105.76	0.010798286
105.78	-0.002887076
105.8	-0.00328363
105.82	-0.008824397
105.84	-0.007973132
105.86	-0.000374379
105.88	0.006480798
105.9	0.004205621
105.92	0.009202084
105.94	0.011897189
105.96	0.00818155
105.98	0.004738908
106	0.005740546
106.02	0.006426285
106.04	0.004098439
106.06	0.003119847
106.08	0.003913602
106.1	0.005115804
106.12	0.00629746
106.14	0.00759592
106.16	0.008038119
106.18	0.008372212
106.2	0.006130069
106.22	0.00534862
106.24	-0.001104429
106.26	-0.00238912
106.28	-0.006902112
106.3	-0.007386616
106.32	-0.005230259
106.34	-0.005315601
106.36	-0.004280674
106.38	-0.00155598
106.4	0.0011893
106.42	0.003623224
106.44	0.004300773
106.46	0.004267917
106.48	0.005346463
106.5	0.005581113
106.52	0.002197959
106.54	-0.001184251
106.56	-0.004010712
106.58	0.006041234
106.6	0.00497739
106.62	0.006761318
106.64	0.004195237
106.66	0.003795123
106.68	-0.004448047
106.7	-0.000486289
106.72	0.000650311
106.74	0.001857534
106.76	0.004096559
106.78	0.004330537
106.8	0.004181912
106.82	0.000431079
106.84	-0.000168504
106.86	0.001389734
106.88	-0.000478612
106.9	0.001462745
106.92	0.003589766
106.94	-0.001042393
106.96	-0.001929505
106.98	0.001829781
107	0.01067926
107.02	0.009062933
107.04	0.012033686
107.06	0.008418587
107.08	0.006535512
107.1	0.004355926
107.12	0.003709659
107.14	0.000325093
107.16	-0.005347358
107.18	-0.007576084
107.2	-0.009347955
107.22	-0.007548448
107.24	-0.007946828
107.26	-0.006902611
107.28	-0.004310386
107.3	-0.002701625
107.32	-0.002334356
107.34	-0.002445479
107.36	-0.003658865
107.38	-0.003885108
107.4	-0.004544127
107.42	0.002539619
107.44	0.004458567
107.46	0.005566534
107.48	0.003564648
107.5	-0.000479085
107.52	-0.006584876
107.54	-0.006437737
107.56	-0.003384106
107.58	-0.000549677
107.6	-0.000685005
107.62	0.002685954
107.64	-0.00188797
107.66	-0.000614888
107.68	-0.002742825
107.7	-0.000364614
107.72	-0.003839009
107.74	-0.003400148
107.76	-0.004845029
107.78	-0.005485549
107.8	-0.006367419
107.82	-0.00459392
107.84	-0.004372799
107.86	-0.004291378
107.88	-0.003560895
107.9	-0.002611553
107.92	-0.003533966
107.94	-0.003292376
107.96	-0.004350152
107.98	-0.002663389
108	-0.006543175
108.02	0.001383811
108.04	0.000269606
108.06	0.004884021
108.08	-0.001773568
108.1	-0.006518819
108.12	-0.009741482
108.14	-0.012173466
108.16	-0.015947161
108.18	-0.01647962
108.2	-0.016180738
108.22	-0.011132872
108.24	-0.008274473
108.26	-0.005483565
108.28	-0.005571252
108.3	-0.004476817
108.32	-0.002391977
108.34	-0.001309235
108.36	-0.000776836
108.38	0.001146762
108.4	0.002062101
108.42	0.001416833
108.44	-0.000880983
108.46	-0.004297632
108.48	-0.004596061
108.5	-0.003663575
108.52	-0.003016672
108.54	0.000210919
108.56	0.000444403
108.58	0.004729654
108.6	0.001281315
108.62	0.004495253
108.64	0.004238509
108.66	0.003625482
108.68	-0.004133504
108.7	-0.008031653
108.72	-0.00849554
108.74	-0.009537736
108.76	-0.009690539
108.78	-0.010485913
108.8	-0.009179006
108.82	-0.008443135
108.84	-0.006253083
108.86	-0.004262292
108.88	-0.000538799
108.9	0.003904703
108.92	0.006879872
108.94	0.006185098
108.96	0.009182426
108.98	0.009921528
109	0.008912702
109.02	0.00815831
109.04	0.00660331
109.06	0.00774093
109.08	0.00719403
109.1	0.006842192
109.12	0.010398213
109.14	0.008834414
109.16	0.00760869
109.18	0.005138707
109.2	0.001847328
109.22	0.00285975
109.24	-0.00046281
109.26	-0.002011818
109.28	-0.002823502
109.3	-0.003705023
109.32	-0.007849114
109.34	-0.005738649
109.36	-0.003779727
109.38	-0.000813052
109.4	0.000338378
109.42	0.00230448
109.44	0.003152703
109.46	0.005832329
109.48	0.007262444
109.5	0.00733339
109.52	0.005222761
109.54	-0.000184249
109.56	-0.005450823
109.58	-0.004522253
109.6	-0.003965845
109.62	0.002612816
109.64	0.002684072
109.66	0.005853344
109.68	0.009417962
109.7	0.01372363
109.72	0.01469464
109.74	0.010033984
109.76	0.003181501
109.78	-0.00215683
109.8	-0.00466529
109.82	-0.00202759
109.84	0.006509211
109.86	0.011819679
109.88	0.015614646
109.9	0.009918434
109.92	0.008380398
109.94	0.007001723
109.96	0.007447898
109.98	0.005835664
110	0.005227597
110.02	-0.000599349
110.04	-0.00405503
110.06	-0.007878483
110.08	-0.008981079
110.1	-0.011424075
110.12	-0.011426121
110.14	-0.015203968
110.16	-0.009412264
110.18	-0.007537751
110.2	-0.000951097
110.22	-0.002753593
110.24	-0.002609721
110.26	-0.006475307
110.28	-0.006594056
110.3	-0.003357489
110.32	-0.001945809
110.34	0.002891803
110.36	0.003697045
110.38	0.003400671
110.4	0.001672133
110.42	0.004028536
110.44	0.005690524
110.46	0.008001292
110.48	0.011694752
110.5	0.01336583
110.52	0.01159764
110.54	0.012270872
110.56	0.006543485
110.58	0.004975029
110.6	-0.003096825
110.62	-0.005489322
110.64	-0.005009509
110.66	-0.005088822
110.68	-0.003512303
110.7	-0.00586589
110.72	-0.00477038
110.74	-0.00651361
110.76	-0.006510024
110.78	-0.004425231
110.8	-0.001337874
110.82	0.001421113
110.84	0.000971995
110.86	-0.002652021
110.88	-0.002157951
110.9	-0.00272658
110.92	0.003161354
110.94	0.005131216
110.96	0.004717335
110.98	0.005168317
111	0.003473954
111.02	0.006723883
111.04	0.012974591
111.06	0.009698498
111.08	0.011764064
111.1	0.006706373
111.12	0.006610833
111.14	0.004996223
111.16	0.006955614
111.18	0.004975502
111.2	-0.002116882
111.22	-0.006436395
111.24	-0.007806158
111.26	-0.004422686
111.28	-0.002842703
111.3	-0.001876556
111.32	-0.004262271
111.34	-0.002652591
111.36	-0.002565924
111.38	-0.002508201
111.4	-0.003377836
111.42	-0.004937712
111.44	-0.008171317
111.46	-0.005708635
111.48	-0.0067311
111.5	-0.00622836
111.52	-0.011306705
111.54	-0.014147143
111.56	-0.015004529
111.58	-0.012560734
111.6	-0.009329179
111.62	-0.005499133
111.64	-0.004283365
111.66	-0.003155024
111.68	-0.00518994
111.7	-0.005983741
111.72	-0.007962876
111.74	-0.007423345
111.76	-0.007832734
111.78	-0.00700563
111.8	-0.00734219
111.82	-0.006541384
111.84	-0.004915319
111.86	-0.00302444
111.88	-0.002197112
111.9	0.00025239
111.92	0.000665162
111.94	9.8072E-05
111.96	-0.001454598
111.98	-0.002245339
112	-0.001916263
112.02	-0.002783307
112.04	-0.003671518
112.06	-0.005327982
112.08	-0.006613349
112.1	-0.006853574
112.12	-0.005216865
112.14	-0.00309278
112.16	-0.001179367
112.18	-0.000239363
112.2	0.001410899
112.22	0.00197419
112.24	0.000898148
112.26	-0.003045888
112.28	-0.007784166
112.3	-0.008144313
112.32	-0.006936174
112.34	-0.003845086
112.36	-0.003909284
112.38	-0.006214792
112.4	-0.008335916
112.42	-0.010185626
112.44	-0.009250527
112.46	-0.010651148
112.48	-0.008914722
112.5	-0.004837446
112.52	0.002338432
112.54	0.005844915
112.56	0.008099444
112.58	0.00918455
112.6	0.006426107
112.62	0.002341372
112.64	-0.000922412
112.66	-0.004578833
112.68	-0.010249226
112.7	-0.012927979
112.72	-0.012272972
112.74	-0.009979058
112.76	-0.006722181
112.78	-0.002923719
112.8	-0.002630387
112.82	0.00058395
112.84	0.001920309
112.86	0.004501028
112.88	0.007455917
112.9	0.007135826
112.92	0.002929358
112.94	1.16007E-07
112.96	-0.002864063
112.98	-0.003602575
113	-0.004118431
113.02	-0.00730898
113.04	-0.009253427
113.06	-0.007710963
113.08	-0.003235249
113.1	-0.002428109
113.12	-0.000862715
113.14	-0.003400642
113.16	0.000740802
113.18	0.003330737
113.2	0.006714687
113.22	0.00715461
113.24	0.001834019
113.26	-0.000768473
113.28	-0.000462677
113.3	0.004145227
113.32	0.009005857
113.34	0.010484118
113.36	0.005357247
113.38	0.000877148
113.4	-0.000747423
113.42	-0.000430828
113.44	0.004601373
113.46	0.004617821
113.48	0.004859713
113.5	-0.002932801
113.52	-0.006071819
113.54	-0.006175995
113.56	-0.003422649
113.58	-4.84086E-05
113.6	-0.001414827
113.62	0.001505281
113.64	0.001889895
113.66	0.002153871
113.68	0.003399068
113.7	0.000513354
113.72	-0.000710214
113.74	-0.00419564
113.76	-0.007952651
113.78	-0.010496677
113.8	-0.0046079
113.82	-0.004968917
113.84	-0.001064099
113.86	0.00090162
113.88	0.004158488
113.9	0.004760751
113.92	0.00485768
113.94	0.004134337
113.96	0.004577149
113.98	0.000308977
114	-0.002593195
114.02	-0.00561944
114.04	-0.010145507
114.06	-0.011597741
114.08	-0.009881835
114.1	-0.009766055
114.12	-0.003484419
114.14	-0.002142428
114.16	-0.001946432
114.18	-0.000760341
114.2	0.004066731
114.22	0.01018209
114.24	0.014393218
114.26	0.012023829
114.28	0.006952126
114.3	0.001302817
114.32	-0.003990914
114.34	-0.00408992
114.36	-0.004436279
114.38	0.002513507
114.4	0.006557452
114.42	0.008573413
114.44	0.012712566
114.46	0.005103057
114.48	0.002046966
114.5	-0.002930008
114.52	-0.00394643
114.54	-0.003659888
114.56	-0.002287465
114.58	0.001146077
114.6	0.006104532
114.62	0.008273388
114.64	0.006206785
114.66	0.000615249
114.68	-0.00396878
114.7	-0.006197878
114.72	-0.003646448
114.74	0.000303672
114.76	0.001822621
114.78	0.002547065
114.8	0.003626875
114.82	0.005569752
114.84	0.006852824
114.86	0.007800425
114.88	0.008863539
114.9	0.009773394
114.92	0.009193844
114.94	0.01034772
114.96	0.008847015
114.98	0.008379063
115	0.007819788
115.02	0.008105143
115.04	0.010223402
115.06	0.009906079
115.08	0.008413464
115.1	0.001488134
115.12	0.000560739
115.14	0.000466762
115.16	0.00070302
115.18	0.001959152
115.2	0.001955737
115.22	0.004395199
115.24	0.006518916
115.26	0.003544724
115.28	0.001559358
115.3	0.001746727
115.32	0.002988336
115.34	0.002411815
115.36	0.006166112
115.38	0.00697894
115.4	0.008455497
115.42	0.010221983
115.44	0.006009831
115.46	0.00064059
115.48	-0.000612729
115.5	0.000187367
115.52	0.000966779
115.54	0.001350936
115.56	0.001827335
115.58	0.008451763
115.6	0.013422139
115.62	0.015012614
115.64	0.014708056
115.66	0.010748438
115.68	0.010475201
115.7	0.007220718
115.72	0.004936062
115.74	0.001907406
115.76	-0.00379708
115.78	-0.006530822
115.8	-0.003691096
115.82	-0.000809004
115.84	0.001350596
115.86	0.001805113
115.88	-0.003697965
115.9	-0.009355268
115.92	-0.010647406
115.94	-0.007998072
115.96	-0.009669482
115.98	-0.005146482
116	-0.007212385
116.02	-0.006588666
116.04	-0.005535366
116.06	-0.007811701
116.08	-0.009335152
116.1	-0.009237686
116.12	-0.00763167
116.14	-0.002040569
116.16	0.001692956
116.18	0.005126136
116.2	0.004842171
116.22	0.00396674
116.24	0.001711016
116.26	0.000617885
116.28	0.000392935
116.3	0.001649013
116.32	0.004451595
116.34	0.009398722
116.36	0.014416926
116.38	0.014221256
116.4	0.014320785
116.42	0.014040726
116.44	0.012383386
116.46	0.010306757
116.48	0.008786391
116.5	0.006286032
116.52	0.002175828
116.54	-0.00596375
116.56	-0.002673058
116.58	-0.006418344
116.6	-0.005776595
116.62	-0.009560957
116.64	-0.006694955
116.66	-0.005952708
116.68	-0.004533987
116.7	-0.00164595
116.72	0.000278528
116.74	0.002389746
116.76	0.003165299
116.78	0.002780695
116.8	0.002068214
116.82	0.000349143
116.84	-0.001334989
116.86	0.002109646
116.88	0.004805265
116.9	0.007465003
116.92	0.008362307
116.94	0.007709894
116.96	0.006728116
116.98	0.005677728
117	0.009148298
117.02	0.009589371
117.04	0.006119263
117.06	0.000488364
117.08	-0.006785456
117.1	0.001434504
117.12	-0.005091167
117.14	-0.007637971
117.16	-0.009277647
117.18	-0.006910959
117.2	-0.003478311
117.22	0.000342579
117.24	6.87451E-05
117.26	0.000843963
117.28	0.002733805
117.3	0.001518005
117.32	-0.001619886
117.34	-0.004815136
117.36	-0.012566671
117.38	-0.017852883
117.4	-0.016469882
117.42	-0.017302039
117.44	-0.011473303
117.46	-0.005372503
117.48	-0.002373721
117.5	0.00154003
117.52	0.004749657
117.54	0.004965441
117.56	0.005292546
117.58	0.001756456
117.6	-0.001960378
117.62	-0.002157894
117.64	-0.003188648
117.66	-0.000257039
117.68	0.000766501
117.7	0.002159292
117.72	0.002640923
117.74	0.004325381
117.76	0.005195759
117.78	0.007314818
117.8	0.009900707
117.82	0.010873967
117.84	0.0092315
117.86	0.00550364
117.88	0.001607718
117.9	-0.003240145
117.92	-0.00502599
117.94	-0.007932413
117.96	-0.008702093
117.98	-0.004847677
118	-0.003016945
118.02	-0.001189719
118.04	-0.002796928
118.06	-0.006683966
118.08	-0.004889127
118.1	-0.003212306
118.12	-0.002008237
118.14	-0.002011156
118.16	-0.003454414
118.18	-0.001768461
118.2	0.001039944
118.22	-0.001487606
118.24	-0.004252721
118.26	-0.01114289
118.28	-0.010043421
118.3	-0.005649116
118.32	0.000865899
118.34	0.008170137
118.36	0.007026159
118.38	0.005693132
118.4	-0.001027934
118.42	0.001093965
118.44	0.000264596
118.46	-0.002667558
118.48	-0.006428774
118.5	-0.003280395
118.52	-0.006265515
118.54	-0.000236884
118.56	0.001501001
118.58	0.002201003
118.6	0.00359087
118.62	0.009138471
118.64	0.013844365
118.66	0.01466186
118.68	0.013990161
118.7	0.010037857
118.72	0.007047037
118.74	0.001137185
118.76	6.3287E-05
118.78	0.004282023
118.8	0.00821918
118.82	0.007756743
118.84	0.002156329
118.86	0.003124792
118.88	0.002170233
118.9	0.001068734
118.92	-0.000599193
118.94	0.004607759
118.96	0.008781477
118.98	0.013020421
119	0.011442319
119.02	0.010291567
119.04	0.009919146
119.06	0.006266476
119.08	0.005468884
119.1	0.007081255
119.12	0.007718204
119.14	0.013006954
119.16	0.014722182
119.18	0.012524749
119.2	0.009726309
119.22	0.009616511
119.24	0.006017432
119.26	0.004071088
119.28	0.000956584
119.3	-0.004087126
119.32	-0.008602046
119.34	-0.011426565
119.36	-0.010024627
119.38	-0.004831633
119.4	0.003083736
119.42	0.006329191
119.44	0.004915496
119.46	0.000959549
119.48	-0.004165072
119.5	-0.00726329
119.52	-0.011278632
119.54	-0.013796618
119.56	-0.015129183
119.58	-0.010259177
119.6	-0.006395372
119.62	-0.004060298
119.64	-0.002111275
119.66	-0.007283662
119.68	-0.009044632
119.7	-0.011244713
119.72	-0.011864844
119.74	-0.010491122
119.76	-0.007440263
119.78	-0.001727217
119.8	0.001172588
119.82	0.001825995
119.84	-0.000278374
119.86	-0.001534579
119.88	-0.004400128
119.9	-0.006082698
119.92	-0.005661212
119.94	-0.004878708
119.96	-0.003514476
119.98	-0.001257195
120	-0.000499464
120.02	0.002135765
120.04	0.004393655
120.06	0.003631512
120.08	0.000697558
120.1	-0.001086763
120.12	-0.002256127
120.14	-0.001181181
120.16	-0.002040964
120.18	-0.004378598
120.2	0.002347315
120.22	0.001643826
120.24	0.007803792
120.26	0.000690516
120.28	-0.001152047
120.3	-0.003253757
120.32	-0.006965839
120.34	-0.009217547
120.36	-0.009744241
120.38	-0.007495917
120.4	-0.006359432
120.42	-0.006350766
120.44	-0.005194359
120.46	-0.002481212
120.48	-0.000887186
120.5	0.004155955
120.52	0.00364007
120.54	0.001106175
120.56	0.000615743
120.58	0.00117807
120.6	0.003291253
120.62	0.001024132
120.64	0.000262737
120.66	0.000750713
120.68	-0.002073943
120.7	-0.00496141
120.72	-0.01289052
120.74	-0.013882699
120.76	-0.015217201
120.78	-0.013695077
120.8	-0.012891524
120.82	-0.010387179
120.84	-0.008809447
120.86	-0.005826707
120.88	-0.003640969
120.9	-0.002622932
120.92	-0.004085753
120.94	-0.007286609
120.96	-0.009564236
120.98	-0.012547727
121	-0.014817654
121.02	-0.010566374
121.04	-0.004077558
121.06	-0.002940953
121.08	-6.30401E-05
121.1	-0.001817862
121.12	-0.002739821
121.14	-0.007674525
121.16	-0.010376054
121.18	-0.011645817
121.2	-0.006493329
121.22	-0.001844004
121.24	0.004414952
121.26	0.002521274
121.28	0.000795413
121.3	-0.004653268
121.32	-0.009418917
121.34	-0.015550901
121.36	-0.01676703
121.38	-0.016853905
121.4	-0.012121517
121.42	-0.007545077
121.44	-0.003915096
121.46	0.000427954
121.48	0.00410674
121.5	0.007257054
121.52	0.008035371
121.54	0.005602526
121.56	0.003115979
121.58	-0.002788182
121.6	0.00073377
121.62	-0.000184824
121.64	0.000158337
121.66	0.000678686
121.68	-0.000873154
121.7	-0.003507868
121.72	-0.005549458
121.74	-0.005476921
121.76	-0.006577809
121.78	-0.008985165
121.8	-0.005858271
121.82	-0.005710604
121.84	-0.006339173
121.86	-0.009011378
121.88	-0.005054012
121.9	0.000127762
121.92	-0.000238708
121.94	-0.002439877
121.96	-0.005727663
121.98	-0.009375956
122	-0.011229941
122.02	-0.008328639
122.04	-0.000979214
122.06	0.002365539
122.08	0.004656053
122.1	0.005201992
122.12	0.001732737
122.14	0.006687351
122.16	0.009744753
122.18	0.009968193
122.2	0.010662147
122.22	0.008903356
122.24	0.005007328
122.26	0.004518714
122.28	0.00645912
122.3	0.003838473
122.32	0.011568167
122.34	0.003688925
122.36	0.002399443
122.38	-0.012556205
122.4	-0.011698466
122.42	-0.009595035
122.44	-0.005610855
122.46	-0.004965132
122.48	-0.002508719
122.5	0.000616559
122.52	0.000898246
122.54	0.000651312
122.56	0.00112466
122.58	-0.002986593
122.6	-0.004513866
122.62	-0.002117112
122.64	0.004786036
122.66	0.006767959
122.68	0.007467437
122.7	0.006185391
122.72	0.007619211
122.74	0.007697891
122.76	0.006195945
122.78	0.004367456
122.8	0.004059714
122.82	0.003648234
122.84	0.00706824
122.86	0.009888086
122.88	0.012323462
122.9	0.010048761
122.92	0.00899876
122.94	0.005602413
122.96	0.010097781
122.98	0.015792994
123	0.019641731
123.02	0.020161057
123.04	0.016257177
123.06	0.013479242
123.08	0.009857598
123.1	0.00681433
123.12	0.0057547
123.14	0.004579697
123.16	-0.002273485
123.18	-0.001420721
123.2	-0.006232819
123.22	0.003901424
123.24	0.006813005
123.26	-0.000957132
123.28	-0.006243313
123.3	-0.000107303
123.32	0.004066125
123.34	0.004336642
123.36	0.004017476
123.38	0.003017488
123.4	0.002810795
123.42	0.003252592
123.44	0.003611358
123.46	0.004051102
123.48	0.003893361
123.5	0.005646724
123.52	0.007125308
123.54	0.006345478
123.56	0.007060468
123.58	0.00513718
123.6	0.003345627
123.62	0.001194105
123.64	0.002884079
123.66	0.003129185
123.68	0.000682053
123.7	-0.002122227
123.72	-0.006536783
123.74	-0.005054823
123.76	-0.004112255
123.78	-0.007362481
123.8	-0.009252123
123.82	-0.012450598
123.84	-0.013951207
123.86	-0.010918708
123.88	-0.009956488
123.9	-0.010334948
123.92	-0.010209446
123.94	-0.011019165
123.96	-0.013960394
123.98	-0.007795003
124	-0.007739091
124.02	-0.002498842
124.04	-0.003710963
124.06	-0.004159111
124.08	-0.005264885
124.1	-0.001382173
124.12	-0.003607141
124.14	-0.006128226
124.16	-0.007767896
124.18	-0.006138691
124.2	-0.000493656
124.22	0.002303755
124.24	0.003486513
124.26	0.002746389
124.28	8.85415E-05
124.3	0.000842674
124.32	-2.35152E-05
124.34	-0.001638249
124.36	-0.001292157
124.38	0.002123673
124.4	0.006451942
124.42	0.009804881
124.44	0.010991403
124.46	0.009194948
124.48	0.006733956
124.5	-0.001008736
124.52	-0.002865455
124.54	0.004594089
124.56	-0.00046885
124.58	0.008375367
124.6	0.009611491
124.62	0.010596899
124.64	0.007607412
124.66	0.007534327
124.68	-0.001030552
124.7	-0.007086844
124.72	-0.012014901
124.74	-0.012012003
124.76	-0.007835768
124.78	-0.003504531
124.8	0.00358842
124.82	0.008824569
124.84	0.01308667
124.86	0.012010741
124.88	0.008313196
124.9	0.009583432
124.92	-0.002883079
124.94	-0.001498545
124.96	-0.004937463
124.98	-0.00648489
125	0.001758079
125.02	0.003820343
125.04	0.006690744
125.06	0.00975154
125.08	0.008885349
125.1	0.006343344
125.12	0.003033751
125.14	-0.001548304
125.16	-0.007211298
125.18	-0.00952735
125.2	-0.01159516
125.22	-0.011376332
125.24	-0.012287891
125.26	-0.002302187
125.28	-0.00228729
125.3	-0.003744064
125.32	-0.006621317
125.34	-0.01411461
125.36	-0.010744825
125.38	-0.006555099
125.4	-0.010634501
125.42	-0.009677985
125.44	-0.006868113
125.46	0.001620349
125.48	0.00697588
125.5	0.008979901
125.52	0.006687951
125.54	0.000220287
125.56	-0.006684119
125.58	0.000246749
125.6	0.003283799
125.62	0.00939213
125.64	0.007460773
125.66	0.009351919
125.68	0.008573732
125.7	0.007089112
125.72	0.003897945
125.74	0.002008801
125.76	-0.004335767
125.78	-0.007244103
125.8	-0.004900881
125.82	0.001139013
125.84	0.009320097
125.86	0.012989999
125.88	0.014660256
125.9	0.014683267
125.92	0.015503908
125.94	0.014849508
125.96	0.012802224
125.98	0.009083492
126	-0.004234587
126.02	0.004246626
126.04	0.00329538
126.06	0.011883837
126.08	0.00835184
126.1	0.006997297
126.12	0.004531007
126.14	0.006594133
126.16	0.002724385
126.18	0.00264645
126.2	0.000984734
126.22	-0.000194195
126.24	-0.001116677
126.26	-0.002670508
126.28	-0.005833331
126.3	-0.009045061
126.32	-0.008863096
126.34	-0.007412533
126.36	0.000343215
126.38	0.005969813
126.4	0.004102594
126.42	0.009074874
126.44	0.006876688
126.46	0.012013128
126.48	0.011882191
126.5	0.008471714
126.52	0.004120494
126.54	0.00142122
126.56	-0.000669278
126.58	-0.004514282
126.6	-0.004604196
126.62	-0.00784609
126.64	-0.012813883
126.66	-0.008424158
126.68	-0.00205051
126.7	0.002921953
126.72	0.005019499
126.74	0.000876033
126.76	5.7461E-05
126.78	0.002070437
126.8	0.000499659
126.82	-0.001776858
126.84	-0.009357556
126.86	-0.009700697
126.88	-0.009871569
126.9	-0.004540395
126.92	0.000158285
126.94	0.007029819
126.96	0.01274827
126.98	0.02028477
127	0.021028597
127.02	0.019896561
127.04	0.011518405
127.06	0.008728521
127.08	0.005984966
127.1	0.006852188
127.12	0.007099384
127.14	0.004390592
127.16	0.00039409
127.18	-0.004068837
127.2	-0.005252917
127.22	-0.004973125
127.24	-0.00189593
127.26	0.000578935
127.28	0.001926026
127.3	0.006471642
127.32	0.009113356
127.34	0.00641831
127.36	-8.75277E-05
127.38	-0.00701036
127.4	-0.011391462
127.42	-0.013450645
127.44	-0.013775936
127.46	-0.011017156
127.48	-0.012351552
127.5	-0.009252685
127.52	-0.002568293
127.54	0.006623473
127.56	0.004317099
127.58	0.00368437
127.6	-0.002477627
127.62	-0.005924048
127.64	-0.007680411
127.66	-0.011320604
127.68	-0.015854607
127.7	-0.019413497
127.72	-0.021416841
127.74	-0.017926309
127.76	-0.014538814
127.78	-0.010322963
127.8	-0.010041006
127.82	-0.01108749
127.84	-0.011637536
127.86	-0.00748647
127.88	0.000600809
127.9	0.007523671
127.92	0.01019471
127.94	0.010831132
127.96	0.006499389
127.98	0.00216787
128	-0.001308335
128.02	0.000252543
128.04	0.003942259
128.06	0.004474833
128.08	0.003672084
128.1	0.010425354
128.12	0.00775418
128.14	0.005937428
128.16	0.005362095
128.18	0.004538142
128.2	0.004342151
128.22	0.006363788
128.24	0.004347442
128.26	0.004071067
128.28	0.001260273
128.3	0.000105264
128.32	-0.001327215
128.34	-0.000244355
128.36	-0.000217959
128.38	0.001205739
128.4	0.003058727
128.42	0.00272101
128.44	0.002344936
128.46	0.002423644
128.48	-0.001335385
128.5	-0.003518577
128.52	-0.004632964
128.54	-0.001143975
128.56	-0.000553386
128.58	0.001052212
128.6	0.000859343
128.62	-0.000397355
128.64	0.001078118
128.66	0.002871072
128.68	0.002339532
128.7	0.003390792
128.72	0.006561688
128.74	0.011992128
128.76	0.017405152
128.78	0.012461478
128.8	0.011648626
128.82	0.007048272
128.84	0.012786671
128.86	0.007059028
128.88	0.011194389
128.9	0.010029697
128.92	0.007877614
128.94	0.004800983
128.96	0.000324789
128.98	-0.000606642
129	0.000291912
129.02	-0.001650869
129.04	-0.005184883
129.06	-0.00791726
129.08	-0.009084949
129.1	-0.011251137
129.12	-0.013462336
129.14	-0.020145534
129.16	-0.018529095
129.18	-0.007344188
129.2	0.000593406
129.22	0.003951718
129.24	0.006369904
129.26	0.004123727
129.28	0.001242074
129.3	0.005193223
129.32	0.006546719
129.34	0.004510938
129.36	0.005336013
129.38	0.003629822
129.4	0.002481863
129.42	0.004647553
129.44	0.006311486
129.46	0.00818012
129.48	0.010329581
129.5	0.01042539
129.52	0.011098059
129.54	0.011520572
129.56	0.005479673
129.58	-0.00036893
129.6	-0.005547519
129.62	-0.008002708
129.64	-0.008045667
129.66	-0.008883499
129.68	-0.009430702
129.7	-0.009712445
129.72	-0.012345352
129.74	-0.012614082
129.76	-0.020804016
129.78	-0.010690995
129.8	-0.006243538
129.82	0.006561615
129.84	0.010600012
129.86	0.007320928
129.88	0.004708968
129.9	0.001897538
129.92	-0.003078111
129.94	-0.005690395
129.96	-0.006533106
129.98	-0.004532887
130	-0.003774908
130.02	-0.002776272
130.04	-0.003338631
130.06	-0.003048817
130.08	-0.000129198
130.1	-0.007511036
130.12	-0.009774269
130.14	-0.012224852
130.16	-0.006766506
130.18	-0.007283732
130.2	-0.004308142
130.22	-0.000358462
130.24	0.000330837
130.26	-0.003415741
130.28	-0.002568377
130.3	-0.003099648
130.32	0.001472685
130.34	0.001202052
130.36	-0.002119948
130.38	-0.004954552
130.4	-0.008711133
130.42	-0.007484739
130.44	-0.007663762
130.46	-0.006845467
130.48	-0.00806243
130.5	-0.008544885
130.52	-0.009640679
130.54	-0.007471966
130.56	-0.007999969
130.58	-0.007231315
130.6	-0.002501857
130.62	-0.002326056
130.64	-0.0059548
130.66	-0.011889877
130.68	-0.012031634
130.7	-0.010766552
130.72	-0.015116185
130.74	-0.012654258
130.76	-0.010173156
130.78	-0.002033271
130.8	-0.000192468
130.82	-0.00140499
130.84	-0.00199809
130.86	-5.54148E-05
130.88	0.004597524
130.9	0.006834023
130.92	0.005753589
130.94	0.005747646
130.96	0.00553378
130.98	0.00687606
131	0.006065092
131.02	0.006144156
131.04	-0.000370588
131.06	-0.003669777
131.08	-0.010487167
131.1	-0.011397815
131.12	-0.014665494
131.14	-0.016706722
131.16	-0.017352022
131.18	-0.019075921
131.2	-0.015170554
131.22	-0.008244247
131.24	-0.001939428
131.26	0.003179096
131.28	0.003972028
131.3	0.001427034
131.32	-0.002296565
131.34	-0.005441965
131.36	-0.003937145
131.38	-0.002239082
131.4	-0.001923955
131.42	-0.004376368
131.44	-0.005327631
131.46	-0.000434536
131.48	0.004104254
131.5	0.00329134
131.52	0.001249136
131.54	-0.002316787
131.56	0.000475183
131.58	0.00560565
131.6	0.010961574
131.62	0.006975114
131.64	0.000255955
131.66	-0.007488779
131.68	-0.007440539
131.7	-0.007825905
131.72	-0.010094992
131.74	-0.012603777
131.76	-0.011357167
131.78	-0.009504952
131.8	-0.002918999
131.82	-5.14945E-05
131.84	0.001135841
131.86	-0.00148084
131.88	-0.003599227
131.9	0.003347501
131.92	0.006048874
131.94	0.009415207
131.96	0.006897581
131.98	0.004534275
132	-0.00070783
132.02	-5.22399E-05
132.04	0.002563572
132.06	-0.001792473
132.08	-0.006135005
132.1	-0.014554297
132.12	-0.00952666
132.14	-0.003623916
132.16	0.001121116
132.18	0.003928197
132.2	0.006242351
132.22	0.008554048
132.24	0.011396974
132.26	0.013809003
132.28	0.017247418
132.3	0.016769538
132.32	0.017443447
132.34	0.018528793
132.36	0.021900178
132.38	0.020820967
132.4	0.022156493
132.42	0.02109297
132.44	0.020277423
132.46	0.016998845
132.48	0.01866322
132.5	0.018157081
132.52	0.011941389
132.54	0.007775417
132.56	0.00234786
132.58	-0.004382334
132.6	-0.006082131
132.62	-0.002783969
132.64	0.003208378
132.66	0.004843867
132.68	0.008730205
132.7	0.007134534
132.72	-0.007176586
132.74	0.005239086
132.76	0.005318263
132.78	0.007642225
132.8	0.01138848
132.82	0.013570537
132.84	0.009341233
132.86	0.007519645
132.88	0.007416037
132.9	0.008111696
132.92	0.008052118
132.94	0.002668132
132.96	0.000565532
132.98	-0.001223384
133	0.002908378
133.02	0.007606948
133.04	0.009411907
133.06	0.011091976
133.08	0.008828106
133.1	0.009595844
133.12	0.00600977
133.14	0.003939906
133.16	-0.002148957
133.18	-0.006678789
133.2	-0.005624747
133.22	-0.003886864
133.24	-0.000622124
133.26	-0.000213586
133.28	-0.004574876
133.3	-0.008525177
133.32	-0.008283407
133.34	-0.008979632
133.36	-0.010731286
133.38	-0.009818944
133.4	-0.012180741
133.42	-0.00870519
133.44	-0.010451685
133.46	-0.010260303
133.48	-0.007864251
133.5	-0.00885171
133.52	-0.006973045
133.54	-0.013597962
133.56	-0.012235577
133.58	-0.017363711
133.6	-0.013449071
133.62	-0.012380874
133.64	-0.009320717
133.66	-0.007352723
133.68	-0.001927114
133.7	3.11381E-05
133.72	0.001873268
133.74	0.007889096
133.76	0.012767125
133.78	0.016494788
133.8	0.016239441
133.82	0.011201657
133.84	0.004871995
133.86	0.006994963
133.88	0.002896654
133.9	-0.000110583
133.92	0.000706576
133.94	-0.00195378
133.96	0.00413938
133.98	0.001317825
134	-0.002319917
134.02	-0.005690887
134.04	-0.00532148
134.06	-0.001483838
134.08	0.001119346
134.1	0.000331656
134.12	-0.000433389
134.14	-0.002677568
134.16	-0.005355047
134.18	-0.004208864
134.2	-0.00250471
134.22	-0.000467358
134.24	0.001933847
134.26	0.001179751
134.28	0.001999099
134.3	0.000922293
134.32	-0.000395727
134.34	-0.001487148
134.36	-0.003050003
134.38	-0.001762983
134.4	0.001444294
134.42	0.002305707
134.44	-0.002174957
134.46	-0.007316385
134.48	-0.009397197
134.5	-0.00859656
134.52	-0.006009586
134.54	-0.003496927
134.56	0.000191107
134.58	0.00646364
134.6	0.011227357
134.62	0.004768334
134.64	0.007314952
134.66	-6.96243E-05
134.68	-0.001968291
134.7	0.000246271
134.72	-0.000931711
134.74	-0.004104268
134.76	-0.00028798
134.78	-0.004245161
134.8	-0.006770047
134.82	-0.004166129
134.84	-0.002813148
134.86	-0.000874796
134.88	0.001701729
134.9	0.002535218
134.92	0.004447519
134.94	0.000544217
134.96	0.000304511
134.98	0.000661537
135	0.004693829
135.02	0.003958661
135.04	0.00322868
135.06	-0.001000977
135.08	-0.001877688
135.1	0.000387608
135.12	9.66384E-05
135.14	0.001395128
135.16	0.001810948
135.18	0.00113449
135.2	0.001827356
135.22	0.000333803
135.24	-0.002375988
135.26	-0.002773417
135.28	-0.004076856
135.3	-0.00011271
135.32	-0.001610626
135.34	0.000547275
135.36	0.001494622
135.38	-0.000557557
135.4	0.003336141
135.42	0.002779561
135.44	0.004455004
135.46	0.001691218
135.48	-0.000925283
135.5	-0.002535088
135.52	-0.003406807
135.54	-0.002219655
135.56	-0.002662698
135.58	-0.00401057
135.6	-0.003522214
135.62	-0.001938922
135.64	-0.002200982
135.66	-0.000245414
135.68	0.001644331
135.7	0.005672488
135.72	0.003588848
135.74	0.003405093
135.76	-0.00252157
135.78	-0.002630113
135.8	-0.00131127
135.82	-0.002550558
135.84	-0.005026907
135.86	-0.000994183
135.88	-0.001742058
135.9	0.000824117
135.92	0.002508306
135.94	0.001951028
135.96	0.002237272
135.98	0.00317397
136	0.001136699
136.02	0.000243684
136.04	-4.60727E-05
136.06	0.000581017
136.08	8.78706E-05
136.1	0.001499539
136.12	0.001781114
136.14	0.001452939
136.16	0.001167688
136.18	0.00122549
136.2	0.000787617
136.22	0.000334715
136.24	-0.000716912
136.26	-0.001998321
136.28	-0.000700602
136.3	-0.000115051
136.32	0.00103
136.34	0.001766516
136.36	0.001923188
136.38	0.002638576
136.4	0.001704832
136.42	0.000680414
136.44	0.0022048
136.46	0.002016135
136.48	0.001998274
136.5	0.001159932
136.52	-0.001921969
136.54	-0.00278165
136.56	-0.002135078
136.58	-0.000991456
136.6	-0.000169949
136.62	0.000652261
136.64	0.000595457
136.66	0.000601615
136.68	0.001403306
136.7	0.002281541
136.72	0.001773101
136.74	0.001021436
136.76	0.000770072
136.78	-0.001588639
136.8	-0.001746446
136.82	-0.002399029
136.84	-0.001452244
136.86	0.000468019
136.88	0.001213416
136.9	0.00116152
136.92	0.000812652
136.94	0.00018507
136.96	-3.33497E-05
136.98	-0.000247372
137	-0.00079475
137.02	-0.001105898
137.04	-0.001348789
137.06	-0.000722804
137.08	7.42038E-05
137.1	-0.000168386
137.12	0.000488231
137.14	-0.000202889
137.16	-0.000718944
137.18	-0.001077867
137.2	-0.001310145
137.22	-0.001536967
137.24	-0.001006997
137.26	-0.000405684
137.28	-0.001208929
137.3	-0.002055034
137.32	-0.000796494
137.34	-0.000669048
137.36	0.000951068
137.38	0.002105988
137.4	0.001303172
137.42	0.00081372
137.44	0.000485372
137.46	-0.00038242
137.48	-0.000381406
137.5	-0.000228524
137.52	-0.000736346
137.54	-0.000929396
137.56	-0.000882394
137.58	-0.0002287
137.6	0.001190752
137.62	0.002176886
137.64	0.002220419
137.66	0.002350948
137.68	0.001026461
137.7	0.000584054
137.72	0.000221748
137.74	-0.00030345
137.76	2.01083E-05
137.78	-0.000218539
137.8	-0.000189844
137.82	0.000116802
137.84	0.000451088
137.86	0.001181682
137.88	0.001193579
137.9	0.001105161
137.92	0.000558171
137.94	-5.05818E-05
137.96	-0.000169322
137.98	-0.000305539
138	0.000178136
138.02	0.000639912
138.04	0.000720018
138.06	0.000527772
138.08	0.000327996
138.1	0.000218073
138.12	0.00050713
138.14	0.00089928
138.16	0.000425859
138.18	-0.000317222
138.2	-0.000561897
138.22	-0.00100339
138.24	-0.000795811
138.26	-0.000521704
138.28	-0.000405223
138.3	-0.00014846
138.32	0.00052484
138.34	0.00108884
138.36	0.001006065
138.38	0.00141055
138.4	0.000557517
138.42	-6.36819E-05
138.44	-0.000814339
138.46	-0.001575125
138.48	-0.001622245
138.5	-0.00147872
138.52	-0.000932264
138.54	-0.000577294
138.56	-0.000313429
138.58	8.22464E-06
138.6	0.000129165
138.62	0.000292003
138.64	0.000105045
138.66	-0.000284553
138.68	-0.000797123
138.7	-0.001144948
138.72	-0.001116763
138.74	-0.001032504
138.76	-0.000628184
138.78	-0.00024243
138.8	-0.000103173
138.82	-9.44122E-05
138.84	-0.000216214
138.86	-0.000396409
138.88	-0.000289185
138.9	-3.81193E-05
138.92	-0.000214702
138.94	-0.000431198
138.96	-0.000339604
138.98	-0.000482014
139	7.59725E-05
139.02	0.000397314
139.04	0.000457497
139.06	0.000576077
139.08	0.000518092
139.1	0.000450438
139.12	0.000568653
139.14	0.00035862
139.16	-1.64985E-06
139.18	-0.00030987
139.2	-0.000445636
139.22	-0.000161346
139.24	0.000232258
139.26	0.000690651
139.28	0.001085386
139.3	0.001294993
139.32	0.001050012
139.34	0.000916079
139.36	0.00051479
139.38	0.000137766
139.4	4.69307E-05
139.42	-0.00036554
139.44	-0.000440656
139.46	-0.000454719
139.48	-0.000214481
139.5	0.000195837
139.52	0.000619836
139.54	0.000894123
139.56	0.000758978
139.58	0.000491529
139.6	0.000274063
139.62	9.29552E-05
139.64	4.47512E-05
139.66	2.6835E-05
139.68	-4.11477E-05
139.7	-7.00665E-05
139.72	-7.703E-05
139.74	-0.000151316
139.76	1.96235E-05
139.78	0.000261105
139.8	0.000392891
139.82	0.000303238
139.84	3.98408E-07
139.86	-0.000212106
139.88	-0.000196178
139.9	-0.000201872
139.92	-0.000226564
139.94	-0.000392665
139.96	-0.000520942
139.98	-0.00044337
140	-0.000299593
140.02	-0.000154465
140.04	-0.000136978
140.06	-0.000222215
140.08	-0.00049999
140.1	-0.000743057
140.12	-0.000913092
140.14	-0.000965143
140.16	-0.00084703
140.18	-0.000633713
140.2	-0.000466123
140.22	-0.000131617
140.24	5.36219E-05
140.26	0.00018747
140.28	0.000283595
140.3	8.30891E-05
140.32	-7.91437E-05
140.34	-0.000422992
140.36	-0.000651668
140.38	-0.000728469
140.4	-0.000698057
140.42	-0.000537089
140.44	-0.000311196
140.46	-0.000159591
140.48	0.000123432
140.5	0.000217313
140.52	0.000253008
140.54	0.000301412
140.56	0.000235942
140.58	0.000146353
140.6	7.85789E-05
140.62	-3.59198E-05
140.64	-4.37943E-05
140.66	6.88291E-05
140.68	0.000165981
140.7	0.000228589
140.72	0.00027012
140.74	0.000314993
140.76	0.000391986
140.78	0.000419516
140.8	0.000353839
140.82	0.00016682
140.84	5.69066E-05
140.86	2.81758E-05
140.88	7.89133E-05
140.9	0.000168877
140.92	0.000248201
140.94	0.000336799
140.96	0.000377573
140.98	0.000429819
141	0.0004007
141.02	0.000323526
141.04	0.000214535
141.06	3.94216E-05
141.08	-9.78759E-05
141.1	-8.49503E-05
141.12	-4.68207E-05
141.14	0.000168094
141.16	0.000359457
141.18	0.000542889
141.2	0.000607004
141.22	0.000492969
141.24	0.000412536
141.26	8.65106E-05
141.28	1.57385E-05
141.3	-0.000234782
141.32	-0.000405483
141.34	-0.000448541
141.36	-0.000478067
141.38	-0.000406488
141.4	-0.000182531
141.42	-8.78085E-05
141.44	2.98725E-05
141.46	3.49176E-05
141.48	-9.65247E-05
141.5	-0.000204903
141.52	-0.000311372
141.54	-0.000357445
141.56	-0.000384887
141.58	-0.000429297
141.6	-0.000474715
141.62	-0.000461149
141.64	-0.000367477
141.66	-0.000268316
141.68	-0.000173499
141.7	-0.000190421
141.72	-0.000214713
141.74	-0.000261543
141.76	-0.000308223
141.78	-0.00035336
141.8	-0.000366687
141.82	-0.000359076
141.84	-0.000302987
141.86	-0.000188428
141.88	-8.85257E-05
141.9	-3.86963E-06
141.92	4.11841E-05
141.94	4.10098E-05
141.96	-3.74837E-05
141.98	-9.94169E-05
142	-0.000204719
142.02	-0.000229197
142.04	-0.000208687
142.06	-0.000130052
142.08	-7.3101E-05
142.1	7.26208E-05
142.12	0.000249671
142.14	0.000286762
142.16	0.000373322
142.18	0.000245521
142.2	0.000148493
142.22	3.3072E-05
142.24	-0.000104823
142.26	-0.000122671
142.28	-0.000105117
142.3	-1.64283E-05
142.32	9.77683E-05
142.34	0.000196922
142.36	0.000312204
142.38	0.000447654
142.4	0.000490946
142.42	0.000469411
142.44	0.000384538
142.46	0.000265113
142.48	0.000187665
142.5	0.000153656
142.52	0.000151799
142.54	0.000177138
142.56	0.000195404
142.58	0.000167436
142.6	0.000180436
142.62	0.000209944
142.64	0.000243878
142.66	0.000239607
142.68	0.000189923
142.7	8.60595E-05
142.72	-6.06583E-06
142.74	-6.30793E-05
142.76	-7.35533E-05
142.78	-1.99903E-05
142.8	2.82332E-05
142.82	6.67622E-05
142.84	3.97694E-05
142.86	7.18903E-06
142.88	-3.62912E-05
142.9	-8.41637E-05
142.92	-0.000147386
142.94	-0.000240179
142.96	-0.000336597
142.98	-0.000356739
143	-0.000328216
143.02	-0.000237819
143.04	-0.000128821
143.06	-7.63169E-05
143.08	-3.21968E-05
143.1	-7.85076E-05
143.12	-0.00013118
143.14	-0.000200882
143.16	-0.000289326
143.18	-0.000339548
143.2	-0.000383806
143.22	-0.000387915
143.24	-0.000334053
143.26	-0.000248233
143.28	-0.000146566
143.3	-5.54942E-05
143.32	-1.15162E-05
143.34	-1.0439E-05
143.36	-3.73588E-05
143.38	-7.63408E-05
143.4	-0.000123972
143.42	-0.00016487
143.44	-0.000202683
143.46	-0.000226662
143.48	-0.000215065
143.5	-0.000179526
143.52	-0.000116192
143.54	-6.03608E-05
143.56	-2.26023E-05
143.58	-5.97971E-06
143.6	1.71852E-05
143.62	1.34028E-05
143.64	2.22952E-05
143.66	1.51121E-05
143.68	1.34622E-05
143.7	4.20514E-05
143.72	7.53957E-05
143.74	0.000146927
143.76	0.00022554
143.78	0.000280531
143.8	0.000293961
143.82	0.000253314
143.84	0.000200548
143.86	0.000163373
143.88	0.000135139
143.9	0.000125595
143.92	0.000120776
143.94	0.00014386
143.96	0.000184527
143.98	0.000232857
144	0.000294859
144.02	0.000316605
144.04	0.000309022
144.06	0.000255001
144.08	0.000164592
144.1	8.67215E-05
144.12	2.69512E-05
144.14	1.02484E-06
144.16	7.28096E-06
144.18	3.05915E-05
144.2	5.86547E-05
144.22	9.13525E-05
144.24	0.000129089
144.26	0.000149184
144.28	0.000143423
144.3	0.000113912
144.32	4.4544E-05
144.34	-2.39335E-05
144.36	-8.65438E-05
144.38	-0.000127933
144.4	-0.000143952
144.42	-0.000151686
144.44	-0.00014947
144.46	-0.00012523
144.48	-0.000102452
144.5	-7.29625E-05
144.52	-5.26921E-05
144.54	-6.80407E-05
144.56	-9.08375E-05
144.58	-0.000131864
144.6	-0.000168654
144.62	-0.000182555
144.64	-0.000178018
144.66	-0.000161257
144.68	-0.000140864
144.7	-0.00012718
144.72	-0.000120469
144.74	-0.00012218
144.76	-0.000137535
144.78	-0.000169793
144.8	-0.000211242
144.82	-0.000240939
144.84	-0.000256477
144.86	-0.000240089
144.88	-0.000200301
144.9	-0.000151935
144.92	-9.47218E-05
144.94	-5.2434E-05
144.96	-2.67674E-05
144.98	-2.06675E-05
145	-3.08434E-05
145.02	-5.80884E-05
145.04	-9.4124E-05
145.06	-0.000106735
145.08	-0.000109717
145.1	-7.47321E-05
145.12	-2.19846E-05
145.14	2.8886E-05
145.16	8.95459E-05
145.18	0.000131763
145.2	0.000156832
145.22	0.000179565
145.24	0.000173846
145.26	0.000154402
145.28	0.000127548
145.3	8.80811E-05
145.32	7.14637E-05
145.34	7.18044E-05
145.36	8.42612E-05
145.38	0.000117111
145.4	0.000150663
145.42	0.00017704
145.44	0.00019624
145.46	0.000202157
145.48	0.000196409
145.5	0.00018095