0	0
0.02	-2.45119E-06
0.04	-2.45129E-06
0.06	-2.45145E-06
0.08	-2.45171E-06
0.1	-2.45202E-06
0.12	-2.45226E-06
0.14	-2.45256E-06
0.16	-2.45289E-06
0.18	-2.4533E-06
0.2	-2.45377E-06
0.22	-2.4543E-06
0.24	-2.45486E-06
0.26	-2.45549E-06
0.28	-2.45639E-06
0.3	-2.45814E-06
0.32	-2.4626E-06
0.34	-2.47388E-06
0.36	-2.49652E-06
0.38	-2.52877E-06
0.4	-2.56021E-06
0.42	-2.58559E-06
0.44	-2.61391E-06
0.46	-2.64656E-06
0.48	-2.67378E-06
0.5	-2.7011E-06
0.52	-2.73202E-06
0.54	-2.76326E-06
0.56	-2.80274E-06
0.58	-2.84841E-06
0.6	-2.89925E-06
0.62	-2.94705E-06
0.64	-2.98677E-06
0.66	-3.02553E-06
0.68	-3.06439E-06
0.7	-3.10151E-06
0.72	-3.13041E-06
0.74	-3.16086E-06
0.76	-3.18962E-06
0.78	-3.21577E-06
0.8	-3.2404E-06
0.82	-3.26479E-06
0.84	-3.28436E-06
0.86	-3.30526E-06
0.88	-3.32355E-06
0.9	-3.34064E-06
0.92	-3.3567E-06
0.94	-3.36979E-06
0.96	-3.38312E-06
0.98	-3.3944E-06
1	-3.40599E-06
1.02	-3.41406E-06
1.04	-3.42178E-06
1.06	-3.42928E-06
1.08	-3.43482E-06
1.1	-3.4392E-06
1.12	-3.44081E-06
1.14	-3.44223E-06
1.16	-3.44199E-06
1.18	-3.44075E-06
1.2	-3.43508E-06
1.22	-3.42451E-06
1.24	-3.408E-06
1.26	-3.38655E-06
1.28	-3.36353E-06
1.3	-3.34255E-06
1.32	-3.32363E-06
1.34	-3.30756E-06
1.36	-3.29075E-06
1.38	-3.27409E-06
1.4	-3.25873E-06
1.42	-3.24402E-06
1.44	-3.22528E-06
1.46	-3.2017E-06
1.48	-3.17795E-06
1.5	-3.15777E-06
1.52	-3.14148E-06
1.54	-3.12891E-06
1.56	-3.12105E-06
1.58	-3.11467E-06
1.6	-3.1088E-06
1.62	-3.10607E-06
1.64	-3.10661E-06
1.66	-3.10653E-06
1.68	-3.10478E-06
1.7	-3.10499E-06
1.72	-3.10643E-06
1.74	-3.10822E-06
1.76	-3.10891E-06
1.78	-3.1091E-06
1.8	-3.11047E-06
1.82	-3.11121E-06
1.84	-3.11115E-06
1.86	-3.1112E-06
1.88	-3.11045E-06
1.9	-3.1081E-06
1.92	-3.10602E-06
1.94	-3.10373E-06
1.96	-3.09982E-06
1.98	-3.09512E-06
2	-3.09056E-06
2.02	-3.0854E-06
2.04	-3.07964E-06
2.06	-3.07291E-06
2.08	-3.06495E-06
2.1	-3.05961E-06
2.12	-3.05567E-06
2.14	-3.05136E-06
2.16	-3.04529E-06
2.18	-3.03525E-06
2.2	-3.02083E-06
2.22	-3.00153E-06
2.24	-2.97905E-06
2.26	-2.95316E-06
2.28	-2.92488E-06
2.3	-2.89495E-06
2.32	-2.86366E-06
2.34	-2.83205E-06
2.36	-2.79967E-06
2.38	-2.76368E-06
2.4	-2.72225E-06
2.42	-2.67502E-06
2.44	-2.62322E-06
2.46	-2.5696E-06
2.48	-2.51324E-06
2.5	-2.4544E-06
2.52	-2.39357E-06
2.54	-2.33243E-06
2.56	-2.27017E-06
2.58	-2.20737E-06
2.6	-2.14465E-06
2.62	-2.08059E-06
2.64	-2.01499E-06
2.66	-1.9497E-06
2.68	-1.88486E-06
2.7	-1.81915E-06
2.72	-1.75195E-06
2.74	-1.68465E-06
2.76	-1.6178E-06
2.78	-1.55051E-06
2.8	-1.48211E-06
2.82	-1.41357E-06
2.84	-1.34434E-06
2.86	-1.27435E-06
2.88	-1.20357E-06
2.9	-1.13203E-06
2.92	-1.05962E-06
2.94	-9.86349E-07
2.96	-9.11839E-07
2.98	-8.3659E-07
3	-7.59114E-07
3.02	-6.79646E-07
3.04	-6.00413E-07
3.06	-5.2317E-07
3.08	-4.47502E-07
3.1	-3.7337E-07
3.12	-2.99619E-07
3.14	-2.25888E-07
3.16	-1.51959E-07
3.18	-7.66105E-08
3.2	1.12643E-09
3.22	8.09987E-08
3.24	1.62675E-07
3.26	2.45391E-07
3.28	3.27683E-07
3.3	4.09164E-07
3.32	4.91096E-07
3.34	5.74288E-07
3.36	6.59935E-07
3.38	7.48585E-07
3.4	8.39962E-07
3.42	9.34464E-07
3.44	1.03283E-06
3.46	1.13501E-06
3.48	1.2409E-06
3.5	1.34968E-06
3.52	1.46155E-06
3.54	1.57684E-06
3.56	1.69546E-06
3.58	1.81731E-06
3.6	1.94201E-06
3.62	2.06991E-06
3.64	2.20019E-06
3.66	2.33361E-06
3.68	2.47053E-06
3.7	2.60973E-06
3.72	2.75096E-06
3.74	2.89479E-06
3.76	3.04139E-06
3.78	3.19013E-06
3.8	3.34102E-06
3.82	3.49435E-06
3.84	3.65005E-06
3.86	3.80784E-06
3.88	3.96738E-06
3.9	4.12915E-06
3.92	4.29374E-06
3.94	4.46182E-06
3.96	4.63397E-06
3.98	4.81035E-06
4	4.98949E-06
4.02	5.17063E-06
4.04	5.35354E-06
4.06	5.53805E-06
4.08	5.72354E-06
4.1	5.90937E-06
4.12	6.09595E-06
4.14	6.28444E-06
4.16	6.47548E-06
4.18	6.66922E-06
4.2	6.86519E-06
4.22	7.06262E-06
4.24	7.26079E-06
4.26	7.45938E-06
4.28	7.65826E-06
4.3	7.85746E-06
4.32	8.05709E-06
4.34	8.25702E-06
4.36	8.45773E-06
4.38	8.65966E-06
4.4	8.86305E-06
4.42	9.06806E-06
4.44	9.27481E-06
4.46	9.48322E-06
4.48	9.69359E-06
4.5	9.90634E-06
4.52	1.01214E-05
4.54	1.03387E-05
4.56	1.05584E-05
4.58	1.07808E-05
4.6	1.10059E-05
4.62	1.1234E-05
4.64	1.14651E-05
4.66	1.1699E-05
4.68	1.19358E-05
4.7	1.21754E-05
4.72	1.24182E-05
4.74	1.26641E-05
4.76	1.29127E-05
4.78	1.31644E-05
4.8	1.34189E-05
4.82	1.36756E-05
4.84	1.3934E-05
4.86	1.41947E-05
4.88	1.44581E-05
4.9	1.47247E-05
4.92	1.49951E-05
4.94	1.52696E-05
4.96	1.55482E-05
4.98	1.5831E-05
5	1.61178E-05
5.02	1.64083E-05
5.04	1.67016E-05
5.06	1.69972E-05
5.08	1.72955E-05
5.1	1.75972E-05
5.12	1.79027E-05
5.14	1.82121E-05
5.16	1.85253E-05
5.18	1.88423E-05
5.2	1.91628E-05
5.22	1.94868E-05
5.24	1.98136E-05
5.26	2.0143E-05
5.28	2.04747E-05
5.3	2.08084E-05
5.32	2.11442E-05
5.34	2.14819E-05
5.36	2.18214E-05
5.38	2.21625E-05
5.4	2.25053E-05
5.42	2.28497E-05
5.44	2.31957E-05
5.46	2.35433E-05
5.48	2.38924E-05
5.5	2.42429E-05
5.52	2.45947E-05
5.54	2.4948E-05
5.56	2.53031E-05
5.58	2.56598E-05
5.6	2.60181E-05
5.62	2.63782E-05
5.64	2.67399E-05
5.66	2.71035E-05
5.68	2.7469E-05
5.7	2.78367E-05
5.72	2.82067E-05
5.74	2.8579E-05
5.76	2.89533E-05
5.78	2.9329E-05
5.8	2.97058E-05
5.82	3.00835E-05
5.84	3.04622E-05
5.86	3.0842E-05
5.88	3.12231E-05
5.9	3.16057E-05
5.92	3.19906E-05
5.94	3.23777E-05
5.96	3.27672E-05
5.98	3.31589E-05
6	3.35521E-05
6.02	3.39466E-05
6.04	3.43427E-05
6.06	3.47404E-05
6.08	3.514E-05
6.1	3.55415E-05
6.12	3.59453E-05
6.14	3.63515E-05
6.16	3.67606E-05
6.18	3.71723E-05
6.2	3.75867E-05
6.22	3.80036E-05
6.24	3.84231E-05
6.26	3.8845E-05
6.28	3.92693E-05
6.3	3.96959E-05
6.32	4.01245E-05
6.34	4.05551E-05
6.36	4.09877E-05
6.38	4.14221E-05
6.4	4.18581E-05
6.42	4.22957E-05
6.44	4.27346E-05
6.46	4.31747E-05
6.48	4.36157E-05
6.5	4.40576E-05
6.52	4.45004E-05
6.54	4.49439E-05
6.56	4.53878E-05
6.58	4.58321E-05
6.6	4.62765E-05
6.62	4.67211E-05
6.64	4.7166E-05
6.66	4.76113E-05
6.68	4.80573E-05
6.7	4.85039E-05
6.72	4.8951E-05
6.74	4.93985E-05
6.76	4.98458E-05
6.78	5.02928E-05
6.8	5.0739E-05
6.82	5.11842E-05
6.84	5.16282E-05
6.86	5.20712E-05
6.88	5.25134E-05
6.9	5.29548E-05
6.92	5.33955E-05
6.94	5.38352E-05
6.96	5.42737E-05
6.98	5.47106E-05
7	5.51458E-05
7.02	5.55792E-05
7.04	5.60105E-05
7.06	5.64395E-05
7.08	5.68663E-05
7.1	5.72912E-05
7.12	5.7714E-05
7.14	5.81347E-05
7.16	5.85535E-05
7.18	5.89702E-05
7.2	5.9385E-05
7.22	5.97979E-05
7.24	6.02088E-05
7.26	6.06176E-05
7.28	6.10244E-05
7.3	6.14291E-05
7.32	6.18318E-05
7.34	6.22325E-05
7.36	6.2631E-05
7.38	6.30273E-05
7.4	6.34213E-05
7.42	6.38129E-05
7.44	6.4202E-05
7.46	6.45884E-05
7.48	6.49722E-05
7.5	6.53531E-05
7.52	6.57308E-05
7.54	6.6105E-05
7.56	6.64756E-05
7.58	6.68422E-05
7.6	6.72048E-05
7.62	6.75633E-05
7.64	6.79179E-05
7.66	6.82686E-05
7.68	6.86154E-05
7.7	6.89583E-05
7.72	6.92971E-05
7.74	6.96314E-05
7.76	6.99611E-05
7.78	7.02855E-05
7.8	7.06047E-05
7.82	7.09183E-05
7.84	7.12265E-05
7.86	7.15292E-05
7.88	7.18262E-05
7.9	7.21174E-05
7.92	7.24027E-05
7.94	7.26818E-05
7.96	7.29545E-05
7.98	7.32204E-05
8	7.34791E-05
8.02	7.37304E-05
8.04	7.3974E-05
8.06	7.42098E-05
8.08	7.44373E-05
8.1	7.46564E-05
8.12	7.48668E-05
8.14	7.50685E-05
8.16	7.52611E-05
8.18	7.54445E-05
8.2	7.56185E-05
8.22	7.57828E-05
8.24	7.59373E-05
8.26	7.60819E-05
8.28	7.62164E-05
8.3	7.63406E-05
8.32	7.64544E-05
8.34	7.65578E-05
8.36	7.66504E-05
8.38	7.67322E-05
8.4	7.68032E-05
8.42	7.68631E-05
8.44	7.6912E-05
8.46	7.69498E-05
8.48	7.69761E-05
8.5	7.69906E-05
8.52	7.69931E-05
8.54	7.69832E-05
8.56	7.69605E-05
8.58	7.6925E-05
8.6	7.68763E-05
8.62	7.68144E-05
8.64	7.67394E-05
8.66	7.6651E-05
8.68	7.65492E-05
8.7	7.64338E-05
8.72	7.63044E-05
8.74	7.61607E-05
8.76	7.60025E-05
8.78	7.58295E-05
8.8	7.56415E-05
8.82	7.54383E-05
8.84	7.52198E-05
8.86	7.49858E-05
8.88	7.47363E-05
8.9	7.4471E-05
8.92	7.41897E-05
8.94	7.38922E-05
8.96	7.35782E-05
8.98	7.32475E-05
9	7.28998E-05
9.02	7.25348E-05
9.04	7.21521E-05
9.06	7.17514E-05
9.08	7.13325E-05
9.1	7.0895E-05
9.12	7.04387E-05
9.14	6.99631E-05
9.16	6.94678E-05
9.18	6.89527E-05
9.2	6.84172E-05
9.22	6.78611E-05
9.24	6.72841E-05
9.26	6.66857E-05
9.28	6.60657E-05
9.3	6.54236E-05
9.32	6.47592E-05
9.34	6.40721E-05
9.36	6.3362E-05
9.38	6.26288E-05
9.4	6.18722E-05
9.42	6.10921E-05
9.44	6.02881E-05
9.46	5.946E-05
9.48	5.86075E-05
9.5	5.77302E-05
9.52	5.68276E-05
9.54	5.58993E-05
9.56	5.4945E-05
9.58	5.39643E-05
9.6	5.2957E-05
9.62	5.1923E-05
9.64	5.08619E-05
9.66	4.97734E-05
9.68	4.86574E-05
9.7	4.75133E-05
9.72	4.63409E-05
9.74	4.51397E-05
9.76	4.39094E-05
9.78	4.26497E-05
9.8	4.13603E-05
9.82	4.00408E-05
9.84	3.8691E-05
9.86	3.73107E-05
9.88	3.58996E-05
9.9	3.44574E-05
9.92	3.2984E-05
9.94	3.14789E-05
9.96	2.99421E-05
9.98	2.8373E-05
10	2.67716E-05
10.02	2.51375E-05
10.04	2.34705E-05
10.06	2.17702E-05
10.08	2.00364E-05
10.1	1.82688E-05
10.12	1.6467E-05
10.14	1.46308E-05
10.16	1.27598E-05
10.18	1.08538E-05
10.2	8.91224E-06
10.22	6.93493E-06
10.24	4.92144E-06
10.26	2.87136E-06
10.28	7.84258E-07
10.3	-1.34028E-06
10.32	-3.50264E-06
10.34	-5.70318E-06
10.36	-7.9422E-06
10.38	-1.022E-05
10.4	-1.25368E-05
10.42	-1.48929E-05
10.44	-1.72886E-05
10.46	-1.97243E-05
10.48	-2.22004E-05
10.5	-2.47172E-05
10.52	-2.72753E-05
10.54	-2.9875E-05
10.56	-3.25166E-05
10.58	-3.52004E-05
10.6	-3.79267E-05
10.62	-4.0696E-05
10.64	-4.35084E-05
10.66	-4.63642E-05
10.68	-4.9264E-05
10.7	-5.22079E-05
10.72	-5.51965E-05
10.74	-5.82301E-05
10.76	-6.1309E-05
10.78	-6.44337E-05
10.8	-6.76045E-05
10.82	-7.08218E-05
10.84	-7.40858E-05
10.86	-7.7397E-05
10.88	-8.07557E-05
10.9	-8.41621E-05
10.92	-8.76166E-05
10.94	-9.11195E-05
10.96	-9.46711E-05
10.98	-9.82716E-05
11	-0.000101921
11.02	-0.000105621
11.04	-0.00010937
11.06	-0.000113169
11.08	-0.000117018
11.1	-0.000120918
11.12	-0.000124869
11.14	-0.00012887
11.16	-0.000132923
11.18	-0.000137027
11.2	-0.000141182
11.22	-0.00014539
11.24	-0.000149649
11.26	-0.000153961
11.28	-0.000158325
11.3	-0.000162743
11.32	-0.000167214
11.34	-0.000171738
11.36	-0.000176316
11.38	-0.000180947
11.4	-0.000185633
11.42	-0.000190373
11.44	-0.000195167
11.46	-0.000200016
11.48	-0.000204919
11.5	-0.000209878
11.52	-0.000214892
11.54	-0.000219962
11.56	-0.000225087
11.58	-0.000230268
11.6	-0.000235505
11.62	-0.000240798
11.64	-0.000246148
11.66	-0.000251554
11.68	-0.000257016
11.7	-0.000262535
11.72	-0.000268111
11.74	-0.000273744
11.76	-0.000279434
11.78	-0.000285182
11.8	-0.000290986
11.82	-0.000296849
11.84	-0.000302769
11.86	-0.000308747
11.88	-0.000314783
11.9	-0.000320878
11.92	-0.00032703
11.94	-0.000333241
11.96	-0.00033951
11.98	-0.000345838
12	-0.000352224
12.02	-0.000358669
12.04	-0.000365173
12.06	-0.000371736
12.08	-0.000378357
12.1	-0.000385037
12.12	-0.000391776
12.14	-0.000398573
12.16	-0.000405429
12.18	-0.000412344
12.2	-0.000419317
12.22	-0.000426348
12.24	-0.000433437
12.26	-0.000440585
12.28	-0.000447791
12.3	-0.000455055
12.32	-0.000462377
12.34	-0.000469757
12.36	-0.000477194
12.38	-0.000484689
12.4	-0.000492241
12.42	-0.00049985
12.44	-0.000507516
12.46	-0.000515239
12.48	-0.000523018
12.5	-0.000530853
12.52	-0.000538745
12.54	-0.000546692
12.56	-0.000554694
12.58	-0.000562752
12.6	-0.000570864
12.62	-0.000579031
12.64	-0.000587252
12.66	-0.000595527
12.68	-0.000603855
12.7	-0.000612236
12.72	-0.00062067
12.74	-0.000629155
12.76	-0.000637693
12.78	-0.000646281
12.8	-0.000654921
12.82	-0.00066361
12.84	-0.00067235
12.86	-0.000681139
12.88	-0.000689976
12.9	-0.000698862
12.92	-0.000707795
12.94	-0.000716776
12.96	-0.000725803
12.98	-0.000734876
13	-0.000743995
13.02	-0.000753158
13.04	-0.000762366
13.06	-0.000771617
13.08	-0.000780911
13.1	-0.000790248
13.12	-0.000799626
13.14	-0.000809045
13.16	-0.000818503
13.18	-0.000828001
13.2	-0.000837538
13.22	-0.000847111
13.24	-0.000856722
13.26	-0.000866368
13.28	-0.00087605
13.3	-0.000885766
13.32	-0.000895514
13.34	-0.000905296
13.36	-0.000915108
13.38	-0.00092495
13.4	-0.000934822
13.42	-0.000944722
13.44	-0.000954649
13.46	-0.000964602
13.48	-0.00097458
13.5	-0.000984582
13.52	-0.000994607
13.54	-0.001004652
13.56	-0.001014719
13.58	-0.001024804
13.6	-0.001034907
13.62	-0.001045026
13.64	-0.001055161
13.66	-0.001065309
13.68	-0.00107547
13.7	-0.001085642
13.72	-0.001095823
13.74	-0.001106013
13.76	-0.001116209
13.78	-0.00112641
13.8	-0.001136615
13.82	-0.001146822
13.84	-0.001157029
13.86	-0.001167234
13.88	-0.001177437
13.9	-0.001187635
13.92	-0.001197826
13.94	-0.001208009
13.96	-0.001218182
13.98	-0.001228343
14	-0.00123849
14.02	-0.001248622
14.04	-0.001258737
14.06	-0.001268832
14.08	-0.001278906
14.1	-0.001288956
14.12	-0.001298981
14.14	-0.001308979
14.16	-0.001318948
14.18	-0.001328885
14.2	-0.001338788
14.22	-0.001348655
14.24	-0.001358484
14.26	-0.001368273
14.28	-0.00137802
14.3	-0.001387721
14.32	-0.001397375
14.34	-0.00140698
14.36	-0.001416532
14.38	-0.00142603
14.4	-0.001435471
14.42	-0.001444853
14.44	-0.001454172
14.46	-0.001463427
14.48	-0.001472614
14.5	-0.001481732
14.52	-0.001490776
14.54	-0.001499746
14.56	-0.001508637
14.58	-0.001517447
14.6	-0.001526174
14.62	-0.001534814
14.64	-0.001543365
14.66	-0.001551823
14.68	-0.001560185
14.7	-0.001568449
14.72	-0.001576612
14.74	-0.001584669
14.76	-0.001592619
14.78	-0.001600458
14.8	-0.001608183
14.82	-0.00161579
14.84	-0.001623277
14.86	-0.001630639
14.88	-0.001637874
14.9	-0.001644977
14.92	-0.001651946
14.94	-0.001658777
14.96	-0.001665466
14.98	-0.00167201
15	-0.001680366
15.02	-0.001685231
15.04	-0.001695624
15.06	-0.001694987
15.08	-0.001701652
15.1	-0.001705013
15.12	-0.001714245
15.14	-0.001716346
15.16	-0.001717887
15.18	-0.001715678
15.2	-0.001690474
15.22	-0.001621865
15.24	-0.001572151
15.26	-0.001502058
15.28	-0.001559885
15.3	-0.001900039
15.32	-0.002376315
15.34	-0.002343481
15.36	-0.001191065
15.38	-0.002391531
15.4	-0.000222928
15.42	-0.002350736
15.44	-0.00054322
15.46	-0.002530609
15.48	0.000648245
15.5	0.001075482
15.52	0.009713888
15.54	0.012408817
15.56	0.015771292
15.58	0.01871494
15.6	0.017312424
15.62	-0.03564724
15.64	-0.026202818
15.66	-0.023311167
15.68	-0.024703855
15.7	-0.007794566
15.72	-0.003601545
15.74	-0.024685094
15.76	-0.017389938
15.78	-0.009218305
15.8	-0.003923084
15.82	-0.000849361
15.84	0.015605055
15.86	0.039810079
15.88	0.038663172
15.9	0.034079635
15.92	0.029075096
15.94	0.024131002
15.96	0.027692215
15.98	0.031340591
16	0.036422598
16.02	0.004836808
16.04	-0.013097742
16.06	-0.020639346
16.08	-0.011766084
16.1	-0.024958415
16.12	-0.039424345
16.14	-0.044158857
16.16	-0.046420116
16.18	-0.04754203
16.2	-0.055914135
16.22	-0.059682879
16.24	-0.039675551
16.26	-0.042483203
16.28	-0.04017803
16.3	-0.042692851
16.32	-0.0436586
16.34	-0.045434421
16.36	-0.04462728
16.38	-0.007471501
16.4	0.012338507
16.42	0.021499269
16.44	0.038154036
16.46	0.043397093
16.48	0.065396949
16.5	0.055433771
16.52	0.07096788
16.54	0.060321864
16.56	0.061114593
16.58	0.067981851
16.6	0.071878813
16.62	0.089975756
16.64	0.090616532
16.66	0.085830399
16.68	0.065532897
16.7	0.062581342
16.72	0.072046686
16.74	0.082527556
16.76	0.086493487
16.78	0.100444616
16.8	0.11276967
16.82	0.11417348
16.84	0.11603797
16.86	0.118633763
16.88	0.114765395
16.9	0.089917891
16.92	0.053345599
16.94	0.047830563
16.96	0.018225018
16.98	-0.002520156
17	-0.001131807
17.02	0.012913031
17.04	0.078556378
17.06	0.11167317
17.08	0.089638065
17.1	0.08110993
17.12	0.082198946
17.14	0.086159919
17.16	0.085254532
17.18	0.070684235
17.2	0.061685128
17.22	0.076547604
17.24	0.049851389
17.26	0.021426502
17.28	0.011075987
17.3	-0.012761879
17.32	-0.064476038
17.34	-0.079483765
17.36	-0.081817265
17.38	-0.099511945
17.4	-0.102937754
17.42	-0.085266593
17.44	-0.111585119
17.46	-0.135007224
17.48	-0.144438758
17.5	-0.166779981
17.52	-0.160157727
17.54	-0.165514003
17.56	-0.175047839
17.58	-0.18143902
17.6	-0.166709633
17.62	-0.160513437
17.64	-0.160272194
17.66	-0.158676103
17.68	-0.165485839
17.7	-0.17395
17.72	-0.170228575
17.74	0.065673797
17.76	0.00023231
17.78	-0.037586808
17.8	0.043077235
17.82	0.031181278
17.84	0.06674295
17.86	0.107001821
17.88	0.201815267
17.9	0.196015883
17.92	0.254502445
17.94	0.261468775
17.96	0.261680567
17.98	0.256005487
18	0.237523541
18.02	0.249273134
18.04	0.148141709
18.06	0.094041138
18.08	0.095532483
18.1	0.087019124
18.12	0.073886197
18.14	0.006415621
18.16	-0.004189143
18.18	-0.060554529
18.2	-0.070968745
18.22	-0.126637928
18.24	-0.174571123
18.26	-0.215575518
18.28	-0.215059662
18.3	-0.239184148
18.32	-0.250272256
18.34	-0.257691807
18.36	-0.279620684
18.38	-0.268875343
18.4	-0.244837638
18.42	-0.268969173
18.44	-0.285717352
18.46	-0.30525783
18.48	-0.323830573
18.5	-0.332731606
18.52	-0.305521569
18.54	-0.260689028
18.56	-0.205377258
18.58	-0.179008485
18.6	-0.197101964
18.62	-0.19763245
18.64	-0.16784502
18.66	-0.15140831
18.68	-0.167559754
18.7	-0.172201158
18.72	-0.183892101
18.74	0.061377837
18.76	0.083902034
18.78	-0.063433832
18.8	-0.045677961
18.82	0.00117122
18.84	-0.006579069
18.86	0.050868498
18.88	0.100169295
18.9	0.102575789
18.92	0.127054577
18.94	0.140521705
18.96	0.154464055
18.98	0.165496717
19	0.1746267
19.02	0.204510691
19.04	0.213518478
19.06	0.232483905
19.08	0.234888065
19.1	0.208884469
19.12	0.239459621
19.14	0.227494165
19.16	0.205427349
19.18	0.217535677
19.2	0.22536095
19.22	0.234491956
19.24	0.231017569
19.26	-0.056101832
19.28	0.029626603
19.3	0.041959744
19.32	0.008196295
19.34	-0.009199038
19.36	-0.009232987
19.38	-0.078114329
19.4	-0.134833711
19.42	-0.149938186
19.44	-0.172540971
19.46	-0.203414886
19.48	-0.188642647
19.5	-0.185816989
19.52	-0.034682755
19.54	-0.062550198
19.56	-0.038027124
19.58	-0.03679643
19.6	-0.000674274
19.62	0.059202135
19.64	0.069687204
19.66	0.131113728
19.68	0.161132617
19.7	0.137829285
19.72	0.116365238
19.74	0.143794339
19.76	0.173831242
19.78	0.174313723
19.8	0.181951447
19.82	0.185078464
19.84	0.183098913
19.86	0.178395536
19.88	0.167947379
19.9	0.177888749
19.92	0.202361569
19.94	0.20757595
19.96	0.204640048
19.98	0.211341269
20	0.210673475
20.02	0.191765218
20.04	0.187624503
20.06	0.200962788
20.08	0.193371305
20.1	0.17156496
20.12	0.16584509
20.14	0.20978822
20.16	0.226578019
20.18	0.016867933
20.2	-0.070190888
20.22	-0.002873437
20.24	0.008496617
20.26	-0.03521623
20.28	-0.031250611
20.3	-0.08585958
20.32	-0.137074004
20.34	-0.140637573
20.36	-0.189053743
20.38	-0.180663828
20.4	-0.187184333
20.42	-0.199980623
20.44	-0.127026225
20.46	-0.023299054
20.48	-0.042387131
20.5	-0.071282244
20.52	-0.052280542
20.54	-0.059361883
20.56	-0.025068777
20.58	0.016088018
20.6	-0.004925488
20.62	-0.031109465
20.64	-0.020243259
20.66	-0.026637245
20.68	-0.047822913
20.7	-0.079143504
20.72	-0.062967639
20.74	-0.021864692
20.76	-0.065176863
20.78	-0.030930848
20.8	-0.040591759
20.82	-0.033698971
20.84	-0.033876006
20.86	-0.069805042
20.88	-0.087611434
20.9	-0.121732067
20.92	-0.120103604
20.94	-0.166955362
20.96	-0.175993387
20.98	-0.179949193
21	-0.190582339
21.02	-0.178703571
21.04	-0.186859002
21.06	-0.201006477
21.08	-0.218389005
21.1	-0.243595283
21.12	-0.255202048
21.14	-0.249975283
21.16	-0.231261164
21.18	-0.235801033
21.2	-0.221458073
21.22	-0.209644069
21.24	0.04531573
21.26	-0.029024989
21.28	-0.05889682
21.3	-0.029141295
21.32	-0.01527161
21.34	0.019510758
21.36	0.090369242
21.38	0.121643714
21.4	0.137556054
21.42	0.164694475
21.44	0.169605332
21.46	0.20923091
21.48	0.198692227
21.5	0.246786932
21.52	0.251490856
21.54	0.26036321
21.56	0.26043769
21.58	0.230221382
21.6	0.249358546
21.62	0.26283499
21.64	0.239233909
21.66	0.234295328
21.68	0.231721568
21.7	0.020749763
21.72	0.020143726
21.74	0.067127311
21.76	0.033213743
21.78	0.016341727
21.8	-0.00549287
21.82	-0.088541435
21.84	-0.111408591
21.86	-0.145570185
21.88	-0.161787532
21.9	-0.185326473
21.92	-0.187444297
21.94	-0.207230789
21.96	-0.076021179
21.98	-0.09468079
22	-0.068650711
22.02	-0.057944267
22.04	-0.0453806
22.06	-0.014533572
22.08	-0.041923437
22.1	-0.015069614
22.12	0.037064791
22.14	-0.000136935
22.16	-0.031378512
22.18	-0.020803407
22.2	-0.029157713
22.22	-0.044107806
22.24	-0.043586292
22.26	-0.088339361
22.28	-0.102591841
22.3	-0.125973933
22.32	-0.119036333
22.34	-0.120992844
22.36	-0.107292843
22.38	-0.097334543
22.4	-0.088597108
22.42	0.013697671
22.44	-0.01191824
22.46	-0.018679075
22.48	-0.006137085
22.5	0.025468622
22.52	0.073858917
22.54	0.060872355
22.56	0.081743857
22.58	0.084497012
22.6	0.124853584
22.62	0.120568041
22.64	0.053928202
22.66	0.014402862
22.68	0.022436138
22.7	0.031414253
22.72	0.020523278
22.74	-0.017308595
22.76	-0.040032433
22.78	-0.006182868
22.8	-0.017510429
22.82	-0.000277653
22.84	0.031740668
22.86	0.054961977
22.88	0.06892427
22.9	0.075081529
22.92	0.085479068
22.94	0.077395968
22.96	0.078629984
22.98	0.098171739
23	0.102793811
23.02	0.134370586
23.04	0.138089441
23.06	0.128013623
23.08	0.127519663
23.1	0.09967813
23.12	0.117362551
23.14	0.127173562
23.16	0.115094365
23.18	0.132500902
23.2	0.14210865
23.22	0.131438928
23.24	0.119937843
23.26	0.102366344
23.28	0.104220943
23.3	0.102005008
23.32	0.116293768
23.34	0.125510395
23.36	0.11659844
23.38	0.096398856
23.4	0.084184508
23.42	0.10711843
23.44	0.103282348
23.46	0.094004431
23.48	0.095548545
23.5	0.08331055
23.52	0.083663631
23.54	0.092274967
23.56	0.08039203
23.58	0.081514239
23.6	0.097133548
23.62	0.013108323
23.64	0.006322814
23.66	0.03650409
23.68	-0.000275485
23.7	-0.010308176
23.72	-0.021002738
23.74	-0.07260088
23.76	-0.07060853
23.78	-0.102608465
23.8	-0.113859134
23.82	-0.121609962
23.84	-0.147999546
23.86	-0.12515657
23.88	-0.150163014
23.9	-0.143534044
23.92	-0.158812971
23.94	-0.159513958
23.96	-0.162186201
23.98	-0.173745601
24	-0.192817063
24.02	-0.202195613
24.04	-0.222019759
24.06	-0.233056465
24.08	-0.23776035
24.1	-0.246505782
24.12	-0.246969812
24.14	-0.246729536
24.16	-0.245736815
24.18	-0.24599658
24.2	-0.209888006
24.22	-0.148797312
24.24	-0.070370542
24.26	-0.068813075
24.28	-0.105607036
24.3	-0.07656667
24.32	-0.061315778
24.34	0.017373928
24.36	0.01483753
24.38	0.023580743
24.4	0.046003783
24.42	0.051393546
24.44	0.061544999
24.46	0.0711949
24.48	0.061503413
24.5	0.070368486
24.52	0.069067058
24.54	0.074016954
24.56	0.07063172
24.58	0.068324892
24.6	0.066367027
24.62	0.076728363
24.64	0.032591257
24.66	-0.02487318
24.68	-0.009721798
24.7	-0.039600595
24.72	-0.03353761
24.74	-0.074291702
24.76	-0.07231945
24.78	-0.129247824
24.8	-0.139112951
24.82	-0.149890478
24.84	-0.06036098
24.86	-0.045780053
24.88	-0.033933
24.9	-0.032998531
24.92	-0.012429981
24.94	-0.002373741
24.96	0.038728914
24.98	0.05233939
25	0.047369758
25.02	-0.05828988
25.04	-0.054099924
25.06	0.002961
25.08	0.001109944
25.1	0.035301393
25.12	0.01643432
25.14	0.029037027
25.16	0.00247832
25.18	0.014579144
25.2	-0.011226877
25.22	0.036174909
25.24	0.061621621
25.26	0.062663971
25.28	0.082491966
25.3	0.057568958
25.32	0.038943165
25.34	0.024716581
25.36	0.002640191
25.38	0.004144175
25.4	0.046019432
25.42	0.043608168
25.44	0.025045024
25.46	0.007513953
25.48	0.039819519
25.5	-0.000556528
25.52	0.044565113
25.54	0.015391855
25.56	0.033903259
25.58	0.026373063
25.6	0.037639696
25.62	0.052835148
25.64	0.074655726
25.66	0.064472579
25.68	0.056391984
25.7	0.083128687
25.72	0.086567411
25.74	0.118588443
25.76	0.156023762
25.78	0.177253017
25.8	0.189306783
25.82	0.165992491
25.84	0.154564427
25.86	0.131664091
25.88	0.124157951
25.9	0.102507721
25.92	0.083851192
25.94	0.1252168
25.96	0.124376893
25.98	0.103229395
26	0.108616693
26.02	0.08752698
26.04	0.080735297
26.06	0.058215738
26.08	0.081754815
26.1	0.08672272
26.12	0.027221227
26.14	0.042356416
26.16	0.006844033
26.18	-0.003600375
26.2	0.00291768
26.22	-0.017439288
26.24	-0.047413088
26.26	-0.036403883
26.28	-0.080052614
26.3	-0.080112136
26.32	-0.096245906
26.34	-0.1203878
26.36	-0.114335416
26.38	-0.143397556
26.4	-0.148960461
26.42	-0.157960962
26.44	-0.13738485
26.46	-0.151474123
26.48	-0.151260711
26.5	-0.149492306
26.52	-0.164776275
26.54	-0.178537355
26.56	-0.190491881
26.58	-0.1992739
26.6	-0.217069108
26.62	-0.217516691
26.64	-0.22242029
26.66	-0.229785489
26.68	-0.227840143
26.7	-0.1513222
26.72	-0.130903475
26.74	-0.065936003
26.76	-0.04957501
26.78	-0.065962988
26.8	-0.049671434
26.82	-0.021189017
26.84	0.066764739
26.86	0.069137992
26.88	0.106165325
26.9	0.118660618
26.92	0.127475472
26.94	0.140666882
26.96	0.171567883
26.98	0.179545852
27	0.195539951
27.02	0.214979766
27.04	0.209820776
27.06	0.030319703
27.08	0.099591537
27.1	0.05705344
27.12	0.051201248
27.14	0.039162749
27.16	-0.005727636
27.18	-0.065329868
27.2	-0.074451805
27.22	-0.124032538
27.24	-0.154012299
27.26	-0.151417289
27.28	-0.132351111
27.3	-0.1683961
27.32	-0.180885484
27.34	-0.073055443
27.36	-0.022861681
27.38	-0.016292287
27.4	-0.01191153
27.42	-0.003253812
27.44	0.037999333
27.46	0.102530253
27.48	0.082111106
27.5	0.126902958
27.52	0.116674403
27.54	0.135647656
27.56	0.126405743
27.58	0.159281016
27.6	0.167322492
27.62	0.174901583
27.64	0.185194161
27.66	0.1642519
27.68	0.166347596
27.7	0.171815695
27.72	0.211751338
27.74	0.261056685
27.76	0.157927432
27.78	0.125785612
27.8	0.012590684
27.82	-0.004561694
27.84	-0.014365401
27.86	-0.017631274
27.88	-0.049186316
27.9	-0.118060118
27.92	-0.163254725
27.94	-0.185441163
27.96	-0.213385829
27.98	-0.246355314
28	-0.237070475
28.02	-0.265589054
28.04	-0.284727868
28.06	-0.290936693
28.08	-0.298003891
28.1	-0.309570782
28.12	-0.288852094
28.14	-0.280772049
28.16	-0.29309891
28.18	-0.280586269
28.2	-0.166227186
28.22	-0.139345247
28.24	-0.120045525
28.26	-0.060193219
28.28	-0.085386086
28.3	-0.051207798
28.32	-0.008477489
28.34	0.07944095
28.36	0.068959823
28.38	0.1237819
28.4	0.122011466
28.42	0.144286601
28.44	0.146599994
28.46	0.171413575
28.48	0.165645142
28.5	0.179668975
28.52	0.113818436
28.54	0.127233104
28.56	0.135782415
28.58	0.127231059
28.6	0.113863178
28.62	0.030648653
28.64	0.046993246
28.66	0.053240567
28.68	0.054871015
28.7	0.062457514
28.72	0.077420075
28.74	0.075438407
28.76	0.070919411
28.78	0.053561563
28.8	0.079096817
28.82	0.069695013
28.84	0.089760489
28.86	0.093549418
28.88	0.088770947
28.9	0.058910653
28.92	0.078059972
28.94	0.055877962
28.96	0.084385219
28.98	0.10710516
29	0.116723376
29.02	0.129816732
29.04	0.097693175
29.06	0.062314915
29.08	0.056023241
29.1	0.033317212
29.12	0.026700538
29.14	0.022749603
29.16	-0.013128319
29.18	-0.04924581
29.2	-0.057191411
29.22	-0.051683706
29.24	-0.073909798
29.26	-0.079986694
29.28	-0.093349551
29.3	-0.110612597
29.32	-0.105327819
29.34	-0.121124872
29.36	-0.119977995
29.38	-0.113578079
29.4	-0.093278644
29.42	-0.099783651
29.44	-0.0951342
29.46	-0.106106457
29.48	-0.098605121
29.5	-0.078643646
29.52	-0.051677378
29.54	-0.046907924
29.56	-0.050565298
29.58	-0.070541552
29.6	-0.045428861
29.62	0.024938222
29.64	0.043046388
29.66	0.028634506
29.68	0.048234622
29.7	0.05537654
29.72	0.080829323
29.74	0.104884945
29.76	0.105900319
29.78	0.105484949
29.8	0.106475066
29.82	0.108219582
29.84	0.116804611
29.86	0.112783197
29.88	0.118734066
29.9	0.114929151
29.92	0.107115483
29.94	0.139299372
29.96	0.12982555
29.98	0.148622118
30	0.130518711
30.02	0.116104274
30.04	0.112052368
30.06	0.112815282
30.08	0.122519869
30.1	0.169189463
30.12	0.189018065
30.14	0.166793046
30.16	0.040797985
30.18	-0.007526048
30.2	6.34095E-05
30.22	-0.015087262
30.24	-0.004515682
30.26	-0.035568562
30.28	-0.090078012
30.3	-0.112554855
30.32	-0.127340516
30.34	-0.138903389
30.36	-0.150013375
30.38	-0.148231843
30.4	-0.165074945
30.42	-0.173149361
30.44	-0.162063241
30.46	-0.167877719
30.48	-0.176215612
30.5	-0.169760478
30.52	-0.17223894
30.54	0.036144553
30.56	0.023766197
30.58	-0.032639352
30.6	-0.020073698
30.62	-0.016760769
30.64	-0.006512429
30.66	0.046343335
30.68	0.051908884
30.7	0.086245164
30.72	0.085260429
30.74	0.086454616
30.76	0.067017704
30.78	-0.007101587
30.8	0.006359705
30.82	-0.00821893
30.84	-0.01532723
30.86	-0.010102102
30.88	-0.034569933
30.9	-0.065110524
30.92	-0.083309109
30.94	-0.073863781
30.96	-0.092047801
30.98	-0.094235166
31	-0.110754746
31.02	-0.102193379
31.04	-0.110267918
31.06	-0.111049835
31.08	0.021572174
31.1	0.004738941
31.12	-0.013941166
31.14	0.002283828
31.16	0.019814776
31.18	0.03224108
31.2	0.103290633
31.22	0.116489133
31.24	0.150557889
31.26	0.141763998
31.28	0.178869623
31.3	0.171612251
31.32	0.195440192
31.34	0.200176989
31.36	0.212645824
31.38	0.224773501
31.4	0.214270643
31.42	0.193318234
31.44	0.19245227
31.46	0.208625271
31.48	0.217835351
31.5	0.203893832
31.52	0.018949581
31.54	0.070430747
31.56	0.028499912
31.58	0.004146244
31.6	-0.019362076
31.62	-0.037161759
31.64	-0.128967389
31.66	-0.126618351
31.68	-0.179583419
31.7	-0.190411916
31.72	-0.210341044
31.74	-0.233535694
31.76	-0.241041164
31.78	-0.266726404
31.8	-0.269043423
31.82	-0.28459806
31.84	-0.277684595
31.86	-0.260171833
31.88	-0.277798683
31.9	-0.274081898
31.92	-0.275705968
31.94	-0.289332275
31.96	-0.275994674
31.98	-2.45831E-05
32	-0.07899535
32.02	-0.092835314
32.04	-0.056866454
32.06	-0.046629692
32.08	-0.0261797
32.1	0.046257255
32.12	0.111837662
32.14	0.119886434
32.16	0.169352265
32.18	0.168905138
32.2	0.201254504
32.22	0.194526245
32.24	0.226081091
32.26	0.219540227
32.28	0.235623122
32.3	0.239955962
32.32	0.240918489
32.34	0.050737701
32.36	0.071559719
32.38	0.033252943
32.4	0.039685687
32.42	0.016914307
32.44	0.001885456
32.46	-0.085719649
32.48	-0.062114456
32.5	-0.098197324
32.52	0.030545056
32.54	-0.034268639
32.56	-0.055759968
32.58	-0.051656018
32.6	-0.001419467
32.62	0.037779354
32.64	0.069618905
32.66	0.069088665
32.68	0.083132254
32.7	0.102565661
32.72	0.124188324
32.74	0.096099284
32.76	0.14865741
32.78	0.137249733
32.8	0.140755113
32.82	0.136863131
32.84	0.104687135
32.86	0.066107791
32.88	0.012429137
32.9	0.029979971
32.92	0.023099698
32.94	-0.010876724
32.96	-0.065013059
32.98	-0.076168685
33	-0.107025482
33.02	-0.106059315
33.04	-0.129864876
33.06	-0.127890624
33.08	-0.157811239
33.1	-0.145203885
33.12	-0.170542087
33.14	-0.170755822
33.16	-0.165633645
33.18	-0.190349716
33.2	-0.184913093
33.22	-0.192212646
33.24	-0.189469579
33.26	-0.186900757
33.28	-0.185559116
33.3	-0.158231153
33.32	-0.037427346
33.34	-0.02712452
33.36	-0.01402044
33.38	-0.042780269
33.4	0.004621828
33.42	0.01565968
33.44	0.118483899
33.46	0.098955352
33.48	0.14918859
33.5	0.138141063
33.52	0.15348816
33.54	0.152004525
33.56	0.169892291
33.58	0.157692947
33.6	0.168777063
33.62	0.174493993
33.64	0.166626347
33.66	0.150981852
33.68	0.154447974
33.7	0.148621619
33.72	0.150703595
33.74	0.131704059
33.76	0.125839789
33.78	0.131872837
33.8	0.140439675
33.82	0.023510478
33.84	0.007666367
33.86	0.052725244
33.88	0.014708355
33.9	-0.003939824
33.92	-0.013353127
33.94	-0.072447387
33.96	-0.087075601
33.98	-0.102983018
34	-0.11269842
34.02	-0.118292951
34.04	-0.128538921
34.06	-0.140154203
34.08	-0.144482384
34.1	-0.143265391
34.12	-0.027568936
34.14	-0.042770745
34.16	-0.020313471
34.18	-0.021508361
34.2	-0.018126605
34.22	-0.007314672
34.24	-0.009602395
34.26	0.051630004
34.28	0.04603838
34.3	0.01376993
34.32	-0.00903461
34.34	-0.020228055
34.36	-0.022846638
34.38	-0.035208109
34.4	-0.05479754
34.42	-0.088530303
34.44	-0.071598601
34.46	-0.094702674
34.48	-0.089715504
34.5	-0.097368837
34.52	-0.086833493
34.54	-0.098273504
34.56	-0.103453671
34.58	-0.136582583
34.6	-0.143095759
34.62	-0.12516076
34.64	-0.102361813
34.66	-0.030695348
34.68	-0.003073646
34.7	-0.009742584
34.72	-0.016812446
34.74	-0.018832996
34.76	0.021776727
34.78	0.082176129
34.8	0.073951919
34.82	0.097211732
34.84	0.098012068
34.86	0.098373558
34.88	0.108703256
34.9	0.107169608
34.92	0.107166838
34.94	0.103029414
34.96	0.094958924
34.98	0.064622079
35	0.056668556
35.02	0.054025062
35.04	0.049978789
35.06	0.067014272
35.08	0.091473728
35.1	0.056627199
35.12	0.039357937
35.14	0.041422798
35.16	0.044894178
35.18	0.084953687
35.2	0.101821441
35.22	0.106121609
35.24	0.118102518
35.26	-0.038673515
35.28	-0.039672016
35.3	-0.001386237
35.32	-0.009300367
35.34	-0.007767564
35.36	-0.020197799
35.38	-0.072171113
35.4	-0.116025396
35.42	-0.119471643
35.44	-0.124877118
35.46	-0.125214983
35.48	-0.128969298
35.5	-0.139002345
35.52	-0.13124225
35.54	-0.128645008
35.56	-0.153028734
35.58	-0.151685846
35.6	-0.164045678
35.62	-0.160323816
35.64	-0.147743826
35.66	-0.13015975
35.68	-0.117943138
35.7	-0.038576675
35.72	-0.026885265
35.74	0.003253317
35.76	-0.034710111
35.78	0.007194102
35.8	0.045918062
35.82	0.092692701
35.84	0.070154322
35.86	0.001307564
35.88	0.04442003
35.9	0.078020245
35.92	0.091329491
35.94	0.07293449
35.96	0.022428919
35.98	0.048523964
36	0.064178034
36.02	0.053980732
36.04	0.046509317
36.06	0.056211858
36.08	0.046600504
36.1	0.031622807
36.12	0.011154886
36.14	0.013597557
36.16	0.003771459
36.18	0.035935824
36.2	0.020946375
36.22	0.036853518
36.24	0.048627829
36.26	0.013088701
36.28	0.011644246
36.3	0.031689586
36.32	0.047967917
36.34	0.051226293
36.36	0.060786151
36.38	0.065060266
36.4	0.065738043
36.42	0.080086121
36.44	0.117957776
36.46	0.128127173
36.48	0.105560871
36.5	0.113942706
36.52	0.112433461
36.54	0.100328606
36.56	0.098454797
36.58	0.105299303
36.6	0.113415582
36.62	0.109638372
36.64	0.101765652
36.66	0.118670003
36.68	0.113411438
36.7	0.100506875
36.72	0.079922438
36.74	0.034268603
36.76	-0.015989048
36.78	0.009841409
36.8	0.01064788
36.82	-0.009466911
36.84	-0.059742735
36.86	-0.05123154
36.88	-0.081479421
36.9	-0.064420956
36.92	-0.086561457
36.94	-0.088255104
36.96	-0.105352668
36.98	-0.121815584
37	-0.123723864
37.02	-0.124846943
37.04	-0.132400244
37.06	-0.132485399
37.08	-0.141426038
37.1	-0.15260029
37.12	-0.151029123
37.14	-0.163882491
37.16	-0.178591013
37.18	-0.180102469
37.2	-0.18188832
37.22	0.03216319
37.24	0.010407825
37.26	-0.054825612
37.28	-0.033608094
37.3	-0.033908577
37.32	-0.011811553
37.34	0.069754127
37.36	0.083103835
37.38	0.102044764
37.4	0.107262005
37.42	0.03583224
37.44	0.053461311
37.46	0.060327221
37.48	0.074491577
37.5	0.080627374
37.52	0.074068732
37.54	0.03035226
37.56	-0.007543646
37.58	-0.007153519
37.6	0.027412103
37.62	0.019571269
37.64	0.029980219
37.66	-0.01409681
37.68	0.002963138
37.7	0.034686912
37.72	0.039410981
37.74	0.038350344
37.76	0.0255426
37.78	0.024131955
37.8	0.044017429
37.82	0.03085188
37.84	0.052592715
37.86	0.046309871
37.88	0.061067544
37.9	0.031600756
37.92	0.047124394
37.94	0.047969962
37.96	0.051687695
37.98	0.060658371
38	-0.055170818
38.02	-0.043608346
38.04	-0.035512536
38.06	-0.022655439
38.08	-0.03300286
38.1	-0.056521321
38.12	-0.094072637
38.14	-0.101405541
38.16	-0.104577615
38.18	-0.112903351
38.2	-0.113272975
38.22	-0.113576237
38.24	-0.119232467
38.26	-0.114789194
38.28	-0.110178923
38.3	-0.127079701
38.32	-0.129111877
38.34	-0.144361673
38.36	-0.146227433
38.38	-0.155419363
38.4	-0.157183328
38.42	-0.140318338
38.44	-0.137666921
38.46	-0.153935628
38.48	-0.150512237
38.5	-0.133545991
38.52	-0.126559986
38.54	-0.140079235
38.56	-0.085597441
38.58	-0.049975227
38.6	-0.040660247
38.62	-0.035833546
38.64	-0.013959129
38.66	0.054398694
38.68	0.037232452
38.7	0.075147399
38.72	0.076231903
38.74	0.094672197
38.76	0.101472991
38.78	0.118634442
38.8	0.132952776
38.82	0.137930601
38.84	0.140132831
38.86	0.133680808
38.88	0.142894464
38.9	0.143980017
38.92	0.151263149
38.94	0.0964916
38.96	0.057772787
38.98	0.036086329
39	0.0084056
39.02	0.009490575
39.04	0.022440292
39.06	-0.036871515
39.08	0.000364699
39.1	-0.013830672
39.12	-0.003754169
39.14	-0.029423105
39.16	-0.026517366
39.18	-0.002045602
39.2	-0.004009547
39.22	0.01360844
39.24	0.014110304
39.26	0.039160139
39.28	0.03817794
39.3	0.036019268
39.32	0.047816125
39.34	-0.051058362
39.36	-0.045668398
39.38	-0.034222985
39.4	-0.01177611
39.42	-0.010038703
39.44	-0.026741932
39.46	-0.027110824
39.48	-0.039367248
39.5	-0.03929394
39.52	-0.040812562
39.54	-0.03237647
39.56	-0.053832502
39.58	-0.088382929
39.6	-0.089085951
39.62	-0.094455007
39.64	-0.092193205
39.66	-0.085051543
39.68	-0.085131945
39.7	-0.07552035
39.72	-0.03256492
39.74	-0.006588737
39.76	-0.012711675
39.78	0.008554464
39.8	0.017008719
39.82	0.043816676
39.84	0.09683418
39.86	0.087067544
39.88	0.115332898
39.9	0.12298727
39.92	0.125575959
39.94	0.160150308
39.96	0.141201717
39.98	0.150200237
40	0.159674198
40.02	0.135553579
40.04	0.100179531
40.06	0.098717319
40.08	0.105347207
40.1	0.12139392
40.12	0.120086175
40.14	0.121608655
40.16	0.123161619
40.18	0.091539624
40.2	0.079320088
40.22	0.08207344
40.24	0.087830887
40.26	0.097255076
40.28	0.114940369
40.3	0.115651991
40.32	0.11351259
40.34	0.131797874
40.36	0.132675668
40.38	0.136477181
40.4	0.145307148
40.42	0.119403602
40.44	0.115199218
40.46	0.113417415
40.48	0.038941863
40.5	0.01603042
40.52	0.002286376
40.54	0.046299884
40.56	0.018454954
40.58	-0.021155615
40.6	-0.065520671
40.62	-0.066364404
40.64	-0.088221096
40.66	-0.085827105
40.68	-0.079274528
40.7	-0.106773654
40.72	-0.081242518
40.74	-0.094985381
40.76	-0.091292294
40.78	-0.084294135
40.8	-0.065216147
40.82	-0.050001693
40.84	-0.051445784
40.86	-0.034383778
40.88	-0.024969433
40.9	-0.040975992
40.92	-0.056868856
40.94	-0.035783997
40.96	-0.040146093
40.98	-0.012254854
41	-0.024681878
41.02	-0.014303642
41.04	-0.049303455
41.06	-0.071895875
41.08	-0.034304627
41.1	0.017799225
41.12	0.01464125
41.14	0.060033888
41.16	0.064784029
41.18	0.047614071
41.2	0.079268606
41.22	0.131357457
41.24	0.124172536
41.26	0.160613752
41.28	0.152137619
41.3	0.166673296
41.32	0.182480272
41.34	0.181217244
41.36	0.189963009
41.38	0.175904844
41.4	0.177558198
41.42	0.096526799
41.44	0.046209839
41.46	0.072576006
41.48	0.086891656
41.5	0.057461486
41.52	-0.014464051
41.54	-0.014156646
41.56	-0.03061073
41.58	-0.034737852
41.6	-0.038477539
41.62	-0.046914821
41.64	-0.061463319
41.66	-0.082556625
41.68	-0.006277995
41.7	-0.005635503
41.72	0.019024212
41.74	0.024048029
41.76	0.027333762
41.78	0.066939215
41.8	0.089612281
41.82	0.001274788
41.84	0.025130132
41.86	0.006027689
41.88	5.75007E-05
41.9	-0.00959219
41.92	-0.026923734
41.94	-0.066898341
41.96	-0.059943513
41.98	-0.087616944
42	-0.077818385
42.02	-0.07667681
42.04	-0.095721454
42.06	-0.121073434
42.08	-0.160900652
42.1	-0.157275847
42.12	-0.164571823
42.14	-0.159641445
42.16	-0.150474143
42.18	-0.150072912
42.2	-0.163621621
42.22	-0.186365517
42.24	-0.192841536
42.26	-0.21216233
42.28	-0.234522225
42.3	-0.241882872
42.32	-0.227288474
42.34	-0.203533146
42.36	-0.182660666
42.38	-0.017039966
42.4	-0.065071704
42.42	-0.091111339
42.44	-0.043836881
42.46	-0.061997972
42.48	-0.017642027
42.5	0.030097862
42.52	0.070043849
42.54	0.070466874
42.56	0.062843868
42.58	0.054123377
42.6	0.054038248
42.62	0.073601537
42.64	0.071497811
42.66	0.082708056
42.68	0.050254059
42.7	0.074604889
42.72	0.084248614
42.74	0.059476102
42.76	0.063160977
42.78	0.103436732
42.8	0.147580024
42.82	0.098226632
42.84	0.020158994
42.86	-0.053207293
42.88	-0.04414134
42.9	-0.054747461
42.92	-0.064197041
42.94	-0.076938458
42.96	-0.145987537
42.98	-0.131518132
43	-0.147959963
43.02	-0.135356634
43.04	-0.128531371
43.06	-0.136744482
43.08	-0.142152097
43.1	-0.137992002
43.12	-0.146088862
43.14	-0.112706888
43.16	-0.053181339
43.18	-0.083929464
43.2	-0.050323779
43.22	-0.039565146
43.24	-0.019057824
43.26	0.004187735
43.28	-0.010560321
43.3	-0.035439036
43.32	-0.024483889
43.34	-0.081732541
43.36	-0.067188726
43.38	-0.090361466
43.4	-0.114967985
43.42	-0.100565778
43.44	-0.125182433
43.46	-0.122834415
43.48	-0.120976013
43.5	-0.032504766
43.52	-0.061290719
43.54	-0.069253766
43.56	-0.048616986
43.58	-0.0444719
43.6	-0.008939277
43.62	0.005221719
43.64	0.026716295
43.66	0.013613615
43.68	0.030519111
43.7	0.040509013
43.72	0.032565958
43.74	0.063886326
43.76	0.043920576
43.78	0.068552479
43.8	0.064314378
43.82	0.07652748
43.84	0.068864455
43.86	0.08670572
43.88	0.088603902
43.9	0.098813506
43.92	0.119491494
43.94	0.129360726
43.96	0.116373822
43.98	0.119655148
44	0.148338738
44.02	0.182222304
44.04	0.184408346
44.06	0.171398585
44.08	0.183364559
44.1	0.185475192
44.12	0.148415544
44.14	0.04846116
44.16	0.065839663
44.18	0.099833788
44.2	0.105387625
44.22	0.111972002
44.24	0.123008789
44.26	0.067973968
44.28	0.063503921
44.3	0.072845011
44.32	0.080795412
44.34	0.008862179
44.36	0.022776829
44.38	0.006918479
44.4	-0.014080585
44.42	-0.01899016
44.44	-0.020188612
44.46	-0.052286498
44.48	-0.057535907
44.5	-0.06410326
44.52	-0.074696429
44.54	-0.080131934
44.56	-0.079288623
44.58	-0.093934336
44.6	-0.090090898
44.62	-0.097876654
44.64	-0.094423869
44.66	-0.098982841
44.68	-0.022404228
44.7	-0.048869547
44.72	-0.040748295
44.74	-0.037469553
44.76	-0.041214746
44.78	-0.042549256
44.8	-0.051082918
44.82	-0.016304838
44.84	-0.03224029
44.86	-0.036042388
44.88	-0.040192261
44.9	-0.062717603
44.92	-0.043205974
44.94	-0.065558832
44.96	-0.07648518
44.98	-0.090845458
45	-0.065381427
45.02	0.049605186
45.04	0.030117217
45.06	0.028854587
45.08	0.006237245
45.1	0.012193789
45.12	0.038153447
45.14	0.08407063
45.16	0.08930341
45.18	0.100887972
45.2	0.097095289
45.22	0.102263141
45.24	0.110743244
45.26	0.112736634
45.28	0.124881228
45.3	0.127027882
45.32	0.129700974
45.34	0.132409294
45.36	0.029680922
45.38	0.058911486
45.4	0.06638248
45.42	0.064551416
45.44	0.053429946
45.46	0.01555766
45.48	-0.010012166
45.5	0.021963483
45.52	0.00621567
45.54	0.003359063
45.56	-0.000543909
45.58	0.00546818
45.6	0.023955687
45.62	0.051824906
45.64	0.050265458
45.66	0.053726443
45.68	0.035650543
45.7	-0.047086949
45.72	-0.029700933
45.74	-0.010595287
45.76	0.003219018
45.78	0.001699566
45.8	-0.048212121
45.82	-0.050962774
45.84	-0.064131759
45.86	-0.08493036
45.88	-0.082546412
45.9	-0.095319275
45.92	-0.090417397
45.94	-0.108282709
45.96	-0.081656689
45.98	-0.097150009
46	-0.125704306
46.02	-0.125891801
46.04	-0.113027319
46.06	-0.135488582
46.08	-0.125007416
46.1	-0.129270711
46.12	-0.113179151
46.14	-0.108803113
46.16	-0.116609461
46.18	-0.136068058
46.2	-0.13325774
46.22	-0.067769964
46.24	-0.070774586
46.26	-0.069386683
46.28	-0.067423865
46.3	-0.070336479
46.32	-0.021555319
46.34	-0.00437982
46.36	0.005228622
46.38	0.004516399
46.4	0.015789521
46.42	0.011388215
46.44	0.046503262
46.46	0.048394182
46.48	0.061194652
46.5	0.060063928
46.52	0.057974869
46.54	0.069381599
46.56	0.070671054
46.58	0.081208423
46.6	0.080286649
46.62	0.096920232
46.64	0.095761189
46.66	0.095586872
46.68	0.108304717
46.7	0.097693873
46.72	0.100661705
46.74	0.098284608
46.76	0.105491388
46.78	0.108227131
46.8	0.116218343
46.82	0.121182855
46.84	0.121420962
46.86	0.040919635
46.88	0.04331079
46.9	0.055115663
46.92	0.04699277
46.94	0.02459088
46.96	0.014485385
46.98	-0.036620707
47	-0.033664866
47.02	-0.058087138
47.04	-0.056747337
47.06	-0.047663022
47.08	-0.051334681
47.1	-0.023973897
47.12	-0.021709937
47.14	-0.02018095
47.16	-0.006929048
47.18	0.018081155
47.2	0.024766723
47.22	0.018187092
47.24	0.019996548
47.26	0.005784074
47.28	-0.022254137
47.3	-0.020120236
47.32	-0.02292133
47.34	-0.04173028
47.36	-0.057750877
47.38	-0.074953689
47.4	-0.068891303
47.42	-0.070393966
47.44	-0.074316654
47.46	-0.084862727
47.48	-0.084377102
47.5	0.001611172
47.52	0.023447783
47.54	-8.5976E-05
47.56	0.006324358
47.58	0.018564152
47.6	0.0232902
47.62	0.088516313
47.64	0.081949793
47.66	0.094235533
47.68	0.10092396
47.7	0.101266068
47.72	0.114473766
47.74	0.121397699
47.76	0.12880331
47.78	0.13079706
47.8	0.129072227
47.82	0.110032614
47.84	0.106259078
47.86	0.110079795
47.88	0.094145924
47.9	0.084071088
47.92	0.085974534
47.94	0.094395339
47.96	0.092814765
47.98	0.092584379
48	0.100178242
48.02	0.106695748
48.04	0.111874203
48.06	0.088824556
48.08	0.058134284
48.1	0.021521444
48.12	0.026856524
48.14	0.029374679
48.16	0.043832429
48.18	0.041331044
48.2	-0.002170773
48.22	-0.015013399
48.24	-0.035493946
48.26	-0.028811831
48.28	-0.036835358
48.3	-0.051837017
48.32	-0.051863201
48.34	-0.058552973
48.36	-0.050107417
48.38	-0.057516751
48.4	-0.05753241
48.42	-0.06629911
48.44	-0.069918203
48.46	-0.062874347
48.48	-0.070176048
48.5	-0.066881788
48.52	-0.068212452
48.54	-0.075633509
48.56	-0.078355792
48.58	-0.082795561
48.6	-0.080370885
48.62	-0.080102039
48.64	-0.071821141
48.66	-0.061872828
48.68	-0.056889513
48.7	-0.065274502
48.72	-0.074058087
48.74	-0.082895461
48.76	-0.08352619
48.78	-0.082673786
48.8	-0.075703905
48.82	-0.06876472
48.84	-0.062915749
48.86	-0.062215083
48.88	-0.06346262
48.9	-0.067779061
48.92	-0.07222377
48.94	0.006107097
48.96	0.006208295
48.98	0.009894395
49	-0.003189754
49.02	0.012943125
49.04	0.043734235
49.06	0.063582598
49.08	0.079414412
49.1	0.080819866
49.12	0.091149306
49.14	0.098416185
49.16	0.102197991
49.18	0.107737523
49.2	0.10645307
49.22	0.105199055
49.24	0.07442862
49.26	0.047822691
49.28	0.040918031
49.3	0.033224673
49.32	0.03314123
49.34	0.001480754
49.36	-0.011829924
49.38	-0.020880575
49.4	-0.034335588
49.42	-0.034711473
49.44	-0.044313809
49.46	-0.052137169
49.48	-0.069682192
49.5	-0.070040196
49.52	-0.081128685
49.54	-0.068946891
49.56	-0.06796271
49.58	-0.037604619
49.6	-0.047700213
49.62	-0.028360206
49.64	-0.021724744
49.66	-0.023627595
49.68	-0.034980478
49.7	-0.030699828
49.72	-0.042533884
49.74	-0.032988049
49.76	-0.044806717
49.78	-0.051871481
49.8	-0.050684109
49.82	-0.060203735
49.84	-0.060089382
49.86	-0.056945938
49.88	-0.059952684
49.9	-0.050009154
49.92	-0.05356905
49.94	-0.066128303
49.96	-0.028794401
49.98	-0.023334655
50	-0.03175004
50.02	-0.036238543
50.04	-0.029037459
50.06	-0.041413663
50.08	-0.028399329
50.1	-0.015592198
50.12	-0.024268729
50.14	-0.01957823
50.16	-0.018750511
50.18	0.00261408
50.2	-0.00052503
50.22	0.008202742
50.24	0.010691004
50.26	0.019540176
50.28	0.022407608
50.3	0.014392489
50.32	0.025604292
50.34	0.031563951
50.36	0.034316488
50.38	0.036308835
50.4	0.050748766
50.42	0.05637937
50.44	0.058344845
50.46	0.070618211
50.48	0.072034275
50.5	0.082506297
50.52	0.07651768
50.54	0.07154918
50.56	0.06671516
50.58	0.097563826
50.6	0.12007081
50.62	0.06664735
50.64	0.055023132
50.66	0.034157481
50.68	0.017925494
50.7	0.017171345
50.72	0.056812288
50.74	-0.028774228
50.76	-0.044615084
50.78	-0.05264386
50.8	-0.037627171
50.82	-0.028088928
50.84	-0.02693696
50.86	-0.035244157
50.88	-0.046918815
50.9	-0.041915645
50.92	-0.050106845
50.94	-0.058217013
50.96	-0.054862717
50.98	-0.063454224
51	-0.060548143
51.02	-0.068030151
51.04	-0.052706171
51.06	-0.002514522
51.08	0.003060592
51.1	-0.015215451
51.12	-0.031122262
51.14	0.005362511
51.16	-0.017071906
51.18	-0.026016821
51.2	0.002528173
51.22	-0.015034695
51.24	-0.019170555
51.26	-0.02171222
51.28	-0.032144408
51.3	-0.023047247
51.32	-0.031259594
51.34	-0.03068187
51.36	-0.032405358
51.38	-0.029326901
51.4	-0.037382355
51.42	-0.024838335
51.44	-0.027454293
51.46	-0.022546115
51.48	-0.015928722
51.5	0.000482476
51.52	0.017891947
51.54	0.015786363
51.56	0.018185123
51.58	0.025449638
51.6	0.043660757
51.62	0.04888628
51.64	0.05162234
51.66	0.061303683
51.68	0.065243165
51.7	0.072655873
51.72	0.067540784
51.74	0.06842046
51.76	0.068985518
51.78	0.070755206
51.8	0.071401054
51.82	0.06881709
51.84	0.068221254
51.86	0.06786851
51.88	0.067644182
51.9	0.069277162
51.92	0.064180456
51.94	0.024395583
51.96	-0.006304897
51.98	0.005446643
52	-0.004778844
52.02	-0.017754753
52.04	-0.065318492
52.06	-0.048528375
52.08	-0.074864291
52.1	-0.076917531
52.12	-0.073793835
52.14	-0.089514179
52.16	-0.093672754
52.18	-0.085938694
52.2	-0.08784622
52.22	-0.052372314
52.24	-0.040183716
52.26	-0.031863277
52.28	-0.036649035
52.3	-0.036727531
52.32	-0.033758269
52.34	-0.044625038
52.36	-0.042693423
52.38	-0.03171528
52.4	-0.031541362
52.42	-0.033938149
52.44	-0.034484848
52.46	-0.043898955
52.48	-0.038936124
52.5	-0.042854117
52.52	-0.049299648
52.54	-0.048728215
52.56	-0.053077534
52.58	-0.057358938
52.6	-0.064894195
52.62	-0.069768435
52.64	-0.066067471
52.66	-0.058615341
52.68	-0.060095928
52.7	-0.062025989
52.72	-0.072723325
52.74	-0.085105191
52.76	-0.090997618
52.78	-0.067886375
52.8	-0.038867381
52.82	-0.02018708
52.84	-0.001453277
52.86	-0.005435993
52.88	0.006406354
52.9	0.041367492
52.92	0.04679221
52.94	0.058532846
52.96	0.062364798
52.98	0.050368178
53	0.071819705
53.02	0.052710422
53.04	0.060814672
53.06	0.066804221
53.08	0.068864043
53.1	0.07794362
53.12	0.077245944
53.14	0.081754649
53.16	0.090501604
53.18	0.097416413
53.2	0.112973887
53.22	0.115185009
53.24	0.130877548
53.26	0.130461386
53.28	0.134571833
53.3	0.131034929
53.32	0.135050027
53.34	0.12616662
53.36	0.127077681
53.38	0.026729846
53.4	0.05553158
53.42	0.065757886
53.44	0.043725254
53.46	0.037686739
53.48	0.002628614
53.5	-0.025853373
53.52	-0.027082073
53.54	-0.029465091
53.56	-0.037932025
53.58	-0.049040422
53.6	-0.044431001
53.62	-0.03289125
53.64	-0.024538831
53.66	-0.026228892
53.68	-0.015364668
53.7	0.000156099
53.72	0.013161209
53.74	0.013636059
53.76	0.009938414
53.78	0.011933369
53.8	0.015948158
53.82	0.014619727
53.84	-9.97331E-05
53.86	-0.000370506
53.88	-0.009084793
53.9	-0.004589555
53.92	-0.006284953
53.94	-0.019752797
53.96	-0.017184203
53.98	-0.021038858
54	-0.024765302
54.02	-0.021161852
54.04	-0.026277647
54.06	-0.040787078
54.08	-0.044036492
54.1	-0.036249395
54.12	0.065043144
54.14	0.059447247
54.16	0.037047633
54.18	0.039860836
54.2	0.026546135
54.22	0.065566931
54.24	0.089830315
54.26	0.091347255
54.28	0.094776814
54.3	0.085407774
54.32	0.100273974
54.34	0.093734186
54.36	0.071904264
54.38	0.042597225
54.4	0.038712121
54.42	0.038027147
54.44	0.021304456
54.46	0.006977592
54.48	0.002282589
54.5	-0.015139448
54.52	-0.015563948
54.54	-0.030555239
54.56	-0.031827837
54.58	-0.037816991
54.6	-0.041466997
54.62	-0.043059053
54.64	-0.034028953
54.66	-0.029981642
54.68	-0.047675479
54.7	-0.040264376
54.72	-0.046662823
54.74	-0.045038104
54.76	-0.033174436
54.78	-0.023021962
54.8	-0.030296559
54.82	-0.043712743
54.84	-0.041821356
54.86	-0.040157685
54.88	-0.029194336
54.9	-0.027294644
54.92	-0.028567156
54.94	-0.028793882
54.96	-0.03052739
54.98	-0.029354123
55	-0.032414364
55.02	-0.025812871
55.04	-0.027056396
55.06	-0.029646226
55.08	-0.032369332
55.1	-0.038161838
55.12	-0.034428181
55.14	-0.034795
55.16	-0.033451952
55.18	-0.041543305
55.2	-0.049465306
55.22	-0.054800941
55.24	-0.057706225
55.26	-0.0608852
55.28	-0.047769875
55.3	-0.006125245
55.32	-0.039686513
55.34	-0.05865386
55.36	-0.057166784
55.38	-0.05302867
55.4	0.00885744
55.42	-0.006211773
55.44	-0.011427682
55.46	-0.001121576
55.48	0.013685108
55.5	0.036875046
55.52	0.025881158
55.54	0.037643623
55.56	0.045718026
55.58	0.036023393
55.6	0.051323412
55.62	0.05243345
55.64	0.053340145
55.66	0.062986983
55.68	0.054430495
55.7	0.054201249
55.72	0.04911441
55.74	0.0456135
55.76	-0.020749427
55.78	-0.018588455
55.8	-1.31045E-05
55.82	-0.005694917
55.84	-0.015007578
55.86	-0.04272955
55.88	-0.054987726
55.9	-0.065787401
55.92	-0.060581362
55.94	-0.05089104
55.96	-0.058931025
55.98	-0.065266834
56	-0.071733432
56.02	-0.069828203
56.04	-0.069655502
56.06	-0.061091424
56.08	-0.057445592
56.1	-0.05622869
56.12	-0.042442003
56.14	-0.035719373
56.16	-0.021494435
56.18	-0.008691682
56.2	-5.6769E-05
56.22	0.007842071
56.24	0.014989901
56.26	-0.002387381
56.28	-0.015009821
56.3	-0.003884412
56.32	-0.031071463
56.34	-0.023126992
56.36	-0.041388046
56.38	-0.054265801
56.4	-0.049339214
56.42	-0.061406024
56.44	-0.044840741
56.46	-0.04517312
56.48	-0.064788019
56.5	-0.054495077
56.52	-0.063752559
56.54	-0.067748832
56.56	-0.066562606
56.58	-0.060406676
56.6	-0.059522796
56.62	-0.05938376
56.64	-0.061435195
56.66	-0.014641347
56.68	-0.022088446
56.7	-0.014822143
56.72	-0.000404275
56.74	0.006271445
56.76	0.027390636
56.78	0.040135358
56.8	0.058797585
56.82	0.040021952
56.84	0.050398617
56.86	0.060003921
56.88	0.052053558
56.9	0.071668666
56.92	0.067482274
56.94	0.076863089
56.96	0.075704543
56.98	0.079569063
57	0.080979097
57.02	0.081457879
57.04	0.083409725
57.06	0.084886097
57.08	0.081284967
57.1	0.077060549
57.12	0.07159709
57.14	0.065247557
57.16	0.066591713
57.18	0.067299475
57.2	0.069892966
57.22	0.035900754
57.24	0.030313382
57.26	0.001948492
57.28	0.012251577
57.3	0.023459954
57.32	0.000824746
57.34	-0.005980143
57.36	-0.006440675
57.38	-2.04326E-05
57.4	0.003219753
57.42	0.0094451
57.44	0.014232116
57.46	0.011392654
57.48	0.017315443
57.5	0.016934539
57.52	0.006392646
57.54	0.007502638
57.56	0.023381131
57.58	0.0281059
57.6	0.03425376
57.62	0.041202486
57.64	0.042021279
57.66	0.043196713
57.68	0.06341724
57.7	0.055192871
57.72	0.073131482
57.74	0.049029235
57.76	0.042682841
57.78	0.029484311
57.8	0.005003197
57.82	0.019703339
57.84	-0.004934532
57.86	-0.024934827
57.88	-0.012946884
57.9	-0.029742605
57.92	-0.02165014
57.94	-0.048456186
57.96	-0.044915178
57.98	-0.051105583
58	-0.053924306
58.02	-0.045189361
58.04	-0.046865276
58.06	-0.033722536
58.08	-0.041629938
58.1	-0.035227058
58.12	-0.038157316
58.14	-0.017736506
58.16	-0.018636416
58.18	-0.018005695
58.2	0.011153122
58.22	0.035002072
58.24	0.022149303
58.26	0.047843899
58.28	0.031817418
58.3	0.050799049
58.32	0.061649491
58.34	0.057495404
58.36	0.0433361
58.38	0.026928622
58.4	0.036556498
58.42	0.033171312
58.44	0.020909787
58.46	0.004911876
58.48	-0.002769785
58.5	-0.005100121
58.52	-0.016086078
58.54	-0.019244747
58.56	-0.028557321
58.58	-0.032183403
58.6	-0.034863913
58.62	-0.034654113
58.64	-0.030297618
58.66	-0.036939182
58.68	-0.033885464
58.7	-0.029531311
58.72	-0.0272682
58.74	-0.008155259
58.76	-0.028360308
58.78	-0.033061035
58.8	-0.031207672
58.82	-0.014024193
58.84	0.004088972
58.86	-0.002416767
58.88	0.001378461
58.9	0.001002144
58.92	0.011204683
58.94	-0.015683202
58.96	-0.003882262
58.98	-0.007664296
59	-0.007402962
59.02	-0.009557092
59.04	0.006135149
59.06	0.00679368
59.08	0.01700551
59.1	0.013503183
59.12	0.022800891
59.14	0.029137413
59.16	0.029400678
59.18	0.021250527
59.2	0.006854419
59.22	-0.012446679
59.24	-0.018429424
59.26	-0.015159612
59.28	-0.023941603
59.3	-0.052123555
59.32	-0.045573238
59.34	-0.03557264
59.36	-0.04787904
59.38	-0.049716337
59.4	-0.043172956
59.42	0.010909568
59.44	-0.004237129
59.46	0.010324295
59.48	0.010513038
59.5	0.002545707
59.52	0.044098232
59.54	0.011374
59.56	0.005532467
59.58	0.020834375
59.6	0.009079825
59.62	0.019853445
59.64	0.002951366
59.66	0.007197019
59.68	0.018426843
59.7	0.015753269
59.72	0.0160346
59.74	0.029639189
59.76	0.007546285
59.78	-0.011358975
59.8	-0.011452252
59.82	-0.016711252
59.84	-0.014098299
59.86	-0.038833115
59.88	-0.030362671
59.9	-0.043129448
59.92	-0.045647481
59.94	-0.036737888
59.96	-0.003000439
59.98	-0.009206341
60	-0.00192091
60.02	0.00045709
60.04	0.020129898
60.06	0.003699932
60.08	0.01991068
60.1	0.026200266
60.12	0.024887524
60.14	0.0131484
60.16	0.000913941
60.18	-0.005407926
60.2	-0.013651149
60.22	-0.013072854
60.24	-0.028524321
60.26	-0.031865157
60.28	-0.031435785
60.3	-0.029031424
60.32	-0.023552704
60.34	-0.029185142
60.36	-0.027551428
60.38	-0.024753943
60.4	-0.024660911
60.42	-0.021705635
60.44	-0.019491931
60.46	-0.021900984
60.48	-0.017714856
60.5	-0.015551238
60.52	-0.005741158
60.54	-0.003667764
60.56	-0.004990248
60.58	-0.005729787
60.6	-0.000164569
60.62	0.004988911
60.64	0.01996602
60.66	0.023250219
60.68	0.019675326
60.7	0.020200073
60.72	0.027544137
60.74	0.038504416
60.76	0.032213451
60.78	0.032499208
60.8	0.033058861
60.82	0.029078633
60.84	0.020294372
60.86	0.014972327
60.88	0.013141677
60.9	0.010134178
60.92	0.003711049
60.94	-0.017930828
60.96	-0.003110834
60.98	0.00189646
61	0.003676393
61.02	0.011681745
61.04	0.017149604
61.06	0.009450535
61.08	0.014780387
61.1	0.016233119
61.12	0.028031307
61.14	0.023538077
61.16	0.032838324
61.18	0.040481012
61.2	0.037256423
61.22	0.01887347
61.24	0.022777105
61.26	0.026723266
61.28	0.03193626
61.3	0.025925443
61.32	0.029163894
61.34	0.031139933
61.36	0.023692174
61.38	0.022138454
61.4	0.02671198
61.42	0.029111294
61.44	0.033997103
61.46	0.032006607
61.48	0.03719836
61.5	0.037112717
61.52	0.046770169
61.54	0.03165031
61.56	0.026271705
61.58	0.018431912
61.6	0.007907367
61.62	-0.001484049
61.64	0.001471776
61.66	-0.005368114
61.68	-0.01701193
61.7	-0.017880401
61.72	-0.025450252
61.74	-0.029496246
61.76	-0.029355365
61.78	-0.028728881
61.8	-0.031223942
61.82	-0.022664562
61.84	-0.023822261
61.86	-0.025796144
61.88	-0.026728116
61.9	-0.030799081
61.92	-0.029719838
61.94	-0.004119745
61.96	0.007552969
61.98	-0.001760517
62	0.024960176
62.02	0.018605981
62.04	0.032348506
62.06	0.050816103
62.08	0.05275009
62.1	0.050466708
62.12	0.03845514
62.14	0.043058925
62.16	0.038122493
62.18	0.043360538
62.2	0.037705899
62.22	0.0360561
62.24	0.029530364
62.26	-0.017010751
62.28	-0.009899854
62.3	-0.007963944
62.32	-0.007527763
62.34	-0.014579073
62.36	-0.057138487
62.38	-0.040553591
62.4	-0.043308486
62.42	-0.048974662
62.44	-0.062509218
62.46	-0.052422736
62.48	-0.05362406
62.5	-0.052465841
62.52	-0.041341862
62.54	-0.037290836
62.56	-0.039828073
62.58	0.026903043
62.6	0.009467802
62.62	-0.000459112
62.64	0.017312056
62.66	0.012753978
62.68	0.045514861
62.7	0.048326573
62.72	0.028029458
62.74	0.026352593
62.76	0.032118645
62.78	0.038444885
62.8	0.035172235
62.82	0.035818821
62.84	0.027117634
62.86	0.028640088
62.88	0.045388481
62.9	0.047435244
62.92	0.039741878
62.94	-0.002949262
62.96	-0.001906121
62.98	-0.002411131
63	0.008784239
63.02	0.00793138
63.04	-0.008033065
63.06	-0.020115549
63.08	-0.003765626
63.1	0.000756934
63.12	-0.001562471
63.14	-0.008374983
63.16	0.001918176
63.18	0.011377772
63.2	0.000100802
63.22	-0.01156812
63.24	-0.023050442
63.26	-0.014228029
63.28	-0.004354572
63.3	-0.008755426
63.32	-0.027486559
63.34	-0.027105441
63.36	0.018460283
63.38	0.001496589
63.4	0.021273636
63.42	0.023616843
63.44	0.025167621
63.46	0.056337094
63.48	0.035275249
63.5	0.041194641
63.52	0.013404889
63.54	0.003205041
63.56	0.010604723
63.58	-0.001557617
63.6	-0.02515629
63.62	-0.023959222
63.64	-0.038358987
63.66	-0.033862204
63.68	-0.042386626
63.7	-0.042045444
63.72	-0.042980862
63.74	-0.037458239
63.76	-0.038082881
63.78	-0.044680515
63.8	-0.04353545
63.82	-0.042263501
63.84	-0.045826523
63.86	-0.049337417
63.88	-0.03795249
63.9	-0.041719108
63.92	-0.045045498
63.94	-0.056108911
63.96	-0.058689273
63.98	-0.074358846
64	-0.089859711
64.02	-0.09509794
64.04	-0.095171522
64.06	-0.089755873
64.08	-0.082380307
64.1	0.01700821
64.12	-0.015814759
64.14	-0.035615139
64.16	-0.04914016
64.18	-0.043370814
64.2	-0.004714795
64.22	0.007409976
64.24	0.02573496
64.26	0.012648952
64.28	0.016228287
64.3	0.028486015
64.32	0.0180919
64.34	0.027525188
64.36	0.021578344
64.38	0.026713849
64.4	-0.024285394
64.42	-0.022526173
64.44	-0.028008848
64.46	-0.022399812
64.48	-0.041765713
64.5	-0.042171771
64.52	-0.049427645
64.54	-0.033923378
64.56	-0.028438867
64.58	-0.022846267
64.6	-0.008533294
64.62	-0.000964505
64.64	-0.010897607
64.66	0.002687502
64.68	0.008213569
64.7	0.013861123
64.72	0.020271905
64.74	0.009020942
64.76	-0.016945838
64.78	-0.01129752
64.8	-0.003073122
64.82	0.002339457
64.84	-0.034094107
64.86	-0.008177837
64.88	-0.011092376
64.9	0.001277862
64.92	0.00605831
64.94	-5.70969E-05
64.96	-0.006929186
64.98	0.003724125
65	0.013890045
65.02	0.016799532
65.04	0.020955765
65.06	0.015337252
65.08	-0.01687871
65.1	-0.02250061
65.12	-0.014522719
65.14	-0.01610595
65.16	-0.030550727
65.18	-0.043624578
65.2	-0.053820733
65.22	-0.055863977
65.24	-0.04370518
65.26	-0.036918881
65.28	-0.053687942
65.3	-0.028918082
65.32	-0.010839001
65.34	0.003234026
65.36	0.000891041
65.38	0.003692301
65.4	0.017843568
65.42	0.027582753
65.44	0.043357599
65.46	0.031135979
65.48	0.037101799
65.5	0.038288047
65.52	0.036659594
65.54	0.033489027
65.56	0.015025945
65.58	0.020750973
65.6	0.017774861
65.62	0.023587555
65.64	0.020948386
65.66	0.019770006
65.68	0.019521615
65.7	0.029771915
65.72	0.045056425
65.74	0.012810992
65.76	0.004195498
65.78	-0.004346432
65.8	-0.011617929
65.82	-0.007016167
65.84	-0.004398513
65.86	-0.050408056
65.88	-0.044846364
65.9	-0.056067704
65.92	-0.058216119
65.94	-0.047402295
65.96	-0.034715193
65.98	0.004807355
66	-0.011363565
66.02	0.003892917
66.04	0.00728344
66.06	0.03151556
66.08	0.03440084
66.1	0.049172444
66.12	0.049383825
66.14	0.045621284
66.16	0.051064431
66.18	0.054384286
66.2	0.047054623
66.22	-0.002146608
66.24	0.009099462
66.26	0.000894245
66.28	0.004378806
66.3	-0.023116153
66.32	-0.021343796
66.34	-0.02069828
66.36	-0.018092546
66.38	-0.012471344
66.4	0.000278861
66.42	0.001666326
66.44	0.017500716
66.46	0.026898397
66.48	0.03087943
66.5	0.034378711
66.52	0.034195543
66.54	0.041562297
66.56	0.047596551
66.58	0.044940456
66.6	0.032774276
66.62	0.025605636
66.64	0.032949563
66.66	0.030479949
66.68	0.0345261
66.7	0.033508523
66.72	0.028601416
66.74	0.032855199
66.76	0.040866653
66.78	0.056380896
66.8	0.056414406
66.82	0.045824758
66.84	0.036230912
66.86	0.03687158
66.88	0.040740129
66.9	0.054297668
66.92	0.059997613
66.94	0.049098677
66.96	0.042411416
66.98	0.054177966
67	0.029076801
67.02	0.029222888
67.04	0.035306925
67.06	0.029881258
67.08	0.0075111
67.1	-0.001905139
67.12	0.000449569
67.14	-0.000377427
67.16	0.001446301
67.18	-0.010780229
67.2	0.008454355
67.22	0.003933486
67.24	0.00292288
67.26	0.002545449
67.28	0.008395764
67.3	-0.003343045
67.32	0.011851139
67.34	0.00910288
67.36	0.006267988
67.38	0.015519677
67.4	0.018289472
67.42	0.010754439
67.44	0.023287744
67.46	0.009185979
67.48	0.016217396
67.5	0.011405159
67.52	0.003896881
67.54	0.003232099
67.56	-0.001662246
67.58	0.000105507
67.6	0.005293211
67.62	-0.006277866
67.64	-0.014375483
67.66	-0.017759756
67.68	-0.025022215
67.7	-0.034149726
67.72	-0.031215119
67.74	-0.029614409
67.76	-0.032747443
67.78	-0.026383582
67.8	-0.025917601
67.82	-0.023354744
67.84	-0.030298693
67.86	-0.037675947
67.88	-0.034788818
67.9	-0.030478196
67.92	-0.005069865
67.94	0.012180102
67.96	0.030583216
67.98	0.012899212
68	0.023990992
68.02	0.057201927
68.04	0.055246982
68.06	0.074212334
68.08	0.064980024
68.1	0.063187923
68.12	0.067397716
68.14	-0.02382266
68.16	0.003567324
68.18	-0.004399541
68.2	-0.001693698
68.22	-0.0110493
68.24	-0.047612806
68.26	-0.034708464
68.28	-0.063598045
68.3	-0.053448376
68.32	-0.054430614
68.34	-0.057448556
68.36	-0.053551704
68.38	-0.027708337
68.4	-0.02050006
68.42	-0.007572329
68.44	0.014432572
68.46	0.013125662
68.48	0.029378195
68.5	0.025069464
68.52	0.034095024
68.54	0.041772889
68.56	0.039071668
68.58	0.039463256
68.6	0.038379243
68.62	0.03318414
68.64	0.030640772
68.66	0.032823345
68.68	0.028092467
68.7	-0.029808428
68.72	-0.00984497
68.74	-0.013679785
68.76	-0.007644788
68.78	-0.00971276
68.8	-0.026690239
68.82	-0.037533493
68.84	-0.028972643
68.86	-0.032168619
68.88	-0.034498183
68.9	-0.035299807
68.92	-0.040731892
68.94	-0.036703785
68.96	-0.028232967
68.98	-0.029179562
69	-0.026297513
69.02	-0.030349988
69.04	-0.036413315
69.06	-0.025284014
69.08	-0.0232214
69.1	-0.021113407
69.12	-0.02540739
69.14	-0.033269471
69.16	-0.03637347
69.18	-0.011754425
69.2	-0.010455442
69.22	-0.008168994
69.24	-0.00545083
69.26	0.003423154
69.28	0.022136521
69.3	0.019879787
69.32	0.014608308
69.34	0.012121705
69.36	0.012584106
69.38	0.003996505
69.4	0.004270531
69.42	0.008516882
69.44	0.015680027
69.46	0.016929415
69.48	0.014553719
69.5	0.015288233
69.52	0.017628282
69.54	0.013910103
69.56	-0.033507155
69.58	-0.01459015
69.6	-0.01246139
69.62	-0.008153837
69.64	-0.012436158
69.66	-0.05001969
69.68	-0.041432778
69.7	-0.032085574
69.72	-0.033452934
69.74	-0.03381364
69.76	-0.025318822
69.78	-0.022065872
69.8	-0.014836378
69.82	-0.008556637
69.84	0.010484583
69.86	0.009503901
69.88	0.017248402
69.9	0.020325878
69.92	0.025323334
69.94	0.023808706
69.96	0.027011639
69.98	0.031670678
70	0.02750922
70.02	0.021623464
70.04	0.021611381
70.06	0.023069151
70.08	0.019694079
70.1	0.025918017
70.12	0.026422707
70.14	0.030792717
70.16	-0.043194229
70.18	-0.026071522
70.2	-0.015967353
70.22	-0.002924591
70.24	-0.014473644
70.26	-0.050522218
70.28	-0.03687887
70.3	-0.040761768
70.32	-0.045153685
70.34	-0.037092192
70.36	-0.019363348
70.38	0.019445761
70.4	0.008512596
70.42	0.001202399
70.44	0.009170259
70.46	0.016592789
70.48	0.030542857
70.5	0.043720482
70.52	0.029021797
70.54	0.036707883
70.56	0.026766773
70.58	0.022170416
70.6	0.019086072
70.62	0.017077581
70.64	0.0157458
70.66	0.014269467
70.68	0.020783863
70.7	0.014178598
70.72	0.013343822
70.74	0.019002616
70.76	0.016559651
70.78	0.0217492
70.8	0.01704799
70.82	0.023846313
70.84	0.025618336
70.86	0.026598381
70.88	0.025605158
70.9	0.029959867
70.92	0.037246192
70.94	0.030896858
70.96	0.036722135
70.98	0.034306903
71	0.023632057
71.02	0.023159929
71.04	-0.001832389
71.06	-0.002410932
71.08	0.006781157
71.1	-0.008279744
71.12	-0.029286558
71.14	-0.031991809
71.16	-0.02580378
71.18	-0.022942149
71.2	-0.031186323
71.22	-0.029705586
71.24	-0.032187302
71.26	-0.03097699
71.28	-0.02821565
71.3	-0.022130227
71.32	-0.017893992
71.34	-0.000741649
71.36	-0.011054898
71.38	-0.013603893
71.4	-0.014691072
71.42	-0.01472507
71.44	-0.012983353
71.46	-0.006358228
71.48	-0.006389139
71.5	-0.003620336
71.52	-0.009012929
71.54	-0.012690403
71.56	-0.013489979
71.58	0.006044481
71.6	-0.006471677
71.62	-0.00646883
71.64	-0.007275054
71.66	-0.017676764
71.68	-0.014674982
71.7	-0.021248017
71.72	-0.020620441
71.74	-0.023845767
71.76	-0.032049275
71.78	-0.041686506
71.8	-0.05030217
71.82	-0.049845887
71.84	-0.048993833
71.86	-0.057324965
71.88	-0.051597432
71.9	-0.023784597
71.92	-0.016393114
71.94	-0.020089019
71.96	-0.01334039
71.98	-0.014584091
72	0.000880477
72.02	0.000279481
72.04	0.010753641
72.06	0.011791375
72.08	0.00314519
72.1	0.009077958
72.12	0.01039113
72.14	0.001047571
72.16	0.007450447
72.18	0.001153447
72.2	-0.002344353
72.22	0.002844689
72.24	0.000347829
72.26	0.00546449
72.28	0.006759509
72.3	0.010653047
72.32	0.011280365
72.34	-0.016126616
72.36	-0.013225732
72.38	-0.005655197
72.4	-0.006633674
72.42	-0.007235595
72.44	-0.034395113
72.46	-0.017861829
72.48	-0.025088024
72.5	-0.032898039
72.52	-0.035032025
72.54	-0.034526902
72.56	-0.029239255
72.58	-0.034002728
72.6	-0.032601435
72.62	-0.026671105
72.64	-0.022815709
72.66	0.00613098
72.68	0.001691225
72.7	0.001419304
72.72	0.001465988
72.74	0.019611178
72.76	0.005153739
72.78	0.006119274
72.8	-0.011521506
72.82	-0.018368703
72.84	-0.014013604
72.86	-0.0201482
72.88	-0.013968307
72.9	-0.02296531
72.92	-0.030849943
72.94	-0.029249967
72.96	-0.003239477
72.98	-0.004232387
73	-0.014362236
73.02	-0.027757727
73.04	-0.009677615
73.06	-0.022432769
73.08	-0.018787555
73.1	-0.033800304
73.12	-0.038102127
73.14	-0.028209996
73.16	-0.040882854
73.18	-0.039546718
73.2	-0.020572703
73.22	-0.001642816
73.24	-0.006352154
73.26	0.002136974
73.28	0.008110153
73.3	0.023742245
73.32	0.025597505
73.34	0.02694201
73.36	0.028471364
73.38	0.030778159
73.4	0.021612468
73.42	0.019542571
73.44	0.023888636
73.46	0.02522609
73.48	0.014164337
73.5	0.019095923
73.52	0.012465127
73.54	0.016129752
73.56	0.009842263
73.58	0.016325352
73.6	0.016113881
73.62	0.006296511
73.64	-0.022951083
73.66	-0.007940681
73.68	-0.009908357
73.7	-0.008705696
73.72	-0.007610359
73.74	-0.025456262
73.76	-0.022705057
73.78	0.016554788
73.8	0.007914927
73.82	0.018934433
73.84	0.00973144
73.86	0.022114699
73.88	0.024099812
73.9	0.025126256
73.92	0.018129571
73.94	0.013352594
73.96	0.009006988
73.98	0.013487665
74	0.008206283
74.02	-0.005990527
74.04	-0.005163265
74.06	-0.007029984
74.08	-0.000822568
74.1	0.00760641
74.12	-0.001789386
74.14	-0.004339239
74.16	-0.000491375
74.18	0.003788131
74.2	-0.001241071
74.22	-0.002099705
74.24	-0.00691604
74.26	0.000961372
74.28	0.001846526
74.3	0.002036834
74.32	-0.001217687
74.34	0.003283508
74.36	0.022570013
74.38	0.024510717
74.4	0.025653723
74.42	0.020114132
74.44	0.026214137
74.46	0.027544215
74.48	0.02761748
74.5	0.022515685
74.52	0.016868631
74.54	0.018196531
74.56	0.021505952
74.58	0.01901937
74.6	0.016846187
74.62	0.013588859
74.64	0.008713297
74.66	0.020377164
74.68	0.022963184
74.7	0.032782723
74.72	0.031145191
74.74	0.033793714
74.76	0.030384659
74.78	0.027854281
74.8	0.024457731
74.82	0.024659114
74.84	0.017047952
74.86	0.017686113
74.88	-0.000862484
74.9	0.001481824
74.92	-0.000946226
74.94	-0.02315266
74.96	-0.003025202
74.98	-0.002500997
75	0.009452946
75.02	0.004896047
75.04	0.00943903
75.06	0.013319311
75.08	0.018571965
75.1	0.006451315
75.12	0.006961396
75.14	0.009740959
75.16	0.011709929
75.18	0.010818264
75.2	0.008170706
75.22	0.010870203
75.24	0.001440074
75.26	0.000672525
75.28	0.006188696
75.3	0.01554114
75.32	0.015426437
75.34	0.006249387
75.36	0.006916204
75.38	0.005398028
75.4	0.008167768
75.42	-0.001014786
75.44	-0.011857005
75.46	-0.01026031
75.48	-0.017686743
75.5	-0.02425894
75.52	-0.025119783
75.54	-0.025091991
75.56	-0.028884156
75.58	-0.01652058
75.6	-0.01606324
75.62	-0.008615873
75.64	-0.015208364
75.66	-0.019323023
75.68	-0.016264357
75.7	-0.008966304
75.72	0.006459982
75.74	0.011600583
75.76	0.005904847
75.78	0.014206019
75.8	0.018719826
75.82	0.03406372
75.84	0.028273233
75.86	0.022223717
75.88	0.026937897
75.9	0.028179864
75.92	0.026784887
75.94	0.020321963
75.96	0.017610428
75.98	0.014113359
76	0.016919735
76.02	0.016733562
76.04	0.014998455
76.06	0.014159311
76.08	0.017584055
76.1	0.020503461
76.12	0.026707718
76.14	0.026647029
76.16	0.022378394
76.18	-0.021302705
76.2	-0.017772156
76.22	-0.000142577
76.24	0.003720089
76.26	-0.000507511
76.28	-0.029988118
76.3	-0.02387731
76.32	-0.005236538
76.34	-0.013644694
76.36	-0.014418315
76.38	-0.011727734
76.4	-0.008731435
76.42	0.036055664
76.44	0.024821126
76.46	0.01807872
76.48	0.005577827
76.5	-0.002863667
76.52	0.012565628
76.54	0.002483427
76.56	0.008795045
76.58	0.036748697
76.6	0.021448298
76.62	0.018988117
76.64	0.018340703
76.66	0.019476506
76.68	0.037868569
76.7	0.01406373
76.72	-0.003428511
76.74	-0.006894582
76.76	-0.00645613
76.78	-0.005030197
76.8	-0.031405932
76.82	-0.023908434
76.84	-0.033248835
76.86	-0.027646559
76.88	-0.032020739
76.9	-0.049386986
76.92	-0.037044288
76.94	-0.034959539
76.96	-0.030889816
76.98	-0.027939037
77	-0.031542604
77.02	-0.030434827
77.04	-0.036924193
77.06	-0.035678814
77.08	-0.03442421
77.1	-0.030811506
77.12	-0.013988382
77.14	-0.010842682
77.16	-0.004664066
77.18	-0.005296222
77.2	0.005559478
77.22	0.021770208
77.24	0.036499827
77.26	0.027442007
77.28	0.019341759
77.3	0.028399534
77.32	0.037755968
77.34	0.029443331
77.36	0.019543601
77.38	0.015919941
77.4	0.008223418
77.42	0.008144377
77.44	0.004176327
77.46	0.002572235
77.48	-0.006822047
77.5	-0.013487577
77.52	-0.015576148
77.54	-0.019783313
77.56	-0.026538548
77.58	-0.033250979
77.6	-0.03097614
77.62	-0.036181389
77.64	-0.043794092
77.66	-0.041569343
77.68	-0.030622409
77.7	-0.006447293
77.72	-0.013088982
77.74	-0.007971865
77.76	-0.011843786
77.78	-0.003998035
77.8	0.000297064
77.82	0.000163598
77.84	0.012966428
77.86	0.013549368
77.88	0.013396069
77.9	0.01524911
77.92	0.015308403
77.94	0.016471548
77.96	0.009386378
77.98	0.008296411
78	0.011042767
78.02	0.008709376
78.04	0.006872012
78.06	0.00626725
78.08	0.007898701
78.1	0.00655015
78.12	0.00531122
78.14	-0.014205402
78.16	-0.011980384
78.18	-0.019521356
78.2	-0.021812668
78.22	-0.024566811
78.24	-0.040951303
78.26	-0.035025068
78.28	-0.034652448
78.3	-0.037238515
78.32	-0.044742701
78.34	-0.04528415
78.36	-0.041280316
78.38	-0.037950256
78.4	-0.032699867
78.42	0.007970111
78.44	-0.004000674
78.46	0.001595288
78.48	0.007481001
78.5	0.010342347
78.52	0.054789791
78.54	0.030975807
78.56	0.036588317
78.58	0.040183932
78.6	0.042273535
78.62	0.033434094
78.64	0.030751208
78.66	0.023489176
78.68	0.023436921
78.7	0.018912173
78.72	0.014288977
78.74	0.011050582
78.76	0.003425126
78.78	-0.003547423
78.8	-0.004020174
78.82	-0.003372645
78.84	-0.006241862
78.86	-0.010540628
78.88	-0.020183127
78.9	-0.021279109
78.92	-0.020262369
78.94	-0.023747237
78.96	-0.034927299
78.98	-0.032117598
79	-0.019468151
79.02	-0.016008752
79.04	-0.00599575
79.06	0.007194382
79.08	0.008815928
79.1	0.016704382
79.12	0.020276199
79.14	0.029354798
79.16	0.018383833
79.18	0.020957016
79.2	0.014796575
79.22	0.003039134
79.24	0.003688925
79.26	0.004145212
79.28	0.000191235
79.3	-0.008954718
79.32	-0.017037077
79.34	-0.02216375
79.36	-0.010639794
79.38	-0.011537803
79.4	-0.00045218
79.42	-0.010922006
79.44	-0.018491163
79.46	-0.008640966
79.48	-0.010884283
79.5	-0.013774134
79.52	-0.016457777
79.54	-0.019426837
79.56	0.014200123
79.58	0.0080171
79.6	0.009005071
79.62	0.006248409
79.64	0.017140186
79.66	0.026750551
79.68	0.023383934
79.7	0.009710963
79.72	0.017049847
79.74	0.013441972
79.76	0.012486575
79.78	0.013067923
79.8	-0.0103937
79.82	-0.007011502
79.84	-0.010923231
79.86	-0.003414602
79.88	-0.00439231
79.9	0.003632164
79.92	0.003781638
79.94	0.010782049
79.96	0.01412049
79.98	0.015261083
80	0.02464852
80.02	0.028114198
80.04	0.028508429
80.06	0.034689028
80.08	0.034657551
80.1	0.037650256
80.12	0.026081348
80.14	0.014944008
80.16	0.013530867
80.18	0.015100259
80.2	0.014943917
80.22	-0.011917041
80.24	0.003341867
80.26	0.011818618
80.28	0.009830163
80.3	0.004726385
80.32	0.001611233
80.34	0.001735056
80.36	0.003157179
80.38	-0.000823401
80.4	0.000720646
80.42	0.003193508
80.44	0.001282601
80.46	0.003401169
80.48	0.025099269
80.5	0.018862821
80.52	0.015609458
80.54	0.015045448
80.56	0.029235778
80.58	0.010585635
80.6	0.012638458
80.62	0.007532438
80.64	0.00220221
80.66	-0.001322681
80.68	-0.006462567
80.7	-0.011651564
80.72	-0.01552944
80.74	-0.023600237
80.76	-0.029655692
80.78	-0.026097333
80.8	-0.027640606
80.82	-0.026242135
80.84	-0.026309525
80.86	-0.028424563
80.88	0.009798507
80.9	-0.002737537
80.92	-0.018454077
80.94	-0.014861858
80.96	-0.008583397
80.98	0.012529782
81	0.029418582
81.02	0.013707679
81.04	0.021328351
81.06	0.022476852
81.08	0.036621328
81.1	0.032875889
81.12	0.02146666
81.14	0.005585328
81.16	0.006534826
81.18	0.007772611
81.2	-0.003051366
81.22	-0.018791008
81.24	-0.023374631
81.26	-0.019566143
81.28	-0.023706735
81.3	-0.037134256
81.32	-0.039894178
81.34	-0.034183887
81.36	-0.033458037
81.38	-0.024770467
81.4	-0.02960378
81.42	-0.015424694
81.44	-0.000164424
81.46	-0.001265221
81.48	0.000167496
81.5	0.000485423
81.52	0.006213728
81.54	0.010069634
81.56	0.007385942
81.58	0.014429019
81.6	0.015589069
81.62	0.018159894
81.64	0.018636869
81.66	0.015242578
81.68	0.013847917
81.7	-0.001788335
81.72	0.000703169
81.74	-0.002615537
81.76	-0.01514208
81.78	-0.019725784
81.8	-0.025807201
81.82	-0.018699826
81.84	-0.024601087
81.86	-0.030125191
81.88	-0.028747746
81.9	-0.024181284
81.92	-0.006549508
81.94	-0.006208689
81.96	-0.004811392
81.98	-0.002546312
82	0.008183093
82.02	0.006817262
82.04	0.010815462
82.06	0.006001826
82.08	0.006246799
82.1	0.007514672
82.12	-0.000740324
82.14	-0.010012151
82.16	-0.021344613
82.18	-0.015984733
82.2	-0.021126853
82.22	-0.026666357
82.24	-0.027432379
82.26	-0.023504616
82.28	-0.009639959
82.3	-0.011824759
82.32	-0.017529066
82.34	-0.013097668
82.36	0.008914772
82.38	0.010789206
82.4	0.00949852
82.42	0.010067106
82.44	0.023746221
82.46	0.025723471
82.48	0.022663852
82.5	0.019996468
82.52	0.020541323
82.54	0.019749508
82.56	0.017998972
82.58	0.01514877
82.6	0.014248698
82.62	0.011597022
82.64	0.011052062
82.66	-0.004903806
82.68	-0.004398861
82.7	-0.007495334
82.72	-0.01256338
82.74	-0.013207976
82.76	-0.032602121
82.78	-0.029549451
82.8	-0.023373192
82.82	-0.031062001
82.84	-0.031538692
82.86	-0.031814863
82.88	-0.02685854
82.9	-0.023204333
82.92	-0.018077232
82.94	-0.014606597
82.96	-0.007735251
82.98	-0.002023049
83	0.009652043
83.02	0.020046658
83.04	0.025481433
83.06	0.022884679
83.08	0.020680936
83.1	0.022899955
83.12	0.017101449
83.14	0.009835489
83.16	0.000788948
83.18	-0.00967639
83.2	-0.009454118
83.22	-0.014689593
83.24	-0.018407346
83.26	-0.026064311
83.28	-0.020535176
83.3	-0.000508923
83.32	-0.001196744
83.34	-0.00407338
83.36	0.002228717
83.38	0.008068462
83.4	0.016953456
83.42	0.00913029
83.44	-0.000151443
83.46	-0.002172394
83.48	-0.003516246
83.5	-0.004765268
83.52	-0.014508049
83.54	-0.002314969
83.56	0.001212275
83.58	-0.000194094
83.6	0.00227282
83.62	0.009104414
83.64	0.007453069
83.66	0.00978099
83.68	0.013895031
83.7	0.014316741
83.72	0.008487165
83.74	0.005136724
83.76	-0.003174366
83.78	0.000886898
83.8	-0.006956794
83.82	-0.00561014
83.84	0.004691047
83.86	0.015764779
83.88	0.014495017
83.9	0.013804945
83.92	0.013288996
83.94	0.024984683
83.96	0.031277236
83.98	0.030651366
84	0.033870512
84.02	0.036644531
84.04	0.036459824
84.06	0.035148563
84.08	0.037983087
84.1	0.022711646
84.12	0.011347356
84.14	0.020986097
84.16	0.002589291
84.18	-0.007381472
84.2	-0.019730652
84.22	-0.014847724
84.24	-0.023164749
84.26	-0.027304728
84.28	-0.017407579
84.3	-0.014622096
84.32	-0.023490377
84.34	-0.007480272
84.36	0.000989826
84.38	0.002497214
84.4	0.004829756
84.42	0.015801189
84.44	0.021237595
84.46	0.030993295
84.48	0.034043959
84.5	0.029532438
84.52	0.032812163
84.54	0.037789693
84.56	0.034314779
84.58	0.032146092
84.6	0.026047185
84.62	0.023310906
84.64	0.004620511
84.66	-0.004449208
84.68	-0.008569001
84.7	-0.008731723
84.72	-0.018112524
84.74	-0.026150744
84.76	-0.029696627
84.78	-0.018891458
84.8	-0.018831486
84.82	-0.009088265
84.84	-0.010914397
84.86	-0.011749203
84.88	-0.007142823
84.9	-0.016799214
84.92	-0.010957421
84.94	-0.004372943
84.96	-0.009877942
84.98	-0.021188636
85	-0.019059415
85.02	-0.019505308
85.04	-0.004407017
85.06	-0.002675467
85.08	-0.003193408
85.1	-0.004951708
85.12	0.011059832
85.14	0.017885006
85.16	0.025450897
85.18	0.019011225
85.2	0.009562298
85.22	-0.015967979
85.24	-0.004072575
85.26	-0.015606986
85.28	-0.022310448
85.3	-0.036282258
85.32	-0.031088616
85.34	-0.027864041
85.36	-0.014956192
85.38	-0.016001975
85.4	-0.001703135
85.42	0.004446728
85.44	0.008764468
85.46	0.009432254
85.48	-0.001203608
85.5	-0.000456103
85.52	-0.005014696
85.54	-0.004087233
85.56	-0.017656764
85.58	-0.025474521
85.6	-0.024025498
85.62	-0.017554288
85.64	-0.020281321
85.66	-0.032255156
85.68	-0.0256337
85.7	-0.014957252
85.72	-0.021544776
85.74	-0.02099073
85.76	0.003544411
85.78	-0.008532284
85.8	-0.00323304
85.82	-0.001498341
85.84	0.010732912
85.86	0.018572923
85.88	0.01276901
85.9	0.008878502
85.92	0.003743072
85.94	0.008501568
85.96	0.006917063
85.98	0.004852737
86	0.005078723
86.02	-0.001369849
86.04	-0.000468983
86.06	9.79102E-05
86.08	0.004201812
86.1	0.000727481
86.12	-0.034829693
86.14	-0.016369467
86.16	-0.016516257
86.18	-0.01197868
86.2	-0.019882362
86.22	-0.026679575
86.24	-0.031537028
86.26	-0.020458406
86.28	-0.021795144
86.3	-0.019268813
86.32	-0.022038961
86.34	-0.020178478
86.36	0.010500444
86.38	0.005833051
86.4	0.010778444
86.42	0.010006422
86.44	0.025099942
86.46	0.015528152
86.48	0.018516023
86.5	0.01057948
86.52	-0.002280665
86.54	0.001033731
86.56	-0.001592628
86.58	-0.005447614
86.6	-0.006473763
86.62	-0.003236365
86.64	-0.006377682
86.66	-0.019168818
86.68	-0.024852565
86.7	-0.022364351
86.72	-0.020823373
86.74	-0.025994444
86.76	-0.036833203
86.78	-0.025917532
86.8	-0.019733596
86.82	-0.013833931
86.84	-0.008467943
86.86	-0.003728479
86.88	-0.001922324
86.9	0.006253014
86.92	0.017291795
86.94	0.019653582
86.96	0.021777196
86.98	0.020416709
87	0.024567804
87.02	0.022114358
87.04	0.017954773
87.06	-0.006799038
87.08	-0.000923267
87.1	-2.05679E-06
87.12	-0.002477803
87.14	-0.00817424
87.16	-0.01633122
87.18	-0.015105726
87.2	-0.013623067
87.22	-0.018377033
87.24	-0.022062957
87.26	-0.012707237
87.28	-0.002048542
87.3	0.003159419
87.32	0.005618396
87.34	0.006335879
87.36	0.013558447
87.38	0.014960712
87.4	0.013046751
87.42	0.013409258
87.44	0.012842771
87.46	0.013265192
87.48	0.01326803
87.5	0.018279931
87.52	0.014550775
87.54	0.015757803
87.56	0.022309422
87.58	0.021674212
87.6	0.026808486
87.62	0.025019132
87.64	0.023239619
87.66	0.017401319
87.68	0.0219784
87.7	0.010452483
87.72	0.000718058
87.74	0.003210626
87.76	-0.010505793
87.78	-0.001745709
87.8	0.006371068
87.82	0.012230551
87.84	0.014676448
87.86	0.013540847
87.88	0.018514939
87.9	0.022438026
87.92	0.023009202
87.94	0.016705147
87.96	0.017007902
87.98	0.01124554
88	0.015220002
88.02	0.012825099
88.04	0.006507756
88.06	0.008085984
88.08	0.008262604
88.1	0.005483146
88.12	0.003864569
88.14	0.003027462
88.16	-0.002653717
88.18	-0.00657814
88.2	-0.007903343
88.22	-0.00617385
88.24	-0.000416399
88.26	0.01288686
88.28	-0.000877004
88.3	0.001766084
88.32	0.010386845
88.34	0.023384214
88.36	0.027299916
88.38	0.033273987
88.4	0.029745607
88.42	0.037160907
88.44	0.033047709
88.46	0.029003791
88.48	0.025538615
88.5	0.026538917
88.52	0.02400373
88.54	0.015128636
88.56	0.018340364
88.58	0.018791104
88.6	0.022119959
88.62	0.021594084
88.64	0.015534331
88.66	-0.001061374
88.68	0.002151456
88.7	0.004327709
88.72	0.00069563
88.74	-0.022843115
88.76	-0.011991232
88.78	-0.016185986
88.8	-0.007511711
88.82	-0.003654168
88.84	-0.004426728
88.86	0.020200921
88.88	0.018626459
88.9	0.020506899
88.92	0.019260338
88.94	0.023606009
88.96	0.034335483
88.98	0.03186989
89	0.024044412
89.02	0.018886021
89.04	0.012157072
89.06	0.003608823
89.08	0.00090911
89.1	-0.004263205
89.12	-0.009083321
89.14	-0.010373783
89.16	-0.010889598
89.18	-0.015747642
89.2	-0.016074657
89.22	-0.011533187
89.24	-0.011330079
89.26	-0.011167643
89.28	-0.0168161
89.3	-0.014523178
89.32	-0.021886636
89.34	-0.017422816
89.36	-0.020314894
89.38	-0.016763353
89.4	-0.014058404
89.42	-0.013307902
89.44	-0.010426001
89.46	-0.004342507
89.48	-0.008291547
89.5	-0.007879634
89.52	-0.00123487
89.54	0.002922652
89.56	0.001500533
89.58	-0.006115758
89.6	-0.005699299
89.62	0.000698595
89.64	0.007525875
89.66	0.007626864
89.68	0.009348871
89.7	0.008837831
89.72	0.012210153
89.74	0.016859164
89.76	0.01615395
89.78	0.018134239
89.8	0.017193435
89.82	0.020077611
89.84	0.016462684
89.86	0.010960104
89.88	-0.003470342
89.9	-0.000766328
89.92	0.00254407
89.94	0.010046303
89.96	0.00627381
89.98	0.003417113
90	0.005332956
90.02	0.00944243
90.04	0.013884025
90.06	-0.003273831
90.08	-0.001440137
90.1	-0.005726231
90.12	-0.012148339
90.14	-0.015136795
90.16	-0.032655466
90.18	-0.017351191
90.2	-0.0352177
90.22	-0.022325187
90.24	-0.020283514
90.26	-0.020887217
90.28	0.000692199
90.3	0.00429407
90.32	0.004644094
90.34	0.005030366
90.36	0.024314783
90.38	0.015072539
90.4	0.025078619
90.42	0.025288985
90.44	0.018220833
90.46	0.013986374
90.48	0.011533503
90.5	0.002106219
90.52	-0.009994346
90.54	-0.012105452
90.56	-0.014452504
90.58	-0.016887881
90.6	-0.021343854
90.62	-0.019351864
90.64	-0.02207536
90.66	-0.021728684
90.68	-0.028316152
90.7	-0.023793496
90.72	-0.020940463
90.74	-0.030511624
90.76	-0.024662404
90.78	-0.023355906
90.8	-0.02990633
90.82	-0.027552473
90.84	-0.029162146
90.86	-0.030182303
90.88	-0.035271987
90.9	-0.030949171
90.92	0.030449558
90.94	-0.003519251
90.96	-0.000615068
90.98	-0.008528049
91	-0.003102612
91.02	0.023554263
91.04	0.014733679
91.06	-0.004203787
91.08	-0.0068765
91.1	0.001041243
91.12	-0.005142877
91.14	-0.009979017
91.16	-0.016486248
91.18	-0.013048478
91.2	-0.007140564
91.22	-0.012900838
91.24	-0.010799128
91.26	-0.016963901
91.28	-0.021421605
91.3	-0.016076886
91.32	-0.015682573
91.34	-0.003934258
91.36	-0.008577747
91.38	-0.006204974
91.4	-0.01072003
91.42	-0.010423884
91.44	-0.01136557
91.46	-0.009524637
91.48	-0.009445955
91.5	-0.004582108
91.52	-0.006454841
91.54	-0.003046774
91.56	0.001864163
91.58	0.005115465
91.6	0.003039739
91.62	0.004348381
91.64	0.004686611
91.66	0.006780114
91.68	0.007752736
91.7	0.004612564
91.72	0.002345257
91.74	0.00879861
91.76	0.007911632
91.78	0.008106399
91.8	0.00581672
91.82	0.003610672
91.84	0.002357416
91.86	0.012518961
91.88	0.014406959
91.9	0.011475071
91.92	0.006276626
91.94	0.002881909
91.96	-0.010323164
91.98	0.004948115
92	0.005645167
92.02	0.000642252
92.04	-0.017046588
92.06	-0.009234591
92.08	-0.014133576
92.1	-0.014274395
92.12	-0.016056837
92.14	-0.01871112
92.16	-0.019270506
92.18	-0.017411194
92.2	-0.017433257
92.22	-0.018794839
92.24	-0.016890926
92.26	-0.011990182
92.28	0.010974847
92.3	0.010626599
92.32	0.012784138
92.34	0.013560631
92.36	0.019168134
92.38	0.036547472
92.4	0.030773221
92.42	0.020380759
92.44	0.022479571
92.46	0.016400101
92.48	0.021056791
92.5	0.013585493
92.52	0.001653012
92.54	-0.009430414
92.56	-0.007858413
92.58	-0.005470026
92.6	-0.014067811
92.62	-0.013019816
92.64	-0.009064014
92.66	-0.010104879
92.68	-0.009423875
92.7	-0.008041808
92.72	-0.001842889
92.74	0.000496827
92.76	0.003236136
92.78	0.011618786
92.8	0.010091704
92.82	0.014367333
92.84	0.01438614
92.86	0.004296288
92.88	0.009861239
92.9	0.010975448
92.92	0.013510104
92.94	0.012631691
92.96	0.009823457
92.98	0.010127383
93	0.003244631
93.02	-0.00488908
93.04	-0.006039034
93.06	-0.004685339
93.08	-0.007135278
93.1	-0.011334099
93.12	-0.010644959
93.14	-0.014614194
93.16	-0.01922522
93.18	-0.022284623
93.2	-0.0210045
93.22	-0.017981713
93.24	-0.016450649
93.26	-0.015702262
93.28	-0.015788266
93.3	-0.01365314
93.32	-0.009729158
93.34	0.005286951
93.36	0.004941566
93.38	0.00606515
93.4	0.007066128
93.42	0.020143514
93.44	0.017109841
93.46	0.014939929
93.48	0.008134771
93.5	0.005938949
93.52	0.002335134
93.54	0.000338117
93.56	-0.002077696
93.58	-0.004179329
93.6	-0.009695353
93.62	-0.011485295
93.64	-0.008970508
93.66	-0.008102057
93.68	-0.005789694
93.7	-0.006261011
93.72	-0.005864233
93.74	0.000719883
93.76	0.003652449
93.78	0.007586241
93.8	0.011170385
93.82	0.009349676
93.84	0.016082382
93.86	0.021197922
93.88	0.019766477
93.9	0.022898811
93.92	0.024205871
93.94	0.025433057
93.96	0.024932381
93.98	0.025492516
94	0.023128068
94.02	0.018855811
94.04	0.014093049
94.06	0.019579579
94.08	0.019743989
94.1	0.017023306
94.12	-0.002104198
94.14	0.003676318
94.16	0.00347708
94.18	0.005381091
94.2	-0.00741707
94.22	-0.009210323
94.24	-0.012988757
94.26	-0.005688452
94.28	-0.009523167
94.3	-0.009501752
94.32	-0.01013817
94.34	-0.004407413
94.36	-0.004026751
94.38	-0.003070682
94.4	-0.002760646
94.42	-0.00163894
94.44	-0.004024181
94.46	-0.005416259
94.48	-0.008089676
94.5	-0.007709689
94.52	-0.014211187
94.54	-0.014258197
94.56	-0.016234194
94.58	-0.018361856
94.6	-0.02172214
94.62	-0.023181555
94.64	-0.028810749
94.66	-0.02932225
94.68	-0.029165577
94.7	-0.029669131
94.72	-0.027558378
94.74	-0.02443333
94.76	-0.0245371
94.78	-0.02654922
94.8	-0.022947806
94.82	-0.005313698
94.84	-0.002503839
94.86	0.001926669
94.88	-0.001326997
94.9	0.012021001
94.92	0.014506901
94.94	0.011400845
94.96	0.00686163
94.98	0.006477805
95	0.008529506
95.02	0.005148619
95.04	0.003507588
95.06	-0.002095214
95.08	-0.000769703
95.1	0.001102729
95.12	0.001296114
95.14	0.001202416
95.16	0.002347013
95.18	0.003621931
95.2	0.003631516
95.22	0.005249017
95.24	0.006568987
95.26	0.005045637
95.28	0.007303517
95.3	0.00873121
95.32	0.011966394
95.34	0.014328621
95.36	0.014064918
95.38	0.013087689
95.4	-0.010513117
95.42	-0.00468834
95.44	0.003107403
95.46	0.008478527
95.48	0.018797715
95.5	-0.002495819
95.52	-0.00040118
95.54	0.011453936
95.56	0.018832474
95.58	0.01257317
95.6	0.018752762
95.62	0.018242746
95.64	0.016111111
95.66	0.014649561
95.68	0.0070652
95.7	0.003960228
95.72	0.000375903
95.74	-0.003191694
95.76	-0.00929752
95.78	-0.010876343
95.8	-0.008524341
95.82	-0.007295174
95.84	-0.004996563
95.86	8.84394E-05
95.88	0.002125523
95.9	0.003788727
95.92	0.00383274
95.94	0.002289585
95.96	-0.002546533
95.98	-0.005552127
96	-0.006005682
96.02	-0.009633237
96.04	-0.013167263
96.06	-0.014756817
96.08	-0.014664911
96.1	-0.012305711
96.12	-0.012500574
96.14	-0.008599015
96.16	0.004566297
96.18	0.007697176
96.2	0.009571098
96.22	0.011672915
96.24	0.028633338
96.26	0.020768495
96.28	0.024850841
96.3	0.016168361
96.32	0.016519785
96.34	0.010143981
96.36	0.01433093
96.38	0.015310491
96.4	0.017905178
96.42	0.01692037
96.44	0.015713398
96.46	0.013236814
96.48	0.013487469
96.5	0.006410617
96.52	0.011389735
96.54	0.017541235
96.56	0.018292304
96.58	0.017520282
96.6	0.009836314
96.62	0.015275236
96.64	0.006233891
96.66	0.008798575
96.68	0.011390146
96.7	0.012300702
96.72	0.013661847
96.74	0.000195969
96.76	-0.000828339
96.78	0.005905224
96.8	0.004984025
96.82	-0.00055793
96.84	-0.002612744
96.86	-0.004083521
96.88	-0.001393521
96.9	0.000405372
96.92	0.002433432
96.94	0.015901688
96.96	0.016208279
96.98	0.017800645
97	0.018820963
97.02	0.029459806
97.04	0.01525309
97.06	0.01219424
97.08	0.014273023
97.1	0.00289123
97.12	0.002002779
97.14	-0.002240044
97.16	-0.004003418
97.18	-0.010798854
97.2	-0.013570117
97.22	-0.013990682
97.24	-0.017871162
97.26	-0.017376967
97.28	-0.012577503
97.3	-0.004584731
97.32	-0.008190103
97.34	-0.012393415
97.36	-0.014534205
97.38	-0.016277602
97.4	-0.017538665
97.42	-0.015551377
97.44	-0.015279143
97.46	-0.021205634
97.48	-0.023673965
97.5	0.006118607
97.52	-0.001222588
97.54	-0.001923654
97.56	0.003764345
97.58	0.008333572
97.6	0.033814649
97.62	0.01791817
97.64	0.0242418
97.66	0.029192653
97.68	0.029743732
97.7	0.019952282
97.72	0.024227329
97.74	0.024065341
97.76	0.01335445
97.78	0.011655928
97.8	0.019360161
97.82	0.016423321
97.84	0.018261608
97.86	0.017874168
97.88	0.019895251
97.9	-0.028312075
97.92	-0.009008138
97.94	0.001467159
97.96	0.002710837
97.98	0.008562129
98	-0.007751373
98.02	-0.003439835
98.04	0.006603615
98.06	0.007944881
98.08	0.005999805
98.1	0.005498119
98.12	0.008387561
98.14	0.004696945
98.16	-0.000777805
98.18	-0.001091857
98.2	0.005129376
98.22	0.006566723
98.24	0.006923981
98.26	0.003766527
98.28	-0.000556478
98.3	0.001672706
98.32	0.003952515
98.34	0.002427673
98.36	0.007194349
98.38	0.007092358
98.4	0.002804641
98.42	-0.003375316
98.44	-0.005171191
98.46	-0.005973173
98.48	-0.00751023
98.5	-0.008789978
98.52	-0.018119425
98.54	-0.027592048
98.56	-0.025758654
98.58	-0.027964264
98.6	-0.025730956
98.62	-0.025168204
98.64	-0.02666419
98.66	-0.028375112
98.68	-0.00461277
98.7	-0.012934472
98.72	-0.023174152
98.74	-0.016393616
98.76	-0.005400299
98.78	-0.014598757
98.8	-0.023700866
98.82	-0.027500674
98.84	-0.021577949
98.86	-0.018687318
98.88	-0.022272973
98.9	-0.020902957
98.92	0.000832217
98.94	0.000595709
98.96	0.001324778
98.98	0.000986963
99	0.012643457
99.02	0.004387199
99.04	0.016170588
99.06	0.014152192
99.08	0.018012933
99.1	0.00863256
99.12	0.005783865
99.14	-0.011569172
99.16	-0.009386509
99.18	-0.009326896
99.2	-0.003283118
99.22	-0.001201785
99.24	-0.016777539
99.26	-7.75988E-06
99.28	-0.004315857
99.3	0.000973128
99.32	9.3758E-05
99.34	-0.003276835
99.36	-0.010021103
99.38	-0.004192154
99.4	0.001005901
99.42	-0.000389577
99.44	0.001179786
99.46	0.004113912
99.48	0.000816729
99.5	0.005020258
99.52	0.007568792
99.54	0.005178191
99.56	-0.000334333
99.58	0.003151604
99.6	0.01127956
99.62	0.014159203
99.64	0.003999709
99.66	0.008810009
99.68	0.005317255
99.7	-0.000355743
99.72	-0.001582659
99.74	-0.008230928
99.76	-0.010395335
99.78	-0.009767445
99.8	-0.01385911
99.82	-0.01217957
99.84	-0.013373126
99.86	-0.013270874
99.88	-0.008483128
99.9	-0.012651594
99.92	-0.010149222
99.94	-0.008850732
99.96	0.003898525
99.98	0.005570797
100	0.006626695
100.02	0.007852871
100.04	0.007888034
100.06	0.016216019
100.08	0.010795626
100.1	0.007465133
100.12	0.006305104
100.14	-0.004804378
100.16	-0.010815595
100.18	-0.008703684
100.2	-0.011872332
100.22	-0.017897585
100.24	-0.020445608
100.26	-0.015951287
100.28	-0.0187481
100.3	-0.014645931
100.32	-0.011893762
100.34	-0.011504948
100.36	-0.011560039
100.38	-0.012615114
100.4	-0.013710134
100.42	0.005532835
100.44	0.003963941
100.46	0.006510279
100.48	0.005373955
100.5	0.004924051
100.52	0.015539019
100.54	0.006560539
100.56	0.000405688
100.58	-0.001551196
100.6	-0.000620585
100.62	-0.000852199
100.64	-0.001362047
100.66	-0.004802028
100.68	-0.006669044
100.7	-0.011760626
100.72	-0.013533777
100.74	-0.014276119
100.76	-0.011595258
100.78	-0.011566567
100.8	-0.01076018
100.82	-0.013011051
100.84	-0.012593028
100.86	-0.009310735
100.88	-0.005263299
100.9	-0.001474785
100.92	0.000630121
100.94	0.00659608
100.96	0.009212992
100.98	0.01137444
101	0.013151528
101.02	0.013097886
101.04	0.010523595
101.06	0.010503687
101.08	0.009371691
101.1	0.007753783
101.12	0.002112441
101.14	-0.003037135
101.16	-0.011434541
101.18	-0.016438116
101.2	-0.019277259
101.22	-0.026555529
101.24	-0.027441019
101.26	-0.024057378
101.28	-0.026942764
101.3	-0.023879724
101.32	-0.021778409
101.34	0.001681096
101.36	0.010580431
101.38	0.008209652
101.4	0.010080141
101.42	0.015564091
101.44	0.032142715
101.46	0.025519229
101.48	0.014918886
101.5	0.013298535
101.52	0.013706768
101.54	0.015437876
101.56	0.012366622
101.58	0.013863774
101.6	0.01265089
101.62	0.01035314
101.64	0.010297309
101.66	0.015259703
101.68	0.013425862
101.7	0.010127193
101.72	0.012520807
101.74	0.01306203
101.76	0.008222318
101.78	0.002518758
101.8	0.000994224
101.82	-0.000646294
101.84	-0.006140079
101.86	-0.021036022
101.88	-0.017172513
101.9	-0.011633733
101.92	0.011926148
101.94	0.007110032
101.96	0.008912959
101.98	0.014628909
102	0.027070565
102.02	0.028082622
102.04	0.033075548
102.06	0.036090123
102.08	0.032916977
102.1	0.018314911
102.12	0.014220101
102.14	0.002179363
102.16	0.001136577
102.18	-0.006799462
102.2	-0.008913013
102.22	-0.010096787
102.24	-0.012029962
102.26	-0.010461708
102.28	-0.006119576
102.3	-0.008774914
102.32	-0.012464823
102.34	-0.013752246
102.36	-0.015649711
102.38	-0.014026852
102.4	-0.014871752
102.42	-0.012209877
102.44	-0.016091437
102.46	-0.015306813
102.48	-0.016983542
102.5	-0.015142416
102.52	-0.01050231
102.54	-0.007996915
102.56	-0.010543926
102.58	-0.012982179
102.6	-0.015238358
102.62	-0.013658055
102.64	-0.017364503
102.66	-0.011701942
102.68	-0.016010402
102.7	-0.024094201
102.72	-0.020641671
102.74	-0.024943738
102.76	-0.02391924
102.78	-0.024578341
102.8	-0.024471998
102.82	0.004375255
102.84	-0.002415729
102.86	-0.003307444
102.88	-0.00024986
102.9	0.019376264
102.92	0.008390733
102.94	0.018729489
102.96	0.016279805
102.98	0.020022914
103	0.017115045
103.02	0.024194127
103.04	0.02258476
103.06	0.023238041
103.08	0.023977416
103.1	0.022727315
103.12	0.020098722
103.14	0.007646601
103.16	0.009661953
103.18	0.013694615
103.2	0.013521037
103.22	0.011262208
103.24	-0.009500648
103.26	-0.002075283
103.28	-0.00899284
103.3	-0.009636944
103.32	-0.008690866
103.34	-0.014170175
103.36	-0.010824696
103.38	0.004990004
103.4	0.011084906
103.42	0.011437013
103.44	0.012567466
103.46	0.031059784
103.48	0.031634287
103.5	0.027981525
103.52	0.02706237
103.54	0.025150114
103.56	0.024381388
103.58	0.023870986
103.6	0.01837532
103.62	0.016433177
103.64	0.011533285
103.66	-0.006868462
103.68	-0.009101412
103.7	-0.010836982
103.72	-0.010796513
103.74	-0.019296574
103.76	-0.022809045
103.78	-0.030390245
103.8	-0.02227261
103.82	-0.028709311
103.84	-0.026153502
103.86	-0.027712486
103.88	-0.026533154
103.9	-0.024784171
103.92	-0.021097353
103.94	-0.015988008
103.96	-0.013853119
103.98	-0.014081238
104	-0.018917549
104.02	-0.017348945
104.04	-0.014998879
104.06	-0.003315574
104.08	0.002953503
104.1	0.005438008
104.12	0.000850216
104.14	0.005937175
104.16	0.003443136
104.18	0.004555776
104.2	0.008936966
104.22	0.003769234
104.24	0.006304382
104.26	0.010768487
104.28	0.010338008
104.3	0.006575473
104.32	0.002713451
104.34	0.003914182
104.36	0.001569932
104.38	-0.011871066
104.4	-0.003845622
104.42	-0.000133249
104.44	0.006540685
104.46	0.00722883
104.48	0.002581241
104.5	0.002452972
104.52	0.004479776
104.54	-0.012666885
104.56	-0.01276525
104.58	-0.01382255
104.6	-0.014268069
104.62	-0.019474544
104.64	-0.020763431
104.66	-0.023232534
104.68	-0.019037393
104.7	-0.012218815
104.72	-0.012749501
104.74	-0.00960713
104.76	0.009136265
104.78	0.008917606
104.8	0.007551683
104.82	0.008222141
104.84	0.020199414
104.86	0.024839592
104.88	0.024329015
104.9	0.018669702
104.92	0.020654628
104.94	0.014029109
104.96	0.005016858
104.98	-0.000875589
105	0.004575511
105.02	0.000154458
105.04	-0.011678518
105.06	-0.012015655
105.08	-0.00913559
105.1	-0.008428465
105.12	-0.014778188
105.14	-0.015258996
105.16	-0.017170878
105.18	-0.012171348
105.2	-0.011666308
105.22	-0.01629484
105.24	-0.017920721
105.26	-0.017033068
105.28	-0.009593121
105.3	0.00671626
105.32	0.014070366
105.34	0.010681211
105.36	0.013514167
105.38	0.030678088
105.4	0.024793236
105.42	0.029070999
105.44	0.027751495
105.46	0.021935961
105.48	0.014576456
105.5	0.013739287
105.52	0.013770687
105.54	0.010939476
105.56	0.007375338
105.58	-0.001361598
105.6	-0.00518018
105.62	-0.00505567
105.64	-0.004576717
105.66	0.006372116
105.68	0.004129684
105.7	0.006278147
105.72	0.006542383
105.74	0.002724482
105.76	-0.000624889
105.78	-0.0011067
105.8	0.012181695
105.82	0.02143134
105.84	0.014898278
105.86	0.015085257
105.88	0.015068272
105.9	0.022528446
105.92	0.026634172
105.94	0.025778151
105.96	0.021596057
105.98	0.028122649
106	0.037524505
106.02	0.02763424
106.04	0.031309028
106.06	0.001422377
106.08	0.008597407
106.1	0.010914231
106.12	-0.008241446
106.14	-0.000826204
106.16	-0.024576258
106.18	-0.016831403
106.2	-0.01596
106.22	-0.029483364
106.24	-0.017307855
106.26	-0.003389715
106.28	-0.000156269
106.3	0.008097066
106.32	0.012316453
106.34	0.012024466
106.36	0.014593933
106.38	0.021040708
106.4	0.01420603
106.42	0.009559649
106.44	0.008439424
106.46	0.010723446
106.48	0.013044651
106.5	0.011877357
106.52	0.006244519
106.54	-0.000340798
106.56	-0.002196802
106.58	-0.007160021
106.6	-0.012918576
106.62	-0.011051347
106.64	-0.012955893
106.66	-0.014058101
106.68	-0.016716594
106.7	-0.019621387
106.72	-0.020544495
106.74	-0.022633337
106.76	-0.025927374
106.78	-0.020067316
106.8	-0.014479703
106.82	0.010785051
106.84	-0.00131984
106.86	-0.002457268
106.88	-0.000517393
106.9	-0.001662595
106.92	0.004892298
106.94	0.014953051
106.96	0.013650713
106.98	0.011230431
107	0.016373426
107.02	0.009568525
107.04	-0.001254184
107.06	-0.001517525
107.08	-0.002445763
107.1	0.002442839
107.12	0.0018206
107.14	-0.004350414
107.16	-0.004076878
107.18	-0.006028101
107.2	-0.00993869
107.22	-0.00460076
107.24	-0.004698678
107.26	-0.002211216
107.28	-0.000743162
107.3	0.00041578
107.32	0.004782426
107.34	0.011745087
107.36	0.018716569
107.38	0.016638044
107.4	0.02481165
107.42	0.024692218
107.44	0.023745634
107.46	0.025825381
107.48	0.024701599
107.5	0.022250351
107.52	-0.00051425
107.54	0.002644803
107.56	0.001041661
107.58	-0.001622563
107.6	-0.005457872
107.62	-0.028774469
107.64	-0.017616743
107.66	-0.014365032
107.68	-0.011071126
107.7	-0.013241794
107.72	-0.013778451
107.74	-0.013683788
107.76	-0.010099192
107.78	-0.005181289
107.8	0.008240041
107.82	0.009514761
107.84	0.005480614
107.86	0.000759374
107.88	0.002214527
107.9	0.000994584
107.92	0.002504587
107.94	0.001847644
107.96	-0.002998357
107.98	-0.006649463
108	-0.005268397
108.02	-0.002414688
108.04	-0.002386112
108.06	-0.008617523
108.08	-0.010914678
108.1	-0.012563611
108.12	-0.014703791
108.14	-0.014918474
108.16	-0.015691123
108.18	-0.016163354
108.2	-0.018574816
108.22	-0.020484946
108.24	-0.019728113
108.26	-0.015858142
108.28	-0.010551
108.3	-0.013793315
108.32	-0.012037278
108.34	0.000569323
108.36	0.003736186
108.38	0.004304778
108.4	0.002455401
108.42	0.004662201
108.44	0.007833603
108.46	-0.001753974
108.48	-0.013630526
108.5	-0.01479886
108.52	-0.016892953
108.54	-0.018711863
108.56	-0.031796538
108.58	-0.028929565
108.6	-0.029519173
108.62	-0.025193467
108.64	-0.01712658
108.66	-0.01348149
108.68	-0.009141596
108.7	-0.000494763
108.72	0.006764032
108.74	0.009689413
108.76	0.012149949
108.78	0.014230657
108.8	0.016012746
108.82	0.008705125
108.84	0.004183599
108.86	0.002428463
108.88	0.006488984
108.9	0.005976334
108.92	0.008651056
108.94	0.007098945
108.96	0.009014637
108.98	0.010693287
109	0.017761674
109.02	0.016729854
109.04	0.015196152
109.06	0.00493593
109.08	0.007126843
109.1	0.006356007
109.12	0.002035651
109.14	-0.004825808
109.16	-0.02619232
109.18	-0.013573222
109.2	-0.005337646
109.22	-0.006174611
109.24	-0.001709396
109.26	0.011779769
109.28	0.012750248
109.3	0.017175562
109.32	0.024489425
109.34	0.028855415
109.36	0.02319913
109.38	0.031685566
109.4	0.02848673
109.42	0.029699224
109.44	0.018001678
109.46	0.020283209
109.48	0.020379967
109.5	0.014870018
109.52	0.006818161
109.54	0.005949439
109.56	0.000100763
109.58	-0.002280799
109.6	-0.003278659
109.62	-0.009661489
109.64	-0.005489855
109.66	-0.010925069
109.68	-0.010309622
109.7	-0.012919564
109.72	-0.00878631
109.74	-0.006052979
109.76	-0.004123644
109.78	-0.002213982
109.8	-0.000277265
109.82	0.001528985
109.84	0.003194555
109.86	0.006811104
109.88	0.008509816
109.9	0.005581201
109.92	-0.000507658
109.94	-0.004737843
109.96	-0.001649548
109.98	0.002395201
110	0.004342389
110.02	0.004985667
110.04	0.003810595
110.06	0.000558596
110.08	0.001413253
110.1	-0.007115199
110.12	-0.009441459
110.14	-0.011028223
110.16	-0.011195503
110.18	-0.010321382
110.2	-0.001515828
110.22	-0.0022295
110.24	0.006431279
110.26	0.002730577
110.28	0.00519073
110.3	0.014449252
110.32	0.013611914
110.34	0.016175805
110.36	0.010425964
110.38	0.003971811
110.4	-0.001093396
110.42	-0.008409413
110.44	-0.011154337
110.46	-0.020559898
110.48	-0.025068414
110.5	-0.025544726
110.52	-0.02703561
110.54	-0.017433867
110.56	-0.01355819
110.58	-0.012286166
110.6	-0.011319188
110.62	-0.0127644
110.64	-0.010085637
110.66	-0.006881307
110.68	-0.006712873
110.7	0.009695652
110.72	0.009043201
110.74	0.011856263
110.76	0.006441381
110.78	0.011151642
110.8	0.019738294
110.82	0.02027876
110.84	0.013665702
110.86	0.014120823
110.88	0.023111862
110.9	0.026313472
110.92	0.022796615
110.94	0.01469117
110.96	0.013078149
110.98	0.013113537
111	0.003858963
111.02	-0.008398897
111.04	-0.005020717
111.06	-0.009830946
111.08	-0.021068204
111.1	-0.0184727
111.12	-0.019385702
111.14	-0.020216994
111.16	-0.014130653
111.18	-0.005854024
111.2	-0.002689659
111.22	0.000977017
111.24	0.005079042
111.26	0.010199813
111.28	0.018829696
111.3	0.020472711
111.32	0.019603097
111.34	0.019369079
111.36	0.020120346
111.38	0.02034419
111.4	0.018433745
111.42	0.014131178
111.44	0.015810319
111.46	0.013648499
111.48	0.01053362
111.5	0.008197641
111.52	-0.001545302
111.54	-0.00062281
111.56	-0.004920612
111.58	-0.014114647
111.6	-0.015833215
111.62	-0.019155578
111.64	-0.015080063
111.66	-0.006640166
111.68	-0.012846176
111.7	-0.012477822
111.72	-0.010294324
111.74	-0.007969794
111.76	-0.006961072
111.78	-0.006852749
111.8	-0.007832772
111.82	-0.005099636
111.84	-0.002358596
111.86	-0.006149328
111.88	-0.008378776
111.9	-0.011410381
111.92	-0.01494217
111.94	-0.0155652
111.96	-0.018439149
111.98	-0.018722086
112	-0.019787655
112.02	-0.022107973
112.04	-0.021773706
112.06	-0.02342796
112.08	-0.023363423
112.1	-0.024359733
112.12	-0.02613445
112.14	-0.026954834
112.16	-0.027463079
112.18	-0.024996593
112.2	-0.024879655
112.22	-0.016530974
112.24	-0.009493561
112.26	-0.002944966
112.28	-0.00496924
112.3	-0.004520083
112.32	0.01089339
112.34	0.002029696
112.36	0.00339105
112.38	0.004204372
112.4	0.005543267
112.42	0.002400624
112.44	-0.000905031
112.46	-0.0020105
112.48	-0.003014113
112.5	-0.002476545
112.52	-0.00154437
112.54	-0.000107707
112.56	0.001526844
112.58	0.001860888
112.6	0.002498286
112.62	0.006161673
112.64	0.007159853
112.66	0.003113495
112.68	-0.004697723
112.7	-0.000764525
112.72	0.00384456
112.74	0.005704217
112.76	-0.001445658
112.78	-0.009760947
112.8	-0.008538084
112.82	-0.001438854
112.84	6.39546E-05
112.86	0.001544394
112.88	0.010217142
112.9	0.00810647
112.92	0.009386693
112.94	0.011374852
112.96	0.026166896
112.98	0.021168948
113	0.026312284
113.02	0.027420674
113.04	-0.00631416
113.06	-0.002591484
113.08	-0.006602734
113.1	-0.005272432
113.12	-0.007235274
113.14	-0.025075185
113.16	-0.009476287
113.18	-0.003185552
113.2	-0.001331447
113.22	0.004857806
113.24	0.009709191
113.26	0.014279551
113.28	0.012331381
113.3	0.007785273
113.32	0.007800969
113.34	0.006320338
113.36	0.00433283
113.38	-0.005752769
113.4	-0.014073808
113.42	-0.013874008
113.44	-0.010991397
113.46	-0.013282559
113.48	-0.011928774
113.5	-0.003992736
113.52	0.001582055
113.54	0.001277317
113.56	0.002272736
113.58	0.006484178
113.6	0.006659144
113.62	0.001656704
113.64	-0.000640866
113.66	0.000302409
113.68	0.003500754
113.7	0.000234474
113.72	-0.00294439
113.74	-0.010134455
113.76	-0.005949449
113.78	-0.002901362
113.8	-0.000161631
113.82	-0.003837583
113.84	-0.000590179
113.86	-0.000726052
113.88	-0.000779665
113.9	0.000533885
113.92	-0.000476956
113.94	0.006588797
113.96	-0.001077339
113.98	-0.000157637
114	0.000475908
114.02	0.000607255
114.04	-0.004612043
114.06	-0.009188616
114.08	-0.007929643
114.1	-0.007750481
114.12	-0.009243357
114.14	-0.009630016
114.16	-0.006816682
114.18	-0.000283582
114.2	0.004265147
114.22	0.001363873
114.24	0.004676091
114.26	0.009552905
114.28	0.015382334
114.3	0.009785012
114.32	0.004841635
114.34	-0.000605739
114.36	-0.005301484
114.38	-0.011884352
114.4	-0.015895693
114.42	-0.015686365
114.44	-0.016523489
114.46	-0.019403796
114.48	-0.016638914
114.5	-0.006287027
114.52	-0.00341682
114.54	0.001601686
114.56	0.010319009
114.58	0.015735535
114.6	0.02053737
114.62	0.023602436
114.64	0.017426496
114.66	0.005445374
114.68	-0.000493035
114.7	0.001050404
114.72	0.002791868
114.74	0.002989121
114.76	0.0003841
114.78	0.003864401
114.8	0.009627009
114.82	0.004695578
114.84	0.001480926
114.86	-0.00681031
114.88	0.001575939
114.9	0.007009903
114.92	0.006557632
114.94	0.003548636
114.96	0.011454617
114.98	0.010598056
115	-7.6026E-05
115.02	-0.005271589
115.04	0.000137059
115.06	0.001051481
115.08	0.002526039
115.1	0.000926441
115.12	0.003225337
115.14	0.008562863
115.16	0.012276678
115.18	0.012521539
115.2	0.015816995
115.22	0.02132718
115.24	0.020036802
115.26	0.023033881
115.28	0.023101067
115.3	0.014881218
115.32	0.013370927
115.34	0.010007194
115.36	0.007781144
115.38	0.005942303
115.4	0.007644855
115.42	0.004218782
115.44	0.004150286
115.46	0.001875925
115.48	0.001885742
115.5	0.002684326
115.52	0.002033372
115.54	0.000204351
115.56	-0.003464703
115.58	-0.000364564
115.6	0.000520222
115.62	0.000122858
115.64	-4.78207E-05
115.66	0.002054028
115.68	0.004884604
115.7	0.006463282
115.72	0.004999213
115.74	0.003482837
115.76	0.004807466
115.78	0.005458841
115.8	0.002582687
115.82	0.000337418
115.84	-0.000995943
115.86	0.001029779
115.88	-0.001541737
115.9	-0.004339137
115.92	-0.005744388
115.94	0.003395582
115.96	0.006151516
115.98	0.009356245
116	0.006595309
116.02	0.00738121
116.04	0.008280047
116.06	0.009468816
116.08	0.004341023
116.1	-0.002395907
116.12	-0.005509373
116.14	-0.005687106
116.16	-0.009580773
116.18	-0.011969202
116.2	-0.010526349
116.22	-0.011180797
116.24	-0.012553407
116.26	-0.009442059
116.28	-0.011002251
116.3	-0.015062838
116.32	-0.013025669
116.34	-0.01817239
116.36	-0.017103162
116.38	-0.016149086
116.4	-0.016047596
116.42	-0.017154087
116.44	-0.019159663
116.46	-0.021347446
116.48	-0.020156949
116.5	-0.019095218
116.52	0.012277372
116.54	0.008154046
116.56	0.000887136
116.58	-0.004109821
116.6	0.001644515
116.62	0.015540711
116.64	0.017029763
116.66	0.010107376
116.68	0.006795697
116.7	0.009528711
116.72	0.016904707
116.74	0.022251859
116.76	0.018381569
116.78	0.017074454
116.8	0.021902921
116.82	0.021989397
116.84	0.020542358
116.86	0.018871035
116.88	0.01825662
116.9	0.019690322
116.92	0.018114311
116.94	-0.008562613
116.96	-0.001866829
116.98	0.000721937
117	-0.000733259
117.02	-0.006024409
117.04	-0.018258222
117.06	-0.01854335
117.08	-0.010790054
117.1	-0.005142547
117.12	-0.001449781
117.14	0.003411142
117.16	0.011030779
117.18	0.011999744
117.2	0.01224624
117.22	0.0142891
117.24	0.016877782
117.26	0.020964146
117.28	0.018604317
117.3	0.016928644
117.32	0.019371588
117.34	0.0174738
117.36	0.016842362
117.38	0.005800982
117.4	0.007006504
117.42	0.002590177
117.44	-0.004173493
117.46	-0.000810143
117.48	-0.006587176
117.5	-0.012772037
117.52	-0.014517556
117.54	-0.017133441
117.56	-0.016939724
117.58	-0.013822612
117.6	-0.011015793
117.62	-0.014877358
117.64	-0.011091988
117.66	-0.007489934
117.68	-0.010478292
117.7	-0.010245281
117.72	-0.01156244
117.74	-0.013255816
117.76	-0.014764315
117.78	-0.021308237
117.8	-0.022847828
117.82	-0.022405893
117.84	-0.023313731
117.86	-0.02003507
117.88	0.002786921
117.9	-0.006793984
117.92	-0.00884298
117.94	-0.00968441
117.96	-0.000268725
117.98	-0.015144399
118	-0.008874207
118.02	-0.001172729
118.04	-0.001513345
118.06	-0.002145952
118.08	-0.002982438
118.1	-0.001793111
118.12	0.004134484
118.14	0.00810299
118.16	0.004644301
118.18	0.008993403
118.2	0.010377979
118.22	0.009623344
118.24	0.012055574
118.26	0.009245375
118.28	0.007469855
118.3	-0.00152205
118.32	-0.000817771
118.34	-0.002333625
118.36	0.002195382
118.38	-0.001045107
118.4	-0.000889737
118.42	-0.001703066
118.44	-0.010988759
118.46	-0.002239395
118.48	-0.000268802
118.5	0.005303422
118.52	0.002654526
118.54	-0.002554961
118.56	0.001600716
118.58	0.005988196
118.6	0.010580395
118.62	0.000719754
118.64	-0.003073798
118.66	0.005767492
118.68	0.010886354
118.7	0.010225333
118.72	0.007801225
118.74	0.009415123
118.76	0.013387305
118.78	0.009233531
118.8	0.011726251
118.82	0.001909171
118.84	-0.001785249
118.86	-0.002864695
118.88	-0.003432735
118.9	0.000799471
118.92	0.004397781
118.94	0.004567069
118.96	0.007139015
118.98	0.010886534
119	0.01936627
119.02	0.015627771
119.04	0.019931486
119.06	0.017270633
119.08	0.020440215
119.1	0.016264354
119.12	0.007713749
119.14	0.005627962
119.16	0.004703853
119.18	0.008659261
119.2	0.009244697
119.22	-0.008868409
119.24	-0.007522386
119.26	-0.003785096
119.28	-0.001930707
119.3	-0.000289198
119.32	0.001326626
119.34	0.008723052
119.36	0.012064656
119.38	0.01057358
119.4	0.014817103
119.42	0.014735241
119.44	0.017741427
119.46	0.011841094
119.48	0.011960037
119.5	0.013926447
119.52	0.016340371
119.54	0.016751468
119.56	0.007328206
119.58	0.008409145
119.6	0.005965642
119.62	0.000904108
119.64	-0.005313642
119.66	-0.012701636
119.68	-0.010672125
119.7	-0.015161706
119.72	-0.017759526
119.74	-0.019952924
119.76	-0.018061799
119.78	-0.014142776
119.8	-0.009988768
119.82	-0.009878163
119.84	-0.012836813
119.86	-0.010802108
119.88	-0.013382459
119.9	-0.009155127
119.92	-0.018660488
119.94	-0.01938747
119.96	-0.024380472
119.98	-0.022940416
120	-0.019219982
120.02	-0.019786907
120.04	-0.021840344
120.06	-0.016619691
120.08	-0.025584008
120.1	-0.027414553
120.12	-0.024978908
120.14	-0.025009945
120.16	-0.024007344
120.18	0.007535962
120.2	-0.010779539
120.22	-0.01859764
120.24	-0.017186124
120.26	-0.013914637
120.28	-0.005751821
120.3	0.002743422
120.32	-0.003963074
120.34	-0.011763026
120.36	-0.002757489
120.38	0.001291718
120.4	0.002044318
120.42	0.00268923
120.44	0.003685529
120.46	0.006729577
120.48	0.003154136
120.5	0.003584592
120.52	0.005216654
120.54	0.007076626
120.56	0.008177151
120.58	0.007954748
120.6	0.009357925
120.62	0.008403112
120.64	0.011023098
120.66	0.013584752
120.68	0.0109927
120.7	0.005223491
120.72	-0.014533393
120.74	-0.004810222
120.76	0.003675235
120.78	0.005209782
120.8	-0.012252138
120.82	0.005206672
120.84	0.004643507
120.86	0.006598549
120.88	0.007425472
120.9	0.006900781
120.92	0.012844013
120.94	0.017302411
120.96	0.01756478
120.98	0.018840392
121	0.018087791
121.02	0.020785843
121.04	0.007032937
121.06	0.002117901
121.08	-0.007800189
121.1	-0.010164263
121.12	-0.016119971
121.14	-0.020824947
121.16	-0.017271045
121.18	-0.019311968
121.2	-0.020253299
121.22	-0.016920796
121.24	-0.016549126
121.26	-0.012844926
121.28	-0.012822348
121.3	-0.009668441
121.32	-0.010620902
121.34	-0.014270208
121.36	-0.016538913
121.38	-0.015541272
121.4	-0.017072486
121.42	-0.014513226
121.44	0.002182446
121.46	-0.004806979
121.48	-0.014913595
121.5	-0.01822658
121.52	-0.016798704
121.54	-0.010965007
121.56	-0.013745876
121.58	0.006803739
121.6	-0.008772709
121.62	-0.007214841
121.64	-0.01148663
121.66	-0.023748399
121.68	-0.02234292
121.7	-0.017042628
121.72	-0.021520938
121.74	-0.02955599
121.76	-0.029111381
121.78	-0.02863464
121.8	-0.030844703
121.82	0.003568997
121.84	-0.007441383
121.86	-0.003339043
121.88	0.005083131
121.9	0.008393891
121.92	0.017763846
121.94	0.017641901
121.96	0.017354781
121.98	0.012825897
122	0.019854367
122.02	0.014263134
122.04	0.01259279
122.06	0.011646123
122.08	0.00763974
122.1	-0.009302986
122.12	-0.003213514
122.14	-0.008070464
122.16	-0.00770432
122.18	-0.008192566
122.2	-0.011320661
122.22	-0.014604101
122.24	-0.008886081
122.26	-0.002247188
122.28	0.005913371
122.3	-0.001145829
122.32	0.001477882
122.34	0.001834198
122.36	0.00450839
122.38	0.00801792
122.4	0.012441117
122.42	0.012284247
122.44	0.016386249
122.46	0.01217412
122.48	0.01246177
122.5	0.022368622
122.52	0.020971216
122.54	0.023787926
122.56	0.022151291
122.58	0.022221478
122.6	0.024442073
122.62	0.023222157
122.64	0.027899093
122.66	0.021378754
122.68	0.018784217
122.7	0.016891001
122.72	-0.011872477
122.74	-0.006770645
122.76	0.001704358
122.78	-0.005439055
122.8	-0.020960848
122.82	-0.013814913
122.84	-0.016505916
122.86	-0.009021234
122.88	-0.00654264
122.9	-0.003848631
122.92	-0.002771453
122.94	-0.003722246
122.96	0.002585098
122.98	0.003389714
123	0.011114281
123.02	0.016537809
123.04	0.014816485
123.06	0.009453114
123.08	0.006400145
123.1	0.010499979
123.12	0.008492955
123.14	0.003991696
123.16	0.000282114
123.18	0.002377214
123.2	0.004277453
123.22	0.005588126
123.24	0.003259323
123.26	-0.002003076
123.28	0.004542729
123.3	0.006650313
123.32	0.014416808
123.34	0.014397441
123.36	0.015170435
123.38	0.019306822
123.4	0.023467215
123.42	0.025348021
123.44	0.019409147
123.46	0.017216095
123.48	0.015086997
123.5	0.004006371
123.52	0.007050795
123.54	0.005411009
123.56	0.006311723
123.58	-0.005825281
123.6	-0.000746511
123.62	-0.00793571
123.64	-0.007619142
123.66	-0.009671812
123.68	-0.001189827
123.7	-0.005387317
123.72	-0.001855167
123.74	2.62983E-05
123.76	-0.003364269
123.78	0.001399093
123.8	0.000758944
123.82	0.001531284
123.84	0.001363785
123.86	0.005790447
123.88	0.015871183
123.9	0.015508211
123.92	0.010828992
123.94	0.010205291
123.96	0.013594996
123.98	0.005321658
124	0.008335436
124.02	0.002483718
124.04	-0.003282357
124.06	-0.007918174
124.08	-0.013037871
124.1	-0.012972742
124.12	-0.015734759
124.14	-0.015872488
124.16	-0.020325135
124.18	-0.0250224
124.2	-0.027111849
124.22	-0.024436992
124.24	-0.024205395
124.26	-0.025717675
124.28	-0.026587038
124.3	-0.027242428
124.32	-0.029076669
124.34	-0.028716237
124.36	-0.028984993
124.38	-0.024637221
124.4	-0.019410824
124.42	-0.014909138
124.44	-0.012177373
124.46	-0.009602562
124.48	-0.00716895
124.5	0.007986973
124.52	-0.004946123
124.54	-0.010772983
124.56	-1.85438E-06
124.58	0.006757123
124.6	0.005332228
124.62	0.000659754
124.64	0.001416302
124.66	-0.004132053
124.68	0.002226628
124.7	0.002833697
124.72	-0.000696654
124.74	-0.001370374
124.76	-0.000690605
124.78	0.006308919
124.8	0.009296967
124.82	0.013153225
124.84	0.012296262
124.86	0.012953216
124.88	0.014809348
124.9	0.015086331
124.92	0.014530598
124.94	0.017362704
124.96	0.021192384
124.98	0.023026088
125	0.024268659
125.02	0.026926427
125.04	0.028169463
125.06	0.02693898
125.08	0.00546872
125.1	0.012333195
125.12	0.022109755
125.14	0.019511466
125.16	0.025108179
125.18	0.000901535
125.2	0.007321358
125.22	0.025377252
125.24	0.017083141
125.26	0.019714773
125.28	0.003747631
125.3	0.003836482
125.32	0.007155595
125.34	0.003335395
125.36	0.004117228
125.38	0.005002333
125.4	0.011177501
125.42	0.011691176
125.44	0.01032881
125.46	0.012847725
125.48	0.009410859
125.5	0.007869728
125.52	0.004050001
125.54	0.003518841
125.56	-0.010433215
125.58	-0.009421272
125.6	-0.011998221
125.62	-0.016886276
125.64	-0.021156096
125.66	-0.021506231
125.68	-0.023726501
125.7	-0.021896844
125.72	-0.024428971
125.74	-0.026742852
125.76	-0.031017675
125.78	-0.031687469
125.8	-0.025527293
125.82	-0.02413676
125.84	-0.022563102
125.86	-0.02368137
125.88	0.011809112
125.9	-0.003254337
125.92	-0.006487113
125.94	-0.010612791
125.96	-0.009506306
125.98	0.008977546
126	0.021511919
126.02	0.011618843
126.04	0.00496821
126.06	0.009151964
126.08	0.011939403
126.1	0.007082267
126.12	-0.001591705
126.14	-0.008747617
126.16	-0.008729666
126.18	0.001928515
126.2	0.001385968
126.22	-0.001438282
126.24	-0.004662392
126.26	0.002618731
126.28	0.014287232
126.3	0.01608081
126.32	0.017507537
126.34	0.017777191
126.36	0.017178921
126.38	0.020867674
126.4	0.022125255
126.42	0.019610617
126.44	0.022503273
126.46	0.024319926
126.48	0.024179832
126.5	0.026913416
126.52	0.025947006
126.54	0.0197196
126.56	0.015332064
126.58	0.015619034
126.6	0.014687079
126.62	0.011890183
126.64	0.008205962
126.66	-0.006311827
126.68	-0.019768875
126.7	-0.006007641
126.72	-0.01110725
126.74	-0.008546799
126.76	-0.003730842
126.78	0.008644827
126.8	0.009796529
126.82	0.01982866
126.84	0.010647725
126.86	0.016859415
126.88	0.007571131
126.9	0.00822308
126.92	0.012773426
126.94	0.000789904
126.96	0.004755899
126.98	-0.00092998
127	-0.006227612
127.02	-0.013619648
127.04	-0.012387015
127.06	-0.008342602
127.08	-0.007138586
127.1	-0.006328603
127.12	-0.008882145
127.14	-0.013682348
127.16	-0.009371575
127.18	-0.003757956
127.2	-0.009685668
127.22	-0.013330699
127.24	-0.017539418
127.26	-0.024040837
127.28	-0.022107554
127.3	-0.019172276
127.32	0.013891517
127.34	0.011711494
127.36	0.008685562
127.38	0.005041253
127.4	0.019003611
127.42	0.031097428
127.44	0.026040549
127.46	0.009950234
127.48	0.019170679
127.5	0.02202556
127.52	0.003074518
127.54	-0.00975944
127.56	-0.010500576
127.58	-0.012358381
127.6	-0.008839162
127.62	-0.02612609
127.64	-0.012425615
127.66	-0.004350783
127.68	-0.005157446
127.7	-0.00692924
127.72	-0.015175702
127.74	-0.013232046
127.76	-0.007947742
127.78	-0.009158163
127.8	-0.014608318
127.82	-0.017013043
127.84	-0.016333792
127.86	-0.014524666
127.88	0.006705238
127.9	0.003107436
127.92	0.003245402
127.94	1.80345E-05
127.96	-0.000814847
127.98	-0.002130941
128	-0.003972844
128.02	-0.008790631
128.04	-0.005164576
128.06	-0.016424899
128.08	-0.021435021
128.1	-0.018307647
128.12	-0.027066242
128.14	-0.025238537
128.16	-0.02514043
128.18	-0.029108609
128.2	-0.028499094
128.22	-0.027304616
128.24	-5.29076E-05
128.26	-0.012076659
128.28	0.005530448
128.3	0.006561245
128.32	0.004272988
128.34	0.030576643
128.36	0.011158667
128.38	0.01689974
128.4	0.013318995
128.42	0.024801257
128.44	0.017995019
128.46	0.019344949
128.48	0.018511106
128.5	0.016190907
128.52	0.01652276
128.54	0.017549048
128.56	0.014210295
128.58	0.013941038
128.6	0.012126908
128.62	0.014462079
128.64	0.014843051
128.66	0.015626746
128.68	0.014731279
128.7	0.00092136
128.72	0.00168168
128.74	0.002505653
128.76	0.002993822
128.78	0.002738736
128.8	-0.013376358
128.82	-0.005566465
128.84	0.004662895
128.86	0.003902716
128.88	0.004661315
128.9	0.010091138
128.92	0.012965262
128.94	0.011228074
128.96	0.009916614
128.98	0.008963052
129	0.015938645
129.02	0.015487438
129.04	0.014986992
129.06	0.017276747
129.08	0.017998456
129.1	0.021760808
129.12	0.020752115
129.14	0.015087301
129.16	0.017223574
129.18	0.013827979
129.2	0.020902833
129.22	0.012013468
129.24	0.010075268
129.26	0.007491771
129.28	0.009650004
129.3	-0.002227804
129.32	0.000912032
129.34	-0.006144234
129.36	-0.006808957
129.38	-0.0131856
129.4	-0.012410329
129.42	-0.016674369
129.44	-0.016528169
129.46	-0.020451049
129.48	-0.021052832
129.5	-0.024065713
129.52	-0.026374403
129.54	-0.025593054
129.56	-0.027240515
129.58	-0.03235374
129.6	-0.025181625
129.62	-0.000503274
129.64	-0.002506588
129.66	-0.006569814
129.68	-0.007548276
129.7	-0.000653799
129.72	0.006208073
129.74	0.011217737
129.76	0.004605105
129.78	0.006369581
129.8	0.006002051
129.82	0.00773625
129.84	0.008707562
129.86	0.008360402
129.88	0.013418204
129.9	0.008791858
129.92	0.0088774
129.94	-0.016573626
129.96	-0.013427915
129.98	-0.011160981
130	-0.01065826
130.02	-0.01659909
130.04	-0.029913447
130.06	-0.025993651
130.08	-0.018745379
130.1	-0.022898391
130.12	-0.024696941
130.14	-0.019583127
130.16	0.003414086
130.18	0.009271872
130.2	0.007551312
130.22	0.005433253
130.24	0.016437667
130.26	0.018700847
130.28	0.013605014
130.3	0.004312521
130.32	0.003934373
130.34	0.007401783
130.36	0.001736488
130.38	0.001036822
130.4	-0.003329926
130.42	-0.005461146
130.44	-0.009998447
130.46	-0.012375738
130.48	-0.019415595
130.5	-0.019168402
130.52	-0.013967338
130.54	-0.010806386
130.56	-0.010091317
130.58	-0.001151079
130.6	-0.005474708
130.62	-0.001043674
130.64	0.000779945
130.66	0.013922019
130.68	0.014147942
130.7	0.007730415
130.72	0.006769394
130.74	0.006848685
130.76	0.003554191
130.78	-0.002264654
130.8	-0.004809337
130.82	-0.007422206
130.84	-0.009694396
130.86	-0.011579195
130.88	-0.011169182
130.9	-0.012832876
130.92	-0.011945791
130.94	-0.012675983
130.96	-0.014250601
130.98	-0.015370271
131	-0.014165762
131.02	-0.017307446
131.04	-0.019883924
131.06	-0.021048535
131.08	-0.018644105
131.1	-0.018081504
131.12	-0.016290136
131.14	-0.001907022
131.16	-0.011048159
131.18	-0.003877455
131.2	-0.002245074
131.22	0.006382059
131.24	0.023907659
131.26	0.016196877
131.28	0.013890691
131.3	0.016342807
131.32	0.016056883
131.34	0.017823763
131.36	0.014663164
131.38	0.013406386
131.4	0.008564211
131.42	-0.019531168
131.44	-0.015546079
131.46	-0.017699493
131.48	-0.017650884
131.5	-0.030235282
131.52	-0.026698741
131.54	-0.033735085
131.56	-0.028235472
131.58	-0.009914535
131.6	0.001766954
131.62	2.78485E-05
131.64	0.002946778
131.66	0.009930238
131.68	0.021959693
131.7	0.01131991
131.72	0.013510693
131.74	0.013572343
131.76	0.012663533
131.78	0.00621253
131.8	7.28033E-05
131.82	0.004098747
131.84	0.005743462
131.86	0.005150237
131.88	0.002199808
131.9	0.00334485
131.92	0.012201463
131.94	0.016227947
131.96	0.010733591
131.98	0.009760828
132	-0.01253436
132.02	-0.007967065
132.04	-0.007045027
132.06	-0.010469038
132.08	-0.014266308
132.1	-0.028046684
132.12	-0.021496796
132.14	-0.011955894
132.16	-0.01221893
132.18	-0.003542002
132.2	0.003449614
132.22	0.001586184
132.24	0.009267238
132.26	0.024210465
132.28	0.022603859
132.3	0.026723125
132.32	0.023968588
132.34	0.024026499
132.36	0.012794966
132.38	0.001739508
132.4	-0.00754089
132.42	-0.010966674
132.44	-0.014262161
132.46	-0.028307789
132.48	-0.026897068
132.5	-0.029150382
132.52	-0.01341855
132.54	0.001654579
132.56	0.001354269
132.58	0.003758646
132.6	0.01621866
132.62	0.026614688
132.64	0.033633878
132.66	0.02687956
132.68	0.029050896
132.7	0.033341068
132.72	0.025865989
132.74	0.02514524
132.76	0.027542572
132.78	0.025398037
132.8	0.03276483
132.82	0.030726312
132.84	0.027824594
132.86	0.032495248
132.88	0.030839656
132.9	0.03384309
132.92	0.033951603
132.94	0.036679784
132.96	0.020673602
132.98	0.002360469
133	0.005880553
133.02	0.014565047
133.04	0.003213129
133.06	0.000991802
133.08	-0.001039972
133.1	-0.019813252
133.12	-0.01331002
133.14	-0.009926963
133.16	-0.004947348
133.18	0.01134977
133.2	0.010960993
133.22	0.012324693
133.24	0.015558431
133.26	0.019642604
133.28	0.023495309
133.3	0.007312706
133.32	0.007999779
133.34	0.011598059
133.36	0.007411375
133.38	0.011530413
133.4	0.000168979
133.42	-0.00297295
133.44	0.001969601
133.46	0.00054779
133.48	-0.003862935
133.5	-0.006215949
133.52	-0.005505679
133.54	-0.011515753
133.56	-0.013254557
133.58	-0.012280591
133.6	-0.015617079
133.62	-0.018460245
133.64	-0.015340202
133.66	-0.01857828
133.68	-0.017598973
133.7	-0.023537726
133.72	-0.026253373
133.74	-0.028028983
133.76	-0.030456325
133.78	-0.029829911
133.8	-0.031763665
133.82	-0.032231981
133.84	-0.034008339
133.86	-0.03402855
133.88	-0.031478522
133.9	-0.028721724
133.92	-0.024457486
133.94	-0.024054158
133.96	-0.024757238
133.98	-0.022198315
134	-0.02709548
134.02	-0.017595404
134.04	-0.023443325
134.06	-0.014398042
134.08	0.007140215
134.1	0.002058488
134.12	0.000684659
134.14	0.007756267
134.16	0.025948771
134.18	0.020258036
134.2	0.019978399
134.22	0.014703145
134.24	0.012271432
134.26	0.006727635
134.28	0.010340062
134.3	0.0086999
134.32	0.004208637
134.34	0.002939935
134.36	0.004433614
134.38	0.003905028
134.4	0.00638159
134.42	0.000867795
134.44	-0.001797531
134.46	-0.000743606
134.48	0.009017111
134.5	0.010513117
134.52	0.011312404
134.54	0.010992805
134.56	0.004443096
134.58	0.002827677
134.6	0.009191585
134.62	0.016232132
134.64	0.017238675
134.66	0.016222683
134.68	0.01531522
134.7	0.014545969
134.72	0.014778886
134.74	0.015453853
134.76	0.01703515
134.78	0.002060918
134.8	-5.30352E-05
134.82	-0.002349292
134.84	0.006005872
134.86	-0.00276753
134.88	-0.004574243
134.9	-0.005134972
134.92	-0.000484625
134.94	0.005711772
134.96	0.004955801
134.98	0.004457273
135	0.001933255
135.02	0.00187442
135.04	0.005427269
135.06	0.008827063
135.08	0.001038568
135.1	-0.001179728
135.12	-0.004325803
135.14	-0.003853119
135.16	-0.006668473
135.18	-0.009623555
135.2	-0.010400807
135.22	-0.012038933
135.24	-0.006684189
135.26	-0.004316027
135.28	-0.005249872
135.3	-0.002991087
135.32	-0.004273584
135.34	0.006136158
135.36	0.00215035
135.38	-0.002715999
135.4	-0.009311596
135.42	-0.010194359
135.44	-0.010139721
135.46	-0.00943186
135.48	-0.011336457
135.5	-0.010341174
135.52	-0.009489454
135.54	-0.008026213
135.56	-0.010862327
135.58	-0.007962129
135.6	-0.006146657
135.62	-0.006076288
135.64	-0.006305365
135.66	-0.004361856
135.68	-0.002053125
135.7	8.67416E-05
135.72	-0.003293726
135.74	-0.000978279
135.76	0.001959667
135.78	0.002565988
135.8	0.000983325
135.82	-0.001613543
135.84	-0.001261793
135.86	-0.003220138
135.88	-0.000920633
135.9	-0.002783869
135.92	-0.003529522
135.94	-0.002450259
135.96	0.001137643
135.98	0.003605671
136	0.005568573
136.02	0.007330701
136.04	0.007469572
136.06	0.010391536
136.08	0.010501051
136.1	0.00896034
136.12	0.001708652
136.14	0.006592538
136.16	0.006762456
136.18	0.004865604
136.2	0.001915395
136.22	0.005576302
136.24	0.005682593
136.26	0.008221148
136.28	0.009973205
136.3	0.008232701
136.32	0.009036594
136.34	0.007654989
136.36	0.009188957
136.38	0.006630931
136.4	0.006636261
136.42	0.004823715
136.44	0.002549401
136.46	0.000276321
136.48	-0.001122596
136.5	0.000922284
136.52	0.00127281
136.54	0.001868578
136.56	0.002002454
136.58	0.00226115
136.6	0.001220743
136.62	0.000191326
136.64	0.001714138
136.66	0.000998082
136.68	-0.000191484
136.7	-0.001958662
136.72	0.000375393
136.74	-0.000380805
136.76	-0.001343993
136.78	-0.00194047
136.8	-0.002732271
136.82	-0.003231458
136.84	-0.003741156
136.86	-0.006947834
136.88	-0.008679483
136.9	-0.007156233
136.92	-0.006605188
136.94	-0.006965905
136.96	-0.00565738
136.98	-0.004929833
137	-0.00491574
137.02	-0.004059573
137.04	-0.002960538
137.06	-0.002964609
137.08	-0.003831612
137.1	-0.004736599
137.12	-0.005617156
137.14	-0.006043824
137.16	-0.005366997
137.18	-0.00599731
137.2	-0.004660664
137.22	-0.004091199
137.24	-0.00251178
137.26	-0.000939603
137.28	-0.001677747
137.3	-0.000468741
137.32	-0.000162287
137.34	-0.000460244
137.36	-0.000907906
137.38	-0.00057161
137.4	-0.000376791
137.42	9.67418E-05
137.44	0.000793816
137.46	0.001354137
137.48	0.001000168
137.5	0.000953555
137.52	0.002577886
137.54	0.002598496
137.56	0.002606471
137.58	0.002628695
137.6	0.003440648
137.62	0.003213684
137.64	0.003458401
137.66	0.004401113
137.68	0.005112634
137.7	0.00629379
137.72	0.007316705
137.74	0.00613186
137.76	0.005589411
137.78	0.005675795
137.8	0.005615183
137.82	0.003929567
137.84	0.003607459
137.86	0.003634633
137.88	0.002766828
137.9	0.00281399
137.92	0.003096515
137.94	0.00367929
137.96	0.004130912
137.98	0.005510339
138	0.004631784
138.02	0.003688324
138.04	0.003490229
138.06	0.002297917
138.08	0.001352243
138.1	0.000446271
138.12	-0.000391606
138.14	-0.000909913
138.16	-0.001103992
138.18	-0.000864257
138.2	-0.000704625
138.22	-0.000543351
138.24	-0.000648337
138.26	-0.000954519
138.28	-0.001476059
138.3	-0.00196966
138.32	-0.002618712
138.34	-0.003035259
138.36	-0.003248054
138.38	-0.003524143
138.4	-0.003607907
138.42	-0.00392418
138.44	-0.003887253
138.46	-0.003922178
138.48	-0.003764971
138.5	-0.004085409
138.52	-0.00451352
138.54	-0.004668816
138.56	-0.004699539
138.58	-0.004985212
138.6	-0.0042687
138.62	-0.004138846
138.64	-0.003647536
138.66	-0.002934306
138.68	-0.002352584
138.7	-0.002244398
138.72	-0.00203497
138.74	-0.002400031
138.76	-0.002794921
138.78	-0.00276706
138.8	-0.003228553
138.82	-0.003239449
138.84	-0.003161271
138.86	-0.002291224
138.88	-0.001412402
138.9	-0.000385241
138.92	0.000306542
138.94	0.001284873
138.96	0.001905397
138.98	0.001533256
139	0.001896942
139.02	0.001424004
139.04	0.001142315
139.06	0.001100564
139.08	0.001157803
139.1	0.001528569
139.12	0.001722459
139.14	0.002235613
139.16	0.002869097
139.18	0.003370923
139.2	0.003608245
139.22	0.003488694
139.24	0.003689994
139.26	0.003728185
139.28	0.003685565
139.3	0.003487324
139.32	0.003373537
139.34	0.003659326
139.36	0.003906829
139.38	0.003634656
139.4	0.003535739
139.42	0.003512293
139.44	0.003593905
139.46	0.003518675
139.48	0.003015179
139.5	0.002419647
139.52	0.002138904
139.54	0.001972033
139.56	0.001938655
139.58	0.001944432
139.6	0.001816761
139.62	0.001598634
139.64	0.001444155
139.66	0.001122224
139.68	0.000538226
139.7	-6.54655E-05
139.72	-0.000750985
139.74	-0.001192569
139.76	-0.001935299
139.78	-0.002389541
139.8	-0.00244949
139.82	-0.002474059
139.84	-0.002215398
139.86	-0.002026687
139.88	-0.001558398
139.9	-0.001603939
139.92	-0.00178923
139.94	-0.002023738
139.96	-0.002357756
139.98	-0.002525278
140	-0.003041208
140.02	-0.003441093
140.04	-0.003585943
140.06	-0.003652976
140.08	-0.003541742
140.1	-0.003489732
140.12	-0.003171935
140.14	-0.002789953
140.16	-0.002621203
140.18	-0.002728004
140.2	-0.002765376
140.22	-0.002737883
140.24	-0.002660887
140.26	-0.002510359
140.28	-0.002455427
140.3	-0.002389807
140.32	-0.00201497
140.34	-0.001667432
140.36	-0.001314638
140.38	-0.001077887
140.4	-0.000781767
140.42	-0.00053727
140.44	-0.000389457
140.46	-0.000325667
140.48	-0.000224303
140.5	0.000173426
140.52	0.000591085
140.54	0.000971344
140.56	0.001325304
140.58	0.001699707
140.6	0.001953923
140.62	0.002123837
140.64	0.002091242
140.66	0.002074155
140.68	0.001968369
140.7	0.001819307
140.72	0.001723237
140.74	0.001775309
140.76	0.002084109
140.78	0.002354759
140.8	0.002881333
140.82	0.00322455
140.84	0.003716002
140.86	0.003672241
140.88	0.003533146
140.9	0.003355033
140.92	0.003128938
140.94	0.002718546
140.96	0.002494849
140.98	0.002151814
141	0.001939274
141.02	0.001736297
141.04	0.001687617
141.06	0.001619427
141.08	0.001535746
141.1	0.001451662
141.12	0.001303936
141.14	0.001028104
141.16	0.000675564
141.18	0.000266133
141.2	5.2371E-05
141.22	-0.00013844
141.24	-0.000308411
141.26	-0.00054616
141.28	-0.000644029
141.3	-0.000738766
141.32	-0.000842844
141.34	-0.001025088
141.36	-0.001263797
141.38	-0.001466602
141.4	-0.00170782
141.42	-0.001949292
141.44	-0.002124708
141.46	-0.002177159
141.48	-0.002138859
141.5	-0.002107086
141.52	-0.002066772
141.54	-0.002024766
141.56	-0.002121954
141.58	-0.002273962
141.6	-0.002510475
141.62	-0.002664553
141.64	-0.0028496
141.66	-0.003015575
141.68	-0.002896217
141.7	-0.002838504
141.72	-0.002590635
141.74	-0.002357384
141.76	-0.001863122
141.78	-0.001411014
141.8	-0.00129121
141.82	-0.001180988
141.84	-0.001278356
141.86	-0.001186589
141.88	-0.001233013
141.9	-0.001249341
141.92	-0.001056226
141.94	-0.000902326
141.96	-0.000693038
141.98	-0.000442869
142	-5.60465E-05
142.02	0.000337577
142.04	0.000674755
142.06	0.000879198
142.08	0.001026493
142.1	0.001127211
142.12	0.001227386
142.14	0.001296247
142.16	0.001437194
142.18	0.001604661
142.2	0.00182724
142.22	0.001962082
142.24	0.002054993
142.26	0.00214971
142.28	0.002234491
142.3	0.002270112
142.32	0.002232854
142.34	0.002150966
142.36	0.002066182
142.38	0.002029862
142.4	0.002006523
142.42	0.002077337
142.44	0.002120467
142.46	0.002191946
142.48	0.002152724
142.5	0.002086057
142.52	0.001876967
142.54	0.001621786
142.56	0.001420265
142.58	0.001175313
142.6	0.000986355
142.62	0.000726552
142.64	0.000706089
142.66	0.000701234
142.68	0.000662031
142.7	0.000652382
142.72	0.000619078
142.74	0.000537853
142.76	0.000280767
142.78	-2.33337E-05
142.8	-0.000355768
142.82	-0.000663042
142.84	-0.000922608
142.86	-0.001166891
142.88	-0.001286175
142.9	-0.001361076
142.92	-0.001414284
142.94	-0.001433123
142.96	-0.001430142
142.98	-0.001443928
143	-0.001488931
143.02	-0.001578972
143.04	-0.001718731
143.06	-0.001863182
143.08	-0.001955936
143.1	-0.002036635
143.12	-0.002056832
143.14	-0.002038998
143.16	-0.001978752
143.18	-0.001932602
143.2	-0.001909441
143.22	-0.001919424
143.24	-0.00187318
143.26	-0.001792942
143.28	-0.00175514
143.3	-0.001695407
143.32	-0.001613952
143.34	-0.001451745
143.36	-0.001234426
143.38	-0.001001593
143.4	-0.000768804
143.42	-0.000522438
143.44	-0.000354539
143.46	-0.000270156
143.48	-0.000207479
143.5	-0.000140617
143.52	-2.07238E-05
143.54	7.93925E-05
143.56	0.000219814
143.58	0.000399458
143.6	0.000630998
143.62	0.000857167
143.64	0.001065477
143.66	0.001276328
143.68	0.001396699
143.7	0.001445629
143.72	0.001432896
143.74	0.001391936
143.76	0.001359673
143.78	0.001334166
143.8	0.001344409
143.82	0.00139937
143.84	0.001481812
143.86	0.001570611
143.88	0.001667463
143.9	0.001798342
143.92	0.001825503
143.94	0.001822362
143.96	0.001793094
143.98	0.00171835
144	0.001612219
144.02	0.001477173
144.04	0.001393098
144.06	0.001308388
144.08	0.001214106
144.1	0.00110907
144.12	0.00105285
144.14	0.000958656
144.16	0.000817033
144.18	0.000656309
144.2	0.000498968
144.22	0.000353072
144.24	0.000198542
144.26	5.60466E-05
144.28	-5.07033E-05
144.3	-0.000134308
144.32	-0.000217625
144.34	-0.00029674
144.36	-0.000397641
144.38	-0.000518076
144.4	-0.000670265
144.42	-0.000859238
144.44	-0.001046234
144.46	-0.001218947
144.48	-0.00134203
144.5	-0.001418794
144.52	-0.001454975
144.54	-0.001458974
144.56	-0.001448384
144.58	-0.001421603
144.6	-0.001411969
144.62	-0.001418954
144.64	-0.001449459
144.66	-0.001505723
144.68	-0.001575891
144.7	-0.001643823
144.72	-0.001660298
144.74	-0.001620705
144.76	-0.00154294
144.78	-0.001424226
144.8	-0.001290226
144.82	-0.001130982
144.84	-0.000977363
144.86	-0.000840386
144.88	-0.000723074
144.9	-0.000632985
144.92	-0.000570286
144.94	-0.000527913
144.96	-0.000466975
144.98	-0.00037783
145	-0.000268704
145.02	-0.00015272
145.04	-1.58454E-05
145.06	0.000119227
145.08	0.000239832
145.1	0.000351271
145.12	0.00045836
145.14	0.000552159
145.16	0.000630461
145.18	0.00070922
145.2	0.000804828
145.22	0.000910274
145.24	0.001013438
145.26	0.001122418
145.28	0.001226036
145.3	0.001300465
145.32	0.001329955
145.34	0.00133126
145.36	0.001321559
145.38	0.001294856
145.4	0.001263908
145.42	0.001244032
145.44	0.001252488
145.46	0.00127411
145.48	0.001287759
145.5	0.001310367