0	0
0.02	1.32476E-11
0.04	9.70823E-11
0.06	3.21808E-10
0.08	7.57348E-10
0.1	1.47315E-09
0.12	2.53811E-09
0.14	4.02057E-09
0.16	5.98822E-09
0.18	8.50817E-09
0.2	1.16471E-08
0.22	1.54709E-08
0.24	2.00444E-08
0.26	2.54284E-08
0.28	3.16729E-08
0.3	3.88013E-08
0.32	4.67968E-08
0.34	5.56139E-08
0.36	6.52132E-08
0.38	7.55702E-08
0.4	8.66501E-08
0.42	9.84127E-08
0.44	1.10824E-07
0.46	1.23848E-07
0.48	1.37448E-07
0.5	1.51586E-07
0.52	1.66219E-07
0.54	1.81304E-07
0.56	1.96796E-07
0.58	2.12658E-07
0.6	2.28844E-07
0.62	2.45296E-07
0.64	2.61939E-07
0.66	2.78673E-07
0.68	2.95383E-07
0.7	3.11959E-07
0.72	3.28308E-07
0.74	3.44352E-07
0.76	3.60009E-07
0.78	3.75205E-07
0.8	3.8988E-07
0.82	4.03982E-07
0.84	4.1746E-07
0.86	4.3027E-07
0.88	4.42374E-07
0.9	4.53735E-07
0.92	4.64327E-07
0.94	4.74127E-07
0.96	4.83112E-07
0.98	4.91267E-07
1	4.98579E-07
1.02	5.05041E-07
1.04	5.10649E-07
1.06	5.154E-07
1.08	5.193E-07
1.1	5.22357E-07
1.12	5.24585E-07
1.14	5.25997E-07
1.16	5.26623E-07
1.18	5.2651E-07
1.2	5.25724E-07
1.22	5.24346E-07
1.24	5.2246E-07
1.26	5.20143E-07
1.28	5.17457E-07
1.3	5.14459E-07
1.32	5.11203E-07
1.34	5.07747E-07
1.36	5.04137E-07
1.38	5.00411E-07
1.4	4.9661E-07
1.42	4.92779E-07
1.44	4.88958E-07
1.46	4.85179E-07
1.48	4.8147E-07
1.5	4.77869E-07
1.52	4.74421E-07
1.54	4.71178E-07
1.56	4.68198E-07
1.58	4.65526E-07
1.6	4.63196E-07
1.62	4.61227E-07
1.64	4.59622E-07
1.66	4.58375E-07
1.68	4.57474E-07
1.7	4.56899E-07
1.72	4.56621E-07
1.74	4.56603E-07
1.76	4.5681E-07
1.78	4.57203E-07
1.8	4.5774E-07
1.82	4.5837E-07
1.84	4.59046E-07
1.86	4.59717E-07
1.88	4.60333E-07
1.9	4.6084E-07
1.92	4.61183E-07
1.94	4.61308E-07
1.96	4.61157E-07
1.98	4.60674E-07
2	4.59799E-07
2.02	4.58472E-07
2.04	4.56631E-07
2.06	4.54207E-07
2.08	4.5112E-07
2.1	4.47287E-07
2.12	4.42629E-07
2.14	4.37077E-07
2.16	4.30579E-07
2.18	4.23092E-07
2.2	4.14583E-07
2.22	4.05025E-07
2.24	3.94397E-07
2.26	3.82683E-07
2.28	3.69872E-07
2.3	3.55955E-07
2.32	3.40926E-07
2.34	3.24779E-07
2.36	3.07515E-07
2.38	2.89135E-07
2.4	2.69638E-07
2.42	2.49015E-07
2.44	2.27258E-07
2.46	2.04367E-07
2.48	1.80354E-07
2.5	1.55243E-07
2.52	1.29068E-07
2.54	1.01867E-07
2.56	7.36869E-08
2.58	4.4574E-08
2.6	1.4577E-08
2.62	-1.62562E-08
2.64	-4.78794E-08
2.66	-8.02471E-08
2.68	-1.13317E-07
2.7	-1.47051E-07
2.72	-1.8141E-07
2.74	-2.16359E-07
2.76	-2.51868E-07
2.78	-2.87909E-07
2.8	-3.24458E-07
2.82	-3.61493E-07
2.84	-3.98993E-07
2.86	-4.36941E-07
2.88	-4.75325E-07
2.9	-5.14133E-07
2.92	-5.53356E-07
2.94	-5.92983E-07
2.96	-6.33002E-07
2.98	-6.73406E-07
3	-7.1419E-07
3.02	-7.55359E-07
3.04	-7.96935E-07
3.06	-8.38949E-07
3.08	-8.81441E-07
3.1	-9.24455E-07
3.12	-9.68039E-07
3.14	-1.01225E-06
3.16	-1.05712E-06
3.18	-1.10273E-06
3.2	-1.14911E-06
3.22	-1.19631E-06
3.24	-1.2444E-06
3.26	-1.29341E-06
3.28	-1.34339E-06
3.3	-1.39439E-06
3.32	-1.44645E-06
3.34	-1.49961E-06
3.36	-1.55392E-06
3.38	-1.60944E-06
3.4	-1.66622E-06
3.42	-1.72432E-06
3.44	-1.78382E-06
3.46	-1.84475E-06
3.48	-1.90719E-06
3.5	-1.97117E-06
3.52	-2.03674E-06
3.54	-2.10393E-06
3.56	-2.17278E-06
3.58	-2.24332E-06
3.6	-2.31555E-06
3.62	-2.38951E-06
3.64	-2.4652E-06
3.66	-2.54264E-06
3.68	-2.62181E-06
3.7	-2.70274E-06
3.72	-2.7854E-06
3.74	-2.86981E-06
3.76	-2.95595E-06
3.78	-3.04382E-06
3.8	-3.1334E-06
3.82	-3.22469E-06
3.84	-3.31767E-06
3.86	-3.41234E-06
3.88	-3.50868E-06
3.9	-3.60666E-06
3.92	-3.70626E-06
3.94	-3.80745E-06
3.96	-3.91018E-06
3.98	-4.01441E-06
4	-4.12012E-06
4.02	-4.22726E-06
4.04	-4.3358E-06
4.06	-4.44571E-06
4.08	-4.55698E-06
4.1	-4.66958E-06
4.12	-4.7835E-06
4.14	-4.89872E-06
4.16	-5.01524E-06
4.18	-5.13305E-06
4.2	-5.25216E-06
4.22	-5.37257E-06
4.24	-5.49427E-06
4.26	-5.61727E-06
4.28	-5.74155E-06
4.3	-5.86713E-06
4.32	-5.99399E-06
4.34	-6.12214E-06
4.36	-6.25161E-06
4.38	-6.38239E-06
4.4	-6.51452E-06
4.42	-6.64803E-06
4.44	-6.78294E-06
4.46	-6.91929E-06
4.48	-7.05713E-06
4.5	-7.19648E-06
4.52	-7.33741E-06
4.54	-7.47994E-06
4.56	-7.62413E-06
4.58	-7.77002E-06
4.6	-7.91766E-06
4.62	-8.06708E-06
4.64	-8.21834E-06
4.66	-8.37148E-06
4.68	-8.52653E-06
4.7	-8.68354E-06
4.72	-8.84254E-06
4.74	-9.00357E-06
4.76	-9.16666E-06
4.78	-9.33186E-06
4.8	-9.49919E-06
4.82	-9.66869E-06
4.84	-9.84041E-06
4.86	-1.00144E-05
4.88	-1.01906E-05
4.9	-1.03692E-05
4.92	-1.05501E-05
4.94	-1.07333E-05
4.96	-1.09189E-05
4.98	-1.11068E-05
5	-1.12971E-05
5.02	-1.14897E-05
5.04	-1.16847E-05
5.06	-1.1882E-05
5.08	-1.20816E-05
5.1	-1.22834E-05
5.12	-1.24876E-05
5.14	-1.2694E-05
5.16	-1.29027E-05
5.18	-1.31136E-05
5.2	-1.33268E-05
5.22	-1.35421E-05
5.24	-1.37597E-05
5.26	-1.39794E-05
5.28	-1.42013E-05
5.3	-1.44252E-05
5.32	-1.46512E-05
5.34	-1.48793E-05
5.36	-1.51094E-05
5.38	-1.53414E-05
5.4	-1.55754E-05
5.42	-1.58113E-05
5.44	-1.60492E-05
5.46	-1.62888E-05
5.48	-1.65304E-05
5.5	-1.67738E-05
5.52	-1.7019E-05
5.54	-1.7266E-05
5.56	-1.75148E-05
5.58	-1.77653E-05
5.6	-1.80177E-05
5.62	-1.82719E-05
5.64	-1.85278E-05
5.66	-1.87855E-05
5.68	-1.90451E-05
5.7	-1.93063E-05
5.72	-1.95694E-05
5.74	-1.98342E-05
5.76	-2.01009E-05
5.78	-2.03693E-05
5.8	-2.06395E-05
5.82	-2.09116E-05
5.84	-2.11855E-05
5.86	-2.14613E-05
5.88	-2.1739E-05
5.9	-2.20186E-05
5.92	-2.23002E-05
5.94	-2.25837E-05
5.96	-2.28692E-05
5.98	-2.31568E-05
6	-2.34463E-05
6.02	-2.37379E-05
6.04	-2.40315E-05
6.06	-2.43272E-05
6.08	-2.4625E-05
6.1	-2.49248E-05
6.12	-2.52267E-05
6.14	-2.55307E-05
6.16	-2.58367E-05
6.18	-2.61448E-05
6.2	-2.64551E-05
6.22	-2.67674E-05
6.24	-2.70818E-05
6.26	-2.73982E-05
6.28	-2.77168E-05
6.3	-2.80374E-05
6.32	-2.836E-05
6.34	-2.86846E-05
6.36	-2.90112E-05
6.38	-2.93397E-05
6.4	-2.96702E-05
6.42	-3.00025E-05
6.44	-3.03367E-05
6.46	-3.06726E-05
6.48	-3.10103E-05
6.5	-3.13497E-05
6.52	-3.16908E-05
6.54	-3.20335E-05
6.56	-3.23777E-05
6.58	-3.27235E-05
6.6	-3.30707E-05
6.62	-3.34194E-05
6.64	-3.37694E-05
6.66	-3.41208E-05
6.68	-3.44734E-05
6.7	-3.48272E-05
6.72	-3.51822E-05
6.74	-3.55382E-05
6.76	-3.58953E-05
6.78	-3.62534E-05
6.8	-3.66123E-05
6.82	-3.69722E-05
6.84	-3.73328E-05
6.86	-3.76942E-05
6.88	-3.80564E-05
6.9	-3.84192E-05
6.92	-3.87826E-05
6.94	-3.91467E-05
6.96	-3.95113E-05
6.98	-3.98765E-05
7	-4.02421E-05
7.02	-4.06082E-05
7.04	-4.09746E-05
7.06	-4.13414E-05
7.08	-4.17086E-05
7.1	-4.2076E-05
7.12	-4.24437E-05
7.14	-4.28116E-05
7.16	-4.31796E-05
7.18	-4.35479E-05
7.2	-4.39162E-05
7.22	-4.42846E-05
7.24	-4.4653E-05
7.26	-4.50215E-05
7.28	-4.53899E-05
7.3	-4.57583E-05
7.32	-4.61266E-05
7.34	-4.64947E-05
7.36	-4.68627E-05
7.38	-4.72305E-05
7.4	-4.7598E-05
7.42	-4.79652E-05
7.44	-4.83321E-05
7.46	-4.86985E-05
7.48	-4.90645E-05
7.5	-4.943E-05
7.52	-4.97948E-05
7.54	-5.01591E-05
7.56	-5.05226E-05
7.58	-5.08853E-05
7.6	-5.12472E-05
7.62	-5.16081E-05
7.64	-5.19681E-05
7.66	-5.2327E-05
7.68	-5.26847E-05
7.7	-5.30412E-05
7.72	-5.33964E-05
7.74	-5.37501E-05
7.76	-5.41024E-05
7.78	-5.44529E-05
7.8	-5.48018E-05
7.82	-5.51488E-05
7.84	-5.54938E-05
7.86	-5.58368E-05
7.88	-5.61776E-05
7.9	-5.65162E-05
7.92	-5.68523E-05
7.94	-5.7186E-05
7.96	-5.75171E-05
7.98	-5.78454E-05
8	-5.81709E-05
8.02	-5.84934E-05
8.04	-5.88128E-05
8.06	-5.91291E-05
8.08	-5.9442E-05
8.1	-5.97514E-05
8.12	-6.00573E-05
8.14	-6.03595E-05
8.16	-6.06579E-05
8.18	-6.09524E-05
8.2	-6.12428E-05
8.22	-6.1529E-05
8.24	-6.18109E-05
8.26	-6.20884E-05
8.28	-6.23614E-05
8.3	-6.26297E-05
8.32	-6.28932E-05
8.34	-6.31518E-05
8.36	-6.34055E-05
8.38	-6.3654E-05
8.4	-6.38972E-05
8.42	-6.41351E-05
8.44	-6.43676E-05
8.46	-6.45944E-05
8.48	-6.48154E-05
8.5	-6.50307E-05
8.52	-6.52399E-05
8.54	-6.54431E-05
8.56	-6.564E-05
8.58	-6.58306E-05
8.6	-6.60147E-05
8.62	-6.61922E-05
8.64	-6.6363E-05
8.66	-6.6527E-05
8.68	-6.66839E-05
8.7	-6.68338E-05
8.72	-6.69764E-05
8.74	-6.71117E-05
8.76	-6.72394E-05
8.78	-6.73594E-05
8.8	-6.74716E-05
8.82	-6.75758E-05
8.84	-6.76719E-05
8.86	-6.77597E-05
8.88	-6.7839E-05
8.9	-6.79097E-05
8.92	-6.79717E-05
8.94	-6.80247E-05
8.96	-6.80685E-05
8.98	-6.81031E-05
9	-6.81282E-05
9.02	-6.81437E-05
9.04	-6.81494E-05
9.06	-6.8145E-05
9.08	-6.81304E-05
9.1	-6.81054E-05
9.12	-6.80699E-05
9.14	-6.80235E-05
9.16	-6.79662E-05
9.18	-6.78977E-05
9.2	-6.78177E-05
9.22	-6.77262E-05
9.24	-6.76229E-05
9.26	-6.75075E-05
9.28	-6.73799E-05
9.3	-6.72398E-05
9.32	-6.70871E-05
9.34	-6.69216E-05
9.36	-6.67429E-05
9.38	-6.65509E-05
9.4	-6.63454E-05
9.42	-6.61262E-05
9.44	-6.58931E-05
9.46	-6.56457E-05
9.48	-6.5384E-05
9.5	-6.51076E-05
9.52	-6.48164E-05
9.54	-6.45101E-05
9.56	-6.41885E-05
9.58	-6.38514E-05
9.6	-6.34986E-05
9.62	-6.31298E-05
9.64	-6.27449E-05
9.66	-6.23435E-05
9.68	-6.19256E-05
9.7	-6.14908E-05
9.72	-6.10389E-05
9.74	-6.05698E-05
9.76	-6.00832E-05
9.78	-5.95789E-05
9.8	-5.90566E-05
9.82	-5.85162E-05
9.84	-5.79573E-05
9.86	-5.73798E-05
9.88	-5.67835E-05
9.9	-5.6168E-05
9.92	-5.55333E-05
9.94	-5.4879E-05
9.96	-5.42049E-05
9.98	-5.35108E-05
10	-5.27965E-05
10.02	-5.20617E-05
10.04	-5.13061E-05
10.06	-5.05296E-05
10.08	-4.97319E-05
10.1	-4.89128E-05
10.12	-4.80719E-05
10.14	-4.72091E-05
10.16	-4.63242E-05
10.18	-4.54167E-05
10.2	-4.44866E-05
10.22	-4.35335E-05
10.24	-4.25572E-05
10.26	-4.15575E-05
10.28	-4.05339E-05
10.3	-3.94864E-05
10.32	-3.84146E-05
10.34	-3.73182E-05
10.36	-3.6197E-05
10.38	-3.50508E-05
10.4	-3.38792E-05
10.42	-3.26819E-05
10.44	-3.14587E-05
10.46	-3.02094E-05
10.48	-2.89335E-05
10.5	-2.76309E-05
10.52	-2.63013E-05
10.54	-2.49443E-05
10.56	-2.35597E-05
10.58	-2.21472E-05
10.6	-2.07066E-05
10.62	-1.92374E-05
10.64	-1.77395E-05
10.66	-1.62125E-05
10.68	-1.46562E-05
10.7	-1.30703E-05
10.72	-1.14544E-05
10.74	-9.80843E-06
10.76	-8.13195E-06
10.78	-6.42471E-06
10.8	-4.68643E-06
10.82	-2.91683E-06
10.84	-1.11563E-06
10.86	7.17455E-07
10.88	2.58271E-06
10.9	4.4804E-06
10.92	6.41082E-06
10.94	8.37424E-06
10.96	1.03709E-05
10.98	1.24012E-05
11	1.44652E-05
11.02	1.65634E-05
11.04	1.86959E-05
11.06	2.0863E-05
11.08	2.3065E-05
11.1	2.53021E-05
11.12	2.75747E-05
11.14	2.9883E-05
11.16	3.22271E-05
11.18	3.46075E-05
11.2	3.70244E-05
11.22	3.94779E-05
11.24	4.19684E-05
11.26	4.44962E-05
11.28	4.70614E-05
11.3	4.96643E-05
11.32	5.23053E-05
11.34	5.49844E-05
11.36	5.77021E-05
11.38	6.04585E-05
11.4	6.32538E-05
11.42	6.60884E-05
11.44	6.89624E-05
11.46	7.18762E-05
11.48	7.48299E-05
11.5	7.78238E-05
11.52	8.08581E-05
11.54	8.39331E-05
11.56	8.7049E-05
11.58	9.0206E-05
11.6	9.34045E-05
11.62	9.66446E-05
11.64	9.99265E-05
11.66	0.000103251
11.68	0.000106617
11.7	0.000110026
11.72	0.000113477
11.74	0.000116972
11.76	0.00012051
11.78	0.000124091
11.8	0.000127716
11.82	0.000131385
11.84	0.000135098
11.86	0.000138855
11.88	0.000142657
11.9	0.000146503
11.92	0.000150394
11.94	0.000154331
11.96	0.000158312
11.98	0.000162339
12	0.000166412
12.02	0.00017053
12.04	0.000174694
12.06	0.000178905
12.08	0.000183162
12.1	0.000187465
12.12	0.000191815
12.14	0.000196212
12.16	0.000200655
12.18	0.000205146
12.2	0.000209683
12.22	0.000214268
12.24	0.000218901
12.26	0.000223581
12.28	0.000228308
12.3	0.000233083
12.32	0.000237906
12.34	0.000242777
12.36	0.000247696
12.38	0.000252662
12.4	0.000257677
12.42	0.00026274
12.44	0.000267851
12.46	0.00027301
12.48	0.000278218
12.5	0.000283474
12.52	0.000288778
12.54	0.00029413
12.56	0.000299531
12.58	0.00030498
12.6	0.000310477
12.62	0.000316023
12.64	0.000321617
12.66	0.000327259
12.68	0.000332949
12.7	0.000338688
12.72	0.000344474
12.74	0.000350308
12.76	0.000356191
12.78	0.000362121
12.8	0.000368099
12.82	0.000374125
12.84	0.000380198
12.86	0.000386318
12.88	0.000392486
12.9	0.000398701
12.92	0.000404963
12.94	0.000411272
12.96	0.000417628
12.98	0.00042403
13	0.000430478
13.02	0.000436973
13.04	0.000443514
13.06	0.0004501
13.08	0.000456732
13.1	0.000463409
13.12	0.000470131
13.14	0.000476898
13.16	0.000483709
13.18	0.000490565
13.2	0.000497465
13.22	0.000504408
13.24	0.000511395
13.26	0.000518424
13.28	0.000525496
13.3	0.000532611
13.32	0.000539767
13.34	0.000546965
13.36	0.000554204
13.38	0.000561484
13.4	0.000568804
13.42	0.000576164
13.44	0.000583563
13.46	0.000591001
13.48	0.000598478
13.5	0.000605992
13.52	0.000613544
13.54	0.000621133
13.56	0.000628759
13.58	0.00063642
13.6	0.000644116
13.62	0.000651846
13.64	0.000659611
13.66	0.000667409
13.68	0.00067524
13.7	0.000683103
13.72	0.000690997
13.74	0.000698922
13.76	0.000706876
13.78	0.00071486
13.8	0.000722872
13.82	0.000730912
13.84	0.000738979
13.86	0.000747072
13.88	0.00075519
13.9	0.000763332
13.92	0.000771498
13.94	0.000779686
13.96	0.000787897
13.98	0.000796128
14	0.000804378
14.02	0.000812648
14.04	0.000820936
14.06	0.00082924
14.08	0.00083756
14.1	0.000845895
14.12	0.000854244
14.14	0.000862605
14.16	0.000870978
14.18	0.000879362
14.2	0.000887755
14.22	0.000896155
14.24	0.000904563
14.26	0.000912976
14.28	0.000921394
14.3	0.000929815
14.32	0.000938238
14.34	0.000946662
14.36	0.000955084
14.38	0.000963505
14.4	0.000971922
14.42	0.000980335
14.44	0.000988741
14.46	0.000997139
14.48	0.001005529
14.5	0.001013907
14.52	0.001022273
14.54	0.001030626
14.56	0.001038963
14.58	0.001047283
14.6	0.001055585
14.62	0.001063867
14.64	0.001072126
14.66	0.001080363
14.68	0.001088573
14.7	0.001096757
14.72	0.001104912
14.74	0.001113036
14.76	0.001121127
14.78	0.001129185
14.8	0.001137206
14.82	0.001145188
14.84	0.001153131
14.86	0.001161031
14.88	0.001168887
14.9	0.001176697
14.92	0.001184459
14.94	0.00119217
14.96	0.001199829
14.98	0.001207432
15	0.00121563
15.02	0.001225469
15.04	0.001233646
15.06	0.001242904
15.08	0.001250065
15.1	0.001258277
15.12	0.001263673
15.14	0.001269712
15.16	0.001270981
15.18	0.001269716
15.2	0.001248432
15.22	0.001173512
15.24	0.000999064
15.26	0.000792847
15.28	0.000594398
15.3	0.000463026
15.32	0.000450415
15.34	0.00053397
15.36	0.000622543
15.38	0.0006432
15.4	0.000644852
15.42	0.000685078
15.44	0.000838773
15.46	0.001063985
15.48	0.001307081
15.5	0.001504664
15.52	0.001571474
15.54	0.001473313
15.56	0.001193382
15.58	0.000625491
15.6	-0.00018008
15.62	-0.001145707
15.64	-0.002090163
15.66	-0.00279533
15.68	-0.003376451
15.7	-0.003975728
15.72	-0.00459742
15.74	-0.005119727
15.76	-0.00540748
15.78	-0.005271599
15.8	-0.004736938
15.82	-0.003797292
15.84	-0.002476874
15.86	-0.000851343
15.88	0.001000029
15.9	0.003002311
15.92	0.005130848
15.94	0.007379043
15.96	0.009597835
15.98	0.011778257
16	0.013866918
16.02	0.01574832
16.04	0.017271281
16.06	0.018311808
16.08	0.018785881
16.1	0.018704634
16.12	0.017995508
16.14	0.016612737
16.16	0.014556259
16.18	0.011968103
16.2	0.008874048
16.22	0.005289076
16.24	0.001150776
16.26	-0.003525035
16.28	-0.008674051
16.3	-0.014079518
16.32	-0.019683055
16.34	-0.025328354
16.36	-0.030949211
16.38	-0.036397229
16.4	-0.041520176
16.42	-0.046189864
16.44	-0.050456961
16.46	-0.054365251
16.48	-0.058011383
16.5	-0.061347677
16.52	-0.064233414
16.54	-0.066507387
16.56	-0.068134955
16.58	-0.069246758
16.6	-0.07004941
16.62	-0.070722089
16.64	-0.071458811
16.66	-0.072300214
16.68	-0.073198126
16.7	-0.074076061
16.72	-0.074852845
16.74	-0.075466767
16.76	-0.075892677
16.78	-0.076169454
16.8	-0.076554933
16.82	-0.077273979
16.84	-0.078181615
16.86	-0.078859621
16.88	-0.079006778
16.9	-0.078647012
16.92	-0.077805879
16.94	-0.07629468
16.96	-0.073884886
16.98	-0.070427057
17	-0.065898617
17.02	-0.060180729
17.04	-0.053204988
17.06	-0.044950133
17.08	-0.035395558
17.1	-0.024803179
17.12	-0.013478303
17.14	-0.001707478
17.16	0.010041171
17.18	0.021437543
17.2	0.032468191
17.22	0.042994134
17.24	0.052679828
17.26	0.061151671
17.28	0.067936618
17.3	0.072883846
17.32	0.075968977
17.34	0.07712039
17.36	0.076474216
17.38	0.074376907
17.4	0.071446224
17.42	0.068406227
17.44	0.065249719
17.46	0.061953014
17.48	0.058297627
17.5	0.05423908
17.52	0.049524116
17.54	0.04375842
17.56	0.036660683
17.58	0.028065979
17.6	0.018082201
17.62	0.007413662
17.64	-0.003150592
17.66	-0.012716782
17.68	-0.020932593
17.7	-0.027692639
17.72	-0.032904266
17.74	-0.036698173
17.76	-0.038975222
17.78	-0.0394392
17.8	-0.037391451
17.82	-0.032616119
17.84	-0.025199147
17.86	-0.015409706
17.88	-0.003755781
17.9	0.008894412
17.92	0.021924828
17.94	0.035231825
17.96	0.048977957
17.98	0.063191871
18	0.078174735
18.02	0.094009387
18.04	0.110514417
18.06	0.127254958
18.08	0.144194158
18.1	0.161080423
18.12	0.177889163
18.14	0.19452035
18.16	0.210833781
18.18	0.226221185
18.2	0.240325501
18.22	0.252927311
18.24	0.264229489
18.26	0.274309641
18.28	0.283236126
18.3	0.290767439
18.32	0.296855199
18.34	0.30132218
18.36	0.304047017
18.38	0.304897996
18.4	0.303970162
18.42	0.301358174
18.44	0.297309959
18.46	0.291865237
18.48	0.285165915
18.5	0.276825275
18.52	0.266637905
18.54	0.254337367
18.56	0.240454363
18.58	0.225511318
18.6	0.209741597
18.62	0.193764636
18.64	0.177767938
18.66	0.161893417
18.68	0.146611746
18.7	0.13206603
18.72	0.118245616
18.74	0.105020535
18.76	0.092402598
18.78	0.080574193
18.8	0.069646214
18.82	0.059513406
18.84	0.050255149
18.86	0.04195186
18.88	0.034525429
18.9	0.028067472
18.92	0.022615304
18.94	0.01807974
18.96	0.014343425
18.98	0.011286344
19	0.008968496
19.02	0.007466654
19.04	0.006815471
19.06	0.006859413
19.08	0.007242819
19.1	0.007981442
19.12	0.009070728
19.14	0.010106816
19.16	0.010099802
19.18	0.008709958
19.2	0.006046907
19.22	0.002560179
19.24	-0.001797348
19.26	-0.006833687
19.28	-0.012531298
19.3	-0.018720774
19.32	-0.025669061
19.34	-0.033413575
19.36	-0.042071981
19.38	-0.051585453
19.4	-0.062060223
19.42	-0.073066008
19.44	-0.084329579
19.46	-0.095709183
19.48	-0.107355888
19.5	-0.119336072
19.52	-0.131862278
19.54	-0.144717768
19.56	-0.157512469
19.58	-0.169509288
19.6	-0.18048689
19.62	-0.190359465
19.64	-0.199050057
19.66	-0.206507016
19.68	-0.212791455
19.7	-0.217984327
19.72	-0.222056102
19.74	-0.225032487
19.76	-0.226902519
19.78	-0.22782203
19.8	-0.228012475
19.82	-0.227937967
19.84	-0.227877904
19.86	-0.228005313
19.88	-0.228095513
19.9	-0.227649362
19.92	-0.22612756
19.94	-0.223697534
19.96	-0.220444921
19.98	-0.216690492
20	-0.212601261
20.02	-0.208502332
20.04	-0.20441741
20.06	-0.200292155
20.08	-0.195684548
20.1	-0.190716691
20.12	-0.185449951
20.14	-0.179969267
20.16	-0.174261827
20.18	-0.168319934
20.2	-0.161639992
20.22	-0.154472315
20.24	-0.146767662
20.26	-0.138628429
20.28	-0.129978399
20.3	-0.120779903
20.32	-0.110937804
20.34	-0.10056518
20.36	-0.089433693
20.38	-0.077170352
20.4	-0.063723219
20.42	-0.049411521
20.44	-0.034177532
20.46	-0.018290438
20.48	-0.00194845
20.5	0.01475868
20.52	0.032012631
20.54	0.049628737
20.56	0.067417651
20.58	0.084982045
20.6	0.101877794
20.62	0.117713514
20.64	0.132250779
20.66	0.145442649
20.68	0.157534916
20.7	0.16866632
20.72	0.179127419
20.74	0.188739562
20.76	0.197296597
20.78	0.204502521
20.8	0.210135534
20.82	0.21409068
20.84	0.216277741
20.86	0.216708363
20.88	0.215458991
20.9	0.212704715
20.92	0.208525257
20.94	0.202978716
20.96	0.195951423
20.98	0.187459917
21	0.177708956
21.02	0.167012455
21.04	0.155557267
21.06	0.143394879
21.08	0.130530645
21.1	0.117675758
21.12	0.105091107
21.14	0.09292583
21.16	0.081248185
21.18	0.070031997
21.2	0.059249302
21.22	0.049020609
21.24	0.03945881
21.26	0.030700871
21.28	0.022893346
21.3	0.01617522
21.32	0.010513215
21.34	0.006104249
21.36	0.0028472
21.38	0.000595504
21.4	-0.000872304
21.42	-0.001795467
21.44	-0.002310483
21.46	-0.002495139
21.48	-0.002272704
21.5	-0.001629653
21.52	-0.00062389
21.54	0.000618486
21.56	0.002165095
21.58	0.003953296
21.6	0.00543185
21.62	0.006604235
21.64	0.007635108
21.66	0.008714571
21.68	0.010038088
21.7	0.011664282
21.72	0.013493567
21.74	0.015324703
21.76	0.017050262
21.78	0.018744651
21.8	0.020448775
21.82	0.022213314
21.84	0.024256421
21.86	0.026902297
21.88	0.030301795
21.9	0.034415519
21.92	0.03911279
21.94	0.044293869
21.96	0.049748734
21.98	0.055191436
22	0.060403367
22.02	0.065290985
22.04	0.069650098
22.06	0.073169809
22.08	0.075702991
22.1	0.077359952
22.12	0.078358203
22.14	0.078913437
22.16	0.079106865
22.18	0.078926017
22.2	0.078350184
22.22	0.077529189
22.24	0.076429901
22.26	0.075058184
22.28	0.073478072
22.3	0.071733829
22.32	0.069727144
22.34	0.067349079
22.36	0.064671618
22.38	0.061694819
22.4	0.058448285
22.42	0.054984403
22.44	0.051381885
22.46	0.047813004
22.48	0.044387217
22.5	0.041031035
22.52	0.037508925
22.54	0.033519811
22.56	0.029072407
22.58	0.024227522
22.6	0.019099112
22.62	0.013706114
22.64	0.008146258
22.66	0.002378739
22.68	-0.003686524
22.7	-0.009997205
22.72	-0.01644555
22.74	-0.022969629
22.76	-0.029357031
22.78	-0.035501426
22.8	-0.041209958
22.82	-0.046569033
22.84	-0.051834972
22.86	-0.057330786
22.88	-0.063020908
22.9	-0.068888965
22.92	-0.074884231
22.94	-0.081152813
22.96	-0.08779888
22.98	-0.094918473
23	-0.102341953
23.02	-0.109862495
23.04	-0.117187287
23.06	-0.12419214
23.08	-0.130672004
23.1	-0.136498006
23.12	-0.141495493
23.14	-0.145775173
23.16	-0.14927557
23.18	-0.152143434
23.2	-0.154356228
23.22	-0.155823476
23.24	-0.156404222
23.26	-0.156147004
23.28	-0.154983712
23.3	-0.153053006
23.32	-0.150295468
23.34	-0.146585542
23.36	-0.141817791
23.38	-0.135987901
23.4	-0.12898798
23.42	-0.120797467
23.44	-0.111306649
23.46	-0.100663064
23.48	-0.089002622
23.5	-0.076608475
23.52	-0.063520711
23.54	-0.050072122
23.56	-0.036589613
23.58	-0.023245167
23.6	-0.010103936
23.62	0.00272272
23.64	0.015255243
23.66	0.027467541
23.68	0.039350538
23.7	0.05071494
23.72	0.061596148
23.74	0.072063352
23.76	0.082282781
23.78	0.092100498
23.8	0.101439836
23.82	0.110098968
23.84	0.118147893
23.86	0.125537845
23.88	0.132279024
23.9	0.138236427
23.92	0.143410503
23.94	0.147574558
23.96	0.15073979
23.98	0.152825974
24	0.154020637
24.02	0.15421432
24.04	0.153530685
24.06	0.151901722
24.08	0.149669162
24.1	0.147021309
24.12	0.144043983
24.14	0.140621128
24.16	0.136825584
24.18	0.132780019
24.2	0.129107302
24.22	0.125882013
24.24	0.123122884
24.26	0.120720086
24.28	0.118811465
24.3	0.117317742
24.32	0.11630688
24.34	0.115729266
24.36	0.115531464
24.38	0.115382063
24.4	0.11501947
24.42	0.114061627
24.44	0.112227673
24.46	0.109513508
24.48	0.106345033
24.5	0.102958567
24.52	0.099668523
24.54	0.096796874
24.56	0.094709312
24.58	0.09321362
24.6	0.091990519
24.62	0.091031423
24.64	0.090212774
24.66	0.089350575
24.68	0.088346602
24.7	0.087030879
24.72	0.085173217
24.74	0.0825572
24.76	0.07981111
24.78	0.077324001
24.8	0.07510848
24.82	0.073346729
24.84	0.072041706
24.86	0.071144137
24.88	0.070588057
24.9	0.070360688
24.92	0.070155491
24.94	0.069757647
24.96	0.069055714
24.98	0.06792872
25	0.066374543
25.02	0.064451149
25.04	0.061962101
25.06	0.058820281
25.08	0.054852838
25.1	0.050198508
25.12	0.045101868
25.14	0.039868323
25.16	0.03461566
25.18	0.029525125
25.2	0.024732135
25.22	0.020279297
25.24	0.016025042
25.26	0.011473226
25.28	0.006512663
25.3	0.001297985
25.32	-0.004195211
25.34	-0.009772426
25.36	-0.015337059
25.38	-0.02086516
25.4	-0.026385359
25.42	-0.031999718
25.44	-0.037726076
25.46	-0.043525606
25.48	-0.04943526
25.5	-0.055471706
25.52	-0.061752114
25.54	-0.068173457
25.56	-0.074692877
25.58	-0.081104271
25.6	-0.087187695
25.62	-0.092688461
25.64	-0.097305672
25.66	-0.100868675
25.68	-0.103543455
25.7	-0.105545584
25.72	-0.107133545
25.74	-0.108380736
25.76	-0.109305987
25.78	-0.109802349
25.8	-0.109758271
25.82	-0.109007452
25.84	-0.107516945
25.86	-0.105213753
25.88	-0.102113152
25.9	-0.098162302
25.92	-0.093343665
25.94	-0.087596413
25.96	-0.080943464
25.98	-0.073407693
26	-0.065041916
26.02	-0.055829876
26.04	-0.045790898
26.06	-0.034936474
26.08	-0.023498314
26.1	-0.011540635
26.12	0.000731647
26.14	0.013039898
26.16	0.025037263
26.18	0.036492069
26.2	0.047192437
26.22	0.057182031
26.24	0.066532544
26.26	0.075382889
26.28	0.083748117
26.3	0.091612266
26.32	0.098805239
26.34	0.105211175
26.36	0.110621472
26.38	0.114847675
26.4	0.117789925
26.42	0.119562698
26.44	0.120251929
26.46	0.119939565
26.48	0.118651719
26.5	0.116415428
26.52	0.113241554
26.54	0.109204208
26.56	0.104307056
26.58	0.098775275
26.6	0.093323749
26.62	0.088219011
26.64	0.083555697
26.66	0.0794798
26.68	0.076000425
26.7	0.073062785
26.72	0.070588543
26.74	0.068525745
26.76	0.066955481
26.78	0.065916955
26.8	0.06531839
26.82	0.065123538
26.84	0.065155974
26.86	0.06528443
26.88	0.065451011
26.9	0.065549082
26.92	0.065478063
26.94	0.065091055
26.96	0.064099847
26.98	0.061999141
27	0.058658932
27.02	0.05398092
27.04	0.047902208
27.06	0.040415783
27.08	0.031710831
27.1	0.02216716
27.12	0.012058268
27.14	0.001639889
27.16	-0.008939232
27.18	-0.019567196
27.2	-0.029979381
27.22	-0.039619171
27.24	-0.048253409
27.26	-0.055854233
27.28	-0.062324255
27.3	-0.067597052
27.32	-0.071667021
27.34	-0.074432286
27.36	-0.07585603
27.38	-0.075922614
27.4	-0.074661776
27.42	-0.07202869
27.44	-0.068048949
27.46	-0.062782221
27.48	-0.056410497
27.5	-0.049065953
27.52	-0.040856968
27.54	-0.031900944
27.56	-0.022195706
27.58	-0.01141518
27.6	0.000265491
27.62	0.012699683
27.64	0.025429135
27.66	0.037811611
27.68	0.049701923
27.7	0.061017178
27.72	0.071612291
27.74	0.081463441
27.76	0.090584944
27.78	0.09895088
27.8	0.106576518
27.82	0.113311304
27.84	0.11897056
27.86	0.123665868
27.88	0.127379889
27.9	0.130139704
27.92	0.131985258
27.94	0.133025926
27.96	0.133397278
27.98	0.133240178
28	0.13255639
28.02	0.131318662
28.04	0.129427358
28.06	0.126807404
28.08	0.123359197
28.1	0.119552276
28.12	0.115633364
28.14	0.111482398
28.16	0.107067082
28.18	0.102568509
28.2	0.097925861
28.22	0.093096375
28.24	0.088109272
28.26	0.082953632
28.28	0.077699203
28.3	0.072176455
28.32	0.066244579
28.34	0.059825221
28.36	0.053001989
28.38	0.045882335
28.4	0.038556793
28.42	0.031020305
28.44	0.023301158
28.46	0.015566636
28.48	0.007846029
28.5	0.00017046
28.52	-0.007487215
28.54	-0.01510518
28.56	-0.022430848
28.58	-0.029223018
28.6	-0.03549861
28.62	-0.041271872
28.64	-0.046576641
28.66	-0.051311151
28.68	-0.05537546
28.7	-0.05868621
28.72	-0.061316242
28.74	-0.063262782
28.76	-0.064475009
28.78	-0.064890734
28.8	-0.064616624
28.82	-0.063681216
28.84	-0.062030481
28.86	-0.059643275
28.88	-0.056388862
28.9	-0.052234858
28.92	-0.047547161
28.94	-0.042481181
28.96	-0.03723996
28.98	-0.031981328
29	-0.02683906
29.02	-0.021892672
29.04	-0.016936475
29.06	-0.011853594
29.08	-0.006599066
29.1	-0.001217969
29.12	0.004233871
29.14	0.009582626
29.16	0.014641884
29.18	0.019259278
29.2	0.023360818
29.22	0.02688811
29.24	0.029730936
29.26	0.031939242
29.28	0.033678924
29.3	0.034931434
29.32	0.035712108
29.34	0.036000675
29.36	0.035694148
29.38	0.034623409
29.4	0.032616934
29.42	0.02971323
29.44	0.025853296
29.46	0.020942085
29.48	0.015007846
29.5	0.008221227
29.52	0.000781959
29.54	-0.007076437
29.56	-0.014991275
29.58	-0.022951315
29.6	-0.030953708
29.62	-0.038891909
29.64	-0.046636039
29.66	-0.05396592
29.68	-0.060749357
29.7	-0.066909073
29.72	-0.0724099
29.74	-0.077228738
29.76	-0.08140335
29.78	-0.084966086
29.8	-0.08787293
29.82	-0.089975655
29.84	-0.091120759
29.86	-0.091132493
29.88	-0.08999595
29.9	-0.087838264
29.92	-0.084803885
29.94	-0.08095724
29.96	-0.076327039
29.98	-0.070976462
30	-0.06493695
30.02	-0.058162089
30.04	-0.050877934
30.06	-0.04352448
30.08	-0.036346309
30.1	-0.02958749
30.12	-0.023383467
30.14	-0.017770911
30.16	-0.012619138
30.18	-0.00779947
30.2	-0.003305406
30.22	0.00082732
30.24	0.004539655
30.26	0.007723993
30.28	0.010362268
30.3	0.012504916
30.32	0.014289606
30.34	0.015804814
30.36	0.017150863
30.38	0.018360656
30.4	0.019516215
30.42	0.020673266
30.44	0.022009064
30.46	0.023827584
30.48	0.026176608
30.5	0.029065538
30.52	0.032498492
30.54	0.036305597
30.56	0.040176485
30.58	0.043939932
30.6	0.047465029
30.62	0.05071218
30.64	0.053654888
30.66	0.056142062
30.68	0.057799061
30.7	0.058178388
30.72	0.057142803
30.74	0.0547144
30.76	0.051011782
30.78	0.046305274
30.8	0.040685178
30.82	0.034161694
30.84	0.026857053
30.86	0.018887213
30.88	0.010292062
30.9	0.001135736
30.92	-0.008498532
30.94	-0.018471729
30.96	-0.028637042
30.98	-0.038828492
31	-0.048551969
31.02	-0.057616662
31.04	-0.065875691
31.06	-0.07314737
31.08	-0.079244436
31.1	-0.084069311
31.12	-0.087582067
31.14	-0.089716
31.16	-0.090362225
31.18	-0.089441571
31.2	-0.086945761
31.22	-0.082967332
31.24	-0.077631553
31.26	-0.071042769
31.28	-0.063341413
31.3	-0.054658536
31.32	-0.045134541
31.34	-0.034904222
31.36	-0.024003561
31.38	-0.012399179
31.4	-0.000308872
31.42	0.011797056
31.44	0.023742606
31.46	0.035362937
31.48	0.046486969
31.5	0.056942442
31.52	0.066627193
31.54	0.075441596
31.56	0.083276431
31.58	0.089965538
31.6	0.095447292
31.62	0.099841969
31.64	0.103141072
31.66	0.105358495
31.68	0.106509127
31.7	0.106684986
31.72	0.106002596
31.74	0.104618255
31.76	0.102556012
31.78	0.099794976
31.8	0.09623299
31.82	0.091931741
31.84	0.086978379
31.86	0.081645933
31.88	0.076461037
31.9	0.071562741
31.92	0.067084444
31.94	0.063007883
31.96	0.059380435
31.98	0.056082803
32	0.053029449
32.02	0.05023438
32.04	0.047775341
32.06	0.045618241
32.08	0.043596708
32.1	0.04154156
32.12	0.039250461
32.14	0.036645549
32.16	0.033711744
32.18	0.030491293
32.2	0.027066167
32.22	0.02345644
32.24	0.01953315
32.26	0.015056371
32.28	0.010092651
32.3	0.004760153
32.32	-0.000895807
32.34	-0.006852815
32.36	-0.013005845
32.38	-0.019156667
32.4	-0.024890877
32.42	-0.030031077
32.44	-0.034475833
32.46	-0.038244223
32.48	-0.04125621
32.5	-0.043385065
32.52	-0.044530831
32.54	-0.044650902
32.56	-0.043685893
32.58	-0.041614471
32.6	-0.038457205
32.62	-0.034268801
32.64	-0.029088459
32.66	-0.02306288
32.68	-0.016286988
32.7	-0.008908464
32.72	-0.001089202
32.74	0.007023878
32.76	0.015252248
32.78	0.023379307
32.8	0.031391317
32.82	0.039262391
32.84	0.046943273
32.86	0.054219409
32.88	0.06075126
32.9	0.06633898
32.92	0.07094507
32.94	0.074659086
32.96	0.07759299
32.98	0.079891947
33	0.081551969
33.02	0.082558048
33.04	0.082860921
33.06	0.082404582
33.08	0.081127509
33.1	0.079007137
33.12	0.075979317
33.14	0.072017268
33.16	0.067111064
33.18	0.0612585
33.2	0.054445438
33.22	0.047128821
33.24	0.039492992
33.26	0.031697033
33.28	0.02387006
33.3	0.016214833
33.32	0.008857121
33.34	0.00182508
33.36	-0.00482497
33.38	-0.010941149
33.4	-0.016481808
33.42	-0.021414408
33.44	-0.025808196
33.46	-0.029707814
33.48	-0.033156134
33.5	-0.036089086
33.52	-0.038556129
33.54	-0.040592953
33.56	-0.042252808
33.58	-0.043482613
33.6	-0.044245005
33.62	-0.044471252
33.64	-0.044183772
33.66	-0.043456456
33.68	-0.042316989
33.7	-0.040722744
33.72	-0.038664376
33.74	-0.036437575
33.76	-0.034266766
33.78	-0.032100379
33.8	-0.02991592
33.82	-0.027647832
33.84	-0.025279934
33.86	-0.022825334
33.88	-0.020343226
33.9	-0.017752312
33.92	-0.014867669
33.94	-0.011597137
33.96	-0.008035088
33.98	-0.004292791
34	-0.000514837
34.02	0.003277687
34.04	0.00727446
34.06	0.011673694
34.08	0.016374327
34.1	0.021280093
34.12	0.026254549
34.14	0.031219347
34.16	0.03622871
34.18	0.041213933
34.2	0.04600825
34.22	0.050469772
34.24	0.054535017
34.26	0.058184221
34.28	0.061304744
34.3	0.063719255
34.32	0.065276878
34.34	0.066063998
34.36	0.066208566
34.38	0.065877038
34.4	0.065143677
34.42	0.064036268
34.44	0.062421297
34.46	0.060415161
34.48	0.058007502
34.5	0.055312347
34.52	0.052358698
34.54	0.049055106
34.56	0.045357992
34.58	0.041272557
34.6	0.036924907
34.62	0.032369322
34.64	0.027529736
34.66	0.022462469
34.68	0.017303729
34.7	0.012190395
34.72	0.007155581
34.74	0.002237477
34.76	-0.002618883
34.78	-0.007332255
34.8	-0.011744499
34.82	-0.015747342
34.84	-0.019289542
34.86	-0.022322002
34.88	-0.024865854
34.9	-0.026967307
34.92	-0.028652192
34.94	-0.029937576
34.96	-0.030799311
34.98	-0.0311025
35	-0.030660501
35.02	-0.029229417
35.04	-0.026769982
35.06	-0.023360328
35.08	-0.019159573
35.1	-0.014268402
35.12	-0.008687316
35.14	-0.002378299
35.16	0.004371393
35.18	0.011279912
35.2	0.018246723
35.22	0.025056893
35.24	0.031495212
35.26	0.037352905
35.28	0.042555956
35.3	0.047077992
35.32	0.050936461
35.34	0.054323279
35.36	0.057400093
35.38	0.060281854
35.4	0.062951573
35.42	0.065350761
35.44	0.067379942
35.46	0.068986525
35.48	0.070111865
35.5	0.070752202
35.52	0.070820644
35.54	0.070239897
35.56	0.068924169
35.58	0.066858767
35.6	0.064493348
35.62	0.062026774
35.64	0.059528256
35.66	0.057113286
35.68	0.054905132
35.7	0.052979333
35.72	0.051245732
35.74	0.049456573
35.76	0.047380481
35.78	0.044983728
35.8	0.042260445
35.82	0.03916428
35.84	0.035666516
35.86	0.031761397
35.88	0.027457569
35.9	0.022868264
35.92	0.018071286
35.94	0.013122542
35.96	0.00817971
35.98	0.003420375
36	-0.001127671
36.02	-0.00549397
36.04	-0.00984502
36.06	-0.014494923
36.08	-0.019547495
36.1	-0.025034372
36.12	-0.030770658
36.14	-0.03659983
36.16	-0.042491063
36.18	-0.048388586
36.2	-0.054168006
36.22	-0.05966358
36.24	-0.064753762
36.26	-0.069349278
36.28	-0.073438066
36.3	-0.07691748
36.32	-0.079602266
36.34	-0.081556389
36.36	-0.082879093
36.38	-0.083606192
36.4	-0.083797156
36.42	-0.083460329
36.44	-0.082590593
36.46	-0.081126535
36.48	-0.079018262
36.5	-0.076209874
36.52	-0.072617493
36.54	-0.068091185
36.56	-0.062593531
36.58	-0.056157418
36.6	-0.048792952
36.62	-0.040610543
36.64	-0.032070976
36.66	-0.023582337
36.68	-0.015333805
36.7	-0.007467123
36.72	-0.000106859
36.74	0.006806432
36.76	0.013288717
36.78	0.019452448
36.8	0.025335462
36.82	0.030900173
36.84	0.036073088
36.86	0.040782563
36.88	0.044979483
36.9	0.04872611
36.92	0.05207182
36.94	0.05507624
36.96	0.057779255
36.98	0.060136619
37	0.062043724
37.02	0.063346675
37.04	0.063867159
37.06	0.063481137
37.08	0.062149148
37.1	0.060139765
37.12	0.058149267
37.14	0.056299746
37.16	0.05461853
37.18	0.053037957
37.2	0.051500433
37.22	0.04995994
37.24	0.048408318
37.26	0.046873307
37.28	0.045414494
37.3	0.043910598
37.32	0.042198497
37.34	0.040130036
37.36	0.037634571
37.38	0.034596929
37.4	0.031019982
37.42	0.027144946
37.44	0.023179259
37.46	0.019191847
37.48	0.015356948
37.5	0.01159028
37.52	0.007957387
37.54	0.004599225
37.56	0.001521342
37.58	-0.001298998
37.6	-0.003792987
37.62	-0.005827943
37.64	-0.007324925
37.66	-0.008234173
37.68	-0.008582756
37.7	-0.008428814
37.72	-0.007796123
37.74	-0.006644207
37.76	-0.00486699
37.78	-0.002306978
37.8	0.001119765
37.82	0.005379501
37.84	0.010385732
37.86	0.016175299
37.88	0.022667964
37.9	0.029417574
37.92	0.036178857
37.94	0.042916863
37.96	0.049616601
37.98	0.056294525
38	0.062939364
38.02	0.069498795
38.04	0.075898773
38.06	0.082108568
38.08	0.08816984
38.1	0.094119781
38.12	0.099886338
38.14	0.105360475
38.16	0.110424367
38.18	0.114941029
38.2	0.118787164
38.22	0.121830331
38.24	0.123952105
38.26	0.125011859
38.28	0.12494253
38.3	0.123742654
38.32	0.121495707
38.34	0.118336307
38.36	0.114424402
38.38	0.109867486
38.4	0.104721796
38.42	0.09912749
38.44	0.093276159
38.46	0.087335248
38.48	0.081506122
38.5	0.075815809
38.52	0.07033345
38.54	0.065090634
38.56	0.060137589
38.58	0.055474341
38.6	0.051091838
38.62	0.046990514
38.64	0.043110451
38.66	0.039391883
38.68	0.035782941
38.7	0.032297652
38.72	0.028999308
38.74	0.025957091
38.76	0.023211968
38.78	0.020771751
38.8	0.018639661
38.82	0.016757514
38.84	0.015022025
38.86	0.013109562
38.88	0.011111209
38.9	0.009164178
38.92	0.007363112
38.94	0.00579332
38.96	0.004483426
38.98	0.003524216
39	0.00289537
39.02	0.00252444
39.04	0.002400089
39.06	0.002603284
39.08	0.003253899
39.1	0.004444027
39.12	0.006196534
39.14	0.008438212
39.16	0.011124008
39.18	0.01408887
39.2	0.017230557
39.22	0.020509787
39.24	0.02386969
39.26	0.027161325
39.28	0.030309543
39.3	0.033321061
39.32	0.036196765
39.34	0.038874313
39.36	0.041236165
39.38	0.043203981
39.4	0.044610916
39.42	0.045289667
39.44	0.045092946
39.46	0.04390348
39.48	0.041834806
39.5	0.039088436
39.52	0.035891609
39.54	0.032407588
39.56	0.028697236
39.58	0.024627694
39.6	0.020055941
39.62	0.014919442
39.64	0.009178702
39.66	0.002903358
39.68	-0.003698806
39.7	-0.010525573
39.72	-0.01743953
39.74	-0.024352862
39.76	-0.031416814
39.78	-0.038794519
39.8	-0.046496809
39.82	-0.054382326
39.84	-0.062234757
39.86	-0.069896501
39.88	-0.077319777
39.9	-0.084617402
39.92	-0.091878087
39.94	-0.098952196
39.96	-0.105710667
39.98	-0.112018112
40	-0.117813518
40.02	-0.12294314
40.04	-0.12730371
40.06	-0.13097491
40.08	-0.134073779
40.1	-0.136569274
40.12	-0.138465864
40.14	-0.13972546
40.16	-0.140362453
40.18	-0.140400635
40.2	-0.139848533
40.22	-0.138585802
40.24	-0.136685321
40.26	-0.134084456
40.28	-0.130920513
40.3	-0.127228705
40.32	-0.123159509
40.34	-0.118684353
40.36	-0.113784153
40.38	-0.108633675
40.4	-0.103293476
40.42	-0.097762305
40.44	-0.092101727
40.46	-0.086396138
40.48	-0.080662085
40.5	-0.074897892
40.52	-0.069173982
40.54	-0.063520807
40.56	-0.057915589
40.58	-0.052379346
40.6	-0.047038054
40.62	-0.04202879
40.64	-0.037506854
40.66	-0.033562837
40.68	-0.030203973
40.7	-0.027388012
40.72	-0.025061824
40.74	-0.02333051
40.76	-0.022288298
40.78	-0.022008713
40.8	-0.022499116
40.82	-0.023761726
40.84	-0.025819115
40.86	-0.028715298
40.88	-0.032412113
40.9	-0.036750914
40.92	-0.041488503
40.94	-0.046346419
40.96	-0.051119425
40.98	-0.055812192
41	-0.060383699
41.02	-0.064828445
41.04	-0.069263151
41.06	-0.07371099
41.08	-0.078063835
41.1	-0.082128656
41.12	-0.085731327
41.14	-0.088592754
41.16	-0.090654261
41.18	-0.092018826
41.2	-0.09290333
41.22	-0.09346739
41.24	-0.093831118
41.26	-0.094022506
41.28	-0.094021885
41.3	-0.093797172
41.32	-0.09362824
41.34	-0.093846076
41.36	-0.094334752
41.38	-0.094811018
41.4	-0.095123948
41.42	-0.095089466
41.44	-0.094430115
41.46	-0.092935942
41.48	-0.090584907
41.5	-0.087300057
41.52	-0.083101264
41.54	-0.078096202
41.56	-0.072534554
41.58	-0.066541753
41.6	-0.059817403
41.62	-0.052313378
41.64	-0.044111409
41.66	-0.035302866
41.68	-0.025873428
41.7	-0.015847947
41.72	-0.00536115
41.74	0.005264109
41.76	0.01603125
41.78	0.026963446
41.8	0.038047706
41.82	0.0491931
41.84	0.060267894
41.86	0.071076049
41.88	0.081410067
41.9	0.091137762
41.92	0.100011533
41.94	0.10787265
41.96	0.114672858
41.98	0.120466694
42	0.125468784
42.02	0.12985672
42.04	0.133785415
42.06	0.137237776
42.08	0.140142484
42.1	0.142461351
42.12	0.144089934
42.14	0.144910446
42.16	0.14485579
42.18	0.143903823
42.2	0.142101577
42.22	0.139436477
42.24	0.1359488
42.26	0.131727578
42.28	0.126895304
42.3	0.121923621
42.32	0.117060575
42.34	0.112480091
42.36	0.108254881
42.38	0.104466339
42.4	0.101156188
42.42	0.098316679
42.44	0.095897068
42.46	0.093832122
42.48	0.091932675
42.5	0.090163094
42.52	0.088430263
42.54	0.086733405
42.56	0.085138905
42.58	0.083741607
42.6	0.082637411
42.62	0.08191046
42.64	0.081641659
42.66	0.081884768
42.68	0.082652923
42.7	0.08393192
42.72	0.08569214
42.74	0.08774971
42.76	0.089719346
42.78	0.091576678
42.8	0.093230533
42.82	0.094678199
42.84	0.095968404
42.86	0.097202321
42.88	0.098497515
42.9	0.100010094
42.92	0.101879406
42.94	0.104189838
42.96	0.106965109
42.98	0.110062421
43	0.113360116
43.02	0.116677615
43.04	0.119852548
43.06	0.122731787
43.08	0.125369999
43.1	0.127921393
43.12	0.13038596
43.14	0.132728414
43.16	0.134896305
43.18	0.136790991
43.2	0.138204873
43.22	0.139134595
43.24	0.139632165
43.26	0.139555269
43.28	0.138725678
43.3	0.137037242
43.32	0.134388066
43.34	0.13068344
43.36	0.125903216
43.38	0.120082972
43.4	0.113337395
43.42	0.106114033
43.44	0.098672475
43.46	0.091146207
43.48	0.083614289
43.5	0.076105365
43.52	0.068621079
43.54	0.06119817
43.56	0.053818074
43.58	0.046439646
43.6	0.039004163
43.62	0.031465512
43.64	0.023756137
43.66	0.015831577
43.68	0.007654879
43.7	-0.000726799
43.72	-0.00922324
43.74	-0.017639962
43.76	-0.025847205
43.78	-0.033773999
43.8	-0.041393297
43.82	-0.04870861
43.84	-0.055672419
43.86	-0.061998781
43.88	-0.067513311
43.9	-0.072156458
43.92	-0.075928558
43.94	-0.078853831
43.96	-0.080997207
43.98	-0.082514242
44	-0.083762442
44.02	-0.084786238
44.04	-0.085544247
44.06	-0.085982269
44.08	-0.085983034
44.1	-0.085473688
44.12	-0.084489432
44.14	-0.083108504
44.16	-0.081447435
44.18	-0.079455942
44.2	-0.077140351
44.22	-0.074475865
44.24	-0.071333947
44.26	-0.06770642
44.28	-0.063835943
44.3	-0.059691634
44.32	-0.055287981
44.34	-0.0505876
44.36	-0.045660352
44.38	-0.040553223
44.4	-0.035309347
44.42	-0.029979581
44.44	-0.024625815
44.46	-0.019338495
44.48	-0.014175217
44.5	-0.009173381
44.52	-0.004369115
44.54	0.000215654
44.56	0.004583679
44.58	0.0086863
44.6	0.012472169
44.62	0.015941242
44.64	0.019030813
44.66	0.021655443
44.68	0.023733944
44.7	0.025237281
44.72	0.026144509
44.74	0.02645812
44.76	0.026131443
44.78	0.025129973
44.8	0.023429801
44.82	0.021098355
44.84	0.018165825
44.86	0.014701925
44.88	0.010785671
44.9	0.006501548
44.92	0.002125099
44.94	-0.00207864
44.96	-0.006027732
44.98	-0.009734011
45	-0.013223777
45.02	-0.016530161
45.04	-0.019671951
45.06	-0.02266428
45.08	-0.025499692
45.1	-0.028205547
45.12	-0.030821372
45.14	-0.033346712
45.16	-0.035796315
45.18	-0.038128875
45.2	-0.040316359
45.22	-0.042328813
45.24	-0.044140371
45.26	-0.045689384
45.28	-0.046992437
45.3	-0.048212762
45.32	-0.049281248
45.34	-0.050041451
45.36	-0.050322675
45.38	-0.050005364
45.4	-0.049076164
45.42	-0.047505708
45.44	-0.045299057
45.46	-0.04247349
45.48	-0.039022415
45.5	-0.034953295
45.52	-0.030284569
45.54	-0.025011737
45.56	-0.019219559
45.58	-0.013041472
45.6	-0.00659631
45.62	-8.03474E-05
45.64	0.006322564
45.66	0.012574062
45.68	0.018658979
45.7	0.024622248
45.72	0.030505393
45.74	0.036304365
45.76	0.041963345
45.78	0.047441462
45.8	0.052705212
45.82	0.057732203
45.84	0.062481637
45.86	0.06693056
45.88	0.071061528
45.9	0.074855038
45.92	0.078232882
45.94	0.081110225
45.96	0.083388084
45.98	0.085044832
46	0.086128313
46.02	0.086692443
46.04	0.086774166
46.06	0.086378026
46.08	0.085463495
46.1	0.084084609
46.12	0.082234473
46.14	0.079855573
46.16	0.076939302
46.18	0.073504075
46.2	0.06957364
46.22	0.065153427
46.24	0.060241463
46.26	0.054991578
46.28	0.049471254
46.3	0.043727444
46.32	0.037861119
46.34	0.031983526
46.36	0.026193214
46.38	0.020582862
46.4	0.015171002
46.42	0.0098978
46.44	0.004732452
46.46	-0.000322486
46.48	-0.005231203
46.5	-0.009922158
46.52	-0.014331538
46.54	-0.018382119
46.56	-0.021982016
46.58	-0.025051215
46.6	-0.027556456
46.62	-0.029524722
46.64	-0.03101798
46.66	-0.032078424
46.68	-0.032716592
46.7	-0.032922376
46.72	-0.032718159
46.74	-0.03220368
46.76	-0.031606542
46.78	-0.030962805
46.8	-0.030254574
46.82	-0.029399727
46.84	-0.028370654
46.86	-0.027166122
46.88	-0.025755731
46.9	-0.024136387
46.92	-0.022299323
46.94	-0.020216916
46.96	-0.017908928
46.98	-0.015415006
47	-0.012728064
47.02	-0.009818751
47.04	-0.006752678
47.06	-0.003637837
47.08	-0.000586043
47.1	0.002287314
47.12	0.004995225
47.14	0.007478298
47.16	0.009669047
47.18	0.011554402
47.2	0.01302488
47.22	0.013998055
47.24	0.014412419
47.26	0.014217058
47.28	0.013387323
47.3	0.011947171
47.32	0.009890933
47.34	0.007238563
47.36	0.003967056
47.38	6.03741E-05
47.4	-0.004427864
47.42	-0.009109741
47.44	-0.013791485
47.46	-0.018427853
47.48	-0.023077754
47.5	-0.027818377
47.52	-0.032702844
47.54	-0.037710998
47.56	-0.042729568
47.58	-0.047680954
47.6	-0.052528026
47.62	-0.057215495
47.64	-0.061668242
47.66	-0.065829111
47.68	-0.06967489
47.7	-0.073214662
47.72	-0.076467478
47.74	-0.079434815
47.76	-0.082037577
47.78	-0.08423665
47.8	-0.086026
47.82	-0.08737667
47.84	-0.088240082
47.86	-0.08857159
47.88	-0.088292337
47.9	-0.087346914
47.92	-0.085756417
47.94	-0.083645779
47.96	-0.081063159
47.98	-0.077998772
48	-0.074432585
48.02	-0.070414969
48.04	-0.066128407
48.06	-0.061639235
48.08	-0.056970596
48.1	-0.052129255
48.12	-0.047112378
48.14	-0.041927987
48.16	-0.036645529
48.18	-0.031303661
48.2	-0.025937136
48.22	-0.020564826
48.24	-0.01519493
48.26	-0.009847019
48.28	-0.004503133
48.3	0.000870814
48.32	0.006257744
48.34	0.011590787
48.36	0.016789513
48.38	0.021814465
48.4	0.026617941
48.42	0.031177147
48.44	0.035476298
48.46	0.039490935
48.48	0.04318049
48.5	0.0465436
48.52	0.04960339
48.54	0.052363336
48.56	0.054783334
48.58	0.056759066
48.6	0.058181148
48.62	0.059002347
48.64	0.059244546
48.66	0.058957402
48.68	0.058181964
48.7	0.056954984
48.72	0.055338082
48.74	0.053413747
48.76	0.051255067
48.78	0.048881563
48.8	0.04624127
48.82	0.043275306
48.84	0.039981538
48.86	0.036601934
48.88	0.033226901
48.9	0.02986831
48.92	0.026567006
48.94	0.023348283
48.96	0.020299662
48.98	0.017518056
49	0.015096877
49.02	0.013044954
49.04	0.011379887
49.06	0.010102862
49.08	0.009200995
49.1	0.008634586
49.12	0.008354239
49.14	0.008288497
49.16	0.008375434
49.18	0.008562628
49.2	0.008842027
49.22	0.009241449
49.24	0.009801963
49.26	0.010579241
49.28	0.011615019
49.3	0.012921237
49.32	0.01443537
49.34	0.016138414
49.36	0.017991196
49.38	0.019969389
49.4	0.022078302
49.42	0.024291846
49.44	0.026559082
49.46	0.028824541
49.48	0.031028235
49.5	0.033199621
49.52	0.035378533
49.54	0.037592806
49.56	0.039835978
49.58	0.042067096
49.6	0.044233228
49.62	0.046317642
49.64	0.048295674
49.66	0.050094786
49.68	0.051650552
49.7	0.052919774
49.72	0.053892708
49.74	0.054607705
49.76	0.055079715
49.78	0.055325605
49.8	0.055343456
49.82	0.055100849
49.84	0.054579826
49.86	0.053858288
49.88	0.052977905
49.9	0.051870202
49.92	0.050480329
49.94	0.048776336
49.96	0.046710951
49.98	0.044238523
50	0.041343672
50.02	0.038097677
50.04	0.034586728
50.06	0.030849362
50.08	0.026940469
50.1	0.022898005
50.12	0.018779334
50.14	0.014668184
50.16	0.010646941
50.18	0.006793406
50.2	0.003166
50.22	-0.00021552
50.24	-0.003364072
50.26	-0.006310525
50.28	-0.009064542
50.3	-0.011606628
50.32	-0.013949293
50.34	-0.01610042
50.36	-0.018020663
50.38	-0.019639666
50.4	-0.020895541
50.42	-0.021802601
50.44	-0.022386196
50.46	-0.0225554
50.48	-0.022226085
50.5	-0.021391829
50.52	-0.020146884
50.54	-0.018826455
50.56	-0.017511943
50.58	-0.016199931
50.6	-0.01486929
50.62	-0.013521023
50.64	-0.012090521
50.66	-0.0106397
50.68	-0.009258971
50.7	-0.007912566
50.72	-0.006507956
50.74	-0.004953528
50.76	-0.003236702
50.78	-0.001381415
50.8	0.000565584
50.82	0.002580749
50.84	0.004657505
50.86	0.006741071
50.88	0.008738409
50.9	0.010642674
50.92	0.012441475
50.94	0.014132958
50.96	0.015691322
50.98	0.017118458
51	0.018473313
51.02	0.019728192
51.04	0.020893696
51.06	0.021959834
51.08	0.022917917
51.1	0.023737387
51.12	0.024382329
51.14	0.024807718
51.16	0.024988879
51.18	0.024896476
51.2	0.024470923
51.22	0.023691005
51.24	0.02256575
51.26	0.021126705
51.28	0.019355249
51.3	0.017258423
51.32	0.01502197
51.34	0.01272043
51.36	0.010305892
51.38	0.00775312
51.4	0.005034151
51.42	0.002156034
51.44	-0.000852637
51.46	-0.003908125
51.48	-0.006942026
51.5	-0.009900005
51.52	-0.012730558
51.54	-0.015373563
51.56	-0.017782818
51.58	-0.01990672
51.6	-0.02167542
51.62	-0.023019657
51.64	-0.023902947
51.66	-0.024325725
51.68	-0.024307724
51.7	-0.023886331
51.72	-0.023131155
51.74	-0.02210444
51.76	-0.020864097
51.78	-0.019418325
51.8	-0.017730616
51.82	-0.015726381
51.84	-0.013361748
51.86	-0.010769571
51.88	-0.008080217
51.9	-0.005329467
51.92	-0.002554805
51.94	0.000248144
51.96	0.003067097
51.98	0.005880732
52	0.008679675
52.02	0.01148437
52.04	0.014292111
52.06	0.017095369
52.08	0.0198637
52.1	0.022594188
52.12	0.02530841
52.14	0.028092888
52.16	0.031043169
52.18	0.034166916
52.2	0.037372607
52.22	0.040572648
52.24	0.043693138
52.26	0.046677789
52.28	0.049490769
52.3	0.0521129
52.32	0.054565986
52.34	0.056840625
52.36	0.058935712
52.38	0.060815625
52.4	0.062431381
52.42	0.063709349
52.44	0.064590464
52.46	0.065076077
52.48	0.065178639
52.5	0.064931672
52.52	0.064369606
52.54	0.063483708
52.56	0.062234816
52.58	0.060595818
52.6	0.058481806
52.62	0.055795714
52.64	0.0524586
52.66	0.048448367
52.68	0.043837573
52.7	0.038927784
52.72	0.033824709
52.74	0.028604123
52.76	0.023317902
52.78	0.018020662
52.8	0.012740648
52.82	0.007497714
52.84	0.002298904
52.86	-0.002853234
52.88	-0.007977782
52.9	-0.013075678
52.92	-0.018123042
52.94	-0.023078252
52.96	-0.027924388
52.98	-0.032626766
53	-0.037138889
53.02	-0.041385713
53.04	-0.04526663
53.06	-0.048692915
53.08	-0.051646135
53.1	-0.054077953
53.12	-0.055978634
53.14	-0.057357939
53.16	-0.058254575
53.18	-0.058717031
53.2	-0.058784809
53.22	-0.058468138
53.24	-0.057807967
53.26	-0.056866081
53.28	-0.055798009
53.3	-0.054694811
53.32	-0.053630948
53.34	-0.052622443
53.36	-0.05163311
53.38	-0.050647228
53.4	-0.049643901
53.42	-0.048589439
53.44	-0.047487991
53.46	-0.046290932
53.48	-0.044957981
53.5	-0.043459132
53.52	-0.041780062
53.54	-0.039888971
53.56	-0.037781579
53.58	-0.035458519
53.6	-0.032978208
53.62	-0.030428147
53.64	-0.027851237
53.66	-0.025272154
53.68	-0.022778959
53.7	-0.020436999
53.72	-0.018335929
53.74	-0.016544029
53.76	-0.015096539
53.78	-0.014001926
53.8	-0.013278776
53.82	-0.012914556
53.84	-0.012916731
53.86	-0.013278375
53.88	-0.013989023
53.9	-0.015020507
53.92	-0.016321442
53.94	-0.017855715
53.96	-0.019632046
53.98	-0.021611975
54	-0.023743832
54.02	-0.025918368
54.04	-0.027934192
54.06	-0.02975213
54.08	-0.031369006
54.1	-0.03275411
54.12	-0.033893455
54.14	-0.034749815
54.16	-0.035299437
54.18	-0.035496402
54.2	-0.035346071
54.22	-0.034841211
54.24	-0.034020966
54.26	-0.032938682
54.28	-0.031660245
54.3	-0.030274682
54.32	-0.028915647
54.34	-0.027502019
54.36	-0.025960941
54.38	-0.024289261
54.4	-0.022462652
54.42	-0.020487519
54.44	-0.018395478
54.46	-0.016200535
54.48	-0.013936662
54.5	-0.011616532
54.52	-0.009269215
54.54	-0.006898063
54.56	-0.004509842
54.58	-0.002122187
54.6	0.000233055
54.62	0.002564148
54.64	0.004894084
54.66	0.007224479
54.68	0.009551395
54.7	0.01184474
54.72	0.014078236
54.74	0.016236725
54.76	0.01833409
54.78	0.020394925
54.8	0.022423057
54.82	0.024392454
54.84	0.026262224
54.86	0.027997417
54.88	0.029579635
54.9	0.031012006
54.92	0.032306589
54.94	0.033491864
54.96	0.03461335
54.98	0.035697924
55	0.036712764
55.02	0.037620572
55.04	0.038365277
55.06	0.038881114
55.08	0.039123691
55.1	0.039053884
55.12	0.038626602
55.14	0.037853055
55.16	0.036759786
55.18	0.035389475
55.2	0.033772757
55.22	0.031986255
55.24	0.030089542
55.26	0.028078949
55.28	0.025945212
55.3	0.023704003
55.32	0.021422612
55.34	0.01918223
55.36	0.016991579
55.38	0.014883344
55.4	0.012906435
55.42	0.011101596
55.44	0.009469109
55.46	0.00803731
55.48	0.006808045
55.5	0.005812432
55.52	0.005065791
55.54	0.004589745
55.56	0.004435787
55.58	0.004622374
55.6	0.005155847
55.62	0.006045087
55.64	0.007275143
55.66	0.008794073
55.68	0.010508764
55.7	0.012256778
55.72	0.013949599
55.74	0.015573789
55.76	0.0171264
55.78	0.018589953
55.8	0.019941555
55.82	0.021155713
55.84	0.022262727
55.86	0.023314791
55.88	0.024387523
55.9	0.025530458
55.92	0.026742049
55.94	0.027992706
55.96	0.029267278
55.98	0.030543023
56	0.03176556
56.02	0.032926725
56.04	0.03405511
56.06	0.035246005
56.08	0.036536828
56.1	0.037916438
56.12	0.039364737
56.14	0.040873167
56.16	0.042439184
56.18	0.044004906
56.2	0.04549806
56.22	0.046921744
56.24	0.048291255
56.26	0.04951726
56.28	0.050499319
56.3	0.051172417
56.32	0.051507596
56.34	0.051524944
56.36	0.051234178
56.38	0.050654151
56.4	0.049738289
56.42	0.048514296
56.44	0.046992462
56.46	0.04517904
56.48	0.043071825
56.5	0.040712895
56.52	0.03808575
56.54	0.035165191
56.56	0.031926469
56.58	0.028471306
56.6	0.024958084
56.62	0.021390769
56.64	0.017745726
56.66	0.014017965
56.68	0.010225017
56.7	0.006398036
56.72	0.00259733
56.74	-0.001104915
56.76	-0.004681212
56.78	-0.008105301
56.8	-0.011359356
56.82	-0.014427548
56.84	-0.017288952
56.86	-0.019922879
56.88	-0.022317289
56.9	-0.024449639
56.92	-0.026305669
56.94	-0.02791358
56.96	-0.029282618
56.98	-0.030465829
57	-0.031492273
57.02	-0.032383933
57.04	-0.033164317
57.06	-0.033813157
57.08	-0.034292471
57.1	-0.034572465
57.12	-0.034629094
57.14	-0.034464798
57.16	-0.034240466
57.18	-0.034081671
57.2	-0.034021311
57.22	-0.034064721
57.24	-0.034197203
57.26	-0.034411648
57.28	-0.034690066
57.3	-0.035003909
57.32	-0.03530179
57.34	-0.035533588
57.36	-0.035659883
57.38	-0.035667588
57.4	-0.035505879
57.42	-0.035193842
57.44	-0.034759396
57.46	-0.0342167
57.48	-0.033571704
57.5	-0.032785862
57.52	-0.031857002
57.54	-0.030796599
57.56	-0.029617605
57.58	-0.028333145
57.6	-0.026923612
57.62	-0.025376499
57.64	-0.023679459
57.66	-0.02184273
57.68	-0.020038098
57.7	-0.018295249
57.72	-0.016605525
57.74	-0.014935264
57.76	-0.01328547
57.78	-0.011695812
57.8	-0.010202425
57.82	-0.008835045
57.84	-0.007653675
57.86	-0.006694098
57.88	-0.005973565
57.9	-0.005463755
57.92	-0.005118689
57.94	-0.004880742
57.96	-0.00469485
57.98	-0.004557437
58	-0.004486424
58.02	-0.004486722
58.04	-0.004560193
58.06	-0.004692365
58.08	-0.004870247
58.1	-0.005092564
58.12	-0.005386141
58.14	-0.00569565
58.16	-0.005934719
58.18	-0.006099494
58.2	-0.006178751
58.22	-0.006157147
58.24	-0.006038059
58.26	-0.005819651
58.28	-0.005491679
58.3	-0.005077118
58.32	-0.004576969
58.34	-0.003979895
58.36	-0.003290733
58.38	-0.002545555
58.4	-0.001756758
58.42	-0.000937997
58.44	-0.000127741
58.46	0.000682284
58.48	0.001487749
58.5	0.002285371
58.52	0.003088466
58.54	0.003921607
58.56	0.004796374
58.58	0.005691605
58.6	0.006590281
58.62	0.007456599
58.64	0.00823769
58.66	0.008862523
58.68	0.009316901
58.7	0.009580912
58.72	0.009581576
58.74	0.009325857
58.76	0.008864503
58.78	0.008361687
58.8	0.00787038
58.82	0.007404893
58.84	0.006971942
58.86	0.00657219
58.88	0.006218438
58.9	0.005955081
58.92	0.005780984
58.94	0.005693858
58.96	0.005681872
58.98	0.005767678
59	0.005989925
59.02	0.006350766
59.04	0.006796174
59.06	0.007333675
59.08	0.007940454
59.1	0.008591334
59.12	0.009167907
59.14	0.009662208
59.16	0.010096799
59.18	0.010473745
59.2	0.010769072
59.22	0.010973981
59.24	0.011054004
59.26	0.010959598
59.28	0.010678258
59.3	0.010223795
59.32	0.009617715
59.34	0.008910239
59.36	0.00826024
59.38	0.00772909
59.4	0.00728625
59.42	0.006901663
59.44	0.006577825
59.46	0.006276987
59.48	0.005950814
59.5	0.005635105
59.52	0.005359881
59.54	0.005154671
59.56	0.005013551
59.58	0.004906523
59.6	0.004825811
59.62	0.004820566
59.64	0.004930336
59.66	0.005173336
59.68	0.005532686
59.7	0.005931801
59.72	0.006275836
59.74	0.006543166
59.76	0.006739715
59.78	0.006885696
59.8	0.006998194
59.82	0.007085625
59.84	0.007148729
59.86	0.007201122
59.88	0.007273147
59.9	0.007450133
59.92	0.007714153
59.94	0.008062641
59.96	0.008433992
59.98	0.00877762
60	0.009096933
60.02	0.009429842
60.04	0.009810323
60.06	0.010245946
60.08	0.010715709
60.1	0.011173456
60.12	0.011570035
60.14	0.011935699
60.16	0.012279646
60.18	0.012606989
60.2	0.01290155
60.22	0.013159229
60.24	0.013371864
60.26	0.013517066
60.28	0.013579242
60.3	0.013533327
60.32	0.01333963
60.34	0.012982157
60.36	0.012462687
60.38	0.011815007
60.4	0.011077189
60.42	0.01028256
60.44	0.009449478
60.46	0.008590598
60.48	0.007706338
60.5	0.006798756
60.52	0.005875919
60.54	0.004930917
60.56	0.003981437
60.58	0.003069079
60.6	0.002192853
60.62	0.001356592
60.64	0.000558466
60.66	-0.000217126
60.68	-0.000970409
60.7	-0.001679477
60.72	-0.002315668
60.74	-0.002875657
60.76	-0.003361115
60.78	-0.003840675
60.8	-0.004348501
60.82	-0.004897791
60.84	-0.005494886
60.86	-0.006137492
60.88	-0.006820608
60.9	-0.007521311
60.92	-0.008213654
60.94	-0.008869593
60.96	-0.009511055
60.98	-0.010156841
61	-0.010826747
61.02	-0.011549883
61.04	-0.012333183
61.06	-0.01313214
61.08	-0.013891675
61.1	-0.014571471
61.12	-0.015221288
61.14	-0.015892028
61.16	-0.016612826
61.18	-0.017376271
61.2	-0.018169877
61.22	-0.018923926
61.24	-0.01957555
61.26	-0.020108694
61.28	-0.020496939
61.3	-0.020720429
61.32	-0.020781607
61.34	-0.020678354
61.36	-0.020388431
61.38	-0.019903806
61.4	-0.019238895
61.42	-0.018337648
61.44	-0.017207237
61.46	-0.015926802
61.48	-0.014487009
61.5	-0.012906645
61.52	-0.01124623
61.54	-0.009607977
61.56	-0.008061376
61.58	-0.006626831
61.6	-0.00533793
61.62	-0.004206444
61.64	-0.003253834
61.66	-0.002485626
61.68	-0.00189863
61.7	-0.001493501
61.72	-0.001260229
61.74	-0.001198948
61.76	-0.001321946
61.78	-0.001626173
61.8	-0.002100079
61.82	-0.002738303
61.84	-0.003547583
61.86	-0.004515265
61.88	-0.005490094
61.9	-0.006391325
61.92	-0.00718936
61.94	-0.00784725
61.96	-0.008351755
61.98	-0.008681827
62	-0.008803798
62.02	-0.008689991
62.04	-0.008330471
62.06	-0.007739007
62.08	-0.006951874
62.1	-0.005998098
62.12	-0.004910356
62.14	-0.003701942
62.16	-0.002384908
62.18	-0.000960994
62.2	0.000479213
62.22	0.001860119
62.24	0.003182812
62.26	0.004423977
62.28	0.005564961
62.3	0.006591002
62.32	0.007482369
62.34	0.00824509
62.36	0.008867978
62.38	0.009318937
62.4	0.009549734
62.42	0.009507747
62.44	0.00918572
62.46	0.00859107
62.48	0.00770431
62.5	0.006589385
62.52	0.005446807
62.54	0.004345434
62.56	0.003298098
62.58	0.002294286
62.6	0.001297404
62.62	0.000295748
62.64	-0.000729091
62.66	-0.001804129
62.68	-0.00292732
62.7	-0.004062522
62.72	-0.005159215
62.74	-0.006166808
62.76	-0.007044036
62.78	-0.00774241
62.8	-0.008235002
62.82	-0.008518331
62.84	-0.008575428
62.86	-0.008524667
62.88	-0.008404275
62.9	-0.008170673
62.92	-0.007794861
62.94	-0.007279297
62.96	-0.006645245
62.98	-0.005980031
63	-0.005370972
63.02	-0.004874002
63.04	-0.004508998
63.06	-0.004249804
63.08	-0.004059814
63.1	-0.003903732
63.12	-0.003758483
63.14	-0.003625712
63.16	-0.003534593
63.18	-0.003489083
63.2	-0.003478884
63.22	-0.003508309
63.24	-0.003588031
63.26	-0.003713233
63.28	-0.00386961
63.3	-0.003893492
63.32	-0.003723688
63.34	-0.00333444
63.36	-0.002680592
63.38	-0.001712538
63.4	-0.000415636
63.42	0.001234337
63.44	0.003178171
63.46	0.005335391
63.48	0.007711613
63.5	0.0102753
63.52	0.012975657
63.54	0.015766697
63.56	0.018619291
63.58	0.021511072
63.6	0.024407115
63.62	0.027291541
63.64	0.030140469
63.66	0.03292896
63.68	0.035626604
63.7	0.038189489
63.72	0.040576274
63.74	0.042760977
63.76	0.044773028
63.78	0.046637248
63.8	0.048343739
63.82	0.049868003
63.84	0.05117504
63.86	0.052219852
63.88	0.052938527
63.9	0.053305901
63.92	0.05327834
63.94	0.052878919
63.96	0.052171243
63.98	0.051227811
64	0.050198199
64.02	0.049277798
64.04	0.048480713
64.06	0.047778005
64.08	0.04715544
64.1	0.04659469
64.12	0.046072876
64.14	0.045600041
64.16	0.045196315
64.18	0.044831618
64.2	0.044477795
64.22	0.044090717
64.24	0.043634951
64.26	0.043080994
64.28	0.042433089
64.3	0.041726931
64.32	0.040973819
64.34	0.040190483
64.36	0.039427235
64.38	0.038713051
64.4	0.038047481
64.42	0.037429119
64.44	0.036845155
64.46	0.036253803
64.48	0.035665318
64.5	0.035081543
64.52	0.034500189
64.54	0.033944672
64.56	0.03341585
64.58	0.032872723
64.6	0.032323961
64.62	0.031783439
64.64	0.031281556
64.66	0.030801955
64.68	0.03025777
64.7	0.029659384
64.72	0.029083654
64.74	0.028589293
64.76	0.028214041
64.78	0.027942438
64.8	0.027770573
64.82	0.02770539
64.84	0.027758349
64.86	0.02793534
64.88	0.028228231
64.9	0.028634953
64.92	0.029161621
64.94	0.029775316
64.96	0.030432887
64.98	0.031125938
65	0.031823003
65.02	0.032382202
65.04	0.032760477
65.06	0.032940443
65.08	0.032908919
65.1	0.032662925
65.12	0.032192349
65.14	0.031484277
65.16	0.030530232
65.18	0.029341989
65.2	0.027947795
65.22	0.0264158
65.24	0.024820101
65.26	0.02326202
65.28	0.02177572
65.3	0.020331777
65.32	0.018936928
65.34	0.017588049
65.36	0.016302662
65.38	0.015095434
65.4	0.01398434
65.42	0.013006468
65.44	0.012205067
65.46	0.011609806
65.48	0.011183283
65.5	0.010914121
65.52	0.010784792
65.54	0.010803229
65.56	0.010964312
65.58	0.011287531
65.6	0.011816486
65.62	0.012518594
65.64	0.013324758
65.66	0.014108075
65.68	0.01482718
65.7	0.015444755
65.72	0.015903198
65.74	0.016165383
65.76	0.016248299
65.78	0.016160803
65.8	0.015920779
65.82	0.015583245
65.84	0.015160724
65.86	0.014662128
65.88	0.014100875
65.9	0.013512629
65.92	0.012999992
65.94	0.012582441
65.96	0.012250701
65.98	0.011956155
66	0.011681026
66.02	0.011429415
66.04	0.0112121
66.06	0.011022736
66.08	0.010835874
66.1	0.010595674
66.12	0.010269494
66.14	0.009840961
66.16	0.009233738
66.18	0.008466701
66.2	0.007565642
66.22	0.006541933
66.24	0.005434709
66.26	0.004267999
66.28	0.003051888
66.3	0.001782484
66.32	0.000470325
66.34	-0.000876862
66.36	-0.002217213
66.38	-0.003497241
66.4	-0.004743873
66.42	-0.005982787
66.44	-0.007232671
66.46	-0.008516957
66.48	-0.009837849
66.5	-0.011169924
66.52	-0.012479737
66.54	-0.0137801
66.56	-0.015056218
66.58	-0.016280385
66.6	-0.017454315
66.62	-0.018589087
66.64	-0.01965905
66.66	-0.020607164
66.68	-0.02141273
66.7	-0.022087342
66.72	-0.022640096
66.74	-0.023082375
66.76	-0.023396812
66.78	-0.023591682
66.8	-0.023669434
66.82	-0.023655241
66.84	-0.023588242
66.86	-0.023446675
66.88	-0.023172289
66.9	-0.02273013
66.92	-0.022143891
66.94	-0.021519419
66.96	-0.020898679
66.98	-0.020298548
67	-0.019718039
67.02	-0.019192366
67.04	-0.018728003
67.06	-0.018318902
67.08	-0.017915277
67.1	-0.01749412
67.12	-0.01700435
67.14	-0.016424726
67.16	-0.015781508
67.18	-0.015088074
67.2	-0.014365164
67.22	-0.013610394
67.24	-0.012827199
67.26	-0.012026078
67.28	-0.011180246
67.3	-0.010253856
67.32	-0.009280851
67.34	-0.008272493
67.36	-0.007207863
67.38	-0.006079413
67.4	-0.004875707
67.42	-0.003596676
67.44	-0.002276578
67.46	-0.000945702
67.48	0.000376428
67.5	0.001681989
67.52	0.002967579
67.54	0.004193023
67.56	0.005308404
67.58	0.006242038
67.6	0.006924061
67.62	0.007315154
67.64	0.007420088
67.66	0.00726795
67.68	0.006926562
67.7	0.006470075
67.72	0.005957775
67.74	0.005408039
67.76	0.004831873
67.78	0.004234128
67.8	0.00362729
67.82	0.003011296
67.84	0.00239046
67.86	0.00184995
67.88	0.00147528
67.9	0.001270971
67.92	0.001204927
67.94	0.001266196
67.96	0.0014535
67.98	0.001785992
68	0.002301942
68.02	0.002980957
68.04	0.003808443
68.06	0.004651036
68.08	0.005334514
68.1	0.005835568
68.12	0.006173588
68.14	0.006411068
68.16	0.006559288
68.18	0.006616269
68.2	0.006544453
68.22	0.006331007
68.24	0.005980327
68.26	0.005508161
68.28	0.004957816
68.3	0.004385714
68.32	0.003847941
68.34	0.003377659
68.36	0.002955267
68.38	0.002602282
68.4	0.002292424
68.42	0.002020549
68.44	0.001787143
68.46	0.001598824
68.48	0.00148145
68.5	0.001479448
68.52	0.001608135
68.54	0.001877993
68.56	0.002296507
68.58	0.002874804
68.6	0.003635054
68.62	0.004600522
68.64	0.005711804
68.66	0.006932335
68.68	0.00823774
68.7	0.009582398
68.72	0.010948575
68.74	0.012327736
68.76	0.013685375
68.78	0.01500627
68.8	0.016259262
68.82	0.017430957
68.84	0.018517778
68.86	0.019512737
68.88	0.020411147
68.9	0.021182208
68.92	0.021782771
68.94	0.022195659
68.96	0.022449921
68.98	0.022571164
69	0.022563416
69.02	0.022381124
69.04	0.021988058
69.06	0.02135062
69.08	0.020518342
69.1	0.019627743
69.12	0.018703481
69.14	0.017760165
69.16	0.016806777
69.18	0.015879256
69.2	0.015020936
69.22	0.014266316
69.24	0.013616228
69.26	0.013064684
69.28	0.012600212
69.3	0.012212173
69.32	0.011907277
69.34	0.011695476
69.36	0.011582261
69.38	0.011594814
69.4	0.011750157
69.42	0.012043564
69.44	0.012453948
69.46	0.0129577
69.48	0.013512257
69.5	0.013997079
69.52	0.014397195
69.54	0.014712808
69.56	0.014930959
69.58	0.015027021
69.6	0.014979759
69.62	0.014767739
69.64	0.014391586
69.66	0.01386292
69.68	0.013206851
69.7	0.012466397
69.72	0.011678873
69.74	0.010868059
69.76	0.010020745
69.78	0.009195298
69.8	0.008394418
69.82	0.00764688
69.84	0.006973026
69.86	0.00639948
69.88	0.005952807
69.9	0.005650698
69.92	0.005488167
69.94	0.005452447
69.96	0.005533703
69.98	0.005696147
70	0.005908221
70.02	0.006195527
70.04	0.006597769
70.06	0.007107496
70.08	0.007696265
70.1	0.008227271
70.12	0.008671183
70.14	0.009022748
70.16	0.009307617
70.18	0.009527255
70.2	0.009668499
70.22	0.009692342
70.24	0.009591551
70.26	0.009351316
70.28	0.008969436
70.3	0.008471191
70.32	0.007956254
70.34	0.007421719
70.36	0.006836982
70.38	0.006182255
70.4	0.005462438
70.42	0.00468899
70.44	0.003870618
70.46	0.002996708
70.48	0.002070043
70.5	0.001089441
70.52	4.99829E-05
70.54	-0.001037744
70.56	-0.002157748
70.58	-0.003248995
70.6	-0.004283493
70.62	-0.005235621
70.64	-0.006080797
70.66	-0.006786025
70.68	-0.007328592
70.7	-0.007710552
70.72	-0.007945254
70.74	-0.008018671
70.76	-0.007930117
70.78	-0.00767701
70.8	-0.007266915
70.82	-0.006698238
70.84	-0.005973238
70.86	-0.005111276
70.88	-0.004134671
70.9	-0.003087904
70.92	-0.001993188
70.94	-0.000825442
70.96	0.000409007
70.98	0.001611467
71	0.002765208
71.02	0.003888764
71.04	0.004963661
71.06	0.005985528
71.08	0.006959887
71.1	0.007874866
71.12	0.008734547
71.14	0.009546234
71.16	0.010302424
71.18	0.011000811
71.2	0.011650147
71.22	0.012267314
71.24	0.012869078
71.26	0.013495081
71.28	0.014205444
71.3	0.01500818
71.32	0.015871305
71.34	0.016794088
71.36	0.017770407
71.38	0.018799249
71.4	0.01986651
71.42	0.020978382
71.44	0.022105677
71.46	0.023214314
71.48	0.024276449
71.5	0.025276311
71.52	0.026205056
71.54	0.027027461
71.56	0.027738502
71.58	0.028370314
71.6	0.028947958
71.62	0.029486781
71.64	0.029983518
71.66	0.030409372
71.68	0.030722773
71.7	0.030879115
71.72	0.030887823
71.74	0.030745682
71.76	0.030460344
71.78	0.03004117
71.8	0.029480934
71.82	0.028819905
71.84	0.028176215
71.86	0.027553883
71.88	0.026937096
71.9	0.026319195
71.92	0.025701577
71.94	0.025096623
71.96	0.024526302
71.98	0.023983455
72	0.0234437
72.02	0.022915994
72.04	0.022395583
72.06	0.021883795
72.08	0.021391367
72.1	0.020931411
72.12	0.020560353
72.14	0.020324122
72.16	0.020218735
72.18	0.020250946
72.2	0.020422204
72.22	0.020726373
72.24	0.021153295
72.26	0.021650997
72.28	0.022107143
72.3	0.02250744
72.32	0.022871765
72.34	0.023234131
72.36	0.023611769
72.38	0.023979058
72.4	0.024321812
72.42	0.024612414
72.44	0.024853658
72.46	0.025067128
72.48	0.025251027
72.5	0.025402641
72.52	0.025520069
72.54	0.025587351
72.56	0.025606904
72.58	0.025596299
72.6	0.025614304
72.62	0.025632722
72.64	0.0256581
72.66	0.025726109
72.68	0.025842982
72.7	0.026032992
72.72	0.026298431
72.74	0.026594164
72.76	0.026860661
72.78	0.027089961
72.8	0.027284471
72.82	0.027461797
72.84	0.027646355
72.86	0.02780412
72.88	0.027946206
72.9	0.028100332
72.92	0.028233019
72.94	0.028306288
72.96	0.028264954
72.98	0.028104729
73	0.027830478
73.02	0.02746075
73.04	0.026984028
73.06	0.02638934
73.08	0.025656865
73.1	0.024787295
73.12	0.023791458
73.14	0.022734343
73.16	0.02168379
73.18	0.020647559
73.2	0.019633306
73.22	0.018650554
73.24	0.017713608
73.26	0.016838264
73.28	0.016039504
73.3	0.015320173
73.32	0.014673375
73.34	0.014104877
73.36	0.013625027
73.38	0.013203839
73.4	0.012817247
73.42	0.01244505
73.44	0.012097848
73.46	0.011771323
73.48	0.011472454
73.5	0.011220957
73.52	0.011023597
73.54	0.010873628
73.56	0.010769528
73.58	0.010688765
73.6	0.010616597
73.62	0.010561947
73.64	0.01053979
73.66	0.010549921
73.68	0.01056895
73.7	0.010564643
73.72	0.01055356
73.74	0.01057549
73.76	0.010623094
73.78	0.010704062
73.8	0.010835515
73.82	0.011000198
73.84	0.011172602
73.86	0.011331305
73.88	0.011464178
73.9	0.011583582
73.92	0.011697048
73.94	0.011800125
73.96	0.011888681
73.98	0.011950271
74	0.011990708
74.02	0.012013455
74.04	0.012015886
74.06	0.011979586
74.08	0.011885027
74.1	0.011755025
74.12	0.011587287
74.14	0.011380429
74.16	0.011117529
74.18	0.01078773
74.2	0.010363176
74.22	0.009812777
74.24	0.009152088
74.26	0.008402506
74.28	0.00759543
74.3	0.006786413
74.32	0.006012436
74.34	0.005258807
74.36	0.004503361
74.38	0.003743144
74.4	0.002984333
74.42	0.002249003
74.44	0.001528883
74.46	0.000845266
74.48	0.000223796
74.5	-0.000314769
74.52	-0.000771565
74.54	-0.001138799
74.56	-0.001418837
74.58	-0.00160535
74.6	-0.001705966
74.62	-0.001718085
74.64	-0.001643702
74.66	-0.001495192
74.68	-0.001294776
74.7	-0.001068769
74.72	-0.000812858
74.74	-0.000491426
74.76	-9.75877E-05
74.78	0.00029792
74.8	0.000628828
74.82	0.000892253
74.84	0.00108262
74.86	0.001201943
74.88	0.001265333
74.9	0.001289297
74.92	0.001319502
74.94	0.00137072
74.96	0.001453517
74.98	0.001597309
75	0.001801341
75.02	0.002039535
75.04	0.002276381
75.06	0.002526739
75.08	0.002799556
75.1	0.003110644
75.12	0.003456094
75.14	0.003858793
75.16	0.004306703
75.18	0.004802836
75.2	0.005354731
75.22	0.005974248
75.24	0.006670457
75.26	0.00743874
75.28	0.008250042
75.3	0.009066647
75.32	0.00986412
75.34	0.010619254
75.36	0.011326234
75.38	0.011965064
75.4	0.012506229
75.42	0.012944849
75.44	0.013260031
75.46	0.013448917
75.48	0.013512966
75.5	0.01347198
75.52	0.013351329
75.54	0.013157378
75.56	0.012880011
75.58	0.012501104
75.6	0.012012611
75.62	0.011415794
75.64	0.01071272
75.66	0.009926281
75.68	0.009117508
75.7	0.008288181
75.72	0.007440833
75.74	0.006569838
75.76	0.005697576
75.78	0.004850784
75.8	0.004064756
75.82	0.003369045
75.84	0.002772737
75.86	0.002267015
75.88	0.001832467
75.9	0.00146562
75.92	0.001192016
75.94	0.001041512
75.96	0.001011672
75.98	0.001099773
76	0.00130272
76.02	0.001605587
76.04	0.001997826
76.06	0.002451628
76.08	0.002938655
76.1	0.003443006
76.12	0.003917563
76.14	0.004352162
76.16	0.004769893
76.18	0.00517817
76.2	0.00555968
76.22	0.005878652
76.24	0.006092776
76.26	0.006182053
76.28	0.006138608
76.3	0.005976307
76.32	0.00573308
76.34	0.00546426
76.36	0.005255514
76.38	0.005134449
76.4	0.005090431
76.42	0.005121199
76.44	0.005195831
76.46	0.00531541
76.48	0.005510403
76.5	0.005804834
76.52	0.006247004
76.54	0.006834188
76.56	0.007543174
76.58	0.008377441
76.6	0.009363453
76.62	0.010515006
76.64	0.01177944
76.66	0.01309798
76.68	0.014399802
76.7	0.015651254
76.72	0.016848842
76.74	0.017991416
76.76	0.019074419
76.78	0.020114585
76.8	0.021069268
76.82	0.021893118
76.84	0.022576512
76.86	0.023109259
76.88	0.02349172
76.9	0.023713327
76.92	0.023765031
76.94	0.023653598
76.96	0.023393554
76.98	0.022985712
77	0.022439211
77.02	0.021763437
77.04	0.0209915
77.06	0.020188405
77.08	0.019375007
77.1	0.018565322
77.12	0.017761326
77.14	0.016973516
77.16	0.016242228
77.18	0.01560485
77.2	0.015072606
77.22	0.0146761
77.24	0.014428613
77.26	0.014331361
77.28	0.014361781
77.3	0.014483817
77.32	0.014672244
77.34	0.014920633
77.36	0.015226485
77.38	0.015592977
77.4	0.016037714
77.42	0.01655751
77.44	0.017124723
77.46	0.017706164
77.48	0.018265604
77.5	0.018757538
77.52	0.019150932
77.54	0.019454937
77.56	0.019669196
77.58	0.019797733
77.6	0.019833236
77.62	0.01976726
77.64	0.019604244
77.66	0.019369431
77.68	0.019066739
77.7	0.018681158
77.72	0.01819963
77.74	0.01762124
77.76	0.016984009
77.78	0.016346443
77.8	0.015746437
77.82	0.015210033
77.84	0.014745056
77.86	0.014372006
77.88	0.014139889
77.9	0.014066563
77.92	0.014158263
77.94	0.014433921
77.96	0.01486985
77.98	0.015447041
78	0.016148374
78.02	0.016959339
78.04	0.017867638
78.06	0.018828126
78.08	0.019774546
78.1	0.020647277
78.12	0.021404885
78.14	0.022004354
78.16	0.022433414
78.18	0.022692665
78.2	0.022784338
78.22	0.022716278
78.24	0.022493892
78.26	0.022113322
78.28	0.021565823
78.3	0.020858651
78.32	0.020004771
78.34	0.019017198
78.36	0.017969489
78.38	0.016946591
78.4	0.015930308
78.42	0.014945308
78.44	0.014007414
78.46	0.013141861
78.48	0.012386935
78.5	0.01176436
78.52	0.01127477
78.54	0.010915094
78.56	0.01066831
78.58	0.010508514
78.6	0.010414274
78.62	0.010400388
78.64	0.010502845
78.66	0.010708813
78.68	0.011009314
78.7	0.011360363
78.72	0.011730071
78.74	0.012108608
78.76	0.012495325
78.78	0.012890909
78.8	0.013285705
78.82	0.013660025
78.84	0.013989902
78.86	0.014270385
78.88	0.014490283
78.9	0.014652334
78.92	0.014762561
78.94	0.01482223
78.96	0.01482797
78.98	0.014777486
79	0.014709955
79.02	0.014648899
79.04	0.014596135
79.06	0.014551468
79.08	0.014512879
79.1	0.014508741
79.12	0.014558042
79.14	0.014641896
79.16	0.014719568
79.18	0.014779383
79.2	0.014815399
79.22	0.014818398
79.24	0.014807685
79.26	0.014761996
79.28	0.014686074
79.3	0.014621223
79.32	0.014578342
79.34	0.014570472
79.36	0.014591521
79.38	0.014615411
79.4	0.014606437
79.42	0.014528294
79.44	0.014382457
79.46	0.014185663
79.48	0.013953756
79.5	0.013748536
79.52	0.01356298
79.54	0.013376279
79.56	0.013169764
79.58	0.012913793
79.6	0.012595438
79.62	0.012197614
79.64	0.011709921
79.66	0.01114728
79.68	0.010544895
79.7	0.009938858
79.72	0.009349447
79.74	0.008767877
79.76	0.008192559
79.78	0.007616941
79.8	0.007046128
79.82	0.006497308
79.84	0.00599651
79.86	0.005544794
79.88	0.005142473
79.9	0.004784686
79.92	0.004478703
79.94	0.004237449
79.96	0.004073586
79.98	0.003984255
80	0.003986736
80.02	0.004079281
80.04	0.004254934
80.06	0.004412763
80.08	0.004526932
80.1	0.004591441
80.12	0.004611019
80.14	0.004602428
80.16	0.004584921
80.18	0.00456898
80.2	0.004564005
80.22	0.004576589
80.24	0.004597716
80.26	0.004624613
80.28	0.004662988
80.3	0.004744363
80.32	0.004857311
80.34	0.005018974
80.36	0.005247733
80.38	0.005555466
80.4	0.005950288
80.42	0.006463209
80.44	0.007051704
80.46	0.007685129
80.48	0.008331509
80.5	0.00898117
80.52	0.009652669
80.54	0.010360747
80.56	0.01109451
80.58	0.011821967
80.6	0.012501692
80.62	0.013100531
80.64	0.013621961
80.66	0.014050499
80.68	0.014353043
80.7	0.014539187
80.72	0.014606361
80.74	0.014563974
80.76	0.014421514
80.78	0.014198285
80.8	0.013918516
80.82	0.013628131
80.84	0.013339879
80.86	0.013036028
80.88	0.012716918
80.9	0.012408741
80.92	0.012182063
80.94	0.012107033
80.96	0.012155434
80.98	0.01231035
81	0.012551942
81.02	0.012849494
81.04	0.01317872
81.06	0.01353685
81.08	0.013931292
81.1	0.014342473
81.12	0.014776248
81.14	0.01522312
81.16	0.015654851
81.18	0.016065197
81.2	0.016427723
81.22	0.016722246
81.24	0.016937779
81.26	0.017074636
81.28	0.017133436
81.3	0.017124641
81.32	0.017050716
81.34	0.016924499
81.36	0.016759879
81.38	0.016586762
81.4	0.016412043
81.42	0.016224992
81.44	0.016027326
81.46	0.015821146
81.48	0.015621737
81.5	0.01543929
81.52	0.015289188
81.54	0.015183021
81.56	0.015109192
81.58	0.015064292
81.6	0.015044087
81.62	0.015069157
81.64	0.015147146
81.66	0.015264014
81.68	0.015413056
81.7	0.015566468
81.72	0.015703995
81.74	0.015839886
81.76	0.015995694
81.78	0.016169856
81.8	0.016372588
81.82	0.01659662
81.84	0.016848202
81.86	0.017131972
81.88	0.017434586
81.9	0.017725546
81.92	0.018000522
81.94	0.018243827
81.96	0.018453201
81.98	0.018640932
82	0.018788169
82.02	0.018888011
82.04	0.018932505
82.06	0.018902069
82.08	0.018770052
82.1	0.018526487
82.12	0.018185339
82.14	0.017763935
82.16	0.017279207
82.18	0.01673599
82.2	0.016155092
82.22	0.015558264
82.24	0.014946047
82.26	0.014309367
82.28	0.013662715
82.3	0.013053017
82.32	0.012493943
82.34	0.011988347
82.36	0.011558454
82.38	0.011218305
82.4	0.010981589
82.42	0.010866366
82.44	0.010869167
82.46	0.010992459
82.48	0.011227755
82.5	0.011543711
82.52	0.011920603
82.54	0.01235943
82.56	0.012875093
82.58	0.013447161
82.6	0.014042468
82.62	0.014624013
82.64	0.015161908
82.66	0.015645288
82.68	0.016059218
82.7	0.01638813
82.72	0.016619211
82.74	0.01676757
82.76	0.016835623
82.78	0.016827012
82.8	0.016751418
82.82	0.016624146
82.84	0.016463809
82.86	0.01627849
82.88	0.016066003
82.9	0.015835134
82.92	0.015583641
82.94	0.015332251
82.96	0.015080292
82.98	0.014819394
83	0.014554432
83.02	0.01429465
83.04	0.014059033
83.06	0.013856995
83.08	0.013689631
83.1	0.013556403
83.12	0.013438662
83.14	0.013350025
83.16	0.013278864
83.18	0.01321326
83.2	0.01315111
83.22	0.013107394
83.24	0.013112807
83.26	0.013187413
83.28	0.01331248
83.3	0.013480875
83.32	0.013676659
83.34	0.013875498
83.36	0.014039011
83.38	0.01414633
83.4	0.014181386
83.42	0.01414296
83.44	0.01403027
83.46	0.013852184
83.48	0.013638136
83.5	0.013393143
83.52	0.013084168
83.54	0.012699586
83.56	0.012240017
83.58	0.011701381
83.6	0.011076559
83.62	0.010359117
83.64	0.009562234
83.66	0.008715922
83.68	0.007847674
83.7	0.006977409
83.72	0.006137345
83.74	0.005340856
83.76	0.004594061
83.78	0.003929795
83.8	0.0033776
83.82	0.00293273
83.84	0.00258352
83.86	0.002316069
83.88	0.002153698
83.9	0.002099576
83.92	0.002138796
83.94	0.002283374
83.96	0.00253707
83.98	0.0028757
84	0.003305264
84.02	0.003834361
84.04	0.004359558
84.06	0.004826785
84.08	0.005227191
84.1	0.00554662
84.12	0.005762737
84.14	0.005875904
84.16	0.005878259
84.18	0.005784555
84.2	0.005611702
84.22	0.005358085
84.24	0.005055115
84.26	0.004742205
84.28	0.004458754
84.3	0.004216461
84.32	0.003988545
84.34	0.003788088
84.36	0.003605971
84.38	0.003445938
84.4	0.003335702
84.42	0.003284538
84.44	0.003282592
84.46	0.003343991
84.48	0.003480235
84.5	0.003711109
84.52	0.004077931
84.54	0.00460899
84.56	0.005273567
84.58	0.006030765
84.6	0.006798304
84.62	0.007531486
84.64	0.008234648
84.66	0.008908481
84.68	0.009550073
84.7	0.010161527
84.72	0.010750641
84.74	0.011315487
84.76	0.011853102
84.78	0.012358438
84.8	0.012823964
84.82	0.013238206
84.84	0.013566323
84.86	0.013804225
84.88	0.013967542
84.9	0.014062305
84.92	0.014089009
84.94	0.014049694
84.96	0.014006167
84.98	0.013981091
85	0.013936616
85.02	0.013883474
85.04	0.01382859
85.06	0.013778278
85.08	0.013762073
85.1	0.01379431
85.12	0.013877506
85.14	0.014006874
85.16	0.014110868
85.18	0.014178202
85.2	0.014222982
85.22	0.014277162
85.24	0.014366216
85.26	0.014495829
85.28	0.014668351
85.3	0.014937089
85.32	0.01530489
85.34	0.01575319
85.36	0.016257113
85.38	0.016780964
85.4	0.017274681
85.42	0.017728842
85.44	0.018106855
85.46	0.018390336
85.48	0.018604794
85.5	0.018735372
85.52	0.018771919
85.54	0.018745231
85.56	0.018665814
85.58	0.018539965
85.6	0.018366406
85.62	0.018144923
85.64	0.017857911
85.66	0.017477572
85.68	0.016998407
85.7	0.016480587
85.72	0.015962882
85.74	0.015478718
85.76	0.01504912
85.78	0.014693622
85.8	0.014415859
85.82	0.014230968
85.84	0.014125684
85.86	0.014080481
85.88	0.014089332
85.9	0.014151951
85.92	0.014262339
85.94	0.014431292
85.96	0.014667246
85.98	0.014951853
86	0.015280215
86.02	0.015627729
86.04	0.015975696
86.06	0.016271529
86.08	0.016510231
86.1	0.016695531
86.12	0.016832022
86.14	0.016926759
86.16	0.016982555
86.18	0.016979694
86.2	0.016910892
86.22	0.016768276
86.24	0.016547775
86.26	0.016252892
86.28	0.015911601
86.3	0.015604458
86.32	0.015361231
86.34	0.015213465
86.36	0.015167901
86.38	0.015214847
86.4	0.015339859
86.42	0.015520815
86.44	0.015722024
86.46	0.01590809
86.48	0.016073719
86.5	0.016235865
86.52	0.016411793
86.54	0.016645718
86.56	0.016914724
86.58	0.017191563
86.6	0.01741734
86.62	0.017552033
86.64	0.017603327
86.66	0.017580891
86.68	0.017483296
86.7	0.01730355
86.72	0.017060992
86.74	0.016767442
86.76	0.016431581
86.78	0.016089953
86.8	0.015757571
86.82	0.015440921
86.84	0.015149739
86.86	0.01489606
86.88	0.014689516
86.9	0.014516506
86.92	0.014355699
86.94	0.014195506
86.96	0.014029494
86.98	0.013856416
87	0.013681016
87.02	0.013530216
87.04	0.013398853
87.06	0.013281572
87.08	0.013163744
87.1	0.013024318
87.12	0.012826656
87.14	0.012550293
87.16	0.01218588
87.18	0.011732309
87.2	0.011223763
87.22	0.010701308
87.24	0.010188463
87.26	0.009683765
87.28	0.00918292
87.3	0.008679236
87.32	0.008182858
87.34	0.007699834
87.36	0.00721975
87.38	0.006742806
87.4	0.006274557
87.42	0.005803165
87.44	0.005345618
87.46	0.004917697
87.48	0.004548038
87.5	0.004242853
87.52	0.004001697
87.54	0.003824145
87.56	0.003704948
87.58	0.003645866
87.6	0.003621774
87.62	0.003621471
87.64	0.003620051
87.66	0.003574745
87.68	0.00349737
87.7	0.003400813
87.72	0.003290124
87.74	0.00319451
87.76	0.003150135
87.78	0.003188009
87.8	0.003316094
87.82	0.003526335
87.84	0.003789654
87.86	0.004055259
87.88	0.004293484
87.9	0.004492798
87.92	0.004644803
87.94	0.004757548
87.96	0.004841312
87.98	0.004908816
88	0.004958158
88.02	0.004983833
88.04	0.004967658
88.06	0.004896924
88.08	0.004761647
88.1	0.00455797
88.12	0.004284024
88.14	0.00393294
88.16	0.003510864
88.18	0.003034598
88.2	0.002528303
88.22	0.001999565
88.24	0.001458788
88.26	0.00093704
88.28	0.000462134
88.3	6.63097E-05
88.32	-0.000234627
88.34	-0.000446187
88.36	-0.000580458
88.38	-0.00064522
88.4	-0.000647896
88.42	-0.000583435
88.44	-0.000454731
88.46	-0.000272517
88.48	-5.72224E-05
88.5	0.000192122
88.52	0.000482379
88.54	0.00081651
88.56	0.001185472
88.58	0.001555085
88.6	0.001849036
88.62	0.00210029
88.64	0.00231046
88.66	0.002486181
88.68	0.002641375
88.7	0.002765801
88.72	0.002857377
88.74	0.002916229
88.76	0.002939181
88.78	0.002955978
88.8	0.003008052
88.82	0.003120429
88.84	0.003272109
88.86	0.003474462
88.88	0.003744172
88.9	0.004098412
88.92	0.00453479
88.94	0.005029806
88.96	0.005552106
88.98	0.006083185
89	0.006612286
89.02	0.007132817
89.04	0.00767717
89.06	0.008251024
89.08	0.008851339
89.1	0.009473127
89.12	0.010123688
89.14	0.010795869
89.16	0.011479252
89.18	0.012159344
89.2	0.012820481
89.22	0.013441126
89.24	0.014004821
89.26	0.014492919
89.28	0.014878164
89.3	0.015145727
89.32	0.015304069
89.34	0.015368427
89.36	0.015343384
89.38	0.015237965
89.4	0.015046524
89.42	0.014777045
89.44	0.014428914
89.46	0.014018953
89.48	0.01356829
89.5	0.013088394
89.52	0.012554897
89.54	0.011954237
89.56	0.011285444
89.58	0.010579217
89.6	0.009888523
89.62	0.009220086
89.64	0.008583356
89.66	0.007996239
89.68	0.007481073
89.7	0.007059142
89.72	0.00675262
89.74	0.006580982
89.76	0.006542704
89.78	0.006618577
89.8	0.006779517
89.82	0.006999649
89.84	0.007267858
89.86	0.007572479
89.88	0.007918265
89.9	0.008312671
89.92	0.008737529
89.94	0.009194855
89.96	0.009697191
89.98	0.01024608
90	0.010748829
90.02	0.011155425
90.04	0.011470214
90.06	0.011681419
90.08	0.01179091
90.1	0.011800626
90.12	0.011711199
90.14	0.011545871
90.16	0.011327588
90.18	0.011074732
90.2	0.010821953
90.22	0.010625503
90.24	0.010479959
90.26	0.010375638
90.28	0.01033092
90.3	0.010374684
90.32	0.010534257
90.34	0.010823303
90.36	0.011233808
90.38	0.011753668
90.4	0.012361594
90.42	0.013042237
90.44	0.013780014
90.46	0.014587488
90.48	0.015437574
90.5	0.016321995
90.52	0.017221266
90.54	0.018112622
90.56	0.018979696
90.58	0.019801191
90.6	0.020551662
90.62	0.0212136
90.64	0.021793714
90.66	0.022304761
90.68	0.022751574
90.7	0.023119079
90.72	0.023385972
90.74	0.02355827
90.76	0.023633832
90.78	0.023597922
90.8	0.023440743
90.82	0.023175781
90.84	0.022823866
90.86	0.022492884
90.88	0.022182642
90.9	0.021911719
90.92	0.021678281
90.94	0.021484516
90.96	0.021321808
90.98	0.021193363
91	0.021075584
91.02	0.020965796
91.04	0.020870722
91.06	0.020791653
91.08	0.020724383
91.1	0.020669265
91.12	0.02065426
91.14	0.020687954
91.16	0.020752209
91.18	0.020841722
91.2	0.020936081
91.22	0.021013207
91.24	0.021052425
91.26	0.021045079
91.28	0.021007154
91.3	0.020942891
91.32	0.020840973
91.34	0.020674859
91.36	0.020433767
91.38	0.020122995
91.4	0.019753343
91.42	0.019337137
91.44	0.018885249
91.46	0.01839008
91.48	0.017855974
91.5	0.017296321
91.52	0.016736787
91.54	0.016187306
91.56	0.015665233
91.58	0.015177888
91.6	0.014725296
91.62	0.01430471
91.64	0.013919148
91.66	0.013579641
91.68	0.013303611
91.7	0.013111002
91.72	0.013009328
91.74	0.012999613
91.76	0.013072397
91.78	0.013238131
91.8	0.013500521
91.82	0.013846463
91.84	0.014253408
91.86	0.014704092
91.88	0.015176971
91.9	0.015634478
91.92	0.016060969
91.94	0.01645602
91.96	0.016816101
91.98	0.017133023
92	0.017379228
92.02	0.017523308
92.04	0.017555192
92.06	0.017482071
92.08	0.017315861
92.1	0.017071814
92.12	0.016762635
92.14	0.016383318
92.16	0.015960901
92.18	0.015515786
92.2	0.015058987
92.22	0.01460533
92.24	0.014194723
92.26	0.013837523
92.28	0.013529521
92.3	0.01327468
92.32	0.013077261
92.34	0.012943595
92.36	0.01286876
92.38	0.012837542
92.4	0.012836353
92.42	0.012855416
92.44	0.01288079
92.46	0.012894841
92.48	0.012905246
92.5	0.012921589
92.52	0.012954941
92.54	0.013008348
92.56	0.013071754
92.58	0.013132229
92.6	0.013178153
92.62	0.013209786
92.64	0.013230312
92.66	0.013252889
92.68	0.013275918
92.7	0.013281597
92.72	0.013288182
92.74	0.013310941
92.76	0.013359876
92.78	0.013439904
92.8	0.013543025
92.82	0.01366578
92.84	0.013811791
92.86	0.013992737
92.88	0.014225651
92.9	0.014512301
92.92	0.014846018
92.94	0.015218971
92.96	0.015602487
92.98	0.015980317
93	0.016352878
93.02	0.016716641
93.04	0.01704905
93.06	0.017339411
93.08	0.01758217
93.1	0.01776584
93.12	0.017887101
93.14	0.017962355
93.16	0.017994653
93.18	0.017976467
93.2	0.017899376
93.22	0.01776568
93.24	0.017587868
93.26	0.01737829
93.28	0.017159807
93.3	0.016962872
93.32	0.016792981
93.34	0.016646397
93.36	0.016524876
93.38	0.016411206
93.4	0.016288943
93.42	0.016138661
93.44	0.015946979
93.46	0.015703391
93.48	0.015411412
93.5	0.015081462
93.52	0.014746935
93.54	0.014399274
93.56	0.014029147
93.58	0.01363838
93.6	0.013231121
93.62	0.012811373
93.64	0.012363458
93.66	0.011871678
93.68	0.011350612
93.7	0.0108133
93.72	0.010285994
93.74	0.009786866
93.76	0.009319054
93.78	0.008892539
93.8	0.00850772
93.82	0.008161682
93.84	0.007853827
93.86	0.007600854
93.88	0.007412585
93.9	0.007290204
93.92	0.007231822
93.94	0.007227965
93.96	0.007275455
93.98	0.007382137
94	0.007552055
94.02	0.007791677
94.04	0.008108243
94.06	0.008484062
94.08	0.008911551
94.1	0.009398776
94.12	0.009947426
94.14	0.010559078
94.16	0.011219069
94.18	0.01193128
94.2	0.012695925
94.22	0.013500156
94.24	0.01433191
94.26	0.015184336
94.28	0.016043136
94.3	0.016897303
94.32	0.0177388
94.34	0.018580926
94.36	0.019415076
94.38	0.020234237
94.4	0.02101791
94.42	0.021750317
94.44	0.022417087
94.46	0.023013616
94.48	0.023530892
94.5	0.023961561
94.52	0.024303741
94.54	0.024553295
94.56	0.024709097
94.58	0.024769271
94.6	0.024739787
94.62	0.024641147
94.64	0.024491195
94.66	0.02429878
94.68	0.024065991
94.7	0.023786062
94.72	0.023443406
94.74	0.023038032
94.76	0.02258683
94.78	0.022112985
94.8	0.021632214
94.82	0.021147267
94.84	0.020651835
94.86	0.020139263
94.88	0.019606885
94.9	0.019052507
94.92	0.018478096
94.94	0.017886087
94.96	0.01728463
94.98	0.016686515
95	0.016111106
95.02	0.015589471
95.04	0.015119978
95.06	0.014699052
95.08	0.014321977
95.1	0.013982834
95.12	0.013672841
95.14	0.013380526
95.16	0.013100082
95.18	0.012821096
95.2	0.012545159
95.22	0.012278352
95.24	0.012024077
95.26	0.011788355
95.28	0.011571912
95.3	0.011379694
95.32	0.011198041
95.34	0.011005568
95.36	0.010805019
95.38	0.010605601
95.4	0.010426397
95.42	0.010298521
95.44	0.010205163
95.46	0.010132736
95.48	0.010076185
95.5	0.010040128
95.52	0.010035321
95.54	0.010085039
95.56	0.010201279
95.58	0.010382284
95.6	0.010628523
95.62	0.010932266
95.64	0.011287866
95.66	0.01167711
95.68	0.012068988
95.7	0.012468774
95.72	0.012873634
95.74	0.013282157
95.76	0.013693235
95.78	0.01410552
95.8	0.01450816
95.82	0.014900015
95.84	0.015267811
95.86	0.015595331
95.88	0.015858342
95.9	0.01604183
95.92	0.016130287
95.94	0.016122813
95.96	0.016017654
95.98	0.015810819
96	0.015497097
96.02	0.015082177
96.04	0.01457938
96.06	0.014014923
96.08	0.013418296
96.1	0.012843425
96.12	0.012302874
96.14	0.011799553
96.16	0.011315471
96.18	0.010840482
96.2	0.010371499
96.22	0.009907738
96.24	0.009437892
96.26	0.008971833
96.28	0.008519537
96.3	0.008094022
96.32	0.007717346
96.34	0.007406409
96.36	0.007170415
96.38	0.006995393
96.4	0.006878197
96.42	0.006805378
96.44	0.00675752
96.46	0.006756713
96.48	0.006819155
96.5	0.006946654
96.52	0.007129814
96.54	0.007364941
96.56	0.007617379
96.58	0.007831689
96.6	0.007994526
96.62	0.008119233
96.64	0.00822576
96.66	0.008323206
96.68	0.008409759
96.7	0.008462239
96.72	0.008490682
96.74	0.008497961
96.76	0.008482038
96.78	0.008447243
96.8	0.008398244
96.82	0.008344151
96.84	0.008297252
96.86	0.008293332
96.88	0.008363397
96.9	0.008510697
96.92	0.008738066
96.94	0.009049477
96.96	0.009445268
96.98	0.009913414
97	0.010426088
97.02	0.010983985
97.04	0.011578033
97.06	0.012206879
97.08	0.0128531
97.1	0.013506272
97.12	0.014158007
97.14	0.014781003
97.16	0.01536402
97.18	0.015893562
97.2	0.016360907
97.22	0.016759394
97.24	0.01707547
97.26	0.017289804
97.28	0.01738439
97.3	0.01735488
97.32	0.017200273
97.34	0.0169354
97.36	0.016564435
97.38	0.016073451
97.4	0.015450761
97.42	0.014694335
97.44	0.013867978
97.46	0.013016201
97.48	0.012152801
97.5	0.0113043
97.52	0.010506922
97.54	0.00978158
97.56	0.009147109
97.58	0.008590259
97.6	0.008097392
97.62	0.007652821
97.64	0.007238586
97.66	0.006847819
97.68	0.006481563
97.7	0.006165015
97.72	0.005940156
97.74	0.005803961
97.76	0.005770179
97.78	0.005844704
97.8	0.006029823
97.82	0.006299602
97.84	0.006539657
97.86	0.006748464
97.88	0.006941986
97.9	0.007137254
97.92	0.007350558
97.94	0.007594666
97.96	0.007855952
97.98	0.00812191
98	0.008371896
98.02	0.008601678
98.04	0.008819754
98.06	0.009035567
98.08	0.009247498
98.1	0.009449316
98.12	0.009660999
98.14	0.009913928
98.16	0.010227399
98.18	0.010603273
98.2	0.011027417
98.22	0.011483717
98.24	0.011960863
98.26	0.012450605
98.28	0.012957524
98.3	0.013499045
98.32	0.014087503
98.34	0.014718255
98.36	0.015384495
98.38	0.016086575
98.4	0.016828603
98.42	0.017616887
98.44	0.018422568
98.46	0.019218392
98.48	0.019978164
98.5	0.020674001
98.52	0.021291017
98.54	0.021828607
98.56	0.022291875
98.58	0.022688164
98.6	0.023034063
98.62	0.023351477
98.64	0.023628125
98.66	0.02382562
98.68	0.023932709
98.7	0.023942194
98.72	0.023853908
98.74	0.023671761
98.76	0.023403309
98.78	0.023064681
98.8	0.02265712
98.82	0.022175209
98.84	0.021645576
98.86	0.021145849
98.88	0.020659098
98.9	0.020191756
98.92	0.019737764
98.94	0.0193022
98.96	0.018908289
98.98	0.01856942
99	0.018286371
99.02	0.01805106
99.04	0.017851648
99.06	0.017675084
99.08	0.017483767
99.1	0.017246837
99.12	0.017000329
99.14	0.016762082
99.16	0.016563353
99.18	0.01641021
99.2	0.016286937
99.22	0.016198247
99.24	0.016130972
99.26	0.016054857
99.28	0.015961261
99.3	0.015830465
99.32	0.015659808
99.34	0.015463695
99.36	0.015274025
99.38	0.015117466
99.4	0.014997907
99.42	0.014915307
99.44	0.014865145
99.46	0.014835452
99.48	0.014817472
99.5	0.014799276
99.52	0.014788612
99.54	0.014809679
99.56	0.014876896
99.58	0.014987844
99.6	0.015129755
99.62	0.015296852
99.64	0.015479864
99.66	0.015653324
99.68	0.015796907
99.7	0.015907085
99.72	0.015982583
99.74	0.016018329
99.76	0.01603579
99.78	0.016043342
99.8	0.016052617
99.82	0.01608247
99.84	0.016129399
99.86	0.016187291
99.88	0.016244147
99.9	0.016300829
99.92	0.01637031
99.94	0.016466702
99.96	0.016588067
99.98	0.016744748
100	0.01694486
100.02	0.01719104
100.04	0.017476234
100.06	0.017777567
100.08	0.018058174
100.1	0.018281617
100.12	0.018439089
100.14	0.018543662
100.16	0.01861667
100.18	0.018665733
100.2	0.018707532
100.22	0.018750905
100.24	0.018789589
100.26	0.01880754
100.28	0.018798652
100.3	0.018750859
100.32	0.018646734
100.34	0.018487822
100.36	0.018310546
100.38	0.018143087
100.4	0.018012184
100.42	0.017927461
100.44	0.017887206
100.46	0.017885485
100.48	0.017914499
100.5	0.017953648
100.52	0.017989438
100.54	0.01801354
100.56	0.018025777
100.58	0.018029991
100.6	0.018035988
100.62	0.018055716
100.64	0.018074203
100.66	0.018074089
100.68	0.018046222
100.7	0.017986906
100.72	0.017895952
100.74	0.017768106
100.76	0.017603264
100.78	0.017406399
100.8	0.017200412
100.82	0.017017694
100.84	0.016877976
100.86	0.016799489
100.88	0.016781834
100.9	0.016822872
100.92	0.016915952
100.94	0.017052716
100.96	0.017222646
100.98	0.017411701
101	0.017601437
101.02	0.017783101
101.04	0.017956055
101.06	0.018115313
101.08	0.018264269
101.1	0.018386827
101.12	0.018453597
101.14	0.01844821
101.16	0.018369628
101.18	0.018204101
101.2	0.017952139
101.22	0.017608377
101.24	0.017168604
101.26	0.016651344
101.28	0.016097176
101.3	0.015548546
101.32	0.015010016
101.34	0.014472006
101.36	0.013934285
101.38	0.013400736
101.4	0.012882257
101.42	0.012385083
101.44	0.011916763
101.46	0.011493463
101.48	0.011135992
101.5	0.01084253
101.52	0.010606834
101.54	0.010442664
101.56	0.010347672
101.58	0.010310182
101.6	0.010304316
101.62	0.010308622
101.64	0.010310244
101.66	0.010319007
101.68	0.010346903
101.7	0.010366389
101.72	0.010365146
101.74	0.010334906
101.76	0.010269926
101.78	0.010167492
101.8	0.010022642
101.82	0.009840956
101.84	0.009644855
101.86	0.009476035
101.88	0.009363903
101.9	0.009311165
101.92	0.009334441
101.94	0.009443576
101.96	0.009626106
101.98	0.009883838
102	0.010213303
102.02	0.01059305
102.04	0.010998903
102.06	0.011421357
102.08	0.011851667
102.1	0.012311451
102.12	0.012810734
102.14	0.013349772
102.16	0.013938108
102.18	0.014573183
102.2	0.015247183
102.22	0.015960417
102.24	0.016689355
102.26	0.017427175
102.28	0.018164705
102.3	0.018893576
102.32	0.019607879
102.34	0.020307569
102.36	0.020993008
102.38	0.021666345
102.4	0.022320429
102.42	0.022937816
102.44	0.023509959
102.46	0.024022202
102.48	0.024460427
102.5	0.024811646
102.52	0.02506464
102.54	0.025213133
102.56	0.025242355
102.58	0.025147561
102.6	0.024917573
102.62	0.024543889
102.64	0.024034822
102.66	0.023400548
102.68	0.022656993
102.7	0.021829548
102.72	0.020938154
102.74	0.020022625
102.76	0.019164421
102.78	0.018345212
102.8	0.01755914
102.82	0.016795976
102.84	0.016056364
102.86	0.015346924
102.88	0.014685555
102.9	0.014084459
102.92	0.013558793
102.94	0.013120545
102.96	0.012769582
102.98	0.012492506
103	0.012278822
103.02	0.012131569
103.04	0.012016571
103.06	0.011899074
103.08	0.01174363
103.1	0.011542749
103.12	0.011321673
103.14	0.011097837
103.16	0.010879705
103.18	0.010656669
103.2	0.010413329
103.22	0.010136804
103.24	0.009831306
103.26	0.009510139
103.28	0.009197484
103.3	0.008926095
103.32	0.008723711
103.34	0.008607901
103.36	0.008585314
103.38	0.008659694
103.4	0.00882603
103.42	0.009084005
103.44	0.009423745
103.46	0.009834535
103.48	0.010302887
103.5	0.010821793
103.52	0.011390571
103.54	0.012018653
103.56	0.012729046
103.58	0.013523534
103.6	0.014348654
103.62	0.015188383
103.64	0.01602862
103.66	0.016846444
103.68	0.017625532
103.7	0.018354771
103.72	0.019025497
103.74	0.019633728
103.76	0.020187181
103.78	0.020684375
103.8	0.021125598
103.82	0.021510474
103.84	0.021836792
103.86	0.022090275
103.88	0.022254035
103.9	0.022307913
103.92	0.022251919
103.94	0.022085344
103.96	0.021815947
103.98	0.021472199
104	0.02110076
104.02	0.020709628
104.04	0.020296972
104.06	0.019848737
104.08	0.019356423
104.1	0.018817271
104.12	0.018247578
104.14	0.017684151
104.16	0.017165172
104.18	0.016726084
104.2	0.016378274
104.22	0.016116353
104.24	0.015953453
104.26	0.015901419
104.28	0.015944796
104.3	0.016051506
104.32	0.016198116
104.34	0.016388824
104.36	0.016639187
104.38	0.016945098
104.4	0.017286034
104.42	0.017647231
104.44	0.018013754
104.46	0.018351615
104.48	0.018610255
104.5	0.018785414
104.52	0.018882114
104.54	0.018897342
104.56	0.018834787
104.58	0.01868648
104.6	0.018460441
104.62	0.018166647
104.64	0.01781869
104.66	0.017436471
104.68	0.017041616
104.7	0.016664998
104.72	0.016309976
104.74	0.015974903
104.76	0.015676242
104.78	0.015439248
104.8	0.015275382
104.82	0.015185141
104.84	0.015168502
104.86	0.015237252
104.88	0.015380268
104.9	0.015561288
104.92	0.015751368
104.94	0.015963774
104.96	0.016177192
104.98	0.016371688
105	0.016529579
105.02	0.016643361
105.04	0.016722231
105.06	0.016763458
105.08	0.016763101
105.1	0.016714729
105.12	0.016602326
105.14	0.016407893
105.16	0.016127937
105.18	0.015766661
105.2	0.015333444
105.22	0.014853478
105.24	0.014374316
105.26	0.013926915
105.28	0.013501195
105.3	0.013091651
105.32	0.012692854
105.34	0.012313775
105.36	0.01196949
105.38	0.011668314
105.4	0.011412669
105.42	0.011199219
105.44	0.011019072
105.46	0.010854288
105.48	0.010699107
105.5	0.010556881
105.52	0.010387976
105.54	0.010163603
105.56	0.009872284
105.58	0.009510163
105.6	0.00910897
105.62	0.008699281
105.64	0.008300969
105.66	0.007920314
105.68	0.007549217
105.7	0.007178686
105.72	0.006812563
105.74	0.006473736
105.76	0.006198037
105.78	0.006013212
105.8	0.005912121
105.82	0.005882084
105.84	0.0059017
105.86	0.005959552
105.88	0.006063447
105.9	0.006230235
105.92	0.006473997
105.94	0.006790382
105.96	0.007183839
105.98	0.007655311
106	0.008107543
106.02	0.008534695
106.04	0.008947159
106.06	0.009333312
106.08	0.009680926
106.1	0.009987198
106.12	0.010232367
106.14	0.010411879
106.16	0.010527592
106.18	0.010615848
106.2	0.010701974
106.22	0.010807566
106.24	0.010960711
106.26	0.011169972
106.28	0.011407195
106.3	0.011691076
106.32	0.012018607
106.34	0.012381261
106.36	0.012759841
106.38	0.013138223
106.4	0.01350414
106.42	0.013865584
106.44	0.014229096
106.46	0.014623515
106.48	0.015052105
106.5	0.015503246
106.52	0.015963078
106.54	0.016403146
106.56	0.016809987
106.58	0.017187164
106.6	0.01752747
106.62	0.017813983
106.64	0.018025962
106.66	0.018164537
106.68	0.018230477
106.7	0.018230855
106.72	0.0181726
106.74	0.018066447
106.76	0.017934591
106.78	0.017777304
106.8	0.017590974
106.82	0.017386406
106.84	0.017152846
106.86	0.01690078
106.88	0.016646423
106.9	0.016395438
106.92	0.01614996
106.94	0.015919016
106.96	0.015678574
106.98	0.015399087
107	0.015080807
107.02	0.014732932
107.04	0.014360434
107.06	0.013973677
107.08	0.013576971
107.1	0.01317801
107.12	0.012783375
107.14	0.012393691
107.16	0.012019429
107.18	0.011673517
107.2	0.011353438
107.22	0.011057343
107.24	0.010786878
107.26	0.010548267
107.28	0.010366373
107.3	0.010248462
107.32	0.010207868
107.34	0.010254112
107.36	0.010377253
107.38	0.010568947
107.4	0.010804902
107.42	0.011072729
107.44	0.011363599
107.46	0.011666881
107.48	0.011948948
107.5	0.012225945
107.52	0.012501906
107.54	0.01277583
107.56	0.013048578
107.58	0.013318145
107.6	0.01358276
107.62	0.013844922
107.64	0.014100971
107.66	0.014346724
107.68	0.014581294
107.7	0.014816245
107.72	0.015043039
107.74	0.015278665
107.76	0.015544603
107.78	0.015836638
107.8	0.016134218
107.82	0.016417174
107.84	0.016685035
107.86	0.016954923
107.88	0.017239553
107.9	0.017534787
107.92	0.017838003
107.94	0.018153271
107.96	0.018477195
107.98	0.018800404
108	0.019109351
108.02	0.019390441
108.04	0.019644378
108.06	0.019875176
108.08	0.020085242
108.1	0.020284266
108.12	0.020487138
108.14	0.020705039
108.16	0.020935582
108.18	0.021162567
108.2	0.021382478
108.22	0.021583817
108.24	0.021751779
108.26	0.02188954
108.28	0.022006646
108.3	0.02212708
108.32	0.022240518
108.34	0.022347184
108.36	0.022444916
108.38	0.022531168
108.4	0.022580449
108.42	0.022575978
108.44	0.02249961
108.46	0.022359014
108.48	0.022147708
108.5	0.021858652
108.52	0.021497483
108.54	0.021073384
108.56	0.020592569
108.58	0.020062624
108.6	0.019486185
108.62	0.018880114
108.64	0.018262737
108.66	0.017650815
108.68	0.017064689
108.7	0.016502246
108.72	0.015969722
108.74	0.015466566
108.76	0.014995323
108.78	0.014559306
108.8	0.014166533
108.82	0.013825384
108.84	0.01354392
108.86	0.013319722
108.88	0.013151175
108.9	0.013028215
108.92	0.012942594
108.94	0.012879807
108.96	0.012830952
108.98	0.012787119
109	0.012700435
109.02	0.012554257
109.04	0.012342008
109.06	0.012066569
109.08	0.011732965
109.1	0.01134456
109.12	0.010900682
109.14	0.010419139
109.16	0.009919546
109.18	0.009423204
109.2	0.008971056
109.22	0.008589551
109.24	0.008270492
109.26	0.007995472
109.28	0.007776778
109.3	0.007619714
109.32	0.007526664
109.34	0.00749973
109.36	0.007536285
109.38	0.007629865
109.4	0.007778446
109.42	0.007983321
109.44	0.008246241
109.46	0.008575542
109.48	0.008956334
109.5	0.009371671
109.52	0.009795685
109.54	0.010223094
109.56	0.010657001
109.58	0.011094931
109.6	0.011527601
109.62	0.011935667
109.64	0.012298684
109.66	0.012621944
109.68	0.012904255
109.7	0.01314885
109.72	0.013366808
109.74	0.013566679
109.76	0.013758055
109.78	0.013952028
109.8	0.014148824
109.82	0.014327771
109.84	0.014467079
109.86	0.014536515
109.88	0.01452664
109.9	0.014450628
109.92	0.01433071
109.94	0.014193489
109.96	0.014052235
109.98	0.013923739
110	0.01381896
110.02	0.013751777
110.04	0.01372073
110.06	0.013701329
110.08	0.013710149
110.1	0.013754229
110.12	0.013826916
110.14	0.013934189
110.16	0.014116289
110.18	0.014350982
110.2	0.014632733
110.22	0.014969346
110.24	0.015357508
110.26	0.01580775
110.28	0.016300591
110.3	0.016802588
110.32	0.01727923
110.34	0.017693137
110.36	0.018020507
110.38	0.018252124
110.4	0.018403898
110.42	0.018484994
110.44	0.018496612
110.46	0.018420201
110.48	0.018260097
110.5	0.018024954
110.52	0.017723312
110.54	0.017361862
110.56	0.016936519
110.58	0.016435355
110.6	0.015864582
110.62	0.015244944
110.64	0.01462437
110.66	0.014043861
110.68	0.013521808
110.7	0.013052962
110.72	0.012635922
110.74	0.012280115
110.76	0.011998769
110.78	0.011795021
110.8	0.011665602
110.82	0.011598757
110.84	0.011591344
110.86	0.011641022
110.88	0.011743784
110.9	0.011900069
110.92	0.012094878
110.94	0.012289822
110.96	0.012449958
110.98	0.012581952
111	0.012674962
111.02	0.012718765
111.04	0.012696855
111.06	0.012604809
111.08	0.012451918
111.1	0.012256061
111.12	0.012038435
111.14	0.011818579
111.16	0.011599948
111.18	0.011365179
111.2	0.011131274
111.22	0.010921246
111.24	0.0107338
111.26	0.010565393
111.28	0.010418629
111.3	0.010294139
111.32	0.010207393
111.34	0.010177702
111.36	0.010224244
111.38	0.010362149
111.4	0.010587874
111.42	0.0108831
111.44	0.011240205
111.46	0.011659195
111.48	0.012128323
111.5	0.012638828
111.52	0.013182266
111.54	0.013750216
111.56	0.014346799
111.58	0.014976194
111.6	0.015634386
111.62	0.016316083
111.64	0.017014633
111.66	0.017718656
111.68	0.018414714
111.7	0.019097571
111.72	0.019763167
111.74	0.020417769
111.76	0.021067147
111.78	0.021699847
111.8	0.022307313
111.82	0.022882754
111.84	0.023415474
111.86	0.023892401
111.88	0.024307087
111.9	0.024654676
111.92	0.024939852
111.94	0.025165442
111.96	0.025334403
111.98	0.025443688
112	0.025490879
112.02	0.025475069
112.04	0.025400647
112.06	0.025273576
112.08	0.025099337
112.1	0.024873629
112.12	0.024595359
112.14	0.024267224
112.16	0.023888102
112.18	0.023465172
112.2	0.02302794
112.22	0.022570799
112.24	0.022095996
112.26	0.021618822
112.28	0.021150695
112.3	0.020692675
112.32	0.020243315
112.34	0.019798699
112.36	0.019359748
112.38	0.01892519
112.4	0.018499018
112.42	0.018096137
112.44	0.017736086
112.46	0.017418348
112.48	0.017139557
112.5	0.01688098
112.52	0.016623062
112.54	0.016354328
112.56	0.016065952
112.58	0.015750468
112.6	0.015403226
112.62	0.015029479
112.64	0.014651651
112.66	0.014299602
112.68	0.013992113
112.7	0.013726473
112.72	0.013488099
112.74	0.013255298
112.76	0.01302054
112.78	0.012786421
112.8	0.012559124
112.82	0.012360319
112.84	0.012174974
112.86	0.011984627
112.88	0.011816224
112.9	0.011694846
112.92	0.011650943
112.94	0.011691295
112.96	0.011795538
112.98	0.011904111
113	0.011959907
113.02	0.011993535
113.04	0.012027385
113.06	0.01208279
113.08	0.012172947
113.1	0.012280931
113.12	0.012409607
113.14	0.012564915
113.16	0.012760184
113.18	0.013003896
113.2	0.013294607
113.22	0.013596558
113.24	0.013879246
113.26	0.014125998
113.28	0.01432768
113.3	0.014482531
113.32	0.014586977
113.34	0.014642336
113.36	0.01466593
113.38	0.014667304
113.4	0.014661898
113.42	0.014659473
113.44	0.014663432
113.46	0.014667668
113.48	0.014673976
113.5	0.014680629
113.52	0.014700223
113.54	0.014721397
113.56	0.014730775
113.58	0.014729287
113.6	0.014727493
113.62	0.0147392
113.64	0.014769026
113.66	0.014801114
113.68	0.014828441
113.7	0.014862027
113.72	0.014903019
113.74	0.014967058
113.76	0.015057772
113.78	0.015158981
113.8	0.015258484
113.82	0.015339472
113.84	0.015404342
113.86	0.015459695
113.88	0.015513007
113.9	0.015547738
113.92	0.015548966
113.94	0.015530776
113.96	0.015510643
113.98	0.015499165
114	0.015498298
114.02	0.015498127
114.04	0.01549641
114.06	0.015485598
114.08	0.01547614
114.1	0.015479351
114.12	0.01550839
114.14	0.015564914
114.16	0.015637136
114.18	0.015713597
114.2	0.015783445
114.22	0.015837903
114.24	0.015876137
114.26	0.015896761
114.28	0.015893736
114.3	0.015861195
114.32	0.015788428
114.34	0.015670023
114.36	0.015516442
114.38	0.015325661
114.4	0.015084516
114.42	0.014798645
114.44	0.014487821
114.46	0.014171807
114.48	0.013874598
114.5	0.013618502
114.52	0.013411415
114.54	0.01324544
114.56	0.013096214
114.58	0.012939525
114.6	0.012755536
114.62	0.012538561
114.64	0.012302228
114.66	0.012078152
114.68	0.011895701
114.7	0.011768068
114.72	0.011697322
114.74	0.011681281
114.76	0.011702201
114.78	0.011734091
114.8	0.011745017
114.82	0.011716081
114.84	0.011635728
114.86	0.011515659
114.88	0.011375818
114.9	0.011225256
114.92	0.011066021
114.94	0.01089438
114.96	0.010697382
114.98	0.010470425
115	0.010211136
115.02	0.009912191
115.04	0.00958034
115.06	0.0092266
115.08	0.008862017
115.1	0.008511792
115.12	0.008202053
115.14	0.007954055
115.16	0.007773618
115.18	0.007658241
115.2	0.007602185
115.22	0.007600179
115.24	0.007646762
115.26	0.007728979
115.28	0.007827023
115.3	0.007928084
115.32	0.008049598
115.34	0.008206838
115.36	0.008405684
115.38	0.00864313
115.4	0.008890812
115.42	0.009143628
115.44	0.009408977
115.46	0.009686269
115.48	0.009962026
115.5	0.010224544
115.52	0.010469864
115.54	0.010697331
115.56	0.010906085
115.58	0.011092933
115.6	0.011247132
115.62	0.011360715
115.64	0.011427887
115.66	0.01145649
115.68	0.011465452
115.7	0.011469851
115.72	0.011480253
115.74	0.011498279
115.76	0.011520059
115.78	0.011541765
115.8	0.011566664
115.82	0.011596189
115.84	0.011632314
115.86	0.011688965
115.88	0.011796202
115.9	0.011981393
115.92	0.012259272
115.94	0.012627631
115.96	0.013067489
115.98	0.013565059
116	0.014098011
116.02	0.014650273
116.04	0.015211806
116.06	0.015773121
116.08	0.016338291
116.1	0.016911368
116.12	0.017489065
116.14	0.018066147
116.16	0.018626658
116.18	0.019144689
116.2	0.019601548
116.22	0.019986687
116.24	0.020298962
116.26	0.020523803
116.28	0.02064797
116.3	0.020670449
116.32	0.020584835
116.34	0.020382068
116.36	0.02006107
116.38	0.019624611
116.4	0.019073357
116.42	0.018413172
116.44	0.017660605
116.46	0.016868532
116.48	0.016056956
116.5	0.015235972
116.52	0.014417106
116.54	0.013599147
116.56	0.012790581
116.58	0.012017517
116.6	0.011294462
116.62	0.010633417
116.64	0.010038298
116.66	0.009521344
116.68	0.009081824
116.7	0.0087184
116.72	0.008447807
116.74	0.008264221
116.76	0.008159761
116.78	0.008121239
116.8	0.008145502
116.82	0.008233349
116.84	0.008365675
116.86	0.008519556
116.88	0.00863526
116.9	0.008709128
116.92	0.008733075
116.94	0.008705228
116.96	0.008635685
116.98	0.008536446
117	0.008423942
117.02	0.008321305
117.04	0.008241957
117.06	0.008189539
117.08	0.008158127
117.1	0.008152163
117.12	0.008151531
117.14	0.008153753
117.16	0.008169371
117.18	0.008205292
117.2	0.008271474
117.22	0.008372762
117.24	0.008513099
117.26	0.008712802
117.28	0.008977092
117.3	0.009315255
117.32	0.009714901
117.34	0.010178952
117.36	0.010697455
117.38	0.011260225
117.4	0.011886873
117.42	0.012566525
117.44	0.013269464
117.46	0.01397991
117.48	0.014688048
117.5	0.01538492
117.52	0.016075715
117.54	0.01676449
117.56	0.01744221
117.58	0.018108768
117.6	0.018749277
117.62	0.019359218
117.64	0.019916793
117.66	0.020408029
117.68	0.020822831
117.7	0.021144332
117.72	0.021358588
117.74	0.021451296
117.76	0.021423119
117.78	0.021281353
117.8	0.021051242
117.82	0.020778312
117.84	0.020463852
117.86	0.020120081
117.88	0.019755851
117.9	0.019373993
117.92	0.018976302
117.94	0.01856444
117.96	0.018130587
117.98	0.017667152
118	0.017163731
118.02	0.016635184
118.04	0.016107491
118.06	0.015643861
118.08	0.015243028
118.1	0.01490156
118.12	0.0146236
118.14	0.014401625
118.16	0.014225309
118.18	0.014080563
118.2	0.013947113
118.22	0.013813843
118.24	0.013678083
118.26	0.013544562
118.28	0.013409009
118.3	0.01327178
118.32	0.01313125
118.34	0.012998529
118.36	0.012864687
118.38	0.012725997
118.4	0.012592278
118.42	0.012465145
118.44	0.012347041
118.46	0.012241517
118.48	0.012138112
118.5	0.012044774
118.52	0.011951986
118.54	0.011847942
118.56	0.011718232
118.58	0.011544047
118.6	0.011331846
118.62	0.011096946
118.64	0.010843723
118.66	0.010595518
118.68	0.010354357
118.7	0.010129098
118.72	0.009903347
118.74	0.00968155
118.76	0.009459259
118.78	0.009209445
118.8	0.008915622
118.82	0.008596498
118.84	0.008288575
118.86	0.008022684
118.88	0.007804982
118.9	0.007638628
118.92	0.007532158
118.94	0.007487632
118.96	0.007479426
118.98	0.007497789
119	0.007531921
119.02	0.007567043
119.04	0.007587293
119.06	0.007584372
119.08	0.007562232
119.1	0.007539471
119.12	0.00752758
119.14	0.007519529
119.16	0.007498192
119.18	0.007462162
119.2	0.007403083
119.22	0.007320447
119.24	0.007216861
119.26	0.007115205
119.28	0.007045879
119.3	0.007034628
119.32	0.007093546
119.34	0.007215762
119.36	0.007390628
119.38	0.007606695
119.4	0.007847014
119.42	0.008100947
119.44	0.008383664
119.46	0.008720444
119.48	0.009127107
119.5	0.009626167
119.52	0.010224946
119.54	0.010919669
119.56	0.011685013
119.58	0.01247943
119.6	0.01326311
119.62	0.014031311
119.64	0.014785518
119.66	0.015527316
119.68	0.016278149
119.7	0.017057985
119.72	0.017879639
119.74	0.018744132
119.76	0.019617593
119.78	0.020467277
119.8	0.021264778
119.82	0.02199021
119.84	0.022634999
119.86	0.023198306
119.88	0.023677299
119.9	0.024080684
119.92	0.024415684
119.94	0.024690055
119.96	0.0249118
119.98	0.025084922
120	0.025196049
120.02	0.025235687
120.04	0.025193675
120.06	0.025067349
120.08	0.024865362
120.1	0.024593497
120.12	0.024300355
120.14	0.023981083
120.16	0.023607016
120.18	0.023163617
120.2	0.022647605
120.22	0.022074095
120.24	0.021457185
120.26	0.020814779
120.28	0.02016464
120.3	0.019527103
120.32	0.018917386
120.34	0.018342783
120.36	0.017819736
120.38	0.017346987
120.4	0.016904401
120.42	0.016470627
120.44	0.016037788
120.46	0.015608953
120.48	0.015189325
120.5	0.014779647
120.52	0.01438398
120.54	0.014006016
120.56	0.013653242
120.58	0.013331226
120.6	0.013028741
120.62	0.012744585
120.64	0.012475823
120.66	0.012196628
120.68	0.011917505
120.7	0.011650268
120.72	0.011416017
120.74	0.011225772
120.76	0.011094727
120.78	0.011034837
120.8	0.011049722
120.82	0.011140113
120.84	0.011308521
120.86	0.011553059
120.88	0.011859391
120.9	0.012213366
120.92	0.012618698
120.94	0.013093626
120.96	0.013629298
120.98	0.014213617
121	0.014806416
121.02	0.015371479
121.04	0.015916287
121.06	0.016432117
121.08	0.016924209
121.1	0.017407368
121.12	0.017899348
121.14	0.018408708
121.16	0.018938056
121.18	0.019485294
121.2	0.020033941
121.22	0.020557172
121.24	0.021029507
121.26	0.021436871
121.28	0.021783735
121.3	0.022083947
121.32	0.022362632
121.34	0.022643745
121.36	0.022942966
121.38	0.023276178
121.4	0.023613801
121.42	0.023924406
121.44	0.024183824
121.46	0.024376822
121.48	0.024487791
121.5	0.024517656
121.52	0.02452898
121.54	0.024538119
121.56	0.024526078
121.58	0.024455887
121.6	0.02429206
121.62	0.024044484
121.64	0.02373679
121.66	0.023378142
121.68	0.022966619
121.7	0.022483344
121.72	0.021919575
121.74	0.021296334
121.76	0.020715977
121.78	0.020200097
121.8	0.01974374
121.82	0.019338165
121.84	0.018942436
121.86	0.01854752
121.88	0.018154467
121.9	0.01776565
121.92	0.017394801
121.94	0.017050495
121.96	0.016735209
121.98	0.016452722
122	0.016202081
122.02	0.015978921
122.04	0.015776257
122.06	0.015577145
122.08	0.015353026
122.1	0.015086052
122.12	0.014770526
122.14	0.014399917
122.16	0.01398186
122.18	0.013532395
122.2	0.013074374
122.22	0.01261878
122.24	0.012162712
122.26	0.011683513
122.28	0.011147756
122.3	0.010565435
122.32	0.009955135
122.34	0.009360424
122.36	0.008823093
122.38	0.008353146
122.4	0.00794179
122.42	0.007586858
122.44	0.007313706
122.46	0.007134923
122.48	0.007045846
122.5	0.007035716
122.52	0.007097311
122.54	0.007239502
122.56	0.007463845
122.58	0.007774288
122.6	0.008173474
122.62	0.008645823
122.64	0.009168261
122.66	0.009647656
122.68	0.010057402
122.7	0.010430875
122.72	0.010771959
122.74	0.011084376
122.76	0.011362689
122.78	0.011593501
122.8	0.011785921
122.82	0.011943071
122.84	0.012067698
122.86	0.012167198
122.88	0.012243528
122.9	0.012265608
122.92	0.012226242
122.94	0.012138022
122.96	0.012005102
122.98	0.011815884
123	0.011558348
123.02	0.011227036
123.04	0.010832243
123.06	0.010407352
123.08	0.009974424
123.1	0.009547547
123.12	0.00914298
123.14	0.008773016
123.16	0.008438157
123.18	0.008135396
123.2	0.007859046
123.22	0.00760813
123.24	0.007399554
123.26	0.007259913
123.28	0.007200643
123.3	0.007219339
123.32	0.007313262
123.34	0.007470167
123.36	0.007679367
123.38	0.007931422
123.4	0.00820517
123.42	0.008491423
123.44	0.008771407
123.46	0.009037031
123.48	0.009287049
123.5	0.009517789
123.52	0.009731841
123.54	0.00993574
123.56	0.010106267
123.58	0.010242935
123.6	0.010362154
123.62	0.010477883
123.64	0.010597223
123.66	0.010722793
123.68	0.01083177
123.7	0.010928903
123.72	0.011023441
123.74	0.011116801
123.76	0.011227409
123.78	0.011377792
123.8	0.011593934
123.82	0.011897229
123.84	0.012286579
123.86	0.012752723
123.88	0.01329367
123.9	0.013900053
123.92	0.014565274
123.94	0.015276521
123.96	0.016025266
123.98	0.016794212
124	0.017563571
124.02	0.018321189
124.04	0.019072826
124.06	0.019828857
124.08	0.020582929
124.1	0.021315569
124.12	0.022022908
124.14	0.0226962
124.16	0.023312135
124.18	0.023855537
124.2	0.024307245
124.22	0.024653911
124.24	0.024894156
124.26	0.025031458
124.28	0.025068177
124.3	0.025005211
124.32	0.024856516
124.34	0.024655533
124.36	0.024431526
124.38	0.024163014
124.4	0.023827253
124.42	0.023409385
124.44	0.022899551
124.46	0.022293153
124.48	0.021596378
124.5	0.020825337
124.52	0.020002856
124.54	0.019152086
124.56	0.018269886
124.58	0.017358189
124.6	0.016432212
124.62	0.0154898
124.64	0.014542185
124.66	0.01360452
124.68	0.01270067
124.7	0.011854746
124.72	0.011082513
124.74	0.010385471
124.76	0.009751404
124.78	0.009157069
124.8	0.008582556
124.82	0.008003852
124.84	0.007415316
124.86	0.006834634
124.88	0.006290887
124.9	0.005809282
124.92	0.005407971
124.94	0.005095762
124.96	0.004870764
124.98	0.004713699
125	0.00460578
125.02	0.004444826
125.04	0.004221658
125.06	0.003966815
125.08	0.003727599
125.1	0.003552946
125.12	0.003467007
125.14	0.003458421
125.16	0.003541571
125.18	0.00373853
125.2	0.004050179
125.22	0.004447425
125.24	0.004902798
125.26	0.005376191
125.28	0.005835281
125.3	0.006331243
125.32	0.006896802
125.34	0.007563643
125.36	0.008337979
125.38	0.009214139
125.4	0.010168669
125.42	0.011174441
125.44	0.012202422
125.46	0.01321138
125.48	0.014157764
125.5	0.015033641
125.52	0.015838944
125.54	0.016579049
125.56	0.017267237
125.58	0.017909269
125.6	0.018509274
125.62	0.019067094
125.64	0.019575299
125.66	0.020016004
125.68	0.020364678
125.7	0.020622856
125.72	0.020805255
125.74	0.020929381
125.76	0.020998186
125.78	0.021000204
125.8	0.020922937
125.82	0.020786822
125.84	0.020590051
125.86	0.020318938
125.88	0.019955748
125.9	0.019494551
125.92	0.0189634
125.94	0.018417793
125.96	0.017855405
125.98	0.017265993
126	0.016645137
126.02	0.015973504
126.04	0.015241111
126.06	0.014452058
126.08	0.013629063
126.1	0.012769232
126.12	0.011896319
126.14	0.011051339
126.16	0.010255614
126.18	0.00951883
126.2	0.00885702
126.22	0.00827656
126.24	0.007772066
126.26	0.00734426
126.28	0.006996988
126.3	0.006724646
126.32	0.006508108
126.34	0.00632871
126.36	0.006176954
126.38	0.006053834
126.4	0.005961658
126.42	0.005904091
126.44	0.005861711
126.46	0.005817791
126.48	0.005783477
126.5	0.005774351
126.52	0.005811095
126.54	0.005898269
126.56	0.006027411
126.58	0.006199767
126.6	0.006374036
126.62	0.006545899
126.64	0.00671865
126.66	0.006889457
126.68	0.00707183
126.7	0.007285298
126.72	0.007547155
126.74	0.007870785
126.76	0.008282168
126.78	0.008747271
126.8	0.00924996
126.82	0.00977729
126.84	0.010321298
126.86	0.010875412
126.88	0.011425609
126.9	0.011945897
126.92	0.012414486
126.94	0.01281472
126.96	0.013137238
126.98	0.013387597
127	0.013580187
127.02	0.013744553
127.04	0.013899866
127.06	0.014028448
127.08	0.014113646
127.1	0.014151334
127.12	0.014138341
127.14	0.014077755
127.16	0.013968425
127.18	0.013805637
127.2	0.013587765
127.22	0.01331172
127.24	0.013012531
127.26	0.012786313
127.28	0.012611391
127.3	0.012486311
127.32	0.012405838
127.34	0.012384022
127.36	0.012428673
127.38	0.012552567
127.4	0.012760138
127.42	0.013054154
127.44	0.013409631
127.46	0.013782953
127.48	0.014105822
127.5	0.014378877
127.52	0.014630055
127.54	0.014858763
127.56	0.015085376
127.58	0.015326316
127.6	0.015607271
127.62	0.015946759
127.64	0.016340358
127.66	0.01676343
127.68	0.017198172
127.7	0.017615971
127.72	0.017983556
127.74	0.018302779
127.76	0.018579456
127.78	0.018838418
127.8	0.019100748
127.82	0.019403151
127.84	0.019764389
127.86	0.02017016
127.88	0.020585063
127.9	0.020950557
127.92	0.021229091
127.94	0.021413616
127.96	0.02148903
127.98	0.021460711
128	0.021330929
128.02	0.021099674
128.04	0.020781117
128.06	0.020398703
128.08	0.019957225
128.1	0.019446769
128.12	0.018876101
128.14	0.018238775
128.16	0.017526744
128.18	0.016787578
128.2	0.016050236
128.22	0.0153277
128.24	0.01461458
128.26	0.01391371
128.28	0.013226824
128.3	0.012560895
128.32	0.011921884
128.34	0.011322241
128.36	0.010762782
128.38	0.010241941
128.4	0.009750491
128.42	0.009286864
128.44	0.008865701
128.46	0.008514461
128.48	0.008213523
128.5	0.00797197
128.52	0.007782271
128.54	0.007650987
128.56	0.007567885
128.58	0.007533942
128.6	0.007544121
128.62	0.007582959
128.64	0.007619555
128.66	0.007632498
128.68	0.007628982
128.7	0.007617056
128.72	0.007593482
128.74	0.007559283
128.76	0.007500938
128.78	0.00740509
128.8	0.007266825
128.82	0.007089844
128.84	0.006890996
128.86	0.006672417
128.88	0.006407796
128.9	0.006105445
128.92	0.00578579
128.94	0.005491572
128.96	0.005240534
128.98	0.005035561
129	0.004889244
129.02	0.004822003
129.04	0.004855158
129.06	0.005000232
129.08	0.005266281
129.1	0.005657574
129.12	0.006175024
129.14	0.006829033
129.16	0.007592698
129.18	0.008442715
129.2	0.009361289
129.22	0.01032351
129.24	0.011297974
129.26	0.012272759
129.28	0.013247392
129.3	0.014207346
129.32	0.015131188
129.34	0.015996749
129.36	0.016800465
129.38	0.017540186
129.4	0.018195579
129.42	0.01875137
129.44	0.019193635
129.46	0.019501508
129.48	0.019661977
129.5	0.019671451
129.52	0.01955372
129.54	0.019365003
129.56	0.019168143
129.58	0.018968043
129.6	0.018773813
129.62	0.018583486
129.64	0.01840498
129.66	0.018256523
129.68	0.018126798
129.7	0.018008867
129.72	0.017907287
129.74	0.017827112
129.76	0.017768521
129.78	0.017731913
129.8	0.017722919
129.82	0.017752893
129.84	0.017813589
129.86	0.017901781
129.88	0.017993979
129.9	0.018078558
129.92	0.018155054
129.94	0.018221686
129.96	0.018269328
129.98	0.018284208
130	0.018246285
130.02	0.018153556
130.04	0.018011683
130.06	0.017836623
130.08	0.01765464
130.1	0.017526965
130.12	0.017501177
130.14	0.017517665
130.16	0.017562163
130.18	0.017614459
130.2	0.017644561
130.22	0.017636249
130.24	0.017588756
130.26	0.01750827
130.28	0.017413245
130.3	0.017317206
130.32	0.017220107
130.34	0.01714131
130.36	0.017099772
130.38	0.017077849
130.4	0.017041043
130.42	0.016972925
130.44	0.016878326
130.46	0.016766486
130.48	0.016652208
130.5	0.016549319
130.52	0.016474906
130.54	0.016448955
130.56	0.016461656
130.58	0.016508362
130.6	0.016599897
130.62	0.016751432
130.64	0.016950951
130.66	0.017177614
130.68	0.017421576
130.7	0.01768553
130.72	0.017974796
130.74	0.01829398
130.76	0.018648627
130.78	0.019010536
130.8	0.019373455
130.82	0.019735173
130.84	0.020087112
130.86	0.020404184
130.88	0.020655726
130.9	0.020827843
130.92	0.020911181
130.94	0.020895602
130.96	0.020778331
130.98	0.020560525
131	0.020256837
131.02	0.019880456
131.04	0.019450716
131.06	0.018981867
131.08	0.018521413
131.1	0.018119486
131.12	0.017780655
131.14	0.01750397
131.16	0.017294084
131.18	0.01716097
131.2	0.017109091
131.22	0.017109247
131.24	0.017140009
131.26	0.017184763
131.28	0.017248748
131.3	0.017339662
131.32	0.017470635
131.34	0.017656857
131.36	0.017843675
131.38	0.017988066
131.4	0.018095103
131.42	0.018154897
131.44	0.018161716
131.46	0.018095052
131.48	0.017939564
131.5	0.017707454
131.52	0.017446545
131.54	0.017222999
131.56	0.017025086
131.58	0.016834289
131.6	0.016615603
131.62	0.01635541
131.64	0.016069993
131.66	0.01577427
131.68	0.015478893
131.7	0.015194092
131.72	0.014920062
131.74	0.014664665
131.76	0.014470028
131.78	0.014364129
131.8	0.014334771
131.82	0.014365752
131.84	0.014435892
131.86	0.01454754
131.88	0.014698787
131.9	0.01487321
131.92	0.015047371
131.94	0.015174785
131.96	0.015235856
131.98	0.015244328
132	0.015223768
132.02	0.015189279
132.04	0.015151331
132.06	0.015111611
132.08	0.015086409
132.1	0.015081068
132.12	0.015095142
132.14	0.015120512
132.16	0.015140446
132.18	0.015141676
132.2	0.015130392
132.22	0.015114464
132.24	0.015098759
132.26	0.015070916
132.28	0.015017099
132.3	0.014909735
132.32	0.014710225
132.34	0.014380008
132.36	0.013912228
132.38	0.013310904
132.4	0.012581014
132.42	0.011735007
132.44	0.010802439
132.46	0.009803778
132.48	0.008779267
132.5	0.007772895
132.52	0.006800137
132.54	0.005880885
132.56	0.005016862
132.58	0.004210193
132.6	0.003450752
132.62	0.002737793
132.64	0.00205819
132.66	0.001413794
132.68	0.000815474
132.7	0.000291047
132.72	-0.000115847
132.74	-0.000389754
132.76	-0.000539858
132.78	-0.000582582
132.8	-0.000538642
132.82	-0.000407996
132.84	-0.00019736
132.86	8.27641E-05
132.88	0.000372233
132.9	0.000628547
132.92	0.00086855
132.94	0.001128124
132.96	0.00142462
132.98	0.001768762
133	0.002126808
133.02	0.002470573
133.04	0.002787438
133.06	0.003080459
133.08	0.003351615
133.1	0.003619742
133.12	0.003915273
133.14	0.004252961
133.16	0.004620249
133.18	0.005031442
133.2	0.005486242
133.22	0.005981931
133.24	0.00648662
133.26	0.006997866
133.28	0.007528642
133.3	0.00808868
133.32	0.008693196
133.34	0.009352358
133.36	0.010104861
133.38	0.010949153
133.4	0.011847947
133.42	0.012780366
133.44	0.013746945
133.46	0.014746174
133.48	0.015771889
133.5	0.016818613
133.52	0.017877169
133.54	0.01893736
133.56	0.020011759
133.58	0.021099953
133.6	0.022188183
133.62	0.023252844
133.64	0.024272251
133.66	0.025224767
133.68	0.026100849
133.7	0.026879107
133.72	0.027534083
133.74	0.028040448
133.76	0.028392747
133.78	0.028599174
133.8	0.028674243
133.82	0.028634865
133.84	0.028490174
133.86	0.028243382
133.88	0.027904396
133.9	0.027489033
133.92	0.02699619
133.94	0.02639918
133.96	0.025693282
133.98	0.024887282
134	0.024009165
134.02	0.02313454
134.04	0.022274323
134.06	0.021409991
134.08	0.020547556
134.1	0.019704317
134.12	0.018905867
134.14	0.018154186
134.16	0.01743555
134.18	0.016739498
134.2	0.016054981
134.22	0.015365451
134.24	0.014672551
134.26	0.013991538
134.28	0.013351643
134.3	0.012764116
134.32	0.012225892
134.34	0.011726932
134.36	0.011253017
134.38	0.010808426
134.4	0.010416829
134.42	0.010092366
134.44	0.009841934
134.46	0.009658213
134.48	0.009521214
134.5	0.0094072
134.52	0.009312032
134.54	0.00923959
134.56	0.009185688
134.58	0.009147097
134.6	0.009128106
134.62	0.009135385
134.64	0.009179079
134.66	0.009259869
134.68	0.009368086
134.7	0.009490451
134.72	0.009636068
134.74	0.009795802
134.76	0.009926766
134.78	0.010057716
134.8	0.010192396
134.82	0.010335263
134.84	0.010492221
134.86	0.0106718
134.88	0.010882126
134.9	0.011132253
134.92	0.011425288
134.94	0.011750826
134.96	0.012079135
134.98	0.012401017
135	0.012711382
135.02	0.01300376
135.04	0.013283684
135.06	0.013542731
135.08	0.013785604
135.1	0.014005105
135.12	0.01420599
135.14	0.014400704
135.16	0.014611781
135.18	0.014853034
135.2	0.015114997
135.22	0.015396961
135.24	0.015689637
135.26	0.015981178
135.28	0.016262985
135.3	0.016535546
135.32	0.016784868
135.34	0.017009861
135.36	0.01719632
135.38	0.017335275
135.4	0.017436897
135.42	0.017520431
135.44	0.017593824
135.46	0.017657829
135.48	0.017700261
135.5	0.017716226
135.52	0.017702339
135.54	0.017655307
135.56	0.017572933
135.58	0.017448628
135.6	0.017286958
135.62	0.01710056
135.64	0.01689476
135.66	0.016671169
135.68	0.016435831
135.7	0.016196657
135.72	0.015953058
135.74	0.015702065
135.76	0.015437415
135.78	0.015154326
135.8	0.014852037
135.82	0.014532482
135.84	0.014206789
135.86	0.01388052
135.88	0.013557328
135.9	0.013241201
135.92	0.012938903
135.94	0.012657771
135.96	0.012399371
135.98	0.01216019
136	0.011939682
136.02	0.011733397
136.04	0.011532056
136.06	0.011329021
136.08	0.011133161
136.1	0.010951328
136.12	0.010790501
136.14	0.010650842
136.16	0.010533209
136.18	0.01044867
136.2	0.010411872
136.22	0.010416624
136.24	0.010458536
136.26	0.010530671
136.28	0.010621618
136.3	0.010721376
136.32	0.01083037
136.34	0.010948248
136.36	0.011074865
136.38	0.011211659
136.4	0.011358943
136.42	0.011518097
136.44	0.011693408
136.46	0.011882829
136.48	0.012082353
136.5	0.012292932
136.52	0.012509378
136.54	0.012723868
136.56	0.012931221
136.58	0.013134794
136.6	0.013341544
136.62	0.013556361
136.64	0.013779247
136.66	0.014008441
136.68	0.014241211
136.7	0.014473865
136.72	0.014703035
136.74	0.014926072
136.76	0.015140187
136.78	0.015342397
136.8	0.015526832
136.82	0.015692277
136.84	0.015840858
136.86	0.015975434
136.88	0.016099868
136.9	0.016218494
136.92	0.016328907
136.94	0.016426819
136.96	0.016510938
136.98	0.016580866
137	0.016635901
137.02	0.016673619
137.04	0.016683879
137.06	0.016665407
137.08	0.016618906
137.1	0.016549083
137.12	0.016459714
137.14	0.016357729
137.16	0.016247127
137.18	0.016129996
137.2	0.016005096
137.22	0.0158689
137.24	0.01571925
137.26	0.015555863
137.28	0.015376705
137.3	0.015181262
137.32	0.014970464
137.34	0.014749188
137.36	0.014524756
137.38	0.014301792
137.4	0.014084874
137.42	0.013873615
137.44	0.013665088
137.46	0.01345904
137.48	0.013255873
137.5	0.013055917
137.52	0.012859765
137.54	0.012669805
137.56	0.012487949
137.58	0.01231559
137.6	0.012156225
137.62	0.01201267
137.64	0.011888509
137.66	0.011787307
137.68	0.011706024
137.7	0.011640865
137.72	0.011589604
137.74	0.01155085
137.76	0.011525215
137.78	0.011514047
137.8	0.011517222
137.82	0.011533834
137.84	0.011565118
137.86	0.011612639
137.88	0.011679662
137.9	0.011767944
137.92	0.011874649
137.94	0.011996603
137.96	0.012128781
137.98	0.012266066
138	0.01240585
138.02	0.012546438
138.04	0.012687556
138.06	0.01283122
138.08	0.012980414
138.1	0.01313592
138.12	0.013300401
138.14	0.01347424
138.16	0.013656346
138.18	0.013843365
138.2	0.014030304
138.22	0.014212766
138.24	0.014387783
138.26	0.014554802
138.28	0.014713997
138.3	0.014866424
138.32	0.015012683
138.34	0.015153165
138.36	0.015287796
138.38	0.015415176
138.4	0.015534105
138.42	0.015643345
138.44	0.015740807
138.46	0.015824131
138.48	0.015891584
138.5	0.015942143
138.52	0.015976968
138.54	0.015998841
138.56	0.016008345
138.58	0.016005983
138.6	0.015992509
138.62	0.015968434
138.64	0.015934623
138.66	0.015890484
138.68	0.015833335
138.7	0.015760863
138.72	0.015671873
138.74	0.015566116
138.76	0.015445191
138.78	0.015311889
138.8	0.015169199
138.82	0.01502057
138.84	0.014868442
138.86	0.01471497
138.88	0.014561175
138.9	0.014406465
138.92	0.014249799
138.94	0.014090377
138.96	0.013927685
138.98	0.013762271
139	0.013596322
139.02	0.013433064
139.04	0.013276511
139.06	0.013128946
139.08	0.012991778
139.1	0.012866083
139.12	0.01275147
139.14	0.012647142
139.16	0.012552038
139.18	0.012465627
139.2	0.012387541
139.22	0.012317755
139.24	0.012257145
139.26	0.012206921
139.28	0.012169198
139.3	0.012145749
139.32	0.012136376
139.34	0.01214087
139.36	0.012158501
139.38	0.012188047
139.4	0.01222865
139.42	0.012279596
139.44	0.012339823
139.46	0.012408208
139.48	0.012483558
139.5	0.012565973
139.52	0.01265711
139.54	0.012758494
139.56	0.012870178
139.58	0.012990996
139.6	0.013119173
139.62	0.013252924
139.64	0.013390268
139.66	0.013529048
139.68	0.013667707
139.7	0.01380499
139.72	0.013939725
139.74	0.014072378
139.76	0.014203472
139.78	0.014333686
139.8	0.014463472
139.82	0.014592221
139.84	0.014718171
139.86	0.014838805
139.88	0.014951681
139.9	0.015054933
139.92	0.015147859
139.94	0.015230228
139.96	0.015302299
139.98	0.015364802
140	0.015418401
140.02	0.015463897
140.04	0.015501462
140.06	0.015531141
140.08	0.015552282
140.1	0.015563851
140.12	0.015564531
140.14	0.015552939
140.16	0.01552835
140.18	0.01549124
140.2	0.015442329
140.22	0.015382633
140.24	0.015312785
140.26	0.015233671
140.28	0.015146609
140.3	0.015052807
140.32	0.014953068
140.34	0.014847721
140.36	0.014736818
140.38	0.014620345
140.4	0.014498946
140.42	0.014373824
140.44	0.014246413
140.46	0.014118301
140.48	0.013991199
140.5	0.013866861
140.52	0.013746713
140.54	0.013631409
140.56	0.013520939
140.58	0.013414851
140.6	0.013312601
140.62	0.013214016
140.64	0.013118996
140.66	0.013028036
140.68	0.01294225
140.7	0.012863081
140.72	0.012792012
140.74	0.012730215
140.76	0.012678477
140.78	0.012637137
140.8	0.012605809
140.82	0.012583675
140.84	0.012570075
140.86	0.012564494
140.88	0.012566833
140.9	0.012577441
140.92	0.012596936
140.94	0.012626101
140.96	0.012665157
140.98	0.012714512
141	0.012773572
141.02	0.01284168
141.04	0.012917672
141.06	0.013000425
141.08	0.01308873
141.1	0.013181239
141.12	0.01327661
141.14	0.01337444
141.16	0.013474697
141.18	0.01357755
141.2	0.013682961
141.22	0.013790463
141.24	0.013899307
141.26	0.014008566
141.28	0.01411735
141.3	0.014224624
141.32	0.014329249
141.34	0.014430039
141.36	0.014526034
141.38	0.014616868
141.4	0.014702465
141.42	0.014783021
141.44	0.014858712
141.46	0.014929296
141.48	0.014994298
141.5	0.015052929
141.52	0.015103949
141.54	0.015146178
141.56	0.015178688
141.58	0.015201046
141.6	0.015213042
141.62	0.015215118
141.64	0.015207904
141.66	0.01519222
141.68	0.015168998
141.7	0.015138866
141.72	0.015102205
141.74	0.015059048
141.76	0.015009109
141.78	0.014952113
141.8	0.014888139
141.82	0.014817411
141.84	0.014740545
141.86	0.014658865
141.88	0.014573415
141.9	0.014485274
141.92	0.01439516
141.94	0.014303722
141.96	0.014211559
141.98	0.014118695
142	0.014025141
142.02	0.013931096
142.04	0.013836828
142.06	0.013742846
142.08	0.013649861
142.1	0.013558861
142.12	0.013471028
142.14	0.013387554
142.16	0.01330936
142.18	0.013237058
142.2	0.013170976
142.22	0.013111101
142.24	0.01305738
142.26	0.013009834
142.28	0.012968496
142.3	0.01293349
142.32	0.012905041
142.34	0.012883454
142.36	0.012869238
142.38	0.012862909
142.4	0.012864787
142.42	0.012874919
142.44	0.012893008
142.46	0.012918441
142.48	0.012950233
142.5	0.012987711
142.52	0.013030487
142.54	0.013078464
142.56	0.01313172
142.58	0.01319023
142.6	0.01325411
142.62	0.013323265
142.64	0.013397401
142.66	0.013476038
142.68	0.013558404
142.7	0.013643329
142.72	0.013729603
142.74	0.013816156
142.76	0.013902182
142.78	0.013987279
142.8	0.014071132
142.82	0.014153634
142.84	0.014234559
142.86	0.014313463
142.88	0.014389791
142.9	0.014462897
142.92	0.014532116
142.94	0.01459678
142.96	0.014656203
142.98	0.014709772
143	0.014757046
143.02	0.014797922
143.04	0.014832514
143.06	0.014861069
143.08	0.014883839
143.1	0.014900962
143.12	0.014912461
143.14	0.014918127
143.16	0.014917702
143.18	0.014910934
143.2	0.014897636
143.22	0.014877694
143.24	0.014851112
143.26	0.014818143
143.28	0.014779262
143.3	0.014735059
143.32	0.01468614
143.34	0.014633099
143.36	0.01457629
143.38	0.014515957
143.4	0.014452191
143.42	0.014385111
143.44	0.014314935
143.46	0.014242021
143.48	0.014166991
143.5	0.014090669
143.52	0.014014014
143.54	0.013937929
143.56	0.013863153
143.58	0.013790265
143.6	0.013719675
143.62	0.013651598
143.64	0.013586135
143.66	0.013523332
143.68	0.013463321
143.7	0.013406389
143.72	0.013352909
143.74	0.01330342
143.76	0.013258521
143.78	0.013218762
143.8	0.013184572
143.82	0.013156188
143.84	0.013133686
143.86	0.013117009
143.88	0.013106031
143.9	0.013100646
143.92	0.01310081
143.94	0.013106514
143.96	0.013117719
143.98	0.01313451
144	0.013157029
144.02	0.01318531
144.04	0.013219319
144.06	0.013258805
144.08	0.013303338
144.1	0.013352306
144.12	0.01340497
144.14	0.013460666
144.16	0.013518828
144.18	0.013578957
144.2	0.013640692
144.22	0.013703761
144.24	0.013767934
144.26	0.013833021
144.28	0.013898757
144.3	0.013964756
144.32	0.014030472
144.34	0.014095265
144.36	0.014158458
144.38	0.014219459
144.4	0.014277835
144.42	0.014333297
144.44	0.014385704
144.46	0.014434981
144.48	0.014481046
144.5	0.01452378
144.52	0.014562954
144.54	0.014598217
144.56	0.014629167
144.58	0.01465538
144.6	0.01467644
144.62	0.014692037
144.64	0.014702029
144.66	0.014706438
144.68	0.01470544
144.7	0.014699281
144.72	0.014688224
144.74	0.014672517
144.76	0.014652346
144.78	0.014627799
144.8	0.014598981
144.82	0.014565953
144.84	0.014528803
144.86	0.014487727
144.88	0.014442985
144.9	0.014394958
144.92	0.014344136
144.94	0.014291029
144.96	0.014236193
144.98	0.014180122
145	0.014123191
145.02	0.0140657
145.04	0.014007866
145.06	0.013949883
145.08	0.013891972
145.1	0.013834409
145.12	0.013777571
145.14	0.013721953
145.16	0.013668118
145.18	0.01361662
145.2	0.013567981
145.22	0.013522643
145.24	0.013480909
145.26	0.013442965
145.28	0.013408887
145.3	0.0133787
145.32	0.013352437
145.34	0.013330175
145.36	0.013312071
145.38	0.013298363
145.4	0.013289294
145.42	0.01328503
145.44	0.013285635
145.46	0.013291068
145.48	0.013301165
145.5	0.013315671