0	0
0.02	1.32522E-11
0.04	9.71141E-11
0.06	3.21906E-10
0.08	7.5757E-10
0.1	1.47366E-09
0.12	2.53932E-09
0.14	4.02322E-09
0.16	5.99337E-09
0.18	8.51691E-09
0.2	1.1659E-08
0.22	1.5478E-08
0.24	2.00133E-08
0.26	2.52681E-08
0.28	3.12131E-08
0.3	3.78185E-08
0.32	4.50679E-08
0.34	5.29373E-08
0.36	6.14006E-08
0.38	7.0436E-08
0.4	8.00147E-08
0.42	9.01123E-08
0.44	1.00703E-07
0.46	1.11759E-07
0.48	1.23251E-07
0.5	1.3515E-07
0.52	1.47429E-07
0.54	1.60059E-07
0.56	1.73009E-07
0.58	1.86244E-07
0.6	1.99729E-07
0.62	2.13432E-07
0.64	2.27321E-07
0.66	2.41357E-07
0.68	2.55488E-07
0.7	2.69644E-07
0.72	2.83734E-07
0.74	2.97658E-07
0.76	3.11325E-07
0.78	3.24662E-07
0.8	3.37603E-07
0.82	3.50083E-07
0.84	3.62043E-07
0.86	3.73438E-07
0.88	3.84228E-07
0.9	3.94376E-07
0.92	4.03848E-07
0.94	4.12619E-07
0.96	4.20665E-07
0.98	4.27968E-07
1	4.34516E-07
1.02	4.40299E-07
1.04	4.45316E-07
1.06	4.49565E-07
1.08	4.53052E-07
1.1	4.55791E-07
1.12	4.57811E-07
1.14	4.5916E-07
1.16	4.599E-07
1.18	4.60105E-07
1.2	4.59841E-07
1.22	4.59162E-07
1.24	4.58117E-07
1.26	4.56751E-07
1.28	4.55114E-07
1.3	4.53246E-07
1.32	4.51183E-07
1.34	4.48957E-07
1.36	4.46603E-07
1.38	4.44153E-07
1.4	4.41634E-07
1.42	4.39071E-07
1.44	4.36488E-07
1.46	4.3391E-07
1.48	4.3136E-07
1.5	4.28862E-07
1.52	4.26433E-07
1.54	4.2409E-07
1.56	4.21859E-07
1.58	4.19777E-07
1.6	4.17883E-07
1.62	4.1622E-07
1.64	4.14819E-07
1.66	4.137E-07
1.68	4.12868E-07
1.7	4.12314E-07
1.72	4.12026E-07
1.74	4.11984E-07
1.76	4.12162E-07
1.78	4.12524E-07
1.8	4.13032E-07
1.82	4.13649E-07
1.84	4.14336E-07
1.86	4.15045E-07
1.88	4.15729E-07
1.9	4.16337E-07
1.92	4.1682E-07
1.94	4.17122E-07
1.96	4.17189E-07
1.98	4.16964E-07
2	4.16382E-07
2.02	4.15372E-07
2.04	4.13857E-07
2.06	4.1176E-07
2.08	4.0901E-07
2.1	4.05551E-07
2.12	4.01339E-07
2.14	3.96337E-07
2.16	3.90513E-07
2.18	3.83841E-07
2.2	3.76299E-07
2.22	3.67871E-07
2.24	3.58547E-07
2.26	3.48315E-07
2.28	3.37166E-07
2.3	3.25097E-07
2.32	3.12104E-07
2.34	2.98189E-07
2.36	2.83348E-07
2.38	2.6758E-07
2.4	2.50889E-07
2.42	2.33279E-07
2.44	2.14751E-07
2.46	1.95301E-07
2.48	1.74923E-07
2.5	1.5361E-07
2.52	1.31365E-07
2.54	1.08201E-07
2.56	8.41415E-08
2.58	5.92168E-08
2.6	3.34638E-08
2.62	6.92296E-09
2.64	-2.03653E-08
2.66	-4.83607E-08
2.68	-7.70226E-08
2.7	-1.06312E-07
2.72	-1.36194E-07
2.74	-1.66636E-07
2.76	-1.97606E-07
2.78	-2.29074E-07
2.8	-2.6101E-07
2.82	-2.93392E-07
2.84	-3.26199E-07
2.86	-3.5941E-07
2.88	-3.93005E-07
2.9	-4.26965E-07
2.92	-4.61272E-07
2.94	-4.95912E-07
2.96	-5.30877E-07
2.98	-5.66175E-07
3	-6.01823E-07
3.02	-6.37849E-07
3.04	-6.74283E-07
3.06	-7.11162E-07
3.08	-7.48523E-07
3.1	-7.86408E-07
3.12	-8.24859E-07
3.14	-8.6392E-07
3.16	-9.03632E-07
3.18	-9.44037E-07
3.2	-9.8518E-07
3.22	-1.0271E-06
3.24	-1.06984E-06
3.26	-1.11344E-06
3.28	-1.15793E-06
3.3	-1.20336E-06
3.32	-1.24976E-06
3.34	-1.29716E-06
3.36	-1.3456E-06
3.38	-1.39509E-06
3.4	-1.44568E-06
3.42	-1.4974E-06
3.44	-1.55029E-06
3.46	-1.60441E-06
3.48	-1.6598E-06
3.5	-1.71651E-06
3.52	-1.77459E-06
3.54	-1.83407E-06
3.56	-1.89499E-06
3.58	-1.95739E-06
3.6	-2.02128E-06
3.62	-2.08669E-06
3.64	-2.15364E-06
3.66	-2.22213E-06
3.68	-2.29218E-06
3.7	-2.3638E-06
3.72	-2.43699E-06
3.74	-2.51174E-06
3.76	-2.58806E-06
3.78	-2.66595E-06
3.8	-2.74539E-06
3.82	-2.82638E-06
3.84	-2.90892E-06
3.86	-2.99296E-06
3.88	-3.0785E-06
3.9	-3.1655E-06
3.92	-3.25391E-06
3.94	-3.34372E-06
3.96	-3.43488E-06
3.98	-3.52737E-06
4	-3.62116E-06
4.02	-3.71622E-06
4.04	-3.81254E-06
4.06	-3.9101E-06
4.08	-4.00888E-06
4.1	-4.10887E-06
4.12	-4.21006E-06
4.14	-4.31245E-06
4.16	-4.41605E-06
4.18	-4.52083E-06
4.2	-4.62682E-06
4.22	-4.73402E-06
4.24	-4.84242E-06
4.26	-4.95205E-06
4.28	-5.06292E-06
4.3	-5.17502E-06
4.32	-5.28837E-06
4.34	-5.40296E-06
4.36	-5.5188E-06
4.38	-5.63588E-06
4.4	-5.75424E-06
4.42	-5.87387E-06
4.44	-5.99479E-06
4.46	-6.11704E-06
4.48	-6.24063E-06
4.5	-6.36561E-06
4.52	-6.49201E-06
4.54	-6.61986E-06
4.56	-6.74919E-06
4.58	-6.88006E-06
4.6	-7.01249E-06
4.62	-7.14653E-06
4.64	-7.28221E-06
4.66	-7.41958E-06
4.68	-7.55866E-06
4.7	-7.69951E-06
4.72	-7.84215E-06
4.74	-7.98662E-06
4.76	-8.13298E-06
4.78	-8.28126E-06
4.8	-8.4315E-06
4.82	-8.58373E-06
4.84	-8.738E-06
4.86	-8.89432E-06
4.88	-9.05272E-06
4.9	-9.21321E-06
4.92	-9.3758E-06
4.94	-9.5405E-06
4.96	-9.70731E-06
4.98	-9.87624E-06
5	-1.00473E-05
5.02	-1.02204E-05
5.04	-1.03957E-05
5.06	-1.0573E-05
5.08	-1.07524E-05
5.1	-1.09338E-05
5.12	-1.11173E-05
5.14	-1.13029E-05
5.16	-1.14905E-05
5.18	-1.168E-05
5.2	-1.18716E-05
5.22	-1.20652E-05
5.24	-1.22607E-05
5.26	-1.24583E-05
5.28	-1.26578E-05
5.3	-1.28592E-05
5.32	-1.30626E-05
5.34	-1.32679E-05
5.36	-1.3475E-05
5.38	-1.3684E-05
5.4	-1.38949E-05
5.42	-1.41075E-05
5.44	-1.43219E-05
5.46	-1.45381E-05
5.48	-1.47561E-05
5.5	-1.49758E-05
5.52	-1.51971E-05
5.54	-1.54202E-05
5.56	-1.5645E-05
5.58	-1.58715E-05
5.6	-1.60996E-05
5.62	-1.63294E-05
5.64	-1.65608E-05
5.66	-1.67939E-05
5.68	-1.70287E-05
5.7	-1.72651E-05
5.72	-1.75031E-05
5.74	-1.77429E-05
5.76	-1.79843E-05
5.78	-1.82273E-05
5.8	-1.84721E-05
5.82	-1.87187E-05
5.84	-1.89669E-05
5.86	-1.9217E-05
5.88	-1.94688E-05
5.9	-1.97225E-05
5.92	-1.9978E-05
5.94	-2.02353E-05
5.96	-2.04945E-05
5.98	-2.07556E-05
6	-2.10186E-05
6.02	-2.12836E-05
6.04	-2.15504E-05
6.06	-2.18191E-05
6.08	-2.20898E-05
6.1	-2.23624E-05
6.12	-2.2637E-05
6.14	-2.29134E-05
6.16	-2.31918E-05
6.18	-2.34721E-05
6.2	-2.37543E-05
6.22	-2.40385E-05
6.24	-2.43245E-05
6.26	-2.46125E-05
6.28	-2.49023E-05
6.3	-2.51941E-05
6.32	-2.54877E-05
6.34	-2.57832E-05
6.36	-2.60806E-05
6.38	-2.63798E-05
6.4	-2.66807E-05
6.42	-2.69835E-05
6.44	-2.7288E-05
6.46	-2.75942E-05
6.48	-2.79021E-05
6.5	-2.82116E-05
6.52	-2.85227E-05
6.54	-2.88354E-05
6.56	-2.91496E-05
6.58	-2.94653E-05
6.6	-2.97824E-05
6.62	-3.01009E-05
6.64	-3.04208E-05
6.66	-3.07419E-05
6.68	-3.10643E-05
6.7	-3.13879E-05
6.72	-3.17126E-05
6.74	-3.20384E-05
6.76	-3.23652E-05
6.78	-3.2693E-05
6.8	-3.30217E-05
6.82	-3.33514E-05
6.84	-3.36819E-05
6.86	-3.40132E-05
6.88	-3.43453E-05
6.9	-3.46782E-05
6.92	-3.50118E-05
6.94	-3.5346E-05
6.96	-3.56809E-05
6.98	-3.60165E-05
7	-3.63526E-05
7.02	-3.66892E-05
7.04	-3.70264E-05
7.06	-3.73641E-05
7.08	-3.77022E-05
7.1	-3.80408E-05
7.12	-3.83798E-05
7.14	-3.8719E-05
7.16	-3.90586E-05
7.18	-3.93985E-05
7.2	-3.97387E-05
7.22	-4.0079E-05
7.24	-4.04195E-05
7.26	-4.07602E-05
7.28	-4.1101E-05
7.3	-4.14418E-05
7.32	-4.17827E-05
7.34	-4.21237E-05
7.36	-4.24646E-05
7.38	-4.28054E-05
7.4	-4.31461E-05
7.42	-4.34867E-05
7.44	-4.38272E-05
7.46	-4.41673E-05
7.48	-4.45072E-05
7.5	-4.48468E-05
7.52	-4.5186E-05
7.54	-4.55248E-05
7.56	-4.58631E-05
7.58	-4.62009E-05
7.6	-4.65381E-05
7.62	-4.68746E-05
7.64	-4.72104E-05
7.66	-4.75454E-05
7.68	-4.78795E-05
7.7	-4.82126E-05
7.72	-4.85447E-05
7.74	-4.88757E-05
7.76	-4.92054E-05
7.78	-4.95339E-05
7.8	-4.9861E-05
7.82	-5.01865E-05
7.84	-5.05105E-05
7.86	-5.08328E-05
7.88	-5.11533E-05
7.9	-5.1472E-05
7.92	-5.17886E-05
7.94	-5.21032E-05
7.96	-5.24156E-05
7.98	-5.27257E-05
8	-5.30335E-05
8.02	-5.33388E-05
8.04	-5.36415E-05
8.06	-5.39415E-05
8.08	-5.42388E-05
8.1	-5.45332E-05
8.12	-5.48246E-05
8.14	-5.51128E-05
8.16	-5.53979E-05
8.18	-5.56797E-05
8.2	-5.5958E-05
8.22	-5.62328E-05
8.24	-5.65039E-05
8.26	-5.67713E-05
8.28	-5.70349E-05
8.3	-5.72944E-05
8.32	-5.75499E-05
8.34	-5.78012E-05
8.36	-5.80482E-05
8.38	-5.82908E-05
8.4	-5.85289E-05
8.42	-5.87624E-05
8.44	-5.89911E-05
8.46	-5.9215E-05
8.48	-5.9434E-05
8.5	-5.96479E-05
8.52	-5.98566E-05
8.54	-6.00601E-05
8.56	-6.02582E-05
8.58	-6.04508E-05
8.6	-6.06378E-05
8.62	-6.0819E-05
8.64	-6.09945E-05
8.66	-6.1164E-05
8.68	-6.13275E-05
8.7	-6.14847E-05
8.72	-6.16357E-05
8.74	-6.17803E-05
8.76	-6.19183E-05
8.78	-6.20496E-05
8.8	-6.2174E-05
8.82	-6.22915E-05
8.84	-6.24019E-05
8.86	-6.25051E-05
8.88	-6.26008E-05
8.9	-6.2689E-05
8.92	-6.27695E-05
8.94	-6.28422E-05
8.96	-6.29068E-05
8.98	-6.29633E-05
9	-6.30115E-05
9.02	-6.30512E-05
9.04	-6.30822E-05
9.06	-6.31044E-05
9.08	-6.31177E-05
9.1	-6.31218E-05
9.12	-6.31166E-05
9.14	-6.31019E-05
9.16	-6.30776E-05
9.18	-6.30434E-05
9.2	-6.29991E-05
9.22	-6.29447E-05
9.24	-6.28798E-05
9.26	-6.28043E-05
9.28	-6.27181E-05
9.3	-6.26209E-05
9.32	-6.25125E-05
9.34	-6.23928E-05
9.36	-6.22616E-05
9.38	-6.21186E-05
9.4	-6.19636E-05
9.42	-6.17966E-05
9.44	-6.16171E-05
9.46	-6.14252E-05
9.48	-6.12204E-05
9.5	-6.10028E-05
9.52	-6.0772E-05
9.54	-6.05278E-05
9.56	-6.02701E-05
9.58	-5.99987E-05
9.6	-5.97133E-05
9.62	-5.94137E-05
9.64	-5.90999E-05
9.66	-5.87714E-05
9.68	-5.84283E-05
9.7	-5.80702E-05
9.72	-5.76969E-05
9.74	-5.73083E-05
9.76	-5.69042E-05
9.78	-5.64844E-05
9.8	-5.60485E-05
9.82	-5.55966E-05
9.84	-5.51282E-05
9.86	-5.46433E-05
9.88	-5.41417E-05
9.9	-5.3623E-05
9.92	-5.30871E-05
9.94	-5.25338E-05
9.96	-5.19629E-05
9.98	-5.13742E-05
10	-5.07673E-05
10.02	-5.01422E-05
10.04	-4.94986E-05
10.06	-4.88363E-05
10.08	-4.81551E-05
10.1	-4.74546E-05
10.12	-4.67348E-05
10.14	-4.59954E-05
10.16	-4.52362E-05
10.18	-4.44568E-05
10.2	-4.36572E-05
10.22	-4.2837E-05
10.24	-4.19961E-05
10.26	-4.11341E-05
10.28	-4.02509E-05
10.3	-3.93462E-05
10.32	-3.84198E-05
10.34	-3.74714E-05
10.36	-3.65007E-05
10.38	-3.55076E-05
10.4	-3.44918E-05
10.42	-3.3453E-05
10.44	-3.2391E-05
10.46	-3.13054E-05
10.48	-3.01961E-05
10.5	-2.90629E-05
10.52	-2.79053E-05
10.54	-2.67232E-05
10.56	-2.55164E-05
10.58	-2.42845E-05
10.6	-2.30272E-05
10.62	-2.17444E-05
10.64	-2.04357E-05
10.66	-1.91009E-05
10.68	-1.77398E-05
10.7	-1.6352E-05
10.72	-1.49374E-05
10.74	-1.34956E-05
10.76	-1.20263E-05
10.78	-1.05294E-05
10.8	-9.00464E-06
10.82	-7.45164E-06
10.84	-5.8702E-06
10.86	-4.26005E-06
10.88	-2.62095E-06
10.9	-9.52624E-07
10.92	7.45173E-07
10.94	2.4727E-06
10.96	4.23021E-06
10.98	6.01796E-06
11	7.8362E-06
11.02	9.68519E-06
11.04	1.15652E-05
11.06	1.34764E-05
11.08	1.54191E-05
11.1	1.73935E-05
11.12	1.94E-05
11.14	2.14386E-05
11.16	2.35098E-05
11.18	2.56137E-05
11.2	2.77505E-05
11.22	2.99205E-05
11.24	3.2124E-05
11.26	3.43611E-05
11.28	3.66322E-05
11.3	3.89374E-05
11.32	4.12771E-05
11.34	4.36513E-05
11.36	4.60604E-05
11.38	4.85046E-05
11.4	5.09841E-05
11.42	5.34991E-05
11.44	5.60499E-05
11.46	5.86368E-05
11.48	6.12599E-05
11.5	6.39194E-05
11.52	6.66156E-05
11.54	6.93488E-05
11.56	7.21191E-05
11.58	7.49268E-05
11.6	7.77721E-05
11.62	8.06552E-05
11.64	8.35764E-05
11.66	8.65358E-05
11.68	8.95338E-05
11.7	9.25704E-05
11.72	9.5646E-05
11.74	9.87607E-05
11.76	0.000101915
11.78	0.000105108
11.8	0.000108342
11.82	0.000111615
11.84	0.000114928
11.86	0.000118282
11.88	0.000121677
11.9	0.000125112
11.92	0.000128588
11.94	0.000132105
11.96	0.000135663
11.98	0.000139263
12	0.000142905
12.02	0.000146589
12.04	0.000150314
12.06	0.000154082
12.08	0.000157892
12.1	0.000161744
12.12	0.000165639
12.14	0.000169577
12.16	0.000173558
12.18	0.000177581
12.2	0.000181648
12.22	0.000185759
12.24	0.000189912
12.26	0.00019411
12.28	0.000198351
12.3	0.000202635
12.32	0.000206964
12.34	0.000211336
12.36	0.000215753
12.38	0.000220213
12.4	0.000224718
12.42	0.000229267
12.44	0.000233861
12.46	0.000238498
12.48	0.000243181
12.5	0.000247907
12.52	0.000252678
12.54	0.000257494
12.56	0.000262354
12.58	0.000267259
12.6	0.000272208
12.62	0.000277202
12.64	0.00028224
12.66	0.000287323
12.68	0.000292451
12.7	0.000297623
12.72	0.00030284
12.74	0.000308101
12.76	0.000313406
12.78	0.000318756
12.8	0.00032415
12.82	0.000329588
12.84	0.000335071
12.86	0.000340597
12.88	0.000346168
12.9	0.000351782
12.92	0.00035744
12.94	0.000363142
12.96	0.000368887
12.98	0.000374676
13	0.000380508
13.02	0.000386383
13.04	0.000392301
13.06	0.000398262
13.08	0.000404265
13.1	0.000410311
13.12	0.000416399
13.14	0.000422529
13.16	0.000428701
13.18	0.000434914
13.2	0.000441168
13.22	0.000447464
13.24	0.000453801
13.26	0.000460178
13.28	0.000466595
13.3	0.000473052
13.32	0.000479549
13.34	0.000486085
13.36	0.00049266
13.38	0.000499274
13.4	0.000505926
13.42	0.000512615
13.44	0.000519343
13.46	0.000526107
13.48	0.000532909
13.5	0.000539746
13.52	0.00054662
13.54	0.000553528
13.56	0.000560472
13.58	0.00056745
13.6	0.000574462
13.62	0.000581508
13.64	0.000588586
13.66	0.000595697
13.68	0.00060284
13.7	0.000610014
13.72	0.000617218
13.74	0.000624453
13.76	0.000631717
13.78	0.000639009
13.8	0.00064633
13.82	0.000653679
13.84	0.000661054
13.86	0.000668455
13.88	0.000675881
13.9	0.000683333
13.92	0.000690808
13.94	0.000698306
13.96	0.000705827
13.98	0.000713369
14	0.000720931
14.02	0.000728514
14.04	0.000736116
14.06	0.000743735
14.08	0.000751372
14.1	0.000759026
14.12	0.000766694
14.14	0.000774377
14.16	0.000782074
14.18	0.000789783
14.2	0.000797504
14.22	0.000805235
14.24	0.000812975
14.26	0.000820724
14.28	0.00082848
14.3	0.000836242
14.32	0.00084401
14.34	0.000851781
14.36	0.000859555
14.38	0.00086733
14.4	0.000875106
14.42	0.000882881
14.44	0.000890653
14.46	0.000898423
14.48	0.000906187
14.5	0.000913946
14.52	0.000921697
14.54	0.00092944
14.56	0.000937172
14.58	0.000944893
14.6	0.000952601
14.62	0.000960294
14.64	0.000967972
14.66	0.000975632
14.68	0.000983273
14.7	0.000990894
14.72	0.000998492
14.74	0.001006067
14.76	0.001013617
14.78	0.001021139
14.8	0.001028633
14.82	0.001036097
14.84	0.001043528
14.86	0.001050926
14.88	0.001058288
14.9	0.001065613
14.92	0.001072898
14.94	0.001080142
14.96	0.001087343
14.98	0.001094499
15	0.001102259
15.02	0.001111671
15.04	0.00111943
15.06	0.001128283
15.08	0.001135053
15.1	0.001142888
15.12	0.001147919
15.14	0.001153603
15.16	0.001154517
15.18	0.001152884
15.2	0.001131091
15.22	0.001054778
15.24	0.000877619
15.26	0.000670305
15.28	0.000471209
15.3	0.00034173
15.32	0.000328603
15.34	0.000414918
15.36	0.000504527
15.38	0.00053326
15.4	0.000548082
15.42	0.00063247
15.44	0.000879827
15.46	0.001264093
15.48	0.00169327
15.5	0.002020456
15.52	0.002062277
15.54	0.001766217
15.56	0.001182915
15.58	0.000343527
15.6	-0.000559968
15.62	-0.001491269
15.64	-0.002391524
15.66	-0.003206758
15.68	-0.003963349
15.7	-0.004716309
15.72	-0.005316448
15.74	-0.005632701
15.76	-0.005510483
15.78	-0.004899128
15.8	-0.003863001
15.82	-0.002445693
15.84	-0.000667233
15.86	0.001427437
15.88	0.003568216
15.9	0.005588346
15.92	0.007476631
15.94	0.009339769
15.96	0.011218286
15.98	0.013088297
16	0.014795598
16.02	0.016153049
16.04	0.01698752
16.06	0.017217388
16.08	0.016829182
16.1	0.015910305
16.12	0.014438127
16.14	0.012368841
16.16	0.009673526
16.18	0.006522387
16.2	0.003003394
16.22	-0.000861501
16.24	-0.005008692
16.26	-0.009396009
16.28	-0.014008587
16.3	-0.018778241
16.32	-0.023669756
16.34	-0.028527834
16.36	-0.033283802
16.38	-0.037793258
16.4	-0.041907157
16.42	-0.045498118
16.44	-0.048609782
16.46	-0.051279144
16.48	-0.05365226
16.5	-0.055728884
16.52	-0.057408148
16.54	-0.058539949
16.56	-0.059076177
16.58	-0.059073708
16.6	-0.058732723
16.62	-0.058216841
16.64	-0.057688897
16.66	-0.057196153
16.68	-0.05670598
16.7	-0.05640736
16.72	-0.056278171
16.74	-0.056238961
16.76	-0.0563412
16.78	-0.056691477
16.8	-0.057462612
16.82	-0.058731318
16.84	-0.060317468
16.86	-0.061746926
16.88	-0.062332112
16.9	-0.062040185
16.92	-0.060903479
16.94	-0.058875498
16.96	-0.05597027
16.98	-0.052089544
17	-0.047219888
17.02	-0.041280541
17.04	-0.03421912
17.06	-0.025988102
17.08	-0.016553952
17.1	-0.006282315
17.12	0.004424033
17.14	0.015193858
17.16	0.025621013
17.18	0.035470187
17.2	0.04467643
17.22	0.053193018
17.24	0.060670989
17.26	0.066706774
17.28	0.070846409
17.3	0.072936205
17.32	0.072973373
17.34	0.070907911
17.36	0.066840428
17.38	0.06108991
17.4	0.054347154
17.42	0.047382048
17.44	0.040227295
17.46	0.03295801
17.48	0.025409081
17.5	0.017597256
17.52	0.009899353
17.54	0.002211825
17.56	-0.005696132
17.58	-0.013937396
17.6	-0.022293255
17.62	-0.030520799
17.64	-0.038151845
17.66	-0.044282639
17.68	-0.048583621
17.7	-0.050931096
17.72	-0.05128613
17.74	-0.049761366
17.76	-0.04667214
17.78	-0.04247445
17.8	-0.036404901
17.82	-0.028398448
17.84	-0.018461525
17.86	-0.006922551
17.88	0.005972987
17.9	0.019794139
17.92	0.034272438
17.94	0.049096003
17.96	0.063948657
17.98	0.078895307
18	0.09400157
18.02	0.109159346
18.04	0.124315107
18.06	0.139232586
18.08	0.153826596
18.1	0.167916316
18.12	0.181570763
18.14	0.194773945
18.16	0.207341294
18.18	0.218683762
18.2	0.228375826
18.22	0.236051867
18.24	0.241897278
18.26	0.246190788
18.28	0.249494371
18.3	0.251865426
18.32	0.253188388
18.34	0.253187952
18.36	0.25178717
18.38	0.248815463
18.4	0.244168851
18.42	0.237877526
18.44	0.230166395
18.46	0.221001959
18.48	0.210568106
18.5	0.198928168
18.52	0.186535963
18.54	0.173202801
18.56	0.159398971
18.58	0.145719176
18.6	0.132222249
18.62	0.118927731
18.64	0.105734159
18.66	0.092730848
18.68	0.080354291
18.7	0.068831609
18.72	0.058100571
18.74	0.048248587
18.76	0.039303478
18.78	0.031462525
18.8	0.024738624
18.82	0.019113426
18.84	0.014718866
18.86	0.011519716
18.88	0.009396456
18.9	0.008326238
18.92	0.008345427
18.94	0.009447615
18.96	0.011431192
18.98	0.014141831
19	0.017654968
19.02	0.021607854
19.04	0.025314691
19.06	0.028543908
19.08	0.03088432
19.1	0.032325072
19.12	0.032741033
19.14	0.032018994
19.16	0.029883525
19.18	0.026118418
19.2	0.020810873
19.22	0.014394528
19.24	0.006953019
19.26	-0.001310999
19.28	-0.010333268
19.3	-0.019696807
19.32	-0.029166717
19.34	-0.038642515
19.36	-0.048277837
19.38	-0.057993764
19.4	-0.068027075
19.42	-0.078400279
19.44	-0.089040507
19.46	-0.09977935
19.48	-0.110668196
19.5	-0.121656634
19.52	-0.132732343
19.54	-0.14360814
19.56	-0.154069528
19.58	-0.163660099
19.6	-0.172226161
19.62	-0.179699345
19.64	-0.186078694
19.66	-0.191236855
19.68	-0.195022142
19.7	-0.197293419
19.72	-0.198260455
19.74	-0.198110003
19.76	-0.196732296
19.78	-0.194167817
19.8	-0.190787116
19.82	-0.18715117
19.84	-0.183494691
19.86	-0.180134672
19.88	-0.176831229
19.9	-0.172970123
19.92	-0.16797566
19.94	-0.161983382
19.96	-0.15539265
19.98	-0.149298814
20	-0.143874023
20.02	-0.139405225
20.04	-0.135990622
20.06	-0.133716414
20.08	-0.131765937
20.1	-0.129918553
20.12	-0.128168854
20.14	-0.126578405
20.16	-0.125033808
20.18	-0.123101294
20.2	-0.120255597
20.22	-0.116706346
20.24	-0.112333239
20.26	-0.107067786
20.28	-0.100466702
20.3	-0.092520066
20.32	-0.083339731
20.34	-0.073321615
20.36	-0.062401585
20.38	-0.050508391
20.4	-0.03769074
20.42	-0.024103705
20.44	-0.009845793
20.46	0.004938929
20.48	0.020087917
20.5	0.03554789
20.52	0.051630174
20.54	0.068222456
20.56	0.085156145
20.58	0.101980854
20.6	0.118174388
20.62	0.133351123
20.64	0.147081926
20.66	0.15901927
20.68	0.169138392
20.7	0.177652546
20.72	0.184825271
20.74	0.190521926
20.76	0.194471412
20.78	0.196592062
20.8	0.196923512
20.82	0.195613977
20.84	0.192722881
20.86	0.188208052
20.88	0.182090726
20.9	0.174468886
20.92	0.165363319
20.94	0.154807352
20.96	0.143067092
20.98	0.130822203
21	0.118312753
21.02	0.105787753
21.04	0.093571208
21.06	0.081865345
21.08	0.070484357
21.1	0.059356113
21.12	0.04866035
21.14	0.038615175
21.16	0.029288823
21.18	0.020700435
21.2	0.012869742
21.22	0.005991405
21.24	0.000145366
21.26	-0.004532633
21.28	-0.008030788
21.3	-0.010379611
21.32	-0.011533596
21.34	-0.011414603
21.36	-0.010136488
21.38	-0.007941197
21.4	-0.005013783
21.42	-0.001496129
21.44	0.002537251
21.46	0.006697368
21.48	0.010578643
21.5	0.014133927
21.52	0.017260591
21.54	0.019734949
21.56	0.021432462
21.58	0.022339341
21.6	0.022512154
21.62	0.022097116
21.64	0.021273039
21.66	0.020222927
21.68	0.019102508
21.7	0.01787917
21.72	0.016538619
21.74	0.015411041
21.76	0.014652948
21.78	0.01438283
21.8	0.014770915
21.82	0.015982081
21.84	0.018067452
21.86	0.020990655
21.88	0.024660591
21.9	0.028917125
21.92	0.033369798
21.94	0.037926979
21.96	0.042573814
21.98	0.047239169
22	0.05177424
22.02	0.056007966
22.04	0.059780636
22.06	0.062855814
22.08	0.065062885
22.1	0.066497998
22.12	0.067410706
22.14	0.067978725
22.16	0.068199229
22.18	0.06796765
22.2	0.067218809
22.22	0.065996806
22.24	0.064309179
22.26	0.06240716
22.28	0.060495623
22.3	0.058660205
22.32	0.056937688
22.34	0.055277423
22.36	0.053573108
22.38	0.051861962
22.4	0.050184487
22.42	0.048437966
22.44	0.046305724
22.46	0.043863797
22.48	0.041140899
22.5	0.037974067
22.52	0.034272233
22.54	0.030043415
22.56	0.025409159
22.58	0.020566608
22.6	0.015691516
22.62	0.010726391
22.64	0.005554868
22.66	6.48025E-06
22.68	-0.005913809
22.7	-0.011995214
22.72	-0.017981594
22.74	-0.02382908
22.76	-0.029357079
22.78	-0.034521086
22.8	-0.039226936
22.82	-0.043611001
22.84	-0.047882074
22.86	-0.052292479
22.88	-0.056786477
22.9	-0.061277156
22.92	-0.065664984
22.94	-0.070169164
22.96	-0.075080993
22.98	-0.080540805
23	-0.086451441
23.02	-0.092764255
23.04	-0.099220381
23.06	-0.105620328
23.08	-0.111684751
23.1	-0.117229506
23.12	-0.122076892
23.14	-0.126270086
23.16	-0.129665243
23.18	-0.132332201
23.2	-0.134215493
23.22	-0.135325964
23.24	-0.135622782
23.26	-0.135091632
23.28	-0.133663636
23.3	-0.131456566
23.32	-0.128424054
23.34	-0.124488655
23.36	-0.119489047
23.38	-0.113169576
23.4	-0.105261719
23.42	-0.095834421
23.44	-0.085270994
23.46	-0.074021242
23.48	-0.062230547
23.5	-0.050152989
23.52	-0.037923437
23.54	-0.025807156
23.56	-0.013903994
23.58	-0.002351669
23.6	0.008708735
23.62	0.019167521
23.64	0.029118247
23.66	0.038498932
23.68	0.047388269
23.7	0.055694202
23.72	0.063510253
23.74	0.070849028
23.76	0.077840054
23.78	0.084277434
23.8	0.090042663
23.82	0.094836872
23.84	0.098763344
23.86	0.101790867
23.88	0.104045653
23.9	0.105444675
23.92	0.106087984
23.94	0.105881563
23.96	0.10549593
23.98	0.104936553
24	0.104153409
24.02	0.10305985
24.04	0.101913709
24.06	0.10067279
24.08	0.099333743
24.1	0.097652691
24.12	0.09565579
24.14	0.093208129
24.16	0.090357499
24.18	0.08730794
24.2	0.084744024
24.22	0.082789428
24.24	0.08145044
24.26	0.080549595
24.28	0.080155645
24.3	0.080182633
24.32	0.080606665
24.34	0.081374001
24.36	0.082489954
24.38	0.083785439
24.4	0.084953613
24.42	0.085724228
24.44	0.085944933
24.46	0.08558803
24.48	0.084803283
24.5	0.083177959
24.52	0.080902647
24.54	0.078197526
24.56	0.07531564
24.58	0.072423479
24.6	0.06968178
24.62	0.06716465
24.64	0.064732159
24.66	0.062303212
24.68	0.060153746
24.7	0.058070607
24.72	0.055942303
24.74	0.053663616
24.76	0.051535995
24.78	0.049695144
24.8	0.048142815
24.82	0.047076148
24.84	0.046187936
24.86	0.045319772
24.88	0.044375103
24.9	0.043383417
24.92	0.042433478
24.94	0.041669158
24.96	0.041153544
24.98	0.04081369
25	0.040424202
25.02	0.039743739
25.04	0.038607128
25.06	0.036877554
25.08	0.034341693
25.1	0.0312372
25.12	0.027698713
25.14	0.02383154
25.16	0.019561921
25.18	0.015001218
25.2	0.010399604
25.22	0.005816703
25.24	0.001190191
25.26	-0.00361382
25.28	-0.00856811
25.3	-0.013508144
25.32	-0.018538656
25.34	-0.023610443
25.36	-0.02865712
25.38	-0.033632633
25.4	-0.038522299
25.42	-0.043346187
25.44	-0.048062107
25.46	-0.052505354
25.48	-0.056640796
25.5	-0.060352897
25.52	-0.063790854
25.54	-0.067123395
25.56	-0.070466371
25.58	-0.073935276
25.6	-0.077467768
25.62	-0.080913379
25.64	-0.084083292
25.66	-0.086762304
25.68	-0.088977969
25.7	-0.090750927
25.72	-0.092135003
25.74	-0.093127037
25.76	-0.093684069
25.78	-0.093664648
25.8	-0.093018789
25.82	-0.091636502
25.84	-0.089504966
25.86	-0.086598801
25.88	-0.08292206
25.9	-0.07841429
25.92	-0.073060608
25.94	-0.06668648
25.96	-0.059380216
25.98	-0.051459266
26	-0.042952948
26.02	-0.033861156
26.04	-0.024343265
26.06	-0.014367284
26.08	-0.004090375
26.1	0.006395929
26.12	0.01694119
26.14	0.027386588
26.16	0.037359118
26.18	0.046602865
26.2	0.054924649
26.22	0.062378456
26.24	0.069043697
26.26	0.075062838
26.28	0.080477811
26.3	0.085297742
26.32	0.08933137
26.34	0.092459174
26.36	0.094460687
26.38	0.09518161
26.4	0.094543901
26.42	0.092697867
26.44	0.089757363
26.46	0.085885642
26.48	0.081231061
26.5	0.07647992
26.52	0.071795281
26.54	0.067194002
26.56	0.062688829
26.58	0.058345646
26.6	0.054206653
26.62	0.050355082
26.64	0.046930985
26.66	0.044142793
26.68	0.042116807
26.7	0.040977601
26.72	0.040721883
26.74	0.041331861
26.76	0.042776332
26.78	0.044999174
26.8	0.047868914
26.82	0.051189791
26.84	0.054654827
26.86	0.057844369
26.88	0.060405255
26.9	0.062211758
26.92	0.063115154
26.94	0.062916122
26.96	0.061429495
26.98	0.058547764
27	0.054141612
27.02	0.048083394
27.04	0.040291516
27.06	0.030804247
27.08	0.019880894
27.1	0.008085635
27.12	-0.003918018
27.14	-0.015701626
27.16	-0.02711191
27.18	-0.037953848
27.2	-0.048108016
27.22	-0.057356915
27.24	-0.065602438
27.26	-0.072771636
27.28	-0.078799182
27.3	-0.083643046
27.32	-0.087123367
27.34	-0.089008358
27.36	-0.089139673
27.38	-0.087455468
27.4	-0.084100061
27.42	-0.078914096
27.44	-0.071927598
27.46	-0.063102191
27.48	-0.052696562
27.5	-0.04077916
27.52	-0.028053783
27.54	-0.015120874
27.56	-0.002051739
27.58	0.01103234
27.6	0.023847442
27.62	0.036147762
27.64	0.047737093
27.66	0.058566046
27.68	0.068540406
27.7	0.077638214
27.72	0.085698627
27.74	0.092720915
27.76	0.098609302
27.78	0.103342786
27.8	0.106891211
27.82	0.109235183
27.84	0.110352838
27.86	0.110315578
27.88	0.109160987
27.9	0.1069749
27.92	0.103846607
27.94	0.09994347
27.96	0.095432321
27.98	0.090883041
28	0.086719671
28.02	0.082920141
28.04	0.079442931
28.06	0.076245198
28.08	0.073287055
28.1	0.070510083
28.12	0.067894933
28.14	0.065355653
28.16	0.0628569
28.18	0.060544038
28.2	0.058426372
28.22	0.056469377
28.24	0.054607618
28.26	0.052716983
28.28	0.050626527
28.3	0.047895352
28.32	0.044396202
28.34	0.040131616
28.36	0.035222639
28.38	0.029856978
28.4	0.024258591
28.42	0.018629994
28.44	0.013031575
28.46	0.007519833
28.48	0.002043536
28.5	-0.003442122
28.52	-0.009033532
28.54	-0.014744083
28.56	-0.02037142
28.58	-0.025773015
28.6	-0.031115148
28.62	-0.036403024
28.64	-0.041578172
28.66	-0.046490431
28.68	-0.050792879
28.7	-0.054208297
28.72	-0.056644119
28.74	-0.058015482
28.76	-0.058208541
28.78	-0.057273065
28.8	-0.055719038
28.82	-0.05372066
28.84	-0.051229403
28.86	-0.048204381
28.88	-0.044706161
28.9	-0.040798501
28.92	-0.036505206
28.94	-0.031914159
28.96	-0.027147858
28.98	-0.022332532
29	-0.017771018
29.02	-0.013577017
29.04	-0.009644405
29.06	-0.005828907
29.08	-0.002000506
29.1	0.001897957
29.12	0.005792724
29.14	0.009566777
29.16	0.013051029
29.18	0.016109053
29.2	0.01863664
29.22	0.020561572
29.24	0.021781562
29.26	0.022320878
29.28	0.022315116
29.3	0.021901722
29.32	0.021320811
29.34	0.020571168
29.36	0.019569418
29.38	0.01818338
29.4	0.016227922
29.42	0.013510262
29.44	0.009836105
29.46	0.004982084
29.48	-0.000737095
29.5	-0.006947516
29.52	-0.013410633
29.54	-0.019900149
29.56	-0.026351115
29.58	-0.032818344
29.6	-0.039368263
29.62	-0.045942268
29.64	-0.052408937
29.66	-0.058551096
29.68	-0.064170238
29.7	-0.069041263
29.72	-0.073085493
29.74	-0.076222335
29.76	-0.078425828
29.78	-0.079720527
29.8	-0.080144311
29.82	-0.079665796
29.84	-0.078215333
29.86	-0.075666615
29.88	-0.071984641
29.9	-0.067297817
29.92	-0.06191782
29.94	-0.055978487
29.96	-0.049863472
29.98	-0.043852399
30	-0.037979262
30.02	-0.032256154
30.04	-0.026678769
30.06	-0.021292122
30.08	-0.01627233
30.1	-0.011738962
30.12	-0.007808096
30.14	-0.004491618
30.16	-0.001713852
30.18	0.000652579
30.2	0.002633317
30.22	0.004158114
30.24	0.005107119
30.26	0.005367479
30.28	0.004939015
30.3	0.003937789
30.32	0.002600733
30.34	0.001295668
30.36	0.000491408
30.38	0.000295943
30.4	0.000809194
30.42	0.002110267
30.44	0.004197589
30.46	0.006902293
30.48	0.010131795
30.5	0.013914509
30.52	0.018238091
30.54	0.02298437
30.56	0.028032704
30.58	0.033091629
30.6	0.037723483
30.62	0.041760692
30.64	0.045103519
30.66	0.047504867
30.68	0.048770046
30.7	0.048790722
30.72	0.047566652
30.74	0.045111023
30.76	0.041453206
30.78	0.036592335
30.8	0.03047836
30.82	0.023138914
30.84	0.01476343
30.86	0.005533525
30.88	-0.004457113
30.9	-0.014947056
30.92	-0.02549691
30.94	-0.035938239
30.96	-0.045997276
30.98	-0.055486283
31	-0.064250513
31.02	-0.072061381
31.04	-0.078675875
31.06	-0.083867692
31.08	-0.08750453
31.1	-0.089456721
31.12	-0.089773884
31.14	-0.088459833
31.16	-0.085501634
31.18	-0.080855128
31.2	-0.074534908
31.22	-0.066661998
31.24	-0.057387725
31.26	-0.046858067
31.28	-0.035387793
31.3	-0.023687828
31.32	-0.011994257
31.34	-0.000509574
31.36	0.010650424
31.38	0.021445601
31.4	0.031927897
31.42	0.04204974
31.44	0.051652426
31.46	0.060585749
31.48	0.068671455
31.5	0.075766875
31.52	0.081706562
31.54	0.086423864
31.56	0.089821972
31.58	0.091840707
31.6	0.092485502
31.62	0.091822854
31.64	0.089890463
31.66	0.086714019
31.68	0.082387352
31.7	0.077044482
31.72	0.070865597
31.74	0.064206594
31.76	0.057787609
31.78	0.051660547
31.8	0.045818819
31.82	0.04037549
31.84	0.035577474
31.86	0.031471779
31.88	0.027978138
31.9	0.025147784
31.92	0.023107026
31.94	0.021849952
31.96	0.021397018
31.98	0.021658828
32	0.022523512
32.02	0.023861165
32.04	0.025616066
32.06	0.027658477
32.08	0.029804571
32.1	0.031652531
32.12	0.032640905
32.14	0.03266499
32.16	0.031835211
32.18	0.030091334
32.2	0.02745196
32.22	0.023989158
32.24	0.019808291
32.26	0.0149613
32.28	0.009504799
32.3	0.003515361
32.32	-0.00274479
32.34	-0.009180221
32.36	-0.015611136
32.38	-0.02195122
32.4	-0.027965032
32.42	-0.033429365
32.44	-0.038215352
32.46	-0.042184862
32.48	-0.045141514
32.5	-0.047006608
32.52	-0.047700921
32.54	-0.047246392
32.56	-0.045661008
32.58	-0.042869159
32.6	-0.038828961
32.62	-0.033547163
32.64	-0.027221156
32.66	-0.02011571
32.68	-0.01249167
32.7	-0.004579233
32.72	0.003495079
32.74	0.011516692
32.76	0.019350274
32.78	0.026882614
32.8	0.034078967
32.82	0.040918182
32.84	0.047326225
32.86	0.05305425
32.88	0.057824211
32.9	0.061474866
32.92	0.063990642
32.94	0.065475108
32.96	0.066021286
32.98	0.065685377
33	0.064453964
33.02	0.062352288
33.04	0.059393881
33.06	0.055615902
33.08	0.051060854
33.1	0.04584399
33.12	0.040245783
33.14	0.034625879
33.16	0.029007489
33.18	0.023421073
33.2	0.017830202
33.22	0.012191841
33.24	0.006509903
33.26	0.000936415
33.28	-0.004433456
33.3	-0.009467016
33.32	-0.014121601
33.34	-0.018401893
33.36	-0.022360026
33.38	-0.025922555
33.4	-0.029011882
33.42	-0.031560716
33.44	-0.033553327
33.46	-0.034995931
33.48	-0.035851779
33.5	-0.036047676
33.52	-0.035630648
33.54	-0.034685621
33.56	-0.033300338
33.58	-0.031488209
33.6	-0.029247829
33.62	-0.026609478
33.64	-0.02399456
33.66	-0.021719564
33.68	-0.019859822
33.7	-0.018402662
33.72	-0.017335692
33.74	-0.01663824
33.76	-0.016319284
33.78	-0.016264691
33.8	-0.016356814
33.82	-0.016436566
33.84	-0.016471761
33.86	-0.016469933
33.88	-0.016357662
33.9	-0.015988862
33.92	-0.015106713
33.94	-0.013413936
33.96	-0.010961554
33.98	-0.007885542
34	-0.004372785
34.02	-0.000475311
34.04	0.003767618
34.06	0.008248673
34.08	0.012912896
34.1	0.017773598
34.12	0.022828766
34.14	0.027992533
34.16	0.033164324
34.18	0.038206733
34.2	0.042947804
34.22	0.047233369
34.24	0.050969432
34.26	0.054153028
34.28	0.056664395
34.3	0.058339307
34.32	0.059033951
34.34	0.05877707
34.36	0.057745423
34.38	0.056069209
34.4	0.053950168
34.42	0.051384785
34.44	0.048475628
34.46	0.04531231
34.48	0.041914808
34.5	0.038369921
34.52	0.034840276
34.54	0.031286285
34.56	0.027655187
34.58	0.024050866
34.6	0.020478236
34.62	0.016856537
34.64	0.013155487
34.66	0.00940769
34.68	0.005718744
34.7	0.002147744
34.72	-0.00137053
34.74	-0.004865016
34.76	-0.008400192
34.78	-0.011928296
34.8	-0.015292057
34.82	-0.018392843
34.84	-0.021141635
34.86	-0.023443213
34.88	-0.025214685
34.9	-0.026396168
34.92	-0.027011831
34.94	-0.027103731
34.96	-0.02671441
34.98	-0.025725963
35	-0.02397683
35.02	-0.021268438
35.04	-0.017511262
35.06	-0.012816828
35.08	-0.007656402
35.1	-0.00240149
35.12	0.002926632
35.14	0.008292726
35.16	0.013688989
35.18	0.019091559
35.2	0.024399952
35.22	0.029492083
35.24	0.034160223
35.26	0.03827485
35.28	0.041730037
35.3	0.044532418
35.32	0.046739431
35.34	0.048453448
35.36	0.049777634
35.38	0.05074954
35.4	0.051333547
35.42	0.051424491
35.44	0.05090872
35.46	0.04981947
35.48	0.048231234
35.5	0.046506177
35.52	0.044806127
35.54	0.043188013
35.56	0.041737414
35.58	0.040513109
35.6	0.039483138
35.62	0.038604327
35.64	0.037707643
35.66	0.036666041
35.68	0.035617305
35.7	0.034738431
35.72	0.033939207
35.74	0.03306583
35.76	0.031956227
35.78	0.030537479
35.8	0.028735115
35.82	0.026513261
35.84	0.023896431
35.86	0.02090779
35.88	0.017633255
35.9	0.01418225
35.92	0.010633889
35.94	0.006976117
35.96	0.00312246
35.98	-0.000936699
36	-0.005231556
36.02	-0.009796843
36.04	-0.014674137
36.06	-0.019687986
36.08	-0.024886355
36.1	-0.030273654
36.12	-0.03577848
36.14	-0.041341176
36.16	-0.046916712
36.18	-0.052285145
36.2	-0.05723302
36.22	-0.061641999
36.24	-0.065439228
36.26	-0.068610225
36.28	-0.071174621
36.3	-0.073148606
36.32	-0.074538213
36.34	-0.075347335
36.36	-0.075675605
36.38	-0.075564774
36.4	-0.075016999
36.42	-0.073939804
36.44	-0.072240413
36.46	-0.069795306
36.48	-0.06648941
36.5	-0.062258308
36.52	-0.057065883
36.54	-0.051002886
36.56	-0.04441999
36.58	-0.037350197
36.6	-0.029917076
36.62	-0.022312922
36.64	-0.014714781
36.66	-0.007286585
36.68	-0.000157631
36.7	0.006558329
36.72	0.012741505
36.74	0.018344246
36.76	0.023349148
36.78	0.027783614
36.8	0.031679593
36.82	0.035012534
36.84	0.037723688
36.86	0.039758337
36.88	0.041136034
36.9	0.041930864
36.92	0.042170217
36.94	0.041900329
36.96	0.041184849
36.98	0.040016927
37	0.038588774
37.02	0.037385504
37.04	0.036310782
37.06	0.035275672
37.08	0.03428626
37.1	0.033387471
37.12	0.032687188
37.14	0.032239679
37.16	0.032028729
37.18	0.031994898
37.2	0.032062467
37.22	0.03199598
37.24	0.031634066
37.26	0.030994559
37.28	0.030068987
37.3	0.028862342
37.32	0.027543778
37.34	0.026071363
37.36	0.02441046
37.38	0.022440832
37.4	0.019963649
37.42	0.017070437
37.44	0.013932566
37.46	0.010670355
37.48	0.007311492
37.5	0.003863648
37.52	0.000410051
37.54	-0.002950991
37.56	-0.006152158
37.58	-0.009085084
37.6	-0.011663997
37.62	-0.013707201
37.64	-0.015078275
37.66	-0.015743359
37.68	-0.015751321
37.7	-0.01517662
37.72	-0.01408497
37.74	-0.01238462
37.76	-0.009871306
37.78	-0.006340753
37.8	-0.002060872
37.82	0.002836343
37.84	0.008257207
37.86	0.014121093
37.88	0.020265644
37.9	0.026504098
37.92	0.032659154
37.94	0.038637298
37.96	0.044457132
37.98	0.050104706
38	0.055575716
38.02	0.060904193
38.04	0.066068612
38.06	0.071084747
38.08	0.075973479
38.1	0.080687501
38.12	0.085070457
38.14	0.08891963
38.16	0.092059517
38.18	0.094379051
38.2	0.095844011
38.22	0.096518381
38.24	0.096493163
38.26	0.095640091
38.28	0.093966628
38.3	0.091482376
38.32	0.088253678
38.34	0.084303883
38.36	0.079724466
38.38	0.074681314
38.4	0.069354602
38.42	0.064064431
38.44	0.058962615
38.46	0.054091007
38.48	0.04950504
38.5	0.045182496
38.52	0.041196018
38.54	0.037584519
38.56	0.034401837
38.58	0.031686741
38.6	0.029456102
38.62	0.027670303
38.64	0.026301544
38.66	0.025284251
38.68	0.024544441
38.7	0.024041274
38.72	0.023791877
38.74	0.02360782
38.76	0.023158321
38.78	0.022403954
38.8	0.021259431
38.82	0.0195969
38.84	0.017388967
38.86	0.0147719
38.88	0.011985806
38.9	0.009383127
38.92	0.007097207
38.94	0.00521144
38.96	0.003765884
38.98	0.002732569
39	0.002017285
39.02	0.001531705
39.04	0.001238094
39.06	0.001223714
39.08	0.001649177
39.1	0.002656328
39.12	0.00429182
39.14	0.006479114
39.16	0.009116946
39.18	0.012084704
39.2	0.015127384
39.22	0.018211372
39.24	0.021281558
39.26	0.024203971
39.28	0.02702931
39.3	0.029818534
39.32	0.032534741
39.34	0.035010996
39.36	0.037072577
39.38	0.038515925
39.4	0.039181091
39.42	0.038888577
39.44	0.037520283
39.46	0.035067833
39.48	0.031736626
39.5	0.027782046
39.52	0.023518887
39.54	0.019141996
39.56	0.014710104
39.58	0.010129097
39.6	0.005419789
39.62	0.000566484
39.64	-0.004503292
39.66	-0.009818186
39.68	-0.015319469
39.7	-0.0208384
39.72	-0.02623871
39.74	-0.031439388
39.76	-0.036582977
39.78	-0.041938222
39.8	-0.047745673
39.82	-0.053771742
39.84	-0.059848154
39.86	-0.065863336
39.88	-0.071751396
39.9	-0.077386568
39.92	-0.082761792
39.94	-0.088042532
39.96	-0.093233477
39.98	-0.098261449
40	-0.103063313
40.02	-0.107502133
40.04	-0.111393701
40.06	-0.114558348
40.08	-0.116932065
40.1	-0.11843956
40.12	-0.119131635
40.14	-0.119073204
40.16	-0.11835848
40.18	-0.117066845
40.2	-0.115274414
40.22	-0.112897768
40.24	-0.109869891
40.26	-0.106145566
40.28	-0.102233775
40.3	-0.098280264
40.32	-0.094345313
40.34	-0.090461676
40.36	-0.086620802
40.38	-0.082734123
40.4	-0.078737831
40.42	-0.074684764
40.44	-0.070646485
40.46	-0.066682576
40.48	-0.062787473
40.5	-0.058938729
40.52	-0.055073102
40.54	-0.051121929
40.56	-0.047046435
40.58	-0.04285925
40.6	-0.038663704
40.62	-0.034639871
40.64	-0.031039546
40.66	-0.028001977
40.68	-0.025553742
40.7	-0.023663254
40.72	-0.02225691
40.74	-0.021392505
40.76	-0.021182786
40.78	-0.021719033
40.8	-0.023036628
40.82	-0.025114419
40.84	-0.027941077
40.86	-0.031514247
40.88	-0.035844189
40.9	-0.040830921
40.92	-0.046131176
40.94	-0.051053667
40.96	-0.055388489
40.98	-0.059146908
41	-0.062456247
41.02	-0.065469915
41.04	-0.068326076
41.06	-0.071071056
41.08	-0.073622355
41.1	-0.07579901
41.12	-0.077387612
41.14	-0.078193321
41.16	-0.078128257
41.18	-0.077299857
41.2	-0.075917275
41.22	-0.074247018
41.24	-0.072975289
41.26	-0.072203982
41.28	-0.071924133
41.3	-0.071998243
41.32	-0.072281077
41.34	-0.072794273
41.36	-0.073501514
41.38	-0.074370414
41.4	-0.075354778
41.42	-0.076264267
41.44	-0.076801823
41.46	-0.076810368
41.48	-0.076214281
41.5	-0.074500832
41.52	-0.07148731
41.54	-0.067251498
41.56	-0.061974345
41.58	-0.055776928
41.6	-0.048764255
41.62	-0.041008476
41.64	-0.032546406
41.66	-0.023553127
41.68	-0.014166889
41.7	-0.004380135
41.72	0.005654845
41.74	0.015747527
41.76	0.025843409
41.78	0.035878445
41.8	0.045795576
41.82	0.055480443
41.84	0.064809258
41.86	0.073621538
41.88	0.081717242
41.9	0.088985697
41.92	0.095306555
41.94	0.10047287
41.96	0.104500428
41.98	0.107373785
42	0.109193933
42.02	0.11021269
42.04	0.110714374
42.06	0.110771439
42.08	0.110410363
42.1	0.109621576
42.12	0.108393669
42.14	0.106636923
42.16	0.104313793
42.18	0.101338063
42.2	0.097939217
42.22	0.094430229
42.24	0.090814182
42.26	0.087144586
42.28	0.083538032
42.3	0.080072097
42.32	0.07685107
42.34	0.073917195
42.36	0.071256617
42.38	0.068818846
42.4	0.066713234
42.42	0.064984953
42.44	0.063607136
42.46	0.062557272
42.48	0.061828154
42.5	0.061393339
42.52	0.061190886
42.54	0.06130618
42.56	0.061851975
42.58	0.06293477
42.6	0.06457903
42.62	0.066813839
42.64	0.06941138
42.66	0.07188295
42.68	0.074087139
42.7	0.075931664
42.72	0.077281443
42.74	0.0781465
42.76	0.078618113
42.78	0.07876198
42.8	0.078650678
42.82	0.078403925
42.84	0.078133868
42.86	0.077919803
42.88	0.077850498
42.9	0.078024858
42.92	0.078518754
42.94	0.079361518
42.96	0.080537311
42.98	0.082145647
43	0.084284576
43.02	0.086827045
43.04	0.089633527
43.06	0.092585017
43.08	0.095574624
43.1	0.098559706
43.12	0.101419106
43.14	0.1040726
43.16	0.106559874
43.18	0.108737206
43.2	0.110439836
43.22	0.111576011
43.24	0.111991093
43.26	0.111579088
43.28	0.110258308
43.3	0.107960773
43.32	0.104682429
43.34	0.100601493
43.36	0.095719654
43.38	0.090028288
43.4	0.083634545
43.42	0.076760636
43.44	0.06966532
43.46	0.062524414
43.48	0.055430823
43.5	0.048484796
43.52	0.041712068
43.54	0.035146649
43.56	0.028779342
43.58	0.022578242
43.6	0.016499267
43.62	0.01052029
43.64	0.00458878
43.66	-0.001325181
43.68	-0.007279192
43.7	-0.013332595
43.72	-0.019380228
43.74	-0.025209978
43.76	-0.030754378
43.78	-0.035950673
43.8	-0.040792438
43.82	-0.045231155
43.84	-0.049219759
43.86	-0.052784845
43.88	-0.05604442
43.9	-0.058959998
43.92	-0.061522809
43.94	-0.063750322
43.96	-0.065698996
43.98	-0.067345585
44	-0.068670722
44.02	-0.069632062
44.04	-0.070177647
44.06	-0.070286876
44.08	-0.069954062
44.1	-0.068935428
44.12	-0.06726572
44.14	-0.064960363
44.16	-0.062313985
44.18	-0.059686675
44.2	-0.057050088
44.22	-0.054381716
44.24	-0.051727311
44.26	-0.049058126
44.28	-0.04632028
44.3	-0.043477769
44.32	-0.040500818
44.34	-0.037354799
44.36	-0.034013188
44.38	-0.030458141
44.4	-0.02673846
44.42	-0.022891835
44.44	-0.018991793
44.46	-0.015112289
44.48	-0.01127296
44.5	-0.007456082
44.52	-0.003646407
44.54	0.00018331
44.56	0.003973718
44.58	0.0076386
44.6	0.011058942
44.62	0.014168872
44.64	0.016868058
44.66	0.019085846
44.68	0.020773604
44.7	0.021860599
44.72	0.022307811
44.74	0.022099636
44.76	0.021174639
44.78	0.019503183
44.8	0.017087777
44.82	0.014006154
44.84	0.010524424
44.86	0.006861866
44.88	0.003122756
44.9	-0.00057295
44.92	-0.004113948
44.94	-0.007432487
44.96	-0.0105108
44.98	-0.013365764
45	-0.016029061
45.02	-0.018468783
45.04	-0.020653526
45.06	-0.022609602
45.08	-0.024385886
45.1	-0.025970821
45.12	-0.027418528
45.14	-0.028719191
45.16	-0.029873183
45.18	-0.030865215
45.2	-0.031961645
45.22	-0.033226757
45.24	-0.034609878
45.26	-0.036058606
45.28	-0.037476607
45.3	-0.03881768
45.32	-0.040048957
45.34	-0.041022127
45.36	-0.041549601
45.38	-0.041544707
45.4	-0.040949564
45.42	-0.039724784
45.44	-0.037880801
45.46	-0.03534232
45.48	-0.032088021
45.5	-0.028136991
45.52	-0.023506519
45.54	-0.018292406
45.56	-0.012690221
45.58	-0.006803762
45.6	-0.000800478
45.62	0.005175148
45.64	0.010923544
45.66	0.016368277
45.68	0.021494214
45.7	0.026333631
45.72	0.030930052
45.74	0.035290644
45.76	0.039405851
45.78	0.043260864
45.8	0.046844159
45.82	0.050137384
45.84	0.053120419
45.86	0.055760792
45.88	0.058066722
45.9	0.060039395
45.92	0.061605041
45.94	0.06276254
45.96	0.063427828
45.98	0.063703184
46	0.06376948
46.02	0.063638725
46.04	0.063302475
46.06	0.062676818
46.08	0.061725564
46.1	0.060390383
46.12	0.05858327
46.14	0.056286475
46.16	0.053459301
46.18	0.050115006
46.2	0.046423654
46.22	0.04244062
46.24	0.038203609
46.26	0.033762405
46.28	0.029164606
46.3	0.024468363
46.32	0.019730714
46.34	0.015069305
46.36	0.010575694
46.38	0.006313886
46.4	0.00231665
46.42	-0.001458639
46.44	-0.005064334
46.46	-0.00849383
46.48	-0.011716147
46.5	-0.014676963
46.52	-0.017302815
46.54	-0.019524406
46.56	-0.021280491
46.58	-0.022515382
46.6	-0.023250733
46.62	-0.023538757
46.64	-0.023487015
46.66	-0.023377913
46.68	-0.023258942
46.7	-0.023051546
46.72	-0.022804424
46.74	-0.022572267
46.76	-0.022373107
46.78	-0.022234432
46.8	-0.022132162
46.82	-0.02200215
46.84	-0.021788274
46.86	-0.02142982
46.88	-0.020869094
46.9	-0.020033764
46.92	-0.018798467
46.94	-0.017128973
46.96	-0.015066847
46.98	-0.012665504
47	-0.010017453
47.02	-0.007182878
47.04	-0.004213139
47.06	-0.001225761
47.08	0.001600242
47.1	0.004286944
47.12	0.00676391
47.14	0.008931355
47.16	0.01075298
47.18	0.012115703
47.2	0.01293301
47.22	0.013165475
47.24	0.012760615
47.26	0.011652997
47.28	0.009821605
47.3	0.007270262
47.32	0.004097895
47.34	0.000649266
47.36	-0.003029221
47.38	-0.006916003
47.4	-0.010945772
47.42	-0.015038474
47.44	-0.019115381
47.46	-0.023137732
47.48	-0.027097481
47.5	-0.031013572
47.52	-0.034873332
47.54	-0.038681252
47.56	-0.042403846
47.58	-0.046016631
47.6	-0.049490049
47.62	-0.052775048
47.64	-0.055832148
47.66	-0.058629194
47.68	-0.061189442
47.7	-0.06355425
47.72	-0.065701886
47.74	-0.067631755
47.76	-0.069226567
47.78	-0.070414008
47.8	-0.071177068
47.82	-0.071526771
47.84	-0.071530938
47.86	-0.071226649
47.88	-0.070579039
47.9	-0.069512487
47.92	-0.067998441
47.94	-0.065992317
47.96	-0.063516468
47.98	-0.060651728
48	-0.057444456
48.02	-0.053978711
48.04	-0.050340061
48.06	-0.046633851
48.08	-0.042864398
48.1	-0.039009302
48.12	-0.03507371
48.14	-0.031051298
48.16	-0.026943312
48.18	-0.022776112
48.2	-0.018587337
48.22	-0.014399378
48.24	-0.010234371
48.26	-0.006145173
48.28	-0.002116213
48.3	0.001868023
48.32	0.005808392
48.34	0.00968489
48.36	0.013458272
48.38	0.01710352
48.4	0.020640863
48.42	0.024108498
48.44	0.027523324
48.46	0.030823791
48.48	0.033920968
48.5	0.036770752
48.52	0.039328179
48.54	0.041552585
48.56	0.043369101
48.58	0.044679016
48.6	0.045411097
48.62	0.045553864
48.64	0.045172502
48.66	0.044314388
48.68	0.043002075
48.7	0.041236777
48.72	0.039048432
48.74	0.036522599
48.76	0.033758696
48.78	0.030932362
48.8	0.028125856
48.82	0.025316745
48.84	0.022590211
48.86	0.020001518
48.88	0.017587567
48.9	0.015359116
48.92	0.0133132
48.94	0.011452682
48.96	0.00981972
48.98	0.008457621
49	0.007399994
49.02	0.006653147
49.04	0.006208538
49.06	0.006030574
49.08	0.006038847
49.1	0.006171758
49.12	0.006422568
49.14	0.006749229
49.16	0.00713465
49.18	0.007561195
49.2	0.008017508
49.22	0.008482493
49.24	0.008896258
49.26	0.00924804
49.28	0.009638822
49.3	0.01011686
49.32	0.010722633
49.34	0.011467656
49.36	0.012353011
49.38	0.013392439
49.4	0.014610048
49.42	0.016041584
49.44	0.017696379
49.46	0.019550885
49.48	0.021581985
49.5	0.023769218
49.52	0.026054448
49.54	0.028342796
49.56	0.030543732
49.58	0.032629712
49.6	0.034596777
49.62	0.036461513
49.64	0.038215128
49.66	0.039802806
49.68	0.041143714
49.7	0.042190898
49.72	0.042937497
49.74	0.043402657
49.76	0.043629926
49.78	0.043681141
49.8	0.043571603
49.82	0.043270288
49.84	0.042748967
49.86	0.042014256
49.88	0.041078151
49.9	0.039881712
49.92	0.038370786
49.94	0.036545506
49.96	0.034407508
49.98	0.031975246
50	0.029228
50.02	0.026175953
50.04	0.022831377
50.06	0.01926279
50.08	0.015578086
50.1	0.011849582
50.12	0.008139741
50.14	0.004516873
50.16	0.001048419
50.18	-0.002204895
50.2	-0.00519543
50.22	-0.007871701
50.24	-0.010231071
50.26	-0.012283944
50.28	-0.014023393
50.3	-0.01546434
50.32	-0.016684558
50.34	-0.017734256
50.36	-0.018504413
50.38	-0.018905882
50.4	-0.018905903
50.42	-0.018485836
50.44	-0.017818453
50.46	-0.017099503
50.48	-0.016339011
50.5	-0.015525241
50.52	-0.01468173
50.54	-0.013798617
50.56	-0.01283523
50.58	-0.011689209
50.6	-0.010402917
50.62	-0.009070892
50.64	-0.007784106
50.66	-0.006598956
50.68	-0.005576879
50.7	-0.004686576
50.72	-0.003831942
50.74	-0.002937487
50.76	-0.00201281
50.78	-0.00105606
50.8	-8.44179E-05
50.82	0.000927043
50.84	0.002003564
50.86	0.003168833
50.88	0.004421047
50.9	0.005773808
50.92	0.007335122
50.94	0.009067231
50.96	0.010792233
50.98	0.012398201
51	0.013814194
51.02	0.015069771
51.04	0.016191457
51.06	0.017216439
51.08	0.018148685
51.1	0.018932345
51.12	0.019502186
51.14	0.019823055
51.16	0.019852896
51.18	0.0195542
51.2	0.018862687
51.22	0.01775992
51.24	0.016418703
51.26	0.014856921
51.28	0.013075782
51.3	0.011102779
51.32	0.008960288
51.34	0.006652813
51.36	0.00418519
51.38	0.001581579
51.4	-0.001081559
51.42	-0.003799933
51.44	-0.006566033
51.46	-0.009309811
51.48	-0.011928837
51.5	-0.014349265
51.52	-0.016515667
51.54	-0.018368618
51.56	-0.019891617
51.58	-0.02106515
51.6	-0.02185911
51.62	-0.022251771
51.64	-0.022246101
51.66	-0.021857846
51.68	-0.021115379
51.7	-0.020044783
51.72	-0.018709006
51.74	-0.017161826
51.76	-0.015486385
51.78	-0.013698746
51.8	-0.011928748
51.82	-0.010126753
51.84	-0.008260463
51.86	-0.006337004
51.88	-0.004387997
51.9	-0.002443093
51.92	-0.000536802
51.94	0.001328394
51.96	0.003130254
51.98	0.004885206
52	0.006611338
52.02	0.008351606
52.04	0.010159197
52.06	0.012125855
52.08	0.014242365
52.1	0.016463465
52.12	0.018764743
52.14	0.021195909
52.16	0.023790404
52.18	0.026530163
52.2	0.029341764
52.22	0.032183078
52.24	0.035040474
52.26	0.037858533
52.28	0.040570909
52.3	0.043126675
52.32	0.045488777
52.34	0.047621411
52.36	0.049493032
52.38	0.051072839
52.4	0.052299334
52.42	0.0531415
52.44	0.053581574
52.46	0.053645673
52.48	0.05335308
52.5	0.052691524
52.52	0.051628966
52.54	0.05009053
52.56	0.048029712
52.58	0.045462097
52.6	0.042422401
52.62	0.039058292
52.64	0.035370079
52.66	0.03138697
52.68	0.027193802
52.7	0.022853979
52.72	0.018405812
52.74	0.013887201
52.76	0.009327266
52.78	0.004774662
52.8	0.000266508
52.82	-0.004178217
52.84	-0.008551695
52.86	-0.012833534
52.88	-0.016999162
52.9	-0.021022934
52.92	-0.024873692
52.94	-0.028472954
52.96	-0.031787502
52.98	-0.034792057
53	-0.037443801
53.02	-0.039697252
53.04	-0.041540947
53.06	-0.042986733
53.08	-0.044075335
53.1	-0.044829528
53.12	-0.045293383
53.14	-0.045495886
53.16	-0.045465867
53.18	-0.045226375
53.2	-0.044833338
53.22	-0.044273789
53.24	-0.043544258
53.26	-0.042780005
53.28	-0.042039339
53.3	-0.041368605
53.32	-0.040785614
53.34	-0.040263856
53.36	-0.039796979
53.38	-0.039362891
53.4	-0.038939728
53.42	-0.038491696
53.44	-0.037967364
53.46	-0.037325928
53.48	-0.036536972
53.5	-0.035596451
53.52	-0.034512811
53.54	-0.033258496
53.56	-0.031732098
53.58	-0.029925359
53.6	-0.027878679
53.62	-0.025623102
53.64	-0.023198893
53.66	-0.020653515
53.68	-0.018070305
53.7	-0.0155707
53.72	-0.013376587
53.74	-0.011590063
53.76	-0.010260806
53.78	-0.00939137
53.8	-0.008973363
53.82	-0.00899548
53.84	-0.009440373
53.86	-0.010291331
53.88	-0.011548503
53.9	-0.01317708
53.92	-0.015139685
53.94	-0.017336649
53.96	-0.019523451
53.98	-0.021633245
54	-0.023566026
54.02	-0.025264847
54.04	-0.026730877
54.06	-0.027979387
54.08	-0.029028726
54.1	-0.029844622
54.12	-0.030380793
54.14	-0.030592718
54.16	-0.030472177
54.18	-0.030018621
54.2	-0.029252741
54.22	-0.028217551
54.24	-0.027106496
54.26	-0.025947621
54.28	-0.024760735
54.3	-0.023540038
54.32	-0.022263108
54.34	-0.020906629
54.36	-0.019529161
54.38	-0.018204021
54.4	-0.016952622
54.42	-0.01570203
54.44	-0.014432472
54.46	-0.01313849
54.48	-0.01182223
54.5	-0.010502993
54.52	-0.00918827
54.54	-0.007837289
54.56	-0.006418429
54.58	-0.004895999
54.6	-0.00324441
54.62	-0.001456816
54.64	0.00046583
54.66	0.002510761
54.68	0.004634282
54.7	0.006769738
54.72	0.008864765
54.74	0.010913587
54.76	0.012929207
54.78	0.014914023
54.8	0.016857956
54.82	0.01872027
54.84	0.020483498
54.86	0.022105098
54.88	0.023561838
54.9	0.024856815
54.92	0.025988545
54.94	0.02699178
54.96	0.027896901
54.98	0.02870301
55	0.029374715
55.02	0.0298687
55.04	0.030139543
55.06	0.030192962
55.08	0.030048231
55.1	0.029664594
55.12	0.029017888
55.14	0.028102262
55.16	0.027014061
55.18	0.025741828
55.2	0.02424268
55.22	0.022505039
55.24	0.020534642
55.26	0.01843136
55.28	0.016301819
55.3	0.014223586
55.32	0.012231326
55.34	0.010358366
55.36	0.008591502
55.38	0.006966818
55.4	0.005540643
55.42	0.004367673
55.44	0.003472262
55.46	0.002869318
55.48	0.002548618
55.5	0.002487295
55.52	0.002646978
55.54	0.003040501
55.56	0.003689144
55.58	0.004576685
55.6	0.005675685
55.62	0.006932234
55.64	0.008263766
55.66	0.00957674
55.68	0.010861932
55.7	0.012095043
55.72	0.013257021
55.74	0.014335619
55.76	0.015332792
55.78	0.016235734
55.8	0.017023827
55.82	0.017676885
55.84	0.01819514
55.86	0.01862106
55.88	0.019012272
55.9	0.019410464
55.92	0.019827103
55.94	0.020270441
55.96	0.020767557
55.98	0.021416519
56	0.022298999
56.02	0.023438304
56.04	0.024849595
56.06	0.026517669
56.08	0.028360464
56.1	0.030277363
56.12	0.032112838
56.14	0.033823034
56.16	0.035401535
56.18	0.036886582
56.2	0.038245572
56.22	0.039470567
56.24	0.040565253
56.26	0.041479396
56.28	0.042154341
56.3	0.04256386
56.32	0.042624649
56.34	0.042324201
56.36	0.041643659
56.38	0.040605037
56.4	0.039235311
56.42	0.037519611
56.44	0.035420555
56.46	0.032954069
56.48	0.03014001
56.5	0.027151725
56.52	0.024101053
56.54	0.021039398
56.56	0.018005301
56.58	0.015020252
56.6	0.012080862
56.62	0.009160163
56.64	0.006258676
56.66	0.003374251
56.68	0.00053801
56.7	-0.002226403
56.72	-0.004890476
56.74	-0.007409179
56.76	-0.009753113
56.78	-0.011899181
56.8	-0.013849046
56.82	-0.015597995
56.84	-0.017137963
56.86	-0.018502464
56.88	-0.019723646
56.9	-0.020844326
56.92	-0.021887567
56.94	-0.022850415
56.96	-0.023730224
56.98	-0.02450689
57	-0.025155896
57.02	-0.025638581
57.04	-0.025955701
57.06	-0.026128678
57.08	-0.026246748
57.1	-0.026373584
57.12	-0.026501167
57.14	-0.0266327
57.16	-0.026751632
57.18	-0.02688466
57.2	-0.027061524
57.22	-0.027320065
57.24	-0.02769145
57.26	-0.028182614
57.28	-0.028759312
57.3	-0.029351684
57.32	-0.029879274
57.34	-0.030304159
57.36	-0.030599637
57.38	-0.0307728
57.4	-0.030812464
57.42	-0.030669457
57.44	-0.030290687
57.46	-0.029673456
57.48	-0.02879942
57.5	-0.027713001
57.52	-0.02643854
57.54	-0.024998728
57.56	-0.023400171
57.58	-0.021640646
57.6	-0.019832322
57.62	-0.018091005
57.64	-0.016442201
57.66	-0.014915714
57.68	-0.013513592
57.7	-0.012226708
57.72	-0.011048556
57.74	-0.009967746
57.76	-0.009001061
57.78	-0.008172688
57.8	-0.007509763
57.82	-0.00700633
57.84	-0.006669677
57.86	-0.006521449
57.88	-0.006548203
57.9	-0.006715776
57.92	-0.006993385
57.94	-0.007328541
57.96	-0.00766331
57.98	-0.007971644
58	-0.008246473
58.02	-0.008512403
58.04	-0.008787451
58.06	-0.009061338
58.08	-0.009241826
58.1	-0.009308095
58.12	-0.009246637
58.14	-0.009067242
58.16	-0.008788965
58.18	-0.008426662
58.2	-0.008003158
58.22	-0.007553654
58.24	-0.007094523
58.26	-0.006619364
58.28	-0.006111237
58.3	-0.005568347
58.32	-0.00498522
58.34	-0.004371647
58.36	-0.003746199
58.38	-0.003131332
58.4	-0.002511167
58.42	-0.001914648
58.44	-0.001376435
58.46	-0.000917955
58.48	-0.000515265
58.5	-0.000175437
58.52	0.000132865
58.54	0.000448342
58.56	0.000800188
58.58	0.001220133
58.6	0.001753711
58.62	0.002333052
58.64	0.002853326
58.66	0.003233977
58.68	0.003439403
58.7	0.003548611
58.72	0.00358667
58.74	0.003537866
58.76	0.003415446
58.78	0.003216003
58.8	0.002931035
58.82	0.002604138
58.84	0.002270211
58.86	0.00195505
58.88	0.001684879
58.9	0.001496491
58.92	0.001476852
58.94	0.001654213
58.96	0.002024637
58.98	0.002593821
59	0.003317023
59.02	0.004113715
59.04	0.004897636
59.06	0.005554134
59.08	0.006074063
59.1	0.00646559
59.12	0.006714216
59.14	0.00686992
59.16	0.007001281
59.18	0.007110244
59.2	0.007159946
59.22	0.007119436
59.24	0.006925845
59.26	0.006554801
59.28	0.006032367
59.3	0.005477507
59.32	0.004909871
59.34	0.004370712
59.36	0.003896283
59.38	0.00349505
59.4	0.003123421
59.42	0.002756256
59.44	0.002446234
59.46	0.002199182
59.48	0.002036846
59.5	0.001968434
59.52	0.002005788
59.54	0.002136644
59.56	0.002360672
59.58	0.002643111
59.6	0.002945098
59.62	0.003225902
59.64	0.003456469
59.66	0.00359503
59.68	0.00367244
59.7	0.003705426
59.72	0.003683936
59.74	0.003605364
59.76	0.003482616
59.78	0.003322307
59.8	0.003156402
59.82	0.003035356
59.84	0.00302278
59.86	0.003119921
59.88	0.003328882
59.9	0.003609348
59.92	0.0039302
59.94	0.004283251
59.96	0.004703313
59.98	0.005204617
60	0.005773095
60.02	0.00636538
60.04	0.006915905
60.06	0.007424156
60.08	0.007874002
60.1	0.00825861
60.12	0.00856406
60.14	0.008794021
60.16	0.008953078
60.18	0.009042688
60.2	0.009074426
60.22	0.009073554
60.24	0.009037143
60.26	0.008951155
60.28	0.008790257
60.3	0.008524031
60.32	0.008122879
60.34	0.007588368
60.36	0.006946618
60.38	0.006247777
60.4	0.005537663
60.42	0.004842737
60.44	0.004146707
60.46	0.003436798
60.48	0.00270407
60.5	0.001983736
60.52	0.001307594
60.54	0.00067448
60.56	0.000110571
60.58	-0.00037484
60.6	-0.000786076
60.62	-0.001138451
60.64	-0.001469009
60.66	-0.0018074
60.68	-0.002192444
60.7	-0.002657295
60.72	-0.003186928
60.74	-0.003750355
60.76	-0.004334763
60.78	-0.004921871
60.8	-0.005524689
60.82	-0.006154838
60.84	-0.006804846
60.86	-0.007465667
60.88	-0.008112233
60.9	-0.008727486
60.92	-0.009305712
60.94	-0.009856655
60.96	-0.010403485
60.98	-0.01093279
61	-0.011454041
61.02	-0.011995152
61.04	-0.012572616
61.06	-0.013172433
61.08	-0.013772946
61.1	-0.014356001
61.12	-0.01491186
61.14	-0.015431808
61.16	-0.015969005
61.18	-0.016536799
61.2	-0.017120936
61.22	-0.017705881
61.24	-0.018243435
61.26	-0.018681633
61.28	-0.018978008
61.3	-0.019093387
61.32	-0.018976001
61.34	-0.018612384
61.36	-0.018047732
61.38	-0.017358093
61.4	-0.016555448
61.42	-0.015605573
61.44	-0.014488136
61.46	-0.013221069
61.48	-0.011891065
61.5	-0.010529658
61.52	-0.009189816
61.54	-0.007939066
61.56	-0.006822346
61.58	-0.005868957
61.6	-0.005108377
61.62	-0.004543308
61.64	-0.00415134
61.66	-0.003912176
61.68	-0.003812976
61.7	-0.003854024
61.72	-0.00405123
61.74	-0.00443383
61.76	-0.005014537
61.78	-0.005769491
61.8	-0.006581517
61.82	-0.007366707
61.84	-0.008103777
61.86	-0.008778526
61.88	-0.009380917
61.9	-0.009895498
61.92	-0.010309288
61.94	-0.010601021
61.96	-0.010738103
61.98	-0.010688929
62	-0.010416213
62.02	-0.009886041
62.04	-0.009098642
62.06	-0.008090211
62.08	-0.006914564
62.1	-0.005623682
62.12	-0.004266496
62.14	-0.002920004
62.16	-0.001626196
62.18	-0.000418289
62.2	0.000657625
62.22	0.00157833
62.24	0.002350275
62.26	0.002986468
62.28	0.003483476
62.3	0.003861042
62.32	0.004134504
62.34	0.004302796
62.36	0.004372729
62.38	0.004292668
62.4	0.004001685
62.42	0.003483997
62.44	0.00280384
62.46	0.002030496
62.48	0.001213291
62.5	0.000406545
62.52	-0.000352548
62.54	-0.001036121
62.56	-0.001667937
62.58	-0.002274846
62.6	-0.002909111
62.62	-0.003577022
62.64	-0.004282096
62.66	-0.004999424
62.68	-0.00568337
62.7	-0.006272414
62.72	-0.006723626
62.74	-0.007014334
62.76	-0.007161756
62.78	-0.007280109
62.8	-0.00750402
62.82	-0.007827308
62.84	-0.008205278
62.86	-0.008528434
62.88	-0.008670888
62.9	-0.008586528
62.92	-0.008261354
62.94	-0.007760563
62.96	-0.007161584
62.98	-0.006553622
63	-0.006016569
63.02	-0.005599833
63.04	-0.005296032
63.06	-0.005068224
63.08	-0.004896902
63.1	-0.004794657
63.12	-0.004759919
63.14	-0.004803203
63.16	-0.00493276
63.18	-0.005146738
63.2	-0.005461658
63.22	-0.00580804
63.24	-0.006019044
63.26	-0.006060357
63.28	-0.005893339
63.3	-0.00549082
63.32	-0.004875637
63.34	-0.004059407
63.36	-0.00306076
63.38	-0.001919525
63.4	-0.000636148
63.42	0.000835787
63.44	0.002530359
63.46	0.004454111
63.48	0.006586256
63.5	0.008894038
63.52	0.011320853
63.54	0.013815422
63.56	0.016333775
63.58	0.01883932
63.6	0.021277661
63.62	0.023617751
63.64	0.025836671
63.66	0.027937298
63.68	0.029932856
63.7	0.031817806
63.72	0.033572532
63.74	0.035189629
63.76	0.036610671
63.78	0.037822501
63.8	0.038750387
63.82	0.039379491
63.84	0.039694014
63.86	0.039691928
63.88	0.039376242
63.9	0.03876158
63.92	0.038033263
63.94	0.037276417
63.96	0.036507072
63.98	0.035778525
64	0.035123979
64.02	0.03455265
64.04	0.034068998
64.06	0.033681822
64.08	0.033396323
64.1	0.033223504
64.12	0.033144725
64.14	0.033132478
64.16	0.033171547
64.18	0.03325027
64.2	0.033345301
64.22	0.033423899
64.24	0.03340627
64.26	0.033197491
64.28	0.032783367
64.3	0.032179469
64.32	0.031412726
64.34	0.03052846
64.36	0.029594446
64.38	0.028684863
64.4	0.027872874
64.42	0.027175012
64.44	0.026558687
64.46	0.025992915
64.48	0.025465924
64.5	0.024971187
64.52	0.024488771
64.54	0.024049973
64.56	0.023692437
64.58	0.023418481
64.6	0.023103831
64.62	0.022704516
64.64	0.022225655
64.66	0.021672383
64.68	0.021113198
64.7	0.020632439
64.72	0.020259698
64.74	0.020012224
64.76	0.019905248
64.78	0.019935274
64.8	0.020094266
64.82	0.020377192
64.84	0.020764002
64.86	0.021246586
64.88	0.021814819
64.9	0.022478221
64.92	0.023251069
64.94	0.024008708
64.96	0.024699115
64.98	0.025287614
65	0.025722435
65.02	0.025955584
65.04	0.025955156
65.06	0.025745032
65.08	0.025336715
65.1	0.024723115
65.12	0.023913885
65.14	0.022922206
65.16	0.02174471
65.18	0.020430152
65.2	0.019023275
65.22	0.017574469
65.24	0.016127686
65.26	0.014731865
65.28	0.01342046
65.3	0.012228552
65.32	0.011173723
65.34	0.010251508
65.36	0.009432498
65.38	0.008692222
65.4	0.008034604
65.42	0.00747102
65.44	0.00705023
65.46	0.006819344
65.48	0.006827591
65.5	0.007095302
65.52	0.007559396
65.54	0.008172045
65.56	0.008863311
65.58	0.009525957
65.6	0.010152704
65.62	0.010758063
65.64	0.011333378
65.66	0.011826962
65.68	0.012199651
65.7	0.012419238
65.72	0.01242475
65.74	0.012192241
65.76	0.011737324
65.78	0.011125417
65.8	0.010443302
65.82	0.009772831
65.84	0.009164869
65.86	0.008645993
65.88	0.008180423
65.9	0.00778964
65.92	0.007485073
65.94	0.007285366
65.96	0.007205134
65.98	0.007263412
66	0.007452687
66.02	0.007740671
66.04	0.008056157
66.06	0.008350258
66.08	0.00846712
66.1	0.008374384
66.12	0.008056245
66.14	0.007534247
66.16	0.006831997
66.18	0.005959974
66.2	0.004898796
66.22	0.003668566
66.24	0.002322769
66.26	0.000950469
66.28	-0.000438241
66.3	-0.001819739
66.32	-0.003172368
66.34	-0.004476475
66.36	-0.00571095
66.38	-0.006877032
66.4	-0.007967256
66.42	-0.008986097
66.44	-0.009954503
66.46	-0.010913928
66.48	-0.0119062
66.5	-0.012892571
66.52	-0.013836617
66.54	-0.014711063
66.56	-0.01548467
66.58	-0.016183452
66.6	-0.016835205
66.62	-0.017487219
66.64	-0.018174096
66.66	-0.018861247
66.68	-0.019491304
66.7	-0.020016789
66.72	-0.02042303
66.74	-0.02072533
66.76	-0.020917711
66.78	-0.021017024
66.8	-0.021020681
66.82	-0.02094736
66.84	-0.02080051
66.86	-0.020588788
66.88	-0.02028233
66.9	-0.01986502
66.92	-0.019344824
66.94	-0.018769712
66.96	-0.018261045
66.98	-0.017842365
67	-0.01752608
67.02	-0.017302301
67.04	-0.017124757
67.06	-0.016913363
67.08	-0.01664533
67.1	-0.016327235
67.12	-0.015979145
67.14	-0.015627861
67.16	-0.015289012
67.18	-0.014937822
67.2	-0.014526
67.22	-0.013938149
67.24	-0.013158209
67.26	-0.01224176
67.28	-0.011230107
67.3	-0.010166046
67.32	-0.009086775
67.34	-0.008021013
67.36	-0.006967501
67.38	-0.00591554
67.4	-0.004857867
67.42	-0.003782415
67.44	-0.002683429
67.46	-0.001587637
67.48	-0.00049177
67.5	0.000567856
67.52	0.001528943
67.54	0.002343317
67.56	0.002968702
67.58	0.00337205
67.6	0.003539267
67.62	0.00348206
67.64	0.00321311
67.66	0.002744402
67.68	0.002108245
67.7	0.001345915
67.72	0.000494978
67.74	-0.00041526
67.76	-0.00134729
67.78	-0.002259119
67.8	-0.002995394
67.82	-0.003520499
67.84	-0.00381043
67.86	-0.003857173
67.88	-0.003664881
67.9	-0.003242524
67.92	-0.002605318
67.94	-0.001776037
67.96	-0.000781661
67.98	0.000274272
68	0.001266564
68.02	0.002157678
68.04	0.002905717
68.06	0.003472318
68.08	0.003848556
68.1	0.004031158
68.12	0.004042519
68.14	0.003902847
68.16	0.003610863
68.18	0.003174417
68.2	0.002616916
68.22	0.001975149
68.24	0.001264685
68.26	0.000510518
68.28	-0.000269173
68.3	-0.000986052
68.32	-0.001564193
68.34	-0.001982971
68.36	-0.002232021
68.38	-0.002329972
68.4	-0.002305058
68.42	-0.00218099
68.44	-0.001988457
68.46	-0.001702507
68.48	-0.001318591
68.5	-0.00082306
68.52	-0.000210914
68.54	0.000497856
68.56	0.001261433
68.58	0.002014155
68.6	0.002757965
68.62	0.003525759
68.64	0.004349497
68.66	0.00524997
68.68	0.006203994
68.7	0.007170075
68.72	0.008110563
68.74	0.009008096
68.76	0.009859813
68.78	0.01066871
68.8	0.011452909
68.82	0.01222107
68.84	0.012932802
68.86	0.013568637
68.88	0.014125781
68.9	0.014599468
68.92	0.014962809
68.94	0.015195778
68.96	0.015287754
68.98	0.015217487
69	0.014997298
69.02	0.014683123
69.04	0.014243439
69.06	0.013676393
69.08	0.013004158
69.1	0.012261821
69.12	0.011491891
69.14	0.010719792
69.16	0.00998216
69.18	0.009312568
69.2	0.008715034
69.22	0.00817203
69.24	0.007674586
69.26	0.007256301
69.28	0.006958229
69.3	0.006819159
69.32	0.006840667
69.34	0.007009975
69.36	0.007293648
69.38	0.007660639
69.4	0.008094658
69.42	0.008558593
69.44	0.008954763
69.46	0.009295955
69.48	0.00957712
69.5	0.009789152
69.52	0.009932799
69.54	0.010006493
69.56	0.009988329
69.58	0.009853283
69.6	0.009595737
69.62	0.009230565
69.64	0.008756851
69.66	0.008176318
69.68	0.007498752
69.7	0.006745735
69.72	0.005996768
69.74	0.005280541
69.76	0.004625787
69.78	0.00404656
69.8	0.003546646
69.82	0.003121886
69.84	0.002793305
69.86	0.002594105
69.88	0.002541611
69.9	0.002607157
69.92	0.002780796
69.94	0.003086898
69.96	0.003504089
69.98	0.004003702
70	0.004539395
70.02	0.005053143
70.04	0.00545484
70.06	0.005754128
70.08	0.005952534
70.1	0.006041206
70.12	0.006021242
70.14	0.005895358
70.16	0.005689544
70.18	0.005422689
70.2	0.005107218
70.22	0.00474869
70.24	0.004387541
70.26	0.004063333
70.28	0.003744876
70.3	0.003410128
70.32	0.003051004
70.34	0.002664588
70.36	0.00226611
70.38	0.001867828
70.4	0.001471969
70.42	0.001018694
70.44	0.000436667
70.46	-0.00027207
70.48	-0.00107702
70.5	-0.001922308
70.52	-0.002771579
70.54	-0.003622284
70.56	-0.004482423
70.58	-0.005348143
70.6	-0.006201897
70.62	-0.007028844
70.64	-0.007823403
70.66	-0.008520334
70.68	-0.009081599
70.7	-0.009471481
70.72	-0.009655934
70.74	-0.009606415
70.76	-0.009328319
70.78	-0.008840064
70.8	-0.008179745
70.82	-0.007387877
70.84	-0.006466787
70.86	-0.005416899
70.88	-0.004268328
70.9	-0.003114934
70.92	-0.002030265
70.94	-0.001006663
70.96	-4.41738E-05
70.98	0.000851577
71	0.001680511
71.02	0.002445704
71.04	0.003146862
71.06	0.003780288
71.08	0.004348018
71.1	0.004862326
71.12	0.00532897
71.14	0.005761024
71.16	0.006173601
71.18	0.006576499
71.2	0.006988351
71.22	0.007427628
71.24	0.007910502
71.26	0.008460021
71.28	0.009103385
71.3	0.009850518
71.32	0.010668683
71.34	0.011567271
71.36	0.012540812
71.38	0.013565476
71.4	0.014625545
71.42	0.015707599
71.44	0.01681871
71.46	0.017957621
71.48	0.01907394
71.5	0.020105878
71.52	0.020992462
71.54	0.021718415
71.56	0.022294996
71.58	0.022740622
71.6	0.02304466
71.62	0.023227794
71.64	0.023279344
71.66	0.023200446
71.68	0.022989055
71.7	0.022636327
71.72	0.022156115
71.74	0.021555562
71.76	0.020995997
71.78	0.020494211
71.8	0.020047916
71.82	0.019652813
71.84	0.019269528
71.86	0.018856008
71.88	0.018405719
71.9	0.017948922
71.92	0.017523629
71.94	0.017166239
71.96	0.016875915
71.98	0.016619172
72	0.0163687
72.02	0.016112303
72.04	0.015859239
72.06	0.01562161
72.08	0.015416244
72.1	0.015273314
72.12	0.015218715
72.14	0.015268821
72.16	0.015418821
72.18	0.015638237
72.2	0.015894502
72.22	0.016184816
72.24	0.016512374
72.26	0.016900073
72.28	0.017327546
72.3	0.01775922
72.32	0.018145206
72.34	0.018462419
72.36	0.018677458
72.38	0.018818121
72.4	0.018904148
72.42	0.018946251
72.44	0.018957873
72.46	0.018943326
72.48	0.018907607
72.5	0.018858186
72.52	0.018823124
72.54	0.018876498
72.56	0.019002768
72.58	0.019186604
72.6	0.019378206
72.62	0.019528497
72.64	0.019662264
72.66	0.019801159
72.68	0.019946666
72.7	0.020083327
72.72	0.02022282
72.74	0.020368344
72.76	0.020509185
72.78	0.020649237
72.8	0.020783117
72.82	0.020932743
72.84	0.021113379
72.86	0.0213131
72.88	0.021506754
72.9	0.021660045
72.92	0.021687081
72.94	0.02154886
72.96	0.021251838
72.98	0.02081474
73	0.020269895
73.02	0.019664941
73.04	0.019015539
73.06	0.018329387
73.08	0.017606787
73.1	0.016885044
73.12	0.016137563
73.14	0.015364259
73.16	0.014587732
73.18	0.013839345
73.2	0.013164014
73.22	0.012594505
73.24	0.012110395
73.26	0.011705715
73.28	0.011357725
73.3	0.011026741
73.32	0.010695241
73.34	0.010376866
73.36	0.01009503
73.38	0.00984978
73.4	0.009637535
73.42	0.009454045
73.44	0.009286901
73.46	0.009119586
73.48	0.008942139
73.5	0.00876512
73.52	0.008573621
73.54	0.008361903
73.56	0.008138718
73.58	0.007920427
73.6	0.007701721
73.62	0.007479547
73.64	0.007276634
73.66	0.007157959
73.68	0.007135172
73.7	0.007195661
73.72	0.007309942
73.74	0.007452317
73.76	0.007600469
73.78	0.00775449
73.8	0.007925059
73.82	0.008108309
73.84	0.008296904
73.86	0.008484646
73.88	0.008644574
73.9	0.008742222
73.92	0.008784567
73.94	0.008786061
73.96	0.008777279
73.98	0.008773215
74	0.008742685
74.02	0.008677666
74.04	0.008551966
74.06	0.008351165
74.08	0.008089826
74.1	0.007800062
74.12	0.007507249
74.14	0.007206218
74.16	0.006882569
74.18	0.006516659
74.2	0.006071064
74.22	0.005543407
74.24	0.004968124
74.26	0.004391594
74.28	0.003800054
74.3	0.003211047
74.32	0.002631432
74.34	0.002063081
74.36	0.001478632
74.38	0.000864244
74.4	0.000237544
74.42	-0.000381795
74.44	-0.000978199
74.46	-0.001523784
74.48	-0.001988101
74.5	-0.002343263
74.52	-0.002573106
74.54	-0.00267388
74.56	-0.002658781
74.58	-0.002549598
74.6	-0.002402887
74.62	-0.002243136
74.64	-0.002057319
74.66	-0.001841054
74.68	-0.001596498
74.7	-0.001313414
74.72	-0.001079417
74.74	-0.000866966
74.76	-0.000661752
74.78	-0.00048327
74.8	-0.000346893
74.82	-0.000257021
74.84	-0.000192326
74.86	-0.00012712
74.88	-5.75091E-05
74.9	2.01538E-05
74.92	9.76728E-05
74.94	0.000163287
74.96	0.000205559
74.98	0.000226387
75	0.000246027
75.02	0.00028804
75.04	0.000368212
75.06	0.000533636
75.08	0.000799991
75.1	0.001146156
75.12	0.001550294
75.14	0.002002788
75.16	0.00249193
75.18	0.003016616
75.2	0.003589611
75.22	0.0042038
75.24	0.00483552
75.26	0.00546954
75.28	0.006094911
75.3	0.006703544
75.32	0.007274934
75.34	0.007792269
75.36	0.008239235
75.38	0.008598616
75.4	0.008856457
75.42	0.009024731
75.44	0.009114396
75.46	0.009129809
75.48	0.009054343
75.5	0.008886065
75.52	0.008621928
75.54	0.008275722
75.56	0.007866364
75.58	0.007403911
75.6	0.006894317
75.62	0.006397323
75.64	0.00589046
75.66	0.005359425
75.68	0.00480058
75.7	0.004216417
75.72	0.003623907
75.74	0.003046485
75.76	0.002494724
75.78	0.00196566
75.8	0.001454367
75.82	0.000975301
75.84	0.000557528
75.86	0.000211969
75.88	-6.54924E-05
75.9	-0.000276238
75.92	-0.000412421
75.94	-0.000442227
75.96	-0.000340456
75.98	-0.000113546
76	0.000225292
76.02	0.000649319
76.04	0.00110142
76.06	0.001520426
76.08	0.001855847
76.1	0.002128736
76.12	0.00236195
76.14	0.0025956
76.16	0.002848705
76.18	0.003114018
76.2	0.003349554
76.22	0.003499194
76.24	0.003532938
76.26	0.003457109
76.28	0.003297513
76.3	0.003108206
76.32	0.002936555
76.34	0.002785824
76.36	0.002652105
76.38	0.002527203
76.4	0.002418584
76.42	0.002363295
76.44	0.002386825
76.46	0.002542802
76.48	0.00286253
76.5	0.00333324
76.52	0.003942723
76.54	0.00469526
76.56	0.005566782
76.58	0.006528019
76.6	0.007544176
76.62	0.008564826
76.64	0.009561239
76.66	0.010525864
76.68	0.011467746
76.7	0.01239659
76.72	0.013281352
76.74	0.014083575
76.76	0.014788933
76.78	0.015402322
76.8	0.015919998
76.82	0.016328187
76.84	0.016612851
76.86	0.016780894
76.88	0.016817365
76.9	0.016717411
76.92	0.016494388
76.94	0.016168642
76.96	0.015765738
76.98	0.015309388
77	0.014808765
77.02	0.014266697
77.04	0.013692273
77.06	0.013093195
77.08	0.012512767
77.1	0.011986392
77.12	0.011513006
77.14	0.011113853
77.16	0.01079755
77.18	0.010577826
77.2	0.01045367
77.22	0.010413583
77.24	0.010456095
77.26	0.010590131
77.28	0.01079338
77.3	0.011034836
77.32	0.011292258
77.34	0.011558509
77.36	0.011832372
77.38	0.012125512
77.4	0.012448527
77.42	0.0128095
77.44	0.013141935
77.46	0.013426025
77.48	0.013643131
77.5	0.013772301
77.52	0.013820518
77.54	0.013812552
77.56	0.013789978
77.58	0.013786905
77.6	0.013802691
77.62	0.013808563
77.64	0.013748429
77.66	0.013580645
77.68	0.013311102
77.7	0.012964995
77.72	0.012587692
77.74	0.012212483
77.76	0.011845538
77.78	0.011484248
77.8	0.011126158
77.82	0.010773282
77.84	0.010450455
77.86	0.010203066
77.88	0.010076033
77.9	0.010104329
77.92	0.010291138
77.94	0.01063418
77.96	0.011137057
77.98	0.011763157
78	0.012481119
78.02	0.013261954
78.04	0.014057622
78.06	0.014827666
78.08	0.015532752
78.1	0.016139745
78.12	0.016605948
78.14	0.016896149
78.16	0.016992224
78.18	0.016893589
78.2	0.016612646
78.22	0.016171714
78.24	0.015599933
78.26	0.014921578
78.28	0.014150501
78.3	0.013356778
78.32	0.012576259
78.34	0.011818548
78.36	0.011102341
78.38	0.010443251
78.4	0.009851011
78.42	0.009326869
78.44	0.008884155
78.46	0.008523901
78.48	0.00823287
78.5	0.007996787
78.52	0.007817738
78.54	0.007707347
78.56	0.007675477
78.58	0.007736154
78.6	0.007865698
78.62	0.008043619
78.64	0.008242376
78.66	0.008445969
78.68	0.008642292
78.7	0.008848642
78.72	0.009063836
78.74	0.009272185
78.76	0.009434544
78.78	0.009551973
78.8	0.009635727
78.82	0.009698695
78.84	0.009747816
78.86	0.009793367
78.88	0.009839535
78.9	0.009889854
78.92	0.009949892
78.94	0.010026465
78.96	0.010130359
78.98	0.010270743
79	0.010442056
79.02	0.010616521
79.04	0.010777269
79.06	0.010916029
79.08	0.011028058
79.1	0.011114445
79.12	0.011192443
79.14	0.011255932
79.16	0.011301996
79.18	0.011324559
79.2	0.01129014
79.22	0.011191129
79.24	0.0110482
79.26	0.010872296
79.28	0.010672865
79.3	0.010484059
79.32	0.010298317
79.34	0.010098098
79.36	0.009874017
79.38	0.009627451
79.4	0.00937145
79.42	0.009136298
79.44	0.008976167
79.46	0.008902903
79.48	0.008907159
79.5	0.008955457
79.52	0.009030584
79.54	0.009092714
79.56	0.009098308
79.58	0.009012867
79.6	0.008812107
79.62	0.008506689
79.64	0.008106936
79.66	0.007625308
79.68	0.007076994
79.7	0.006480975
79.72	0.005854941
79.74	0.005220448
79.76	0.004599869
79.78	0.004021468
79.8	0.003487215
79.82	0.003027567
79.84	0.002652723
79.86	0.002346888
79.88	0.002113954
79.9	0.00196405
79.92	0.001918383
79.94	0.001978353
79.96	0.00211724
79.98	0.002271704
80	0.002405079
80.02	0.002527537
80.04	0.002634077
80.06	0.002730752
80.08	0.002822981
80.1	0.002895139
80.12	0.002918478
80.14	0.002881794
80.16	0.002804353
80.18	0.002705338
80.2	0.002587985
80.22	0.002466321
80.24	0.002342377
80.26	0.002220057
80.28	0.002121244
80.3	0.002067082
80.32	0.002081939
80.34	0.002193679
80.36	0.00246465
80.38	0.002883427
80.4	0.003422261
80.42	0.004048403
80.44	0.004714896
80.46	0.005382536
80.48	0.006034144
80.5	0.006665695
80.52	0.007281842
80.54	0.0078846
80.56	0.008468618
80.58	0.009013919
80.6	0.009479021
80.62	0.009828847
80.64	0.01004323
80.66	0.010102025
80.68	0.010013491
80.7	0.009809612
80.72	0.009547508
80.74	0.009291527
80.76	0.009053103
80.78	0.008832274
80.8	0.008591269
80.82	0.008323987
80.84	0.008031988
80.86	0.007782528
80.88	0.007650152
80.9	0.007630216
80.92	0.007724797
80.94	0.007927905
80.96	0.008228553
80.98	0.008619755
81	0.009077463
81.02	0.009559726
81.04	0.01003349
81.06	0.010489441
81.08	0.010912176
81.1	0.011266305
81.12	0.011553239
81.14	0.011805836
81.16	0.01200537
81.18	0.012147019
81.2	0.012210838
81.22	0.012197714
81.24	0.012104921
81.26	0.011943814
81.28	0.011743554
81.3	0.011540204
81.32	0.011364554
81.34	0.011225902
81.36	0.011126806
81.38	0.011059722
81.4	0.011005564
81.42	0.010963875
81.44	0.010946373
81.46	0.010974384
81.48	0.011037325
81.5	0.011140152
81.52	0.011252765
81.54	0.011360437
81.56	0.011448237
81.58	0.011505202
81.6	0.0115397
81.62	0.011555447
81.64	0.011540531
81.66	0.011485222
81.68	0.011416024
81.7	0.011354602
81.72	0.0112918
81.74	0.011235587
81.76	0.011187635
81.78	0.01118415
81.8	0.01125663
81.82	0.011420971
81.84	0.011676432
81.86	0.011998832
81.88	0.012358004
81.9	0.012738493
81.92	0.013132912
81.94	0.013513736
81.96	0.013869388
81.98	0.01420065
82	0.014469892
82.02	0.01464031
82.04	0.014674208
82.06	0.01456248
82.08	0.014300317
82.1	0.013898833
82.12	0.013380552
82.14	0.012794054
82.16	0.012182598
82.18	0.011550558
82.2	0.010893446
82.22	0.010232853
82.24	0.009602015
82.26	0.009028047
82.28	0.008530388
82.3	0.008118322
82.32	0.007793223
82.34	0.007564304
82.36	0.007441583
82.38	0.007422711
82.4	0.007485769
82.42	0.007632219
82.44	0.007861949
82.46	0.008172057
82.48	0.008555773
82.5	0.008991568
82.52	0.009457235
82.54	0.009934538
82.56	0.010415782
82.58	0.010881271
82.6	0.011314536
82.62	0.011708202
82.64	0.01202134
82.66	0.012231912
82.68	0.012336572
82.7	0.012343387
82.72	0.012262827
82.74	0.012118116
82.76	0.01193182
82.78	0.01172867
82.8	0.011525003
82.82	0.01133793
82.84	0.01117781
82.86	0.011051528
82.88	0.010985208
82.9	0.010989386
82.92	0.01103119
82.94	0.011067119
82.96	0.011078429
82.98	0.011039521
83	0.010940962
83.02	0.010796217
83.04	0.010612405
83.06	0.010395536
83.08	0.010166649
83.1	0.009933753
83.12	0.009696789
83.14	0.009460955
83.16	0.009237525
83.18	0.009050611
83.2	0.008927431
83.22	0.008875364
83.24	0.008911461
83.26	0.009032073
83.28	0.009203893
83.3	0.009392668
83.32	0.00957085
83.34	0.009715113
83.36	0.009820646
83.38	0.009887065
83.4	0.009918668
83.42	0.009937224
83.44	0.009950399
83.46	0.009948476
83.48	0.009902271
83.5	0.009770683
83.52	0.009523209
83.54	0.009163542
83.56	0.00871577
83.58	0.008173284
83.6	0.007531242
83.62	0.006803833
83.64	0.00600834
83.66	0.005179824
83.68	0.004318396
83.7	0.003454103
83.72	0.002623983
83.74	0.001879405
83.76	0.00123379
83.78	0.00069053
83.8	0.000287564
83.82	1.95342E-05
83.84	-0.000112774
83.86	-8.8959E-05
83.88	7.62141E-05
83.9	0.000365383
83.92	0.000773369
83.94	0.001284457
83.96	0.001807351
83.98	0.002291204
84	0.002725942
84.02	0.00310482
84.04	0.003426605
84.06	0.003674984
84.08	0.003828545
84.1	0.003880026
84.12	0.003822601
84.14	0.003660241
84.16	0.003407858
84.18	0.003094819
84.2	0.00275044
84.22	0.002385945
84.24	0.002002707
84.26	0.001623739
84.28	0.001270545
84.3	0.000974652
84.32	0.000775994
84.34	0.000721259
84.36	0.000792304
84.38	0.000928909
84.4	0.001125226
84.42	0.00135713
84.44	0.001614395
84.46	0.001909434
84.48	0.002246174
84.5	0.00263834
84.52	0.003090006
84.54	0.003567073
84.56	0.004044716
84.58	0.004519488
84.6	0.004983797
84.62	0.00542377
84.64	0.005842108
84.66	0.006253362
84.68	0.00666048
84.7	0.007069372
84.72	0.007481125
84.74	0.007878345
84.76	0.008236969
84.78	0.008530979
84.8	0.008747981
84.82	0.008886733
84.84	0.008950626
84.86	0.008970769
84.88	0.008988387
84.9	0.009066047
84.92	0.009192656
84.94	0.009336671
84.96	0.009488432
84.98	0.009621228
85	0.009728959
85.02	0.00981029
85.04	0.009880759
85.06	0.009944268
85.08	0.009990919
85.1	0.009983522
85.12	0.009938852
85.14	0.009878528
85.16	0.009806704
85.18	0.009725473
85.2	0.009648057
85.22	0.009608963
85.24	0.009656253
85.26	0.009791581
85.28	0.010037613
85.3	0.010405678
85.32	0.010853701
85.34	0.011343688
85.36	0.011844718
85.38	0.012335092
85.4	0.012802724
85.42	0.013257828
85.44	0.013652771
85.46	0.013941619
85.48	0.014131269
85.5	0.014223939
85.52	0.014222496
85.54	0.014124195
85.56	0.013919496
85.58	0.013609428
85.6	0.013225286
85.62	0.012807953
85.64	0.012393753
85.66	0.011963359
85.68	0.011535157
85.7	0.011132103
85.72	0.010771323
85.74	0.010466539
85.76	0.010232104
85.78	0.010072921
85.8	0.009974549
85.82	0.009928378
85.84	0.009929716
85.86	0.009983267
85.88	0.01008694
85.9	0.010244513
85.92	0.010455341
85.94	0.010721018
85.96	0.011034242
85.98	0.011375392
86	0.011666918
86.02	0.011906571
86.04	0.012080087
86.06	0.012188714
86.08	0.012242043
86.1	0.0122456
86.12	0.012206447
86.14	0.012138362
86.16	0.012050324
86.18	0.011935225
86.2	0.011775224
86.22	0.011573024
86.24	0.011359961
86.26	0.011156842
86.28	0.010983615
86.3	0.010877578
86.32	0.010857522
86.34	0.010935165
86.36	0.011090427
86.38	0.01127663
86.4	0.011468614
86.42	0.011654994
86.44	0.011833633
86.46	0.012011017
86.48	0.012209
86.5	0.012439519
86.52	0.01268422
86.54	0.012893609
86.56	0.013005516
86.58	0.012996699
86.6	0.012887811
86.62	0.012683971
86.64	0.012421677
86.66	0.0121325
86.68	0.011845277
86.7	0.011579995
86.72	0.011349958
86.74	0.011145195
86.76	0.010940165
86.78	0.010736742
86.8	0.010561923
86.82	0.010439915
86.84	0.010382723
86.86	0.010403429
86.88	0.010485071
86.9	0.010584172
86.92	0.0106484
86.94	0.010651283
86.96	0.010591405
86.98	0.010478913
87	0.010325351
87.02	0.010149176
87.04	0.009952586
87.06	0.009730059
87.08	0.009487047
87.1	0.009181109
87.12	0.008797903
87.14	0.008367056
87.16	0.007917906
87.18	0.007469597
87.2	0.007026782
87.22	0.00659287
87.24	0.006168502
87.26	0.005766435
87.28	0.005383607
87.3	0.005004697
87.32	0.004639
87.34	0.004300339
87.36	0.003997368
87.38	0.003737463
87.4	0.003518305
87.42	0.003332693
87.44	0.003174774
87.46	0.003032163
87.48	0.002898566
87.5	0.002757331
87.52	0.002592039
87.54	0.002403852
87.56	0.002222364
87.58	0.002045798
87.6	0.001857357
87.62	0.001686559
87.64	0.001530718
87.66	0.001386612
87.68	0.001257548
87.7	0.001156786
87.72	0.001089586
87.74	0.001061795
87.76	0.001094409
87.78	0.001194793
87.8	0.001357454
87.82	0.001564021
87.84	0.001799689
87.86	0.002035901
87.88	0.002265137
87.9	0.002487951
87.92	0.002683807
87.94	0.002855674
87.96	0.002996955
87.98	0.003094113
88	0.003120866
88.02	0.00304798
88.04	0.002856202
88.06	0.002552032
88.08	0.002166011
88.1	0.001737878
88.12	0.001301504
88.14	0.000880779
88.16	0.000470212
88.18	6.08273E-05
88.2	-0.000360372
88.22	-0.000794972
88.24	-0.00120939
88.26	-0.001568259
88.28	-0.001848877
88.3	-0.002038139
88.32	-0.002139607
88.34	-0.002161277
88.36	-0.002125023
88.38	-0.002046094
88.4	-0.001926789
88.42	-0.001755473
88.44	-0.00152301
88.46	-0.001233746
88.48	-0.000904232
88.5	-0.000553807
88.52	-0.000220153
88.54	3.7421E-05
88.56	0.000230524
88.58	0.0003547
88.6	0.000425459
88.62	0.00045165
88.64	0.000436787
88.66	0.000385446
88.68	0.000312103
88.7	0.000243666
88.72	0.000208394
88.74	0.000225484
88.76	0.000298064
88.78	0.000418771
88.8	0.00059231
88.82	0.00081062
88.84	0.001082791
88.86	0.001421823
88.88	0.001831295
88.9	0.002281259
88.92	0.002747939
88.94	0.003213136
88.96	0.003665084
88.98	0.00410512
89	0.004536968
89.02	0.004958437
89.04	0.005364083
89.06	0.005760352
89.08	0.006142894
89.1	0.006522971
89.12	0.006915587
89.14	0.007298547
89.16	0.007670331
89.18	0.008030008
89.2	0.008382412
89.22	0.008735239
89.24	0.009097357
89.26	0.009460359
89.28	0.009795652
89.3	0.010079344
89.32	0.01029613
89.34	0.010428659
89.36	0.010463718
89.38	0.01037235
89.4	0.010169606
89.42	0.009877362
89.44	0.009523996
89.46	0.009115189
89.48	0.00865956
89.5	0.008167207
89.52	0.007666017
89.54	0.007184635
89.56	0.006719397
89.58	0.006258422
89.6	0.005802365
89.62	0.005348536
89.64	0.004904133
89.66	0.004507932
89.68	0.004189988
89.7	0.003943429
89.72	0.003766944
89.74	0.003658845
89.76	0.003625831
89.78	0.003679025
89.8	0.003830311
89.82	0.004086951
89.84	0.004440952
89.86	0.004873091
89.88	0.005370655
89.9	0.005919111
89.92	0.006470592
89.94	0.006960272
89.96	0.00737195
89.98	0.007706122
90	0.00793698
90.02	0.008060922
90.04	0.008075483
90.06	0.007985762
90.08	0.007809362
90.1	0.007573433
90.12	0.007318064
90.14	0.007081804
90.16	0.006894985
90.18	0.006746055
90.2	0.006622065
90.22	0.006530547
90.24	0.006468869
90.26	0.006461985
90.28	0.006543056
90.3	0.006735313
90.32	0.007034671
90.34	0.007419126
90.36	0.007891939
90.38	0.008428389
90.4	0.009022744
90.42	0.009660764
90.44	0.01033203
90.46	0.011030153
90.48	0.011744907
90.5	0.01246096
90.52	0.01317038
90.54	0.013807145
90.56	0.014367311
90.58	0.014852813
90.6	0.015273027
90.62	0.015622172
90.64	0.015905448
90.66	0.016135954
90.68	0.016307733
90.7	0.016409435
90.72	0.016446909
90.74	0.016427446
90.76	0.016357786
90.78	0.016242222
90.8	0.016146888
90.82	0.016051767
90.84	0.015972985
90.86	0.015902896
90.88	0.01583002
90.9	0.015757936
90.92	0.015685098
90.94	0.015611044
90.96	0.015534905
90.98	0.015450682
91	0.015346274
91.02	0.01523472
91.04	0.015138633
91.06	0.015084853
91.08	0.015082256
91.1	0.015111952
91.12	0.015153828
91.14	0.015187618
91.16	0.015191446
91.18	0.015190536
91.2	0.015186092
91.22	0.015181236
91.24	0.015187549
91.26	0.015199831
91.28	0.015198936
91.3	0.015157454
91.32	0.015049052
91.34	0.014870002
91.36	0.014632965
91.38	0.014360622
91.4	0.014052579
91.42	0.013706134
91.44	0.013318331
91.46	0.012895214
91.48	0.012439457
91.5	0.011966884
91.52	0.011487162
91.54	0.011006723
91.56	0.01054258
91.58	0.01012189
91.6	0.009758151
91.62	0.009453296
91.64	0.009196759
91.66	0.008987079
91.68	0.008810276
91.7	0.008679033
91.72	0.00862865
91.74	0.008667677
91.76	0.008801648
91.78	0.009020314
91.8	0.009310791
91.82	0.009660344
91.84	0.010036192
91.86	0.010432722
91.88	0.010849919
91.9	0.011280817
91.92	0.011706653
91.94	0.012083055
91.96	0.012366547
91.98	0.012533001
92	0.012580649
92.02	0.012514936
92.04	0.012349821
92.06	0.012092975
92.08	0.011750168
92.1	0.011342187
92.12	0.010900628
92.14	0.010457113
92.16	0.010036365
92.18	0.009685476
92.2	0.009399476
92.22	0.009162995
92.24	0.008983973
92.26	0.008850576
92.28	0.00876518
92.3	0.00873145
92.32	0.008751845
92.34	0.008819743
92.36	0.008905978
92.38	0.008974271
92.4	0.009007212
92.42	0.008990336
92.44	0.008924516
92.46	0.0088329
92.48	0.008738816
92.5	0.008653052
92.52	0.008578592
92.54	0.008529181
92.56	0.008486997
92.58	0.008442302
92.6	0.008397239
92.62	0.008368241
92.64	0.008369185
92.66	0.008415072
92.68	0.008512557
92.7	0.008657035
92.72	0.008835511
92.74	0.009013612
92.76	0.009176438
92.78	0.009342036
92.8	0.009524602
92.82	0.009732844
92.84	0.009960224
92.86	0.010207805
92.88	0.01046586
92.9	0.010719362
92.92	0.010960477
92.94	0.011195386
92.96	0.011425608
92.98	0.011644845
93	0.011851022
93.02	0.012027664
93.04	0.012149346
93.06	0.012215445
93.08	0.012241948
93.1	0.012238418
93.12	0.01220524
93.14	0.012153521
93.16	0.012080088
93.18	0.011979139
93.2	0.011852253
93.22	0.011717935
93.24	0.011609906
93.26	0.011539842
93.28	0.011496094
93.3	0.011478371
93.32	0.011471163
93.34	0.011471899
93.36	0.011464904
93.38	0.011432371
93.4	0.011358532
93.42	0.011242472
93.44	0.011089709
93.46	0.01089974
93.48	0.010663648
93.5	0.010362071
93.52	0.00998863
93.54	0.00955459
93.56	0.009081468
93.58	0.008612667
93.6	0.008143424
93.62	0.007690042
93.64	0.007257802
93.66	0.006855373
93.68	0.006486342
93.7	0.006144318
93.72	0.005828795
93.74	0.005547905
93.76	0.005311429
93.78	0.005122121
93.8	0.004977719
93.82	0.004865606
93.84	0.004781155
93.86	0.004721533
93.88	0.004691764
93.9	0.004700399
93.92	0.004750692
93.94	0.004843085
93.96	0.004977573
93.98	0.005139751
94	0.005315295
94.02	0.005500298
94.04	0.005699392
94.06	0.005941921
94.08	0.00622776
94.1	0.006555938
94.12	0.006935503
94.14	0.00735338
94.16	0.007811672
94.18	0.008316046
94.2	0.008880844
94.22	0.009516647
94.24	0.010215219
94.26	0.010963742
94.28	0.011738953
94.3	0.012524016
94.32	0.013305059
94.34	0.014077054
94.36	0.014820048
94.38	0.015509578
94.4	0.01612902
94.42	0.016674973
94.44	0.017139511
94.46	0.017517516
94.48	0.017794876
94.5	0.017969179
94.52	0.018048889
94.54	0.018053374
94.56	0.017994893
94.58	0.01787449
94.6	0.017693518
94.62	0.017455981
94.64	0.017175967
94.66	0.016873687
94.68	0.016566447
94.7	0.016261896
94.72	0.015958636
94.74	0.015661711
94.76	0.015375257
94.78	0.015090844
94.8	0.014805904
94.82	0.014515103
94.84	0.014220279
94.86	0.013921929
94.88	0.013605185
94.9	0.01325285
94.92	0.012855378
94.94	0.012413674
94.96	0.011946073
94.98	0.011477916
95	0.01102957
95.02	0.010618358
95.04	0.01024669
95.06	0.009905581
95.08	0.00959273
95.1	0.009312724
95.12	0.009057313
95.14	0.008824862
95.16	0.00862277
95.18	0.00845562
95.2	0.008320557
95.22	0.008211651
95.24	0.008095791
95.26	0.007948855
95.28	0.007765592
95.3	0.007559495
95.32	0.007344041
95.34	0.007139516
95.36	0.006958489
95.38	0.006805735
95.4	0.006681628
95.42	0.00659005
95.44	0.006534173
95.46	0.006509733
95.48	0.006518146
95.5	0.006554805
95.52	0.006610266
95.54	0.006682848
95.56	0.006777792
95.58	0.006907921
95.6	0.007076205
95.62	0.007280751
95.64	0.00750256
95.66	0.007734658
95.68	0.00797425
95.7	0.008231085
95.72	0.008522817
95.74	0.008848424
95.76	0.009213364
95.78	0.009603795
95.8	0.009989164
95.82	0.010334382
95.84	0.010599462
95.86	0.010761411
95.88	0.010821535
95.9	0.010801429
95.92	0.010722643
95.94	0.010597044
95.96	0.010418442
95.98	0.01017104
96	0.009839386
96.02	0.00942985
96.04	0.008968419
96.06	0.008483371
96.08	0.008010387
96.1	0.007567261
96.12	0.00716689
96.14	0.006804613
96.16	0.006462155
96.18	0.006121618
96.2	0.005774177
96.22	0.005422521
96.24	0.005087892
96.26	0.004802834
96.28	0.004579688
96.3	0.00440992
96.32	0.004268968
96.34	0.004129629
96.36	0.003971044
96.38	0.003799873
96.4	0.003642495
96.42	0.003535647
96.44	0.003497703
96.46	0.003528581
96.48	0.003633993
96.5	0.003801025
96.52	0.003990986
96.54	0.004195417
96.56	0.004391037
96.58	0.004573134
96.6	0.004743216
96.62	0.004889812
96.64	0.004987781
96.66	0.005016881
96.68	0.004980634
96.7	0.004898799
96.72	0.004790997
96.74	0.004674404
96.76	0.004539661
96.78	0.004404123
96.8	0.004294859
96.82	0.004245597
96.84	0.004277148
96.86	0.004394797
96.88	0.004587142
96.9	0.004833197
96.92	0.00512849
96.94	0.005457577
96.96	0.005829359
96.98	0.006230815
97	0.006661307
97.02	0.007127143
97.04	0.007637745
97.06	0.00818391
97.08	0.008734386
97.1	0.009261624
97.12	0.009745861
97.14	0.010185582
97.16	0.010579499
97.18	0.010919271
97.2	0.011186651
97.22	0.011366582
97.24	0.011455652
97.26	0.011453683
97.28	0.011357792
97.3	0.011158524
97.32	0.010859909
97.34	0.01047228
97.36	0.010017911
97.38	0.009525661
97.4	0.00900016
97.42	0.008428484
97.44	0.00781272
97.46	0.007172137
97.48	0.006537839
97.5	0.005941685
97.52	0.005406924
97.54	0.004949722
97.56	0.004563807
97.58	0.004233269
97.6	0.003942192
97.62	0.003672432
97.64	0.003426927
97.66	0.003215951
97.68	0.003062946
97.7	0.002990247
97.72	0.002999545
97.74	0.003073905
97.76	0.003181288
97.78	0.0032465
97.8	0.003305588
97.82	0.003359361
97.84	0.003420359
97.86	0.003510256
97.88	0.003647083
97.9	0.003835379
97.92	0.00405399
97.94	0.004285935
97.96	0.004513748
97.98	0.004732863
98	0.004934575
98.02	0.00509804
98.04	0.005231327
98.06	0.005350959
98.08	0.005492308
98.1	0.005682965
98.12	0.005937597
98.14	0.006245909
98.16	0.006565307
98.18	0.006899288
98.2	0.007252906
98.22	0.007643932
98.24	0.008077774
98.26	0.008547133
98.28	0.009034182
98.3	0.009524449
98.32	0.0100216
98.34	0.010530302
98.36	0.01103524
98.38	0.011531753
98.4	0.01202483
98.42	0.012523899
98.44	0.013026323
98.46	0.013531789
98.48	0.014026076
98.5	0.014500726
98.52	0.014960703
98.54	0.015411781
98.56	0.015849159
98.58	0.016243136
98.6	0.016572997
98.62	0.016817633
98.64	0.016965907
98.66	0.017016833
98.68	0.016969436
98.7	0.016839511
98.72	0.016625051
98.74	0.016338767
98.76	0.016006545
98.78	0.015668416
98.8	0.015380603
98.82	0.015102117
98.84	0.014818972
98.86	0.014523998
98.88	0.014222887
98.9	0.013934559
98.92	0.01368225
98.94	0.013474951
98.96	0.013302262
98.98	0.013160927
99	0.013031637
99.02	0.012881203
99.04	0.012697732
99.06	0.012488958
99.08	0.012263411
99.1	0.012042096
99.12	0.011837013
99.14	0.011653904
99.16	0.011505044
99.18	0.011395561
99.2	0.011301164
99.22	0.011220797
99.24	0.011131939
99.26	0.011007645
99.28	0.010846909
99.3	0.010672852
99.32	0.010516328
99.34	0.010397446
99.36	0.010314523
99.38	0.010264001
99.4	0.010241088
99.42	0.010232876
99.44	0.010214038
99.46	0.010179036
99.48	0.010144578
99.5	0.010130493
99.52	0.01015186
99.54	0.010222529
99.56	0.010344146
99.58	0.010491126
99.6	0.010627449
99.62	0.010725696
99.64	0.010776268
99.66	0.010778786
99.68	0.010743601
99.7	0.010692407
99.72	0.010633477
99.74	0.010582669
99.76	0.010550624
99.78	0.010527272
99.8	0.010494775
99.82	0.010463843
99.84	0.010451634
99.86	0.010480939
99.88	0.01056531
99.9	0.010707761
99.92	0.010904828
99.94	0.01114649
99.96	0.011422731
99.98	0.011726857
100	0.012048714
100.02	0.012362794
100.04	0.012644032
100.06	0.012871308
100.08	0.013039628
100.1	0.013155639
100.12	0.01322494
100.14	0.013255228
100.16	0.013251632
100.18	0.01321918
100.2	0.013165888
100.22	0.01310556
100.24	0.013022287
100.26	0.012908685
100.28	0.012778103
100.3	0.012658372
100.32	0.012573425
100.34	0.012538044
100.36	0.012551639
100.38	0.012592138
100.4	0.012636577
100.42	0.012680785
100.44	0.012718929
100.46	0.012753316
100.48	0.012791628
100.5	0.012831231
100.52	0.01287798
100.54	0.012927239
100.56	0.012968914
100.58	0.012982008
100.6	0.012949225
100.62	0.012868643
100.64	0.012749198
100.66	0.012611957
100.68	0.012468796
100.7	0.01230727
100.72	0.012129489
100.74	0.011946795
100.76	0.011773908
100.78	0.011615998
100.8	0.01148485
100.82	0.011396726
100.84	0.011368922
100.86	0.011415406
100.88	0.011538015
100.9	0.011733073
100.92	0.011983475
100.94	0.012271955
100.96	0.012581853
100.98	0.012880592
101	0.01314657
101.02	0.013359353
101.04	0.013500028
101.06	0.013547311
101.08	0.013502386
101.1	0.013380567
101.12	0.013190452
101.14	0.01294403
101.16	0.012645048
101.18	0.012286465
101.2	0.01188443
101.22	0.011446125
101.24	0.011001743
101.26	0.010581986
101.28	0.010193692
101.3	0.009838665
101.32	0.009501667
101.34	0.009171
101.36	0.008835672
101.38	0.00848986
101.4	0.00814418
101.42	0.007816091
101.44	0.007525459
101.46	0.007292848
101.48	0.007138307
101.5	0.007060568
101.52	0.007034241
101.54	0.007027921
101.56	0.007025287
101.58	0.007021666
101.6	0.007005734
101.62	0.006985002
101.64	0.006958489
101.66	0.006899057
101.68	0.006797324
101.7	0.006661019
101.72	0.006490982
101.74	0.006293674
101.76	0.006083169
101.78	0.005876228
101.8	0.005705687
101.82	0.005593045
101.84	0.005540318
101.86	0.005547299
101.88	0.005603745
101.9	0.005716169
101.92	0.005894732
101.94	0.006134524
101.96	0.00641921
101.98	0.00673697
102	0.007084353
102.02	0.007455389
102.04	0.007835469
102.06	0.008224386
102.08	0.008611145
102.1	0.008993383
102.12	0.009355823
102.14	0.009700238
102.16	0.010067506
102.18	0.010459876
102.2	0.010877539
102.22	0.011316071
102.24	0.011773535
102.26	0.012256706
102.28	0.012771237
102.3	0.013322142
102.32	0.013899514
102.34	0.014505762
102.36	0.015137622
102.38	0.015784027
102.4	0.016423337
102.42	0.017015339
102.44	0.01753129
102.46	0.017952616
102.48	0.018271112
102.5	0.018483793
102.52	0.018585468
102.54	0.018575914
102.56	0.018448633
102.58	0.01819523
102.6	0.017812605
102.62	0.017299964
102.64	0.016662912
102.66	0.01591966
102.68	0.015118876
102.7	0.014337261
102.72	0.013580611
102.74	0.012871128
102.76	0.012205658
102.78	0.011578043
102.8	0.010984979
102.82	0.010434526
102.84	0.009940084
102.86	0.00950722
102.88	0.009147416
102.9	0.008877128
102.92	0.008707301
102.94	0.008637394
102.96	0.008642264
102.98	0.008670883
103	0.00867636
103.02	0.008631036
103.04	0.008526721
103.06	0.008368261
103.08	0.008172615
103.1	0.007968888
103.12	0.007746447
103.14	0.007516162
103.16	0.00725848
103.18	0.006959724
103.2	0.006606463
103.22	0.006208884
103.24	0.005799881
103.26	0.005417502
103.28	0.005108705
103.3	0.004888556
103.32	0.004779404
103.34	0.004787026
103.36	0.00491721
103.38	0.00514769
103.4	0.005448018
103.42	0.005821465
103.44	0.006264599
103.46	0.0067757
103.48	0.007347235
103.5	0.00796731
103.52	0.008616627
103.54	0.009253031
103.56	0.009859185
103.58	0.010420827
103.6	0.010925206
103.62	0.011399681
103.64	0.011869617
103.66	0.012320514
103.68	0.01274411
103.7	0.013127844
103.72	0.013469387
103.74	0.013774854
103.76	0.014057779
103.78	0.014332924
103.8	0.014598625
103.82	0.014836609
103.84	0.015023918
103.86	0.015133299
103.88	0.015155536
103.9	0.015102909
103.92	0.014998385
103.94	0.014859908
103.96	0.014694867
103.98	0.014515461
104	0.01432581
104.02	0.014101578
104.04	0.013817611
104.06	0.013465634
104.08	0.013068905
104.1	0.012655668
104.12	0.012254985
104.14	0.011880031
104.16	0.011536906
104.18	0.011244126
104.2	0.011010103
104.22	0.01083665
104.24	0.010720587
104.26	0.010653191
104.28	0.010634767
104.3	0.010689449
104.32	0.010857588
104.34	0.01114008
104.36	0.011511825
104.38	0.011924684
104.4	0.012330537
104.42	0.012689638
104.44	0.01299338
104.46	0.013231441
104.48	0.013376804
104.5	0.013429229
104.52	0.013397948
104.54	0.013299409
104.56	0.013138861
104.58	0.01291725
104.6	0.012637129
104.62	0.012315478
104.64	0.01197255
104.66	0.011629927
104.68	0.011312886
104.7	0.011035371
104.72	0.010814291
104.74	0.010656354
104.76	0.010568269
104.78	0.010543382
104.8	0.010558354
104.82	0.010599236
104.84	0.0106664
104.86	0.010782371
104.88	0.01094642
104.9	0.011139716
104.92	0.011331202
104.94	0.011489668
104.96	0.011595719
104.98	0.011640186
105	0.011637841
105.02	0.011579303
105.04	0.011461612
105.06	0.011299661
105.08	0.011106378
105.1	0.010874984
105.12	0.010596427
105.14	0.010271348
105.16	0.009921142
105.18	0.009583895
105.2	0.009296535
105.22	0.009049139
105.24	0.008845399
105.26	0.008673849
105.28	0.008521605
105.3	0.008375961
105.32	0.008215875
105.34	0.008032787
105.36	0.007838426
105.38	0.007649159
105.4	0.007488616
105.42	0.007366275
105.44	0.007268614
105.46	0.007165922
105.48	0.007023957
105.5	0.006816807
105.52	0.006532512
105.54	0.006194156
105.56	0.005838445
105.58	0.005459592
105.6	0.005059329
105.62	0.004644695
105.64	0.004212609
105.66	0.003769188
105.68	0.00333796
105.7	0.002953216
105.72	0.002647429
105.74	0.002440769
105.76	0.002331033
105.78	0.0023084
105.8	0.002378702
105.82	0.002553768
105.84	0.002812477
105.86	0.003146947
105.88	0.003545758
105.9	0.00398773
105.92	0.004430115
105.94	0.004810896
105.96	0.005133006
105.98	0.005402918
106	0.005629643
106.02	0.005805961
106.04	0.005932492
106.06	0.006008475
106.08	0.006019449
106.1	0.00600491
106.12	0.005983486
106.14	0.005969985
106.16	0.005983506
106.18	0.006049508
106.2	0.006147196
106.22	0.006280998
106.24	0.006456313
106.26	0.006681256
106.28	0.006965111
106.3	0.007307234
106.32	0.007700401
106.34	0.008109322
106.36	0.008543611
106.38	0.008995035
106.4	0.009440667
106.42	0.009869869
106.44	0.010269002
106.46	0.010627655
106.48	0.010940253
106.5	0.011210881
106.52	0.011462786
106.54	0.011693623
106.56	0.01187794
106.58	0.012003969
106.6	0.012064712
106.62	0.012070103
106.64	0.012039667
106.66	0.011995229
106.68	0.011958025
106.7	0.011934217
106.72	0.01190983
106.74	0.011880119
106.76	0.011836515
106.78	0.011768157
106.8	0.01168024
106.82	0.011592265
106.84	0.011505137
106.86	0.011425306
106.88	0.011351336
106.9	0.011251379
106.92	0.011117058
106.94	0.010949176
106.96	0.010743299
106.98	0.010491903
107	0.010194502
107.02	0.009855504
107.04	0.009472733
107.06	0.00904893
107.08	0.008597912
107.1	0.008136468
107.12	0.007684666
107.14	0.007262755
107.16	0.00688621
107.18	0.006556013
107.2	0.006270935
107.22	0.006057151
107.24	0.00593221
107.26	0.005908013
107.28	0.005976914
107.3	0.006128099
107.32	0.006344037
107.34	0.00661259
107.36	0.006921281
107.38	0.007253199
107.4	0.007571393
107.42	0.00785251
107.44	0.00807867
107.46	0.00825283
107.48	0.008384441
107.5	0.008495241
107.52	0.008598101
107.54	0.008695312
107.56	0.008788467
107.58	0.008880199
107.6	0.008968785
107.62	0.009058359
107.64	0.00914851
107.66	0.009250421
107.68	0.009386333
107.7	0.009578032
107.72	0.009828718
107.74	0.010121482
107.76	0.010436983
107.78	0.010745286
107.8	0.011031778
107.82	0.011319574
107.84	0.011603308
107.86	0.011883524
107.88	0.012160189
107.9	0.012439755
107.92	0.012725038
107.94	0.013015557
107.96	0.013290613
107.98	0.013526051
108	0.013709261
108.02	0.01383967
108.04	0.013925395
108.06	0.013989448
108.08	0.014048832
108.1	0.014117864
108.12	0.014211704
108.14	0.014340752
108.16	0.014499492
108.18	0.014680121
108.2	0.014871985
108.22	0.015076551
108.24	0.0152951
108.26	0.015530699
108.28	0.015792667
108.3	0.016072407
108.32	0.016345794
108.34	0.016577349
108.36	0.016738494
108.38	0.016802579
108.4	0.016765109
108.42	0.016632261
108.44	0.016415385
108.46	0.016137312
108.48	0.01581793
108.5	0.015464777
108.52	0.015077287
108.54	0.014645581
108.56	0.014169992
108.58	0.013663603
108.6	0.013151972
108.62	0.012653459
108.64	0.0121689
108.66	0.011716767
108.68	0.01130288
108.7	0.010921504
108.72	0.010556051
108.74	0.010203217
108.76	0.009888744
108.78	0.009619503
108.8	0.009406798
108.82	0.009250303
108.84	0.009148538
108.86	0.009100234
108.88	0.009090398
108.9	0.009096021
108.92	0.00909131
108.94	0.009039082
108.96	0.008935399
108.98	0.008777371
109	0.008568107
109.02	0.008305604
109.04	0.007990222
109.06	0.007625619
109.08	0.007217036
109.1	0.006777753
109.12	0.006323226
109.14	0.005885878
109.16	0.00548738
109.18	0.00512014
109.2	0.004800358
109.22	0.004539982
109.24	0.00434664
109.26	0.004222483
109.28	0.004183292
109.3	0.004227186
109.32	0.00434405
109.34	0.004513857
109.36	0.004725161
109.38	0.004957368
109.4	0.005202848
109.42	0.005447653
109.44	0.005679729
109.46	0.005891313
109.48	0.006081593
109.5	0.006262974
109.52	0.006463402
109.54	0.006682982
109.56	0.006913835
109.58	0.007159707
109.6	0.007401652
109.62	0.007644376
109.64	0.007885207
109.66	0.008117926
109.68	0.008342877
109.7	0.008557591
109.72	0.008772892
109.74	0.008997465
109.76	0.009235056
109.78	0.009469526
109.8	0.009673726
109.82	0.009821693
109.84	0.009895858
109.86	0.009908364
109.88	0.009876791
109.9	0.009818252
109.92	0.009755214
109.94	0.009681851
109.96	0.009597844
109.98	0.009486394
110	0.009319053
110.02	0.00912149
110.04	0.008920073
110.06	0.008746584
110.08	0.008649616
110.1	0.008673946
110.12	0.008816482
110.14	0.009057943
110.16	0.009373467
110.18	0.009739319
110.2	0.010141055
110.22	0.010583037
110.24	0.011052603
110.26	0.011531131
110.28	0.011999902
110.3	0.01243499
110.32	0.012820981
110.34	0.013139145
110.36	0.013371789
110.38	0.013506901
110.4	0.013538413
110.42	0.013481666
110.44	0.01335022
110.46	0.013159219
110.48	0.012898514
110.5	0.012560649
110.52	0.012149636
110.54	0.011678057
110.56	0.011163775
110.58	0.010631049
110.6	0.010110129
110.62	0.009637427
110.64	0.009207367
110.66	0.008823785
110.68	0.008496995
110.7	0.008230295
110.72	0.008037527
110.74	0.007918916
110.76	0.00787124
110.78	0.007884892
110.8	0.007940111
110.82	0.008025848
110.84	0.008136711
110.86	0.008255888
110.88	0.008378645
110.9	0.00847181
110.92	0.008531703
110.94	0.008547846
110.96	0.008527767
110.98	0.008480993
111	0.008404753
111.02	0.00829773
111.04	0.00816392
111.06	0.008015164
111.08	0.00785371
111.1	0.007674907
111.12	0.007477535
111.14	0.007276693
111.16	0.007103137
111.18	0.006977277
111.2	0.006909117
111.22	0.006888388
111.24	0.006877087
111.26	0.00687845
111.28	0.006901306
111.3	0.006954421
111.32	0.007036459
111.34	0.007143772
111.36	0.007280233
111.38	0.007449246
111.4	0.007643509
111.42	0.007844599
111.44	0.008047098
111.46	0.00825168
111.48	0.008465436
111.5	0.008721574
111.52	0.009048426
111.54	0.009450362
111.56	0.009912016
111.58	0.010418784
111.6	0.010958766
111.62	0.01151884
111.64	0.012098867
111.66	0.012693104
111.68	0.013304098
111.7	0.013934025
111.72	0.014577819
111.74	0.015224403
111.76	0.015850274
111.78	0.016429851
111.8	0.016947492
111.82	0.017402987
111.84	0.017797773
111.86	0.018126881
111.88	0.018390687
111.9	0.018589736
111.92	0.018730196
111.94	0.018810862
111.96	0.018827474
111.98	0.018776688
112	0.018656413
112.02	0.018477184
112.04	0.018254801
112.06	0.01800507
112.08	0.017736635
112.1	0.017456217
112.12	0.017169379
112.14	0.016897942
112.16	0.016637455
112.18	0.016372781
112.2	0.016094613
112.22	0.015800278
112.24	0.015499678
112.26	0.015203746
112.28	0.014916549
112.3	0.014624381
112.32	0.014314859
112.34	0.013989301
112.36	0.013660952
112.38	0.013344538
112.4	0.013053207
112.42	0.01278773
112.44	0.012551517
112.46	0.012348407
112.48	0.012168896
112.5	0.011997446
112.52	0.011804793
112.54	0.011561264
112.56	0.011272375
112.58	0.010952832
112.6	0.010622161
112.62	0.01028253
112.64	0.009939605
112.66	0.009604454
112.68	0.009292863
112.7	0.009018158
112.72	0.008779205
112.74	0.008585478
112.76	0.008435106
112.78	0.008321941
112.8	0.008237719
112.82	0.008187099
112.84	0.008176613
112.86	0.008206244
112.88	0.008267594
112.9	0.008347819
112.92	0.008404545
112.94	0.00838579
112.96	0.0083195
112.98	0.008218354
113	0.008116532
113.02	0.008039292
113.04	0.007996057
113.06	0.007989611
113.08	0.008028966
113.1	0.008119937
113.12	0.008269783
113.14	0.008471375
113.16	0.008698405
113.18	0.008929676
113.2	0.009156314
113.22	0.009384842
113.24	0.009617124
113.26	0.009841026
113.28	0.010028259
113.3	0.010136943
113.32	0.010185964
113.34	0.010181581
113.36	0.010148132
113.38	0.010097802
113.4	0.010043268
113.42	0.010003401
113.44	0.009978278
113.46	0.00997102
113.48	0.009972819
113.5	0.00998841
113.52	0.010023171
113.54	0.010079634
113.56	0.01015019
113.58	0.010233573
113.6	0.010316342
113.62	0.010377933
113.64	0.010408501
113.66	0.010416177
113.68	0.010422587
113.7	0.010447027
113.72	0.010492697
113.74	0.010553099
113.76	0.010624269
113.78	0.010697846
113.8	0.010778359
113.82	0.010876018
113.84	0.01096733
113.86	0.0110374
113.88	0.011088637
113.9	0.011124485
113.92	0.011144404
113.94	0.011143895
113.96	0.01111265
113.98	0.011046575
114	0.010955957
114.02	0.010860804
114.04	0.010783376
114.06	0.010735607
114.08	0.010732885
114.1	0.010778872
114.12	0.010864771
114.14	0.010990481
114.16	0.011139125
114.18	0.011290309
114.2	0.01141548
114.22	0.011488505
114.24	0.011508006
114.26	0.011469096
114.28	0.011376315
114.3	0.011248477
114.32	0.011091986
114.34	0.010904182
114.36	0.010686098
114.38	0.010435269
114.4	0.010152363
114.42	0.009860429
114.44	0.009593345
114.46	0.009382983
114.48	0.00923878
114.5	0.009153288
114.52	0.009100429
114.54	0.009049016
114.56	0.008972346
114.58	0.008857275
114.6	0.008702723
114.62	0.00853098
114.64	0.008371278
114.66	0.008251746
114.68	0.008182295
114.7	0.008140281
114.72	0.008102794
114.74	0.008054796
114.76	0.00798734
114.78	0.007910804
114.8	0.007829572
114.82	0.007752495
114.84	0.007692544
114.86	0.007651316
114.88	0.007601487
114.9	0.007497411
114.92	0.007321764
114.94	0.007085885
114.96	0.006807411
114.98	0.006511408
115	0.006207279
115.02	0.005902916
115.04	0.005612461
115.06	0.005341181
115.08	0.005090206
115.1	0.004863132
115.12	0.004675576
115.14	0.004523986
115.16	0.004411529
115.18	0.004347491
115.2	0.004334864
115.22	0.004366526
115.24	0.004428093
115.26	0.00450843
115.28	0.004610193
115.3	0.004728718
115.32	0.004864401
115.34	0.005002727
115.36	0.005132387
115.38	0.00526858
115.4	0.005427115
115.42	0.005613688
115.44	0.005820972
115.46	0.006037799
115.48	0.006249355
115.5	0.006455631
115.52	0.006658967
115.54	0.006859252
115.56	0.007052303
115.58	0.007227792
115.6	0.00737672
115.62	0.007491186
115.64	0.007567054
115.66	0.007604846
115.68	0.007599249
115.7	0.007554371
115.72	0.007486192
115.74	0.007424779
115.76	0.007379172
115.78	0.007346309
115.8	0.007324582
115.82	0.00732875
115.84	0.00737151
115.86	0.007476128
115.88	0.007655172
115.9	0.00790783
115.92	0.008228199
115.94	0.008609043
115.96	0.009039022
115.98	0.009502895
116	0.009980573
116.02	0.010468724
116.04	0.010973008
116.06	0.011496347
116.08	0.012043757
116.1	0.012602674
116.12	0.013135019
116.14	0.013615233
116.16	0.014026243
116.18	0.014359229
116.2	0.014613014
116.22	0.01480235
116.24	0.014935796
116.26	0.015006252
116.28	0.015017022
116.3	0.014955461
116.32	0.014800386
116.34	0.01452723
116.36	0.014122877
116.38	0.013611867
116.4	0.013026614
116.42	0.012394819
116.44	0.011734615
116.46	0.011055173
116.48	0.010355354
116.5	0.009640294
116.52	0.008926614
116.54	0.008233087
116.56	0.007574969
116.58	0.006980293
116.6	0.006474644
116.62	0.006064579
116.64	0.005753887
116.66	0.005540775
116.68	0.005406586
116.7	0.005327097
116.72	0.00529088
116.74	0.00528734
116.76	0.005308386
116.78	0.005347951
116.8	0.005410775
116.82	0.005486648
116.84	0.005559051
116.86	0.00561744
116.88	0.005637158
116.9	0.005615549
116.92	0.005548266
116.94	0.00544802
116.96	0.005328383
116.98	0.005204698
117	0.005087997
117.02	0.004987581
117.04	0.004901211
117.06	0.004821575
117.08	0.00475461
117.1	0.004721267
117.12	0.004737134
117.14	0.004822228
117.16	0.004980638
117.18	0.005185236
117.2	0.005415
117.22	0.00566042
117.24	0.005909489
117.26	0.006152115
117.28	0.006395179
117.3	0.006636571
117.32	0.006886329
117.34	0.007188179
117.36	0.007532545
117.38	0.007912948
117.4	0.00833165
117.42	0.008784521
117.44	0.009265316
117.46	0.009773527
117.48	0.010308277
117.5	0.010862021
117.52	0.011425589
117.54	0.011988162
117.56	0.012531785
117.58	0.013052798
117.6	0.013542275
117.62	0.013978759
117.64	0.014350371
117.66	0.014645455
117.68	0.014858791
117.7	0.015008121
117.72	0.015108875
117.74	0.015156641
117.76	0.015156602
117.78	0.015098386
117.8	0.014965078
117.82	0.014761939
117.84	0.014494161
117.86	0.014161941
117.88	0.01378229
117.9	0.013377077
117.92	0.012966126
117.94	0.012555203
117.96	0.012146217
117.98	0.011750563
118	0.011389452
118.02	0.011068788
118.04	0.010795571
118.06	0.010570657
118.08	0.010377747
118.1	0.010202994
118.12	0.010048963
118.14	0.009918865
118.16	0.009792776
118.18	0.009658899
118.2	0.00951968
118.22	0.009380541
118.24	0.0092615
118.26	0.009179504
118.28	0.009119759
118.3	0.009054449
118.32	0.00896807
118.34	0.008864064
118.36	0.00874669
118.38	0.008624046
118.4	0.008491779
118.42	0.008352029
118.44	0.008216223
118.46	0.008107251
118.48	0.008027762
118.5	0.007953827
118.52	0.007867515
118.54	0.007765523
118.56	0.007657093
118.58	0.007564451
118.6	0.007470157
118.62	0.007351318
118.64	0.007189178
118.66	0.006981932
118.68	0.006740165
118.7	0.006468998
118.72	0.006165363
118.74	0.005838866
118.76	0.005496986
118.78	0.005156565
118.8	0.00482933
118.82	0.004529913
118.84	0.004267189
118.86	0.004048635
118.88	0.003888874
118.9	0.00379543
118.92	0.00377976
118.94	0.003819855
118.96	0.003881655
118.98	0.003942791
119	0.003993794
119.02	0.004038617
119.04	0.004084462
119.06	0.004139831
119.08	0.004189931
119.1	0.004218614
119.12	0.004219736
119.14	0.004176972
119.16	0.004084097
119.18	0.003950438
119.2	0.003799939
119.22	0.003659866
119.24	0.003552895
119.26	0.003485594
119.28	0.003458888
119.3	0.003484817
119.32	0.003578809
119.34	0.003741043
119.36	0.00395005
119.38	0.004193444
119.4	0.004476294
119.42	0.004796651
119.44	0.005152207
119.46	0.005542228
119.48	0.005972531
119.5	0.006450121
119.52	0.006952854
119.54	0.007462568
119.56	0.007982468
119.58	0.00850453
119.6	0.009026838
119.62	0.009557266
119.64	0.010120112
119.66	0.010732181
119.68	0.011396216
119.7	0.012099723
119.72	0.012822899
119.74	0.013544294
119.76	0.014231308
119.78	0.014861517
119.8	0.015420439
119.82	0.015908749
119.84	0.016339305
119.86	0.016735869
119.88	0.01711188
119.9	0.017467065
119.92	0.017777262
119.94	0.018019033
119.96	0.01817465
119.98	0.018236619
120	0.018202294
120.02	0.018079899
120.04	0.017894132
120.06	0.017691461
120.08	0.017476711
120.1	0.017248446
120.12	0.016986175
120.14	0.016670727
120.16	0.016301723
120.18	0.015889455
120.2	0.015447906
120.22	0.014979995
120.24	0.014495363
120.26	0.014008865
120.28	0.013540957
120.3	0.013104997
120.32	0.012695831
120.34	0.012305786
120.36	0.011928457
120.38	0.011565982
120.4	0.011225436
120.42	0.01091155
120.44	0.010638121
120.46	0.010397245
120.48	0.010184662
120.5	0.009989427
120.52	0.009798119
120.54	0.009599618
120.56	0.009381216
120.58	0.009124864
120.6	0.008822316
120.62	0.008491714
120.64	0.008156799
120.66	0.00783491
120.68	0.00753846
120.7	0.007283138
120.72	0.00708685
120.74	0.006967914
120.76	0.00694308
120.78	0.00700536
120.8	0.007136896
120.82	0.007326729
120.84	0.007575271
120.86	0.007882184
120.88	0.008234573
120.9	0.008621958
120.92	0.009042753
120.94	0.009486725
120.96	0.00991354
120.98	0.010329538
121	0.010728353
121.02	0.011094812
121.04	0.01143019
121.06	0.011730673
121.08	0.012014268
121.1	0.01230813
121.12	0.012633728
121.14	0.012992887
121.16	0.013372649
121.18	0.013757523
121.2	0.014118854
121.22	0.014430157
121.24	0.014681755
121.26	0.014890102
121.28	0.015089811
121.3	0.015319136
121.32	0.01560381
121.34	0.015936636
121.36	0.016296071
121.38	0.016643012
121.4	0.016948316
121.42	0.01719533
121.44	0.017385345
121.46	0.017564556
121.48	0.017731898
121.5	0.017863532
121.52	0.017945939
121.54	0.017946462
121.56	0.01785265
121.58	0.017666611
121.6	0.017399449
121.62	0.017055456
121.64	0.01662522
121.66	0.016125556
121.68	0.015592838
121.7	0.015083755
121.72	0.014622917
121.74	0.014216428
121.76	0.013869317
121.78	0.013569672
121.8	0.013309861
121.82	0.01308748
121.84	0.012913263
121.86	0.012770188
121.88	0.012650759
121.9	0.012536796
121.92	0.012407445
121.94	0.01226973
121.96	0.012126038
121.98	0.011980018
122	0.011824914
122.02	0.011639198
122.04	0.011408484
122.06	0.011126893
122.08	0.010795324
122.1	0.010438814
122.12	0.010060895
122.14	0.009667167
122.16	0.009258702
122.18	0.008839247
122.2	0.008389656
122.22	0.007895309
122.24	0.007368041
122.26	0.006822831
122.28	0.006287419
122.3	0.005785969
122.32	0.005330669
122.34	0.00491754
122.36	0.004561105
122.38	0.004274617
122.4	0.004056453
122.42	0.003911468
122.44	0.003844448
122.46	0.003851178
122.48	0.003917368
122.5	0.004052755
122.52	0.004255156
122.54	0.004527571
122.56	0.004866706
122.58	0.005255273
122.6	0.005603304
122.62	0.005885808
122.64	0.006118288
122.66	0.006298665
122.68	0.006451859
122.7	0.006591173
122.72	0.006736284
122.74	0.006883652
122.76	0.00703065
122.78	0.007169234
122.8	0.007293015
122.82	0.00739074
122.84	0.007447194
122.86	0.007464992
122.88	0.007471189
122.9	0.007486488
122.92	0.007519069
122.94	0.00755324
122.96	0.007540174
122.98	0.007432152
123	0.007226495
123.02	0.006926407
123.04	0.006544869
123.06	0.006119832
123.08	0.005683594
123.1	0.005262636
123.12	0.004876215
123.14	0.004521528
123.16	0.004186485
123.18	0.003875867
123.2	0.003611105
123.22	0.003414954
123.24	0.003313183
123.26	0.003325448
123.28	0.003449773
123.3	0.003660582
123.32	0.003923501
123.34	0.00421049
123.36	0.004496194
123.38	0.004761066
123.4	0.005006398
123.42	0.005235618
123.44	0.005456491
123.46	0.005690021
123.48	0.005919381
123.5	0.00610598
123.52	0.006229353
123.54	0.006295519
123.56	0.006323784
123.58	0.006332363
123.6	0.006337946
123.62	0.006343253
123.64	0.00635284
123.66	0.006371819
123.68	0.006408685
123.7	0.006470198
123.72	0.006568284
123.74	0.006700352
123.76	0.006869199
123.78	0.007098515
123.8	0.007400488
123.82	0.00776986
123.84	0.008203891
123.86	0.008686102
123.88	0.009214109
123.9	0.009786216
123.92	0.01038358
123.94	0.010990435
123.96	0.011598493
123.98	0.012214382
124	0.012826647
124.02	0.013421611
124.04	0.013988283
124.06	0.014518742
124.08	0.014997192
124.1	0.015419763
124.12	0.015797194
124.14	0.016147764
124.16	0.016472745
124.18	0.01675819
124.2	0.016993447
124.22	0.017164792
124.24	0.017270589
124.26	0.017319957
124.28	0.017330753
124.3	0.017311917
124.32	0.017255315
124.34	0.017161649
124.36	0.017018863
124.38	0.01680863
124.4	0.016509641
124.42	0.016117034
124.44	0.015643147
124.46	0.01511798
124.48	0.014563659
124.5	0.013978832
124.52	0.013355534
124.54	0.012694107
124.56	0.011986617
124.58	0.011219562
124.6	0.010396133
124.62	0.009531561
124.64	0.008652959
124.66	0.007812639
124.68	0.007051133
124.7	0.006385669
124.72	0.005826182
124.74	0.005355023
124.76	0.004939841
124.78	0.004552475
124.8	0.004176356
124.82	0.003799355
124.84	0.003432944
124.86	0.003105202
124.88	0.002839435
124.9	0.002649859
124.92	0.002536697
124.94	0.002456096
124.96	0.002331933
124.98	0.002173245
125	0.001985252
125.02	0.001781895
125.04	0.001582449
125.06	0.001405958
125.08	0.001253836
125.1	0.001138961
125.12	0.001091825
125.14	0.001121793
125.16	0.001213307
125.18	0.001349209
125.2	0.001518391
125.22	0.00172863
125.24	0.002014152
125.26	0.002379393
125.28	0.00283858
125.3	0.003402661
125.32	0.004058858
125.34	0.004773072
125.36	0.005537361
125.38	0.0063342
125.4	0.007140118
125.42	0.007939563
125.44	0.008722094
125.46	0.009456174
125.48	0.010124183
125.5	0.010734504
125.52	0.011298983
125.54	0.011822745
125.56	0.012300589
125.58	0.012719208
125.6	0.013051134
125.62	0.013297416
125.64	0.013468128
125.66	0.013562257
125.68	0.013577928
125.7	0.013534358
125.72	0.013459546
125.74	0.013402592
125.76	0.013388304
125.78	0.013406952
125.8	0.01342882
125.82	0.013405126
125.84	0.01330219
125.86	0.01313872
125.88	0.012933306
125.9	0.012667748
125.92	0.012347808
125.94	0.011981068
125.96	0.011567236
125.98	0.011103438
126	0.010580983
126.02	0.009977239
126.04	0.009278855
126.06	0.008511535
126.08	0.007730058
126.1	0.006967682
126.12	0.006237647
126.14	0.005574767
126.16	0.004987994
126.18	0.004475098
126.2	0.004031987
126.22	0.00365203
126.24	0.003319847
126.26	0.003034864
126.28	0.002816945
126.3	0.002686289
126.32	0.002651503
126.34	0.002716549
126.36	0.00284852
126.38	0.003020567
126.4	0.003198151
126.42	0.003361046
126.44	0.003476601
126.46	0.003535869
126.48	0.003545699
126.5	0.003527668
126.52	0.003497888
126.54	0.003425229
126.56	0.003338972
126.58	0.003269055
126.6	0.003234092
126.62	0.003251119
126.64	0.00332814
126.66	0.003460889
126.68	0.003643979
126.7	0.003894328
126.72	0.004198009
126.74	0.004551481
126.76	0.004947539
126.78	0.005374597
126.8	0.005823809
126.82	0.006292123
126.84	0.006760397
126.86	0.007222897
126.88	0.00766173
126.9	0.00806581
126.92	0.008429151
126.94	0.008753775
126.96	0.009023631
126.98	0.00922026
127	0.009332974
127.02	0.009360009
127.04	0.009314512
127.06	0.00920137
127.08	0.009013008
127.1	0.008757868
127.12	0.008452181
127.14	0.008108466
127.16	0.007760353
127.18	0.007466457
127.2	0.007287723
127.22	0.007206657
127.24	0.00720988
127.26	0.007272926
127.28	0.007366734
127.3	0.007467057
127.32	0.007572885
127.34	0.007718707
127.36	0.007912745
127.38	0.008143349
127.4	0.008401711
127.42	0.008663212
127.44	0.008925503
127.46	0.009191987
127.48	0.009461423
127.5	0.009723652
127.52	0.009962694
127.54	0.010176225
127.56	0.0103726
127.58	0.010584423
127.6	0.010790038
127.62	0.010994704
127.64	0.011198639
127.66	0.01141095
127.68	0.011642313
127.7	0.011899428
127.72	0.012174003
127.74	0.012473439
127.76	0.012816301
127.78	0.013203368
127.8	0.013642772
127.82	0.014110768
127.84	0.01456752
127.86	0.014975976
127.88	0.015297767
127.9	0.01552283
127.92	0.015655706
127.94	0.015685275
127.96	0.015601746
127.98	0.015417399
128	0.015141349
128.02	0.014779031
128.04	0.014338023
128.06	0.013815422
128.08	0.013202327
128.1	0.012500588
128.12	0.011813556
128.14	0.011153228
128.16	0.010531245
128.18	0.009948387
128.2	0.009401893
128.22	0.00888639
128.24	0.008397777
128.26	0.007936778
128.28	0.007506642
128.3	0.007115971
128.32	0.006767074
128.34	0.006463782
128.36	0.006203945
128.38	0.00597333
128.4	0.005752852
128.42	0.005534471
128.44	0.005315264
128.46	0.005113052
128.48	0.004932651
128.5	0.004781292
128.52	0.004661408
128.54	0.004576956
128.56	0.004506556
128.58	0.004442072
128.6	0.004383149
128.62	0.004338608
128.64	0.004304401
128.66	0.004282361
128.68	0.004263536
128.7	0.004235704
128.72	0.004178578
128.74	0.004084386
128.76	0.003959041
128.78	0.003814194
128.8	0.003658889
128.82	0.003487256
128.84	0.00329528
128.86	0.003073958
128.88	0.002829507
128.9	0.002578118
128.92	0.002335124
128.94	0.002104191
128.96	0.001899976
128.98	0.001743179
129	0.001652497
129.02	0.00163958
129.04	0.001710929
129.06	0.001865729
129.08	0.002129672
129.1	0.002508987
129.12	0.003018135
129.14	0.003654586
129.16	0.004389092
129.18	0.005172476
129.2	0.005981381
129.22	0.006805819
129.24	0.007627905
129.26	0.008432576
129.28	0.009199781
129.3	0.009914027
129.32	0.010570281
129.34	0.011158969
129.36	0.011680113
129.38	0.012125472
129.4	0.012474674
129.42	0.012721706
129.44	0.012878022
129.46	0.01296468
129.48	0.013000032
129.5	0.012983124
129.52	0.01291329
129.54	0.012805557
129.56	0.012668228
129.58	0.012525609
129.6	0.012395909
129.62	0.012274997
129.64	0.012151552
129.66	0.012041358
129.68	0.011958179
129.7	0.011920852
129.72	0.011948279
129.74	0.012041436
129.76	0.012190549
129.78	0.012377464
129.8	0.012559974
129.82	0.012690538
129.84	0.012740353
129.86	0.012712955
129.88	0.01265235
129.9	0.012572382
129.92	0.012485366
129.94	0.01239401
129.96	0.012280696
129.98	0.012132506
130	0.011950705
130.02	0.011747879
130.04	0.011585158
130.06	0.011514847
130.08	0.011506955
130.1	0.011579426
130.12	0.011713244
130.14	0.011879465
130.16	0.012050594
130.18	0.012210953
130.2	0.012340759
130.22	0.01244035
130.24	0.012511028
130.26	0.012557156
130.28	0.012578834
130.3	0.012566303
130.32	0.01249982
130.34	0.012366545
130.36	0.012164241
130.38	0.011913036
130.4	0.011646792
130.42	0.011402578
130.44	0.011192013
130.46	0.011032606
130.48	0.010931894
130.5	0.010888276
130.52	0.010882549
130.54	0.010922375
130.56	0.01101282
130.58	0.011140744
130.6	0.011303409
130.62	0.011498268
130.64	0.011723496
130.66	0.01197639
130.68	0.01225797
130.7	0.012566382
130.72	0.012877926
130.74	0.013180615
130.76	0.013464077
130.78	0.013721559
130.8	0.013960176
130.82	0.014199565
130.84	0.014418582
130.86	0.014596671
130.88	0.014705796
130.9	0.01472906
130.92	0.014664447
130.94	0.014510359
130.96	0.014277369
130.98	0.013970539
131	0.013606352
131.02	0.013218631
131.04	0.012833246
131.06	0.012470474
131.08	0.012146635
131.1	0.01188803
131.12	0.011712245
131.14	0.011621042
131.16	0.011618276
131.18	0.011699864
131.2	0.011851447
131.22	0.012047048
131.24	0.012263303
131.26	0.012477735
131.28	0.012681288
131.3	0.012832615
131.32	0.012914896
131.34	0.012937601
131.36	0.01289598
131.38	0.012794215
131.4	0.012652603
131.42	0.012479767
131.44	0.012279255
131.46	0.012074544
131.48	0.011893837
131.5	0.011739637
131.52	0.011617438
131.54	0.011513211
131.56	0.011398749
131.58	0.011257023
131.6	0.011087581
131.62	0.010910013
131.64	0.010737294
131.66	0.010558486
131.68	0.010372706
131.7	0.010217632
131.72	0.010110027
131.74	0.010047499
131.76	0.010014359
131.78	0.009993739
131.8	0.009977236
131.82	0.00997438
131.84	0.010030002
131.86	0.010141562
131.88	0.010269416
131.9	0.01036549
131.92	0.010415874
131.94	0.010408491
131.96	0.010334309
131.98	0.010204136
132	0.010036505
132.02	0.00985616
132.04	0.009701088
132.06	0.009601585
132.08	0.009585089
132.1	0.009641511
132.12	0.009744193
132.14	0.009881823
132.16	0.010042786
132.18	0.010228034
132.2	0.010421585
132.22	0.01059578
132.24	0.010719328
132.26	0.01075765
132.28	0.010697931
132.3	0.01050512
132.32	0.010158243
132.34	0.009636145
132.36	0.008957126
132.38	0.008160649
132.4	0.007288915
132.42	0.006380778
132.44	0.005458241
132.46	0.004523111
132.48	0.003599013
132.5	0.002711083
132.52	0.001873891
132.54	0.00110564
132.56	0.000437445
132.58	-0.000128945
132.6	-0.000601791
132.62	-0.000985626
132.64	-0.001290129
132.66	-0.001531982
132.68	-0.00171658
132.7	-0.001833718
132.72	-0.001876607
132.74	-0.001841027
132.76	-0.001737061
132.78	-0.00158194
132.8	-0.001389515
132.82	-0.001236735
132.84	-0.00111357
132.86	-0.001010639
132.88	-0.000914093
132.9	-0.000796502
132.92	-0.000651747
132.94	-0.000491653
132.96	-0.000341967
132.98	-0.000199522
133	-6.97428E-05
133.02	5.91107E-05
133.04	0.000206469
133.06	0.00038662
133.08	0.00059118
133.1	0.000832289
133.12	0.001119491
133.14	0.001467898
133.16	0.001883309
133.18	0.00233637
133.2	0.00281895
133.22	0.00328216
133.24	0.00373504
133.26	0.004194677
133.28	0.004682357
133.3	0.005216486
133.32	0.005788239
133.34	0.00639852
133.36	0.007060552
133.38	0.007764954
133.4	0.008487951
133.42	0.009211327
133.44	0.009926508
133.46	0.010642968
133.48	0.011357142
133.5	0.012084075
133.52	0.012835947
133.54	0.013617491
133.56	0.014428082
133.58	0.015259591
133.6	0.016088443
133.62	0.01688263
133.64	0.017626712
133.66	0.018305744
133.68	0.01890948
133.7	0.019428248
133.72	0.019853236
133.74	0.020167502
133.76	0.020365562
133.78	0.020454929
133.8	0.020449596
133.82	0.020355944
133.84	0.020158927
133.86	0.019859087
133.88	0.019461607
133.9	0.0189803
133.92	0.018424736
133.94	0.017794042
133.96	0.017148166
133.98	0.016516497
134	0.015915524
134.02	0.015359649
134.04	0.014840372
134.06	0.014333764
134.08	0.013812253
134.1	0.013274838
134.12	0.01272525
134.14	0.012168046
134.16	0.011605753
134.18	0.01105458
134.2	0.010519978
134.22	0.01000324
134.24	0.009499345
134.26	0.008992043
134.28	0.008466282
134.3	0.007926341
134.32	0.007396008
134.34	0.006901461
134.36	0.006480729
134.38	0.006115686
134.4	0.005793683
134.42	0.005518119
134.44	0.005308791
134.46	0.005173351
134.48	0.005102626
134.5	0.005092876
134.52	0.005132946
134.54	0.005207056
134.56	0.005307531
134.58	0.005420221
134.6	0.005530402
134.62	0.005637472
134.64	0.005749745
134.66	0.005873481
134.68	0.005982311
134.7	0.006042209
134.72	0.006076718
134.74	0.006087171
134.76	0.006088715
134.78	0.006103616
134.8	0.006161152
134.82	0.006274248
134.84	0.006434502
134.86	0.006625705
134.88	0.006822311
134.9	0.00700454
134.92	0.007191449
134.94	0.007379276
134.96	0.007569562
134.98	0.007762455
135	0.007962352
135.02	0.0081575
135.04	0.008338074
135.06	0.008502875
135.08	0.008653585
135.1	0.008810798
135.12	0.008973964
135.14	0.009142774
135.16	0.009325383
135.18	0.009512915
135.2	0.009706838
135.22	0.009910576
135.24	0.010136176
135.26	0.010377976
135.28	0.010620489
135.3	0.010851422
135.32	0.011065008
135.34	0.011263071
135.36	0.011441232
135.38	0.011597848
135.4	0.011722925
135.42	0.011820798
135.44	0.011885474
135.46	0.011913325
135.48	0.01191552
135.5	0.011906835
135.52	0.011882369
135.54	0.011847699
135.56	0.011796635
135.58	0.011733715
135.6	0.01165534
135.62	0.011559514
135.64	0.011434555
135.66	0.011284815
135.68	0.011111038
135.7	0.010911385
135.72	0.010683621
135.74	0.010431515
135.76	0.010163339
135.78	0.009886141
135.8	0.00960043
135.82	0.009308675
135.84	0.009015358
135.86	0.008725974
135.88	0.008443858
135.9	0.008178268
135.92	0.007932143
135.94	0.007711393
135.96	0.007509837
135.98	0.007319487
136	0.00713611
136.02	0.006959579
136.04	0.006790506
136.06	0.0066282
136.08	0.006473092
136.1	0.006328631
136.12	0.006202749
136.14	0.006107623
136.16	0.006039049
136.18	0.005999671
136.2	0.005986714
136.22	0.005995155
136.24	0.006022261
136.26	0.006072429
136.28	0.006143137
136.3	0.006233274
136.32	0.006338639
136.34	0.006450781
136.36	0.006567077
136.38	0.00669014
136.4	0.006817004
136.42	0.006944452
136.44	0.007074929
136.46	0.007208784
136.48	0.007344445
136.5	0.007485394
136.52	0.007638145
136.54	0.007802202
136.56	0.007981156
136.58	0.00816977
136.6	0.008362252
136.62	0.008552807
136.64	0.008738589
136.66	0.008921098
136.68	0.009101009
136.7	0.009279558
136.72	0.009456031
136.74	0.009624767
136.76	0.009780776
136.78	0.009925965
136.8	0.010060974
136.82	0.010187281
136.84	0.010307811
136.86	0.010421965
136.88	0.01053123
136.9	0.010635611
136.92	0.010735614
136.94	0.010829302
136.96	0.010915368
136.98	0.01098812
137	0.011042217
137.02	0.011075349
137.04	0.011087985
137.06	0.011080695
137.08	0.0110572
137.1	0.011014856
137.12	0.010957203
137.14	0.010885988
137.16	0.010800768
137.18	0.010703077
137.2	0.010595193
137.22	0.010477379
137.24	0.010348741
137.26	0.010210137
137.28	0.010061445
137.3	0.009903823
137.32	0.009739044
137.34	0.009566415
137.36	0.00938547
137.38	0.009194428
137.4	0.008998142
137.42	0.008801451
137.44	0.00860655
137.46	0.008417538
137.48	0.008236706
137.5	0.008064575
137.52	0.007900504
137.54	0.007745668
137.56	0.007600391
137.58	0.007466752
137.6	0.007348428
137.62	0.007243995
137.64	0.007152037
137.66	0.007073192
137.68	0.00700732
137.7	0.006953626
137.72	0.006912296
137.74	0.006882173
137.76	0.006861917
137.78	0.006852
137.8	0.006853534
137.82	0.006869646
137.84	0.006903085
137.86	0.006953428
137.88	0.007018886
137.9	0.007096195
137.92	0.007182925
137.94	0.00727877
137.96	0.007382193
137.98	0.007490438
138	0.00760289
138.02	0.007718791
138.04	0.007836411
138.06	0.007955835
138.08	0.008077564
138.1	0.00820199
138.12	0.008329297
138.14	0.008460843
138.16	0.008595507
138.18	0.008733781
138.2	0.008875382
138.22	0.009019181
138.24	0.009163958
138.26	0.009306847
138.28	0.009445641
138.3	0.009578097
138.32	0.009702709
138.34	0.009819163
138.36	0.00992808
138.38	0.010029531
138.4	0.010123256
138.42	0.010208993
138.44	0.010285606
138.46	0.010352931
138.48	0.0104112
138.5	0.010459364
138.52	0.010497035
138.54	0.010524854
138.56	0.01054314
138.58	0.010552413
138.6	0.010553151
138.62	0.010543724
138.64	0.010521609
138.66	0.010485504
138.68	0.010434103
138.7	0.010368382
138.72	0.010289713
138.74	0.010198798
138.76	0.010098075
138.78	0.00998913
138.8	0.009873685
138.82	0.00975339
138.84	0.00962951
138.86	0.009502718
138.88	0.009373475
138.9	0.009241655
138.92	0.009107881
138.94	0.00897292
138.96	0.008837052
138.98	0.008700772
139	0.008565247
139.02	0.008431645
139.04	0.008301227
139.06	0.008175887
139.08	0.008057131
139.1	0.007946972
139.12	0.007846562
139.14	0.007756366
139.16	0.007677213
139.18	0.007608284
139.2	0.007548891
139.22	0.007498773
139.24	0.007457971
139.26	0.007425809
139.28	0.007402073
139.3	0.007387186
139.32	0.007381518
139.34	0.007385809
139.36	0.007400215
139.38	0.00742369
139.4	0.007455495
139.42	0.007494814
139.44	0.007541348
139.46	0.007595773
139.48	0.007658718
139.5	0.007730076
139.52	0.0078093
139.54	0.00789506
139.56	0.007985974
139.58	0.008081173
139.6	0.008179833
139.62	0.008281418
139.64	0.00838472
139.66	0.008488583
139.68	0.008593434
139.7	0.008699419
139.72	0.008806817
139.74	0.008915602
139.76	0.009025458
139.78	0.009135586
139.8	0.009244927
139.82	0.009352445
139.84	0.009456953
139.86	0.009557777
139.88	0.009653978
139.9	0.009744084
139.92	0.009826814
139.94	0.009901217
139.96	0.009966625
139.98	0.010022848
140	0.010069994
140.02	0.010108677
140.04	0.010139738
140.06	0.010163225
140.08	0.010179002
140.1	0.010186792
140.12	0.010186562
140.14	0.01017791
140.16	0.010160002
140.18	0.010132063
140.2	0.010093856
140.22	0.010045727
140.24	0.009988558
140.26	0.009923171
140.28	0.009850597
140.3	0.009771357
140.32	0.009685943
140.34	0.009595071
140.36	0.009499655
140.38	0.00940073
140.4	0.009299402
140.42	0.009196798
140.44	0.009093785
140.46	0.008991394
140.48	0.008890527
140.5	0.008791682
140.52	0.008694885
140.54	0.008600093
140.56	0.008507701
140.58	0.008417878
140.6	0.008330932
140.62	0.008247228
140.64	0.008167441
140.66	0.008092492
140.68	0.008023234
140.7	0.007960443
140.72	0.007904801
140.74	0.007856776
140.76	0.007816624
140.78	0.007784322
140.8	0.007759854
140.82	0.007743018
140.84	0.007733404
140.86	0.007730439
140.88	0.007733635
140.9	0.00774286
140.92	0.007758127
140.94	0.007779665
140.96	0.007807901
140.98	0.007843322
141	0.007886409
141.02	0.007936971
141.04	0.007994837
141.06	0.008058882
141.08	0.008128405
141.1	0.008202573
141.12	0.008280701
141.14	0.008362083
141.16	0.008445954
141.18	0.008531631
141.2	0.008618879
141.22	0.00870747
141.24	0.008797034
141.26	0.008887048
141.28	0.008976745
141.3	0.00906521
141.32	0.009151692
141.34	0.009235758
141.36	0.009317186
141.38	0.00939574
141.4	0.009470809
141.42	0.009541831
141.44	0.009608276
141.46	0.009669288
141.48	0.009724112
141.5	0.009772042
141.52	0.00981259
141.54	0.009845194
141.56	0.009869777
141.58	0.009886233
141.6	0.009894735
141.62	0.009895638
141.64	0.009889435
141.66	0.009876654
141.68	0.009857798
141.7	0.009833036
141.72	0.009802445
141.74	0.009766223
141.76	0.009724403
141.78	0.009677128
141.8	0.009624545
141.82	0.009566867
141.84	0.009504382
141.86	0.009437613
141.88	0.009367273
141.9	0.009294153
141.92	0.009219411
141.94	0.0091437
141.96	0.009067702
141.98	0.008991707
142	0.008915877
142.02	0.008840482
142.04	0.00876545
142.06	0.00869097
142.08	0.008617508
142.1	0.008545553
142.12	0.008475644
142.14	0.008408352
142.16	0.008344277
142.18	0.008284025
142.2	0.008228134
142.22	0.008176889
142.24	0.008130495
142.26	0.008089207
142.28	0.008053185
142.3	0.008022745
142.32	0.007998235
142.34	0.007979976
142.36	0.007968161
142.38	0.007962774
142.4	0.007963622
142.42	0.007970293
142.44	0.007982689
142.46	0.008000589
142.48	0.00802391
142.5	0.008052524
142.52	0.008086237
142.54	0.008125046
142.56	0.008168806
142.58	0.008217498
142.6	0.008271059
142.62	0.008329322
142.64	0.00839178
142.66	0.008457724
142.68	0.008526358
142.7	0.008596897
142.72	0.008668649
142.74	0.008740876
142.76	0.008812834
142.78	0.008883939
142.8	0.008953741
142.82	0.009021867
142.84	0.009088172
142.86	0.009152498
142.88	0.009214757
142.9	0.009274638
142.92	0.009331566
142.94	0.009384944
142.96	0.009434196
142.98	0.009478826
143	0.009518453
143.02	0.009552839
143.04	0.009581891
143.06	0.009605582
143.08	0.009623918
143.1	0.009636982
143.12	0.009644884
143.14	0.009647722
143.16	0.00964552
143.18	0.009638303
143.2	0.009626113
143.22	0.009609073
143.24	0.009587403
143.26	0.009561396
143.28	0.009531279
143.3	0.009497197
143.32	0.009459332
143.34	0.009417799
143.36	0.009372727
143.38	0.009324183
143.4	0.00927246
143.42	0.009217897
143.44	0.009160853
143.46	0.009101793
143.48	0.009041234
143.5	0.008979768
143.52	0.008917935
143.54	0.008856274
143.56	0.008795327
143.58	0.008735542
143.6	0.008677212
143.62	0.008620514
143.64	0.008565618
143.66	0.008512712
143.68	0.008461988
143.7	0.00841371
143.72	0.008368203
143.74	0.008325871
143.76	0.008287196
143.78	0.008252637
143.8	0.008222667
143.82	0.008197671
143.84	0.008177882
143.86	0.008163417
143.88	0.008154225
143.9	0.008150106
143.92	0.008150881
143.94	0.008156411
143.96	0.008166613
143.98	0.008181442
144	0.008200831
144.02	0.008224676
144.04	0.008252817
144.06	0.008285025
144.08	0.008320993
144.1	0.008360466
144.12	0.008403126
144.14	0.008448591
144.16	0.008496461
144.18	0.008546356
144.2	0.008597938
144.22	0.008650849
144.24	0.008704673
144.26	0.008759002
144.28	0.00881344
144.3	0.008867507
144.32	0.00892079
144.34	0.008972943
144.36	0.009023655
144.38	0.009072674
144.4	0.009119772
144.42	0.009164771
144.44	0.009207525
144.46	0.009247894
144.48	0.009285719
144.5	0.00932083
144.52	0.009353016
144.54	0.009381988
144.56	0.009407436
144.58	0.00942907
144.6	0.009446581
144.62	0.009459762
144.64	0.009468501
144.66	0.009472776
144.68	0.009472667
144.7	0.009468328
144.72	0.009459996
144.74	0.009447927
144.76	0.009432292
144.78	0.009413198
144.8	0.009390734
144.82	0.009364912
144.84	0.009335712
144.86	0.009303207
144.88	0.009267557
144.9	0.009228997
144.92	0.009187831
144.94	0.009144405
144.96	0.009099104
144.98	0.00905233
145	0.009004437
145.02	0.008955807
145.04	0.008906814
145.06	0.008857781
145.08	0.008809047
145.1	0.008760958
145.12	0.008713852
145.14	0.008668069
145.16	0.008623936
145.18	0.008581754
145.2	0.008541815
145.22	0.008504353
145.24	0.008469572
145.26	0.008437676
145.28	0.008408854
145.3	0.008383284
145.32	0.008361147
145.34	0.00834264
145.36	0.008327904
145.38	0.008317041
145.4	0.008310132
145.42	0.008307213
145.44	0.008308276
145.46	0.008313236
145.48	0.008321927
145.5	0.008334143