0	0
0.02	1.32499E-11
0.04	9.71051E-11
0.06	3.21891E-10
0.08	7.57549E-10
0.1	1.47363E-09
0.12	2.53927E-09
0.14	4.02314E-09
0.16	5.99326E-09
0.18	8.51651E-09
0.2	1.16565E-08
0.22	1.54655E-08
0.24	1.99686E-08
0.26	2.51518E-08
0.28	3.09825E-08
0.3	3.74414E-08
0.32	4.45121E-08
0.34	5.2168E-08
0.36	6.03885E-08
0.38	6.91508E-08
0.4	7.84294E-08
0.42	8.82002E-08
0.44	9.84379E-08
0.46	1.09118E-07
0.48	1.20214E-07
0.5	1.31696E-07
0.52	1.43538E-07
0.54	1.55714E-07
0.56	1.68195E-07
0.58	1.8095E-07
0.6	1.93944E-07
0.62	2.07146E-07
0.64	2.20526E-07
0.66	2.34049E-07
0.68	2.47675E-07
0.7	2.61341E-07
0.72	2.7497E-07
0.74	2.88466E-07
0.76	3.01734E-07
0.78	3.14696E-07
0.8	3.27285E-07
0.82	3.3944E-07
0.84	3.51098E-07
0.86	3.6221E-07
0.88	3.72737E-07
0.9	3.82642E-07
0.92	3.91891E-07
0.94	4.00458E-07
0.96	4.08318E-07
0.98	4.1545E-07
1	4.21847E-07
1.02	4.27498E-07
1.04	4.324E-07
1.06	4.36552E-07
1.08	4.3996E-07
1.1	4.42644E-07
1.12	4.4464E-07
1.14	4.46E-07
1.16	4.46791E-07
1.18	4.47083E-07
1.2	4.46935E-07
1.22	4.46395E-07
1.24	4.45508E-07
1.26	4.44319E-07
1.28	4.42873E-07
1.3	4.41208E-07
1.32	4.39354E-07
1.34	4.37343E-07
1.36	4.35211E-07
1.38	4.32985E-07
1.4	4.30689E-07
1.42	4.28348E-07
1.44	4.25984E-07
1.46	4.23619E-07
1.48	4.21275E-07
1.5	4.18975E-07
1.52	4.16734E-07
1.54	4.14569E-07
1.56	4.125E-07
1.58	4.10556E-07
1.6	4.08774E-07
1.62	4.07194E-07
1.64	4.05851E-07
1.66	4.04773E-07
1.68	4.03967E-07
1.7	4.03429E-07
1.72	4.0315E-07
1.74	4.0311E-07
1.76	4.03287E-07
1.78	4.0365E-07
1.8	4.0416E-07
1.82	4.0478E-07
1.84	4.05472E-07
1.86	4.06194E-07
1.88	4.06895E-07
1.9	4.07528E-07
1.92	4.08039E-07
1.94	4.08378E-07
1.96	4.0849E-07
1.98	4.08317E-07
2	4.07791E-07
2.02	4.06835E-07
2.04	4.05375E-07
2.06	4.03338E-07
2.08	4.00659E-07
2.1	3.97288E-07
2.12	3.93184E-07
2.14	3.88315E-07
2.16	3.82651E-07
2.18	3.76166E-07
2.2	3.68842E-07
2.22	3.60665E-07
2.24	3.51624E-07
2.26	3.41707E-07
2.28	3.30906E-07
2.3	3.19218E-07
2.32	3.06642E-07
2.34	2.93178E-07
2.36	2.78821E-07
2.38	2.63572E-07
2.4	2.47434E-07
2.42	2.30409E-07
2.44	2.12501E-07
2.46	1.93708E-07
2.48	1.74024E-07
2.5	1.53441E-07
2.52	1.31958E-07
2.54	1.09583E-07
2.56	8.63325E-08
2.58	6.22334E-08
2.6	3.73202E-08
2.62	1.16305E-08
2.64	-1.47972E-08
2.66	-4.19237E-08
2.68	-6.9709E-08
2.7	-9.81151E-08
2.72	-1.27106E-07
2.74	-1.5665E-07
2.76	-1.86715E-07
2.78	-2.1727E-07
2.8	-2.48287E-07
2.82	-2.79741E-07
2.84	-3.11611E-07
2.86	-3.43875E-07
2.88	-3.76513E-07
2.9	-4.09503E-07
2.92	-4.42825E-07
2.94	-4.76467E-07
2.96	-5.10429E-07
2.98	-5.44719E-07
3	-5.79359E-07
3.02	-6.14375E-07
3.04	-6.49799E-07
3.06	-6.85669E-07
3.08	-7.2202E-07
3.1	-7.58891E-07
3.12	-7.96325E-07
3.14	-8.34361E-07
3.16	-8.73042E-07
3.18	-9.12406E-07
3.2	-9.52496E-07
3.22	-9.93352E-07
3.24	-1.03501E-06
3.26	-1.07752E-06
3.28	-1.1209E-06
3.3	-1.16519E-06
3.32	-1.21044E-06
3.34	-1.25667E-06
3.36	-1.3039E-06
3.38	-1.35218E-06
3.4	-1.40151E-06
3.42	-1.45195E-06
3.44	-1.50353E-06
3.46	-1.55629E-06
3.48	-1.61028E-06
3.5	-1.66555E-06
3.52	-1.72213E-06
3.54	-1.78009E-06
3.56	-1.83943E-06
3.58	-1.90021E-06
3.6	-1.96245E-06
3.62	-2.02616E-06
3.64	-2.09137E-06
3.66	-2.15809E-06
3.68	-2.22633E-06
3.7	-2.29609E-06
3.72	-2.3674E-06
3.74	-2.44023E-06
3.76	-2.5146E-06
3.78	-2.5905E-06
3.8	-2.66793E-06
3.82	-2.74688E-06
3.84	-2.82733E-06
3.86	-2.90926E-06
3.88	-2.99264E-06
3.9	-3.07743E-06
3.92	-3.16362E-06
3.94	-3.25115E-06
3.96	-3.34001E-06
3.98	-3.43016E-06
4	-3.52158E-06
4.02	-3.61425E-06
4.04	-3.70814E-06
4.06	-3.80325E-06
4.08	-3.89956E-06
4.1	-3.99705E-06
4.12	-4.09573E-06
4.14	-4.19559E-06
4.16	-4.29662E-06
4.18	-4.39883E-06
4.2	-4.50222E-06
4.22	-4.6068E-06
4.24	-4.71257E-06
4.26	-4.81955E-06
4.28	-4.92774E-06
4.3	-5.03716E-06
4.32	-5.14781E-06
4.34	-5.25968E-06
4.36	-5.3728E-06
4.38	-5.48715E-06
4.4	-5.60274E-06
4.42	-5.7196E-06
4.44	-5.83773E-06
4.46	-5.95716E-06
4.48	-6.07792E-06
4.5	-6.20003E-06
4.52	-6.32352E-06
4.54	-6.44844E-06
4.56	-6.57482E-06
4.58	-6.70268E-06
4.6	-6.83209E-06
4.62	-6.96306E-06
4.64	-7.09563E-06
4.66	-7.22986E-06
4.68	-7.36576E-06
4.7	-7.50339E-06
4.72	-7.64277E-06
4.74	-7.78396E-06
4.76	-7.92699E-06
4.78	-8.07191E-06
4.8	-8.21875E-06
4.82	-8.36755E-06
4.84	-8.51834E-06
4.86	-8.67114E-06
4.88	-8.82598E-06
4.9	-8.98286E-06
4.92	-9.1418E-06
4.94	-9.30281E-06
4.96	-9.46588E-06
4.98	-9.63102E-06
5	-9.79822E-06
5.02	-9.96747E-06
5.04	-1.01388E-05
5.06	-1.03121E-05
5.08	-1.04875E-05
5.1	-1.06649E-05
5.12	-1.08443E-05
5.14	-1.10257E-05
5.16	-1.12091E-05
5.18	-1.13944E-05
5.2	-1.15817E-05
5.22	-1.1771E-05
5.24	-1.19622E-05
5.26	-1.21553E-05
5.28	-1.23504E-05
5.3	-1.25473E-05
5.32	-1.27462E-05
5.34	-1.2947E-05
5.36	-1.31496E-05
5.38	-1.3354E-05
5.4	-1.35602E-05
5.42	-1.37682E-05
5.44	-1.3978E-05
5.46	-1.41895E-05
5.48	-1.44028E-05
5.5	-1.46178E-05
5.52	-1.48344E-05
5.54	-1.50527E-05
5.56	-1.52727E-05
5.58	-1.54944E-05
5.6	-1.57177E-05
5.62	-1.59426E-05
5.64	-1.61692E-05
5.66	-1.63974E-05
5.68	-1.66272E-05
5.7	-1.68587E-05
5.72	-1.70918E-05
5.74	-1.73265E-05
5.76	-1.75629E-05
5.78	-1.78009E-05
5.8	-1.80406E-05
5.82	-1.82821E-05
5.84	-1.85253E-05
5.86	-1.87702E-05
5.88	-1.90169E-05
5.9	-1.92654E-05
5.92	-1.95157E-05
5.94	-1.97678E-05
5.96	-2.00218E-05
5.98	-2.02777E-05
6	-2.05354E-05
6.02	-2.0795E-05
6.04	-2.10565E-05
6.06	-2.13199E-05
6.08	-2.15852E-05
6.1	-2.18523E-05
6.12	-2.21214E-05
6.14	-2.23924E-05
6.16	-2.26653E-05
6.18	-2.294E-05
6.2	-2.32167E-05
6.22	-2.34952E-05
6.24	-2.37756E-05
6.26	-2.40579E-05
6.28	-2.43421E-05
6.3	-2.46281E-05
6.32	-2.4916E-05
6.34	-2.52057E-05
6.36	-2.54973E-05
6.38	-2.57906E-05
6.4	-2.60857E-05
6.42	-2.63826E-05
6.44	-2.66812E-05
6.46	-2.69815E-05
6.48	-2.72835E-05
6.5	-2.7587E-05
6.52	-2.78922E-05
6.54	-2.81989E-05
6.56	-2.85072E-05
6.58	-2.88169E-05
6.6	-2.9128E-05
6.62	-2.94405E-05
6.64	-2.97544E-05
6.66	-3.00695E-05
6.68	-3.03859E-05
6.7	-3.07035E-05
6.72	-3.10222E-05
6.74	-3.13419E-05
6.76	-3.16627E-05
6.78	-3.19845E-05
6.8	-3.23073E-05
6.82	-3.26309E-05
6.84	-3.29555E-05
6.86	-3.32808E-05
6.88	-3.3607E-05
6.9	-3.39339E-05
6.92	-3.42616E-05
6.94	-3.45899E-05
6.96	-3.49189E-05
6.98	-3.52485E-05
7	-3.55788E-05
7.02	-3.59096E-05
7.04	-3.6241E-05
7.06	-3.65729E-05
7.08	-3.69053E-05
7.1	-3.72381E-05
7.12	-3.75713E-05
7.14	-3.79049E-05
7.16	-3.82389E-05
7.18	-3.85731E-05
7.2	-3.89076E-05
7.22	-3.92424E-05
7.24	-3.95774E-05
7.26	-3.99125E-05
7.28	-4.02478E-05
7.3	-4.05832E-05
7.32	-4.09187E-05
7.34	-4.12542E-05
7.36	-4.15897E-05
7.38	-4.19252E-05
7.4	-4.22606E-05
7.42	-4.25959E-05
7.44	-4.29311E-05
7.46	-4.32661E-05
7.48	-4.36008E-05
7.5	-4.39353E-05
7.52	-4.42694E-05
7.54	-4.46031E-05
7.56	-4.49364E-05
7.58	-4.52693E-05
7.6	-4.56015E-05
7.62	-4.59332E-05
7.64	-4.62642E-05
7.66	-4.65944E-05
7.68	-4.69238E-05
7.7	-4.72523E-05
7.72	-4.75799E-05
7.74	-4.79063E-05
7.76	-4.82316E-05
7.78	-4.85557E-05
7.8	-4.88785E-05
7.82	-4.91998E-05
7.84	-4.95196E-05
7.86	-4.98378E-05
7.88	-5.01543E-05
7.9	-5.0469E-05
7.92	-5.07818E-05
7.94	-5.10926E-05
7.96	-5.14013E-05
7.98	-5.17078E-05
8	-5.20121E-05
8.02	-5.2314E-05
8.04	-5.26134E-05
8.06	-5.29103E-05
8.08	-5.32044E-05
8.1	-5.34958E-05
8.12	-5.37844E-05
8.14	-5.40699E-05
8.16	-5.43523E-05
8.18	-5.46316E-05
8.2	-5.49075E-05
8.22	-5.51801E-05
8.24	-5.54491E-05
8.26	-5.57145E-05
8.28	-5.59762E-05
8.3	-5.6234E-05
8.32	-5.64879E-05
8.34	-5.67378E-05
8.36	-5.69835E-05
8.38	-5.7225E-05
8.4	-5.7462E-05
8.42	-5.76947E-05
8.44	-5.79227E-05
8.46	-5.8146E-05
8.48	-5.83646E-05
8.5	-5.85783E-05
8.52	-5.87869E-05
8.54	-5.89905E-05
8.56	-5.91888E-05
8.58	-5.93818E-05
8.6	-5.95694E-05
8.62	-5.97515E-05
8.64	-5.99279E-05
8.66	-6.00985E-05
8.68	-6.02633E-05
8.7	-6.04221E-05
8.72	-6.05747E-05
8.74	-6.07212E-05
8.76	-6.08612E-05
8.78	-6.09948E-05
8.8	-6.11217E-05
8.82	-6.12419E-05
8.84	-6.13552E-05
8.86	-6.14614E-05
8.88	-6.15605E-05
8.9	-6.16522E-05
8.92	-6.17364E-05
8.94	-6.1813E-05
8.96	-6.18818E-05
8.98	-6.19427E-05
9	-6.19954E-05
9.02	-6.204E-05
9.04	-6.20761E-05
9.06	-6.21037E-05
9.08	-6.21225E-05
9.1	-6.21325E-05
9.12	-6.21334E-05
9.14	-6.2125E-05
9.16	-6.21072E-05
9.18	-6.20799E-05
9.2	-6.20428E-05
9.22	-6.19957E-05
9.24	-6.19386E-05
9.26	-6.18711E-05
9.28	-6.17931E-05
9.3	-6.17045E-05
9.32	-6.1605E-05
9.34	-6.14945E-05
9.36	-6.13727E-05
9.38	-6.12394E-05
9.4	-6.10946E-05
9.42	-6.09379E-05
9.44	-6.07692E-05
9.46	-6.05883E-05
9.48	-6.0395E-05
9.5	-6.0189E-05
9.52	-5.99703E-05
9.54	-5.97385E-05
9.56	-5.94936E-05
9.58	-5.92352E-05
9.6	-5.89633E-05
9.62	-5.86776E-05
9.64	-5.83779E-05
9.66	-5.8064E-05
9.68	-5.77358E-05
9.7	-5.7393E-05
9.72	-5.70354E-05
9.74	-5.66629E-05
9.76	-5.62752E-05
9.78	-5.58722E-05
9.8	-5.54536E-05
9.82	-5.50193E-05
9.84	-5.4569E-05
9.86	-5.41026E-05
9.88	-5.36198E-05
9.9	-5.31204E-05
9.92	-5.26042E-05
9.94	-5.20711E-05
9.96	-5.15207E-05
9.98	-5.0953E-05
10	-5.03676E-05
10.02	-4.97643E-05
10.04	-4.9143E-05
10.06	-4.85035E-05
10.08	-4.78454E-05
10.1	-4.71687E-05
10.12	-4.6473E-05
10.14	-4.57582E-05
10.16	-4.5024E-05
10.18	-4.42702E-05
10.2	-4.34966E-05
10.22	-4.27029E-05
10.24	-4.18889E-05
10.26	-4.10544E-05
10.28	-4.01992E-05
10.3	-3.93229E-05
10.32	-3.84255E-05
10.34	-3.75065E-05
10.36	-3.65659E-05
10.38	-3.56033E-05
10.4	-3.46185E-05
10.42	-3.36113E-05
10.44	-3.25814E-05
10.46	-3.15285E-05
10.48	-3.04524E-05
10.5	-2.93528E-05
10.52	-2.82296E-05
10.54	-2.70823E-05
10.56	-2.59109E-05
10.58	-2.47149E-05
10.6	-2.34942E-05
10.62	-2.22485E-05
10.64	-2.09776E-05
10.66	-1.96811E-05
10.68	-1.83588E-05
10.7	-1.70105E-05
10.72	-1.56359E-05
10.74	-1.42348E-05
10.76	-1.28068E-05
10.78	-1.13519E-05
10.8	-9.86956E-06
10.82	-8.35971E-06
10.84	-6.82203E-06
10.86	-5.25629E-06
10.88	-3.66223E-06
10.9	-2.03958E-06
10.92	-3.88112E-07
10.94	1.29244E-06
10.96	3.00232E-06
10.98	4.74179E-06
11	6.51108E-06
11.02	8.31045E-06
11.04	1.01401E-05
11.06	1.20004E-05
11.08	1.38915E-05
11.1	1.58136E-05
11.12	1.77671E-05
11.14	1.97521E-05
11.16	2.17689E-05
11.18	2.38177E-05
11.2	2.58987E-05
11.22	2.80123E-05
11.24	3.01587E-05
11.26	3.2338E-05
11.28	3.45505E-05
11.3	3.67964E-05
11.32	3.9076E-05
11.34	4.13896E-05
11.36	4.37372E-05
11.38	4.61193E-05
11.4	4.85359E-05
11.42	5.09873E-05
11.44	5.34738E-05
11.46	5.59956E-05
11.48	5.85528E-05
11.5	6.11458E-05
11.52	6.37748E-05
11.54	6.64399E-05
11.56	6.91414E-05
11.58	7.18796E-05
11.6	7.46546E-05
11.62	7.74666E-05
11.64	8.0316E-05
11.66	8.32029E-05
11.68	8.61275E-05
11.7	8.909E-05
11.72	9.20907E-05
11.74	9.51298E-05
11.76	9.82074E-05
11.78	0.000101324
11.8	0.000104479
11.82	0.000107674
11.84	0.000110908
11.86	0.000114181
11.88	0.000117495
11.9	0.000120848
11.92	0.000124241
11.94	0.000127675
11.96	0.00013115
11.98	0.000134665
12	0.00013822
12.02	0.000141817
12.04	0.000145455
12.06	0.000149135
12.08	0.000152856
12.1	0.000156619
12.12	0.000160423
12.14	0.00016427
12.16	0.000168158
12.18	0.000172089
12.2	0.000176063
12.22	0.000180078
12.24	0.000184137
12.26	0.000188238
12.28	0.000192382
12.3	0.000196569
12.32	0.0002008
12.34	0.000205073
12.36	0.00020939
12.38	0.000213749
12.4	0.000218153
12.42	0.0002226
12.44	0.00022709
12.46	0.000231624
12.48	0.000236202
12.5	0.000240823
12.52	0.000245488
12.54	0.000250197
12.56	0.00025495
12.58	0.000259746
12.6	0.000264586
12.62	0.00026947
12.64	0.000274398
12.66	0.00027937
12.68	0.000284386
12.7	0.000289445
12.72	0.000294548
12.74	0.000299695
12.76	0.000304886
12.78	0.00031012
12.8	0.000315398
12.82	0.00032072
12.84	0.000326085
12.86	0.000331493
12.88	0.000336945
12.9	0.00034244
12.92	0.000347978
12.94	0.000353559
12.96	0.000359183
12.98	0.00036485
13	0.000370559
13.02	0.000376311
13.04	0.000382105
13.06	0.000387941
13.08	0.00039382
13.1	0.00039974
13.12	0.000405702
13.14	0.000411705
13.16	0.00041775
13.18	0.000423835
13.2	0.000429962
13.22	0.000436128
13.24	0.000442336
13.26	0.000448583
13.28	0.00045487
13.3	0.000461196
13.32	0.000467562
13.34	0.000473966
13.36	0.000480409
13.38	0.000486891
13.4	0.00049341
13.42	0.000499967
13.44	0.000506561
13.46	0.000513191
13.48	0.000519858
13.5	0.000526561
13.52	0.0005333
13.54	0.000540073
13.56	0.000546882
13.58	0.000553724
13.6	0.0005606
13.62	0.00056751
13.64	0.000574452
13.66	0.000581426
13.68	0.000588432
13.7	0.000595469
13.72	0.000602536
13.74	0.000609633
13.76	0.00061676
13.78	0.000623915
13.8	0.000631099
13.82	0.00063831
13.84	0.000645548
13.86	0.000652811
13.88	0.000660101
13.9	0.000667414
13.92	0.000674752
13.94	0.000682113
13.96	0.000689497
13.98	0.000696902
14	0.000704328
14.02	0.000711774
14.04	0.00071924
14.06	0.000726723
14.08	0.000734225
14.1	0.000741742
14.12	0.000749276
14.14	0.000756824
14.16	0.000764387
14.18	0.000771962
14.2	0.000779549
14.22	0.000787147
14.24	0.000794755
14.26	0.000802372
14.28	0.000809997
14.3	0.000817628
14.32	0.000825265
14.34	0.000832907
14.36	0.000840552
14.38	0.000848199
14.4	0.000855848
14.42	0.000863496
14.44	0.000871143
14.46	0.000878787
14.48	0.000886428
14.5	0.000894064
14.52	0.000901693
14.54	0.000909314
14.56	0.000916927
14.58	0.000924528
14.6	0.000932118
14.62	0.000939695
14.64	0.000947257
14.66	0.000954803
14.68	0.000962331
14.7	0.00096984
14.72	0.000977329
14.74	0.000984795
14.76	0.000992237
14.78	0.000999653
14.8	0.001007043
14.82	0.001014404
14.84	0.001021734
14.86	0.001029032
14.88	0.001036296
14.9	0.001043524
14.92	0.001050715
14.94	0.001057867
14.96	0.001064977
14.98	0.001072045
15	0.001079718
15.02	0.001089045
15.04	0.001096723
15.06	0.001105494
15.08	0.001112187
15.1	0.001119944
15.12	0.001124905
15.14	0.001130514
15.16	0.00113136
15.18	0.001129634
15.2	0.001107532
15.22	0.001030408
15.24	0.000853529
15.26	0.000646156
15.28	0.000447673
15.3	0.000317873
15.32	0.000305853
15.34	0.000392013
15.36	0.000483805
15.38	0.000514067
15.4	0.000538978
15.42	0.000646627
15.44	0.000930264
15.46	0.001354229
15.48	0.001792628
15.5	0.00208617
15.52	0.002074677
15.54	0.001719074
15.56	0.001092662
15.58	0.000276144
15.6	-0.000602536
15.62	-0.001545711
15.64	-0.002485107
15.66	-0.003327826
15.68	-0.004115439
15.7	-0.004829417
15.72	-0.005370152
15.74	-0.00559123
15.76	-0.005362902
15.78	-0.004662929
15.8	-0.003553264
15.82	-0.002063265
15.84	-0.000200564
15.86	0.00191794
15.88	0.003993181
15.9	0.005937956
15.92	0.007775137
15.94	0.009608615
15.96	0.011425805
15.98	0.013186182
16	0.014744463
16.02	0.015932498
16.04	0.016591747
16.06	0.016663917
16.08	0.016148448
16.1	0.015115019
16.12	0.013530177
16.14	0.011353509
16.16	0.00859076
16.18	0.005431519
16.2	0.001909794
16.22	-0.001900088
16.24	-0.005957837
16.26	-0.010225149
16.28	-0.014688555
16.3	-0.01928569
16.32	-0.023987943
16.34	-0.028644721
16.36	-0.033200734
16.38	-0.037524171
16.4	-0.041427677
16.42	-0.044780107
16.44	-0.047647145
16.46	-0.050107624
16.48	-0.052297042
16.5	-0.054213779
16.52	-0.055738952
16.54	-0.056704358
16.56	-0.057057897
16.58	-0.056850013
16.6	-0.056279872
16.62	-0.055514927
16.64	-0.05473312
16.66	-0.053981556
16.68	-0.053443387
16.7	-0.053183617
16.72	-0.053078615
16.74	-0.0530788
16.76	-0.0532448
16.78	-0.0536916
16.8	-0.05459437
16.82	-0.056025098
16.84	-0.057781262
16.86	-0.059185216
16.88	-0.059664421
16.9	-0.05923253
16.92	-0.057934491
16.94	-0.05578583
16.96	-0.0527786
16.98	-0.048831992
17	-0.043939958
17.02	-0.038008125
17.04	-0.030950374
17.06	-0.022718474
17.08	-0.013322142
17.1	-0.003254679
17.12	0.007206775
17.14	0.017657452
17.16	0.0277292
17.18	0.037223584
17.2	0.046053106
17.22	0.054132879
17.24	0.061133271
17.26	0.066685544
17.28	0.070322443
17.3	0.071874554
17.32	0.071307972
17.34	0.068567421
17.36	0.063785213
17.38	0.057311888
17.4	0.049822932
17.42	0.042098612
17.44	0.034209714
17.46	0.026223205
17.48	0.017998316
17.5	0.010071113
17.52	0.00259333
17.54	-0.004794523
17.56	-0.012315035
17.58	-0.020039642
17.6	-0.027835274
17.62	-0.035338886
17.64	-0.04215158
17.66	-0.047359647
17.68	-0.050652423
17.7	-0.051926929
17.72	-0.051173457
17.74	-0.048845879
17.76	-0.045754228
17.78	-0.041405493
17.8	-0.035194605
17.82	-0.027034075
17.84	-0.016883562
17.86	-0.005002843
17.88	0.008296739
17.9	0.022579512
17.92	0.037312776
17.94	0.05189055
17.96	0.066514314
17.98	0.081091341
18	0.095799924
18.02	0.110567397
18.04	0.125342385
18.06	0.139828529
18.08	0.153956549
18.1	0.167547833
18.12	0.180593735
18.14	0.193054071
18.16	0.204725038
18.18	0.214994173
18.2	0.223461434
18.22	0.229865553
18.24	0.23463421
18.26	0.238291401
18.28	0.241168805
18.3	0.24293155
18.32	0.243403947
18.34	0.242505933
18.36	0.240189172
18.38	0.236220647
18.4	0.230546162
18.42	0.22321045
18.44	0.214439914
18.46	0.204299783
18.48	0.19338772
18.5	0.181952749
18.52	0.169841523
18.54	0.156879886
18.56	0.143570756
18.58	0.130341539
18.6	0.117346365
18.62	0.104522534
18.64	0.091956019
18.66	0.0796605
18.68	0.068100873
18.7	0.05735386
18.72	0.04739523
18.74	0.038265519
18.76	0.030139745
18.78	0.023181856
18.8	0.017473593
18.82	0.012928327
18.84	0.009618711
18.86	0.007547144
18.88	0.006560159
18.9	0.006610474
18.92	0.007701786
18.94	0.009834981
18.96	0.012883703
18.98	0.016743228
19	0.020837682
19.02	0.024674568
19.04	0.028208731
19.06	0.031229904
19.08	0.033334411
19.1	0.034528811
19.12	0.034682085
19.14	0.033643104
19.16	0.031146691
19.18	0.026969141
19.2	0.021167896
19.22	0.014219497
19.24	0.006268837
19.26	-0.002438441
19.28	-0.011744686
19.3	-0.021143251
19.32	-0.030580891
19.34	-0.039976957
19.36	-0.049505962
19.38	-0.059124958
19.4	-0.069036772
19.42	-0.079201439
19.44	-0.089631056
19.46	-0.10009888
19.48	-0.110676462
19.5	-0.121284331
19.52	-0.131991881
19.54	-0.142614299
19.56	-0.153038996
19.58	-0.162544589
19.6	-0.170889996
19.62	-0.178088734
19.64	-0.184135943
19.66	-0.188888429
19.68	-0.192139019
19.7	-0.193936889
19.72	-0.194441421
19.74	-0.193423608
19.76	-0.190943376
19.78	-0.187518582
19.8	-0.183301834
19.82	-0.178846707
19.84	-0.174497373
19.86	-0.17033205
19.88	-0.166124395
19.9	-0.161273514
19.92	-0.155295619
19.94	-0.148624513
19.96	-0.142194848
19.98	-0.136371646
20	-0.13129901
20.02	-0.127368354
20.04	-0.124550312
20.06	-0.122843858
20.08	-0.121527771
20.1	-0.120399531
20.12	-0.119405302
20.14	-0.118567906
20.16	-0.117512063
20.18	-0.115881507
20.2	-0.113383406
20.22	-0.110176378
20.24	-0.106129436
20.26	-0.100909466
20.28	-0.094241025
20.3	-0.086238507
20.32	-0.077055274
20.34	-0.067257064
20.36	-0.056535892
20.38	-0.044855306
20.4	-0.032359445
20.42	-0.019167503
20.44	-0.005252839
20.46	0.00913878
20.48	0.023873897
20.5	0.038937664
20.52	0.054631105
20.54	0.070855235
20.56	0.087479276
20.58	0.104027699
20.6	0.119946587
20.62	0.134645026
20.64	0.147642017
20.66	0.158688968
20.68	0.167936989
20.7	0.175644725
20.72	0.181959835
20.74	0.186757668
20.76	0.189902005
20.78	0.191283302
20.8	0.190879748
20.82	0.18880528
20.84	0.185081716
20.86	0.179659276
20.88	0.172509522
20.9	0.163773232
20.92	0.15356023
20.94	0.142369836
20.96	0.130774168
20.98	0.118833782
21	0.106642244
21.02	0.094527058
21.04	0.082666762
21.06	0.071212693
21.08	0.060108757
21.1	0.049408024
21.12	0.039228002
21.14	0.029796537
21.16	0.021175811
21.18	0.013360501
21.2	0.006279692
21.22	8.84404E-05
21.24	-0.005013158
21.26	-0.008922824
21.28	-0.011598219
21.3	-0.013106978
21.32	-0.013452732
21.34	-0.012549157
21.36	-0.010496412
21.38	-0.007503482
21.4	-0.003766268
21.42	0.000475227
21.44	0.004876386
21.46	0.008994802
21.48	0.012772861
21.5	0.01622478
21.52	0.019190835
21.54	0.021490414
21.56	0.023039126
21.58	0.023774091
21.6	0.023719531
21.62	0.023019217
21.64	0.021847042
21.66	0.020375149
21.68	0.018779859
21.7	0.01710648
21.72	0.015674148
21.74	0.014545517
21.76	0.013781471
21.78	0.013520686
21.8	0.013943356
21.82	0.015192503
21.84	0.017320271
21.86	0.020313318
21.88	0.024052684
21.9	0.028257619
21.92	0.032515247
21.94	0.036814752
21.96	0.041092806
21.98	0.045357715
22	0.049480761
22.02	0.053351373
22.04	0.056830837
22.06	0.059734531
22.08	0.061803274
22.1	0.063108802
22.12	0.063852031
22.14	0.064230203
22.16	0.064271104
22.18	0.063899291
22.2	0.063042835
22.22	0.061765666
22.24	0.060146392
22.26	0.058481154
22.28	0.05680736
22.3	0.055236952
22.32	0.053789566
22.34	0.052419043
22.36	0.0510437
22.38	0.04966665
22.4	0.04828126
22.42	0.046545323
22.44	0.044386495
22.46	0.041925502
22.48	0.039165839
22.5	0.035978255
22.52	0.032260436
22.54	0.028007612
22.56	0.023383983
22.58	0.018604806
22.6	0.013821784
22.62	0.008962111
22.64	0.003886012
22.66	-0.001539807
22.68	-0.007177231
22.7	-0.012899102
22.72	-0.018616842
22.74	-0.024174463
22.76	-0.029392368
22.78	-0.034268474
22.8	-0.038743247
22.82	-0.042953907
22.84	-0.047062125
22.86	-0.051261964
22.88	-0.055494609
22.9	-0.059706178
22.92	-0.063852723
22.94	-0.06817835
22.96	-0.07286953
22.98	-0.078122978
23	-0.083920318
23.02	-0.090152609
23.04	-0.096499011
23.06	-0.102784648
23.08	-0.10871548
23.1	-0.114140046
23.12	-0.11888404
23.14	-0.12288409
23.16	-0.125985817
23.18	-0.128295599
23.2	-0.130001463
23.22	-0.131111453
23.24	-0.131413955
23.26	-0.130891573
23.28	-0.129488568
23.3	-0.127271725
23.32	-0.124194242
23.34	-0.120164396
23.36	-0.114764936
23.38	-0.10781113
23.4	-0.099298085
23.42	-0.089677699
23.44	-0.07928401
23.46	-0.068251876
23.48	-0.056723813
23.5	-0.04494274
23.52	-0.033036435
23.54	-0.02126085
23.56	-0.009728627
23.58	0.001319471
23.6	0.011833173
23.62	0.021705239
23.64	0.031028037
23.66	0.039806998
23.68	0.048083297
23.7	0.055791399
23.72	0.062947477
23.74	0.069548757
23.76	0.075754261
23.78	0.081343182
23.8	0.086208374
23.82	0.090124348
23.84	0.093149787
23.86	0.095257893
23.88	0.096575741
23.9	0.097053867
23.92	0.096913086
23.94	0.096607697
23.96	0.096282009
23.98	0.095676523
24	0.094874227
24.02	0.093848957
24.04	0.092830004
24.06	0.091774832
24.08	0.090608446
24.1	0.089106626
24.12	0.087311622
24.14	0.085018241
24.16	0.082328078
24.18	0.079393093
24.2	0.07700877
24.22	0.075259622
24.24	0.07415253
24.26	0.073495978
24.28	0.073355632
24.3	0.073614983
24.32	0.074278485
24.34	0.075266567
24.36	0.076650997
24.38	0.078123788
24.4	0.079588309
24.42	0.0807624
24.44	0.081423249
24.46	0.081429371
24.48	0.080569125
24.5	0.07885874
24.52	0.076462744
24.54	0.073645125
24.56	0.070682905
24.58	0.0676881
24.6	0.064822473
24.62	0.062120603
24.64	0.059470893
24.66	0.057094511
24.68	0.055011731
24.7	0.053059252
24.72	0.0510723
24.74	0.048897996
24.76	0.04683812
24.78	0.045122392
24.8	0.043741171
24.82	0.042712021
24.84	0.041679575
24.86	0.040593715
24.88	0.039382349
24.9	0.038166568
24.92	0.037121395
24.94	0.036444992
24.96	0.036067006
24.98	0.03587006
25	0.035620982
25.02	0.035179355
25.04	0.034344226
25.06	0.03294431
25.08	0.03080482
25.1	0.02801813
25.12	0.02470509
25.14	0.020914712
25.16	0.016620627
25.18	0.012047528
25.2	0.007440839
25.22	0.002866625
25.24	-0.001778727
25.26	-0.006589265
25.28	-0.01150715
25.3	-0.016362872
25.32	-0.021195549
25.34	-0.025962598
25.36	-0.030776846
25.38	-0.035487347
25.4	-0.040128003
25.42	-0.04466593
25.44	-0.049000701
25.46	-0.052902234
25.48	-0.056229033
25.5	-0.059163763
25.52	-0.06199473
25.54	-0.064896905
25.56	-0.068109542
25.58	-0.071501823
25.6	-0.0749878
25.62	-0.078406599
25.64	-0.081560643
25.66	-0.084226161
25.68	-0.086368703
25.7	-0.088030055
25.72	-0.089326989
25.74	-0.090182461
25.76	-0.090614644
25.78	-0.090546977
25.8	-0.089900426
25.82	-0.088509389
25.84	-0.086344825
25.86	-0.083322661
25.88	-0.079460433
25.9	-0.074702705
25.92	-0.068971752
25.94	-0.062312398
25.96	-0.055098516
25.98	-0.047308288
26	-0.03897103
26.02	-0.030063154
26.04	-0.02071255
26.06	-0.010958058
26.08	-0.000896682
26.1	0.009326688
26.12	0.019521206
26.14	0.029486113
26.16	0.038913931
26.18	0.047578621
26.2	0.055316214
26.22	0.062179354
26.24	0.068261828
26.26	0.073691804
26.28	0.07849437
26.3	0.08266437
26.32	0.086037197
26.34	0.088488511
26.36	0.089781302
26.38	0.089752298
26.4	0.088363926
26.42	0.085769886
26.44	0.082119853
26.46	0.077619148
26.48	0.072956859
26.5	0.068384388
26.52	0.063913186
26.54	0.059563352
26.56	0.05527107
26.58	0.051089869
26.6	0.047154672
26.62	0.043570547
26.64	0.040483768
26.66	0.038119822
26.68	0.036561466
26.7	0.035905906
26.72	0.036189371
26.74	0.03738606
26.76	0.039457944
26.78	0.042319223
26.8	0.045787153
26.82	0.0496391
26.84	0.053381553
26.86	0.056522195
26.88	0.058968717
26.9	0.060653806
26.92	0.061405825
26.94	0.061056761
26.96	0.059384937
26.98	0.056295779
27	0.05166203
27.02	0.045352471
27.04	0.037300717
27.06	0.027555479
27.08	0.016395788
27.1	0.004637648
27.12	-0.007269731
27.14	-0.018978771
27.16	-0.030268827
27.18	-0.041019078
27.2	-0.051041736
27.22	-0.060113531
27.24	-0.068148918
27.26	-0.075094139
27.28	-0.080979891
27.3	-0.085711631
27.32	-0.089050266
27.34	-0.090718535
27.36	-0.090556465
27.38	-0.088412994
27.4	-0.084330795
27.42	-0.078295026
27.44	-0.070329866
27.46	-0.060472274
27.48	-0.049011588
27.5	-0.036690244
27.52	-0.024105193
27.54	-0.011348104
27.56	0.001491365
27.58	0.014346099
27.6	0.026961748
27.62	0.039001743
27.64	0.050309717
27.66	0.060789685
27.68	0.070350326
27.7	0.078872706
27.72	0.086281382
27.74	0.092554276
27.76	0.097740221
27.78	0.101690936
27.8	0.104425549
27.82	0.105946197
27.84	0.106235138
27.86	0.105316203
27.88	0.103269376
27.9	0.100174606
27.92	0.096218964
27.94	0.09161157
27.96	0.086881223
27.98	0.082474016
28	0.078457061
28.02	0.074803856
28.04	0.071494051
28.06	0.068429971
28.08	0.0656229
28.1	0.06305225
28.12	0.060661358
28.14	0.058388816
28.16	0.05622395
28.18	0.054307891
28.2	0.052582088
28.22	0.051002318
28.24	0.049551903
28.26	0.048021612
28.28	0.046087833
28.3	0.04356622
28.32	0.040355506
28.34	0.036443535
28.36	0.031867327
28.38	0.026816886
28.4	0.021489435
28.42	0.016140492
28.44	0.010834578
28.46	0.005620153
28.48	0.000481683
28.5	-0.00462572
28.52	-0.009769021
28.54	-0.014937278
28.56	-0.02005108
28.58	-0.025056206
28.6	-0.03002157
28.62	-0.034945574
28.64	-0.039841056
28.66	-0.044522143
28.68	-0.048672581
28.7	-0.051881897
28.72	-0.054030514
28.74	-0.055009458
28.76	-0.054846498
28.78	-0.053912753
28.8	-0.052442672
28.82	-0.050545162
28.84	-0.048157135
28.86	-0.045188307
28.88	-0.041777179
28.9	-0.037957926
28.92	-0.033763551
28.94	-0.029251464
28.96	-0.024586101
28.98	-0.020029329
29	-0.015707566
29.02	-0.011819525
29.04	-0.008180908
29.06	-0.004652936
29.08	-0.0010952
29.1	0.002480517
29.12	0.006047006
29.14	0.009509089
29.16	0.012694198
29.18	0.015456852
29.2	0.017685385
29.22	0.019293533
29.24	0.020192838
29.26	0.020411379
29.28	0.020204917
29.3	0.019743373
29.32	0.01910319
29.34	0.018318936
29.36	0.017290734
29.38	0.0158584
29.4	0.013839168
29.42	0.011071513
29.44	0.00721799
29.46	0.002332524
29.48	-0.003212818
29.5	-0.009185569
29.52	-0.015354265
29.54	-0.021563775
29.56	-0.027721372
29.58	-0.033918278
29.6	-0.040225302
29.62	-0.046567808
29.64	-0.052871815
29.66	-0.05882823
29.68	-0.064171298
29.7	-0.068699032
29.72	-0.072317308
29.74	-0.074939195
29.76	-0.076589836
29.78	-0.077318265
29.8	-0.077219056
29.82	-0.076261438
29.84	-0.074309851
29.86	-0.07119959
29.88	-0.067056536
29.9	-0.062069692
29.92	-0.056357145
29.94	-0.050337494
29.96	-0.044426257
29.98	-0.038670372
30	-0.033131761
30.02	-0.02776772
30.04	-0.022580764
30.06	-0.017643806
30.08	-0.01310696
30.1	-0.009083841
30.12	-0.00566743
30.14	-0.00285668
30.16	-0.000526867
30.18	0.001353843
30.2	0.002809204
30.22	0.003785253
30.24	0.004142275
30.26	0.003807191
30.28	0.002813584
30.3	0.001344736
30.32	-0.000234073
30.34	-0.00144293
30.36	-0.002130856
30.38	-0.002186352
30.4	-0.001518779
30.42	-8.42479E-05
30.44	0.002109113
30.46	0.004817292
30.48	0.008065031
30.5	0.011889322
30.52	0.016308515
30.54	0.021213842
30.56	0.026418507
30.58	0.031464753
30.6	0.036052773
30.62	0.040059566
30.64	0.043363317
30.66	0.045720609
30.68	0.046920323
30.7	0.046944781
30.72	0.04569252
30.74	0.04317932
30.76	0.039461094
30.78	0.034527659
30.8	0.028360409
30.82	0.020963376
30.84	0.012471316
30.86	0.003044273
30.88	-0.007147162
30.9	-0.017554025
30.92	-0.027988967
30.94	-0.038227923
30.96	-0.048078758
30.98	-0.057326118
31	-0.065773431
31.02	-0.073212618
31.04	-0.079371189
31.06	-0.084069115
31.08	-0.087140079
31.1	-0.088531064
31.12	-0.088204564
31.14	-0.086221159
31.16	-0.082569549
31.18	-0.077251516
31.2	-0.070249116
31.22	-0.061683654
31.24	-0.051747884
31.26	-0.04073209
31.28	-0.029328622
31.3	-0.017792951
31.32	-0.006346808
31.34	0.004844187
31.36	0.015684674
31.38	0.026131787
31.4	0.036212161
31.42	0.045845195
31.44	0.054894697
31.46	0.063164719
31.48	0.070542468
31.5	0.076871554
31.52	0.08207114
31.54	0.085977049
31.56	0.088506579
31.58	0.089602616
31.6	0.089292566
31.62	0.087653895
31.64	0.08472915
31.66	0.080581592
31.68	0.075361925
31.7	0.069219783
31.72	0.062488347
31.74	0.0558799
31.76	0.049560878
31.78	0.043569925
31.8	0.037896178
31.82	0.032650871
31.84	0.028036272
31.86	0.024185796
31.88	0.021006915
31.9	0.018572539
31.92	0.017016042
31.94	0.016313063
31.96	0.016426506
31.98	0.01723636
32	0.018671226
32.02	0.02064236
32.04	0.023061224
32.06	0.025784454
32.08	0.028420106
32.1	0.030336245
32.12	0.031347439
32.14	0.031393131
32.16	0.030515809
32.18	0.028710701
32.2	0.025989712
32.22	0.022445822
32.24	0.018179245
32.26	0.013246455
32.28	0.007720323
32.3	0.00178309
32.32	-0.004313752
32.34	-0.010557817
32.36	-0.016897611
32.38	-0.023155805
32.4	-0.029034019
32.42	-0.03436244
32.44	-0.038918432
32.46	-0.042611995
32.48	-0.045330235
32.5	-0.046908186
32.52	-0.047365065
32.54	-0.046695992
32.56	-0.044863292
32.58	-0.041854663
32.6	-0.037625728
32.62	-0.032301193
32.64	-0.026020302
32.66	-0.018989691
32.68	-0.011488479
32.7	-0.003716719
32.72	0.00420145
32.74	0.012079322
32.76	0.019715181
32.78	0.027047624
32.8	0.034033047
32.82	0.040623702
32.84	0.046732444
32.86	0.052146022
32.88	0.056593096
32.9	0.059887379
32.92	0.061973012
32.94	0.06294215
32.96	0.062908853
32.98	0.062010921
33	0.060230227
33.02	0.057592875
33.04	0.054135809
33.06	0.049907594
33.08	0.0449512
33.1	0.039493197
33.12	0.034000445
33.14	0.028514369
33.16	0.023090413
33.18	0.017725846
33.2	0.012401427
33.22	0.007104609
33.24	0.001824659
33.26	-0.003336385
33.28	-0.008283006
33.3	-0.012918138
33.32	-0.017220323
33.34	-0.021164319
33.36	-0.024722416
33.38	-0.027857263
33.4	-0.030490061
33.42	-0.032537339
33.44	-0.034012858
33.46	-0.034927011
33.48	-0.035308588
33.5	-0.035096629
33.52	-0.034292873
33.54	-0.03292561
33.56	-0.031092935
33.58	-0.028802431
33.6	-0.026090679
33.62	-0.023296668
33.64	-0.020735965
33.66	-0.018539698
33.68	-0.016793388
33.7	-0.015499165
33.72	-0.014630221
33.74	-0.014170323
33.76	-0.014116181
33.78	-0.01437854
33.8	-0.014826447
33.82	-0.015317129
33.84	-0.015794106
33.86	-0.016193735
33.88	-0.016458633
33.9	-0.016347873
33.92	-0.015506427
33.94	-0.013815043
33.96	-0.011343036
33.98	-0.008217541
34	-0.004650277
34.02	-0.00069894
34.04	0.003527878
34.06	0.007930126
34.08	0.012548663
34.1	0.017356977
34.12	0.022222575
34.14	0.027192481
34.16	0.032215469
34.18	0.037121411
34.2	0.041676479
34.22	0.045773837
34.24	0.0493008
34.26	0.052222353
34.28	0.054442184
34.3	0.055871229
34.32	0.056350572
34.34	0.055925704
34.36	0.054715946
34.38	0.05305853
34.4	0.050930807
34.42	0.048358395
34.44	0.045408563
34.46	0.042146713
34.48	0.038627268
34.5	0.035114785
34.52	0.031640148
34.54	0.028170857
34.56	0.024684988
34.58	0.021244958
34.6	0.017865049
34.62	0.014484357
34.64	0.011021166
34.66	0.007505425
34.68	0.003996118
34.7	0.00055337
34.72	-0.002807757
34.74	-0.006118277
34.76	-0.009480029
34.78	-0.012861252
34.8	-0.016129588
34.82	-0.019133227
34.84	-0.021776906
34.86	-0.023916359
34.88	-0.025431982
34.9	-0.026328613
34.92	-0.026636349
34.94	-0.026419402
34.96	-0.0256745
34.98	-0.024264995
35	-0.022068727
35.02	-0.018955989
35.04	-0.01489732
35.06	-0.010126124
35.08	-0.005150728
35.1	-0.000112275
35.12	0.004884991
35.14	0.009920834
35.16	0.014970917
35.18	0.020008557
35.2	0.024925949
35.22	0.029617894
35.24	0.033907126
35.26	0.037667259
35.28	0.040793464
35.3	0.04324953
35.32	0.045078798
35.34	0.046389225
35.36	0.047267564
35.38	0.047747684
35.4	0.047776462
35.42	0.047338184
35.44	0.046385154
35.46	0.044953445
35.48	0.043250722
35.5	0.041642534
35.52	0.040115108
35.54	0.038690304
35.56	0.03742696
35.58	0.036386417
35.6	0.035569443
35.62	0.034876174
35.64	0.034000606
35.66	0.033018333
35.68	0.032091568
35.7	0.031333581
35.72	0.030691632
35.74	0.029971281
35.76	0.029020742
35.78	0.027767157
35.8	0.026155098
35.82	0.024152785
35.84	0.021730474
35.86	0.018920751
35.88	0.015824335
35.9	0.012559258
35.92	0.009183836
35.94	0.00562942
35.96	0.001809213
35.98	-0.002192556
36	-0.006415652
36.02	-0.010883874
36.04	-0.015594444
36.06	-0.0205888
36.08	-0.02577543
36.1	-0.031132039
36.12	-0.036553217
36.14	-0.041995677
36.16	-0.047320558
36.18	-0.052352334
36.2	-0.056992353
36.22	-0.06110847
36.24	-0.064623377
36.26	-0.067556419
36.28	-0.069934285
36.3	-0.071796327
36.32	-0.073102758
36.34	-0.073860079
36.36	-0.074146079
36.38	-0.073954876
36.4	-0.073279487
36.42	-0.072068272
36.44	-0.070157602
36.46	-0.067376932
36.48	-0.063708185
36.5	-0.059132908
36.52	-0.053702609
36.54	-0.047711212
36.56	-0.041228455
36.58	-0.034311881
36.6	-0.027048137
36.62	-0.019632568
36.64	-0.012261012
36.66	-0.005032505
36.68	0.001893235
36.7	0.008396295
36.72	0.014344792
36.74	0.019691828
36.76	0.024385789
36.78	0.028449625
36.8	0.031911779
36.82	0.034749238
36.84	0.036912085
36.86	0.038371187
36.88	0.039135896
36.9	0.039288533
36.92	0.038853883
36.94	0.037865307
36.96	0.036403285
36.98	0.034698147
37	0.033343774
37.02	0.032277449
37.04	0.03135884
37.06	0.030494221
37.08	0.029639039
37.1	0.0289069
37.12	0.028415437
37.14	0.028223287
37.16	0.028325092
37.18	0.028636644
37.2	0.028871483
37.22	0.028786133
37.24	0.028418543
37.26	0.027790109
37.28	0.026953184
37.3	0.025959838
37.32	0.024845534
37.34	0.023610846
37.36	0.022122839
37.38	0.020135027
37.4	0.017630962
37.42	0.014733252
37.44	0.011653612
37.46	0.008431825
37.48	0.005150328
37.5	0.001862294
37.52	-0.00137184
37.54	-0.004492125
37.56	-0.007476269
37.58	-0.010266649
37.6	-0.012730514
37.62	-0.014711548
37.64	-0.016064307
37.66	-0.016714756
37.68	-0.016690548
37.7	-0.016038325
37.72	-0.014757198
37.74	-0.012770189
37.76	-0.009920126
37.78	-0.006352524
37.8	-0.002171632
37.82	0.002618269
37.84	0.007931647
37.86	0.013690372
37.88	0.019702097
37.9	0.025772511
37.92	0.031716735
37.94	0.037462682
37.96	0.043027981
37.98	0.048456455
38	0.053742504
38.02	0.058878549
38.04	0.063857656
38.06	0.06864093
38.08	0.073212162
38.1	0.077548642
38.12	0.081486108
38.14	0.084854145
38.16	0.087513981
38.18	0.089378408
38.2	0.090519974
38.22	0.090979798
38.24	0.090648504
38.26	0.089524876
38.28	0.087602913
38.3	0.084896505
38.32	0.081424499
38.34	0.077287021
38.36	0.07266425
38.38	0.067647995
38.4	0.062486338
38.42	0.057389087
38.44	0.052508773
38.46	0.047912906
38.48	0.043624987
38.5	0.039669992
38.52	0.036069818
38.54	0.032876017
38.56	0.030126677
38.58	0.027869447
38.6	0.026106998
38.62	0.024808409
38.64	0.02393615
38.66	0.023420633
38.68	0.023198504
38.7	0.023208334
38.72	0.023264092
38.74	0.023043032
38.76	0.022556573
38.78	0.021750706
38.8	0.0205471
38.82	0.01884536
38.84	0.016595142
38.86	0.013921732
38.88	0.011134408
38.9	0.00855079
38.92	0.006303522
38.94	0.004467491
38.96	0.003051204
38.98	0.002017776
39	0.00125899
39.02	0.000726141
39.04	0.000396723
39.06	0.000367518
39.08	0.000800079
39.1	0.001821237
39.12	0.003482052
39.14	0.005686674
39.16	0.008345996
39.18	0.011181004
39.2	0.014060884
39.22	0.016943421
39.24	0.019814596
39.26	0.022672888
39.28	0.025486717
39.3	0.028294091
39.32	0.030994526
39.34	0.033414197
39.36	0.035347155
39.38	0.036625878
39.4	0.037069954
39.42	0.036531822
39.44	0.034942812
39.46	0.032309093
39.48	0.028844201
39.5	0.024816668
39.52	0.020511026
39.54	0.01611421
39.56	0.01167331
39.58	0.007131119
39.6	0.002534954
39.62	-0.002207834
39.64	-0.00711645
39.66	-0.012225076
39.68	-0.017442187
39.7	-0.022642113
39.72	-0.027671005
39.74	-0.032461281
39.76	-0.037201578
39.78	-0.042269402
39.8	-0.047673939
39.82	-0.053329152
39.84	-0.059090937
39.86	-0.064799089
39.88	-0.070263328
39.9	-0.075512139
39.92	-0.080786817
39.94	-0.086023086
39.96	-0.09114692
39.98	-0.096087726
40	-0.100733989
40.02	-0.104881425
40.04	-0.10830984
40.06	-0.110916842
40.08	-0.112711633
40.1	-0.113751355
40.12	-0.114130151
40.14	-0.113887936
40.16	-0.1130735
40.18	-0.111666152
40.2	-0.109600688
40.22	-0.106828507
40.24	-0.103345282
40.26	-0.099628065
40.28	-0.095879517
40.3	-0.09214087
40.32	-0.088470806
40.34	-0.084895939
40.36	-0.081382562
40.38	-0.077834854
40.4	-0.07419472
40.42	-0.070490424
40.44	-0.066802388
40.46	-0.06315954
40.48	-0.059568196
40.5	-0.056008567
40.52	-0.052440679
40.54	-0.048799625
40.56	-0.044973199
40.58	-0.040975343
40.6	-0.036938941
40.62	-0.03305571
40.64	-0.029545689
40.66	-0.026601984
40.68	-0.024228846
40.7	-0.022402548
40.72	-0.021108377
40.74	-0.020457818
40.76	-0.020566216
40.78	-0.021492815
40.8	-0.023201944
40.82	-0.025624363
40.84	-0.028714868
40.86	-0.032478895
40.88	-0.036959897
40.9	-0.042075205
40.92	-0.047204215
40.94	-0.051901
40.96	-0.055950373
40.98	-0.059405122
41	-0.062403811
41.02	-0.065067692
41.04	-0.067557339
41.06	-0.069890597
41.08	-0.072003515
41.1	-0.073713805
41.12	-0.074829296
41.14	-0.075130483
41.16	-0.074560473
41.18	-0.073248543
41.2	-0.071414088
41.22	-0.069775636
41.24	-0.068680365
41.26	-0.068098561
41.28	-0.067988872
41.3	-0.068029069
41.32	-0.068317688
41.34	-0.068863312
41.36	-0.069658583
41.38	-0.070658724
41.4	-0.07176238
41.42	-0.072794994
41.44	-0.073600316
41.46	-0.074002535
41.48	-0.073556188
41.5	-0.071802824
41.52	-0.068741448
41.54	-0.064461629
41.56	-0.059104012
41.58	-0.052837306
41.6	-0.045769127
41.62	-0.037951703
41.64	-0.029498627
41.66	-0.020687188
41.68	-0.011514308
41.7	-0.002001979
41.72	0.007740426
41.74	0.017547011
41.76	0.027263082
41.78	0.036857715
41.8	0.046296504
41.82	0.055503767
41.84	0.064338563
41.86	0.072630318
41.88	0.080284996
41.9	0.087135714
41.92	0.092944674
41.94	0.097662416
41.96	0.101128911
41.98	0.103346833
42	0.104525783
42.02	0.105007845
42.04	0.105007499
42.06	0.104608257
42.08	0.103867913
42.1	0.102708102
42.12	0.101074896
42.14	0.098930549
42.16	0.096187691
42.18	0.093009838
42.2	0.089763637
42.22	0.086429841
42.24	0.083054876
42.26	0.079681796
42.28	0.076376966
42.3	0.073222965
42.32	0.070244833
42.34	0.067491375
42.36	0.064898367
42.38	0.06258422
42.4	0.060587767
42.42	0.058966702
42.44	0.057747236
42.46	0.056948573
42.48	0.056502351
42.5	0.05640729
42.52	0.056625171
42.54	0.057193808
42.56	0.058208678
42.58	0.059762896
42.6	0.061890717
42.62	0.064469414
42.64	0.067020257
42.66	0.069423282
42.68	0.071536137
42.7	0.073278441
42.72	0.074552145
42.74	0.075295829
42.76	0.075583593
42.78	0.075527258
42.8	0.075207751
42.82	0.074760182
42.84	0.074294559
42.86	0.073864529
42.88	0.073567521
42.9	0.073525045
42.92	0.073761816
42.94	0.074302274
42.96	0.075277504
42.98	0.076885487
43	0.079052298
43.02	0.08162804
43.04	0.084465831
43.06	0.087446627
43.08	0.090483117
43.1	0.093458038
43.12	0.096218419
43.14	0.098849075
43.16	0.101334417
43.18	0.103440451
43.2	0.105019477
43.22	0.105984078
43.24	0.106242388
43.26	0.105681078
43.28	0.10419909
43.3	0.101754795
43.32	0.0984489
43.34	0.094453608
43.36	0.08968082
43.38	0.084116873
43.4	0.077852879
43.42	0.071102604
43.44	0.064124902
43.46	0.057123925
43.48	0.050192043
43.5	0.043398407
43.52	0.036808294
43.54	0.030457717
43.56	0.02433398
43.58	0.018432708
43.6	0.012693776
43.62	0.007079896
43.64	0.001542672
43.66	-0.003943297
43.68	-0.009492634
43.7	-0.015046478
43.72	-0.020481052
43.74	-0.025676894
43.76	-0.030549905
43.78	-0.035068505
43.8	-0.039236963
43.82	-0.043068796
43.84	-0.04667032
43.86	-0.050149203
43.88	-0.053433218
43.9	-0.056369719
43.92	-0.058965176
43.94	-0.061206348
43.96	-0.063155243
43.98	-0.064804043
44	-0.066113489
44.02	-0.067055967
44.04	-0.067560934
44.06	-0.067464342
44.08	-0.066714568
44.1	-0.065255042
44.12	-0.063140357
44.14	-0.060518065
44.16	-0.057960108
44.18	-0.055486161
44.2	-0.053050665
44.22	-0.05060882
44.24	-0.048135898
44.26	-0.045650129
44.28	-0.043110983
44.3	-0.04048024
44.32	-0.03772223
44.34	-0.034835271
44.36	-0.031798129
44.38	-0.028586313
44.4	-0.025211835
44.42	-0.021708801
44.44	-0.018137447
44.46	-0.014504231
44.48	-0.010817584
44.5	-0.007094142
44.52	-0.003336219
44.54	0.000417627
44.56	0.004098131
44.58	0.007600312
44.6	0.010840168
44.62	0.013741121
44.64	0.016224657
44.66	0.018220571
44.68	0.019649708
44.7	0.020508199
44.72	0.02075828
44.74	0.020373468
44.76	0.019306351
44.78	0.01751264
44.8	0.015023254
44.82	0.011966651
44.84	0.008597552
44.86	0.005112061
44.88	0.00155512
44.9	-0.001942534
44.92	-0.005289758
44.94	-0.008384625
44.96	-0.011218847
44.98	-0.01381861
45	-0.016236845
45.02	-0.01846425
45.04	-0.020486165
45.06	-0.022269684
45.08	-0.023816205
45.1	-0.025150626
45.12	-0.026321331
45.14	-0.027361684
45.16	-0.028290295
45.18	-0.02925525
45.2	-0.030417296
45.22	-0.031739655
45.24	-0.033151851
45.26	-0.034575387
45.28	-0.035948023
45.3	-0.037243375
45.32	-0.038466387
45.34	-0.039438204
45.36	-0.039975197
45.38	-0.03998563
45.4	-0.03941274
45.42	-0.038227601
45.44	-0.036404687
45.46	-0.033874949
45.48	-0.03061267
45.5	-0.026644742
45.52	-0.022020768
45.54	-0.016894866
45.56	-0.011440705
45.58	-0.005749885
45.6	3.83589E-05
45.62	0.005765942
45.64	0.011304006
45.66	0.016518639
45.68	0.021387787
45.7	0.025958652
45.72	0.03026989
45.74	0.034342377
45.76	0.038144096
45.78	0.041678656
45.8	0.044923424
45.82	0.047864733
45.84	0.05051706
45.86	0.052893184
45.88	0.054980129
45.9	0.056731626
45.92	0.058097736
45.94	0.058994576
45.96	0.059493082
45.98	0.059755148
46	0.059779212
46.02	0.059567922
46.04	0.059127369
46.06	0.058468698
46.08	0.057507143
46.1	0.056175051
46.12	0.054379862
46.14	0.052096015
46.16	0.0492631
46.18	0.045979299
46.2	0.042409496
46.22	0.038573118
46.24	0.034497452
46.26	0.030242876
46.28	0.025831328
46.3	0.021308576
46.32	0.016750291
46.34	0.01227508
46.36	0.007999195
46.38	0.004003905
46.4	0.00029312
46.42	-0.003165834
46.44	-0.006400862
46.46	-0.009433798
46.48	-0.012253239
46.5	-0.014808258
46.52	-0.017041422
46.54	-0.01889679
46.56	-0.020305998
46.58	-0.021222951
46.6	-0.021650223
46.62	-0.021664202
46.64	-0.021525843
46.66	-0.021439656
46.68	-0.021311369
46.7	-0.021131024
46.72	-0.020922405
46.74	-0.020735999
46.76	-0.020627206
46.78	-0.020627384
46.8	-0.020695476
46.82	-0.0207463
46.84	-0.020705161
46.86	-0.020508356
46.88	-0.020082678
46.9	-0.019305173
46.92	-0.018070337
46.94	-0.016391384
46.96	-0.014312094
46.98	-0.01189752
47	-0.009251869
47.02	-0.006407378
47.04	-0.003421206
47.06	-0.00047615
47.08	0.002302503
47.1	0.00488987
47.12	0.007153424
47.14	0.009077811
47.16	0.010623228
47.18	0.01174589
47.2	0.012349986
47.22	0.012355867
47.24	0.01171817
47.26	0.010390425
47.28	0.008347348
47.3	0.005639475
47.32	0.002534773
47.34	-0.000777955
47.36	-0.004313507
47.38	-0.008060376
47.4	-0.011960989
47.42	-0.015915911
47.44	-0.019840632
47.46	-0.023685131
47.48	-0.02745806
47.5	-0.031188295
47.52	-0.03486964
47.54	-0.038467906
47.56	-0.041950936
47.58	-0.045270713
47.6	-0.048421026
47.62	-0.051399434
47.64	-0.054216236
47.66	-0.056878752
47.68	-0.059328381
47.7	-0.061522795
47.72	-0.063482069
47.74	-0.065140659
47.76	-0.066449715
47.78	-0.067366064
47.8	-0.067887148
47.82	-0.068066577
47.84	-0.067973041
47.86	-0.067637341
47.88	-0.066989451
47.9	-0.06590174
47.92	-0.064308229
47.94	-0.062255492
47.96	-0.059875772
47.98	-0.057141818
48	-0.054081334
48.02	-0.050771613
48.04	-0.04730761
48.06	-0.043780484
48.08	-0.040219792
48.1	-0.036591743
48.12	-0.032878136
48.14	-0.029093963
48.16	-0.025233581
48.18	-0.021325449
48.2	-0.017389863
48.22	-0.013451679
48.24	-0.009530853
48.26	-0.005658366
48.28	-0.00185637
48.3	0.001885304
48.32	0.005557964
48.34	0.009152995
48.36	0.012643868
48.38	0.016035974
48.4	0.019355936
48.42	0.022644498
48.44	0.025902511
48.46	0.029059326
48.48	0.032013649
48.5	0.034707273
48.52	0.037120994
48.54	0.039208278
48.56	0.040897648
48.58	0.042099094
48.6	0.04273347
48.62	0.042792425
48.64	0.042315916
48.66	0.0413507
48.68	0.039899499
48.7	0.037981635
48.72	0.035664786
48.74	0.033047815
48.76	0.030302536
48.78	0.027582847
48.8	0.02488967
48.82	0.022236081
48.84	0.019668143
48.86	0.01726662
48.88	0.01507856
48.9	0.013099468
48.92	0.011331209
48.94	0.009749223
48.96	0.008375815
48.98	0.00726864
49	0.006445562
49.02	0.005901686
49.04	0.005602876
49.06	0.005479469
49.08	0.005485604
49.1	0.00563886
49.12	0.005931297
49.14	0.006322508
49.16	0.006774535
49.18	0.00726484
49.2	0.00776834
49.22	0.008259571
49.24	0.008620262
49.26	0.008882607
49.28	0.009146811
49.3	0.009484466
49.32	0.009935806
49.34	0.010521576
49.36	0.01125264
49.38	0.012153918
49.4	0.01327312
49.42	0.01466037
49.44	0.016285277
49.46	0.01811011
49.48	0.020117341
49.5	0.022264687
49.52	0.024478282
49.54	0.026693525
49.56	0.028807205
49.58	0.030786714
49.6	0.032641939
49.62	0.034394172
49.64	0.036045617
49.66	0.037545989
49.68	0.038807872
49.7	0.039788314
49.72	0.040472761
49.74	0.040908206
49.76	0.04114354
49.78	0.041241001
49.8	0.041170589
49.82	0.040896061
49.84	0.040391467
49.86	0.039664597
49.88	0.038705788
49.9	0.037478918
49.92	0.035944565
49.94	0.034128935
49.96	0.032038369
49.98	0.029641919
50	0.026920607
50.02	0.023885101
50.04	0.020574283
50.06	0.017071127
50.08	0.013473474
50.1	0.00983441
50.12	0.006235888
50.14	0.002737325
50.16	-0.000596237
50.18	-0.003702255
50.2	-0.006516054
50.22	-0.009002256
50.24	-0.011152806
50.26	-0.012971138
50.28	-0.014466166
50.3	-0.01568931
50.32	-0.016712423
50.34	-0.017486531
50.36	-0.017943239
50.38	-0.018078817
50.4	-0.017839973
50.42	-0.01728763
50.44	-0.016699291
50.46	-0.01607498
50.48	-0.015404804
50.5	-0.014669432
50.52	-0.013870044
50.54	-0.013012292
50.56	-0.012026531
50.58	-0.010884713
50.6	-0.009622321
50.62	-0.008330798
50.64	-0.007083192
50.66	-0.005961939
50.68	-0.005027773
50.7	-0.004242425
50.72	-0.003522464
50.74	-0.002775325
50.76	-0.001967634
50.78	-0.001145749
50.8	-0.000313981
50.82	0.000550909
50.84	0.001487627
50.86	0.002519154
50.88	0.003646037
50.9	0.004984192
50.92	0.006557238
50.94	0.008278285
50.96	0.010019656
50.98	0.011612849
51	0.013016086
51.02	0.014240047
51.04	0.015329707
51.06	0.01631647
51.08	0.017190947
51.1	0.017898024
51.12	0.018409653
51.14	0.018682479
51.16	0.018642628
51.18	0.018278743
51.2	0.017545358
51.22	0.016477865
51.24	0.015187863
51.26	0.013679579
51.28	0.01192501
51.3	0.009942556
51.32	0.007790085
51.34	0.005492247
51.36	0.003060073
51.38	0.000503161
51.4	-0.002134488
51.42	-0.004802592
51.44	-0.007500507
51.46	-0.010144332
51.48	-0.012646549
51.5	-0.014933875
51.52	-0.016946103
51.54	-0.018634179
51.56	-0.019977776
51.58	-0.020971246
51.6	-0.021597528
51.62	-0.021837536
51.64	-0.021690572
51.66	-0.021165217
51.68	-0.020290353
51.7	-0.019098936
51.72	-0.017659187
51.74	-0.016039069
51.76	-0.01429003
51.78	-0.012534989
51.8	-0.010848866
51.82	-0.009164839
51.84	-0.007433846
51.86	-0.005662855
51.88	-0.00389476
51.9	-0.002155143
51.92	-0.000455324
51.94	0.001214775
51.96	0.002833056
51.98	0.004406044
52	0.005964159
52.02	0.007562824
52.04	0.009314258
52.06	0.011255594
52.08	0.013335236
52.1	0.01548393
52.12	0.017701223
52.14	0.020028157
52.16	0.022491532
52.18	0.025077572
52.2	0.027733627
52.22	0.030461737
52.24	0.033207743
52.26	0.035946516
52.28	0.038600755
52.3	0.041115095
52.32	0.043446381
52.34	0.045540599
52.36	0.047362992
52.38	0.048868001
52.4	0.050027496
52.42	0.050808565
52.44	0.051197919
52.46	0.051209713
52.48	0.050833762
52.5	0.050054193
52.52	0.048828347
52.54	0.047131039
52.56	0.04495964
52.58	0.042344282
52.6	0.039349578
52.62	0.036044756
52.64	0.032420359
52.66	0.02852607
52.68	0.024426938
52.7	0.020207349
52.72	0.015900043
52.74	0.011534542
52.76	0.007123847
52.78	0.002699428
52.8	-0.001686463
52.82	-0.005993566
52.84	-0.010207874
52.86	-0.014301227
52.88	-0.018251174
52.9	-0.022024117
52.92	-0.025587468
52.94	-0.028879869
52.96	-0.031853401
52.98	-0.034477586
53	-0.036737467
53.02	-0.038606177
53.04	-0.040091459
53.06	-0.041209891
53.08	-0.041997324
53.1	-0.042479162
53.12	-0.042716382
53.14	-0.042763961
53.16	-0.042663945
53.18	-0.042421823
53.2	-0.042046999
53.22	-0.041514803
53.24	-0.040861637
53.26	-0.040191084
53.28	-0.039563701
53.3	-0.039001672
53.32	-0.038517015
53.34	-0.038096068
53.36	-0.03772004
53.38	-0.037373243
53.4	-0.037033928
53.42	-0.036651352
53.44	-0.036194039
53.46	-0.035618166
53.48	-0.034906247
53.5	-0.034046906
53.52	-0.033023429
53.54	-0.031776212
53.56	-0.030263903
53.58	-0.028497177
53.6	-0.026507411
53.62	-0.024333505
53.64	-0.022009431
53.66	-0.019582658
53.68	-0.017114555
53.7	-0.014727587
53.72	-0.012597299
53.74	-0.0108838
53.76	-0.009635874
53.78	-0.008854175
53.8	-0.00853248
53.82	-0.008643969
53.84	-0.009186552
53.86	-0.010139916
53.88	-0.011494656
53.9	-0.013228309
53.92	-0.015279593
53.94	-0.017404866
53.96	-0.019500327
53.98	-0.021490526
54	-0.023311016
54.02	-0.024894064
54.04	-0.026236298
54.06	-0.027359779
54.08	-0.028280156
54.1	-0.0289784
54.12	-0.029411589
54.14	-0.029517509
54.16	-0.029299409
54.18	-0.028755083
54.2	-0.02791069
54.22	-0.026889687
54.24	-0.02582597
54.26	-0.024712106
54.28	-0.023551282
54.3	-0.022347865
54.32	-0.021084179
54.34	-0.019757763
54.36	-0.018428313
54.38	-0.017159464
54.4	-0.015988038
54.42	-0.014863987
54.44	-0.013737282
54.46	-0.012602174
54.48	-0.011463746
54.5	-0.010325493
54.52	-0.009167785
54.54	-0.00795052
54.56	-0.006633619
54.58	-0.00520811
54.6	-0.003679843
54.62	-0.002016104
54.64	-0.000217389
54.66	0.001707552
54.68	0.003735426
54.7	0.005810012
54.72	0.007869798
54.74	0.009888471
54.76	0.011874469
54.78	0.013827465
54.8	0.01573189
54.82	0.017584658
54.84	0.019347096
54.86	0.02096499
54.88	0.022398109
54.9	0.023636567
54.92	0.024699169
54.94	0.025624868
54.96	0.026435981
54.98	0.027118721
55	0.027663276
55.02	0.028060836
55.04	0.028299299
55.06	0.028359468
55.08	0.028203534
55.1	0.0278149
55.12	0.027146562
55.14	0.026265887
55.16	0.025220152
55.18	0.023961617
55.2	0.022456978
55.22	0.020690095
55.24	0.018713895
55.26	0.016628018
55.28	0.014548527
55.3	0.012537692
55.32	0.010642081
55.34	0.008868818
55.36	0.007214818
55.38	0.005709227
55.4	0.004402948
55.42	0.00335989
55.44	0.002608119
55.46	0.002160088
55.48	0.001993146
55.5	0.002084901
55.52	0.002402135
55.54	0.002942326
55.56	0.003697084
55.58	0.004640777
55.6	0.005737452
55.62	0.006970798
55.64	0.008236926
55.66	0.00948778
55.68	0.0107038
55.7	0.011852801
55.72	0.012925709
55.74	0.013916695
55.76	0.014827103
55.78	0.015646601
55.8	0.016329397
55.82	0.016854949
55.84	0.017234579
55.86	0.017512707
55.88	0.017763666
55.9	0.018034739
55.92	0.018344835
55.94	0.018698815
55.96	0.019149798
55.98	0.019815818
56	0.020720377
56.02	0.021890213
56.04	0.023339478
56.06	0.025061053
56.08	0.026966254
56.1	0.028869595
56.12	0.03068811
56.14	0.032380863
56.16	0.033983779
56.18	0.035471225
56.2	0.036807609
56.22	0.037999274
56.24	0.03903377
56.26	0.03989557
56.28	0.040526905
56.3	0.040850991
56.32	0.040835516
56.34	0.040451949
56.36	0.039716969
56.38	0.038634777
56.4	0.03717785
56.42	0.035305302
56.44	0.033040683
56.46	0.030426611
56.48	0.02759514
56.5	0.024674704
56.52	0.02168697
56.54	0.018698699
56.56	0.01574701
56.58	0.012860673
56.6	0.010041088
56.62	0.007270895
56.64	0.004525224
56.66	0.001809952
56.68	-0.000859823
56.7	-0.003432855
56.72	-0.005882304
56.74	-0.008168654
56.76	-0.01026514
56.78	-0.012163099
56.8	-0.013876985
56.82	-0.015410807
56.84	-0.016772472
56.86	-0.017981338
56.88	-0.019073352
56.9	-0.020081281
56.92	-0.021005787
56.94	-0.021844325
56.96	-0.022586151
56.98	-0.023222926
57	-0.023734604
57.02	-0.024108542
57.04	-0.024349078
57.06	-0.024508328
57.08	-0.024679839
57.1	-0.024869446
57.12	-0.025063563
57.14	-0.025234013
57.16	-0.025388342
57.18	-0.025546975
57.2	-0.025755347
57.22	-0.026044478
57.24	-0.026434873
57.26	-0.026942346
57.28	-0.027540094
57.3	-0.028153322
57.32	-0.028720671
57.34	-0.029191613
57.36	-0.029544538
57.38	-0.029780652
57.4	-0.029867111
57.42	-0.029744662
57.44	-0.029373474
57.46	-0.028738992
57.48	-0.027831736
57.5	-0.026677705
57.52	-0.025329873
57.54	-0.023798856
57.56	-0.02209476
57.58	-0.020275599
57.6	-0.018507868
57.62	-0.016823139
57.64	-0.015240566
57.66	-0.013777735
57.68	-0.012456863
57.7	-0.01126754
57.72	-0.010207641
57.74	-0.009270209
57.76	-0.008446318
57.78	-0.007759038
57.8	-0.007230532
57.82	-0.006857659
57.84	-0.006630742
57.86	-0.006558469
57.88	-0.00664917
57.9	-0.006881701
57.92	-0.007227253
57.94	-0.007622729
57.96	-0.008005415
57.98	-0.008355541
58	-0.008690965
58.02	-0.009033873
58.04	-0.009389524
58.06	-0.009674557
58.08	-0.009807854
58.1	-0.009802363
58.12	-0.009664982
58.14	-0.009407342
58.16	-0.009052644
58.18	-0.008626709
58.2	-0.008170731
58.22	-0.007714816
58.24	-0.007240844
58.26	-0.006733797
58.28	-0.006200939
58.3	-0.005633806
58.32	-0.005031644
58.34	-0.004413791
58.36	-0.003799768
58.38	-0.003195648
58.4	-0.002598931
58.42	-0.002039336
58.44	-0.001545894
58.46	-0.001137563
58.48	-0.000803851
58.5	-0.000533053
58.52	-0.000308551
58.54	-8.06066E-05
58.56	0.000181572
58.58	0.000550805
58.6	0.001015537
58.62	0.001480727
58.64	0.001876117
58.66	0.002148968
58.68	0.002323403
58.7	0.002469623
58.72	0.002555402
58.74	0.002558677
58.76	0.002463136
58.78	0.002272981
58.8	0.001998985
58.82	0.001699175
58.84	0.001378187
58.86	0.001068574
58.88	0.000816315
58.9	0.000704689
58.92	0.000788224
58.94	0.001057798
58.96	0.001526261
58.98	0.002177584
59	0.002960652
59.02	0.003798986
59.04	0.004560726
59.06	0.005182105
59.08	0.005641458
59.1	0.005953665
59.12	0.006131895
59.14	0.006232218
59.16	0.00631379
59.18	0.006376013
59.2	0.00638254
59.22	0.006279501
59.24	0.006039471
59.26	0.005641601
59.28	0.005158899
59.3	0.004654176
59.32	0.004147295
59.34	0.003653477
59.36	0.003207509
59.38	0.002809689
59.4	0.002397192
59.42	0.001996908
59.44	0.001664813
59.46	0.001446504
59.48	0.001332332
59.5	0.001319149
59.52	0.001418193
59.54	0.001641732
59.56	0.001955146
59.58	0.002309226
59.6	0.002655759
59.62	0.002946708
59.64	0.003151117
59.66	0.003269064
59.68	0.003301064
59.7	0.003268251
59.72	0.003160019
59.74	0.002999476
59.76	0.002797868
59.78	0.002581675
59.8	0.002399064
59.82	0.002304908
59.84	0.002313518
59.86	0.002434688
59.88	0.002656983
59.9	0.002947378
59.92	0.0032665
59.94	0.003637062
59.96	0.004087148
59.98	0.004611094
60	0.005184067
60.02	0.005768488
60.04	0.006315042
60.06	0.006809895
60.08	0.007250384
60.1	0.007625998
60.12	0.007916747
60.14	0.008131382
60.16	0.008284662
60.18	0.008362429
60.2	0.008363007
60.22	0.008326009
60.24	0.008246489
60.26	0.008119694
60.28	0.007919743
60.3	0.007620365
60.32	0.007189903
60.34	0.006627478
60.36	0.005963321
60.38	0.005255647
60.4	0.004550556
60.42	0.003872667
60.44	0.00320412
60.46	0.002522254
60.48	0.001827053
60.5	0.001167497
60.52	0.000558902
60.54	1.30212E-05
60.56	-0.000458151
60.58	-0.000845053
60.6	-0.001160779
60.62	-0.001436335
60.64	-0.001702483
60.66	-0.00200243
60.68	-0.002388427
60.7	-0.002865866
60.72	-0.003406759
60.74	-0.003981349
60.76	-0.004577517
60.78	-0.005189009
60.8	-0.005806216
60.82	-0.006439611
60.84	-0.007088113
60.86	-0.007727966
60.88	-0.008354659
60.9	-0.008950847
60.92	-0.009508833
60.94	-0.010029857
60.96	-0.010514704
60.98	-0.010973696
61	-0.011448579
61.02	-0.011978683
61.04	-0.012569227
61.06	-0.01318735
61.08	-0.013792163
61.1	-0.014353857
61.12	-0.014882045
61.14	-0.015384056
61.16	-0.015893718
61.18	-0.016428425
61.2	-0.016993309
61.22	-0.017548028
61.24	-0.018048438
61.26	-0.018437711
61.28	-0.018667213
61.3	-0.018692443
61.32	-0.018500849
61.34	-0.018083423
61.36	-0.017510136
61.38	-0.01683918
61.4	-0.016042062
61.42	-0.015086764
61.44	-0.01397204
61.46	-0.012732957
61.48	-0.011472516
61.5	-0.010182703
61.52	-0.00892396
61.54	-0.007756577
61.56	-0.006731018
61.58	-0.005876459
61.6	-0.005220138
61.62	-0.004744686
61.64	-0.004431795
61.66	-0.004267323
61.68	-0.004247887
61.7	-0.004372779
61.72	-0.004656539
61.74	-0.005123111
61.76	-0.005786104
61.78	-0.006584883
61.8	-0.007364688
61.82	-0.008103186
61.84	-0.008788295
61.86	-0.009407053
61.88	-0.009949309
61.9	-0.010400737
61.92	-0.010747722
61.94	-0.010974123
61.96	-0.011054246
61.98	-0.01094115
62	-0.010595499
62.02	-0.00999134
62.04	-0.009131864
62.06	-0.008065782
62.08	-0.006854264
62.1	-0.005543574
62.12	-0.004191543
62.14	-0.002888454
62.16	-0.001634654
62.18	-0.000473947
62.2	0.000550927
62.22	0.00139711
62.24	0.00205965
62.26	0.002574109
62.28	0.002951065
62.3	0.003208178
62.32	0.003345102
62.34	0.003404631
62.36	0.003359609
62.38	0.00317037
62.4	0.00281116
62.42	0.002270284
62.44	0.001634847
62.46	0.000912963
62.48	0.000139759
62.5	-0.000630685
62.52	-0.001351548
62.54	-0.001991102
62.56	-0.00256644
62.58	-0.003138699
62.6	-0.003728569
62.62	-0.00432845
62.64	-0.004937954
62.66	-0.005532457
62.68	-0.006073753
62.7	-0.006520121
62.72	-0.006833456
62.74	-0.00699768
62.76	-0.007070975
62.78	-0.007217701
62.8	-0.0074836
62.82	-0.00784429
62.84	-0.008239123
62.86	-0.008571475
62.88	-0.008721742
62.9	-0.008647333
62.92	-0.008349387
62.94	-0.007874343
62.96	-0.00730781
62.98	-0.006736275
63	-0.006231037
63.02	-0.005825731
63.04	-0.005501931
63.06	-0.005253667
63.08	-0.005088017
63.1	-0.005022438
63.12	-0.005060557
63.14	-0.005198433
63.16	-0.005419745
63.18	-0.005708596
63.2	-0.006045617
63.22	-0.006335999
63.24	-0.006477401
63.26	-0.006438519
63.28	-0.006195017
63.3	-0.005724176
63.32	-0.005042919
63.34	-0.004173814
63.36	-0.003158789
63.38	-0.002056706
63.4	-0.00080071
63.42	0.000632459
63.44	0.002279733
63.46	0.004150549
63.48	0.006221847
63.5	0.008466788
63.52	0.010831873
63.54	0.013268169
63.56	0.015722436
63.58	0.018164895
63.6	0.020530902
63.62	0.022778355
63.64	0.024889039
63.66	0.026896283
63.68	0.028800522
63.7	0.030559869
63.72	0.032172801
63.74	0.033583097
63.76	0.034771616
63.78	0.035697725
63.8	0.036353619
63.82	0.036747546
63.84	0.036854348
63.86	0.036671501
63.88	0.03620815
63.9	0.035580273
63.92	0.034913395
63.94	0.034225764
63.96	0.033536085
63.98	0.032874331
64	0.032284305
64.02	0.031779407
64.04	0.031351491
64.06	0.031025869
64.08	0.030800837
64.1	0.03068759
64.12	0.030682923
64.14	0.03075927
64.16	0.030896202
64.18	0.031079564
64.2	0.03126805
64.22	0.031392398
64.24	0.031331639
64.26	0.031077886
64.28	0.0306287
64.3	0.030004804
64.32	0.029232002
64.34	0.028363844
64.36	0.027463895
64.38	0.026585767
64.4	0.025794879
64.42	0.025116924
64.44	0.024512177
64.46	0.023964893
64.48	0.023460733
64.5	0.022986735
64.52	0.022552882
64.54	0.022185606
64.56	0.021898963
64.58	0.021640932
64.6	0.021260555
64.62	0.020794062
64.64	0.020275733
64.66	0.019730822
64.68	0.019217081
64.7	0.018792634
64.72	0.018473081
64.74	0.018280671
64.76	0.018237985
64.78	0.018342429
64.8	0.01857211
64.82	0.018931636
64.84	0.019392873
64.86	0.01993401
64.88	0.020569433
64.9	0.021316523
64.92	0.022079035
64.94	0.022779111
64.96	0.023395624
64.98	0.023896461
65	0.024246695
65.02	0.024419729
65.04	0.024368396
65.06	0.024102577
65.08	0.023639232
65.1	0.022979665
65.12	0.02213773
65.14	0.021124474
65.16	0.019944292
65.18	0.018646941
65.2	0.017264384
65.22	0.01585739
65.24	0.014458317
65.26	0.013114257
65.28	0.011859947
65.3	0.0107229
65.32	0.009716292
65.34	0.008847496
65.36	0.008108533
65.38	0.007445633
65.4	0.006841258
65.42	0.006341301
65.44	0.005990216
65.46	0.005868877
65.48	0.006034643
65.5	0.006440252
65.52	0.007031203
65.54	0.007732751
65.56	0.008426396
65.58	0.009081533
65.6	0.009694392
65.62	0.010266467
65.64	0.010779605
65.66	0.011181875
65.68	0.011462167
65.7	0.011573357
65.72	0.011476303
65.74	0.011149306
65.76	0.01060936
65.78	0.009931459
65.8	0.009207338
65.82	0.008518271
65.84	0.007929563
65.86	0.007443086
65.88	0.007029614
65.9	0.006693857
65.92	0.006444977
65.94	0.006308212
65.96	0.006300791
65.98	0.006429123
66	0.006663687
66.02	0.006983632
66.04	0.00737166
66.06	0.007652659
66.08	0.007769427
66.1	0.00766655
66.12	0.007343281
66.14	0.006814695
66.16	0.006101408
66.18	0.005210814
66.2	0.004142617
66.22	0.002911527
66.24	0.001577349
66.26	0.00019697
66.28	-0.001186641
66.3	-0.002561704
66.32	-0.003896518
66.34	-0.005191948
66.36	-0.006420888
66.38	-0.007573972
66.4	-0.008646654
66.42	-0.009638123
66.44	-0.010571708
66.46	-0.011478151
66.48	-0.012395722
66.5	-0.013299839
66.52	-0.014138657
66.54	-0.014873921
66.56	-0.015522393
66.58	-0.016125398
66.6	-0.016712803
66.62	-0.017320979
66.64	-0.017940377
66.66	-0.018540519
66.68	-0.019077514
66.7	-0.019538561
66.72	-0.019921879
66.74	-0.020224876
66.76	-0.020435535
66.78	-0.020537229
66.8	-0.020525584
66.82	-0.020442253
66.84	-0.020294198
66.86	-0.020105874
66.88	-0.019827187
66.9	-0.019423841
66.92	-0.018905358
66.94	-0.01837193
66.96	-0.017898228
66.98	-0.017529741
67	-0.017254941
67.02	-0.017057242
67.04	-0.016881804
67.06	-0.016673003
67.08	-0.016435548
67.1	-0.01615592
67.12	-0.015860309
67.14	-0.015585738
67.16	-0.015319313
67.18	-0.015031537
67.2	-0.014629128
67.22	-0.014015345
67.24	-0.013221831
67.26	-0.01229399
67.28	-0.011275994
67.3	-0.010218745
67.32	-0.009145332
67.34	-0.008080265
67.36	-0.007034653
67.38	-0.00599347
67.4	-0.004951342
67.42	-0.003906297
67.44	-0.002861916
67.46	-0.001822219
67.48	-0.000804259
67.5	0.000149902
67.52	0.001013643
67.54	0.001738897
67.56	0.00229803
67.58	0.002653396
67.6	0.002787634
67.62	0.002684574
67.64	0.00235181
67.66	0.001813161
67.68	0.001101882
67.7	0.000263483
67.72	-0.000663778
67.74	-0.001643763
67.76	-0.002624039
67.78	-0.003520621
67.8	-0.004207681
67.82	-0.004652661
67.84	-0.004843988
67.86	-0.004779588
67.88	-0.004458006
67.9	-0.00389491
67.92	-0.003122323
67.94	-0.002177452
67.96	-0.001107494
67.98	-8.4197E-05
68	0.000875084
68.02	0.001727905
68.04	0.002432937
68.06	0.002947993
68.08	0.003265648
68.1	0.003382845
68.12	0.003331961
68.14	0.003142678
68.16	0.002814571
68.18	0.002344204
68.2	0.001745695
68.22	0.001057513
68.24	0.000311455
68.26	-0.000484086
68.28	-0.001268414
68.3	-0.001953718
68.32	-0.002503269
68.34	-0.002893405
68.36	-0.003124882
68.38	-0.003213508
68.4	-0.003176444
68.42	-0.003011718
68.44	-0.002752591
68.46	-0.002392831
68.48	-0.001925962
68.5	-0.001339398
68.52	-0.000639494
68.54	0.000132436
68.56	0.00088975
68.58	0.001615919
68.6	0.002334173
68.62	0.003077812
68.64	0.003880912
68.66	0.00474847
68.68	0.005656845
68.7	0.006547833
68.72	0.007393415
68.74	0.008188361
68.76	0.008939341
68.78	0.009662153
68.8	0.010380636
68.82	0.011073327
68.84	0.011718435
68.86	0.012297922
68.88	0.012810013
68.9	0.013233161
68.92	0.013529673
68.94	0.013671918
68.96	0.013649392
68.98	0.013493167
69	0.013302943
69.02	0.013029733
69.04	0.012635894
69.06	0.012104251
69.08	0.011459002
69.1	0.010751051
69.12	0.010026031
69.14	0.009311966
69.16	0.008626238
69.18	0.007995287
69.2	0.007421532
69.22	0.006897078
69.24	0.006432052
69.26	0.006065759
69.28	0.005828548
69.3	0.005748834
69.32	0.00584228
69.34	0.006078744
69.36	0.006416706
69.38	0.006828747
69.4	0.007287506
69.42	0.007733469
69.44	0.008099661
69.46	0.008396712
69.48	0.008636485
69.5	0.008805173
69.52	0.008897965
69.54	0.008915155
69.56	0.008845363
69.58	0.008666821
69.6	0.008378009
69.62	0.007996316
69.64	0.00751547
69.66	0.006938429
69.68	0.006271364
69.7	0.00555667
69.72	0.004840067
69.74	0.004159445
69.76	0.00353326
69.78	0.002977595
69.8	0.002510665
69.82	0.002150414
69.84	0.001887827
69.86	0.001762825
69.88	0.001769208
69.9	0.001894627
69.92	0.002161189
69.94	0.00255721
69.96	0.003058481
69.98	0.003619489
70	0.004179789
70.02	0.004659673
70.04	0.005012669
70.06	0.005257676
70.08	0.005396637
70.1	0.005403338
70.12	0.005281608
70.14	0.005056085
70.16	0.00475645
70.18	0.004417392
70.2	0.00405052
70.22	0.003669864
70.24	0.003334045
70.26	0.003024055
70.28	0.002727853
70.3	0.002421499
70.32	0.00209784
70.34	0.001760073
70.36	0.001406837
70.38	0.001039053
70.4	0.000649219
70.42	0.000203129
70.44	-0.000351339
70.46	-0.001027984
70.48	-0.001790234
70.5	-0.002594388
70.52	-0.003399596
70.54	-0.004201508
70.56	-0.005009457
70.58	-0.005816621
70.6	-0.006614979
70.62	-0.007407387
70.64	-0.008172354
70.66	-0.008860237
70.68	-0.009410784
70.7	-0.009786952
70.72	-0.009953226
70.74	-0.0098803
70.76	-0.009564321
70.78	-0.009050511
70.8	-0.008396914
70.82	-0.007595272
70.84	-0.006648957
70.86	-0.005573379
70.88	-0.004431107
70.9	-0.003314013
70.92	-0.002278628
70.94	-0.001301574
70.96	-0.000387847
70.98	0.000455234
71	0.001223357
71.02	0.001921818
71.04	0.002554441
71.06	0.003121851
71.08	0.003618629
71.1	0.004065466
71.12	0.004480686
71.14	0.004873752
71.16	0.005262206
71.18	0.005656789
71.2	0.006055754
71.22	0.006461813
71.24	0.006897693
71.26	0.007399243
71.28	0.007995841
71.3	0.008702151
71.32	0.009525185
71.34	0.010426675
71.36	0.011396555
71.38	0.012426392
71.4	0.013484029
71.42	0.014570966
71.44	0.015699725
71.46	0.016847595
71.48	0.017954478
71.5	0.018969998
71.52	0.019838585
71.54	0.020544101
71.56	0.021087065
71.58	0.021459303
71.6	0.021686429
71.62	0.021786048
71.64	0.021751108
71.66	0.021587865
71.68	0.02128849
71.7	0.020851052
71.72	0.020281496
71.74	0.019701016
71.76	0.019178013
71.78	0.018730751
71.8	0.018336719
71.82	0.017976103
71.84	0.017613875
71.86	0.017221285
71.88	0.016799295
71.9	0.016369963
71.92	0.015978495
71.94	0.015661391
71.96	0.015411882
71.98	0.015202653
72	0.014991318
72.02	0.014774197
72.04	0.014546944
72.06	0.014345002
72.08	0.014186353
72.1	0.014100097
72.12	0.01411399
72.14	0.014236848
72.16	0.014450109
72.18	0.014700994
72.2	0.01493484
72.22	0.015188143
72.24	0.015504141
72.26	0.015888569
72.28	0.016314558
72.3	0.016731829
72.32	0.017098187
72.34	0.017374095
72.36	0.017547684
72.38	0.017640164
72.4	0.017676079
72.42	0.017672258
72.44	0.017646892
72.46	0.01760978
72.48	0.017554098
72.5	0.017498515
72.52	0.017493156
72.54	0.017571829
72.56	0.017720901
72.58	0.017921759
72.6	0.018129406
72.62	0.018296697
72.64	0.018435626
72.66	0.018565146
72.68	0.018685883
72.7	0.018796296
72.72	0.018915365
72.74	0.019049617
72.76	0.019180915
72.78	0.019309037
72.8	0.019449395
72.82	0.019628476
72.84	0.019842641
72.86	0.020067058
72.88	0.020254381
72.9	0.020359185
72.92	0.02033838
72.94	0.020151868
72.96	0.019802479
72.98	0.01931512
73	0.018724456
73.02	0.018082928
73.04	0.017408239
73.06	0.016709537
73.08	0.016017321
73.1	0.015340451
73.12	0.014649875
73.14	0.013948458
73.16	0.013254672
73.18	0.012598238
73.2	0.012002786
73.22	0.011491871
73.24	0.011055872
73.26	0.010701789
73.28	0.010390308
73.3	0.010093802
73.32	0.009791231
73.34	0.009507571
73.36	0.009265219
73.38	0.009075126
73.4	0.008919681
73.42	0.008788951
73.44	0.008662394
73.46	0.008524204
73.48	0.008363868
73.5	0.008178346
73.52	0.007962365
73.54	0.00773334
73.56	0.007491541
73.58	0.007245278
73.6	0.00699505
73.62	0.006737821
73.64	0.006522771
73.66	0.006425312
73.68	0.006420591
73.7	0.006488439
73.72	0.006608721
73.74	0.006760707
73.76	0.006921038
73.78	0.007083871
73.8	0.007252254
73.82	0.007433949
73.84	0.007623002
73.86	0.007805894
73.88	0.007951476
73.9	0.008035825
73.92	0.008072126
73.94	0.008079487
73.96	0.008081856
73.98	0.008081576
74	0.008036744
74.02	0.007944681
74.04	0.007794312
74.06	0.007565426
74.08	0.007280458
74.1	0.00697273
74.12	0.00666216
74.14	0.006346942
74.16	0.006013455
74.18	0.005634779
74.2	0.005182288
74.22	0.004663194
74.24	0.004127883
74.26	0.003592932
74.28	0.003056067
74.3	0.002505921
74.32	0.001963256
74.34	0.001418573
74.36	0.000846345
74.38	0.000242633
74.4	-0.000366467
74.42	-0.000957668
74.44	-0.001516879
74.46	-0.00201218
74.48	-0.002423742
74.5	-0.00271792
74.52	-0.002883104
74.54	-0.002926522
74.56	-0.002856489
74.58	-0.002723247
74.6	-0.002571769
74.62	-0.002398354
74.64	-0.002198903
74.66	-0.001964226
74.68	-0.001696307
74.7	-0.001443853
74.72	-0.001264942
74.74	-0.001099221
74.76	-0.000938156
74.78	-0.000796971
74.8	-0.000687663
74.82	-0.000607955
74.84	-0.000536127
74.86	-0.00046232
74.88	-0.000383224
74.9	-0.000291654
74.92	-0.000200677
74.94	-0.00012933
74.96	-9.82304E-05
74.98	-0.000116959
75	-0.000136503
75.02	-0.00013405
75.04	-7.09913E-05
75.06	8.29371E-05
75.08	0.000347119
75.1	0.000705699
75.12	0.00111605
75.14	0.001581363
75.16	0.002085922
75.18	0.002629033
75.2	0.003203845
75.22	0.003799822
75.24	0.00440524
75.26	0.005011085
75.28	0.005606178
75.3	0.006167588
75.32	0.006676583
75.34	0.007123181
75.36	0.007497462
75.38	0.007795867
75.4	0.008015851
75.42	0.008165106
75.44	0.008244875
75.46	0.008244052
75.48	0.008145679
75.5	0.00794688
75.52	0.007659852
75.54	0.007293607
75.56	0.006872102
75.58	0.006400222
75.6	0.005913868
75.62	0.005449096
75.64	0.004980494
75.66	0.004489165
75.68	0.003974766
75.7	0.003442072
75.72	0.002902437
75.74	0.002372574
75.76	0.00185578
75.78	0.001360229
75.8	0.000890204
75.82	0.000454837
75.84	7.59792E-05
75.86	-0.000241151
75.88	-0.000496904
75.9	-0.000678113
75.92	-0.000771414
75.94	-0.000746089
75.96	-0.000595222
75.98	-0.000332899
76	1.22839E-05
76.02	0.000419779
76.04	0.000853916
76.06	0.001216333
76.08	0.001498033
76.1	0.001722066
76.12	0.001920995
76.14	0.002128212
76.16	0.002353802
76.18	0.002586074
76.2	0.002781341
76.22	0.002892126
76.24	0.002896695
76.26	0.002812202
76.28	0.002666924
76.3	0.002521418
76.32	0.00238278
76.34	0.002244113
76.36	0.002096601
76.38	0.001933038
76.4	0.00178709
76.42	0.001708574
76.44	0.001758143
76.46	0.001962879
76.48	0.002326955
76.5	0.002839205
76.52	0.003486091
76.54	0.004263375
76.56	0.005140084
76.58	0.006086953
76.6	0.007070935
76.62	0.008056871
76.64	0.009009435
76.66	0.009913541
76.68	0.010788445
76.7	0.011640993
76.72	0.012418258
76.74	0.013125714
76.76	0.013760459
76.78	0.0143145
76.8	0.014773881
76.82	0.015122518
76.84	0.015352988
76.86	0.015461262
76.88	0.015440921
76.9	0.015289619
76.92	0.015022363
76.94	0.014663375
76.96	0.01424423
76.98	0.01378392
77	0.013302636
77.02	0.01279403
77.04	0.012256798
77.06	0.01170923
77.08	0.011212403
77.1	0.010766914
77.12	0.010364019
77.14	0.010031328
77.16	0.009778054
77.18	0.009609141
77.2	0.009525671
77.22	0.009518708
77.24	0.009590899
77.26	0.009743526
77.28	0.009962667
77.3	0.010221713
77.32	0.01050215
77.34	0.010783773
77.36	0.011064629
77.38	0.011353597
77.4	0.011652891
77.42	0.011954823
77.44	0.012225216
77.46	0.012439305
77.48	0.012583225
77.5	0.012650223
77.52	0.012650354
77.54	0.01261652
77.56	0.012585973
77.58	0.012585677
77.6	0.012608351
77.62	0.012608831
77.64	0.012535523
77.66	0.012371324
77.68	0.01211526
77.7	0.011801985
77.72	0.011464981
77.74	0.011131259
77.76	0.010799198
77.78	0.010470183
77.8	0.010143119
77.82	0.009817845
77.84	0.009522779
77.86	0.009310539
77.88	0.009231402
77.9	0.00930242
77.92	0.009523798
77.94	0.00988544
77.96	0.010384155
77.98	0.011007627
78	0.011712619
78.02	0.012472857
78.04	0.013239476
78.06	0.013961053
78.08	0.014600379
78.1	0.015127759
78.12	0.015512323
78.14	0.015723791
78.16	0.015745438
78.18	0.015577819
78.2	0.015238825
78.22	0.014749333
78.24	0.014137823
78.26	0.013433766
78.28	0.012666406
78.3	0.011925034
78.32	0.011190739
78.34	0.01048934
78.36	0.009839594
78.38	0.009254875
78.4	0.008744513
78.42	0.008308851
78.44	0.007939837
78.46	0.007643089
78.48	0.007401585
78.5	0.007210288
78.52	0.007079015
78.54	0.007011434
78.56	0.007021918
78.58	0.007113435
78.6	0.007268649
78.62	0.007457167
78.64	0.00766321
78.66	0.007876677
78.68	0.008080891
78.7	0.008263438
78.72	0.008445572
78.74	0.008595374
78.76	0.008697355
78.78	0.008756807
78.8	0.008784463
78.82	0.008794325
78.84	0.008799083
78.86	0.008808442
78.88	0.00882953
78.9	0.008870119
78.92	0.008937724
78.94	0.009041489
78.96	0.009183845
78.98	0.009370234
79	0.009571495
79.02	0.009772091
79.04	0.009954573
79.06	0.010098374
79.08	0.010201601
79.1	0.010287132
79.12	0.010375555
79.14	0.01045188
79.16	0.010506051
79.18	0.010517118
79.2	0.010469157
79.22	0.010369593
79.24	0.010218953
79.26	0.010039716
79.28	0.009834182
79.3	0.009615977
79.32	0.009390709
79.34	0.009141943
79.36	0.008864847
79.38	0.008573593
79.4	0.008293762
79.42	0.008063476
79.44	0.007921395
79.46	0.007877782
79.48	0.007923819
79.5	0.008022672
79.52	0.008140306
79.54	0.008234577
79.56	0.008258466
79.58	0.008189827
79.6	0.008013782
79.62	0.007725997
79.64	0.007338022
79.66	0.006848528
79.68	0.006281321
79.7	0.005671057
79.72	0.005037508
79.74	0.004405905
79.76	0.003806105
79.78	0.00325901
79.8	0.002762714
79.82	0.002350934
79.84	0.002012726
79.86	0.001737223
79.88	0.00153193
79.9	0.001430004
79.92	0.001441554
79.94	0.001542894
79.96	0.001695293
79.98	0.001828251
80	0.001942589
80.02	0.002046402
80.04	0.002145154
80.06	0.00224734
80.08	0.002342648
80.1	0.002419718
80.12	0.002453225
80.14	0.002425289
80.16	0.00234577
80.18	0.00222584
80.2	0.002079257
80.22	0.001930746
80.24	0.001784541
80.26	0.001644709
80.28	0.001527754
80.3	0.001457586
80.32	0.00145457
80.34	0.001579446
80.36	0.001859993
80.38	0.002301186
80.4	0.002859778
80.42	0.003498552
80.44	0.004171634
80.46	0.004844362
80.48	0.005490692
80.5	0.006105247
80.52	0.006695869
80.54	0.007270397
80.56	0.007821109
80.58	0.008311523
80.6	0.008717401
80.62	0.009003912
80.64	0.009150979
80.66	0.009150037
80.68	0.009016961
80.7	0.008789323
80.72	0.008521927
80.74	0.008266854
80.76	0.008039539
80.78	0.007803138
80.8	0.007535706
80.82	0.007243091
80.84	0.006956471
80.86	0.006764706
80.88	0.006688972
80.9	0.006722696
80.92	0.006868296
80.94	0.007119968
80.96	0.007458058
80.98	0.007864298
81	0.008319828
81.02	0.008807722
81.04	0.009296837
81.06	0.009764762
81.08	0.010180686
81.1	0.010513889
81.12	0.010771635
81.14	0.010970209
81.16	0.011133679
81.18	0.01123737
81.2	0.011265264
81.22	0.011205122
81.24	0.011057208
81.26	0.010858517
81.28	0.010637368
81.3	0.010423896
81.32	0.010242354
81.34	0.010106925
81.36	0.010010294
81.38	0.009947335
81.4	0.009913135
81.42	0.009890707
81.44	0.009907037
81.46	0.009986994
81.48	0.010111102
81.5	0.010257293
81.52	0.010407016
81.54	0.010540643
81.56	0.010644172
81.58	0.010711825
81.6	0.010749722
81.62	0.010752368
81.64	0.010715674
81.66	0.010637146
81.68	0.010540506
81.7	0.010438365
81.72	0.010340303
81.74	0.010240387
81.76	0.010168865
81.78	0.010159055
81.8	0.010233152
81.82	0.010395043
81.84	0.010646266
81.86	0.010966512
81.88	0.011327779
81.9	0.011720519
81.92	0.012122655
81.94	0.012521225
81.96	0.012895667
81.98	0.01323906
82	0.013516378
82.02	0.01368013
82.04	0.013701993
82.06	0.013574816
82.08	0.013297628
82.1	0.012879153
82.12	0.01235597
82.14	0.011769435
82.16	0.01114791
82.18	0.010500418
82.2	0.009829584
82.22	0.009168524
82.24	0.008556013
82.26	0.008007445
82.28	0.007539949
82.3	0.007165481
82.32	0.006888216
82.34	0.006707494
82.36	0.006629426
82.38	0.00665118
82.4	0.006752051
82.42	0.006930141
82.44	0.00718956
82.46	0.007534835
82.48	0.00794169
82.5	0.008395715
82.52	0.00886518
82.54	0.009331927
82.56	0.009794888
82.58	0.010241383
82.6	0.010644401
82.62	0.010980072
82.64	0.011232901
82.66	0.011390843
82.68	0.011442796
82.7	0.011396779
82.72	0.011264433
82.74	0.011076958
82.76	0.010864675
82.78	0.010652194
82.8	0.010448475
82.82	0.010266357
82.84	0.010118803
82.86	0.010017306
82.88	0.009992804
82.9	0.010038088
82.92	0.010124364
82.94	0.010204685
82.96	0.010249805
82.98	0.010235188
83	0.010153409
83.02	0.01001258
83.04	0.0098175
83.06	0.009587128
83.08	0.009343886
83.1	0.009093578
83.12	0.008836986
83.14	0.008594923
83.16	0.008381669
83.18	0.008212603
83.2	0.008099882
83.22	0.008060037
83.24	0.008099328
83.26	0.008212557
83.28	0.008364188
83.3	0.008521081
83.32	0.008664282
83.34	0.008782071
83.36	0.008865558
83.38	0.008922372
83.4	0.008966028
83.42	0.009014968
83.44	0.009059059
83.46	0.009087927
83.48	0.009070534
83.5	0.008966494
83.52	0.008750833
83.54	0.008415984
83.56	0.00796992
83.58	0.007424038
83.6	0.006770164
83.62	0.006022352
83.64	0.005211543
83.66	0.004367193
83.68	0.003501855
83.7	0.002643784
83.72	0.001846933
83.74	0.001148562
83.76	0.000544385
83.78	5.26332E-05
83.8	-0.000307716
83.82	-0.000523821
83.84	-0.000592879
83.86	-0.000510103
83.88	-0.000294714
83.9	5.16557E-05
83.92	0.000518416
83.94	0.001058501
83.96	0.001545367
83.98	0.001990085
84	0.002391456
84.02	0.002741002
84.04	0.003028937
84.06	0.003244915
84.08	0.003358741
84.1	0.003366169
84.12	0.003267944
84.14	0.003063256
84.16	0.002777736
84.18	0.002455491
84.2	0.002108901
84.22	0.001740077
84.24	0.001357196
84.26	0.000967918
84.28	0.000610772
84.3	0.000318949
84.32	0.000136317
84.34	0.000107986
84.36	0.000211402
84.38	0.000402499
84.4	0.000638254
84.42	0.000907674
84.44	0.001206271
84.46	0.001535924
84.48	0.001896397
84.5	0.002300104
84.52	0.002739539
84.54	0.00318253
84.56	0.003627789
84.58	0.004060804
84.6	0.004474489
84.62	0.004873961
84.64	0.005257753
84.66	0.005639686
84.68	0.006022016
84.7	0.006399374
84.72	0.00676702
84.74	0.007115889
84.76	0.007415384
84.78	0.007646436
84.8	0.007796955
84.82	0.007867323
84.84	0.007875484
84.86	0.007862238
84.88	0.007882274
84.9	0.007995432
84.92	0.00816196
84.94	0.00834676
84.96	0.008533337
84.98	0.008702789
85	0.008845143
85.02	0.008959746
85.04	0.009054768
85.06	0.00913377
85.08	0.009165675
85.1	0.00912044
85.12	0.009043519
85.14	0.008940678
85.16	0.008825564
85.18	0.008709675
85.2	0.008613563
85.22	0.008590727
85.24	0.008670669
85.26	0.008842451
85.28	0.009108973
85.3	0.00948022
85.32	0.009932379
85.34	0.010420813
85.36	0.010908211
85.38	0.011373918
85.4	0.011830497
85.42	0.012265766
85.44	0.0126338
85.46	0.012914395
85.48	0.013087449
85.5	0.013180317
85.52	0.013175995
85.54	0.013064083
85.56	0.012842304
85.58	0.01251995
85.6	0.012124772
85.62	0.011718111
85.64	0.011313175
85.66	0.01089205
85.68	0.010475079
85.7	0.010088598
85.72	0.009750851
85.74	0.009476388
85.76	0.009270342
85.78	0.009126945
85.8	0.009045357
85.82	0.009023062
85.84	0.009051924
85.86	0.009126699
85.88	0.009246608
85.9	0.009422389
85.92	0.009656299
85.94	0.009942186
85.96	0.010272653
85.98	0.010603257
86	0.01087519
86.02	0.011079573
86.04	0.011217772
86.06	0.011289762
86.08	0.011307382
86.1	0.011269677
86.12	0.011194583
86.14	0.011099871
86.16	0.01098688
86.18	0.010847686
86.2	0.010675794
86.22	0.010487824
86.24	0.010313662
86.26	0.010151756
86.28	0.010021984
86.3	0.009950858
86.32	0.00995924
86.34	0.010052602
86.36	0.010215193
86.38	0.010402175
86.4	0.010590116
86.42	0.010781129
86.44	0.010973836
86.46	0.011175226
86.48	0.011396743
86.5	0.011642516
86.52	0.011881028
86.54	0.01205665
86.56	0.012124948
86.58	0.012068876
86.6	0.011892627
86.62	0.011637963
86.64	0.011331796
86.66	0.011015737
86.68	0.010713343
86.7	0.010444331
86.72	0.01021524
86.74	0.010018837
86.76	0.009841937
86.78	0.009676925
86.8	0.00955148
86.82	0.009482144
86.84	0.009477281
86.86	0.009541628
86.88	0.009655841
86.9	0.009771161
86.92	0.00984597
86.94	0.009853731
86.96	0.009796388
86.98	0.009689151
87	0.009545582
87.02	0.009376521
87.04	0.009181841
87.06	0.008948381
87.08	0.008666355
87.1	0.00832435
87.12	0.007921629
87.14	0.007484873
87.16	0.00704554
87.18	0.006614288
87.2	0.006186009
87.22	0.00575699
87.24	0.005338373
87.26	0.004941433
87.28	0.004561554
87.3	0.004203229
87.32	0.003869051
87.34	0.003573485
87.36	0.003323229
87.38	0.003118641
87.4	0.002953251
87.42	0.002824539
87.44	0.00271821
87.46	0.002620985
87.48	0.002517841
87.5	0.002397519
87.52	0.002242559
87.54	0.00205327
87.56	0.001843278
87.58	0.001618047
87.6	0.001394438
87.62	0.001199408
87.64	0.001026653
87.66	0.000876679
87.68	0.000754015
87.7	0.000664087
87.72	0.000609018
87.74	0.000598879
87.76	0.000645102
87.78	0.000760763
87.8	0.000928186
87.82	0.001131909
87.84	0.001349634
87.86	0.001566485
87.88	0.001782677
87.9	0.002003413
87.92	0.00221463
87.94	0.002402244
87.96	0.002553749
87.98	0.002651467
88	0.002667682
88.02	0.002568313
88.04	0.002336111
88.06	0.001997041
88.08	0.001586851
88.1	0.001145571
88.12	0.000703967
88.14	0.000275506
88.16	-0.000139955
88.18	-0.000548213
88.2	-0.000951409
88.22	-0.001348427
88.24	-0.001720433
88.26	-0.002039886
88.28	-0.002282003
88.3	-0.002438976
88.32	-0.002515658
88.34	-0.002522165
88.36	-0.002480826
88.38	-0.002399922
88.4	-0.002267109
88.42	-0.002061421
88.44	-0.001786078
88.46	-0.001456881
88.48	-0.00109323
88.5	-0.000726876
88.52	-0.000434314
88.54	-0.000216458
88.56	-6.23661E-05
88.58	2.37123E-05
88.6	5.42729E-05
88.62	3.57552E-05
88.64	-2.20055E-05
88.66	-0.000113986
88.68	-0.000221196
88.7	-0.000304766
88.72	-0.000336452
88.74	-0.000309416
88.76	-0.000217912
88.78	-7.05951E-05
88.8	0.000128476
88.82	0.000369949
88.84	0.000652818
88.86	0.000992602
88.88	0.001395854
88.9	0.001851135
88.92	0.00231857
88.94	0.002778607
88.96	0.003215813
88.98	0.003640319
89	0.004053907
89.02	0.004454815
89.04	0.004844098
89.06	0.005221438
89.08	0.005576058
89.1	0.005909171
89.12	0.006237675
89.14	0.00655781
89.16	0.006865657
89.18	0.007164175
89.2	0.007463835
89.22	0.00778262
89.24	0.008120688
89.26	0.008463574
89.28	0.008787221
89.3	0.009070031
89.32	0.009286838
89.34	0.009428148
89.36	0.009466877
89.38	0.009380918
89.4	0.009177421
89.42	0.008893914
89.44	0.008541426
89.46	0.008127934
89.48	0.007664854
89.5	0.007179391
89.52	0.006703383
89.54	0.006256742
89.56	0.005834116
89.58	0.005423386
89.6	0.005017256
89.62	0.004611096
89.64	0.004210793
89.66	0.003842093
89.68	0.003540982
89.7	0.003305543
89.72	0.003128276
89.74	0.003016284
89.76	0.002979136
89.78	0.003031985
89.8	0.003192216
89.82	0.003471897
89.84	0.003857502
89.86	0.004327357
89.88	0.004866367
89.9	0.005436325
89.92	0.005975852
89.94	0.006420155
89.96	0.006783002
89.98	0.007060551
90	0.007239553
90.02	0.007306533
90.04	0.007263234
90.06	0.00712174
90.08	0.006908488
90.1	0.006649211
90.12	0.006391298
90.14	0.006177399
90.16	0.006018179
90.18	0.005897265
90.2	0.005802196
90.22	0.005731158
90.24	0.005692813
90.26	0.005709211
90.28	0.005806239
90.3	0.006007246
90.32	0.006315369
90.34	0.006710532
90.36	0.007174166
90.38	0.007698823
90.4	0.00827757
90.42	0.008907126
90.44	0.009575772
90.46	0.010273972
90.48	0.010985562
90.5	0.011682595
90.52	0.012328205
90.54	0.012907931
90.56	0.013409172
90.58	0.013843272
90.6	0.014202146
90.62	0.014481368
90.64	0.014696173
90.66	0.014852898
90.68	0.01494765
90.7	0.014991101
90.72	0.014983669
90.74	0.014934958
90.76	0.014853138
90.78	0.014779103
90.8	0.014735564
90.82	0.014703394
90.84	0.014672903
90.86	0.014640261
90.88	0.01459809
90.9	0.014550176
90.92	0.014490156
90.94	0.014427178
90.96	0.014363177
90.98	0.01428292
91	0.01418378
91.02	0.014071567
91.04	0.013970895
91.06	0.013920761
91.08	0.01392095
91.1	0.013964841
91.12	0.014022228
91.14	0.014062614
91.16	0.01406847
91.18	0.014042975
91.2	0.01401964
91.22	0.014011091
91.24	0.014014006
91.26	0.014017498
91.28	0.014006434
91.3	0.013957897
91.32	0.01384329
91.34	0.013662085
91.36	0.013433121
91.38	0.013172301
91.4	0.012884659
91.42	0.012562136
91.44	0.012199337
91.46	0.011796697
91.48	0.011358877
91.5	0.010902777
91.52	0.010440609
91.54	0.009980492
91.56	0.009540402
91.58	0.009144555
91.6	0.008807018
91.62	0.008527147
91.64	0.008294048
91.66	0.008096883
91.68	0.007930134
91.7	0.007823871
91.72	0.007795269
91.74	0.007852201
91.76	0.007990146
91.78	0.008206991
91.8	0.008492816
91.82	0.00882748
91.84	0.009190452
91.86	0.00957622
91.88	0.009989141
91.9	0.010418001
91.92	0.010834171
91.94	0.011189324
91.96	0.011444144
91.98	0.011579513
92	0.011591585
92.02	0.011490303
92.04	0.011289915
92.06	0.011003114
92.08	0.010638903
92.1	0.010219084
92.12	0.009768783
92.14	0.0093211
92.16	0.008917598
92.18	0.008604195
92.2	0.008366971
92.22	0.008176849
92.24	0.008038898
92.26	0.007946709
92.28	0.007898442
92.3	0.007897668
92.32	0.00794456
92.34	0.008028108
92.36	0.008115095
92.38	0.008177727
92.4	0.008195255
92.42	0.008160863
92.44	0.008084674
92.46	0.007989575
92.48	0.007896014
92.5	0.007809997
92.52	0.007729972
92.54	0.007656158
92.56	0.007591513
92.58	0.007525085
92.6	0.007464488
92.62	0.007426049
92.64	0.007426069
92.66	0.007479945
92.68	0.007589676
92.7	0.007746797
92.72	0.00792909
92.74	0.008120007
92.76	0.008305015
92.78	0.008493864
92.8	0.008702363
92.82	0.008935394
92.84	0.009187847
92.86	0.009447132
92.88	0.00970044
92.9	0.009935644
92.92	0.010156266
92.94	0.010370086
92.96	0.010577761
92.98	0.010771948
93	0.010944183
93.02	0.01107324
93.04	0.011146451
93.06	0.011174388
93.08	0.011166739
93.1	0.011137598
93.12	0.01108626
93.14	0.011018253
93.16	0.010935669
93.18	0.010832028
93.2	0.010712077
93.22	0.010592358
93.24	0.010509671
93.26	0.010461712
93.28	0.010447848
93.3	0.0104558
93.32	0.010472633
93.34	0.010486008
93.36	0.010484482
93.38	0.01045355
93.4	0.010385939
93.42	0.010281885
93.44	0.010143356
93.46	0.009962325
93.48	0.009723885
93.5	0.009417224
93.52	0.009042643
93.54	0.008609929
93.56	0.008134632
93.58	0.007642031
93.6	0.007169509
93.62	0.006720262
93.64	0.006300132
93.66	0.005914824
93.68	0.005565069
93.7	0.00525129
93.72	0.004974813
93.74	0.004735583
93.76	0.004546231
93.78	0.004406864
93.8	0.004299677
93.82	0.004223066
93.84	0.004163263
93.86	0.004123209
93.88	0.004115012
93.9	0.00414722
93.92	0.004221918
93.94	0.004337405
93.96	0.00448076
93.98	0.004639588
94	0.004803263
94.02	0.004971482
94.04	0.005153278
94.06	0.005371745
94.08	0.005623517
94.1	0.005920475
94.12	0.00626483
94.14	0.006648888
94.16	0.007068161
94.18	0.007541486
94.2	0.008078861
94.22	0.008688934
94.24	0.009369271
94.26	0.010100002
94.28	0.010858443
94.3	0.011618576
94.32	0.012368049
94.34	0.013103968
94.36	0.013810491
94.38	0.014472853
94.4	0.01506659
94.42	0.015581326
94.44	0.016008999
94.46	0.01634191
94.48	0.016572619
94.5	0.01670514
94.52	0.016750115
94.54	0.016724958
94.56	0.016643257
94.58	0.016503347
94.6	0.016299893
94.62	0.016044037
94.64	0.015752747
94.66	0.01545087
94.68	0.015153929
94.7	0.01486564
94.72	0.014582692
94.74	0.014312819
94.76	0.014048666
94.78	0.013791522
94.8	0.013532093
94.82	0.013271722
94.84	0.0130097
94.86	0.012738071
94.88	0.012443866
94.9	0.012114237
94.92	0.011744554
94.94	0.011332952
94.96	0.010894635
94.98	0.010459228
95	0.010043924
95.02	0.009663351
95.04	0.009314916
95.06	0.008995995
95.08	0.008692682
95.1	0.008410751
95.12	0.008161791
95.14	0.007944168
95.16	0.007763801
95.18	0.007619126
95.2	0.007507926
95.22	0.007409097
95.24	0.007283857
95.26	0.007125959
95.28	0.006929896
95.3	0.006716657
95.32	0.006507982
95.34	0.006320751
95.36	0.006158512
95.38	0.00602188
95.4	0.005913594
95.42	0.005834633
95.44	0.005787151
95.46	0.005772133
95.48	0.005787945
95.5	0.005834613
95.52	0.005897966
95.54	0.005972496
95.56	0.006057613
95.58	0.006165165
95.6	0.006296148
95.62	0.006468455
95.64	0.00667303
95.66	0.006893054
95.68	0.007125733
95.7	0.007375643
95.72	0.007660062
95.74	0.007987475
95.76	0.008347392
95.78	0.008730088
95.8	0.009098197
95.82	0.009410025
95.84	0.009629063
95.86	0.009743838
95.88	0.009763709
95.9	0.00971021
95.92	0.009607338
95.94	0.009467348
95.96	0.009280641
95.98	0.009033649
96	0.008710531
96.02	0.008321917
96.04	0.007890403
96.06	0.007442383
96.08	0.007000385
96.1	0.00658629
96.12	0.006212201
96.14	0.005875032
96.16	0.005545267
96.18	0.005208059
96.2	0.004865438
96.22	0.004530706
96.24	0.004232897
96.26	0.003990598
96.28	0.003810739
96.3	0.003683892
96.32	0.003569071
96.34	0.003442299
96.36	0.003292248
96.38	0.003129651
96.4	0.00298411
96.42	0.002882566
96.44	0.002852228
96.46	0.002897628
96.48	0.003013077
96.5	0.00316652
96.52	0.003338954
96.54	0.003526886
96.56	0.003717437
96.58	0.00390006
96.6	0.004072137
96.62	0.004216073
96.64	0.00430688
96.66	0.004322172
96.68	0.004261859
96.7	0.004149254
96.72	0.004014335
96.74	0.003875319
96.76	0.003738414
96.78	0.003603711
96.8	0.003508592
96.82	0.00347764
96.84	0.003525499
96.86	0.003662657
96.88	0.003879177
96.9	0.004146595
96.92	0.00443891
96.94	0.004758935
96.96	0.005114366
96.98	0.00549774
97	0.005906626
97.02	0.006355059
97.04	0.006846979
97.06	0.007371078
97.08	0.007898389
97.1	0.00839974
97.12	0.00886347
97.14	0.009286779
97.16	0.009658054
97.18	0.009957996
97.2	0.010182517
97.22	0.010318307
97.24	0.010359591
97.26	0.010311493
97.28	0.01016412
97.3	0.009917547
97.32	0.009578272
97.34	0.009173386
97.36	0.008732884
97.38	0.008281816
97.4	0.007799474
97.42	0.007270942
97.44	0.006703367
97.46	0.006113075
97.48	0.00553136
97.5	0.004981782
97.52	0.004490047
97.54	0.004073776
97.56	0.00372562
97.58	0.003426549
97.6	0.003156609
97.62	0.002911779
97.64	0.002694878
97.66	0.002526127
97.68	0.002423278
97.7	0.002402651
97.72	0.002455969
97.74	0.002561884
97.76	0.002649428
97.78	0.002682378
97.8	0.002709023
97.82	0.00274397
97.84	0.002789438
97.86	0.002871576
97.88	0.00300857
97.9	0.00319401
97.92	0.003401653
97.94	0.003612514
97.96	0.003816518
97.98	0.004014374
98	0.004202768
98.02	0.004367652
98.04	0.004497511
98.06	0.004618518
98.08	0.004756057
98.1	0.004939476
98.12	0.005181963
98.14	0.005480181
98.16	0.005809019
98.18	0.006149816
98.2	0.006504844
98.22	0.006892642
98.24	0.007324055
98.26	0.007787462
98.28	0.008257543
98.3	0.00872673
98.32	0.009198236
98.34	0.009666895
98.36	0.010118658
98.38	0.010561867
98.4	0.011001456
98.42	0.011451251
98.44	0.01191451
98.46	0.012384088
98.48	0.012847993
98.5	0.013305928
98.52	0.013761883
98.54	0.014217301
98.56	0.014643873
98.58	0.015019396
98.6	0.01531702
98.62	0.015522504
98.64	0.015632488
98.66	0.015641477
98.68	0.015553793
98.7	0.015382459
98.72	0.015140582
98.74	0.014831866
98.76	0.014487911
98.78	0.014183263
98.8	0.013928445
98.82	0.013697719
98.84	0.013463637
98.86	0.01322107
98.88	0.012973482
98.9	0.012731979
98.92	0.012509664
98.94	0.012325549
98.96	0.012175269
98.98	0.012050616
99	0.011921926
99.02	0.011753015
99.04	0.011556053
99.06	0.011349058
99.08	0.011138739
99.1	0.010939934
99.12	0.010763302
99.14	0.010612841
99.16	0.010488262
99.18	0.010378134
99.2	0.010276992
99.22	0.010178456
99.24	0.010075321
99.26	0.009943918
99.28	0.009779828
99.3	0.009608981
99.32	0.009460525
99.34	0.009347306
99.36	0.009276124
99.38	0.009240958
99.4	0.009229344
99.42	0.009220904
99.44	0.009203079
99.46	0.009181968
99.48	0.009165334
99.5	0.00916746
99.52	0.009201169
99.54	0.009276387
99.56	0.009393428
99.58	0.009532178
99.6	0.009650241
99.62	0.009726138
99.64	0.009755183
99.66	0.009736775
99.68	0.009682362
99.7	0.009611506
99.72	0.009538309
99.74	0.009477166
99.76	0.009431236
99.78	0.009392233
99.8	0.009351995
99.82	0.009316033
99.84	0.009310346
99.86	0.009356065
99.88	0.009458125
99.9	0.009616716
99.92	0.009827612
99.94	0.010084054
99.96	0.010374847
99.98	0.010687387
100	0.011012877
100.02	0.011324876
100.04	0.011597985
100.06	0.011817858
100.08	0.011975106
100.1	0.012073724
100.12	0.012125175
100.14	0.01214437
100.16	0.012132304
100.18	0.01208738
100.2	0.012017155
100.22	0.011927126
100.24	0.011812978
100.26	0.011676249
100.28	0.011540921
100.3	0.011431272
100.32	0.011364354
100.34	0.011350759
100.36	0.011386673
100.38	0.011452659
100.4	0.011521419
100.42	0.011581424
100.44	0.01163162
100.46	0.011673121
100.48	0.011718035
100.5	0.011770431
100.52	0.011825926
100.54	0.011876472
100.56	0.011911408
100.58	0.011908984
100.6	0.011857567
100.62	0.011761747
100.64	0.011634025
100.66	0.01147949
100.68	0.011313891
100.7	0.011130741
100.72	0.010936958
100.74	0.010746293
100.76	0.01057181
100.78	0.010424354
100.8	0.010312099
100.82	0.010248366
100.84	0.010248222
100.86	0.010320398
100.88	0.010468193
100.9	0.010687936
100.92	0.010962137
100.94	0.011275749
100.96	0.011600248
100.98	0.01190749
101	0.012173373
101.02	0.012375088
101.04	0.012491744
101.06	0.012505756
101.08	0.01242822
101.1	0.012268339
101.12	0.012042472
101.14	0.011759256
101.16	0.011420282
101.18	0.011042341
101.2	0.010635144
101.22	0.010211708
101.24	0.009796767
101.26	0.00940809
101.28	0.009053211
101.3	0.008728268
101.32	0.008416175
101.34	0.008103539
101.36	0.007784506
101.38	0.007462924
101.4	0.007149955
101.42	0.006858837
101.44	0.006610758
101.46	0.006423985
101.48	0.006314168
101.5	0.006276526
101.52	0.006281297
101.54	0.006301918
101.56	0.006327671
101.58	0.006347463
101.6	0.006347682
101.62	0.006315513
101.64	0.006257956
101.66	0.006158626
101.68	0.006018734
101.7	0.005842111
101.72	0.005630728
101.74	0.005401453
101.76	0.005179587
101.78	0.004985183
101.8	0.004838989
101.82	0.004756061
101.84	0.004736808
101.86	0.004779501
101.88	0.00487545
101.9	0.005022014
101.92	0.00521759
101.94	0.005451969
101.96	0.005724773
101.98	0.006028924
102	0.006359922
102.02	0.006719123
102.04	0.007095234
102.06	0.007475483
102.08	0.007858856
102.1	0.008231479
102.12	0.008583153
102.14	0.008913349
102.16	0.009235749
102.18	0.00958102
102.2	0.009946087
102.22	0.010331695
102.24	0.01073945
102.26	0.011177186
102.28	0.011647428
102.3	0.012158679
102.32	0.012707166
102.34	0.013293006
102.36	0.013918719
102.38	0.014564847
102.4	0.015198519
102.42	0.015780281
102.44	0.016279693
102.46	0.016676933
102.48	0.016970832
102.5	0.017156192
102.52	0.017227665
102.54	0.017189326
102.56	0.017030449
102.58	0.016745714
102.6	0.016336097
102.62	0.015798394
102.64	0.015145809
102.66	0.014395918
102.68	0.013636002
102.7	0.012885828
102.72	0.012166399
102.74	0.01149252
102.76	0.010869158
102.78	0.010286188
102.8	0.009738983
102.82	0.009232097
102.84	0.008778507
102.86	0.008396547
102.88	0.008096079
102.9	0.007886579
102.92	0.007773503
102.94	0.007744668
102.96	0.007777759
102.98	0.007817083
103	0.007825021
103.02	0.007784609
103.04	0.007694217
103.06	0.007554999
103.08	0.007371222
103.1	0.007165529
103.12	0.006941773
103.14	0.006699777
103.16	0.006419198
103.18	0.006090518
103.2	0.005711407
103.22	0.005303691
103.24	0.004902234
103.26	0.004548182
103.28	0.004257568
103.3	0.004056237
103.32	0.003961065
103.34	0.003981751
103.36	0.004120306
103.38	0.004363405
103.4	0.004686633
103.42	0.005076056
103.44	0.005539382
103.46	0.006067016
103.48	0.006647569
103.5	0.007266811
103.52	0.007898751
103.54	0.008508804
103.56	0.009086315
103.58	0.009607334
103.6	0.010070049
103.62	0.010491284
103.64	0.010899564
103.66	0.011291229
103.68	0.011658779
103.7	0.011987132
103.72	0.012275503
103.74	0.01253516
103.76	0.012780593
103.78	0.013025169
103.8	0.013259877
103.82	0.013463942
103.84	0.013616941
103.86	0.013701029
103.88	0.013705686
103.9	0.01364625
103.92	0.013544596
103.94	0.013418476
103.96	0.013281275
103.98	0.013131292
104	0.012963923
104.02	0.012759312
104.04	0.012491215
104.06	0.012164607
104.08	0.011800786
104.1	0.011429197
104.12	0.01106809
104.14	0.010723468
104.16	0.010408601
104.18	0.010137845
104.2	0.00991497
104.22	0.009740649
104.24	0.009613475
104.26	0.009542934
104.28	0.009542089
104.3	0.009621061
104.32	0.009800675
104.34	0.010091145
104.36	0.010466342
104.38	0.01087675
104.4	0.011264753
104.42	0.011602508
104.44	0.011888841
104.46	0.012105063
104.48	0.012226717
104.5	0.012258536
104.52	0.012211462
104.54	0.012094746
104.56	0.011914151
104.58	0.011674917
104.6	0.011387542
104.62	0.011074205
104.64	0.010759246
104.66	0.010444718
104.68	0.010153238
104.7	0.009904217
104.72	0.009710116
104.74	0.00957867
104.76	0.009514748
104.78	0.009517005
104.8	0.009552463
104.82	0.009599475
104.84	0.009679334
104.86	0.009806887
104.88	0.009977418
104.9	0.010168071
104.92	0.010350579
104.94	0.010499167
104.96	0.010599997
104.98	0.010632526
105	0.010590745
105.02	0.010492599
105.04	0.010332277
105.06	0.010131271
105.08	0.009895023
105.1	0.009622406
105.12	0.009314357
105.14	0.008980651
105.16	0.008638371
105.18	0.008339682
105.2	0.008093334
105.22	0.007892899
105.24	0.007734255
105.26	0.00761277
105.28	0.007513855
105.3	0.007409322
105.32	0.007272386
105.34	0.007108146
105.36	0.006930844
105.38	0.006766612
105.4	0.006627929
105.42	0.006516615
105.44	0.006417191
105.46	0.006304386
105.48	0.006150553
105.5	0.005932001
105.52	0.005656094
105.54	0.005324351
105.56	0.004964087
105.58	0.004583758
105.6	0.004178581
105.62	0.003744698
105.64	0.003287139
105.66	0.002821449
105.68	0.002384137
105.7	0.00201499
105.72	0.001741784
105.74	0.001570553
105.76	0.001495207
105.78	0.001510774
105.8	0.001629932
105.82	0.001850673
105.84	0.002163398
105.86	0.002557796
105.88	0.003011552
105.9	0.003488167
105.92	0.003904887
105.94	0.004255827
105.96	0.004538767
105.98	0.004763399
106	0.004936863
106.02	0.005065115
106.04	0.005144657
106.06	0.005169796
106.08	0.005142308
106.1	0.0050969
106.12	0.00505383
106.14	0.005032116
106.16	0.005046127
106.18	0.005107749
106.2	0.005210245
106.22	0.005347673
106.24	0.005523208
106.26	0.005745011
106.28	0.006020071
106.3	0.00635642
106.32	0.006749115
106.34	0.007177592
106.36	0.007627544
106.38	0.008091018
106.4	0.008545686
106.42	0.008979396
106.44	0.009377437
106.46	0.009726001
106.48	0.010022171
106.5	0.010268727
106.52	0.010475359
106.54	0.01065224
106.56	0.010778964
106.58	0.010843685
106.6	0.010853082
106.62	0.010815359
106.64	0.010751444
106.66	0.010691368
106.68	0.010652613
106.7	0.010633193
106.72	0.010626784
106.74	0.010616462
106.76	0.010586739
106.78	0.010526073
106.8	0.01045652
106.82	0.010393859
106.84	0.01033876
106.86	0.010301107
106.88	0.01025223
106.9	0.010168471
106.92	0.010042293
106.94	0.009877754
106.96	0.009672071
106.98	0.009427205
107	0.00913945
107.02	0.00880855
107.04	0.008432304
107.06	0.008004219
107.08	0.007537414
107.1	0.007061685
107.12	0.006596484
107.14	0.006173354
107.16	0.00580102
107.18	0.005480827
107.2	0.005218799
107.22	0.005038226
107.24	0.004950993
107.26	0.004965336
107.28	0.005079114
107.3	0.005270435
107.32	0.005523616
107.34	0.005824614
107.36	0.006148919
107.38	0.006477494
107.4	0.006778459
107.42	0.007038362
107.44	0.00724406
107.46	0.007402127
107.48	0.007518073
107.5	0.007607313
107.52	0.007681764
107.54	0.007751032
107.56	0.007817278
107.58	0.007880092
107.6	0.007943874
107.62	0.008010519
107.64	0.008087313
107.66	0.008189966
107.68	0.008330137
107.7	0.00852156
107.72	0.008758012
107.74	0.009028007
107.76	0.009316858
107.78	0.009623502
107.8	0.009923972
107.82	0.010217183
107.84	0.01050474
107.86	0.010791044
107.88	0.011075019
107.9	0.011355032
107.92	0.011634471
107.94	0.011914026
107.96	0.012171963
107.98	0.012393014
108	0.012559329
108.02	0.012667482
108.04	0.01272972
108.06	0.012769339
108.08	0.012805581
108.1	0.012854304
108.12	0.012930357
108.14	0.01304317
108.16	0.013189401
108.18	0.013361102
108.2	0.013553817
108.22	0.013771552
108.24	0.014012846
108.26	0.014277216
108.28	0.014566267
108.3	0.014870631
108.32	0.015148948
108.34	0.015374936
108.36	0.01552008
108.38	0.015569354
108.4	0.015515171
108.42	0.015360762
108.44	0.015124486
108.46	0.014836819
108.48	0.014515054
108.5	0.01416305
108.52	0.013775924
108.54	0.013350498
108.56	0.01288737
108.58	0.012400075
108.6	0.011915164
108.62	0.011435842
108.64	0.01097166
108.66	0.010535247
108.68	0.010133417
108.7	0.009764071
108.72	0.009421836
108.74	0.00910542
108.76	0.008831412
108.78	0.008607324
108.8	0.00843894
108.82	0.008327625
108.84	0.00827108
108.86	0.008260502
108.88	0.008277084
108.9	0.008297769
108.92	0.008281343
108.94	0.008209083
108.96	0.008076447
108.98	0.007890185
109	0.007654645
109.02	0.007365632
109.04	0.007024218
109.06	0.006642548
109.08	0.006230849
109.1	0.005798444
109.12	0.005363092
109.14	0.004956067
109.16	0.004587192
109.18	0.004255985
109.2	0.003967576
109.22	0.003735317
109.24	0.003563271
109.26	0.003463491
109.28	0.003441208
109.3	0.003503032
109.32	0.003641502
109.34	0.003833693
109.36	0.004057143
109.38	0.004299352
109.4	0.004545495
109.42	0.00478837
109.44	0.005013436
109.46	0.005214361
109.48	0.005382722
109.5	0.005532629
109.52	0.005688007
109.54	0.0058554
109.56	0.006038017
109.58	0.006247213
109.6	0.006470784
109.62	0.006695854
109.64	0.006923411
109.66	0.007145122
109.68	0.007359674
109.7	0.007572737
109.72	0.007790134
109.74	0.008015649
109.76	0.008249712
109.78	0.008470874
109.8	0.008661662
109.82	0.008801587
109.84	0.008880663
109.86	0.008903505
109.88	0.008884448
109.9	0.008839087
109.92	0.008785389
109.94	0.00872484
109.96	0.008646498
109.98	0.008514618
110	0.008315249
110.02	0.008090102
110.04	0.007869426
110.06	0.007699833
110.08	0.007629871
110.1	0.007676687
110.12	0.007832262
110.14	0.008080932
110.16	0.008404211
110.18	0.008782379
110.2	0.009202393
110.22	0.009653557
110.24	0.010124232
110.26	0.010592596
110.28	0.011041485
110.3	0.011451655
110.32	0.011802853
110.34	0.012096221
110.36	0.012312681
110.38	0.012429526
110.4	0.012454246
110.42	0.012394018
110.44	0.012262624
110.46	0.012057295
110.48	0.011778673
110.5	0.011419111
110.52	0.010987974
110.54	0.010504411
110.56	0.009986022
110.58	0.009462263
110.6	0.008962687
110.62	0.008507127
110.64	0.008108548
110.66	0.007766161
110.68	0.007484903
110.7	0.007267812
110.72	0.007121735
110.74	0.007052698
110.76	0.007050634
110.78	0.007102713
110.8	0.007186322
110.82	0.007286215
110.84	0.007390419
110.86	0.007497407
110.88	0.00759686
110.9	0.007670147
110.92	0.007707597
110.94	0.007699126
110.96	0.007644759
110.98	0.007562895
111	0.00746151
111.02	0.007341198
111.04	0.007203568
111.06	0.007057004
111.08	0.006897176
111.1	0.006719157
111.12	0.006526412
111.14	0.0063376
111.16	0.006179633
111.18	0.006068773
111.2	0.006015438
111.22	0.006013026
111.24	0.006035102
111.26	0.006069846
111.28	0.006127862
111.3	0.006215852
111.32	0.006327928
111.34	0.006458433
111.36	0.00661491
111.38	0.006792207
111.4	0.006978871
111.42	0.007155887
111.44	0.007316861
111.46	0.007473976
111.48	0.007649707
111.5	0.007875008
111.52	0.008167574
111.54	0.008534703
111.56	0.008966676
111.58	0.009448587
111.6	0.009965305
111.62	0.010506066
111.64	0.011065933
111.66	0.011646993
111.68	0.012247292
111.7	0.012862804
111.72	0.013491605
111.74	0.014120333
111.76	0.01472079
111.78	0.015273599
111.8	0.015768069
111.82	0.016200036
111.84	0.016574425
111.86	0.016888466
111.88	0.017136969
111.9	0.017318573
111.92	0.017434942
111.94	0.017486272
111.96	0.017471427
111.98	0.017388099
112	0.017238083
112.02	0.017034012
112.04	0.016797098
112.06	0.016538615
112.08	0.016272439
112.1	0.016003495
112.12	0.015737767
112.14	0.015490509
112.16	0.01524739
112.18	0.014999722
112.2	0.014740824
112.22	0.014470211
112.24	0.014198652
112.26	0.013932943
112.28	0.013671095
112.3	0.013401315
112.32	0.013112048
112.34	0.012804559
112.36	0.01249499
112.38	0.012203718
112.4	0.011941365
112.42	0.011709133
112.44	0.011508803
112.46	0.011340285
112.48	0.011182447
112.5	0.01100585
112.52	0.01079633
112.54	0.010544184
112.56	0.010254302
112.58	0.009943221
112.6	0.009617436
112.62	0.009277212
112.64	0.008928268
112.66	0.008587847
112.68	0.008275013
112.7	0.008000587
112.72	0.007774668
112.74	0.007604111
112.76	0.007488443
112.78	0.007412719
112.8	0.007375335
112.82	0.007378146
112.84	0.007410835
112.86	0.00746164
112.88	0.007528817
112.9	0.007597354
112.92	0.007614234
112.94	0.007569867
112.96	0.007475798
112.98	0.00735475
113	0.007236883
113.02	0.007151868
113.04	0.00711201
113.06	0.007117465
113.08	0.00717108
113.1	0.007276938
113.12	0.007430343
113.14	0.007625808
113.16	0.00784647
113.18	0.008063054
113.2	0.008271045
113.22	0.008481434
113.24	0.008692502
113.26	0.008885872
113.28	0.009050418
113.3	0.009157098
113.32	0.009200956
113.34	0.009202727
113.36	0.009178269
113.38	0.009138546
113.4	0.00909691
113.42	0.009062032
113.44	0.009046546
113.46	0.009033048
113.48	0.009018527
113.5	0.009016109
113.52	0.009038647
113.54	0.009096851
113.56	0.009185755
113.58	0.009277294
113.6	0.009363263
113.62	0.009425574
113.64	0.009454143
113.66	0.009465885
113.68	0.009481534
113.7	0.009514637
113.72	0.009568155
113.74	0.0096249
113.76	0.009684142
113.78	0.009748485
113.8	0.009827444
113.82	0.009922281
113.84	0.010014659
113.86	0.010090002
113.88	0.010144897
113.9	0.010177918
113.92	0.010189819
113.94	0.01017802
113.96	0.01014025
113.98	0.010068772
114	0.009972783
114.02	0.009872016
114.04	0.009791738
114.06	0.009749032
114.08	0.009756645
114.1	0.009811147
114.12	0.009911696
114.14	0.010047846
114.16	0.010204994
114.18	0.01035899
114.2	0.010483317
114.22	0.010549875
114.24	0.010553961
114.26	0.010492629
114.28	0.010379641
114.3	0.010236058
114.32	0.010066805
114.34	0.009875214
114.36	0.009661883
114.38	0.009416944
114.4	0.009144009
114.42	0.00886452
114.44	0.008620693
114.46	0.008440533
114.48	0.008320637
114.5	0.008245445
114.52	0.008190898
114.54	0.008129654
114.56	0.0080477
114.58	0.007936326
114.6	0.007798748
114.62	0.007658029
114.64	0.007533444
114.66	0.007446576
114.68	0.007395505
114.7	0.007361143
114.72	0.007317052
114.74	0.007251652
114.76	0.007171501
114.78	0.007079379
114.8	0.006991231
114.82	0.006915182
114.84	0.006858422
114.86	0.006812902
114.88	0.006753987
114.9	0.006636742
114.92	0.00644682
114.94	0.006203764
114.96	0.005933267
114.98	0.005648309
115	0.005356482
115.02	0.005064132
115.04	0.004787017
115.06	0.004531619
115.08	0.004301375
115.1	0.004098061
115.12	0.003932671
115.14	0.003811278
115.16	0.003725648
115.18	0.00367436
115.2	0.003655157
115.22	0.003668319
115.24	0.003718907
115.26	0.003806187
115.28	0.003915191
115.3	0.004043882
115.32	0.00418138
115.34	0.004313624
115.36	0.004434892
115.38	0.00455437
115.4	0.004694126
115.42	0.004854687
115.44	0.005039857
115.46	0.005243138
115.48	0.0054412
115.5	0.005632282
115.52	0.005822929
115.54	0.006015465
115.56	0.006208761
115.58	0.006393584
115.6	0.006552021
115.62	0.006670318
115.64	0.006745595
115.66	0.006775304
115.68	0.006755978
115.7	0.00669846
115.72	0.006622869
115.74	0.006550294
115.76	0.006495129
115.78	0.006451754
115.8	0.006427074
115.82	0.006435773
115.84	0.006493115
115.86	0.006614613
115.88	0.006806757
115.9	0.00706859
115.92	0.007392452
115.94	0.007767798
115.96	0.008182681
115.98	0.008624245
116	0.009082331
116.02	0.00955664
116.04	0.010052908
116.06	0.010574187
116.08	0.011118102
116.1	0.011661417
116.12	0.012173957
116.14	0.012632569
116.16	0.01301549
116.18	0.013317584
116.2	0.013540939
116.22	0.013698024
116.24	0.013796721
116.26	0.0138395
116.28	0.013823973
116.3	0.013733283
116.32	0.013550946
116.34	0.013263142
116.36	0.01286535
116.38	0.012371667
116.4	0.011812546
116.42	0.011204958
116.44	0.010565289
116.46	0.009901958
116.48	0.009218718
116.5	0.008524152
116.52	0.007832654
116.54	0.007164829
116.56	0.006541424
116.58	0.005994143
116.6	0.005544509
116.62	0.005194501
116.64	0.004937889
116.66	0.004774317
116.68	0.004680992
116.7	0.004640711
116.72	0.004639563
116.74	0.004666647
116.76	0.004706927
116.78	0.004749018
116.8	0.004792902
116.82	0.004850087
116.84	0.004903419
116.86	0.004937709
116.88	0.00493239
116.9	0.004889828
116.92	0.004811063
116.94	0.004709237
116.96	0.00459372
116.98	0.004476124
117	0.004363617
117.02	0.004263493
117.04	0.004174611
117.06	0.004091122
117.08	0.004021325
117.1	0.003987887
117.12	0.004012403
117.14	0.004111322
117.16	0.004281995
117.18	0.004510323
117.2	0.00475934
117.22	0.005022504
117.24	0.005284669
117.26	0.005535148
117.28	0.005775326
117.3	0.006002525
117.32	0.006233418
117.34	0.006505789
117.36	0.006811396
117.38	0.00714947
117.4	0.00752994
117.42	0.007952422
117.44	0.008409566
117.46	0.008894023
117.48	0.009403388
117.5	0.009932344
117.52	0.010467456
117.54	0.010998627
117.56	0.011508722
117.58	0.011993462
117.6	0.012430877
117.62	0.012817221
117.64	0.013140622
117.66	0.013393667
117.68	0.013581999
117.7	0.013725122
117.72	0.013831341
117.74	0.013894859
117.76	0.01390639
117.78	0.013859727
117.8	0.013739891
117.82	0.013546473
117.84	0.013278418
117.86	0.012944646
117.88	0.012564015
117.9	0.012161796
117.92	0.011754099
117.94	0.011349648
117.96	0.010949922
117.98	0.010577281
118	0.010247333
118.02	0.009964917
118.04	0.009738213
118.06	0.009557871
118.08	0.009407036
118.1	0.009265758
118.12	0.009120716
118.14	0.008983367
118.16	0.008846674
118.18	0.008707745
118.2	0.008564931
118.22	0.008432544
118.24	0.008328849
118.26	0.008263293
118.28	0.008203357
118.3	0.008135593
118.32	0.008055531
118.34	0.00796194
118.36	0.007857216
118.38	0.007742772
118.4	0.007614384
118.42	0.007476964
118.44	0.00734671
118.46	0.007233302
118.48	0.007138464
118.5	0.007048896
118.52	0.006959214
118.54	0.006870974
118.56	0.00678881
118.58	0.006718957
118.6	0.006646693
118.62	0.006541325
118.64	0.006379998
118.66	0.006177555
118.68	0.005936777
118.7	0.005657533
118.72	0.005332734
118.74	0.004988169
118.76	0.004635406
118.78	0.004295615
118.8	0.003968961
118.82	0.003671374
118.84	0.003420851
118.86	0.003228671
118.88	0.003093572
118.9	0.00302307
118.92	0.003017801
118.94	0.003062675
118.96	0.003122436
118.98	0.003177216
119	0.003222916
119.02	0.003271583
119.04	0.003328929
119.06	0.003392465
119.08	0.003442541
119.1	0.003469856
119.12	0.003466818
119.14	0.003418609
119.16	0.00331593
119.18	0.00317463
119.2	0.00302238
119.22	0.002886117
119.24	0.002780483
119.26	0.002710396
119.28	0.002680904
119.3	0.002707866
119.32	0.002805275
119.34	0.002969797
119.36	0.003187894
119.38	0.003448837
119.4	0.003753584
119.42	0.004086054
119.44	0.004445899
119.46	0.004839423
119.48	0.005266286
119.5	0.005728103
119.52	0.006195802
119.54	0.006666202
119.56	0.007139107
119.58	0.007615606
119.6	0.008098489
119.62	0.008602698
119.64	0.009148479
119.66	0.00974762
119.68	0.010389307
119.7	0.011062
119.72	0.01175147
119.74	0.01243118
119.76	0.013072849
119.78	0.013654445
119.8	0.014165784
119.82	0.014613743
119.84	0.015016212
119.86	0.015393934
119.88	0.015761146
119.9	0.016101682
119.92	0.016391933
119.94	0.016614391
119.96	0.016751779
119.98	0.016794078
120	0.016744376
120.02	0.016616996
120.04	0.016450981
120.06	0.01626258
120.08	0.016052589
120.1	0.015817675
120.12	0.0155485
120.14	0.015227109
120.16	0.014857192
120.18	0.014451578
120.2	0.014026007
120.22	0.013592195
120.24	0.013145662
120.26	0.012700672
120.28	0.012267696
120.3	0.011857629
120.32	0.01147062
120.34	0.011101402
120.36	0.01075183
120.38	0.010423302
120.4	0.010118695
120.42	0.009835612
120.44	0.009577636
120.46	0.00936308
120.48	0.009184825
120.5	0.009023484
120.52	0.008854551
120.54	0.008667119
120.56	0.008451798
120.58	0.008187285
120.6	0.007880846
120.62	0.007549307
120.64	0.007216416
120.66	0.00689228
120.68	0.006600053
120.7	0.006357123
120.72	0.006180547
120.74	0.006090137
120.76	0.006092695
120.78	0.006177836
120.8	0.006332535
120.82	0.006546958
120.84	0.006822648
120.86	0.007143063
120.88	0.00749532
120.9	0.007869496
120.92	0.008267901
120.94	0.00867034
120.96	0.009066863
120.98	0.009451321
121	0.009817144
121.02	0.010156789
121.04	0.010465614
121.06	0.010746881
121.08	0.011011802
121.1	0.011285329
121.12	0.011588242
121.14	0.011921938
121.16	0.012273386
121.18	0.012615657
121.2	0.012929262
121.22	0.013191856
121.24	0.013400222
121.26	0.013581672
121.28	0.013773017
121.3	0.014004874
121.32	0.014293613
121.34	0.014622701
121.36	0.014969958
121.38	0.01530686
121.4	0.015601017
121.42	0.015842613
121.44	0.016049273
121.46	0.016256752
121.48	0.016444167
121.5	0.01658462
121.52	0.016655166
121.54	0.016632765
121.56	0.016508521
121.58	0.016286015
121.6	0.015980226
121.62	0.015596295
121.64	0.015146877
121.66	0.014652793
121.68	0.014143534
121.7	0.013666865
121.72	0.013242223
121.74	0.012873744
121.76	0.012564031
121.78	0.012307956
121.8	0.012088163
121.82	0.011899928
121.84	0.011752628
121.86	0.011639715
121.88	0.011545254
121.9	0.011464276
121.92	0.011370942
121.94	0.011255284
121.96	0.011129764
121.98	0.010998656
122	0.010846735
122.02	0.010663134
122.04	0.010440441
122.06	0.010167196
122.08	0.009841028
122.1	0.009474039
122.12	0.009094199
122.14	0.008701772
122.16	0.008294141
122.18	0.00786861
122.2	0.007400349
122.22	0.00689089
122.24	0.006356008
122.26	0.005813537
122.28	0.00529236
122.3	0.004811367
122.32	0.004379893
122.34	0.004010226
122.36	0.003701344
122.38	0.003463265
122.4	0.003295684
122.42	0.003198779
122.44	0.003184603
122.46	0.003238504
122.48	0.003351362
122.5	0.003511038
122.52	0.003726602
122.54	0.003998468
122.56	0.004331963
122.58	0.004687609
122.6	0.004978246
122.62	0.005221789
122.64	0.005414493
122.66	0.005558309
122.68	0.005673634
122.7	0.0057828
122.72	0.005900256
122.74	0.006031252
122.76	0.006159268
122.78	0.006278367
122.8	0.006379703
122.82	0.006455698
122.84	0.006504384
122.86	0.006529897
122.88	0.006554399
122.9	0.006587584
122.92	0.006622406
122.94	0.006646059
122.96	0.006638808
122.98	0.006540099
123	0.006343122
123.02	0.006052332
123.04	0.005682189
123.06	0.005271028
123.08	0.004849536
123.1	0.004440489
123.12	0.004052637
123.14	0.003689861
123.16	0.003350858
123.18	0.003049895
123.2	0.002805112
123.22	0.00263828
123.24	0.002568921
123.26	0.002606788
123.28	0.002747991
123.3	0.002965591
123.32	0.003231811
123.34	0.003515658
123.36	0.003793378
123.38	0.004054447
123.4	0.004297793
123.42	0.004523567
123.44	0.004743687
123.46	0.004977058
123.48	0.005189758
123.5	0.005355048
123.52	0.005460985
123.54	0.0055127
123.56	0.005525168
123.58	0.005522708
123.6	0.005514414
123.62	0.005503261
123.64	0.005497022
123.66	0.005499709
123.68	0.005521627
123.7	0.00557186
123.72	0.005666352
123.74	0.005812916
123.76	0.006002173
123.78	0.006249798
123.8	0.006564953
123.82	0.006943574
123.84	0.007377094
123.86	0.007857931
123.88	0.008382264
123.9	0.008946697
123.92	0.009526309
123.94	0.010105692
123.96	0.010687083
123.98	0.011267314
124	0.011844143
124.02	0.012397199
124.04	0.012920918
124.06	0.013398895
124.08	0.013826194
124.1	0.014198412
124.12	0.014525678
124.14	0.014823597
124.16	0.015095323
124.18	0.015337991
124.2	0.01553708
124.22	0.015681577
124.24	0.01577193
124.26	0.015824062
124.28	0.015849827
124.3	0.015841638
124.32	0.015796553
124.34	0.01572277
124.36	0.015599832
124.38	0.015402466
124.4	0.015105984
124.42	0.014715348
124.44	0.014260185
124.46	0.013767078
124.48	0.013247948
124.5	0.012692194
124.52	0.01209559
124.54	0.011464193
124.56	0.010784179
124.58	0.010042024
124.6	0.009245553
124.62	0.008416158
124.64	0.007580163
124.66	0.006776226
124.68	0.00605393
124.7	0.005425043
124.72	0.004895444
124.74	0.004443231
124.76	0.004051206
124.78	0.003698558
124.8	0.003361247
124.82	0.003030135
124.84	0.002719876
124.86	0.002448268
124.88	0.00223544
124.9	0.002093628
124.92	0.002008487
124.94	0.001896349
124.96	0.001752081
124.98	0.001580313
125	0.001397235
125.02	0.001212618
125.04	0.001040517
125.06	0.00088912
125.08	0.00076669
125.1	0.000690155
125.12	0.000660648
125.14	0.00067406
125.16	0.000732323
125.18	0.000839363
125.2	0.000982897
125.22	0.001186922
125.24	0.001462571
125.26	0.001826142
125.28	0.002283975
125.3	0.002847508
125.32	0.003510626
125.34	0.004231034
125.36	0.004982186
125.38	0.00574992
125.4	0.006513815
125.42	0.007267241
125.44	0.007994334
125.46	0.008673072
125.48	0.009290241
125.5	0.009854366
125.52	0.010381052
125.54	0.010870654
125.56	0.011309163
125.58	0.011675579
125.6	0.011955872
125.62	0.012155446
125.64	0.012276315
125.66	0.012319644
125.68	0.012286987
125.7	0.012203742
125.72	0.012112746
125.74	0.012061324
125.76	0.012058716
125.78	0.012086562
125.8	0.012104383
125.82	0.012077603
125.84	0.011987218
125.86	0.011863108
125.88	0.01169004
125.9	0.011457682
125.92	0.011176135
125.94	0.010839012
125.96	0.010445766
125.98	0.009989876
126	0.009455237
126.02	0.00883889
126.04	0.008144027
126.06	0.007413457
126.08	0.006686373
126.1	0.005977736
126.12	0.005297296
126.14	0.004663373
126.16	0.004108719
126.18	0.003623877
126.2	0.00320779
126.22	0.002847143
126.24	0.00252646
126.26	0.002263629
126.28	0.002075359
126.3	0.001979364
126.32	0.001986314
126.34	0.002081107
126.36	0.002235585
126.38	0.002425773
126.4	0.002630203
126.42	0.00281518
126.44	0.002950611
126.46	0.003018643
126.48	0.00302919
126.5	0.003004523
126.52	0.002949962
126.54	0.002853109
126.56	0.002740349
126.58	0.002642993
126.6	0.002585855
126.62	0.002589635
126.64	0.00265997
126.66	0.002790717
126.68	0.002987626
126.7	0.003251466
126.72	0.003560571
126.74	0.003907007
126.76	0.004283343
126.78	0.004684299
126.8	0.005102807
126.82	0.005541116
126.84	0.005989266
126.86	0.00642791
126.88	0.006849135
126.9	0.007245972
126.92	0.007614541
126.94	0.007948769
126.96	0.008223627
126.98	0.00840909
127	0.008497818
127.02	0.008492369
127.04	0.008405772
127.06	0.008246634
127.08	0.008004568
127.1	0.007685041
127.12	0.00731458
127.14	0.006930459
127.16	0.006568497
127.18	0.006317666
127.2	0.006176604
127.22	0.00613939
127.24	0.006187196
127.26	0.006297079
127.28	0.006433004
127.3	0.006569894
127.32	0.006704536
127.34	0.006869035
127.36	0.007070698
127.38	0.007299261
127.4	0.007537654
127.42	0.007774693
127.44	0.008011374
127.46	0.00826242
127.48	0.00852401
127.5	0.008790211
127.52	0.009046191
127.54	0.009280769
127.56	0.009484145
127.58	0.009669798
127.6	0.009844714
127.62	0.010008299
127.64	0.010172156
127.66	0.010342205
127.68	0.010536298
127.7	0.010763889
127.72	0.01102248
127.74	0.01132477
127.76	0.011692624
127.78	0.012122741
127.8	0.012594986
127.82	0.013081212
127.84	0.013540311
127.86	0.013942826
127.88	0.014247467
127.9	0.014446662
127.92	0.014544442
127.94	0.014534721
127.96	0.01442333
127.98	0.014208903
128	0.013897779
128.02	0.01350834
128.04	0.013042232
128.06	0.012495974
128.08	0.011861619
128.1	0.011195262
128.12	0.01053491
128.14	0.009902667
128.16	0.009309329
128.18	0.008754251
128.2	0.008236155
128.22	0.007748877
128.24	0.007288274
128.26	0.006858872
128.28	0.006468638
128.3	0.006122884
128.32	0.00582206
128.34	0.005569777
128.36	0.005358431
128.38	0.005167946
128.4	0.004982846
128.42	0.004797227
128.44	0.00461525
128.46	0.004446987
128.48	0.004298923
128.5	0.004176388
128.52	0.00406522
128.54	0.003969182
128.56	0.003891163
128.58	0.003809575
128.6	0.003733729
128.62	0.003673292
128.64	0.003630572
128.66	0.003603826
128.68	0.003582254
128.7	0.003547221
128.72	0.003480015
128.74	0.003375867
128.76	0.003248798
128.78	0.003104416
128.8	0.002949437
128.82	0.002780738
128.84	0.002586937
128.86	0.002368765
128.88	0.002129052
128.9	0.00187845
128.92	0.001641652
128.94	0.001436518
128.96	0.001255784
128.98	0.001121705
129	0.001044753
129.02	0.001036494
129.04	0.001106516
129.06	0.001265508
129.08	0.001533974
129.1	0.00191706
129.12	0.002428413
129.14	0.003060905
129.16	0.003775872
129.18	0.004529001
129.2	0.005308442
129.22	0.0061014
129.24	0.006890115
129.26	0.007651334
129.28	0.008372923
129.3	0.009034511
129.32	0.009629044
129.34	0.010153029
129.36	0.010605906
129.38	0.01098644
129.4	0.011279539
129.42	0.011486312
129.44	0.011621345
129.46	0.011706503
129.48	0.011748753
129.5	0.011734742
129.52	0.011668621
129.54	0.011568559
129.56	0.011454449
129.58	0.011329449
129.6	0.011210391
129.62	0.011091818
129.64	0.010974909
129.66	0.01087643
129.68	0.010812157
129.7	0.010800216
129.72	0.010853886
129.74	0.010979005
129.76	0.011163258
129.78	0.011377184
129.8	0.011567569
129.82	0.011693153
129.84	0.011734162
129.86	0.011696532
129.88	0.011608802
129.9	0.011503106
129.92	0.011388518
129.94	0.011263117
129.96	0.011116052
129.98	0.010939911
130	0.010738081
130.02	0.010531978
130.04	0.010410413
130.06	0.010371082
130.08	0.01039547
130.1	0.01048997
130.12	0.010635711
130.14	0.010801999
130.16	0.010972296
130.18	0.011140169
130.2	0.011293191
130.22	0.011416679
130.24	0.011515207
130.26	0.011585695
130.28	0.011620085
130.3	0.011606602
130.32	0.011528742
130.34	0.011373935
130.36	0.011147503
130.38	0.010885209
130.4	0.010604051
130.42	0.010339958
130.44	0.010119167
130.46	0.009959025
130.48	0.009858323
130.5	0.009811869
130.52	0.009817193
130.54	0.009877251
130.56	0.009983684
130.58	0.010120658
130.6	0.0102865
130.62	0.010482651
130.64	0.010709293
130.66	0.01096694
130.68	0.011250458
130.7	0.011555401
130.72	0.011866773
130.74	0.012168506
130.76	0.012447411
130.78	0.012694947
130.8	0.012919769
130.82	0.013131066
130.84	0.013324771
130.86	0.013468994
130.88	0.013536804
130.9	0.013516307
130.92	0.013417136
130.94	0.013243082
130.96	0.012996168
130.98	0.012680529
131	0.012326415
131.02	0.011959682
131.04	0.011596865
131.06	0.011255199
131.08	0.010959157
131.1	0.010737004
131.12	0.010605538
131.14	0.01055982
131.16	0.010595528
131.18	0.010712813
131.2	0.010897851
131.22	0.011122939
131.24	0.011358776
131.26	0.011580289
131.28	0.01177183
131.3	0.011893448
131.32	0.011951428
131.34	0.011944286
131.36	0.011872308
131.38	0.011736767
131.4	0.011553116
131.42	0.01134985
131.44	0.011145699
131.46	0.010960199
131.48	0.010799554
131.5	0.010662656
131.52	0.010552189
131.54	0.010455402
131.56	0.010342034
131.58	0.010199918
131.6	0.010033272
131.62	0.009859307
131.64	0.009687941
131.66	0.009524722
131.68	0.009374647
131.7	0.0092567
131.72	0.009184051
131.74	0.009154824
131.76	0.009146572
131.78	0.009152826
131.8	0.009170054
131.82	0.009202549
131.84	0.009261981
131.86	0.009355233
131.88	0.009442704
131.9	0.00949632
131.92	0.009507182
131.94	0.009460059
131.96	0.009352548
131.98	0.009190522
132	0.009006302
132.02	0.008828211
132.04	0.008684773
132.06	0.008599766
132.08	0.008591317
132.1	0.008654369
132.12	0.008783208
132.14	0.008954452
132.16	0.009153831
132.18	0.009364941
132.2	0.009571891
132.22	0.009748855
132.24	0.009869445
132.26	0.009902161
132.28	0.009817533
132.3	0.009593582
132.32	0.009210774
132.34	0.008662789
132.36	0.007975757
132.38	0.007188225
132.4	0.006332055
132.42	0.005441327
132.44	0.004534044
132.46	0.003618199
132.48	0.002712544
132.5	0.001841482
132.52	0.001023699
132.54	0.000284007
132.56	-0.000353043
132.58	-0.000883426
132.6	-0.001308549
132.62	-0.001625191
132.64	-0.001857201
132.66	-0.00203116
132.68	-0.002145665
132.7	-0.002200001
132.72	-0.00217715
132.74	-0.002077784
132.76	-0.001912112
132.78	-0.001698593
132.8	-0.001506439
132.82	-0.001385288
132.84	-0.001301107
132.86	-0.001229286
132.88	-0.001155535
132.9	-0.00106356
132.92	-0.000953935
132.94	-0.000845644
132.96	-0.000736243
132.98	-0.000631261
133	-0.000524961
133.02	-0.000406707
133.04	-0.000260861
133.06	-7.6988E-05
133.08	0.000138111
133.1	0.000381518
133.12	0.000668893
133.14	0.001014718
133.16	0.001405664
133.18	0.001831163
133.2	0.002285664
133.22	0.002747785
133.24	0.003195058
133.26	0.003647184
133.28	0.004134711
133.3	0.004666186
133.32	0.005230731
133.34	0.005834723
133.36	0.006476879
133.38	0.007149308
133.4	0.007835819
133.42	0.008511456
133.44	0.009174881
133.46	0.009837192
133.48	0.010512201
133.5	0.011197373
133.52	0.011894905
133.54	0.012607634
133.56	0.013350624
133.58	0.01411164
133.6	0.014871413
133.62	0.015605369
133.64	0.016289565
133.66	0.016912233
133.68	0.017472157
133.7	0.017963205
133.72	0.01837208
133.74	0.018675879
133.76	0.018863728
133.78	0.018940274
133.8	0.018923014
133.82	0.018803252
133.84	0.018577429
133.86	0.018243253
133.88	0.017817631
133.9	0.017324713
133.92	0.016772203
133.94	0.016172551
133.96	0.015583706
133.98	0.015006824
134	0.014463293
134.02	0.013963819
134.04	0.01349788
134.06	0.013040558
134.08	0.012570617
134.1	0.012072949
134.12	0.01156494
134.14	0.011045046
134.16	0.010521327
134.18	0.009998949
134.2	0.009491489
134.22	0.009003584
134.24	0.008524283
134.26	0.008031508
134.28	0.007523426
134.3	0.007013077
134.32	0.006517675
134.34	0.00605114
134.36	0.005631276
134.38	0.005274253
134.4	0.004953268
134.42	0.00467977
134.44	0.004480301
134.46	0.004355246
134.48	0.004303655
134.5	0.004316948
134.52	0.004382978
134.54	0.004486739
134.56	0.004614019
134.58	0.00474705
134.6	0.004871908
134.62	0.004986211
134.64	0.005108638
134.66	0.005235691
134.68	0.005311982
134.7	0.005349768
134.72	0.005364421
134.74	0.00536585
134.76	0.005364766
134.78	0.005379919
134.8	0.005434739
134.82	0.005550619
134.84	0.005710262
134.86	0.005895365
134.88	0.006075011
134.9	0.006243718
134.92	0.006415746
134.94	0.006586863
134.96	0.006753934
134.98	0.006924145
135	0.007093859
135.02	0.007260788
135.04	0.007421172
135.06	0.007574105
135.08	0.007726758
135.1	0.007882053
135.12	0.008048134
135.14	0.008221953
135.16	0.008401313
135.18	0.00858355
135.2	0.008766311
135.22	0.008958911
135.24	0.009167677
135.26	0.009391864
135.28	0.009614259
135.3	0.009824727
135.32	0.010025884
135.34	0.010214315
135.36	0.010388908
135.38	0.010545901
135.4	0.010674303
135.42	0.010775698
135.44	0.01084617
135.46	0.010877708
135.48	0.010875754
135.5	0.010854185
135.52	0.0108278
135.54	0.010795643
135.56	0.01075522
135.58	0.010701504
135.6	0.010632404
135.62	0.010552413
135.64	0.010447963
135.66	0.010311736
135.68	0.010148003
135.7	0.009954924
135.72	0.009730584
135.74	0.009479603
135.76	0.00921487
135.78	0.008941164
135.8	0.00866071
135.82	0.008376643
135.84	0.008093393
135.86	0.007815577
135.88	0.007549525
135.9	0.007295614
135.92	0.007061717
135.94	0.006851771
135.96	0.006656694
135.98	0.006464732
136	0.006280818
136.02	0.006108841
136.04	0.005947033
136.06	0.005794183
136.08	0.005648548
136.1	0.005515722
136.12	0.005406486
136.14	0.005323162
136.16	0.005261791
136.18	0.00522656
136.2	0.005217283
136.22	0.005226301
136.24	0.005248852
136.26	0.005291021
136.28	0.005354321
136.3	0.005437158
136.32	0.005537819
136.34	0.005649026
136.36	0.005765351
136.38	0.005884886
136.4	0.006006401
136.42	0.006128275
136.44	0.006252661
136.46	0.006378417
136.48	0.006504123
136.5	0.006634603
136.52	0.006777884
136.54	0.006934237
136.56	0.007104615
136.58	0.00728691
136.6	0.007474783
136.62	0.007661508
136.64	0.007842034
136.66	0.008015569
136.68	0.008185283
136.7	0.008354425
136.72	0.008519825
136.74	0.008674579
136.76	0.008818384
136.78	0.00895292
136.8	0.009080246
136.82	0.009203531
136.84	0.009323461
136.86	0.00943585
136.88	0.009541445
136.9	0.00964361
136.92	0.009740547
136.94	0.009831171
136.96	0.009913384
136.98	0.009982942
137	0.010033551
137.02	0.010065414
137.04	0.010077211
137.06	0.010071089
137.08	0.010052599
137.1	0.01002101
137.12	0.009972226
137.14	0.009907302
137.16	0.009826296
137.18	0.009731697
137.2	0.009626105
137.22	0.009511292
137.24	0.00938597
137.26	0.009251159
137.28	0.009107565
137.3	0.008956984
137.32	0.008800523
137.34	0.008637915
137.36	0.008465737
137.38	0.008283296
137.4	0.008093682
137.42	0.007901289
137.44	0.007710402
137.46	0.007524893
137.48	0.007348909
137.5	0.007182032
137.52	0.007023973
137.54	0.006875168
137.56	0.006736864
137.58	0.00661298
137.6	0.006503917
137.62	0.006406339
137.64	0.006319712
137.66	0.006243528
137.68	0.006178575
137.7	0.006125252
137.72	0.006084723
137.74	0.006055388
137.76	0.006036508
137.78	0.006028347
137.8	0.006031714
137.82	0.006049231
137.84	0.006083767
137.86	0.006134619
137.88	0.006198562
137.9	0.0062719
137.92	0.006353053
137.94	0.006441372
137.96	0.006537005
137.98	0.006639508
138	0.006746532
138.02	0.006857536
138.04	0.006971262
138.06	0.007087361
138.08	0.007205902
138.1	0.007326791
138.12	0.007448986
138.14	0.007572801
138.16	0.007698665
138.18	0.007826961
138.2	0.007958801
138.22	0.008094196
138.24	0.00823209
138.26	0.008369817
138.28	0.008504253
138.3	0.008632535
138.32	0.008752804
138.34	0.008865415
138.36	0.00897072
138.38	0.009068002
138.4	0.009156917
138.42	0.009237055
138.44	0.009308548
138.46	0.00937251
138.48	0.009429103
138.5	0.009477018
138.52	0.009515872
138.54	0.009545766
138.56	0.009566486
138.58	0.009577818
138.6	0.009580028
138.62	0.009571178
138.64	0.009549493
138.66	0.009513667
138.68	0.009462682
138.7	0.009397926
138.72	0.009321691
138.74	0.009235498
138.76	0.009140431
138.78	0.00903797
138.8	0.008928967
138.82	0.008814601
138.84	0.008696243
138.86	0.008574568
138.88	0.008449615
138.9	0.008321527
138.92	0.008191045
138.94	0.008059788
138.96	0.007928891
138.98	0.007798935
139	0.007670371
139.02	0.00754376
139.04	0.00742001
139.06	0.007300067
139.08	0.007185382
139.1	0.007078212
139.12	0.006980722
139.14	0.006893058
139.16	0.006816009
139.18	0.006749173
139.2	0.006692093
139.22	0.006645224
139.24	0.00660806
139.26	0.006579583
139.28	0.006559115
139.3	0.006546217
139.32	0.00654129
139.34	0.006545086
139.36	0.0065582
139.38	0.006579904
139.4	0.006609324
139.42	0.006646048
139.44	0.006690402
139.46	0.006743
139.48	0.006804131
139.5	0.006873483
139.52	0.006950284
139.54	0.007032993
139.56	0.007119694
139.58	0.007209247
139.6	0.007301465
139.62	0.007396553
139.64	0.007493296
139.66	0.00759115
139.68	0.007690136
139.7	0.007790838
139.72	0.007893692
139.74	0.007998694
139.76	0.008105042
139.78	0.008211431
139.8	0.008316421
139.82	0.008419014
139.84	0.008518503
139.86	0.008614634
139.88	0.008706703
139.9	0.008793477
139.92	0.008873754
139.94	0.008946492
139.96	0.009010783
139.98	0.009066291
140	0.009113131
140.02	0.009151466
140.04	0.009181838
140.06	0.009204107
140.08	0.009218207
140.1	0.009224539
140.12	0.00922346
140.14	0.00921479
140.16	0.009197561
140.18	0.009170948
140.2	0.009134869
140.22	0.009089549
140.24	0.009035569
140.26	0.008973555
140.28	0.008904086
140.3	0.008827743
140.32	0.008745148
140.34	0.008657124
140.36	0.008564885
140.38	0.008469754
140.4	0.008372846
140.42	0.008275154
140.44	0.008177455
140.46	0.008080328
140.48	0.007984469
140.5	0.007890321
140.52	0.007797676
140.54	0.007706483
140.56	0.007616966
140.58	0.007529651
140.6	0.007445237
140.62	0.007364495
140.64	0.007288137
140.66	0.007216848
140.68	0.00715129
140.7	0.007092127
140.72	0.007039744
140.74	0.006994403
140.76	0.006956272
140.78	0.006925318
140.8	0.006901615
140.82	0.006885065
140.84	0.006875411
140.86	0.00687243
140.88	0.006875752
140.9	0.006884979
140.92	0.006900115
140.94	0.006921016
140.96	0.006947855
140.98	0.00698109
141	0.007021363
141.02	0.00706862
141.04	0.007122432
141.06	0.007182362
141.08	0.007247736
141.1	0.007318063
141.12	0.007392713
141.14	0.007470903
141.16	0.007551779
141.18	0.007634538
141.2	0.007718596
141.22	0.007803662
141.24	0.007889378
141.26	0.007975339
141.28	0.008060924
141.3	0.008145451
141.32	0.008228337
141.34	0.008309173
141.36	0.00838788
141.38	0.008464133
141.4	0.008537243
141.42	0.008606416
141.44	0.008670769
141.46	0.008729467
141.48	0.008781729
141.5	0.008827192
141.52	0.008865359
141.54	0.008895941
141.56	0.008918986
141.58	0.008934538
141.6	0.008942815
141.62	0.008944105
141.64	0.008938761
141.66	0.008927117
141.68	0.008909382
141.7	0.008885626
141.72	0.008856011
141.74	0.008820783
141.76	0.008780262
141.78	0.008734662
141.8	0.008684219
141.82	0.00862908
141.84	0.008569509
141.86	0.008505956
141.88	0.008439167
141.9	0.008369664
141.92	0.008298171
141.94	0.008225525
141.96	0.008152373
141.98	0.008079254
142	0.008006398
142.02	0.007934124
142.04	0.007862546
142.06	0.007791756
142.08	0.007722124
142.1	0.007654027
142.12	0.00758787
142.14	0.007524031
142.16	0.007462913
142.18	0.007405045
142.2	0.00735102
142.22	0.007301236
142.24	0.0072561
142.26	0.007215987
142.28	0.007181163
142.3	0.007151852
142.32	0.007128332
142.34	0.007110867
142.36	0.007099555
142.38	0.007094391
142.4	0.007094909
142.42	0.007100739
142.44	0.007111812
142.46	0.007128118
142.48	0.007149734
142.5	0.007176626
142.52	0.007208787
142.54	0.007246146
142.56	0.007288441
142.58	0.007335505
142.6	0.00738722
142.62	0.007443308
142.64	0.007503265
142.66	0.007566342
142.68	0.007631818
142.7	0.007699081
142.72	0.007767555
142.74	0.007836675
142.76	0.007905828
142.78	0.007974323
142.8	0.008041582
142.82	0.00810718
142.84	0.008170896
142.86	0.008232612
142.88	0.008292182
142.9	0.008349351
142.92	0.008403597
142.94	0.00845443
142.96	0.008501425
142.98	0.008544167
143	0.008582341
143.02	0.008615668
143.04	0.008643937
143.06	0.00866696
143.08	0.00868465
143.1	0.008697067
143.12	0.008704366
143.14	0.008706704
143.16	0.00870415
143.18	0.008696785
143.2	0.008684778
143.22	0.008668337
143.24	0.008647739
143.26	0.008623233
143.28	0.008594902
143.3	0.008562798
143.32	0.008526948
143.34	0.008487447
143.36	0.008444424
143.38	0.00839801
143.4	0.008348506
143.42	0.008296303
143.44	0.008241821
143.46	0.008185556
143.48	0.008127998
143.5	0.008069656
143.52	0.008010982
143.54	0.007952338
143.56	0.007894125
143.58	0.007836756
143.6	0.007780581
143.62	0.007725873
143.64	0.007672851
143.66	0.007621731
143.68	0.007572762
143.7	0.007526232
143.72	0.007482472
143.74	0.007441833
143.76	0.007404726
143.78	0.007371537
143.8	0.007342621
143.82	0.007318353
143.84	0.007299026
143.86	0.00728483
143.88	0.007275763
143.9	0.007271682
143.92	0.007272449
143.94	0.007277911
143.96	0.007287951
143.98	0.007302463
144	0.007321335
144.02	0.00734439
144.04	0.007371358
144.06	0.007402018
144.08	0.007436175
144.1	0.007473649
144.12	0.007514223
144.14	0.007557582
144.16	0.007603377
144.18	0.007651246
144.2	0.007700829
144.22	0.007751759
144.24	0.007803575
144.26	0.007855792
144.28	0.007907962
144.3	0.007959613
144.32	0.008010384
144.34	0.008060017
144.36	0.008108312
144.38	0.008155094
144.4	0.008200162
144.42	0.008243318
144.44	0.008284379
144.46	0.008323164
144.48	0.008359487
144.5	0.008393149
144.52	0.008423914
144.54	0.008451499
144.56	0.008475658
144.58	0.008496178
144.6	0.008512847
144.62	0.008525499
144.64	0.008534035
144.66	0.008538407
144.68	0.008538643
144.7	0.008534853
144.72	0.008527223
144.74	0.008515953
144.76	0.008501183
144.78	0.008483035
144.8	0.008461596
144.82	0.008436935
144.84	0.00840911
144.86	0.008378186
144.88	0.008344318
144.9	0.008307683
144.92	0.00826851
144.94	0.008227093
144.96	0.008183764
144.98	0.008138894
145	0.00809284
145.02	0.008045966
145.04	0.007998682
145.06	0.007951383
145.08	0.007904458
145.1	0.007858275
145.12	0.00781315
145.14	0.007769385
145.16	0.007727238
145.18	0.007686938
145.2	0.007648713
145.22	0.007612773
145.24	0.007579323
145.26	0.007548567
145.28	0.007520728
145.3	0.007496035
145.32	0.007474724
145.34	0.007456997
145.36	0.007442973
145.38	0.007432728
145.4	0.00742628
145.42	0.007423609
145.44	0.007424675
145.46	0.007429396
145.48	0.007437635
145.5	0.007449203