0	0
0.02	1.32527E-11
0.04	9.71113E-11
0.06	3.21891E-10
0.08	7.57536E-10
0.1	1.4736E-09
0.12	2.53916E-09
0.14	4.02279E-09
0.16	5.99197E-09
0.18	8.51041E-09
0.2	1.16285E-08
0.22	1.53659E-08
0.24	1.97049E-08
0.26	2.46189E-08
0.28	3.00955E-08
0.3	3.61179E-08
0.32	4.26656E-08
0.34	4.97229E-08
0.36	5.72682E-08
0.38	6.52831E-08
0.4	7.3747E-08
0.42	8.26394E-08
0.44	9.19374E-08
0.46	1.0162E-07
0.48	1.11665E-07
0.5	1.22049E-07
0.52	1.32747E-07
0.54	1.43736E-07
0.56	1.54992E-07
0.58	1.66492E-07
0.6	1.78207E-07
0.62	1.90108E-07
0.64	2.02167E-07
0.66	2.14356E-07
0.68	2.26647E-07
0.7	2.39003E-07
0.72	2.51373E-07
0.74	2.63686E-07
0.76	2.75857E-07
0.78	2.87797E-07
0.8	2.99426E-07
0.82	3.10685E-07
0.84	3.21515E-07
0.86	3.3186E-07
0.88	3.41671E-07
0.9	3.50913E-07
0.92	3.59555E-07
0.94	3.67563E-07
0.96	3.74913E-07
0.98	3.81589E-07
1	3.87576E-07
1.02	3.92868E-07
1.04	3.9746E-07
1.06	4.01352E-07
1.08	4.04562E-07
1.1	4.07123E-07
1.12	4.09089E-07
1.14	4.10521E-07
1.16	4.11479E-07
1.18	4.12018E-07
1.2	4.12179E-07
1.22	4.12002E-07
1.24	4.11529E-07
1.26	4.10798E-07
1.28	4.09843E-07
1.3	4.08689E-07
1.32	4.07369E-07
1.34	4.0591E-07
1.36	4.04339E-07
1.38	4.02678E-07
1.4	4.00949E-07
1.42	3.99171E-07
1.44	3.97365E-07
1.46	3.95547E-07
1.48	3.93734E-07
1.5	3.9194E-07
1.52	3.90186E-07
1.54	3.88485E-07
1.56	3.86851E-07
1.58	3.85296E-07
1.6	3.83845E-07
1.62	3.82529E-07
1.64	3.81385E-07
1.66	3.80444E-07
1.68	3.79732E-07
1.7	3.79258E-07
1.72	3.79019E-07
1.74	3.79004E-07
1.76	3.79193E-07
1.78	3.79565E-07
1.8	3.8009E-07
1.82	3.80732E-07
1.84	3.81451E-07
1.86	3.8221E-07
1.88	3.82965E-07
1.9	3.83666E-07
1.92	3.84264E-07
1.94	3.84708E-07
1.96	3.84942E-07
1.98	3.849E-07
2	3.84508E-07
2.02	3.83691E-07
2.04	3.8238E-07
2.06	3.80515E-07
2.08	3.7805E-07
2.1	3.74946E-07
2.12	3.71171E-07
2.14	3.66696E-07
2.16	3.61498E-07
2.18	3.55557E-07
2.2	3.48861E-07
2.22	3.41395E-07
2.24	3.33148E-07
2.26	3.2411E-07
2.28	3.14277E-07
2.3	3.03645E-07
2.32	2.92213E-07
2.34	2.79977E-07
2.36	2.66939E-07
2.38	2.53098E-07
2.4	2.38454E-07
2.42	2.2301E-07
2.44	2.06766E-07
2.46	1.89725E-07
2.48	1.71886E-07
2.5	1.53246E-07
2.52	1.33796E-07
2.54	1.1353E-07
2.56	9.24539E-08
2.58	7.05821E-08
2.6	4.79382E-08
2.62	2.45514E-08
2.64	4.55562E-10
2.66	-2.43135E-08
2.68	-4.97193E-08
2.7	-7.5726E-08
2.72	-1.02298E-07
2.74	-1.29403E-07
2.76	-1.57006E-07
2.78	-1.85079E-07
2.8	-2.13594E-07
2.82	-2.42524E-07
2.84	-2.71843E-07
2.86	-3.01529E-07
2.88	-3.31554E-07
2.9	-3.61897E-07
2.92	-3.9254E-07
2.94	-4.23481E-07
2.96	-4.54728E-07
2.98	-4.863E-07
3	-5.18218E-07
3.02	-5.50511E-07
3.04	-5.83209E-07
3.06	-6.16347E-07
3.08	-6.49959E-07
3.1	-6.84082E-07
3.12	-7.18751E-07
3.14	-7.54001E-07
3.16	-7.8987E-07
3.18	-8.26394E-07
3.2	-8.63611E-07
3.22	-9.01555E-07
3.24	-9.40261E-07
3.26	-9.79763E-07
3.28	-1.02009E-06
3.3	-1.06128E-06
3.32	-1.10336E-06
3.34	-1.14636E-06
3.36	-1.19031E-06
3.38	-1.23523E-06
3.4	-1.28114E-06
3.42	-1.32808E-06
3.44	-1.37606E-06
3.46	-1.42512E-06
3.48	-1.4753E-06
3.5	-1.52665E-06
3.52	-1.5792E-06
3.54	-1.633E-06
3.56	-1.68807E-06
3.58	-1.74447E-06
3.6	-1.8022E-06
3.62	-1.86131E-06
3.64	-1.9218E-06
3.66	-1.98371E-06
3.68	-2.04703E-06
3.7	-2.11178E-06
3.72	-2.17797E-06
3.74	-2.2456E-06
3.76	-2.31468E-06
3.78	-2.38519E-06
3.8	-2.45715E-06
3.82	-2.53053E-06
3.84	-2.60532E-06
3.86	-2.68148E-06
3.88	-2.75898E-06
3.9	-2.83781E-06
3.92	-2.91791E-06
3.94	-2.99928E-06
3.96	-3.08188E-06
3.98	-3.16569E-06
4	-3.25069E-06
4.02	-3.33686E-06
4.04	-3.42418E-06
4.06	-3.51266E-06
4.08	-3.60226E-06
4.1	-3.693E-06
4.12	-3.78486E-06
4.14	-3.87784E-06
4.16	-3.97194E-06
4.18	-4.06717E-06
4.2	-4.16352E-06
4.22	-4.26101E-06
4.24	-4.35964E-06
4.26	-4.45942E-06
4.28	-4.56036E-06
4.3	-4.66248E-06
4.32	-4.76579E-06
4.34	-4.87028E-06
4.36	-4.97598E-06
4.38	-5.08286E-06
4.4	-5.19096E-06
4.42	-5.30026E-06
4.44	-5.41078E-06
4.46	-5.52254E-06
4.48	-5.63556E-06
4.5	-5.74986E-06
4.52	-5.86547E-06
4.54	-5.98242E-06
4.56	-6.10074E-06
4.58	-6.22046E-06
4.6	-6.34162E-06
4.62	-6.46425E-06
4.64	-6.5884E-06
4.66	-6.71408E-06
4.68	-6.84134E-06
4.7	-6.97023E-06
4.72	-7.10077E-06
4.74	-7.23303E-06
4.76	-7.36703E-06
4.78	-7.50281E-06
4.8	-7.64042E-06
4.82	-7.77989E-06
4.84	-7.92123E-06
4.86	-8.06447E-06
4.88	-8.20962E-06
4.9	-8.3567E-06
4.92	-8.50571E-06
4.94	-8.65666E-06
4.96	-8.80954E-06
4.98	-8.96438E-06
5	-9.12114E-06
5.02	-9.27985E-06
5.04	-9.44048E-06
5.06	-9.60303E-06
5.08	-9.76748E-06
5.1	-9.93384E-06
5.12	-1.01021E-05
5.14	-1.02722E-05
5.16	-1.04442E-05
5.18	-1.06181E-05
5.2	-1.07938E-05
5.22	-1.09713E-05
5.24	-1.11507E-05
5.26	-1.13319E-05
5.28	-1.1515E-05
5.3	-1.16998E-05
5.32	-1.18865E-05
5.34	-1.20749E-05
5.36	-1.22652E-05
5.38	-1.24572E-05
5.4	-1.26509E-05
5.42	-1.28464E-05
5.44	-1.30435E-05
5.46	-1.32424E-05
5.48	-1.34429E-05
5.5	-1.3645E-05
5.52	-1.38488E-05
5.54	-1.40542E-05
5.56	-1.42612E-05
5.58	-1.44698E-05
5.6	-1.468E-05
5.62	-1.48918E-05
5.64	-1.51051E-05
5.66	-1.532E-05
5.68	-1.55364E-05
5.7	-1.57544E-05
5.72	-1.5974E-05
5.74	-1.61952E-05
5.76	-1.64179E-05
5.78	-1.66423E-05
5.8	-1.68683E-05
5.82	-1.7096E-05
5.84	-1.73253E-05
5.86	-1.75563E-05
5.88	-1.77891E-05
5.9	-1.80236E-05
5.92	-1.82598E-05
5.94	-1.84978E-05
5.96	-1.87375E-05
5.98	-1.89791E-05
6	-1.92224E-05
6.02	-1.94676E-05
6.04	-1.97145E-05
6.06	-1.99633E-05
6.08	-2.0214E-05
6.1	-2.04664E-05
6.12	-2.07207E-05
6.14	-2.09768E-05
6.16	-2.12347E-05
6.18	-2.14944E-05
6.2	-2.17559E-05
6.22	-2.20192E-05
6.24	-2.22843E-05
6.26	-2.25513E-05
6.28	-2.282E-05
6.3	-2.30905E-05
6.32	-2.33627E-05
6.34	-2.36368E-05
6.36	-2.39126E-05
6.38	-2.41901E-05
6.4	-2.44693E-05
6.42	-2.47502E-05
6.44	-2.50329E-05
6.46	-2.53171E-05
6.48	-2.5603E-05
6.5	-2.58904E-05
6.52	-2.61795E-05
6.54	-2.647E-05
6.56	-2.67621E-05
6.58	-2.70556E-05
6.6	-2.73505E-05
6.62	-2.76467E-05
6.64	-2.79443E-05
6.66	-2.82431E-05
6.68	-2.85432E-05
6.7	-2.88444E-05
6.72	-2.91468E-05
6.74	-2.94502E-05
6.76	-2.97547E-05
6.78	-3.00602E-05
6.8	-3.03667E-05
6.82	-3.06741E-05
6.84	-3.09824E-05
6.86	-3.12916E-05
6.88	-3.16016E-05
6.9	-3.19124E-05
6.92	-3.22239E-05
6.94	-3.25362E-05
6.96	-3.28492E-05
6.98	-3.31629E-05
7	-3.34773E-05
7.02	-3.37923E-05
7.04	-3.41079E-05
7.06	-3.4424E-05
7.08	-3.47408E-05
7.1	-3.5058E-05
7.12	-3.53757E-05
7.14	-3.56939E-05
7.16	-3.60124E-05
7.18	-3.63314E-05
7.2	-3.66507E-05
7.22	-3.69703E-05
7.24	-3.72902E-05
7.26	-3.76104E-05
7.28	-3.79307E-05
7.3	-3.82513E-05
7.32	-3.8572E-05
7.34	-3.88928E-05
7.36	-3.92138E-05
7.38	-3.95348E-05
7.4	-3.98558E-05
7.42	-4.01767E-05
7.44	-4.04977E-05
7.46	-4.08185E-05
7.48	-4.11392E-05
7.5	-4.14598E-05
7.52	-4.17801E-05
7.54	-4.21002E-05
7.56	-4.24199E-05
7.58	-4.27393E-05
7.6	-4.30583E-05
7.62	-4.33768E-05
7.64	-4.36948E-05
7.66	-4.40122E-05
7.68	-4.43288E-05
7.7	-4.46448E-05
7.72	-4.49599E-05
7.74	-4.52741E-05
7.76	-4.55874E-05
7.78	-4.58996E-05
7.8	-4.62106E-05
7.82	-4.65204E-05
7.84	-4.68289E-05
7.86	-4.7136E-05
7.88	-4.74416E-05
7.9	-4.77456E-05
7.92	-4.8048E-05
7.94	-4.83486E-05
7.96	-4.86474E-05
7.98	-4.89442E-05
8	-4.9239E-05
8.02	-4.95317E-05
8.04	-4.98222E-05
8.06	-5.01104E-05
8.08	-5.03962E-05
8.1	-5.06796E-05
8.12	-5.09603E-05
8.14	-5.12385E-05
8.16	-5.15138E-05
8.18	-5.17863E-05
8.2	-5.20558E-05
8.22	-5.23222E-05
8.24	-5.25855E-05
8.26	-5.28456E-05
8.28	-5.31022E-05
8.3	-5.33554E-05
8.32	-5.36051E-05
8.34	-5.38511E-05
8.36	-5.40933E-05
8.38	-5.43316E-05
8.4	-5.4566E-05
8.42	-5.47963E-05
8.44	-5.50225E-05
8.46	-5.52444E-05
8.48	-5.54619E-05
8.5	-5.56749E-05
8.52	-5.58834E-05
8.54	-5.60872E-05
8.56	-5.62863E-05
8.58	-5.64805E-05
8.6	-5.66698E-05
8.62	-5.6854E-05
8.64	-5.7033E-05
8.66	-5.72068E-05
8.68	-5.73752E-05
8.7	-5.75381E-05
8.72	-5.76954E-05
8.74	-5.78469E-05
8.76	-5.79926E-05
8.78	-5.81324E-05
8.8	-5.82661E-05
8.82	-5.83935E-05
8.84	-5.85147E-05
8.86	-5.86293E-05
8.88	-5.87373E-05
8.9	-5.88386E-05
8.92	-5.89329E-05
8.94	-5.90203E-05
8.96	-5.91005E-05
8.98	-5.91733E-05
9	-5.92387E-05
9.02	-5.92965E-05
9.04	-5.93465E-05
9.06	-5.93886E-05
9.08	-5.94226E-05
9.1	-5.94484E-05
9.12	-5.94659E-05
9.14	-5.94748E-05
9.16	-5.9475E-05
9.18	-5.94664E-05
9.2	-5.94487E-05
9.22	-5.94218E-05
9.24	-5.93856E-05
9.26	-5.93399E-05
9.28	-5.92845E-05
9.3	-5.92191E-05
9.32	-5.91438E-05
9.34	-5.90582E-05
9.36	-5.89621E-05
9.38	-5.88555E-05
9.4	-5.87381E-05
9.42	-5.86098E-05
9.44	-5.84703E-05
9.46	-5.83195E-05
9.48	-5.81571E-05
9.5	-5.79831E-05
9.52	-5.77971E-05
9.54	-5.75991E-05
9.56	-5.73888E-05
9.58	-5.71661E-05
9.6	-5.69308E-05
9.62	-5.66827E-05
9.64	-5.64216E-05
9.66	-5.61473E-05
9.68	-5.58596E-05
9.7	-5.55584E-05
9.72	-5.52435E-05
9.74	-5.49147E-05
9.76	-5.45718E-05
9.78	-5.42146E-05
9.8	-5.38429E-05
9.82	-5.34565E-05
9.84	-5.30553E-05
9.86	-5.26391E-05
9.88	-5.22076E-05
9.9	-5.17607E-05
9.92	-5.12981E-05
9.94	-5.08197E-05
9.96	-5.03252E-05
9.98	-4.98145E-05
10	-4.92874E-05
10.02	-4.87436E-05
10.04	-4.8183E-05
10.06	-4.76053E-05
10.08	-4.70104E-05
10.1	-4.6398E-05
10.12	-4.57679E-05
10.14	-4.51199E-05
10.16	-4.44538E-05
10.18	-4.37694E-05
10.2	-4.30665E-05
10.22	-4.23448E-05
10.24	-4.16042E-05
10.26	-4.08444E-05
10.28	-4.00652E-05
10.3	-3.92663E-05
10.32	-3.84476E-05
10.34	-3.76088E-05
10.36	-3.67497E-05
10.38	-3.58701E-05
10.4	-3.49697E-05
10.42	-3.40483E-05
10.44	-3.31056E-05
10.46	-3.21414E-05
10.48	-3.11556E-05
10.5	-3.01477E-05
10.52	-2.91176E-05
10.54	-2.80651E-05
10.56	-2.69899E-05
10.58	-2.58917E-05
10.6	-2.47703E-05
10.62	-2.36255E-05
10.64	-2.2457E-05
10.66	-2.12646E-05
10.68	-2.0048E-05
10.7	-1.88069E-05
10.72	-1.75413E-05
10.74	-1.62507E-05
10.76	-1.4935E-05
10.78	-1.35939E-05
10.8	-1.22271E-05
10.82	-1.08345E-05
10.84	-9.41578E-06
10.86	-7.9707E-06
10.88	-6.49903E-06
10.9	-5.00053E-06
10.92	-3.47494E-06
10.94	-1.92205E-06
10.96	-3.4159E-07
10.98	1.26666E-06
11	2.90295E-06
11.02	4.5675E-06
11.04	6.26057E-06
11.06	7.98239E-06
11.08	9.73318E-06
11.1	1.15132E-05
11.12	1.33227E-05
11.14	1.51618E-05
11.16	1.70309E-05
11.18	1.89301E-05
11.2	2.08597E-05
11.22	2.28199E-05
11.24	2.4811E-05
11.26	2.68331E-05
11.28	2.88865E-05
11.3	3.09714E-05
11.32	3.3088E-05
11.34	3.52366E-05
11.36	3.74174E-05
11.38	3.96305E-05
11.4	4.18763E-05
11.42	4.41549E-05
11.44	4.64666E-05
11.46	4.88116E-05
11.48	5.119E-05
11.5	5.36022E-05
11.52	5.60483E-05
11.54	5.85286E-05
11.56	6.10432E-05
11.58	6.35924E-05
11.6	6.61765E-05
11.62	6.87955E-05
11.64	7.14498E-05
11.66	7.41395E-05
11.68	7.68649E-05
11.7	7.96262E-05
11.72	8.24235E-05
11.74	8.52572E-05
11.76	8.81273E-05
11.78	9.1034E-05
11.8	9.39777E-05
11.82	9.69585E-05
11.84	9.99765E-05
11.86	0.000103032
11.88	0.000106125
11.9	0.000109256
11.92	0.000112425
11.94	0.000115632
11.96	0.000118878
11.98	0.000122162
12	0.000125485
12.02	0.000128847
12.04	0.000132248
12.06	0.000135688
12.08	0.000139167
12.1	0.000142686
12.12	0.000146245
12.14	0.000149843
12.16	0.000153482
12.18	0.000157161
12.2	0.00016088
12.22	0.000164639
12.24	0.000168439
12.26	0.000172279
12.28	0.00017616
12.3	0.000180082
12.32	0.000184045
12.34	0.00018805
12.36	0.000192095
12.38	0.000196181
12.4	0.000200309
12.42	0.000204478
12.44	0.000208689
12.46	0.000212941
12.48	0.000217235
12.5	0.00022157
12.52	0.000225947
12.54	0.000230366
12.56	0.000234827
12.58	0.000239329
12.6	0.000243873
12.62	0.000248459
12.64	0.000253087
12.66	0.000257757
12.68	0.000262469
12.7	0.000267222
12.72	0.000272018
12.74	0.000276855
12.76	0.000281734
12.78	0.000286655
12.8	0.000291617
12.82	0.000296622
12.84	0.000301668
12.86	0.000306755
12.88	0.000311884
12.9	0.000317055
12.92	0.000322267
12.94	0.00032752
12.96	0.000332814
12.98	0.00033815
13	0.000343526
13.02	0.000348943
13.04	0.000354401
13.06	0.0003599
13.08	0.000365439
13.1	0.000371018
13.12	0.000376638
13.14	0.000382297
13.16	0.000387996
13.18	0.000393735
13.2	0.000399513
13.22	0.00040533
13.24	0.000411187
13.26	0.000417082
13.28	0.000423015
13.3	0.000428987
13.32	0.000434996
13.34	0.000441044
13.36	0.000447128
13.38	0.00045325
13.4	0.000459409
13.42	0.000465604
13.44	0.000471835
13.46	0.000478102
13.48	0.000484405
13.5	0.000490742
13.52	0.000497115
13.54	0.000503521
13.56	0.000509962
13.58	0.000516436
13.6	0.000522943
13.62	0.000529483
13.64	0.000536054
13.66	0.000542658
13.68	0.000549292
13.7	0.000555958
13.72	0.000562653
13.74	0.000569378
13.76	0.000576132
13.78	0.000582915
13.8	0.000589725
13.82	0.000596563
13.84	0.000603428
13.86	0.000610319
13.88	0.000617235
13.9	0.000624176
13.92	0.000631142
13.94	0.000638131
13.96	0.000645142
13.98	0.000652176
14	0.000659231
14.02	0.000666307
14.04	0.000673402
14.06	0.000680517
14.08	0.00068765
14.1	0.0006948
14.12	0.000701967
14.14	0.00070915
14.16	0.000716348
14.18	0.00072356
14.2	0.000730785
14.22	0.000738022
14.24	0.00074527
14.26	0.000752529
14.28	0.000759797
14.3	0.000767074
14.32	0.000774358
14.34	0.000781648
14.36	0.000788944
14.38	0.000796243
14.4	0.000803546
14.42	0.000810851
14.44	0.000818157
14.46	0.000825463
14.48	0.000832768
14.5	0.000840069
14.52	0.000847367
14.54	0.00085466
14.56	0.000861947
14.58	0.000869227
14.6	0.000876497
14.62	0.000883757
14.64	0.000891006
14.66	0.000898242
14.68	0.000905464
14.7	0.00091267
14.72	0.00091986
14.74	0.00092703
14.76	0.000934181
14.78	0.00094131
14.8	0.000948417
14.82	0.000955499
14.84	0.000962554
14.86	0.000969582
14.88	0.000976581
14.9	0.000983549
14.92	0.000990484
14.94	0.000997385
14.96	0.00100425
14.98	0.001011077
15	0.001018516
15.02	0.001027614
15.04	0.001035067
15.06	0.001043622
15.08	0.001050101
15.1	0.001057652
15.12	0.001062411
15.14	0.001067828
15.16	0.001068429
15.18	0.001066007
15.2	0.001042098
15.22	0.000965026
15.24	0.000788564
15.26	0.000581582
15.28	0.000383708
15.3	0.000255229
15.32	0.000244447
15.34	0.00033418
15.36	0.000431452
15.38	0.000481886
15.4	0.000560554
15.42	0.000755122
15.44	0.001134084
15.46	0.00158593
15.48	0.001956851
15.5	0.002120358
15.52	0.001966748
15.54	0.001502734
15.56	0.000906217
15.58	0.000164923
15.6	-0.000737761
15.62	-0.001768843
15.64	-0.00278196
15.66	-0.003696853
15.68	-0.00441857
15.7	-0.004958749
15.72	-0.005272318
15.74	-0.005239961
15.76	-0.004790313
15.78	-0.003900367
15.8	-0.002585234
15.82	-0.000877052
15.84	0.001001649
15.86	0.002922888
15.88	0.00483263
15.9	0.006669567
15.92	0.008419254
15.94	0.010115063
15.96	0.011681615
15.98	0.013082607
16	0.014220516
16.02	0.01495919
16.04	0.015205326
16.06	0.014950346
16.08	0.014155585
16.1	0.012852076
16.12	0.011040103
16.14	0.008759474
16.16	0.005994448
16.18	0.002836106
16.2	-0.000585076
16.22	-0.004166871
16.24	-0.007914032
16.26	-0.011807695
16.28	-0.015852177
16.3	-0.019979025
16.32	-0.024169949
16.34	-0.028315978
16.36	-0.032347864
16.38	-0.036094095
16.4	-0.039400292
16.42	-0.042189065
16.44	-0.044578352
16.46	-0.046625259
16.48	-0.048413083
16.5	-0.04991161
16.52	-0.051016809
16.54	-0.051561005
16.56	-0.051453469
16.58	-0.050718421
16.6	-0.049567811
16.62	-0.048201206
16.64	-0.047050105
16.66	-0.046306387
16.68	-0.045883957
16.7	-0.045666268
16.72	-0.045639524
16.74	-0.045835222
16.76	-0.046301528
16.78	-0.047112511
16.8	-0.048413856
16.82	-0.050209749
16.84	-0.051916748
16.86	-0.053004129
16.88	-0.05314656
16.9	-0.052363048
16.92	-0.050718491
16.94	-0.048278965
16.96	-0.045077566
16.98	-0.041026693
17	-0.036094149
17.02	-0.03014351
17.04	-0.023047774
17.06	-0.014921741
17.08	-0.00598651
17.1	0.003483854
17.12	0.013197848
17.14	0.022792068
17.16	0.031908596
17.18	0.040385066
17.2	0.04814542
17.22	0.055101801
17.24	0.060906145
17.26	0.06517828
17.28	0.067442526
17.3	0.067508714
17.32	0.065354792
17.34	0.06092448
17.36	0.054401301
17.38	0.046169771
17.4	0.036943925
17.42	0.027546143
17.44	0.01811336
17.46	0.00939855
17.48	0.001412381
17.5	-0.005864662
17.52	-0.01260115
17.54	-0.018989542
17.56	-0.025207581
17.58	-0.031341122
17.6	-0.037240659
17.62	-0.042663429
17.64	-0.047216111
17.66	-0.050000951
17.68	-0.050743525
17.7	-0.04999656
17.72	-0.048459245
17.74	-0.046183078
17.76	-0.042755822
17.78	-0.038013378
17.8	-0.031296541
17.82	-0.02252263
17.84	-0.011668553
17.86	0.001019349
17.88	0.015017069
17.9	0.029418259
17.92	0.04366919
17.94	0.057631667
17.96	0.071390639
17.98	0.084924702
18	0.098430556
18.02	0.111884744
18.04	0.125392799
18.06	0.138712736
18.08	0.151633214
18.1	0.163794163
18.12	0.17509053
18.14	0.185378475
18.16	0.194461052
18.18	0.20196082
18.2	0.20805785
18.22	0.212783508
18.24	0.216155752
18.26	0.218183208
18.28	0.218978841
18.3	0.218467574
18.32	0.216711953
18.34	0.213672131
18.36	0.209388711
18.38	0.203651823
18.4	0.196414632
18.42	0.187782801
18.44	0.178285005
18.46	0.168249179
18.48	0.157926799
18.5	0.147121107
18.52	0.135809198
18.54	0.123759289
18.56	0.11150182
18.58	0.099479119
18.6	0.087673392
18.62	0.076158225
18.64	0.064981291
18.66	0.054257562
18.68	0.044393796
18.7	0.035571839
18.72	0.027701744
18.74	0.020837408
18.76	0.015070293
18.78	0.010506728
18.8	0.007163803
18.82	0.004935469
18.84	0.003881352
18.86	0.004018575
18.88	0.005286771
18.9	0.007690583
18.92	0.011330117
18.94	0.015871854
18.96	0.020203235
18.98	0.024165606
19	0.027823526
19.02	0.031223029
19.04	0.034214427
19.06	0.036604765
19.08	0.038000648
19.1	0.038452208
19.12	0.037904331
19.14	0.036203777
19.16	0.032930635
19.18	0.027804333
19.2	0.02105334
19.22	0.013213937
19.24	0.004618828
19.26	-0.004382188
19.28	-0.013640271
19.3	-0.022865097
19.32	-0.032078961
19.34	-0.041216855
19.36	-0.050460741
19.38	-0.059745142
19.4	-0.069264298
19.42	-0.078908279
19.44	-0.088596045
19.46	-0.098154055
19.48	-0.10770101
19.5	-0.117428965
19.52	-0.127737326
19.54	-0.138223009
19.56	-0.148411453
19.58	-0.157573927
19.6	-0.165566251
19.62	-0.172270597
19.64	-0.177536383
19.66	-0.181056951
19.68	-0.18278146
19.7	-0.182921827
19.72	-0.181533867
19.74	-0.178864853
19.76	-0.175038011
19.78	-0.17036224
19.8	-0.164890705
19.82	-0.158918116
19.84	-0.152689496
19.86	-0.146366123
19.88	-0.139830968
19.9	-0.133455515
19.92	-0.127065908
19.94	-0.12097643
19.96	-0.115332501
19.98	-0.110484782
20	-0.106573184
20.02	-0.103922503
20.04	-0.102631145
20.06	-0.102623975
20.08	-0.103012683
20.1	-0.103345033
20.12	-0.10330724
20.14	-0.103075284
20.16	-0.102625821
20.18	-0.101776837
20.2	-0.100091655
20.22	-0.097304093
20.24	-0.093127021
20.26	-0.087611521
20.28	-0.08068171
20.3	-0.072735695
20.32	-0.064154395
20.34	-0.054939096
20.36	-0.044884259
20.38	-0.033979733
20.4	-0.022309667
20.42	-0.009955577
20.44	0.003068726
20.46	0.0165489
20.48	0.030402204
20.5	0.044647382
20.52	0.05956961
20.54	0.074979487
20.56	0.090508552
20.58	0.1054836
20.6	0.119324443
20.62	0.131837295
20.64	0.142792384
20.66	0.151929428
20.68	0.159296891
20.7	0.16507747
20.72	0.169526557
20.74	0.172594544
20.76	0.174161
20.78	0.174096403
20.8	0.172240199
20.82	0.168538525
20.84	0.162972661
20.86	0.155507613
20.88	0.146312436
20.9	0.136378337
20.92	0.126140123
20.94	0.115616878
20.96	0.104685341
20.98	0.093494237
21	0.082173996
21.02	0.070956907
21.04	0.060021072
21.06	0.049557799
21.08	0.039549171
21.1	0.030051057
21.12	0.021287595
21.14	0.013381602
21.16	0.00640899
21.18	0.000359069
21.2	-0.004827078
21.22	-0.009074845
21.24	-0.012294853
21.26	-0.014421703
21.28	-0.015433706
21.3	-0.0153578
21.32	-0.014199832
21.34	-0.011765293
21.36	-0.008095741
21.38	-0.003482544
21.4	0.001280317
21.42	0.005858482
21.44	0.010063874
21.46	0.013845947
21.48	0.017265838
21.5	0.020291013
21.52	0.02277553
21.54	0.024526611
21.56	0.025491081
21.58	0.025681067
21.6	0.02508059
21.62	0.023736036
21.64	0.021750846
21.66	0.019310836
21.68	0.017106898
21.7	0.015384792
21.72	0.014064397
21.74	0.013020633
21.76	0.01235776
21.78	0.012263818
21.8	0.012881028
21.82	0.014286312
21.84	0.0165261
21.86	0.01963731
21.88	0.023230574
21.9	0.026979521
21.92	0.030731028
21.94	0.034418292
21.96	0.03797365
21.98	0.041431398
22	0.044751523
22.02	0.04785533
22.04	0.050552474
22.06	0.052642751
22.08	0.053942105
22.1	0.054593526
22.12	0.054772253
22.14	0.054603243
22.16	0.054109301
22.18	0.053292361
22.2	0.052183916
22.22	0.051034381
22.24	0.049996834
22.26	0.049058246
22.28	0.04823078
22.3	0.0475759
22.32	0.047094057
22.34	0.046700911
22.36	0.046185953
22.38	0.045245456
22.4	0.043820387
22.42	0.041964006
22.44	0.039712653
22.46	0.037124559
22.48	0.034240056
22.5	0.030979137
22.52	0.027235605
22.54	0.023059529
22.56	0.018635321
22.58	0.01407372
22.6	0.009449171
22.62	0.004743695
22.64	0.000112702
22.66	-0.004575868
22.68	-0.009334835
22.7	-0.014157514
22.72	-0.018961964
22.74	-0.02369506
22.76	-0.028250924
22.78	-0.032589899
22.8	-0.036552829
22.82	-0.040194112
22.84	-0.04360825
22.86	-0.047034739
22.88	-0.050587289
22.9	-0.054315741
22.92	-0.058186292
22.94	-0.062333947
22.96	-0.066932387
22.98	-0.072088134
23	-0.077721432
23.02	-0.083686359
23.04	-0.089728326
23.06	-0.09575165
23.08	-0.101347457
23.1	-0.106255361
23.12	-0.110256184
23.14	-0.11356528
23.16	-0.116209014
23.18	-0.118327007
23.2	-0.119964641
23.22	-0.120978686
23.24	-0.121166375
23.26	-0.120536085
23.28	-0.118930619
23.3	-0.116205724
23.32	-0.112188142
23.34	-0.106884502
23.36	-0.100177181
23.38	-0.09247031
23.4	-0.08407926
23.42	-0.075039118
23.44	-0.065238082
23.46	-0.054779457
23.48	-0.043875268
23.5	-0.03287654
23.52	-0.021929294
23.54	-0.011257394
23.56	-0.000926049
23.58	0.008888291
23.6	0.018082135
23.62	0.0265622
23.64	0.034477479
23.66	0.041827135
23.68	0.048602353
23.7	0.054653395
23.72	0.059998737
23.74	0.064630251
23.76	0.068766049
23.78	0.072254015
23.8	0.07500685
23.82	0.07680941
23.84	0.077729735
23.86	0.077806688
23.88	0.077692358
23.9	0.077575346
23.92	0.07756775
23.94	0.077380904
23.96	0.076906029
23.98	0.076157251
24	0.075420209
24.02	0.074699963
24.04	0.074050255
24.06	0.073281116
24.08	0.07246961
24.1	0.071348323
24.12	0.069879588
24.14	0.067888594
24.16	0.06558198
24.18	0.063141511
24.2	0.061210648
24.22	0.059865597
24.24	0.059155523
24.26	0.058906642
24.28	0.059161661
24.3	0.05986325
24.32	0.061039467
24.34	0.06263621
24.36	0.064708322
24.38	0.067040036
24.4	0.069393724
24.42	0.071386435
24.44	0.072320632
24.46	0.072036675
24.48	0.070843037
24.5	0.068792969
24.52	0.066126146
24.54	0.063095437
24.56	0.060022002
24.58	0.056977291
24.6	0.05391231
24.62	0.051026222
24.64	0.048618393
24.66	0.046523453
24.68	0.044765655
24.7	0.043205067
24.72	0.041542684
24.74	0.039703479
24.76	0.038131896
24.78	0.036906603
24.8	0.035488059
24.82	0.033997503
24.84	0.032456321
24.86	0.030836298
24.88	0.029135861
24.9	0.027757504
24.92	0.026881283
24.94	0.026436011
24.96	0.026236757
24.98	0.026245927
25	0.02642014
25.02	0.026567759
25.04	0.026385655
25.06	0.025626312
25.08	0.024008405
25.1	0.021588948
25.12	0.018370067
25.14	0.014523651
25.16	0.010194688
25.18	0.005664121
25.2	0.001154307
25.22	-0.00324707
25.24	-0.007564849
25.26	-0.011936302
25.28	-0.016406631
25.3	-0.02089504
25.32	-0.025391641
25.34	-0.029785021
25.36	-0.034045833
25.38	-0.038032236
25.4	-0.041666351
25.42	-0.044756452
25.44	-0.047301036
25.46	-0.049467049
25.48	-0.051483303
25.5	-0.053731245
25.52	-0.056288078
25.54	-0.05913569
25.56	-0.062258539
25.58	-0.065515784
25.6	-0.068815864
25.62	-0.072019489
25.64	-0.074955534
25.66	-0.077413802
25.68	-0.07936112
25.7	-0.080829093
25.72	-0.081934936
25.74	-0.082668423
25.76	-0.083003951
25.78	-0.082823287
25.8	-0.081974554
25.82	-0.080304618
25.84	-0.077797389
25.86	-0.074311815
25.88	-0.069806379
25.9	-0.064451537
25.92	-0.058607536
25.94	-0.052216
25.96	-0.045272154
25.98	-0.037778554
26	-0.029820984
26.02	-0.021397729
26.04	-0.012598338
26.06	-0.003452418
26.08	0.005883728
26.1	0.015289977
26.12	0.024584936
26.14	0.033479167
26.16	0.041656401
26.18	0.048939968
26.2	0.055238476
26.22	0.060648062
26.24	0.065232302
26.26	0.069146572
26.28	0.072409771
26.3	0.075006764
26.32	0.076738857
26.34	0.077516903
26.36	0.077143359
26.38	0.075494781
26.4	0.072541234
26.42	0.068533204
26.44	0.06429051
26.46	0.060044157
26.48	0.055826415
26.5	0.051669951
26.52	0.047624046
26.54	0.043669485
26.56	0.039787508
26.58	0.036076926
26.6	0.032712041
26.62	0.029853139
26.64	0.027689294
26.66	0.026453966
26.68	0.026219985
26.7	0.027012685
26.72	0.028741526
26.74	0.031293356
26.76	0.034577683
26.78	0.038486599
26.8	0.042614786
26.82	0.046603866
26.84	0.050192646
26.86	0.053161498
26.88	0.055342512
26.9	0.056608513
26.92	0.056854948
26.94	0.055959242
26.96	0.053739606
26.98	0.05009245
27	0.044889985
27.02	0.038054346
27.04	0.029526259
27.06	0.019584536
27.08	0.008675011
27.1	-0.00273312
27.12	-0.014295892
27.14	-0.025608275
27.16	-0.036469066
27.18	-0.046733552
27.2	-0.056237253
27.22	-0.064734732
27.24	-0.072238232
27.26	-0.078733094
27.28	-0.083980386
27.3	-0.087813167
27.32	-0.090048394
27.34	-0.090494711
27.36	-0.088955618
27.38	-0.085246448
27.4	-0.079365746
27.42	-0.071303947
27.44	-0.061246929
27.46	-0.050229848
27.48	-0.038714404
27.5	-0.026859378
27.52	-0.014776088
27.54	-0.002613157
27.56	0.009550739
27.58	0.021607645
27.6	0.033346898
27.62	0.044467525
27.64	0.054816912
27.66	0.064232565
27.68	0.072559782
27.7	0.079701572
27.72	0.085493845
27.74	0.089982109
27.76	0.093250654
27.78	0.095304855
27.8	0.096153751
27.82	0.095763546
27.84	0.094132593
27.86	0.091412436
27.88	0.08777161
27.9	0.083309656
27.92	0.078561597
27.94	0.073859216
27.96	0.069414587
27.98	0.065371832
28	0.061781521
28.02	0.058572202
28.04	0.055740049
28.06	0.053195647
28.08	0.050884718
28.1	0.048794122
28.12	0.046966088
28.14	0.045308092
28.16	0.043811571
28.18	0.042626939
28.2	0.041693164
28.22	0.040772636
28.24	0.039624103
28.26	0.038247683
28.28	0.036674324
28.3	0.034680393
28.32	0.032073306
28.34	0.028792801
28.36	0.024913506
28.38	0.020581152
28.4	0.01596911
28.42	0.01127147
28.44	0.006610391
28.46	0.002117363
28.48	-0.002136082
28.5	-0.006234491
28.52	-0.010439253
28.54	-0.014821576
28.56	-0.019210827
28.58	-0.023388819
28.6	-0.027409688
28.62	-0.031249135
28.64	-0.034913743
28.66	-0.038232219
28.68	-0.04094611
28.7	-0.042848923
28.72	-0.043984024
28.74	-0.044536131
28.76	-0.044585262
28.78	-0.044052163
28.8	-0.042907217
28.82	-0.041181613
28.84	-0.039000972
28.86	-0.036416893
28.88	-0.033363253
28.9	-0.02977459
28.92	-0.025743079
28.94	-0.021605466
28.96	-0.017539088
28.98	-0.013654568
29	-0.010076303
29.02	-0.006949817
29.04	-0.004087537
29.06	-0.001341002
29.08	0.001458778
29.1	0.00436455
29.12	0.007282586
29.14	0.010043364
29.16	0.012459149
29.18	0.014420894
29.2	0.015860905
29.22	0.016749683
29.24	0.017183142
29.26	0.017153223
29.28	0.016828489
29.3	0.016263338
29.32	0.015555929
29.34	0.014701672
29.36	0.013566842
29.38	0.011899055
29.4	0.009306353
29.42	0.005982371
29.44	0.002113278
29.46	-0.002352491
29.48	-0.007379145
29.5	-0.01276007
29.52	-0.018300181
29.54	-0.023883544
29.56	-0.02947065
29.58	-0.035139624
29.6	-0.040977992
29.62	-0.046851114
29.64	-0.052541929
29.66	-0.057714993
29.68	-0.062130857
29.7	-0.065585232
29.72	-0.06802074
29.74	-0.069431383
29.76	-0.069922434
29.78	-0.069548423
29.8	-0.068272881
29.82	-0.066088051
29.84	-0.063102782
29.86	-0.059166743
29.88	-0.054068649
29.9	-0.048576359
29.92	-0.043023121
29.94	-0.037542316
29.96	-0.032230475
29.98	-0.027180047
30	-0.022473021
30.02	-0.018105172
30.04	-0.013970436
30.06	-0.010068915
30.08	-0.00657064
30.1	-0.003615728
30.12	-0.001319129
30.14	0.000271216
30.16	0.001256904
30.18	0.001748729
30.2	0.001834014
30.22	0.001511427
30.24	0.000706417
30.26	-0.000569136
30.28	-0.002176506
30.3	-0.003822799
30.32	-0.005198403
30.34	-0.006105199
30.36	-0.006420036
30.38	-0.006099893
30.4	-0.005087652
30.42	-0.003459878
30.44	-0.001259449
30.46	0.001475838
30.48	0.004755782
30.5	0.008665711
30.52	0.013302813
30.54	0.018361702
30.56	0.02347139
30.58	0.028344008
30.6	0.03276752
30.62	0.036591528
30.64	0.03969177
30.66	0.041969545
30.68	0.04324557
30.7	0.04322056
30.72	0.041837388
30.74	0.039130359
30.76	0.035140903
30.78	0.029963773
30.8	0.023590288
30.82	0.015878443
30.84	0.006969185
30.86	-0.002603772
30.88	-0.012470353
30.9	-0.022461517
30.92	-0.032421144
30.94	-0.042076764
30.96	-0.05116627
30.98	-0.059522456
31	-0.066948332
31.02	-0.073253818
31.04	-0.07820136
31.06	-0.081606004
31.08	-0.083346995
31.1	-0.083362066
31.12	-0.081671342
31.14	-0.078266955
31.16	-0.07313418
31.18	-0.066287346
31.2	-0.05786536
31.22	-0.048175075
31.24	-0.03785617
31.26	-0.027138305
31.28	-0.016227344
31.3	-0.005300568
31.32	0.005415834
31.34	0.015721625
31.36	0.025527808
31.38	0.034829673
31.4	0.043691984
31.42	0.052044471
31.44	0.059672493
31.46	0.066417315
31.48	0.072105382
31.5	0.076608668
31.52	0.07984282
31.54	0.081753809
31.56	0.082256912
31.58	0.081313551
31.6	0.078971214
31.62	0.075395544
31.64	0.070688613
31.66	0.064920298
31.68	0.058522526
31.7	0.051937438
31.72	0.045406578
31.74	0.039133121
31.76	0.033228387
31.78	0.02769883
31.8	0.022547332
31.82	0.017910561
31.84	0.013982175
31.86	0.010851628
31.88	0.008475621
31.9	0.006956618
31.92	0.006399336
31.94	0.006794008
31.96	0.008122098
31.98	0.010225176
32	0.012950931
32.02	0.016145258
32.04	0.019459471
32.06	0.02251378
32.08	0.025105494
32.1	0.027040007
32.12	0.028120643
32.14	0.028169931
32.16	0.027146613
32.18	0.025060048
32.2	0.022084796
32.22	0.018293566
32.24	0.013780458
32.26	0.008695654
32.28	0.003319979
32.3	-0.002171009
32.32	-0.007756139
32.34	-0.013391446
32.36	-0.019000475
32.38	-0.024424174
32.4	-0.029456263
32.42	-0.033923989
32.44	-0.037649289
32.46	-0.0405728
32.48	-0.042547971
32.5	-0.043461423
32.52	-0.043312184
32.54	-0.042142876
32.56	-0.039950949
32.58	-0.036761956
32.6	-0.032535623
32.62	-0.02731497
32.64	-0.021291145
32.66	-0.014767655
32.68	-0.007800017
32.7	-0.000545532
32.72	0.006803458
32.74	0.014050806
32.76	0.021065247
32.78	0.027734417
32.8	0.034032373
32.82	0.039956538
32.84	0.045374586
32.86	0.050003744
32.88	0.053544855
32.9	0.055820957
32.92	0.056796358
32.94	0.056551935
32.96	0.055234227
32.98	0.053041409
33	0.050073879
33.02	0.046426672
33.04	0.042122892
33.06	0.037238953
33.08	0.032168454
33.1	0.027033565
33.12	0.021923603
33.14	0.016918735
33.16	0.012063275
33.18	0.00734894
33.2	0.002734492
33.22	-0.001826176
33.24	-0.00632752
33.26	-0.010692049
33.28	-0.014901322
33.3	-0.018809638
33.32	-0.022327279
33.34	-0.025427056
33.36	-0.028102181
33.38	-0.030271059
33.4	-0.031849681
33.42	-0.032806679
33.44	-0.033197223
33.46	-0.033048388
33.48	-0.032375049
33.5	-0.031126899
33.52	-0.029334094
33.54	-0.027053957
33.56	-0.02435972
33.58	-0.021617565
33.6	-0.018937955
33.62	-0.016366196
33.64	-0.014031838
33.66	-0.012102108
33.68	-0.010669223
33.7	-0.0097308
33.72	-0.00928432
33.74	-0.009319973
33.76	-0.009830453
33.78	-0.010747147
33.8	-0.011943915
33.82	-0.0132228
33.84	-0.014448198
33.86	-0.015446636
33.88	-0.016029287
33.9	-0.016018486
33.92	-0.015227207
33.94	-0.013527535
33.96	-0.010997964
33.98	-0.007779392
34	-0.004073115
34.02	-0.000145334
34.04	0.003893283
34.06	0.008083528
34.08	0.012364116
34.1	0.016679273
34.12	0.021013049
34.14	0.025410852
34.16	0.029811252
34.18	0.034053915
34.2	0.037911746
34.22	0.041286655
34.24	0.044126393
34.26	0.046455321
34.28	0.048191194
34.3	0.049138787
34.32	0.049201906
34.34	0.048593837
34.36	0.047410696
34.38	0.045743108
34.4	0.043639932
34.42	0.041074177
34.44	0.03806959
34.46	0.034808431
34.48	0.03149431
34.5	0.028208692
34.52	0.024997103
34.54	0.021861734
34.56	0.01880716
34.58	0.015904647
34.6	0.013074004
34.62	0.010200921
34.64	0.007200621
34.66	0.004055852
34.68	0.000866456
34.7	-0.0022577
34.72	-0.00534166
34.74	-0.00842206
34.76	-0.011590499
34.78	-0.014786385
34.8	-0.017830749
34.82	-0.020485359
34.84	-0.022600031
34.86	-0.024084496
34.88	-0.024915068
34.9	-0.025134893
34.92	-0.02472115
34.94	-0.023658844
34.96	-0.021943699
34.98	-0.019525011
35	-0.016404556
35.02	-0.012596768
35.04	-0.008433124
35.06	-0.004051823
35.08	0.00041836
35.1	0.004845508
35.12	0.009123986
35.14	0.013313731
35.16	0.01747796
35.18	0.021652112
35.2	0.025730476
35.22	0.029585028
35.24	0.033041023
35.26	0.035964987
35.28	0.03821404
35.3	0.039718187
35.32	0.040472444
35.34	0.04059732
35.36	0.040243132
35.38	0.039548679
35.4	0.03855901
35.42	0.037322179
35.44	0.035866294
35.46	0.034434219
35.48	0.033091592
35.5	0.031891295
35.52	0.030843064
35.54	0.029971303
35.56	0.029304914
35.58	0.028785399
35.6	0.028135331
35.62	0.027314482
35.64	0.026435153
35.66	0.025613507
35.68	0.024909628
35.7	0.024425053
35.72	0.024017676
35.74	0.023559591
35.76	0.022955839
35.78	0.022137941
35.8	0.020985045
35.82	0.019428707
35.84	0.01747182
35.86	0.015138037
35.88	0.012496229
35.9	0.009585927
35.92	0.00631747
35.94	0.002787801
35.96	-0.000972279
35.98	-0.004866497
36	-0.008814398
36.02	-0.012827709
36.04	-0.016992953
36.06	-0.021408264
36.08	-0.02622469
36.1	-0.031362827
36.12	-0.03645106
36.14	-0.041309564
36.16	-0.045961921
36.18	-0.050350957
36.2	-0.054430224
36.22	-0.058064936
36.24	-0.061208199
36.26	-0.063831649
36.28	-0.065950365
36.3	-0.067601454
36.32	-0.068746915
36.34	-0.069341899
36.36	-0.069426927
36.38	-0.068970331
36.4	-0.067866987
36.42	-0.066024194
36.44	-0.063372342
36.46	-0.059801674
36.48	-0.055467504
36.5	-0.05071543
36.52	-0.04552596
36.54	-0.039841759
36.56	-0.033677584
36.58	-0.027126901
36.6	-0.020331979
36.62	-0.013412683
36.64	-0.006500179
36.66	0.00026868
36.68	0.006730448
36.7	0.012707931
36.72	0.01797189
36.74	0.022468156
36.76	0.026220699
36.78	0.02929641
36.8	0.031719923
36.82	0.033418737
36.84	0.034308763
36.86	0.034334809
36.88	0.0335441
36.9	0.032051092
36.92	0.029965115
36.94	0.027664764
36.96	0.025773384
36.98	0.024321302
37	0.023279469
37.02	0.022555654
37.04	0.021977311
37.06	0.021424494
37.08	0.020918859
37.1	0.020584896
37.12	0.020573608
37.14	0.020962068
37.16	0.021522759
37.18	0.021965262
37.2	0.022191829
37.22	0.022143459
37.24	0.021912124
37.26	0.021614291
37.28	0.021198457
37.3	0.020658529
37.32	0.019972159
37.34	0.01893797
37.36	0.017457201
37.38	0.015439229
37.4	0.012908971
37.42	0.01008501
37.44	0.007088917
37.46	0.0040309
37.48	0.001028437
37.5	-0.00187122
37.52	-0.004600696
37.54	-0.007116228
37.56	-0.009446701
37.58	-0.011615428
37.6	-0.013616562
37.62	-0.015299894
37.64	-0.016449491
37.66	-0.016903613
37.68	-0.016637558
37.7	-0.015603366
37.72	-0.013824006
37.74	-0.011472882
37.76	-0.008670417
37.78	-0.005318748
37.8	-0.001353154
37.82	0.003174711
37.84	0.008141231
37.86	0.013459784
37.88	0.01898594
37.9	0.024540361
37.92	0.029934911
37.94	0.035120541
37.96	0.040145085
37.98	0.045077647
38	0.049917935
38.02	0.054599243
38.04	0.058990207
38.06	0.063004699
38.08	0.066652916
38.1	0.069913849
38.12	0.072691278
38.14	0.074938231
38.16	0.076709772
38.18	0.077895005
38.2	0.078442275
38.22	0.078274687
38.24	0.077378827
38.26	0.075720923
38.28	0.073326572
38.3	0.070296887
38.32	0.066665394
38.34	0.062437229
38.36	0.05775545
38.38	0.052936041
38.4	0.04818609
38.42	0.043617375
38.44	0.039349857
38.46	0.035457917
38.48	0.031959646
38.5	0.028868666
38.52	0.026240299
38.54	0.024101777
38.56	0.02246176
38.58	0.021337325
38.6	0.020722341
38.62	0.020575088
38.64	0.020839975
38.66	0.021422543
38.68	0.021991906
38.7	0.022220185
38.72	0.022153756
38.74	0.021813525
38.76	0.021182093
38.78	0.02023809
38.8	0.018889972
38.82	0.017047457
38.84	0.014709908
38.86	0.012153674
38.88	0.009579791
38.9	0.007170471
38.92	0.005070567
38.94	0.00336677
38.96	0.002017512
38.98	0.000953158
39	0.000142679
39.02	-0.000472905
39.04	-0.00087891
39.06	-0.000925291
39.08	-0.000453132
39.1	0.000650611
39.12	0.002368817
39.14	0.004603081
39.16	0.007020856
39.18	0.009490262
39.2	0.011971481
39.22	0.014474765
39.24	0.017020513
39.26	0.019678639
39.28	0.022420019
39.3	0.025099506
39.32	0.027569263
39.34	0.029697996
39.36	0.031255573
39.38	0.032069957
39.4	0.032046906
39.42	0.031103989
39.44	0.029180332
39.46	0.026306458
39.48	0.022702679
39.5	0.018598218
39.52	0.014255138
39.54	0.009818136
39.56	0.00548827
39.58	0.001264427
39.6	-0.002967185
39.62	-0.007286151
39.64	-0.011720151
39.66	-0.016258865
39.68	-0.020759618
39.7	-0.025078356
39.72	-0.029135423
39.74	-0.03301007
39.76	-0.036942277
39.78	-0.041206376
39.8	-0.045881872
39.82	-0.050751899
39.84	-0.055583802
39.86	-0.060527078
39.88	-0.06558655
39.9	-0.070710563
39.92	-0.075847555
39.94	-0.080873581
39.96	-0.085605617
39.98	-0.089879916
40	-0.093574781
40.02	-0.096581745
40.04	-0.098866581
40.06	-0.100427617
40.08	-0.101345679
40.1	-0.101686534
40.12	-0.101496111
40.14	-0.100668656
40.16	-0.099064788
40.18	-0.096630233
40.2	-0.093513258
40.22	-0.090279148
40.24	-0.087050509
40.26	-0.083819158
40.28	-0.080599269
40.3	-0.077476596
40.32	-0.074519546
40.34	-0.071753598
40.36	-0.069098754
40.38	-0.066422858
40.4	-0.063629247
40.42	-0.060739783
40.44	-0.057829488
40.46	-0.054957994
40.48	-0.052076647
40.5	-0.04911332
40.52	-0.045993413
40.54	-0.042718051
40.56	-0.039291806
40.58	-0.035741654
40.6	-0.032157774
40.62	-0.028661008
40.64	-0.025437178
40.66	-0.022647405
40.68	-0.020452774
40.7	-0.018979571
40.72	-0.018276194
40.74	-0.018340326
40.76	-0.019174196
40.78	-0.020747978
40.8	-0.023047951
40.82	-0.026091346
40.84	-0.029892814
40.86	-0.034421983
40.88	-0.039313451
40.9	-0.044151585
40.92	-0.048693748
40.94	-0.052722963
40.96	-0.056059319
40.98	-0.058727731
41	-0.06088466
41.02	-0.062666062
41.04	-0.064200449
41.06	-0.065507708
41.08	-0.066512872
41.1	-0.067068818
41.12	-0.06701407
41.14	-0.066135057
41.16	-0.06442111
41.18	-0.062508406
41.2	-0.060851792
41.22	-0.059621886
41.24	-0.058918939
41.26	-0.058556853
41.28	-0.058429922
41.3	-0.058546455
41.32	-0.058974375
41.34	-0.059727362
41.36	-0.060794408
41.38	-0.062072703
41.4	-0.063563037
41.42	-0.065229388
41.44	-0.066629218
41.46	-0.067098289
41.48	-0.066465077
41.5	-0.064553885
41.52	-0.061337445
41.54	-0.056906346
41.56	-0.051397891
41.58	-0.044938334
41.6	-0.037691253
41.62	-0.029931977
41.64	-0.021907818
41.66	-0.013604169
41.68	-0.005081283
41.7	0.003597431
41.72	0.012328715
41.74	0.02101248
41.76	0.029583372
41.78	0.038002692
41.8	0.046215898
41.82	0.054154041
41.84	0.061790794
41.86	0.068951121
41.88	0.075505143
41.9	0.081163682
41.92	0.085656994
41.94	0.08892048
41.96	0.091060547
41.98	0.092203942
42	0.092542718
42.02	0.092314482
42.04	0.091579584
42.06	0.090387544
42.08	0.088738168
42.1	0.086666612
42.12	0.084182793
42.14	0.08144647
42.16	0.07871911
42.18	0.075959898
42.2	0.073165516
42.22	0.070372663
42.24	0.067599842
42.26	0.064878075
42.28	0.062190555
42.3	0.059479825
42.32	0.056729831
42.34	0.054123473
42.36	0.051759927
42.38	0.049703435
42.4	0.048010919
42.42	0.046778542
42.44	0.046034057
42.46	0.045838283
42.48	0.046178709
42.5	0.047015485
42.52	0.048258628
42.54	0.049909507
42.56	0.052011608
42.58	0.054428165
42.6	0.056811832
42.62	0.059189295
42.64	0.061514378
42.66	0.063672905
42.68	0.065534313
42.7	0.067016358
42.72	0.068019151
42.74	0.06854284
42.76	0.068628687
42.78	0.068341108
42.8	0.06779558
42.82	0.067030087
42.84	0.066110259
42.86	0.065152984
42.88	0.064272101
42.9	0.063600217
42.92	0.063315167
42.94	0.063680946
42.96	0.064691079
42.98	0.06634326
43	0.068563375
43.02	0.071219537
43.04	0.07414101
43.06	0.077174544
43.08	0.080109733
43.1	0.082850552
43.12	0.08546254
43.14	0.087786598
43.16	0.089744079
43.18	0.091296168
43.2	0.092366967
43.22	0.092841236
43.24	0.092609245
43.26	0.091626263
43.28	0.089859294
43.3	0.087539925
43.32	0.084570941
43.34	0.08084471
43.36	0.076340489
43.38	0.071081828
43.4	0.065177613
43.42	0.05884671
43.44	0.052306613
43.46	0.045737214
43.48	0.039268473
43.5	0.033008778
43.52	0.026993425
43.54	0.021261317
43.56	0.015833979
43.58	0.010714329
43.6	0.005871648
43.62	0.001255472
43.64	-0.003253787
43.66	-0.007656855
43.68	-0.011980256
43.7	-0.016178382
43.72	-0.020201208
43.74	-0.023958391
43.76	-0.027432732
43.78	-0.030733849
43.8	-0.034101639
43.82	-0.03756046
43.84	-0.041013883
43.86	-0.044365747
43.88	-0.047538115
43.9	-0.050444415
43.92	-0.053067074
43.94	-0.055349106
43.96	-0.057271219
43.98	-0.058733283
44	-0.059662651
44.02	-0.060018216
44.04	-0.059691146
44.06	-0.058680188
44.08	-0.056964983
44.1	-0.054694053
44.12	-0.052341192
44.14	-0.050019766
44.16	-0.047782083
44.18	-0.045650349
44.2	-0.043640595
44.22	-0.041698184
44.24	-0.039746797
44.26	-0.037720672
44.28	-0.03561134
44.3	-0.033460134
44.32	-0.031231904
44.34	-0.0289218
44.36	-0.026519196
44.38	-0.024013204
44.4	-0.021383973
44.42	-0.018551529
44.44	-0.01550912
44.46	-0.012270387
44.48	-0.00889142
44.5	-0.005435413
44.52	-0.001980826
44.54	0.001409405
44.56	0.004688902
44.58	0.007756232
44.6	0.010504418
44.62	0.012851425
44.64	0.014700478
44.66	0.016035836
44.68	0.016828663
44.7	0.017081767
44.72	0.016773183
44.74	0.015927418
44.76	0.014527127
44.78	0.012568267
44.8	0.010142298
44.82	0.00741521
44.84	0.0044787
44.86	0.001443604
44.88	-0.001594508
44.9	-0.004522646
44.92	-0.007292701
44.94	-0.0098347
44.96	-0.012118907
44.98	-0.01415313
45	-0.015982047
45.02	-0.017599283
45.04	-0.019013467
45.06	-0.020231454
45.08	-0.021256859
45.1	-0.02206741
45.12	-0.022727193
45.14	-0.023393003
45.16	-0.024295838
45.18	-0.02541109
45.2	-0.026705441
45.22	-0.028104355
45.24	-0.029507506
45.26	-0.030856583
45.28	-0.03214853
45.3	-0.033378601
45.32	-0.034461021
45.34	-0.035340492
45.36	-0.035883736
45.38	-0.035914668
45.4	-0.035382395
45.42	-0.034212592
45.44	-0.032353153
45.46	-0.029781332
45.48	-0.026504413
45.5	-0.022556979
45.52	-0.01811798
45.54	-0.013318787
45.56	-0.00827188
45.58	-0.003089763
45.6	0.002099081
45.62	0.007154628
45.64	0.011976664
45.66	0.016507201
45.68	0.020713911
45.7	0.024584062
45.72	0.028175448
45.74	0.031521808
45.76	0.034591157
45.78	0.037364002
45.8	0.039878354
45.82	0.042202749
45.84	0.044305038
45.86	0.046167327
45.88	0.047719768
45.9	0.048901623
45.92	0.049866371
45.94	0.050664911
45.96	0.0512035
45.98	0.051437855
46	0.051373272
46.02	0.05105588
46.04	0.050467057
46.06	0.049623736
46.08	0.048516235
46.1	0.04713706
46.12	0.045324245
46.14	0.04297151
46.16	0.040269035
46.18	0.037293917
46.2	0.034053054
46.22	0.030599254
46.24	0.02694579
46.26	0.023105862
46.28	0.019097573
46.3	0.015001495
46.32	0.010895444
46.34	0.006905755
46.36	0.003164459
46.38	-0.000207711
46.4	-0.003161621
46.42	-0.005771637
46.44	-0.008134477
46.46	-0.010266974
46.48	-0.012164304
46.5	-0.013788839
46.52	-0.015109106
46.54	-0.016084409
46.56	-0.016682421
46.58	-0.016888857
46.6	-0.016865174
46.62	-0.01683705
46.64	-0.016757587
46.66	-0.01661709
46.68	-0.016482132
46.7	-0.016355677
46.72	-0.016239076
46.74	-0.016230073
46.76	-0.016393019
46.78	-0.016731227
46.8	-0.017174792
46.82	-0.017611671
46.84	-0.017941121
46.86	-0.018006234
46.88	-0.017675279
46.9	-0.016910453
46.92	-0.015680422
46.94	-0.013977692
46.96	-0.011881326
46.98	-0.009464716
47	-0.00675734
47.02	-0.003854201
47.04	-0.000948531
47.06	0.001837353
47.08	0.004332831
47.1	0.0064539
47.12	0.0081799
47.14	0.0094946
47.16	0.010380316
47.18	0.010797859
47.2	0.010703121
47.22	0.010091926
47.24	0.008909002
47.26	0.007112273
47.28	0.004816381
47.3	0.00226597
47.32	-0.000509197
47.34	-0.003462129
47.36	-0.006601251
47.38	-0.009940491
47.4	-0.013433863
47.42	-0.01700136
47.44	-0.02052627
47.46	-0.02392865
47.48	-0.027210807
47.5	-0.030414248
47.52	-0.033564229
47.54	-0.036629889
47.56	-0.039546034
47.58	-0.042279027
47.6	-0.044900171
47.62	-0.047445784
47.64	-0.049860884
47.66	-0.052056127
47.68	-0.053972124
47.7	-0.055594061
47.72	-0.056938429
47.74	-0.058008278
47.76	-0.058820831
47.78	-0.059389322
47.8	-0.059710085
47.82	-0.059755002
47.84	-0.059469824
47.86	-0.058810022
47.88	-0.057753946
47.9	-0.056348332
47.92	-0.054728462
47.94	-0.052837025
47.96	-0.050677719
47.98	-0.048284293
48	-0.045653955
48.02	-0.042810975
48.04	-0.039825613
48.06	-0.036783155
48.08	-0.033717383
48.1	-0.03061989
48.12	-0.027475613
48.14	-0.024255922
48.16	-0.020961962
48.18	-0.01762855
48.2	-0.014281056
48.22	-0.010930976
48.24	-0.007606482
48.26	-0.004346959
48.28	-0.001145878
48.3	0.002003611
48.32	0.00510076
48.34	0.008161912
48.36	0.011202752
48.38	0.014205904
48.4	0.017139099
48.42	0.019970653
48.44	0.022707472
48.46	0.02534119
48.48	0.027838174
48.5	0.030147913
48.52	0.03220984
48.54	0.033963424
48.56	0.035358093
48.58	0.036323185
48.6	0.036761583
48.62	0.03660981
48.64	0.035861945
48.66	0.034564641
48.68	0.032792847
48.7	0.030632029
48.72	0.0282143
48.74	0.025667972
48.76	0.023166062
48.78	0.020734654
48.8	0.01840116
48.82	0.016179591
48.84	0.014110578
48.86	0.012236478
48.88	0.010598827
48.9	0.009201331
48.92	0.008016243
48.94	0.007007234
48.96	0.006182773
48.98	0.005567286
49	0.005147428
49.02	0.004857604
49.04	0.004669041
49.06	0.004629866
49.08	0.004757354
49.1	0.005046468
49.12	0.005469143
49.14	0.00596948
49.16	0.006509781
49.18	0.007093699
49.2	0.007609125
49.22	0.007985888
49.24	0.008213041
49.26	0.008313297
49.28	0.008337246
49.3	0.008370945
49.32	0.008516148
49.34	0.00881327
49.36	0.009289762
49.38	0.010018194
49.4	0.011029806
49.42	0.012320175
49.44	0.013870324
49.46	0.015637102
49.48	0.017539805
49.5	0.019484969
49.52	0.021404402
49.54	0.023279926
49.56	0.02508632
49.58	0.026808742
49.6	0.028417915
49.62	0.029909959
49.64	0.031282728
49.66	0.032509318
49.68	0.033546588
49.7	0.034375043
49.72	0.034996259
49.74	0.03543977
49.76	0.035762868
49.78	0.03596653
49.8	0.0359815
49.82	0.035770074
49.84	0.035318585
49.86	0.034595229
49.88	0.033587275
49.9	0.032312276
49.92	0.030805514
49.94	0.029065389
49.96	0.027044984
49.98	0.024721837
50	0.022069362
50.02	0.019119912
50.04	0.015950593
50.06	0.012643254
50.08	0.009277618
50.1	0.005918049
50.12	0.002631586
50.14	-0.00054236
50.16	-0.003511156
50.18	-0.006191896
50.2	-0.008521685
50.22	-0.010463389
50.24	-0.01202338
50.26	-0.013267406
50.28	-0.014246078
50.3	-0.014900495
50.32	-0.0152521
50.34	-0.015344728
50.36	-0.015192701
50.38	-0.014840068
50.4	-0.014495534
50.42	-0.014149917
50.44	-0.013771898
50.46	-0.013352976
50.48	-0.0128706
50.5	-0.012276169
50.52	-0.011544675
50.54	-0.01061775
50.56	-0.009578026
50.58	-0.008475295
50.6	-0.007326939
50.62	-0.006153696
50.64	-0.005063704
50.66	-0.004141282
50.68	-0.003427049
50.7	-0.002897303
50.72	-0.0024591
50.74	-0.002020983
50.76	-0.001537766
50.78	-0.000995786
50.8	-0.000407985
50.82	0.000218441
50.84	0.000912485
50.86	0.001786568
50.88	0.002903842
50.9	0.004260105
50.92	0.005741787
50.94	0.00727973
50.96	0.008825335
50.98	0.01029589
51	0.011612286
51.02	0.012741258
51.04	0.013711985
51.06	0.014538115
51.08	0.015244182
51.1	0.015782572
51.12	0.01611022
51.14	0.016202511
51.16	0.016025214
51.18	0.015563062
51.2	0.014915986
51.22	0.014039799
51.24	0.012876979
51.26	0.011421454
51.28	0.009699944
51.3	0.00774817
51.32	0.005614618
51.34	0.00336218
51.36	0.001038791
51.38	-0.001342324
51.4	-0.003793538
51.42	-0.006303655
51.44	-0.00878574
51.46	-0.011147557
51.48	-0.013318533
51.5	-0.0152283
51.52	-0.016846911
51.54	-0.018150481
51.56	-0.019135445
51.58	-0.019785369
51.6	-0.020071567
51.62	-0.019985062
51.64	-0.019524613
51.66	-0.018695517
51.68	-0.017526867
51.7	-0.016080631
51.72	-0.01441838
51.74	-0.012640303
51.76	-0.010966319
51.78	-0.009405911
51.8	-0.007951738
51.82	-0.006565286
51.84	-0.005204549
51.86	-0.00385019
51.88	-0.002520671
51.9	-0.001235598
51.92	-9.62087E-06
51.94	0.001192564
51.96	0.002387304
51.98	0.00361409
52	0.004976407
52.02	0.006511233
52.04	0.00820983
52.06	0.010014562
52.08	0.011897696
52.1	0.01384237
52.12	0.015830964
52.14	0.017864141
52.16	0.019985613
52.18	0.022254628
52.2	0.024638265
52.22	0.027101933
52.24	0.029574876
52.26	0.032029864
52.28	0.034427875
52.3	0.036730473
52.32	0.038868139
52.34	0.040782692
52.36	0.04245832
52.38	0.043875462
52.4	0.044977949
52.42	0.045682276
52.44	0.045927722
52.46	0.045695259
52.48	0.04499126
52.5	0.043861739
52.52	0.042354698
52.54	0.040504643
52.56	0.038266378
52.58	0.035770199
52.6	0.032986823
52.62	0.02988931
52.64	0.026494865
52.66	0.022868829
52.68	0.019065293
52.7	0.01513386
52.72	0.01112199
52.74	0.007064824
52.76	0.002976214
52.78	-0.001108794
52.8	-0.005141449
52.82	-0.009060963
52.84	-0.012830177
52.86	-0.016419962
52.88	-0.01979396
52.9	-0.022896589
52.92	-0.025691092
52.94	-0.028141531
52.96	-0.030257061
52.98	-0.032040564
53	-0.033486754
53.02	-0.03459148
53.04	-0.035382144
53.06	-0.03588441
53.08	-0.036153549
53.1	-0.036221384
53.12	-0.036142654
53.14	-0.035960296
53.16	-0.035713936
53.18	-0.035406734
53.2	-0.035034302
53.22	-0.03464947
53.24	-0.034246381
53.26	-0.033837624
53.28	-0.03346094
53.3	-0.033140169
53.32	-0.032900154
53.34	-0.032706942
53.36	-0.032539046
53.38	-0.032363072
53.4	-0.032154986
53.42	-0.031893078
53.44	-0.031556277
53.46	-0.031119465
53.48	-0.03054683
53.5	-0.029784048
53.52	-0.028771963
53.54	-0.027517607
53.56	-0.026045658
53.58	-0.024370398
53.6	-0.022513518
53.62	-0.020521848
53.64	-0.018435374
53.66	-0.016323888
53.68	-0.014263634
53.7	-0.012332769
53.72	-0.0106248
53.74	-0.009229853
53.76	-0.008223698
53.78	-0.007662856
53.8	-0.007536307
53.82	-0.007837802
53.84	-0.008575468
53.86	-0.009741822
53.88	-0.01130044
53.9	-0.013117306
53.92	-0.014985036
53.94	-0.016856806
53.96	-0.018664441
53.98	-0.02033171
54	-0.021811337
54.02	-0.023078583
54.04	-0.024138931
54.06	-0.024981748
54.08	-0.025611785
54.1	-0.026016228
54.12	-0.026177622
54.14	-0.026061922
54.16	-0.025670116
54.18	-0.025024994
54.2	-0.024257552
54.22	-0.023363752
54.24	-0.022364676
54.26	-0.021301113
54.28	-0.020203258
54.3	-0.019047292
54.32	-0.017855731
54.34	-0.016665488
54.36	-0.015517253
54.38	-0.014432526
54.4	-0.013431599
54.42	-0.012522413
54.44	-0.011707836
54.46	-0.010932956
54.48	-0.010151595
54.5	-0.00933639
54.52	-0.008444313
54.54	-0.007450514
54.56	-0.006369299
54.58	-0.00519152
54.6	-0.003912383
54.62	-0.002519972
54.64	-0.000974018
54.66	0.000714973
54.68	0.002503639
54.7	0.004337338
54.72	0.006188077
54.74	0.008049797
54.76	0.009923492
54.78	0.01182079
54.8	0.013709944
54.82	0.015529665
54.84	0.01722017
54.86	0.018738563
54.88	0.020044368
54.9	0.021133494
54.92	0.021997688
54.94	0.022668567
54.96	0.023214436
54.98	0.023680367
55	0.024088755
55.02	0.024437732
55.04	0.024647358
55.06	0.024656584
55.08	0.024434065
55.1	0.023974907
55.12	0.023370093
55.14	0.022602593
55.16	0.021596096
55.18	0.020321786
55.2	0.018759931
55.22	0.016976478
55.24	0.015054825
55.26	0.013102312
55.28	0.011192736
55.3	0.009404646
55.32	0.007745623
55.34	0.006235417
55.36	0.004880756
55.38	0.003698819
55.4	0.002725342
55.42	0.00201715
55.44	0.001604118
55.46	0.001489438
55.48	0.001638237
55.5	0.002021336
55.52	0.002589825
55.54	0.003317748
55.56	0.004182619
55.58	0.005156207
55.6	0.006218939
55.62	0.007300759
55.64	0.008417407
55.66	0.009524605
55.68	0.010585852
55.7	0.011582743
55.72	0.012487722
55.74	0.013298228
55.76	0.014008803
55.78	0.014585924
55.8	0.014994284
55.82	0.015221091
55.84	0.015290023
55.86	0.015257182
55.88	0.015202544
55.9	0.015209552
55.92	0.015335687
55.94	0.015652201
55.96	0.016171224
55.98	0.016906734
56	0.01788632
56.02	0.019147364
56.04	0.0206828
56.06	0.022430086
56.08	0.02424557
56.1	0.026070459
56.12	0.027838779
56.14	0.029551759
56.16	0.031150328
56.18	0.032595699
56.2	0.033893189
56.22	0.035010894
56.24	0.035914561
56.26	0.036601994
56.28	0.037037828
56.3	0.037181099
56.32	0.036998911
56.34	0.036472939
56.36	0.035549879
56.38	0.034215815
56.4	0.03248152
56.42	0.030384219
56.44	0.02799912
56.46	0.025396952
56.48	0.022687459
56.5	0.019917538
56.52	0.017140388
56.54	0.014387986
56.56	0.011686404
56.58	0.009065153
56.6	0.006530921
56.62	0.004093504
56.64	0.001730456
56.66	-0.000573756
56.68	-0.002808753
56.7	-0.004926792
56.72	-0.006892006
56.74	-0.008662844
56.76	-0.010245898
56.78	-0.011643739
56.8	-0.012892207
56.82	-0.014019503
56.84	-0.015052306
56.86	-0.01599531
56.88	-0.016837791
56.9	-0.017571931
56.92	-0.018200749
56.94	-0.018718414
56.96	-0.019109958
56.98	-0.0193829
57	-0.01956617
57.02	-0.019710231
57.04	-0.019926642
57.06	-0.020212198
57.08	-0.020533445
57.1	-0.020863136
57.12	-0.021154665
57.14	-0.02140059
57.16	-0.021606725
57.18	-0.021821525
57.2	-0.022079661
57.22	-0.022411286
57.24	-0.022847561
57.26	-0.023379611
57.28	-0.023986523
57.3	-0.024636532
57.32	-0.025276522
57.34	-0.025878002
57.36	-0.026391684
57.38	-0.026743778
57.4	-0.026879331
57.42	-0.026777025
57.44	-0.026395975
57.46	-0.025721607
57.48	-0.024737421
57.5	-0.023461419
57.52	-0.021912201
57.54	-0.02015262
57.56	-0.018343481
57.58	-0.016602884
57.6	-0.014946523
57.62	-0.013400542
57.64	-0.011987533
57.66	-0.010729366
57.68	-0.00964464
57.7	-0.00873059
57.72	-0.007980627
57.74	-0.007368093
57.76	-0.006868863
57.78	-0.006464645
57.8	-0.006157614
57.82	-0.005963814
57.84	-0.005899274
57.86	-0.005983514
57.88	-0.006214121
57.9	-0.006563312
57.92	-0.006993653
57.94	-0.007455053
57.96	-0.007920892
57.98	-0.008402202
58	-0.008902614
58.02	-0.00936958
58.04	-0.009720171
58.06	-0.009921672
58.08	-0.00995292
58.1	-0.009806716
58.12	-0.009513885
58.14	-0.009120681
58.16	-0.008666077
58.18	-0.008194508
58.2	-0.007721193
58.22	-0.007228798
58.24	-0.006717218
58.26	-0.006186557
58.28	-0.005620449
58.3	-0.005024341
58.32	-0.004405655
58.34	-0.003775949
58.36	-0.003149749
58.38	-0.002554656
58.4	-0.002014201
58.42	-0.001545313
58.44	-0.001147191
58.46	-0.000850687
58.48	-0.000656598
58.5	-0.000553268
58.52	-0.000498687
58.54	-0.000436254
58.56	-0.000314556
58.58	-0.000156312
58.6	1.30592E-05
58.62	0.000164525
58.64	0.000337757
58.66	0.000569137
58.68	0.000814535
58.7	0.001027967
58.72	0.001170985
58.74	0.001212899
58.76	0.001129705
58.78	0.00095286
58.8	0.000715339
58.82	0.000432622
58.84	0.000138914
58.86	-0.000105879
58.88	-0.000193519
58.9	-9.38277E-05
58.92	0.00020392
58.94	0.000707805
58.96	0.001387087
58.98	0.002187801
59	0.003029924
59.02	0.003801766
59.04	0.004462724
59.06	0.004967059
59.08	0.005282877
59.1	0.005430201
59.12	0.005474778
59.14	0.005461774
59.16	0.00541094
59.18	0.005333152
59.2	0.005200061
59.22	0.005002989
59.24	0.00471539
59.26	0.004395688
59.28	0.004041862
59.3	0.003660128
59.32	0.003270891
59.34	0.002882526
59.36	0.002466606
59.38	0.00199794
59.4	0.001529086
59.42	0.001102487
59.44	0.000778849
59.46	0.000593004
59.48	0.000573315
59.5	0.000714781
59.52	0.001013634
59.54	0.001427508
59.56	0.001894875
59.58	0.002355014
59.6	0.002737921
59.62	0.002997216
59.64	0.003146866
59.66	0.003189693
59.68	0.003133239
59.7	0.002966337
59.72	0.002696322
59.74	0.002360696
59.76	0.002006404
59.78	0.001714395
59.8	0.001552066
59.82	0.001508944
59.84	0.001578775
59.86	0.001738635
59.88	0.001968037
59.9	0.002257359
59.92	0.002627584
59.94	0.003076675
59.96	0.003586795
59.98	0.004123496
60	0.004654006
60.02	0.005168404
60.04	0.005668278
60.06	0.006139942
60.08	0.006549228
60.1	0.006896213
60.12	0.007171317
60.14	0.007374777
60.16	0.007497815
60.18	0.007548936
60.2	0.007522027
60.22	0.007422717
60.24	0.007265926
60.26	0.007055994
60.28	0.006772984
60.3	0.006400603
60.32	0.005911086
60.34	0.005313219
60.36	0.004635522
60.38	0.003922303
60.4	0.003219356
60.42	0.002561946
60.44	0.001938598
60.46	0.001347291
60.48	0.00079586
60.5	0.000300577
60.52	-0.000114499
60.54	-0.000443508
60.56	-0.000682965
60.58	-0.000856347
60.6	-0.000992226
60.62	-0.001123665
60.64	-0.001312987
60.66	-0.001611391
60.68	-0.00202641
60.7	-0.002531726
60.72	-0.003098475
60.74	-0.003701262
60.76	-0.004322693
60.78	-0.004946597
60.8	-0.005581761
60.82	-0.006213448
60.84	-0.006825891
60.86	-0.007417986
60.88	-0.00798448
60.9	-0.008507142
60.92	-0.008964728
60.94	-0.00934472
60.96	-0.00968968
60.98	-0.010059475
61	-0.010506768
61.02	-0.011052215
61.04	-0.011672736
61.06	-0.012315266
61.08	-0.012914023
61.1	-0.01343497
61.12	-0.013895802
61.14	-0.014334487
61.16	-0.014803554
61.18	-0.015301255
61.2	-0.015815342
61.22	-0.016290876
61.24	-0.01667319
61.26	-0.016891166
61.28	-0.016914274
61.3	-0.016737975
61.32	-0.01639451
61.34	-0.015965079
61.36	-0.015437693
61.38	-0.014759868
61.4	-0.013949574
61.42	-0.01299932
61.44	-0.011969356
61.46	-0.010894869
61.48	-0.009780045
61.5	-0.008677344
61.52	-0.007638438
61.54	-0.006691208
61.56	-0.005895094
61.58	-0.005265181
61.6	-0.00479795
61.62	-0.004493226
61.64	-0.004350029
61.66	-0.004363132
61.68	-0.004530077
61.7	-0.004853772
61.72	-0.005346012
61.74	-0.005994412
61.76	-0.006696622
61.78	-0.00741029
61.8	-0.008099582
61.82	-0.008733601
61.84	-0.009298315
61.86	-0.009787038
61.88	-0.010209205
61.9	-0.010543251
61.92	-0.010758407
61.94	-0.010832905
61.96	-0.010748205
61.98	-0.010472291
62	-0.009971533
62.02	-0.009233444
62.04	-0.008272192
62.06	-0.007129186
62.08	-0.005861448
62.1	-0.004571069
62.12	-0.003318288
62.14	-0.002106328
62.16	-0.000973431
62.18	4.60442E-05
62.2	0.000907609
62.22	0.001570725
62.24	0.002020141
62.26	0.002288137
62.28	0.002388748
62.3	0.002357511
62.32	0.002209271
62.34	0.001973317
62.36	0.001674205
62.38	0.001316415
62.4	0.000924179
62.42	0.000475894
62.44	-5.62596E-05
62.46	-0.000672504
62.48	-0.001345422
62.5	-0.002030465
62.52	-0.002688324
62.54	-0.003285821
62.56	-0.003820197
62.58	-0.004287786
62.6	-0.004722733
62.62	-0.005116513
62.64	-0.00545688
62.66	-0.005732394
62.68	-0.005923428
62.7	-0.006024557
62.72	-0.006049683
62.74	-0.006118379
62.76	-0.006269042
62.78	-0.006504515
62.8	-0.006832953
62.82	-0.007217067
62.84	-0.007582569
62.86	-0.007866976
62.88	-0.008016217
62.9	-0.00797921
62.92	-0.007747833
62.94	-0.007373118
62.96	-0.0069081
62.98	-0.006416371
63	-0.005947266
63.02	-0.005524357
63.04	-0.005172627
63.06	-0.004935658
63.08	-0.004853383
63.1	-0.004931349
63.12	-0.005155054
63.14	-0.005492629
63.16	-0.005899073
63.18	-0.006306215
63.2	-0.006569236
63.22	-0.00666867
63.24	-0.006601127
63.26	-0.006347206
63.28	-0.005919986
63.3	-0.005314773
63.32	-0.004554611
63.34	-0.003684976
63.36	-0.002743672
63.38	-0.001693595
63.4	-0.000515531
63.42	0.000832216
63.44	0.002373895
63.46	0.00410704
63.48	0.006025526
63.5	0.008110755
63.52	0.010318808
63.54	0.012607407
63.56	0.014903076
63.58	0.017151633
63.6	0.019313861
63.62	0.021392324
63.64	0.023367684
63.66	0.025181157
63.68	0.026780684
63.7	0.028168969
63.72	0.029294514
63.74	0.03012864
63.76	0.030684163
63.78	0.030991607
63.8	0.031057788
63.82	0.030908629
63.84	0.030564155
63.86	0.03010507
63.88	0.029651857
63.9	0.029180409
63.92	0.028681378
63.94	0.028163977
63.96	0.027641214
63.98	0.02714352
64	0.026683987
64.02	0.02630678
64.04	0.026033891
64.06	0.025867347
64.08	0.025807832
64.1	0.025854307
64.12	0.026009627
64.14	0.026275965
64.16	0.026622967
64.18	0.026988918
64.2	0.027238167
64.22	0.027311243
64.24	0.027172693
64.26	0.026811034
64.28	0.026258204
64.3	0.02555661
64.32	0.024776377
64.34	0.02397512
64.36	0.023194471
64.38	0.022476859
64.4	0.021836432
64.42	0.021262161
64.44	0.020759627
64.46	0.020303494
64.48	0.019867525
64.5	0.019496222
64.52	0.019201557
64.54	0.018982548
64.56	0.018682778
64.58	0.018257462
64.6	0.01773343
64.62	0.017149645
64.64	0.016568794
64.66	0.016074455
64.68	0.015684685
64.7	0.015380959
64.72	0.015200604
64.74	0.015165639
64.76	0.015279291
64.78	0.015540818
64.8	0.015934463
64.82	0.016444323
64.84	0.01706431
64.86	0.017803162
64.88	0.01860039
64.9	0.019321334
64.92	0.019962726
64.94	0.020504462
64.96	0.020922456
64.98	0.021216752
65	0.021367335
65.02	0.021365589
65.04	0.021196164
65.06	0.02084453
65.08	0.020300804
65.1	0.019585639
65.12	0.018715409
65.14	0.017701601
65.16	0.016559121
65.18	0.015326451
65.2	0.014031586
65.22	0.012726848
65.24	0.011455328
65.26	0.010259365
65.28	0.009162394
65.3	0.00817774
65.32	0.007315899
65.34	0.006570042
65.36	0.00591627
65.38	0.005354909
65.4	0.004921144
65.42	0.004652334
65.44	0.004618187
65.46	0.004833
65.48	0.005272656
65.5	0.005891123
65.52	0.006588638
65.54	0.007298526
65.56	0.007990957
65.58	0.008631965
65.6	0.00921174
65.62	0.009685111
65.64	0.010020709
65.66	0.010221492
65.68	0.010260025
65.7	0.010114407
65.72	0.009773475
65.74	0.009247765
65.76	0.008573319
65.78	0.007821453
65.8	0.007077795
65.82	0.006433364
65.84	0.005902195
65.86	0.005493774
65.88	0.005206127
65.9	0.005017013
65.92	0.004930113
65.94	0.004977022
65.96	0.005141768
65.98	0.005396407
66	0.005729357
66.02	0.006111551
66.04	0.006417536
66.06	0.006650763
66.08	0.006741652
66.1	0.006630875
66.12	0.006296822
66.14	0.00575666
66.16	0.005024845
66.18	0.00411561
66.2	0.003042881
66.22	0.00185405
66.24	0.000566262
66.26	-0.000770933
66.28	-0.002106362
66.3	-0.003417004
66.32	-0.004713188
66.34	-0.005990623
66.36	-0.007198987
66.38	-0.008317331
66.4	-0.009345693
66.42	-0.010282377
66.44	-0.011147945
66.46	-0.011937032
66.48	-0.012659599
66.5	-0.013299573
66.52	-0.013848133
66.54	-0.014349478
66.56	-0.014811998
66.58	-0.015272299
66.6	-0.015712388
66.62	-0.016137366
66.64	-0.016537255
66.66	-0.016935136
66.68	-0.017334459
66.7	-0.017714797
66.72	-0.01804922
66.74	-0.018309355
66.76	-0.018468808
66.78	-0.018524332
66.8	-0.018485037
66.82	-0.018399049
66.84	-0.018305055
66.86	-0.018170313
66.88	-0.017924812
66.9	-0.017553632
66.92	-0.017133895
66.94	-0.016714909
66.96	-0.016346027
66.98	-0.01606004
67	-0.015842714
67.02	-0.015643122
67.04	-0.015456312
67.06	-0.015286906
67.08	-0.015128864
67.1	-0.014996903
67.12	-0.014880038
67.14	-0.014757854
67.16	-0.014606918
67.18	-0.014326021
67.2	-0.013874766
67.22	-0.013250638
67.24	-0.012457917
67.26	-0.011536286
67.28	-0.010535003
67.3	-0.009501728
67.32	-0.008466962
67.34	-0.007437393
67.36	-0.006411544
67.38	-0.00540192
67.4	-0.004400652
67.42	-0.003411112
67.44	-0.002459405
67.46	-0.001588685
67.48	-0.00079468
67.5	-7.23159E-05
67.52	0.000580235
67.54	0.001137558
67.56	0.001576937
67.58	0.001849311
67.6	0.001910246
67.62	0.001715782
67.64	0.001248083
67.66	0.000532241
67.68	-0.000369444
67.7	-0.001384389
67.72	-0.002456955
67.74	-0.003545559
67.76	-0.004489333
67.78	-0.005243108
67.8	-0.005750763
67.82	-0.005987211
67.84	-0.005928598
67.86	-0.005575153
67.88	-0.004950403
67.9	-0.004095403
67.92	-0.003069054
67.94	-0.002003781
67.96	-0.001005171
67.98	-8.20861E-05
68	0.000757936
68.02	0.001481562
68.04	0.002065783
68.06	0.00246324
68.08	0.002651945
68.1	0.002643125
68.12	0.002470758
68.14	0.002166169
68.16	0.001759429
68.18	0.001255038
68.2	0.000644944
68.22	-7.28129E-05
68.24	-0.000888201
68.26	-0.001691713
68.28	-0.002423942
68.3	-0.00304427
68.32	-0.003523498
68.34	-0.003864295
68.36	-0.004061213
68.38	-0.004122664
68.4	-0.004051263
68.42	-0.003837149
68.44	-0.003468518
68.46	-0.002947989
68.48	-0.002305926
68.5	-0.001549255
68.52	-0.000750701
68.54	2.45227E-05
68.56	0.000760357
68.58	0.001452402
68.6	0.002127383
68.62	0.002836079
68.64	0.003598739
68.66	0.00439991
68.68	0.005184102
68.7	0.005905559
68.72	0.006547175
68.74	0.007132376
68.76	0.007704764
68.78	0.008262621
68.8	0.008790914
68.82	0.009293739
68.84	0.009775961
68.86	0.010233093
68.88	0.010614261
68.9	0.010854105
68.92	0.010915526
68.94	0.010818603
68.96	0.010689675
68.98	0.010562754
69	0.010419306
69.02	0.010220521
69.04	0.009906947
69.06	0.009463362
69.08	0.008919759
69.1	0.008324456
69.12	0.007719876
69.14	0.00712404
69.16	0.006540528
69.18	0.005969265
69.2	0.005436794
69.22	0.004984447
69.24	0.004635293
69.26	0.004419
69.28	0.004349256
69.3	0.004427422
69.32	0.004639983
69.34	0.00497665
69.36	0.005400666
69.38	0.005854178
69.4	0.006271443
69.42	0.006639563
69.44	0.006949943
69.46	0.007184796
69.48	0.007330453
69.5	0.007393614
69.52	0.007371951
69.54	0.007262955
69.56	0.007075217
69.58	0.006819217
69.6	0.00648588
69.62	0.006073158
69.64	0.005577555
69.66	0.005006954
69.68	0.004403573
69.7	0.003783601
69.72	0.003168565
69.74	0.002573666
69.76	0.002025589
69.78	0.001549737
69.8	0.001167477
69.82	0.000910229
69.84	0.000795265
69.86	0.000808155
69.88	0.000971194
69.9	0.001303105
69.92	0.001773063
69.94	0.00234774
69.96	0.002973982
69.98	0.003584855
70	0.004094459
70.02	0.00447077
70.04	0.004719644
70.06	0.00483357
70.08	0.004808027
70.1	0.004637569
70.12	0.004320478
70.14	0.003896137
70.16	0.003426894
70.18	0.002957661
70.2	0.00254077
70.22	0.002204564
70.24	0.001910235
70.26	0.001638695
70.28	0.001386519
70.3	0.001155045
70.32	0.000931626
70.34	0.000692574
70.36	0.00042874
70.38	0.000112877
70.4	-0.000276081
70.42	-0.000739704
70.44	-0.001264397
70.46	-0.001850473
70.48	-0.002495579
70.5	-0.003170703
70.52	-0.003860201
70.54	-0.004549764
70.56	-0.00523363
70.58	-0.005934384
70.6	-0.006633634
70.62	-0.007316501
70.64	-0.007963174
70.66	-0.008542984
70.68	-0.009010085
70.7	-0.009313114
70.72	-0.009397939
70.74	-0.009276213
70.76	-0.00897374
70.78	-0.00849251
70.8	-0.007831776
70.82	-0.007000954
70.84	-0.00602944
70.86	-0.004984241
70.88	-0.003954246
70.9	-0.002966072
70.92	-0.002034897
70.94	-0.0011796
70.96	-0.000396423
70.98	0.00031191
71	0.000940806
71.02	0.00149455
71.04	0.001968196
71.06	0.002374557
71.08	0.002735163
71.1	0.003071479
71.12	0.00340294
71.14	0.003750064
71.16	0.004112088
71.18	0.004464447
71.2	0.004796149
71.22	0.005120626
71.24	0.005464848
71.26	0.005860693
71.28	0.006359466
71.3	0.006994625
71.32	0.007760283
71.34	0.008640012
71.36	0.0096069
71.38	0.010627459
71.4	0.011707899
71.42	0.012845593
71.44	0.01400147
71.46	0.015134217
71.48	0.016207032
71.5	0.017166428
71.52	0.017972556
71.54	0.018566116
71.56	0.018952798
71.58	0.019158582
71.6	0.019204135
71.62	0.01912184
71.64	0.018907203
71.66	0.018556454
71.68	0.018064725
71.7	0.017474754
71.72	0.01695173
71.74	0.016481676
71.76	0.016078649
71.78	0.015740553
71.8	0.015431
71.82	0.01512453
71.84	0.014805057
71.86	0.014466948
71.88	0.014108453
71.9	0.013764381
71.92	0.013461383
71.94	0.013221607
71.96	0.013041308
71.98	0.01289789
72	0.012761902
72.02	0.012623687
72.04	0.012487503
72.06	0.01238008
72.08	0.012332598
72.1	0.012384299
72.12	0.012534879
72.14	0.012755813
72.16	0.012996969
72.18	0.01323056
72.2	0.013464886
72.22	0.013717338
72.24	0.014011526
72.26	0.014381825
72.28	0.014768272
72.3	0.015123588
72.32	0.015376524
72.34	0.015532344
72.36	0.015607911
72.38	0.01561322
72.4	0.015558399
72.42	0.015467148
72.44	0.015368469
72.46	0.015282652
72.48	0.015228036
72.5	0.015240927
72.52	0.015316077
72.54	0.015458086
72.56	0.015653167
72.58	0.015870413
72.6	0.016081313
72.62	0.016266567
72.64	0.016399517
72.66	0.016468364
72.68	0.01651488
72.7	0.016580209
72.72	0.01666975
72.74	0.016777266
72.76	0.016899981
72.78	0.017046747
72.8	0.017243538
72.82	0.017499974
72.84	0.01777485
72.86	0.018011152
72.88	0.018147132
72.9	0.018141706
72.92	0.017986561
72.94	0.017691893
72.96	0.017237477
72.98	0.016651747
73	0.0159863
73.02	0.015289767
73.04	0.014588438
73.06	0.013935142
73.08	0.013319979
73.1	0.012739101
73.12	0.012191953
73.14	0.011676868
73.16	0.01120119
73.18	0.010759865
73.2	0.010337059
73.22	0.009959891
73.24	0.009622357
73.26	0.009321378
73.28	0.009033146
73.3	0.008773416
73.32	0.008548735
73.34	0.008375358
73.36	0.008260394
73.38	0.008198673
73.4	0.008159721
73.42	0.008118854
73.44	0.00805863
73.46	0.007967427
73.48	0.007814213
73.5	0.007602368
73.52	0.00733839
73.54	0.00705476
73.56	0.006758571
73.58	0.006443379
73.6	0.006117371
73.62	0.005849785
73.64	0.005678437
73.66	0.005606267
73.68	0.005627621
73.7	0.005722667
73.72	0.005853835
73.74	0.006004998
73.76	0.006167833
73.78	0.006336592
73.8	0.006512049
73.82	0.006695831
73.84	0.006876769
73.86	0.007018233
73.88	0.007112917
73.9	0.007177959
73.92	0.007228814
73.94	0.007274047
73.96	0.007297813
73.98	0.007281868
74	0.00721813
74.02	0.007080958
74.04	0.006860559
74.06	0.006587558
74.08	0.006270794
74.1	0.005929
74.12	0.005585096
74.14	0.005241161
74.16	0.004876884
74.18	0.004473172
74.2	0.004035485
74.22	0.003597034
74.24	0.003145523
74.26	0.002691766
74.28	0.00224112
74.3	0.001803041
74.32	0.001334958
74.34	0.000826213
74.36	0.000286664
74.38	-0.00027134
74.4	-0.000816428
74.42	-0.001326508
74.44	-0.001781115
74.46	-0.002150516
74.48	-0.002418194
74.5	-0.002570987
74.52	-0.002602354
74.54	-0.002545872
74.56	-0.002433996
74.58	-0.002278843
74.6	-0.00208846
74.62	-0.001860434
74.64	-0.001599347
74.66	-0.001320257
74.68	-0.001124155
74.7	-0.001005316
74.72	-0.00092863
74.74	-0.000873287
74.76	-0.000817689
74.78	-0.000747906
74.8	-0.000664241
74.82	-0.000576124
74.84	-0.000486408
74.86	-0.000387477
74.88	-0.000270652
74.9	-0.000148051
74.92	-4.99128E-05
74.94	-3.67053E-06
74.96	-2.72713E-05
74.98	-9.90986E-05
75	-0.000181514
75.02	-0.000219964
75.04	-0.000180571
75.06	-4.63836E-05
75.08	0.000190497
75.1	0.000539213
75.12	0.000982613
75.14	0.001486887
75.16	0.002025783
75.18	0.00258422
75.2	0.003143239
75.22	0.003697512
75.24	0.004245195
75.26	0.004768793
75.28	0.005253095
75.3	0.005685443
75.32	0.006049899
75.34	0.006343854
75.36	0.006574997
75.38	0.006759613
75.4	0.006906502
75.42	0.007013632
75.44	0.007054849
75.46	0.007002946
75.48	0.006849504
75.5	0.006601497
75.52	0.006279497
75.54	0.005896239
75.56	0.005469925
75.58	0.00504518
75.6	0.004630431
75.62	0.004226041
75.64	0.003832215
75.66	0.003439063
75.68	0.003032813
75.7	0.00261361
75.72	0.002188248
75.74	0.001754745
75.76	0.00131644
75.78	0.000885783
75.8	0.000482363
75.82	0.000131684
75.84	-0.000158099
75.86	-0.00038913
75.88	-0.000554748
75.9	-0.000635788
75.92	-0.000615132
75.94	-0.000489808
75.96	-0.000263661
75.98	5.04598E-05
76	0.00041407
76.02	0.000775342
76.04	0.001065538
76.06	0.00130482
76.08	0.001478263
76.1	0.001610313
76.12	0.001733925
76.14	0.001865642
76.16	0.002005127
76.18	0.002139166
76.2	0.002242547
76.22	0.002294277
76.24	0.002285907
76.26	0.002231716
76.28	0.00217036
76.3	0.002094808
76.32	0.001989665
76.34	0.001835135
76.36	0.001620418
76.38	0.001387814
76.4	0.001198705
76.42	0.00113546
76.44	0.001253168
76.46	0.001557857
76.48	0.002024535
76.5	0.00263654
76.52	0.003364164
76.54	0.004165993
76.56	0.00501634
76.58	0.005892762
76.6	0.00677406
76.62	0.00764663
76.64	0.008490009
76.66	0.009289424
76.68	0.009992962
76.7	0.01060805
76.72	0.011165889
76.74	0.011676936
76.76	0.012132676
76.78	0.01252907
76.8	0.012859882
76.82	0.013104557
76.84	0.013233145
76.86	0.013228524
76.88	0.013087131
76.9	0.012833767
76.92	0.012503659
76.94	0.01211701
76.96	0.011696653
76.98	0.011260911
77	0.010821218
77.02	0.010381661
77.04	0.009963184
77.06	0.009604802
77.08	0.009286366
77.1	0.009018592
77.12	0.008801364
77.14	0.008623892
77.16	0.00848366
77.18	0.008387381
77.2	0.008347999
77.22	0.008383827
77.24	0.008504955
77.26	0.008701876
77.28	0.008959002
77.3	0.009257031
77.32	0.009569631
77.34	0.009876709
77.36	0.010164302
77.38	0.010432518
77.4	0.010651729
77.42	0.01081137
77.44	0.010917853
77.46	0.010974625
77.48	0.010973324
77.5	0.010924303
77.52	0.010860055
77.54	0.010804153
77.56	0.010775874
77.58	0.010776431
77.6	0.010771868
77.62	0.010730703
77.64	0.010628424
77.66	0.01046894
77.68	0.010274037
77.7	0.010058914
77.72	0.009830292
77.74	0.009578873
77.76	0.009310234
77.78	0.009029373
77.8	0.008749206
77.82	0.008501895
77.84	0.008315652
77.86	0.00821736
77.88	0.008235068
77.9	0.008390249
77.92	0.00868678
77.94	0.009108806
77.96	0.00962813
77.98	0.010221252
78	0.010878144
78.02	0.01155907
78.04	0.012216953
78.06	0.012808927
78.08	0.0132863
78.1	0.013620447
78.12	0.013794504
78.14	0.013803074
78.16	0.013645035
78.18	0.013327716
78.2	0.012869082
78.22	0.012302136
78.24	0.011653673
78.26	0.01097461
78.28	0.010311862
78.3	0.009672016
78.32	0.009070399
78.34	0.008524393
78.36	0.008044055
78.38	0.007636724
78.4	0.007301318
78.42	0.007027238
78.44	0.006797376
78.46	0.006596594
78.48	0.00644139
78.5	0.006348284
78.52	0.006320615
78.54	0.006363208
78.56	0.006464269
78.58	0.006607965
78.6	0.006782873
78.62	0.00698788
78.64	0.007211365
78.66	0.007434681
78.68	0.007639832
78.7	0.007797329
78.72	0.007868684
78.74	0.007874014
78.76	0.007827025
78.78	0.007751319
78.8	0.007656565
78.82	0.007562238
78.84	0.007483417
78.86	0.007430324
78.88	0.007414133
78.9	0.007453096
78.92	0.007561809
78.94	0.007743298
78.96	0.007985264
78.98	0.00824415
79	0.008497947
79.02	0.008732959
79.04	0.008922596
79.06	0.009056094
79.08	0.009154601
79.1	0.009238194
79.12	0.009332335
79.14	0.009432904
79.16	0.00949973
79.18	0.009508159
79.2	0.009460787
79.22	0.009369556
79.24	0.00923095
79.26	0.009043181
79.28	0.008805841
79.3	0.00851836
79.32	0.008180217
79.34	0.007819382
79.36	0.007454003
79.38	0.007115491
79.4	0.006841747
79.42	0.006651376
79.44	0.006564273
79.46	0.006585749
79.48	0.006704265
79.5	0.006888618
79.52	0.007081143
79.54	0.007224324
79.56	0.007293268
79.58	0.007270744
79.6	0.007137948
79.62	0.006875597
79.64	0.006473265
79.66	0.005954376
79.68	0.005347941
79.7	0.004694594
79.72	0.004054676
79.74	0.003468441
79.76	0.002948606
79.78	0.002510438
79.8	0.002147146
79.82	0.001835375
79.84	0.001576838
79.86	0.001411653
79.88	0.001349632
79.9	0.001357509
79.92	0.001424931
79.94	0.001514114
79.96	0.001603509
79.98	0.001691026
80	0.001770614
80.02	0.001848774
80.04	0.001938644
80.06	0.002051728
80.08	0.002168745
80.1	0.002259721
80.12	0.002307776
80.14	0.002294631
80.16	0.002200604
80.18	0.002040723
80.2	0.001850486
80.22	0.001652274
80.24	0.001455586
80.26	0.001273982
80.28	0.001124472
80.3	0.001028955
80.32	0.001052437
80.34	0.001209557
80.36	0.001515102
80.38	0.001968201
80.4	0.00255015
80.42	0.003210316
80.44	0.003897176
80.46	0.004565981
80.48	0.005187671
80.5	0.005753284
80.52	0.006271955
80.54	0.006748547
80.56	0.007177441
80.58	0.007539307
80.6	0.007797606
80.62	0.007928264
80.64	0.007934224
80.66	0.007828132
80.68	0.007653956
80.7	0.007444269
80.72	0.00721546
80.74	0.006968162
80.76	0.006697021
80.78	0.006411598
80.8	0.006105001
80.82	0.005813892
80.84	0.005624538
80.86	0.005546969
80.88	0.00558319
80.9	0.005733364
80.92	0.005980473
80.94	0.006310002
80.96	0.006700579
80.98	0.007136353
81	0.007602943
81.02	0.0080895
81.04	0.008577703
81.06	0.009021609
81.08	0.009385193
81.1	0.009665058
81.12	0.009861946
81.14	0.009985514
81.16	0.010040301
81.18	0.010051901
81.2	0.009989268
81.22	0.009847547
81.24	0.009634473
81.26	0.009385747
81.28	0.009137813
81.3	0.008918094
81.32	0.008733044
81.34	0.008584898
81.36	0.008477538
81.38	0.0084165
81.4	0.008406755
81.42	0.008470229
81.44	0.008589615
81.46	0.008767918
81.48	0.008986165
81.5	0.009223818
81.52	0.009445169
81.54	0.009630016
81.56	0.009766088
81.58	0.00984686
81.6	0.009869439
81.62	0.009827481
81.64	0.00974055
81.66	0.00962137
81.68	0.009470408
81.7	0.009288862
81.72	0.009095219
81.74	0.00893937
81.76	0.008841898
81.78	0.008823459
81.8	0.008893581
81.82	0.009054051
81.84	0.009294534
81.86	0.009609471
81.88	0.009982011
81.9	0.010375433
81.92	0.01078306
81.94	0.01120258
81.96	0.011611128
81.98	0.011963828
82	0.012212888
82.02	0.01235106
82.04	0.01234926
82.06	0.012194835
82.08	0.011891272
82.1	0.011466872
82.12	0.010955308
82.14	0.010377582
82.16	0.009736745
82.18	0.009058393
82.2	0.008391219
82.22	0.007764908
82.24	0.007196748
82.26	0.00671464
82.28	0.006331199
82.3	0.006049464
82.32	0.005872139
82.34	0.005795482
82.36	0.005800176
82.38	0.005880901
82.4	0.006043437
82.42	0.006297003
82.44	0.006625769
82.46	0.007020337
82.48	0.007467072
82.5	0.007935807
82.52	0.008397348
82.54	0.008840912
82.56	0.009249985
82.58	0.009617699
82.6	0.009922067
82.62	0.010139197
82.64	0.010254456
82.66	0.010275605
82.68	0.010204015
82.7	0.010048804
82.72	0.009834588
82.74	0.009596942
82.76	0.009354229
82.78	0.009124953
82.8	0.008925453
82.82	0.008768532
82.84	0.008671664
82.86	0.008663454
82.88	0.008732383
82.9	0.008858075
82.92	0.009013522
82.94	0.009165247
82.96	0.009268569
82.98	0.009290064
83	0.009222405
83.02	0.009066295
83.04	0.008852559
83.06	0.008601146
83.08	0.008323177
83.1	0.008040911
83.12	0.00778235
83.14	0.007569125
83.16	0.007409583
83.18	0.007302952
83.2	0.007245417
83.22	0.007236513
83.24	0.007271033
83.26	0.007332704
83.28	0.007401562
83.3	0.007461522
83.32	0.00750591
83.34	0.007544465
83.36	0.007588127
83.38	0.007651215
83.4	0.007741957
83.42	0.00785205
83.44	0.007965465
83.46	0.008058916
83.48	0.008103606
83.5	0.008072985
83.52	0.007930195
83.54	0.007651654
83.56	0.007230592
83.58	0.00667034
83.6	0.005987195
83.62	0.005202382
83.64	0.004332277
83.66	0.00343009
83.68	0.002554066
83.7	0.001763716
83.72	0.001069953
83.74	0.000479163
83.76	8.07994E-06
83.78	-0.000337554
83.8	-0.000550411
83.82	-0.000617933
83.84	-0.000543876
83.86	-0.000331045
83.88	1.42354E-05
83.9	0.000472439
83.92	0.000947492
83.94	0.00139131
83.96	0.001797489
83.98	0.002158348
84	0.002472722
84.02	0.002744722
84.04	0.002956069
84.06	0.003080795
84.08	0.003117051
84.1	0.003045341
84.12	0.002861726
84.14	0.002602996
84.16	0.002297821
84.18	0.001961864
84.2	0.001601197
84.22	0.001222553
84.24	0.000830597
84.26	0.00044688
84.28	0.000102177
84.3	-0.000143289
84.32	-0.000251847
84.34	-0.000226519
84.36	-7.36399E-05
84.38	0.000184005
84.4	0.000512133
84.42	0.000865928
84.44	0.001240327
84.46	0.001625708
84.48	0.002016329
84.5	0.002397601
84.52	0.002768262
84.54	0.003144181
84.56	0.003515
84.58	0.003874282
84.6	0.004215973
84.62	0.004541252
84.64	0.004861414
84.66	0.005182495
84.68	0.00549247
84.7	0.00578678
84.72	0.00604484
84.74	0.006246135
84.76	0.006383251
84.78	0.006444189
84.8	0.006434069
84.82	0.0063799
84.84	0.006319969
84.86	0.006311517
84.88	0.006386214
84.9	0.006539142
84.92	0.006769416
84.94	0.007046758
84.96	0.007326041
84.98	0.00758287
85	0.007810228
85.02	0.008000884
85.04	0.008141122
85.06	0.008186706
85.08	0.008146488
85.1	0.008041474
85.12	0.007877505
85.14	0.007682693
85.16	0.007476352
85.18	0.00730564
85.2	0.007229738
85.22	0.007258943
85.24	0.007401016
85.26	0.007651349
85.28	0.00798374
85.3	0.008369917
85.32	0.008797131
85.34	0.009253005
85.36	0.009698599
85.38	0.010133583
85.4	0.010531856
85.42	0.010880046
85.44	0.011165062
85.46	0.011386683
85.48	0.011538824
85.5	0.011590946
85.52	0.011539592
85.54	0.011392799
85.56	0.011151378
85.58	0.010836858
85.6	0.010490928
85.62	0.010118455
85.64	0.009735008
85.66	0.009359832
85.68	0.008993688
85.7	0.008645867
85.72	0.008348358
85.74	0.008114571
85.76	0.007945508
85.78	0.007840749
85.8	0.007794471
85.82	0.007814486
85.84	0.007889439
85.86	0.008011974
85.88	0.008185749
85.9	0.008409111
85.92	0.008677967
85.94	0.008999186
85.96	0.009311817
85.98	0.009590953
86	0.009811285
86.02	0.009953492
86.04	0.010009764
86.06	0.009994195
86.08	0.0099146
86.1	0.009793413
86.12	0.009646252
86.14	0.009478199
86.16	0.009302524
86.18	0.009131345
86.2	0.008983476
86.22	0.008872084
86.24	0.008787327
86.26	0.008725915
86.28	0.008689675
86.3	0.008695829
86.32	0.008747844
86.34	0.008845847
86.36	0.008980534
86.38	0.009156442
86.4	0.009362304
86.42	0.009585653
86.44	0.009835526
86.46	0.01010297
86.48	0.010369234
86.5	0.010604614
86.52	0.010775596
86.54	0.010854221
86.56	0.010819597
86.58	0.010659919
86.6	0.010389319
86.62	0.010037912
86.64	0.009664719
86.66	0.009309623
86.68	0.008996239
86.7	0.008727823
86.72	0.008499775
86.74	0.008316875
86.76	0.008194842
86.78	0.008144322
86.8	0.008143799
86.82	0.00819954
86.84	0.008310355
86.86	0.008454989
86.88	0.008601295
86.9	0.008725413
86.92	0.008801533
86.94	0.008816584
86.96	0.008769603
86.98	0.00867312
87	0.008542008
87.02	0.008380215
87.04	0.008178211
87.06	0.007912907
87.08	0.007567374
87.1	0.007167334
87.12	0.006757833
87.14	0.006341154
87.16	0.005926729
87.18	0.005514874
87.2	0.00510196
87.22	0.004692385
87.24	0.004286702
87.26	0.003892506
87.28	0.003532903
87.3	0.003227527
87.32	0.00298443
87.34	0.002806831
87.36	0.002681574
87.38	0.002611222
87.4	0.002577496
87.42	0.00256344
87.44	0.002551984
87.46	0.002527301
87.48	0.002472653
87.5	0.002375161
87.52	0.002226207
87.54	0.002017845
87.56	0.001732438
87.58	0.001421677
87.6	0.001136199
87.62	0.000891231
87.64	0.000695679
87.66	0.000548845
87.68	0.000445416
87.7	0.000380481
87.72	0.000354772
87.74	0.000376716
87.76	0.000454054
87.78	0.00057833
87.8	0.000747405
87.82	0.000935515
87.84	0.001123433
87.86	0.001310337
87.88	0.00150182
87.9	0.001706269
87.92	0.001926766
87.94	0.002142097
87.96	0.002305469
87.98	0.00238779
88	0.002347713
88.02	0.002173635
88.04	0.001884883
88.06	0.001507921
88.08	0.001075837
88.1	0.000627205
88.12	0.000178872
88.14	-0.000260096
88.16	-0.000681035
88.18	-0.001075832
88.2	-0.001431457
88.22	-0.001740191
88.24	-0.002002941
88.26	-0.002220659
88.28	-0.002384578
88.3	-0.002482002
88.32	-0.002521967
88.34	-0.002517178
88.36	-0.002472475
88.38	-0.002366994
88.4	-0.002186119
88.42	-0.001925313
88.44	-0.001592864
88.46	-0.001217933
88.48	-0.000842279
88.5	-0.000540675
88.52	-0.000314951
88.54	-0.000175324
88.56	-0.000114204
88.58	-0.00011539
88.6	-0.000179397
88.62	-0.000298984
88.64	-0.000455206
88.66	-0.000619994
88.68	-0.000753139
88.7	-0.000834396
88.72	-0.000850136
88.74	-0.000787517
88.76	-0.000651418
88.78	-0.000446711
88.8	-0.000197101
88.82	8.05292E-05
88.84	0.000390508
88.86	0.000724929
88.88	0.001098691
88.9	0.001517741
88.92	0.001970999
88.94	0.002419591
88.96	0.00284264
88.98	0.003235864
89	0.00360448
89.02	0.003964426
89.04	0.004311186
89.06	0.004628979
89.08	0.004909909
89.1	0.005150068
89.12	0.005355004
89.14	0.005533134
89.16	0.005709976
89.18	0.005897576
89.2	0.006113204
89.22	0.006364699
89.24	0.006648415
89.26	0.00695134
89.28	0.007240334
89.3	0.007498209
89.32	0.007697573
89.34	0.007816756
89.36	0.00783924
89.38	0.007768297
89.4	0.007605625
89.42	0.007330624
89.44	0.006970203
89.46	0.006546964
89.48	0.006098911
89.5	0.005669678
89.52	0.005275601
89.54	0.004915815
89.56	0.004591747
89.58	0.004289015
89.6	0.003990118
89.62	0.003689953
89.64	0.003392294
89.66	0.003099104
89.68	0.002815037
89.7	0.002561815
89.72	0.002369343
89.74	0.00224919
89.76	0.002224278
89.78	0.002315549
89.8	0.002530597
89.82	0.002867052
89.84	0.003324606
89.86	0.003878961
89.88	0.004459679
89.9	0.005002573
89.92	0.005450758
89.94	0.005799812
89.96	0.006040548
89.98	0.006179982
90	0.00622116
90.02	0.006162378
90.04	0.00600681
90.06	0.00577572
90.08	0.005510093
90.1	0.005253524
90.12	0.005038119
90.14	0.0048712
90.16	0.004758248
90.18	0.004696587
90.2	0.004664495
90.22	0.004660722
90.24	0.004683767
90.26	0.00475347
90.28	0.004883067
90.3	0.005087124
90.32	0.00538175
90.34	0.005759806
90.36	0.006202297
90.38	0.006694835
90.4	0.007245437
90.42	0.007850957
90.44	0.008512783
90.46	0.009205372
90.48	0.009887743
90.5	0.010505927
90.52	0.011037827
90.54	0.011480907
90.56	0.01185602
90.58	0.012134746
90.6	0.012332322
90.62	0.012454271
90.64	0.012499105
90.66	0.012477746
90.68	0.012409255
90.7	0.012318861
90.72	0.012223599
90.74	0.012138691
90.76	0.01212158
90.78	0.012154337
90.8	0.012229921
90.82	0.012317829
90.84	0.012388169
90.86	0.012431292
90.88	0.012444333
90.9	0.012431955
90.92	0.012401785
90.94	0.012365932
90.96	0.012312612
90.98	0.012241721
91	0.012147524
91.02	0.012047239
91.04	0.011968953
91.06	0.011925666
91.08	0.011932248
91.1	0.011980231
91.12	0.012036405
91.14	0.012078406
91.16	0.012086171
91.18	0.012069523
91.2	0.012030118
91.22	0.012001419
91.24	0.011981318
91.26	0.011950247
91.28	0.011897878
91.3	0.011813633
91.32	0.011689596
91.34	0.011523084
91.36	0.011317459
91.38	0.01109094
91.4	0.010846938
91.42	0.010584333
91.44	0.010287303
91.46	0.009945929
91.48	0.009560899
91.5	0.009144442
91.52	0.008720905
91.54	0.008317071
91.56	0.007949764
91.58	0.007627141
91.6	0.007351399
91.62	0.007123307
91.64	0.006920175
91.66	0.006750436
91.68	0.006633979
91.7	0.006583003
91.72	0.006599687
91.74	0.006683924
91.76	0.006835257
91.78	0.007043568
91.8	0.007295148
91.82	0.007591411
91.84	0.007928093
91.86	0.008304313
91.88	0.008705128
91.9	0.00910738
91.92	0.009465215
91.94	0.009744468
91.96	0.009921356
91.98	0.009981916
92	0.009927799
92.02	0.009760264
92.04	0.009493753
92.06	0.009147791
92.08	0.008744331
92.1	0.008307083
92.12	0.007865116
92.14	0.0074615
92.16	0.007135719
92.18	0.006901808
92.2	0.006756626
92.22	0.006681579
92.24	0.006647235
92.26	0.006643041
92.28	0.006677217
92.3	0.006738911
92.32	0.006815415
92.34	0.006891074
92.36	0.006953239
92.38	0.006982903
92.4	0.006964462
92.42	0.006903456
92.44	0.00681562
92.46	0.006722852
92.48	0.006631201
92.5	0.006539589
92.52	0.006443573
92.54	0.006335751
92.56	0.006213993
92.58	0.006107698
92.6	0.00601938
92.62	0.005967108
92.64	0.00596728
92.66	0.006034002
92.68	0.00615825
92.7	0.006312483
92.72	0.006491885
92.74	0.006694098
92.76	0.006926708
92.78	0.007185739
92.8	0.007458286
92.82	0.007745459
92.84	0.008027152
92.86	0.008288829
92.88	0.008519232
92.9	0.008723758
92.92	0.00890769
92.94	0.009074746
92.96	0.009224608
92.98	0.009345259
93	0.009419521
93.02	0.009444693
93.04	0.009428571
93.06	0.009378218
93.08	0.009302195
93.1	0.00921264
93.12	0.009118955
93.14	0.009029873
93.16	0.008937994
93.18	0.008846329
93.2	0.008764417
93.22	0.008702564
93.24	0.008666514
93.26	0.008670223
93.28	0.008704281
93.3	0.008752386
93.32	0.008794919
93.34	0.008824125
93.36	0.008829645
93.38	0.008811977
93.4	0.008766082
93.42	0.008686568
93.44	0.008565775
93.46	0.008387737
93.48	0.008144158
93.5	0.007832033
93.52	0.007457592
93.54	0.007029335
93.56	0.006557231
93.58	0.006069103
93.6	0.005588371
93.62	0.005159946
93.64	0.004775472
93.66	0.004431359
93.68	0.004124221
93.7	0.003857857
93.72	0.003649345
93.74	0.003505096
93.76	0.003414043
93.78	0.003360886
93.8	0.003329634
93.82	0.003307826
93.84	0.00329536
93.86	0.003306125
93.88	0.003347843
93.9	0.003431187
93.92	0.003549172
93.94	0.003683962
93.96	0.003823379
93.98	0.003963214
94	0.004104525
94.02	0.004252998
94.04	0.004402402
94.06	0.004557649
94.08	0.004738631
94.1	0.004961008
94.12	0.005218811
94.14	0.005518658
94.16	0.005870424
94.18	0.006283261
94.2	0.006771081
94.22	0.007339096
94.24	0.007971587
94.26	0.00865138
94.28	0.009344068
94.3	0.01002964
94.32	0.010698816
94.34	0.011345082
94.36	0.011960546
94.38	0.012536505
94.4	0.013056299
94.42	0.013497952
94.44	0.013838509
94.46	0.014077971
94.48	0.014221393
94.5	0.014284
94.52	0.014275965
94.54	0.014205328
94.56	0.014072609
94.58	0.013881141
94.6	0.013640212
94.62	0.013368559
94.64	0.013086709
94.66	0.012811555
94.68	0.012551379
94.7	0.012313608
94.72	0.012092184
94.74	0.011878127
94.76	0.011665165
94.78	0.011453499
94.8	0.011246597
94.82	0.01104242
94.84	0.010830975
94.86	0.010601289
94.88	0.010343462
94.9	0.010054604
94.92	0.009730783
94.94	0.009378435
94.96	0.009012701
94.98	0.008650528
95	0.008305769
95.02	0.007984415
95.04	0.007682078
95.06	0.007396547
95.08	0.007127057
95.1	0.006874125
95.12	0.006646685
95.14	0.006462322
95.16	0.006319476
95.18	0.006208547
95.2	0.006100234
95.22	0.005975268
95.24	0.00581904
95.26	0.005636155
95.28	0.005436379
95.3	0.005237294
95.32	0.005055287
95.34	0.004904933
95.36	0.004789094
95.38	0.004711749
95.4	0.004663676
95.42	0.004642006
95.44	0.00464314
95.46	0.00466685
95.48	0.004715154
95.5	0.004771981
95.52	0.004829187
95.54	0.004882385
95.56	0.004923955
95.58	0.004963491
95.6	0.005021169
95.62	0.005122331
95.64	0.005276885
95.66	0.005481628
95.68	0.005715035
95.7	0.005975549
95.72	0.006267378
95.74	0.006591046
95.76	0.006939521
95.78	0.007273691
95.8	0.007556764
95.82	0.007759423
95.84	0.007868137
95.86	0.007885588
95.88	0.007827959
95.9	0.007717282
95.92	0.007567301
95.94	0.007390458
95.96	0.007185435
95.98	0.006950854
96	0.00667626
96.02	0.006359132
96.04	0.006013646
96.06	0.005652443
96.08	0.005296413
96.1	0.004962455
96.12	0.004648008
96.14	0.004337792
96.16	0.004023617
96.18	0.003703052
96.2	0.003391412
96.22	0.00311908
96.24	0.002901882
96.26	0.00274961
96.28	0.002644676
96.3	0.0025613
96.32	0.002475741
96.34	0.002374408
96.36	0.002254453
96.38	0.002138241
96.4	0.002044369
96.42	0.00198857
96.44	0.001985727
96.46	0.002029053
96.48	0.002113614
96.5	0.002225483
96.52	0.002359013
96.54	0.002517714
96.56	0.002695437
96.58	0.002876937
96.6	0.003035931
96.62	0.003150659
96.64	0.003199971
96.66	0.003173725
96.68	0.003073377
96.7	0.002916405
96.72	0.002737517
96.74	0.002566507
96.76	0.002423105
96.78	0.002328011
96.8	0.002274452
96.82	0.002282876
96.84	0.002372408
96.86	0.002544034
96.88	0.002782887
96.9	0.003057125
96.92	0.003351623
96.94	0.003649779
96.96	0.003964357
96.98	0.004298487
97	0.004665188
97.02	0.005070112
97.04	0.005504137
97.06	0.005963797
97.08	0.00643353
97.1	0.006894148
97.12	0.007325227
97.14	0.007704276
97.16	0.008014013
97.18	0.008240459
97.2	0.008370956
97.22	0.008402412
97.24	0.008336403
97.26	0.008166193
97.28	0.00789618
97.3	0.007545435
97.32	0.007153793
97.34	0.006759307
97.36	0.006384377
97.38	0.006015168
97.4	0.005634016
97.42	0.005224896
97.44	0.004781742
97.46	0.004317364
97.48	0.00385054
97.5	0.003410751
97.52	0.003016692
97.54	0.002676094
97.56	0.002384085
97.58	0.002138658
97.6	0.001936051
97.62	0.001770247
97.64	0.00164708
97.66	0.001582045
97.68	0.001582997
97.7	0.001648257
97.72	0.001744612
97.74	0.001806625
97.76	0.001832743
97.78	0.001839197
97.8	0.001827075
97.82	0.001826533
97.84	0.001870466
97.86	0.001952775
97.88	0.002070924
97.9	0.002216229
97.92	0.002374062
97.94	0.002538676
97.96	0.002702721
97.98	0.00286367
98	0.003017431
98.02	0.003165873
98.04	0.003310272
98.06	0.003443607
98.08	0.003588625
98.1	0.003757971
98.12	0.0039676
98.14	0.004234424
98.16	0.00455636
98.18	0.004922567
98.2	0.00530755
98.22	0.005716263
98.24	0.006137078
98.26	0.006557491
98.28	0.006972215
98.3	0.007375107
98.32	0.007750027
98.34	0.008101417
98.36	0.008435414
98.38	0.008760168
98.4	0.009094067
98.42	0.009453149
98.44	0.009836801
98.46	0.010250408
98.48	0.010693136
98.5	0.011156742
98.52	0.011608634
98.54	0.012023735
98.56	0.012385528
98.58	0.012679348
98.6	0.012888195
98.62	0.013001336
98.64	0.0130127
98.66	0.012927473
98.68	0.012753251
98.7	0.012501091
98.72	0.012186161
98.74	0.011857294
98.76	0.011577451
98.78	0.011346517
98.8	0.011166697
98.82	0.011028824
98.84	0.010915412
98.86	0.010799516
98.88	0.010675475
98.9	0.010548351
98.92	0.010412617
98.94	0.010273632
98.96	0.010131684
98.98	0.009982502
99	0.009810136
99.02	0.00962319
99.04	0.009428159
99.06	0.009240158
99.08	0.009078337
99.1	0.008936998
99.12	0.008821577
99.14	0.00872194
99.16	0.008620999
99.18	0.008509923
99.2	0.008389294
99.22	0.008256387
99.24	0.008106592
99.26	0.007955647
99.28	0.007806286
99.3	0.007660774
99.32	0.007527426
99.34	0.007425107
99.36	0.00736495
99.38	0.00734556
99.4	0.007342047
99.42	0.007342008
99.44	0.007352469
99.46	0.007378744
99.48	0.007418338
99.5	0.007472261
99.52	0.007540473
99.54	0.007623759
99.56	0.0077137
99.58	0.007797104
99.6	0.007858845
99.62	0.007884204
99.64	0.007866864
99.66	0.007819587
99.68	0.007741894
99.7	0.00764268
99.72	0.007545891
99.74	0.007456193
99.76	0.007367165
99.78	0.007286933
99.8	0.007229045
99.82	0.00721114
99.84	0.007241179
99.86	0.007329048
99.88	0.007472868
99.9	0.007666197
99.92	0.00790105
99.94	0.008171219
99.96	0.008467952
99.98	0.008777498
100	0.009084988
100.02	0.009375693
100.04	0.009634896
100.06	0.009843216
100.08	0.009987517
100.1	0.010069067
100.12	0.010095716
100.14	0.010081945
100.16	0.010034761
100.18	0.009956338
100.2	0.009845931
100.22	0.009703932
100.24	0.009548337
100.26	0.009402526
100.28	0.009283326
100.3	0.009203139
100.32	0.009172106
100.34	0.009195454
100.36	0.009260542
100.38	0.009350974
100.4	0.00945061
100.42	0.009541737
100.44	0.009620856
100.46	0.009696959
100.48	0.009775246
100.5	0.009852493
100.52	0.009923291
100.54	0.009966828
100.56	0.009969347
100.58	0.00992515
100.6	0.009837076
100.62	0.009718521
100.64	0.009572442
100.66	0.009396677
100.68	0.009189064
100.7	0.008966316
100.72	0.008751472
100.74	0.008550525
100.76	0.008378951
100.78	0.008248504
100.8	0.008175682
100.82	0.008167717
100.84	0.008227812
100.86	0.008366325
100.88	0.00857395
100.9	0.008841453
100.92	0.009158329
100.94	0.009498602
100.96	0.009838978
100.98	0.010149841
101	0.010398754
101.02	0.01055102
101.04	0.010592941
101.06	0.010531782
101.08	0.010378794
101.1	0.010151699
101.12	0.009854848
101.14	0.00950036
101.16	0.009116816
101.18	0.008719205
101.2	0.008331598
101.22	0.007967259
101.24	0.007625809
101.26	0.00731017
101.28	0.0070225
101.3	0.00675065
101.32	0.006478603
101.34	0.00619977
101.36	0.005917595
101.38	0.005645698
101.4	0.005404538
101.42	0.005207494
101.44	0.005064352
101.46	0.00498337
101.48	0.004964596
101.5	0.004997906
101.52	0.005070714
101.54	0.005163166
101.56	0.005249674
101.58	0.005308696
101.6	0.005316579
101.62	0.00525254
101.64	0.005106758
101.66	0.00489691
101.68	0.00464455
101.7	0.004364394
101.72	0.004080011
101.74	0.00381622
101.76	0.003600246
101.78	0.003453594
101.8	0.003378795
101.82	0.003374809
101.84	0.003440174
101.86	0.003565856
101.88	0.00373726
101.9	0.003932628
101.92	0.004137527
101.94	0.004355167
101.96	0.004591382
101.98	0.004856276
102	0.005152051
102.02	0.005472942
102.04	0.005819761
102.06	0.006188771
102.08	0.006551459
102.1	0.006898766
102.12	0.007221678
102.14	0.00751131
102.16	0.00776985
102.18	0.008004653
102.2	0.008251344
102.22	0.008523238
102.24	0.008822532
102.26	0.009155227
102.28	0.009528578
102.3	0.009956594
102.32	0.010442512
102.34	0.010989045
102.36	0.011577043
102.38	0.012181336
102.4	0.012776813
102.42	0.013320073
102.44	0.01378153
102.46	0.014136847
102.48	0.014374588
102.5	0.014499597
102.52	0.014510515
102.54	0.014402751
102.56	0.014177729
102.58	0.013833811
102.6	0.013371397
102.62	0.012794873
102.64	0.012136015
102.66	0.011461017
102.68	0.010776408
102.7	0.010110399
102.72	0.0094855
102.74	0.008908896
102.76	0.00838258
102.78	0.007908364
102.8	0.007477474
102.82	0.007092383
102.84	0.006763821
102.86	0.006501174
102.88	0.006318913
102.9	0.006221201
102.92	0.006197567
102.94	0.006220091
102.96	0.006259047
102.98	0.006291295
103	0.006310002
103.02	0.006298444
103.04	0.006252981
103.06	0.006163328
103.08	0.006024286
103.1	0.005830268
103.12	0.00557747
103.14	0.005283724
103.16	0.004932567
103.18	0.004544645
103.2	0.004135595
103.22	0.003735036
103.24	0.003379764
103.26	0.003080765
103.28	0.002853649
103.3	0.002703721
103.32	0.002649538
103.34	0.002694498
103.36	0.002844969
103.38	0.003096547
103.4	0.003442601
103.42	0.003870491
103.44	0.004360971
103.46	0.004909343
103.48	0.005493614
103.5	0.006079774
103.52	0.006642934
103.54	0.007172514
103.56	0.007651574
103.58	0.008080092
103.6	0.008463052
103.62	0.008797857
103.64	0.009090601
103.66	0.009349874
103.68	0.009591022
103.7	0.009802889
103.72	0.009990797
103.74	0.010165937
103.76	0.010330447
103.78	0.010488933
103.8	0.010635053
103.82	0.010756696
103.84	0.01083829
103.86	0.010872749
103.88	0.010865814
103.9	0.010823415
103.92	0.010752525
103.94	0.010668248
103.96	0.010578792
103.98	0.010481866
104	0.010350708
104.02	0.010178459
104.04	0.009971735
104.06	0.009732403
104.08	0.009472193
104.1	0.009192417
104.12	0.00890516
104.14	0.008628447
104.16	0.008368185
104.18	0.008128653
104.2	0.007911876
104.22	0.007732288
104.24	0.007610665
104.26	0.007570904
104.28	0.007627054
104.3	0.007776809
104.32	0.008004938
104.34	0.008290684
104.36	0.008625347
104.38	0.008977153
104.4	0.009308477
104.42	0.009600093
104.44	0.009825946
104.46	0.00997828
104.48	0.010054269
104.5	0.010047472
104.52	0.009958685
104.54	0.00979551
104.56	0.009574248
104.58	0.00931525
104.6	0.009040106
104.62	0.00876709
104.64	0.008508115
104.66	0.008275701
104.68	0.008072269
104.7	0.007903634
104.72	0.007780461
104.74	0.007707136
104.76	0.0076804
104.78	0.007686405
104.8	0.007729941
104.82	0.007812899
104.84	0.007923879
104.86	0.008064172
104.88	0.008233141
104.9	0.008416938
104.92	0.008591748
104.94	0.008732093
104.96	0.008808183
104.98	0.008802692
105	0.008700274
105.02	0.008501586
105.04	0.008247413
105.06	0.007944988
105.08	0.007609736
105.1	0.007260395
105.12	0.006916028
105.14	0.006591184
105.16	0.006321422
105.18	0.006102476
105.2	0.00594467
105.22	0.005851594
105.24	0.005805904
105.26	0.005789519
105.28	0.005771858
105.3	0.005728418
105.32	0.005646782
105.34	0.005532961
105.36	0.005404271
105.38	0.005277824
105.4	0.005162602
105.42	0.005057979
105.44	0.004948199
105.46	0.004810489
105.48	0.004638375
105.5	0.004432007
105.52	0.004186151
105.54	0.003897657
105.56	0.003555316
105.58	0.003150718
105.6	0.002704096
105.62	0.002210603
105.64	0.001696447
105.66	0.00121026
105.68	0.000792272
105.7	0.000475183
105.72	0.000268466
105.74	0.000175129
105.76	0.000197871
105.78	0.000338958
105.8	0.000583758
105.82	0.000930475
105.84	0.001367664
105.86	0.001864882
105.88	0.002363377
105.9	0.002798089
105.92	0.00315353
105.94	0.003426409
105.96	0.003617489
105.98	0.003734183
106	0.003789786
106.02	0.003796961
106.04	0.003759874
106.06	0.003704697
106.08	0.003635827
106.1	0.003568271
106.12	0.003509124
106.14	0.003483822
106.16	0.003494432
106.18	0.003545247
106.2	0.003631084
106.22	0.003762607
106.24	0.003933399
106.26	0.004143308
106.28	0.004402573
106.3	0.004726637
106.32	0.005119028
106.34	0.00557553
106.36	0.006071679
106.38	0.0065578
106.4	0.007024394
106.42	0.007455063
106.44	0.007830452
106.46	0.008146239
106.48	0.0083983
106.5	0.008584957
106.52	0.008709242
106.54	0.008761382
106.56	0.008750115
106.58	0.008697174
106.6	0.008604668
106.62	0.008495817
106.64	0.008402549
106.66	0.008329969
106.68	0.008282408
106.7	0.008266024
106.72	0.00827259
106.74	0.008282529
106.76	0.008286404
106.78	0.008282962
106.8	0.008268928
106.82	0.008271106
106.84	0.008294413
106.86	0.008310541
106.88	0.008298122
106.9	0.008239835
106.92	0.008136616
106.94	0.007988499
106.96	0.007797728
106.98	0.007569351
107	0.007298517
107.02	0.006977418
107.04	0.006597817
107.06	0.006168081
107.08	0.005693223
107.1	0.005196794
107.12	0.004722195
107.14	0.004295323
107.16	0.003931486
107.18	0.003659037
107.2	0.003484263
107.22	0.003400301
107.24	0.003406568
107.26	0.003504262
107.28	0.003684484
107.3	0.003945962
107.32	0.004260464
107.34	0.004594717
107.36	0.004919305
107.38	0.005214442
107.4	0.005465387
107.42	0.00566908
107.44	0.005825723
107.46	0.00594175
107.48	0.006019988
107.5	0.006070323
107.52	0.006103254
107.54	0.006121536
107.56	0.006131916
107.58	0.00614545
107.6	0.006168755
107.62	0.006215089
107.64	0.006290603
107.66	0.006402761
107.68	0.006547113
107.7	0.006716876
107.72	0.006910928
107.74	0.007129037
107.76	0.007379163
107.78	0.007663781
107.8	0.007973278
107.82	0.008288086
107.84	0.008589888
107.86	0.008892536
107.88	0.009184876
107.9	0.009468375
107.92	0.009735647
107.94	0.009979818
107.96	0.01019462
107.98	0.010368603
108	0.010488721
108.02	0.010555057
108.04	0.010576694
108.06	0.010572274
108.08	0.010562952
108.1	0.010571267
108.12	0.010610507
108.14	0.010691425
108.16	0.010814376
108.18	0.010984042
108.2	0.011197468
108.22	0.011453392
108.24	0.011749237
108.26	0.012082356
108.28	0.012426014
108.3	0.012739081
108.32	0.013005388
108.34	0.013195188
108.36	0.013293679
108.38	0.013296698
108.4	0.013200189
108.42	0.013017435
108.44	0.012768038
108.46	0.012475628
108.48	0.012156399
108.5	0.011811282
108.52	0.01143876
108.54	0.01103859
108.56	0.010624293
108.58	0.010207506
108.6	0.00977538
108.62	0.00934155
108.64	0.008915047
108.66	0.008504754
108.68	0.008121791
108.7	0.007776698
108.72	0.00748897
108.74	0.007259606
108.76	0.00708931
108.78	0.006972218
108.8	0.006919268
108.82	0.006921674
108.84	0.006964139
108.86	0.007031076
108.88	0.007085499
108.9	0.007091006
108.92	0.007031822
108.94	0.006899558
108.96	0.006705792
108.98	0.006449508
109	0.006140358
109.02	0.005788978
109.04	0.005403899
109.06	0.004997259
109.08	0.004586793
109.1	0.004192624
109.12	0.003831515
109.14	0.003503433
109.16	0.00321288
109.18	0.002963265
109.2	0.002754196
109.22	0.002591453
109.24	0.002486953
109.26	0.002439909
109.28	0.002457199
109.3	0.002543362
109.32	0.002696557
109.34	0.002906315
109.36	0.003146953
109.38	0.003394662
109.4	0.003633632
109.42	0.003857196
109.44	0.004060789
109.46	0.00422887
109.48	0.004355984
109.5	0.004442201
109.52	0.004493626
109.54	0.004548357
109.56	0.004633536
109.58	0.004759476
109.6	0.004926962
109.62	0.005121955
109.64	0.005320233
109.66	0.005519831
109.68	0.005726503
109.7	0.005931294
109.72	0.006140574
109.74	0.006345941
109.76	0.006542071
109.78	0.006726486
109.8	0.006893072
109.82	0.007035126
109.84	0.007139964
109.86	0.007199871
109.88	0.00722224
109.9	0.007214317
109.92	0.007185611
109.94	0.007121444
109.96	0.006994601
109.98	0.006796616
110	0.006549922
110.02	0.006293587
110.04	0.006082088
110.06	0.005961116
110.08	0.005947393
110.1	0.006038598
110.12	0.006224028
110.14	0.006490923
110.16	0.006824495
110.18	0.007215508
110.2	0.007649038
110.22	0.008103408
110.24	0.00855283
110.26	0.008983274
110.28	0.009373189
110.3	0.009713124
110.32	0.010000679
110.34	0.010215363
110.36	0.010357904
110.38	0.010440467
110.4	0.010457988
110.42	0.010406534
110.44	0.010273741
110.46	0.010045455
110.48	0.009716633
110.5	0.009310579
110.52	0.008847119
110.54	0.008352595
110.56	0.007854244
110.58	0.00737226
110.6	0.006916211
110.62	0.006506077
110.64	0.006166202
110.66	0.005915749
110.68	0.005752193
110.7	0.005660769
110.72	0.005637897
110.74	0.005674482
110.76	0.00576243
110.78	0.005883433
110.8	0.006010308
110.82	0.006119612
110.84	0.006207145
110.86	0.006265856
110.88	0.00630658
110.9	0.006320047
110.92	0.006300365
110.94	0.006236856
110.96	0.00613313
110.98	0.006001278
111	0.005858516
111.02	0.005724837
111.04	0.005591701
111.06	0.005443577
111.08	0.005278593
111.1	0.005103878
111.12	0.004934577
111.14	0.004780765
111.16	0.004654176
111.18	0.004570841
111.2	0.004537616
111.22	0.004562075
111.24	0.004642096
111.26	0.004765182
111.28	0.004906599
111.3	0.005055542
111.32	0.005215334
111.34	0.005389373
111.36	0.005571103
111.38	0.005745816
111.4	0.005898689
111.42	0.006011383
111.44	0.006086628
111.46	0.006157609
111.48	0.006258908
111.5	0.006417741
111.52	0.006639078
111.54	0.006928024
111.56	0.007282833
111.58	0.007695974
111.6	0.008155866
111.62	0.008651261
111.64	0.00918059
111.66	0.009734537
111.68	0.010303233
111.7	0.010880041
111.72	0.011449901
111.74	0.012001912
111.76	0.012525289
111.78	0.013008641
111.8	0.013447273
111.82	0.013838255
111.84	0.014175489
111.86	0.014454426
111.88	0.014670695
111.9	0.014812273
111.92	0.01487651
111.94	0.014866765
111.96	0.014785342
111.98	0.014640928
112	0.014446388
112.02	0.014213749
112.04	0.013961429
112.06	0.013705277
112.08	0.013461066
112.1	0.0132351
112.12	0.013025605
112.14	0.012821096
112.16	0.012617226
112.18	0.012408272
112.2	0.012191867
112.22	0.011969323
112.24	0.011745993
112.26	0.01152561
112.28	0.011303457
112.3	0.011068977
112.32	0.010817205
112.34	0.010553552
112.36	0.010294522
112.38	0.010053152
112.4	0.009842051
112.42	0.009664782
112.44	0.009517864
112.46	0.009386467
112.48	0.009244296
112.5	0.009068388
112.52	0.008847497
112.54	0.008589832
112.56	0.008304955
112.58	0.007991471
112.6	0.007660578
112.62	0.007309646
112.64	0.006951502
112.66	0.006607483
112.68	0.006295735
112.7	0.006044326
112.72	0.005878735
112.74	0.005785146
112.76	0.005751009
112.78	0.005770643
112.8	0.005844066
112.82	0.005946847
112.84	0.006049197
112.86	0.006130938
112.88	0.006170946
112.9	0.006137587
112.92	0.006059843
112.94	0.005953177
112.96	0.005826085
112.98	0.005684718
113	0.005558099
113.02	0.00546983
113.04	0.00544384
113.06	0.005485891
113.08	0.005589417
113.1	0.005731338
113.12	0.005895213
113.14	0.006066073
113.16	0.006237101
113.18	0.006412399
113.2	0.00658225
113.22	0.006737692
113.24	0.006878603
113.26	0.006997146
113.28	0.007095365
113.3	0.007173925
113.32	0.00723509
113.34	0.007259863
113.36	0.007269908
113.38	0.007270712
113.4	0.007274257
113.42	0.007278405
113.44	0.007262723
113.46	0.007227999
113.48	0.007184209
113.5	0.007152942
113.52	0.00715857
113.54	0.007209964
113.56	0.007295648
113.58	0.007393115
113.6	0.007473205
113.62	0.007531403
113.64	0.007582378
113.66	0.007632241
113.68	0.007684563
113.7	0.007741456
113.72	0.007796213
113.74	0.007846104
113.76	0.007890682
113.78	0.007943228
113.8	0.008009036
113.82	0.008083226
113.84	0.008163954
113.86	0.008244913
113.88	0.008304975
113.9	0.008329577
113.92	0.008309928
113.94	0.008251863
113.96	0.008172817
113.98	0.008083502
114	0.007994358
114.02	0.007912171
114.04	0.00785752
114.06	0.007841771
114.08	0.007876856
114.1	0.007966464
114.12	0.008101055
114.14	0.008267672
114.16	0.008438373
114.18	0.008583097
114.2	0.008675301
114.22	0.008700024
114.24	0.008650114
114.26	0.008536939
114.28	0.00838573
114.3	0.008206597
114.32	0.008019569
114.34	0.007830249
114.36	0.007629932
114.38	0.007417249
114.4	0.007194486
114.42	0.006987912
114.44	0.006813593
114.46	0.006680815
114.48	0.00658463
114.5	0.006503579
114.52	0.006420868
114.54	0.006334956
114.56	0.006245191
114.58	0.006154959
114.6	0.006072693
114.62	0.006008771
114.64	0.005968439
114.66	0.005940738
114.68	0.005916488
114.7	0.005879658
114.72	0.005820669
114.74	0.005741074
114.76	0.005644595
114.78	0.00555017
114.8	0.005465754
114.82	0.005391652
114.84	0.005320643
114.86	0.005231751
114.88	0.005106195
114.9	0.004942594
114.92	0.004743523
114.94	0.004512162
114.96	0.004266055
114.98	0.004021846
115	0.003778088
115.02	0.003536922
115.04	0.003301975
115.06	0.00307888
115.08	0.002885153
115.1	0.002730064
115.12	0.002607641
115.14	0.002516054
115.16	0.002455545
115.18	0.002413765
115.2	0.002388824
115.22	0.002391802
115.24	0.002434914
115.26	0.002519522
115.28	0.002637845
115.3	0.002765605
115.32	0.002893352
115.34	0.003016702
115.36	0.003134974
115.38	0.003244253
115.4	0.003339815
115.42	0.003444691
115.44	0.003573792
115.46	0.003723964
115.48	0.00388573
115.5	0.004048032
115.52	0.004213388
115.54	0.004394656
115.56	0.004590912
115.58	0.004786604
115.6	0.004963369
115.62	0.00509663
115.64	0.005162303
115.66	0.005161507
115.68	0.005109777
115.7	0.005029667
115.72	0.004940017
115.74	0.004854031
115.76	0.004775058
115.78	0.004723247
115.8	0.004709832
115.82	0.004745221
115.84	0.004834721
115.86	0.004983447
115.88	0.005195167
115.9	0.00546571
115.92	0.00578397
115.94	0.006137355
115.96	0.006506896
115.98	0.006895841
116	0.00730979
116.02	0.007752573
116.04	0.008228594
116.06	0.008730611
116.08	0.009237344
116.1	0.009731169
116.12	0.010182005
116.14	0.01057423
116.16	0.010898236
116.18	0.01115215
116.2	0.011330804
116.22	0.0114377
116.24	0.01148353
116.26	0.011465807
116.28	0.011387996
116.3	0.011239486
116.32	0.011014331
116.34	0.010718536
116.36	0.010354282
116.38	0.009923794
116.4	0.009433501
116.42	0.00889151
116.44	0.008305405
116.46	0.007682793
116.48	0.007039532
116.5	0.006394866
116.52	0.005769199
116.54	0.005185975
116.56	0.004671911
116.58	0.004247379
116.6	0.003921661
116.62	0.003700205
116.64	0.003568775
116.66	0.003506232
116.68	0.003500038
116.7	0.003537318
116.72	0.003595025
116.74	0.00365429
116.76	0.003705203
116.78	0.003741938
116.8	0.003758503
116.82	0.00375907
116.84	0.003749462
116.86	0.003722112
116.88	0.003669194
116.9	0.00359334
116.92	0.00349844
116.94	0.003397029
116.96	0.003294498
116.98	0.003191715
117	0.00308869
117.02	0.002987127
117.04	0.002889555
117.06	0.002809035
117.08	0.00275179
117.1	0.002737613
117.12	0.002786939
117.14	0.002907625
117.16	0.003094173
117.18	0.003337607
117.2	0.003622869
117.22	0.003914292
117.24	0.004196175
117.26	0.004456233
117.28	0.004679215
117.3	0.004891963
117.32	0.005095886
117.34	0.005291159
117.36	0.005503796
117.38	0.00575507
117.4	0.006058876
117.42	0.006418412
117.44	0.006824599
117.46	0.007265149
117.48	0.007724715
117.5	0.008190126
117.52	0.00864974
117.54	0.009094484
117.56	0.009506171
117.58	0.009876255
117.6	0.010197521
117.62	0.010465475
117.64	0.010680674
117.66	0.010866543
117.68	0.011035295
117.7	0.011184837
117.72	0.011314488
117.74	0.011415302
117.76	0.011472411
117.78	0.011466494
117.8	0.011370965
117.82	0.011187889
117.84	0.010926267
117.86	0.010600717
117.88	0.010240391
117.9	0.009860435
117.92	0.009479416
117.94	0.009115685
117.96	0.008786437
117.98	0.008496449
118	0.008244491
118.02	0.008048343
118.04	0.007910064
118.06	0.007816633
118.08	0.007739691
118.1	0.007650412
118.12	0.007534808
118.14	0.007391042
118.16	0.007233955
118.18	0.007089784
118.2	0.006956323
118.22	0.006851318
118.24	0.006770467
118.26	0.006702768
118.28	0.006644218
118.3	0.006590073
118.32	0.006526045
118.34	0.006451926
118.36	0.00636493
118.38	0.006268322
118.4	0.006163435
118.42	0.006047972
118.44	0.005919017
118.46	0.005777961
118.48	0.005639882
118.5	0.005528268
118.52	0.00545063
118.54	0.005411794
118.56	0.005397262
118.58	0.005374837
118.6	0.005317019
118.62	0.005218724
118.64	0.005076643
118.66	0.004876529
118.68	0.004616201
118.7	0.004307601
118.72	0.003963113
118.74	0.003609224
118.76	0.003252232
118.78	0.002911819
118.8	0.002597856
118.82	0.002329929
118.84	0.002124915
118.86	0.001989525
118.88	0.0019222
118.9	0.001909806
118.92	0.00192572
118.94	0.00195669
118.96	0.001994915
118.98	0.002038078
119	0.002085592
119.02	0.002147282
119.04	0.002214827
119.06	0.002270036
119.08	0.00230269
119.1	0.002314105
119.12	0.00229244
119.14	0.002227442
119.16	0.002128955
119.18	0.002007522
119.2	0.00187992
119.22	0.001756828
119.24	0.001645012
119.26	0.001556753
119.28	0.001513677
119.3	0.00153604
119.32	0.001633469
119.34	0.001810717
119.36	0.002062891
119.38	0.002376952
119.4	0.002718678
119.42	0.003070111
119.44	0.003436488
119.46	0.003818078
119.48	0.004211166
119.5	0.004595129
119.52	0.004976862
119.54	0.005360618
119.56	0.005745211
119.58	0.006138241
119.6	0.006559264
119.62	0.007022636
119.64	0.007530013
119.66	0.008067168
119.68	0.008632519
119.7	0.009217591
119.72	0.009802497
119.74	0.010372008
119.76	0.010902946
119.78	0.011380489
119.8	0.011806887
119.82	0.012191143
119.84	0.012550681
119.86	0.012893593
119.88	0.013208451
119.9	0.013488864
119.92	0.013719257
119.94	0.013881757
119.96	0.013970593
119.98	0.01399101
120	0.013955163
120.02	0.01387277
120.04	0.013747951
120.06	0.013583159
120.08	0.013377301
120.1	0.013125267
120.12	0.012831102
120.14	0.012501109
120.16	0.012140924
120.18	0.011765967
120.2	0.0113943
120.22	0.01103448
120.24	0.010684175
120.26	0.010334098
120.28	0.009979049
120.3	0.009623802
120.32	0.00928413
120.34	0.008971973
120.36	0.008692328
120.38	0.008443511
120.4	0.008220009
120.42	0.008019236
120.44	0.007843789
120.46	0.007691015
120.48	0.007550606
120.5	0.007417144
120.52	0.007272283
120.54	0.007092709
120.56	0.006867989
120.58	0.006593517
120.6	0.006291254
120.62	0.005972858
120.64	0.00565875
120.66	0.005365077
120.68	0.005106574
120.7	0.004903637
120.72	0.004780268
120.74	0.004742009
120.76	0.004789221
120.78	0.004916198
120.8	0.005119307
120.82	0.005384997
120.84	0.00569239
120.86	0.006019539
120.88	0.006357894
120.9	0.006697243
120.92	0.007008688
120.94	0.00730834
120.96	0.007612361
120.98	0.007926053
121	0.008234114
121.02	0.008522248
121.04	0.008789904
121.06	0.009036778
121.08	0.009278569
121.1	0.009522952
121.12	0.009778124
121.14	0.010040355
121.16	0.010300363
121.18	0.010540815
121.2	0.010746913
121.22	0.0109204
121.24	0.011074652
121.26	0.01122822
121.28	0.011404086
121.3	0.011614099
121.32	0.011867253
121.34	0.012156445
121.36	0.012463409
121.38	0.012762707
121.4	0.013050111
121.42	0.01333644
121.44	0.013623068
121.46	0.013884454
121.48	0.014096013
121.5	0.014222181
121.52	0.014239695
121.54	0.01414471
121.56	0.013947692
121.58	0.013648438
121.6	0.013257466
121.62	0.012812849
121.64	0.01234898
121.66	0.011897472
121.68	0.011485604
121.7	0.011107839
121.72	0.010769751
121.74	0.010481654
121.76	0.010252908
121.78	0.010077644
121.8	0.009949638
121.82	0.009856667
121.84	0.00978212
121.86	0.009718692
121.88	0.009665659
121.9	0.009612944
121.92	0.009556014
121.94	0.009490896
121.96	0.009399227
121.98	0.009278877
122	0.009137695
122.02	0.00897286
122.04	0.008774989
122.06	0.008532599
122.08	0.008245372
122.1	0.007917441
122.12	0.007547086
122.14	0.007147072
122.16	0.006710777
122.18	0.006232552
122.2	0.005718778
122.22	0.005186926
122.24	0.004654803
122.26	0.004145358
122.28	0.003670091
122.3	0.003237927
122.32	0.002860057
122.34	0.002549829
122.36	0.002324561
122.38	0.002191949
122.4	0.002151892
122.42	0.002186557
122.44	0.002283192
122.46	0.002431971
122.48	0.002627149
122.5	0.002854345
122.52	0.003105271
122.54	0.003376337
122.56	0.003626799
122.58	0.003831201
122.6	0.004016259
122.62	0.004167691
122.64	0.004282678
122.66	0.004362739
122.68	0.004421609
122.7	0.004474858
122.72	0.004542298
122.74	0.004622253
122.76	0.00470815
122.78	0.004779274
122.8	0.00482922
122.82	0.004872589
122.84	0.004922844
122.86	0.004982146
122.88	0.005042078
122.9	0.005091438
122.92	0.005129475
122.94	0.005138516
122.96	0.005102067
122.98	0.005012755
123	0.004844734
123.02	0.004584242
123.04	0.004259277
123.06	0.003898169
123.08	0.003519206
123.1	0.003132283
123.12	0.002746293
123.14	0.002377717
123.16	0.002054303
123.18	0.001796513
123.2	0.001618617
123.22	0.001526066
123.24	0.001521764
123.26	0.001602636
123.28	0.001752979
123.3	0.001959803
123.32	0.002202154
123.34	0.002455767
123.36	0.00271197
123.38	0.002960263
123.4	0.003196674
123.42	0.003434404
123.44	0.003664802
123.46	0.003864406
123.48	0.004027785
123.5	0.004149677
123.52	0.004221863
123.54	0.004251242
123.56	0.004245178
123.58	0.004211345
123.6	0.004169325
123.62	0.004125658
123.64	0.004085362
123.66	0.004053348
123.68	0.004045435
123.7	0.004083215
123.72	0.004181119
123.74	0.004341625
123.76	0.0045743
123.78	0.00486526
123.8	0.005206372
123.82	0.005598739
123.84	0.006037046
123.86	0.006512339
123.88	0.007021093
123.9	0.007543806
123.92	0.008069688
123.94	0.008595244
123.96	0.009111892
123.98	0.00961248
124	0.010089887
124.02	0.010531692
124.04	0.010937053
124.06	0.011297453
124.08	0.01160939
124.1	0.011876179
124.12	0.012103459
124.14	0.012303338
124.16	0.012480075
124.18	0.012636075
124.2	0.012765411
124.22	0.012865017
124.24	0.012945774
124.26	0.013006831
124.28	0.01303896
124.3	0.013042064
124.32	0.013021455
124.34	0.012974319
124.36	0.012878768
124.38	0.012706263
124.4	0.012439924
124.42	0.01210112
124.44	0.011711653
124.46	0.011282428
124.48	0.010816899
124.5	0.010321656
124.52	0.009789407
124.54	0.009208564
124.56	0.008576542
124.58	0.007900205
124.6	0.007190658
124.62	0.006466936
124.64	0.005750118
124.66	0.005061485
124.68	0.00442452
124.7	0.003860292
124.72	0.003384785
124.74	0.002983238
124.76	0.00265128
124.78	0.002368579
124.8	0.002128764
124.82	0.001919415
124.84	0.001732198
124.86	0.001578785
124.88	0.001461548
124.9	0.001359754
124.92	0.001218719
124.94	0.001054398
124.96	0.000885181
124.98	0.000720579
125	0.000573166
125.02	0.000452279
125.04	0.000353291
125.06	0.000275557
125.08	0.000213102
125.1	0.000159662
125.12	0.000114453
125.14	8.14715E-05
125.16	6.85582E-05
125.18	9.29629E-05
125.2	0.00020293
125.22	0.000406234
125.24	0.000696923
125.26	0.001072899
125.28	0.001533022
125.3	0.002076021
125.32	0.002699744
125.34	0.003390262
125.36	0.004099284
125.38	0.004782924
125.4	0.005451184
125.42	0.006093349
125.44	0.00669846
125.46	0.007260707
125.48	0.007779393
125.5	0.008252021
125.52	0.008678414
125.54	0.00905579
125.56	0.009371722
125.58	0.009624165
125.6	0.009803363
125.62	0.009906935
125.64	0.009928572
125.66	0.009876986
125.68	0.009784737
125.7	0.009692253
125.72	0.009613823
125.74	0.009568191
125.76	0.009552907
125.78	0.0095543
125.8	0.009552535
125.82	0.009534957
125.84	0.0095039
125.86	0.009442408
125.88	0.009339556
125.9	0.00918774
125.92	0.008970645
125.94	0.008680313
125.96	0.008311146
125.98	0.007855629
126	0.00730966
126.02	0.00669481
126.04	0.006069799
126.06	0.00545082
126.08	0.004842979
126.1	0.004258196
126.12	0.00370227
126.14	0.00317455
126.16	0.002678559
126.18	0.002232732
126.2	0.001848818
126.22	0.001519279
126.24	0.001248686
126.26	0.001049281
126.28	0.000938872
126.3	0.000928367
126.32	0.00099814
126.34	0.001135971
126.36	0.001323998
126.38	0.001543092
126.4	0.001764688
126.42	0.001958514
126.44	0.00210168
126.46	0.002185238
126.48	0.002206727
126.5	0.002148679
126.52	0.002034877
126.54	0.001895497
126.56	0.001754125
126.58	0.001632323
126.6	0.001552891
126.62	0.001540551
126.64	0.001601534
126.66	0.001747379
126.68	0.001962534
126.7	0.002228182
126.72	0.002528126
126.74	0.002845593
126.76	0.003169594
126.78	0.003505052
126.8	0.003849347
126.82	0.004207722
126.84	0.004583686
126.86	0.004982661
126.88	0.005389857
126.9	0.005798716
126.92	0.006192035
126.94	0.006534131
126.96	0.006788957
126.98	0.006937959
127	0.006971631
127.02	0.006892477
127.04	0.006707513
127.06	0.006423892
127.08	0.006057696
127.1	0.005629859
127.12	0.005175474
127.14	0.004758594
127.16	0.0044616
127.18	0.004287123
127.2	0.004236392
127.22	0.004295123
127.24	0.00443265
127.26	0.004617992
127.28	0.0048213
127.3	0.005032767
127.32	0.005241049
127.34	0.005435565
127.36	0.005618598
127.38	0.005800232
127.4	0.005981159
127.42	0.006169441
127.44	0.006371302
127.46	0.00659698
127.48	0.006853037
127.5	0.007132176
127.52	0.007413458
127.54	0.00767526
127.56	0.007881402
127.58	0.008014269
127.6	0.008091988
127.62	0.008157343
127.64	0.008220214
127.66	0.008311167
127.68	0.008435018
127.7	0.008613807
127.72	0.008865877
127.74	0.009205392
127.76	0.009629011
127.78	0.010122714
127.8	0.010641568
127.82	0.011142153
127.84	0.011602713
127.86	0.011979121
127.88	0.012250223
127.9	0.012398193
127.92	0.012412686
127.94	0.012306931
127.96	0.012102333
127.98	0.011806719
128	0.011432679
128.02	0.010981905
128.04	0.010454464
128.06	0.00986298
128.08	0.00928474
128.1	0.008708275
128.12	0.008147586
128.14	0.007608724
128.16	0.007090872
128.18	0.006601489
128.2	0.006137903
128.22	0.005705024
128.24	0.005309501
128.26	0.004957287
128.28	0.004652918
128.3	0.004398846
128.32	0.004200329
128.34	0.004048417
128.36	0.003924949
128.38	0.003816636
128.4	0.003713308
128.42	0.003611207
128.44	0.003508367
128.46	0.003413308
128.48	0.003329181
128.5	0.00325256
128.52	0.003168002
128.54	0.003065705
128.56	0.002941889
128.58	0.002824924
128.6	0.002723005
128.62	0.002638585
128.64	0.002574067
128.66	0.002529647
128.68	0.002483022
128.7	0.002421905
128.72	0.002335461
128.74	0.002230262
128.76	0.002108511
128.78	0.001970068
128.8	0.001818639
128.82	0.001645933
128.84	0.001456619
128.86	0.00124896
128.88	0.001019719
128.9	0.000784209
128.92	0.000567026
128.94	0.000398736
128.96	0.00028779
128.98	0.000213913
129	0.000174481
129.02	0.000175571
129.04	0.000261652
129.06	0.000434171
129.08	0.000714692
129.1	0.001110911
129.12	0.001618582
129.14	0.002214082
129.16	0.002866658
129.18	0.003554109
129.2	0.004256541
129.22	0.004959265
129.24	0.005643399
129.26	0.006288239
129.28	0.00687899
129.3	0.007404365
129.32	0.007852422
129.34	0.008217938
129.36	0.008509078
129.38	0.008740897
129.4	0.008930224
129.42	0.009094358
129.44	0.009232119
129.46	0.009322705
129.48	0.009363276
129.5	0.009356974
129.52	0.009305268
129.54	0.009221831
129.56	0.009139811
129.58	0.009068584
129.6	0.00897159
129.62	0.00886598
129.64	0.008773062
129.66	0.008715164
129.68	0.008707378
129.7	0.008763416
129.72	0.008887
129.74	0.009074374
129.76	0.009299167
129.78	0.009519243
129.8	0.00969511
129.82	0.009801661
129.84	0.009829218
129.86	0.009777005
129.88	0.009653528
129.9	0.009484715
129.92	0.009303665
129.94	0.00910306
129.96	0.008883763
129.98	0.008653764
130	0.008447557
130.02	0.008325631
130.04	0.008263136
130.06	0.008271734
130.08	0.008349003
130.1	0.008471143
130.12	0.0086197
130.14	0.008788139
130.16	0.008965733
130.18	0.009150562
130.2	0.009337765
130.22	0.009515831
130.24	0.009659379
130.26	0.009757035
130.28	0.009800089
130.3	0.009769844
130.32	0.00964755
130.34	0.009449847
130.36	0.009205862
130.38	0.008932705
130.4	0.008650312
130.42	0.008380696
130.44	0.008147809
130.46	0.007976397
130.48	0.007862972
130.5	0.007817933
130.52	0.00784759
130.54	0.007938385
130.56	0.008068319
130.58	0.008223222
130.6	0.008397064
130.62	0.008597086
130.64	0.008832012
130.66	0.009093976
130.68	0.009370607
130.7	0.009660834
130.72	0.009959669
130.74	0.010253028
130.76	0.010521843
130.78	0.01075795
130.8	0.010955043
130.82	0.011111181
130.84	0.011219352
130.86	0.011272288
130.88	0.011245943
130.9	0.011138729
130.92	0.010959842
130.94	0.010715053
130.96	0.010433026
130.98	0.010137091
131	0.009833674
131.02	0.009525537
131.04	0.009217047
131.06	0.008944078
131.08	0.008736677
131.1	0.008613829
131.12	0.008582519
131.14	0.008637444
131.16	0.008770531
131.18	0.008970236
131.2	0.009218901
131.22	0.009486392
131.24	0.009738731
131.26	0.009936829
131.28	0.010056042
131.3	0.010103544
131.32	0.010086171
131.34	0.010007921
131.36	0.009871675
131.38	0.009678403
131.4	0.009451963
131.42	0.009232951
131.44	0.009063173
131.46	0.008930341
131.48	0.008813258
131.5	0.00870576
131.52	0.008602036
131.54	0.008497946
131.56	0.008383922
131.58	0.008248249
131.6	0.008089414
131.62	0.007912663
131.64	0.007746271
131.66	0.007623034
131.68	0.007553004
131.7	0.0075274
131.72	0.007525258
131.74	0.007553769
131.76	0.007613501
131.78	0.007702861
131.8	0.007814988
131.82	0.00792658
131.84	0.008000815
131.86	0.008016185
131.88	0.008000385
131.9	0.007948896
131.92	0.007847327
131.94	0.007689929
131.96	0.007494889
131.98	0.007287583
132	0.00709516
132.02	0.006939148
132.04	0.006837093
132.06	0.006794092
132.08	0.006825418
132.1	0.006939549
132.12	0.007130338
132.14	0.007378219
132.16	0.007646832
132.18	0.007901056
132.2	0.008112391
132.22	0.0082655
132.24	0.008343377
132.26	0.008317481
132.28	0.008165613
132.3	0.007859683
132.32	0.007414173
132.34	0.006845568
132.36	0.006181819
132.38	0.005442619
132.4	0.004654299
132.42	0.003828479
132.44	0.002976929
132.46	0.002110718
132.48	0.001250201
132.5	0.000417315
132.52	-0.00034794
132.54	-0.001019783
132.56	-0.001579105
132.58	-0.002010293
132.6	-0.002312883
132.62	-0.002508032
132.64	-0.002610373
132.66	-0.002643493
132.68	-0.002617415
132.7	-0.002527292
132.72	-0.002362997
132.74	-0.002124862
132.76	-0.001848328
132.78	-0.001636125
132.8	-0.001492541
132.82	-0.001413632
132.84	-0.001380205
132.86	-0.001357934
132.88	-0.001335479
132.9	-0.001330407
132.92	-0.001347679
132.94	-0.001349778
132.96	-0.001337669
132.98	-0.001295847
133	-0.001208946
133.02	-0.001077908
133.04	-0.000910925
133.06	-0.000713382
133.08	-0.000486069
133.1	-0.000225605
133.12	5.65717E-05
133.14	0.000355273
133.16	0.000681864
133.18	0.001035079
133.2	0.001418524
133.22	0.001827054
133.24	0.002271417
133.26	0.002737772
133.28	0.003220692
133.3	0.003733761
133.32	0.004277339
133.34	0.004848473
133.36	0.005439477
133.38	0.006040064
133.4	0.006635128
133.42	0.007218016
133.44	0.007788271
133.46	0.008352747
133.48	0.008918506
133.5	0.009489076
133.52	0.010064412
133.54	0.010639024
133.56	0.011219258
133.58	0.011806421
133.6	0.012393721
133.62	0.012965017
133.64	0.013516259
133.66	0.014041726
133.68	0.014530166
133.7	0.01496944
133.72	0.015337756
133.74	0.015609124
133.76	0.015775833
133.78	0.015820028
133.8	0.01574304
133.82	0.015545472
133.84	0.01524185
133.86	0.014849798
133.88	0.014392427
133.9	0.013889562
133.92	0.013389653
133.94	0.012912804
133.96	0.012446878
133.98	0.012007513
134	0.011605414
134.02	0.011231523
134.04	0.01086872
134.06	0.010500421
134.08	0.010116926
134.1	0.0097107
134.12	0.00928691
134.14	0.008857145
134.16	0.00842846
134.18	0.00800261
134.2	0.007571971
134.22	0.007125011
134.24	0.00667145
134.26	0.006218995
134.28	0.00577124
134.3	0.005334254
134.32	0.00491986
134.34	0.004528957
134.36	0.004152146
134.38	0.003784407
134.4	0.003457652
134.42	0.003205832
134.44	0.003032202
134.46	0.002946194
134.48	0.002938294
134.5	0.002994764
134.52	0.003104725
134.54	0.003249856
134.56	0.003409006
134.58	0.003563583
134.6	0.003713744
134.62	0.003857607
134.64	0.003976195
134.66	0.004038262
134.68	0.004067127
134.7	0.004067803
134.72	0.004055271
134.74	0.004041926
134.76	0.004045618
134.78	0.004081516
134.8	0.004158113
134.82	0.004270394
134.84	0.004410077
134.86	0.004553591
134.88	0.004699742
134.9	0.00484079
134.92	0.004974814
134.94	0.005102788
134.96	0.005231917
134.98	0.00535197
135	0.005467398
135.02	0.005582686
135.04	0.005707438
135.06	0.005848748
135.08	0.006002534
135.1	0.006165615
135.12	0.006334201
135.14	0.006508656
135.16	0.006681928
135.18	0.006852299
135.2	0.00702757
135.22	0.007205845
135.24	0.007385371
135.26	0.00756074
135.28	0.007738259
135.3	0.007918584
135.32	0.008093935
135.34	0.008266095
135.36	0.008428337
135.38	0.008576202
135.4	0.008707003
135.42	0.008810916
135.44	0.008881297
135.46	0.008921345
135.48	0.008928582
135.5	0.008909962
135.52	0.008878412
135.54	0.008849573
135.56	0.008816554
135.58	0.008777882
135.6	0.008728446
135.62	0.008665071
135.64	0.008586941
135.66	0.008486182
135.68	0.008342925
135.7	0.008163114
135.72	0.007952857
135.74	0.007720284
135.76	0.007468741
135.78	0.00720718
135.8	0.006942888
135.82	0.006681152
135.84	0.006426332
135.86	0.006183099
135.88	0.005950295
135.9	0.005734351
135.92	0.005530259
135.94	0.005333495
135.96	0.005139402
135.98	0.004952091
136	0.004773762
136.02	0.004609433
136.04	0.004461543
136.06	0.00432817
136.08	0.004211675
136.1	0.004118243
136.12	0.004043538
136.14	0.003985102
136.16	0.003943432
136.18	0.003919491
136.2	0.003908781
136.22	0.003913464
136.24	0.003931499
136.26	0.003960495
136.28	0.004005072
136.3	0.004069905
136.32	0.004153242
136.34	0.004254034
136.36	0.004364666
136.38	0.004475522
136.4	0.004584588
136.42	0.004694865
136.44	0.004803959
136.46	0.004910247
136.48	0.00502006
136.5	0.005135471
136.52	0.005260059
136.54	0.005397469
136.56	0.00554805
136.58	0.005708392
136.6	0.00587748
136.62	0.006048166
136.64	0.006214191
136.66	0.006372515
136.68	0.006523417
136.7	0.006666423
136.72	0.00679901
136.74	0.006923711
136.76	0.007041405
136.78	0.007155333
136.8	0.007269911
136.82	0.007385173
136.84	0.007498098
136.86	0.007606477
136.88	0.007708815
136.9	0.007803327
136.92	0.007892354
136.94	0.007972767
136.96	0.008041837
136.98	0.008097373
137	0.00814024
137.02	0.008167369
137.04	0.008180855
137.06	0.008183732
137.08	0.008177395
137.1	0.008161724
137.12	0.008132762
137.14	0.008083156
137.16	0.008014843
137.18	0.007930626
137.2	0.007832611
137.22	0.007723811
137.24	0.007606514
137.26	0.00748211
137.28	0.00735227
137.3	0.007218559
137.32	0.007080592
137.34	0.006935424
137.36	0.006783098
137.38	0.00662225
137.4	0.006452756
137.42	0.006276352
137.44	0.006099413
137.46	0.005927258
137.48	0.005761886
137.5	0.005606925
137.52	0.005462336
137.54	0.005329706
137.56	0.005212254
137.58	0.005108879
137.6	0.005016722
137.62	0.00493388
137.64	0.004858398
137.66	0.004789263
137.68	0.004727948
137.7	0.004676841
137.72	0.00463651
137.74	0.004608401
137.76	0.004592772
137.78	0.004589518
137.8	0.004599801
137.82	0.004623497
137.84	0.004659851
137.86	0.004707264
137.88	0.004763445
137.9	0.004826146
137.92	0.004893588
137.94	0.004965928
137.96	0.005044507
137.98	0.005130761
138	0.005224402
138.02	0.005323494
138.04	0.005427505
138.06	0.005535921
138.08	0.005646682
138.1	0.005757929
138.12	0.005868041
138.14	0.005975854
138.16	0.00608225
138.18	0.006189904
138.2	0.006300398
138.22	0.006415492
138.24	0.006534925
138.26	0.006656701
138.28	0.006777462
138.3	0.006893992
138.32	0.007004929
138.34	0.007108928
138.36	0.007204975
138.38	0.007292209
138.4	0.007369715
138.42	0.007438148
138.44	0.007499913
138.46	0.0075563
138.48	0.007607712
138.5	0.007654525
138.52	0.007695715
138.54	0.007729795
138.56	0.007755453
138.58	0.007771169
138.6	0.007774575
138.62	0.007765298
138.64	0.007742859
138.66	0.007706914
138.68	0.00765847
138.7	0.007599007
138.72	0.007530688
138.74	0.007455776
138.76	0.007375108
138.78	0.007287971
138.8	0.007194692
138.82	0.007095331
138.84	0.006990342
138.86	0.006880097
138.88	0.006765236
138.9	0.0066466
138.92	0.006525801
138.94	0.006404868
138.96	0.006286052
138.98	0.006170538
139	0.006058101
139.02	0.005948138
139.04	0.005840098
139.06	0.005734134
139.08	0.00563149
139.1	0.005534011
139.12	0.005443654
139.14	0.005362262
139.16	0.005290012
139.18	0.005227596
139.2	0.005176504
139.22	0.005136122
139.24	0.005105905
139.26	0.005084635
139.28	0.005070616
139.3	0.005062643
139.32	0.005060276
139.34	0.005063748
139.36	0.005073464
139.38	0.005090038
139.4	0.00511385
139.42	0.005145406
139.44	0.005185476
139.46	0.005234055
139.48	0.005290651
139.5	0.00535436
139.52	0.005423732
139.54	0.005497067
139.56	0.00557264
139.58	0.005649541
139.6	0.005727552
139.62	0.005806783
139.64	0.005888323
139.66	0.005972359
139.68	0.00605894
139.7	0.006148314
139.72	0.006240844
139.74	0.006336099
139.76	0.006432656
139.78	0.006528694
139.8	0.006622587
139.82	0.006713506
139.84	0.006801432
139.86	0.006886227
139.88	0.006967663
139.9	0.007045491
139.92	0.007118865
139.94	0.007186636
139.96	0.00724787
139.98	0.007301826
140	0.007347979
140.02	0.007385805
140.04	0.007414466
140.06	0.00743395
140.08	0.007445077
140.1	0.007448711
140.12	0.007445586
140.14	0.007435739
140.16	0.007419082
140.18	0.007395369
140.2	0.007364313
140.22	0.007325813
140.24	0.00727969
140.26	0.007225705
140.28	0.007164021
140.3	0.007095051
140.32	0.007019924
140.34	0.006939954
140.36	0.00685664
140.38	0.006771483
140.4	0.006685687
140.42	0.006600028
140.44	0.006514841
140.46	0.006430322
140.48	0.006346258
140.5	0.006262473
140.52	0.006179168
140.54	0.006096269
140.56	0.00601409
140.58	0.005933517
140.6	0.005855997
140.62	0.005782864
140.64	0.005714963
140.66	0.005652671
140.68	0.005596199
140.7	0.00554558
140.72	0.00550079
140.74	0.005461655
140.76	0.005428129
140.78	0.005400316
140.8	0.005378306
140.82	0.005362218
140.84	0.005352385
140.86	0.005349015
140.88	0.005352046
140.9	0.005361182
140.92	0.005375722
140.94	0.005395212
140.96	0.005419456
140.98	0.005448488
141	0.005482493
141.02	0.005521637
141.04	0.005566139
141.06	0.005615994
141.08	0.005671556
141.1	0.005732441
141.12	0.005798252
141.14	0.005868156
141.16	0.005941231
141.18	0.006016488
141.2	0.006092884
141.22	0.006169552
141.24	0.006246109
141.26	0.006322246
141.28	0.006397851
141.3	0.006472862
141.32	0.006547158
141.34	0.006620595
141.36	0.006692684
141.38	0.006762895
141.4	0.006830465
141.42	0.00689418
141.44	0.006952785
141.46	0.007005324
141.48	0.007051449
141.5	0.007090747
141.52	0.007123354
141.54	0.007149405
141.56	0.007169155
141.58	0.007182904
141.6	0.00719099
141.62	0.007193487
141.64	0.007190363
141.66	0.007181362
141.68	0.00716622
141.7	0.007144973
141.72	0.007117892
141.74	0.007085438
141.76	0.007048172
141.78	0.007006677
141.8	0.006961239
141.82	0.006912148
141.84	0.006859707
141.86	0.006804267
141.88	0.00674607
141.9	0.006685332
141.92	0.006622307
141.94	0.006557374
141.96	0.006491455
141.98	0.006425239
142	0.006359461
142.02	0.006294546
142.04	0.00623087
142.06	0.006168785
142.08	0.006108221
142.1	0.006049262
142.12	0.005991954
142.14	0.005936313
142.16	0.005882486
142.18	0.005830721
142.2	0.005781513
142.22	0.005735648
142.24	0.00569388
142.26	0.005656838
142.28	0.00562496
142.3	0.005598505
142.32	0.005577498
142.34	0.005561925
142.36	0.005551708
142.38	0.005546401
142.4	0.005545786
142.42	0.005549595
142.44	0.005557814
142.46	0.005570666
142.48	0.005588462
142.5	0.005611566
142.52	0.005640067
142.54	0.005673821
142.56	0.005712507
142.58	0.005755693
142.6	0.005802831
142.62	0.005853389
142.64	0.005906798
142.66	0.005962564
142.68	0.006020244
142.7	0.006079456
142.72	0.00613992
142.74	0.006201338
142.76	0.006263263
142.78	0.006325066
142.8	0.006386032
142.82	0.00644557
142.84	0.006503293
142.86	0.006558879
142.88	0.006612061
142.9	0.006662534
142.92	0.006710172
142.94	0.006754805
142.96	0.006796242
142.98	0.006834352
143	0.006868875
143.02	0.006899464
143.04	0.006925643
143.06	0.006946991
143.08	0.006963262
143.1	0.006974413
143.12	0.006980554
143.14	0.006981879
143.16	0.006978664
143.18	0.006971231
143.2	0.006959943
143.22	0.006945217
143.24	0.0069273
143.26	0.00690623
143.28	0.006881948
143.3	0.006854271
143.32	0.006823077
143.34	0.006788316
143.36	0.006750152
143.38	0.006708904
143.4	0.006664916
143.42	0.006618607
143.44	0.006570529
143.46	0.006521177
143.48	0.006470969
143.5	0.006420194
143.52	0.006369027
143.54	0.00631761
143.56	0.006266059
143.58	0.006214618
143.6	0.006163715
143.62	0.006113813
143.64	0.006065317
143.66	0.006018577
143.68	0.005973947
143.7	0.005931777
143.72	0.005892379
143.74	0.005856019
143.76	0.005822895
143.78	0.005793182
143.8	0.005767093
143.82	0.005744874
143.84	0.005726864
143.86	0.005713317
143.88	0.005704424
143.9	0.005700285
143.92	0.005700855
143.94	0.005706004
143.96	0.005715517
143.98	0.00572915
144	0.005746594
144.02	0.005767492
144.04	0.005791537
144.06	0.005818531
144.08	0.005848408
144.1	0.005881152
144.12	0.005916674
144.14	0.005954878
144.16	0.005995554
144.18	0.00603839
144.2	0.006082988
144.22	0.00612886
144.24	0.006175508
144.26	0.006222353
144.28	0.006268843
144.3	0.006314608
144.32	0.006359422
144.34	0.006403168
144.36	0.006445815
144.38	0.00648731
144.4	0.00652753
144.42	0.006566268
144.44	0.006603251
144.46	0.006638208
144.48	0.006670869
144.5	0.006700944
144.52	0.006728161
144.54	0.006752342
144.56	0.006773358
144.58	0.00679116
144.6	0.006805742
144.62	0.006817074
144.64	0.006825077
144.66	0.006829666
144.68	0.006830785
144.7	0.006828423
144.72	0.006822577
144.74	0.006813273
144.76	0.006800612
144.78	0.006784707
144.8	0.006765703
144.82	0.006743785
144.84	0.006719156
144.86	0.006691979
144.88	0.006662327
144.9	0.00663028
144.92	0.006595937
144.94	0.006559439
144.96	0.006520993
144.98	0.00648087
145	0.006439414
145.02	0.006397023
145.04	0.006354134
145.06	0.00631126
145.08	0.006268887
145.1	0.006227398
145.12	0.0061871
145.14	0.006148181
145.16	0.006110773
145.18	0.006074971
145.2	0.006040873
145.22	0.006008629
145.24	0.005978445
145.26	0.00595056
145.28	0.005925259
145.3	0.005902872
145.32	0.005883675
145.34	0.00586786
145.36	0.005855528
145.38	0.005846677
145.4	0.005841223
145.42	0.005839048
145.44	0.005840027
145.46	0.005844064
145.48	0.005851063
145.5	0.005860919