0	0
0.02	1.32527E-11
0.04	9.71033E-11
0.06	3.21834E-10
0.08	7.57338E-10
0.1	1.47302E-09
0.12	2.53717E-09
0.14	4.01328E-09
0.16	5.94701E-09
0.18	8.34781E-09
0.2	1.1197E-08
0.22	1.44829E-08
0.24	1.81988E-08
0.26	2.23309E-08
0.28	2.68693E-08
0.3	3.18009E-08
0.32	3.71143E-08
0.34	4.27962E-08
0.36	4.8834E-08
0.38	5.52144E-08
0.4	6.19238E-08
0.42	6.8947E-08
0.44	7.62701E-08
0.46	8.38779E-08
0.48	9.17541E-08
0.5	9.98824E-08
0.52	1.08247E-07
0.54	1.16832E-07
0.56	1.25619E-07
0.58	1.3459E-07
0.6	1.43727E-07
0.62	1.53015E-07
0.64	1.62433E-07
0.66	1.71959E-07
0.68	1.81569E-07
0.7	1.91245E-07
0.72	2.00964E-07
0.74	2.10701E-07
0.76	2.2042E-07
0.78	2.30065E-07
0.8	2.39568E-07
0.82	2.48848E-07
0.84	2.57834E-07
0.86	2.66469E-07
0.88	2.74705E-07
0.9	2.82494E-07
0.92	2.89793E-07
0.94	2.96574E-07
0.96	3.02815E-07
0.98	3.08494E-07
1	3.13595E-07
1.02	3.18113E-07
1.04	3.22057E-07
1.06	3.25456E-07
1.08	3.28355E-07
1.1	3.30804E-07
1.12	3.32851E-07
1.14	3.34535E-07
1.16	3.35886E-07
1.18	3.3694E-07
1.2	3.37728E-07
1.22	3.38279E-07
1.24	3.38614E-07
1.26	3.38756E-07
1.28	3.3873E-07
1.3	3.38557E-07
1.32	3.38253E-07
1.34	3.37838E-07
1.36	3.37328E-07
1.38	3.36739E-07
1.4	3.36085E-07
1.42	3.35382E-07
1.44	3.34639E-07
1.46	3.3387E-07
1.48	3.33085E-07
1.5	3.32294E-07
1.52	3.31507E-07
1.54	3.30732E-07
1.56	3.29982E-07
1.58	3.29265E-07
1.6	3.28591E-07
1.62	3.27964E-07
1.64	3.274E-07
1.66	3.26921E-07
1.68	3.26557E-07
1.7	3.26335E-07
1.72	3.2628E-07
1.74	3.26401E-07
1.76	3.26698E-07
1.78	3.2716E-07
1.8	3.27767E-07
1.82	3.28499E-07
1.84	3.29324E-07
1.86	3.30206E-07
1.88	3.31105E-07
1.9	3.3198E-07
1.92	3.32784E-07
1.94	3.33454E-07
1.96	3.33922E-07
1.98	3.3412E-07
2	3.3399E-07
2.02	3.33479E-07
2.04	3.32547E-07
2.06	3.31159E-07
2.08	3.29285E-07
2.1	3.26898E-07
2.12	3.23978E-07
2.14	3.20508E-07
2.16	3.16473E-07
2.18	3.11859E-07
2.2	3.06654E-07
2.22	3.00848E-07
2.24	2.94436E-07
2.26	2.8741E-07
2.28	2.79764E-07
2.3	2.71494E-07
2.32	2.62598E-07
2.34	2.53073E-07
2.36	2.42918E-07
2.38	2.32134E-07
2.4	2.20719E-07
2.42	2.08673E-07
2.44	1.95996E-07
2.46	1.82688E-07
2.48	1.6875E-07
2.5	1.54182E-07
2.52	1.38984E-07
2.54	1.23153E-07
2.56	1.06679E-07
2.58	8.95537E-08
2.6	7.1776E-08
2.62	5.33532E-08
2.64	3.43021E-08
2.66	1.46449E-08
2.68	-5.59074E-09
2.7	-2.63735E-08
2.72	-4.76711E-08
2.74	-6.94512E-08
2.76	-9.16821E-08
2.78	-1.14333E-07
2.8	-1.37373E-07
2.82	-1.6077E-07
2.84	-1.84494E-07
2.86	-2.08513E-07
2.88	-2.32808E-07
2.9	-2.57369E-07
2.92	-2.82201E-07
2.94	-3.07312E-07
2.96	-3.32716E-07
2.98	-3.58433E-07
3	-3.84486E-07
3.02	-4.10899E-07
3.04	-4.37699E-07
3.06	-4.64913E-07
3.08	-4.92567E-07
3.1	-5.20688E-07
3.12	-5.49305E-07
3.14	-5.78446E-07
3.16	-6.08139E-07
3.18	-6.38409E-07
3.2	-6.69285E-07
3.22	-7.00793E-07
3.24	-7.3296E-07
3.26	-7.65812E-07
3.28	-7.99374E-07
3.3	-8.3367E-07
3.32	-8.68722E-07
3.34	-9.04554E-07
3.36	-9.41188E-07
3.38	-9.78646E-07
3.4	-1.01695E-06
3.42	-1.05611E-06
3.44	-1.09616E-06
3.46	-1.1371E-06
3.48	-1.17895E-06
3.5	-1.22174E-06
3.52	-1.26549E-06
3.54	-1.31025E-06
3.56	-1.35604E-06
3.58	-1.40291E-06
3.6	-1.45087E-06
3.62	-1.49997E-06
3.64	-1.55023E-06
3.66	-1.60167E-06
3.68	-1.6543E-06
3.7	-1.70815E-06
3.72	-1.76323E-06
3.74	-1.81955E-06
3.76	-1.87711E-06
3.78	-1.9359E-06
3.8	-1.99591E-06
3.82	-2.05713E-06
3.84	-2.11951E-06
3.86	-2.18306E-06
3.88	-2.24773E-06
3.9	-2.31351E-06
3.92	-2.38038E-06
3.94	-2.44831E-06
3.96	-2.5173E-06
3.98	-2.58732E-06
4	-2.65838E-06
4.02	-2.73045E-06
4.04	-2.80352E-06
4.06	-2.87761E-06
4.08	-2.95268E-06
4.1	-3.02876E-06
4.12	-3.10583E-06
4.14	-3.1839E-06
4.16	-3.26296E-06
4.18	-3.34303E-06
4.2	-3.4241E-06
4.22	-3.50619E-06
4.24	-3.58929E-06
4.26	-3.67343E-06
4.28	-3.75861E-06
4.3	-3.84483E-06
4.32	-3.93212E-06
4.34	-4.02048E-06
4.36	-4.10993E-06
4.38	-4.20046E-06
4.4	-4.2921E-06
4.42	-4.38484E-06
4.44	-4.47869E-06
4.46	-4.57364E-06
4.48	-4.66972E-06
4.5	-4.76692E-06
4.52	-4.86527E-06
4.54	-4.96479E-06
4.56	-5.06549E-06
4.58	-5.1674E-06
4.6	-5.27055E-06
4.62	-5.37497E-06
4.64	-5.48069E-06
4.66	-5.58774E-06
4.68	-5.69616E-06
4.7	-5.806E-06
4.72	-5.9173E-06
4.74	-6.03009E-06
4.76	-6.14441E-06
4.78	-6.26029E-06
4.8	-6.37776E-06
4.82	-6.49683E-06
4.84	-6.61753E-06
4.86	-6.73987E-06
4.88	-6.86386E-06
4.9	-6.98951E-06
4.92	-7.11682E-06
4.94	-7.24581E-06
4.96	-7.37647E-06
4.98	-7.5088E-06
5	-7.6428E-06
5.02	-7.77848E-06
5.04	-7.91582E-06
5.06	-8.05483E-06
5.08	-8.19549E-06
5.1	-8.33781E-06
5.12	-8.48178E-06
5.14	-8.62739E-06
5.16	-8.77463E-06
5.18	-8.92351E-06
5.2	-9.074E-06
5.22	-9.22612E-06
5.24	-9.37984E-06
5.26	-9.53517E-06
5.28	-9.69211E-06
5.3	-9.85065E-06
5.32	-1.00108E-05
5.34	-1.01726E-05
5.36	-1.03359E-05
5.38	-1.05008E-05
5.4	-1.06674E-05
5.42	-1.08355E-05
5.44	-1.10051E-05
5.46	-1.11763E-05
5.48	-1.1349E-05
5.5	-1.15233E-05
5.52	-1.1699E-05
5.54	-1.18762E-05
5.56	-1.20549E-05
5.58	-1.22351E-05
5.6	-1.24166E-05
5.62	-1.25997E-05
5.64	-1.27841E-05
5.66	-1.297E-05
5.68	-1.31572E-05
5.7	-1.3346E-05
5.72	-1.35362E-05
5.74	-1.37278E-05
5.76	-1.39209E-05
5.78	-1.41155E-05
5.8	-1.43116E-05
5.82	-1.45093E-05
5.84	-1.47085E-05
5.86	-1.49092E-05
5.88	-1.51115E-05
5.9	-1.53154E-05
5.92	-1.55209E-05
5.94	-1.5728E-05
5.96	-1.59367E-05
5.98	-1.61471E-05
6	-1.63591E-05
6.02	-1.65727E-05
6.04	-1.6788E-05
6.06	-1.7005E-05
6.08	-1.72236E-05
6.1	-1.74439E-05
6.12	-1.76658E-05
6.14	-1.78894E-05
6.16	-1.81147E-05
6.18	-1.83416E-05
6.2	-1.85701E-05
6.22	-1.88003E-05
6.24	-1.90322E-05
6.26	-1.92656E-05
6.28	-1.95007E-05
6.3	-1.97373E-05
6.32	-1.99756E-05
6.34	-2.02156E-05
6.36	-2.04571E-05
6.38	-2.07002E-05
6.4	-2.09449E-05
6.42	-2.11912E-05
6.44	-2.1439E-05
6.46	-2.16884E-05
6.48	-2.19393E-05
6.5	-2.21917E-05
6.52	-2.24457E-05
6.54	-2.2701E-05
6.56	-2.29578E-05
6.58	-2.3216E-05
6.6	-2.34755E-05
6.62	-2.37364E-05
6.64	-2.39985E-05
6.66	-2.42618E-05
6.68	-2.45264E-05
6.7	-2.47921E-05
6.72	-2.5059E-05
6.74	-2.53269E-05
6.76	-2.5596E-05
6.78	-2.58661E-05
6.8	-2.61371E-05
6.82	-2.64092E-05
6.84	-2.66822E-05
6.86	-2.69562E-05
6.88	-2.7231E-05
6.9	-2.75068E-05
6.92	-2.77834E-05
6.94	-2.80608E-05
6.96	-2.8339E-05
6.98	-2.86181E-05
7	-2.88979E-05
7.02	-2.91784E-05
7.04	-2.94597E-05
7.06	-2.97416E-05
7.08	-3.00242E-05
7.1	-3.03075E-05
7.12	-3.05915E-05
7.14	-3.0876E-05
7.16	-3.11611E-05
7.18	-3.14467E-05
7.2	-3.17329E-05
7.22	-3.20195E-05
7.24	-3.23066E-05
7.26	-3.25941E-05
7.28	-3.2882E-05
7.3	-3.31703E-05
7.32	-3.34589E-05
7.34	-3.37478E-05
7.36	-3.40369E-05
7.38	-3.43264E-05
7.4	-3.4616E-05
7.42	-3.49058E-05
7.44	-3.51958E-05
7.46	-3.5486E-05
7.48	-3.57762E-05
7.5	-3.60666E-05
7.52	-3.63569E-05
7.54	-3.66473E-05
7.56	-3.69376E-05
7.58	-3.72279E-05
7.6	-3.7518E-05
7.62	-3.78079E-05
7.64	-3.80976E-05
7.66	-3.83871E-05
7.68	-3.86761E-05
7.7	-3.89648E-05
7.72	-3.9253E-05
7.74	-3.95406E-05
7.76	-3.98277E-05
7.78	-4.01141E-05
7.8	-4.03998E-05
7.82	-4.06846E-05
7.84	-4.09686E-05
7.86	-4.12516E-05
7.88	-4.15336E-05
7.9	-4.18146E-05
7.92	-4.20943E-05
7.94	-4.23729E-05
7.96	-4.26501E-05
7.98	-4.29259E-05
8	-4.32003E-05
8.02	-4.34731E-05
8.04	-4.37444E-05
8.06	-4.40139E-05
8.08	-4.42817E-05
8.1	-4.45477E-05
8.12	-4.48118E-05
8.14	-4.50738E-05
8.16	-4.53339E-05
8.18	-4.55917E-05
8.2	-4.58474E-05
8.22	-4.61007E-05
8.24	-4.63517E-05
8.26	-4.66001E-05
8.28	-4.6846E-05
8.3	-4.70892E-05
8.32	-4.73297E-05
8.34	-4.75674E-05
8.36	-4.78021E-05
8.38	-4.80338E-05
8.4	-4.82624E-05
8.42	-4.84879E-05
8.44	-4.87101E-05
8.46	-4.89289E-05
8.48	-4.91443E-05
8.5	-4.93562E-05
8.52	-4.95645E-05
8.54	-4.97691E-05
8.56	-4.997E-05
8.58	-5.0167E-05
8.6	-5.036E-05
8.62	-5.05491E-05
8.64	-5.0734E-05
8.66	-5.09147E-05
8.68	-5.10912E-05
8.7	-5.12632E-05
8.72	-5.14307E-05
8.74	-5.15936E-05
8.76	-5.17519E-05
8.78	-5.19053E-05
8.8	-5.20538E-05
8.82	-5.21973E-05
8.84	-5.23357E-05
8.86	-5.24688E-05
8.88	-5.25966E-05
8.9	-5.27189E-05
8.92	-5.28356E-05
8.94	-5.29465E-05
8.96	-5.30517E-05
8.98	-5.31508E-05
9	-5.32439E-05
9.02	-5.33307E-05
9.04	-5.34112E-05
9.06	-5.34852E-05
9.08	-5.35526E-05
9.1	-5.36133E-05
9.12	-5.36671E-05
9.14	-5.37139E-05
9.16	-5.37536E-05
9.18	-5.3786E-05
9.2	-5.3811E-05
9.22	-5.38284E-05
9.24	-5.38381E-05
9.26	-5.384E-05
9.28	-5.38339E-05
9.3	-5.38197E-05
9.32	-5.37971E-05
9.34	-5.37661E-05
9.36	-5.37265E-05
9.38	-5.36781E-05
9.4	-5.36209E-05
9.42	-5.35545E-05
9.44	-5.34789E-05
9.46	-5.33938E-05
9.48	-5.32993E-05
9.5	-5.3195E-05
9.52	-5.30808E-05
9.54	-5.29566E-05
9.56	-5.28222E-05
9.58	-5.26775E-05
9.6	-5.25222E-05
9.62	-5.23563E-05
9.64	-5.21795E-05
9.66	-5.19917E-05
9.68	-5.17928E-05
9.7	-5.15826E-05
9.72	-5.13609E-05
9.74	-5.11276E-05
9.76	-5.08824E-05
9.78	-5.06253E-05
9.8	-5.03561E-05
9.82	-5.00746E-05
9.84	-4.97806E-05
9.86	-4.9474E-05
9.88	-4.91546E-05
9.9	-4.88222E-05
9.92	-4.84767E-05
9.94	-4.81178E-05
9.96	-4.77455E-05
9.98	-4.73595E-05
10	-4.69596E-05
10.02	-4.65456E-05
10.04	-4.61175E-05
10.06	-4.56749E-05
10.08	-4.52178E-05
10.1	-4.47459E-05
10.12	-4.4259E-05
10.14	-4.3757E-05
10.16	-4.32397E-05
10.18	-4.27069E-05
10.2	-4.21583E-05
10.22	-4.15939E-05
10.24	-4.10134E-05
10.26	-4.04166E-05
10.28	-3.98034E-05
10.3	-3.91735E-05
10.32	-3.85268E-05
10.34	-3.7863E-05
10.36	-3.71819E-05
10.38	-3.64834E-05
10.4	-3.57671E-05
10.42	-3.50331E-05
10.44	-3.42809E-05
10.46	-3.35104E-05
10.48	-3.27214E-05
10.5	-3.19136E-05
10.52	-3.1087E-05
10.54	-3.02411E-05
10.56	-2.93759E-05
10.58	-2.84911E-05
10.6	-2.75865E-05
10.62	-2.66619E-05
10.64	-2.57171E-05
10.66	-2.47517E-05
10.68	-2.37657E-05
10.7	-2.27589E-05
10.72	-2.17309E-05
10.74	-2.06815E-05
10.76	-1.96107E-05
10.78	-1.85181E-05
10.8	-1.74035E-05
10.82	-1.62667E-05
10.84	-1.51075E-05
10.86	-1.39258E-05
10.88	-1.27211E-05
10.9	-1.14935E-05
10.92	-1.02425E-05
10.94	-8.96813E-06
10.96	-7.67002E-06
10.98	-6.34801E-06
11	-5.00188E-06
11.02	-3.6314E-06
11.04	-2.23636E-06
11.06	-8.16546E-07
11.08	6.28257E-07
11.1	2.09827E-06
11.12	3.59369E-06
11.14	5.11475E-06
11.16	6.66166E-06
11.18	8.23462E-06
11.2	9.83384E-06
11.22	1.14595E-05
11.24	1.31119E-05
11.26	1.47912E-05
11.28	1.64975E-05
11.3	1.82312E-05
11.32	1.99924E-05
11.34	2.17812E-05
11.36	2.3598E-05
11.38	2.54429E-05
11.4	2.73161E-05
11.42	2.92179E-05
11.44	3.11484E-05
11.46	3.31078E-05
11.48	3.50963E-05
11.5	3.71142E-05
11.52	3.91617E-05
11.54	4.12388E-05
11.56	4.3346E-05
11.58	4.54832E-05
11.6	4.76509E-05
11.62	4.98491E-05
11.64	5.2078E-05
11.66	5.43379E-05
11.68	5.66289E-05
11.7	5.89513E-05
11.72	6.13053E-05
11.74	6.3691E-05
11.76	6.61086E-05
11.78	6.85583E-05
11.8	7.10403E-05
11.82	7.35549E-05
11.84	7.61021E-05
11.86	7.86821E-05
11.88	8.12953E-05
11.9	8.39416E-05
11.92	8.66213E-05
11.94	8.93346E-05
11.96	9.20817E-05
11.98	9.48626E-05
12	9.76777E-05
12.02	0.000100527
12.04	0.000103411
12.06	0.000106329
12.08	0.000109282
12.1	0.00011227
12.12	0.000115293
12.14	0.000118351
12.16	0.000121444
12.18	0.000124573
12.2	0.000127737
12.22	0.000130937
12.24	0.000134174
12.26	0.000137446
12.28	0.000140754
12.3	0.000144098
12.32	0.000147479
12.34	0.000150896
12.36	0.00015435
12.38	0.000157841
12.4	0.000161368
12.42	0.000164932
12.44	0.000168533
12.46	0.000172171
12.48	0.000175846
12.5	0.000179559
12.52	0.000183308
12.54	0.000187095
12.56	0.000190919
12.58	0.000194781
12.6	0.00019868
12.62	0.000202617
12.64	0.000206591
12.66	0.000210603
12.68	0.000214652
12.7	0.000218739
12.72	0.000222864
12.74	0.000227027
12.76	0.000231227
12.78	0.000235465
12.8	0.00023974
12.82	0.000244054
12.84	0.000248405
12.86	0.000252793
12.88	0.000257219
12.9	0.000261683
12.92	0.000266185
12.94	0.000270724
12.96	0.0002753
12.98	0.000279914
13	0.000284565
13.02	0.000289254
13.04	0.00029398
13.06	0.000298743
13.08	0.000303542
13.1	0.000308379
13.12	0.000313253
13.14	0.000318163
13.16	0.00032311
13.18	0.000328093
13.2	0.000333113
13.22	0.000338169
13.24	0.000343261
13.26	0.000348389
13.28	0.000353552
13.3	0.000358751
13.32	0.000363985
13.34	0.000369255
13.36	0.000374559
13.38	0.000379898
13.4	0.000385272
13.42	0.00039068
13.44	0.000396121
13.46	0.000401597
13.48	0.000407106
13.5	0.000412648
13.52	0.000418223
13.54	0.000423831
13.56	0.000429471
13.58	0.000435143
13.6	0.000440846
13.62	0.000446581
13.64	0.000452347
13.66	0.000458143
13.68	0.00046397
13.7	0.000469826
13.72	0.000475712
13.74	0.000481626
13.76	0.00048757
13.78	0.000493541
13.8	0.00049954
13.82	0.000505566
13.84	0.000511619
13.86	0.000517698
13.88	0.000523803
13.9	0.000529933
13.92	0.000536088
13.94	0.000542267
13.96	0.00054847
13.98	0.000554695
14	0.000560943
14.02	0.000567213
14.04	0.000573504
14.06	0.000579816
14.08	0.000586148
14.1	0.000592499
14.12	0.000598869
14.14	0.000605256
14.16	0.000611661
14.18	0.000618082
14.2	0.00062452
14.22	0.000630972
14.24	0.000637439
14.26	0.000643919
14.28	0.000650412
14.3	0.000656917
14.32	0.000663433
14.34	0.000669959
14.36	0.000676495
14.38	0.000683039
14.4	0.000689591
14.42	0.00069615
14.44	0.000702715
14.46	0.000709284
14.48	0.000715858
14.5	0.000722434
14.52	0.000729013
14.54	0.000735592
14.56	0.000742172
14.58	0.00074875
14.6	0.000755326
14.62	0.000761899
14.64	0.000768468
14.66	0.000775031
14.68	0.000781588
14.7	0.000788137
14.72	0.000794676
14.74	0.000801206
14.76	0.000807724
14.78	0.00081423
14.8	0.000820722
14.82	0.000827198
14.84	0.000833659
14.86	0.000840101
14.88	0.000846524
14.9	0.000852927
14.92	0.000859308
14.94	0.000865665
14.96	0.000871998
14.98	0.000878304
15	0.000885234
15.02	0.000893835
15.04	0.000900803
15.06	0.000908884
15.08	0.000914903
15.1	0.000922
15.12	0.00092622
15.14	0.000930308
15.16	0.000928346
15.18	0.000925201
15.2	0.000901158
15.22	0.000825465
15.24	0.00064947
15.26	0.000444873
15.28	0.000249224
15.3	0.000126423
15.32	0.00012609
15.34	0.000249943
15.36	0.000436271
15.38	0.000645305
15.4	0.000878056
15.42	0.001137838
15.44	0.001424782
15.46	0.001660921
15.48	0.001775305
15.5	0.001758834
15.52	0.001610632
15.54	0.001242202
15.56	0.000646654
15.58	-0.00022598
15.6	-0.001300215
15.62	-0.002428291
15.64	-0.003365091
15.66	-0.003975318
15.68	-0.004262125
15.7	-0.004324493
15.72	-0.004200446
15.74	-0.003767924
15.76	-0.002921943
15.78	-0.001742113
15.8	-0.000418232
15.82	0.001020013
15.84	0.002587706
15.86	0.004273718
15.88	0.005964913
15.9	0.007481391
15.92	0.00873688
15.94	0.009775808
15.96	0.010589984
15.98	0.011232405
16	0.011669567
16.02	0.011771907
16.04	0.011429435
16.06	0.010700467
16.08	0.009585085
16.1	0.00810841
16.12	0.006227012
16.14	0.003950442
16.16	0.001355954
16.18	-0.001383609
16.2	-0.004195583
16.22	-0.007035103
16.24	-0.00993807
16.26	-0.01291276
16.28	-0.015993691
16.3	-0.019100061
16.32	-0.022203289
16.34	-0.025167758
16.36	-0.028009298
16.38	-0.030654425
16.4	-0.032967795
16.42	-0.034858922
16.44	-0.036397421
16.46	-0.037585332
16.48	-0.038475256
16.5	-0.039035761
16.52	-0.039128833
16.54	-0.038612315
16.56	-0.037517316
16.58	-0.036208273
16.6	-0.034881948
16.62	-0.033711566
16.64	-0.032806103
16.66	-0.032229407
16.68	-0.032032802
16.7	-0.032248148
16.72	-0.03286196
16.74	-0.03384387
16.76	-0.035138265
16.78	-0.036407345
16.8	-0.037645816
16.82	-0.038868165
16.84	-0.039892422
16.86	-0.040320205
16.88	-0.039874249
16.9	-0.038627834
16.92	-0.036654973
16.94	-0.033962572
16.96	-0.030497456
16.98	-0.026069433
17	-0.020849183
17.02	-0.015073272
17.04	-0.008750317
17.06	-0.001873165
17.08	0.00557298
17.1	0.013394322
17.12	0.021279811
17.14	0.028905916
17.16	0.035892302
17.18	0.042072119
17.2	0.047320887
17.22	0.051556321
17.24	0.054443676
17.26	0.055565117
17.28	0.054513395
17.3	0.051244648
17.32	0.045816892
17.34	0.038218817
17.36	0.028812927
17.38	0.018614739
17.4	0.008392711
17.42	-0.000947568
17.44	-0.009258786
17.46	-0.016352053
17.48	-0.022268608
17.5	-0.026925396
17.52	-0.030457872
17.54	-0.033194751
17.56	-0.035366588
17.58	-0.037121658
17.6	-0.038438551
17.62	-0.039920299
17.64	-0.041819285
17.66	-0.043254741
17.68	-0.043931229
17.7	-0.043333041
17.72	-0.041304658
17.74	-0.037965926
17.76	-0.033366332
17.78	-0.027250834
17.8	-0.019097431
17.82	-0.009236545
17.84	0.001955771
17.86	0.01405837
17.88	0.026651718
17.9	0.039268873
17.92	0.051490955
17.94	0.063179786
17.96	0.074530922
17.98	0.085531083
18	0.096274295
18.02	0.106613338
18.04	0.116446526
18.06	0.125407071
18.08	0.133517021
18.1	0.141041732
18.12	0.148108727
18.14	0.154543926
18.16	0.160199992
18.18	0.164557915
18.2	0.167340271
18.22	0.168344627
18.24	0.167940238
18.26	0.166402952
18.28	0.164051243
18.3	0.160798733
18.32	0.156711474
18.34	0.151666233
18.36	0.145681179
18.38	0.139143774
18.4	0.132045726
18.42	0.124453323
18.44	0.116571865
18.46	0.108337166
18.48	0.099874164
18.5	0.090930721
18.52	0.081418294
18.54	0.071269228
18.56	0.061009763
18.58	0.05116009
18.6	0.041846524
18.62	0.033123479
18.64	0.025128612
18.66	0.017963734
18.68	0.012001402
18.7	0.007347819
18.72	0.003833161
18.74	0.001402252
18.76	0.0001368
18.78	0.000102167
18.8	0.001357663
18.82	0.003874434
18.84	0.007503318
18.86	0.01130585
18.88	0.015057796
18.9	0.018789667
18.92	0.022523605
18.94	0.026208261
18.96	0.029622057
18.98	0.032592426
19	0.035047309
19.02	0.037037484
19.04	0.03857993
19.06	0.039481974
19.08	0.039370838
19.1	0.03832895
19.12	0.036290051
19.14	0.033154512
19.16	0.028805681
19.18	0.023129825
19.2	0.016255267
19.22	0.008713954
19.24	0.000634689
19.26	-0.007679592
19.28	-0.016107481
19.3	-0.024427986
19.32	-0.032662871
19.34	-0.040732723
19.36	-0.048726045
19.38	-0.056476934
19.4	-0.064167119
19.42	-0.072041754
19.44	-0.080311019
19.46	-0.088698776
19.48	-0.097287833
19.5	-0.106006849
19.52	-0.114745938
19.54	-0.123208363
19.56	-0.131190995
19.58	-0.138067984
19.6	-0.143734208
19.62	-0.148188049
19.64	-0.151473122
19.66	-0.15332136
19.68	-0.153514295
19.7	-0.151894571
19.72	-0.148519128
19.74	-0.143408703
19.76	-0.136598688
19.78	-0.128394897
19.8	-0.11979863
19.82	-0.111619555
19.84	-0.104223752
19.86	-0.097943724
19.88	-0.092611507
19.9	-0.087870338
19.92	-0.08332476
19.94	-0.079307479
19.96	-0.076059534
19.98	-0.073888756
20	-0.072811836
20.02	-0.072901679
20.04	-0.07353377
20.06	-0.074980075
20.08	-0.076478502
20.1	-0.077660852
20.12	-0.07849465
20.14	-0.079051379
20.16	-0.079006142
20.18	-0.078009954
20.2	-0.075670059
20.22	-0.072098976
20.24	-0.067376038
20.26	-0.061961199
20.28	-0.05584717
20.3	-0.049126725
20.32	-0.041878291
20.34	-0.034159638
20.36	-0.025702719
20.38	-0.016476057
20.4	-0.006451213
20.42	0.004339139
20.44	0.015803681
20.46	0.027551081
20.48	0.039070574
20.5	0.050323071
20.52	0.061716707
20.54	0.073043433
20.56	0.084117827
20.58	0.094577844
20.6	0.104038975
20.62	0.112243896
20.64	0.11902833
20.66	0.124220004
20.68	0.127787889
20.7	0.12985541
20.72	0.130650725
20.74	0.130163712
20.76	0.128194069
20.78	0.124610268
20.8	0.119477314
20.82	0.113452196
20.84	0.106864568
20.86	0.099738377
20.88	0.092159325
20.9	0.084287945
20.92	0.076093542
20.94	0.067495153
20.96	0.058452896
20.98	0.049179753
21	0.039954742
21.02	0.031110078
21.04	0.022904172
21.06	0.015487044
21.08	0.008788025
21.1	0.002778948
21.12	-0.002499667
21.14	-0.006911092
21.16	-0.010453551
21.18	-0.013204263
21.2	-0.01523681
21.22	-0.01638989
21.24	-0.016507262
21.26	-0.015511174
21.28	-0.013421647
21.3	-0.01075775
21.32	-0.007748614
21.34	-0.004282971
21.36	-0.000365816
21.38	0.003860118
21.4	0.008098006
21.42	0.012038948
21.44	0.015439435
21.46	0.018240175
21.48	0.020469776
21.5	0.022151205
21.52	0.023203103
21.54	0.023456828
21.56	0.022848655
21.58	0.021338107
21.6	0.019199403
21.62	0.016988733
21.64	0.014825293
21.66	0.01284382
21.68	0.011214464
21.7	0.010047785
21.72	0.009366858
21.74	0.009091562
21.76	0.009250198
21.78	0.009941601
21.8	0.011220517
21.82	0.012935713
21.84	0.014892214
21.86	0.01711182
21.88	0.019521628
21.9	0.022065091
21.92	0.024712741
21.94	0.027404109
21.96	0.030014103
21.98	0.032457478
22	0.034589951
22.02	0.036208458
22.04	0.037161489
22.06	0.037338802
22.08	0.036667318
22.1	0.035388759
22.12	0.033872569
22.14	0.032404681
22.16	0.031185192
22.18	0.030349406
22.2	0.029898048
22.22	0.029871312
22.24	0.030275598
22.26	0.031116862
22.28	0.032305041
22.3	0.033433435
22.32	0.034260667
22.34	0.034624929
22.36	0.034376368
22.38	0.033485307
22.4	0.031967009
22.42	0.029870435
22.44	0.027319049
22.46	0.024450507
22.48	0.021403928
22.5	0.018171188
22.52	0.014722339
22.54	0.011125827
22.56	0.007522428
22.58	0.00398424
22.6	0.000652532
22.62	-0.002503378
22.64	-0.005578022
22.66	-0.008733766
22.68	-0.01203944
22.7	-0.015477941
22.72	-0.018867471
22.74	-0.022088205
22.76	-0.024963431
22.78	-0.027500707
22.8	-0.029714276
22.82	-0.03181526
22.84	-0.034036291
22.86	-0.036686997
22.88	-0.039727331
22.9	-0.043123503
22.92	-0.046778085
22.94	-0.050790599
22.96	-0.055230137
22.98	-0.060043741
23	-0.065095635
23.02	-0.07038189
23.04	-0.075725804
23.06	-0.080999053
23.08	-0.085926659
23.1	-0.090315894
23.12	-0.093948131
23.14	-0.096878304
23.16	-0.09893587
23.18	-0.100021952
23.2	-0.100162043
23.22	-0.099370289
23.24	-0.097402887
23.26	-0.094257393
23.28	-0.08988178
23.3	-0.085076003
23.32	-0.079986814
23.34	-0.074586474
23.36	-0.068751903
23.38	-0.06235916
23.4	-0.055303248
23.42	-0.047630172
23.44	-0.039374242
23.46	-0.030740621
23.48	-0.021907696
23.5	-0.013134306
23.52	-0.004554033
23.54	0.003640065
23.56	0.011414347
23.58	0.018557127
23.6	0.024955315
23.62	0.030460404
23.64	0.035125858
23.66	0.038961589
23.68	0.041995954
23.7	0.044100638
23.72	0.045365387
23.74	0.045858981
23.76	0.045924804
23.78	0.045932476
23.8	0.046083817
23.82	0.046149122
23.84	0.046214176
23.86	0.046281786
23.88	0.046440113
23.9	0.046415138
23.92	0.046266016
23.94	0.045909421
23.96	0.045516797
23.98	0.045097578
24	0.044724293
24.02	0.044355436
24.04	0.044047119
24.06	0.043661604
24.08	0.043195896
24.1	0.042498974
24.12	0.041576837
24.14	0.040281777
24.16	0.038734952
24.18	0.037016026
24.2	0.035752879
24.22	0.035027128
24.24	0.034905681
24.26	0.035236551
24.28	0.036201634
24.3	0.037843295
24.32	0.040198413
24.34	0.043304417
24.36	0.046705692
24.38	0.049781172
24.4	0.052210579
24.42	0.053584519
24.44	0.053696534
24.46	0.052579431
24.48	0.05063001
24.5	0.048026387
24.52	0.044934582
24.54	0.041590233
24.56	0.038305302
24.58	0.035560611
24.6	0.03343069
24.62	0.031978688
24.64	0.031147255
24.66	0.03070879
24.68	0.03054945
24.7	0.030481495
24.72	0.030088793
24.74	0.028822442
24.76	0.027025098
24.78	0.024886827
24.8	0.022404047
24.82	0.019987913
24.84	0.017855711
24.86	0.016109085
24.88	0.014729658
24.9	0.013718052
24.92	0.013127749
24.94	0.01299922
24.96	0.013317185
24.98	0.013993332
25	0.014779253
25.02	0.01532531
25.04	0.015364447
25.06	0.014621333
25.08	0.012838189
25.1	0.010158894
25.12	0.006818989
25.14	0.003052308
25.16	-0.00091671
25.18	-0.004810038
25.2	-0.008443605
25.22	-0.011836138
25.24	-0.015125183
25.26	-0.01844316
25.28	-0.021815068
25.3	-0.025013314
25.32	-0.027763525
25.34	-0.029982089
25.36	-0.031752912
25.38	-0.03318605
25.4	-0.034622069
25.42	-0.036074018
25.44	-0.037550076
25.46	-0.039066104
25.48	-0.040730792
25.5	-0.042599564
25.52	-0.044783717
25.54	-0.047297625
25.56	-0.050080114
25.58	-0.05298433
25.6	-0.055897539
25.62	-0.058716517
25.64	-0.061270534
25.66	-0.06334911
25.68	-0.064926893
25.7	-0.066013895
25.72	-0.066707606
25.74	-0.066926726
25.76	-0.066564728
25.78	-0.065395989
25.8	-0.06328778
25.82	-0.060319581
25.84	-0.056944185
25.86	-0.05315358
25.88	-0.048989763
25.9	-0.044378645
25.92	-0.039311607
25.94	-0.033719191
25.96	-0.027612747
25.98	-0.021037849
26	-0.014117853
26.02	-0.006939946
26.04	0.000301771
26.06	0.007590264
26.08	0.014849315
26.1	0.022030705
26.12	0.029019137
26.14	0.035584933
26.16	0.041359819
26.18	0.046147104
26.2	0.049738628
26.22	0.052194731
26.24	0.053635271
26.26	0.054239218
26.28	0.054125396
26.3	0.053408188
26.32	0.05198573
26.34	0.049880799
26.36	0.047507892
26.38	0.044889214
26.4	0.041928567
26.42	0.038747622
26.44	0.03541844
26.46	0.031975908
26.48	0.02843838
26.5	0.024874785
26.52	0.021419331
26.54	0.018221152
26.56	0.01536305
26.58	0.013063943
26.6	0.011504983
26.62	0.010801255
26.64	0.011014092
26.66	0.012196345
26.68	0.014294619
26.7	0.017194433
26.72	0.020581558
26.74	0.02421958
26.76	0.027980206
26.78	0.031735731
26.8	0.035344206
26.82	0.038663028
26.84	0.041447497
26.86	0.043468468
26.88	0.044603667
26.9	0.044749115
26.92	0.043793372
26.94	0.041656349
26.96	0.038209691
26.98	0.033444846
27	0.027587248
27.02	0.020739816
27.04	0.012870667
27.06	0.003994605
27.08	-0.005658213
27.1	-0.015665195
27.12	-0.025650445
27.14	-0.035250972
27.16	-0.044318641
27.18	-0.052710331
27.2	-0.060223237
27.22	-0.066574667
27.24	-0.07161723
27.26	-0.075230565
27.28	-0.077257864
27.3	-0.07754825
27.32	-0.075974162
27.34	-0.072384044
27.36	-0.06692658
27.38	-0.060490494
27.4	-0.053241298
27.42	-0.045244001
27.44	-0.036552525
27.46	-0.027228366
27.48	-0.017491772
27.5	-0.007497721
27.52	0.002557729
27.54	0.012526322
27.56	0.022284998
27.58	0.031691882
27.6	0.040498317
27.62	0.048445508
27.64	0.055364085
27.66	0.061270592
27.68	0.066107014
27.7	0.069770667
27.72	0.072152528
27.74	0.073331913
27.76	0.073394487
27.78	0.072394182
27.8	0.070408709
27.82	0.067445471
27.84	0.064001702
27.86	0.060303308
27.88	0.056483976
27.9	0.052608201
27.92	0.048704343
27.94	0.044900166
27.96	0.041379227
27.98	0.038306848
28	0.03574465
28.02	0.033676743
28.04	0.032098861
28.06	0.030885678
28.08	0.029945145
28.1	0.029186597
28.12	0.028563542
28.14	0.027968265
28.16	0.027134822
28.18	0.026205385
28.2	0.025249379
28.22	0.024303126
28.24	0.023378848
28.26	0.022349745
28.28	0.021134333
28.3	0.019554201
28.32	0.017528748
28.34	0.015019803
28.36	0.012062775
28.38	0.008896797
28.4	0.005740519
28.42	0.002609224
28.44	-0.000471848
28.46	-0.003427145
28.48	-0.006318593
28.5	-0.009177797
28.52	-0.012037573
28.54	-0.014851649
28.56	-0.01728771
28.58	-0.01906898
28.6	-0.020310686
28.62	-0.021165503
28.64	-0.022082458
28.66	-0.023126303
28.68	-0.024148051
28.7	-0.024976298
28.72	-0.025636644
28.74	-0.026034049
28.76	-0.026119954
28.78	-0.025925949
28.8	-0.025345734
28.82	-0.024299497
28.84	-0.022737354
28.86	-0.020699726
28.88	-0.018361888
28.9	-0.01577847
28.92	-0.01302733
28.94	-0.010200457
28.96	-0.007438969
28.98	-0.004848997
29	-0.002604255
29.02	-0.000801814
29.04	0.000730085
29.06	0.002145215
29.08	0.003613672
29.1	0.005143901
29.12	0.006668204
29.14	0.008125721
29.16	0.009497546
29.18	0.010792353
29.2	0.011767474
29.22	0.012412976
29.24	0.012631958
29.26	0.012428207
29.28	0.011904266
29.3	0.010876511
29.32	0.009383273
29.34	0.007583786
29.36	0.005741115
29.38	0.003752589
29.4	0.001498714
29.42	-0.001064873
29.44	-0.004101119
29.46	-0.007756376
29.48	-0.011991416
29.5	-0.016614953
29.52	-0.021477503
29.54	-0.026404583
29.56	-0.031231971
29.58	-0.035893029
29.6	-0.040343518
29.62	-0.044438781
29.64	-0.048045112
29.66	-0.05097943
29.68	-0.053166232
29.7	-0.054393878
29.72	-0.054630587
29.74	-0.054006576
29.76	-0.052330433
29.78	-0.049638078
29.8	-0.04629086
29.82	-0.042634498
29.84	-0.038718894
29.86	-0.034550448
29.88	-0.030240689
29.9	-0.025884609
29.92	-0.021645449
29.94	-0.017646464
29.96	-0.013963832
29.98	-0.010605127
30	-0.007589776
30.02	-0.004877956
30.04	-0.002443301
30.06	-0.000390984
30.08	0.001070543
30.1	0.001788225
30.12	0.001709351
30.14	0.000909352
30.16	-0.000371982
30.18	-0.001796676
30.2	-0.003237625
30.22	-0.004677968
30.24	-0.006003928
30.26	-0.007247847
30.28	-0.008387698
30.3	-0.009343817
30.32	-0.00994871
30.34	-0.010123361
30.36	-0.009920251
30.38	-0.009332156
30.4	-0.008204708
30.42	-0.006472906
30.44	-0.004093576
30.46	-0.001079399
30.48	0.00241278
30.5	0.006232787
30.52	0.010382066
30.54	0.014724005
30.56	0.019033144
30.58	0.023095834
30.6	0.026848973
30.62	0.030152597
30.64	0.032827708
30.66	0.034633933
30.68	0.035306089
30.7	0.034574353
30.72	0.032328182
30.74	0.0285883
30.76	0.023403029
30.78	0.017026354
30.8	0.009945824
30.82	0.002278559
30.84	-0.005755998
30.86	-0.013931011
30.88	-0.022085934
30.9	-0.030079288
30.92	-0.037760612
30.94	-0.044949501
30.96	-0.05140841
30.98	-0.056998644
31	-0.06161614
31.02	-0.065068597
31.04	-0.067189393
31.06	-0.067810001
31.08	-0.066833767
31.1	-0.064282421
31.12	-0.060307907
31.14	-0.054908108
31.16	-0.048323324
31.18	-0.040905694
31.2	-0.032743573
31.22	-0.024021592
31.24	-0.014944724
31.26	-0.005722641
31.28	0.003407193
31.3	0.012247769
31.32	0.020630635
31.34	0.028367919
31.36	0.035400634
31.38	0.04174345
31.4	0.047474161
31.42	0.052542813
31.44	0.056817318
31.46	0.060113361
31.48	0.062329706
31.5	0.06339444
31.52	0.06329381
31.54	0.061996488
31.56	0.059527826
31.58	0.056001459
31.6	0.051696871
31.62	0.046908988
31.64	0.041746739
31.66	0.036280296
31.68	0.030601982
31.7	0.024868859
31.72	0.019304403
31.74	0.014157085
31.76	0.009547398
31.78	0.005509039
31.8	0.002029405
31.82	-0.000814339
31.84	-0.002898094
31.86	-0.004178117
31.88	-0.004737628
31.9	-0.004501204
31.92	-0.003344694
31.94	-0.001329113
31.96	0.001332901
31.98	0.004308453
32	0.007374383
32.02	0.010391409
32.04	0.013318507
32.06	0.016039481
32.08	0.018323195
32.1	0.019885556
32.12	0.020523
32.14	0.020087205
32.16	0.018555802
32.18	0.01595866
32.2	0.012466647
32.22	0.008362242
32.24	0.004033702
32.26	-0.000327303
32.28	-0.004593569
32.3	-0.008730259
32.32	-0.012680547
32.34	-0.016460263
32.36	-0.019983955
32.38	-0.023156693
32.4	-0.025846678
32.42	-0.02798171
32.44	-0.029520265
32.46	-0.03047274
32.48	-0.030829666
32.5	-0.030591502
32.52	-0.029694147
32.54	-0.028125571
32.56	-0.025864664
32.58	-0.022861256
32.6	-0.019255954
32.62	-0.01503584
32.64	-0.010316284
32.66	-0.005236465
32.68	7.17218E-05
32.7	0.005500322
32.72	0.010945574
32.74	0.016282971
32.76	0.021420932
32.78	0.026238318
32.8	0.030674826
32.82	0.034634326
32.84	0.038008806
32.86	0.040543234
32.88	0.041990167
32.9	0.042232961
32.92	0.041325643
32.94	0.039396822
32.96	0.036631978
32.98	0.033304522
33	0.029555149
33.02	0.025586135
33.04	0.021530035
33.06	0.017456851
33.08	0.013412776
33.1	0.009512807
33.12	0.005787185
33.14	0.002232967
33.16	-0.001200381
33.18	-0.004594313
33.2	-0.008070627
33.22	-0.011624254
33.24	-0.015194437
33.26	-0.01863771
33.28	-0.021781556
33.3	-0.024453371
33.32	-0.026567616
33.34	-0.028118594
33.36	-0.029174534
33.38	-0.029715066
33.4	-0.029669072
33.42	-0.028988652
33.44	-0.027706644
33.46	-0.025817235
33.48	-0.023431336
33.5	-0.02089167
33.52	-0.018275431
33.54	-0.01568561
33.56	-0.013256139
33.58	-0.011034018
33.6	-0.009035123
33.62	-0.00725808
33.64	-0.005758101
33.66	-0.004631242
33.68	-0.003952967
33.7	-0.003749851
33.72	-0.004066146
33.74	-0.004878164
33.76	-0.006166566
33.78	-0.007774578
33.8	-0.00946055
33.82	-0.01095126
33.84	-0.012147353
33.86	-0.013010978
33.88	-0.013499774
33.9	-0.013423004
33.92	-0.012559981
33.94	-0.01077358
33.96	-0.008208943
33.98	-0.005220119
34	-0.002015487
34.02	0.001287011
34.04	0.004584737
34.06	0.007908838
34.08	0.011171129
34.1	0.014272291
34.12	0.017167547
34.14	0.019930232
34.16	0.022568606
34.18	0.025044914
34.2	0.027183853
34.22	0.028962493
34.24	0.030522054
34.26	0.031922362
34.28	0.033060637
34.3	0.033756966
34.32	0.033767059
34.34	0.03312727
34.36	0.03190142
34.38	0.030171868
34.4	0.027987894
34.42	0.025601654
34.44	0.023096857
34.46	0.020627465
34.48	0.018265864
34.5	0.016124027
34.52	0.014171943
34.54	0.01229063
34.56	0.010353703
34.58	0.008348986
34.6	0.006253598
34.62	0.004003219
34.64	0.001523583
34.66	-0.001172867
34.68	-0.004023922
34.7	-0.006930176
34.72	-0.009847522
34.74	-0.01267892
34.76	-0.015406272
34.78	-0.017899453
34.8	-0.019985204
34.82	-0.02149622
34.84	-0.022276565
34.86	-0.022237763
34.88	-0.021390768
34.9	-0.019835292
34.92	-0.017727473
34.94	-0.015205319
34.96	-0.012431857
34.98	-0.00958554
35	-0.006619825
35.02	-0.003449363
35.04	-6.12983E-05
35.06	0.003434676
35.08	0.006871755
35.1	0.010120857
35.12	0.013152079
35.14	0.016049955
35.16	0.018909227
35.18	0.021712699
35.2	0.024308625
35.22	0.026547756
35.24	0.028178998
35.26	0.029053436
35.28	0.029092565
35.3	0.028336884
35.32	0.026996871
35.34	0.025386611
35.36	0.023724513
35.38	0.022105512
35.4	0.020759644
35.42	0.019703583
35.44	0.018905331
35.46	0.018366287
35.48	0.018062076
35.5	0.018008706
35.52	0.018042661
35.54	0.017870511
35.56	0.017480926
35.58	0.016916333
35.6	0.016232159
35.62	0.0154675
35.64	0.014658561
35.66	0.013904627
35.68	0.01338371
35.7	0.013195434
35.72	0.013192958
35.74	0.013216739
35.76	0.0131585
35.78	0.012958803
35.8	0.012494446
35.82	0.011704226
35.84	0.010360647
35.86	0.00838611
35.88	0.005924042
35.9	0.003213303
35.92	0.000339014
35.94	-0.002668996
35.96	-0.005744593
35.98	-0.008819076
36	-0.011913037
36.02	-0.014928043
36.04	-0.017839635
36.06	-0.020791321
36.08	-0.023892016
36.1	-0.02721292
36.12	-0.030695383
36.14	-0.034335312
36.16	-0.038134466
36.18	-0.042006902
36.2	-0.045783568
36.22	-0.049228387
36.24	-0.052199068
36.26	-0.054625979
36.28	-0.05648096
36.3	-0.057633259
36.32	-0.05800288
36.34	-0.057566222
36.36	-0.056337114
36.38	-0.054366342
36.4	-0.051799632
36.42	-0.049025598
36.44	-0.046021829
36.46	-0.042732107
36.48	-0.039136305
36.5	-0.035207516
36.52	-0.030906557
36.54	-0.026173391
36.56	-0.020959843
36.58	-0.015289326
36.6	-0.009288253
36.62	-0.00317536
36.64	0.002773651
36.66	0.008346509
36.68	0.013328996
36.7	0.017577075
36.72	0.020960061
36.74	0.023425577
36.76	0.024971829
36.78	0.025649988
36.8	0.025487407
36.82	0.024474719
36.84	0.022611334
36.86	0.020194968
36.88	0.017785665
36.9	0.015527769
36.92	0.01352813
36.94	0.011863727
36.96	0.010614394
36.98	0.009775354
37	0.00931971
37.02	0.009158469
37.04	0.009184038
37.06	0.009335157
37.08	0.009610697
37.1	0.009886972
37.12	0.01013789
37.14	0.010387219
37.16	0.010642606
37.18	0.010911295
37.2	0.011304711
37.22	0.011757676
37.24	0.012217845
37.26	0.012503561
37.28	0.012470975
37.3	0.01205752
37.32	0.011298911
37.34	0.010193008
37.36	0.008748455
37.38	0.006936173
37.4	0.004756144
37.42	0.002348759
37.44	-0.000122013
37.46	-0.002541308
37.48	-0.004812429
37.5	-0.00689105
37.52	-0.00875449
37.54	-0.010369058
37.56	-0.011720837
37.58	-0.012783521
37.6	-0.013473407
37.62	-0.013603973
37.64	-0.013138406
37.66	-0.012158577
37.68	-0.01094367
37.7	-0.009647514
37.72	-0.008233387
37.74	-0.006558591
37.76	-0.004460754
37.78	-0.001829738
37.8	0.001321715
37.82	0.004914531
37.84	0.008805125
37.86	0.012930794
37.88	0.017224639
37.9	0.021589897
37.92	0.025903102
37.94	0.03006215
37.96	0.034008917
37.98	0.037665554
38	0.040943626
38.02	0.043768783
38.04	0.046127788
38.06	0.048126643
38.08	0.049935375
38.1	0.051590105
38.12	0.053034742
38.14	0.054134582
38.16	0.054749411
38.18	0.054879101
38.2	0.054566345
38.22	0.053718065
38.24	0.052289218
38.26	0.050238651
38.28	0.04754245
38.3	0.044296581
38.32	0.04071035
38.34	0.036858653
38.36	0.032862128
38.38	0.028868112
38.4	0.025064271
38.42	0.021640147
38.44	0.018741135
38.46	0.016436721
38.48	0.014722928
38.5	0.013539515
38.52	0.012919578
38.54	0.012857438
38.56	0.013338187
38.58	0.014326629
38.6	0.0155503
38.62	0.016645923
38.64	0.017531963
38.66	0.018132792
38.68	0.018394606
38.7	0.018289639
38.72	0.017853603
38.74	0.01711761
38.76	0.016124237
38.78	0.014874438
38.8	0.01340911
38.82	0.011714933
38.84	0.009811955
38.86	0.007815924
38.88	0.005879681
38.9	0.004111675
38.92	0.002538198
38.94	0.001192053
38.96	9.98824E-05
38.98	-0.00073776
39	-0.001324134
39.02	-0.001669942
39.04	-0.001763711
39.06	-0.00145569
39.08	-0.000682235
39.1	0.000385938
39.12	0.001754779
39.14	0.003342624
39.16	0.005097691
39.18	0.006995198
39.2	0.009031785
39.22	0.011130569
39.24	0.013171971
39.26	0.015100865
39.28	0.016850707
39.3	0.018387461
39.32	0.019721307
39.34	0.020816081
39.36	0.021569089
39.38	0.021839294
39.4	0.021489228
39.42	0.020383113
39.44	0.018405592
39.46	0.015528675
39.48	0.011889097
39.5	0.00779627
39.52	0.003707199
39.54	-0.000147035
39.56	-0.003662691
39.58	-0.006902769
39.6	-0.009947735
39.62	-0.012863471
39.64	-0.01571629
39.66	-0.018596036
39.68	-0.021544448
39.7	-0.024533874
39.72	-0.02737024
39.74	-0.029891692
39.76	-0.032611317
39.78	-0.035807909
39.8	-0.039546808
39.82	-0.043726069
39.84	-0.048164963
39.86	-0.052611288
39.88	-0.056853016
39.9	-0.060786561
39.92	-0.064333937
39.94	-0.067496201
39.96	-0.070296057
39.98	-0.072782575
40	-0.074938861
40.02	-0.076623827
40.04	-0.077570274
40.06	-0.077572875
40.08	-0.076667597
40.1	-0.07495597
40.12	-0.07268328
40.14	-0.070229424
40.16	-0.067658083
40.18	-0.065051804
40.2	-0.062520647
40.22	-0.060153721
40.24	-0.057998619
40.26	-0.056025785
40.28	-0.054227059
40.3	-0.052590665
40.32	-0.051116959
40.34	-0.049789842
40.36	-0.048559841
40.38	-0.047307858
40.4	-0.045907249
40.42	-0.044324443
40.44	-0.04257083
40.46	-0.040671058
40.48	-0.03860949
40.5	-0.036373131
40.52	-0.033937243
40.54	-0.031277298
40.56	-0.028362362
40.58	-0.025285207
40.6	-0.02225701
40.62	-0.019544023
40.64	-0.017387856
40.66	-0.015925909
40.68	-0.015120554
40.7	-0.014915058
40.72	-0.015288599
40.74	-0.016322651
40.76	-0.01808851
40.78	-0.02066534
40.8	-0.023991639
40.82	-0.027624195
40.84	-0.03147719
40.86	-0.035496938
40.88	-0.039599939
40.9	-0.04362138
40.92	-0.04723172
40.94	-0.050092436
40.96	-0.052011679
40.98	-0.053042654
41	-0.053387477
41.02	-0.053234452
41.04	-0.052743046
41.06	-0.05196657
41.08	-0.050864455
41.1	-0.04964449
41.12	-0.048562002
41.14	-0.047442967
41.16	-0.046238072
41.18	-0.045038126
41.2	-0.043883223
41.22	-0.042804393
41.24	-0.04201749
41.26	-0.041639175
41.28	-0.041738305
41.3	-0.042250101
41.32	-0.043186076
41.34	-0.044704157
41.36	-0.046770189
41.38	-0.048998644
41.4	-0.050986347
41.42	-0.052532413
41.44	-0.053341363
41.46	-0.053148434
41.48	-0.051835328
41.5	-0.04927839
41.52	-0.045501146
41.54	-0.040637473
41.56	-0.034896946
41.58	-0.02869977
41.6	-0.022215972
41.62	-0.015616192
41.64	-0.00901687
41.66	-0.002450123
41.68	0.004046673
41.7	0.010461091
41.72	0.016708663
41.74	0.022642061
41.76	0.028372322
41.78	0.034007609
41.8	0.039441971
41.82	0.044539705
41.84	0.049358409
41.86	0.05385146
41.88	0.057849961
41.9	0.061219535
41.92	0.063791908
41.94	0.065460436
41.96	0.066158883
41.98	0.065966247
42	0.065035183
42.02	0.063560408
42.04	0.061690636
42.06	0.059454832
42.08	0.05721386
42.1	0.055150757
42.12	0.053268746
42.14	0.051560047
42.16	0.049957998
42.18	0.048412735
42.2	0.046827928
42.22	0.045057337
42.24	0.042947575
42.26	0.040536494
42.28	0.037968677
42.3	0.035375987
42.32	0.032873888
42.34	0.030653548
42.36	0.028848232
42.38	0.02756837
42.4	0.026912884
42.42	0.026961897
42.44	0.027729123
42.46	0.029181076
42.48	0.031208453
42.5	0.033630616
42.52	0.035975168
42.54	0.038181892
42.56	0.040249685
42.58	0.042196255
42.6	0.04402704
42.62	0.045786755
42.64	0.047425918
42.66	0.048893612
42.68	0.050143023
42.7	0.051150645
42.72	0.051866971
42.74	0.052277929
42.76	0.052340655
42.78	0.052031923
42.8	0.051300363
42.82	0.05015065
42.84	0.048615672
42.86	0.047070451
42.88	0.045768294
42.9	0.044935566
42.92	0.044716882
42.94	0.045184424
42.96	0.046349923
42.98	0.048186774
43	0.050563616
43.02	0.053260992
43.04	0.0559093
43.06	0.058345099
43.08	0.060441412
43.1	0.062173013
43.12	0.063546907
43.14	0.064555608
43.16	0.065177776
43.18	0.065405538
43.2	0.065230964
43.22	0.064703195
43.24	0.063992288
43.26	0.063039331
43.28	0.061727919
43.3	0.059934479
43.32	0.05756662
43.34	0.054556426
43.36	0.050843855
43.38	0.046424832
43.4	0.041437696
43.42	0.036127847
43.44	0.030777943
43.46	0.025553217
43.48	0.020558567
43.5	0.015876397
43.52	0.011551833
43.54	0.007648428
43.56	0.004140239
43.58	0.001060863
43.6	-0.001619322
43.62	-0.003970139
43.64	-0.006067246
43.66	-0.007994701
43.68	-0.00998491
43.7	-0.012218817
43.72	-0.014820584
43.74	-0.017690948
43.76	-0.020747332
43.78	-0.023903824
43.8	-0.027148016
43.82	-0.030434447
43.84	-0.033685811
43.86	-0.036740085
43.88	-0.039353495
43.9	-0.041416263
43.92	-0.042882576
43.94	-0.043731658
43.96	-0.043977636
43.98	-0.043674381
44	-0.042888497
44.02	-0.041665724
44.04	-0.040257715
44.06	-0.038789554
44.08	-0.037279851
44.1	-0.035709728
44.12	-0.034095038
44.14	-0.032493422
44.16	-0.030982627
44.18	-0.029567239
44.2	-0.0282423
44.22	-0.027011901
44.24	-0.025845045
44.26	-0.024745176
44.28	-0.023690307
44.3	-0.022624028
44.32	-0.021449222
44.34	-0.020072496
44.36	-0.018445869
44.38	-0.016549182
44.4	-0.014404699
44.42	-0.012043989
44.44	-0.009587581
44.46	-0.007107343
44.48	-0.004660613
44.5	-0.002284387
44.52	6.16993E-06
44.54	0.002174663
44.56	0.004173717
44.58	0.005947294
44.6	0.007409167
44.62	0.008487607
44.64	0.009123917
44.66	0.009313183
44.68	0.009066035
44.7	0.008448049
44.72	0.00750417
44.74	0.006274312
44.76	0.004797139
44.78	0.003156971
44.8	0.001348442
44.82	-0.000573924
44.84	-0.002562157
44.86	-0.004543663
44.88	-0.006489824
44.9	-0.008317047
44.92	-0.00998958
44.94	-0.011417127
44.96	-0.012545054
44.98	-0.013386302
45	-0.013983975
45.02	-0.014359134
45.04	-0.014557726
45.06	-0.014653408
45.08	-0.014877301
45.1	-0.015357255
45.12	-0.016128799
45.14	-0.017148195
45.16	-0.018315821
45.18	-0.019536085
45.2	-0.020799101
45.22	-0.022082682
45.24	-0.023402271
45.26	-0.024657806
45.28	-0.025814974
45.3	-0.026843629
45.32	-0.027691535
45.34	-0.02820912
45.36	-0.028294355
45.38	-0.027850008
45.4	-0.026845267
45.42	-0.025268033
45.44	-0.023127922
45.46	-0.020503972
45.48	-0.017486117
45.5	-0.014152359
45.52	-0.010569149
45.54	-0.006822926
45.56	-0.002994639
45.58	0.000836684
45.6	0.004537918
45.62	0.007993634
45.64	0.011131703
45.66	0.013906155
45.68	0.016325502
45.7	0.018456769
45.72	0.020399599
45.74	0.022267564
45.76	0.024082977
45.78	0.025762309
45.8	0.027221557
45.82	0.028564313
45.84	0.029865561
45.86	0.031180234
45.88	0.032465388
45.9	0.033662892
45.92	0.034681987
45.94	0.035450981
45.96	0.035919291
45.98	0.036043807
46	0.03586212
46.02	0.035369401
46.04	0.0345199
46.06	0.033345147
46.08	0.031902164
46.1	0.03032522
46.12	0.028549735
46.14	0.026564001
46.16	0.024395722
46.18	0.022065785
46.2	0.01953374
46.22	0.01679427
46.24	0.013874052
46.26	0.010806834
46.28	0.007653974
46.3	0.004527127
46.32	0.001536593
46.34	-0.001197573
46.36	-0.003568658
46.38	-0.005490602
46.4	-0.006969139
46.42	-0.008081505
46.44	-0.008913557
46.46	-0.009505012
46.48	-0.009875359
46.5	-0.01002605
46.52	-0.010036665
46.54	-0.010148976
46.56	-0.010302535
46.58	-0.010399166
46.6	-0.01034518
46.62	-0.010177902
46.64	-0.009986694
46.66	-0.009825849
46.68	-0.009745619
46.7	-0.009786177
46.72	-0.010003009
46.74	-0.01045339
46.76	-0.011125206
46.78	-0.011956975
46.8	-0.012780347
46.82	-0.013451624
46.84	-0.013881311
46.86	-0.013986494
46.88	-0.013688169
46.9	-0.012957336
46.92	-0.011767228
46.94	-0.010102071
46.96	-0.007983395
46.98	-0.005540858
47	-0.002995521
47.02	-0.000472983
47.04	0.001852226
47.06	0.003846433
47.08	0.005405269
47.1	0.006478808
47.12	0.007060016
47.14	0.00716168
47.16	0.00680294
47.18	0.005993551
47.2	0.004764647
47.22	0.003302432
47.24	0.001736889
47.26	5.69773E-05
47.28	-0.001745639
47.3	-0.003689463
47.32	-0.005793442
47.34	-0.008008943
47.36	-0.010349628
47.38	-0.012815035
47.4	-0.015360404
47.42	-0.017911793
47.44	-0.02038077
47.46	-0.022706084
47.48	-0.024883513
47.5	-0.026997227
47.52	-0.029135894
47.54	-0.031349102
47.56	-0.033504227
47.58	-0.035536032
47.6	-0.037406787
47.62	-0.03906426
47.64	-0.040465466
47.66	-0.041585586
47.68	-0.042474057
47.7	-0.043233297
47.72	-0.043901054
47.74	-0.044463568
47.76	-0.04482316
47.78	-0.044902759
47.8	-0.044639478
47.82	-0.04404777
47.84	-0.043259867
47.86	-0.042305666
47.88	-0.041163093
47.9	-0.039850556
47.92	-0.03840469
47.94	-0.03686356
47.96	-0.035251926
47.98	-0.03354827
48	-0.031705612
48.02	-0.029756014
48.04	-0.027759161
48.06	-0.025763407
48.08	-0.023745636
48.1	-0.021672861
48.12	-0.019527392
48.14	-0.017310303
48.16	-0.015045193
48.18	-0.012774573
48.2	-0.010538403
48.22	-0.008347129
48.24	-0.006184899
48.26	-0.00403072
48.28	-0.001834341
48.3	0.000444813
48.32	0.002778946
48.34	0.005125093
48.36	0.007431294
48.38	0.009660566
48.4	0.011769287
48.42	0.013744824
48.44	0.015599847
48.46	0.017341602
48.48	0.018946828
48.5	0.020395079
48.52	0.021637913
48.54	0.022617245
48.56	0.023265374
48.58	0.023518979
48.6	0.023314882
48.62	0.022637365
48.64	0.021533248
48.66	0.020068452
48.68	0.018285071
48.7	0.016351314
48.72	0.014346469
48.74	0.012403165
48.76	0.010625709
48.78	0.00907034
48.8	0.0077273
48.82	0.006572209
48.84	0.005594293
48.86	0.004797049
48.88	0.004174678
48.9	0.003685924
48.92	0.003268012
48.94	0.002820264
48.96	0.002361132
48.98	0.00199146
49	0.001769509
49.02	0.001723433
49.04	0.00185897
49.06	0.002148567
49.08	0.002580329
49.1	0.003150473
49.12	0.003829418
49.14	0.004446322
49.16	0.004933901
49.18	0.00528348
49.2	0.005494373
49.22	0.0055599
49.24	0.00547046
49.26	0.005269732
49.28	0.005036697
49.3	0.004861776
49.32	0.004845023
49.34	0.005022517
49.36	0.005417349
49.38	0.006071651
49.4	0.006985767
49.42	0.008116357
49.44	0.009367082
49.46	0.010681475
49.48	0.012010336
49.5	0.013321647
49.52	0.014586021
49.54	0.015791787
49.56	0.01690328
49.58	0.01791718
49.6	0.018862123
49.62	0.019776013
49.64	0.020686742
49.66	0.021578377
49.68	0.022392689
49.7	0.023107866
49.72	0.023724071
49.74	0.024228249
49.76	0.024649764
49.78	0.024956546
49.8	0.025062086
49.82	0.024915913
49.84	0.024497026
49.86	0.023847654
49.88	0.023013653
49.9	0.021967181
49.92	0.020645595
49.94	0.019021512
49.96	0.017104678
49.98	0.01495447
50	0.012574565
50.02	0.010007264
50.04	0.007306351
50.06	0.00452485
50.08	0.001733668
50.1	-0.000964821
50.12	-0.003496676
50.14	-0.005782429
50.16	-0.007748232
50.18	-0.009352758
50.2	-0.010571685
50.22	-0.011345932
50.24	-0.011709792
50.26	-0.011723701
50.28	-0.011457891
50.3	-0.01100924
50.32	-0.010534735
50.34	-0.010226677
50.36	-0.010080792
50.38	-0.010063955
50.4	-0.010092979
50.42	-0.010084122
50.44	-0.009988524
50.46	-0.009767725
50.48	-0.0093456
50.5	-0.00870648
50.52	-0.007914997
50.54	-0.007051907
50.56	-0.00616126
50.58	-0.00526091
50.6	-0.004376681
50.62	-0.003579361
50.64	-0.002939316
50.66	-0.002492947
50.68	-0.002260079
50.7	-0.002188394
50.72	-0.002180921
50.74	-0.002138036
50.76	-0.002019927
50.78	-0.001832686
50.8	-0.001494517
50.82	-0.000937329
50.84	-0.000138284
50.86	0.000845593
50.88	0.001853193
50.9	0.00288364
50.92	0.003953452
50.94	0.005058794
50.96	0.006127296
50.98	0.007064813
51	0.007847953
51.02	0.008484663
51.04	0.009007644
51.06	0.009453727
51.08	0.009807757
51.1	0.010016733
51.12	0.010068821
51.14	0.010049372
51.16	0.009970103
51.18	0.00975949
51.2	0.009327549
51.22	0.008599879
51.24	0.007555082
51.26	0.006225242
51.28	0.004663739
51.3	0.002927212
51.32	0.001080382
51.34	-0.000828875
51.36	-0.002761132
51.38	-0.004683326
51.4	-0.006568143
51.42	-0.008383235
51.44	-0.010126334
51.46	-0.011760561
51.48	-0.013242792
51.5	-0.014522997
51.52	-0.015540887
51.54	-0.016281762
51.56	-0.01673835
51.58	-0.016883911
51.6	-0.016687416
51.62	-0.01614495
51.64	-0.01523033
51.66	-0.013923378
51.68	-0.012397756
51.7	-0.010799011
51.72	-0.00922383
51.74	-0.007754052
51.76	-0.006474498
51.78	-0.005424443
51.8	-0.004587497
51.82	-0.003881583
51.84	-0.003238162
51.86	-0.002621982
51.88	-0.002043585
51.9	-0.001489587
51.92	-0.000886291
51.94	-0.000103869
51.96	0.000806436
51.98	0.00182188
52	0.002941984
52.02	0.004184439
52.04	0.005532497
52.06	0.006930056
52.08	0.008343174
52.1	0.009768945
52.12	0.011234927
52.14	0.012776644
52.16	0.014434285
52.18	0.016229786
52.2	0.018112117
52.22	0.020018831
52.24	0.021880532
52.26	0.023677088
52.28	0.025405044
52.3	0.027062979
52.32	0.028631903
52.34	0.030067355
52.36	0.031319895
52.38	0.032310046
52.4	0.032951999
52.42	0.033178701
52.44	0.033005127
52.46	0.032466825
52.48	0.031535502
52.5	0.030277039
52.52	0.028800413
52.54	0.027156829
52.56	0.025332465
52.58	0.02333639
52.6	0.021144148
52.62	0.01871603
52.64	0.016024997
52.66	0.013066786
52.68	0.009866681
52.7	0.006491377
52.72	0.00301867
52.74	-0.000455935
52.76	-0.003869931
52.78	-0.007151908
52.8	-0.010216014
52.82	-0.013001432
52.84	-0.01548984
52.86	-0.017671116
52.88	-0.019552615
52.9	-0.021138542
52.92	-0.022443001
52.94	-0.023480132
52.96	-0.024292787
52.98	-0.024911764
53	-0.02536105
53.02	-0.025648012
53.04	-0.02579593
53.06	-0.025818507
53.08	-0.025724877
53.1	-0.025490895
53.12	-0.025143395
53.14	-0.024716564
53.16	-0.024344578
53.18	-0.024046519
53.2	-0.023840103
53.22	-0.023703177
53.24	-0.023628133
53.26	-0.023621163
53.28	-0.023664463
53.3	-0.023763022
53.32	-0.023887161
53.34	-0.024008599
53.36	-0.024099327
53.38	-0.024159717
53.4	-0.024171399
53.42	-0.024097674
53.44	-0.023888156
53.46	-0.023473519
53.48	-0.022849574
53.5	-0.022027612
53.52	-0.021033005
53.54	-0.019880246
53.56	-0.018570117
53.58	-0.017117892
53.6	-0.015600531
53.62	-0.014082043
53.64	-0.012617268
53.66	-0.011252672
53.68	-0.010028209
53.7	-0.00899016
53.72	-0.008212212
53.74	-0.007740278
53.76	-0.00759949
53.78	-0.007768887
53.8	-0.00821161
53.82	-0.008893851
53.84	-0.009823192
53.86	-0.010916974
53.88	-0.012102631
53.9	-0.013319829
53.92	-0.01452631
53.94	-0.01568509
53.96	-0.016773935
53.98	-0.017750084
54	-0.018568929
54.02	-0.01919627
54.04	-0.019636268
54.06	-0.019905035
54.08	-0.020036764
54.1	-0.020039392
54.12	-0.019916228
54.14	-0.019681377
54.16	-0.019376907
54.18	-0.018958489
54.2	-0.018385671
54.22	-0.017637565
54.24	-0.016734402
54.26	-0.015759986
54.28	-0.014802043
54.3	-0.013905394
54.32	-0.013079272
54.34	-0.012297518
54.36	-0.011573041
54.38	-0.010932051
54.4	-0.01039635
54.42	-0.009908823
54.44	-0.009423394
54.46	-0.008901818
54.48	-0.008367291
54.5	-0.007850871
54.52	-0.007337568
54.54	-0.006775314
54.56	-0.006130607
54.58	-0.005387292
54.6	-0.004524186
54.62	-0.003515244
54.64	-0.002361913
54.66	-0.001085711
54.68	0.000274842
54.7	0.001670897
54.72	0.00308479
54.74	0.004535095
54.76	0.006016869
54.78	0.007520486
54.8	0.009024373
54.82	0.010476535
54.84	0.011784326
54.86	0.012882906
54.88	0.013751832
54.9	0.014428133
54.92	0.01497597
54.94	0.01546982
54.96	0.015925825
54.98	0.016314753
55	0.016598035
55.02	0.016737117
55.04	0.016766222
55.06	0.01672071
55.08	0.016567811
55.1	0.016257592
55.12	0.015725506
55.14	0.014921053
55.16	0.01384268
55.18	0.01253237
55.2	0.01107902
55.22	0.009539222
55.24	0.007991854
55.26	0.006482641
55.28	0.005074398
55.3	0.003817756
55.32	0.002730126
55.34	0.001833257
55.36	0.001122308
55.38	0.000606626
55.4	0.000292887
55.42	0.000211649
55.44	0.000348778
55.46	0.000659228
55.48	0.001086703
55.5	0.001587535
55.52	0.002156666
55.54	0.002825553
55.56	0.003557425
55.58	0.004338857
55.6	0.00516386
55.62	0.006026574
55.64	0.006901949
55.66	0.007764201
55.68	0.008591439
55.7	0.009355713
55.72	0.00998798
55.74	0.010439331
55.76	0.010705986
55.78	0.010782933
55.8	0.010665668
55.82	0.010387246
55.84	0.010004898
55.86	0.009604044
55.88	0.009340838
55.9	0.009285084
55.92	0.009471959
55.94	0.009900806
55.96	0.010583462
55.98	0.011527809
56	0.01269428
56.02	0.013982203
56.04	0.015339796
56.06	0.016756632
56.08	0.018251831
56.1	0.019756531
56.12	0.021233618
56.14	0.022644136
56.16	0.023952933
56.18	0.025126162
56.2	0.026152412
56.22	0.027032156
56.24	0.027747215
56.26	0.02824286
56.28	0.028419142
56.3	0.028212317
56.32	0.027605807
56.34	0.026632387
56.36	0.025367598
56.38	0.023837912
56.4	0.022066329
56.42	0.020133
56.44	0.018050251
56.46	0.015856339
56.48	0.013596331
56.5	0.011316486
56.52	0.009061022
56.54	0.006897478
56.56	0.0048418
56.58	0.002903121
56.6	0.001075754
56.62	-0.000643013
56.64	-0.002246413
56.66	-0.003740468
56.68	-0.005128921
56.7	-0.006394506
56.72	-0.007554731
56.74	-0.00861527
56.76	-0.009593107
56.78	-0.010467556
56.8	-0.011238452
56.82	-0.01188227
56.84	-0.012390089
56.86	-0.012753754
56.88	-0.012967299
56.9	-0.013059469
56.92	-0.0130641
56.94	-0.013020928
56.96	-0.013015576
56.98	-0.01306206
57	-0.013183096
57.02	-0.013403834
57.04	-0.013737034
57.06	-0.014140566
57.08	-0.014572788
57.1	-0.014993871
57.12	-0.015367009
57.14	-0.015674866
57.16	-0.015937418
57.18	-0.016196268
57.2	-0.016485396
57.22	-0.01683245
57.24	-0.017281978
57.26	-0.017848932
57.28	-0.018535823
57.3	-0.019302245
57.32	-0.020062257
57.34	-0.020747957
57.36	-0.021316931
57.38	-0.021704894
57.4	-0.021865267
57.42	-0.021741424
57.44	-0.021295439
57.46	-0.020497846
57.48	-0.019327067
57.5	-0.017868254
57.52	-0.016305111
57.54	-0.014705817
57.56	-0.0131495
57.58	-0.01168245
57.6	-0.010363615
57.62	-0.009215911
57.64	-0.008257481
57.66	-0.007495845
57.68	-0.006932173
57.7	-0.00652674
57.72	-0.006233608
57.74	-0.006001068
57.76	-0.005798687
57.78	-0.00563301
57.8	-0.005535785
57.82	-0.00552017
57.84	-0.005599633
57.86	-0.005791492
57.88	-0.006110198
57.9	-0.006569764
57.92	-0.007147005
57.94	-0.007804336
57.96	-0.0084197
57.98	-0.008944549
58	-0.009359592
58.02	-0.009645349
58.04	-0.009790147
58.06	-0.009784091
58.08	-0.009639077
58.1	-0.009385535
58.12	-0.009062271
58.14	-0.008699421
58.16	-0.008286501
58.18	-0.007835249
58.2	-0.007358863
58.22	-0.006855843
58.24	-0.006331835
58.26	-0.005799541
58.28	-0.00525451
58.3	-0.004677002
58.32	-0.004056579
58.34	-0.003417445
58.36	-0.002802739
58.38	-0.00224271
58.4	-0.001760937
58.42	-0.001394847
58.44	-0.001164361
58.46	-0.001079537
58.48	-0.001124928
58.5	-0.001280193
58.52	-0.00152999
58.54	-0.001837608
58.56	-0.002148072
58.58	-0.002341985
58.6	-0.002363721
58.62	-0.002244107
58.64	-0.002015384
58.66	-0.001737935
58.68	-0.001480796
58.7	-0.001304995
58.72	-0.001269959
58.74	-0.001355989
58.76	-0.00153792
58.78	-0.001774447
58.8	-0.002021953
58.82	-0.002196846
58.84	-0.002236581
58.86	-0.002115721
58.88	-0.001809258
58.9	-0.001325127
58.92	-0.00069828
58.94	3.02028E-05
58.96	0.000799323
58.98	0.001564074
59	0.002254377
59.02	0.002806702
59.04	0.003193909
59.06	0.003442816
59.08	0.003556477
59.1	0.003541198
59.12	0.003391109
59.14	0.003131063
59.16	0.002797546
59.18	0.002473365
59.2	0.002256494
59.22	0.00212113
59.24	0.002035757
59.26	0.001944771
59.28	0.001809997
59.3	0.00158772
59.32	0.001247185
59.34	0.000815822
59.36	0.000346156
59.38	-0.000100784
59.4	-0.000480393
59.42	-0.000785964
59.44	-0.000956692
59.46	-0.000954308
59.48	-0.000780677
59.5	-0.000455576
59.52	-2.16365E-06
59.54	0.000521551
59.56	0.001028659
59.58	0.001461566
59.6	0.001786314
59.62	0.001971633
59.64	0.002003424
59.66	0.001900037
59.68	0.001679472
59.7	0.00136927
59.72	0.001004426
59.74	0.000640185
59.76	0.000292225
59.78	1.69959E-05
59.8	-0.000151049
59.82	-0.000206635
59.84	-0.0001568
59.86	1.51007E-05
59.88	0.000316828
59.9	0.000722821
59.92	0.00119149
59.94	0.001677859
59.96	0.002150834
59.98	0.002588948
60	0.002980071
60.02	0.003333242
60.04	0.00365696
60.06	0.003972424
60.08	0.004285329
60.1	0.004577757
60.12	0.004821616
60.14	0.004992038
60.16	0.005094219
60.18	0.005118859
60.2	0.00506739
60.22	0.004945694
60.24	0.004758718
60.26	0.004491253
60.28	0.0041403
60.3	0.00370857
60.32	0.003186483
60.34	0.002574431
60.36	0.001902397
60.38	0.001199892
60.4	0.000521278
60.42	-7.36766E-05
60.44	-0.000559656
60.46	-0.00091858
60.48	-0.001145288
60.5	-0.001244204
60.52	-0.001248514
60.54	-0.001201694
60.56	-0.001136939
60.58	-0.001102356
60.6	-0.001131936
60.62	-0.001234001
60.64	-0.001430916
60.66	-0.001745067
60.68	-0.002180164
60.7	-0.00271523
60.72	-0.00330194
60.74	-0.003906112
60.76	-0.004493011
60.78	-0.005034985
60.8	-0.00553715
60.82	-0.006013999
60.84	-0.00646173
60.86	-0.006863416
60.88	-0.007196917
60.9	-0.007468819
60.92	-0.007725999
60.94	-0.007989952
60.96	-0.008302302
60.98	-0.008680846
61	-0.009121463
61.02	-0.009615294
61.04	-0.010148271
61.06	-0.010685779
61.08	-0.011207755
61.1	-0.011696437
61.12	-0.012144616
61.14	-0.012541344
61.16	-0.012892134
61.18	-0.013189288
61.2	-0.013419736
61.22	-0.013568469
61.24	-0.013613853
61.26	-0.013545276
61.28	-0.013415981
61.3	-0.013193307
61.32	-0.012851883
61.34	-0.012364433
61.36	-0.011743267
61.38	-0.011044188
61.4	-0.010351526
61.42	-0.009640535
61.44	-0.008917793
61.46	-0.008192104
61.48	-0.00746772
61.5	-0.006772641
61.52	-0.006133566
61.54	-0.005566486
61.56	-0.005112087
61.58	-0.004798636
61.6	-0.004635356
61.62	-0.004638051
61.64	-0.004823234
61.66	-0.005171968
61.68	-0.005656778
61.7	-0.006185531
61.72	-0.006709475
61.74	-0.007238525
61.76	-0.007771622
61.78	-0.008289129
61.8	-0.00876229
61.82	-0.009186092
61.84	-0.009563251
61.86	-0.00988509
61.88	-0.010132403
61.9	-0.010267091
61.92	-0.010252271
61.94	-0.010077802
61.96	-0.009745667
61.98	-0.009250986
62	-0.008585139
62.02	-0.00774547
62.04	-0.006751088
62.06	-0.005677723
62.08	-0.004560071
62.1	-0.003457353
62.12	-0.002417289
62.14	-0.001474259
62.16	-0.00066687
62.18	-1.295E-05
62.2	0.000479577
62.22	0.000766137
62.24	0.000822246
62.26	0.000681429
62.28	0.000384723
62.3	-2.25881E-05
62.32	-0.000496536
62.34	-0.000929586
62.36	-0.001264108
62.38	-0.00153669
62.4	-0.001806748
62.42	-0.00212451
62.44	-0.002526175
62.46	-0.003017072
62.48	-0.003583121
62.5	-0.00420467
62.52	-0.004818881
62.54	-0.005345425
62.56	-0.005726453
62.58	-0.005928689
62.6	-0.005961618
62.62	-0.005840374
62.64	-0.005623578
62.66	-0.005376794
62.68	-0.005237687
62.7	-0.005211171
62.72	-0.005299575
62.74	-0.005472237
62.76	-0.005699139
62.78	-0.005956924
62.8	-0.00622506
62.82	-0.006485545
62.84	-0.006728851
62.86	-0.006929612
62.88	-0.007056012
62.9	-0.007074285
62.92	-0.006970725
62.94	-0.006742797
62.96	-0.006375228
62.98	-0.005925875
63	-0.005497145
63.02	-0.005192675
63.04	-0.005077473
63.06	-0.005156553
63.08	-0.005406742
63.1	-0.005776592
63.12	-0.006214748
63.14	-0.006617626
63.16	-0.006912808
63.18	-0.007064659
63.2	-0.007048654
63.22	-0.00686124
63.24	-0.006502102
63.26	-0.00599756
63.28	-0.005403321
63.3	-0.004782502
63.32	-0.004121317
63.34	-0.003414027
63.36	-0.002636618
63.38	-0.001756485
63.4	-0.000745777
63.42	0.000412275
63.44	0.001735098
63.46	0.00322171
63.48	0.004864376
63.5	0.006640694
63.52	0.008493043
63.54	0.01039211
63.56	0.012319639
63.58	0.014197685
63.6	0.015955053
63.62	0.017564107
63.64	0.018928224
63.66	0.019995525
63.68	0.020756186
63.7	0.021212867
63.72	0.021376599
63.74	0.021273095
63.76	0.020956917
63.78	0.020508786
63.8	0.020073643
63.82	0.0196793
63.84	0.019327915
63.86	0.019023103
63.88	0.018747616
63.9	0.018486871
63.92	0.018230087
63.94	0.017946139
63.96	0.017647585
63.98	0.017373844
64	0.017173527
64.02	0.017075445
64.04	0.017090736
64.06	0.017231888
64.08	0.017499188
64.1	0.017882226
64.12	0.018331278
64.14	0.018756829
64.16	0.019094783
64.18	0.019316559
64.2	0.019406633
64.22	0.019330468
64.24	0.019054973
64.26	0.018583112
64.28	0.01795264
64.3	0.017226082
64.32	0.016494993
64.34	0.015860191
64.36	0.015361277
64.38	0.015023343
64.4	0.014795624
64.42	0.014665784
64.44	0.014606005
64.46	0.014576981
64.48	0.014517677
64.5	0.014338539
64.52	0.013987174
64.54	0.013488803
64.56	0.012885774
64.58	0.012238134
64.6	0.011613488
64.62	0.011047389
64.64	0.010544887
64.66	0.010142053
64.68	0.009864283
64.7	0.009749459
64.72	0.009819664
64.74	0.010072565
64.76	0.01047526
64.78	0.011038904
64.8	0.011723785
64.82	0.012506838
64.84	0.013258572
64.86	0.0139465
64.88	0.014535322
64.9	0.015002758
64.92	0.015357331
64.94	0.015595133
64.96	0.015718226
64.98	0.015735163
65	0.01561717
65.02	0.015369393
65.04	0.014999806
65.06	0.014528041
65.08	0.013958881
65.1	0.013300686
65.12	0.012539336
65.14	0.011672931
65.16	0.010716571
65.18	0.009699405
65.2	0.008653309
65.22	0.007619682
65.24	0.006636532
65.26	0.005745955
65.28	0.004956424
65.3	0.004262009
65.32	0.003682065
65.34	0.003228391
65.36	0.002933632
65.38	0.002785321
65.4	0.002789486
65.42	0.00294912
65.44	0.003265178
65.46	0.003710365
65.48	0.004254614
65.5	0.00487506
65.52	0.005548183
65.54	0.006233506
65.56	0.006873151
65.58	0.00739014
65.6	0.007767138
65.62	0.007972371
65.64	0.007993993
65.66	0.007841647
65.68	0.007526714
65.7	0.007066002
65.72	0.006482166
65.74	0.005800044
65.76	0.005065487
65.78	0.004342769
65.8	0.003706249
65.82	0.003210512
65.84	0.002861677
65.86	0.002667283
65.88	0.002625993
65.9	0.00272581
65.92	0.00293212
65.94	0.003254278
65.96	0.003651341
65.98	0.003992417
66	0.004278357
66.02	0.004494113
66.04	0.004639994
66.06	0.004706066
66.08	0.004658072
66.1	0.004461563
66.12	0.004103415
66.14	0.003572911
66.16	0.00289584
66.18	0.002079083
66.2	0.001134335
66.22	9.66035E-05
66.24	-0.000976686
66.26	-0.0020292
66.28	-0.003073044
66.3	-0.004130718
66.32	-0.005213192
66.34	-0.006306095
66.36	-0.00734685
66.38	-0.008283592
66.4	-0.009100302
66.42	-0.009779785
66.44	-0.010349027
66.46	-0.010854245
66.48	-0.011347237
66.5	-0.011810118
66.52	-0.012189086
66.54	-0.01245327
66.56	-0.01261152
66.58	-0.012716655
66.6	-0.012815273
66.62	-0.01295181
66.64	-0.01314173
66.66	-0.013347304
66.68	-0.013539162
66.7	-0.013679971
66.72	-0.013756116
66.74	-0.013794816
66.76	-0.013811999
66.78	-0.013822379
66.8	-0.013831101
66.82	-0.013846325
66.84	-0.013836889
66.86	-0.013804518
66.88	-0.013715872
66.9	-0.013567789
66.92	-0.01336568
66.94	-0.013125037
66.96	-0.012860638
66.98	-0.012594282
67	-0.012368857
67.02	-0.012218402
67.04	-0.012170088
67.06	-0.012212086
67.08	-0.012300543
67.1	-0.012387929
67.12	-0.012400157
67.14	-0.012294448
67.16	-0.01208047
67.18	-0.011762493
67.2	-0.011317348
67.22	-0.010745382
67.24	-0.010061337
67.26	-0.009286198
67.28	-0.008445098
67.3	-0.007574945
67.32	-0.006703059
67.34	-0.005838463
67.36	-0.004990012
67.38	-0.004172249
67.4	-0.003397499
67.42	-0.00267106
67.44	-0.002014399
67.46	-0.001426537
67.48	-0.000881909
67.5	-0.00037759
67.52	6.68319E-05
67.54	0.00041117
67.56	0.000614253
67.58	0.000625643
67.6	0.000407813
67.62	-6.2465E-05
67.64	-0.00077599
67.66	-0.001706458
67.68	-0.002798491
67.7	-0.003894622
67.72	-0.00490939
67.74	-0.005763873
67.76	-0.006391167
67.78	-0.006748575
67.8	-0.006796169
67.82	-0.006537427
67.84	-0.005992854
67.86	-0.005214843
67.88	-0.004296897
67.9	-0.00336754
67.92	-0.002453075
67.94	-0.001605252
67.96	-0.000853007
67.98	-0.000208193
68	0.000328271
68.02	0.000752805
68.04	0.001062969
68.06	0.001232863
68.08	0.001244739
68.1	0.001106736
68.12	0.000843789
68.14	0.000487337
68.16	4.69792E-05
68.18	-0.000477547
68.2	-0.001061562
68.22	-0.001649409
68.24	-0.002249615
68.26	-0.002861528
68.28	-0.003461289
68.3	-0.004005283
68.32	-0.004428637
68.34	-0.004701915
68.36	-0.004808214
68.38	-0.004759221
68.4	-0.004570601
68.42	-0.004232019
68.44	-0.003756901
68.46	-0.003165088
68.48	-0.002513614
68.5	-0.00181148
68.52	-0.001085306
68.54	-0.000366559
68.56	0.000349009
68.58	0.001047496
68.6	0.001726773
68.62	0.002376851
68.64	0.002994657
68.66	0.003581232
68.68	0.004129676
68.7	0.004628911
68.72	0.005057351
68.74	0.005403316
68.76	0.005694271
68.78	0.005936339
68.8	0.006136156
68.82	0.006280599
68.84	0.006342396
68.86	0.006314993
68.88	0.006260813
68.9	0.006216788
68.92	0.006171017
68.94	0.006121324
68.96	0.006061731
68.98	0.005992323
69	0.005896773
69.02	0.005751843
69.04	0.005545897
69.06	0.005286049
69.08	0.004984271
69.1	0.004627016
69.12	0.00420811
69.14	0.003739402
69.16	0.003271842
69.18	0.002867094
69.2	0.002567428
69.22	0.002388609
69.24	0.002319753
69.26	0.002358651
69.28	0.002510904
69.3	0.002760762
69.32	0.00308278
69.34	0.003439235
69.36	0.003775792
69.38	0.004084492
69.4	0.004371884
69.42	0.004632407
69.44	0.004834199
69.46	0.004956116
69.48	0.004979776
69.5	0.004903814
69.52	0.004740192
69.54	0.004509145
69.56	0.004228734
69.58	0.003892689
69.6	0.003493207
69.62	0.003064612
69.64	0.002617266
69.66	0.00215809
69.68	0.001683434
69.7	0.001204898
69.72	0.000753202
69.74	0.000353394
69.76	2.10657E-05
69.78	-0.000235785
69.8	-0.000416775
69.82	-0.000470031
69.84	-0.000375171
69.86	-0.000105944
69.88	0.000330622
69.9	0.000890865
69.92	0.001516462
69.94	0.002137744
69.96	0.002704445
69.98	0.003183428
70	0.003539608
70.02	0.003736077
70.04	0.003757002
70.06	0.00361754
70.08	0.003339167
70.1	0.002941754
70.12	0.0024489
70.14	0.001917435
70.16	0.001427238
70.18	0.000986883
70.2	0.000613517
70.22	0.000313232
70.24	8.05402E-05
70.26	-8.08845E-05
70.28	-0.000199183
70.3	-0.000303531
70.32	-0.00043472
70.34	-0.000615682
70.36	-0.000852961
70.38	-0.001140102
70.4	-0.001472278
70.42	-0.001848927
70.44	-0.002282299
70.46	-0.00276529
70.48	-0.003260406
70.5	-0.003726084
70.52	-0.004164724
70.54	-0.004604765
70.56	-0.005075156
70.58	-0.00556163
70.6	-0.006042677
70.62	-0.006474473
70.64	-0.006832571
70.66	-0.007105727
70.68	-0.00729942
70.7	-0.007405928
70.72	-0.00740011
70.74	-0.007257184
70.76	-0.006956461
70.78	-0.006495568
70.8	-0.005881005
70.82	-0.005181122
70.84	-0.004430724
70.86	-0.003661368
70.88	-0.002916932
70.9	-0.002214023
70.92	-0.001575904
70.94	-0.001000277
70.96	-0.000487346
70.98	-4.67927E-05
71	0.000317497
71.02	0.000623563
71.04	0.000892477
71.06	0.001145803
71.08	0.001399507
71.1	0.001664973
71.12	0.001926508
71.14	0.002173352
71.16	0.002401766
71.18	0.002596007
71.2	0.002767722
71.22	0.002954054
71.24	0.003178305
71.26	0.003472363
71.28	0.003861203
71.3	0.004364187
71.32	0.004990055
71.34	0.0057507
71.36	0.006648513
71.38	0.007663806
71.4	0.008756688
71.42	0.009881123
71.44	0.010967793
71.46	0.011962888
71.48	0.012822554
71.5	0.013504768
71.52	0.01396853
71.54	0.01421564
71.56	0.014239664
71.58	0.014085838
71.6	0.013793358
71.62	0.013398248
71.64	0.01292832
71.66	0.012513162
71.68	0.012132888
71.7	0.011797186
71.72	0.011499426
71.74	0.011219396
71.76	0.01094595
71.78	0.010686946
71.8	0.010442465
71.82	0.010218494
71.84	0.01002001
71.86	0.009818941
71.88	0.009604958
71.9	0.009385097
71.92	0.009191466
71.94	0.009044002
71.96	0.008945152
71.98	0.008884961
72	0.008855537
72.02	0.00886962
72.04	0.008933956
72.06	0.009045997
72.08	0.009175955
72.1	0.009297635
72.12	0.009427334
72.14	0.00958828
72.16	0.009813089
72.18	0.010096979
72.2	0.01042519
72.22	0.01077795
72.24	0.011124919
72.26	0.011410011
72.28	0.011601264
72.3	0.011697455
72.32	0.011713472
72.34	0.011653135
72.36	0.011543599
72.38	0.0114061
72.4	0.011257371
72.42	0.011122601
72.44	0.011036317
72.46	0.011029729
72.48	0.011097311
72.5	0.011236853
72.52	0.011418346
72.54	0.011636505
72.56	0.011868927
72.58	0.012085923
72.6	0.01223844
72.62	0.012293751
72.64	0.012283937
72.66	0.012251599
72.68	0.012237089
72.7	0.012247216
72.72	0.01230946
72.74	0.012455549
72.76	0.012687334
72.78	0.012979161
72.8	0.013286731
72.82	0.013566645
72.84	0.013763749
72.86	0.013864393
72.88	0.013854313
72.9	0.013716391
72.92	0.013435265
72.94	0.013000906
72.96	0.012424426
72.98	0.011755252
73	0.011079581
73.02	0.010445645
73.04	0.009868023
73.06	0.009365673
73.08	0.00894358
73.1	0.008611082
73.12	0.008349362
73.14	0.008119404
73.16	0.007928921
73.18	0.007759501
73.2	0.007568135
73.22	0.007361411
73.24	0.007147092
73.26	0.006940384
73.28	0.006757138
73.3	0.006616862
73.32	0.0065342
73.34	0.006515935
73.36	0.006557648
73.38	0.006644779
73.4	0.006718922
73.42	0.0067454
73.44	0.006713345
73.46	0.006621508
73.48	0.006460864
73.5	0.006227893
73.52	0.00591449
73.54	0.005535573
73.56	0.005134236
73.58	0.004787973
73.6	0.004523696
73.62	0.004331964
73.64	0.004218768
73.66	0.004191261
73.68	0.004240731
73.7	0.004342533
73.72	0.004464398
73.74	0.004590082
73.76	0.004714094
73.78	0.004850945
73.8	0.00499762
73.82	0.005135252
73.84	0.005251324
73.86	0.005343042
73.88	0.005427497
73.9	0.005514934
73.92	0.005581788
73.94	0.005630363
73.96	0.005644589
73.98	0.005610739
74	0.005519826
74.02	0.005360816
74.04	0.005129381
74.06	0.004824167
74.08	0.004461117
74.1	0.004072934
74.12	0.003683529
74.14	0.003295533
74.16	0.002946883
74.18	0.002632276
74.2	0.002321494
74.22	0.001996806
74.24	0.001655023
74.26	0.001299643
74.28	0.000924893
74.3	0.000547335
74.32	0.000181866
74.34	-0.000174119
74.36	-0.000531676
74.38	-0.000876208
74.4	-0.00119482
74.42	-0.001476576
74.44	-0.001694723
74.46	-0.001849619
74.48	-0.001954102
74.5	-0.001988692
74.52	-0.001937074
74.54	-0.001796906
74.56	-0.001577753
74.58	-0.001301499
74.6	-0.001008499
74.62	-0.0007497
74.64	-0.000586968
74.66	-0.000502832
74.68	-0.000499032
74.7	-0.000560241
74.72	-0.000648256
74.74	-0.000710986
74.76	-0.000712571
74.78	-0.000663328
74.8	-0.000582913
74.82	-0.000475631
74.84	-0.000345946
74.86	-0.000208202
74.88	-9.22933E-05
74.9	-2.62432E-05
74.92	-2.57884E-05
74.94	-7.98623E-05
74.96	-0.00016205
74.98	-0.000239939
75	-0.00029488
75.02	-0.000318681
75.04	-0.000297675
75.06	-0.000206553
75.08	-1.16369E-06
75.1	0.00033064
75.12	0.000764566
75.14	0.001248013
75.16	0.001748958
75.18	0.002248972
75.2	0.002718074
75.22	0.003151832
75.24	0.003536262
75.26	0.003856082
75.28	0.004101689
75.3	0.004295764
75.32	0.004455329
75.34	0.004596952
75.36	0.004709678
75.38	0.004773717
75.4	0.004772939
75.42	0.004713611
75.44	0.004602602
75.46	0.004442978
75.48	0.004229125
75.5	0.00396577
75.52	0.003670335
75.54	0.003370218
75.56	0.00307323
75.58	0.002777439
75.6	0.002488118
75.62	0.002217952
75.64	0.001963311
75.66	0.00171376
75.68	0.001450771
75.7	0.001171219
75.72	0.000875759
75.74	0.000570267
75.76	0.000260351
75.78	-4.7069E-05
75.8	-0.000335172
75.82	-0.000563994
75.84	-0.000685174
75.86	-0.000697996
75.88	-0.000624084
75.9	-0.000493996
75.92	-0.000329481
75.94	-0.000126303
75.96	0.000120554
75.98	0.000378421
76	0.000611047
76.02	0.000799285
76.04	0.000941102
76.06	0.001027267
76.08	0.001050615
76.1	0.00102337
76.12	0.000970259
76.14	0.000905446
76.16	0.000868015
76.18	0.000889195
76.2	0.000958492
76.22	0.001059726
76.24	0.001163258
76.26	0.0012228
76.28	0.001205637
76.3	0.001084091
76.32	0.000872128
76.34	0.000612312
76.36	0.000366315
76.38	0.000204932
76.4	0.000154224
76.42	0.000231999
76.44	0.000465426
76.46	0.000863928
76.48	0.001408213
76.5	0.00206825
76.52	0.002796314
76.54	0.003531618
76.56	0.004245909
76.58	0.004936731
76.6	0.005598615
76.62	0.006208252
76.64	0.006754085
76.66	0.007234964
76.68	0.00764983
76.7	0.007994145
76.72	0.008272371
76.74	0.00848781
76.76	0.008643811
76.78	0.00875297
76.8	0.00881906
76.82	0.008831801
76.84	0.008784051
76.86	0.00867076
76.88	0.008480605
76.9	0.008221544
76.92	0.007910183
76.94	0.007559491
76.96	0.007189509
76.98	0.006822249
77	0.006522068
77.02	0.006286795
77.04	0.00612546
77.06	0.006040336
77.08	0.006018828
77.1	0.006023301
77.12	0.006026221
77.14	0.00601647
77.16	0.005999464
77.18	0.005991897
77.2	0.00600918
77.22	0.006082251
77.24	0.006239598
77.26	0.006481766
77.28	0.006788789
77.3	0.007121994
77.32	0.007442658
77.34	0.007713511
77.36	0.007904154
77.38	0.008019132
77.4	0.008060079
77.42	0.008040031
77.44	0.00797112
77.46	0.00787511
77.48	0.007766721
77.5	0.007662352
77.52	0.007569696
77.54	0.007470865
77.56	0.007371715
77.58	0.007287504
77.6	0.007217529
77.62	0.00715607
77.64	0.007091729
77.66	0.007023661
77.68	0.006943659
77.7	0.006844167
77.72	0.006717926
77.74	0.006559742
77.76	0.006378562
77.78	0.006210638
77.8	0.006080738
77.82	0.006006821
77.84	0.006003182
77.86	0.006086048
77.88	0.006264094
77.9	0.006546072
77.92	0.006925973
77.94	0.007390186
77.96	0.007907885
77.98	0.008435369
78	0.008930885
78.02	0.009366721
78.04	0.009724553
78.06	0.010000547
78.08	0.010153255
78.1	0.010169822
78.12	0.010036402
78.14	0.009750583
78.16	0.009335504
78.18	0.00882037
78.2	0.008255156
78.22	0.007720056
78.24	0.007216326
78.26	0.006756482
78.28	0.006343992
78.3	0.005983469
78.32	0.005679555
78.34	0.005432054
78.36	0.005235454
78.38	0.00506829
78.4	0.004916445
78.42	0.004785165
78.44	0.004681294
78.46	0.004625404
78.48	0.00462548
78.5	0.004677674
78.52	0.004770308
78.54	0.004899099
78.56	0.005073412
78.58	0.005285247
78.6	0.005516725
78.62	0.005749684
78.64	0.005958226
78.66	0.006122147
78.68	0.006225628
78.7	0.006251002
78.72	0.006186565
78.74	0.00603276
78.76	0.005805248
78.78	0.005533456
78.8	0.00527523
78.82	0.005055772
78.84	0.004904886
78.86	0.004834215
78.88	0.004850638
78.9	0.004969409
78.92	0.005169972
78.94	0.00542856
78.96	0.005720824
78.98	0.006010095
79	0.006263004
79.02	0.006471069
79.04	0.006631663
79.06	0.006751746
79.08	0.006847581
79.1	0.006930893
79.12	0.007008733
79.14	0.007095887
79.16	0.00718354
79.18	0.007258071
79.2	0.007293487
79.22	0.007253013
79.24	0.007114261
79.26	0.00686557
79.28	0.006516936
79.3	0.006100389
79.32	0.005661579
79.34	0.005253599
79.36	0.004897581
79.38	0.004610175
79.4	0.004413868
79.42	0.004309176
79.44	0.004304782
79.46	0.004388503
79.48	0.00453986
79.5	0.00473762
79.52	0.004959756
79.54	0.005171381
79.56	0.005322755
79.58	0.005352866
79.6	0.005219988
79.62	0.004919165
79.64	0.004469257
79.66	0.003915849
79.68	0.003318053
79.7	0.002730453
79.72	0.002219227
79.74	0.001804454
79.76	0.001484094
79.78	0.001277922
79.8	0.001171186
79.82	0.001148077
79.84	0.001173456
79.86	0.001219091
79.88	0.001252202
79.9	0.00124558
79.92	0.001218089
79.94	0.001186699
79.96	0.00115976
79.98	0.001162484
80	0.001204551
80.02	0.001284868
80.04	0.001392409
80.06	0.001523266
80.08	0.001656279
80.1	0.001756888
80.12	0.00178632
80.14	0.001734071
80.16	0.001610192
80.18	0.001439664
80.2	0.001235253
80.22	0.001002146
80.24	0.000748418
80.26	0.000531168
80.28	0.000390837
80.3	0.000355262
80.32	0.000432302
80.34	0.000623085
80.36	0.000932577
80.38	0.001367357
80.4	0.00191313
80.42	0.00253082
80.44	0.003163407
80.46	0.003758517
80.48	0.004261105
80.5	0.004662784
80.52	0.004973194
80.54	0.005207403
80.56	0.005366379
80.58	0.005456154
80.6	0.005486163
80.62	0.005470733
80.64	0.005418273
80.66	0.00532216
80.68	0.005173493
80.7	0.004964666
80.72	0.004693849
80.74	0.004382875
80.76	0.004064696
80.78	0.003795708
80.8	0.003599084
80.82	0.00347941
80.84	0.003450341
80.86	0.003507601
80.88	0.003657679
80.9	0.00388787
80.92	0.00419177
80.94	0.004561235
80.96	0.004991897
80.98	0.005466207
81	0.005945096
81.02	0.006385581
81.04	0.006752851
81.06	0.007035386
81.08	0.007245535
81.1	0.00739729
81.12	0.007487448
81.14	0.007507124
81.16	0.007455774
81.18	0.007348494
81.2	0.007196485
81.22	0.007010432
81.24	0.006805976
81.26	0.006579348
81.28	0.006339193
81.3	0.006097598
81.32	0.005879987
81.34	0.005710278
81.36	0.005613213
81.38	0.005603032
81.4	0.005688885
81.42	0.005857154
81.44	0.006084783
81.46	0.00635945
81.48	0.006658139
81.5	0.006953092
81.52	0.007233642
81.54	0.007468695
81.56	0.007619382
81.58	0.007674694
81.6	0.007658964
81.62	0.007575751
81.64	0.007439055
81.66	0.007246458
81.68	0.00702552
81.7	0.00680603
81.72	0.00660812
81.74	0.006442522
81.76	0.006322816
81.78	0.006272231
81.8	0.006315776
81.82	0.006463022
81.84	0.006703325
81.86	0.007012423
81.88	0.007367664
81.9	0.007743056
81.92	0.008118262
81.94	0.008466194
81.96	0.008761174
81.98	0.008995714
82	0.00915693
82.02	0.009228882
82.04	0.009197404
82.06	0.009063377
82.08	0.008823187
82.1	0.008453715
82.12	0.007973487
82.14	0.007428323
82.16	0.006858478
82.18	0.006293986
82.2	0.005757391
82.22	0.005270262
82.24	0.004852097
82.26	0.004531726
82.28	0.004308156
82.3	0.00416922
82.32	0.004105944
82.34	0.004115904
82.36	0.004204513
82.38	0.004375583
82.4	0.004621375
82.42	0.004935892
82.44	0.005303982
82.46	0.005717631
82.48	0.00615862
82.5	0.006594176
82.52	0.006997112
82.54	0.007343832
82.56	0.007609598
82.58	0.007793337
82.6	0.007895372
82.62	0.007906461
82.64	0.007830829
82.66	0.007679667
82.68	0.007466079
82.7	0.007213299
82.72	0.00695058
82.74	0.006699115
82.76	0.006465007
82.78	0.00626508
82.8	0.006133423
82.82	0.006093343
82.84	0.006142194
82.86	0.006263505
82.88	0.006437007
82.9	0.006636424
82.92	0.006834525
82.94	0.00699663
82.96	0.00708484
82.98	0.007084087
83	0.006994807
83.02	0.006819142
83.04	0.006577665
83.06	0.006310591
83.08	0.006058928
83.1	0.005857985
83.12	0.005727181
83.14	0.005665621
83.16	0.005655772
83.18	0.00566831
83.2	0.005674117
83.22	0.00566106
83.24	0.005618354
83.26	0.0055388
83.28	0.005432219
83.3	0.005315592
83.32	0.005224064
83.34	0.005189207
83.36	0.005212122
83.38	0.005290755
83.4	0.005414008
83.42	0.00557287
83.44	0.005754598
83.46	0.005946428
83.48	0.006104609
83.5	0.006171255
83.52	0.006104133
83.54	0.005883864
83.56	0.005510826
83.58	0.004979794
83.6	0.004286427
83.62	0.003459803
83.64	0.002572593
83.66	0.001718875
83.68	0.000945836
83.7	0.000299816
83.72	-0.000196754
83.74	-0.000522165
83.76	-0.000674027
83.78	-0.000671768
83.8	-0.000533459
83.82	-0.000276972
83.84	6.14803E-05
83.86	0.000428879
83.88	0.000766782
83.9	0.001080652
83.92	0.001368601
83.94	0.001620055
83.96	0.001838094
83.98	0.002020471
84	0.00216343
84.02	0.002272986
84.04	0.002326536
84.06	0.002318283
84.08	0.002257286
84.1	0.002145014
84.12	0.001966548
84.14	0.001725853
84.16	0.00142576
84.18	0.001077937
84.2	0.000707146
84.22	0.000329978
84.24	-2.73505E-05
84.26	-0.000323307
84.28	-0.000531986
84.3	-0.000637857
84.32	-0.000632187
84.34	-0.000520405
84.36	-0.000302723
84.38	-1.45568E-06
84.4	0.00035578
84.42	0.000751061
84.44	0.001146059
84.46	0.001498687
84.48	0.001795588
84.5	0.002066879
84.52	0.002332184
84.54	0.002612459
84.56	0.002914625
84.58	0.003231592
84.6	0.003545052
84.62	0.003827184
84.64	0.004056809
84.66	0.004224035
84.68	0.004328208
84.7	0.004373191
84.72	0.004348541
84.74	0.004261402
84.76	0.004129211
84.78	0.003985321
84.8	0.003866442
84.82	0.00379717
84.84	0.003780028
84.86	0.003836201
84.88	0.003974664
84.9	0.00420657
84.92	0.00452233
84.94	0.004896508
84.96	0.00529869
84.98	0.00569105
85	0.006015781
85.02	0.006204445
85.04	0.006277542
85.06	0.006237142
85.08	0.006090493
85.1	0.005863641
85.12	0.0055973
85.14	0.005359926
85.16	0.005178186
85.18	0.005071299
85.2	0.005060272
85.22	0.005149979
85.24	0.005347836
85.26	0.005637069
85.28	0.00599468
85.3	0.006387392
85.32	0.006800365
85.34	0.007203708
85.36	0.007550849
85.38	0.007846629
85.4	0.00809494
85.42	0.008273138
85.44	0.008375329
85.46	0.008393201
85.48	0.008345518
85.5	0.008251826
85.52	0.008129015
85.54	0.007993862
85.56	0.007837624
85.58	0.007643171
85.6	0.007434305
85.62	0.007214446
85.64	0.006983053
85.66	0.006736312
85.68	0.006468419
85.7	0.00619277
85.72	0.005936156
85.74	0.005722434
85.76	0.005579737
85.78	0.005522738
85.8	0.005546159
85.82	0.00565002
85.84	0.005820955
85.86	0.006047568
85.88	0.006331685
85.9	0.006622746
85.92	0.006896002
85.94	0.007143328
85.96	0.007357934
85.98	0.007533452
86	0.007648733
86.02	0.00767766
86.04	0.007621061
86.06	0.007490573
86.08	0.007290038
86.1	0.00704011
86.12	0.006779267
86.14	0.006551066
86.16	0.006390576
86.18	0.006307603
86.2	0.006292497
86.22	0.006323618
86.24	0.006371168
86.26	0.006417027
86.28	0.006454154
86.3	0.006485134
86.32	0.006532087
86.34	0.006613616
86.36	0.006750883
86.38	0.006954281
86.4	0.007224443
86.42	0.00753659
86.44	0.007851481
86.46	0.008119754
86.48	0.008302157
86.5	0.008401719
86.52	0.008412601
86.54	0.008338882
86.56	0.008178701
86.58	0.007939738
86.6	0.007632215
86.62	0.007279299
86.64	0.006905683
86.66	0.006536577
86.68	0.006199695
86.7	0.005939242
86.72	0.005765326
86.74	0.005686341
86.76	0.005694097
86.78	0.005781221
86.8	0.00592954
86.82	0.006115913
86.84	0.00631909
86.86	0.006509813
86.88	0.006682031
86.9	0.006815191
86.92	0.006892321
86.94	0.006905157
86.96	0.006857327
86.98	0.006753969
87	0.006593399
87.02	0.006377045
87.04	0.006130178
87.06	0.005870542
87.08	0.005603869
87.1	0.005316293
87.12	0.004989403
87.14	0.004614159
87.16	0.004210316
87.18	0.003805869
87.2	0.003385635
87.22	0.002976129
87.24	0.002605302
87.26	0.002296082
87.28	0.002053586
87.3	0.001882335
87.32	0.001792854
87.34	0.001786066
87.36	0.001850282
87.38	0.001962551
87.4	0.0020915
87.42	0.002200625
87.44	0.002276423
87.46	0.002300863
87.48	0.002260684
87.5	0.002134802
87.52	0.001923443
87.54	0.001648189
87.56	0.001335707
87.58	0.001018703
87.6	0.000727164
87.62	0.000476112
87.64	0.000278125
87.66	0.00014537
87.68	6.33909E-05
87.7	3.38259E-05
87.72	3.68889E-05
87.74	7.16147E-05
87.76	0.000136782
87.78	0.000234059
87.8	0.00037135
87.82	0.000544447
87.84	0.000738738
87.86	0.000943352
87.88	0.001137618
87.9	0.001311543
87.92	0.00145713
87.94	0.00156024
87.96	0.001595419
87.98	0.001568639
88	0.001471098
88.02	0.00128815
88.04	0.001029185
88.06	0.000695325
88.08	0.000304158
88.1	-0.000119774
88.12	-0.000547228
88.14	-0.000942208
88.16	-0.001288926
88.18	-0.001583108
88.2	-0.001829068
88.22	-0.002028809
88.24	-0.002179946
88.26	-0.002287519
88.28	-0.002360063
88.3	-0.00239949
88.32	-0.002391735
88.34	-0.002320984
88.36	-0.002183528
88.38	-0.001978126
88.4	-0.001712102
88.42	-0.001400639
88.44	-0.001088826
88.46	-0.000809387
88.48	-0.000575936
88.5	-0.000398202
88.52	-0.000287379
88.54	-0.000259502
88.56	-0.000318949
88.58	-0.000464043
88.6	-0.000670366
88.62	-0.000894118
88.64	-0.00109702
88.66	-0.001264624
88.68	-0.001375295
88.7	-0.001409766
88.72	-0.001361711
88.74	-0.001240811
88.76	-0.001062919
88.78	-0.000837863
88.8	-0.000579484
88.82	-0.000302766
88.84	-1.21343E-05
88.86	0.000284059
88.88	0.000591853
88.9	0.00092546
88.92	0.001277553
88.94	0.001639501
88.96	0.002006637
88.98	0.002364108
89	0.00267676
89.02	0.002935945
89.04	0.003135489
89.06	0.003280611
89.08	0.003380753
89.1	0.003450539
89.12	0.00351163
89.14	0.003576628
89.16	0.003650217
89.18	0.003736028
89.2	0.003845287
89.22	0.003995573
89.24	0.004185915
89.26	0.00438587
89.28	0.004568779
89.3	0.004709458
89.32	0.00481032
89.34	0.004863938
89.36	0.004852005
89.38	0.004759763
89.4	0.004579665
89.42	0.004324259
89.44	0.004033804
89.46	0.003733357
89.48	0.003440405
89.5	0.003185629
89.52	0.00296707
89.54	0.002779412
89.56	0.002613203
89.58	0.002459662
89.6	0.002297717
89.62	0.002110144
89.64	0.001888966
89.66	0.001642927
89.68	0.001393986
89.7	0.001170735
89.72	0.001010833
89.74	0.000948833
89.76	0.00101486
89.78	0.001235757
89.8	0.001592217
89.82	0.002034411
89.84	0.002526709
89.86	0.003003344
89.88	0.003431836
89.9	0.003779153
89.92	0.004024868
89.94	0.004155375
89.96	0.004176544
89.98	0.00410693
90	0.003958884
90.02	0.003753519
90.04	0.003522692
90.06	0.00329857
90.08	0.003096419
90.1	0.002920461
90.12	0.002788608
90.14	0.002707784
90.16	0.002688167
90.18	0.002723979
90.2	0.002799349
90.22	0.002904856
90.24	0.003020527
90.26	0.003145265
90.28	0.003286885
90.3	0.003460325
90.32	0.003689305
90.34	0.003982609
90.36	0.004351177
90.38	0.004804363
90.4	0.005336219
90.42	0.005916532
90.44	0.006490025
90.46	0.007040997
90.48	0.007557459
90.5	0.008027886
90.52	0.008408195
90.54	0.00867862
90.56	0.008816963
90.58	0.008820479
90.6	0.008715022
90.62	0.008540785
90.64	0.008330745
90.66	0.008100449
90.68	0.007885776
90.7	0.007732125
90.72	0.007665464
90.74	0.007694813
90.76	0.007804244
90.78	0.007964504
90.8	0.008146827
90.82	0.008324555
90.84	0.008475779
90.86	0.008597405
90.88	0.008684364
90.9	0.008726272
90.92	0.008734691
90.94	0.00871994
90.96	0.008689087
90.98	0.008647321
91	0.00859188
91.02	0.00853667
91.04	0.008497522
91.06	0.008477656
91.08	0.008476472
91.1	0.008482844
91.12	0.00849696
91.14	0.008525122
91.16	0.008564487
91.18	0.008598377
91.2	0.008603656
91.22	0.0085608
91.24	0.00846708
91.26	0.008332638
91.28	0.008205626
91.3	0.008081175
91.32	0.007949293
91.34	0.007808279
91.36	0.007664517
91.38	0.007522545
91.4	0.007366987
91.42	0.007193728
91.44	0.006987531
91.46	0.006740973
91.48	0.006462814
91.5	0.00616559
91.52	0.005871125
91.54	0.005588416
91.56	0.005331979
91.58	0.005101424
91.6	0.004906731
91.62	0.004757332
91.64	0.004646933
91.66	0.004566721
91.68	0.004516893
91.7	0.004508762
91.72	0.004552785
91.74	0.004643349
91.76	0.004780505
91.78	0.004961235
91.8	0.005187507
91.82	0.005456767
91.84	0.005755876
91.86	0.006060446
91.88	0.006348341
91.9	0.006597977
91.92	0.006791413
91.94	0.006911564
91.96	0.006947833
91.98	0.006892371
92	0.006745538
92.02	0.006515148
92.04	0.006207803
92.06	0.005842865
92.08	0.005447414
92.1	0.005073288
92.12	0.004755127
92.14	0.004512867
92.16	0.004352907
92.18	0.004274289
92.2	0.004267154
92.22	0.00431678
92.24	0.00441097
92.26	0.004521276
92.28	0.004623557
92.3	0.004697361
92.32	0.004741024
92.34	0.004761797
92.36	0.004759865
92.38	0.004743005
92.4	0.004711328
92.42	0.004662115
92.44	0.004591312
92.46	0.004498861
92.48	0.00439026
92.5	0.004274396
92.52	0.004163525
92.54	0.004054929
92.56	0.003945105
92.58	0.003837534
92.6	0.003739744
92.62	0.003668048
92.64	0.003641167
92.66	0.003658761
92.68	0.003727453
92.7	0.00384844
92.72	0.004027457
92.74	0.004260403
92.76	0.004542321
92.78	0.004864016
92.8	0.005203818
92.82	0.005535612
92.84	0.005822701
92.86	0.006067505
92.88	0.006276006
92.9	0.006450789
92.92	0.006584599
92.94	0.006657687
92.96	0.006669233
92.98	0.006636868
93	0.006574296
93.02	0.006485755
93.04	0.006368567
93.06	0.006226097
93.08	0.006068619
93.1	0.005914552
93.12	0.005781878
93.14	0.005687744
93.16	0.005640249
93.18	0.005625953
93.2	0.005639847
93.22	0.005670657
93.24	0.005723225
93.26	0.005787484
93.28	0.005848925
93.3	0.005898716
93.32	0.005941924
93.34	0.0059899
93.36	0.006039107
93.38	0.00607251
93.4	0.006061552
93.42	0.005989881
93.44	0.005860917
93.46	0.00567804
93.48	0.005440269
93.5	0.005139269
93.52	0.00478471
93.54	0.004396494
93.56	0.00400039
93.58	0.003620945
93.6	0.003261907
93.62	0.002925403
93.64	0.002612101
93.66	0.002340109
93.68	0.002134232
93.7	0.001976215
93.72	0.001867648
93.74	0.001801151
93.76	0.00177247
93.78	0.0017782
93.8	0.001811171
93.82	0.001861474
93.84	0.001927107
93.86	0.002009867
93.88	0.002104017
93.9	0.002206742
93.92	0.002316042
93.94	0.002429302
93.96	0.002550767
93.98	0.002675004
94	0.002784645
94.02	0.002880793
94.04	0.00295826
94.06	0.003032201
94.08	0.003109682
94.1	0.003209321
94.12	0.003350938
94.14	0.00354719
94.16	0.003813636
94.18	0.004149498
94.2	0.004561226
94.22	0.005031276
94.24	0.005536356
94.26	0.006056556
94.28	0.006572741
94.3	0.007074683
94.32	0.007560041
94.34	0.008026148
94.36	0.008456641
94.38	0.008836856
94.4	0.009156112
94.42	0.009416447
94.44	0.009622014
94.46	0.009771398
94.48	0.009853412
94.5	0.009855319
94.52	0.009779319
94.54	0.009643475
94.56	0.009466593
94.58	0.009264071
94.6	0.009042431
94.62	0.008817987
94.64	0.008608955
94.66	0.008428416
94.68	0.008277273
94.7	0.008148256
94.72	0.008027473
94.74	0.007910842
94.76	0.007796264
94.78	0.007666818
94.8	0.007525873
94.82	0.007371884
94.84	0.007209847
94.86	0.007040004
94.88	0.00685879
94.9	0.006663456
94.92	0.006448763
94.94	0.006214029
94.96	0.005965961
94.98	0.005718388
95	0.005476862
95.02	0.005250512
95.04	0.005039208
95.06	0.004850642
95.08	0.00468507
95.1	0.00454036
95.12	0.004415267
95.14	0.004286193
95.16	0.004136743
95.18	0.003964034
95.2	0.003784145
95.22	0.003600855
95.24	0.003413805
95.26	0.003234647
95.28	0.003068388
95.3	0.002926877
95.32	0.002816637
95.34	0.002743705
95.36	0.002706836
95.38	0.002709692
95.4	0.002754476
95.42	0.002833825
95.44	0.002928472
95.46	0.003015717
95.48	0.003076086
95.5	0.003098654
95.52	0.003078519
95.54	0.003026071
95.56	0.002962823
95.58	0.002918651
95.6	0.002915864
95.62	0.002971604
95.64	0.003092114
95.66	0.003276788
95.68	0.003518473
95.7	0.003808422
95.72	0.004117671
95.74	0.004398809
95.76	0.004623562
95.78	0.00478101
95.8	0.004871407
95.82	0.004900269
95.84	0.004862933
95.86	0.004766635
95.88	0.004617928
95.9	0.004431193
95.92	0.004232449
95.94	0.004043964
95.96	0.003872126
95.98	0.003714577
96	0.003556159
96.02	0.003384954
96.04	0.003194801
96.06	0.002989349
96.08	0.002764529
96.1	0.002525881
96.12	0.002278322
96.14	0.002031281
96.16	0.001800571
96.18	0.001591491
96.2	0.001407817
96.22	0.001245574
96.24	0.001095959
96.26	0.000962424
96.28	0.000856361
96.3	0.000783167
96.32	0.000738478
96.34	0.000713296
96.36	0.000703202
96.38	0.000708459
96.4	0.000719016
96.42	0.000723775
96.44	0.000723294
96.46	0.000725188
96.48	0.000746183
96.5	0.000803492
96.52	0.000905813
96.54	0.001045506
96.56	0.001179581
96.58	0.001277516
96.6	0.001332416
96.62	0.001340604
96.64	0.001295716
96.66	0.001194819
96.68	0.001051552
96.7	0.000888272
96.72	0.000737858
96.74	0.000616812
96.76	0.000531933
96.78	0.000496913
96.8	0.000522538
96.82	0.000614761
96.84	0.000756062
96.86	0.000927278
96.88	0.001128031
96.9	0.001345243
96.92	0.001571471
96.94	0.001819247
96.96	0.002087116
96.98	0.002354715
97	0.00261767
97.02	0.002896319
97.04	0.003213052
97.06	0.00357444
97.08	0.003955695
97.1	0.004316921
97.12	0.004631255
97.14	0.004884638
97.16	0.005066739
97.18	0.00515989
97.2	0.005144154
97.22	0.00501321
97.24	0.004777765
97.26	0.004469624
97.28	0.004118719
97.3	0.003764385
97.32	0.003421231
97.34	0.003109166
97.36	0.002842427
97.38	0.002620468
97.4	0.002417237
97.42	0.00220605
97.44	0.001974402
97.46	0.001718056
97.48	0.001440496
97.5	0.001153032
97.52	0.00088067
97.54	0.000650092
97.56	0.000480268
97.58	0.000381184
97.6	0.000353218
97.62	0.000373021
97.64	0.000418329
97.66	0.000462708
97.68	0.000480444
97.7	0.000464763
97.72	0.000442196
97.74	0.000424691
97.76	0.000417055
97.78	0.00042829
97.8	0.000468862
97.82	0.000527822
97.84	0.000581944
97.86	0.000613769
97.88	0.000641831
97.9	0.000681972
97.92	0.000731665
97.94	0.00080317
97.96	0.000893981
97.98	0.001003527
98	0.001122886
98.02	0.001247914
98.04	0.00137411
98.06	0.001502446
98.08	0.001645494
98.1	0.001810812
98.12	0.002004299
98.14	0.002249074
98.16	0.002552405
98.18	0.002913274
98.2	0.003311493
98.22	0.003726783
98.24	0.004117842
98.26	0.004434888
98.28	0.004677718
98.3	0.004860388
98.32	0.005009992
98.34	0.005149464
98.36	0.005296749
98.38	0.005465467
98.4	0.005676709
98.42	0.005957086
98.44	0.006312578
98.46	0.006718835
98.48	0.007140173
98.5	0.007532494
98.52	0.007866562
98.54	0.008126289
98.56	0.008304867
98.58	0.008404017
98.6	0.008421429
98.62	0.008356852
98.64	0.008214405
98.66	0.008013449
98.68	0.007780644
98.7	0.007541552
98.72	0.007305768
98.74	0.007090716
98.76	0.006913977
98.78	0.006805835
98.8	0.006770823
98.82	0.006788935
98.84	0.006832296
98.86	0.006879792
98.88	0.006919752
98.9	0.006930135
98.92	0.006880297
98.94	0.0067598
98.96	0.00657922
98.98	0.006367734
99	0.00616143
99.02	0.005994663
99.04	0.005877619
99.06	0.005798404
99.08	0.005740565
99.1	0.005676497
99.12	0.005606956
99.14	0.005529825
99.16	0.005434235
99.18	0.005317774
99.2	0.005187014
99.22	0.005055568
99.24	0.004925954
99.26	0.004790374
99.28	0.004650855
99.3	0.004519495
99.32	0.004410798
99.34	0.004312704
99.36	0.004224796
99.38	0.00417837
99.4	0.004191501
99.42	0.004273273
99.44	0.004400987
99.46	0.004542867
99.48	0.004678142
99.5	0.004788355
99.52	0.004871361
99.54	0.004919771
99.56	0.004937442
99.58	0.004922552
99.6	0.004880244
99.62	0.004821882
99.64	0.004752986
99.66	0.004679923
99.68	0.004587299
99.7	0.004468683
99.72	0.004326173
99.74	0.004173262
99.76	0.004035171
99.78	0.00394271
99.8	0.00390982
99.82	0.003940936
99.84	0.004041365
99.86	0.004204782
99.88	0.004413344
99.9	0.004644803
99.92	0.00488602
99.94	0.005122666
99.96	0.005347072
99.98	0.005568906
100	0.005798891
100.02	0.006031571
100.04	0.006252307
100.06	0.006443239
100.08	0.006589286
100.1	0.00666957
100.12	0.006675195
100.14	0.006607531
100.16	0.00647
100.18	0.006291503
100.2	0.006113014
100.22	0.005965605
100.24	0.005851756
100.26	0.00576838
100.28	0.005716638
100.3	0.005695072
100.32	0.005702748
100.34	0.005734523
100.36	0.005788761
100.38	0.005863073
100.4	0.005960582
100.42	0.006087183
100.44	0.006240643
100.46	0.00640688
100.48	0.006557356
100.5	0.006667035
100.52	0.006722621
100.54	0.006719775
100.56	0.006673364
100.58	0.006584305
100.6	0.006450444
100.62	0.006280494
100.64	0.006086572
100.66	0.005881347
100.68	0.005670328
100.7	0.005457366
100.72	0.005248506
100.74	0.005059329
100.76	0.004918118
100.78	0.004831064
100.8	0.004813628
100.82	0.004875161
100.84	0.005022005
100.86	0.005255665
100.88	0.005551534
100.9	0.005883653
100.92	0.006231356
100.94	0.006569096
100.96	0.006869664
100.98	0.007095991
101	0.007228925
101.02	0.007254675
101.04	0.00717857
101.06	0.007010807
101.08	0.006760065
101.1	0.006460852
101.12	0.006130379
101.14	0.005794008
101.16	0.005467536
101.18	0.005164304
101.2	0.004887044
101.22	0.004628268
101.24	0.004380554
101.26	0.00414377
101.28	0.003915038
101.3	0.003694466
101.32	0.003480328
101.34	0.003276809
101.36	0.00309073
101.38	0.002932338
101.4	0.002809033
101.42	0.002722776
101.44	0.002679288
101.46	0.002692293
101.48	0.002771782
101.5	0.00290562
101.52	0.003064538
101.54	0.003212066
101.56	0.003314542
101.58	0.003351188
101.6	0.003302771
101.62	0.003153345
101.64	0.002895053
101.66	0.002548831
101.68	0.002160067
101.7	0.001784243
101.72	0.001476317
101.74	0.001251119
101.76	0.001117442
101.78	0.001074345
101.8	0.001119888
101.82	0.001248749
101.84	0.001433606
101.86	0.001630873
101.88	0.001820133
101.9	0.001998194
101.92	0.002174273
101.94	0.002359041
101.96	0.002557359
101.98	0.002766794
102	0.002995515
102.02	0.003244445
102.04	0.003514801
102.06	0.003804532
102.08	0.004091077
102.1	0.004363909
102.12	0.004603047
102.14	0.004797772
102.16	0.004967265
102.18	0.005119209
102.2	0.005260618
102.22	0.005394416
102.24	0.005539736
102.26	0.005732495
102.28	0.005987478
102.3	0.006307834
102.32	0.006678892
102.34	0.007087853
102.36	0.007526984
102.38	0.007985146
102.4	0.008442368
102.42	0.008863245
102.44	0.009219712
102.46	0.009484537
102.48	0.00963845
102.5	0.009679764
102.52	0.009602678
102.54	0.009414163
102.56	0.009117796
102.58	0.0087274
102.6	0.008282706
102.62	0.007792807
102.64	0.007271835
102.66	0.006732984
102.68	0.006200064
102.7	0.00570038
102.72	0.005255043
102.74	0.004872782
102.76	0.004559458
102.78	0.004315245
102.8	0.004128437
102.82	0.003992846
102.84	0.00389862
102.86	0.003827053
102.88	0.00375884
102.9	0.003695098
102.92	0.003653251
102.94	0.003651751
102.96	0.003694533
102.98	0.003761843
103	0.003828527
103.02	0.00387613
103.04	0.003883432
103.06	0.003831872
103.08	0.003696159
103.1	0.003464488
103.12	0.003149577
103.14	0.002780592
103.16	0.002385094
103.18	0.002006096
103.2	0.001660916
103.22	0.001350355
103.24	0.001088804
103.26	0.000892754
103.28	0.000762421
103.3	0.000704662
103.32	0.000723923
103.34	0.000825107
103.36	0.00101194
103.38	0.001284893
103.4	0.001634353
103.42	0.002055306
103.44	0.002531508
103.46	0.003029388
103.48	0.003516703
103.5	0.003951716
103.52	0.004337879
103.54	0.004681579
103.56	0.004986278
103.58	0.005259045
103.6	0.005495697
103.62	0.005701634
103.64	0.005876814
103.66	0.006020672
103.68	0.006132225
103.7	0.006202869
103.72	0.006238254
103.74	0.006250963
103.76	0.006244601
103.78	0.006236538
103.8	0.006238607
103.82	0.006256174
103.84	0.006282398
103.86	0.006309967
103.88	0.006329741
103.9	0.006334585
103.92	0.006312766
103.94	0.006259304
103.96	0.00618139
103.98	0.006098567
104	0.006035425
104.02	0.00600196
104.04	0.005965919
104.06	0.005891731
104.08	0.005780824
104.1	0.00563437
104.12	0.00545107
104.14	0.005237259
104.16	0.005006566
104.18	0.004789756
104.2	0.004624031
104.22	0.004538668
104.24	0.004538509
104.26	0.004614025
104.28	0.004747864
104.3	0.004924743
104.32	0.005132092
104.34	0.005358058
104.36	0.005596306
104.38	0.005809668
104.4	0.005980492
104.42	0.006125285
104.44	0.006237413
104.46	0.006298212
104.48	0.006284758
104.5	0.006193834
104.52	0.006036558
104.54	0.00584724
104.56	0.005647175
104.58	0.005449346
104.6	0.005256702
104.62	0.005083901
104.64	0.004945769
104.66	0.004850516
104.68	0.004799831
104.7	0.004780628
104.72	0.004765252
104.74	0.004738946
104.76	0.004724626
104.78	0.004743247
104.8	0.004794817
104.82	0.00487761
104.84	0.004988909
104.86	0.005139169
104.88	0.00532089
104.9	0.005503142
104.92	0.005656728
104.94	0.005746387
104.96	0.005748769
104.98	0.005653689
105	0.005453488
105.02	0.005148793
105.04	0.0047632
105.06	0.004337866
105.08	0.003918316
105.1	0.003567598
105.12	0.003283347
105.14	0.003065031
105.16	0.002910047
105.18	0.002825988
105.2	0.0028141
105.22	0.002853455
105.24	0.002913017
105.26	0.002977714
105.28	0.00303638
105.3	0.003074393
105.32	0.003080359
105.34	0.003047203
105.36	0.002973205
105.38	0.002867192
105.4	0.002741823
105.42	0.002617671
105.44	0.002509876
105.46	0.002408785
105.48	0.002297621
105.5	0.002154228
105.52	0.001958078
105.54	0.001689319
105.56	0.001326858
105.58	0.000870514
105.6	0.000347991
105.62	-0.000194586
105.64	-0.000696226
105.66	-0.001114237
105.68	-0.00143786
105.7	-0.001647459
105.72	-0.001729308
105.74	-0.001674231
105.76	-0.001470631
105.78	-0.001134319
105.8	-0.000698975
105.82	-0.00020447
105.84	0.000275582
105.86	0.0007141
105.88	0.001083676
105.9	0.001371534
105.92	0.001570383
105.94	0.001681926
105.96	0.0017114
105.98	0.001656179
106	0.001555552
106.02	0.001434041
106.04	0.001317526
106.06	0.001221607
106.08	0.001153218
106.1	0.001109731
106.12	0.001081385
106.14	0.001063848
106.16	0.001059366
106.18	0.001071594
106.2	0.001109699
106.22	0.001182821
106.24	0.001302757
106.26	0.001483534
106.28	0.001743067
106.3	0.002075299
106.32	0.002468777
106.34	0.002909713
106.36	0.003378566
106.38	0.003845714
106.4	0.004280892
106.42	0.004655243
106.44	0.00493632
106.46	0.00513891
106.48	0.00526558
106.5	0.005325485
106.52	0.005329065
106.54	0.005278891
106.56	0.005181546
106.58	0.005059373
106.6	0.004916881
106.62	0.004774452
106.64	0.004655217
106.66	0.004562535
106.68	0.004492974
106.7	0.004452576
106.72	0.004442306
106.74	0.00446465
106.76	0.004524355
106.78	0.004624647
106.8	0.004737323
106.82	0.00483731
106.84	0.00491036
106.86	0.00495128
106.88	0.004963813
106.9	0.004946727
106.92	0.004899528
106.94	0.004818296
106.96	0.004685572
106.98	0.004487141
107	0.00421737
107.02	0.003884857
107.04	0.003501593
107.06	0.003088188
107.08	0.002654185
107.1	0.002211553
107.12	0.001797153
107.14	0.001456334
107.16	0.001207743
107.18	0.001065957
107.2	0.001022758
107.22	0.001066836
107.24	0.001195219
107.26	0.001389208
107.28	0.001630635
107.3	0.001894643
107.32	0.002162199
107.34	0.002422187
107.36	0.002669214
107.38	0.002894443
107.4	0.003079663
107.42	0.003213901
107.44	0.003286619
107.46	0.00330859
107.48	0.003296581
107.5	0.003274113
107.52	0.003246466
107.54	0.003211784
107.56	0.003177799
107.58	0.003164661
107.6	0.003190311
107.62	0.003254736
107.64	0.003336365
107.66	0.003417505
107.68	0.003493277
107.7	0.003582332
107.72	0.003706131
107.74	0.003866542
107.76	0.004058106
107.78	0.004283723
107.8	0.004541678
107.82	0.00482684
107.84	0.005132497
107.86	0.005449871
107.88	0.00574012
107.9	0.005992631
107.92	0.006216106
107.94	0.0064043
107.96	0.006551933
107.98	0.006649739
108	0.006693213
108.02	0.006687243
108.04	0.006644043
108.06	0.006578691
108.08	0.006505351
108.1	0.006443081
108.12	0.006420492
108.14	0.006467541
108.16	0.006600416
108.18	0.006819375
108.2	0.007112338
108.22	0.007457159
108.24	0.007808661
108.26	0.008145042
108.28	0.00844113
108.3	0.008684534
108.32	0.008858785
108.34	0.008945776
108.36	0.008944774
108.38	0.008875207
108.4	0.008745784
108.42	0.008570069
108.44	0.008355973
108.46	0.008112615
108.48	0.007847344
108.5	0.007569419
108.52	0.007293627
108.54	0.007008735
108.56	0.006708744
108.58	0.006386471
108.6	0.006039301
108.62	0.005671554
108.64	0.005292906
108.66	0.004935694
108.68	0.004628295
108.7	0.004384733
108.72	0.0042129
108.74	0.004118874
108.76	0.004106181
108.78	0.004169647
108.8	0.004293538
108.82	0.004441422
108.84	0.004570636
108.86	0.004664681
108.88	0.004699699
108.9	0.004663448
108.92	0.004543014
108.94	0.004330992
108.96	0.004035785
108.98	0.003672426
109	0.00326843
109.02	0.002857781
109.04	0.002450337
109.06	0.002078026
109.08	0.001750234
109.1	0.001470553
109.12	0.00124
109.14	0.001065495
109.16	0.000938853
109.18	0.000844597
109.2	0.00078118
109.22	0.000752108
109.24	0.000758381
109.26	0.000798602
109.28	0.000867611
109.3	0.000968444
109.32	0.001103313
109.34	0.001262902
109.36	0.001442509
109.38	0.001629344
109.4	0.001812849
109.42	0.001980946
109.44	0.002119497
109.46	0.002212089
109.48	0.00225518
109.5	0.002255776
109.52	0.002233283
109.54	0.002205232
109.56	0.002188795
109.58	0.002203334
109.6	0.00226032
109.62	0.002366233
109.64	0.002508699
109.66	0.002679611
109.68	0.002852741
109.7	0.002999051
109.72	0.003124176
109.74	0.003241966
109.76	0.003373543
109.78	0.003533427
109.8	0.003711183
109.82	0.003891328
109.84	0.004049226
109.86	0.004173969
109.88	0.004251013
109.9	0.004256947
109.92	0.004171948
109.94	0.004002306
109.96	0.003774693
109.98	0.003525415
110	0.003305616
110.02	0.0031465
110.04	0.0030474
110.06	0.003014727
110.08	0.003060492
110.1	0.003199869
110.12	0.003430788
110.14	0.00373369
110.16	0.004073849
110.18	0.004419892
110.2	0.004765789
110.22	0.00510593
110.24	0.005432628
110.26	0.005736949
110.28	0.006003328
110.3	0.006224163
110.32	0.006405373
110.34	0.006546115
110.36	0.006642306
110.38	0.006680654
110.4	0.006650028
110.42	0.006551631
110.44	0.006394513
110.46	0.006164483
110.48	0.005864828
110.5	0.005502426
110.52	0.005091083
110.54	0.004651691
110.56	0.004216986
110.58	0.003808831
110.6	0.003448534
110.62	0.003163498
110.64	0.002969473
110.66	0.002878654
110.68	0.00288782
110.7	0.002978169
110.72	0.003129814
110.74	0.003310817
110.76	0.003488767
110.78	0.00365257
110.8	0.003773641
110.82	0.003849249
110.84	0.00387374
110.86	0.003849667
110.88	0.003781057
110.9	0.003670863
110.92	0.003538827
110.94	0.00339871
110.96	0.003259915
110.98	0.00313038
111	0.00300086
111.02	0.002860493
111.04	0.002704498
111.06	0.002550032
111.08	0.002408979
111.1	0.002276564
111.12	0.002153544
111.14	0.002043255
111.16	0.001961994
111.18	0.00192947
111.2	0.001960574
111.22	0.002057884
111.24	0.002202656
111.26	0.002381103
111.28	0.002591202
111.3	0.002822113
111.32	0.003046309
111.34	0.003236654
111.36	0.00338833
111.38	0.003496084
111.4	0.003569166
111.42	0.003614431
111.44	0.003636462
111.46	0.003644965
111.48	0.003658671
111.5	0.00370622
111.52	0.003809816
111.54	0.003983062
111.56	0.004223786
111.58	0.004526933
111.6	0.00488972
111.62	0.005304253
111.64	0.00576144
111.66	0.006235344
111.68	0.006698642
111.7	0.007142132
111.72	0.007566615
111.74	0.007977243
111.76	0.008369647
111.78	0.008737128
111.8	0.009077747
111.82	0.009386486
111.84	0.009651057
111.86	0.009857631
111.88	0.009994593
111.9	0.010054229
111.92	0.01004396
111.94	0.009976968
111.96	0.009856349
111.98	0.0096889
112	0.009486918
112.02	0.009268159
112.04	0.009055091
112.06	0.008862927
112.08	0.008695315
112.1	0.008550209
112.12	0.008421519
112.14	0.008308438
112.16	0.008203049
112.18	0.008091654
112.2	0.007960181
112.22	0.007805595
112.24	0.007636991
112.26	0.007469264
112.28	0.007312011
112.3	0.007165089
112.32	0.007025711
112.34	0.006891781
112.36	0.006772281
112.38	0.006672359
112.4	0.006584062
112.42	0.006491633
112.44	0.006388431
112.46	0.006281601
112.48	0.006170947
112.5	0.006044407
112.52	0.005875564
112.54	0.005645594
112.56	0.005346224
112.58	0.004992285
112.6	0.004613845
112.62	0.004231241
112.64	0.003869151
112.66	0.003570121
112.68	0.00336336
112.7	0.00326265
112.72	0.003268474
112.74	0.003363311
112.76	0.003516074
112.78	0.00369478
112.8	0.003872258
112.82	0.004013961
112.84	0.004084206
112.86	0.004064865
112.88	0.003972631
112.9	0.003825771
112.92	0.003653006
112.94	0.003479071
112.96	0.003325875
112.98	0.003207049
113	0.003136759
113.02	0.003124966
113.04	0.003169804
113.06	0.003267817
113.08	0.003403155
113.1	0.003555532
113.12	0.003703214
113.14	0.003833913
113.16	0.003936469
113.18	0.00400406
113.2	0.004041634
113.22	0.004073159
113.24	0.004109515
113.26	0.004145345
113.28	0.004181905
113.3	0.004219589
113.32	0.004264766
113.34	0.004325018
113.36	0.004409167
113.38	0.004494173
113.4	0.004550259
113.42	0.004583097
113.44	0.004585322
113.46	0.004566695
113.48	0.004538573
113.5	0.004510722
113.52	0.004491518
113.54	0.004476779
113.56	0.004471855
113.58	0.004491822
113.6	0.004551085
113.62	0.004643921
113.64	0.004753073
113.66	0.004848241
113.68	0.004928901
113.7	0.004997619
113.72	0.005068119
113.74	0.005138892
113.76	0.005202437
113.78	0.00526084
113.8	0.005317011
113.82	0.005364033
113.84	0.005401212
113.86	0.005421769
113.88	0.005416799
113.9	0.005383833
113.92	0.005321699
113.94	0.005231617
113.96	0.005131009
113.98	0.00504312
114	0.004991408
114.02	0.004982362
114.04	0.005018211
114.06	0.005087822
114.08	0.005185837
114.1	0.005310733
114.12	0.005454127
114.14	0.005601557
114.16	0.005726862
114.18	0.00579953
114.2	0.005804295
114.22	0.005736679
114.24	0.00560655
114.26	0.005433236
114.28	0.005244948
114.3	0.005052293
114.32	0.004873633
114.34	0.004720954
114.36	0.004601899
114.38	0.004522328
114.4	0.004457833
114.42	0.004384995
114.44	0.004288771
114.46	0.004164352
114.48	0.004024229
114.5	0.003886503
114.52	0.003771449
114.54	0.003694903
114.56	0.003656082
114.58	0.003648302
114.6	0.003650548
114.62	0.003654522
114.64	0.00365278
114.66	0.00364501
114.68	0.003636951
114.7	0.003621712
114.72	0.003594945
114.74	0.003563365
114.76	0.003529605
114.78	0.003483793
114.8	0.003404656
114.82	0.00327469
114.84	0.003096844
114.86	0.002885016
114.88	0.002666293
114.9	0.00244953
114.92	0.002242342
114.94	0.002054087
114.96	0.001896245
114.98	0.001763998
115	0.001639052
115.02	0.001517949
115.04	0.001396244
115.06	0.001266278
115.08	0.001136044
115.1	0.001015338
115.12	0.000910743
115.14	0.000826875
115.16	0.000766581
115.18	0.00073432
115.2	0.000734248
115.22	0.000770211
115.24	0.000827659
115.26	0.000895638
115.28	0.000969521
115.3	0.001056982
115.32	0.001160508
115.34	0.001262166
115.36	0.001349264
115.38	0.001424616
115.4	0.001484413
115.42	0.001533241
115.44	0.001577728
115.46	0.001625541
115.48	0.001696471
115.5	0.001801012
115.52	0.001943407
115.54	0.002117348
115.56	0.002305376
115.58	0.002485965
115.6	0.002635788
115.62	0.002734194
115.64	0.002772455
115.66	0.002752104
115.68	0.002679016
115.7	0.00256709
115.72	0.00244981
115.74	0.002360162
115.76	0.002313844
115.78	0.002316568
115.8	0.00235871
115.82	0.00243635
115.84	0.002551473
115.86	0.002704521
115.88	0.002897019
115.9	0.003122461
115.92	0.003376296
115.94	0.003659811
115.96	0.003972466
115.98	0.004314564
116	0.004681039
116.02	0.00505265
116.04	0.005420283
116.06	0.005776842
116.08	0.006127687
116.1	0.006469872
116.12	0.006789761
116.14	0.007068772
116.16	0.007289546
116.18	0.00744964
116.2	0.007538143
116.22	0.007555305
116.24	0.007499647
116.26	0.00737781
116.28	0.007213509
116.3	0.00702236
116.32	0.006808316
116.34	0.006568342
116.36	0.00628799
116.38	0.005960401
116.4	0.005585834
116.42	0.005160731
116.44	0.004691259
116.46	0.004193048
116.48	0.003690725
116.5	0.003214521
116.52	0.002785989
116.54	0.00242291
116.56	0.002135069
116.58	0.001925339
116.6	0.001792413
116.62	0.001737405
116.64	0.001750339
116.66	0.001813211
116.68	0.001900262
116.7	0.001986775
116.72	0.002052792
116.74	0.002091234
116.76	0.002108273
116.78	0.002090482
116.8	0.00204323
116.82	0.001972122
116.84	0.001883006
116.86	0.001778313
116.88	0.001665077
116.9	0.001570093
116.92	0.00147065
116.94	0.00136885
116.96	0.001263952
116.98	0.00115639
117	0.001056507
117.02	0.000974358
117.04	0.000916872
117.06	0.00089244
117.08	0.000899358
117.1	0.000943605
117.12	0.001031895
117.14	0.001165788
117.16	0.001343626
117.18	0.001562103
117.2	0.001810648
117.22	0.002062556
117.24	0.002317374
117.26	0.00256423
117.28	0.002767253
117.3	0.002933444
117.32	0.003069693
117.34	0.003196749
117.36	0.003336852
117.38	0.003507785
117.4	0.003721019
117.42	0.003990847
117.44	0.004302482
117.46	0.004636532
117.48	0.004975565
117.5	0.005293105
117.52	0.00557116
117.54	0.005803135
117.56	0.005984873
117.58	0.006134128
117.6	0.006276606
117.62	0.006421857
117.64	0.006573652
117.66	0.006731916
117.68	0.006894243
117.7	0.007052938
117.72	0.007202617
117.74	0.007314896
117.76	0.00736668
117.78	0.00734538
117.8	0.007246031
117.82	0.007083762
117.84	0.006865827
117.86	0.006605088
117.88	0.006326047
117.9	0.006045671
117.92	0.005790631
117.94	0.005579431
117.96	0.005411452
117.98	0.005276072
118	0.005164126
118.02	0.005071407
118.04	0.004994689
118.06	0.004927538
118.08	0.0048635
118.1	0.004794732
118.12	0.004719347
118.14	0.004641537
118.16	0.00456741
118.18	0.004482999
118.2	0.00437201
118.22	0.004251164
118.24	0.004156039
118.26	0.004090371
118.28	0.004049695
118.3	0.00401628
118.32	0.003971585
118.34	0.003917815
118.36	0.003858209
118.38	0.003789951
118.4	0.003696266
118.42	0.003569296
118.44	0.003429001
118.46	0.003302594
118.48	0.003218348
118.5	0.003179737
118.52	0.003167465
118.54	0.003158238
118.56	0.003144913
118.58	0.00313456
118.6	0.003106065
118.62	0.003025164
118.64	0.002862428
118.66	0.002627877
118.68	0.002357438
118.7	0.002068025
118.72	0.001765113
118.74	0.001463621
118.76	0.001178493
118.78	0.000918926
118.8	0.000695045
118.82	0.000518905
118.84	0.00039932
118.86	0.000323869
118.88	0.000285813
118.9	0.000279964
118.92	0.000305694
118.94	0.000355461
118.96	0.000416512
118.98	0.000466886
119	0.000497911
119.02	0.00051988
119.04	0.000531342
119.06	0.000523865
119.08	0.000494842
119.1	0.000460796
119.12	0.00042912
119.14	0.000397124
119.16	0.000355617
119.18	0.000293722
119.2	0.000208317
119.22	0.000111566
119.24	9.64477E-06
119.26	-8.47194E-05
119.28	-0.000142639
119.3	-0.000124594
119.32	-6.02877E-06
119.34	0.000205378
119.36	0.00048695
119.38	0.000813713
119.4	0.001160897
119.42	0.001503839
119.44	0.00181812
119.46	0.002085876
119.48	0.002321753
119.5	0.002547716
119.52	0.002791168
119.54	0.003075349
119.56	0.003401591
119.58	0.003762062
119.6	0.004130841
119.62	0.004492189
119.64	0.004845917
119.66	0.005196875
119.68	0.005549916
119.7	0.005907317
119.72	0.006269479
119.74	0.006643409
119.76	0.007018964
119.78	0.007385771
119.8	0.007725482
119.82	0.008021586
119.84	0.00826983
119.86	0.008475018
119.88	0.008640198
119.9	0.008772372
119.92	0.008880002
119.94	0.00897434
119.96	0.00906017
119.98	0.009133992
120	0.009175948
120.02	0.0091649
120.04	0.00908855
120.06	0.008942291
120.08	0.008734146
120.1	0.008489812
120.12	0.008223297
120.14	0.007940726
120.16	0.007656133
120.18	0.007386972
120.2	0.007137647
120.22	0.006891419
120.24	0.0066386
120.26	0.006381176
120.28	0.006134381
120.3	0.005911021
120.32	0.005711406
120.34	0.005532799
120.36	0.005377812
120.38	0.005262694
120.4	0.005187746
120.42	0.005128243
120.44	0.005067544
120.46	0.004988591
120.48	0.004870643
120.5	0.00470922
120.52	0.004511043
120.54	0.004298377
120.56	0.004076943
120.58	0.003837841
120.6	0.003589685
120.62	0.003347239
120.64	0.003133497
120.66	0.002961373
120.68	0.002826484
120.7	0.002734076
120.72	0.002693903
120.74	0.00272821
120.76	0.002842695
120.78	0.003027993
120.8	0.003262018
120.82	0.003527795
120.84	0.003808875
120.86	0.004079136
120.88	0.004317088
120.9	0.004517108
120.92	0.004686972
120.94	0.004848449
120.96	0.00501818
120.98	0.00521159
121	0.005429601
121.02	0.005664541
121.04	0.005899771
121.06	0.006114543
121.08	0.006302646
121.1	0.006463664
121.12	0.006600017
121.14	0.006718113
121.16	0.006827104
121.18	0.006942394
121.2	0.00706981
121.22	0.007203574
121.24	0.007321814
121.26	0.007416772
121.28	0.007498311
121.3	0.007589024
121.32	0.007712954
121.34	0.007892593
121.36	0.008145319
121.38	0.008470969
121.4	0.008846851
121.42	0.009233973
121.44	0.00958122
121.46	0.009848101
121.48	0.010002665
121.5	0.01002692
121.52	0.009923367
121.54	0.00970788
121.56	0.009410602
121.58	0.009050608
121.6	0.008659221
121.62	0.008271839
121.64	0.007915667
121.66	0.00760184
121.68	0.007336278
121.7	0.007121872
121.72	0.006946373
121.74	0.006810436
121.76	0.006718005
121.78	0.006666383
121.8	0.00665527
121.82	0.006668453
121.84	0.00669035
121.86	0.006698535
121.88	0.006682916
121.9	0.006636426
121.92	0.006558854
121.94	0.006471917
121.96	0.006384286
121.98	0.006306175
122	0.006227684
122.02	0.006133893
122.04	0.006024258
122.06	0.005889829
122.08	0.005714887
122.1	0.005477817
122.12	0.00515547
122.14	0.004741091
122.16	0.004247114
122.18	0.003705145
122.2	0.003171603
122.22	0.00266963
122.24	0.002203122
122.26	0.001779131
122.28	0.001401915
122.3	0.001075629
122.32	0.00082411
122.34	0.000661819
122.36	0.000597325
122.38	0.000628625
122.4	0.000745344
122.42	0.000933845
122.44	0.001177397
122.46	0.001456694
122.48	0.001748321
122.5	0.002014359
122.52	0.002192501
122.54	0.002312301
122.56	0.002384472
122.58	0.002423983
122.6	0.00244604
122.62	0.002462498
122.64	0.002482339
122.66	0.002500825
122.68	0.00251163
122.7	0.002515233
122.72	0.002513992
122.74	0.002506815
122.76	0.002500887
122.78	0.002513085
122.8	0.002552194
122.82	0.002614877
122.84	0.00267912
122.86	0.002731776
122.88	0.002774501
122.9	0.002809514
122.92	0.002835965
122.94	0.002835194
122.96	0.002788347
122.98	0.002690531
123	0.002542507
123.02	0.002351138
123.04	0.00212534
123.06	0.001841172
123.08	0.001519143
123.1	0.001193265
123.12	0.000896989
123.14	0.000654678
123.16	0.000471816
123.18	0.000344102
123.2	0.000267101
123.22	0.000240164
123.24	0.00026549
123.26	0.000339822
123.28	0.000450956
123.3	0.000592973
123.32	0.000758469
123.34	0.000937488
123.36	0.001139195
123.38	0.001362309
123.4	0.001575576
123.42	0.001769571
123.44	0.001938068
123.46	0.002082358
123.48	0.002198602
123.5	0.002275434
123.52	0.002306299
123.54	0.00229496
123.56	0.002249689
123.58	0.002176902
123.6	0.002091464
123.62	0.001999687
123.64	0.001918308
123.66	0.001870979
123.68	0.001867687
123.7	0.001920984
123.72	0.00203371
123.74	0.002200362
123.76	0.002422275
123.78	0.002705124
123.8	0.003056312
123.82	0.00346745
123.84	0.003898006
123.86	0.004325409
123.88	0.004753026
123.9	0.005177042
123.92	0.005584315
123.94	0.005967779
123.96	0.006313679
123.98	0.00662146
124	0.00688973
124.02	0.007113627
124.04	0.007302068
124.06	0.007458182
124.08	0.007585886
124.1	0.007694194
124.12	0.007786783
124.14	0.007878468
124.16	0.007979697
124.18	0.008091864
124.2	0.008188842
124.22	0.008254997
124.24	0.008294648
124.26	0.008320504
124.28	0.008327767
124.3	0.008304714
124.32	0.008252655
124.34	0.008185577
124.36	0.008110416
124.38	0.00802511
124.4	0.007909013
124.42	0.007730938
124.44	0.007474385
124.46	0.007150684
124.48	0.006768992
124.5	0.006340642
124.52	0.005880587
124.54	0.005405705
124.56	0.004923103
124.58	0.004432985
124.6	0.003934441
124.62	0.003429906
124.64	0.002918001
124.66	0.002409886
124.68	0.001938317
124.7	0.001529862
124.72	0.001201381
124.74	0.000958321
124.76	0.000792197
124.78	0.000693225
124.8	0.00062724
124.82	0.000566941
124.84	0.000483745
124.86	0.000343207
124.88	0.000159503
124.9	-4.13939E-05
124.92	-0.000227922
124.94	-0.000378596
124.96	-0.000479405
124.98	-0.000528852
125	-0.00054064
125.02	-0.000536591
125.04	-0.000544183
125.06	-0.000582338
125.08	-0.000655488
125.1	-0.000759444
125.12	-0.000879356
125.14	-0.000985266
125.16	-0.001041245
125.18	-0.001021844
125.2	-0.000909938
125.22	-0.000696201
125.24	-0.000383014
125.26	5.01051E-06
125.28	0.000433964
125.3	0.000881583
125.32	0.001341137
125.34	0.001825821
125.36	0.002322477
125.38	0.002826002
125.4	0.003334771
125.42	0.003835024
125.44	0.004298831
125.46	0.004717964
125.48	0.005060306
125.5	0.005318542
125.52	0.005511097
125.54	0.005658739
125.56	0.005758968
125.58	0.005809852
125.6	0.005818278
125.62	0.005808663
125.64	0.005793978
125.66	0.005769461
125.68	0.005727378
125.7	0.005660459
125.72	0.00556839
125.74	0.005481728
125.76	0.005435487
125.78	0.005441907
125.8	0.005477327
125.82	0.005522759
125.84	0.005560927
125.86	0.005580248
125.88	0.00555428
125.9	0.005453925
125.92	0.005261198
125.94	0.004973326
125.96	0.004612634
125.98	0.004229021
126	0.003837764
126.02	0.003430705
126.04	0.003008661
126.06	0.002578821
126.08	0.002156221
126.1	0.001756202
126.12	0.001376689
126.14	0.001001492
126.16	0.000637896
126.18	0.000305006
126.2	2.06464E-05
126.22	-0.000199099
126.24	-0.000354076
126.26	-0.000434329
126.28	-0.000451849
126.3	-0.000394881
126.32	-0.000275359
126.34	-0.000107066
126.36	8.51938E-05
126.38	0.000279143
126.4	0.000458112
126.42	0.000601817
126.44	0.000680812
126.46	0.000687372
126.48	0.000630873
126.5	0.000528754
126.52	0.00040264
126.54	0.000270054
126.56	0.000151375
126.58	6.63448E-05
126.6	3.97127E-05
126.62	8.00123E-05
126.64	0.000170696
126.66	0.000304705
126.68	0.000465142
126.7	0.000644201
126.72	0.000836263
126.74	0.001037393
126.76	0.001246143
126.78	0.001458529
126.8	0.001678882
126.82	0.001927139
126.84	0.002231064
126.86	0.00259813
126.88	0.00300258
126.9	0.003406528
126.92	0.003770905
126.94	0.004055731
126.96	0.004236661
126.98	0.004287684
127	0.004193989
127.02	0.003962496
127.04	0.003620622
127.06	0.003205668
127.08	0.002755448
127.1	0.002337611
127.12	0.001981984
127.14	0.001713758
127.16	0.001545802
127.18	0.001485679
127.2	0.001532363
127.22	0.001670548
127.24	0.001877378
127.26	0.002133952
127.28	0.002397142
127.3	0.002638106
127.32	0.002837142
127.34	0.00299174
127.36	0.003110705
127.38	0.00321423
127.4	0.003325694
127.42	0.003470363
127.44	0.003668262
127.46	0.003913531
127.48	0.004187767
127.5	0.004456155
127.52	0.004678176
127.54	0.004840399
127.56	0.004934427
127.58	0.00496888
127.6	0.004961386
127.62	0.00492481
127.64	0.004888933
127.66	0.004904689
127.68	0.005019277
127.7	0.005230548
127.72	0.005532058
127.74	0.005889537
127.76	0.006287031
127.78	0.006720378
127.8	0.007169347
127.82	0.007618707
127.84	0.008033348
127.86	0.008361605
127.88	0.008559066
127.9	0.008627508
127.92	0.008558847
127.94	0.008365855
127.96	0.008053341
127.98	0.007637703
128	0.007144249
128.02	0.006652093
128.04	0.006182144
128.06	0.005739567
128.08	0.005320709
128.1	0.004921171
128.12	0.004546532
128.14	0.00418988
128.16	0.00383996
128.18	0.003496147
128.2	0.003161769
128.22	0.002847379
128.24	0.00256752
128.26	0.002334443
128.28	0.002144389
128.3	0.001996514
128.32	0.001890045
128.34	0.001833034
128.36	0.001819495
128.38	0.001834192
128.4	0.001859487
128.42	0.001877042
128.44	0.001875145
128.46	0.001855767
128.48	0.001818143
128.5	0.001765276
128.52	0.001692203
128.54	0.001602524
128.56	0.001496054
128.58	0.00138052
128.6	0.001264388
128.62	0.001143481
128.64	0.001032993
128.66	0.000914705
128.68	0.000807151
128.7	0.000711302
128.72	0.000621904
128.74	0.000532658
128.76	0.000427804
128.78	0.000303437
128.8	0.000165407
128.82	8.62998E-06
128.84	-0.000163038
128.86	-0.000345784
128.88	-0.000530744
128.9	-0.00070488
128.92	-0.00085145
128.94	-0.000956974
128.96	-0.001030196
128.98	-0.001057271
129	-0.001028858
129.02	-0.00094084
129.04	-0.000793472
129.06	-0.000579203
129.08	-0.000296658
129.1	5.95765E-05
129.12	0.000490024
129.14	0.00099062
129.16	0.001529999
129.18	0.002068972
129.2	0.002586216
129.22	0.003066359
129.24	0.003495207
129.26	0.003862969
129.28	0.004164985
129.3	0.004395918
129.32	0.004565498
129.34	0.004697111
129.36	0.004825638
129.38	0.00496275
129.4	0.005093298
129.42	0.005214338
129.44	0.005317508
129.46	0.005395995
129.48	0.005447803
129.5	0.005463626
129.52	0.005432721
129.54	0.005360859
129.56	0.005280146
129.58	0.005217174
129.6	0.005179412
129.62	0.005178404
129.64	0.005212607
129.66	0.005270371
129.68	0.005384197
129.7	0.005546898
129.72	0.00573574
129.74	0.00592738
129.76	0.006108414
129.78	0.006266711
129.8	0.006386438
129.82	0.006446435
129.84	0.006434379
129.86	0.006343631
129.88	0.006179361
129.9	0.005960444
129.92	0.005706223
129.94	0.005437141
129.96	0.005224235
129.98	0.005078684
130	0.004981302
130.02	0.004929133
130.04	0.004918086
130.06	0.004939712
130.08	0.004994752
130.1	0.005096279
130.12	0.005253242
130.14	0.005454268
130.16	0.00567538
130.18	0.005904107
130.2	0.00612076
130.22	0.006301808
130.24	0.006432647
130.26	0.006496873
130.28	0.006484375
130.3	0.006403399
130.32	0.006262319
130.34	0.006078043
130.36	0.005868201
130.38	0.005653059
130.4	0.005440754
130.42	0.005228524
130.44	0.005028026
130.46	0.004870218
130.48	0.004760976
130.5	0.004712473
130.52	0.004725608
130.54	0.004794144
130.56	0.004908688
130.58	0.005067163
130.6	0.005264177
130.62	0.005479782
130.64	0.005709984
130.66	0.005948289
130.68	0.006193216
130.7	0.00644771
130.72	0.006707178
130.74	0.006961691
130.76	0.007191238
130.78	0.007379949
130.8	0.007508726
130.82	0.007567191
130.84	0.007555972
130.86	0.007469261
130.88	0.007309564
130.9	0.007096323
130.92	0.00686054
130.94	0.006604807
130.96	0.006340388
130.98	0.006075245
131	0.005825577
131.02	0.005616213
131.04	0.005463516
131.06	0.005373264
131.08	0.005347771
131.1	0.005395926
131.12	0.005525381
131.14	0.005722454
131.16	0.005973111
131.18	0.006256945
131.2	0.006538963
131.22	0.006769685
131.24	0.00692211
131.26	0.006981513
131.28	0.006956009
131.3	0.006855091
131.32	0.00669795
131.34	0.00650936
131.36	0.006322877
131.38	0.00616252
131.4	0.006038651
131.42	0.005947351
131.44	0.005874622
131.46	0.005792552
131.48	0.00568893
131.5	0.005572871
131.52	0.005453881
131.54	0.005338554
131.56	0.005210941
131.58	0.005062364
131.6	0.004912479
131.62	0.004786099
131.64	0.004699539
131.66	0.004655978
131.68	0.004649147
131.7	0.004692563
131.72	0.004801847
131.74	0.004977943
131.76	0.005191131
131.78	0.005390887
131.8	0.005540878
131.82	0.005623899
131.84	0.005636855
131.86	0.005576927
131.88	0.005437759
131.9	0.005211143
131.92	0.004927764
131.94	0.004636631
131.96	0.00436305
131.98	0.004129877
132	0.003950455
132.02	0.003835218
132.04	0.003802238
132.06	0.00386994
132.08	0.00405239
132.1	0.004318013
132.12	0.004618969
132.14	0.004912117
132.16	0.005173227
132.18	0.005385621
132.2	0.005528636
132.22	0.005565728
132.24	0.005476793
132.26	0.005274372
132.28	0.004994304
132.3	0.004654199
132.32	0.004250756
132.34	0.003776081
132.36	0.003233335
132.38	0.002645796
132.4	0.002023262
132.42	0.001369534
132.44	0.000685191
132.46	-2.18368E-05
132.48	-0.000729061
132.5	-0.001403711
132.52	-0.001999404
132.54	-0.002492391
132.56	-0.002865872
132.58	-0.003113779
132.6	-0.003243785
132.62	-0.003267428
132.64	-0.003203775
132.66	-0.00305891
132.68	-0.002847417
132.7	-0.002586174
132.72	-0.002325568
132.74	-0.002087549
132.76	-0.001880291
132.78	-0.001708979
132.8	-0.001580803
132.82	-0.00149501
132.84	-0.001470067
132.86	-0.001531794
132.88	-0.001668498
132.9	-0.001859716
132.92	-0.002047401
132.94	-0.002185232
132.96	-0.002248563
132.98	-0.002235046
133	-0.002141723
133.02	-0.001986499
133.04	-0.001782078
133.06	-0.001549227
133.08	-0.001322252
133.1	-0.001117447
133.12	-0.000931537
133.14	-0.000739083
133.16	-0.000521466
133.18	-0.000271595
133.2	2.4695E-05
133.22	0.000355388
133.24	0.000717538
133.26	0.001116326
133.28	0.001553382
133.3	0.002020987
133.32	0.002488413
133.34	0.002952544
133.36	0.00343049
133.38	0.003924162
133.4	0.004425222
133.42	0.004905044
133.44	0.005349631
133.46	0.005755367
133.48	0.006127485
133.5	0.006467875
133.52	0.006787954
133.54	0.00709368
133.56	0.007405841
133.58	0.007736551
133.6	0.008082587
133.62	0.008443543
133.64	0.008814862
133.66	0.009189134
133.68	0.009560182
133.7	0.00989742
133.72	0.010163317
133.74	0.010317993
133.76	0.010344426
133.78	0.010258022
133.8	0.010078309
133.82	0.009818411
133.84	0.009490247
133.86	0.00911256
133.88	0.008739641
133.9	0.008398954
133.92	0.00810011
133.94	0.007831513
133.96	0.007580256
133.98	0.00734758
134	0.007130414
134.02	0.006923053
134.04	0.006707458
134.06	0.006470833
134.08	0.006209114
134.1	0.005932158
134.12	0.005659539
134.14	0.005393352
134.16	0.005117461
134.18	0.004822904
134.2	0.004511789
134.22	0.004197349
134.24	0.003878448
134.26	0.003554234
134.28	0.003219211
134.3	0.002876728
134.32	0.0025426
134.34	0.002231377
134.36	0.001946187
134.38	0.001690042
134.4	0.001467635
134.42	0.001288555
134.44	0.001176077
134.46	0.001137776
134.48	0.001178952
134.5	0.001266647
134.52	0.001387703
134.54	0.001535059
134.56	0.001696787
134.58	0.001851826
134.6	0.001962567
134.62	0.00202715
134.64	0.002054417
134.66	0.002058993
134.68	0.002052211
134.7	0.002039745
134.72	0.002041352
134.74	0.002064381
134.76	0.002109197
134.78	0.002177238
134.8	0.0022583
134.82	0.002347398
134.84	0.002437587
134.86	0.002517658
134.88	0.002587027
134.9	0.00265476
134.92	0.002718314
134.94	0.002777321
134.96	0.002827596
134.98	0.002874392
135	0.002930566
135.02	0.003003071
135.04	0.003092281
135.06	0.003205766
135.08	0.003339548
135.1	0.003490044
135.12	0.003648226
135.14	0.003810176
135.16	0.003974633
135.18	0.00413491
135.2	0.004289019
135.22	0.004424545
135.24	0.00455023
135.26	0.004667745
135.28	0.004780893
135.3	0.004894199
135.32	0.005010894
135.34	0.005134029
135.36	0.005255024
135.38	0.005366499
135.4	0.005466174
135.42	0.005550793
135.44	0.005622338
135.46	0.005681919
135.48	0.00572417
135.5	0.005751425
135.52	0.005757812
135.54	0.005745595
135.56	0.005716504
135.58	0.00568225
135.6	0.005645665
135.62	0.005596599
135.64	0.005527264
135.66	0.005433027
135.68	0.005320977
135.7	0.005191917
135.72	0.005037876
135.74	0.004857259
135.76	0.004661738
135.78	0.004456919
135.8	0.0042503
135.82	0.004046618
135.84	0.003853216
135.86	0.003673789
135.88	0.003502329
135.9	0.00332785
135.92	0.003149439
135.94	0.002973189
135.96	0.002800548
135.98	0.002634249
136	0.002478804
136.02	0.002340159
136.04	0.00222579
136.06	0.002137409
136.08	0.002072025
136.1	0.002028231
136.12	0.002000776
136.14	0.001982272
136.16	0.001967058
136.18	0.001954802
136.2	0.001946595
136.22	0.00194378
136.24	0.001949201
136.26	0.001965324
136.28	0.001994492
136.3	0.002033166
136.32	0.002077804
136.34	0.002133787
136.36	0.002202769
136.38	0.002282413
136.4	0.002367858
136.42	0.002455191
136.44	0.002543113
136.46	0.002633866
136.48	0.00273017
136.5	0.002830481
136.52	0.002935337
136.54	0.003043106
136.56	0.003152995
136.58	0.003264852
136.6	0.003381388
136.62	0.003502688
136.64	0.003626995
136.66	0.003747179
136.68	0.003858414
136.7	0.003958821
136.72	0.004048855
136.74	0.004134748
136.76	0.004222983
136.78	0.004313541
136.8	0.004405052
136.82	0.004497869
136.84	0.004590797
136.86	0.004682468
136.88	0.004770645
136.9	0.004851027
136.92	0.004918555
136.94	0.004972532
136.96	0.005014412
136.98	0.005047709
137	0.005075902
137.02	0.005101903
137.04	0.005126041
137.06	0.005144952
137.08	0.005153579
137.1	0.005150616
137.12	0.005135273
137.14	0.005107561
137.16	0.005067825
137.18	0.005012752
137.2	0.004940055
137.22	0.004855074
137.24	0.004761296
137.26	0.004662056
137.28	0.004557823
137.3	0.004448911
137.32	0.004335073
137.34	0.004216939
137.36	0.004094499
137.38	0.003968804
137.4	0.003841434
137.42	0.003711864
137.44	0.003579319
137.46	0.003444601
137.48	0.003310772
137.5	0.003185399
137.52	0.003072958
137.54	0.002972145
137.56	0.002883291
137.58	0.002803615
137.6	0.00273112
137.62	0.002664981
137.64	0.00260564
137.66	0.002552446
137.68	0.002505009
137.7	0.002464
137.72	0.002431199
137.74	0.002409273
137.76	0.002401288
137.78	0.002407368
137.8	0.002425676
137.82	0.002451792
137.84	0.002482885
137.86	0.00251704
137.88	0.002552955
137.9	0.002592547
137.92	0.002637225
137.94	0.002687227
137.96	0.002742182
137.98	0.002802704
138	0.002869956
138.02	0.002944632
138.04	0.003026684
138.06	0.003113189
138.08	0.00320074
138.1	0.003288245
138.12	0.003374231
138.14	0.003458679
138.16	0.003541759
138.18	0.003623849
138.2	0.003704855
138.22	0.003785735
138.24	0.003867266
138.26	0.003950438
138.28	0.004036583
138.3	0.004124277
138.32	0.004211172
138.34	0.004293973
138.36	0.004369917
138.38	0.004438944
138.4	0.004501531
138.42	0.004558105
138.44	0.004609712
138.46	0.00465716
138.48	0.004701344
138.5	0.004742503
138.52	0.004780573
138.54	0.004813114
138.56	0.004837702
138.58	0.004851903
138.6	0.004853643
138.62	0.004843234
138.64	0.004821608
138.66	0.00479097
138.68	0.00475381
138.7	0.004711407
138.72	0.004664115
138.74	0.004611783
138.76	0.004554336
138.78	0.004491935
138.8	0.004424516
138.82	0.004350712
138.84	0.004269787
138.86	0.004182625
138.88	0.004090422
138.9	0.003995543
138.92	0.003900062
138.94	0.003805292
138.96	0.003712219
138.98	0.003621392
139	0.003533146
139.02	0.003448334
139.04	0.003367188
139.06	0.003288969
139.08	0.00321325
139.1	0.003139798
139.12	0.003069049
139.14	0.003002957
139.16	0.002943615
139.18	0.002892595
139.2	0.002851078
139.22	0.002818301
139.24	0.002794288
139.26	0.00277832
139.28	0.002769399
139.3	0.002766295
139.32	0.002767488
139.34	0.002771861
139.36	0.002779486
139.38	0.002791592
139.4	0.002809613
139.42	0.002834593
139.44	0.002867039
139.46	0.002905957
139.48	0.002949832
139.5	0.002997202
139.52	0.003046904
139.54	0.003098559
139.56	0.003151387
139.58	0.003205347
139.6	0.003260643
139.62	0.003317508
139.64	0.003376495
139.66	0.003438651
139.68	0.003504817
139.7	0.003574726
139.72	0.003646935
139.74	0.003719889
139.76	0.003792587
139.78	0.003864968
139.8	0.003936541
139.82	0.004006597
139.84	0.004074481
139.86	0.004139812
139.88	0.004202366
139.9	0.004262355
139.92	0.004319948
139.94	0.004375128
139.96	0.004427264
139.98	0.00447478
140	0.004515949
140.02	0.004549672
140.04	0.004575549
140.06	0.004593473
140.08	0.004603359
140.1	0.004605243
140.12	0.004600187
140.14	0.00458921
140.16	0.004573399
140.18	0.004553458
140.2	0.00452939
140.22	0.004500619
140.24	0.004466324
140.26	0.004425982
140.28	0.004379672
140.3	0.004327946
140.32	0.004271717
140.34	0.00421208
140.36	0.004150176
140.38	0.004087031
140.4	0.004023291
140.42	0.00395938
140.44	0.003895255
140.46	0.003830771
140.48	0.003765563
140.5	0.003699469
140.52	0.003632696
140.54	0.003565911
140.56	0.003500384
140.58	0.003437203
140.6	0.003377144
140.62	0.003320936
140.64	0.003269276
140.66	0.003222628
140.68	0.003181011
140.7	0.003144034
140.72	0.003111215
140.74	0.003082151
140.76	0.003056607
140.78	0.003034679
140.8	0.003016661
140.82	0.003002942
140.84	0.002993992
140.86	0.002990084
140.88	0.00299126
140.9	0.002997529
140.92	0.003008749
140.94	0.003024441
140.96	0.00304366
140.98	0.003065602
141	0.003090075
141.02	0.00311712
141.04	0.003147353
141.06	0.003181406
141.08	0.003219923
141.1	0.003263024
141.12	0.00331068
141.14	0.003362573
141.16	0.003417856
141.18	0.003475712
141.2	0.003535111
141.22	0.003595119
141.24	0.003655058
141.26	0.003714543
141.28	0.003773643
141.3	0.003832675
141.32	0.003891662
141.34	0.003950457
141.36	0.00400837
141.38	0.004064412
141.4	0.004117446
141.42	0.004166718
141.44	0.004211589
141.46	0.004251532
141.48	0.004286294
141.5	0.004315706
141.52	0.004340119
141.54	0.004359953
141.56	0.004375651
141.58	0.004387542
141.6	0.004395543
141.62	0.004399278
141.64	0.004398442
141.66	0.004392726
141.68	0.004381941
141.7	0.004366118
141.72	0.004345439
141.74	0.004320226
141.76	0.004290955
141.78	0.004258278
141.8	0.004222898
141.82	0.004185429
141.84	0.004146114
141.86	0.00410495
141.88	0.004061884
141.9	0.004016794
141.92	0.00396976
141.94	0.003920944
141.96	0.003870749
141.98	0.003819574
142	0.003768294
142.02	0.003717796
142.04	0.003668711
142.06	0.003621436
142.08	0.003575901
142.1	0.003532028
142.12	0.003489516
142.14	0.003448005
142.16	0.003407489
142.18	0.003368186
142.2	0.00333045
142.22	0.003294781
142.24	0.003261775
142.26	0.003232135
142.28	0.003206427
142.3	0.00318501
142.32	0.003167732
142.34	0.003154295
142.36	0.003144424
142.38	0.003137878
142.4	0.003134785
142.42	0.003135277
142.44	0.003139675
142.46	0.003148285
142.48	0.003161188
142.5	0.003178492
142.52	0.003200333
142.54	0.003226639
142.56	0.003257036
142.58	0.003290923
142.6	0.003327576
142.62	0.003366377
142.64	0.003406828
142.66	0.003448675
142.68	0.003491876
142.7	0.003536402
142.72	0.003582079
142.74	0.003628659
142.76	0.003675896
142.78	0.003723518
142.8	0.003771159
142.82	0.003818253
142.84	0.003864047
142.86	0.003907817
142.88	0.003949165
142.9	0.003987893
142.92	0.00402407
142.94	0.004057846
142.96	0.004089349
142.98	0.004118571
143	0.004145256
143.02	0.00416912
143.04	0.004189849
143.06	0.004207096
143.08	0.004220498
143.1	0.004229774
143.12	0.004234851
143.14	0.004235902
143.16	0.004233339
143.18	0.004227674
143.2	0.004219289
143.22	0.00420843
143.24	0.004195151
143.26	0.00417942
143.28	0.004161168
143.3	0.004140278
143.32	0.00411675
143.34	0.004090611
143.36	0.004061987
143.38	0.004031143
143.4	0.00399845
143.42	0.003964346
143.44	0.003929185
143.46	0.003893163
143.48	0.003856394
143.5	0.003818951
143.52	0.00378083
143.54	0.00374206
143.56	0.003702715
143.58	0.003662955
143.6	0.003623027
143.62	0.003583304
143.64	0.003544324
143.66	0.003506707
143.68	0.003470986
143.7	0.003437532
143.72	0.003406544
143.74	0.003378133
143.76	0.003352376
143.78	0.003329334
143.8	0.003309044
143.82	0.00329154
143.84	0.003277001
143.86	0.003265636
143.88	0.003257723
143.9	0.003253552
143.92	0.003253291
143.94	0.003256937
143.96	0.003264234
143.98	0.003274783
144	0.003288202
144.02	0.00330418
144.04	0.003322493
144.06	0.003342983
144.08	0.003365568
144.1	0.003390212
144.12	0.00341691
144.14	0.003445691
144.16	0.00347646
144.18	0.003509011
144.2	0.003543002
144.22	0.003577948
144.24	0.003613382
144.26	0.003648895
144.28	0.003684203
144.3	0.003719119
144.32	0.003753478
144.34	0.003787158
144.36	0.003820101
144.38	0.003852215
144.4	0.003883391
144.42	0.00391349
144.44	0.003942274
144.46	0.003969407
144.48	0.003994558
144.5	0.004017461
144.52	0.004037955
144.54	0.004056002
144.56	0.004071636
144.58	0.004084934
144.6	0.004095982
144.62	0.004104853
144.64	0.004111604
144.66	0.004116215
144.68	0.004118526
144.7	0.004118336
144.72	0.004115456
144.74	0.00410973
144.76	0.004101127
144.78	0.004089738
144.8	0.004075752
144.82	0.004059406
144.84	0.004040914
144.86	0.004020458
144.88	0.003998179
144.9	0.003974166
144.92	0.003948433
144.94	0.003920967
144.96	0.00389184
144.98	0.003861189
145	0.003829289
145.02	0.003796515
145.04	0.003763281
145.06	0.003730019
145.08	0.003697104
145.1	0.003664846
145.12	0.003633509
145.14	0.003603254
145.16	0.003574174
145.18	0.003546334
145.2	0.003519791
145.22	0.003494659
145.24	0.003471129
145.26	0.003449439
145.28	0.003429839
145.3	0.003412565
145.32	0.00339779
145.34	0.00338562
145.36	0.003376101
145.38	0.003369205
145.4	0.00336485
145.42	0.003362913
145.44	0.003363241
145.46	0.003365731
145.48	0.003370347
145.5	0.003377107