0	0
0.02	1.32383E-11
0.04	9.67225E-11
0.06	3.15828E-10
0.08	7.11413E-10
0.1	1.28511E-09
0.12	2.03336E-09
0.14	2.95675E-09
0.16	4.05336E-09
0.18	5.32199E-09
0.2	6.76133E-09
0.22	8.36927E-09
0.24	1.01443E-08
0.26	1.20842E-08
0.28	1.41865E-08
0.3	1.6449E-08
0.32	1.88686E-08
0.34	2.14423E-08
0.36	2.41671E-08
0.38	2.7039E-08
0.4	3.00545E-08
0.42	3.32097E-08
0.44	3.65006E-08
0.46	3.99232E-08
0.48	4.34734E-08
0.5	4.71465E-08
0.52	5.09374E-08
0.54	5.48412E-08
0.56	5.88525E-08
0.58	6.29644E-08
0.6	6.71716E-08
0.62	7.1469E-08
0.64	7.58497E-08
0.66	8.03059E-08
0.68	8.4832E-08
0.7	8.94224E-08
0.72	9.40696E-08
0.74	9.87638E-08
0.76	1.03495E-07
0.78	1.08255E-07
0.8	1.13033E-07
0.82	1.17818E-07
0.84	1.22591E-07
0.86	1.2732E-07
0.88	1.3196E-07
0.9	1.36452E-07
0.92	1.4074E-07
0.94	1.4479E-07
0.96	1.48588E-07
0.98	1.5214E-07
1	1.55458E-07
1.02	1.58566E-07
1.04	1.61487E-07
1.06	1.64235E-07
1.08	1.66819E-07
1.1	1.69254E-07
1.12	1.71553E-07
1.14	1.73726E-07
1.16	1.7578E-07
1.18	1.77725E-07
1.2	1.79569E-07
1.22	1.8132E-07
1.24	1.82985E-07
1.26	1.84572E-07
1.28	1.86086E-07
1.3	1.87532E-07
1.32	1.88917E-07
1.34	1.90245E-07
1.36	1.9152E-07
1.38	1.92746E-07
1.4	1.93927E-07
1.42	1.95069E-07
1.44	1.96175E-07
1.46	1.97248E-07
1.48	1.98292E-07
1.5	1.99311E-07
1.52	2.00307E-07
1.54	2.01284E-07
1.56	2.02242E-07
1.58	2.03184E-07
1.6	2.04111E-07
1.62	2.05026E-07
1.64	2.05932E-07
1.66	2.06834E-07
1.68	2.07734E-07
1.7	2.08634E-07
1.72	2.09541E-07
1.74	2.10468E-07
1.76	2.11433E-07
1.78	2.1246E-07
1.8	2.13566E-07
1.82	2.14759E-07
1.84	2.16026E-07
1.86	2.17338E-07
1.88	2.18659E-07
1.9	2.19951E-07
1.92	2.21178E-07
1.94	2.22309E-07
1.96	2.2332E-07
1.98	2.24188E-07
2	2.24897E-07
2.02	2.25431E-07
2.04	2.25774E-07
2.06	2.25914E-07
2.08	2.2584E-07
2.1	2.25542E-07
2.12	2.25009E-07
2.14	2.24233E-07
2.16	2.23207E-07
2.18	2.21924E-07
2.2	2.20377E-07
2.22	2.18562E-07
2.24	2.16473E-07
2.26	2.14105E-07
2.28	2.11455E-07
2.3	2.08517E-07
2.32	2.05286E-07
2.34	2.01759E-07
2.36	1.97932E-07
2.38	1.93801E-07
2.4	1.89365E-07
2.42	1.84618E-07
2.44	1.7956E-07
2.46	1.74188E-07
2.48	1.68502E-07
2.5	1.62498E-07
2.52	1.56173E-07
2.54	1.49523E-07
2.56	1.42547E-07
2.58	1.3524E-07
2.6	1.27598E-07
2.62	1.19616E-07
2.64	1.11284E-07
2.66	1.02591E-07
2.68	9.35294E-08
2.7	8.41008E-08
2.72	7.43185E-08
2.74	6.42054E-08
2.76	5.37901E-08
2.78	4.31018E-08
2.8	3.21631E-08
2.82	2.09894E-08
2.84	9.58949E-09
2.86	-2.03311E-09
2.88	-1.38791E-08
2.9	-2.59527E-08
2.92	-3.82602E-08
2.94	-5.08088E-08
2.96	-6.36066E-08
2.98	-7.66628E-08
3	-8.99881E-08
3.02	-1.03593E-07
3.04	-1.17489E-07
3.06	-1.31687E-07
3.08	-1.462E-07
3.1	-1.6104E-07
3.12	-1.7622E-07
3.14	-1.9175E-07
3.16	-2.07644E-07
3.18	-2.23913E-07
3.2	-2.40569E-07
3.22	-2.57623E-07
3.24	-2.75086E-07
3.26	-2.92971E-07
3.28	-3.11288E-07
3.3	-3.30051E-07
3.32	-3.4927E-07
3.34	-3.68957E-07
3.36	-3.89125E-07
3.38	-4.09785E-07
3.4	-4.30947E-07
3.42	-4.52619E-07
3.44	-4.74814E-07
3.46	-4.97539E-07
3.48	-5.20806E-07
3.5	-5.44622E-07
3.52	-5.68995E-07
3.54	-5.93931E-07
3.56	-6.1944E-07
3.58	-6.45535E-07
3.6	-6.72237E-07
3.62	-6.99573E-07
3.64	-7.27572E-07
3.66	-7.56261E-07
3.68	-7.85661E-07
3.7	-8.15786E-07
3.72	-8.46644E-07
3.74	-8.78235E-07
3.76	-9.10556E-07
3.78	-9.43605E-07
3.8	-9.77375E-07
3.82	-1.01186E-06
3.84	-1.04706E-06
3.86	-1.08296E-06
3.88	-1.11956E-06
3.9	-1.15687E-06
3.92	-1.19486E-06
3.94	-1.23355E-06
3.96	-1.27293E-06
3.98	-1.313E-06
4	-1.35375E-06
4.02	-1.3952E-06
4.04	-1.43733E-06
4.06	-1.48016E-06
4.08	-1.52368E-06
4.1	-1.5679E-06
4.12	-1.61282E-06
4.14	-1.65844E-06
4.16	-1.70478E-06
4.18	-1.75183E-06
4.2	-1.7996E-06
4.22	-1.84809E-06
4.24	-1.89731E-06
4.26	-1.94727E-06
4.28	-1.99797E-06
4.3	-2.04942E-06
4.32	-2.10163E-06
4.34	-2.15461E-06
4.36	-2.20836E-06
4.38	-2.26289E-06
4.4	-2.31822E-06
4.42	-2.37435E-06
4.44	-2.43129E-06
4.46	-2.48904E-06
4.48	-2.54761E-06
4.5	-2.607E-06
4.52	-2.6672E-06
4.54	-2.72822E-06
4.56	-2.79005E-06
4.58	-2.85272E-06
4.6	-2.91623E-06
4.62	-2.98061E-06
4.64	-3.04589E-06
4.66	-3.11209E-06
4.68	-3.17922E-06
4.7	-3.24732E-06
4.72	-3.3164E-06
4.74	-3.38648E-06
4.76	-3.45757E-06
4.78	-3.5297E-06
4.8	-3.60287E-06
4.82	-3.6771E-06
4.84	-3.7524E-06
4.86	-3.82877E-06
4.88	-3.90623E-06
4.9	-3.98479E-06
4.92	-4.06444E-06
4.94	-4.14521E-06
4.96	-4.22708E-06
4.98	-4.31008E-06
5	-4.39419E-06
5.02	-4.47943E-06
5.04	-4.56579E-06
5.06	-4.65329E-06
5.08	-4.74193E-06
5.1	-4.8317E-06
5.12	-4.92262E-06
5.14	-5.01468E-06
5.16	-5.10789E-06
5.18	-5.20225E-06
5.2	-5.29776E-06
5.22	-5.39442E-06
5.24	-5.49224E-06
5.26	-5.59121E-06
5.28	-5.69134E-06
5.3	-5.79264E-06
5.32	-5.89509E-06
5.34	-5.99871E-06
5.36	-6.10351E-06
5.38	-6.20949E-06
5.4	-6.31665E-06
5.42	-6.42501E-06
5.44	-6.53457E-06
5.46	-6.64532E-06
5.48	-6.75726E-06
5.5	-6.87038E-06
5.52	-6.98467E-06
5.54	-7.10012E-06
5.56	-7.21673E-06
5.58	-7.33449E-06
5.6	-7.45339E-06
5.62	-7.57345E-06
5.64	-7.69466E-06
5.66	-7.81702E-06
5.68	-7.94055E-06
5.7	-8.06525E-06
5.72	-8.19113E-06
5.74	-8.31819E-06
5.76	-8.44645E-06
5.78	-8.57591E-06
5.8	-8.70658E-06
5.82	-8.83847E-06
5.84	-8.9716E-06
5.86	-9.10596E-06
5.88	-9.24156E-06
5.9	-9.37843E-06
5.92	-9.51655E-06
5.94	-9.65595E-06
5.96	-9.79662E-06
5.98	-9.93857E-06
6	-1.00818E-05
6.02	-1.02263E-05
6.04	-1.03722E-05
6.06	-1.05193E-05
6.08	-1.06677E-05
6.1	-1.08175E-05
6.12	-1.09685E-05
6.14	-1.11209E-05
6.16	-1.12746E-05
6.18	-1.14296E-05
6.2	-1.15859E-05
6.22	-1.17436E-05
6.24	-1.19025E-05
6.26	-1.20628E-05
6.28	-1.22243E-05
6.3	-1.23872E-05
6.32	-1.25514E-05
6.34	-1.27169E-05
6.36	-1.28837E-05
6.38	-1.30518E-05
6.4	-1.32212E-05
6.42	-1.3392E-05
6.44	-1.3564E-05
6.46	-1.37374E-05
6.48	-1.39121E-05
6.5	-1.40881E-05
6.52	-1.42654E-05
6.54	-1.4444E-05
6.56	-1.46238E-05
6.58	-1.48049E-05
6.6	-1.49872E-05
6.62	-1.51708E-05
6.64	-1.53555E-05
6.66	-1.55415E-05
6.68	-1.57286E-05
6.7	-1.59169E-05
6.72	-1.61064E-05
6.74	-1.6297E-05
6.76	-1.64887E-05
6.78	-1.66816E-05
6.8	-1.68756E-05
6.82	-1.70706E-05
6.84	-1.72667E-05
6.86	-1.74639E-05
6.88	-1.76622E-05
6.9	-1.78615E-05
6.92	-1.80619E-05
6.94	-1.82633E-05
6.96	-1.84657E-05
6.98	-1.86691E-05
7	-1.88734E-05
7.02	-1.90788E-05
7.04	-1.92852E-05
7.06	-1.94924E-05
7.08	-1.97007E-05
7.1	-1.99099E-05
7.12	-2.012E-05
7.14	-2.0331E-05
7.16	-2.05429E-05
7.18	-2.07557E-05
7.2	-2.09693E-05
7.22	-2.11838E-05
7.24	-2.13992E-05
7.26	-2.16153E-05
7.28	-2.18323E-05
7.3	-2.205E-05
7.32	-2.22685E-05
7.34	-2.24877E-05
7.36	-2.27076E-05
7.38	-2.29282E-05
7.4	-2.31495E-05
7.42	-2.33715E-05
7.44	-2.35942E-05
7.46	-2.38175E-05
7.48	-2.40415E-05
7.5	-2.42661E-05
7.52	-2.44912E-05
7.54	-2.4717E-05
7.56	-2.49433E-05
7.58	-2.51701E-05
7.6	-2.53974E-05
7.62	-2.56252E-05
7.64	-2.58534E-05
7.66	-2.60821E-05
7.68	-2.63111E-05
7.7	-2.65405E-05
7.72	-2.67702E-05
7.74	-2.70002E-05
7.76	-2.72305E-05
7.78	-2.74609E-05
7.8	-2.76916E-05
7.82	-2.79224E-05
7.84	-2.81533E-05
7.86	-2.83843E-05
7.88	-2.86153E-05
7.9	-2.88463E-05
7.92	-2.90772E-05
7.94	-2.93081E-05
7.96	-2.95388E-05
7.98	-2.97694E-05
8	-2.99997E-05
8.02	-3.02299E-05
8.04	-3.04597E-05
8.06	-3.06891E-05
8.08	-3.09182E-05
8.1	-3.11469E-05
8.12	-3.13751E-05
8.14	-3.16028E-05
8.16	-3.183E-05
8.18	-3.20565E-05
8.2	-3.22825E-05
8.22	-3.25077E-05
8.24	-3.27322E-05
8.26	-3.29559E-05
8.28	-3.31787E-05
8.3	-3.34007E-05
8.32	-3.36217E-05
8.34	-3.38416E-05
8.36	-3.40606E-05
8.38	-3.42784E-05
8.4	-3.4495E-05
8.42	-3.47104E-05
8.44	-3.49246E-05
8.46	-3.51374E-05
8.48	-3.53489E-05
8.5	-3.55589E-05
8.52	-3.57675E-05
8.54	-3.59745E-05
8.56	-3.61799E-05
8.58	-3.63837E-05
8.6	-3.65858E-05
8.62	-3.67862E-05
8.64	-3.69847E-05
8.66	-3.71813E-05
8.68	-3.73761E-05
8.7	-3.75688E-05
8.72	-3.77595E-05
8.74	-3.7948E-05
8.76	-3.81344E-05
8.78	-3.83185E-05
8.8	-3.85003E-05
8.82	-3.86796E-05
8.84	-3.88566E-05
8.86	-3.9031E-05
8.88	-3.92028E-05
8.9	-3.93719E-05
8.92	-3.95383E-05
8.94	-3.97019E-05
8.96	-3.98625E-05
8.98	-4.00202E-05
9	-4.01748E-05
9.02	-4.03263E-05
9.04	-4.04745E-05
9.06	-4.06194E-05
9.08	-4.0761E-05
9.1	-4.0899E-05
9.12	-4.10336E-05
9.14	-4.11645E-05
9.16	-4.12916E-05
9.18	-4.1415E-05
9.2	-4.15345E-05
9.22	-4.165E-05
9.24	-4.17614E-05
9.26	-4.18686E-05
9.28	-4.19716E-05
9.3	-4.20703E-05
9.32	-4.21645E-05
9.34	-4.22541E-05
9.36	-4.23391E-05
9.38	-4.24193E-05
9.4	-4.24947E-05
9.42	-4.25651E-05
9.44	-4.26305E-05
9.46	-4.26907E-05
9.48	-4.27456E-05
9.5	-4.27952E-05
9.52	-4.28393E-05
9.54	-4.28778E-05
9.56	-4.29106E-05
9.58	-4.29377E-05
9.6	-4.29589E-05
9.62	-4.2974E-05
9.64	-4.29831E-05
9.66	-4.29859E-05
9.68	-4.29824E-05
9.7	-4.29725E-05
9.72	-4.2956E-05
9.74	-4.29329E-05
9.76	-4.2903E-05
9.78	-4.28662E-05
9.8	-4.28225E-05
9.82	-4.27716E-05
9.84	-4.27135E-05
9.86	-4.2648E-05
9.88	-4.25751E-05
9.9	-4.24946E-05
9.92	-4.24064E-05
9.94	-4.23104E-05
9.96	-4.22064E-05
9.98	-4.20944E-05
10	-4.19742E-05
10.02	-4.18457E-05
10.04	-4.17087E-05
10.06	-4.15631E-05
10.08	-4.14089E-05
10.1	-4.12458E-05
10.12	-4.10737E-05
10.14	-4.08926E-05
10.16	-4.07022E-05
10.18	-4.05025E-05
10.2	-4.02933E-05
10.22	-4.00745E-05
10.24	-3.98459E-05
10.26	-3.96074E-05
10.28	-3.93589E-05
10.3	-3.91003E-05
10.32	-3.88313E-05
10.34	-3.85519E-05
10.36	-3.82619E-05
10.38	-3.79612E-05
10.4	-3.76496E-05
10.42	-3.73269E-05
10.44	-3.69931E-05
10.46	-3.6648E-05
10.48	-3.62914E-05
10.5	-3.59232E-05
10.52	-3.55432E-05
10.54	-3.51513E-05
10.56	-3.47473E-05
10.58	-3.4331E-05
10.6	-3.39024E-05
10.62	-3.34612E-05
10.64	-3.30073E-05
10.66	-3.25406E-05
10.68	-3.20609E-05
10.7	-3.15679E-05
10.72	-3.10617E-05
10.74	-3.0542E-05
10.76	-3.00086E-05
10.78	-2.94614E-05
10.8	-2.89002E-05
10.82	-2.83249E-05
10.84	-2.77353E-05
10.86	-2.71313E-05
10.88	-2.65127E-05
10.9	-2.58793E-05
10.92	-2.52309E-05
10.94	-2.45675E-05
10.96	-2.38888E-05
10.98	-2.31947E-05
11	-2.24849E-05
11.02	-2.17595E-05
11.04	-2.10181E-05
11.06	-2.02606E-05
11.08	-1.94869E-05
11.1	-1.86967E-05
11.12	-1.789E-05
11.14	-1.70665E-05
11.16	-1.6226E-05
11.18	-1.53685E-05
11.2	-1.44937E-05
11.22	-1.36015E-05
11.24	-1.26917E-05
11.26	-1.17642E-05
11.28	-1.08187E-05
11.3	-9.85514E-06
11.32	-8.87332E-06
11.34	-7.87308E-06
11.36	-6.85425E-06
11.38	-5.81666E-06
11.4	-4.76014E-06
11.42	-3.68452E-06
11.44	-2.58965E-06
11.46	-1.47534E-06
11.48	-3.41427E-07
11.5	8.12254E-07
11.52	1.98587E-06
11.54	3.1796E-06
11.56	4.39361E-06
11.58	5.62807E-06
11.6	6.88314E-06
11.62	8.159E-06
11.64	9.45581E-06
11.66	1.07738E-05
11.68	1.2113E-05
11.7	1.34737E-05
11.72	1.4856E-05
11.74	1.62601E-05
11.76	1.76862E-05
11.78	1.91345E-05
11.8	2.0605E-05
11.82	2.2098E-05
11.84	2.36137E-05
11.86	2.51521E-05
11.88	2.67135E-05
11.9	2.82981E-05
11.92	2.99059E-05
11.94	3.15371E-05
11.96	3.3192E-05
11.98	3.48706E-05
12	3.65732E-05
12.02	3.82998E-05
12.04	4.00507E-05
12.06	4.1826E-05
12.08	4.36258E-05
12.1	4.54504E-05
12.12	4.72998E-05
12.14	4.91742E-05
12.16	5.10737E-05
12.18	5.29986E-05
12.2	5.4949E-05
12.22	5.69249E-05
12.24	5.89266E-05
12.26	6.09542E-05
12.28	6.30078E-05
12.3	6.50876E-05
12.32	6.71937E-05
12.34	6.93262E-05
12.36	7.14853E-05
12.38	7.36711E-05
12.4	7.58837E-05
12.42	7.81233E-05
12.44	8.039E-05
12.46	8.26838E-05
12.48	8.5005E-05
12.5	8.73536E-05
12.52	8.97297E-05
12.54	9.21336E-05
12.56	9.45652E-05
12.58	9.70246E-05
12.6	9.95121E-05
12.62	0.000102028
12.64	0.000104571
12.66	0.000107143
12.68	0.000109744
12.7	0.000112373
12.72	0.00011503
12.74	0.000117716
12.76	0.000120431
12.78	0.000123175
12.8	0.000125947
12.82	0.000128749
12.84	0.000131579
12.86	0.000134439
12.88	0.000137328
12.9	0.000140246
12.92	0.000143193
12.94	0.00014617
12.96	0.000149176
12.98	0.000152212
13	0.000155277
13.02	0.000158371
13.04	0.000161496
13.06	0.000164649
13.08	0.000167833
13.1	0.000171046
13.12	0.000174289
13.14	0.000177561
13.16	0.000180863
13.18	0.000184195
13.2	0.000187556
13.22	0.000190948
13.24	0.000194369
13.26	0.000197819
13.28	0.000201299
13.3	0.000204809
13.32	0.000208349
13.34	0.000211918
13.36	0.000215517
13.38	0.000219145
13.4	0.000222802
13.42	0.000226489
13.44	0.000230206
13.46	0.000233952
13.48	0.000237726
13.5	0.00024153
13.52	0.000245363
13.54	0.000249225
13.56	0.000253116
13.58	0.000257036
13.6	0.000260984
13.62	0.000264961
13.64	0.000268966
13.66	0.000272999
13.68	0.000277061
13.7	0.00028115
13.72	0.000285268
13.74	0.000289413
13.76	0.000293585
13.78	0.000297785
13.8	0.000302012
13.82	0.000306266
13.84	0.000310547
13.86	0.000314854
13.88	0.000319188
13.9	0.000323547
13.92	0.000327933
13.94	0.000332344
13.96	0.000336781
13.98	0.000341243
14	0.00034573
14.02	0.000350241
14.04	0.000354777
14.06	0.000359337
14.08	0.000363921
14.1	0.000368528
14.12	0.000373158
14.14	0.000377811
14.16	0.000382487
14.18	0.000387185
14.2	0.000391904
14.22	0.000396645
14.24	0.000401407
14.26	0.00040619
14.28	0.000410993
14.3	0.000415816
14.32	0.000420658
14.34	0.00042552
14.36	0.0004304
14.38	0.000435298
14.4	0.000440214
14.42	0.000445147
14.44	0.000450097
14.46	0.000455063
14.48	0.000460046
14.5	0.000465043
14.52	0.000470055
14.54	0.000475081
14.56	0.000480121
14.58	0.000485174
14.6	0.00049024
14.62	0.000495318
14.64	0.000500407
14.66	0.000505506
14.68	0.000510616
14.7	0.000515736
14.72	0.000520864
14.74	0.000526001
14.76	0.000531145
14.78	0.000536296
14.8	0.000541453
14.82	0.000546615
14.84	0.000551782
14.86	0.000556954
14.88	0.000562128
14.9	0.000567305
14.92	0.000572483
14.94	0.000577663
14.96	0.000582842
14.98	0.000588021
15	0.000593849
15.02	0.000601368
15.04	0.00060715
15.06	0.000612853
15.08	0.000616033
15.1	0.000621151
15.12	0.000623372
15.14	0.0006273
15.16	0.000626749
15.18	0.000625219
15.2	0.000605139
15.22	0.000535117
15.24	0.000374134
15.26	0.000213546
15.28	0.000137894
15.3	0.000209182
15.32	0.000408774
15.34	0.000675033
15.36	0.000852769
15.38	0.000850736
15.4	0.000760696
15.42	0.000740097
15.44	0.00088597
15.46	0.001084849
15.48	0.001190754
15.5	0.001102623
15.52	0.000768892
15.54	0.000255886
15.56	-0.000298339
15.58	-0.000836832
15.6	-0.001303607
15.62	-0.001667363
15.64	-0.001775179
15.66	-0.00158807
15.68	-0.001242309
15.7	-0.000962781
15.72	-0.000781909
15.74	-0.0005435
15.76	-8.67824E-05
15.78	0.000618017
15.8	0.001436196
15.82	0.002243544
15.84	0.002975676
15.86	0.003603361
15.88	0.004087122
15.9	0.004366505
15.92	0.004440849
15.94	0.004440017
15.96	0.004492262
15.98	0.00462812
16	0.004696259
16.02	0.004566395
16.04	0.004123876
16.06	0.003412649
16.08	0.002513433
16.1	0.001553233
16.12	0.000535314
16.14	-0.000550389
16.16	-0.001766815
16.18	-0.002972002
16.2	-0.004113254
16.22	-0.005130282
16.24	-0.006145269
16.26	-0.007236057
16.28	-0.008439881
16.3	-0.009724809
16.32	-0.011039039
16.34	-0.012253054
16.36	-0.013298293
16.38	-0.014076116
16.4	-0.014467071
16.42	-0.014424264
16.44	-0.014129147
16.46	-0.013862084
16.48	-0.01377457
16.5	-0.013766122
16.52	-0.013697725
16.54	-0.013350465
16.56	-0.01269716
16.58	-0.011879923
16.6	-0.011232691
16.62	-0.010990478
16.64	-0.011309747
16.66	-0.012062754
16.68	-0.01292005
16.7	-0.013688373
16.72	-0.014287485
16.74	-0.014707264
16.76	-0.014992997
16.78	-0.015237411
16.8	-0.015609711
16.82	-0.016168286
16.84	-0.016686744
16.86	-0.016619955
16.88	-0.015597948
16.9	-0.013882883
16.92	-0.011906856
16.94	-0.009849705
16.96	-0.0077282
16.98	-0.005437315
17	-0.002956946
17.02	-0.000185012
17.04	0.002919656
17.06	0.006308871
17.08	0.009965661
17.1	0.013613386
17.12	0.01691513
17.14	0.019539806
17.16	0.021225894
17.18	0.021819032
17.2	0.021405731
17.22	0.020433214
17.24	0.019058028
17.26	0.016988107
17.28	0.013815542
17.3	0.009593514
17.32	0.004569189
17.34	-0.001032283
17.36	-0.00680275
17.38	-0.012259972
17.4	-0.01670136
17.42	-0.019337046
17.44	-0.020149668
17.46	-0.019259957
17.48	-0.017794525
17.5	-0.016430702
17.52	-0.015470078
17.54	-0.01520422
17.56	-0.015825184
17.58	-0.017354772
17.6	-0.019231027
17.62	-0.021073374
17.64	-0.022430852
17.66	-0.022441715
17.68	-0.020943369
17.7	-0.01821669
17.72	-0.014995671
17.74	-0.011600559
17.76	-0.008082525
17.78	-0.004293238
17.8	0.000282054
17.82	0.005854128
17.84	0.012339106
17.86	0.01930805
17.88	0.026099458
17.9	0.031986656
17.92	0.036677063
17.94	0.040382485
17.96	0.043298895
17.98	0.045518313
18	0.047465168
18.02	0.049384854
18.04	0.051641935
18.06	0.05416526
18.08	0.056792372
18.1	0.059221536
18.12	0.061420535
18.14	0.063260362
18.16	0.064602641
18.18	0.065015667
18.2	0.064263534
18.22	0.062302821
18.24	0.059910612
18.26	0.057403989
18.28	0.055123447
18.3	0.052986679
18.32	0.050915725
18.34	0.048778019
18.36	0.04642132
18.38	0.043664647
18.4	0.040438125
18.42	0.036714658
18.44	0.032719295
18.46	0.028551544
18.48	0.024632663
18.5	0.020770684
18.52	0.016821293
18.54	0.0125124
18.56	0.008354985
18.58	0.004800607
18.6	0.001959728
18.62	1.89821E-05
18.64	-0.000951662
18.66	-0.001078709
18.68	-0.000579678
18.7	0.000519254
18.72	0.002012134
18.74	0.003567448
18.76	0.00517213
18.78	0.006915012
18.8	0.008795274
18.82	0.010662522
18.84	0.012535923
18.86	0.014331136
18.88	0.015966249
18.9	0.017560945
18.92	0.019041317
18.94	0.020293424
18.96	0.021156723
18.98	0.021552149
19	0.021518973
19.02	0.021240288
19.04	0.020957101
19.06	0.020492687
19.08	0.019491587
19.1	0.018033544
19.12	0.01616908
19.14	0.013964688
19.16	0.011134348
19.18	0.007421563
19.2	0.003030101
19.22	-0.001478693
19.24	-0.005865289
19.26	-0.00979229
19.28	-0.013587004
19.3	-0.017055455
19.32	-0.020081348
19.34	-0.022756754
19.36	-0.025392973
19.38	-0.028034963
19.4	-0.031091699
19.42	-0.034588583
19.44	-0.038510063
19.46	-0.042531606
19.48	-0.046736889
19.5	-0.051054549
19.52	-0.055574231
19.54	-0.059863783
19.56	-0.063630157
19.58	-0.066153905
19.6	-0.06732666
19.62	-0.066983475
19.64	-0.065188708
19.66	-0.062736658
19.68	-0.059691569
19.7	-0.056101051
19.72	-0.052090395
19.74	-0.047875005
19.76	-0.043694632
19.78	-0.039816383
19.8	-0.036456891
19.82	-0.033993763
19.84	-0.03265571
19.86	-0.032461445
19.88	-0.033010955
19.9	-0.033330179
19.92	-0.032594561
19.94	-0.031300322
19.96	-0.030091633
19.98	-0.029437114
20	-0.029169163
20.02	-0.029619683
20.04	-0.03088649
20.06	-0.032530793
20.08	-0.033504463
20.1	-0.033555214
20.12	-0.032628556
20.14	-0.031487253
20.16	-0.030393032
20.18	-0.029234222
20.2	-0.027516343
20.22	-0.025301543
20.24	-0.02240177
20.26	-0.018819533
20.28	-0.014616629
20.3	-0.010451182
20.32	-0.006400385
20.34	-0.002559335
20.36	0.001268872
20.38	0.005153983
20.4	0.009086493
20.42	0.013185018
20.44	0.017463455
20.46	0.021747887
20.48	0.02573401
20.5	0.029400184
20.52	0.033074976
20.54	0.03666358
20.56	0.04010367
20.58	0.043118051
20.6	0.045441449
20.62	0.04671684
20.64	0.046552887
20.66	0.044857942
20.68	0.042699936
20.7	0.040514516
20.72	0.038634515
20.74	0.037007647
20.76	0.035386114
20.78	0.033524551
20.8	0.031199972
20.82	0.028489256
20.84	0.025530184
20.86	0.02240586
20.88	0.019198567
20.9	0.016072355
20.92	0.013068132
20.94	0.01021537
20.96	0.007370426
20.98	0.00447489
21	0.001594972
21.02	-0.001013086
21.04	-0.003105384
21.06	-0.004545601
21.08	-0.005439971
21.1	-0.005963582
21.12	-0.006327042
21.14	-0.006506544
21.16	-0.006426812
21.18	-0.006078601
21.2	-0.005689877
21.22	-0.00519818
21.24	-0.0044664
21.26	-0.003372511
21.28	-0.002011683
21.3	-0.000525723
21.32	0.001058267
21.34	0.002878337
21.36	0.004893823
21.38	0.006908505
21.4	0.008637012
21.42	0.009731979
21.44	0.010089283
21.46	0.009811644
21.48	0.009247037
21.5	0.008748091
21.52	0.008282171
21.54	0.007627344
21.56	0.006727561
21.58	0.005630804
21.6	0.004522489
21.62	0.003553388
21.64	0.00283787
21.66	0.002536903
21.68	0.002788806
21.7	0.003496693
21.72	0.004312639
21.74	0.004943133
21.76	0.005382621
21.78	0.005747623
21.8	0.006197775
21.82	0.006833997
21.84	0.007644617
21.86	0.00861959
21.88	0.009632345
21.9	0.010503469
21.92	0.011105807
21.94	0.011448683
21.96	0.011623648
21.98	0.01170105
22	0.01165037
22.02	0.011433069
22.04	0.01095552
22.06	0.010160851
22.08	0.009023977
22.1	0.00780162
22.12	0.006873114
22.14	0.006529434
22.16	0.006745167
22.18	0.007287189
22.2	0.007839125
22.22	0.008466619
22.24	0.009190432
22.26	0.009996969
22.28	0.010815183
22.3	0.011600361
22.32	0.012218992
22.34	0.012503016
22.36	0.012273509
22.38	0.011501227
22.4	0.010395932
22.42	0.009089658
22.44	0.007665921
22.46	0.006248248
22.48	0.004907251
22.5	0.003586429
22.52	0.002187077
22.54	0.000641587
22.56	-0.000933643
22.58	-0.002358221
22.6	-0.003451539
22.62	-0.004226392
22.64	-0.004866604
22.66	-0.00560176
22.68	-0.006581323
22.7	-0.007817088
22.72	-0.009170682
22.74	-0.010583102
22.76	-0.011910745
22.78	-0.012947503
22.8	-0.013639109
22.82	-0.014129984
22.84	-0.014654938
22.86	-0.015602119
22.88	-0.017020308
22.9	-0.018905585
22.92	-0.021163455
22.94	-0.023860323
22.96	-0.026852454
22.98	-0.030085404
23	-0.033456657
23.02	-0.036880496
23.04	-0.040069654
23.06	-0.042775235
23.08	-0.044586391
23.1	-0.045275479
23.12	-0.044758531
23.14	-0.043485654
23.16	-0.041912199
23.18	-0.040342134
23.2	-0.038778025
23.22	-0.037193395
23.24	-0.035447185
23.26	-0.033430735
23.28	-0.03110138
23.3	-0.028664539
23.32	-0.026232529
23.34	-0.023756693
23.36	-0.021105143
23.38	-0.018177434
23.4	-0.014888907
23.42	-0.011353286
23.44	-0.007550483
23.46	-0.003685301
23.48	6.32495E-05
23.5	0.003374011
23.52	0.006182664
23.54	0.008274308
23.56	0.009635574
23.58	0.010297907
23.6	0.010420029
23.62	0.010105167
23.64	0.009745608
23.66	0.009428128
23.68	0.009280301
23.7	0.009087991
23.72	0.008927482
23.74	0.008836843
23.76	0.009117539
23.78	0.009565526
23.8	0.009987799
23.82	0.0100065
23.84	0.00986763
23.86	0.00966055
23.88	0.009662222
23.9	0.009697194
23.92	0.009871813
23.94	0.009924577
23.96	0.00991305
23.98	0.009727842
24	0.00969659
24.02	0.009671295
24.04	0.009796506
24.06	0.009823636
24.08	0.009828649
24.1	0.009532437
24.12	0.009053116
24.14	0.008225373
24.16	0.007306189
24.18	0.00652044
24.2	0.006554554
24.22	0.007503679
24.24	0.009187373
24.26	0.010865841
24.28	0.012564713
24.3	0.014170277
24.32	0.015736839
24.34	0.01729519
24.36	0.018948688
24.38	0.020389333
24.4	0.021334041
24.42	0.02135271
24.44	0.020184466
24.46	0.018136544
24.48	0.016051433
24.5	0.014148316
24.52	0.012702205
24.54	0.011842552
24.56	0.011639686
24.58	0.012095142
24.6	0.01292495
24.62	0.013784322
24.64	0.014535273
24.66	0.014987497
24.68	0.0150222
24.7	0.014500559
24.72	0.013440422
24.74	0.011776629
24.76	0.009972541
24.78	0.008294573
24.8	0.006665635
24.82	0.005526739
24.84	0.004869829
24.86	0.00448412
24.88	0.004307942
24.9	0.00433651
24.92	0.004580047
24.94	0.005006514
24.96	0.005445307
24.98	0.005762034
25	0.005893494
25.02	0.005691468
25.04	0.004928737
25.06	0.003630501
25.08	0.001806282
25.1	-0.000395118
25.12	-0.00285632
25.14	-0.005257212
25.16	-0.007162318
25.18	-0.008354316
25.2	-0.008848506
25.22	-0.008793967
25.24	-0.0085589
25.26	-0.00863836
25.28	-0.009111061
25.3	-0.009766829
25.32	-0.01049363
25.34	-0.011190327
25.36	-0.011890756
25.38	-0.01254823
25.4	-0.013178338
25.42	-0.013795255
25.44	-0.014476471
25.46	-0.015236736
25.48	-0.016195506
25.5	-0.017386963
25.52	-0.018899679
25.54	-0.020689596
25.56	-0.022669273
25.58	-0.024596466
25.6	-0.026281832
25.62	-0.027540188
25.64	-0.028181926
25.66	-0.028062108
25.68	-0.027321213
25.7	-0.026415739
25.72	-0.025629574
25.74	-0.024918641
25.76	-0.024220459
25.78	-0.023360377
25.8	-0.022243603
25.82	-0.020736185
25.84	-0.018890236
25.86	-0.016795396
25.88	-0.014575898
25.9	-0.012265294
25.92	-0.00987609
25.94	-0.007339917
25.96	-0.00461392
25.98	-0.001707609
26	0.001272262
26.02	0.004300569
26.04	0.007218067
26.06	0.010049494
26.08	0.012715318
26.1	0.015196485
26.12	0.017369433
26.14	0.019084405
26.16	0.020019075
26.18	0.020039059
26.2	0.019073925
26.22	0.017660672
26.24	0.016227027
26.26	0.015076503
26.28	0.014263793
26.3	0.01375596
26.32	0.013303117
26.34	0.012689032
26.36	0.011688738
26.38	0.010179423
26.4	0.008222274
26.42	0.006071018
26.44	0.004051895
26.46	0.002405292
26.48	0.001208951
26.5	0.000436481
26.52	1.14075E-05
26.54	-0.000110756
26.56	-8.1853E-06
26.58	0.000306466
26.6	0.000791504
26.62	0.001537976
26.64	0.002573518
26.66	0.003972777
26.68	0.005698712
26.7	0.007693683
26.72	0.009770698
26.74	0.011762788
26.76	0.013576796
26.78	0.015139688
26.8	0.016422252
26.82	0.017350134
26.84	0.017775467
26.86	0.017572056
26.88	0.016733405
26.9	0.015508759
26.92	0.013919918
26.94	0.011944726
26.96	0.009529752
26.98	0.006668191
27	0.003329477
27.02	-0.00051076
27.04	-0.004835392
27.06	-0.009632004
27.08	-0.014680707
27.1	-0.019442146
27.12	-0.02349011
27.14	-0.026488866
27.16	-0.0283158
27.18	-0.029058989
27.2	-0.028925635
27.22	-0.028209415
27.24	-0.027188448
27.26	-0.025933883
27.28	-0.024524561
27.3	-0.022927588
27.32	-0.021057492
27.34	-0.01876902
27.36	-0.016006362
27.38	-0.012776496
27.4	-0.009214275
27.42	-0.005417753
27.44	-0.001487659
27.46	0.002455136
27.48	0.006169652
27.5	0.009608708
27.52	0.012698007
27.54	0.015407839
27.56	0.017769583
27.58	0.019897272
27.6	0.021716458
27.62	0.023085235
27.64	0.02396807
27.66	0.024390597
27.68	0.024326398
27.7	0.02399621
27.72	0.023425574
27.74	0.022656156
27.76	0.021768061
27.78	0.020777874
27.8	0.019680361
27.82	0.018449932
27.84	0.017108474
27.86	0.015730482
27.88	0.014339677
27.9	0.012942746
27.92	0.01160305
27.94	0.010426014
27.96	0.009527942
27.98	0.00902948
28	0.008959715
28.02	0.009190284
28.04	0.009451279
28.06	0.009519494
28.08	0.009388823
28.1	0.009067761
28.12	0.008612239
28.14	0.007997567
28.16	0.007212552
28.18	0.006458682
28.2	0.005756309
28.22	0.005196816
28.24	0.004811271
28.26	0.004406432
28.28	0.003861097
28.3	0.003055021
28.32	0.001851535
28.34	0.000237293
28.36	-0.001639632
28.38	-0.003510398
28.4	-0.00504429
28.42	-0.005998494
28.44	-0.006320491
28.46	-0.006043299
28.48	-0.005581032
28.5	-0.005216021
28.52	-0.005131738
28.54	-0.005363653
28.56	-0.005713764
28.58	-0.005897447
28.6	-0.005976288
28.62	-0.006108486
28.64	-0.006496987
28.66	-0.006991062
28.68	-0.00735925
28.7	-0.007363165
28.72	-0.007060833
28.74	-0.006602348
28.76	-0.006138167
28.78	-0.005598055
28.8	-0.005027387
28.82	-0.004517519
28.84	-0.004079511
28.86	-0.003696006
28.88	-0.003338402
28.9	-0.002887172
28.92	-0.0022405
28.94	-0.001522616
28.96	-0.000889802
28.98	-0.000420697
29	-0.000200149
29.02	-0.000206282
29.04	-0.000235463
29.06	-8.41099E-05
29.08	0.000548722
29.1	0.00150092
29.12	0.002660228
29.14	0.003803959
29.16	0.004555489
29.18	0.004797698
29.2	0.004543715
29.22	0.003905308
29.24	0.003029767
29.26	0.002006725
29.28	0.001027064
29.3	0.000209002
29.32	-0.000354276
29.34	-0.000769263
29.36	-0.001187117
29.38	-0.00179869
29.4	-0.002874124
29.42	-0.004438183
29.44	-0.006502014
29.46	-0.009017871
29.48	-0.011799017
29.5	-0.014593631
29.52	-0.017267526
29.54	-0.019584657
29.56	-0.021134255
29.58	-0.022083194
29.6	-0.022642821
29.62	-0.02295406
29.64	-0.023069345
29.66	-0.022794106
29.68	-0.021983838
29.7	-0.020716027
29.72	-0.019188925
29.74	-0.017488039
29.76	-0.015763516
29.78	-0.014110996
29.8	-0.01259906
29.82	-0.011168595
29.84	-0.009714682
29.86	-0.008095946
29.88	-0.006333686
29.9	-0.004531454
29.92	-0.002942075
29.94	-0.001711106
29.96	-0.000856155
29.98	-0.000386754
30	-0.000256305
30.02	-0.000302717
30.04	-0.000379978
30.06	-0.000391802
30.08	-0.000547614
30.1	-0.001047607
30.12	-0.001909373
30.14	-0.002989233
30.16	-0.004049201
30.18	-0.004889861
30.2	-0.005402581
30.22	-0.005640794
30.24	-0.005832182
30.26	-0.006169004
30.28	-0.006706894
30.3	-0.007301765
30.32	-0.007674561
30.34	-0.007577416
30.36	-0.006920958
30.38	-0.005913356
30.4	-0.004641838
30.42	-0.003134795
30.44	-0.001432846
30.46	0.000301054
30.48	0.002031942
30.5	0.003838724
30.52	0.005818699
30.54	0.007835131
30.56	0.009657141
30.58	0.01107209
30.6	0.011850319
30.62	0.011909758
30.64	0.01135138
30.66	0.010425583
30.68	0.009036874
30.7	0.007011663
30.72	0.004423981
30.74	0.001465881
30.76	-0.001663917
30.78	-0.004802876
30.8	-0.007898392
30.82	-0.010961351
30.84	-0.013935293
30.86	-0.016724639
30.88	-0.019255801
30.9	-0.021470308
30.92	-0.023349236
30.94	-0.024844991
30.96	-0.025881709
30.98	-0.026413519
31	-0.026385498
31.02	-0.025769201
31.04	-0.024709857
31.06	-0.023157562
31.08	-0.021109154
31.1	-0.018622443
31.12	-0.015795486
31.14	-0.012712857
31.16	-0.009391418
31.18	-0.005858003
31.2	-0.002144504
31.22	0.001640919
31.24	0.005339658
31.26	0.008803649
31.28	0.011900656
31.3	0.014513548
31.32	0.016593579
31.34	0.018082437
31.36	0.019033347
31.38	0.019617116
31.4	0.020090184
31.42	0.020573891
31.44	0.021003362
31.46	0.021201114
31.48	0.021013356
31.5	0.020295238
31.52	0.019176773
31.54	0.017727919
31.56	0.015953245
31.58	0.013878772
31.6	0.011592971
31.62	0.009216448
31.64	0.006830361
31.66	0.004448163
31.68	0.002117433
31.7	-8.63754E-05
31.72	-0.002006086
31.74	-0.003451039
31.76	-0.004355551
31.78	-0.00481091
31.8	-0.004974649
31.82	-0.004958779
31.84	-0.00474173
31.86	-0.004215741
31.88	-0.003560607
31.9	-0.002855768
31.92	-0.001973101
31.94	-0.000818384
31.96	0.000578924
31.98	0.001975428
32	0.003224322
32.02	0.004244334
32.04	0.005016222
32.06	0.005527339
32.08	0.005738044
32.1	0.005545831
32.12	0.004813708
32.14	0.003642262
32.16	0.002173472
32.18	0.000526961
32.2	-0.001127197
32.22	-0.002667984
32.24	-0.003980307
32.26	-0.005045621
32.28	-0.005897144
32.3	-0.006644479
32.32	-0.007410761
32.34	-0.008258058
32.36	-0.00909394
32.38	-0.009870382
32.4	-0.010405607
32.42	-0.010595598
32.44	-0.010369887
32.46	-0.00984306
32.48	-0.009121991
32.5	-0.008197978
32.52	-0.007058154
32.54	-0.005841507
32.56	-0.004587308
32.58	-0.003244091
32.6	-0.001720552
32.62	-2.554E-06
32.64	0.001823427
32.66	0.003617288
32.68	0.005276483
32.7	0.006759663
32.72	0.008059107
32.74	0.009146382
32.76	0.010015679
32.78	0.010680775
32.8	0.011255272
32.82	0.011813099
32.84	0.012319147
32.86	0.012581556
32.88	0.012306079
32.9	0.011306443
32.92	0.009865503
32.94	0.00828306
32.96	0.006747026
32.98	0.005420269
33	0.004284392
33.02	0.003237261
33.04	0.002159543
33.06	0.000941334
33.08	-0.000432268
33.1	-0.001880235
33.12	-0.003335685
33.14	-0.004748418
33.16	-0.006118198
33.18	-0.007470227
33.2	-0.008882799
33.22	-0.010371301
33.24	-0.011892461
33.26	-0.013289806
33.28	-0.014453759
33.3	-0.015169495
33.32	-0.015318617
33.34	-0.014923277
33.36	-0.01432758
33.38	-0.013619851
33.4	-0.012752052
33.42	-0.011663804
33.44	-0.010417579
33.46	-0.009086109
33.48	-0.007751534
33.5	-0.006429892
33.52	-0.005168086
33.54	-0.004018731
33.56	-0.003072836
33.58	-0.002397016
33.6	-0.001926138
33.62	-0.001612443
33.64	-0.001461906
33.66	-0.001539421
33.68	-0.001906345
33.7	-0.002483431
33.72	-0.00314141
33.74	-0.003835112
33.76	-0.004575031
33.78	-0.005265097
33.8	-0.005815376
33.82	-0.006071468
33.84	-0.006046024
33.86	-0.005837527
33.88	-0.005620573
33.9	-0.005293811
33.92	-0.004655063
33.94	-0.003585624
33.96	-0.002249279
33.98	-0.00087954
34	0.000259382
34.02	0.001195915
34.04	0.001991686
34.06	0.002648629
34.08	0.003303911
34.1	0.004027121
34.12	0.004849169
34.14	0.005797776
34.16	0.006823419
34.18	0.007832302
34.2	0.008656568
34.22	0.009246628
34.24	0.009511176
34.26	0.009505323
34.28	0.00932868
34.3	0.008958572
34.32	0.008229203
34.34	0.007244571
34.36	0.006236629
34.38	0.005471109
34.4	0.00494669
34.42	0.004573265
34.44	0.004241712
34.46	0.003946534
34.48	0.003687651
34.5	0.003467735
34.52	0.003196041
34.54	0.002723449
34.56	0.001975661
34.58	0.0009999
34.6	-0.000161035
34.62	-0.001509138
34.64	-0.003024819
34.66	-0.004675968
34.68	-0.00628373
34.7	-0.00766617
34.72	-0.008737686
34.74	-0.009510468
34.76	-0.010120242
34.78	-0.010572856
34.8	-0.010723597
34.82	-0.010433079
34.84	-0.009622664
34.86	-0.008485387
34.88	-0.007165596
34.9	-0.005770231
34.92	-0.004412433
34.94	-0.003172619
34.96	-0.002055235
34.98	-0.000949956
35	0.000231849
35.02	0.001634122
35.04	0.00330095
35.06	0.005075602
35.08	0.006744099
35.1	0.008069175
35.12	0.008952783
35.14	0.00949484
35.16	0.009868761
35.18	0.010225605
35.2	0.010549485
35.22	0.010709055
35.24	0.010463541
35.26	0.009710761
35.28	0.008589548
35.3	0.007265576
35.32	0.005897614
35.34	0.004754739
35.36	0.004058674
35.38	0.003894057
35.4	0.004144056
35.42	0.004506693
35.44	0.004744257
35.46	0.004841962
35.48	0.004827652
35.5	0.004795355
35.52	0.00470749
35.54	0.004573809
35.56	0.004385945
35.58	0.004182592
35.6	0.003906628
35.62	0.003564264
35.64	0.003213755
35.66	0.002959145
35.68	0.002925336
35.7	0.003217383
35.72	0.003648998
35.74	0.003929545
35.76	0.003875087
35.78	0.003520461
35.8	0.002954809
35.82	0.002189552
35.84	0.001216104
35.86	-4.12675E-06
35.88	-0.001321797
35.9	-0.002506482
35.92	-0.003525658
35.94	-0.004402725
35.96	-0.00518633
35.98	-0.005877868
36	-0.00654539
36.02	-0.007234673
36.04	-0.008064996
36.06	-0.00918822
36.08	-0.010717494
36.1	-0.012638096
36.12	-0.014765545
36.14	-0.016888591
36.16	-0.018872589
36.18	-0.020621435
36.2	-0.021999551
36.22	-0.022880351
36.24	-0.023231774
36.26	-0.023034012
36.28	-0.022473121
36.3	-0.021844117
36.32	-0.021172473
36.34	-0.020440212
36.36	-0.019634674
36.38	-0.018763819
36.4	-0.017887943
36.42	-0.016913838
36.44	-0.015724897
36.46	-0.014231538
36.48	-0.012436884
36.5	-0.010405111
36.52	-0.008193895
36.54	-0.005763679
36.56	-0.003114876
36.58	-0.000339033
36.6	0.002408303
36.62	0.004898114
36.64	0.006912251
36.66	0.008335467
36.68	0.00906923
36.7	0.009093007
36.72	0.008443463
36.74	0.007479371
36.76	0.00639231
36.78	0.005357059
36.8	0.004451092
36.82	0.003642882
36.84	0.002837497
36.86	0.001948641
36.88	0.001016444
36.9	0.000206032
36.92	-0.000355183
36.94	-0.000594042
36.96	-0.000468238
36.98	-6.89448E-05
37	0.000391153
37.02	0.00073609
37.04	0.00084095
37.06	0.000667257
37.08	0.000325603
37.1	7.31129E-05
37.12	0.000108699
37.14	0.000452559
37.16	0.000955353
37.18	0.001441133
37.2	0.001822511
37.22	0.002038481
37.24	0.002087122
37.26	0.002009016
37.28	0.001824391
37.3	0.001507247
37.32	0.001086568
37.34	0.000581914
37.36	-4.61905E-05
37.38	-0.000923154
37.4	-0.002054669
37.42	-0.003305642
37.44	-0.004494664
37.46	-0.005406079
37.48	-0.005927784
37.5	-0.006106903
37.52	-0.006038726
37.54	-0.005801815
37.56	-0.005549718
37.58	-0.005324947
37.6	-0.005136865
37.62	-0.004862134
37.64	-0.004367388
37.66	-0.003610592
37.68	-0.002732109
37.7	-0.001917063
37.72	-0.00124253
37.74	-0.000636237
37.76	5.58237E-05
37.78	0.001055585
37.8	0.002439219
37.82	0.004121845
37.84	0.005934409
37.86	0.007756675
37.88	0.009457456
37.9	0.010958212
37.92	0.01219164
37.94	0.013171781
37.96	0.014038604
37.98	0.014746419
38	0.01537995
38.02	0.015993942
38.04	0.016592852
38.06	0.017141652
38.08	0.017666596
38.1	0.01819732
38.12	0.018680718
38.14	0.019015739
38.16	0.019069612
38.18	0.0187018
38.2	0.018003227
38.22	0.017059797
38.24	0.015901043
38.26	0.014539264
38.28	0.013017093
38.3	0.011370621
38.32	0.009671854
38.34	0.007962264
38.36	0.006342498
38.38	0.004944213
38.4	0.003902047
38.42	0.003337132
38.44	0.003297001
38.46	0.003703455
38.48	0.004307828
38.5	0.004902291
38.52	0.005497358
38.54	0.006092171
38.56	0.006710219
38.58	0.007346495
38.6	0.007948009
38.62	0.008414728
38.64	0.008696588
38.66	0.008719262
38.68	0.008458903
38.7	0.007960221
38.72	0.00737307
38.74	0.006802376
38.76	0.006284921
38.78	0.00577593
38.8	0.005185359
38.82	0.004406844
38.84	0.003410568
38.86	0.002368276
38.88	0.001500065
38.9	0.000939827
38.92	0.000789493
38.94	0.001077992
38.96	0.001544509
38.98	0.002004752
39	0.002339175
39.02	0.002466612
39.04	0.002393309
39.06	0.002292952
39.08	0.002401178
39.1	0.002853656
39.12	0.00355958
39.14	0.004384897
39.16	0.005148301
39.18	0.00572963
39.2	0.006156615
39.22	0.006501102
39.24	0.006812308
39.26	0.007116576
39.28	0.007429113
39.3	0.007761445
39.32	0.008105872
39.34	0.008349584
39.36	0.008344537
39.38	0.007934602
39.4	0.007105485
39.42	0.005889536
39.44	0.004283928
39.46	0.002346721
39.48	0.000332459
39.5	-0.001493363
39.52	-0.002938891
39.54	-0.003994266
39.56	-0.004473933
39.58	-0.004625351
39.6	-0.004903056
39.62	-0.005609202
39.64	-0.006679991
39.66	-0.008135037
39.68	-0.009876712
39.7	-0.011669817
39.72	-0.013303154
39.74	-0.014634674
39.76	-0.015846325
39.78	-0.017272372
39.8	-0.019061402
39.82	-0.021170472
39.84	-0.023403184
39.86	-0.025426491
39.88	-0.026994282
39.9	-0.028076888
39.92	-0.028708552
39.94	-0.028969844
39.96	-0.02895826
39.98	-0.028712639
40	-0.028353771
40.02	-0.027871135
40.04	-0.027218028
40.06	-0.026352102
40.08	-0.025341191
40.1	-0.024274462
40.12	-0.023276645
40.14	-0.022356881
40.16	-0.021508888
40.18	-0.020737996
40.2	-0.020078162
40.22	-0.019600421
40.24	-0.019292123
40.26	-0.019094064
40.28	-0.018942668
40.3	-0.018794294
40.32	-0.018688584
40.34	-0.018649051
40.36	-0.018605213
40.38	-0.018411299
40.4	-0.017936382
40.42	-0.017192169
40.44	-0.016295524
40.46	-0.015400875
40.48	-0.014549857
40.5	-0.013710539
40.52	-0.012814996
40.54	-0.011821284
40.56	-0.010726306
40.58	-0.009613286
40.6	-0.008616526
40.62	-0.007918204
40.64	-0.007707772
40.66	-0.008146204
40.68	-0.009098079
40.7	-0.010253171
40.72	-0.011459588
40.74	-0.012715738
40.76	-0.014047899
40.78	-0.015527156
40.8	-0.017152713
40.82	-0.018860482
40.84	-0.020586722
40.86	-0.022291447
40.88	-0.023931005
40.9	-0.025348035
40.92	-0.026252892
40.94	-0.02639813
40.96	-0.025639045
40.98	-0.024382273
41	-0.02313526
41.02	-0.022174848
41.04	-0.021646583
41.06	-0.021500863
41.08	-0.021548895
41.1	-0.021513293
41.12	-0.021169184
41.14	-0.020422133
41.16	-0.019311376
41.18	-0.018061564
41.2	-0.017061349
41.22	-0.016660301
41.24	-0.016985153
41.26	-0.01786661
41.28	-0.018947295
41.3	-0.020058998
41.32	-0.021182302
41.34	-0.022257127
41.36	-0.023263403
41.38	-0.024122944
41.4	-0.024714932
41.42	-0.024889791
41.44	-0.024448771
41.46	-0.023230703
41.48	-0.021336775
41.5	-0.018846169
41.52	-0.015957107
41.54	-0.01288496
41.56	-0.009792213
41.58	-0.006824737
41.6	-0.004225963
41.62	-0.001916406
41.64	-1.52566E-05
41.66	0.001649637
41.68	0.003189927
41.7	0.004725106
41.72	0.00631112
41.74	0.007935935
41.76	0.009547096
41.78	0.011164471
41.8	0.012822027
41.82	0.014515011
41.84	0.016161263
41.86	0.017631087
41.88	0.018738386
41.9	0.01926671
41.92	0.019077434
41.94	0.01818751
41.96	0.016960943
41.98	0.015617722
42	0.014421476
42.02	0.013577996
42.04	0.0131582
42.06	0.013079249
42.08	0.013202104
42.1	0.013319941
42.12	0.013298856
42.14	0.01309047
42.16	0.012665127
42.18	0.011980076
42.2	0.011010277
42.22	0.00978958
42.24	0.008402219
42.26	0.006972015
42.28	0.005655609
42.3	0.004579546
42.32	0.003875851
42.34	0.003657419
42.36	0.003927998
42.38	0.00464675
42.4	0.00559474
42.42	0.006751113
42.44	0.008047724
42.46	0.009387205
42.48	0.010663385
42.5	0.011794589
42.52	0.012676538
42.54	0.013343946
42.56	0.013899029
42.58	0.014460477
42.6	0.015133105
42.62	0.015942209
42.64	0.016826123
42.66	0.01767401
42.68	0.018351714
42.7	0.018740866
42.72	0.018753945
42.74	0.018459742
42.76	0.018030881
42.78	0.017542974
42.8	0.017023052
42.82	0.016514867
42.84	0.016038473
42.86	0.015676824
42.88	0.015549264
42.9	0.015791997
42.92	0.016408308
42.94	0.017241572
42.96	0.018193269
42.98	0.019210367
43	0.020203747
43.02	0.021056212
43.04	0.021661656
43.06	0.021994185
43.08	0.022063869
43.1	0.021956459
43.12	0.021881232
43.14	0.021864575
43.16	0.021870444
43.18	0.021830028
43.2	0.021704154
43.22	0.02146163
43.24	0.021080175
43.26	0.020544635
43.28	0.019817146
43.3	0.01887416
43.32	0.017666244
43.34	0.016138481
43.36	0.014269958
43.38	0.012115909
43.4	0.009812303
43.42	0.007598158
43.44	0.005724245
43.46	0.004286942
43.48	0.003353013
43.5	0.002864388
43.52	0.002616715
43.54	0.002452991
43.56	0.002243025
43.58	0.001941462
43.6	0.001488468
43.62	0.000803484
43.64	-0.000192174
43.66	-0.001511355
43.68	-0.003160682
43.7	-0.005052772
43.72	-0.007052006
43.74	-0.008960393
43.76	-0.010666015
43.78	-0.012087132
43.8	-0.013222115
43.82	-0.014067095
43.84	-0.014648778
43.86	-0.014931558
43.88	-0.014883003
43.9	-0.01447029
43.92	-0.013905577
43.94	-0.013295801
43.96	-0.012743859
43.98	-0.012258726
44	-0.011847728
44.02	-0.011460121
44.04	-0.011078614
44.06	-0.010677614
44.08	-0.010228965
44.1	-0.009738561
44.12	-0.009270324
44.14	-0.008892266
44.16	-0.00864613
44.18	-0.008523495
44.2	-0.008477452
44.22	-0.008428595
44.24	-0.008283445
44.26	-0.008000007
44.28	-0.007580888
44.3	-0.007058609
44.32	-0.006417658
44.34	-0.005676528
44.36	-0.004843445
44.38	-0.003938907
44.4	-0.003041607
44.42	-0.002167604
44.44	-0.001360841
44.46	-0.00066026
44.48	-7.99494E-05
44.5	0.000344614
44.52	0.000637634
44.54	0.000852712
44.56	0.001038154
44.58	0.001186771
44.6	0.001216038
44.62	0.001055378
44.64	0.000699266
44.66	0.000279509
44.68	-0.000178293
44.7	-0.000637245
44.72	-0.001088821
44.74	-0.001515103
44.76	-0.001990662
44.78	-0.002567158
44.8	-0.003259995
44.82	-0.004012408
44.84	-0.004729348
44.86	-0.005310423
44.88	-0.005704525
44.9	-0.005864666
44.92	-0.005815122
44.94	-0.005573453
44.96	-0.005273892
44.98	-0.004998799
45	-0.004850826
45.02	-0.004844393
45.04	-0.004982904
45.06	-0.00525288
45.08	-0.005649824
45.1	-0.006143597
45.12	-0.006740004
45.14	-0.007411978
45.16	-0.008127131
45.18	-0.008842747
45.2	-0.009536446
45.22	-0.010179515
45.24	-0.010746308
45.26	-0.011206641
45.28	-0.01150266
45.3	-0.011622905
45.32	-0.011592739
45.34	-0.011368164
45.36	-0.010905172
45.38	-0.010136737
45.4	-0.009118514
45.42	-0.007929775
45.44	-0.006648132
45.46	-0.005312539
45.48	-0.003956626
45.5	-0.002605017
45.52	-0.00127354
45.54	-7.58394E-06
45.56	0.001149832
45.58	0.002193092
45.6	0.003107052
45.62	0.003751261
45.64	0.004140413
45.66	0.004294615
45.68	0.004318768
45.7	0.004451968
45.72	0.004785104
45.74	0.005317157
45.76	0.006008776
45.78	0.006844846
45.8	0.007758066
45.82	0.008683656
45.84	0.009566198
45.86	0.01036983
45.88	0.011062021
45.9	0.011605561
45.92	0.011931823
45.94	0.012005708
45.96	0.011831408
45.98	0.011467791
46	0.011007308
46.02	0.010512952
46.04	0.010035252
46.06	0.009576988
46.08	0.009089228
46.1	0.008512191
46.12	0.007751057
46.14	0.006792974
46.16	0.005666356
46.18	0.004460268
46.2	0.003251258
46.22	0.002060497
46.24	0.000905866
46.26	-0.00018296
46.28	-0.001175066
46.3	-0.002013632
46.32	-0.002678424
46.34	-0.003115955
46.36	-0.00325804
46.38	-0.003081374
46.4	-0.002721096
46.42	-0.002420563
46.44	-0.002309066
46.46	-0.002401157
46.48	-0.00261999
46.5	-0.002833309
46.52	-0.002956394
46.54	-0.002978432
46.56	-0.00288763
46.58	-0.00267969
46.6	-0.002420133
46.62	-0.002216957
46.64	-0.002154253
46.66	-0.002271621
46.68	-0.002562797
46.7	-0.002949492
46.72	-0.003365148
46.74	-0.00384257
46.76	-0.004398577
46.78	-0.004978273
46.8	-0.005521644
46.82	-0.005934964
46.84	-0.006101476
46.86	-0.005944486
46.88	-0.005478889
46.9	-0.004814579
46.92	-0.003979958
46.94	-0.003020875
46.96	-0.001996705
46.98	-0.000981253
47	-5.67292E-05
47.02	0.000706584
47.04	0.00124081
47.06	0.001479258
47.08	0.00140203
47.1	0.001063467
47.12	0.000627662
47.14	0.00016178
47.16	-0.000336774
47.18	-0.000874604
47.2	-0.001484945
47.22	-0.002176114
47.24	-0.002929292
47.26	-0.003763983
47.28	-0.004674717
47.3	-0.005634586
47.32	-0.006593668
47.34	-0.007485159
47.36	-0.008335082
47.38	-0.009210147
47.4	-0.010086563
47.42	-0.010894891
47.44	-0.011589924
47.46	-0.012132071
47.48	-0.012552291
47.5	-0.012954996
47.52	-0.013455847
47.54	-0.014117963
47.56	-0.014904102
47.58	-0.01572049
47.6	-0.016495624
47.62	-0.017152677
47.64	-0.017651105
47.66	-0.017975869
47.68	-0.018105427
47.7	-0.01807611
47.72	-0.018032096
47.74	-0.018034974
47.76	-0.018004453
47.78	-0.017851924
47.8	-0.017534906
47.82	-0.01709575
47.84	-0.016596838
47.86	-0.016087813
47.88	-0.015588703
47.9	-0.015106948
47.92	-0.014618781
47.94	-0.014103963
47.96	-0.013538483
47.98	-0.012916041
48	-0.012228103
48.02	-0.011507869
48.04	-0.010824171
48.06	-0.010255911
48.08	-0.009824702
48.1	-0.009454984
48.12	-0.009028244
48.14	-0.008471719
48.16	-0.007803735
48.18	-0.007064998
48.2	-0.006288687
48.22	-0.005485749
48.24	-0.004668169
48.26	-0.003857586
48.28	-0.003053337
48.3	-0.002225774
48.32	-0.001359696
48.34	-0.00046369
48.36	0.000411518
48.38	0.001204971
48.4	0.001865418
48.42	0.002408055
48.44	0.002882789
48.46	0.003325579
48.48	0.003726943
48.5	0.004069362
48.52	0.004313298
48.54	0.004412807
48.56	0.004320313
48.58	0.003993035
48.6	0.003446865
48.62	0.002705424
48.64	0.001871889
48.66	0.001065577
48.68	0.000365178
48.7	-0.00019649
48.72	-0.000610484
48.74	-0.000876093
48.76	-0.000989935
48.78	-0.000978146
48.8	-0.00093669
48.82	-0.001002051
48.84	-0.001163952
48.86	-0.001344036
48.88	-0.001503178
48.9	-0.001637855
48.92	-0.001770726
48.94	-0.00192193
48.96	-0.002045459
48.98	-0.002068852
49	-0.001940072
49.02	-0.001683085
49.04	-0.001380461
49.06	-0.001051316
49.08	-0.0007008
49.1	-0.000361238
49.12	-7.9301E-05
49.14	9.41774E-05
49.16	0.000141844
49.18	8.12711E-05
49.2	-4.25761E-05
49.22	-0.000205747
49.24	-0.000394173
49.26	-0.000565378
49.28	-0.00064553
49.3	-0.000573284
49.32	-0.000331933
49.34	2.48692E-05
49.36	0.000418612
49.38	0.000809686
49.4	0.001206168
49.42	0.001611839
49.44	0.001985392
49.46	0.00232303
49.48	0.002623442
49.5	0.002886856
49.52	0.003119618
49.54	0.003349066
49.56	0.003597582
49.58	0.003886554
49.6	0.004223613
49.62	0.004614881
49.64	0.005068237
49.66	0.005543007
49.68	0.005960518
49.7	0.00626876
49.72	0.006464691
49.74	0.006612624
49.76	0.006760049
49.78	0.006933125
49.8	0.007073376
49.82	0.007090663
49.84	0.006971891
49.86	0.006726098
49.88	0.006381134
49.9	0.005902554
49.92	0.005284687
49.94	0.004505253
49.96	0.003546831
49.98	0.00244311
50	0.001230993
50.02	-2.00508E-05
50.04	-0.001266921
50.06	-0.002437186
50.08	-0.003443292
50.1	-0.004237022
50.12	-0.004800051
50.14	-0.005142775
50.16	-0.005276074
50.18	-0.005200231
50.2	-0.004943191
50.22	-0.004618175
50.24	-0.004292559
50.26	-0.004025291
50.28	-0.003862869
50.3	-0.003814351
50.32	-0.003861884
50.34	-0.004001906
50.36	-0.004188579
50.38	-0.004346486
50.4	-0.004388416
50.42	-0.004297746
50.44	-0.004097268
50.46	-0.003832434
50.48	-0.003540165
50.5	-0.003213182
50.52	-0.002886572
50.54	-0.002587441
50.56	-0.00233501
50.58	-0.002122192
50.6	-0.001928397
50.62	-0.001765884
50.64	-0.00170271
50.66	-0.001783
50.68	-0.002001304
50.7	-0.002236162
50.72	-0.002355377
50.74	-0.00227879
50.76	-0.002005909
50.78	-0.001641296
50.8	-0.001282527
50.82	-0.000922611
50.84	-0.000537727
50.86	-0.000142971
50.88	0.000256399
50.9	0.000638131
50.92	0.000979778
50.94	0.0012765
50.96	0.001502189
50.98	0.001603314
51	0.001547047
51.02	0.00139067
51.04	0.001303763
51.06	0.001347085
51.08	0.001488456
51.1	0.001661028
51.12	0.001810751
51.14	0.001900964
51.16	0.001906785
51.18	0.001810566
51.2	0.001550263
51.22	0.00111068
51.24	0.000500587
51.26	-0.000212432
51.28	-0.000967715
51.3	-0.001698559
51.32	-0.002365071
51.34	-0.002973501
51.36	-0.003551698
51.38	-0.004123983
51.4	-0.004720428
51.42	-0.005360545
51.44	-0.006038912
51.46	-0.006681577
51.48	-0.007239387
51.5	-0.007626499
51.52	-0.007784737
51.54	-0.007716214
51.56	-0.007478172
51.58	-0.007164202
51.6	-0.006758075
51.62	-0.006238365
51.64	-0.005602297
51.66	-0.004897665
51.68	-0.004195087
51.7	-0.003538654
51.72	-0.002998764
51.74	-0.002612967
51.76	-0.002423262
51.78	-0.002409243
51.8	-0.002469932
51.82	-0.002474078
51.84	-0.002323655
51.86	-0.002037241
51.88	-0.001712862
51.9	-0.001358459
51.92	-0.001030356
51.94	-0.000719948
51.96	-0.000405519
51.98	-6.0532E-05
52	0.00032913
52.02	0.00077787
52.04	0.001295555
52.06	0.001868098
52.08	0.002449406
52.1	0.00300347
52.12	0.003545987
52.14	0.004135823
52.16	0.004844587
52.18	0.005688113
52.2	0.006607546
52.22	0.007513397
52.24	0.008308768
52.26	0.008955625
52.28	0.009482091
52.3	0.009911992
52.32	0.010221459
52.34	0.010436428
52.36	0.010557524
52.38	0.010582733
52.4	0.010485408
52.42	0.010242438
52.44	0.009883436
52.46	0.009448178
52.48	0.009006431
52.5	0.008611273
52.52	0.008242051
52.54	0.007824052
52.56	0.00726839
52.58	0.006526036
52.6	0.005568629
52.62	0.004396748
52.64	0.003011766
52.66	0.001479373
52.68	-9.52705E-05
52.7	-0.001598205
52.72	-0.002968107
52.74	-0.004164852
52.76	-0.005182779
52.78	-0.006028722
52.8	-0.006710763
52.82	-0.007247328
52.84	-0.007681908
52.86	-0.008049042
52.88	-0.008372191
52.9	-0.008661332
52.92	-0.008918082
52.94	-0.009110321
52.96	-0.009242932
52.98	-0.009322097
53	-0.009351133
53.02	-0.009320712
53.04	-0.009232286
53.06	-0.009108901
53.08	-0.008988768
53.1	-0.008868918
53.12	-0.008764463
53.14	-0.008679883
53.16	-0.00864474
53.18	-0.0086602
53.2	-0.008723356
53.22	-0.008786702
53.24	-0.008857141
53.26	-0.008940991
53.28	-0.009087751
53.3	-0.009313
53.32	-0.009613007
53.34	-0.009919747
53.36	-0.010175577
53.38	-0.010328876
53.4	-0.010371359
53.42	-0.010291748
53.44	-0.010090256
53.46	-0.009760935
53.48	-0.009333766
53.5	-0.008846571
53.52	-0.00833279
53.54	-0.007812661
53.56	-0.007296436
53.58	-0.006779467
53.6	-0.006292929
53.62	-0.00585556
53.64	-0.005505057
53.66	-0.005261066
53.68	-0.005128165
53.7	-0.00513097
53.72	-0.005306419
53.74	-0.005666963
53.76	-0.006142568
53.78	-0.006665161
53.8	-0.007165954
53.82	-0.007608451
53.84	-0.008008853
53.86	-0.008367145
53.88	-0.0086842
53.9	-0.008924379
53.92	-0.00908068
53.94	-0.009153437
53.96	-0.009193184
53.98	-0.009211363
54	-0.009200137
54.02	-0.009173662
54.04	-0.009166915
54.06	-0.00921493
54.08	-0.009309912
54.1	-0.009388953
54.12	-0.00942036
54.14	-0.009341498
54.16	-0.009155037
54.18	-0.008897175
54.2	-0.008592695
54.22	-0.008237134
54.24	-0.007866114
54.26	-0.007542511
54.28	-0.007330594
54.3	-0.007194384
54.32	-0.007075292
54.34	-0.006906289
54.36	-0.00671081
54.38	-0.006516515
54.4	-0.006345263
54.42	-0.006185049
54.44	-0.006018293
54.46	-0.005817557
54.48	-0.005585657
54.5	-0.005345528
54.52	-0.00511614
54.54	-0.004896533
54.56	-0.004657538
54.58	-0.004375439
54.6	-0.004046885
54.62	-0.003663721
54.64	-0.003224946
54.66	-0.002718419
54.68	-0.002180365
54.7	-0.001685928
54.72	-0.001257277
54.74	-0.000862424
54.76	-0.000439559
54.78	6.56748E-05
54.8	0.000642057
54.82	0.001210148
54.84	0.001670969
54.86	0.00199418
54.88	0.00219289
54.9	0.002291022
54.92	0.002360732
54.94	0.002481983
54.96	0.002716859
54.98	0.003067221
55	0.003443176
55.02	0.003757335
55.04	0.003924624
55.06	0.003897382
55.08	0.003677138
55.1	0.003318422
55.12	0.002875516
55.14	0.002385241
55.16	0.001830823
55.18	0.001236978
55.2	0.000632233
55.22	5.59774E-05
55.24	-0.000457967
55.26	-0.000875053
55.28	-0.00117452
55.3	-0.001331221
55.32	-0.001392909
55.34	-0.00139896
55.36	-0.00139251
55.38	-0.001388077
55.4	-0.001359255
55.42	-0.001261831
55.44	-0.001072341
55.46	-0.000813173
55.48	-0.000559908
55.5	-0.000322465
55.52	-0.00011059
55.54	0.000115571
55.56	0.000391625
55.58	0.000739516
55.6	0.001134606
55.62	0.001552794
55.64	0.001958815
55.66	0.002317036
55.68	0.002592496
55.7	0.002766201
55.72	0.00282663
55.74	0.002774941
55.76	0.002628761
55.78	0.002433797
55.8	0.002208222
55.82	0.001967609
55.84	0.001741409
55.86	0.001606772
55.88	0.001632093
55.9	0.001855056
55.92	0.002241511
55.94	0.002694479
55.96	0.003181861
55.98	0.003690119
56	0.004233885
56.02	0.004836934
56.04	0.00548213
56.06	0.006141642
56.08	0.006782326
56.1	0.00739664
56.12	0.007961297
56.14	0.008412504
56.16	0.008752675
56.18	0.009014711
56.2	0.009235209
56.22	0.0094374
56.24	0.009609272
56.26	0.009715608
56.28	0.009686443
56.3	0.00947445
56.32	0.009108771
56.34	0.00859541
56.36	0.00794457
56.38	0.007188798
56.4	0.006360032
56.42	0.005471193
56.44	0.00453459
56.46	0.003582643
56.48	0.002655884
56.5	0.001805821
56.52	0.001055473
56.54	0.000416383
56.56	-0.000122245
56.58	-0.000600121
56.6	-0.001053178
56.62	-0.001527424
56.64	-0.002051707
56.66	-0.002618426
56.68	-0.003194944
56.7	-0.003742514
56.72	-0.004213278
56.74	-0.004570478
56.76	-0.004805303
56.78	-0.004911248
56.8	-0.004912544
56.82	-0.004849373
56.84	-0.004751725
56.86	-0.004648313
56.88	-0.004548355
56.9	-0.004471708
56.92	-0.004441605
56.94	-0.004479186
56.96	-0.004562768
56.98	-0.004683304
57	-0.004834965
57.02	-0.005030313
57.04	-0.005274805
57.06	-0.005550303
57.08	-0.005806143
57.1	-0.006022111
57.12	-0.006183759
57.14	-0.006308473
57.16	-0.006437832
57.18	-0.006640855
57.2	-0.006962073
57.22	-0.007394138
57.24	-0.007919706
57.26	-0.008551179
57.28	-0.009229576
57.3	-0.009856624
57.32	-0.010323867
57.34	-0.010585562
57.36	-0.010613145
57.38	-0.010430973
57.4	-0.010149103
57.42	-0.009773881
57.44	-0.009310887
57.46	-0.008779241
57.48	-0.008195189
57.5	-0.007586189
57.52	-0.006993603
57.54	-0.006446207
57.56	-0.00598715
57.58	-0.005614503
57.6	-0.005307415
57.62	-0.005036617
57.64	-0.004792651
57.66	-0.004587195
57.68	-0.004433685
57.7	-0.004312237
57.72	-0.004216551
57.74	-0.004112692
57.76	-0.004001865
57.78	-0.003916585
57.8	-0.003897291
57.82	-0.00398395
57.84	-0.004199481
57.86	-0.00449455
57.88	-0.004855537
57.9	-0.005242816
57.92	-0.005597928
57.94	-0.005866862
57.96	-0.006024069
57.98	-0.006083548
58	-0.006095927
58.02	-0.006099228
58.04	-0.006094733
58.06	-0.006064208
58.08	-0.006003796
58.1	-0.005920027
58.12	-0.005812741
58.14	-0.005691229
58.16	-0.005552819
58.18	-0.005386851
58.2	-0.005171497
58.22	-0.004905571
58.24	-0.004597858
58.26	-0.004254925
58.28	-0.003893762
58.3	-0.003511866
58.32	-0.003109845
58.34	-0.002709004
58.36	-0.002351164
58.38	-0.002079745
58.4	-0.001924943
58.42	-0.001887745
58.44	-0.001960448
58.46	-0.002125143
58.48	-0.002359341
58.5	-0.00259493
58.52	-0.002807978
58.54	-0.002958811
58.56	-0.003016978
58.58	-0.002989227
58.6	-0.002887066
58.62	-0.002774516
58.64	-0.002694166
58.66	-0.002683421
58.68	-0.002751462
58.7	-0.002891109
58.72	-0.003090796
58.74	-0.00328353
58.76	-0.003425494
58.78	-0.003475214
58.8	-0.003411524
58.82	-0.003240521
58.84	-0.002972128
58.86	-0.002634669
58.88	-0.002228047
58.9	-0.001776133
58.92	-0.00132518
58.94	-0.000891894
58.96	-0.000446519
58.98	-4.03269E-05
59	0.000244469
59.02	0.000375935
59.04	0.000335766
59.06	0.000141609
59.08	-9.73595E-05
59.1	-0.000348503
59.12	-0.000573097
59.14	-0.000734817
59.16	-0.000796273
59.18	-0.000754034
59.2	-0.000655212
59.22	-0.00058512
59.24	-0.000607385
59.26	-0.000740077
59.28	-0.000962845
59.3	-0.001214879
59.32	-0.00146666
59.34	-0.001655878
59.36	-0.001751408
59.38	-0.001768206
59.4	-0.001730973
59.42	-0.001662429
59.44	-0.001562851
59.46	-0.001434211
59.48	-0.001273912
59.5	-0.001086196
59.52	-0.000885161
59.54	-0.000706031
59.56	-0.000568188
59.58	-0.000497152
59.6	-0.000491036
59.62	-0.000525547
59.64	-0.000567179
59.66	-0.000618658
59.68	-0.000670809
59.7	-0.000734115
59.72	-0.000833339
59.74	-0.000986803
59.76	-0.001166414
59.78	-0.001304212
59.8	-0.001363094
59.82	-0.001342635
59.84	-0.001264321
59.86	-0.001148043
59.88	-0.000990739
59.9	-0.000798108
59.92	-0.000585658
59.94	-0.000367453
59.96	-0.000152942
59.98	4.39246E-05
60	0.000206172
60.02	0.000344507
60.04	0.000469566
60.06	0.000592888
60.08	0.000705409
60.1	0.000805811
60.12	0.000883303
60.14	0.000936436
60.16	0.000971848
60.18	0.000994044
60.2	0.001006143
60.22	0.000998027
60.24	0.000947288
60.26	0.000845726
60.28	0.000664718
60.3	0.000388192
60.32	2.20814E-05
60.34	-0.000397921
60.36	-0.000818628
60.38	-0.001178115
60.4	-0.001419223
60.42	-0.001518963
60.44	-0.001505529
60.46	-0.001437637
60.48	-0.001359534
60.5	-0.001280965
60.52	-0.001206014
60.54	-0.001148483
60.56	-0.001110256
60.58	-0.001095938
60.6	-0.001114827
60.62	-0.001179729
60.64	-0.001320615
60.66	-0.001538979
60.68	-0.001826764
60.7	-0.002147694
60.72	-0.002459277
60.74	-0.002709414
60.76	-0.00287739
60.78	-0.002980005
60.8	-0.00307011
60.82	-0.003183504
60.84	-0.00333447
60.86	-0.003514484
60.88	-0.003700627
60.9	-0.003865962
60.92	-0.004011846
60.94	-0.004147628
60.96	-0.004304749
60.98	-0.004519207
61	-0.004801446
61.02	-0.005133246
61.04	-0.005486192
61.06	-0.005795435
61.08	-0.006018151
61.1	-0.006136235
61.12	-0.006172785
61.14	-0.006177226
61.16	-0.006220341
61.18	-0.006323536
61.2	-0.006472506
61.22	-0.006611884
61.24	-0.006667825
61.26	-0.006592709
61.28	-0.006370639
61.3	-0.006091158
61.32	-0.005799471
61.34	-0.005503417
61.36	-0.005224202
61.38	-0.004979249
61.4	-0.004788645
61.42	-0.004613688
61.44	-0.004428556
61.46	-0.00421708
61.48	-0.004003311
61.5	-0.003804391
61.52	-0.003660627
61.54	-0.003601586
61.56	-0.003656286
61.58	-0.003806856
61.6	-0.004009289
61.62	-0.004221365
61.64	-0.004447431
61.66	-0.00466692
61.68	-0.004872602
61.7	-0.005053606
61.72	-0.005225726
61.74	-0.005416908
61.76	-0.005637144
61.78	-0.005860604
61.8	-0.006050482
61.82	-0.006184756
61.84	-0.006268496
61.86	-0.006307677
61.88	-0.006312864
61.9	-0.006265725
61.92	-0.006142007
61.94	-0.005933779
61.96	-0.00566906
61.98	-0.005338569
62	-0.00492868
62.02	-0.004437628
62.04	-0.003889498
62.06	-0.003327113
62.08	-0.002793094
62.1	-0.002360685
62.12	-0.002064449
62.14	-0.001884778
62.16	-0.001792862
62.18	-0.001767318
62.2	-0.001816401
62.22	-0.001949501
62.24	-0.002142921
62.26	-0.002332225
62.28	-0.002511643
62.3	-0.002666248
62.32	-0.002787589
62.34	-0.00286238
62.36	-0.002906069
62.38	-0.002966671
62.4	-0.00312826
62.42	-0.003420364
62.44	-0.003824381
62.46	-0.004262865
62.48	-0.004655556
62.5	-0.004924808
62.52	-0.005024767
62.54	-0.004936159
62.56	-0.004702144
62.58	-0.004433357
62.6	-0.004211026
62.62	-0.004072119
62.64	-0.004038625
62.66	-0.004084305
62.68	-0.004169557
62.7	-0.004239712
62.72	-0.004268028
62.74	-0.00425731
62.76	-0.004247934
62.78	-0.004264485
62.8	-0.004342382
62.82	-0.004485661
62.84	-0.004660648
62.86	-0.004788568
62.88	-0.004806674
62.9	-0.004697836
62.92	-0.004495015
62.94	-0.004273067
62.96	-0.004111155
62.98	-0.004070269
63	-0.004183128
63.02	-0.004445228
63.04	-0.004792175
63.06	-0.005123405
63.08	-0.005386841
63.1	-0.00553661
63.12	-0.005571868
63.14	-0.005511144
63.16	-0.005379849
63.18	-0.005208172
63.2	-0.00501838
63.22	-0.004817025
63.24	-0.004603183
63.26	-0.00437161
63.28	-0.004118351
63.3	-0.003838145
63.32	-0.003531817
63.34	-0.003179314
63.36	-0.002776945
63.38	-0.002301354
63.4	-0.001751821
63.42	-0.001105175
63.44	-0.000334804
63.46	0.000519777
63.48	0.001433835
63.5	0.002372966
63.52	0.003253552
63.54	0.004030156
63.56	0.004666441
63.58	0.005146298
63.6	0.005465642
63.62	0.005644495
63.64	0.005695712
63.66	0.005641215
63.68	0.00551805
63.7	0.005390335
63.72	0.005259236
63.74	0.005141042
63.76	0.005039132
63.78	0.004963304
63.8	0.00489873
63.82	0.004839971
63.84	0.004751685
63.86	0.004644753
63.88	0.004529989
63.9	0.004415792
63.92	0.004301726
63.94	0.004211329
63.96	0.004182898
63.98	0.004249365
64	0.004422781
64.02	0.004705227
64.04	0.005037265
64.06	0.00536688
64.08	0.005664215
64.1	0.005920243
64.12	0.006112648
64.14	0.006235012
64.16	0.006281576
64.18	0.006263114
64.2	0.006180779
64.22	0.006021036
64.24	0.00578694
64.26	0.005499375
64.28	0.005188071
64.3	0.004917562
64.32	0.00473984
64.34	0.004693447
64.36	0.004783699
64.38	0.004976631
64.4	0.005198337
64.42	0.005367201
64.44	0.005454748
64.46	0.005438478
64.48	0.005311358
64.5	0.005094116
64.52	0.004815444
64.54	0.004496306
64.56	0.00412548
64.58	0.00373507
64.6	0.003365011
64.62	0.003051511
64.64	0.002830674
64.66	0.002727766
64.68	0.00275629
64.7	0.00292782
64.72	0.003234071
64.74	0.003620166
64.76	0.004045572
64.78	0.004477118
64.8	0.004870792
64.82	0.005226846
64.84	0.005527219
64.86	0.00574808
64.88	0.005885613
64.9	0.005951486
64.92	0.005971335
64.94	0.005966644
64.96	0.005929192
64.98	0.005862085
65	0.005739579
65.02	0.005549907
65.04	0.005296565
65.06	0.005001014
65.08	0.004679091
65.1	0.00433904
65.12	0.003971699
65.14	0.003578429
65.16	0.003167275
65.18	0.002758668
65.2	0.002340771
65.22	0.001974201
65.24	0.001680922
65.26	0.001487997
65.28	0.001395488
65.3	0.001379083
65.32	0.001399091
65.34	0.001421718
65.36	0.001436608
65.38	0.001451901
65.4	0.001492097
65.42	0.001590614
65.44	0.001776811
65.46	0.002059079
65.48	0.002379158
65.5	0.002707917
65.52	0.003016519
65.54	0.003259372
65.56	0.003415337
65.58	0.003474726
65.6	0.003444308
65.62	0.003358141
65.64	0.003216013
65.66	0.003029763
65.68	0.002798735
65.7	0.002516454
65.72	0.002171367
65.74	0.001767094
65.76	0.001344265
65.78	0.000975974
65.8	0.00071485
65.82	0.000581427
65.84	0.000623459
65.86	0.000780602
65.88	0.000956128
65.9	0.001121263
65.92	0.001270064
65.94	0.00140985
65.96	0.001534455
65.98	0.001644737
66	0.001715716
66.02	0.001755481
66.04	0.001752399
66.06	0.001694231
66.08	0.001554478
66.1	0.001314744
66.12	0.00097307
66.14	0.000585593
66.16	0.0002066
66.18	-0.000135238
66.2	-0.000492962
66.22	-0.00088071
66.24	-0.001266247
66.26	-0.001635221
66.28	-0.00196268
66.3	-0.002289797
66.32	-0.002637376
66.34	-0.00302844
66.36	-0.00343849
66.38	-0.003818576
66.4	-0.004134137
66.42	-0.004382043
66.44	-0.00461785
66.46	-0.004874779
66.48	-0.005172678
66.5	-0.00547834
66.52	-0.005723804
66.54	-0.005883631
66.56	-0.005945898
66.58	-0.005936208
66.6	-0.005908427
66.62	-0.005894277
66.64	-0.005906827
66.66	-0.005941885
66.68	-0.005981297
66.7	-0.005982149
66.72	-0.005920372
66.74	-0.005828144
66.76	-0.005775157
66.78	-0.00575682
66.8	-0.005786636
66.82	-0.005894134
66.84	-0.00605035
66.86	-0.006181884
66.88	-0.006220347
66.9	-0.006168467
66.92	-0.006064738
66.94	-0.005985903
66.96	-0.005960845
66.98	-0.006019975
67	-0.006141253
67.02	-0.006274049
67.04	-0.006372739
67.06	-0.006428109
67.08	-0.006434044
67.1	-0.006385239
67.12	-0.006290694
67.14	-0.00618192
67.16	-0.006068973
67.18	-0.005937108
67.2	-0.005765448
67.22	-0.005525523
67.24	-0.005214138
67.26	-0.004855763
67.28	-0.004501584
67.3	-0.004192725
67.32	-0.003937803
67.34	-0.003721054
67.36	-0.003507133
67.38	-0.003265552
67.4	-0.00298195
67.42	-0.0026658
67.44	-0.00235235
67.46	-0.002063839
67.48	-0.00181921
67.5	-0.001624306
67.52	-0.001482129
67.54	-0.001436064
67.56	-0.001532022
67.58	-0.001803997
67.6	-0.002207801
67.62	-0.002719846
67.64	-0.003307755
67.66	-0.003904296
67.68	-0.004419466
67.7	-0.004787593
67.72	-0.004977649
67.74	-0.005004262
67.76	-0.004888623
67.78	-0.004666512
67.8	-0.004388175
67.82	-0.004066996
67.84	-0.003713655
67.86	-0.003347525
67.88	-0.002984283
67.9	-0.002650494
67.92	-0.002359351
67.94	-0.002120686
67.96	-0.001937051
67.98	-0.0018035
68	-0.00168825
68.02	-0.001588125
68.04	-0.001520421
68.06	-0.001526871
68.08	-0.00162269
68.1	-0.001797086
68.12	-0.001999307
68.14	-0.002179544
68.16	-0.00232638
68.18	-0.00246908
68.2	-0.002640264
68.22	-0.002851287
68.24	-0.003105368
68.26	-0.003383628
68.28	-0.003638451
68.3	-0.003821778
68.32	-0.003894203
68.34	-0.003859444
68.36	-0.003751199
68.38	-0.003618361
68.4	-0.003493382
68.42	-0.003361276
68.44	-0.003200586
68.46	-0.0029835
68.48	-0.002700951
68.5	-0.002360678
68.52	-0.001989516
68.54	-0.001623612
68.56	-0.001270149
68.58	-0.000925866
68.6	-0.000556448
68.62	-0.000177158
68.64	0.000209924
68.66	0.00059342
68.68	0.000928005
68.7	0.001143147
68.72	0.001204537
68.74	0.001128761
68.76	0.000978963
68.78	0.000852455
68.8	0.000745484
68.82	0.000660791
68.84	0.000603431
68.86	0.000568076
68.88	0.000538589
68.9	0.000490244
68.92	0.000423465
68.94	0.000364219
68.96	0.000346554
68.98	0.00038127
69	0.000435748
69.02	0.000451767
69.04	0.000382803
69.06	0.000231527
69.08	5.11603E-05
69.1	-0.000108836
69.12	-0.000225368
69.14	-0.000295493
69.16	-0.000316061
69.18	-0.000279962
69.2	-0.000204975
69.22	-0.000111971
69.24	-2.37977E-05
69.26	5.62481E-05
69.28	0.000140334
69.3	0.000245018
69.32	0.000373947
69.34	0.00051094
69.36	0.000628368
69.38	0.000724534
69.4	0.000792932
69.42	0.000843341
69.44	0.000870505
69.46	0.000864065
69.48	0.000816817
69.5	0.000725592
69.52	0.000606916
69.54	0.00047357
69.56	0.000327927
69.58	0.000159038
69.6	-5.021E-05
69.62	-0.000294858
69.64	-0.000563643
69.66	-0.000829108
69.68	-0.001076927
69.7	-0.001284737
69.72	-0.00142501
69.74	-0.001479308
69.76	-0.001451084
69.78	-0.001363784
69.8	-0.00124342
69.82	-0.001084541
69.84	-0.000885431
69.86	-0.000645118
69.88	-0.00037762
69.9	-9.80112E-05
69.92	0.000158057
69.94	0.000366406
69.96	0.000518217
69.98	0.000610881
70	0.000634684
70.02	0.000584928
70.04	0.000464054
70.06	0.000304494
70.08	0.000123299
70.1	-8.6948E-05
70.12	-0.000332065
70.14	-0.000585759
70.16	-0.000797649
70.18	-0.000953005
70.2	-0.001055327
70.22	-0.001132082
70.24	-0.001210443
70.26	-0.001308889
70.28	-0.001429694
70.3	-0.001563523
70.32	-0.001702056
70.34	-0.001842196
70.36	-0.001976705
70.38	-0.002095115
70.4	-0.002202094
70.42	-0.002321302
70.44	-0.002482488
70.46	-0.002682196
70.48	-0.002895889
70.5	-0.003084447
70.52	-0.003224903
70.54	-0.003333824
70.56	-0.00345378
70.58	-0.00359636
70.6	-0.003739062
70.62	-0.003839045
70.64	-0.003894499
70.66	-0.003904007
70.68	-0.003866464
70.7	-0.003771992
70.72	-0.003628668
70.74	-0.003459628
70.76	-0.003266844
70.78	-0.003060946
70.8	-0.002852293
70.82	-0.002645219
70.84	-0.002452699
70.86	-0.002288362
70.88	-0.002158156
70.9	-0.002045243
70.92	-0.001949991
70.94	-0.001834528
70.96	-0.001690326
70.98	-0.001526116
71	-0.001357682
71.02	-0.001202104
71.04	-0.001061617
71.06	-0.000940879
71.08	-0.00084325
71.1	-0.00074891
71.12	-0.000662004
71.14	-0.000584339
71.16	-0.000523838
71.18	-0.000488313
71.2	-0.000468417
71.22	-0.000436914
71.24	-0.000345138
71.26	-0.000161215
71.28	0.000122537
71.3	0.000501153
71.32	0.000955898
71.34	0.001444761
71.36	0.001927657
71.38	0.002389136
71.4	0.002833875
71.42	0.003230297
71.44	0.003568766
71.46	0.003839988
71.48	0.004028252
71.5	0.004115434
71.52	0.004088203
71.54	0.00395333
71.56	0.003781301
71.58	0.003616986
71.6	0.003500192
71.62	0.003425809
71.64	0.003372423
71.66	0.00331178
71.68	0.003233668
71.7	0.003140601
71.72	0.003040914
71.74	0.00296091
71.76	0.002891802
71.78	0.002836954
71.8	0.002787469
71.82	0.002741854
71.84	0.002676805
71.86	0.00258656
71.88	0.002477127
71.9	0.00237897
71.92	0.002341674
71.94	0.002392719
71.96	0.002505134
71.98	0.002621575
72	0.00269387
72.02	0.002724212
72.04	0.002731602
72.06	0.002748125
72.08	0.002796189
72.1	0.002893067
72.12	0.003044756
72.14	0.003243759
72.16	0.003461099
72.18	0.003668131
72.2	0.003840395
72.22	0.003977344
72.24	0.004080289
72.26	0.004160751
72.28	0.004192459
72.3	0.004157485
72.32	0.004053203
72.34	0.003909395
72.36	0.003766046
72.38	0.003654169
72.4	0.003601419
72.42	0.003613867
72.44	0.0036833
72.46	0.00381263
72.48	0.003979378
72.5	0.004149205
72.52	0.004284364
72.54	0.004386672
72.56	0.004459043
72.58	0.004500874
72.6	0.004492198
72.62	0.004433935
72.64	0.004359697
72.66	0.004324509
72.68	0.004370731
72.7	0.004501302
72.72	0.004685359
72.74	0.004887194
72.76	0.005073745
72.78	0.005229964
72.8	0.005332013
72.82	0.005398328
72.84	0.005420068
72.86	0.00539331
72.88	0.005299501
72.9	0.00515096
72.92	0.004943155
72.94	0.004663775
72.96	0.004331543
72.98	0.003995278
73	0.003710112
73.02	0.003510253
73.04	0.003385145
73.06	0.003317794
73.08	0.003264677
73.1	0.003208932
73.12	0.003135518
73.14	0.003044582
73.16	0.002954068
73.18	0.002883534
73.2	0.002840828
73.22	0.002834744
73.24	0.002859399
73.26	0.002914059
73.28	0.002973292
73.3	0.003024714
73.32	0.003063238
73.34	0.003101392
73.36	0.003137546
73.38	0.00315942
73.4	0.003139529
73.42	0.0030626
73.44	0.002945526
73.46	0.002814365
73.48	0.002680391
73.5	0.002554156
73.52	0.00242202
73.54	0.002289324
73.56	0.002159431
73.58	0.002041476
73.6	0.001934812
73.62	0.001842623
73.64	0.001773026
73.66	0.001744677
73.68	0.001760278
73.7	0.00181339
73.72	0.001847676
73.74	0.001850276
73.76	0.001834844
73.78	0.001843336
73.8	0.001888206
73.82	0.001953556
73.84	0.002028405
73.86	0.002085522
73.88	0.002117139
73.9	0.002139504
73.92	0.002157691
73.94	0.002169732
73.96	0.002154887
73.98	0.00212706
74	0.002066351
74.02	0.001951175
74.04	0.001773452
74.06	0.001560058
74.08	0.001338582
74.1	0.001137802
74.12	0.000956229
74.14	0.000813777
74.16	0.000675965
74.18	0.000506441
74.2	0.000299546
74.22	7.31782E-05
74.24	-0.000171195
74.26	-0.000398846
74.28	-0.000583682
74.3	-0.000709822
74.32	-0.000787155
74.34	-0.000852635
74.36	-0.000938579
74.38	-0.001047676
74.4	-0.001163047
74.42	-0.001255854
74.44	-0.00130863
74.46	-0.001305934
74.48	-0.001255837
74.5	-0.00116313
74.52	-0.001033288
74.54	-0.000910785
74.56	-0.000813678
74.58	-0.000750245
74.6	-0.000737115
74.62	-0.000763564
74.64	-0.000814163
74.66	-0.000877209
74.68	-0.000956465
74.7	-0.001040734
74.72	-0.001100222
74.74	-0.001106318
74.76	-0.001061776
74.78	-0.000993076
74.8	-0.000945898
74.82	-0.000942476
74.84	-0.00097273
74.86	-0.001005614
74.88	-0.001028878
74.9	-0.001048456
74.92	-0.001076578
74.94	-0.001114622
74.96	-0.001162172
74.98	-0.00119635
75	-0.0011977
75.02	-0.001159547
75.04	-0.001090306
75.06	-0.000987836
75.08	-0.000843807
75.1	-0.000662846
75.12	-0.000479949
75.14	-0.000323005
75.16	-0.000215787
75.18	-0.0001391
75.2	-5.77405E-05
75.22	5.10906E-05
75.24	0.000182116
75.26	0.000317296
75.28	0.000433531
75.3	0.00051256
75.32	0.000542498
75.34	0.000543127
75.36	0.000501572
75.38	0.000421264
75.4	0.000304956
75.42	0.000182523
75.44	6.8646E-05
75.46	-4.4474E-05
75.48	-0.000163443
75.5	-0.000285244
75.52	-0.000393583
75.54	-0.000476667
75.56	-0.000533685
75.58	-0.000574144
75.6	-0.000621213
75.62	-0.000692089
75.64	-0.000781549
75.66	-0.000896964
75.68	-0.001050318
75.7	-0.001230128
75.72	-0.001403274
75.74	-0.001533149
75.76	-0.001622865
75.78	-0.001674324
75.8	-0.001686551
75.82	-0.001652559
75.84	-0.001568442
75.86	-0.001450996
75.88	-0.001339372
75.9	-0.001261906
75.92	-0.001218453
75.94	-0.001177328
75.96	-0.001106705
75.98	-0.001000971
76	-0.000903833
76.02	-0.000863348
76.04	-0.00089767
76.06	-0.000995235
76.08	-0.001130851
76.1	-0.001271777
76.12	-0.001377668
76.14	-0.001406101
76.16	-0.001365337
76.18	-0.001277302
76.2	-0.001187801
76.22	-0.001150364
76.24	-0.00120094
76.26	-0.001317047
76.28	-0.001450987
76.3	-0.001573759
76.32	-0.00167772
76.34	-0.00174081
76.36	-0.001747779
76.38	-0.001696462
76.4	-0.00158848
76.42	-0.001416516
76.44	-0.001185625
76.46	-0.000909225
76.48	-0.000600333
76.5	-0.000288084
76.52	-8.9259E-07
76.54	0.000254331
76.56	0.0004841
76.58	0.000699427
76.6	0.000912049
76.62	0.00112764
76.64	0.001319439
76.66	0.001457594
76.68	0.001540303
76.7	0.001572519
76.72	0.001569978
76.74	0.001551481
76.76	0.001522638
76.78	0.001495136
76.8	0.00146774
76.82	0.001427143
76.84	0.001350453
76.86	0.001221585
76.88	0.001040725
76.9	0.000853917
76.92	0.000702045
76.94	0.000595927
76.96	0.000544223
76.98	0.000536237
77	0.000548226
77.02	0.00055932
77.04	0.000568957
77.06	0.000583304
77.08	0.000608119
77.1	0.00064311
77.12	0.000687447
77.14	0.000743429
77.16	0.000814049
77.18	0.000907294
77.2	0.001018638
77.22	0.001160255
77.24	0.001331171
77.26	0.001512378
77.28	0.00167114
77.3	0.001771877
77.32	0.001809977
77.34	0.001800795
77.36	0.001771821
77.38	0.001753321
77.4	0.001758961
77.42	0.001783971
77.44	0.001798899
77.46	0.001782872
77.48	0.001723958
77.5	0.001618717
77.52	0.001485222
77.54	0.001355929
77.56	0.001259784
77.58	0.001210604
77.6	0.001205619
77.62	0.001214947
77.64	0.001195148
77.66	0.001149205
77.68	0.00109664
77.7	0.001055967
77.72	0.001029808
77.74	0.001019796
77.76	0.001031723
77.78	0.001063981
77.8	0.001121708
77.82	0.001212161
77.84	0.001329761
77.86	0.001475126
77.88	0.001656475
77.9	0.001877638
77.92	0.00213129
77.94	0.002391757
77.96	0.002630625
77.98	0.002823441
78	0.002958023
78.02	0.003029058
78.04	0.003041398
78.06	0.00299472
78.08	0.002878107
78.1	0.002682623
78.12	0.002442978
78.14	0.002167419
78.16	0.001888487
78.18	0.001622807
78.2	0.001395341
78.22	0.001226571
78.24	0.001113683
78.26	0.001040643
78.28	0.000980897
78.3	0.000930401
78.32	0.000888735
78.34	0.000856818
78.36	0.000841794
78.38	0.000837314
78.4	0.000834726
78.42	0.000827337
78.44	0.000822062
78.46	0.000834643
78.48	0.000877903
78.5	0.000956264
78.52	0.001064091
78.54	0.001192362
78.56	0.001331919
78.58	0.001470284
78.6	0.001590473
78.62	0.00167883
78.64	0.0017243
78.66	0.001730548
78.68	0.001694405
78.7	0.001608789
78.72	0.001477712
78.74	0.001308246
78.76	0.001125258
78.78	0.000961615
78.8	0.000843863
78.82	0.000775523
78.84	0.000748925
78.86	0.000755238
78.88	0.000783911
78.9	0.000846443
78.92	0.000933641
78.94	0.001049237
78.96	0.001171915
78.98	0.001292908
79	0.001399561
79.02	0.001476627
79.04	0.001536074
79.06	0.001587275
79.08	0.001645786
79.1	0.001730203
79.12	0.001843541
79.14	0.001965246
79.16	0.002063011
79.18	0.002097257
79.2	0.0020564
79.22	0.001947734
79.24	0.001789293
79.26	0.00160324
79.28	0.00140967
79.3	0.001227272
79.32	0.001065687
79.34	0.000931183
79.36	0.000820145
79.38	0.000726329
79.4	0.000644807
79.42	0.000592601
79.44	0.000593794
79.46	0.000643182
79.48	0.00073167
79.5	0.000835233
79.52	0.000921029
79.54	0.000962584
79.56	0.000937216
79.58	0.000845483
79.6	0.000683371
79.62	0.000467413
79.64	0.000238072
79.66	1.9486E-05
79.68	-0.000176157
79.7	-0.000311054
79.72	-0.000376714
79.74	-0.000384028
79.76	-0.0003569
79.78	-0.000326526
79.8	-0.000312595
79.82	-0.00031992
79.84	-0.000352932
79.86	-0.000401541
79.88	-0.000452978
79.9	-0.000501783
79.92	-0.000547669
79.94	-0.00058414
79.96	-0.000604082
79.98	-0.000607669
80	-0.00060659
80.02	-0.000603835
80.04	-0.00058305
80.06	-0.000548952
80.08	-0.00050836
80.1	-0.000482956
80.12	-0.000502114
80.14	-0.000584217
80.16	-0.000706005
80.18	-0.000824741
80.2	-0.000918005
80.22	-0.00099101
80.24	-0.001058377
80.26	-0.001117538
80.28	-0.001148662
80.3	-0.001139209
80.32	-0.001087355
80.34	-0.000977764
80.36	-0.000805578
80.38	-0.000577037
80.4	-0.000307754
80.42	-3.73711E-05
80.44	0.0001818
80.46	0.000314239
80.48	0.000362866
80.5	0.000364824
80.52	0.000372236
80.54	0.00041818
80.56	0.000505575
80.58	0.000593096
80.6	0.000635306
80.62	0.000605081
80.64	0.000497652
80.66	0.000332579
80.68	0.000144434
80.7	-1.97528E-05
80.72	-0.000147127
80.74	-0.000229358
80.76	-0.000271973
80.78	-0.000282892
80.8	-0.000278084
80.82	-0.000268991
80.84	-0.00024466
80.86	-0.000185452
80.88	-7.92406E-05
80.9	6.95467E-05
80.92	0.000256475
80.94	0.000471547
80.96	0.00069453
80.98	0.000924112
81	0.001144174
81.02	0.001328732
81.04	0.001449491
81.06	0.00150364
81.08	0.001506791
81.1	0.001487301
81.12	0.001460453
81.14	0.001431549
81.16	0.001399332
81.18	0.001362266
81.2	0.001311127
81.22	0.001233644
81.24	0.001116363
81.26	0.000978315
81.28	0.000842235
81.3	0.000731448
81.32	0.000657453
81.34	0.00063325
81.36	0.000651699
81.38	0.000702423
81.4	0.000785356
81.42	0.00090432
81.44	0.001049975
81.46	0.001205992
81.48	0.001360196
81.5	0.001521872
81.52	0.001673417
81.54	0.001789866
81.56	0.001847002
81.58	0.001854194
81.6	0.001822639
81.62	0.001777999
81.64	0.001727692
81.66	0.001665998
81.68	0.001582957
81.7	0.001490782
81.72	0.001405827
81.74	0.001336204
81.76	0.001290444
81.78	0.001287048
81.8	0.001339859
81.82	0.001446251
81.84	0.001590104
81.86	0.001739579
81.88	0.001878028
81.9	0.001992003
81.92	0.002084492
81.94	0.002174524
81.96	0.002264817
81.98	0.00234308
82	0.002385384
82.02	0.002386217
82.04	0.00233869
82.06	0.002235987
82.08	0.002088618
82.1	0.001916247
82.12	0.001739872
82.14	0.001571699
82.16	0.001421438
82.18	0.001292959
82.2	0.001160665
82.22	0.001025348
82.24	0.00089599
82.26	0.000795398
82.28	0.000727249
82.3	0.000696783
82.32	0.000696347
82.34	0.000728629
82.36	0.000800559
82.38	0.000914951
82.4	0.001064943
82.42	0.001251853
82.44	0.001463089
82.46	0.001678104
82.48	0.001875754
82.5	0.002043895
82.52	0.002159697
82.54	0.002221403
82.56	0.002245287
82.58	0.002248238
82.6	0.002226657
82.62	0.002177167
82.64	0.00209119
82.66	0.001963958
82.68	0.00180395
82.7	0.001644882
82.72	0.001509988
82.74	0.001420031
82.76	0.001372922
82.78	0.001357407
82.8	0.001376999
82.82	0.001440116
82.84	0.001540709
82.86	0.001648324
82.88	0.00175144
82.9	0.001845305
82.92	0.001909397
82.94	0.001925934
82.96	0.001886049
82.98	0.001798187
83	0.001682096
83.02	0.001575098
83.04	0.001506983
83.06	0.001489321
83.08	0.001516434
83.1	0.001573056
83.12	0.001631695
83.14	0.001674707
83.16	0.001681877
83.18	0.001641187
83.2	0.001558239
83.22	0.001459185
83.24	0.001366994
83.26	0.001289802
83.28	0.001220485
83.3	0.001152856
83.32	0.001090819
83.34	0.001048032
83.36	0.001029776
83.38	0.001045365
83.4	0.001089482
83.42	0.00116678
83.44	0.001269216
83.46	0.001386885
83.48	0.001484244
83.5	0.001514364
83.52	0.001443635
83.54	0.001270327
83.56	0.001025729
83.58	0.000735119
83.6	0.00039375
83.62	1.23078E-05
83.64	-0.00036534
83.66	-0.00068472
83.68	-0.000920636
83.7	-0.001056607
83.72	-0.001099357
83.74	-0.00107089
83.76	-0.000991438
83.78	-0.000874408
83.8	-0.000737515
83.82	-0.000581861
83.84	-0.000417805
83.86	-0.000254444
83.88	-0.000115112
83.9	-1.82164E-05
83.92	3.60956E-05
83.94	3.72588E-05
83.96	-3.04079E-06
83.98	-5.80592E-05
84	-0.000100373
84.02	-0.000125424
84.04	-0.000143063
84.06	-0.000168888
84.08	-0.000220598
84.1	-0.000304717
84.12	-0.000427423
84.14	-0.000584283
84.16	-0.000755086
84.18	-0.000914054
84.2	-0.001060217
84.22	-0.001198719
84.24	-0.001324818
84.26	-0.00142423
84.28	-0.001480285
84.3	-0.001469095
84.32	-0.001384621
84.34	-0.001242496
84.36	-0.001078501
84.38	-0.000918326
84.4	-0.000789279
84.42	-0.000697839
84.44	-0.000635885
84.46	-0.00057743
84.48	-0.000502928
84.5	-0.000382083
84.52	-0.000198136
84.54	3.98679E-05
84.56	0.00028694
84.58	0.000492356
84.6	0.000624762
84.62	0.000663918
84.64	0.000614532
84.66	0.000511904
84.68	0.0003927
84.7	0.000288551
84.72	0.000188782
84.74	9.6694E-05
84.76	6.26606E-06
84.78	-7.62794E-05
84.8	-0.000138691
84.82	-0.000162615
84.84	-0.000139115
84.86	-5.22527E-05
84.88	0.000101073
84.9	0.00031767
84.92	0.000552051
84.94	0.000782113
84.96	0.00097319
84.98	0.001098069
85	0.001146868
85.02	0.001137775
85.04	0.001097193
85.06	0.001034496
85.08	0.000971529
85.1	0.00091961
85.12	0.000865668
85.14	0.000830072
85.16	0.000813367
85.18	0.000817677
85.2	0.000837486
85.22	0.000896441
85.24	0.001020496
85.26	0.001179039
85.28	0.00136262
85.3	0.001557423
85.32	0.001738743
85.34	0.001898382
85.36	0.002010939
85.38	0.002076801
85.4	0.002102579
85.42	0.002095973
85.44	0.002055233
85.46	0.001981646
85.48	0.001889655
85.5	0.00180633
85.52	0.001744709
85.54	0.001706327
85.56	0.001689246
85.58	0.001686254
85.6	0.001687389
85.62	0.001689996
85.64	0.001687245
85.66	0.001644002
85.68	0.001555465
85.7	0.001439926
85.72	0.001318472
85.74	0.001229008
85.76	0.001187605
85.78	0.001217278
85.8	0.001292601
85.82	0.001399214
85.84	0.00152183
85.86	0.001659434
85.88	0.001808058
85.9	0.001959543
85.92	0.002090017
85.94	0.002197901
85.96	0.002281491
85.98	0.002325204
86	0.002303299
86.02	0.00221287
86.04	0.002069204
86.06	0.001907429
86.08	0.001761176
86.1	0.001652648
86.12	0.001584363
86.14	0.001565759
86.16	0.001590938
86.18	0.001636804
86.2	0.001672475
86.22	0.001689421
86.24	0.001679496
86.26	0.001655333
86.28	0.00164638
86.3	0.001690942
86.32	0.001801299
86.34	0.001966243
86.36	0.002164364
86.38	0.002364168
86.4	0.002533344
86.42	0.0026511
86.44	0.002712064
86.46	0.00272434
86.48	0.002702109
86.5	0.00267014
86.52	0.002640712
86.54	0.002603178
86.56	0.002527822
86.58	0.00239751
86.6	0.002222582
86.62	0.002026467
86.64	0.001843148
86.66	0.001702474
86.68	0.001623868
86.7	0.001598116
86.72	0.001600237
86.74	0.001615837
86.76	0.001634997
86.78	0.001663639
86.8	0.001718577
86.82	0.001802692
86.84	0.001919032
86.86	0.00205794
86.88	0.002196466
86.9	0.002303468
86.92	0.00234336
86.94	0.002312792
86.96	0.002216923
86.98	0.002102949
87	0.001993961
87.02	0.001903364
87.04	0.001826497
87.06	0.001762554
87.08	0.001688208
87.1	0.001574535
87.12	0.001411345
87.14	0.001210847
87.16	0.000991323
87.18	0.000764454
87.2	0.000548207
87.22	0.000353682
87.24	0.000192139
87.26	7.88372E-05
87.28	2.72909E-05
87.3	2.12296E-05
87.32	5.29808E-05
87.34	0.00011994
87.36	0.000210453
87.38	0.0003011
87.4	0.000353734
87.42	0.000367412
87.44	0.000346823
87.46	0.000298265
87.48	0.000224204
87.5	0.000132193
87.52	1.55137E-05
87.54	-0.0001179
87.56	-0.000256502
87.58	-0.00038006
87.6	-0.00047256
87.62	-0.000539756
87.64	-0.000595766
87.66	-0.000659353
87.68	-0.000739166
87.7	-0.00082946
87.72	-0.000919842
87.74	-0.000981839
87.76	-0.00098005
87.78	-0.000913698
87.8	-0.000792543
87.82	-0.000649784
87.84	-0.000519132
87.86	-0.000441061
87.88	-0.000418501
87.9	-0.000431903
87.92	-0.000467997
87.94	-0.000512059
87.96	-0.0005678
87.98	-0.000648512
88	-0.000762267
88.02	-0.000904205
88.04	-0.001065095
88.06	-0.001228586
88.08	-0.001378383
88.1	-0.00150408
88.12	-0.001611881
88.14	-0.001706221
88.16	-0.001808307
88.18	-0.001933156
88.2	-0.002084991
88.22	-0.002235078
88.24	-0.002356782
88.26	-0.002428696
88.28	-0.002439363
88.3	-0.002387526
88.32	-0.002285212
88.34	-0.002155606
88.36	-0.002024156
88.38	-0.001899434
88.4	-0.001787124
88.42	-0.001688779
88.44	-0.001609332
88.46	-0.001557666
88.48	-0.001546619
88.5	-0.001578275
88.52	-0.001641581
88.54	-0.001721921
88.56	-0.001820859
88.58	-0.00192887
88.6	-0.002032494
88.62	-0.002121372
88.64	-0.002192958
88.66	-0.002244442
88.68	-0.002270498
88.7	-0.002268057
88.72	-0.002232969
88.74	-0.002168727
88.76	-0.002091905
88.78	-0.00200741
88.8	-0.001915004
88.82	-0.001813812
88.84	-0.001704742
88.86	-0.001577629
88.88	-0.001416784
88.9	-0.001225945
88.92	-0.001024134
88.94	-0.000835932
88.96	-0.00069127
88.98	-0.000595781
89	-0.00053647
89.02	-0.000495468
89.04	-0.000459142
89.06	-0.000425363
89.08	-0.000388593
89.1	-0.000357296
89.12	-0.000329237
89.14	-0.000295837
89.16	-0.000265962
89.18	-0.000238841
89.2	-0.000210175
89.22	-0.000162397
89.24	-9.82679E-05
89.26	-3.85219E-05
89.28	-1.40158E-05
89.3	-3.84587E-05
89.32	-9.99245E-05
89.34	-0.000178388
89.36	-0.000263587
89.38	-0.000351666
89.4	-0.000435953
89.42	-0.000508305
89.44	-0.000564754
89.46	-0.000590703
89.48	-0.00058182
89.5	-0.000559917
89.52	-0.000543366
89.54	-0.000548247
89.56	-0.000601095
89.58	-0.000705149
89.6	-0.000844848
89.62	-0.001000674
89.64	-0.00115235
89.66	-0.001274152
89.68	-0.001327867
89.7	-0.001312265
89.72	-0.001237231
89.74	-0.001103867
89.76	-0.000925592
89.78	-0.000724271
89.8	-0.000527151
89.82	-0.000352749
89.84	-0.000217808
89.86	-0.000126071
89.88	-7.37581E-05
89.9	-7.24858E-05
89.92	-0.000115366
89.94	-0.000183268
89.96	-0.000254088
89.98	-0.000319497
90	-0.00038279
90.02	-0.000447337
90.04	-0.000523511
90.06	-0.000603457
90.08	-0.000669445
90.1	-0.000710992
90.12	-0.000720479
90.14	-0.000696021
90.16	-0.000636712
90.18	-0.000556744
90.2	-0.000480922
90.22	-0.000420847
90.24	-0.000373749
90.26	-0.000320712
90.28	-0.000241991
90.3	-0.000120684
90.32	6.22776E-05
90.34	0.000281301
90.36	0.000509805
90.38	0.000743958
90.4	0.00096968
90.42	0.001191997
90.44	0.001396767
90.46	0.00157543
90.48	0.001724644
90.5	0.001837043
90.52	0.001896418
90.54	0.001885491
90.56	0.001810456
90.58	0.001692325
90.6	0.001555958
90.62	0.001430354
90.64	0.001330288
90.66	0.001257016
90.68	0.001210355
90.7	0.001192205
90.72	0.001216705
90.74	0.00128036
90.76	0.001370626
90.78	0.001483506
90.8	0.001594779
90.82	0.001697171
90.84	0.001787491
90.86	0.001863818
90.88	0.001939172
90.9	0.00201215
90.92	0.00208648
90.94	0.0021643
90.96	0.002231618
90.98	0.002265847
91	0.002253535
91.02	0.002213002
91.04	0.002181978
91.06	0.002179672
91.08	0.002209089
91.1	0.002256048
91.12	0.002300276
91.14	0.002324317
91.16	0.002320821
91.18	0.002296822
91.2	0.002256183
91.22	0.002204625
91.24	0.002155969
91.26	0.002113463
91.28	0.002076027
91.3	0.002027164
91.32	0.001954127
91.34	0.001849704
91.36	0.001732504
91.38	0.001642612
91.4	0.001581725
91.42	0.001550038
91.44	0.001526538
91.46	0.001496086
91.48	0.001435994
91.5	0.001344586
91.52	0.001251697
91.54	0.001169826
91.56	0.001103329
91.58	0.001054152
91.6	0.001021682
91.62	0.000996941
91.64	0.000966354
91.66	0.000929123
91.68	0.000897149
91.7	0.000895095
91.72	0.000935339
91.74	0.001018787
91.76	0.00113024
91.78	0.001254491
91.8	0.001373
91.82	0.001479968
91.84	0.001574671
91.86	0.001655011
91.88	0.001711962
91.9	0.001742576
91.92	0.00174057
91.94	0.001697447
91.96	0.00161192
91.98	0.001492979
92	0.001357215
92.02	0.001217643
92.04	0.001083056
92.06	0.000960587
92.08	0.000847285
92.1	0.000754222
92.12	0.000696359
92.14	0.000679102
92.16	0.000695516
92.18	0.000734559
92.2	0.000787572
92.22	0.000837192
92.24	0.000868538
92.26	0.00088204
92.28	0.000885852
92.3	0.000891125
92.32	0.00090632
92.34	0.000933218
92.36	0.000959595
92.38	0.000968495
92.4	0.000940656
92.42	0.000882755
92.44	0.0008071
92.46	0.000725814
92.48	0.000658311
92.5	0.000614909
92.52	0.000597359
92.54	0.000581272
92.56	0.000546296
92.58	0.000489237
92.6	0.000419428
92.62	0.000361075
92.64	0.000328714
92.66	0.000334946
92.68	0.000376571
92.7	0.000439547
92.72	0.00051794
92.74	0.000623139
92.76	0.000752208
92.78	0.000909835
92.8	0.001090931
92.82	0.001282153
92.84	0.001450065
92.86	0.001580874
92.88	0.00168387
92.9	0.001762396
92.92	0.001812406
92.94	0.001815653
92.96	0.001776216
92.98	0.001704319
93	0.001608223
93.02	0.001494475
93.04	0.00136753
93.06	0.001247881
93.08	0.001142187
93.1	0.00107015
93.12	0.001037655
93.14	0.001044453
93.16	0.001071516
93.18	0.00109957
93.2	0.001116936
93.22	0.001129506
93.24	0.001154263
93.26	0.001199569
93.28	0.001261885
93.3	0.001322138
93.32	0.001366231
93.34	0.001401638
93.36	0.001425383
93.38	0.00142809
93.4	0.00139412
93.42	0.001326915
93.44	0.001237582
93.46	0.001131702
93.48	0.001012696
93.5	0.000873925
93.52	0.00071286
93.54	0.000543696
93.56	0.000386302
93.58	0.000256819
93.6	0.000152548
93.62	6.49987E-05
93.64	-1.85365E-05
93.66	-0.000104293
93.68	-0.000193811
93.7	-0.000279629
93.72	-0.000349601
93.74	-0.000393491
93.76	-0.000403791
93.78	-0.000373614
93.8	-0.000329202
93.82	-0.000278467
93.84	-0.000228731
93.86	-0.000168089
93.88	-9.86428E-05
93.9	-2.80685E-05
93.92	4.16264E-05
93.94	9.51936E-05
93.96	0.00013083
93.98	0.000147584
94	0.000146811
94.02	0.00013784
94.04	0.000129924
94.06	0.000138622
94.08	0.000173
94.1	0.000239565
94.12	0.000327895
94.14	0.000427476
94.16	0.000535101
94.18	0.000656607
94.2	0.000797221
94.22	0.000964892
94.24	0.001149371
94.26	0.00133321
94.28	0.001492995
94.3	0.001634531
94.32	0.001766498
94.34	0.001898055
94.36	0.002026238
94.38	0.002143103
94.4	0.002236927
94.42	0.002303284
94.44	0.002345376
94.46	0.002365752
94.48	0.002364288
94.5	0.002344413
94.52	0.002310405
94.54	0.002274643
94.56	0.0022403
94.58	0.002205004
94.6	0.002158621
94.62	0.002102995
94.64	0.002055179
94.66	0.002021645
94.68	0.002000831
94.7	0.001983585
94.72	0.001959076
94.74	0.001923326
94.76	0.001875315
94.78	0.001828008
94.8	0.001782735
94.82	0.001746364
94.84	0.001717288
94.86	0.00169328
94.88	0.001658266
94.9	0.001598047
94.92	0.00152137
94.94	0.001432714
94.96	0.001348369
94.98	0.001288614
95	0.001264016
95.02	0.001271564
95.04	0.001280004
95.06	0.001277548
95.08	0.001249666
95.1	0.001192386
95.12	0.001110282
95.14	0.001009432
95.16	0.000896402
95.18	0.000780101
95.2	0.00066282
95.22	0.000551203
95.24	0.000442227
95.26	0.000343768
95.28	0.000262377
95.3	0.000219063
95.32	0.000221239
95.34	0.00026011
95.36	0.000323225
95.38	0.000399164
95.4	0.000475942
95.42	0.000536439
95.44	0.000564665
95.46	0.000563584
95.48	0.000529567
95.5	0.000473876
95.52	0.000403575
95.54	0.000336086
95.56	0.000288329
95.58	0.000276798
95.6	0.000312292
95.62	0.000390749
95.64	0.000495804
95.66	0.000601809
95.68	0.000690431
95.7	0.000757735
95.72	0.000804947
95.74	0.000847582
95.76	0.000876046
95.78	0.000889676
95.8	0.000878959
95.82	0.00083469
95.84	0.000748511
95.86	0.000629764
95.88	0.000497937
95.9	0.000376916
95.92	0.000286403
95.94	0.00023224
95.96	0.000212342
95.98	0.000193586
96	0.000146035
96.02	5.7961E-05
96.04	-5.85361E-05
96.06	-0.000165769
96.08	-0.000243974
96.1	-0.00028084
96.12	-0.000291626
96.14	-0.00030594
96.16	-0.000350387
96.18	-0.0004296
96.2	-0.000538131
96.22	-0.000657531
96.24	-0.000766857
96.26	-0.000839989
96.28	-0.000871394
96.3	-0.000870362
96.32	-0.000861177
96.34	-0.000862075
96.36	-0.000879139
96.38	-0.000893507
96.4	-0.000889867
96.42	-0.000861978
96.44	-0.000820092
96.46	-0.00077195
96.48	-0.0007265
96.5	-0.000691146
96.52	-0.000676066
96.54	-0.000682291
96.56	-0.000722098
96.58	-0.000796917
96.6	-0.000898173
96.62	-0.000994555
96.64	-0.00107392
96.66	-0.001150706
96.68	-0.001221207
96.7	-0.001262042
96.72	-0.00126222
96.74	-0.001236594
96.76	-0.001204379
96.78	-0.001167173
96.8	-0.001133631
96.82	-0.001101127
96.84	-0.001058767
96.86	-0.000996224
96.88	-0.000920431
96.9	-0.00084196
96.92	-0.00076417
96.94	-0.00068078
96.96	-0.00058722
96.98	-0.000475218
97	-0.000353082
97.02	-0.00021778
97.04	-6.16852E-05
97.06	0.000110667
97.08	0.000266416
97.1	0.000371411
97.12	0.000415359
97.14	0.000406301
97.16	0.000363024
97.18	0.000299481
97.2	0.000220045
97.22	0.000120617
97.24	-2.55458E-06
97.26	-0.000138964
97.28	-0.000281744
97.3	-0.000420761
97.32	-0.000544696
97.34	-0.000642757
97.36	-0.000715948
97.38	-0.000779282
97.4	-0.000853705
97.42	-0.000955578
97.44	-0.001081983
97.46	-0.001206719
97.48	-0.001297908
97.5	-0.001334612
97.52	-0.001319135
97.54	-0.001258067
97.56	-0.001183569
97.58	-0.00112533
97.6	-0.001107995
97.62	-0.00113331
97.64	-0.001199673
97.66	-0.001285359
97.68	-0.001362553
97.7	-0.001400936
97.72	-0.001399819
97.74	-0.001370022
97.76	-0.001339042
97.78	-0.00131607
97.8	-0.001301207
97.82	-0.001294405
97.84	-0.001297121
97.86	-0.0013123
97.88	-0.001332976
97.9	-0.001348216
97.92	-0.001354615
97.94	-0.001357683
97.96	-0.001367324
97.98	-0.001369701
98	-0.001362264
98.02	-0.00135283
98.04	-0.001326479
98.06	-0.001267777
98.08	-0.001166684
98.1	-0.001029956
98.12	-0.000859033
98.14	-0.000658829
98.16	-0.000457817
98.18	-0.000272662
98.2	-0.000122291
98.22	-1.50723E-05
98.24	5.88302E-05
98.26	9.88129E-05
98.28	0.000114874
98.3	0.000132351
98.32	0.000176932
98.34	0.000256026
98.36	0.000350376
98.38	0.000461894
98.4	0.000585242
98.42	0.000728282
98.44	0.00088641
98.46	0.001048092
98.48	0.001196459
98.5	0.001306462
98.52	0.001363349
98.54	0.001366738
98.56	0.001336834
98.58	0.001294156
98.6	0.001242716
98.62	0.001179629
98.64	0.001106163
98.66	0.001027745
98.68	0.000952146
98.7	0.000889748
98.72	0.000848703
98.74	0.000842414
98.76	0.000881827
98.78	0.000971919
98.8	0.00109361
98.82	0.001210043
98.84	0.001272262
98.86	0.001268242
98.88	0.001227836
98.9	0.001175903
98.92	0.001126561
98.94	0.001083639
98.96	0.0010617
98.98	0.001068159
99	0.001080905
99.02	0.001084392
99.04	0.00107262
99.06	0.001035304
99.08	0.000966746
99.1	0.000881816
99.12	0.00080856
99.14	0.000769127
99.16	0.000746017
99.18	0.000732297
99.2	0.000722533
99.22	0.000710386
99.24	0.000678439
99.26	0.000605428
99.28	0.000503973
99.3	0.00039451
99.32	0.000307587
99.34	0.000252878
99.36	0.000243248
99.38	0.00028215
99.4	0.000361904
99.42	0.000468667
99.44	0.000564226
99.46	0.000633381
99.48	0.000672773
99.5	0.000694684
99.52	0.000712642
99.54	0.000730617
99.56	0.000752532
99.58	0.000766474
99.6	0.00074918
99.62	0.000692903
99.64	0.000599986
99.66	0.000482757
99.68	0.000357038
99.7	0.000239718
99.72	0.000151507
99.74	0.000106781
99.76	0.00010231
99.78	0.0001288
99.8	0.000181098
99.82	0.000251406
99.84	0.000329203
99.86	0.000409271
99.88	0.000494968
99.9	0.00058548
99.92	0.000672752
99.94	0.000762978
99.96	0.000860768
99.98	0.000966981
100	0.001075952
100.02	0.00118453
100.04	0.00127556
100.06	0.001326527
100.08	0.0013327
100.1	0.001306645
100.12	0.001264803
100.14	0.001216448
100.16	0.001170922
100.18	0.00113829
100.2	0.001116929
100.22	0.001100876
100.24	0.001082047
100.26	0.001051305
100.28	0.00101661
100.3	0.00099173
100.32	0.000994503
100.34	0.001026949
100.36	0.001084047
100.38	0.001155439
100.4	0.001231182
100.42	0.001304946
100.44	0.001376019
100.46	0.001451886
100.48	0.001529075
100.5	0.001597097
100.52	0.001641699
100.54	0.001653639
100.56	0.001633402
100.58	0.001570119
100.6	0.001469558
100.62	0.001346838
100.64	0.001217743
100.66	0.001098437
100.68	0.000991874
100.7	0.000900757
100.72	0.00083142
100.74	0.000788133
100.76	0.000776287
100.78	0.000792766
100.8	0.000837956
100.82	0.000916462
100.84	0.001030603
100.86	0.001186472
100.88	0.00136359
100.9	0.001544453
100.92	0.001709042
100.94	0.00185166
100.96	0.001957882
100.98	0.001998032
101	0.001969474
101.02	0.001876057
101.04	0.001738378
101.06	0.001584536
101.08	0.001442659
101.1	0.00132531
101.12	0.001231685
101.14	0.001149682
101.16	0.001066158
101.18	0.000971246
101.2	0.000859332
101.22	0.000729983
101.24	0.000588868
101.26	0.00045073
101.28	0.000335325
101.3	0.000247308
101.32	0.000177115
101.34	0.000117074
101.36	6.70634E-05
101.38	3.27768E-05
101.4	2.07178E-05
101.42	3.67762E-05
101.44	8.26395E-05
101.46	0.000152877
101.48	0.000247787
101.5	0.000352597
101.52	0.000437694
101.54	0.00047212
101.56	0.000444278
101.58	0.000358439
101.6	0.000226228
101.62	6.01881E-05
101.64	-0.000127054
101.66	-0.000321859
101.68	-0.000498147
101.7	-0.000632853
101.72	-0.000717101
101.74	-0.000763324
101.76	-0.000784433
101.78	-0.000788687
101.8	-0.000772998
101.82	-0.000722495
101.84	-0.000647152
101.86	-0.000559179
101.88	-0.000474722
101.9	-0.000391082
101.92	-0.000299263
101.94	-0.000199407
101.96	-9.08461E-05
101.98	1.90613E-05
102	0.000126639
102.02	0.000228494
102.04	0.000322179
102.06	0.000408929
102.08	0.00048433
102.1	0.000544704
102.12	0.000590509
102.14	0.000635045
102.16	0.000691719
102.18	0.000772479
102.2	0.000880099
102.22	0.000992878
102.24	0.001095628
102.26	0.001189523
102.28	0.001281861
102.3	0.001381667
102.32	0.001483188
102.34	0.001598917
102.36	0.001736897
102.38	0.001891509
102.4	0.002049724
102.42	0.00218825
102.44	0.002286734
102.46	0.002327062
102.48	0.002314094
102.5	0.002269936
102.52	0.002204299
102.54	0.002120139
102.56	0.002015308
102.58	0.00187929
102.6	0.001707546
102.62	0.0014996
102.64	0.001269957
102.66	0.00104181
102.68	0.000841765
102.7	0.000693867
102.72	0.000608204
102.74	0.00058051
102.76	0.000586216
102.78	0.000595452
102.8	0.000587905
102.82	0.000563484
102.84	0.000525877
102.86	0.000483333
102.88	0.00045141
102.9	0.000440768
102.92	0.000464309
102.94	0.000519025
102.96	0.000585093
102.98	0.000626276
103	0.000618503
103.02	0.000560197
103.04	0.000463592
103.06	0.000343366
103.08	0.000206513
103.1	6.45101E-05
103.12	-7.10713E-05
103.14	-0.000191214
103.16	-0.000293272
103.18	-0.000390462
103.2	-0.000498018
103.22	-0.000612743
103.24	-0.000721186
103.26	-0.000804235
103.28	-0.000847923
103.3	-0.000828966
103.32	-0.000758281
103.34	-0.000638118
103.36	-0.00048687
103.38	-0.000311177
103.4	-0.000136041
103.42	2.11407E-05
103.44	0.000171241
103.46	0.00030634
103.48	0.00042975
103.5	0.000539018
103.52	0.000640445
103.54	0.000741388
103.56	0.000845141
103.58	0.000948403
103.6	0.001039351
103.62	0.001115291
103.64	0.001169493
103.66	0.001198896
103.68	0.001199057
103.7	0.001174707
103.72	0.001133808
103.74	0.001082132
103.76	0.001036046
103.78	0.001006106
103.8	0.000993841
103.82	0.00099196
103.84	0.000987483
103.86	0.00096664
103.88	0.000931739
103.9	0.000897369
103.92	0.000878331
103.94	0.00087633
103.96	0.000891009
103.98	0.000930705
104	0.000990254
104.02	0.001050962
104.04	0.001082966
104.06	0.001069172
104.08	0.001014076
104.1	0.000943647
104.12	0.000887245
104.14	0.000848
104.16	0.000823962
104.18	0.000824906
104.2	0.000850285
104.22	0.000892143
104.24	0.000942781
104.26	0.001007171
104.28	0.001071912
104.3	0.001130514
104.32	0.00119039
104.34	0.00125732
104.36	0.001323163
104.38	0.001370226
104.4	0.001379989
104.42	0.00135317
104.44	0.001306054
104.46	0.001246643
104.48	0.001166572
104.5	0.001073373
104.52	0.000993684
104.54	0.000938666
104.56	0.000910139
104.58	0.000905334
104.6	0.000911011
104.62	0.000908243
104.64	0.000895114
104.66	0.000885053
104.68	0.000887724
104.7	0.00089975
104.72	0.000914434
104.74	0.000931513
104.76	0.000957119
104.78	0.001004515
104.8	0.001067971
104.82	0.001136066
104.84	0.001193155
104.86	0.001250862
104.88	0.001316421
104.9	0.001377147
104.92	0.001405538
104.94	0.001380721
104.96	0.001300115
104.98	0.0011632
105	0.000981024
105.02	0.00077853
105.04	0.000573649
105.06	0.000390475
105.08	0.000244338
105.1	0.000141496
105.12	6.56052E-05
105.14	-6.45508E-06
105.16	-7.96197E-05
105.18	-0.00013115
105.2	-0.00013273
105.22	-9.28625E-05
105.24	-2.52529E-05
105.26	4.67714E-05
105.28	0.000106277
105.3	0.000133753
105.32	0.000119505
105.34	7.88135E-05
105.36	2.76E-05
105.38	-1.3474E-05
105.4	-3.18194E-05
105.42	-2.59226E-05
105.44	-1.53227E-05
105.46	-3.67006E-05
105.48	-0.000123375
105.5	-0.000275629
105.52	-0.000479495
105.54	-0.000717709
105.56	-0.000979152
105.58	-0.001253802
105.6	-0.001530031
105.62	-0.00178056
105.64	-0.00197263
105.66	-0.00209243
105.68	-0.002140525
105.7	-0.002121764
105.72	-0.002049096
105.74	-0.001928017
105.76	-0.001746128
105.78	-0.001544261
105.8	-0.001338831
105.82	-0.001141652
105.84	-0.000973108
105.86	-0.000847411
105.88	-0.00078521
105.9	-0.000764766
105.92	-0.000783669
105.94	-0.000827956
105.96	-0.000886196
105.98	-0.000945146
106	-0.001001207
106.02	-0.001042142
106.04	-0.001071435
106.06	-0.001093498
106.08	-0.001119879
106.1	-0.001156502
106.12	-0.001206913
106.14	-0.001257865
106.16	-0.001295381
106.18	-0.001306057
106.2	-0.001286773
106.22	-0.001236052
106.24	-0.001156893
106.26	-0.00104595
106.28	-0.000904741
106.3	-0.000731394
106.32	-0.000534651
106.34	-0.000333258
106.36	-0.000142731
106.38	2.28666E-05
106.4	0.000146335
106.42	0.000222114
106.44	0.000258839
106.46	0.000277223
106.48	0.000290762
106.5	0.000309039
106.52	0.000328363
106.54	0.000325655
106.56	0.000293122
106.58	0.000230191
106.6	0.000145376
106.62	5.54448E-05
106.64	-2.4791E-05
106.66	-7.18032E-05
106.68	-8.58688E-05
106.7	-8.38881E-05
106.72	-7.12653E-05
106.74	-4.43983E-05
106.76	-1.33368E-05
106.78	2.21755E-05
106.8	7.03948E-05
106.82	0.000131877
106.84	0.00020393
106.86	0.000278629
106.88	0.000337911
106.9	0.000373793
106.92	0.000374431
106.94	0.000338872
106.96	0.000264286
106.98	0.000148413
107	-3.48885E-06
107.02	-0.000181702
107.04	-0.000369348
107.06	-0.000549718
107.08	-0.000717042
107.1	-0.000862135
107.12	-0.000976375
107.14	-0.001035683
107.16	-0.001040549
107.18	-0.001005585
107.2	-0.000957742
107.22	-0.000907102
107.24	-0.000862344
107.26	-0.000812766
107.28	-0.000746964
107.3	-0.000664008
107.32	-0.000571231
107.34	-0.00047798
107.36	-0.000391777
107.38	-0.000321008
107.4	-0.000279954
107.42	-0.000270165
107.44	-0.000293545
107.46	-0.000330639
107.48	-0.000361701
107.5	-0.000371879
107.52	-0.000361285
107.54	-0.000346659
107.56	-0.000343001
107.58	-0.000346798
107.6	-0.000340721
107.62	-0.000321017
107.64	-0.000305012
107.66	-0.000297876
107.68	-0.000295024
107.7	-0.000277666
107.72	-0.000233962
107.74	-0.000160116
107.76	-6.52886E-05
107.78	4.06157E-05
107.8	0.000149664
107.82	0.000259751
107.84	0.000367618
107.86	0.000474794
107.88	0.000580558
107.9	0.000686448
107.92	0.000794295
107.94	0.000902612
107.96	0.000995804
107.98	0.001046581
108	0.001031742
108.02	0.00097275
108.04	0.000887492
108.06	0.000807535
108.08	0.000755492
108.1	0.000758866
108.12	0.000827519
108.14	0.000949821
108.16	0.001110351
108.18	0.001284341
108.2	0.001445022
108.22	0.001579013
108.24	0.001678291
108.26	0.001754452
108.28	0.001817835
108.3	0.001870709
108.32	0.001905812
108.34	0.001916364
108.36	0.001899277
108.38	0.001859044
108.4	0.001802305
108.42	0.001743755
108.44	0.001688086
108.46	0.001639463
108.48	0.001600322
108.5	0.001556174
108.52	0.001488518
108.54	0.001387655
108.56	0.001252705
108.58	0.001087338
108.6	0.000901335
108.62	0.000723339
108.64	0.000572352
108.66	0.000465287
108.68	0.000409359
108.7	0.000403349
108.72	0.000430544
108.74	0.000469605
108.76	0.000515895
108.78	0.000570906
108.8	0.000635257
108.82	0.000698414
108.84	0.000745272
108.86	0.000767755
108.88	0.000755919
108.9	0.000699562
108.92	0.00058839
108.94	0.000425632
108.96	0.000231483
108.98	1.88967E-05
109	-0.000198226
109.02	-0.000406139
109.04	-0.000594733
109.06	-0.000757133
109.08	-0.00089478
109.1	-0.001001376
109.12	-0.001064891
109.14	-0.00109682
109.16	-0.001102267
109.18	-0.001091142
109.2	-0.001070843
109.22	-0.001039476
109.24	-0.00100024
109.26	-0.000953394
109.28	-0.000907011
109.3	-0.000856797
109.32	-0.00080031
109.34	-0.000738287
109.36	-0.000687475
109.38	-0.000656618
109.4	-0.000643702
109.42	-0.000640269
109.44	-0.000637839
109.46	-0.000637391
109.48	-0.000641119
109.5	-0.000646464
109.52	-0.000648639
109.54	-0.000642166
109.56	-0.000623379
109.58	-0.000596011
109.6	-0.000578312
109.62	-0.000581267
109.64	-0.000610408
109.66	-0.000652371
109.68	-0.000687001
109.7	-0.00069837
109.72	-0.000669007
109.74	-0.000592304
109.76	-0.000457772
109.78	-0.000285451
109.8	-0.000123316
109.82	-1.13987E-05
109.84	2.91488E-05
109.86	2.61584E-07
109.88	-7.06281E-05
109.9	-0.000150729
109.92	-0.000218962
109.94	-0.000282461
109.96	-0.000345555
109.98	-0.000407799
110	-0.000457717
110.02	-0.000481927
110.04	-0.000472875
110.06	-0.000423204
110.08	-0.000333201
110.1	-0.000199772
110.12	-3.95656E-05
110.14	0.000118875
110.16	0.000248589
110.18	0.000340812
110.2	0.000415541
110.22	0.000489687
110.24	0.000579397
110.26	0.000679671
110.28	0.000778291
110.3	0.000865107
110.32	0.000930988
110.34	0.000972125
110.36	0.000981152
110.38	0.000958674
110.4	0.000907341
110.42	0.000833458
110.44	0.000737978
110.46	0.000618047
110.48	0.000470175
110.5	0.000301588
110.52	0.000131525
110.54	-1.67903E-05
110.56	-0.000142362
110.58	-0.000244276
110.6	-0.000331285
110.62	-0.000393649
110.64	-0.000421217
110.66	-0.000403462
110.68	-0.000342075
110.7	-0.000258211
110.72	-0.000160298
110.74	-6.2305E-05
110.76	2.65448E-05
110.78	9.249E-05
110.8	0.000128333
110.82	0.00012983
110.84	9.68306E-05
110.86	4.11452E-05
110.88	-2.20357E-05
110.9	-9.60197E-05
110.92	-0.000181495
110.94	-0.000280091
110.96	-0.00038151
110.98	-0.00047445
111	-0.000559842
111.02	-0.000632516
111.04	-0.000698855
111.06	-0.000767344
111.08	-0.000833872
111.1	-0.000894595
111.12	-0.000943404
111.14	-0.000982027
111.16	-0.000993069
111.18	-0.000957134
111.2	-0.000875299
111.22	-0.000762669
111.24	-0.000640747
111.26	-0.000532478
111.28	-0.000450294
111.3	-0.000386998
111.32	-0.000330845
111.34	-0.000274121
111.36	-0.000214346
111.38	-0.000151524
111.4	-9.0798E-05
111.42	-5.39944E-05
111.44	-5.32047E-05
111.46	-7.39227E-05
111.48	-9.24748E-05
111.5	-8.49075E-05
111.52	-4.22865E-05
111.54	3.91448E-05
111.56	0.000145981
111.58	0.000255771
111.6	0.000366099
111.62	0.000483747
111.64	0.000618179
111.66	0.0007673
111.68	0.000926585
111.7	0.001094874
111.72	0.001273569
111.74	0.001457513
111.76	0.001631608
111.78	0.00178278
111.8	0.001906385
111.82	0.002001848
111.84	0.002072398
111.86	0.002118525
111.88	0.002139792
111.9	0.00213902
111.92	0.002126046
111.94	0.002108448
111.96	0.002086068
111.98	0.002052642
112	0.002007639
112.02	0.001954161
112.04	0.001906137
112.06	0.001870989
112.08	0.001848206
112.1	0.001829974
112.12	0.001809736
112.14	0.001783387
112.16	0.001747934
112.18	0.001703423
112.2	0.00165001
112.22	0.001592233
112.24	0.001547723
112.26	0.00153175
112.28	0.001541128
112.3	0.001556437
112.32	0.001558145
112.34	0.001543452
112.36	0.001525524
112.38	0.001518342
112.4	0.001525928
112.42	0.001535585
112.44	0.001537215
112.46	0.001523735
112.48	0.001486751
112.5	0.001409667
112.52	0.001280011
112.54	0.001100301
112.56	0.00089294
112.58	0.000689335
112.6	0.00051574
112.62	0.000386141
112.64	0.00030561
112.66	0.000276382
112.68	0.000301454
112.7	0.000378575
112.72	0.000490877
112.74	0.000604952
112.76	0.000693549
112.78	0.000741299
112.8	0.000748571
112.82	0.000719877
112.84	0.000655401
112.86	0.000559907
112.88	0.000454449
112.9	0.000359938
112.92	0.000291748
112.94	0.000254682
112.96	0.000243848
112.98	0.000248924
113	0.000261406
113.02	0.00028605
113.04	0.000332575
113.06	0.000396487
113.08	0.000462468
113.1	0.000511514
113.12	0.000534049
113.14	0.000523501
113.16	0.00049506
113.18	0.000456015
113.2	0.000420384
113.22	0.000399923
113.24	0.000398103
113.26	0.000410587
113.28	0.000422102
113.3	0.000425188
113.32	0.000425642
113.34	0.00043624
113.36	0.000462074
113.38	0.000510041
113.4	0.000575491
113.42	0.000642199
113.44	0.000692956
113.46	0.000718085
113.48	0.000723708
113.5	0.000711091
113.52	0.000699414
113.54	0.000687805
113.56	0.000673285
113.58	0.000650754
113.6	0.00062807
113.62	0.00062566
113.64	0.000638599
113.66	0.000668016
113.68	0.00072145
113.7	0.000806895
113.72	0.000916117
113.74	0.001028893
113.76	0.001114696
113.78	0.001165114
113.8	0.001179273
113.82	0.001155738
113.84	0.00110276
113.86	0.00102872
113.88	0.000950526
113.9	0.000877564
113.92	0.000810841
113.94	0.000765468
113.96	0.000758762
113.98	0.000789396
114	0.000856849
114.02	0.000948609
114.04	0.001044377
114.06	0.001127311
114.08	0.001190407
114.1	0.001238359
114.12	0.001277401
114.14	0.001297247
114.16	0.001287968
114.18	0.001240316
114.2	0.001149528
114.22	0.001028839
114.24	0.000902149
114.26	0.000795816
114.28	0.000732528
114.3	0.000720421
114.32	0.000743423
114.34	0.000777743
114.36	0.000787407
114.38	0.000762201
114.4	0.000694513
114.42	0.000600332
114.44	0.000506917
114.46	0.000437696
114.48	0.00041022
114.5	0.000412219
114.52	0.000426668
114.54	0.000433233
114.56	0.00041625
114.58	0.000373488
114.6	0.000312279
114.62	0.000257323
114.64	0.00023389
114.66	0.000255436
114.68	0.000316211
114.7	0.00039241
114.72	0.000449097
114.74	0.00046503
114.76	0.00043585
114.78	0.000372834
114.8	0.000274956
114.82	0.000144247
114.84	-6.97944E-06
114.86	-0.000160629
114.88	-0.000305611
114.9	-0.000440691
114.92	-0.000561451
114.94	-0.000656604
114.96	-0.000719197
114.98	-0.000743428
115	-0.000744504
115.02	-0.00074227
115.04	-0.000751801
115.06	-0.000779826
115.08	-0.000823664
115.1	-0.000878559
115.12	-0.000928199
115.14	-0.000972025
115.16	-0.001016426
115.18	-0.001055232
115.2	-0.00107404
115.22	-0.001063912
115.24	-0.001031986
115.26	-0.00099153
115.28	-0.000954418
115.3	-0.000925429
115.32	-0.000908005
115.34	-0.000908745
115.36	-0.000926648
115.38	-0.00095014
115.4	-0.000961348
115.42	-0.000948939
115.44	-0.000916032
115.46	-0.00086641
115.48	-0.00081436
115.5	-0.000771861
115.52	-0.000741605
115.54	-0.000716611
115.56	-0.000691555
115.58	-0.000657865
115.6	-0.000633035
115.62	-0.000624511
115.64	-0.000639099
115.66	-0.000671333
115.68	-0.000704127
115.7	-0.000724673
115.72	-0.000725567
115.74	-0.000700542
115.76	-0.000659084
115.78	-0.000615464
115.8	-0.000582819
115.82	-0.000558647
115.84	-0.000532722
115.86	-0.000487288
115.88	-0.000408332
115.9	-0.000289083
115.92	-0.000143104
115.94	1.55751E-05
115.96	0.000167895
115.98	0.000315271
116	0.000453467
116.02	0.000587593
116.04	0.000719851
116.06	0.000853491
116.08	0.000994773
116.1	0.001133528
116.12	0.001249897
116.14	0.00132985
116.16	0.001368182
116.18	0.001376511
116.2	0.001365343
116.22	0.00134403
116.24	0.001317328
116.26	0.001281462
116.28	0.001233879
116.3	0.001166847
116.32	0.001070452
116.34	0.000934083
116.36	0.000754758
116.38	0.000551364
116.4	0.000351004
116.42	0.000171947
116.44	2.28241E-05
116.46	-9.65927E-05
116.48	-0.000194282
116.5	-0.000271997
116.52	-0.000335644
116.54	-0.000389973
116.56	-0.000433813
116.58	-0.000464368
116.6	-0.000477293
116.62	-0.000469447
116.64	-0.00044149
116.66	-0.00040205
116.68	-0.000373045
116.7	-0.000364428
116.72	-0.000381467
116.74	-0.000415962
116.76	-0.000458415
116.78	-0.000501014
116.8	-0.000538977
116.82	-0.000572013
116.84	-0.00060919
116.86	-0.000654646
116.88	-0.000719282
116.9	-0.000804057
116.92	-0.000907022
116.94	-0.001010737
116.96	-0.00110363
116.98	-0.001176428
117	-0.001205239
117.02	-0.001201205
117.04	-0.001171077
117.06	-0.001123499
117.08	-0.001067139
117.1	-0.001002287
117.12	-0.00094346
117.14	-0.000871494
117.16	-0.000792959
117.18	-0.000714004
117.2	-0.000645749
117.22	-0.000590812
117.24	-0.000548625
117.26	-0.000511773
117.28	-0.000462397
117.3	-0.000388529
117.32	-0.000288744
117.34	-0.000157773
117.36	-7.29584E-06
117.38	0.000141255
117.4	0.00027634
117.42	0.000386062
117.44	0.00045949
117.46	0.000490977
117.48	0.000491869
117.5	0.000487692
117.52	0.000489718
117.54	0.000511075
117.56	0.000553094
117.58	0.000618083
117.6	0.000704009
117.62	0.000803269
117.64	0.000891533
117.66	0.000964137
117.68	0.001023121
117.7	0.001075809
117.72	0.001114916
117.74	0.001137882
117.76	0.001135432
117.78	0.001101025
117.8	0.001031978
117.82	0.000948348
117.84	0.00087114
117.86	0.000813932
117.88	0.000779169
117.9	0.000767494
117.92	0.000777193
117.94	0.000789373
117.96	0.000785079
117.98	0.000758547
118	0.000703701
118.02	0.000637057
118.04	0.000580393
118.06	0.000551427
118.08	0.000536459
118.1	0.000516982
118.12	0.000489089
118.14	0.000464132
118.16	0.000443999
118.18	0.000431543
118.2	0.000415736
118.22	0.000392221
118.24	0.000373249
118.26	0.000364765
118.28	0.000352762
118.3	0.000312166
118.32	0.000238777
118.34	0.000155961
118.36	7.88847E-05
118.38	3.00003E-05
118.4	6.94316E-06
118.42	-5.7122E-06
118.44	-1.93365E-05
118.46	-2.93184E-05
118.48	-1.92084E-05
118.5	7.12792E-06
118.52	2.15446E-05
118.54	5.51152E-06
118.56	-4.47949E-05
118.58	-0.000113243
118.6	-0.000198545
118.62	-0.000308298
118.64	-0.000442227
118.66	-0.000581695
118.68	-0.000702667
118.7	-0.000791225
118.72	-0.000854614
118.74	-0.000911585
118.76	-0.000977575
118.78	-0.001054703
118.8	-0.001145161
118.82	-0.00123348
118.84	-0.001305493
118.86	-0.001346324
118.88	-0.001364117
118.9	-0.001365863
118.92	-0.001358938
118.94	-0.001347423
118.96	-0.001350193
118.98	-0.001372803
119	-0.001409936
119.02	-0.001443591
119.04	-0.00146443
119.06	-0.001486836
119.08	-0.001520409
119.1	-0.001558305
119.12	-0.001589425
119.14	-0.001619106
119.16	-0.001660824
119.18	-0.001706338
119.2	-0.001741344
119.22	-0.001760754
119.24	-0.00176943
119.26	-0.001764019
119.28	-0.001736094
119.3	-0.001672228
119.32	-0.001567197
119.34	-0.001437302
119.36	-0.001311889
119.38	-0.001211499
119.4	-0.00113873
119.42	-0.00108565
119.44	-0.001031926
119.46	-0.000953355
119.48	-0.000839935
119.5	-0.000694019
119.52	-0.000519219
119.54	-0.000329759
119.56	-0.000155517
119.58	-1.36133E-05
119.6	9.19485E-05
119.62	0.000170387
119.64	0.000242897
119.66	0.000327046
119.68	0.000439527
119.7	0.000576759
119.72	0.000726734
119.74	0.000873849
119.76	0.001000069
119.78	0.001097133
119.8	0.001160408
119.82	0.001204291
119.84	0.001249916
119.86	0.001317341
119.88	0.001407722
119.9	0.001509213
119.92	0.001604749
119.94	0.001676665
119.96	0.001718318
119.98	0.001731254
120	0.001719737
120.02	0.001686918
120.04	0.001637275
120.06	0.00158556
120.08	0.001547081
120.1	0.00152263
120.12	0.001497614
120.14	0.001452691
120.16	0.00136621
120.18	0.001248903
120.2	0.001127889
120.22	0.00100814
120.24	0.000884047
120.26	0.000770366
120.28	0.000702199
120.3	0.000678026
120.32	0.000683819
120.34	0.000708331
120.36	0.00074039
120.38	0.00076111
120.4	0.000764131
120.42	0.000742685
120.44	0.000695546
120.46	0.000621162
120.48	0.0005254
120.5	0.000418079
120.52	0.000309839
120.54	0.000210273
120.56	0.000116844
120.58	1.77019E-05
120.6	-8.5281E-05
120.62	-0.000177224
120.64	-0.000231958
120.66	-0.000243715
120.68	-0.000228078
120.7	-0.000194189
120.72	-0.000141982
120.74	-6.20529E-05
120.76	3.72618E-05
120.78	0.000139282
120.8	0.000231775
120.82	0.000304566
120.84	0.000360818
120.86	0.000403645
120.88	0.000442497
120.9	0.000482749
120.92	0.000531938
120.94	0.000604475
120.96	0.000707006
120.98	0.000832911
121	0.000953403
121.02	0.001045304
121.04	0.001095452
121.06	0.00111021
121.08	0.001116202
121.1	0.001143829
121.12	0.001210786
121.14	0.001306346
121.16	0.001407188
121.18	0.001495732
121.2	0.001555682
121.22	0.001568551
121.24	0.001536999
121.26	0.001486586
121.28	0.001463732
121.3	0.001504167
121.32	0.001628875
121.34	0.001824124
121.36	0.002055776
121.38	0.002284017
121.4	0.002480474
121.42	0.002620491
121.44	0.002702237
121.46	0.00273207
121.48	0.002714846
121.5	0.002657607
121.52	0.002569373
121.54	0.002459802
121.56	0.002348921
121.58	0.002224718
121.6	0.002092712
121.62	0.001957933
121.64	0.001841902
121.66	0.001752485
121.68	0.001689289
121.7	0.001651912
121.72	0.001633687
121.74	0.001632035
121.76	0.001648784
121.78	0.001688031
121.8	0.001741498
121.82	0.001784437
121.84	0.001805287
121.86	0.001795377
121.88	0.001760165
121.9	0.00171017
121.92	0.001657292
121.94	0.001617845
121.96	0.001599528
121.98	0.001601897
122	0.001609273
122.02	0.001605447
122.04	0.00157946
122.06	0.001515279
122.08	0.001411604
122.1	0.001268213
122.12	0.001080723
122.14	0.000851366
122.16	0.000589612
122.18	0.000316089
122.2	5.05399E-05
122.22	-0.000192763
122.24	-0.000407167
122.26	-0.00059057
122.28	-0.000745928
122.3	-0.000859326
122.32	-0.00091455
122.34	-0.000913716
122.36	-0.000851612
122.38	-0.000729844
122.4	-0.000571651
122.42	-0.000425453
122.44	-0.000312264
122.46	-0.000227053
122.48	-0.000168231
122.5	-0.000134269
122.52	-0.000114121
122.54	-0.000100542
122.56	-8.6123E-05
122.58	-7.85121E-05
122.6	-8.1184E-05
122.62	-0.000102963
122.64	-0.000148738
122.66	-0.000221749
122.68	-0.000301952
122.7	-0.000362143
122.72	-0.000382886
122.74	-0.000369171
122.76	-0.000337748
122.78	-0.000310237
122.8	-0.000293073
122.82	-0.000291112
122.84	-0.000304561
122.86	-0.000333998
122.88	-0.000360719
122.9	-0.000369326
122.92	-0.000354392
122.94	-0.00033984
122.96	-0.000351346
122.98	-0.000412953
123	-0.000521145
123.02	-0.000660084
123.04	-0.000806202
123.06	-0.000931054
123.08	-0.001021492
123.1	-0.001073068
123.12	-0.001085342
123.14	-0.00106955
123.16	-0.001068886
123.18	-0.001087436
123.2	-0.001126016
123.22	-0.001173462
123.24	-0.001216543
123.26	-0.001230408
123.28	-0.001202089
123.3	-0.001156167
123.32	-0.00109892
123.34	-0.001039723
123.36	-0.000985154
123.38	-0.000936279
123.4	-0.000888525
123.42	-0.000839845
123.44	-0.000790255
123.46	-0.000735194
123.48	-0.000685155
123.5	-0.000658106
123.52	-0.000664192
123.54	-0.000701709
123.56	-0.000756305
123.58	-0.000815632
123.6	-0.000865664
123.62	-0.000900667
123.64	-0.000915114
123.66	-0.000914395
123.68	-0.000895634
123.7	-0.000851095
123.72	-0.000780573
123.74	-0.000694222
123.76	-0.000588574
123.78	-0.000457634
123.8	-0.000291506
123.82	-9.85411E-05
123.84	0.000109268
123.86	0.000316419
123.88	0.000511822
123.9	0.000694141
123.92	0.000860593
123.94	0.000992707
123.96	0.001089661
123.98	0.001159576
124	0.001207378
124.02	0.001232658
124.04	0.001248359
124.06	0.001269595
124.08	0.001298962
124.1	0.001329576
124.12	0.001364374
124.14	0.001417933
124.16	0.001487758
124.18	0.001557343
124.2	0.001607004
124.22	0.001617481
124.24	0.001598459
124.26	0.001571116
124.28	0.001550979
124.3	0.001537854
124.32	0.001526641
124.34	0.001525907
124.36	0.001534626
124.38	0.001533132
124.4	0.001497702
124.42	0.001422633
124.44	0.001317343
124.46	0.001198635
124.48	0.001085074
124.5	0.000971897
124.52	0.000843311
124.54	0.000683785
124.56	0.000491193
124.58	0.000271165
124.6	3.53407E-05
124.62	-0.000191864
124.64	-0.000391516
124.66	-0.000549328
124.68	-0.000642112
124.7	-0.000666398
124.72	-0.000635712
124.74	-0.000590203
124.76	-0.000572981
124.78	-0.000616071
124.8	-0.000726055
124.82	-0.00089433
124.84	-0.00109511
124.86	-0.001292431
124.88	-0.00143605
124.9	-0.001499071
124.92	-0.001496735
124.94	-0.001452713
124.96	-0.001391704
124.98	-0.001345248
125	-0.001336307
125.02	-0.001386038
125.04	-0.001473592
125.06	-0.001584899
125.08	-0.001693636
125.1	-0.001779755
125.12	-0.001821529
125.14	-0.001810952
125.16	-0.001750369
125.18	-0.001652948
125.2	-0.001533051
125.22	-0.001394738
125.24	-0.001257631
125.26	-0.001123672
125.28	-0.00100404
125.3	-0.00088586
125.32	-0.000740586
125.34	-0.000552037
125.36	-0.00033591
125.38	-0.000132692
125.4	4.94565E-05
125.42	0.000214162
125.44	0.000356139
125.46	0.000454911
125.48	0.000505312
125.5	0.00052438
125.52	0.00053525
125.54	0.000543923
125.56	0.000557352
125.58	0.000568374
125.6	0.000558519
125.62	0.000525589
125.64	0.000480398
125.66	0.000443255
125.68	0.000414735
125.7	0.000396502
125.72	0.000400819
125.74	0.000441789
125.76	0.000512289
125.78	0.000597727
125.8	0.000662012
125.82	0.000668692
125.84	0.000607772
125.86	0.000501366
125.88	0.000378819
125.9	0.000256093
125.92	0.000139783
125.94	4.03498E-05
125.96	-3.19265E-05
125.98	-8.80306E-05
126	-0.000157185
126.02	-0.00025226
126.04	-0.000392062
126.06	-0.000568092
126.08	-0.000758585
126.1	-0.000933778
126.12	-0.00107588
126.14	-0.001202521
126.16	-0.001314803
126.18	-0.001403325
126.2	-0.001457794
126.22	-0.001480182
126.24	-0.001490687
126.26	-0.001497202
126.28	-0.001492587
126.3	-0.001466766
126.32	-0.001424697
126.34	-0.001378728
126.36	-0.001331799
126.38	-0.00129659
126.4	-0.001289274
126.42	-0.001311982
126.44	-0.001365992
126.46	-0.001440911
126.48	-0.001525621
126.5	-0.001595352
126.52	-0.001627526
126.54	-0.001618893
126.56	-0.001570104
126.58	-0.001497531
126.6	-0.001417434
126.62	-0.001342721
126.64	-0.001296182
126.66	-0.001282959
126.68	-0.001303582
126.7	-0.001340672
126.72	-0.00137808
126.74	-0.001390474
126.76	-0.001350034
126.78	-0.001257254
126.8	-0.001127059
126.82	-0.000966534
126.84	-0.000775028
126.86	-0.00056241
126.88	-0.000369898
126.9	-0.000228101
126.92	-0.000157734
126.94	-0.000158208
126.96	-0.000227239
126.98	-0.000349518
127	-0.000504909
127.02	-0.00066616
127.04	-0.000822367
127.06	-0.00096126
127.08	-0.001081708
127.1	-0.001188152
127.12	-0.001281834
127.14	-0.001345495
127.16	-0.001361378
127.18	-0.001328311
127.2	-0.001252044
127.22	-0.001150292
127.24	-0.001046789
127.26	-0.000962758
127.28	-0.000907986
127.3	-0.000870835
127.32	-0.000837789
127.34	-0.000789845
127.36	-0.000710777
127.38	-0.000593909
127.4	-0.000445214
127.42	-0.000284073
127.44	-0.000132545
127.46	-3.63206E-06
127.48	8.51015E-05
127.5	0.000129739
127.52	0.000126254
127.54	9.242E-05
127.56	3.97666E-05
127.58	-1.48929E-06
127.6	-8.69769E-06
127.62	3.39332E-05
127.64	0.000123831
127.66	0.000251311
127.68	0.000410621
127.7	0.000582436
127.72	0.000736676
127.74	0.000863153
127.76	0.000973473
127.78	0.001094292
127.8	0.001225507
127.82	0.00136478
127.84	0.001494826
127.86	0.001586701
127.88	0.001609496
127.9	0.001561306
127.92	0.001463695
127.94	0.001340887
127.96	0.001192334
127.98	0.001021527
128	0.000839229
128.02	0.000657441
128.04	0.000476933
128.06	0.000296028
128.08	0.000119346
128.1	-4.03161E-05
128.12	-0.000178365
128.14	-0.000289329
128.16	-0.000381452
128.18	-0.000469607
128.2	-0.000563597
128.22	-0.000659944
128.24	-0.000755243
128.26	-0.000840409
128.28	-0.000914712
128.3	-0.000970823
128.32	-0.001004164
128.34	-0.001006009
128.36	-0.000981295
128.38	-0.000946829
128.4	-0.000919299
128.42	-0.000904894
128.44	-0.000903101
128.46	-0.000905635
128.48	-0.000903975
128.5	-0.000895264
128.52	-0.000900849
128.54	-0.000930753
128.56	-0.000991285
128.58	-0.001069081
128.6	-0.001149671
128.62	-0.001225889
128.64	-0.001303601
128.66	-0.001386785
128.68	-0.001477696
128.7	-0.00157394
128.72	-0.00168052
128.74	-0.001776543
128.76	-0.001870361
128.78	-0.001950643
128.8	-0.002013494
128.82	-0.002058832
128.84	-0.00210014
128.86	-0.002161054
128.88	-0.002237793
128.9	-0.002319349
128.92	-0.002387166
128.94	-0.002420316
128.96	-0.002413361
128.98	-0.002378254
129	-0.002325056
129.02	-0.00224948
129.04	-0.002143858
129.06	-0.002006619
129.08	-0.001837528
129.1	-0.001639347
129.12	-0.001422439
129.14	-0.001210736
129.16	-0.001026097
129.18	-0.000886716
129.2	-0.000799545
129.22	-0.000751823
129.24	-0.000718982
129.26	-0.000683623
129.28	-0.000648701
129.3	-0.000617222
129.32	-0.000587708
129.34	-0.000555992
129.36	-0.000515331
129.38	-0.000455867
129.4	-0.000384378
129.42	-0.000320221
129.44	-0.000280631
129.46	-0.000268841
129.48	-0.000282014
129.5	-0.000317048
129.52	-0.000363054
129.54	-0.000396052
129.56	-0.000388051
129.58	-0.000320764
129.6	-0.000212843
129.62	-9.53115E-05
129.64	1.33566E-05
129.66	0.000117885
129.68	0.000226092
129.7	0.000340291
129.72	0.000457789
129.74	0.00056618
129.76	0.000630588
129.78	0.000660578
129.8	0.000643244
129.82	0.000571376
129.84	0.000451371
129.86	0.000322736
129.88	0.000228298
129.9	0.000167198
129.92	0.000149114
129.94	0.000153615
129.96	0.000151367
129.98	0.000124367
130	7.56143E-05
130.02	1.12533E-05
130.04	-4.81724E-05
130.06	-7.1454E-05
130.08	-3.74017E-05
130.1	5.0729E-05
130.12	0.000183452
130.14	0.000338281
130.16	0.000482322
130.18	0.000586713
130.2	0.000656031
130.22	0.000694957
130.24	0.000703048
130.26	0.00068182
130.28	0.000654624
130.3	0.000622535
130.32	0.000577179
130.34	0.000522991
130.36	0.000479034
130.38	0.000444202
130.4	0.000403679
130.42	0.000358007
130.44	0.000306383
130.46	0.000253626
130.48	0.000212308
130.5	0.000192288
130.52	0.000184976
130.54	0.000192961
130.56	0.000215169
130.58	0.000256078
130.6	0.000325901
130.62	0.000431171
130.64	0.000569482
130.66	0.000727061
130.68	0.000889951
130.7	0.00104585
130.72	0.001170439
130.74	0.001263683
130.76	0.001311401
130.78	0.001320585
130.8	0.001301944
130.82	0.001272981
130.84	0.001239483
130.86	0.001190696
130.88	0.001110882
130.9	0.000995659
130.92	0.000856563
130.94	0.000714133
130.96	0.000582618
130.98	0.000473007
131	0.000399759
131.02	0.000368303
131.04	0.000376132
131.06	0.00043001
131.08	0.000533315
131.1	0.00067987
131.12	0.000851648
131.14	0.001027492
131.16	0.00118636
131.18	0.001309625
131.2	0.001392396
131.22	0.001417483
131.24	0.001379133
131.26	0.001291132
131.28	0.001186966
131.3	0.001090295
131.32	0.001017163
131.34	0.000970122
131.36	0.000950823
131.38	0.000939557
131.4	0.000929652
131.42	0.000920841
131.44	0.000913884
131.46	0.000886186
131.48	0.000823591
131.5	0.000735673
131.52	0.000649603
131.54	0.000575607
131.56	0.000505694
131.58	0.000427748
131.6	0.000355625
131.62	0.000305252
131.64	0.000306931
131.66	0.000362295
131.68	0.000458412
131.7	0.000569315
131.72	0.000687003
131.74	0.000808135
131.76	0.000917543
131.78	0.0009956
131.8	0.001028931
131.82	0.001016371
131.84	0.000969193
131.86	0.000896237
131.88	0.000798495
131.9	0.000673187
131.92	0.000511429
131.94	0.000327145
131.96	0.000152561
131.98	1.31885E-05
132	-7.82236E-05
132.02	-0.000102956
132.04	-5.06094E-05
132.06	7.51636E-05
132.08	0.000264086
132.1	0.000486489
132.12	0.000689602
132.14	0.000818218
132.16	0.000861754
132.18	0.000839182
132.2	0.000768433
132.22	0.000656777
132.24	0.000518123
132.26	0.000367222
132.28	0.000220331
132.3	6.67831E-05
132.32	-0.000108957
132.34	-0.000323936
132.36	-0.00057062
132.38	-0.000832998
132.4	-0.001092433
132.42	-0.001344795
132.44	-0.001595904
132.46	-0.001861058
132.48	-0.002124538
132.5	-0.002366023
132.52	-0.002561738
132.54	-0.002690323
132.56	-0.002748912
132.58	-0.002754142
132.6	-0.002719861
132.62	-0.002674948
132.64	-0.002634548
132.66	-0.002602606
132.68	-0.002566023
132.7	-0.002506222
132.72	-0.002399079
132.74	-0.002259125
132.76	-0.002134887
132.78	-0.002052346
132.8	-0.002028517
132.82	-0.002060322
132.84	-0.002134984
132.86	-0.002235622
132.88	-0.002353268
132.9	-0.002474549
132.92	-0.002580777
132.94	-0.002649689
132.96	-0.002672709
132.98	-0.002669021
133	-0.00264774
133.02	-0.002608819
133.04	-0.002557402
133.06	-0.002501952
133.08	-0.002439716
133.1	-0.002363885
133.12	-0.0022786
133.14	-0.002177856
133.16	-0.002051898
133.18	-0.001907748
133.2	-0.00176458
133.22	-0.001637232
133.24	-0.001517051
133.26	-0.001392488
133.28	-0.001243079
133.3	-0.001060886
133.32	-0.000850304
133.34	-0.000617329
133.36	-0.000364934
133.38	-0.000102466
133.4	0.00015164
133.42	0.000364466
133.44	0.000513019
133.46	0.000617162
133.48	0.000698635
133.5	0.000778994
133.52	0.000867849
133.54	0.000968146
133.56	0.001098871
133.58	0.001257322
133.6	0.001422381
133.62	0.001573272
133.64	0.001701847
133.66	0.001806298
133.68	0.001892103
133.7	0.001947572
133.72	0.001955063
133.74	0.001906153
133.76	0.001811354
133.78	0.001693697
133.8	0.001582519
133.82	0.001493371
133.84	0.001421685
133.86	0.001356135
133.88	0.001296216
133.9	0.001244759
133.92	0.001197624
133.94	0.001134321
133.96	0.00105212
133.98	0.000963297
134	0.000894182
134.02	0.000849223
134.04	0.000809678
134.06	0.000751041
134.08	0.000668211
134.1	0.000567773
134.12	0.000465239
134.14	0.000372421
134.16	0.000286404
134.18	0.000196474
134.2	9.228E-05
134.22	-2.59932E-05
134.24	-0.000150614
134.26	-0.000284349
134.28	-0.000426833
134.3	-0.000575075
134.32	-0.000714968
134.34	-0.000838421
134.36	-0.000944463
134.38	-0.001041955
134.4	-0.001125798
134.42	-0.001177022
134.44	-0.001177917
134.46	-0.001134523
134.48	-0.001066393
134.5	-0.001006034
134.52	-0.000971987
134.54	-0.00097035
134.56	-0.000991617
134.58	-0.001018932
134.6	-0.001046914
134.62	-0.001074557
134.64	-0.001080137
134.66	-0.001056587
134.68	-0.001008491
134.7	-0.000957942
134.72	-0.000911534
134.74	-0.000870864
134.76	-0.000835964
134.78	-0.000806904
134.8	-0.000777819
134.82	-0.000746756
134.84	-0.000726694
134.86	-0.000726735
134.88	-0.000744162
134.9	-0.000770289
134.92	-0.000791671
134.94	-0.000809653
134.96	-0.000817716
134.98	-0.000809459
135	-0.000782747
135.02	-0.000746541
135.04	-0.000698682
135.06	-0.000641518
135.08	-0.000576648
135.1	-0.000508904
135.12	-0.000446558
135.14	-0.000383801
135.16	-0.000317101
135.18	-0.000243975
135.2	-0.000164754
135.22	-8.59991E-05
135.24	-1.39617E-05
135.26	4.86232E-05
135.28	9.72186E-05
135.3	0.000135932
135.32	0.000159647
135.34	0.00017652
135.36	0.000192001
135.38	0.000210514
135.4	0.000238229
135.42	0.000276052
135.44	0.000329191
135.46	0.000388808
135.48	0.000451302
135.5	0.000511835
135.52	0.000563268
135.54	0.000598059
135.56	0.000610581
135.58	0.000599745
135.6	0.000570905
135.62	0.000521934
135.64	0.000454553
135.66	0.000378736
135.68	0.000308099
135.7	0.000250148
135.72	0.000201955
135.74	0.000160109
135.76	0.000124815
135.78	9.18955E-05
135.8	4.89348E-05
135.82	-1.73194E-05
135.84	-0.000102569
135.86	-0.000199505
135.88	-0.000303283
135.9	-0.000413151
135.92	-0.00052156
135.94	-0.000617259
135.96	-0.000693835
135.98	-0.000758529
136	-0.000811434
136.02	-0.00085398
136.04	-0.000889098
136.06	-0.000922018
136.08	-0.000952665
136.1	-0.000977447
136.12	-0.00099492
136.14	-0.001006549
136.16	-0.001012035
136.18	-0.001008129
136.2	-0.000997839
136.22	-0.000987266
136.24	-0.000980461
136.26	-0.000977826
136.28	-0.00097869
136.3	-0.00098464
136.32	-0.000993221
136.34	-0.000998374
136.36	-0.000995488
136.38	-0.000982498
136.4	-0.000961831
136.42	-0.000932537
136.44	-0.000890837
136.46	-0.000838966
136.48	-0.00078029
136.5	-0.000718672
136.52	-0.00065855
136.54	-0.000603875
136.56	-0.000558863
136.58	-0.000523542
136.6	-0.000496725
136.62	-0.000474895
136.64	-0.000453912
136.66	-0.00042828
136.68	-0.000396348
136.7	-0.000356599
136.72	-0.000309759
136.74	-0.0002558
136.76	-0.000197974
136.78	-0.000141429
136.8	-9.13902E-05
136.82	-5.20272E-05
136.84	-2.07783E-05
136.86	5.25395E-06
136.88	2.77466E-05
136.9	5.02821E-05
136.92	7.54853E-05
136.94	0.00010417
136.96	0.000134546
136.98	0.00016342
137	0.000188264
137.02	0.000207482
137.04	0.000219972
137.06	0.000227676
137.08	0.000231826
137.1	0.00023235
137.12	0.000230913
137.14	0.000228781
137.16	0.000225433
137.18	0.000217613
137.2	0.000203291
137.22	0.000182209
137.24	0.000154394
137.26	0.000119802
137.28	7.5765E-05
137.3	2.28794E-05
137.32	-3.50646E-05
137.34	-9.60389E-05
137.36	-0.000157338
137.38	-0.000216658
137.4	-0.000270516
137.42	-0.000317337
137.44	-0.000359075
137.46	-0.00039799
137.48	-0.000436215
137.5	-0.00047578
137.52	-0.000518811
137.54	-0.000565683
137.56	-0.000616271
137.58	-0.000668
137.6	-0.000716866
137.62	-0.000759801
137.64	-0.000794081
137.66	-0.000817382
137.68	-0.00083088
137.7	-0.000836694
137.72	-0.000838208
137.74	-0.000837803
137.76	-0.000837116
137.78	-0.000838116
137.8	-0.000839966
137.82	-0.000841553
137.84	-0.000841274
137.86	-0.000837501
137.88	-0.000829243
137.9	-0.000815764
137.92	-0.000798018
137.94	-0.000777345
137.96	-0.000755358
137.98	-0.000733389
138	-0.000711019
138.02	-0.000687452
138.04	-0.000662183
138.06	-0.000634877
138.08	-0.000605028
138.1	-0.000572186
138.12	-0.000536181
138.14	-0.000497505
138.16	-0.00045775
138.18	-0.00041797
138.2	-0.000379021
138.22	-0.000342878
138.24	-0.000310899
138.26	-0.000283929
138.28	-0.000260708
138.3	-0.000239294
138.32	-0.000217319
138.34	-0.000192624
138.36	-0.00016345
138.38	-0.000128874
138.4	-9.00626E-05
138.42	-4.87617E-05
138.44	-8.80582E-06
138.46	2.63695E-05
138.48	5.47922E-05
138.5	7.49459E-05
138.52	8.75021E-05
138.54	9.36479E-05
138.56	9.53598E-05
138.58	9.50442E-05
138.6	9.43419E-05
138.62	9.4132E-05
138.64	9.40322E-05
138.66	9.30566E-05
138.68	8.97078E-05
138.7	8.24482E-05
138.72	7.0188E-05
138.74	5.23331E-05
138.76	2.95164E-05
138.78	3.14613E-06
138.8	-2.55383E-05
138.82	-5.57819E-05
138.84	-8.72185E-05
138.86	-0.000119624
138.88	-0.00015268
138.9	-0.00018653
138.92	-0.000222117
138.94	-0.00025939
138.96	-0.000297986
138.98	-0.000337585
139	-0.000377455
139.02	-0.000416936
139.04	-0.000454746
139.06	-0.000489666
139.08	-0.000521329
139.1	-0.000549206
139.12	-0.000573426
139.14	-0.000595104
139.16	-0.000615606
139.18	-0.00063573
139.2	-0.000656066
139.22	-0.000676618
139.24	-0.000696847
139.26	-0.000715019
139.28	-0.000728771
139.3	-0.000736673
139.32	-0.00073869
139.34	-0.000734514
139.36	-0.000725331
139.38	-0.000712832
139.4	-0.000698969
139.42	-0.000685622
139.44	-0.000673509
139.46	-0.000663387
139.48	-0.000654806
139.5	-0.00064636
139.52	-0.000636542
139.54	-0.000623918
139.56	-0.000607871
139.58	-0.000588175
139.6	-0.000565187
139.62	-0.000539934
139.64	-0.000513513
139.66	-0.000486734
139.68	-0.000459882
139.7	-0.00043316
139.72	-0.000406927
139.74	-0.000381197
139.76	-0.000355297
139.78	-0.000328566
139.8	-0.000300746
139.82	-0.000272087
139.84	-0.000242829
139.86	-0.000213117
139.88	-0.000183432
139.9	-0.000154807
139.92	-0.000127988
139.94	-0.000103276
139.96	-8.0716E-05
139.98	-6.03385E-05
140	-4.20783E-05
140.02	-2.56757E-05
140.04	-1.08718E-05
140.06	2.27833E-06
140.08	1.3193E-05
140.1	2.10299E-05
140.12	2.4825E-05
140.14	2.39292E-05
140.16	1.81924E-05
140.18	7.96798E-06
140.2	-5.81939E-06
140.22	-2.16778E-05
140.24	-3.84089E-05
140.26	-5.48798E-05
140.28	-7.04359E-05
140.3	-8.50829E-05
140.32	-9.9335E-05
140.34	-0.000114445
140.36	-0.000131496
140.38	-0.000151315
140.4	-0.000174507
140.42	-0.00020098
140.44	-0.000230087
140.46	-0.000260681
140.48	-0.000291599
140.5	-0.000321938
140.52	-0.00035093
140.54	-0.000378047
140.56	-0.000403278
140.58	-0.000426878
140.6	-0.000449269
140.62	-0.000470795
140.64	-0.000491663
140.66	-0.000511802
140.68	-0.000531065
140.7	-0.000549188
140.72	-0.000565829
140.74	-0.000580427
140.76	-0.000592547
140.78	-0.000602254
140.8	-0.000609815
140.82	-0.000615552
140.84	-0.000619748
140.86	-0.000622782
140.88	-0.000624946
140.9	-0.00062623
140.92	-0.000626284
140.94	-0.000624602
140.96	-0.000620812
140.98	-0.000614652
141	-0.000606059
141.02	-0.000595214
141.04	-0.000582581
141.06	-0.000568893
141.08	-0.00055471
141.1	-0.000540332
141.12	-0.000525911
141.14	-0.000510976
141.16	-0.000494799
141.18	-0.00047646
141.2	-0.000455478
141.22	-0.000431638
141.24	-0.000405101
141.26	-0.000376637
141.28	-0.000347249
141.3	-0.000318146
141.32	-0.000290244
141.34	-0.00026431
141.36	-0.000240883
141.38	-0.000219808
141.4	-0.00020068
141.42	-0.000182899
141.44	-0.000165964
141.46	-0.000149538
141.48	-0.000133564
141.5	-0.000118298
141.52	-0.000104263
141.54	-9.18661E-05
141.56	-8.15915E-05
141.58	-7.38164E-05
141.6	-6.86906E-05
141.62	-6.60417E-05
141.64	-6.56367E-05
141.66	-6.72166E-05
141.68	-7.04649E-05
141.7	-7.50967E-05
141.72	-8.0918E-05
141.74	-8.79791E-05
141.76	-9.64772E-05
141.78	-0.000106648
141.8	-0.000118653
141.82	-0.000132498
141.84	-0.000148004
141.86	-0.000164824
141.88	-0.000182525
141.9	-0.000200623
141.92	-0.000218697
141.94	-0.00023656
141.96	-0.000254265
141.98	-0.000272044
142	-0.000290231
142.02	-0.00030906
142.04	-0.000328694
142.06	-0.000349054
142.08	-0.000369902
142.1	-0.00039056
142.12	-0.000410326
142.14	-0.000428688
142.16	-0.000445309
142.18	-0.000460258
142.2	-0.00047358
142.22	-0.000485865
142.24	-0.000497778
142.26	-0.000509637
142.28	-0.000521639
142.3	-0.000533643
142.32	-0.000545365
142.34	-0.000556241
142.36	-0.000565496
142.38	-0.000572532
142.4	-0.000576998
142.42	-0.000578698
142.44	-0.00057771
142.46	-0.000574371
142.48	-0.000569146
142.5	-0.00056243
142.52	-0.000554491
142.54	-0.000545454
142.56	-0.000535396
142.58	-0.000524303
142.6	-0.000512042
142.62	-0.000498489
142.64	-0.000483601
142.66	-0.000467459
142.68	-0.000450211
142.7	-0.000432106
142.72	-0.000413505
142.74	-0.000394814
142.76	-0.000376267
142.78	-0.0003579
142.8	-0.000339661
142.82	-0.000321466
142.84	-0.000303247
142.86	-0.000284959
142.88	-0.000266724
142.9	-0.000248824
142.92	-0.000231636
142.94	-0.00021561
142.96	-0.000201134
142.98	-0.000188423
143	-0.000177554
143.02	-0.000168374
143.04	-0.0001606
143.06	-0.000153846
143.08	-0.000147741
143.1	-0.000142213
143.12	-0.000137321
143.14	-0.000133315
143.16	-0.000130567
143.18	-0.000129455
143.2	-0.000130309
143.22	-0.000133234
143.24	-0.000138152
143.26	-0.000144805
143.28	-0.000152779
143.3	-0.00016161
143.32	-0.000170907
143.34	-0.000180416
143.36	-0.000190037
143.38	-0.000199827
143.4	-0.00020999
143.42	-0.000220778
143.44	-0.000232427
143.46	-0.000245088
143.48	-0.000258823
143.5	-0.000273562
143.52	-0.000289099
143.54	-0.000305195
143.56	-0.000321626
143.58	-0.00033814
143.6	-0.000354527
143.62	-0.0003707
143.64	-0.000386638
143.66	-0.000402335
143.68	-0.000417719
143.7	-0.000432706
143.72	-0.000447176
143.74	-0.000460832
143.76	-0.000473335
143.78	-0.000484409
143.8	-0.000493899
143.82	-0.000501764
143.84	-0.000508042
143.86	-0.000512906
143.88	-0.000516602
143.9	-0.000519319
143.92	-0.000521137
143.94	-0.000522006
143.96	-0.000521819
143.98	-0.000520382
144	-0.000517439
144.02	-0.000512823
144.04	-0.000506475
144.06	-0.000498519
144.08	-0.000489216
144.1	-0.000478909
144.12	-0.000467991
144.14	-0.000456767
144.16	-0.00044541
144.18	-0.000433959
144.2	-0.000422345
144.22	-0.000410413
144.24	-0.000397958
144.26	-0.000384857
144.28	-0.000371068
144.3	-0.000356666
144.32	-0.000341846
144.34	-0.000326886
144.36	-0.000312134
144.38	-0.000297891
144.4	-0.000284388
144.42	-0.000271808
144.44	-0.000260197
144.46	-0.00024948
144.48	-0.000239563
144.5	-0.00023033
144.52	-0.000221684
144.54	-0.000213579
144.56	-0.000206041
144.58	-0.000199207
144.6	-0.000193211
144.62	-0.00018816
144.64	-0.000184138
144.66	-0.00018116
144.68	-0.000179172
144.7	-0.000178088
144.72	-0.000177828
144.74	-0.000178363
144.76	-0.000179723
144.78	-0.000182017
144.8	-0.0001854
144.82	-0.000190011
144.84	-0.000195955
144.86	-0.000203257
144.88	-0.000211838
144.9	-0.000221506
144.92	-0.000231994
144.94	-0.000243046
144.96	-0.000254438
144.98	-0.000266018
145	-0.000277732
145.02	-0.00028964
145.04	-0.00030186
145.06	-0.000314468
145.08	-0.000327506
145.1	-0.000340925
145.12	-0.000354581
145.14	-0.000368225
145.16	-0.000381548
145.18	-0.000394283
145.2	-0.000406186
145.22	-0.000417067
145.24	-0.000426861
145.26	-0.0004356
145.28	-0.000443385
145.3	-0.000450347
145.32	-0.000456601
145.34	-0.000462249
145.36	-0.000467311
145.38	-0.000471705
145.4	-0.00047531
145.42	-0.000477984
145.44	-0.000479594
145.46	-0.000480044
145.48	-0.000479302
145.5	-0.000477416