0	0
0.02	1.16864E-11
0.04	6.9472E-11
0.06	1.80323E-10
0.08	3.46283E-10
0.1	5.69386E-10
0.12	8.51825E-10
0.14	1.19566E-09
0.16	1.60264E-09
0.18	2.07451E-09
0.2	2.61298E-09
0.22	3.21944E-09
0.24	3.89552E-09
0.26	4.64244E-09
0.28	5.46134E-09
0.3	6.35334E-09
0.32	7.31908E-09
0.34	8.35971E-09
0.36	9.47569E-09
0.38	1.06672E-08
0.4	1.1935E-08
0.42	1.32789E-08
0.44	1.4699E-08
0.46	1.61957E-08
0.48	1.77685E-08
0.5	1.94173E-08
0.52	2.11419E-08
0.54	2.29411E-08
0.56	2.4814E-08
0.58	2.67602E-08
0.6	2.87783E-08
0.62	3.08661E-08
0.64	3.30232E-08
0.66	3.52487E-08
0.68	3.75399E-08
0.7	3.98937E-08
0.72	4.23095E-08
0.74	4.47867E-08
0.76	4.73216E-08
0.78	4.99086E-08
0.8	5.25435E-08
0.82	5.52248E-08
0.84	5.79505E-08
0.86	6.0714E-08
0.88	6.35007E-08
0.9	6.62884E-08
0.92	6.90515E-08
0.94	7.17692E-08
0.96	7.44328E-08
0.98	7.70484E-08
1	7.96258E-08
1.02	8.21642E-08
1.04	8.46577E-08
1.06	8.71088E-08
1.08	8.95254E-08
1.1	9.1908E-08
1.12	9.42522E-08
1.14	9.6559E-08
1.16	9.88319E-08
1.18	1.0107E-07
1.2	1.03275E-07
1.22	1.05449E-07
1.24	1.07589E-07
1.26	1.09696E-07
1.28	1.11774E-07
1.3	1.13822E-07
1.32	1.15841E-07
1.34	1.1783E-07
1.36	1.1979E-07
1.38	1.21722E-07
1.4	1.23628E-07
1.42	1.25506E-07
1.44	1.27358E-07
1.46	1.29185E-07
1.48	1.30988E-07
1.5	1.32767E-07
1.52	1.34522E-07
1.54	1.36255E-07
1.56	1.37966E-07
1.58	1.39655E-07
1.6	1.41323E-07
1.62	1.42969E-07
1.64	1.44595E-07
1.66	1.46201E-07
1.68	1.4779E-07
1.7	1.49364E-07
1.72	1.50922E-07
1.74	1.52463E-07
1.76	1.53994E-07
1.78	1.55525E-07
1.8	1.57069E-07
1.82	1.5863E-07
1.84	1.60207E-07
1.86	1.6179E-07
1.88	1.63365E-07
1.9	1.64919E-07
1.92	1.66442E-07
1.94	1.67928E-07
1.96	1.69369E-07
1.98	1.70756E-07
2	1.72079E-07
2.02	1.73334E-07
2.04	1.74518E-07
2.06	1.75623E-07
2.08	1.76642E-07
2.1	1.77567E-07
2.12	1.78397E-07
2.14	1.79126E-07
2.16	1.79747E-07
2.18	1.80257E-07
2.2	1.80649E-07
2.22	1.80919E-07
2.24	1.81064E-07
2.26	1.8108E-07
2.28	1.80961E-07
2.3	1.80701E-07
2.32	1.80298E-07
2.34	1.79748E-07
2.36	1.79046E-07
2.38	1.78186E-07
2.4	1.77167E-07
2.42	1.75983E-07
2.44	1.74632E-07
2.46	1.73108E-07
2.48	1.71409E-07
2.5	1.69532E-07
2.52	1.67474E-07
2.54	1.65228E-07
2.56	1.62791E-07
2.58	1.6016E-07
2.6	1.5733E-07
2.62	1.54299E-07
2.64	1.51062E-07
2.66	1.4761E-07
2.68	1.43936E-07
2.7	1.40033E-07
2.72	1.35903E-07
2.74	1.3155E-07
2.76	1.26985E-07
2.78	1.22215E-07
2.8	1.17243E-07
2.82	1.12072E-07
2.84	1.06704E-07
2.86	1.01138E-07
2.88	9.53742E-08
2.9	8.94095E-08
2.92	8.32412E-08
2.94	7.68658E-08
2.96	7.02797E-08
2.98	6.34801E-08
3	5.64636E-08
3.02	4.92254E-08
3.04	4.17595E-08
3.06	3.40611E-08
3.08	2.61266E-08
3.1	1.79508E-08
3.12	9.52703E-09
3.14	8.49055E-10
3.16	-8.08788E-09
3.18	-1.72888E-08
3.2	-2.67597E-08
3.22	-3.65068E-08
3.24	-4.65363E-08
3.26	-5.68544E-08
3.28	-6.74669E-08
3.3	-7.83794E-08
3.32	-8.95995E-08
3.34	-1.01134E-07
3.36	-1.1299E-07
3.38	-1.25173E-07
3.4	-1.37691E-07
3.42	-1.50549E-07
3.44	-1.63754E-07
3.46	-1.77313E-07
3.48	-1.9123E-07
3.5	-2.05516E-07
3.52	-2.20175E-07
3.54	-2.35214E-07
3.56	-2.50635E-07
3.58	-2.66447E-07
3.6	-2.82658E-07
3.62	-2.99282E-07
3.64	-3.16334E-07
3.66	-3.33829E-07
3.68	-3.51779E-07
3.7	-3.7019E-07
3.72	-3.89072E-07
3.74	-4.08429E-07
3.76	-4.28267E-07
3.78	-4.48589E-07
3.8	-4.69399E-07
3.82	-4.907E-07
3.84	-5.12496E-07
3.86	-5.3479E-07
3.88	-5.57585E-07
3.9	-5.80885E-07
3.92	-6.04694E-07
3.94	-6.29014E-07
3.96	-6.5385E-07
3.98	-6.79204E-07
4	-7.0508E-07
4.02	-7.31483E-07
4.04	-7.58416E-07
4.06	-7.85883E-07
4.08	-8.13889E-07
4.1	-8.42439E-07
4.12	-8.71537E-07
4.14	-9.01188E-07
4.16	-9.31395E-07
4.18	-9.62165E-07
4.2	-9.93502E-07
4.22	-1.02541E-06
4.24	-1.0579E-06
4.26	-1.09096E-06
4.28	-1.12462E-06
4.3	-1.15887E-06
4.32	-1.19372E-06
4.34	-1.22917E-06
4.36	-1.26523E-06
4.38	-1.30191E-06
4.4	-1.33922E-06
4.42	-1.37715E-06
4.44	-1.41573E-06
4.46	-1.45494E-06
4.48	-1.4948E-06
4.5	-1.53532E-06
4.52	-1.57648E-06
4.54	-1.61831E-06
4.56	-1.66079E-06
4.58	-1.70393E-06
4.6	-1.74776E-06
4.62	-1.79227E-06
4.64	-1.83748E-06
4.66	-1.8834E-06
4.68	-1.93003E-06
4.7	-1.9774E-06
4.72	-2.02551E-06
4.74	-2.07437E-06
4.76	-2.124E-06
4.78	-2.17439E-06
4.8	-2.22557E-06
4.82	-2.27754E-06
4.84	-2.3303E-06
4.86	-2.38388E-06
4.88	-2.43827E-06
4.9	-2.49348E-06
4.92	-2.54953E-06
4.94	-2.60641E-06
4.96	-2.66414E-06
4.98	-2.72273E-06
5	-2.78217E-06
5.02	-2.84248E-06
5.04	-2.90367E-06
5.06	-2.96573E-06
5.08	-3.02869E-06
5.1	-3.09253E-06
5.12	-3.15728E-06
5.14	-3.22293E-06
5.16	-3.28949E-06
5.18	-3.35697E-06
5.2	-3.42537E-06
5.22	-3.4947E-06
5.24	-3.56497E-06
5.26	-3.63617E-06
5.28	-3.70832E-06
5.3	-3.78141E-06
5.32	-3.85547E-06
5.34	-3.93048E-06
5.36	-4.00645E-06
5.38	-4.08341E-06
5.4	-4.16134E-06
5.42	-4.24026E-06
5.44	-4.32017E-06
5.46	-4.40108E-06
5.48	-4.48299E-06
5.5	-4.5659E-06
5.52	-4.64981E-06
5.54	-4.73473E-06
5.56	-4.82065E-06
5.58	-4.90757E-06
5.6	-4.99551E-06
5.62	-5.08446E-06
5.64	-5.17442E-06
5.66	-5.26541E-06
5.68	-5.35742E-06
5.7	-5.45046E-06
5.72	-5.54454E-06
5.74	-5.63966E-06
5.76	-5.73583E-06
5.78	-5.83305E-06
5.8	-5.93134E-06
5.82	-6.03068E-06
5.84	-6.1311E-06
5.86	-6.23259E-06
5.88	-6.33517E-06
5.9	-6.43883E-06
5.92	-6.54359E-06
5.94	-6.64945E-06
5.96	-6.75642E-06
5.98	-6.86449E-06
6	-6.97368E-06
6.02	-7.084E-06
6.04	-7.19543E-06
6.06	-7.308E-06
6.08	-7.42171E-06
6.1	-7.53655E-06
6.12	-7.65254E-06
6.14	-7.76968E-06
6.16	-7.88797E-06
6.18	-8.00742E-06
6.2	-8.12803E-06
6.22	-8.2498E-06
6.24	-8.37274E-06
6.26	-8.49684E-06
6.28	-8.62212E-06
6.3	-8.74857E-06
6.32	-8.87618E-06
6.34	-9.00498E-06
6.36	-9.13496E-06
6.38	-9.26612E-06
6.4	-9.39847E-06
6.42	-9.53202E-06
6.44	-9.66676E-06
6.46	-9.8027E-06
6.48	-9.93984E-06
6.5	-1.00782E-05
6.52	-1.02177E-05
6.54	-1.03584E-05
6.56	-1.05003E-05
6.58	-1.06435E-05
6.6	-1.07877E-05
6.62	-1.09332E-05
6.64	-1.10799E-05
6.66	-1.12277E-05
6.68	-1.13767E-05
6.7	-1.15269E-05
6.72	-1.16783E-05
6.74	-1.18308E-05
6.76	-1.19845E-05
6.78	-1.21393E-05
6.8	-1.22953E-05
6.82	-1.24524E-05
6.84	-1.26107E-05
6.86	-1.27701E-05
6.88	-1.29306E-05
6.9	-1.30923E-05
6.92	-1.3255E-05
6.94	-1.34189E-05
6.96	-1.3584E-05
6.98	-1.37501E-05
7	-1.39173E-05
7.02	-1.40856E-05
7.04	-1.4255E-05
7.06	-1.44255E-05
7.08	-1.45971E-05
7.1	-1.47697E-05
7.12	-1.49434E-05
7.14	-1.51181E-05
7.16	-1.52939E-05
7.18	-1.54708E-05
7.2	-1.56487E-05
7.22	-1.58276E-05
7.24	-1.60075E-05
7.26	-1.61884E-05
7.28	-1.63703E-05
7.3	-1.65533E-05
7.32	-1.67371E-05
7.34	-1.6922E-05
7.36	-1.71078E-05
7.38	-1.72945E-05
7.4	-1.74822E-05
7.42	-1.76708E-05
7.44	-1.78604E-05
7.46	-1.80508E-05
7.48	-1.82422E-05
7.5	-1.84344E-05
7.52	-1.86275E-05
7.54	-1.88214E-05
7.56	-1.90163E-05
7.58	-1.92119E-05
7.6	-1.94084E-05
7.62	-1.96056E-05
7.64	-1.98037E-05
7.66	-2.00025E-05
7.68	-2.02021E-05
7.7	-2.04024E-05
7.72	-2.06034E-05
7.74	-2.08052E-05
7.76	-2.10076E-05
7.78	-2.12107E-05
7.8	-2.14144E-05
7.82	-2.16188E-05
7.84	-2.18237E-05
7.86	-2.20292E-05
7.88	-2.22353E-05
7.9	-2.24419E-05
7.92	-2.2649E-05
7.94	-2.28567E-05
7.96	-2.30647E-05
7.98	-2.32732E-05
8	-2.34821E-05
8.02	-2.36914E-05
8.04	-2.39011E-05
8.06	-2.41111E-05
8.08	-2.43214E-05
8.1	-2.4532E-05
8.12	-2.47428E-05
8.14	-2.49538E-05
8.16	-2.5165E-05
8.18	-2.53764E-05
8.2	-2.5588E-05
8.22	-2.57996E-05
8.24	-2.60113E-05
8.26	-2.6223E-05
8.28	-2.64348E-05
8.3	-2.66465E-05
8.32	-2.68581E-05
8.34	-2.70697E-05
8.36	-2.72811E-05
8.38	-2.74923E-05
8.4	-2.77033E-05
8.42	-2.79141E-05
8.44	-2.81246E-05
8.46	-2.83348E-05
8.48	-2.85446E-05
8.5	-2.8754E-05
8.52	-2.8963E-05
8.54	-2.91715E-05
8.56	-2.93796E-05
8.58	-2.9587E-05
8.6	-2.97939E-05
8.62	-3.00001E-05
8.64	-3.02057E-05
8.66	-3.04106E-05
8.68	-3.06147E-05
8.7	-3.0818E-05
8.72	-3.10204E-05
8.74	-3.1222E-05
8.76	-3.14226E-05
8.78	-3.16223E-05
8.8	-3.18209E-05
8.82	-3.20184E-05
8.84	-3.22148E-05
8.86	-3.241E-05
8.88	-3.2604E-05
8.9	-3.27967E-05
8.92	-3.2988E-05
8.94	-3.3178E-05
8.96	-3.33665E-05
8.98	-3.35536E-05
9	-3.37391E-05
9.02	-3.39229E-05
9.04	-3.41051E-05
9.06	-3.42856E-05
9.08	-3.44643E-05
9.1	-3.46411E-05
9.12	-3.48161E-05
9.14	-3.49891E-05
9.16	-3.516E-05
9.18	-3.53289E-05
9.2	-3.54956E-05
9.22	-3.56601E-05
9.24	-3.58224E-05
9.26	-3.59822E-05
9.28	-3.61397E-05
9.3	-3.62947E-05
9.32	-3.64471E-05
9.34	-3.65969E-05
9.36	-3.6744E-05
9.38	-3.68884E-05
9.4	-3.70299E-05
9.42	-3.71685E-05
9.44	-3.73041E-05
9.46	-3.74367E-05
9.48	-3.75661E-05
9.5	-3.76923E-05
9.52	-3.78152E-05
9.54	-3.79347E-05
9.56	-3.80508E-05
9.58	-3.81633E-05
9.6	-3.82723E-05
9.62	-3.83775E-05
9.64	-3.8479E-05
9.66	-3.85766E-05
9.68	-3.86703E-05
9.7	-3.87599E-05
9.72	-3.88455E-05
9.74	-3.89268E-05
9.76	-3.90039E-05
9.78	-3.90766E-05
9.8	-3.91448E-05
9.82	-3.92085E-05
9.84	-3.92676E-05
9.86	-3.93219E-05
9.88	-3.93714E-05
9.9	-3.9416E-05
9.92	-3.94556E-05
9.94	-3.94901E-05
9.96	-3.95194E-05
9.98	-3.95434E-05
10	-3.9562E-05
10.02	-3.95751E-05
10.04	-3.95827E-05
10.06	-3.95845E-05
10.08	-3.95806E-05
10.1	-3.95708E-05
10.12	-3.9555E-05
10.14	-3.9533E-05
10.16	-3.95049E-05
10.18	-3.94705E-05
10.2	-3.94297E-05
10.22	-3.93824E-05
10.24	-3.93284E-05
10.26	-3.92678E-05
10.28	-3.92002E-05
10.3	-3.91258E-05
10.32	-3.90443E-05
10.34	-3.89556E-05
10.36	-3.88596E-05
10.38	-3.87562E-05
10.4	-3.86453E-05
10.42	-3.85267E-05
10.44	-3.84005E-05
10.46	-3.82663E-05
10.48	-3.81242E-05
10.5	-3.79739E-05
10.52	-3.78154E-05
10.54	-3.76486E-05
10.56	-3.74733E-05
10.58	-3.72894E-05
10.6	-3.70968E-05
10.62	-3.68953E-05
10.64	-3.66849E-05
10.66	-3.64653E-05
10.68	-3.62366E-05
10.7	-3.59984E-05
10.72	-3.57508E-05
10.74	-3.54936E-05
10.76	-3.52266E-05
10.78	-3.49497E-05
10.8	-3.46629E-05
10.82	-3.43658E-05
10.84	-3.40585E-05
10.86	-3.37408E-05
10.88	-3.34126E-05
10.9	-3.30736E-05
10.92	-3.27238E-05
10.94	-3.23631E-05
10.96	-3.19913E-05
10.98	-3.16082E-05
11	-3.12137E-05
11.02	-3.08078E-05
11.04	-3.03902E-05
11.06	-2.99608E-05
11.08	-2.95194E-05
11.1	-2.9066E-05
11.12	-2.86003E-05
11.14	-2.81222E-05
11.16	-2.76317E-05
11.18	-2.71284E-05
11.2	-2.66124E-05
11.22	-2.60834E-05
11.24	-2.55414E-05
11.26	-2.4986E-05
11.28	-2.44173E-05
11.3	-2.3835E-05
11.32	-2.32391E-05
11.34	-2.26293E-05
11.36	-2.20055E-05
11.38	-2.13676E-05
11.4	-2.07154E-05
11.42	-2.00488E-05
11.44	-1.93676E-05
11.46	-1.86716E-05
11.48	-1.79608E-05
11.5	-1.72349E-05
11.52	-1.64938E-05
11.54	-1.57374E-05
11.56	-1.49655E-05
11.58	-1.41779E-05
11.6	-1.33745E-05
11.62	-1.25552E-05
11.64	-1.17197E-05
11.66	-1.08679E-05
11.68	-9.99977E-06
11.7	-9.11502E-06
11.72	-8.21353E-06
11.74	-7.29514E-06
11.76	-6.35971E-06
11.78	-5.40706E-06
11.8	-4.43706E-06
11.82	-3.44953E-06
11.84	-2.44433E-06
11.86	-1.4213E-06
11.88	-3.80277E-07
11.9	6.78884E-07
11.92	1.75634E-06
11.94	2.85226E-06
11.96	3.96678E-06
11.98	5.10006E-06
12	6.25227E-06
12.02	7.42354E-06
12.04	8.61405E-06
12.06	9.82395E-06
12.08	1.10534E-05
12.1	1.23025E-05
12.12	1.35715E-05
12.14	1.48604E-05
12.16	1.61696E-05
12.18	1.7499E-05
12.2	1.88489E-05
12.22	2.02194E-05
12.24	2.16106E-05
12.26	2.30228E-05
12.28	2.4456E-05
12.3	2.59105E-05
12.32	2.73862E-05
12.34	2.88835E-05
12.36	3.04025E-05
12.38	3.19432E-05
12.4	3.35058E-05
12.42	3.50906E-05
12.44	3.66975E-05
12.46	3.83269E-05
12.48	3.99787E-05
12.5	4.16531E-05
12.52	4.33504E-05
12.54	4.50705E-05
12.56	4.68137E-05
12.58	4.85801E-05
12.6	5.03698E-05
12.62	5.21829E-05
12.64	5.40197E-05
12.66	5.58801E-05
12.68	5.77644E-05
12.7	5.96726E-05
12.72	6.16049E-05
12.74	6.35614E-05
12.76	6.55422E-05
12.78	6.75475E-05
12.8	6.95773E-05
12.82	7.16319E-05
12.84	7.37112E-05
12.86	7.58154E-05
12.88	7.79446E-05
12.9	8.0099E-05
12.92	8.22786E-05
12.94	8.44835E-05
12.96	8.67138E-05
12.98	8.89697E-05
13	9.12512E-05
13.02	9.35585E-05
13.04	9.58915E-05
13.06	9.82505E-05
13.08	0.000100635
13.1	0.000103046
13.12	0.000105484
13.14	0.000107947
13.16	0.000110437
13.18	0.000112953
13.2	0.000115496
13.22	0.000118065
13.24	0.000120661
13.26	0.000123283
13.28	0.000125932
13.3	0.000128608
13.32	0.000131311
13.34	0.000134041
13.36	0.000136797
13.38	0.000139581
13.4	0.000142391
13.42	0.000145229
13.44	0.000148094
13.46	0.000150986
13.48	0.000153904
13.5	0.000156851
13.52	0.000159824
13.54	0.000162824
13.56	0.000165852
13.58	0.000168907
13.6	0.000171989
13.62	0.000175098
13.64	0.000178235
13.66	0.000181398
13.68	0.000184589
13.7	0.000187807
13.72	0.000191052
13.74	0.000194324
13.76	0.000197623
13.78	0.000200949
13.8	0.000204302
13.82	0.000207682
13.84	0.000211089
13.86	0.000214523
13.88	0.000217983
13.9	0.00022147
13.92	0.000224983
13.94	0.000228523
13.96	0.000232089
13.98	0.000235682
14	0.000239301
14.02	0.000242945
14.04	0.000246616
14.06	0.000250313
14.08	0.000254035
14.1	0.000257783
14.12	0.000261556
14.14	0.000265355
14.16	0.000269179
14.18	0.000273027
14.2	0.000276901
14.22	0.000280799
14.24	0.000284721
14.26	0.000288668
14.28	0.000292639
14.3	0.000296634
14.32	0.000300652
14.34	0.000304694
14.36	0.000308759
14.38	0.000312847
14.4	0.000316958
14.42	0.000321091
14.44	0.000325247
14.46	0.000329424
14.48	0.000333623
14.5	0.000337844
14.52	0.000342086
14.54	0.000346348
14.56	0.000350631
14.58	0.000354935
14.6	0.000359258
14.62	0.0003636
14.64	0.000367962
14.66	0.000372343
14.68	0.000376742
14.7	0.00038116
14.72	0.000385595
14.74	0.000390048
14.76	0.000394517
14.78	0.000399003
14.8	0.000403505
14.82	0.000408023
14.84	0.000412557
14.86	0.000417104
14.88	0.000421667
14.9	0.000426243
14.92	0.000430833
14.94	0.000435435
14.96	0.00044005
14.98	0.000444677
15	0.00044993
15.02	0.000455797
15.04	0.000459208
15.06	0.000464913
15.08	0.000468024
15.1	0.000473647
15.12	0.00047619
15.14	0.000481472
15.16	0.000482451
15.18	0.000484976
15.2	0.000472798
15.22	0.000432832
15.24	0.000361542
15.26	0.000344466
15.28	0.000352228
15.3	0.000406059
15.32	0.000494865
15.34	0.000565932
15.36	0.000566609
15.38	0.000522587
15.4	0.000520122
15.42	0.000558902
15.44	0.00064683
15.46	0.000693653
15.48	0.000678628
15.5	0.000602187
15.52	0.000446683
15.54	0.00026796
15.56	0.000121916
15.58	-5.23864E-05
15.6	-0.000179895
15.62	-0.000240438
15.64	-0.000190593
15.66	-8.92461E-05
15.68	-2.1918E-05
15.7	2.83065E-06
15.72	3.22194E-05
15.74	0.000155023
15.76	0.000371858
15.78	0.000629093
15.8	0.000872385
15.82	0.001100778
15.84	0.001312386
15.86	0.001486681
15.88	0.001594676
15.9	0.001621153
15.92	0.001626935
15.94	0.001698089
15.96	0.001769887
15.98	0.001854829
16	0.00186994
16.02	0.001783992
16.04	0.001592624
16.06	0.001352514
16.08	0.001077843
16.1	0.00081242
16.12	0.000486991
16.14	0.000114477
16.16	-0.000304573
16.18	-0.000640592
16.2	-0.000972009
16.22	-0.001295405
16.24	-0.001686764
16.26	-0.002107551
16.28	-0.00256931
16.3	-0.003002948
16.32	-0.003444758
16.34	-0.003783923
16.36	-0.004064797
16.38	-0.00422597
16.4	-0.004251346
16.42	-0.004215422
16.44	-0.004240044
16.46	-0.004284012
16.48	-0.004393015
16.5	-0.004473482
16.52	-0.00446733
16.54	-0.004326876
16.56	-0.004122007
16.58	-0.003956666
16.6	-0.003980493
16.62	-0.004156197
16.64	-0.004465717
16.66	-0.004805919
16.68	-0.005104875
16.7	-0.005349784
16.72	-0.005543196
16.74	-0.005699023
16.76	-0.005851044
16.78	-0.006027968
16.8	-0.006295272
16.82	-0.006595244
16.84	-0.006728556
16.86	-0.006493719
16.88	-0.005980156
16.9	-0.005439547
16.92	-0.004882261
16.94	-0.00430264
16.96	-0.003685302
16.98	-0.002919221
17	-0.00208102
17.02	-0.001112531
17.04	-3.56571E-05
17.06	0.001122316
17.08	0.002342346
17.1	0.003444102
17.12	0.004251632
17.14	0.004660253
17.16	0.004651751
17.18	0.004532432
17.2	0.004354572
17.22	0.004109615
17.24	0.003575694
17.26	0.002680139
17.28	0.001283512
17.3	-0.00036049
17.32	-0.002081838
17.34	-0.003891979
17.36	-0.005621558
17.38	-0.006981492
17.4	-0.007574905
17.42	-0.007299083
17.44	-0.00697659
17.46	-0.006534608
17.48	-0.006224206
17.5	-0.005977678
17.52	-0.005963047
17.54	-0.00626104
17.56	-0.006800012
17.58	-0.007503656
17.6	-0.008174596
17.62	-0.00871804
17.64	-0.008948308
17.66	-0.008427344
17.68	-0.007653377
17.7	-0.006702614
17.72	-0.005637524
17.74	-0.004681327
17.76	-0.003676324
17.78	-0.002390891
17.8	-0.000405489
17.82	0.001905884
17.84	0.004232786
17.86	0.006358329
17.88	0.008175391
17.9	0.009484653
17.92	0.010219762
17.94	0.010669921
17.96	0.011265712
17.98	0.01199675
18	0.012928326
18.02	0.014027916
18.04	0.015199421
18.06	0.016260305
18.08	0.017120424
18.1	0.017741526
18.12	0.018230924
18.14	0.018719255
18.16	0.019088433
18.18	0.018986415
18.2	0.018623526
18.22	0.017946565
18.24	0.017409217
18.26	0.016947202
18.28	0.016566657
18.3	0.016032378
18.32	0.015514513
18.34	0.01497198
18.36	0.014375608
18.38	0.013499853
18.4	0.012406859
18.42	0.011237367
18.44	0.010180893
18.46	0.0091101
18.48	0.008160156
18.5	0.007012718
18.52	0.005588105
18.54	0.00396076
18.56	0.002838777
18.58	0.002563967
18.6	0.002471119
18.62	0.002347913
18.64	0.002261469
18.66	0.002249626
18.68	0.002577889
18.7	0.003016517
18.72	0.003409432
18.74	0.00379529
18.76	0.004243348
18.78	0.004813367
18.8	0.005423519
18.82	0.005946425
18.84	0.006554166
18.86	0.00716024
18.88	0.007644688
18.9	0.008090307
18.92	0.008506219
18.94	0.008849968
18.96	0.008989285
18.98	0.009010472
19	0.009006754
19.02	0.008980255
19.04	0.008919741
19.06	0.008713797
19.08	0.008193734
19.1	0.00767656
19.12	0.007077747
19.14	0.006324334
19.16	0.005165921
19.18	0.003598395
19.2	0.001953378
19.22	0.000534178
19.24	-0.000729116
19.26	-0.001804466
19.28	-0.002690091
19.3	-0.003389061
19.32	-0.004092465
19.34	-0.004931066
19.36	-0.005962548
19.38	-0.007084188
19.4	-0.008400187
19.42	-0.009866567
19.44	-0.011303839
19.46	-0.012645813
19.48	-0.014035333
19.5	-0.015612726
19.52	-0.017347496
19.54	-0.018915743
19.56	-0.01987953
19.58	-0.019824455
19.6	-0.019571027
19.62	-0.019206472
19.64	-0.018699135
19.66	-0.01795642
19.68	-0.016990733
19.7	-0.015865669
19.72	-0.014700629
19.74	-0.013582752
19.76	-0.012555727
19.78	-0.011759414
19.8	-0.011230382
19.82	-0.011188688
19.84	-0.011495687
19.86	-0.011890472
19.88	-0.012120181
19.9	-0.011961541
19.92	-0.011404308
19.94	-0.010982928
19.96	-0.010644951
19.98	-0.010654266
20	-0.010829291
20.02	-0.011289558
20.04	-0.011847141
20.06	-0.012400149
20.08	-0.012196195
20.1	-0.011818604
20.12	-0.011461232
20.14	-0.011216344
20.16	-0.010924738
20.18	-0.010395997
20.2	-0.009315846
20.22	-0.008187046
20.24	-0.00703509
20.26	-0.00580908
20.28	-0.004545574
20.3	-0.003372323
20.32	-0.002369955
20.34	-0.001471438
20.36	-0.000292315
20.38	0.001126717
20.4	0.002533454
20.42	0.00389303
20.44	0.00517795
20.46	0.006255186
20.48	0.007135041
20.5	0.007998286
20.52	0.009225204
20.54	0.010599135
20.56	0.011752647
20.58	0.012418878
20.6	0.012447654
20.62	0.012200283
20.64	0.011739505
20.66	0.011113879
20.68	0.010533084
20.7	0.010123367
20.72	0.009946411
20.74	0.009669351
20.76	0.009160757
20.78	0.008469539
20.8	0.007689387
20.82	0.006894378
20.84	0.00607627
20.86	0.005180461
20.88	0.00429344
20.9	0.003541503
20.92	0.002886285
20.94	0.002222906
20.96	0.001414519
20.98	0.000529351
21	-0.000192278
21.02	-0.000609709
21.04	-0.000760116
21.06	-0.000820604
21.08	-0.00098513
21.1	-0.001156308
21.12	-0.001315144
21.14	-0.001323027
21.16	-0.001304574
21.18	-0.001280848
21.2	-0.001269007
21.22	-0.00113429
21.24	-0.000891914
21.26	-0.000513851
21.28	-5.36269E-05
21.3	0.000397467
21.32	0.00087958
21.34	0.001510264
21.36	0.002106463
21.38	0.002562964
21.4	0.00284904
21.42	0.002906817
21.44	0.002817479
21.46	0.002684815
21.48	0.002591107
21.5	0.002508044
21.52	0.002322523
21.54	0.002003821
21.56	0.001711811
21.58	0.001421693
21.6	0.001148464
21.62	0.000960812
21.64	0.000883636
21.66	0.000938523
21.68	0.001143458
21.7	0.001405857
21.72	0.001625709
21.74	0.001728572
21.76	0.001836587
21.78	0.002003663
21.8	0.002238893
21.82	0.002551335
21.84	0.002862865
21.86	0.003168957
21.88	0.003404308
21.9	0.003552716
21.92	0.003630542
21.94	0.003694343
21.96	0.003727877
21.98	0.003748423
22	0.003705776
22.02	0.003608083
22.04	0.00339492
22.06	0.003034065
22.08	0.002578868
22.1	0.002287287
22.12	0.00225802
22.14	0.002418608
22.16	0.002606226
22.18	0.002773045
22.2	0.002892117
22.22	0.003090615
22.24	0.003324865
22.26	0.003566358
22.28	0.00382507
22.3	0.0041131
22.32	0.004318741
22.34	0.004343943
22.36	0.004196837
22.38	0.003951602
22.4	0.003659318
22.42	0.003318487
22.44	0.002964274
22.46	0.002648318
22.48	0.00233186
22.5	0.00189066
22.52	0.001334362
22.54	0.000731629
22.56	0.000241176
22.58	-0.000121481
22.6	-0.000324578
22.62	-0.00052273
22.64	-0.00080872
22.66	-0.00126088
22.68	-0.001833743
22.7	-0.002392235
22.72	-0.002871748
22.74	-0.003283755
22.76	-0.003520699
22.78	-0.003667216
22.8	-0.003775496
22.82	-0.003987283
22.84	-0.004379075
22.86	-0.00516295
22.88	-0.006117483
22.9	-0.007078257
22.92	-0.007950614
22.94	-0.008879536
22.96	-0.009976592
22.98	-0.011242048
23	-0.012453158
23.02	-0.013485189
23.04	-0.014187655
23.06	-0.014561878
23.08	-0.014641358
23.1	-0.014574025
23.12	-0.014331324
23.14	-0.014070573
23.16	-0.013689285
23.18	-0.013418022
23.2	-0.013170259
23.22	-0.012827583
23.24	-0.012245606
23.26	-0.01159852
23.28	-0.01091755
23.3	-0.010375493
23.32	-0.009771127
23.34	-0.009030173
23.36	-0.008066098
23.38	-0.007038844
23.4	-0.005957064
23.42	-0.004885322
23.44	-0.003689156
23.46	-0.002516471
23.48	-0.001557734
23.5	-0.000963668
23.52	-0.000587855
23.54	-0.00038247
23.56	-0.000263499
23.58	-0.0002442
23.6	-0.00024072
23.62	-0.000295657
23.64	-0.000258548
23.66	-0.000251988
23.68	-0.000202371
23.7	-0.000213332
23.72	-0.000127834
23.74	7.89393E-07
23.76	0.000270725
23.78	0.000416409
23.8	0.000536814
23.82	0.000516002
23.84	0.000592433
23.86	0.000601926
23.88	0.000710406
23.9	0.000802931
23.92	0.000968779
23.94	0.000966982
23.96	0.001016582
23.98	0.001020696
24	0.00117916
24.02	0.001228996
24.04	0.001363533
24.06	0.001409559
24.08	0.001472145
24.1	0.001340714
24.12	0.001206406
24.14	0.00090685
24.16	0.000694829
24.18	0.000646819
24.2	0.001186882
24.22	0.00178038
24.24	0.002452056
24.26	0.002994201
24.28	0.003606036
24.3	0.004331873
24.32	0.005091934
24.34	0.005823496
24.36	0.006473015
24.38	0.006767814
24.4	0.006735195
24.42	0.006395692
24.44	0.005822419
24.46	0.005130257
24.48	0.004701451
24.5	0.004380767
24.52	0.00427754
24.54	0.004389551
24.56	0.004692263
24.58	0.005006621
24.6	0.005320701
24.62	0.005628024
24.64	0.005828359
24.66	0.005868215
24.68	0.00583513
24.7	0.005626225
24.72	0.00519788
24.74	0.004533541
24.76	0.004057057
24.78	0.003780534
24.8	0.003461935
24.82	0.00330902
24.84	0.003227882
24.86	0.003149779
24.88	0.003010178
24.9	0.003018699
24.92	0.003149822
24.94	0.003249971
24.96	0.003322057
24.98	0.003369076
25	0.003313714
25.02	0.003119714
25.04	0.002706784
25.06	0.001956617
25.08	0.000983166
25.1	9.06846E-05
25.12	-0.000575595
25.14	-0.001001001
25.16	-0.001303753
25.18	-0.001360626
25.2	-0.001266949
25.22	-0.001202013
25.24	-0.001252546
25.26	-0.001475829
25.28	-0.001766594
25.3	-0.00197735
25.32	-0.002257059
25.34	-0.002493932
25.36	-0.002733253
25.38	-0.002960049
25.4	-0.003207176
25.42	-0.003507996
25.44	-0.003833915
25.46	-0.004179207
25.48	-0.004647056
25.5	-0.005242788
25.52	-0.005977201
25.54	-0.006748463
25.56	-0.00746524
25.58	-0.008037239
25.6	-0.008466801
25.62	-0.008735054
25.64	-0.008757703
25.66	-0.00858893
25.68	-0.008411263
25.7	-0.008259086
25.72	-0.008167909
25.74	-0.008057429
25.76	-0.007946717
25.78	-0.007721175
25.8	-0.007377875
25.82	-0.006836265
25.84	-0.006240334
25.86	-0.005600237
25.88	-0.004964623
25.9	-0.004269093
25.92	-0.003557065
25.94	-0.002759641
25.96	-0.001885937
25.98	-0.000969706
26	-8.09467E-05
26.02	0.000818643
26.04	0.001648303
26.06	0.002483866
26.08	0.003246148
26.1	0.003918355
26.12	0.004440269
26.14	0.004707114
26.16	0.004649105
26.18	0.004432127
26.2	0.004050192
26.22	0.003718812
26.24	0.003467519
26.26	0.003346404
26.28	0.003263692
26.3	0.003233035
26.32	0.003086998
26.34	0.00285013
26.36	0.002422107
26.38	0.001829431
26.4	0.001127246
26.42	0.000534926
26.44	8.7384E-05
26.46	-0.000204174
26.48	-0.000416258
26.5	-0.000514388
26.52	-0.000490462
26.54	-0.000430752
26.56	-0.000375687
26.58	-0.000243235
26.6	-2.1021E-05
26.62	0.000283265
26.64	0.000687594
26.66	0.001268899
26.68	0.00193837
26.7	0.00263346
26.72	0.003254727
26.74	0.003816736
26.76	0.004344403
26.78	0.004833272
26.8	0.005213609
26.82	0.00543075
26.84	0.005420767
26.86	0.005266411
26.88	0.005008506
26.9	0.004652744
26.92	0.004145942
26.94	0.00347135
26.96	0.002596075
26.98	0.00158054
27	0.000413612
27.02	-0.000947274
27.04	-0.0024575
27.06	-0.004056862
27.08	-0.005509131
27.1	-0.006547746
27.12	-0.007186612
27.14	-0.007463845
27.16	-0.007572199
27.18	-0.007605759
27.2	-0.007533871
27.22	-0.007293183
27.24	-0.007005925
27.26	-0.006687437
27.28	-0.006315941
27.3	-0.005841857
27.32	-0.00523407
27.34	-0.004429301
27.36	-0.003498017
27.38	-0.002465722
27.4	-0.001414284
27.42	-0.000303312
27.44	0.000836598
27.46	0.001925534
27.48	0.002803042
27.5	0.00355861
27.52	0.004297628
27.54	0.004971443
27.56	0.005597974
27.58	0.006181775
27.6	0.006573377
27.62	0.006720726
27.64	0.006764981
27.66	0.006808209
27.68	0.006834979
27.7	0.006819421
27.72	0.006706545
27.74	0.006567346
27.76	0.006410289
27.78	0.006186918
27.8	0.005940619
27.82	0.005639267
27.84	0.005296099
27.86	0.004961798
27.88	0.004661251
27.9	0.004373431
27.92	0.004131773
27.94	0.003977338
27.96	0.003933244
27.98	0.003974133
28	0.004061094
28.02	0.004113927
28.04	0.00415935
28.06	0.004141208
28.08	0.004075587
28.1	0.00393011
28.12	0.003672926
28.14	0.003351998
28.16	0.003024888
28.18	0.002897588
28.2	0.00281368
28.22	0.002689279
28.24	0.002577933
28.26	0.002389166
28.28	0.002124889
28.3	0.001659443
28.32	0.001001172
28.34	0.000295515
28.36	-0.000319478
28.38	-0.00070422
28.4	-0.000862782
28.42	-0.000821047
28.44	-0.000737624
28.46	-0.000625502
28.48	-0.00058204
28.5	-0.000588756
28.52	-0.000668769
28.54	-0.000802543
28.56	-0.000849416
28.58	-0.00081761
28.6	-0.000902977
28.62	-0.001063866
28.64	-0.001299081
28.66	-0.001454856
28.68	-0.001479082
28.7	-0.001414248
28.72	-0.001330661
28.74	-0.001176276
28.76	-0.001042675
28.78	-0.000907244
28.8	-0.000759037
28.82	-0.000659342
28.84	-0.00056519
28.86	-0.000434097
28.88	-0.000309414
28.9	-0.000164687
28.92	-5.83021E-05
28.94	-6.75173E-05
28.96	-9.35304E-05
28.98	-9.08834E-06
29	-1.84567E-05
29.02	-0.000108396
29.04	-4.0951E-05
29.06	0.000151152
29.08	0.000517747
29.1	0.000915645
29.12	0.001269247
29.14	0.001519374
29.16	0.001582373
29.18	0.001490888
29.2	0.001324647
29.22	0.001094332
29.24	0.000767865
29.26	0.000455319
29.28	0.000254652
29.3	6.92191E-05
29.32	-2.22486E-05
29.34	-0.000108905
29.36	-0.000296066
29.38	-0.00065378
29.4	-0.001216219
29.42	-0.001879999
29.44	-0.002712104
29.46	-0.003786093
29.48	-0.004859419
29.5	-0.005687875
29.52	-0.006213529
29.54	-0.006505439
29.56	-0.006692218
29.58	-0.006901408
29.6	-0.007158958
29.62	-0.007351431
29.64	-0.007396328
29.66	-0.007255974
29.68	-0.006976417
29.7	-0.006549101
29.72	-0.00608238
29.74	-0.005574946
29.76	-0.005109861
29.78	-0.004703132
29.8	-0.004357298
29.82	-0.003947028
29.84	-0.003453246
29.86	-0.002869536
29.88	-0.002320344
29.9	-0.001842927
29.92	-0.001548061
29.94	-0.001388735
29.96	-0.00128863
29.98	-0.001261785
30	-0.001276465
30.02	-0.001244909
30.04	-0.001177582
30.06	-0.001161915
30.08	-0.001295211
30.1	-0.001536552
30.12	-0.001870214
30.14	-0.002236386
30.16	-0.002486899
30.18	-0.00259777
30.2	-0.002622717
30.22	-0.002659401
30.24	-0.002805147
30.26	-0.003060457
30.28	-0.003342381
30.3	-0.003516185
30.32	-0.003469326
30.34	-0.003313915
30.36	-0.003063572
30.38	-0.002719242
30.4	-0.002254029
30.42	-0.001703578
30.44	-0.001116974
30.46	-0.00057458
30.48	7.79263E-06
30.5	0.00064788
30.52	0.001344556
30.54	0.001945906
30.56	0.002328534
30.58	0.002477028
30.6	0.002442231
30.62	0.002338759
30.64	0.002167299
30.66	0.001812434
30.68	0.001242236
30.7	0.00042038
30.72	-0.000519087
30.74	-0.001452871
30.76	-0.002353482
30.78	-0.003217363
30.8	-0.004080063
30.82	-0.004972991
30.84	-0.005792423
30.86	-0.006466156
30.88	-0.007036422
30.9	-0.007546452
30.92	-0.008009277
30.94	-0.008352202
30.96	-0.00847925
30.98	-0.008522685
31	-0.00848154
31.02	-0.008286519
31.04	-0.007892086
31.06	-0.007310324
31.08	-0.006578411
31.1	-0.005746376
31.12	-0.004876755
31.14	-0.003958806
31.16	-0.002956583
31.18	-0.001880945
31.2	-0.000753144
31.22	0.000341717
31.24	0.00132168
31.26	0.002172024
31.28	0.002876226
31.3	0.003410717
31.32	0.003788559
31.34	0.003982532
31.36	0.004126143
31.38	0.004335129
31.4	0.004657376
31.42	0.00500584
31.44	0.005224725
31.46	0.005269907
31.48	0.005182448
31.5	0.004947767
31.52	0.00461717
31.54	0.004190892
31.56	0.003638629
31.58	0.002992468
31.6	0.002336922
31.62	0.001705601
31.64	0.001076119
31.66	0.00042057
31.68	-0.00019309
31.7	-0.000723162
31.72	-0.001095465
31.74	-0.001276745
31.76	-0.001346115
31.78	-0.001420562
31.8	-0.001536579
31.82	-0.001549477
31.84	-0.00141021
31.86	-0.001240581
31.88	-0.001148159
31.9	-0.000956015
31.92	-0.000596624
31.94	-0.000199941
31.96	0.00023379
31.98	0.000590271
32	0.000852809
32.02	0.001035534
32.04	0.001191433
32.06	0.001259493
32.08	0.001214648
32.1	0.001015341
32.12	0.000669663
32.14	0.000234531
32.16	-0.00021131
32.18	-0.000672267
32.2	-0.001073424
32.22	-0.001411605
32.24	-0.001674442
32.26	-0.001916985
32.28	-0.002124604
32.3	-0.002307803
32.32	-0.0025169
32.34	-0.002793791
32.36	-0.003064413
32.38	-0.003261585
32.4	-0.00331552
32.42	-0.003289287
32.44	-0.003196582
32.46	-0.003037975
32.48	-0.002785363
32.5	-0.002479855
32.52	-0.002131098
32.54	-0.001802494
32.56	-0.001424948
32.58	-0.000949577
32.6	-0.000392141
32.62	0.000186378
32.64	0.000729878
32.66	0.001173674
32.68	0.001529173
32.7	0.001819302
32.72	0.002067277
32.74	0.002259628
32.76	0.002398128
32.78	0.002542533
32.8	0.00275443
32.82	0.003006334
32.84	0.003176688
32.86	0.003125588
32.88	0.002876094
32.9	0.002466471
32.92	0.0019986
32.94	0.001591015
32.96	0.001280346
32.98	0.001088693
33	0.000874913
33.02	0.000617338
33.04	0.00030226
33.06	-6.68612E-05
33.08	-0.000502903
33.1	-0.000931081
33.12	-0.001342336
33.14	-0.001758084
33.16	-0.002196598
33.18	-0.002654467
33.2	-0.003186488
33.22	-0.003784173
33.24	-0.004356
33.26	-0.004759458
33.28	-0.004953476
33.3	-0.00495693
33.32	-0.00489407
33.34	-0.004799104
33.36	-0.004702123
33.38	-0.00453818
33.4	-0.00428237
33.42	-0.003947477
33.44	-0.003599242
33.46	-0.003245792
33.48	-0.002889577
33.5	-0.002480771
33.52	-0.002105667
33.54	-0.001796101
33.56	-0.001617388
33.58	-0.001495183
33.6	-0.001382022
33.62	-0.001274049
33.64	-0.001273424
33.66	-0.001356641
33.68	-0.001490657
33.7	-0.001655256
33.72	-0.001857461
33.74	-0.002080875
33.76	-0.002337511
33.78	-0.002519126
33.8	-0.002603171
33.82	-0.002549852
33.84	-0.002473767
33.86	-0.00240496
33.88	-0.002344542
33.9	-0.002188822
33.92	-0.001876492
33.94	-0.001450681
33.96	-0.001057278
33.98	-0.000679693
34	-0.000476131
34.02	-0.000355913
34.04	-0.000251455
34.06	-5.10712E-05
34.08	0.000180182
34.1	0.000423444
34.12	0.000692189
34.14	0.001067935
34.16	0.001491275
34.18	0.00183902
34.2	0.00199886
34.22	0.002090054
34.24	0.002122061
34.26	0.002154155
34.28	0.002125491
34.3	0.00197636
34.32	0.001679661
34.34	0.001406092
34.36	0.001220402
34.38	0.0011473
34.4	0.001088663
34.42	0.001036978
34.44	0.000999748
34.46	0.00101681
34.48	0.001031971
34.5	0.001039537
34.52	0.000952418
34.54	0.000732838
34.56	0.000423359
34.58	0.000139084
34.6	-0.000213319
34.62	-0.000683576
34.64	-0.001226471
34.66	-0.001731989
34.68	-0.002137733
34.7	-0.002423954
34.72	-0.002662659
34.74	-0.002887468
34.76	-0.003172561
34.78	-0.003364942
34.8	-0.003321058
34.82	-0.003120465
34.84	-0.002829201
34.86	-0.0024586
34.88	-0.00206041
34.9	-0.001682601
34.92	-0.001334742
34.94	-0.00102153
34.96	-0.000732688
34.98	-0.00037197
35	7.8221E-05
35.02	0.000676993
35.04	0.001340689
35.06	0.001911604
35.08	0.002298985
35.1	0.002515937
35.12	0.002633269
35.14	0.002777555
35.16	0.002977777
35.18	0.00319626
35.2	0.003325466
35.22	0.003329449
35.24	0.003177404
35.26	0.002908411
35.28	0.00251754
35.3	0.002085221
35.32	0.001715976
35.34	0.00154189
35.36	0.001557023
35.38	0.001657997
35.4	0.001761658
35.42	0.001849873
35.44	0.001885781
35.46	0.001894125
35.48	0.001884153
35.5	0.001900808
35.52	0.001872555
35.54	0.001851088
35.56	0.001820194
35.58	0.001765772
35.6	0.001676615
35.62	0.00155774
35.64	0.001471969
35.66	0.001486139
35.68	0.001593339
35.7	0.001768094
35.72	0.001861114
35.74	0.001849927
35.76	0.001754459
35.78	0.001592201
35.8	0.001329659
35.82	0.000950126
35.84	0.000573033
35.86	0.000226772
35.88	-9.40467E-05
35.9	-0.000371202
35.92	-0.000601455
35.94	-0.000832917
35.96	-0.001053575
35.98	-0.001238318
36	-0.001442013
36.02	-0.001696619
36.04	-0.002076097
36.06	-0.002625366
36.08	-0.003326322
36.1	-0.004105608
36.12	-0.00478992
36.14	-0.005391056
36.16	-0.005957529
36.18	-0.006445759
36.2	-0.006757357
36.22	-0.006838476
36.24	-0.006829315
36.26	-0.006765306
36.28	-0.006667708
36.3	-0.006560137
36.32	-0.006413257
36.34	-0.006257785
36.36	-0.006161271
36.38	-0.006087542
36.4	-0.005976797
36.42	-0.005690951
36.44	-0.005257035
36.46	-0.004744679
36.48	-0.004191444
36.5	-0.003557428
36.52	-0.002843026
36.54	-0.002013771
36.56	-0.001140885
36.58	-0.00031296
36.6	0.000395052
36.62	0.00091826
36.64	0.001236673
36.66	0.001379677
36.68	0.001373246
36.7	0.001255468
36.72	0.001013925
36.74	0.000738018
36.76	0.000473209
36.78	0.000281327
36.8	0.000137073
36.82	-4.76703E-05
36.84	-0.00030742
36.86	-0.000606154
36.88	-0.000860202
36.9	-0.000981851
36.92	-0.001006277
36.94	-0.000949798
36.96	-0.000833724
36.98	-0.000698509
37	-0.000581544
37.02	-0.000524622
37.04	-0.000577465
37.06	-0.000705969
37.08	-0.00081891
37.1	-0.00083312
37.12	-0.000733288
37.14	-0.000572523
37.16	-0.000394741
37.18	-0.000267034
37.2	-0.000207247
37.22	-0.000189845
37.24	-0.000175289
37.26	-0.000188099
37.28	-0.000251186
37.3	-0.00036038
37.32	-0.000454227
37.34	-0.000579021
37.36	-0.000806639
37.38	-0.001175848
37.4	-0.001615047
37.42	-0.001950173
37.44	-0.002149525
37.46	-0.002267825
37.48	-0.002315116
37.5	-0.002317553
37.52	-0.002286437
37.54	-0.002227164
37.56	-0.00216288
37.58	-0.002118931
37.6	-0.00209083
37.62	-0.001972114
37.64	-0.001751941
37.66	-0.001475471
37.68	-0.001217013
37.7	-0.001025004
37.72	-0.000861979
37.74	-0.00063884
37.76	-0.000288994
37.78	0.000221552
37.8	0.000811179
37.82	0.00136255
37.84	0.001830364
37.86	0.00229239
37.88	0.002733812
37.9	0.003120191
37.92	0.003395803
37.94	0.003617621
37.96	0.003890582
37.98	0.004217197
38	0.004555552
38.02	0.004856475
38.04	0.005104739
38.06	0.005337593
38.08	0.005593934
38.1	0.005875759
38.12	0.006070345
38.14	0.006131011
38.16	0.006124364
38.18	0.006039381
38.2	0.005875975
38.22	0.005608544
38.24	0.005268787
38.26	0.004873998
38.28	0.004451541
38.3	0.0039993
38.32	0.00354314
38.34	0.0030905
38.36	0.002704641
38.38	0.002438709
38.4	0.002326383
38.42	0.002376265
38.44	0.002533786
38.46	0.002717938
38.48	0.002901808
38.5	0.003063288
38.52	0.003258612
38.54	0.003461691
38.56	0.003664408
38.58	0.003874286
38.6	0.004059555
38.62	0.004191219
38.64	0.004275739
38.66	0.004258369
38.68	0.004145483
38.7	0.004003895
38.72	0.003875179
38.74	0.003758464
38.76	0.003654139
38.78	0.003518842
38.8	0.003289643
38.82	0.002954468
38.84	0.002585691
38.86	0.002289628
38.88	0.002186878
38.9	0.002215593
38.92	0.002297021
38.94	0.002434595
38.96	0.002577952
38.98	0.002673334
39	0.002714003
39.02	0.002688087
39.04	0.002621559
39.06	0.002650074
39.08	0.002786739
39.1	0.003021913
39.12	0.003265391
39.14	0.003442187
39.16	0.003572705
39.18	0.003661788
39.2	0.003745439
39.22	0.003821326
39.24	0.003891079
39.26	0.003985919
39.28	0.00412541
39.3	0.0042748
39.32	0.004399362
39.34	0.004420521
39.36	0.00432031
39.38	0.004087323
39.4	0.00374927
39.42	0.003271552
39.44	0.002649758
39.46	0.00191874
39.48	0.00121813
39.5	0.000772445
39.52	0.000633376
39.54	0.000666902
39.56	0.00069014
39.58	0.000579224
39.6	0.000333093
39.62	-6.76861E-05
39.64	-0.000655716
39.66	-0.001331097
39.68	-0.0019492
39.7	-0.002442935
39.72	-0.00280877
39.74	-0.003097594
39.76	-0.003578647
39.78	-0.004383314
39.8	-0.005322835
39.82	-0.006158938
39.84	-0.006759197
39.86	-0.007163411
39.88	-0.007461484
39.9	-0.007720331
39.92	-0.007929776
39.94	-0.008055678
39.96	-0.008129093
39.98	-0.008152302
40	-0.008133285
40.02	-0.008045533
40.04	-0.007886928
40.06	-0.007675809
40.08	-0.007459694
40.1	-0.007237626
40.12	-0.007072085
40.14	-0.006911702
40.16	-0.006772055
40.18	-0.00665993
40.2	-0.006610035
40.22	-0.006606113
40.24	-0.006624992
40.26	-0.006627715
40.28	-0.006637562
40.3	-0.006641567
40.32	-0.006692153
40.34	-0.006759535
40.36	-0.006771656
40.38	-0.006658981
40.4	-0.006446932
40.42	-0.006223432
40.44	-0.006053563
40.46	-0.005922721
40.48	-0.00575571
40.5	-0.005526298
40.52	-0.005243312
40.54	-0.004931056
40.56	-0.004591524
40.58	-0.004291616
40.6	-0.004142665
40.62	-0.004183209
40.64	-0.004368404
40.66	-0.004673955
40.68	-0.005029199
40.7	-0.005407965
40.72	-0.005773473
40.74	-0.006186928
40.76	-0.006659576
40.78	-0.007192706
40.8	-0.007757469
40.82	-0.008334798
40.84	-0.008937707
40.86	-0.009540721
40.88	-0.010070258
40.9	-0.010392454
40.92	-0.010395663
40.94	-0.010199518
40.96	-0.009849971
40.98	-0.009531296
41	-0.009357453
41.02	-0.009319112
41.04	-0.009412527
41.06	-0.00955279
41.08	-0.009646651
41.1	-0.009598225
41.12	-0.009363176
41.14	-0.008923594
41.16	-0.00845452
41.18	-0.008175594
41.2	-0.008170811
41.22	-0.008349886
41.24	-0.008655917
41.26	-0.009011109
41.28	-0.00939097
41.3	-0.009742651
41.32	-0.010127304
41.34	-0.010481526
41.36	-0.010801509
41.38	-0.01104821
41.4	-0.011192446
41.42	-0.011162569
41.44	-0.010905541
41.46	-0.010376178
41.48	-0.009675547
41.5	-0.008803644
41.52	-0.007798903
41.54	-0.006813428
41.56	-0.00593437
41.58	-0.005210068
41.6	-0.004627764
41.62	-0.004146595
41.64	-0.003711583
41.66	-0.003242293
41.68	-0.002731558
41.7	-0.00220979
41.72	-0.001708592
41.74	-0.001250458
41.76	-0.000801493
41.78	-0.00028301
41.8	0.000335939
41.82	0.000976565
41.84	0.001510801
41.86	0.001873433
41.88	0.002015371
41.9	0.001991211
41.92	0.001830987
41.94	0.001545511
41.96	0.001217926
41.98	0.000937848
42	0.000775336
42.02	0.000766637
42.04	0.000894629
42.06	0.001054678
42.08	0.001198172
42.1	0.001267152
42.12	0.001282906
42.14	0.001268444
42.16	0.001164629
42.18	0.000940098
42.2	0.000614104
42.22	0.000261657
42.24	-9.58846E-05
42.26	-0.000420341
42.28	-0.000664394
42.3	-0.00081525
42.32	-0.000859794
42.34	-0.000759491
42.36	-0.000561394
42.38	-0.000247512
42.4	0.000126679
42.42	0.000539569
42.44	0.00096051
42.46	0.00139082
42.48	0.00179038
42.5	0.002137311
42.52	0.002371816
42.54	0.002602284
42.56	0.002871414
42.58	0.003185042
42.6	0.003528331
42.62	0.003926601
42.64	0.004310138
42.66	0.00460141
42.68	0.004766221
42.7	0.004867338
42.72	0.004899418
42.74	0.004899766
42.76	0.004874835
42.78	0.004838728
42.8	0.004781236
42.82	0.004717632
42.84	0.004688792
42.86	0.00476419
42.88	0.004950981
42.9	0.005226749
42.92	0.005565933
42.94	0.005950428
42.96	0.006346782
42.98	0.006719547
43	0.007025235
43.02	0.007255501
43.04	0.007361464
43.06	0.007423368
43.08	0.007472659
43.1	0.007548553
43.12	0.007661131
43.14	0.007781419
43.16	0.0078797
43.18	0.007936632
43.2	0.007966331
43.22	0.00795522
43.24	0.007875247
43.26	0.007732886
43.28	0.007521877
43.3	0.007237858
43.32	0.006859248
43.34	0.006358022
43.36	0.005733736
43.38	0.005050627
43.4	0.004400953
43.42	0.00393782
43.44	0.003703543
43.46	0.003618123
43.48	0.003573127
43.5	0.003541304
43.52	0.003498424
43.54	0.003448872
43.56	0.003332511
43.58	0.003147709
43.6	0.002867522
43.62	0.002499529
43.64	0.002027866
43.66	0.001492931
43.68	0.000877318
43.7	0.000230946
43.72	-0.000392838
43.74	-0.000907254
43.76	-0.001332459
43.78	-0.00170167
43.8	-0.002022407
43.82	-0.00226291
43.84	-0.002389597
43.86	-0.002420334
43.88	-0.0023838
43.9	-0.002275274
43.92	-0.002180137
43.94	-0.002101469
43.96	-0.00203783
43.98	-0.001976005
44	-0.001936386
44.02	-0.001885408
44.04	-0.001813118
44.06	-0.001718245
44.08	-0.001612721
44.1	-0.001499846
44.12	-0.001440431
44.14	-0.001444896
44.16	-0.00151465
44.18	-0.001592607
44.2	-0.001638952
44.22	-0.001619854
44.24	-0.001567629
44.26	-0.00148699
44.28	-0.001368623
44.3	-0.001198312
44.32	-0.000976797
44.34	-0.000744195
44.36	-0.000505403
44.38	-0.000252656
44.4	-1.03915E-05
44.42	0.000226164
44.44	0.000405762
44.46	0.000510016
44.48	0.000562088
44.5	0.000606998
44.52	0.00068798
44.54	0.000813993
44.56	0.000916762
44.58	0.000939488
44.6	0.000875105
44.62	0.000781286
44.64	0.000653227
44.66	0.000503393
44.68	0.00033903
44.7	0.000206872
44.72	8.95791E-05
44.74	-2.6436E-05
44.76	-0.000190285
44.78	-0.000389397
44.8	-0.000613589
44.82	-0.00083217
44.84	-0.001015673
44.86	-0.001133987
44.88	-0.001205146
44.9	-0.001198388
44.92	-0.001158157
44.94	-0.001066286
44.96	-0.000983918
44.98	-0.000929755
45	-0.000926527
45.02	-0.000962121
45.04	-0.001046991
45.06	-0.00117742
45.08	-0.001353814
45.1	-0.001546435
45.12	-0.00177716
45.14	-0.002027976
45.16	-0.002284393
45.18	-0.00251702
45.2	-0.002746745
45.22	-0.002945714
45.24	-0.003116327
45.26	-0.003266601
45.28	-0.003390577
45.3	-0.003479379
45.32	-0.003509106
45.34	-0.003425021
45.36	-0.003241128
45.38	-0.002973409
45.4	-0.002662154
45.42	-0.002313144
45.44	-0.00194668
45.46	-0.001554153
45.48	-0.001147909
45.5	-0.000739064
45.52	-0.000335758
45.54	2.59585E-05
45.56	0.000315761
45.58	0.000548141
45.6	0.000688983
45.62	0.000741484
45.64	0.000755448
45.66	0.000783621
45.68	0.000837103
45.7	0.000960951
45.72	0.001162592
45.74	0.001444795
45.76	0.001750338
45.78	0.002064519
45.8	0.002382754
45.82	0.002697637
45.84	0.002983367
45.86	0.003216197
45.88	0.003402551
45.9	0.003553511
45.92	0.003646744
45.94	0.003697274
45.96	0.003705818
45.98	0.003655238
46	0.003577449
46.02	0.003515715
46.04	0.003452432
46.06	0.003375186
46.08	0.003264146
46.1	0.003100699
46.12	0.002847558
46.14	0.002556682
46.16	0.002237284
46.18	0.001905594
46.2	0.001565111
46.22	0.001232886
46.24	0.000919003
46.26	0.000637054
46.28	0.000373949
46.3	0.000167402
46.32	3.34244E-05
46.34	1.78544E-05
46.36	9.50774E-05
46.38	0.000205197
46.4	0.000291139
46.42	0.000308323
46.44	0.0002442
46.46	0.000152248
46.48	7.29725E-05
46.5	1.26055E-05
46.52	-2.23175E-05
46.54	-2.61609E-05
46.56	1.10249E-05
46.58	7.09837E-05
46.6	0.000125437
46.62	0.00015435
46.64	0.000116508
46.66	1.1364E-05
46.68	-0.000116774
46.7	-0.000251705
46.72	-0.000416152
46.74	-0.000633017
46.76	-0.000868125
46.78	-0.001093035
46.8	-0.001263855
46.82	-0.001341061
46.84	-0.00132184
46.86	-0.001229919
46.88	-0.001088395
46.9	-0.000905034
46.92	-0.000657129
46.94	-0.00037064
46.96	-0.000101153
46.98	0.00012804
47	0.000316716
47.02	0.000446049
47.04	0.00050121
47.06	0.000472581
47.08	0.000392903
47.1	0.000283555
47.12	0.000156175
47.14	3.07639E-05
47.16	-0.000113124
47.18	-0.000281464
47.2	-0.000487621
47.22	-0.000724888
47.24	-0.000983012
47.26	-0.001292845
47.28	-0.001627884
47.3	-0.001952451
47.32	-0.002294575
47.34	-0.002604577
47.36	-0.002920287
47.38	-0.003246689
47.4	-0.003552799
47.42	-0.003791514
47.44	-0.003935372
47.46	-0.004025593
47.48	-0.004138698
47.5	-0.004349314
47.52	-0.004636465
47.54	-0.004960975
47.56	-0.005256064
47.58	-0.005519408
47.6	-0.005770917
47.62	-0.005984182
47.64	-0.006140335
47.66	-0.006231985
47.68	-0.006309893
47.7	-0.006414535
47.72	-0.006527162
47.74	-0.006615351
47.76	-0.006654769
47.78	-0.006658116
47.8	-0.006622566
47.82	-0.006553944
47.84	-0.006463215
47.86	-0.006359497
47.88	-0.006255074
47.9	-0.006168896
47.92	-0.006085567
47.94	-0.005998846
47.96	-0.005883916
47.98	-0.005730104
48	-0.005536921
48.02	-0.005359876
48.04	-0.005230897
48.06	-0.005152496
48.08	-0.00507481
48.1	-0.00496946
48.12	-0.004838471
48.14	-0.004697914
48.16	-0.0045287
48.18	-0.004325084
48.2	-0.004099124
48.22	-0.003888265
48.24	-0.00368242
48.26	-0.00346956
48.28	-0.003212618
48.3	-0.002903366
48.32	-0.002584371
48.34	-0.002292238
48.36	-0.00204587
48.38	-0.001848145
48.4	-0.001687322
48.42	-0.001527763
48.44	-0.001337462
48.46	-0.001150107
48.48	-0.001010393
48.5	-0.00091706
48.52	-0.000846211
48.54	-0.000807352
48.56	-0.000821421
48.58	-0.000908142
48.6	-0.001075668
48.62	-0.00129936
48.64	-0.001515065
48.66	-0.001690036
48.68	-0.001834212
48.7	-0.001943137
48.72	-0.00199307
48.74	-0.001972492
48.76	-0.001906773
48.78	-0.001853136
48.8	-0.001855144
48.82	-0.001889859
48.84	-0.001915759
48.86	-0.001932542
48.88	-0.001948698
48.9	-0.001984055
48.92	-0.002018479
48.94	-0.002050523
48.96	-0.002048576
48.98	-0.001998846
49	-0.001921916
49.02	-0.001834634
49.04	-0.001732772
49.06	-0.001616736
49.08	-0.001498455
49.1	-0.001405593
49.12	-0.001334677
49.14	-0.001299141
49.16	-0.001291881
49.18	-0.001296118
49.2	-0.001308098
49.22	-0.001342465
49.24	-0.001383052
49.26	-0.001400851
49.28	-0.001375206
49.3	-0.001298638
49.32	-0.001183762
49.34	-0.001053287
49.36	-0.000911232
49.38	-0.000760168
49.4	-0.000607481
49.42	-0.000462844
49.44	-0.000347782
49.46	-0.000253875
49.48	-0.000185086
49.5	-0.000116589
49.52	-3.17361E-05
49.54	8.70658E-05
49.56	0.000207577
49.58	0.000329361
49.6	0.000473321
49.62	0.000650192
49.64	0.000844997
49.66	0.001024353
49.68	0.001162579
49.7	0.001272148
49.72	0.001370383
49.74	0.001482703
49.76	0.001604874
49.78	0.001731716
49.8	0.001819946
49.82	0.001867586
49.84	0.001881583
49.86	0.001836563
49.88	0.001774895
49.9	0.001686271
49.92	0.001536084
49.94	0.001301974
49.96	0.001010496
49.98	0.000690178
50	0.000335387
50.02	-2.54439E-05
50.04	-0.000375656
50.06	-0.000674129
50.08	-0.000905532
50.1	-0.001084413
50.12	-0.001205573
50.14	-0.001269079
50.16	-0.001263666
50.18	-0.001220735
50.2	-0.001146559
50.22	-0.001061768
50.24	-0.00100786
50.26	-0.000992214
50.28	-0.000997013
50.3	-0.001022084
50.32	-0.001074858
50.34	-0.001158407
50.36	-0.001227591
50.38	-0.001266854
50.4	-0.001261677
50.42	-0.001218436
50.44	-0.001156768
50.46	-0.001088705
50.48	-0.001017522
50.5	-0.000936789
50.52	-0.000859757
50.54	-0.000794721
50.56	-0.000740296
50.58	-0.000693407
50.6	-0.000654652
50.62	-0.000635324
50.64	-0.000661292
50.66	-0.000725513
50.68	-0.000812969
50.7	-0.000868928
50.72	-0.000842413
50.74	-0.000743473
50.76	-0.000627122
50.78	-0.000524768
50.8	-0.000436927
50.82	-0.000324175
50.84	-0.000190331
50.86	-4.99339E-05
50.88	7.46877E-05
50.9	0.000188184
50.92	0.000281838
50.94	0.000358938
50.96	0.000396084
50.98	0.000382258
51	0.000353145
51.02	0.000353684
51.04	0.000380703
51.06	0.000432254
51.08	0.000499811
51.1	0.000562978
51.12	0.000612466
51.14	0.000638553
51.16	0.000638888
51.18	0.000620928
51.2	0.000554167
51.22	0.000428764
51.24	0.000229608
51.26	8.85894E-06
51.28	-0.000196991
51.3	-0.00038554
51.32	-0.00055889
51.34	-0.000728645
51.36	-0.000898212
51.38	-0.001077817
51.4	-0.001285633
51.42	-0.001525178
51.44	-0.001780645
51.46	-0.00198055
51.48	-0.002108342
51.5	-0.002173904
51.52	-0.002185769
51.54	-0.002173878
51.56	-0.002147792
51.58	-0.00207613
51.6	-0.001943205
51.62	-0.00178326
51.64	-0.001622273
51.66	-0.001455519
51.68	-0.001286325
51.7	-0.00111598
51.72	-0.001010625
51.74	-0.000970373
51.76	-0.000989604
51.78	-0.001018966
51.8	-0.00101242
51.82	-0.000946584
51.84	-0.000838605
51.86	-0.000705148
51.88	-0.000592869
51.9	-0.000497998
51.92	-0.000415167
51.94	-0.000307816
51.96	-0.000195711
51.98	-7.49459E-05
52	7.03948E-05
52.02	0.000247542
52.04	0.000433599
52.06	0.000620185
52.08	0.000788348
52.1	0.000958496
52.12	0.001151104
52.14	0.001399868
52.16	0.001706529
52.18	0.00204208
52.2	0.00235396
52.22	0.002640798
52.24	0.002887796
52.26	0.003098787
52.28	0.0032785
52.3	0.003421988
52.32	0.003529024
52.34	0.003608035
52.36	0.003679985
52.38	0.003731432
52.4	0.003748317
52.42	0.003707973
52.44	0.003628137
52.46	0.003555022
52.48	0.003501257
52.5	0.003463271
52.52	0.003413245
52.54	0.003322175
52.56	0.003181545
52.58	0.002981671
52.6	0.002685964
52.62	0.002294143
52.64	0.001838843
52.66	0.001376194
52.68	0.000936955
52.7	0.000541366
52.72	0.000186003
52.74	-0.000110171
52.76	-0.000359597
52.78	-0.000571095
52.8	-0.000751798
52.82	-0.000903248
52.84	-0.001057551
52.86	-0.001219442
52.88	-0.001384734
52.9	-0.001532961
52.92	-0.001660086
52.94	-0.001751125
52.96	-0.001830738
52.98	-0.001899419
53	-0.001943719
53.02	-0.001958379
53.04	-0.001975942
53.06	-0.001996857
53.08	-0.002031788
53.1	-0.002058786
53.12	-0.002087409
53.14	-0.002120719
53.16	-0.002173207
53.18	-0.002230752
53.2	-0.002301259
53.22	-0.002366396
53.24	-0.002435634
53.26	-0.002509267
53.28	-0.002621484
53.3	-0.002760992
53.32	-0.002906803
53.34	-0.003036255
53.36	-0.00315245
53.38	-0.003252606
53.4	-0.003333373
53.42	-0.003356994
53.44	-0.003326107
53.46	-0.003254849
53.48	-0.003155689
53.5	-0.003044296
53.52	-0.002934438
53.54	-0.002823815
53.56	-0.002701346
53.58	-0.002565657
53.6	-0.002458797
53.62	-0.002382485
53.64	-0.002342674
53.66	-0.002332586
53.68	-0.002351489
53.7	-0.002414111
53.72	-0.002527439
53.74	-0.002687046
53.76	-0.00286879
53.78	-0.003039354
53.8	-0.003199717
53.82	-0.003353705
53.84	-0.003508212
53.86	-0.003645645
53.88	-0.003772773
53.9	-0.003865587
53.92	-0.00392168
53.94	-0.003937484
53.96	-0.003942813
53.98	-0.003931067
54	-0.003926921
54.02	-0.003958118
54.04	-0.0040143
54.06	-0.004078618
54.08	-0.004154702
54.1	-0.004206993
54.12	-0.004224104
54.14	-0.004198678
54.16	-0.00416549
54.18	-0.004115983
54.2	-0.004041626
54.22	-0.003950839
54.24	-0.0038898
54.26	-0.003856646
54.28	-0.003843354
54.3	-0.003818358
54.32	-0.00378927
54.34	-0.003744022
54.36	-0.003706712
54.38	-0.003666982
54.4	-0.003625638
54.42	-0.003567403
54.44	-0.003493649
54.46	-0.003413294
54.48	-0.003353023
54.5	-0.003305952
54.52	-0.003249939
54.54	-0.003164896
54.56	-0.003065045
54.58	-0.002956995
54.6	-0.002836106
54.62	-0.002674995
54.64	-0.002502725
54.66	-0.002346066
54.68	-0.002234076
54.7	-0.002155382
54.72	-0.002058399
54.74	-0.00191407
54.76	-0.001729858
54.78	-0.001524506
54.8	-0.001317952
54.82	-0.001141053
54.84	-0.001011639
54.86	-0.00091781
54.88	-0.000858279
54.9	-0.000823901
54.92	-0.000773222
54.94	-0.000643325
54.96	-0.000470196
54.98	-0.000271972
55	-9.29534E-05
55.02	5.09046E-05
55.04	0.00012008
55.06	0.000105828
55.08	5.54244E-05
55.1	-9.8372E-06
55.12	-0.000107594
55.14	-0.000229547
55.16	-0.0003755
55.18	-0.000521329
55.2	-0.000665801
55.22	-0.000800068
55.24	-0.000904637
55.26	-0.000965191
55.28	-0.00099115
55.3	-0.000984222
55.32	-0.000975099
55.34	-0.000962418
55.36	-0.000963655
55.38	-0.000964035
55.4	-0.000936175
55.42	-0.000866511
55.44	-0.000785708
55.46	-0.000701308
55.48	-0.000628581
55.5	-0.000559882
55.52	-0.000492314
55.54	-0.000394632
55.56	-0.00026803
55.58	-0.000125311
55.6	1.8195E-05
55.62	0.000163451
55.64	0.000290497
55.66	0.0003962
55.68	0.000483714
55.7	0.000543606
55.72	0.00056801
55.74	0.000572029
55.76	0.000563384
55.78	0.000536925
55.8	0.000481898
55.82	0.00042746
55.84	0.000403698
55.86	0.000439196
55.88	0.000529977
55.9	0.000659215
55.92	0.000812992
55.94	0.000967639
55.96	0.001141414
55.98	0.001341264
56	0.001558239
56.02	0.001795251
56.04	0.002035514
56.06	0.002291065
56.08	0.002528135
56.1	0.00273968
56.12	0.002920638
56.14	0.003068746
56.16	0.00320286
56.18	0.003330532
56.2	0.003459254
56.22	0.00357701
56.24	0.003670831
56.26	0.003728361
56.28	0.003738549
56.3	0.003708617
56.32	0.003638151
56.34	0.003538522
56.36	0.00340382
56.38	0.003236351
56.4	0.003033462
56.42	0.002789461
56.44	0.002524872
56.46	0.002260575
56.48	0.002004145
56.5	0.00179064
56.52	0.001614582
56.54	0.001481532
56.56	0.001356533
56.58	0.001221992
56.6	0.001070753
56.62	0.000902024
56.64	0.000707965
56.66	0.000498003
56.68	0.000293432
56.7	0.000111086
56.72	-2.58794E-05
56.74	-0.000105146
56.76	-0.000147155
56.78	-0.000168441
56.8	-0.000198363
56.82	-0.000234362
56.84	-0.000255152
56.86	-0.00024555
56.88	-0.000223199
56.9	-0.000242172
56.92	-0.000287983
56.94	-0.000348784
56.96	-0.000410752
56.98	-0.000475359
57	-0.000552647
57.02	-0.000655607
57.04	-0.000775939
57.06	-0.000901737
57.08	-0.001012186
57.1	-0.001096392
57.12	-0.001164328
57.14	-0.001234303
57.16	-0.001319253
57.18	-0.001444794
57.2	-0.001639359
57.22	-0.001907596
57.24	-0.002213973
57.26	-0.002532274
57.28	-0.002800561
57.3	-0.002968797
57.32	-0.003061555
57.34	-0.003110458
57.36	-0.00312592
57.38	-0.003112108
57.4	-0.003070822
57.42	-0.002995413
57.44	-0.002886417
57.46	-0.002761109
57.48	-0.002623964
57.5	-0.002489783
57.52	-0.002387908
57.54	-0.002303612
57.56	-0.002235625
57.58	-0.002173501
57.6	-0.002103011
57.62	-0.002041366
57.64	-0.001998886
57.66	-0.001971388
57.68	-0.001938323
57.7	-0.001884153
57.72	-0.001828949
57.74	-0.001769422
57.76	-0.001721542
57.78	-0.001717601
57.8	-0.001757702
57.82	-0.001817433
57.84	-0.001905416
57.86	-0.002021574
57.88	-0.002152008
57.9	-0.002272308
57.92	-0.00236907
57.94	-0.002436781
57.96	-0.002476028
57.98	-0.002500169
58	-0.002525997
58.02	-0.002549743
58.04	-0.002568905
58.06	-0.002584755
58.08	-0.002589702
58.1	-0.002576861
58.12	-0.002556548
58.14	-0.002546271
58.16	-0.00252957
58.18	-0.002497715
58.2	-0.002444965
58.22	-0.002364759
58.24	-0.00226897
58.26	-0.002165507
58.28	-0.002046449
58.3	-0.001906827
58.32	-0.001756992
58.34	-0.001634858
58.36	-0.001549899
58.38	-0.001497161
58.4	-0.001466651
58.42	-0.001468172
58.44	-0.001503267
58.46	-0.001551359
58.48	-0.001605991
58.5	-0.001651241
58.52	-0.001682391
58.54	-0.001693418
58.56	-0.001679833
58.58	-0.001658694
58.6	-0.001637184
58.62	-0.00162541
58.64	-0.001620201
58.66	-0.001635881
58.68	-0.001686055
58.7	-0.001756826
58.72	-0.001835181
58.74	-0.00188731
58.76	-0.001907189
58.78	-0.001891185
58.8	-0.001842641
58.82	-0.001776634
58.84	-0.001674244
58.86	-0.001540383
58.88	-0.001390621
58.9	-0.001231407
58.92	-0.001050375
58.94	-0.000869772
58.96	-0.000706533
58.98	-0.00059032
59	-0.000539113
59.02	-0.000539692
59.04	-0.000565112
59.06	-0.000614255
59.08	-0.000666516
59.1	-0.000719694
59.12	-0.000756308
59.14	-0.000757377
59.16	-0.00072387
59.18	-0.000683995
59.2	-0.00065535
59.22	-0.000645469
59.24	-0.000662146
59.26	-0.000714075
59.28	-0.000798307
59.3	-0.000880442
59.32	-0.000932342
59.34	-0.000950792
59.36	-0.000945656
59.38	-0.000929249
59.4	-0.000894537
59.42	-0.000856715
59.44	-0.000816828
59.46	-0.000769263
59.48	-0.000706532
59.5	-0.000643288
59.52	-0.000576431
59.54	-0.000528123
59.56	-0.000508938
59.58	-0.000506123
59.6	-0.000507615
59.62	-0.000522455
59.64	-0.00052759
59.66	-0.000510852
59.68	-0.00047877
59.7	-0.000477988
59.72	-0.000521216
59.74	-0.000566175
59.76	-0.000597979
59.78	-0.000610471
59.8	-0.000605519
59.82	-0.000585583
59.84	-0.000554745
59.86	-0.000513452
59.88	-0.000467541
59.9	-0.000426251
59.92	-0.000375573
59.94	-0.000303818
59.96	-0.000229406
59.98	-0.000151364
60	-7.76278E-05
60.02	-1.63405E-05
60.04	3.56882E-05
60.06	8.96359E-05
60.08	0.000141513
60.1	0.000193899
60.12	0.00023308
60.14	0.000261556
60.16	0.00028768
60.18	0.000311706
60.2	0.000336713
60.22	0.000365531
60.24	0.000382645
60.26	0.000370875
60.28	0.000314779
60.3	0.000226588
60.32	0.000113341
60.34	-1.04643E-05
60.36	-0.000119711
60.38	-0.00019005
60.4	-0.000223083
60.42	-0.000232348
60.44	-0.000231035
60.46	-0.000219986
60.48	-0.000201652
60.5	-0.000181415
60.52	-0.000161247
60.54	-0.000153219
60.56	-0.000151081
60.58	-0.000158057
60.6	-0.000178523
60.62	-0.000206084
60.64	-0.000251455
60.66	-0.000327599
60.68	-0.000443388
60.7	-0.00055684
60.72	-0.000636515
60.74	-0.000692595
60.76	-0.000732786
60.78	-0.000764908
60.8	-0.000811407
60.82	-0.000882592
60.84	-0.000959037
60.86	-0.001034084
60.88	-0.001110497
60.9	-0.001176258
60.92	-0.001236246
60.94	-0.001300496
60.96	-0.001389444
60.98	-0.001506373
61	-0.001649521
61.02	-0.001800624
61.04	-0.001935112
61.06	-0.00202405
61.08	-0.0020761
61.1	-0.002108564
61.12	-0.002145004
61.14	-0.002194664
61.16	-0.002279249
61.18	-0.002374109
61.2	-0.002460111
61.22	-0.00251053
61.24	-0.002522843
61.26	-0.00250902
61.28	-0.002476924
61.3	-0.002418861
61.32	-0.002334128
61.34	-0.002257144
61.36	-0.002223168
61.38	-0.002193889
61.4	-0.002160451
61.42	-0.002120806
61.44	-0.002075635
61.46	-0.002016717
61.48	-0.00196453
61.5	-0.001926224
61.52	-0.001929246
61.54	-0.001973839
61.56	-0.002034219
61.58	-0.002091482
61.6	-0.002168095
61.62	-0.00225266
61.64	-0.002332958
61.66	-0.002403052
61.68	-0.002468606
61.7	-0.002534518
61.72	-0.002615813
61.74	-0.002707836
61.76	-0.002794749
61.78	-0.002873314
61.8	-0.002938103
61.82	-0.002989456
61.84	-0.003032382
61.86	-0.003066002
61.88	-0.003089363
61.9	-0.003085269
61.92	-0.003056352
61.94	-0.003005169
61.96	-0.002928758
61.98	-0.002827536
62	-0.002702794
62.02	-0.00254794
62.04	-0.002369451
62.06	-0.00220492
62.08	-0.002078093
62.1	-0.001989916
62.12	-0.001931619
62.14	-0.001881945
62.16	-0.001855301
62.18	-0.001859614
62.2	-0.001894572
62.22	-0.001934165
62.24	-0.001976446
62.26	-0.002010876
62.28	-0.002042693
62.3	-0.002074011
62.32	-0.002095771
62.34	-0.002095669
62.36	-0.00210372
62.38	-0.002141492
62.4	-0.002227635
62.42	-0.002352008
62.44	-0.002508611
62.46	-0.002660868
62.48	-0.002774689
62.5	-0.002820702
62.52	-0.002805533
62.54	-0.002751535
62.56	-0.002680287
62.58	-0.002613502
62.6	-0.002577211
62.62	-0.002565668
62.64	-0.002585708
62.66	-0.002619948
62.68	-0.002649554
62.7	-0.002667416
62.72	-0.002672004
62.74	-0.002660019
62.76	-0.002647594
62.78	-0.002652925
62.8	-0.002704915
62.82	-0.002770574
62.84	-0.002811861
62.86	-0.002823357
62.88	-0.002802836
62.9	-0.002754682
62.92	-0.00270518
62.94	-0.002668978
62.96	-0.00265856
62.98	-0.002691072
63	-0.002775013
63.02	-0.002898454
63.04	-0.003032973
63.06	-0.003149111
63.08	-0.003236661
63.1	-0.003269268
63.12	-0.00326723
63.14	-0.003242547
63.16	-0.003201895
63.18	-0.003156425
63.2	-0.003106978
63.22	-0.003048364
63.24	-0.002977767
63.26	-0.002898471
63.28	-0.002819785
63.3	-0.002736365
63.32	-0.002644648
63.34	-0.002529264
63.36	-0.002389249
63.38	-0.002198586
63.4	-0.001955154
63.42	-0.001677877
63.44	-0.001373509
63.46	-0.001071412
63.48	-0.000780443
63.5	-0.000501681
63.52	-0.000250303
63.54	-3.73567E-05
63.56	0.000132412
63.58	0.000269349
63.6	0.000364502
63.62	0.000423873
63.64	0.000451873
63.66	0.000474807
63.68	0.000485732
63.7	0.000492976
63.72	0.000506948
63.74	0.000529532
63.76	0.000559199
63.78	0.00060053
63.8	0.000630371
63.82	0.000653345
63.84	0.000664578
63.86	0.000675952
63.88	0.000669434
63.9	0.000651602
63.92	0.000645745
63.94	0.000661573
63.96	0.000703505
63.98	0.000786803
64	0.000902579
64.02	0.001038766
64.04	0.001182554
64.06	0.001337211
64.08	0.001477442
64.1	0.00158705
64.12	0.001669894
64.14	0.001739856
64.16	0.001788426
64.18	0.001816889
64.2	0.001818409
64.22	0.001795689
64.24	0.001759697
64.26	0.001704923
64.28	0.001644823
64.3	0.001622192
64.32	0.001645977
64.34	0.00171821
64.36	0.001823945
64.38	0.001928317
64.4	0.002012309
64.42	0.002070459
64.44	0.002091873
64.46	0.002081515
64.48	0.002058281
64.5	0.002028276
64.52	0.001972967
64.54	0.00191034
64.56	0.001824058
64.58	0.001729214
64.6	0.001641994
64.62	0.001572328
64.64	0.001526577
64.66	0.001525548
64.68	0.001569727
64.7	0.001651063
64.72	0.001767095
64.74	0.001912104
64.76	0.002055611
64.78	0.002194024
64.8	0.002318046
64.82	0.002440186
64.84	0.00254399
64.86	0.002634061
64.88	0.002707204
64.9	0.00275603
64.92	0.00277778
64.94	0.002803173
64.96	0.002813938
64.98	0.00281899
65	0.002798364
65.02	0.002760842
65.04	0.002700563
65.06	0.00263482
65.08	0.002554669
65.1	0.002453065
65.12	0.002346072
65.14	0.00222938
65.16	0.002089312
65.18	0.001958515
65.2	0.001853446
65.22	0.001788288
65.24	0.001755295
65.26	0.001751749
65.28	0.001750438
65.3	0.001737656
65.32	0.001721211
65.34	0.001711454
65.36	0.001705288
65.38	0.00170182
65.4	0.001716244
65.42	0.001763606
65.44	0.001832532
65.46	0.001929399
65.48	0.002032184
65.5	0.002117386
65.52	0.002174456
65.54	0.002209814
65.56	0.002236989
65.58	0.002259161
65.6	0.002262783
65.62	0.002248636
65.64	0.002200533
65.66	0.002138969
65.68	0.002064247
65.7	0.001969052
65.72	0.001854118
65.74	0.001725111
65.76	0.001582284
65.78	0.001475676
65.8	0.00142716
65.82	0.001435114
65.84	0.001461588
65.86	0.001494357
65.88	0.001521122
65.9	0.001548778
65.92	0.001581979
65.94	0.001622226
65.96	0.001652101
65.98	0.001673098
66	0.001672389
66.02	0.00166857
66.04	0.001652189
66.06	0.001624648
66.08	0.001569818
66.1	0.001460752
66.12	0.001322685
66.14	0.00120132
66.16	0.001070461
66.18	0.00093127
66.2	0.000781918
66.22	0.000643745
66.24	0.000528914
66.26	0.000453402
66.28	0.000379163
66.3	0.000262799
66.32	9.8083E-05
66.34	-6.90387E-05
66.36	-0.000207069
66.38	-0.000328047
66.4	-0.000438298
66.42	-0.000550467
66.44	-0.000672991
66.46	-0.000812058
66.48	-0.000962455
66.5	-0.001098802
66.52	-0.001198164
66.54	-0.001279364
66.56	-0.001343984
66.58	-0.001401696
66.6	-0.001461684
66.62	-0.001536282
66.64	-0.001604649
66.66	-0.001665348
66.68	-0.001704153
66.7	-0.00172165
66.72	-0.00173174
66.74	-0.001744903
66.76	-0.001764907
66.78	-0.001814194
66.8	-0.001898124
66.82	-0.001986489
66.84	-0.00206564
66.86	-0.002130486
66.88	-0.002156694
66.9	-0.00216808
66.92	-0.00218802
66.94	-0.002238103
66.96	-0.002320778
66.98	-0.002420347
67	-0.002494699
67.02	-0.002554089
67.04	-0.002615784
67.06	-0.002664835
67.08	-0.002689875
67.1	-0.002705994
67.12	-0.002709804
67.14	-0.002706519
67.16	-0.002702589
67.18	-0.00269422
67.2	-0.002663248
67.22	-0.002598209
67.24	-0.002521006
67.26	-0.002452196
67.28	-0.002393988
67.3	-0.002352691
67.32	-0.002312526
67.34	-0.002263332
67.36	-0.002199745
67.38	-0.002128855
67.4	-0.002045557
67.42	-0.001955245
67.44	-0.001875356
67.46	-0.001802575
67.48	-0.001731677
67.5	-0.001674658
67.52	-0.001643343
67.54	-0.001664925
67.56	-0.001725432
67.58	-0.001823834
67.6	-0.001964239
67.62	-0.00214704
67.64	-0.002340276
67.66	-0.002517443
67.68	-0.002655299
67.7	-0.002739668
67.72	-0.002766167
67.74	-0.002754634
67.76	-0.002713877
67.78	-0.002649424
67.8	-0.002565483
67.82	-0.002477641
67.84	-0.002385912
67.86	-0.002303391
67.88	-0.002220557
67.9	-0.002136617
67.92	-0.002063187
67.94	-0.002008943
67.96	-0.001966951
67.98	-0.001929444
68	-0.001885614
68.02	-0.001854031
68.04	-0.001840071
68.06	-0.001855028
68.08	-0.001892761
68.1	-0.001941459
68.12	-0.001982363
68.14	-0.002017012
68.16	-0.002054505
68.18	-0.002097111
68.2	-0.002147716
68.22	-0.002212082
68.24	-0.002292663
68.26	-0.002373054
68.28	-0.00243917
68.3	-0.002480632
68.32	-0.002484806
68.34	-0.002461249
68.36	-0.002428083
68.38	-0.002398419
68.4	-0.002387045
68.42	-0.002381118
68.44	-0.002349161
68.46	-0.002270928
68.48	-0.002168379
68.5	-0.00205688
68.52	-0.001942548
68.54	-0.001835
68.56	-0.001723671
68.58	-0.00161341
68.6	-0.001493963
68.62	-0.0013468
68.64	-0.001178231
68.66	-0.001015076
68.68	-0.000899013
68.7	-0.000861979
68.72	-0.000868813
68.74	-0.000876081
68.76	-0.000887834
68.78	-0.000899949
68.8	-0.000913902
68.82	-0.000921088
68.84	-0.000912322
68.86	-0.000906904
68.88	-0.000913329
68.9	-0.000929557
68.92	-0.00094472
68.94	-0.0009473
68.96	-0.000927475
68.98	-0.000895673
69	-0.000873823
69.02	-0.000877204
69.04	-0.000901802
69.06	-0.000931702
69.08	-0.000958784
69.1	-0.000982383
69.12	-0.000994674
69.14	-0.000987722
69.16	-0.000969751
69.18	-0.000937387
69.2	-0.000889514
69.22	-0.000841961
69.24	-0.000808092
69.26	-0.000778445
69.28	-0.000745684
69.3	-0.000707917
69.32	-0.000661684
69.34	-0.000614162
69.36	-0.000579051
69.38	-0.000554497
69.4	-0.000535886
69.42	-0.000508116
69.44	-0.000481933
69.46	-0.000480081
69.48	-0.000491818
69.5	-0.000513049
69.52	-0.000537139
69.54	-0.00055555
69.56	-0.000581511
69.58	-0.000628776
69.6	-0.000695254
69.62	-0.000768769
69.64	-0.000853229
69.66	-0.000942778
69.68	-0.001025895
69.7	-0.001079385
69.72	-0.001098074
69.74	-0.001098009
69.76	-0.001082036
69.78	-0.001050785
69.8	-0.001012081
69.82	-0.000960287
69.84	-0.000895247
69.86	-0.000808004
69.88	-0.000711404
69.9	-0.000624263
69.92	-0.000558341
69.94	-0.000513123
69.96	-0.000486026
69.98	-0.000473912
70	-0.000480172
70.02	-0.000495786
70.04	-0.000514232
70.06	-0.000539255
70.08	-0.000594913
70.1	-0.000667386
70.12	-0.000738916
70.14	-0.000802632
70.16	-0.000848831
70.18	-0.000880241
70.2	-0.000908667
70.22	-0.000943631
70.24	-0.000987487
70.26	-0.001040147
70.28	-0.001095887
70.3	-0.00115429
70.32	-0.001224918
70.34	-0.001294286
70.36	-0.001345567
70.38	-0.001382654
70.4	-0.001423882
70.42	-0.001482262
70.44	-0.001565507
70.46	-0.001652593
70.48	-0.001722759
70.5	-0.001768603
70.52	-0.001810027
70.54	-0.001863905
70.56	-0.001934905
70.58	-0.002004248
70.6	-0.002069588
70.62	-0.002117292
70.64	-0.002146905
70.66	-0.002147199
70.68	-0.002132317
70.7	-0.002114208
70.72	-0.00209482
70.74	-0.00206749
70.76	-0.002034209
70.78	-0.00199284
70.8	-0.001945541
70.82	-0.001898928
70.84	-0.001864452
70.86	-0.001843683
70.88	-0.001840583
70.9	-0.001846822
70.92	-0.001847227
70.94	-0.001817219
70.96	-0.001771311
70.98	-0.001718857
71	-0.001656215
71.02	-0.001607888
71.04	-0.001575932
71.06	-0.001541731
71.08	-0.001506043
71.1	-0.001465932
71.12	-0.001428761
71.14	-0.001397717
71.16	-0.001381777
71.18	-0.001374539
71.2	-0.001359328
71.22	-0.001327526
71.24	-0.001268741
71.26	-0.001177764
71.28	-0.00105255
71.3	-0.000894607
71.32	-0.000731862
71.34	-0.000572607
71.36	-0.000413988
71.38	-0.000256311
71.4	-0.000112637
71.42	7.01908E-06
71.44	0.000106037
71.46	0.000186025
71.48	0.000235585
71.5	0.000245202
71.52	0.000237426
71.54	0.000225741
71.56	0.00022189
71.58	0.000240171
71.6	0.000264962
71.62	0.000279015
71.64	0.000292947
71.66	0.000295024
71.68	0.000286662
71.7	0.000283894
71.72	0.000284757
71.74	0.000289449
71.76	0.000296314
71.78	0.000307893
71.8	0.000309435
71.82	0.000308568
71.84	0.000297493
71.86	0.000275783
71.88	0.000251594
71.9	0.000247472
71.92	0.000276707
71.94	0.000323636
71.96	0.000370347
71.98	0.000410144
72	0.000432105
72.02	0.000447692
72.04	0.000462557
72.06	0.000489059
72.08	0.00053149
72.1	0.000591651
72.12	0.000665014
72.14	0.000744964
72.16	0.000825293
72.18	0.000904428
72.2	0.000974531
72.22	0.001035374
72.24	0.00108385
72.26	0.001120412
72.28	0.001135143
72.3	0.001139178
72.32	0.001131345
72.34	0.001118174
72.36	0.001115574
72.38	0.001113646
72.4	0.001111872
72.42	0.00112541
72.44	0.001170863
72.46	0.001249859
72.48	0.001322119
72.5	0.001387691
72.52	0.001444372
72.54	0.001501396
72.56	0.001544718
72.58	0.001563499
72.6	0.001559456
72.62	0.001553938
72.64	0.001568717
72.66	0.001610067
72.68	0.001672226
72.7	0.001744263
72.72	0.001820807
72.74	0.001899983
72.76	0.001969785
72.78	0.002035726
72.8	0.002093021
72.82	0.002141313
72.84	0.002156305
72.86	0.002158835
72.88	0.002153202
72.9	0.002126729
72.92	0.002068089
72.94	0.001988437
72.96	0.001901806
72.98	0.001827068
73	0.001780339
73.02	0.00176865
73.04	0.00176091
73.06	0.001749484
73.08	0.001724706
73.1	0.0016918
73.12	0.001656343
73.14	0.001634934
73.16	0.001624588
73.18	0.001612642
73.2	0.001604448
73.22	0.001617394
73.24	0.001634535
73.26	0.001653525
73.28	0.001671522
73.3	0.001693393
73.32	0.001716677
73.34	0.001746371
73.36	0.001768437
73.38	0.001769915
73.4	0.001744375
73.42	0.001700034
73.44	0.001650792
73.46	0.001603591
73.48	0.001559303
73.5	0.001530165
73.52	0.001504237
73.54	0.001484558
73.56	0.001461861
73.58	0.001429052
73.6	0.001387976
73.62	0.001355229
73.64	0.00133847
73.66	0.001331398
73.68	0.001323893
73.7	0.001307385
73.72	0.001275569
73.74	0.001265373
73.76	0.00126475
73.78	0.00126136
73.8	0.001271104
73.82	0.001291167
73.84	0.001302718
73.86	0.001303081
73.88	0.001303787
73.9	0.001303723
73.92	0.001296658
73.94	0.001303024
73.96	0.001306507
73.98	0.001292498
74	0.001245362
74.02	0.001180867
74.04	0.001110066
74.06	0.001036746
74.08	0.000977142
74.1	0.000937253
74.12	0.000890983
74.14	0.000837108
74.16	0.000774666
74.18	0.000697043
74.2	0.000602087
74.22	0.000499529
74.24	0.000393091
74.26	0.000317476
74.28	0.000269655
74.3	0.000224676
74.32	0.000176436
74.34	0.000122813
74.36	5.88356E-05
74.38	-6.28522E-06
74.4	-6.18958E-05
74.42	-0.000100702
74.44	-0.000129812
74.46	-0.000141506
74.48	-0.000140566
74.5	-0.000130647
74.52	-0.000121688
74.54	-0.000115111
74.56	-0.000118717
74.58	-0.000141653
74.6	-0.000178407
74.62	-0.000215317
74.64	-0.000255274
74.66	-0.000299267
74.68	-0.000345683
74.7	-0.000387161
74.72	-0.000414976
74.74	-0.00042444
74.76	-0.000426935
74.78	-0.000433647
74.8	-0.000455966
74.82	-0.000488936
74.84	-0.000522755
74.86	-0.00055365
74.88	-0.000581272
74.9	-0.000606523
74.92	-0.00064268
74.94	-0.000681474
74.96	-0.00071317
74.98	-0.000726057
75	-0.000730518
75.02	-0.000729859
75.04	-0.000719216
75.06	-0.000695549
75.08	-0.000658574
75.1	-0.000615122
75.12	-0.000582326
75.14	-0.000561506
75.16	-0.000556298
75.18	-0.000552981
75.2	-0.000543646
75.22	-0.000518887
75.24	-0.000483167
75.26	-0.000450877
75.28	-0.000425992
75.3	-0.000404172
75.32	-0.000387649
75.34	-0.000390977
75.36	-0.000421826
75.38	-0.000454823
75.4	-0.00048922
75.42	-0.000525347
75.44	-0.000567674
75.46	-0.000611606
75.48	-0.000655641
75.5	-0.000690412
75.52	-0.000719318
75.54	-0.000746168
75.56	-0.000771445
75.58	-0.000793316
75.6	-0.000813492
75.62	-0.00082822
75.64	-0.000855657
75.66	-0.000918721
75.68	-0.000991733
75.7	-0.001054145
75.72	-0.001108455
75.74	-0.001150466
75.76	-0.001183975
75.78	-0.001210877
75.8	-0.001222006
75.82	-0.001210575
75.84	-0.001181187
75.86	-0.001154285
75.88	-0.001147405
75.9	-0.001151253
75.92	-0.001153428
75.94	-0.00114492
75.96	-0.001126965
75.98	-0.001109109
76	-0.001105108
76.02	-0.001113824
76.04	-0.001142502
76.06	-0.001198876
76.08	-0.00126548
76.1	-0.001312753
76.12	-0.001333131
76.14	-0.001323842
76.16	-0.001305192
76.18	-0.001291076
76.2	-0.001303341
76.22	-0.001349901
76.24	-0.001397258
76.26	-0.001434165
76.28	-0.001486548
76.3	-0.00153518
76.32	-0.001561711
76.34	-0.001572535
76.36	-0.001572446
76.38	-0.001553912
76.4	-0.001518874
76.42	-0.001464334
76.44	-0.001390245
76.46	-0.001300506
76.48	-0.001206957
76.5	-0.001116725
76.52	-0.001036317
76.54	-0.000970971
76.56	-0.000914595
76.58	-0.000851606
76.6	-0.000785511
76.62	-0.000715106
76.64	-0.000651119
76.66	-0.000598637
76.68	-0.000562877
76.7	-0.000549936
76.72	-0.000545561
76.74	-0.000540543
76.76	-0.000538486
76.78	-0.000534369
76.8	-0.00052828
76.82	-0.000530329
76.84	-0.000553046
76.86	-0.000590485
76.88	-0.000641064
76.9	-0.000694249
76.92	-0.00073436
76.94	-0.000748372
76.96	-0.000738261
76.98	-0.000723893
77	-0.000706811
77.02	-0.000687973
77.04	-0.000676502
77.06	-0.000670517
77.08	-0.000662154
77.1	-0.000648292
77.12	-0.000624399
77.14	-0.000592716
77.16	-0.000559967
77.18	-0.000512868
77.2	-0.000447923
77.22	-0.000369192
77.24	-0.000292797
77.26	-0.000227771
77.28	-0.000178302
77.3	-0.000150773
77.32	-0.000139402
77.34	-0.000141138
77.36	-0.0001427
77.38	-0.000122713
77.4	-9.19705E-05
77.42	-6.23415E-05
77.44	-4.33932E-05
77.46	-4.4207E-05
77.48	-6.47972E-05
77.5	-9.29991E-05
77.52	-0.000116773
77.54	-0.000136388
77.56	-0.000148084
77.58	-0.000150412
77.6	-0.00015546
77.62	-0.000169032
77.64	-0.000184478
77.66	-0.000191344
77.68	-0.000199856
77.7	-0.00020339
77.72	-0.000194723
77.74	-0.000184822
77.76	-0.000171145
77.78	-0.000149078
77.8	-0.000115882
77.82	-6.61978E-05
77.84	-7.33086E-06
77.86	6.47367E-05
77.88	0.000150043
77.9	0.000239233
77.92	0.000331777
77.94	0.000420772
77.96	0.000500644
77.98	0.000563287
78	0.000609381
78.02	0.000643773
78.04	0.000657068
78.06	0.000640192
78.08	0.000607843
78.1	0.000556841
78.12	0.000489004
78.14	0.000405284
78.16	0.000318529
78.18	0.000246691
78.2	0.000204704
78.22	0.000182723
78.24	0.0001638
78.26	0.000147619
78.28	0.000123394
78.3	9.78581E-05
78.32	8.18967E-05
78.34	8.18935E-05
78.36	9.04296E-05
78.38	9.58811E-05
78.4	9.7254E-05
78.42	9.59401E-05
78.44	9.60309E-05
78.46	0.000102853
78.48	0.000121825
78.5	0.000153508
78.52	0.000195118
78.54	0.000241227
78.56	0.000285568
78.58	0.000325644
78.6	0.000358013
78.62	0.000382874
78.64	0.000395574
78.66	0.000394703
78.68	0.000376655
78.7	0.000345714
78.72	0.000308368
78.74	0.000257685
78.76	0.000205828
78.78	0.000160694
78.8	0.000124712
78.82	0.000113496
78.84	0.000121457
78.86	0.00012657
78.88	0.000128548
78.9	0.00012984
78.92	0.00013627
78.94	0.000170483
78.96	0.000214583
78.98	0.000250334
79	0.000275963
79.02	0.000294872
79.04	0.00031136
79.06	0.000335396
79.08	0.000370172
79.1	0.000419882
79.12	0.000478062
79.14	0.000525143
79.16	0.000550565
79.18	0.000549122
79.2	0.00053012
79.22	0.000498669
79.24	0.000455803
79.26	0.000406183
79.28	0.00035588
79.3	0.000316674
79.32	0.000289558
79.34	0.000262159
79.36	0.000223592
79.38	0.000183023
79.4	0.000153108
79.42	0.000142094
79.44	0.000144733
79.46	0.00015409
79.48	0.000170458
79.5	0.000180074
79.52	0.000179581
79.54	0.000172361
79.56	0.000139216
79.58	8.60745E-05
79.6	1.92702E-05
79.62	-5.59892E-05
79.64	-0.000123036
79.66	-0.000175715
79.68	-0.000210406
79.7	-0.000225077
79.72	-0.000232852
79.74	-0.000242327
79.76	-0.000249442
79.78	-0.000259932
79.8	-0.000279767
79.82	-0.000303534
79.84	-0.000335215
79.86	-0.000366525
79.88	-0.000395855
79.9	-0.000428955
79.92	-0.000456325
79.94	-0.000466516
79.96	-0.000474065
79.98	-0.000488445
80	-0.000506816
80.02	-0.000526994
80.04	-0.000548457
80.06	-0.000561636
80.08	-0.000556227
80.1	-0.000573093
80.12	-0.000609893
80.14	-0.000651211
80.16	-0.000693047
80.18	-0.000734844
80.2	-0.00077254
80.22	-0.000807419
80.24	-0.000838157
80.26	-0.000862957
80.28	-0.000882863
80.3	-0.000886831
80.32	-0.000869766
80.34	-0.000841794
80.36	-0.000805704
80.38	-0.000750633
80.4	-0.000684577
80.42	-0.000628474
80.44	-0.000593243
80.46	-0.000581744
80.48	-0.000587824
80.5	-0.000591465
80.52	-0.000579586
80.54	-0.000553483
80.56	-0.000518897
80.58	-0.000492458
80.6	-0.000488291
80.62	-0.000511793
80.64	-0.000562911
80.66	-0.000617853
80.68	-0.000668924
80.7	-0.00071309
80.72	-0.000747794
80.74	-0.000765668
80.76	-0.000771708
80.78	-0.00077554
80.8	-0.00078367
80.82	-0.000789079
80.84	-0.000778592
80.86	-0.000750681
80.88	-0.000709277
80.9	-0.000659527
80.92	-0.000609601
80.94	-0.000554721
80.96	-0.000487118
80.98	-0.000409517
81	-0.000345596
81.02	-0.000302237
81.04	-0.000273568
81.06	-0.000252375
81.08	-0.000238852
81.1	-0.000227578
81.12	-0.000219123
81.14	-0.000213369
81.16	-0.000209599
81.18	-0.000214491
81.2	-0.000236211
81.22	-0.000262519
81.24	-0.000291315
81.26	-0.000311316
81.28	-0.000328891
81.3	-0.000342299
81.32	-0.00035355
81.34	-0.000364164
81.36	-0.00036078
81.38	-0.000331313
81.4	-0.000283987
81.42	-0.000244505
81.44	-0.000207924
81.46	-0.000161659
81.48	-9.98169E-05
81.5	-3.34753E-05
81.52	9.62041E-06
81.54	3.81713E-05
81.56	6.25168E-05
81.58	8.08525E-05
81.6	9.55431E-05
81.62	0.000107136
81.64	0.000102008
81.66	9.33355E-05
81.68	9.19779E-05
81.7	8.36748E-05
81.72	6.40402E-05
81.74	5.16153E-05
81.76	5.13993E-05
81.78	7.01061E-05
81.8	0.000107596
81.82	0.000151862
81.84	0.000199572
81.86	0.000241069
81.88	0.000272685
81.9	0.000296049
81.92	0.000331298
81.94	0.000379852
81.96	0.000420542
81.98	0.000453483
82	0.000472036
82.02	0.000472686
82.04	0.000457919
82.06	0.000433781
82.08	0.000400895
82.1	0.000357181
82.12	0.000319254
82.14	0.00029997
82.16	0.000282218
82.18	0.000256842
82.2	0.000221168
82.22	0.000192316
82.24	0.000157857
82.26	0.000131989
82.28	0.000116146
82.3	0.000108581
82.32	0.000107613
82.34	0.000117727
82.36	0.000135624
82.38	0.00016726
82.4	0.000217729
82.42	0.000282629
82.44	0.000344788
82.46	0.000410963
82.48	0.000471149
82.5	0.000516181
82.52	0.000545844
82.54	0.000568625
82.56	0.000582734
82.58	0.000589862
82.6	0.000595234
82.62	0.000590664
82.64	0.000563193
82.66	0.000524917
82.68	0.000488002
82.7	0.000456462
82.72	0.000428513
82.74	0.000411909
82.76	0.000403381
82.78	0.00040998
82.8	0.000432835
82.82	0.000451835
82.84	0.000475798
82.86	0.000513116
82.88	0.000553349
82.9	0.000579943
82.92	0.000586612
82.94	0.00057898
82.96	0.000557818
82.98	0.000530674
83	0.000507699
83.02	0.000494647
83.04	0.000493942
83.06	0.000506162
83.08	0.000527906
83.1	0.000557335
83.12	0.000585074
83.14	0.000601774
83.16	0.000592286
83.18	0.00056733
83.2	0.000540945
83.22	0.000514217
83.24	0.00049098
83.26	0.000471055
83.28	0.000446848
83.3	0.000423294
83.32	0.000404548
83.34	0.000392111
83.36	0.000385978
83.38	0.000388335
83.4	0.000388203
83.42	0.000402923
83.44	0.000429124
83.46	0.000456278
83.48	0.000469397
83.5	0.00045423
83.52	0.000410322
83.54	0.00035143
83.56	0.000276791
83.58	0.000181506
83.6	7.23018E-05
83.62	-3.67709E-05
83.64	-0.000143647
83.66	-0.000225526
83.68	-0.000275755
83.7	-0.000297747
83.72	-0.000309245
83.74	-0.000314664
83.76	-0.000314404
83.78	-0.000309726
83.8	-0.000301056
83.82	-0.000272391
83.84	-0.000237674
83.86	-0.000206759
83.88	-0.000173741
83.9	-0.000151511
83.92	-0.000157698
83.94	-0.000180638
83.96	-0.000204624
83.98	-0.00023145
84	-0.000254611
84.02	-0.000276196
84.04	-0.000298463
84.06	-0.000322861
84.08	-0.000357876
84.1	-0.000404769
84.12	-0.00046356
84.14	-0.000520794
84.16	-0.000574944
84.18	-0.000629654
84.2	-0.000688705
84.22	-0.000741345
84.24	-0.000788642
84.26	-0.000830572
84.28	-0.000853283
84.3	-0.000852503
84.32	-0.000840619
84.34	-0.000814363
84.36	-0.00078717
84.38	-0.000765698
84.4	-0.000751138
84.42	-0.000741865
84.44	-0.000740188
84.46	-0.000732811
84.48	-0.000714987
84.5	-0.000672502
84.52	-0.000607243
84.54	-0.000529933
84.56	-0.000452731
84.58	-0.000389462
84.6	-0.000362138
84.62	-0.000376471
84.64	-0.000406375
84.66	-0.00043301
84.68	-0.000464936
84.7	-0.000493884
84.72	-0.000523825
84.74	-0.00055206
84.76	-0.000583089
84.78	-0.000614167
84.8	-0.000637416
84.82	-0.000645116
84.84	-0.000632336
84.86	-0.000588526
84.88	-0.0005282
84.9	-0.000457327
84.92	-0.000387932
84.94	-0.000329504
84.96	-0.000295754
84.98	-0.000278893
85	-0.000269369
85.02	-0.000266023
85.04	-0.000267651
85.06	-0.000267314
85.08	-0.000262969
85.1	-0.000256894
85.12	-0.000243271
85.14	-0.000217843
85.16	-0.000221609
85.18	-0.000223603
85.2	-0.000195547
85.22	-0.000158116
85.24	-0.000112571
85.26	-5.45371E-05
85.28	1.25165E-05
85.3	7.34617E-05
85.32	0.000121755
85.34	0.000167998
85.36	0.000201341
85.38	0.000226634
85.4	0.00025282
85.42	0.00026918
85.44	0.000273217
85.46	0.00026943
85.48	0.000255488
85.5	0.000240115
85.52	0.000238633
85.54	0.00025153
85.56	0.000266955
85.58	0.000276037
85.6	0.000282896
85.62	0.000295743
85.64	0.000309689
85.66	0.000315601
85.68	0.000314118
85.7	0.000293918
85.72	0.000262856
85.74	0.000267501
85.76	0.00027996
85.78	0.000300569
85.8	0.000325682
85.82	0.000356965
85.84	0.000398162
85.86	0.000451939
85.88	0.000500147
85.9	0.00054715
85.92	0.000600529
85.94	0.000654743
85.96	0.000692265
85.98	0.000702993
86	0.000691685
86.02	0.000669656
86.04	0.000637576
86.06	0.000604197
86.08	0.00057106
86.1	0.000551781
86.12	0.000553459
86.14	0.000573773
86.16	0.000594052
86.18	0.000612315
86.2	0.000620583
86.22	0.000615123
86.24	0.000604211
86.26	0.000603641
86.28	0.000619507
86.3	0.000659864
86.32	0.000720095
86.34	0.000792739
86.36	0.00086817
86.38	0.000931197
86.4	0.000982351
86.42	0.001021535
86.44	0.001046891
86.46	0.001059496
86.48	0.001064073
86.5	0.001068654
86.52	0.001071289
86.54	0.001067359
86.56	0.001050613
86.58	0.001020921
86.6	0.000975378
86.62	0.000926148
86.64	0.000893545
86.66	0.000876969
86.68	0.00086994
86.7	0.000869933
86.72	0.000874571
86.74	0.000880412
86.76	0.000884228
86.78	0.00089122
86.8	0.00090316
86.82	0.000926766
86.84	0.000972755
86.86	0.001027434
86.88	0.001067827
86.9	0.001090446
86.92	0.001090112
86.94	0.001081889
86.96	0.001075016
86.98	0.001066204
87	0.001042491
87.02	0.001023586
87.04	0.001009724
87.06	0.000989583
87.08	0.000956621
87.1	0.000915713
87.12	0.000863274
87.14	0.000801584
87.16	0.0007372
87.18	0.00067508
87.2	0.000618369
87.22	0.000568782
87.24	0.000524733
87.26	0.000486794
87.28	0.000453746
87.3	0.000432805
87.32	0.000435836
87.34	0.000452707
87.36	0.000458027
87.38	0.000458541
87.4	0.000452623
87.42	0.000436286
87.44	0.000405322
87.46	0.000370858
87.48	0.000337116
87.5	0.000302888
87.52	0.000262975
87.54	0.00022392
87.56	0.000183371
87.58	0.000145925
87.6	0.000117178
87.62	8.57765E-05
87.64	5.02547E-05
87.66	9.23107E-06
87.68	-3.81101E-05
87.7	-8.50586E-05
87.72	-0.000127485
87.74	-0.000158983
87.76	-0.000179536
87.78	-0.000184128
87.8	-0.000166158
87.82	-0.000142599
87.84	-0.000133495
87.86	-0.000137351
87.88	-0.000156176
87.9	-0.000178887
87.92	-0.000201956
87.94	-0.000228101
87.96	-0.00026334
87.98	-0.000309243
88	-0.000368263
88.02	-0.000441582
88.04	-0.000521427
88.06	-0.000590942
88.08	-0.000644941
88.1	-0.000681501
88.12	-0.000711691
88.14	-0.000754156
88.16	-0.000821241
88.18	-0.000895002
88.2	-0.000971153
88.22	-0.001041309
88.24	-0.001104068
88.26	-0.00114695
88.28	-0.001167094
88.3	-0.001167606
88.32	-0.001158603
88.34	-0.001148132
88.36	-0.001138254
88.38	-0.00112381
88.4	-0.001106835
88.42	-0.001089179
88.44	-0.001084482
88.46	-0.001103869
88.48	-0.001136585
88.5	-0.001172263
88.52	-0.001214288
88.54	-0.001261531
88.56	-0.001311272
88.58	-0.001355683
88.6	-0.001398825
88.62	-0.001439898
88.64	-0.001472295
88.66	-0.001498476
88.68	-0.001518781
88.7	-0.0015314
88.72	-0.001541133
88.74	-0.001548911
88.76	-0.001549369
88.78	-0.001538118
88.8	-0.001529582
88.82	-0.001518728
88.84	-0.001494797
88.86	-0.001458805
88.88	-0.001410524
88.9	-0.001356892
88.92	-0.001306173
88.94	-0.001266295
88.96	-0.001237562
88.98	-0.001214237
89	-0.001199608
89.02	-0.001191567
89.04	-0.001181556
89.06	-0.00117528
89.08	-0.001163093
89.1	-0.001142193
89.12	-0.001113476
89.14	-0.001095901
89.16	-0.001096262
89.18	-0.001092693
89.2	-0.001079434
89.22	-0.001055684
89.24	-0.001030502
89.26	-0.001015617
89.28	-0.001023832
89.3	-0.001043915
89.32	-0.001069327
89.34	-0.001099886
89.36	-0.00112355
89.38	-0.001139098
89.4	-0.001157599
89.42	-0.001175377
89.44	-0.001180395
89.46	-0.001171063
89.48	-0.001155648
89.5	-0.001138169
89.52	-0.001125468
89.54	-0.001130932
89.56	-0.001152573
89.58	-0.001181746
89.6	-0.001231047
89.62	-0.001296552
89.64	-0.001334236
89.66	-0.001353234
89.68	-0.001357472
89.7	-0.001344215
89.72	-0.00131381
89.74	-0.001266676
89.76	-0.001208517
89.78	-0.001144133
89.8	-0.001084542
89.82	-0.001038846
89.84	-0.001005633
89.86	-0.00099265
89.88	-0.000998632
89.9	-0.001011281
89.92	-0.001019586
89.94	-0.001032594
89.96	-0.001048952
89.98	-0.001062764
90	-0.001083033
90.02	-0.001104401
90.04	-0.001122299
90.06	-0.001137103
90.08	-0.001147953
90.1	-0.001154594
90.12	-0.001149174
90.14	-0.001134855
90.16	-0.001117477
90.18	-0.001096983
90.2	-0.001076014
90.22	-0.001057573
90.24	-0.00104327
90.26	-0.001020999
90.28	-0.000977097
90.3	-0.000911448
90.32	-0.000833168
90.34	-0.000754942
90.36	-0.000669337
90.38	-0.000576541
90.4	-0.000493618
90.42	-0.000416805
90.44	-0.000351167
90.46	-0.000293555
90.48	-0.000245978
90.5	-0.000211101
90.52	-0.000190046
90.54	-0.000183732
90.56	-0.000190269
90.58	-0.000213475
90.6	-0.000240094
90.62	-0.000252156
90.64	-0.000259295
90.66	-0.000253888
90.68	-0.000239529
90.7	-0.000231139
90.72	-0.00021745
90.74	-0.00018939
90.76	-0.000148094
90.78	-9.15352E-05
90.8	-3.98197E-05
90.82	5.24E-06
90.84	4.89057E-05
90.86	8.82612E-05
90.88	0.000133367
90.9	0.000186631
90.92	0.000245041
90.94	0.000304619
90.96	0.000348343
90.98	0.000376656
91	0.000394259
91.02	0.000404654
91.04	0.000417163
91.06	0.000439671
91.08	0.000475055
91.1	0.000511422
91.12	0.000537052
91.14	0.000553304
91.16	0.000562462
91.18	0.000568274
91.2	0.000566004
91.22	0.00056005
91.24	0.000555856
91.26	0.000553158
91.28	0.00055871
91.3	0.000563057
91.32	0.000552133
91.34	0.00052318
91.36	0.000484223
91.38	0.000453883
91.4	0.000437717
91.42	0.000451546
91.44	0.000458255
91.46	0.000448794
91.48	0.000435901
91.5	0.000424152
91.52	0.00041299
91.54	0.000397103
91.56	0.00038498
91.58	0.000381477
91.6	0.000379929
91.62	0.000374987
91.64	0.000362231
91.66	0.000345694
91.68	0.00033631
91.7	0.000344808
91.72	0.000370178
91.74	0.000409035
91.76	0.000449782
91.78	0.000486631
91.8	0.000520153
91.82	0.000553093
91.84	0.000581331
91.86	0.000606205
91.88	0.000626537
91.9	0.000639106
91.92	0.000633856
91.94	0.000609796
91.96	0.00057135
91.98	0.000527899
92	0.000488586
92.02	0.000453977
92.04	0.000419347
92.06	0.000386287
92.08	0.000354784
92.1	0.000338127
92.12	0.000333151
92.14	0.000335
92.16	0.000345765
92.18	0.000360677
92.2	0.000370072
92.22	0.000370246
92.24	0.000367301
92.26	0.000366901
92.28	0.000370476
92.3	0.000375866
92.32	0.000381419
92.34	0.000385853
92.36	0.00038812
92.38	0.000388663
92.4	0.000381118
92.42	0.000362757
92.44	0.000329374
92.46	0.00029875
92.48	0.000286059
92.5	0.000274534
92.52	0.000264579
92.54	0.000251232
92.56	0.000231136
92.58	0.000207415
92.6	0.000180096
92.62	0.000158702
92.64	0.000150443
92.66	0.000158777
92.68	0.000171957
92.7	0.000183551
92.72	0.000197458
92.74	0.00021443
92.76	0.000245769
92.78	0.000306176
92.8	0.000367739
92.82	0.000421555
92.84	0.000467693
92.86	0.000510046
92.88	0.000546636
92.9	0.000577689
92.92	0.000602753
92.94	0.000619267
92.96	0.000622065
92.98	0.000601031
93	0.000566431
93.02	0.000535851
93.04	0.000501228
93.06	0.000468912
93.08	0.000442529
93.1	0.000427661
93.12	0.000422699
93.14	0.000428848
93.16	0.00043607
93.18	0.000439156
93.2	0.000438777
93.22	0.000440488
93.24	0.000454332
93.26	0.00047548
93.28	0.000497298
93.3	0.000515686
93.32	0.000531997
93.34	0.000549119
93.36	0.000555258
93.38	0.000553313
93.4	0.000539681
93.42	0.000513777
93.44	0.000486381
93.46	0.000458571
93.48	0.00042536
93.5	0.000381605
93.52	0.000330267
93.54	0.000280319
93.56	0.000234882
93.58	0.000198114
93.6	0.000164054
93.62	0.000132052
93.64	9.68978E-05
93.66	5.83247E-05
93.68	1.80912E-05
93.7	-1.85654E-05
93.72	-4.58595E-05
93.74	-6.52419E-05
93.76	-7.99869E-05
93.78	-9.45947E-05
93.8	-0.000107147
93.82	-9.87018E-05
93.84	-8.81769E-05
93.86	-7.87748E-05
93.88	-6.64205E-05
93.9	-5.19966E-05
93.92	-3.72748E-05
93.94	-2.79515E-05
93.96	-2.71364E-05
93.98	-3.34259E-05
94	-4.34953E-05
94.02	-5.2793E-05
94.04	-6.06342E-05
94.06	-5.79362E-05
94.08	-4.48955E-05
94.1	-2.30224E-05
94.12	1.88377E-06
94.14	3.05747E-05
94.16	6.04674E-05
94.18	9.59855E-05
94.2	0.000142017
94.22	0.000193183
94.24	0.000238369
94.26	0.000282564
94.28	0.000324802
94.3	0.00036746
94.32	0.00041153
94.34	0.000461478
94.36	0.000509954
94.38	0.000549271
94.4	0.000580657
94.42	0.000607385
94.44	0.00062899
94.46	0.000645904
94.48	0.000658362
94.5	0.000668562
94.52	0.000675177
94.54	0.000684089
94.56	0.000690113
94.58	0.00069457
94.6	0.000699604
94.62	0.000707142
94.64	0.000713328
94.66	0.000715456
94.68	0.00071868
94.7	0.00072235
94.72	0.000720106
94.74	0.000715926
94.76	0.000708244
94.78	0.000703456
94.8	0.000700866
94.82	0.000703587
94.84	0.000705374
94.86	0.000703772
94.88	0.000698117
94.9	0.000685997
94.92	0.00066705
94.94	0.000638277
94.96	0.000623674
94.98	0.000626525
95	0.000636557
95.02	0.000649734
95.04	0.000655047
95.06	0.000651969
95.08	0.000637884
95.1	0.000617307
95.12	0.000593039
95.14	0.000563847
95.16	0.000530359
95.18	0.000495125
95.2	0.000456034
95.22	0.000417337
95.24	0.000375636
95.26	0.00033959
95.28	0.000311735
95.3	0.000295483
95.32	0.000288008
95.34	0.000295564
95.36	0.000316102
95.38	0.000334254
95.4	0.000345036
95.42	0.000350112
95.44	0.000345685
95.46	0.000335635
95.48	0.000314899
95.5	0.000289461
95.52	0.000261066
95.54	0.00024004
95.56	0.000232499
95.58	0.000239127
95.6	0.000255528
95.62	0.00027557
95.64	0.000293103
95.66	0.000304895
95.68	0.000314325
95.7	0.000325002
95.72	0.000334365
95.74	0.000341051
95.76	0.000335004
95.78	0.000323793
95.8	0.000305623
95.82	0.000281158
95.84	0.000255888
95.86	0.000224399
95.88	0.000180601
95.9	0.000141441
95.92	0.000115928
95.94	0.000100308
95.96	9.02453E-05
95.98	6.72549E-05
96	3.01372E-05
96.02	-1.12739E-05
96.04	-5.50754E-05
96.06	-8.73321E-05
96.08	-0.000105408
96.1	-0.000114614
96.12	-0.000124382
96.14	-0.000140152
96.16	-0.000166234
96.18	-0.000204282
96.2	-0.000253677
96.22	-0.000300044
96.24	-0.000336254
96.26	-0.000358504
96.28	-0.000375092
96.3	-0.000391788
96.32	-0.000414954
96.34	-0.000441152
96.36	-0.000466242
96.38	-0.000484299
96.4	-0.000494433
96.42	-0.000491696
96.44	-0.000482547
96.46	-0.000474089
96.48	-0.000473227
96.5	-0.000478746
96.52	-0.000490861
96.54	-0.000510777
96.56	-0.000549105
96.58	-0.000596119
96.6	-0.000644612
96.62	-0.000694781
96.64	-0.000744753
96.66	-0.000781859
96.68	-0.000796487
96.7	-0.000812995
96.72	-0.00082666
96.74	-0.000829635
96.76	-0.00082672
96.78	-0.000828119
96.8	-0.000834091
96.82	-0.000832359
96.84	-0.00082299
96.86	-0.000814782
96.88	-0.000815321
96.9	-0.000817026
96.92	-0.000808444
96.94	-0.000785709
96.96	-0.000754613
96.98	-0.00072474
97	-0.000702224
97.02	-0.000667123
97.04	-0.000618836
97.06	-0.000568977
97.08	-0.000528796
97.1	-0.000509884
97.12	-0.000518473
97.14	-0.000540338
97.16	-0.0005566
97.18	-0.000574407
97.2	-0.000597732
97.22	-0.000627063
97.24	-0.000664589
97.26	-0.000701115
97.28	-0.000738906
97.3	-0.000775703
97.32	-0.000806443
97.34	-0.000829294
97.36	-0.00085143
97.38	-0.000880634
97.4	-0.000925307
97.42	-0.000981383
97.44	-0.001036047
97.46	-0.0010752
97.48	-0.001097022
97.5	-0.001093439
97.52	-0.001074917
97.54	-0.00105409
97.56	-0.001045643
97.58	-0.001043144
97.6	-0.001053977
97.62	-0.001082024
97.64	-0.001122864
97.66	-0.00115859
97.68	-0.001182187
97.7	-0.001190577
97.72	-0.001196207
97.74	-0.001202609
97.76	-0.00120978
97.78	-0.001212917
97.8	-0.001218573
97.82	-0.001231358
97.84	-0.001247114
97.86	-0.001264635
97.88	-0.001277301
97.9	-0.001282641
97.92	-0.001292193
97.94	-0.001301898
97.96	-0.00131494
97.98	-0.00133514
98	-0.001361266
98.02	-0.001372339
98.04	-0.001363234
98.06	-0.00135137
98.08	-0.001322862
98.1	-0.001272854
98.12	-0.001213453
98.14	-0.001152862
98.16	-0.001099388
98.18	-0.001052366
98.2	-0.001007558
98.22	-0.000968213
98.24	-0.000948416
98.26	-0.000950431
98.28	-0.000951252
98.3	-0.000937282
98.32	-0.000906663
98.34	-0.000858237
98.36	-0.000798896
98.38	-0.000743958
98.4	-0.000702807
98.42	-0.000657507
98.44	-0.000607628
98.46	-0.000551256
98.48	-0.00050123
98.5	-0.000469286
98.52	-0.000452635
98.54	-0.000443184
98.56	-0.000436635
98.58	-0.00043281
98.6	-0.000434625
98.62	-0.000440392
98.64	-0.000448785
98.66	-0.000456377
98.68	-0.000461313
98.7	-0.000460377
98.72	-0.000455638
98.74	-0.000436516
98.76	-0.000396982
98.78	-0.000343623
98.8	-0.000292362
98.82	-0.00025396
98.84	-0.000232683
98.86	-0.000224084
98.88	-0.000229006
98.9	-0.000245689
98.92	-0.00024464
98.94	-0.0002272
98.96	-0.00020803
98.98	-0.000188593
99	-0.000165988
99.02	-0.000143939
99.04	-0.000131025
99.06	-0.000139723
99.08	-0.000158602
99.1	-0.000175043
99.12	-0.000193482
99.14	-0.000206371
99.16	-0.000204687
99.18	-0.000184445
99.2	-0.000168198
99.22	-0.000170906
99.24	-0.000190648
99.26	-0.000218481
99.28	-0.00024235
99.3	-0.000262079
99.32	-0.00027663
99.34	-0.000280266
99.36	-0.000270104
99.38	-0.000253385
99.4	-0.000233261
99.42	-0.000208537
99.44	-0.00018614
99.46	-0.000160565
99.48	-0.000146607
99.5	-0.000145479
99.52	-0.000139222
99.54	-0.000121617
99.56	-0.000100786
99.58	-8.77088E-05
99.6	-9.47939E-05
99.62	-0.000118496
99.64	-0.000150921
99.66	-0.000183562
99.68	-0.000215739
99.7	-0.000248252
99.72	-0.0002762
99.74	-0.000291936
99.76	-0.000290401
99.78	-0.000269795
99.8	-0.000242773
99.82	-0.000220199
99.84	-0.000200441
99.86	-0.000177937
99.88	-0.000159734
99.9	-0.000141869
99.92	-0.000117762
99.94	-8.55384E-05
99.96	-5.03543E-05
99.98	-7.65656E-06
100	4.16402E-05
100.02	8.02149E-05
100.04	9.94569E-05
100.06	0.000105077
100.08	0.000103022
100.1	9.61692E-05
100.12	9.03434E-05
100.14	9.32582E-05
100.16	0.000101798
100.18	0.000112364
100.2	0.000123575
100.22	0.000133007
100.24	0.000134998
100.26	0.000124958
100.28	0.000114614
100.3	0.000108375
100.32	0.00011539
100.34	0.000141056
100.36	0.00017664
100.38	0.000207363
100.4	0.000229824
100.42	0.000249855
100.44	0.000276643
100.46	0.000309452
100.48	0.000338519
100.5	0.000360454
100.52	0.000377281
100.54	0.000388211
100.56	0.000393219
100.58	0.000388179
100.6	0.00037283
100.62	0.000347424
100.64	0.000313261
100.66	0.000282463
100.68	0.000254244
100.7	0.000230918
100.72	0.000218867
100.74	0.000212326
100.76	0.000214991
100.78	0.00023021
100.8	0.000256993
100.82	0.00029284
100.84	0.000337334
100.86	0.000386295
100.88	0.000432747
100.9	0.000489099
100.92	0.000550396
100.94	0.000595255
100.96	0.000627088
100.98	0.000642335
101	0.000638571
101.02	0.000611827
101.04	0.000573028
101.06	0.00053386
101.08	0.000500606
101.1	0.000478644
101.12	0.00046271
101.14	0.000444763
101.16	0.000421629
101.18	0.000389592
101.2	0.000349029
101.22	0.00030301
101.24	0.000256467
101.26	0.000214278
101.28	0.000180228
101.3	0.000146506
101.32	0.000111225
101.34	8.12701E-05
101.36	5.69672E-05
101.38	4.42777E-05
101.4	4.57795E-05
101.42	5.2293E-05
101.44	6.51828E-05
101.46	8.63415E-05
101.48	0.000116567
101.5	0.000140562
101.52	0.000148065
101.54	0.000135533
101.56	0.000105319
101.58	6.50192E-05
101.6	1.5272E-05
101.62	-4.4472E-05
101.64	-0.00011182
101.66	-0.000181865
101.68	-0.000238458
101.7	-0.000277454
101.72	-0.000303839
101.74	-0.000325131
101.76	-0.000344856
101.78	-0.000363601
101.8	-0.000378694
101.82	-0.000387668
101.84	-0.00039004
101.86	-0.000375618
101.88	-0.000355697
101.9	-0.00033842
101.92	-0.000315515
101.94	-0.000288268
101.96	-0.000255154
101.98	-0.000219855
102	-0.000192931
102.02	-0.000169422
102.04	-0.000144244
102.06	-0.000119032
102.08	-9.96363E-05
102.1	-8.72147E-05
102.12	-8.15163E-05
102.14	-7.12898E-05
102.16	-4.60607E-05
102.18	-7.47212E-06
102.2	3.62972E-05
102.22	7.8306E-05
102.24	0.000122033
102.26	0.000162741
102.28	0.000198526
102.3	0.000241879
102.32	0.000283798
102.34	0.000326125
102.36	0.000367788
102.38	0.000415007
102.4	0.000473212
102.42	0.00052314
102.44	0.000553122
102.46	0.000568156
102.48	0.000574109
102.5	0.000574308
102.52	0.000569473
102.54	0.000561345
102.56	0.000542869
102.58	0.000512086
102.6	0.000472534
102.62	0.000419214
102.64	0.000360517
102.66	0.000306928
102.68	0.000262898
102.7	0.000239125
102.72	0.00023353
102.74	0.000235243
102.76	0.000234271
102.78	0.000229981
102.8	0.000219311
102.82	0.000206702
102.84	0.000194663
102.86	0.000184435
102.88	0.00018064
102.9	0.000185855
102.92	0.000203578
102.94	0.000223027
102.96	0.000232536
102.98	0.000228654
103	0.000212045
103.02	0.000180479
103.04	0.000136086
103.06	8.80932E-05
103.08	4.10492E-05
103.1	1.38153E-06
103.12	-3.10734E-05
103.14	-6.50905E-05
103.16	-0.00010012
103.18	-0.000137787
103.2	-0.000178113
103.22	-0.000215934
103.24	-0.000253491
103.26	-0.000282056
103.28	-0.000297418
103.3	-0.000301337
103.32	-0.000295367
103.34	-0.000263826
103.36	-0.000219811
103.38	-0.000180075
103.4	-0.000144182
103.42	-0.000109659
103.44	-7.20052E-05
103.46	-3.59411E-05
103.48	-5.0842E-06
103.5	1.7697E-05
103.52	3.66501E-05
103.54	6.322E-05
103.56	0.000101252
103.58	0.00014317
103.6	0.000183238
103.62	0.000212249
103.64	0.000226225
103.66	0.00023307
103.68	0.000234959
103.7	0.00022908
103.72	0.000220754
103.74	0.000215661
103.76	0.00021686
103.78	0.000224391
103.8	0.000228506
103.82	0.000221803
103.84	0.00020469
103.86	0.000185961
103.88	0.000179065
103.9	0.000178867
103.92	0.000178663
103.94	0.000183975
103.96	0.000197531
103.98	0.000222561
104	0.000250918
104.02	0.000271003
104.04	0.000274908
104.06	0.000265023
104.08	0.000250928
104.1	0.000240622
104.12	0.000236891
104.14	0.000244158
104.16	0.000264113
104.18	0.000283111
104.2	0.000290647
104.22	0.000313635
104.24	0.00034135
104.26	0.000362799
104.28	0.000379488
104.3	0.000398694
104.32	0.000424332
104.34	0.000451277
104.36	0.000472511
104.38	0.000480109
104.4	0.000474076
104.42	0.000464535
104.44	0.000452397
104.46	0.000434657
104.48	0.000413516
104.5	0.000389304
104.52	0.000361222
104.54	0.000346312
104.56	0.000359045
104.58	0.000375895
104.6	0.000380651
104.62	0.000377894
104.64	0.000378701
104.66	0.000383731
104.68	0.000393429
104.7	0.000399056
104.72	0.000402196
104.74	0.000411071
104.76	0.000426267
104.78	0.000449721
104.8	0.000476129
104.82	0.000503147
104.84	0.000530896
104.86	0.000558947
104.88	0.000575805
104.9	0.000582166
104.92	0.000579088
104.94	0.000559942
104.96	0.000526628
104.98	0.000487067
105	0.000440479
105.02	0.000382364
105.04	0.000316006
105.06	0.000265031
105.08	0.000231026
105.1	0.000202985
105.12	0.000171068
105.14	0.000136139
105.16	0.00010336
105.18	7.88632E-05
105.2	6.26816E-05
105.22	6.21917E-05
105.24	8.09819E-05
105.26	9.31223E-05
105.28	9.37631E-05
105.3	8.6647E-05
105.32	7.06233E-05
105.34	5.12802E-05
105.36	3.47627E-05
105.38	2.64211E-05
105.4	3.02413E-05
105.42	3.60055E-05
105.44	2.53879E-05
105.46	-4.38879E-06
105.48	-5.37074E-05
105.5	-0.000121695
105.52	-0.000209563
105.54	-0.000310918
105.56	-0.000418373
105.58	-0.000524412
105.6	-0.000620101
105.62	-0.000694461
105.64	-0.000747132
105.66	-0.000781616
105.68	-0.000800461
105.7	-0.000798813
105.72	-0.000790149
105.74	-0.000771807
105.76	-0.000745921
105.78	-0.000713252
105.8	-0.000658812
105.82	-0.00061754
105.84	-0.00060305
105.86	-0.000595178
105.88	-0.000596889
105.9	-0.000612092
105.92	-0.000631332
105.94	-0.000648752
105.96	-0.00066895
105.98	-0.000688737
106	-0.00071212
106.02	-0.000733497
106.04	-0.000750621
106.06	-0.0007648
106.08	-0.000783864
106.1	-0.000808485
106.12	-0.000836548
106.14	-0.000863315
106.16	-0.000886959
106.18	-0.000900387
106.2	-0.000904328
106.22	-0.000893219
106.24	-0.000869346
106.26	-0.000834579
106.28	-0.000795652
106.3	-0.000751305
106.32	-0.000706297
106.34	-0.000662088
106.36	-0.000618691
106.38	-0.00058398
106.4	-0.000563528
106.42	-0.000545744
106.44	-0.00053057
106.46	-0.000523137
106.48	-0.000516434
106.5	-0.000502625
106.52	-0.000487941
106.54	-0.00047892
106.56	-0.000477862
106.58	-0.000495896
106.6	-0.00053133
106.62	-0.000548895
106.64	-0.000554145
106.66	-0.000552625
106.68	-0.000549888
106.7	-0.000546051
106.72	-0.000546344
106.74	-0.000547661
106.76	-0.000548685
106.78	-0.000539018
106.8	-0.000517276
106.82	-0.00049423
106.84	-0.000469793
106.86	-0.000445115
106.88	-0.000432213
106.9	-0.00042331
106.92	-0.000415665
106.94	-0.000415255
106.96	-0.000430308
106.98	-0.000464953
107	-0.000517486
107.02	-0.000574477
107.04	-0.000620117
107.06	-0.000663676
107.08	-0.000708407
107.1	-0.000748524
107.12	-0.000777848
107.14	-0.000791033
107.16	-0.000795438
107.18	-0.000788827
107.2	-0.000781369
107.22	-0.000774986
107.24	-0.000770344
107.26	-0.000762535
107.28	-0.000755024
107.3	-0.000745908
107.32	-0.000727306
107.34	-0.000704757
107.36	-0.00068438
107.38	-0.000665294
107.4	-0.000660641
107.42	-0.000668666
107.44	-0.000685781
107.46	-0.000697805
107.48	-0.00069844
107.5	-0.000686249
107.52	-0.000673408
107.54	-0.000671737
107.56	-0.000676975
107.58	-0.00068061
107.6	-0.000683349
107.62	-0.000684001
107.64	-0.000680462
107.66	-0.000671617
107.68	-0.000669019
107.7	-0.000661122
107.72	-0.000647201
107.74	-0.000626104
107.76	-0.000596893
107.78	-0.000563492
107.8	-0.000531405
107.82	-0.000498509
107.84	-0.000465195
107.86	-0.000429075
107.88	-0.000393647
107.9	-0.000356899
107.92	-0.00031731
107.94	-0.000276642
107.96	-0.000243312
107.98	-0.000219577
108	-0.000208358
108.02	-0.000212677
108.04	-0.000234509
108.06	-0.000239958
108.08	-0.000227902
108.1	-0.000202324
108.12	-0.000163372
108.14	-0.000110802
108.16	-5.06443E-05
108.18	1.12422E-05
108.2	6.41227E-05
108.22	0.000107526
108.24	0.000142199
108.26	0.000177743
108.28	0.000210851
108.3	0.000239151
108.32	0.000264337
108.34	0.000284011
108.36	0.000293479
108.38	0.000298261
108.4	0.000299936
108.42	0.000304691
108.44	0.000312035
108.46	0.000321391
108.48	0.000328794
108.5	0.000326281
108.52	0.00031677
108.54	0.000297083
108.56	0.000262512
108.58	0.000225571
108.6	0.000186423
108.62	0.000146445
108.64	0.000109428
108.66	9.37444E-05
108.68	9.51835E-05
108.7	0.000103558
108.72	0.000114552
108.74	0.000125723
108.76	0.000141501
108.78	0.000158401
108.8	0.000174455
108.82	0.000188252
108.84	0.000196704
108.86	0.00019845
108.88	0.000186222
108.9	0.000160989
108.92	0.000125806
108.94	8.15982E-05
108.96	2.93264E-05
108.98	-3.35883E-05
109	-9.44781E-05
109.02	-0.000148962
109.04	-0.000203964
109.06	-0.000255624
109.08	-0.000302679
109.1	-0.000342685
109.12	-0.000376955
109.14	-0.000403705
109.16	-0.000415971
109.18	-0.000423633
109.2	-0.00043118
109.22	-0.000431895
109.24	-0.000431672
109.26	-0.0004327
109.28	-0.000429647
109.3	-0.000420542
109.32	-0.000416207
109.34	-0.000414852
109.36	-0.000420839
109.38	-0.000429363
109.4	-0.000438313
109.42	-0.000449512
109.44	-0.000463275
109.46	-0.000478821
109.48	-0.000493985
109.5	-0.000504426
109.52	-0.000505554
109.54	-0.000496476
109.56	-0.000487692
109.58	-0.000488013
109.6	-0.000500459
109.62	-0.000516888
109.64	-0.000539336
109.66	-0.000562538
109.68	-0.000587525
109.7	-0.00061096
109.72	-0.000614622
109.74	-0.000590374
109.76	-0.000544741
109.78	-0.000495464
109.8	-0.000457123
109.82	-0.000441471
109.84	-0.000455731
109.86	-0.000480798
109.88	-0.000498079
109.9	-0.000514937
109.92	-0.000528307
109.94	-0.000543903
109.96	-0.00056165
109.98	-0.000577571
110	-0.000585
110.02	-0.000581684
110.04	-0.000568692
110.06	-0.000548285
110.08	-0.000520648
110.1	-0.000483039
110.12	-0.000439761
110.14	-0.00040218
110.16	-0.000371729
110.18	-0.000354363
110.2	-0.000336714
110.22	-0.000312103
110.24	-0.000276129
110.26	-0.000239041
110.28	-0.000206034
110.3	-0.00017958
110.32	-0.000165162
110.34	-0.000155852
110.36	-0.000149307
110.38	-0.000144127
110.4	-0.000144646
110.42	-0.000156258
110.44	-0.000180309
110.46	-0.000214365
110.48	-0.000256121
110.5	-0.000300147
110.52	-0.000341519
110.54	-0.000376151
110.56	-0.000403897
110.58	-0.000417802
110.6	-0.000429361
110.62	-0.000439563
110.64	-0.000445657
110.66	-0.000447504
110.68	-0.000438838
110.7	-0.000419497
110.72	-0.0003937
110.74	-0.000369731
110.76	-0.000349403
110.78	-0.000336843
110.8	-0.000336872
110.82	-0.000344028
110.84	-0.000349538
110.86	-0.000354163
110.88	-0.000366017
110.9	-0.000394046
110.92	-0.000427527
110.94	-0.00046309
110.96	-0.000494614
110.98	-0.000521368
111	-0.000552504
111.02	-0.000586554
111.04	-0.000625539
111.06	-0.000659686
111.08	-0.000677518
111.1	-0.000696495
111.12	-0.000716266
111.14	-0.000734618
111.16	-0.000743818
111.18	-0.000738686
111.2	-0.000715046
111.22	-0.000680597
111.24	-0.000655641
111.26	-0.000641091
111.28	-0.000627052
111.3	-0.000611281
111.32	-0.000597408
111.34	-0.000583407
111.36	-0.000568508
111.38	-0.000552874
111.4	-0.000535928
111.42	-0.000523495
111.44	-0.000514354
111.46	-0.000510406
111.48	-0.000515402
111.5	-0.000506407
111.52	-0.000479876
111.54	-0.000447801
111.56	-0.000417247
111.58	-0.000389443
111.6	-0.000361413
111.62	-0.000332329
111.64	-0.000296324
111.66	-0.000249551
111.68	-0.000193299
111.7	-0.000131507
111.72	-6.81463E-05
111.74	-3.99113E-06
111.76	5.83911E-05
111.78	0.000116916
111.8	0.000168891
111.82	0.000213548
111.84	0.000251678
111.86	0.000280638
111.88	0.000303134
111.9	0.000321927
111.92	0.000339834
111.94	0.000357617
111.96	0.000374712
111.98	0.000387789
112	0.000396466
112.02	0.000404916
112.04	0.000415848
112.06	0.000427295
112.08	0.000441283
112.1	0.000453396
112.12	0.000459346
112.14	0.000460989
112.16	0.00046152
112.18	0.000459339
112.2	0.000454046
112.22	0.000451146
112.24	0.000458506
112.26	0.000475795
112.28	0.000496916
112.3	0.000513867
112.32	0.000519987
112.34	0.000522846
112.36	0.000531711
112.38	0.000545125
112.4	0.000562436
112.42	0.00057789
112.44	0.000590205
112.46	0.000597008
112.48	0.000589373
112.5	0.000561657
112.52	0.000517444
112.54	0.000461154
112.56	0.000400841
112.58	0.000349576
112.6	0.000312216
112.62	0.000285724
112.64	0.000273838
112.66	0.000278885
112.68	0.000296318
112.7	0.00032219
112.72	0.000345277
112.74	0.000359982
112.76	0.000371381
112.78	0.000374468
112.8	0.000368501
112.82	0.000355703
112.84	0.000329692
112.86	0.000295094
112.88	0.000263884
112.9	0.000236829
112.92	0.000221445
112.94	0.000220585
112.96	0.000218753
112.98	0.000214803
113	0.000220861
113.02	0.000234867
113.04	0.000247811
113.06	0.000253947
113.08	0.000257204
113.1	0.000258222
113.12	0.000260475
113.14	0.000256953
113.16	0.000243445
113.18	0.000219538
113.2	0.000199756
113.22	0.000194939
113.24	0.000200576
113.26	0.000207363
113.28	0.000204674
113.3	0.000190449
113.32	0.000175896
113.34	0.0001735
113.36	0.000187034
113.38	0.000212798
113.4	0.000233093
113.42	0.000239812
113.44	0.000243351
113.46	0.000246595
113.48	0.000254442
113.5	0.000270321
113.52	0.000285543
113.54	0.000280413
113.56	0.000266812
113.58	0.000258838
113.6	0.000251969
113.62	0.00024608
113.64	0.000243073
113.66	0.00025036
113.68	0.000267961
113.7	0.000293934
113.72	0.000330121
113.74	0.000370642
113.76	0.000406579
113.78	0.000429341
113.8	0.000433515
113.82	0.000420048
113.84	0.000406307
113.86	0.000385766
113.88	0.000360775
113.9	0.000341056
113.92	0.000324958
113.94	0.000317021
113.96	0.000320717
113.98	0.000333599
114	0.00036448
114.02	0.000403215
114.04	0.000438128
114.06	0.000470237
114.08	0.000494253
114.1	0.00050324
114.12	0.000507478
114.14	0.000509922
114.16	0.000508737
114.18	0.000495567
114.2	0.000462634
114.22	0.000416612
114.24	0.000376844
114.26	0.0003551
114.28	0.000354691
114.3	0.000368529
114.32	0.000383658
114.34	0.00039371
114.36	0.000390172
114.38	0.00037164
114.4	0.000337579
114.42	0.000303388
114.44	0.000280008
114.46	0.000268417
114.48	0.000271898
114.5	0.00027855
114.52	0.000282152
114.54	0.000279492
114.56	0.000265346
114.58	0.000238372
114.6	0.000207151
114.62	0.000185362
114.64	0.000180502
114.66	0.000196211
114.68	0.000221457
114.7	0.000237379
114.72	0.000238945
114.74	0.00023271
114.76	0.000217441
114.78	0.000193452
114.8	0.000158554
114.82	0.000115212
114.84	6.81007E-05
114.86	1.69074E-05
114.88	-3.66257E-05
114.9	-8.5863E-05
114.92	-0.00012942
114.94	-0.000167375
114.96	-0.000196348
114.98	-0.000213784
115	-0.00023187
115.02	-0.00025151
115.04	-0.000269494
115.06	-0.00029202
115.08	-0.000309429
115.1	-0.0003212
115.12	-0.000340267
115.14	-0.000370175
115.16	-0.000397647
115.18	-0.000418425
115.2	-0.000440092
115.22	-0.00045911
115.24	-0.000468422
115.26	-0.000470961
115.28	-0.000470522
115.3	-0.000473042
115.32	-0.000485765
115.34	-0.000504901
115.36	-0.00052336
115.38	-0.000545243
115.4	-0.000566027
115.42	-0.000573885
115.44	-0.000568864
115.46	-0.00055582
115.48	-0.000548525
115.5	-0.000549579
115.52	-0.000551753
115.54	-0.000552757
115.56	-0.000560732
115.58	-0.000576749
115.6	-0.000598868
115.62	-0.000614709
115.64	-0.000624574
115.66	-0.000632289
115.68	-0.000637849
115.7	-0.000643498
115.72	-0.000642791
115.74	-0.000628571
115.76	-0.000613889
115.78	-0.000605418
115.8	-0.000603938
115.82	-0.000609987
115.84	-0.000615011
115.86	-0.00060049
115.88	-0.000567362
115.9	-0.000524901
115.92	-0.000482903
115.94	-0.000442658
115.96	-0.000406992
115.98	-0.000365046
116	-0.000323311
116.02	-0.000281115
116.04	-0.000233284
116.06	-0.000182122
116.08	-0.000129739
116.1	-8.19267E-05
116.12	-4.94407E-05
116.14	-2.85753E-05
116.16	-1.81617E-05
116.18	-9.66257E-06
116.2	-9.03372E-07
116.22	9.8323E-06
116.24	2.1094E-05
116.26	2.70789E-05
116.28	2.67139E-05
116.3	1.42515E-05
116.32	-1.47495E-05
116.34	-5.57005E-05
116.36	-0.000107157
116.38	-0.000161667
116.4	-0.000214167
116.42	-0.000258523
116.44	-0.000296024
116.46	-0.00032777
116.48	-0.000352088
116.5	-0.000368827
116.52	-0.000378676
116.54	-0.000383622
116.56	-0.000392242
116.58	-0.000407071
116.6	-0.000413036
116.62	-0.000412461
116.64	-0.000412759
116.66	-0.000414945
116.68	-0.00042081
116.7	-0.000429668
116.72	-0.000443652
116.74	-0.000462281
116.76	-0.000482172
116.78	-0.000499413
116.8	-0.000513379
116.82	-0.000525236
116.84	-0.00054354
116.86	-0.000569308
116.88	-0.000606662
116.9	-0.000645478
116.92	-0.00068404
116.94	-0.000720466
116.96	-0.000753947
116.98	-0.000783137
117	-0.000807977
117.02	-0.000826176
117.04	-0.000820662
117.06	-0.000804293
117.08	-0.00080265
117.1	-0.000793415
117.12	-0.000778941
117.14	-0.000758696
117.16	-0.000740355
117.18	-0.000728195
117.2	-0.000723119
117.22	-0.000720466
117.24	-0.000718258
117.26	-0.000712859
117.28	-0.00070425
117.3	-0.000686795
117.32	-0.000652663
117.34	-0.000600544
117.36	-0.000547171
117.38	-0.000490892
117.4	-0.000437725
117.42	-0.000409198
117.44	-0.000398307
117.46	-0.000393535
117.48	-0.000396985
117.5	-0.000399752
117.52	-0.000398263
117.54	-0.000392877
117.56	-0.000375568
117.58	-0.000340678
117.6	-0.000303444
117.62	-0.000266965
117.64	-0.000235702
117.66	-0.000207225
117.68	-0.000183093
117.7	-0.000162926
117.72	-0.000145691
117.74	-0.000131045
117.76	-0.000127638
117.78	-0.000133258
117.8	-0.000146891
117.82	-0.000158329
117.84	-0.000164532
117.86	-0.000161712
117.88	-0.000149446
117.9	-0.000132901
117.92	-0.000114632
117.94	-0.000100113
117.96	-9.19869E-05
117.98	-9.51226E-05
118	-0.000113412
118.02	-0.000121569
118.04	-0.000121328
118.06	-0.000123197
118.08	-0.000127528
118.1	-0.000133911
118.12	-0.000139894
118.14	-0.00014101
118.16	-0.000142125
118.18	-0.000146503
118.2	-0.000153288
118.22	-0.000151498
118.24	-0.000137915
118.26	-0.000128199
118.28	-0.000133392
118.3	-0.000154572
118.32	-0.000189819
118.34	-0.000227657
118.36	-0.000252197
118.38	-0.000255117
118.4	-0.000256908
118.42	-0.000263295
118.44	-0.000266562
118.46	-0.000261577
118.48	-0.000253494
118.5	-0.000247885
118.52	-0.000257935
118.54	-0.00027217
118.56	-0.000290235
118.58	-0.000315318
118.6	-0.000352991
118.62	-0.000402246
118.64	-0.000455895
118.66	-0.000502837
118.68	-0.00054042
118.7	-0.000567046
118.72	-0.000584193
118.74	-0.000600485
118.76	-0.00062675
118.78	-0.00066789
118.8	-0.000714668
118.82	-0.000746781
118.84	-0.000771779
118.86	-0.000795537
118.88	-0.000815228
118.9	-0.000827526
118.92	-0.000841685
118.94	-0.000864551
118.96	-0.00089693
118.98	-0.000926076
119	-0.000949862
119.02	-0.000968044
119.04	-0.000986688
119.06	-0.00100729
119.08	-0.001027441
119.1	-0.00105
119.12	-0.001083483
119.14	-0.001122975
119.16	-0.001154754
119.18	-0.001175879
119.2	-0.001195724
119.22	-0.001212683
119.24	-0.001224334
119.26	-0.001227927
119.28	-0.0012229
119.3	-0.001203564
119.32	-0.001174051
119.34	-0.001147845
119.36	-0.001131098
119.38	-0.001126758
119.4	-0.001132855
119.42	-0.001135109
119.44	-0.001120257
119.46	-0.001093745
119.48	-0.001055373
119.5	-0.001001749
119.52	-0.000942954
119.54	-0.000885465
119.56	-0.000834918
119.58	-0.00079537
119.6	-0.000770573
119.62	-0.000749322
119.64	-0.00071688
119.66	-0.000676146
119.68	-0.000625167
119.7	-0.000569883
119.72	-0.000516689
119.74	-0.00046699
119.76	-0.000430859
119.78	-0.000405647
119.8	-0.000381114
119.82	-0.000350478
119.84	-0.000313872
119.86	-0.000269611
119.88	-0.000220539
119.9	-0.000170145
119.92	-0.000125756
119.94	-9.11005E-05
119.96	-6.35436E-05
119.98	-4.30538E-05
120	-3.19898E-05
120.02	-2.78557E-05
120.04	-2.55957E-05
120.06	-1.68757E-05
120.08	-1.31232E-06
120.1	1.28125E-05
120.12	2.21127E-05
120.14	2.33479E-05
120.16	1.90166E-05
120.18	1.12508E-05
120.2	-1.61594E-05
120.22	-5.96664E-05
120.24	-8.34579E-05
120.26	-9.52173E-05
120.28	-0.000103416
120.3	-0.000101943
120.32	-8.39793E-05
120.34	-6.3323E-05
120.36	-4.87642E-05
120.38	-3.98027E-05
120.4	-3.32103E-05
120.42	-3.33796E-05
120.44	-4.36564E-05
120.46	-6.49514E-05
120.48	-9.71378E-05
120.5	-0.00013172
120.52	-0.000160716
120.54	-0.000185005
120.56	-0.000210888
120.58	-0.000243509
120.6	-0.000274388
120.62	-0.000297935
120.64	-0.00031274
120.66	-0.000323312
120.68	-0.000321699
120.7	-0.000301197
120.72	-0.000274693
120.74	-0.000246004
120.76	-0.000219537
120.78	-0.00019524
120.8	-0.000174774
120.82	-0.000158777
120.84	-0.000145719
120.86	-0.00013698
120.88	-0.000130085
120.9	-0.000118682
120.92	-9.60239E-05
120.94	-5.99761E-05
120.96	-1.87221E-05
120.98	2.7117E-05
121	6.58165E-05
121.02	8.85658E-05
121.04	9.91189E-05
121.06	0.000103781
121.08	0.000115863
121.1	0.000138029
121.12	0.000171516
121.14	0.000215415
121.16	0.000263614
121.18	0.000300227
121.2	0.00031514
121.22	0.000313137
121.24	0.00030887
121.26	0.000310279
121.28	0.000328765
121.3	0.000367592
121.32	0.000431643
121.34	0.000511551
121.36	0.000595279
121.38	0.000667758
121.4	0.000725384
121.42	0.000769188
121.44	0.000800116
121.46	0.000815994
121.48	0.000820775
121.5	0.000817326
121.52	0.000812728
121.54	0.000809068
121.56	0.000807463
121.58	0.000793343
121.6	0.000773943
121.62	0.000754273
121.64	0.000734948
121.66	0.000720166
121.68	0.000719253
121.7	0.000723636
121.72	0.000728366
121.74	0.000740466
121.76	0.000762614
121.78	0.00078212
121.8	0.000798726
121.82	0.000816087
121.84	0.000834506
121.86	0.000840846
121.88	0.000833219
121.9	0.000819214
121.92	0.000809071
121.94	0.00081341
121.96	0.000828596
121.98	0.000844728
122	0.000854446
122.02	0.00085041
122.04	0.000828939
122.06	0.000797869
122.08	0.000767789
122.1	0.000731616
122.12	0.000678319
122.14	0.00060981
122.16	0.00052428
122.18	0.000437453
122.2	0.00036214
122.22	0.00029393
122.24	0.000230364
122.26	0.000171253
122.28	0.000116217
122.3	6.69715E-05
122.32	3.34341E-05
122.34	1.95612E-05
122.36	4.11442E-05
122.38	7.4669E-05
122.4	0.000103284
122.42	0.00012626
122.44	0.000140872
122.46	0.000147985
122.48	0.000150233
122.5	0.00014775
122.52	0.000145762
122.54	0.000142688
122.56	0.000143495
122.58	0.000146916
122.6	0.000145212
122.62	0.000124467
122.64	9.08497E-05
122.66	5.58256E-05
122.68	2.99445E-05
122.7	7.59659E-06
122.72	-8.68066E-06
122.74	-1.78409E-05
122.76	-1.85725E-05
122.78	-1.65992E-05
122.8	-1.62541E-05
122.82	-2.73228E-05
122.84	-4.62154E-05
122.86	-6.91297E-05
122.88	-8.76727E-05
122.9	-9.57947E-05
122.92	-9.37189E-05
122.94	-0.00010029
122.96	-0.000122404
122.98	-0.000164615
123	-0.00021414
123.02	-0.000262029
123.04	-0.000304611
123.06	-0.000337731
123.08	-0.000367317
123.1	-0.000389022
123.12	-0.000400164
123.14	-0.00040973
123.16	-0.000415466
123.18	-0.000420792
123.2	-0.000453328
123.22	-0.000485906
123.24	-0.000503344
123.26	-0.000514304
123.28	-0.000520003
123.3	-0.00052368
123.32	-0.000527254
123.34	-0.000531913
123.36	-0.00053013
123.38	-0.000523482
123.4	-0.000518892
123.42	-0.000513937
123.44	-0.000508811
123.46	-0.000504141
123.48	-0.000502516
123.5	-0.00050689
123.52	-0.000516558
123.54	-0.000532902
123.56	-0.00055156
123.58	-0.000569925
123.6	-0.000582981
123.62	-0.000595924
123.64	-0.000609603
123.66	-0.000618825
123.68	-0.000612394
123.7	-0.000595704
123.72	-0.000577367
123.74	-0.000557191
123.76	-0.000529365
123.78	-0.00049082
123.8	-0.000433529
123.82	-0.000370998
123.84	-0.000311129
123.86	-0.000254616
123.88	-0.000197928
123.9	-0.00014084
123.92	-8.54742E-05
123.94	-3.55833E-05
123.96	9.32603E-06
123.98	3.98483E-05
124	5.45757E-05
124.02	7.1846E-05
124.04	9.46605E-05
124.06	0.000116994
124.08	0.000137873
124.1	0.000161335
124.12	0.000190814
124.14	0.000229619
124.16	0.000265135
124.18	0.000291708
124.2	0.000308632
124.22	0.000315196
124.24	0.000326849
124.26	0.000344357
124.28	0.000357805
124.3	0.000370882
124.32	0.000387396
124.34	0.000406475
124.36	0.000418929
124.38	0.000419102
124.4	0.000408941
124.42	0.000393826
124.44	0.000376788
124.46	0.000362264
124.48	0.000354524
124.5	0.000342465
124.52	0.000320834
124.54	0.000282438
124.56	0.000220948
124.58	0.000151848
124.6	7.73498E-05
124.62	9.8298E-06
124.64	-4.48842E-05
124.66	-7.64488E-05
124.68	-8.30154E-05
124.7	-7.39675E-05
124.72	-6.33118E-05
124.74	-6.62426E-05
124.76	-8.63346E-05
124.78	-0.000125159
124.8	-0.000181261
124.82	-0.000253825
124.84	-0.000327858
124.86	-0.000387551
124.88	-0.000426638
124.9	-0.00045065
124.92	-0.000459508
124.94	-0.000448672
124.96	-0.000442107
124.98	-0.000455345
125	-0.000478594
125.02	-0.000515713
125.04	-0.000564813
125.06	-0.000614671
125.08	-0.000656477
125.1	-0.000686997
125.12	-0.000699411
125.14	-0.000695704
125.16	-0.000681035
125.18	-0.000659382
125.2	-0.000631096
125.22	-0.000601332
125.24	-0.000581869
125.26	-0.000568216
125.28	-0.000555051
125.3	-0.000517992
125.32	-0.0004628
125.34	-0.000411783
125.36	-0.000364288
125.38	-0.000308387
125.4	-0.000248851
125.42	-0.000200525
125.44	-0.00017456
125.46	-0.000165674
125.48	-0.000161846
125.5	-0.00015175
125.52	-0.000132006
125.54	-0.000100589
125.56	-7.65377E-05
125.58	-7.56863E-05
125.6	-9.24775E-05
125.62	-0.0001009
125.64	-0.000108026
125.66	-0.000115412
125.68	-0.000116932
125.7	-0.000108207
125.72	-9.22535E-05
125.74	-6.16465E-05
125.76	-2.31094E-05
125.78	1.20365E-05
125.8	2.52954E-05
125.82	1.07567E-05
125.84	-1.78399E-05
125.86	-4.94567E-05
125.88	-8.43463E-05
125.9	-0.000116781
125.92	-0.000144282
125.94	-0.000167728
125.96	-0.000179634
125.98	-0.000183692
126	-0.000192689
126.02	-0.000217501
126.04	-0.000275534
126.06	-0.000332387
126.08	-0.000379874
126.1	-0.000422609
126.12	-0.000465342
126.14	-0.000508319
126.16	-0.000546674
126.18	-0.000575977
126.2	-0.000600063
126.22	-0.000619836
126.24	-0.000636049
126.26	-0.000641698
126.28	-0.000639616
126.3	-0.000637621
126.32	-0.000638484
126.34	-0.000644991
126.36	-0.000660852
126.38	-0.000681786
126.4	-0.000698586
126.42	-0.000714325
126.44	-0.000748507
126.46	-0.000785866
126.48	-0.000817501
126.5	-0.000837971
126.52	-0.00084568
126.54	-0.000845484
126.56	-0.000839494
126.58	-0.000825256
126.6	-0.000804756
126.62	-0.000784778
126.64	-0.000775366
126.66	-0.000783155
126.68	-0.000813135
126.7	-0.000847981
126.72	-0.000867383
126.74	-0.000868903
126.76	-0.000861809
126.78	-0.000848305
126.8	-0.000820137
126.82	-0.000767563
126.84	-0.00070673
126.86	-0.000648066
126.88	-0.000603772
126.9	-0.000577106
126.92	-0.00057085
126.94	-0.000586836
126.96	-0.000624499
126.98	-0.000668527
127	-0.000713272
127.02	-0.000753781
127.04	-0.000785365
127.06	-0.000809336
127.08	-0.000845467
127.1	-0.000882127
127.12	-0.000906331
127.14	-0.000918426
127.16	-0.000917698
127.18	-0.000903732
127.2	-0.000884895
127.22	-0.000868459
127.24	-0.000855247
127.26	-0.000844716
127.28	-0.000840714
127.3	-0.000840111
127.32	-0.000839803
127.34	-0.000818738
127.36	-0.000774636
127.38	-0.000722817
127.4	-0.000666501
127.42	-0.000610915
127.44	-0.000565562
127.46	-0.000524088
127.48	-0.000494528
127.5	-0.000482375
127.52	-0.000493372
127.54	-0.000511173
127.56	-0.000521886
127.58	-0.000510393
127.6	-0.000488532
127.62	-0.000459603
127.64	-0.000417753
127.66	-0.000360542
127.68	-0.000293741
127.7	-0.000225855
127.72	-0.000167172
127.74	-0.000116479
127.76	-7.63329E-05
127.78	-3.56358E-05
127.8	1.54766E-05
127.82	7.94019E-05
127.84	0.000130947
127.86	0.000155891
127.88	0.0001603
127.9	0.000150977
127.92	0.000134055
127.94	0.000117078
127.96	9.81834E-05
127.98	8.25307E-05
128	5.48517E-05
128.02	1.2461E-05
128.04	-3.59523E-05
128.06	-8.38125E-05
128.08	-0.00013318
128.1	-0.00018094
128.12	-0.000220544
128.14	-0.000245953
128.16	-0.00026966
128.18	-0.000297317
128.2	-0.000327855
128.22	-0.000358067
128.24	-0.000390026
128.26	-0.000413776
128.28	-0.000435426
128.3	-0.000452976
128.32	-0.000464704
128.34	-0.000473511
128.36	-0.000482276
128.38	-0.000486833
128.4	-0.000489654
128.42	-0.000494532
128.44	-0.000501018
128.46	-0.000501362
128.48	-0.000499888
128.5	-0.000497756
128.52	-0.000507549
128.54	-0.000525753
128.56	-0.000553028
128.58	-0.000582402
128.6	-0.000609563
128.62	-0.000640257
128.64	-0.000675998
128.66	-0.000710029
128.68	-0.000748707
128.7	-0.000791663
128.72	-0.000842773
128.74	-0.000897237
128.76	-0.000951162
128.78	-0.000987403
128.8	-0.001010084
128.82	-0.001044515
128.84	-0.001075336
128.86	-0.001107661
128.88	-0.001146242
128.9	-0.001182316
128.92	-0.001210447
128.94	-0.001226885
128.96	-0.001236956
128.98	-0.001242581
129	-0.00124098
129.02	-0.001226988
129.04	-0.001201261
129.06	-0.001167815
129.08	-0.001124618
129.1	-0.001071811
129.12	-0.001008572
129.14	-0.00094496
129.16	-0.000902988
129.18	-0.000892634
129.2	-0.000898075
129.22	-0.000894215
129.24	-0.000883215
129.26	-0.000873542
129.28	-0.000862383
129.3	-0.000852927
129.32	-0.000847536
129.34	-0.000839231
129.36	-0.000820278
129.38	-0.000795749
129.4	-0.000776493
129.42	-0.000760328
129.44	-0.000749845
129.46	-0.000747701
129.48	-0.000751205
129.5	-0.000758884
129.52	-0.000767487
129.54	-0.000764656
129.56	-0.0007412
129.58	-0.000700005
129.6	-0.00065503
129.62	-0.00061045
129.64	-0.000566884
129.66	-0.000525248
129.68	-0.000485181
129.7	-0.00043818
129.72	-0.000387254
129.74	-0.000340149
129.76	-0.000301572
129.78	-0.000282151
129.8	-0.000307521
129.82	-0.00034212
129.84	-0.000363455
129.86	-0.000382696
129.88	-0.000392707
129.9	-0.000389776
129.92	-0.000379584
129.94	-0.000369766
129.96	-0.000362984
129.98	-0.000364525
130	-0.000374066
130.02	-0.000387539
130.04	-0.000394938
130.06	-0.000395214
130.08	-0.000383254
130.1	-0.000347149
130.12	-0.000292046
130.14	-0.000245407
130.16	-0.000206118
130.18	-0.000171871
130.2	-0.000146222
130.22	-0.000133511
130.24	-0.000123889
130.26	-0.000111425
130.28	-0.000101204
130.3	-0.000108348
130.32	-0.000117889
130.34	-0.000119557
130.36	-0.000118399
130.38	-0.000112225
130.4	-0.000106854
130.42	-0.000110354
130.44	-0.000121206
130.46	-0.000126605
130.48	-0.000128513
130.5	-0.000128654
130.52	-0.00012647
130.54	-0.000117862
130.56	-0.000110965
130.58	-9.898E-05
130.6	-7.94057E-05
130.62	-4.80849E-05
130.64	4.68749E-06
130.66	6.72785E-05
130.68	0.000125636
130.7	0.000184417
130.72	0.000234531
130.74	0.000272665
130.76	0.000288644
130.78	0.000295293
130.8	0.000299588
130.82	0.0003049
130.84	0.000308222
130.86	0.000300522
130.88	0.00027785
130.9	0.000251241
130.92	0.000224283
130.94	0.00019421
130.96	0.000162498
130.98	0.000135467
131	0.000119116
131.02	0.000114472
131.04	0.000129614
131.06	0.000165019
131.08	0.000208059
131.1	0.000261563
131.12	0.000321583
131.14	0.000381529
131.16	0.000440775
131.18	0.000488876
131.2	0.000515843
131.22	0.000513956
131.24	0.000498984
131.26	0.000479096
131.28	0.000462106
131.3	0.000450281
131.32	0.000448335
131.34	0.000450616
131.36	0.000451602
131.38	0.000447313
131.4	0.000452457
131.42	0.000460663
131.44	0.000460551
131.46	0.000444793
131.48	0.000423546
131.5	0.000404438
131.52	0.000393112
131.54	0.000377355
131.56	0.000350737
131.58	0.000315401
131.6	0.000285943
131.62	0.000277902
131.64	0.000299653
131.66	0.000326648
131.68	0.000355004
131.7	0.00038828
131.72	0.000428595
131.74	0.000471694
131.76	0.000504349
131.78	0.000518538
131.8	0.000521053
131.82	0.000515826
131.84	0.000507462
131.86	0.000496979
131.88	0.000474168
131.9	0.00043113
131.92	0.000373186
131.94	0.000318928
131.96	0.000274935
131.98	0.000241006
132	0.000220198
132.02	0.000210899
132.04	0.000212579
132.06	0.000246456
132.08	0.000314753
132.1	0.000377328
132.12	0.000417908
132.14	0.000436526
132.16	0.000442004
132.18	0.000431648
132.2	0.000406407
132.22	0.000371447
132.24	0.000329639
132.26	0.00027957
132.28	0.000229074
132.3	0.000174026
132.32	0.000113966
132.34	4.23519E-05
132.36	-3.77344E-05
132.38	-0.000126522
132.4	-0.000215842
132.42	-0.000304791
132.44	-0.000391619
132.46	-0.000483185
132.48	-0.000562189
132.5	-0.000631117
132.52	-0.000690309
132.54	-0.000726877
132.56	-0.000742673
132.58	-0.000758278
132.6	-0.000779621
132.62	-0.000807033
132.64	-0.00084195
132.66	-0.000884792
132.68	-0.000900252
132.7	-0.000881913
132.72	-0.000865094
132.74	-0.00084799
132.76	-0.000839651
132.78	-0.000848732
132.8	-0.000874212
132.82	-0.000906382
132.84	-0.000942725
132.86	-0.000982835
132.88	-0.001030945
132.9	-0.0010818
132.92	-0.00111879
132.94	-0.001143123
132.96	-0.001164356
132.98	-0.001186614
133	-0.001206235
133.02	-0.001229515
133.04	-0.001251046
133.06	-0.001256782
133.08	-0.001254193
133.1	-0.001251363
133.12	-0.001239434
133.14	-0.001210929
133.16	-0.001174699
133.18	-0.00113923
133.2	-0.001110022
133.22	-0.001088853
133.24	-0.001065326
133.26	-0.001034002
133.28	-0.000984122
133.3	-0.000922942
133.32	-0.00086197
133.34	-0.000794276
133.36	-0.000715802
133.38	-0.000635945
133.4	-0.000562626
133.42	-0.000501494
133.44	-0.00044656
133.46	-0.000396557
133.48	-0.00036083
133.5	-0.000329598
133.52	-0.000282064
133.54	-0.000225802
133.56	-0.000158181
133.58	-9.47797E-05
133.6	-3.68998E-05
133.62	1.46094E-05
133.64	6.31961E-05
133.66	0.000102556
133.68	0.000135419
133.7	0.000158552
133.72	0.000168306
133.74	0.000160975
133.76	0.000142207
133.78	0.000121704
133.8	0.00011504
133.82	0.000123368
133.84	0.000138631
133.86	0.000153439
133.88	0.000158317
133.9	0.000156526
133.92	0.000155671
133.94	0.000144332
133.96	0.000130639
133.98	0.000125256
134	0.000126698
134.02	0.000124276
134.04	0.000113245
134.06	9.73158E-05
134.08	7.68023E-05
134.1	5.37737E-05
134.12	3.88065E-05
134.14	2.78622E-05
134.16	7.31413E-06
134.18	-1.93725E-05
134.2	-5.13937E-05
134.22	-9.36828E-05
134.24	-0.000135965
134.26	-0.000179
134.28	-0.000223587
134.3	-0.000266496
134.32	-0.000305575
134.34	-0.000343917
134.36	-0.000381998
134.38	-0.000421621
134.4	-0.00045852
134.42	-0.000480156
134.44	-0.000477581
134.46	-0.000462074
134.48	-0.000447093
134.5	-0.000443649
134.52	-0.000448638
134.54	-0.000462129
134.56	-0.00048625
134.58	-0.000520377
134.6	-0.000549802
134.62	-0.00055982
134.64	-0.000548856
134.66	-0.000544851
134.68	-0.000541196
134.7	-0.000530981
134.72	-0.000515731
134.74	-0.000506699
134.76	-0.00049662
134.78	-0.000486751
134.8	-0.000478489
134.82	-0.00047635
134.84	-0.000484833
134.86	-0.000495532
134.88	-0.000505397
134.9	-0.000523006
134.92	-0.000535367
134.94	-0.000539529
134.96	-0.000540599
134.98	-0.000546317
135	-0.000552632
135.02	-0.000548529
135.04	-0.000528876
135.06	-0.000506584
135.08	-0.000487808
135.1	-0.000471342
135.12	-0.000456925
135.14	-0.000439219
135.16	-0.000419035
135.18	-0.000398224
135.2	-0.000372541
135.22	-0.000342922
135.24	-0.000312297
135.26	-0.000285223
135.28	-0.00026684
135.3	-0.000255417
135.32	-0.000247871
135.34	-0.000236867
135.36	-0.000227195
135.38	-0.000219704
135.4	-0.00020805
135.42	-0.000194465
135.44	-0.000175342
135.46	-0.000147459
135.48	-0.000112584
135.5	-8.20631E-05
135.52	-5.99155E-05
135.54	-4.15099E-05
135.56	-2.77557E-05
135.58	-2.04268E-05
135.6	-2.01559E-05
135.62	-2.96992E-05
135.64	-4.57402E-05
135.66	-6.31838E-05
135.68	-8.67706E-05
135.7	-0.000109685
135.72	-0.000119055
135.74	-0.000115467
135.76	-0.000115167
135.78	-0.000122093
135.8	-0.000135424
135.82	-0.000151039
135.84	-0.000168737
135.86	-0.000197524
135.88	-0.000240491
135.9	-0.000280035
135.92	-0.000313955
135.94	-0.000347934
135.96	-0.000378389
135.98	-0.000400676
136	-0.000418238
136.02	-0.000434681
136.04	-0.000451267
136.06	-0.000467589
136.08	-0.000483294
136.1	-0.00049872
136.12	-0.000514277
136.14	-0.000525249
136.16	-0.000530687
136.18	-0.000535597
136.2	-0.000541278
136.22	-0.000542776
136.24	-0.000542091
136.26	-0.000545868
136.28	-0.00055401
136.3	-0.000564802
136.32	-0.000575666
136.34	-0.000585141
136.36	-0.00059211
136.38	-0.000595282
136.4	-0.000593483
136.42	-0.000587067
136.44	-0.000580505
136.46	-0.0005743
136.48	-0.000560653
136.5	-0.000540111
136.52	-0.000519999
136.54	-0.000501977
136.56	-0.000489344
136.58	-0.000484346
136.6	-0.000481368
136.62	-0.000475764
136.64	-0.000469685
136.66	-0.000463342
136.68	-0.000454876
136.7	-0.000444498
136.72	-0.000430558
136.74	-0.000411
136.76	-0.000389011
136.78	-0.000367585
136.8	-0.000346129
136.82	-0.000329264
136.84	-0.000318849
136.86	-0.000312313
136.88	-0.00030526
136.9	-0.000294263
136.92	-0.000280272
136.94	-0.00026593
136.96	-0.000252027
136.98	-0.000238232
137	-0.000224835
137.02	-0.000212448
137.04	-0.000202232
137.06	-0.000195225
137.08	-0.000191452
137.1	-0.000187961
137.12	-0.000182026
137.14	-0.000176354
137.16	-0.000171797
137.18	-0.00016768
137.2	-0.000165451
137.22	-0.000167247
137.24	-0.000172281
137.26	-0.000179398
137.28	-0.000188301
137.3	-0.000198344
137.32	-0.000212669
137.34	-0.000233585
137.36	-0.000254478
137.38	-0.00027216
137.4	-0.000287855
137.42	-0.000300983
137.44	-0.000312256
137.46	-0.000324211
137.48	-0.000336922
137.5	-0.000349888
137.52	-0.000364151
137.54	-0.000379929
137.56	-0.000397767
137.58	-0.000418325
137.6	-0.000440274
137.62	-0.000460612
137.64	-0.000476226
137.66	-0.000486939
137.68	-0.000494408
137.7	-0.000498986
137.72	-0.000502917
137.74	-0.000507596
137.76	-0.000512412
137.78	-0.000517215
137.8	-0.00052221
137.82	-0.000527836
137.84	-0.000533812
137.86	-0.000538775
137.88	-0.000541536
137.9	-0.000541356
137.92	-0.000538808
137.94	-0.00053499
137.96	-0.00053116
137.98	-0.000528167
138	-0.000525494
138.02	-0.000522623
138.04	-0.000518429
138.06	-0.000511877
138.08	-0.000503922
138.1	-0.000495962
138.12	-0.000487544
138.14	-0.000477709
138.16	-0.00046598
138.18	-0.000452234
138.2	-0.000438588
138.22	-0.000427227
138.24	-0.000417127
138.26	-0.000407975
138.28	-0.000400306
138.3	-0.000393355
138.32	-0.000386236
138.34	-0.000378557
138.36	-0.000368796
138.38	-0.000355727
138.4	-0.000340466
138.42	-0.000323278
138.44	-0.000305644
138.46	-0.000289578
138.48	-0.000276368
138.5	-0.000266622
138.52	-0.000259702
138.54	-0.000254695
138.56	-0.000250561
138.58	-0.000246827
138.6	-0.000243429
138.62	-0.000239761
138.64	-0.00023536
138.66	-0.000230536
138.68	-0.000226186
138.7	-0.000223355
138.72	-0.000222995
138.74	-0.000225264
138.76	-0.000229465
138.78	-0.000235104
138.8	-0.000241624
138.82	-0.000248145
138.84	-0.000254761
138.86	-0.000262299
138.88	-0.000270877
138.9	-0.000280321
138.92	-0.000290183
138.94	-0.000300017
138.96	-0.000310876
138.98	-0.000323599
139	-0.00033703
139.02	-0.000350644
139.04	-0.000363913
139.06	-0.000376132
139.08	-0.000387431
139.1	-0.000398083
139.12	-0.000407949
139.14	-0.000416899
139.16	-0.000424873
139.18	-0.000432696
139.2	-0.000441638
139.22	-0.000451794
139.24	-0.000462366
139.26	-0.000472552
139.28	-0.000481562
139.3	-0.000488458
139.32	-0.000492549
139.34	-0.000494043
139.36	-0.000494291
139.38	-0.00049352
139.4	-0.000491816
139.42	-0.000490272
139.44	-0.00048918
139.46	-0.000488878
139.48	-0.000489538
139.5	-0.000490747
139.52	-0.000491557
139.54	-0.000490898
139.56	-0.000488206
139.58	-0.000483534
139.6	-0.000477742
139.62	-0.000471502
139.64	-0.000464723
139.66	-0.000457521
139.68	-0.000450175
139.7	-0.000442635
139.72	-0.000434866
139.74	-0.00042704
139.76	-0.000419261
139.78	-0.000411472
139.8	-0.000403015
139.82	-0.000393183
139.84	-0.000382242
139.86	-0.00037118
139.88	-0.000360575
139.9	-0.000350186
139.92	-0.000339634
139.94	-0.000329208
139.96	-0.000319429
139.98	-0.000310524
140	-0.00030243
140.02	-0.000294788
140.04	-0.000287188
140.06	-0.000279565
140.08	-0.000272211
140.1	-0.000265579
140.12	-0.00026035
140.14	-0.000256966
140.16	-0.000255449
140.18	-0.000255618
140.2	-0.00025711
140.22	-0.000259463
140.24	-0.000262349
140.26	-0.000265122
140.28	-0.000267418
140.3	-0.000269346
140.32	-0.000270949
140.34	-0.000272714
140.36	-0.000275302
140.38	-0.000279357
140.4	-0.000285081
140.42	-0.000292228
140.44	-0.000300551
140.46	-0.000309746
140.48	-0.000319302
140.5	-0.00032884
140.52	-0.000337999
140.54	-0.000346738
140.56	-0.000355112
140.58	-0.000363049
140.6	-0.000370702
140.62	-0.000378423
140.64	-0.000386308
140.66	-0.000394342
140.68	-0.000402454
140.7	-0.000410257
140.72	-0.000417529
140.74	-0.000424415
140.76	-0.000430883
140.78	-0.000436585
140.8	-0.000441286
140.82	-0.000445218
140.84	-0.000448794
140.86	-0.000452341
140.88	-0.000455864
140.9	-0.000459144
140.92	-0.000462016
140.94	-0.000464359
140.96	-0.000465993
140.98	-0.000466723
141	-0.000466532
141.02	-0.00046543
141.04	-0.000463483
141.06	-0.000460941
141.08	-0.000458133
141.1	-0.000455396
141.12	-0.000452856
141.14	-0.000450178
141.16	-0.000447092
141.18	-0.000443199
141.2	-0.000437996
141.22	-0.000431283
141.24	-0.000423332
141.26	-0.000414536
141.28	-0.000405025
141.3	-0.000395374
141.32	-0.000385917
141.34	-0.000376929
141.36	-0.000368641
141.38	-0.000361092
141.4	-0.000354185
141.42	-0.000347651
141.44	-0.000340991
141.46	-0.000334026
141.48	-0.000326862
141.5	-0.000319696
141.52	-0.00031283
141.54	-0.000306511
141.56	-0.000300839
141.58	-0.000295787
141.6	-0.000291432
141.62	-0.000287987
141.64	-0.000285483
141.66	-0.000283654
141.68	-0.000282233
141.7	-0.000281159
141.72	-0.000280399
141.74	-0.000280062
141.76	-0.000280276
141.78	-0.000281099
141.8	-0.00028261
141.82	-0.00028493
141.84	-0.000288041
141.86	-0.000291814
141.88	-0.000296087
141.9	-0.000300609
141.92	-0.000305192
141.94	-0.000309784
141.96	-0.00031437
141.98	-0.000319023
142	-0.000324005
142.02	-0.00032947
142.04	-0.000335497
142.06	-0.000342049
142.08	-0.000349001
142.1	-0.000356154
142.12	-0.000363383
142.14	-0.000370338
142.16	-0.000376557
142.18	-0.000382146
142.2	-0.000387278
142.22	-0.000392238
142.24	-0.000397209
142.26	-0.00040234
142.28	-0.000407864
142.3	-0.000413627
142.32	-0.000419387
142.34	-0.000425021
142.36	-0.000430338
142.38	-0.000435051
142.4	-0.000438863
142.42	-0.000441593
142.44	-0.000443335
142.46	-0.000444301
142.48	-0.000444655
142.5	-0.000444593
142.52	-0.000444232
142.54	-0.000443491
142.56	-0.00044228
142.58	-0.000440584
142.6	-0.000438417
142.62	-0.00043583
142.64	-0.000432752
142.66	-0.000429016
142.68	-0.000424591
142.7	-0.00041965
142.72	-0.000414384
142.74	-0.000408967
142.76	-0.000403549
142.78	-0.000398167
142.8	-0.000392713
142.82	-0.000387006
142.84	-0.000380993
142.86	-0.000374729
142.88	-0.000368331
142.9	-0.000361859
142.92	-0.000355371
142.94	-0.000349011
142.96	-0.000342968
142.98	-0.000337458
143	-0.000332634
143.02	-0.000328391
143.04	-0.000324517
143.06	-0.000320839
143.08	-0.000317211
143.1	-0.0003136
143.12	-0.000310023
143.14	-0.000306652
143.16	-0.000303669
143.18	-0.00030118
143.2	-0.000299346
143.22	-0.000298276
143.24	-0.000297992
143.26	-0.000298416
143.28	-0.000299376
143.3	-0.000300665
143.32	-0.000302107
143.34	-0.000303594
143.36	-0.00030513
143.38	-0.000306801
143.4	-0.000308683
143.42	-0.000310842
143.44	-0.000313385
143.46	-0.000316404
143.48	-0.00031994
143.5	-0.000323995
143.52	-0.000328508
143.54	-0.000333358
143.56	-0.000338396
143.58	-0.000343547
143.6	-0.000348819
143.62	-0.000354191
143.64	-0.000359587
143.66	-0.000365025
143.68	-0.000370544
143.7	-0.000376134
143.72	-0.000381744
143.74	-0.000387285
143.76	-0.000392658
143.78	-0.000397676
143.8	-0.000402148
143.82	-0.000406055
143.84	-0.000409505
143.86	-0.000412607
143.88	-0.000415416
143.9	-0.000417955
143.92	-0.000420261
143.94	-0.000422335
143.96	-0.000424139
143.98	-0.000425574
144	-0.000426526
144.02	-0.000426893
144.04	-0.000426556
144.06	-0.000425514
144.08	-0.000423894
144.1	-0.00042186
144.12	-0.000419586
144.14	-0.000417186
144.16	-0.000414704
144.18	-0.000412128
144.2	-0.000409406
144.22	-0.000406471
144.24	-0.000403272
144.26	-0.00039975
144.28	-0.000395814
144.3	-0.000391458
144.32	-0.000386778
144.34	-0.000381881
144.36	-0.000376919
144.38	-0.000372031
144.4	-0.000367302
144.42	-0.000362762
144.44	-0.000358413
144.46	-0.00035428
144.48	-0.000350354
144.5	-0.000346543
144.52	-0.000342791
144.54	-0.000339097
144.56	-0.000335454
144.58	-0.000331923
144.6	-0.000328602
144.62	-0.000325583
144.64	-0.000322909
144.66	-0.000320559
144.68	-0.0003185
144.7	-0.000316708
144.72	-0.000315159
144.74	-0.000313837
144.76	-0.000312754
144.78	-0.000311943
144.8	-0.000311463
144.82	-0.000311411
144.84	-0.000311885
144.86	-0.000312911
144.88	-0.000314464
144.9	-0.000316485
144.92	-0.000318872
144.94	-0.000321522
144.96	-0.000324339
144.98	-0.000327275
145	-0.00033033
145.02	-0.000333519
145.04	-0.000336884
145.06	-0.000340506
145.08	-0.000344463
145.1	-0.000348725
145.12	-0.000353226
145.14	-0.000357883
145.16	-0.00036257
145.18	-0.000367172
145.2	-0.000371593
145.22	-0.000375776
145.24	-0.000379699
145.26	-0.000383326
145.28	-0.000386681
145.3	-0.000389848
145.32	-0.000392888
145.34	-0.000395836
145.36	-0.000398689
145.38	-0.000401408
145.4	-0.000403935
145.42	-0.000406189
145.44	-0.000408094
145.46	-0.000409622
145.48	-0.000410756
145.5	-0.000411485